CID,MW,XLogP3,HBDC,HDAC,RBC,ExactMass,MonoMass,TPSA,HAC,Charge,Complexity,IsotopeAtoms,DASC,UASC,DBSC,UBSC,CBU,chembl_id,ic50_value,log_ic50,target_chembl_id,target_name
171344548,343.28,-0.7,4,9,3,343.09797691,343.09797691,121.0,24,0,437.0,0,4,1,0,0,1,CHEMBL5272028,0.019,-1.7212463990471711,CHEMBL1907611,Tumour suppressor p53/oncoprotein Mdm2
51350892,463.9,4.4,1,4,8,463.155036,463.155036,59.0,33,0,684.0,0,0,1,0,0,1,CHEMBL1688283,2800.0,3.4471580313422194,CHEMBL5023,p53-binding protein Mdm-2
155517097,381.6,2.0,3,5,8,381.16570285,381.16570285,127.0,25,0,416.0,0,0,0,0,0,1,CHEMBL4444488,19952.62,4.29999993144297,CHEMBL612545,Unchecked
118714484,1985.4,-1.6,21,26,40,1984.04268107,1984.04268107,725.0,139,0,4180.0,0,17,0,0,0,1,CHEMBL3335459,350.0,2.5440680443502757,CHEMBL3430909,Transcriptional coactivator YAP1/Transcriptional enhancer factor TEF-1
16090463,359.8,3.6,1,3,7,359.1288213,359.1288213,49.8,25,0,452.0,0,0,1,0,0,1,CHEMBL433949,16400.0,4.214843848047698,CHEMBL1907611,Tumour suppressor p53/oncoprotein Mdm2
44570090,640.2,7.0,1,4,12,639.2976179,639.2976179,87.5,46,0,999.0,0,0,0,0,0,1,CHEMBL449546,40.0,1.6020599913279623,CHEMBL4860,Apoptosis regulator Bcl-2
45483773,550.2,6.1,0,4,2,549.98269,547.98474,43.2,32,0,719.0,0,0,2,0,0,1,CHEMBL568530,1170.0,3.0681858617461617,CHEMBL1907611,Tumour suppressor p53/oncoprotein Mdm2
44417639,464.6,3.9,3,4,8,464.20999276,464.20999276,72.8,35,0,683.0,0,0,3,0,0,1,CHEMBL215009,85000.0,4.929418925714293,CHEMBL1907611,Tumour suppressor p53/oncoprotein Mdm2
68000688,566.5,4.3,1,5,10,565.1456497,565.1456497,100.0,37,0,927.0,0,4,0,0,0,1,CHEMBL4111077,4.1,0.6127838567197355,CHEMBL1907611,Tumour suppressor p53/oncoprotein Mdm2
44390649,540.8,5.0,2,4,6,540.03128,540.03128,86.7,30,0,653.0,0,2,0,0,0,1,CHEMBL361559,12000.0,4.079181246047625,CHEMBL1907611,Tumour suppressor p53/oncoprotein Mdm2
90404759,316.35,3.4,2,8,3,316.09695216,316.09695216,78.1,21,0,349.0,0,0,0,0,0,1,CHEMBL4444836,32810.0,4.516006230386048,CHEMBL2093861,Menin/Histone-lysine N-methyltransferase MLL
118712495,501.4,5.1,1,5,7,500.1269627,500.1269627,83.6,34,0,732.0,0,4,0,0,0,1,CHEMBL3329603,8.0,0.9030899869919435,CHEMBL1907611,Tumour suppressor p53/oncoprotein Mdm2
54581657,575.3,5.9,0,5,3,574.97794,572.97999,67.0,34,0,828.0,0,0,2,0,0,1,CHEMBL1771729,730.0,2.863322860120456,CHEMBL1907611,Tumour suppressor p53/oncoprotein Mdm2
5890982,483.0,5.9,1,4,5,482.1509537,482.1509537,66.7,35,0,772.0,0,0,0,1,0,1,CHEMBL3209562,4690.0,3.6711728427150834,CHEMBL2093862,Runt-related transcription factor 1/Core-binding factor subunit beta
73357429,548.6,4.1,2,4,6,548.24235551,548.24235551,93.2,41,0,930.0,0,2,0,0,0,1,CHEMBL5291202,3000.0,3.4771212547196626,CHEMBL3885542,Catenin beta-1/Transcription factor 7
72697919,397.3,6.2,0,3,4,396.0796186,396.0796186,24.8,27,0,520.0,0,0,1,0,0,1,CHEMBL3093533,1500.0,3.1760912590556813,CHEMBL394,HCT-116
56591287,483.4,5.4,1,4,5,482.116398,482.116398,70.5,33,0,714.0,0,3,0,0,0,1,CHEMBL4110794,30.0,1.4771212547196624,CHEMBL1907611,Tumour suppressor p53/oncoprotein Mdm2
10164579,512.2,5.4,4,2,6,512.015436,510.018387,82.3,32,0,559.0,0,0,0,0,0,1,CHEMBL13550,3950.0,3.59659709562646,CHEMBL2780,Cyclophilin A
68000371,515.4,5.5,1,5,7,514.1426128,514.1426128,83.6,35,0,761.0,0,4,0,0,0,1,CHEMBL3959723,40.0,1.6020599913279623,CHEMBL1907611,Tumour suppressor p53/oncoprotein Mdm2
44570079,468.5,4.7,0,4,4,468.19615422,468.19615422,58.4,35,0,765.0,0,0,0,0,0,1,CHEMBL480008,3000.0,3.4771212547196626,CHEMBL4860,Apoptosis regulator Bcl-2
72204204,528.0,4.9,0,6,6,527.1724174,527.1724174,93.3,38,0,889.0,0,0,1,0,0,1,CHEMBL3902052,0.167,-0.7772835288524167,CHEMBL1907611,Tumour suppressor p53/oncoprotein Mdm2
137643221,616.6,7.6,0,7,16,615.1837666,615.1837666,115.0,41,0,883.0,0,0,0,0,0,1,CHEMBL4088362,7500.0,3.8750612633917,CHEMBL612545,Unchecked
5556,343.2,2.4,0,3,1,342.0439018,342.0439018,43.1,23,0,472.0,0,0,0,0,0,1,CHEMBL646,1.54,0.18752072083646307,CHEMBL612545,Unchecked
86730805,542.5,4.0,1,6,8,541.1092642,541.1092642,109.0,35,0,862.0,0,4,0,0,0,1,CHEMBL3233136,1.1,0.04139268515822508,CHEMBL5023,p53-binding protein Mdm-2
5037958,451.9,5.4,0,4,7,451.155036,451.155036,48.0,32,0,603.0,0,0,1,0,0,1,CHEMBL3604658,540.0,2.7323937598229686,CHEMBL1907611,Tumour suppressor p53/oncoprotein Mdm2
44595461,446.9,4.3,1,4,8,446.1397203,446.1397203,73.6,32,0,678.0,0,0,1,0,0,1,CHEMBL1688261,3500.0,3.5440680443502757,CHEMBL5023,p53-binding protein Mdm-2
89482182,606.5,5.5,1,8,9,605.101734,605.101734,100.0,39,0,1010.0,0,4,0,0,0,1,CHEMBL3897931,0.2,-0.6989700043360187,CHEMBL1907611,Tumour suppressor p53/oncoprotein Mdm2
117636630,558.6,5.1,2,11,8,558.20247985,558.20247985,127.0,39,0,868.0,0,0,0,0,0,1,CHEMBL3781705,16.0,1.2041199826559248,CHEMBL2093861,Menin/Histone-lysine N-methyltransferase MLL
127030837,264.73,2.8,2,3,2,264.0124118,264.0124118,43.0,17,0,277.0,0,0,0,0,0,1,CHEMBL3775281,8900.0,3.949390006644913,CHEMBL2221344,Tumour suppressor protein p53/Mdm4
53473318,498.4,6.9,1,4,6,497.0255346,497.0255346,80.9,33,0,734.0,0,0,0,0,0,1,CHEMBL1824817,2530.0,3.403120521175818,CHEMBL4625,Apoptosis regulator Bcl-X
66555775,266.3,2.0,2,3,2,266.11676108,266.11676108,70.7,20,0,362.0,0,0,0,0,0,1,CHEMBL2430323,232.5,2.3664229572259727,CHEMBL4630,Serine/threonine-protein kinase Chk1
57393314,598.5,6.6,1,6,10,597.1797265,597.1797265,89.5,41,0,904.0,0,3,0,0,0,1,CHEMBL1944937,310.0,2.4913616938342726,CHEMBL392,A549
58573681,616.6,6.0,0,6,9,615.1725332,615.1725332,88.2,41,0,973.0,0,4,0,0,0,1,CHEMBL3975725,194.0,2.287801729930226,CHEMBL1907611,Tumour suppressor p53/oncoprotein Mdm2
71456997,780.4,6.7,2,8,12,779.3384373,779.3384373,102.0,55,0,1300.0,0,0,0,0,0,1,CHEMBL2170853,2200.0,3.342422680822206,CHEMBL4860,Apoptosis regulator Bcl-2
58573332,456.4,4.5,1,5,5,455.0724848,455.0724848,83.1,29,0,673.0,0,3,0,0,0,1,CHEMBL3908460,650.0,2.8129133566428557,CHEMBL1907611,Tumour suppressor p53/oncoprotein Mdm2
248711,393.3,4.7,0,4,5,392.0153043,392.0153043,67.2,25,0,549.0,0,0,0,0,0,1,CHEMBL1364102,4996.0,3.6986224297020978,CHEMBL4374,Photoreceptor-specific nuclear receptor
53473389,498.4,6.7,1,4,6,497.0255346,497.0255346,80.9,33,0,744.0,0,0,0,0,0,1,CHEMBL1824819,4080.0,3.61066016308988,CHEMBL4625,Apoptosis regulator Bcl-X
90058385,567.5,4.0,0,6,6,566.1599942,566.1599942,83.8,39,0,1010.0,0,0,1,0,0,1,CHEMBL3911216,0.161,-0.7931741239681502,CHEMBL1907611,Tumour suppressor p53/oncoprotein Mdm2
67998589,592.6,5.7,1,5,9,591.1612998,591.1612998,100.0,39,0,999.0,0,4,0,0,0,1,CHEMBL3959436,0.2,-0.6989700043360187,CHEMBL1907611,Tumour suppressor p53/oncoprotein Mdm2
137636734,714.8,0.0,7,11,8,714.36763042,714.36763042,238.0,50,0,1090.0,0,4,0,0,0,2,CHEMBL4064300,1.6,0.2041199826559248,CHEMBL612545,Unchecked
168269215,646.7,4.6,1,11,10,646.24367595,646.24367595,124.0,45,0,987.0,0,2,0,0,0,1,CHEMBL5169352,1771.0,3.248218561190075,CHEMBL1907611,Tumour suppressor p53/oncoprotein Mdm2
3805026,434.8,5.1,1,6,4,434.0669493,434.0669493,96.8,31,0,765.0,0,0,1,0,0,1,CHEMBL1563863,1835.0,3.263636068588108,CHEMBL2096976,Peroxisome proliferator-activated receptor gamma/Nuclear receptor corepressor 2
11617502,363.4,2.7,3,5,6,363.12190603,363.12190603,101.0,27,0,496.0,0,0,0,0,0,1,CHEMBL201645,71.0,1.8512583487190752,CHEMBL1949,Cyclophilin A
16109150,734.3,8.4,2,9,13,733.2159394,733.2159394,161.0,50,0,1210.0,0,1,0,0,0,1,CHEMBL374214,510.0,2.7075701760979363,CHEMBL4625,Apoptosis regulator Bcl-X
849427,194.21,1.4,2,5,1,194.01499861,194.01499861,94.5,13,0,182.0,0,0,0,0,0,1,CHEMBL1327880,1886.0,3.2755416884013098,CHEMBL1293263,M18 aspartyl aminopeptidase
72192166,563.5,6.4,1,4,7,562.1426128,562.1426128,71.8,39,0,881.0,0,1,0,0,0,1,CHEMBL3892862,0.061,-1.214670164989233,CHEMBL1907611,Tumour suppressor p53/oncoprotein Mdm2
53054258,348.5,3.9,1,5,4,348.15076381,348.15076381,80.6,24,0,513.0,0,0,0,0,0,1,CHEMBL2181723,700.0,2.845098040014257,CHEMBL1795186,Bromodomain-containing protein 3
779728,327.2,2.5,0,4,2,326.0224976,326.0224976,49.9,21,0,481.0,0,0,0,0,0,1,CHEMBL2316733,38170.0,4.5817221599490985,CHEMBL2034807,DNA repair protein RAD51 homolog 1
73349628,375.3,3.5,1,6,1,375.06308919,375.06308919,61.8,27,0,718.0,0,0,0,0,0,1,CHEMBL2443392,12300.0,4.089905111439398,CHEMBL5023,p53-binding protein Mdm-2
171356060,327.4,2.5,3,4,6,327.14705815,327.14705815,86.6,24,0,425.0,0,3,0,0,0,1,CHEMBL5281246,96000.0,4.982271233039568,CHEMBL3038498,Keap1/Nrf2
16090417,407.9,4.2,1,3,7,407.1288213,407.1288213,49.8,29,0,544.0,0,0,1,0,0,1,CHEMBL360719,15900.0,4.201397124320452,CHEMBL1907611,Tumour suppressor p53/oncoprotein Mdm2
162663109,591.5,3.1,2,6,4,590.1287742,590.1287742,87.5,41,0,1080.0,0,4,0,0,0,1,CHEMBL4781151,79.0,1.8976270912904414,CHEMBL1907611,Tumour suppressor p53/oncoprotein Mdm2
45269862,732.9,5.7,3,11,9,732.44486285,732.44486285,158.0,52,0,1460.0,0,16,0,0,0,1,CHEMBL553855,300.0,2.4771212547196626,CHEMBL394,HCT-116
70689992,833.0,10.0,1,8,14,832.29307093,832.29307093,145.0,61,0,1580.0,0,0,0,0,0,1,CHEMBL2030850,55.0,1.7403626894942439,CHEMBL4625,Apoptosis regulator Bcl-X
24858111,461.5,4.8,4,7,6,461.19640838,461.19640838,118.0,35,0,676.0,0,0,0,0,0,1,CHEMBL2336409,382.0,2.582063362911709,CHEMBL1993,DNA (cytosine-5)-methyltransferase 1
90015864,530.0,2.8,2,7,6,529.1629153,529.1629153,125.0,38,0,1050.0,0,0,1,0,0,1,CHEMBL3985001,0.527,-0.27818938478745336,CHEMBL1907611,Tumour suppressor p53/oncoprotein Mdm2
71453812,508.4,4.3,0,4,9,507.11575,507.11575,64.4,33,0,726.0,0,0,1,0,0,1,CHEMBL2180122,8720.0,3.940516484932567,CHEMBL392,A549
46887149,560.6,5.9,1,7,5,560.14059304,560.14059304,118.0,41,0,1140.0,0,0,1,1,0,1,CHEMBL1095309,6900.0,3.838849090737255,CHEMBL4625,Apoptosis regulator Bcl-X
67999404,592.5,5.6,1,8,8,591.086084,591.086084,100.0,38,0,994.0,0,4,0,0,0,1,CHEMBL4108486,0.3,-0.5228787452803376,CHEMBL1907611,Tumour suppressor p53/oncoprotein Mdm2
167093404,827.1,-5.9,13,13,26,826.49596167,826.49596167,382.0,57,0,1400.0,0,6,2,0,0,1,CHEMBL5421065,9.0,0.9542425094393249,CHEMBL5482995,NRP2-VEGA
86296883,421.5,4.7,2,9,5,421.15480138,421.15480138,95.3,29,0,529.0,0,0,0,0,0,1,CHEMBL4471237,1260.0,3.100370545117563,CHEMBL2093861,Menin/Histone-lysine N-methyltransferase MLL
155007330,801.8,5.0,2,14,16,801.16621591,801.16621591,222.0,56,0,1610.0,0,0,0,0,0,1,CHEMBL5414850,2.5,0.3979400086720376,CHEMBL3038498,Keap1/Nrf2
53054289,306.4,2.7,1,5,4,306.10381361,306.10381361,80.6,21,0,472.0,0,0,0,0,0,1,CHEMBL2181719,1000.0,3.0,CHEMBL1163125,Bromodomain-containing protein 4
72206105,568.4,4.3,0,6,6,567.1440097,567.1440097,89.8,39,0,1020.0,0,1,0,0,0,1,CHEMBL4109562,307.54,2.487901610028516,CHEMBL1907611,Tumour suppressor p53/oncoprotein Mdm2
72205726,580.5,6.3,1,4,6,579.1491753,579.1491753,63.6,40,0,926.0,0,0,1,0,0,1,CHEMBL3896443,0.757,-0.12090412049992724,CHEMBL1907611,Tumour suppressor p53/oncoprotein Mdm2
53324103,1880.2,2.8,25,24,60,1879.00055602,1879.00055602,704.0,135,0,3900.0,0,13,0,0,0,1,CHEMBL1689401,39.0,1.591064607026499,CHEMBL5023,p53-binding protein Mdm-2
122184783,638.8,6.0,2,10,10,638.17565839,638.17565839,166.0,44,0,1130.0,0,0,0,0,0,1,CHEMBL3601214,979.0,2.9907826918031377,CHEMBL3038498,Keap1/Nrf2
16109138,738.0,8.8,2,10,15,737.32807671,737.32807671,170.0,51,0,1180.0,0,1,0,0,0,1,CHEMBL374271,300.0,2.4771212547196626,CHEMBL4625,Apoptosis regulator Bcl-X
56591216,489.4,3.9,2,4,8,488.1269627,488.1269627,86.7,33,0,723.0,0,3,0,0,0,1,CHEMBL4106454,830.0,2.9190780923760737,CHEMBL1907611,Tumour suppressor p53/oncoprotein Mdm2
72206099,505.4,6.9,0,2,5,504.1371335,504.1371335,34.5,35,0,742.0,0,0,1,0,0,1,CHEMBL3985044,0.298,-0.5257837359237448,CHEMBL1907611,Tumour suppressor p53/oncoprotein Mdm2
783279,270.4,2.2,1,3,1,270.08268425,270.08268425,81.1,19,0,538.0,0,0,0,0,0,1,CHEMBL1566010,1090.0,3.037426497940624,CHEMBL4374,Photoreceptor-specific nuclear receptor
168288261,731.7,6.7,1,14,10,731.22638957,731.22638957,111.0,50,0,1140.0,0,2,0,0,0,1,CHEMBL5191489,65.0,1.8129133566428555,CHEMBL1907611,Tumour suppressor p53/oncoprotein Mdm2
10098048,516.7,2.2,3,7,6,516.30870374,516.30870374,129.0,37,0,1070.0,0,8,1,0,0,1,CHEMBL1087180,7250.0,3.8603380065709936,CHEMBL614909,SGC-7901
52948352,425.5,4.8,2,4,8,425.1739416,425.1739416,86.3,32,0,609.0,0,0,0,0,0,1,CHEMBL1272245,830.0,2.9190780923760737,CHEMBL2288,Peptidyl-prolyl cis-trans isomerase NIMA-interacting 1
124221550,668.7,3.8,3,7,14,667.2249627,667.2249627,136.0,44,0,1080.0,0,3,2,0,0,1,CHEMBL3967015,28.0,1.4471580313422192,CHEMBL1907611,Tumour suppressor p53/oncoprotein Mdm2
76335796,643.0,0.0,1,11,5,642.1832375,642.1832375,66.0,44,0,965.0,0,0,1,0,0,2,CHEMBL3112815,6500.0,3.8129133566428557,CHEMBL1907611,Tumour suppressor p53/oncoprotein Mdm2
156406000,312.4,2.2,1,7,4,312.03015759,312.03015759,100.0,19,0,434.0,0,1,0,0,0,1,CHEMBL5415217,4200.0,3.6232492903979003,CHEMBL3885518,Aryl hydrocarbon receptor nuclear translocator/Endothelial PAS domain-containing protein 1
163781079,551.1,2.9,3,9,8,550.2571501,550.2571501,112.0,39,0,758.0,0,0,0,0,0,1,CHEMBL5082013,180.0,2.255272505103306,CHEMBL3883320,Histone-lysine N-methyltransferase 2A/WDR5
71271629,347.4,1.2,2,5,4,347.09397721,347.09397721,96.1,24,0,562.0,0,0,0,0,0,1,CHEMBL2179387,41.0,1.6127838567197355,CHEMBL1163125,Bromodomain-containing protein 4
90644880,366.5,5.1,1,2,4,366.17321333,366.17321333,45.8,28,0,523.0,0,0,0,0,0,1,CHEMBL3291434,810.0,2.90848501887865,CHEMBL5023,p53-binding protein Mdm-2
90015340,506.0,2.7,0,4,5,505.1880675,505.1880675,72.6,36,0,946.0,0,0,1,0,0,1,CHEMBL3900233,1.074,0.031004281363536827,CHEMBL1907611,Tumour suppressor p53/oncoprotein Mdm2
71456996,1007.6,8.2,3,15,17,1006.259459,1006.259459,186.0,68,0,1850.0,0,1,0,0,0,1,CHEMBL2170848,7.5,0.8750612633917001,CHEMBL4860,Apoptosis regulator Bcl-2
73357201,371.3,3.7,1,5,1,371.08816112,371.08816112,61.8,27,0,707.0,0,0,0,0,0,1,CHEMBL2443390,32000.0,4.505149978319906,CHEMBL5023,p53-binding protein Mdm-2
51350894,482.4,5.5,1,3,7,481.121149,481.121149,49.8,33,0,699.0,0,1,1,0,0,1,CHEMBL1688284,8800.0,3.9444826721501687,CHEMBL5023,p53-binding protein Mdm-2
58573756,535.5,5.0,1,6,9,534.1688275,534.1688275,96.8,36,0,818.0,0,4,0,0,0,1,CHEMBL4112305,20.0,1.3010299956639813,CHEMBL1907611,Tumour suppressor p53/oncoprotein Mdm2
245729,229.3,2.8,2,2,2,229.05613515,229.05613515,30.1,16,0,238.0,0,0,0,0,0,1,CHEMBL3774514,7200.0,3.8573324964312685,CHEMBL2221344,Tumour suppressor protein p53/Mdm4
71544022,434.3,4.0,1,4,6,433.0847635,433.0847635,66.8,29,0,606.0,0,3,0,0,0,1,CHEMBL2347377,140.0,2.146128035678238,CHEMBL5023,p53-binding protein Mdm-2
171352991,329.4,3.6,2,4,6,329.14272166,329.14272166,66.4,24,0,428.0,0,3,0,0,0,1,CHEMBL5278346,3500.0,3.5440680443502757,CHEMBL3038498,Keap1/Nrf2
44390699,489.7,5.2,2,4,4,488.00974,488.00974,86.7,32,0,722.0,0,2,0,0,0,1,CHEMBL179890,6300.0,3.7993405494535817,CHEMBL1907611,Tumour suppressor p53/oncoprotein Mdm2
67999222,594.6,5.9,1,5,10,593.1769498,593.1769498,100.0,39,0,1000.0,0,4,0,0,0,1,CHEMBL3977180,0.6,-0.2218487496163564,CHEMBL1907611,Tumour suppressor p53/oncoprotein Mdm2
5310576,373.5,3.8,1,7,4,373.00134012,373.00134012,137.0,24,0,531.0,0,0,0,0,0,1,CHEMBL1353698,3636.5,3.560683591907453,CHEMBL2093862,Runt-related transcription factor 1/Core-binding factor subunit beta
67999982,552.5,4.8,1,5,9,551.1299997,551.1299997,100.0,36,0,912.0,0,4,0,0,0,1,CHEMBL3916712,0.3,-0.5228787452803376,CHEMBL1907611,Tumour suppressor p53/oncoprotein Mdm2
51001298,400.4,4.1,0,11,3,400.07517134,400.07517134,115.0,26,0,490.0,0,0,0,0,0,1,CHEMBL3696179,1100.0,3.041392685158225,CHEMBL1615381,Menin
22046756,595.2,5.4,1,4,4,593.96101,593.96101,77.9,33,0,755.0,0,0,2,0,0,1,CHEMBL443053,2180.0,3.3384564936046046,CHEMBL5023,p53-binding protein Mdm-2
21060010,653.3,5.7,0,4,9,652.03926,652.03926,59.1,37,0,760.0,0,2,0,0,0,1,CHEMBL207202,2390.0,3.3783979009481375,CHEMBL5023,p53-binding protein Mdm-2
155530334,430.0,4.2,2,5,10,429.1311472,429.1311472,111.0,27,0,462.0,0,0,0,0,0,1,CHEMBL4464674,3981.07,3.59999981394342,CHEMBL3038498,Keap1/Nrf2
134353337,439.5,4.5,1,9,5,439.20175157,439.20175157,72.5,30,0,622.0,0,1,0,0,0,1,CHEMBL4209303,8.0,0.9030899869919435,CHEMBL2093861,Menin/Histone-lysine N-methyltransferase MLL
51349837,408.8,4.3,1,4,4,408.0876847,408.0876847,86.4,29,0,610.0,0,0,1,0,0,1,CHEMBL1688150,6200.0,3.792391689498254,CHEMBL5023,p53-binding protein Mdm-2
46943432,423.9,2.9,1,5,5,423.1462027,423.1462027,81.4,30,0,639.0,0,1,0,0,0,1,CHEMBL1232461,20.0,1.3010299956639813,CHEMBL1163125,Bromodomain-containing protein 4
1262634,443.3,4.0,1,5,5,442.00991,442.00991,98.3,27,0,528.0,0,0,0,0,0,1,CHEMBL1602811,152.03,2.1819292955032332,CHEMBL2096976,Peroxisome proliferator-activated receptor gamma/Nuclear receptor corepressor 2
16194594,319.4,2.6,1,6,4,319.04491901,319.04491901,109.0,21,0,444.0,0,0,0,0,0,1,CHEMBL1453190,12809.0,4.107515225651465,CHEMBL2093862,Runt-related transcription factor 1/Core-binding factor subunit beta
130395593,436.5,5.3,1,9,6,436.15446703,436.15446703,78.5,30,0,539.0,0,0,0,0,0,1,CHEMBL4584315,640.0,2.806179973983887,CHEMBL2093861,Menin/Histone-lysine N-methyltransferase MLL
76317579,628.4,0.0,1,10,5,627.1427078,627.1427078,78.9,42,0,924.0,0,0,1,0,0,2,CHEMBL3112784,1400.0,3.146128035678238,CHEMBL1907611,Tumour suppressor p53/oncoprotein Mdm2
71561461,797.0,1.6,7,9,6,796.47595787,796.47595787,247.0,57,0,1450.0,0,5,0,0,0,1,CHEMBL2314818,422.0,2.625312450961674,CHEMBL1615381,Menin
7217786,379.8,2.8,1,5,4,379.0836024,379.0836024,81.4,27,0,524.0,0,0,0,0,0,1,CHEMBL1464805,2861.0,3.4565178578052627,CHEMBL4374,Photoreceptor-specific nuclear receptor
168297048,525.7,4.0,1,9,7,525.33284228,525.33284228,87.5,39,0,814.0,0,0,0,0,0,1,CHEMBL5208035,3000.0,3.4771212547196626,CHEMBL613835,MV4-11
58573999,551.5,6.2,1,4,8,550.1789983,550.1789983,70.5,38,0,845.0,0,4,0,0,0,1,CHEMBL3329614,5.0,0.6989700043360189,CHEMBL1907611,Tumour suppressor p53/oncoprotein Mdm2
56681952,363.9,3.0,1,3,7,363.1601214,363.1601214,49.8,25,0,549.0,0,0,1,0,0,1,CHEMBL1834384,8900.0,3.949390006644913,CHEMBL1907611,Tumour suppressor p53/oncoprotein Mdm2
46222878,552.6,5.9,0,7,8,552.17189317,552.17189317,103.0,40,0,1070.0,0,0,1,1,0,1,CHEMBL1097427,100000.0,5.0,CHEMBL4625,Apoptosis regulator Bcl-X
60154122,414.4,6.2,0,1,6,413.1313198,413.1313198,20.3,28,0,555.0,0,3,0,0,0,1,CHEMBL2177112,6500.0,3.8129133566428557,CHEMBL1907611,Tumour suppressor p53/oncoprotein Mdm2
67999715,608.5,6.1,1,8,9,607.1173841,607.1173841,100.0,39,0,981.0,0,4,0,0,0,1,CHEMBL3957184,1.8,0.25527250510330607,CHEMBL1907611,Tumour suppressor p53/oncoprotein Mdm2
58542358,675.6,4.8,1,8,5,674.1809072,674.1809072,106.0,45,0,1280.0,0,4,0,0,0,1,CHEMBL3220697,2.8,0.4471580313422192,CHEMBL1907611,Tumour suppressor p53/oncoprotein Mdm2
24801008,476.5,7.4,3,6,6,476.12598835,476.12598835,104.0,36,0,755.0,0,0,0,0,0,1,CHEMBL259034,290.0,2.462397997898956,CHEMBL400,MDA-MB-231
44222958,372.8,4.6,2,5,3,372.0890221,372.0890221,79.4,27,0,507.0,0,0,0,0,0,1,CHEMBL1915438,1.0,0.0,CHEMBL2147,Serine/threonine-protein kinase PIM1
53473224,512.4,6.7,1,4,7,511.0411846,511.0411846,80.9,34,0,741.0,0,0,0,0,0,1,CHEMBL1824805,2510.0,3.399673721481038,CHEMBL4361,Induced myeloid leukemia cell differentiation protein Mcl-1
72793245,901.1,8.0,3,12,18,900.29750486,900.29750486,222.0,64,0,1630.0,0,1,0,0,0,1,CHEMBL3126120,3.7,0.568201724066995,CHEMBL4625,Apoptosis regulator Bcl-X
71747852,548.5,4.9,4,5,5,547.1804754,547.1804754,90.5,37,0,887.0,0,6,0,0,0,1,CHEMBL2398475,8.8,0.9444826721501687,CHEMBL5023,p53-binding protein Mdm-2
53054276,320.4,2.8,0,5,3,320.11946368,320.11946368,71.8,22,0,484.0,0,0,0,0,0,1,CHEMBL2181705,1100.0,3.041392685158225,CHEMBL1795186,Bromodomain-containing protein 3
44595458,431.9,4.5,1,3,5,431.1288213,431.1288213,49.8,31,0,670.0,0,2,1,0,0,1,CHEMBL1688254,2300.0,3.361727836017593,CHEMBL5023,p53-binding protein Mdm-2
90644883,351.4,4.2,2,2,3,351.137162174,351.137162174,68.7,27,0,673.0,0,0,0,0,0,1,CHEMBL3291437,570.0,2.7558748556724915,CHEMBL5023,p53-binding protein Mdm-2
57402267,1864.2,0.8,22,25,38,1862.91127299,1862.91127299,653.0,132,0,3670.0,0,13,0,0,0,1,CHEMBL1933133,18.0,1.255272505103306,CHEMBL1907611,Tumour suppressor p53/oncoprotein Mdm2
73349010,428.5,5.9,2,7,4,428.13069707,428.13069707,116.0,31,0,688.0,0,0,1,1,0,1,CHEMBL2398252,17.0,1.2304489213782739,CHEMBL4625,Apoptosis regulator Bcl-X
51003123,353.4,3.8,1,4,2,353.06228316,353.06228316,105.0,26,0,740.0,0,0,0,0,0,1,CHEMBL1672082,5.0,0.6989700043360189,CHEMBL4361,Induced myeloid leukemia cell differentiation protein Mcl-1
90644648,761.1,0.0,2,14,11,760.2462316,760.2462316,105.0,52,0,1130.0,0,2,0,0,0,2,CHEMBL3288451,24.0,1.380211241711606,CHEMBL5023,p53-binding protein Mdm-2
90303502,535.5,6.7,1,3,5,534.1589315,534.1589315,59.4,37,0,802.0,0,0,1,0,0,1,CHEMBL3982177,1.8,0.25527250510330607,CHEMBL1907611,Tumour suppressor p53/oncoprotein Mdm2
6918296,528.5,5.4,2,8,2,528.22114718,528.22114718,58.2,37,0,964.0,0,7,0,0,0,1,CHEMBL1200969,4.0,0.6020599913279624,CHEMBL1787,Steroid 5-alpha-reductase 1
90058252,553.4,3.6,1,6,5,552.1443441,552.1443441,107.0,38,0,1010.0,0,0,1,0,0,1,CHEMBL3962752,0.592,-0.22767829327708025,CHEMBL1907611,Tumour suppressor p53/oncoprotein Mdm2
16090395,423.5,4.3,0,4,7,423.14705815,423.14705815,59.8,32,0,656.0,0,0,1,0,0,1,CHEMBL386085,97000.0,4.986771734266245,CHEMBL1907611,Tumour suppressor p53/oncoprotein Mdm2
90031419,544.0,2.9,1,7,6,543.1785654,543.1785654,116.0,39,0,1080.0,0,1,0,0,0,1,CHEMBL4106757,107.25,2.030397300856762,CHEMBL1907611,Tumour suppressor p53/oncoprotein Mdm2
90655377,608.6,5.3,1,6,10,607.1562144,607.1562144,117.0,40,0,1070.0,0,4,0,0,0,1,CHEMBL3236361,1.9,0.2787536009528289,CHEMBL5023,p53-binding protein Mdm-2
129024717,460.5,2.6,1,5,5,460.21105539,460.21105539,95.7,34,0,751.0,0,0,0,0,0,1,CHEMBL5173394,3500.0,3.5440680443502757,CHEMBL3038498,Keap1/Nrf2
136607458,299.4,4.4,2,1,3,299.142247555,299.142247555,44.5,23,0,373.0,0,0,0,0,0,1,CHEMBL3291217,990.0,2.99563519459755,CHEMBL5023,p53-binding protein Mdm-2
25227971,452.9,4.0,1,5,7,452.1138995,452.1138995,95.6,32,0,657.0,0,0,1,0,0,1,CHEMBL1688259,450.0,2.6532125137753435,CHEMBL5023,p53-binding protein Mdm-2
71663336,545.3,5.8,0,3,5,545.00242,543.00447,38.8,31,0,589.0,0,3,0,0,0,1,CHEMBL2347382,2100.0,3.322219294733919,CHEMBL5023,p53-binding protein Mdm-2
171348550,1071.3,7.5,1,13,19,1070.53647182,1070.53647182,186.0,78,0,1860.0,0,3,0,0,0,1,CHEMBL5273461,195.0,2.290034611362518,CHEMBL4296461,LNCaP C4-2B
58573370,569.5,4.5,1,6,9,568.1565488,568.1565488,113.0,37,0,926.0,0,4,0,0,0,1,CHEMBL3941159,1.5,0.17609125905568124,CHEMBL1907611,Tumour suppressor p53/oncoprotein Mdm2
90058495,544.0,3.0,1,7,6,543.1785654,543.1785654,116.0,39,0,1080.0,0,1,0,0,0,1,CHEMBL4114518,293.2,2.4671639659690903,CHEMBL1907611,Tumour suppressor p53/oncoprotein Mdm2
90015650,525.0,4.5,0,6,7,524.2190332,524.2190332,78.7,37,0,773.0,0,0,1,0,0,1,CHEMBL3949558,1.688,0.22737244228963624,CHEMBL1907611,Tumour suppressor p53/oncoprotein Mdm2
44570093,606.8,7.0,0,5,13,606.32060583,606.32060583,84.7,45,0,962.0,0,0,0,0,0,1,CHEMBL509208,20.0,1.3010299956639813,CHEMBL4860,Apoptosis regulator Bcl-2
90015689,548.4,5.2,0,6,6,547.117795,547.117795,93.3,38,0,893.0,0,0,1,0,0,1,CHEMBL3976189,0.316,-0.5003129173815962,CHEMBL1907611,Tumour suppressor p53/oncoprotein Mdm2
72204207,635.5,4.1,0,5,6,634.1749755,634.1749755,84.3,44,0,1180.0,0,0,1,0,0,1,CHEMBL3901604,0.15,-0.8239087409443188,CHEMBL1907611,Tumour suppressor p53/oncoprotein Mdm2
44390660,596.3,5.2,2,8,5,596.0056,596.0056,95.9,35,0,799.0,0,2,0,0,0,1,CHEMBL359856,1320.0,3.12057393120585,CHEMBL1907611,Tumour suppressor p53/oncoprotein Mdm2
44570033,450.5,4.6,0,3,4,450.20557608,450.20557608,58.4,34,0,723.0,0,0,0,0,0,1,CHEMBL466801,2500.0,3.3979400086720375,CHEMBL4860,Apoptosis regulator Bcl-2
136468309,490.4,5.1,1,4,5,489.1044536,489.1044536,87.1,32,0,756.0,0,3,0,0,0,1,CHEMBL4114447,1980.0,3.296665190261531,CHEMBL1907611,Tumour suppressor p53/oncoprotein Mdm2
53358688,604.4,4.4,3,8,7,603.1303316,603.1303316,102.0,41,0,1020.0,0,4,0,0,0,1,CHEMBL2402736,25.0,1.3979400086720377,CHEMBL5023,p53-binding protein Mdm-2
67999918,653.0,6.7,1,6,9,651.081605,651.081605,100.0,42,0,1090.0,0,4,0,0,0,1,CHEMBL3897481,1.3,0.11394335230683679,CHEMBL1907611,Tumour suppressor p53/oncoprotein Mdm2
118714486,2019.9,-0.9,21,26,40,2018.0037087,2018.0037087,725.0,140,0,4240.0,0,17,0,0,0,1,CHEMBL3335461,25.0,1.3979400086720377,CHEMBL3430909,Transcriptional coactivator YAP1/Transcriptional enhancer factor TEF-1
57393892,392.8,4.1,2,5,4,392.1040035,392.1040035,76.1,28,0,550.0,0,0,0,0,0,1,CHEMBL1915645,5.0,0.6989700043360189,CHEMBL4523,Serine/threonine-protein kinase PIM2
156021755,532.6,-2.9,5,13,11,532.22163732,532.22163732,217.0,37,0,781.0,0,5,0,0,0,1,CHEMBL4648206,15.2,1.1818435879447726,CHEMBL4106124,MLL1-ASH2L/RbBP5/WDR5/DPY30
54585506,576.3,6.7,0,4,4,575.99834,574.00039,43.2,34,0,777.0,0,0,2,0,0,1,CHEMBL1771707,2400.0,3.380211241711606,CHEMBL1907611,Tumour suppressor p53/oncoprotein Mdm2
58573605,654.6,5.6,1,7,10,653.1517977,653.1517977,108.0,44,0,1210.0,0,4,0,0,0,1,CHEMBL4107929,0.2,-0.6989700043360187,CHEMBL1907611,Tumour suppressor p53/oncoprotein Mdm2
145975241,457.6,5.4,1,4,8,457.23654186,457.23654186,75.4,34,0,726.0,0,1,0,0,0,1,CHEMBL4175603,10.0,1.0,CHEMBL2069156,Kelch-like ECH-associated protein 1
139570944,627.6,4.6,1,14,10,627.07570501,627.07570501,151.0,42,0,1130.0,0,0,0,0,0,1,CHEMBL4648321,130.0,2.113943352306837,CHEMBL3038498,Keap1/Nrf2
45268134,568.8,7.1,2,6,5,568.37638937,568.37638937,101.0,41,0,1210.0,0,9,0,1,0,1,CHEMBL554122,5800.0,3.7634279935629373,CHEMBL394,HCT-116
56591350,460.4,5.7,1,3,6,459.1367991,459.1367991,57.6,31,0,630.0,0,3,0,0,0,1,CHEMBL3978255,190.0,2.278753600952829,CHEMBL1907611,Tumour suppressor p53/oncoprotein Mdm2
76328478,594.0,0.0,1,10,5,593.1816801,593.1816801,78.9,41,0,878.0,0,0,1,0,0,2,CHEMBL3112781,6000.0,3.7781512503836434,CHEMBL1907611,Tumour suppressor p53/oncoprotein Mdm2
44472963,1133.0,1.5,9,11,34,1132.37791,1130.37996,305.0,72,0,1630.0,0,0,3,0,0,1,CHEMBL611623,12000.0,4.079181246047625,CHEMBL5023,p53-binding protein Mdm-2
76321311,645.5,0.0,1,10,6,644.1238665,644.1238665,91.4,42,0,991.0,0,0,1,0,0,2,CHEMBL3112826,50000.0,4.698970004336019,CHEMBL1907611,Tumour suppressor p53/oncoprotein Mdm2
7120056,308.4,3.9,1,3,1,308.0619488,308.0619488,77.6,22,0,475.0,0,0,0,0,0,1,CHEMBL1501734,4746.0,3.6763277338813203,CHEMBL4374,Photoreceptor-specific nuclear receptor
155557407,366.5,2.8,0,6,6,366.10718492,366.10718492,99.4,24,0,563.0,0,0,0,0,0,1,CHEMBL4555576,19952.62,4.29999993144297,CHEMBL612545,Unchecked
71546686,345.1,2.6,0,5,2,344.0130758,344.0130758,49.9,22,0,522.0,0,0,0,0,0,1,CHEMBL2316736,7910.0,3.8981764834976764,CHEMBL2034807,DNA repair protein RAD51 homolog 1
71449846,1035.7,9.0,3,15,17,1034.2907592,1034.2907592,186.0,70,0,1880.0,0,1,0,0,0,1,CHEMBL2170850,12.1,1.08278537031645,CHEMBL612545,Unchecked
67999981,594.6,5.7,1,5,10,593.1769498,593.1769498,100.0,39,0,996.0,0,4,0,0,0,1,CHEMBL3925866,0.2,-0.6989700043360187,CHEMBL1907611,Tumour suppressor p53/oncoprotein Mdm2
72205925,580.5,6.3,1,4,6,579.1491753,579.1491753,63.6,40,0,926.0,0,1,0,0,0,1,CHEMBL4113211,49.03,1.6904618932461783,CHEMBL1907611,Tumour suppressor p53/oncoprotein Mdm2
162658079,436.2,0.2,3,6,3,435.038876,435.038876,124.0,29,0,704.0,0,4,0,0,0,1,CHEMBL4759500,18600.0,4.269512944217916,CHEMBL1907611,Tumour suppressor p53/oncoprotein Mdm2
70694202,774.9,8.7,2,6,11,774.28759163,774.28759163,130.0,57,0,1440.0,0,0,0,0,0,1,CHEMBL2030855,7.0,0.8450980400142568,CHEMBL4860,Apoptosis regulator Bcl-2
118896778,527.6,3.8,1,8,10,527.17262145,527.17262145,115.0,37,0,869.0,0,0,0,0,0,1,CHEMBL3775853,43.0,1.6334684555795864,CHEMBL3108638,Transcription intermediary factor 1-alpha
66558664,572.7,4.2,2,6,9,572.3362559,572.3362559,83.1,42,0,992.0,0,0,0,0,0,1,CHEMBL3414621,0.34,-0.46852108295774486,CHEMBL2189110,Histone-lysine N-methyltransferase EZH2
90347747,623.5,5.1,1,8,10,622.1107414,622.1107414,113.0,41,0,1010.0,0,4,0,0,0,1,CHEMBL3233127,0.4,-0.3979400086720376,CHEMBL5023,p53-binding protein Mdm-2
172458771,812.0,-5.1,12,12,26,811.48506264,811.48506264,356.0,56,0,1360.0,0,5,2,0,0,1,CHEMBL5417788,2170.0,3.3364597338485296,CHEMBL5482974,VEGA-NRP1
168286494,660.7,5.0,1,11,10,660.25932602,660.25932602,124.0,46,0,1020.0,0,2,0,0,0,1,CHEMBL5191434,34.0,1.5314789170422551,CHEMBL1907611,Tumour suppressor p53/oncoprotein Mdm2
90644879,410.5,4.4,3,3,3,410.12013238,410.12013238,102.0,30,0,645.0,0,0,0,0,0,1,CHEMBL3291433,440.0,2.6434526764861874,CHEMBL5023,p53-binding protein Mdm-2
90058290,541.0,5.1,0,6,6,540.2040519,540.2040519,87.3,39,0,916.0,0,0,1,0,0,1,CHEMBL3914415,0.194,-0.712198270069774,CHEMBL1907611,Tumour suppressor p53/oncoprotein Mdm2
25181390,685.3,6.2,2,6,14,684.3190816,684.3190816,123.0,49,0,1070.0,0,1,0,0,0,1,CHEMBL508392,30.0,1.4771212547196624,CHEMBL4860,Apoptosis regulator Bcl-2
122184785,722.6,6.1,2,18,12,722.04635616,722.04635616,185.0,48,0,1230.0,0,0,0,0,0,1,CHEMBL3601216,179.0,2.2528530309798933,CHEMBL3038498,Keap1/Nrf2
44191696,728.8,9.8,8,8,11,728.30976637,728.30976637,180.0,54,0,1130.0,0,0,0,0,0,1,CHEMBL541496,120.0,2.0791812460476247,CHEMBL4625,Apoptosis regulator Bcl-X
17388315,227.4,3.7,1,3,1,227.04385639,227.04385639,86.5,14,0,292.0,0,0,0,1,0,1,CHEMBL1958097,51000.0,4.707570176097937,CHEMBL4106127,c-Myc/c-Max
172444235,511.5,4.3,2,9,6,511.10134821,511.10134821,125.0,36,0,994.0,0,0,0,0,0,1,CHEMBL5394991,910.0,2.9590413923210934,CHEMBL5465553,WDR5-MYC
49863383,1455.9,9.7,6,16,22,1454.92649462,1454.92649462,342.0,104,0,2910.0,0,12,0,1,0,1,CHEMBL1213208,2.79,0.44560420327359757,CHEMBL1949,Cyclophilin A
3455034,590.3,4.7,4,4,6,590.04635,588.0484,88.7,34,0,612.0,0,0,0,0,0,1,CHEMBL13768,2900.0,3.462397997898956,CHEMBL2780,Cyclophilin A
127050473,646.7,4.9,1,11,10,646.24367595,646.24367595,124.0,45,0,987.0,0,2,0,0,0,1,CHEMBL3806304,2900.0,3.462397997898956,CHEMBL1907611,Tumour suppressor p53/oncoprotein Mdm2
672548,340.5,3.6,1,3,4,340.08163887,340.08163887,92.6,23,0,446.0,0,0,0,0,0,1,CHEMBL1738777,28000.0,4.447158031342219,CHEMBL1293289,Bromodomain-containing protein 2
90667278,570.4,4.3,3,6,5,569.1284399,569.1284399,108.0,39,0,984.0,0,3,0,0,0,1,CHEMBL3220703,145.0,2.161368002234975,CHEMBL1907611,Tumour suppressor p53/oncoprotein Mdm2
2213709,473.5,5.5,1,6,4,473.1375561,473.1375561,94.3,36,0,861.0,0,0,0,0,0,1,CHEMBL1410870,1723.0,3.2362852774480286,CHEMBL2096976,Peroxisome proliferator-activated receptor gamma/Nuclear receptor corepressor 2
137642525,534.7,4.1,1,7,13,534.24131014,534.24131014,127.0,38,0,805.0,0,0,0,0,0,1,CHEMBL4088685,3200.0,3.505149978319906,CHEMBL612545,Unchecked
145948864,784.8,7.0,1,15,12,784.27292522,784.27292522,141.0,54,0,1300.0,0,2,0,0,0,1,CHEMBL4299644,10.0,1.0,CHEMBL1907611,Tumour suppressor p53/oncoprotein Mdm2
52945243,1329.8,8.6,6,13,20,1328.94108206,1328.94108206,308.0,94,0,2600.0,0,12,0,1,0,1,CHEMBL1269581,26.7,1.4265112613645752,CHEMBL1949,Cyclophilin A
44176200,651.3,6.3,1,4,8,650.02361,650.02361,77.9,37,0,816.0,0,2,0,0,0,1,CHEMBL207505,13300.0,4.123851640967086,CHEMBL5023,p53-binding protein Mdm-2
76310364,714.1,0.0,2,12,7,713.2203512,713.2203512,95.1,49,0,1120.0,0,0,1,0,0,2,CHEMBL3112808,370.0,2.568201724066995,CHEMBL1907611,Tumour suppressor p53/oncoprotein Mdm2
49804610,536.4,0.0,1,5,8,536.2482523,536.2482523,77.1,40,0,940.0,0,0,0,0,0,1,CHEMBL5275894,96.7,1.9854264740830017,CHEMBL3038498,Keap1/Nrf2
70695481,486.9,5.1,1,6,5,486.0616476,486.0616476,90.7,33,0,743.0,0,0,2,0,0,1,CHEMBL2089200,12700.0,4.103803720955957,CHEMBL614894,SAOS-2
11639129,362.4,2.1,3,4,6,362.13789045,362.13789045,106.0,27,0,496.0,0,0,0,0,0,1,CHEMBL201394,361.0,2.5575072019056577,CHEMBL1949,Cyclophilin A
70687968,698.8,7.1,1,7,9,698.21990599,698.21990599,136.0,51,0,1350.0,0,0,0,0,0,1,CHEMBL2030844,640.0,2.806179973983887,CHEMBL4625,Apoptosis regulator Bcl-X
45483794,505.8,6.0,0,4,2,504.03525,504.03525,43.2,32,0,721.0,0,0,2,0,0,1,CHEMBL567636,890.0,2.949390006644913,CHEMBL1907611,Tumour suppressor p53/oncoprotein Mdm2
71747666,388.4,5.0,2,7,5,388.09939694,388.09939694,116.0,28,0,587.0,0,0,0,1,0,1,CHEMBL2398286,120.0,2.0791812460476247,CHEMBL4625,Apoptosis regulator Bcl-X
24967806,613.6,5.3,0,5,5,612.1728675,612.1728675,90.8,41,0,1080.0,0,3,0,0,0,1,CHEMBL2315848,26.0,1.414973347970818,CHEMBL1907611,Tumour suppressor p53/oncoprotein Mdm2
58438092,576.2,6.7,1,5,9,575.2914699,575.2914699,68.0,41,0,822.0,0,1,1,0,0,1,CHEMBL3601320,3.0,0.47712125471966244,CHEMBL1907611,Tumour suppressor p53/oncoprotein Mdm2
71546992,412.6,4.7,0,4,4,410.983191,410.983191,55.8,26,0,611.0,0,0,0,0,0,1,CHEMBL2316720,2140.0,3.330413773349191,CHEMBL2034807,DNA repair protein RAD51 homolog 1
59648133,756.8,6.1,1,15,12,756.24162509,756.24162509,141.0,52,0,1220.0,0,2,0,0,0,1,CHEMBL3805372,7.0,0.8450980400142568,CHEMBL1907611,Tumour suppressor p53/oncoprotein Mdm2
45269863,552.8,8.0,1,5,4,552.38147475,552.38147475,80.7,40,0,1190.0,0,8,0,0,0,1,CHEMBL555367,11400.0,4.056904851336473,CHEMBL394,HCT-116
162668497,1338.5,-2.4,16,16,26,1337.6793021,1337.6793021,510.0,96,0,2910.0,0,10,0,1,0,1,CHEMBL4788240,64.0,1.806179973983887,CHEMBL2093861,Menin/Histone-lysine N-methyltransferase MLL
90016456,558.4,3.8,1,7,6,557.1032878,557.1032878,98.6,38,0,999.0,0,0,1,0,0,1,CHEMBL3969153,0.201,-0.6968039425795111,CHEMBL1907611,Tumour suppressor p53/oncoprotein Mdm2
71777746,417.6,5.0,1,4,8,417.278012748,417.278012748,62.3,31,0,573.0,0,1,0,0,0,1,CHEMBL3126197,81.0,1.9084850188786497,CHEMBL1615381,Menin
73349009,443.5,5.3,2,8,5,443.1415961,443.1415961,119.0,32,0,706.0,0,0,0,1,0,1,CHEMBL2398249,49.0,1.6901960800285136,CHEMBL4625,Apoptosis regulator Bcl-X
155516991,345.4,3.9,0,5,5,345.04933569,345.04933569,96.2,23,0,545.0,0,0,0,0,0,1,CHEMBL4444437,39810.72,4.600000032123142,CHEMBL3038498,Keap1/Nrf2
90644936,431.5,5.0,2,7,4,431.03983363,431.03983363,149.0,30,0,666.0,0,0,0,0,0,1,CHEMBL3287290,5100.0,3.7075701760979363,CHEMBL4625,Apoptosis regulator Bcl-X
145964749,574.5,5.3,2,5,7,573.1961255,573.1961255,70.7,39,0,952.0,0,3,0,0,0,1,CHEMBL4210216,738.8,2.868526886768204,CHEMBL1907611,Tumour suppressor p53/oncoprotein Mdm2
90655408,660.6,5.5,2,6,11,659.1987479,659.1987479,129.0,44,0,1150.0,0,4,0,0,0,1,CHEMBL3236664,0.2,-0.6989700043360187,CHEMBL5023,p53-binding protein Mdm-2
25256801,556.7,5.9,1,4,6,556.2474409,556.2474409,78.7,42,0,900.0,0,1,0,0,0,1,CHEMBL508211,210.0,2.322219294733919,CHEMBL4860,Apoptosis regulator Bcl-2
44570037,518.6,6.4,0,3,5,518.26817634,518.26817634,58.4,39,0,838.0,0,0,0,0,0,1,CHEMBL516633,1400.0,3.146128035678238,CHEMBL4860,Apoptosis regulator Bcl-2
90033291,545.0,4.8,0,7,6,544.1789799,544.1789799,87.3,39,0,923.0,0,0,1,0,0,1,CHEMBL3969971,0.188,-0.7258421507363202,CHEMBL1907611,Tumour suppressor p53/oncoprotein Mdm2
56591241,470.3,4.4,1,5,5,469.0959969,469.0959969,83.4,32,0,687.0,0,3,0,0,0,1,CHEMBL4107967,340.0,2.531478917042255,CHEMBL1907611,Tumour suppressor p53/oncoprotein Mdm2
2133805,440.5,4.9,3,7,6,440.09768286,440.09768286,142.0,30,0,664.0,0,0,0,0,0,1,CHEMBL3235901,1400.0,3.146128035678238,CHEMBL3414417,Histone acetyltransferase RTT109
86703205,536.4,5.3,0,3,5,535.1429471,535.1429471,54.8,37,0,968.0,0,0,1,0,0,1,CHEMBL3978626,0.554,-0.2564902352715702,CHEMBL1907611,Tumour suppressor p53/oncoprotein Mdm2
71563031,813.4,2.2,7,8,6,812.4464074,812.4464074,247.0,57,0,1460.0,0,5,0,0,0,1,CHEMBL2314573,159.0,2.2013971243204513,CHEMBL1615381,Menin
16090460,372.5,4.2,0,3,7,372.183778013,372.183778013,42.4,28,0,519.0,0,0,1,0,0,1,CHEMBL178504,100000.0,5.0,CHEMBL1907611,Tumour suppressor p53/oncoprotein Mdm2
51354904,956.6,10.0,2,15,16,955.2961789,955.2961789,170.0,64,0,1760.0,0,1,0,0,0,1,CHEMBL1689145,3.0,0.47712125471966244,CHEMBL4625,Apoptosis regulator Bcl-X
833786,284.4,3.7,1,2,3,284.04419074,284.04419074,81.8,19,0,361.0,0,0,0,0,0,1,CHEMBL1306480,2478.0,3.3941013020400446,CHEMBL2096976,Peroxisome proliferator-activated receptor gamma/Nuclear receptor corepressor 2
72714997,988.2,5.8,6,15,26,987.36526732,987.36526732,354.0,67,0,1780.0,0,5,0,0,0,1,CHEMBL2397154,22200.0,4.346352974450639,CHEMBL5023,p53-binding protein Mdm-2
75202265,253.32,2.0,0,6,6,253.0884979,253.0884979,85.1,17,0,422.0,0,0,0,0,0,1,CHEMBL4474353,3162.28,3.5000003213429354,CHEMBL4523627,BACH1/MafK
44222965,356.4,4.1,2,6,3,356.1185726,356.1185726,79.4,27,0,507.0,0,0,0,0,0,1,CHEMBL1915442,3.0,0.47712125471966244,CHEMBL4523,Serine/threonine-protein kinase PIM2
644775,390.5,3.6,0,4,3,390.15143251,390.15143251,76.3,28,0,599.0,0,0,0,0,0,1,CHEMBL1341089,4423.0,3.6457169393696036,CHEMBL4374,Photoreceptor-specific nuclear receptor
5295768,293.3,3.4,1,5,3,293.10767357,293.10767357,55.1,22,0,374.0,0,0,0,0,0,1,CHEMBL1485768,1422.0,3.1528995963937474,CHEMBL2096976,Peroxisome proliferator-activated receptor gamma/Nuclear receptor corepressor 2
59447629,534.6,6.5,2,7,7,534.17256188,534.17256188,124.0,39,0,854.0,0,0,0,0,0,1,CHEMBL3287294,610.0,2.785329835010767,CHEMBL4625,Apoptosis regulator Bcl-X
70694218,823.4,8.5,1,7,14,822.3330176,822.3330176,133.0,58,0,1500.0,0,1,0,0,0,1,CHEMBL2031030,19.0,1.2787536009528289,CHEMBL4625,Apoptosis regulator Bcl-X
50996417,437.3,6.8,1,3,4,436.0745332,436.0745332,55.1,30,0,606.0,0,0,0,0,0,1,CHEMBL3260812,8.0,0.9030899869919435,CHEMBL5023,p53-binding protein Mdm-2
44390685,534.2,5.3,2,4,4,531.95922,531.95922,86.7,32,0,725.0,0,2,0,0,0,1,CHEMBL369321,830.0,2.9190780923760737,CHEMBL1907611,Tumour suppressor p53/oncoprotein Mdm2
67954174,445.2,6.3,1,5,4,444.0243893,444.0243893,55.1,30,0,610.0,0,0,0,0,0,1,CHEMBL3260813,3.0,0.47712125471966244,CHEMBL5023,p53-binding protein Mdm-2
168289501,670.7,3.9,2,13,15,670.12910212,670.12910212,194.0,46,0,1200.0,0,0,0,0,0,1,CHEMBL5193234,2620.0,3.4183012913197452,CHEMBL3038498,Keap1/Nrf2
57523432,1033.7,9.6,3,13,20,1032.4269353,1032.4269353,188.0,72,0,1760.0,0,1,0,0,0,1,CHEMBL2063892,0.6,-0.2218487496163564,CHEMBL4860,Apoptosis regulator Bcl-2
90667276,642.2,4.6,1,6,8,641.1863534,641.1863534,135.0,45,0,1130.0,0,2,0,0,0,1,CHEMBL3220699,1000.0,3.0,CHEMBL1907611,Tumour suppressor p53/oncoprotein Mdm2
68000050,553.5,4.1,2,6,9,552.1252486,552.1252486,112.0,36,0,916.0,0,4,0,0,0,1,CHEMBL3318755,0.98,-0.00877392430750515,CHEMBL5023,p53-binding protein Mdm-2
90016041,545.0,4.8,0,7,6,544.1789799,544.1789799,87.3,39,0,923.0,0,1,0,0,0,1,CHEMBL3929867,0.357,-0.4473317838878068,CHEMBL1907611,Tumour suppressor p53/oncoprotein Mdm2
57523340,1090.8,8.0,5,15,24,1089.4120135,1089.4120135,253.0,76,0,1860.0,0,2,0,0,0,1,CHEMBL2063884,1.4,0.146128035678238,CHEMBL4860,Apoptosis regulator Bcl-2
90644878,400.5,6.7,1,2,3,400.16879665,400.16879665,46.0,31,0,598.0,0,0,0,0,0,1,CHEMBL3286447,360.0,2.5563025007672873,CHEMBL5023,p53-binding protein Mdm-2
53240420,659.3,6.5,0,6,9,658.3285837,658.3285837,65.6,47,0,1040.0,0,1,0,0,0,1,CHEMBL3601398,0.8,-0.09691001300805639,CHEMBL5023,p53-binding protein Mdm-2
56950562,335.4,1.7,1,6,3,335.13036271,335.13036271,83.8,23,0,501.0,0,0,0,0,0,1,CHEMBL2181707,8200.0,3.9138138523837167,CHEMBL1795186,Bromodomain-containing protein 3
117656716,434.4,5.2,1,3,6,433.121149,433.121149,57.6,29,0,576.0,0,2,1,0,0,1,CHEMBL3942905,450.0,2.6532125137753435,CHEMBL1907611,Tumour suppressor p53/oncoprotein Mdm2
71720770,546.6,4.0,1,9,6,546.23660143,546.23660143,107.0,40,0,1070.0,0,5,0,0,0,1,CHEMBL2337616,77960.0,4.8918718304455835,CHEMBL614822,NIH3T3
13422114,425.0,2.5,3,6,5,423.9889169,423.9889169,152.0,26,0,571.0,0,0,0,0,0,1,CHEMBL489041,130.0,2.113943352306837,CHEMBL1949,Cyclophilin A
71606086,837.5,9.2,2,11,15,836.269372,836.269372,165.0,58,0,1360.0,0,1,0,0,0,1,CHEMBL2325772,18.0,1.255272505103306,CHEMBL4625,Apoptosis regulator Bcl-X
45139212,518.5,4.4,4,5,9,517.1898973,517.1898973,105.0,35,0,759.0,0,5,0,0,0,1,CHEMBL2402573,9.0,0.9542425094393249,CHEMBL5023,p53-binding protein Mdm-2
90655406,679.6,5.9,1,8,11,678.1733416,678.1733416,126.0,45,0,1190.0,0,4,0,0,0,1,CHEMBL3236662,1.3,0.11394335230683679,CHEMBL5023,p53-binding protein Mdm-2
76335792,645.0,0.0,1,13,5,644.1737354,644.1737354,91.8,44,0,964.0,0,0,1,0,0,2,CHEMBL3112792,35000.0,4.544068044350276,CHEMBL1907611,Tumour suppressor p53/oncoprotein Mdm2
58006829,474.4,5.6,0,3,4,473.109539,473.109539,61.2,31,0,767.0,0,2,0,0,0,1,CHEMBL2315839,26.0,1.414973347970818,CHEMBL1907611,Tumour suppressor p53/oncoprotein Mdm2
155536250,523.7,4.4,3,7,10,523.17455345,523.17455345,181.0,34,0,698.0,0,0,0,0,0,1,CHEMBL4473247,19952.62,4.29999993144297,CHEMBL612545,Unchecked
168269360,712.8,6.3,2,12,13,712.19245127,712.19245127,175.0,49,0,1320.0,0,0,0,0,0,1,CHEMBL5169675,3730.0,3.571708831808688,CHEMBL3038498,Keap1/Nrf2
53355697,377.4,3.4,1,4,4,377.1739416,377.1739416,71.0,28,0,774.0,0,2,1,0,0,1,CHEMBL1802135,75000.0,4.8750612633917,CHEMBL383,HL-60
77461035,556.6,3.9,2,10,10,556.09740808,556.09740808,156.0,38,0,993.0,0,0,0,0,0,1,CHEMBL3617852,61.0,1.7853298350107671,CHEMBL3038498,Keap1/Nrf2
72696511,524.4,6.0,0,5,6,523.1429471,523.1429471,54.4,36,0,761.0,0,0,2,0,0,1,CHEMBL3093510,8000.0,3.9030899869919438,CHEMBL394,HCT-116
71777747,417.6,5.0,1,4,8,417.278012748,417.278012748,62.3,31,0,573.0,0,1,0,0,0,1,CHEMBL3126198,56.0,1.7481880270062005,CHEMBL1615381,Menin
16090436,426.5,6.1,1,2,6,426.230728204,426.230728204,49.4,32,0,669.0,0,0,1,0,0,1,CHEMBL360920,66000.0,4.819543935541868,CHEMBL1907611,Tumour suppressor p53/oncoprotein Mdm2
70697501,564.3,6.2,1,4,5,561.95203,561.95203,90.7,33,0,743.0,0,0,2,0,0,1,CHEMBL2089210,11000.0,4.041392685158225,CHEMBL614894,SAOS-2
145966474,545.5,5.8,3,4,5,544.1695764,544.1695764,78.4,37,0,961.0,0,3,0,0,0,1,CHEMBL4212404,1257.0,3.0993352776859577,CHEMBL1907611,Tumour suppressor p53/oncoprotein Mdm2
44595745,492.9,4.7,1,5,7,492.1451996,492.1451996,95.6,35,0,785.0,0,0,1,0,0,1,CHEMBL1834373,274.0,2.437750562820388,CHEMBL1907611,Tumour suppressor p53/oncoprotein Mdm2
134349020,1020.6,5.0,4,15,21,1019.3600581,1019.3600581,268.0,70,0,1790.0,0,5,0,0,0,1,CHEMBL5176799,346.0,2.5390760987927767,CHEMBL4296148,von Hippel-Lindau disease tumor suppressor/Elongin-B/Elongin-C/Bromodomain-containing protein 4
89478490,610.5,5.1,1,9,9,609.0966487,609.0966487,109.0,39,0,976.0,0,4,0,0,0,1,CHEMBL3233137,0.4,-0.3979400086720376,CHEMBL5023,p53-binding protein Mdm-2
129264146,578.4,2.7,2,7,4,577.1083731,577.1083731,100.0,40,0,1070.0,0,4,0,0,0,1,CHEMBL4742864,2.0,0.3010299956639812,CHEMBL1907611,Tumour suppressor p53/oncoprotein Mdm2
90058439,550.1,4.7,2,4,6,549.2394343,549.2394343,83.8,39,0,880.0,0,0,1,0,0,1,CHEMBL3906706,12.7,1.1038037209559568,CHEMBL1907611,Tumour suppressor p53/oncoprotein Mdm2
152481127,387.4,2.9,1,8,2,387.02107008,387.02107008,115.0,25,0,672.0,0,1,0,0,0,1,CHEMBL5398227,6.0,0.7781512503836436,CHEMBL3885518,Aryl hydrocarbon receptor nuclear translocator/Endothelial PAS domain-containing protein 1
57391810,1512.8,0.1,21,20,43,1511.66897704,1511.66897704,543.0,106,0,2980.0,0,13,0,0,0,1,CHEMBL1933126,57.0,1.7558748556724915,CHEMBL1907611,Tumour suppressor p53/oncoprotein Mdm2
90016086,517.0,4.0,1,7,5,516.1476798,516.1476798,110.0,37,0,878.0,0,1,0,0,0,1,CHEMBL4114205,43.01,1.6335694425540919,CHEMBL1907611,Tumour suppressor p53/oncoprotein Mdm2
58007188,654.7,6.4,0,5,6,653.2358021,653.2358021,84.8,44,0,1160.0,0,4,0,0,0,1,CHEMBL2398346,30.0,1.4771212547196624,CHEMBL1907611,Tumour suppressor p53/oncoprotein Mdm2
44595605,480.9,4.9,1,5,7,480.1451996,480.1451996,95.6,34,0,727.0,0,0,1,0,0,1,CHEMBL1688273,400.0,2.6020599913279625,CHEMBL5023,p53-binding protein Mdm-2
162669586,589.7,7.5,2,8,10,589.21342363,589.21342363,130.0,42,0,1030.0,0,0,1,0,0,1,CHEMBL4789789,19000.0,4.278753600952829,CHEMBL3038498,Keap1/Nrf2
46836110,584.7,7.1,2,9,10,584.15519773,584.15519773,161.0,41,0,892.0,0,0,0,0,0,1,CHEMBL3287302,7.0,0.8450980400142568,CHEMBL4625,Apoptosis regulator Bcl-X
122184782,666.8,7.1,2,10,12,666.20695852,666.20695852,166.0,46,0,1180.0,0,0,0,0,0,1,CHEMBL3601213,50.2,1.7007037171450194,CHEMBL3038498,Keap1/Nrf2
45483731,568.2,6.2,0,5,2,567.97327,565.97531,43.2,33,0,755.0,0,0,2,0,0,1,CHEMBL567403,1730.0,3.2380461031287955,CHEMBL1907611,Tumour suppressor p53/oncoprotein Mdm2
90655397,663.7,6.8,1,7,10,662.14427,662.14427,141.0,43,0,1130.0,0,4,0,0,0,1,CHEMBL3236652,0.4,-0.3979400086720376,CHEMBL5023,p53-binding protein Mdm-2
10302920,554.7,6.8,4,2,10,554.26817634,554.26817634,82.3,42,0,696.0,0,0,0,0,0,1,CHEMBL13347,4850.0,3.6857417386022635,CHEMBL2780,Cyclophilin A
53054252,376.9,4.3,1,5,4,376.0648413,376.0648413,80.6,25,0,545.0,0,0,0,0,0,1,CHEMBL2181729,3600.0,3.5563025007672873,CHEMBL1293289,Bromodomain-containing protein 2
129264136,551.4,2.7,2,6,3,550.0974741,550.0974741,87.5,38,0,992.0,0,4,0,0,0,1,CHEMBL4789374,2.0,0.3010299956639812,CHEMBL1907611,Tumour suppressor p53/oncoprotein Mdm2
51351131,434.9,3.4,1,4,7,434.1397203,434.1397203,62.7,31,0,649.0,0,0,1,0,0,1,CHEMBL1688297,10600.0,4.02530586526477,CHEMBL5023,p53-binding protein Mdm-2
90015635,553.4,2.7,0,4,5,552.1331107,552.1331107,75.1,38,0,1150.0,0,0,1,0,0,1,CHEMBL3973707,0.254,-0.595166283380062,CHEMBL1907611,Tumour suppressor p53/oncoprotein Mdm2
72205727,541.4,7.1,0,4,5,540.1182897,540.1182897,34.5,37,0,821.0,0,0,1,0,0,1,CHEMBL3909154,6.0,0.7781512503836436,CHEMBL1907611,Tumour suppressor p53/oncoprotein Mdm2
86660732,605.6,4.8,1,6,10,604.1677821,604.1677821,119.0,40,0,1080.0,0,4,0,0,0,1,CHEMBL3968058,2.0,0.3010299956639812,CHEMBL1907611,Tumour suppressor p53/oncoprotein Mdm2
90453302,488.5,5.6,2,10,5,488.14062849,488.14062849,109.0,34,0,753.0,0,0,0,0,0,1,CHEMBL3780969,109.0,2.037426497940624,CHEMBL2093861,Menin/Histone-lysine N-methyltransferase MLL
136348474,559.1,5.6,1,7,8,558.2146166,558.2146166,104.0,40,0,895.0,0,0,1,0,0,1,CHEMBL3649989,2.0,0.3010299956639812,CHEMBL5023,p53-binding protein Mdm-2
134352931,462.5,4.1,0,9,3,462.18135048,462.18135048,78.3,32,0,704.0,0,0,1,0,0,1,CHEMBL4212728,120.0,2.0791812460476247,CHEMBL2093861,Menin/Histone-lysine N-methyltransferase MLL
71563151,813.4,2.2,7,8,6,812.4464074,812.4464074,247.0,57,0,1460.0,0,5,0,0,0,1,CHEMBL2314572,112.0,2.0492180226701815,CHEMBL1615381,Menin
78113953,593.5,7.3,0,5,9,592.2007963,592.2007963,59.8,41,0,880.0,0,0,1,0,0,1,CHEMBL3687315,1.7,0.2304489213782739,CHEMBL5023,p53-binding protein Mdm-2
90453190,514.6,5.9,2,10,7,514.1762651,514.1762651,118.0,36,0,787.0,0,0,0,0,0,1,CHEMBL3781148,47.0,1.6720978579357175,CHEMBL2093861,Menin/Histone-lysine N-methyltransferase MLL
11455910,573.7,7.8,4,6,8,573.21850901,573.21850901,132.0,41,0,963.0,0,0,0,0,0,1,CHEMBL217354,2.602,0.41530729222556745,CHEMBL614587,JAR
67954414,409.3,6.1,1,3,4,408.0432331,408.0432331,55.1,28,0,543.0,0,0,0,0,0,1,CHEMBL3260809,120.0,2.0791812460476247,CHEMBL5023,p53-binding protein Mdm-2
6535736,524.6,5.2,1,7,6,524.14059304,524.14059304,114.0,38,0,1040.0,0,0,1,1,0,1,CHEMBL1097075,3100.0,3.4913616938342726,CHEMBL4860,Apoptosis regulator Bcl-2
646901,371.4,3.7,1,7,5,371.09397721,371.09397721,112.0,26,0,511.0,0,0,0,0,0,1,CHEMBL1521729,1540.0,3.187520720836463,CHEMBL2096976,Peroxisome proliferator-activated receptor gamma/Nuclear receptor corepressor 2
73354084,391.7,4.0,1,5,1,391.0335387,391.0335387,61.8,27,0,713.0,0,0,0,0,0,1,CHEMBL2440444,11900.0,4.075546961392531,CHEMBL5023,p53-binding protein Mdm-2
118712499,525.5,6.0,1,4,7,524.1633482,524.1633482,70.5,36,0,774.0,0,4,0,0,0,1,CHEMBL3329617,5.0,0.6989700043360189,CHEMBL1907611,Tumour suppressor p53/oncoprotein Mdm2
757946,342.2,4.4,1,3,2,341.00514,341.00514,50.2,21,0,383.0,0,0,0,0,0,1,CHEMBL1407788,934.0,2.9703468762300935,CHEMBL2096976,Peroxisome proliferator-activated receptor gamma/Nuclear receptor corepressor 2
3564285,469.3,4.5,1,5,6,468.06847,468.06847,74.0,30,0,709.0,0,0,1,0,0,1,CHEMBL1573867,2252.0,3.3525683861793087,CHEMBL2096976,Peroxisome proliferator-activated receptor gamma/Nuclear receptor corepressor 2
58007224,668.7,6.9,0,5,6,667.2514522,667.2514522,84.8,45,0,1200.0,0,5,0,0,0,1,CHEMBL2398240,29.0,1.462397997898956,CHEMBL1907611,Tumour suppressor p53/oncoprotein Mdm2
71455215,859.3,7.4,2,8,12,857.24895,857.24895,102.0,56,0,1340.0,0,0,0,0,0,1,CHEMBL2171005,255.0,2.406540180433955,CHEMBL4860,Apoptosis regulator Bcl-2
89480425,570.5,5.0,1,6,9,569.1405643,569.1405643,109.0,37,0,907.0,0,4,0,0,0,1,CHEMBL3233138,2.0,0.3010299956639812,CHEMBL5023,p53-binding protein Mdm-2
3503,518.6,6.9,6,8,5,518.19406791,518.19406791,156.0,38,0,780.0,0,0,0,0,0,1,CHEMBL51483,100.0,2.0,CHEMBL612545,Unchecked
44580966,582.8,5.3,1,7,0,582.35565393,582.35565393,91.3,42,0,1220.0,0,10,0,1,0,1,CHEMBL509351,24000.0,4.380211241711606,CHEMBL392,A549
90303356,560.5,6.4,1,4,5,559.1541805,559.1541805,83.2,39,0,928.0,0,0,1,0,0,1,CHEMBL3927572,414.0,2.617000341120899,CHEMBL1907611,Tumour suppressor p53/oncoprotein Mdm2
49791892,392.5,4.7,1,4,8,392.246378268,392.246378268,56.5,29,0,520.0,0,0,1,0,0,1,CHEMBL3126183,4100.0,3.6127838567197355,CHEMBL1615381,Menin
49791890,418.6,5.2,1,4,8,418.262028332,418.262028332,56.5,31,0,573.0,0,1,0,0,0,1,CHEMBL3126187,270.0,2.4313637641589874,CHEMBL1615381,Menin
90016259,531.0,2.8,1,7,6,530.1469309,530.1469309,122.0,38,0,1050.0,0,0,1,0,0,1,CHEMBL3892710,0.779,-0.10846254232743553,CHEMBL1907611,Tumour suppressor p53/oncoprotein Mdm2
45483737,428.4,4.9,0,6,2,428.14486753,428.14486753,43.2,32,0,719.0,0,0,2,0,0,1,CHEMBL583842,14800.0,4.1702617153949575,CHEMBL1907611,Tumour suppressor p53/oncoprotein Mdm2
154584175,536.5,4.6,2,10,9,536.08895139,536.08895139,175.0,38,0,949.0,0,0,1,0,0,1,CHEMBL4750715,4790.0,3.680335513414563,CHEMBL3038498,Keap1/Nrf2
71747847,388.4,4.6,2,7,5,388.09939694,388.09939694,116.0,28,0,587.0,0,0,0,1,0,1,CHEMBL2398287,8100.0,3.90848501887865,CHEMBL4625,Apoptosis regulator Bcl-X
71663698,448.3,4.3,1,4,7,447.1004136,447.1004136,66.8,30,0,620.0,0,3,0,0,0,1,CHEMBL2347391,1300.0,3.113943352306837,CHEMBL5023,p53-binding protein Mdm-2
145967075,559.5,6.3,3,4,5,558.1852265,558.1852265,78.4,38,0,946.0,0,0,3,0,0,1,CHEMBL4209483,303.5,2.482158695411276,CHEMBL1907611,Tumour suppressor p53/oncoprotein Mdm2
76314029,644.0,0.0,1,12,5,643.1784864,643.1784864,78.9,44,0,967.0,0,0,1,0,0,2,CHEMBL3112789,2300.0,3.361727836017593,CHEMBL1907611,Tumour suppressor p53/oncoprotein Mdm2
44389657,449.6,5.3,3,3,8,449.235479232,449.235479232,52.5,34,0,607.0,0,0,4,0,0,1,CHEMBL179662,85000.0,4.929418925714293,CHEMBL1907611,Tumour suppressor p53/oncoprotein Mdm2
172439954,440.4,3.6,1,8,5,440.1659969,440.1659969,74.2,32,0,750.0,0,0,0,0,0,1,CHEMBL5398461,3240.0,3.510545010206612,CHEMBL5465553,WDR5-MYC
90655376,699.6,6.1,1,9,10,698.1265691,698.1265691,134.0,44,0,1260.0,0,4,0,0,0,1,CHEMBL3236360,3.1,0.4913616938342727,CHEMBL5023,p53-binding protein Mdm-2
136640289,523.0,4.8,1,7,8,522.2146166,522.2146166,104.0,37,0,850.0,0,0,1,0,0,1,CHEMBL3649967,1.0,0.0,CHEMBL5023,p53-binding protein Mdm-2
168278998,497.5,4.5,1,11,7,497.21509296,497.21509296,90.2,36,0,754.0,0,0,0,0,0,1,CHEMBL5188240,5600.0,3.7481880270062002,CHEMBL613835,MV4-11
156406911,352.3,2.4,1,10,3,351.98624192,351.98624192,100.0,21,0,501.0,0,1,0,0,0,1,CHEMBL5423909,2900.0,3.462397997898956,CHEMBL3885518,Aryl hydrocarbon receptor nuclear translocator/Endothelial PAS domain-containing protein 1
168270512,852.1,6.8,6,9,20,851.44040386,851.44040386,210.0,61,0,1420.0,0,4,0,0,0,1,CHEMBL5171934,350.0,2.5440680443502757,CHEMBL4630741,VHL/Histone deacetylase 3
24757918,381.4,4.0,1,6,8,381.15762283,381.15762283,87.9,28,0,596.0,0,0,1,0,0,1,CHEMBL560141,14730.0,4.168202746842631,CHEMBL613508,DU-145
71745320,427.9,6.4,2,7,5,427.0215967,427.0215967,131.0,28,0,608.0,0,0,0,1,0,1,CHEMBL2398282,1600.0,3.2041199826559246,CHEMBL4625,Apoptosis regulator Bcl-X
58573593,531.5,4.7,1,4,8,530.1739129,530.1739129,77.9,36,0,817.0,0,4,0,0,0,1,CHEMBL3899355,7.0,0.8450980400142568,CHEMBL1907611,Tumour suppressor p53/oncoprotein Mdm2
90058432,562.5,6.2,1,3,6,561.1585972,561.1585972,63.6,39,0,881.0,0,1,0,0,0,1,CHEMBL3916664,0.095,-1.0222763947111522,CHEMBL1907611,Tumour suppressor p53/oncoprotein Mdm2
45139217,586.5,4.3,3,7,7,585.1397534,585.1397534,102.0,40,0,979.0,0,4,0,0,0,1,CHEMBL2402731,22.0,1.3424226808222062,CHEMBL5023,p53-binding protein Mdm-2
122190547,867.8,-3.8,13,18,28,867.31340774,867.31340774,410.0,61,0,1630.0,0,7,0,0,0,1,CHEMBL3617787,194.0,2.287801729930226,CHEMBL3038498,Keap1/Nrf2
117636607,528.6,5.1,2,10,7,528.19191517,528.19191517,118.0,37,0,818.0,0,0,0,0,0,1,CHEMBL3780869,44.0,1.6434526764861874,CHEMBL2093861,Menin/Histone-lysine N-methyltransferase MLL
46223099,560.6,5.9,1,7,5,560.14059304,560.14059304,118.0,41,0,1150.0,0,0,1,1,0,1,CHEMBL1098323,5300.0,3.724275869600789,CHEMBL4625,Apoptosis regulator Bcl-X
57523469,922.6,10.4,2,12,18,921.3109024,921.3109024,179.0,64,0,1560.0,0,1,0,0,0,1,CHEMBL2063895,12.6,1.100370545117563,CHEMBL4625,Apoptosis regulator Bcl-X
51354903,911.6,9.0,2,13,15,910.3425369,910.3425369,182.0,63,0,1600.0,0,1,0,0,0,1,CHEMBL1689144,20.0,1.3010299956639813,CHEMBL4625,Apoptosis regulator Bcl-X
44608667,615.6,5.5,0,5,8,614.1885176,614.1885176,90.8,41,0,1050.0,0,3,0,0,0,1,CHEMBL2315847,46.0,1.662757831681574,CHEMBL1907611,Tumour suppressor p53/oncoprotein Mdm2
66571643,364.5,1.3,2,4,7,364.21507814,364.21507814,52.6,27,0,475.0,0,2,0,0,0,1,CHEMBL3786182,24.0,1.380211241711606,CHEMBL6136,Lysine-specific histone demethylase 1
155547117,482.5,6.3,2,10,6,482.15635873,482.15635873,78.1,33,0,661.0,0,2,0,0,0,1,CHEMBL4533143,66.13,1.8203985227039816,CHEMBL6136,Lysine-specific histone demethylase 1
71453306,1047.8,9.7,3,13,20,1046.4425853,1046.4425853,188.0,73,0,1790.0,0,1,0,0,0,1,CHEMBL2159735,2.0,0.3010299956639812,CHEMBL612545,Unchecked
54769992,352.3,3.9,0,4,3,352.08479225,352.08479225,71.7,27,0,761.0,0,0,0,0,0,1,CHEMBL1824189,6400.0,3.806179973983887,CHEMBL387,MCF7
51349834,439.3,3.9,1,4,3,438.02152,438.02152,86.4,28,0,596.0,0,0,1,0,0,1,CHEMBL1688147,3100.0,3.4913616938342726,CHEMBL5023,p53-binding protein Mdm-2
53473662,512.4,6.7,1,4,7,511.0411846,511.0411846,80.9,34,0,749.0,0,0,0,0,0,1,CHEMBL1824813,180.0,2.255272505103306,CHEMBL4625,Apoptosis regulator Bcl-X
71745133,611.6,4.3,4,7,7,610.1583603,610.1583603,125.0,40,0,1090.0,0,4,0,0,0,1,CHEMBL2398479,7.6,0.8808135922807914,CHEMBL5023,p53-binding protein Mdm-2
67999537,470.4,5.3,0,4,6,469.1323824,469.1323824,59.2,32,0,655.0,0,3,0,0,0,1,CHEMBL4110956,1600.0,3.2041199826559246,CHEMBL1907611,Tumour suppressor p53/oncoprotein Mdm2
44412115,652.3,3.2,1,5,7,651.01886,651.01886,81.2,37,0,832.0,0,0,2,0,0,1,CHEMBL377462,36000.0,4.556302500767287,CHEMBL5023,p53-binding protein Mdm-2
72206101,535.5,6.1,1,3,6,534.1476981,534.1476981,54.7,37,0,791.0,0,0,1,0,0,1,CHEMBL3926314,0.113,-0.9469215565165803,CHEMBL1907611,Tumour suppressor p53/oncoprotein Mdm2
122184779,623.5,5.0,2,10,10,622.0038133,622.0038133,166.0,40,0,1020.0,0,0,0,0,0,1,CHEMBL3601210,42.3,1.6263403673750423,CHEMBL3038498,Keap1/Nrf2
91754484,383.3,2.4,1,8,3,383.04391352,383.04391352,95.8,26,0,686.0,0,1,0,0,0,1,CHEMBL4173075,2.0,0.3010299956639812,CHEMBL3885518,Aryl hydrocarbon receptor nuclear translocator/Endothelial PAS domain-containing protein 1
90325076,580.6,6.0,2,11,8,580.24097336,580.24097336,105.0,42,0,911.0,0,2,0,0,0,1,CHEMBL5088618,1.8,0.25527250510330607,CHEMBL1907611,Tumour suppressor p53/oncoprotein Mdm2
57395034,584.5,6.2,1,6,10,583.1640765,583.1640765,89.5,40,0,873.0,0,2,0,0,0,1,CHEMBL1944935,2930.0,3.4668676203541096,CHEMBL383,HL-60
460747,207.19,-0.7,0,3,0,207.07562455,207.07562455,77.7,15,0,448.0,0,0,0,0,0,1,CHEMBL601757,25.6,1.4082399653118496,CHEMBL612545,Unchecked
168278484,680.9,3.6,1,12,13,680.34683783,680.34683783,142.0,48,0,1150.0,0,0,0,0,0,1,CHEMBL5183465,190.0,2.278753600952829,CHEMBL2093861,Menin/Histone-lysine N-methyltransferase MLL
56950289,292.36,2.3,1,5,4,292.08816355,292.08816355,80.6,20,0,444.0,0,0,0,0,0,1,CHEMBL2181715,3000.0,3.4771212547196626,CHEMBL1795186,Bromodomain-containing protein 3
68000423,561.5,3.4,1,5,8,560.2208631,560.2208631,70.1,38,0,812.0,0,4,2,0,0,1,CHEMBL3910104,10.0,1.0,CHEMBL1907611,Tumour suppressor p53/oncoprotein Mdm2
168292213,486.6,3.4,1,9,9,486.28555774,486.28555774,93.4,36,0,721.0,0,0,0,0,0,1,CHEMBL5201656,60.0,1.7781512503836436,CHEMBL2093861,Menin/Histone-lysine N-methyltransferase MLL
168288361,638.7,4.7,2,11,13,638.13927289,638.13927289,175.0,44,0,1160.0,0,0,0,0,0,1,CHEMBL5193997,450.0,2.6532125137753435,CHEMBL3038498,Keap1/Nrf2
90016303,490.0,4.5,0,4,5,489.1819195,489.1819195,67.5,35,0,801.0,0,0,1,0,0,1,CHEMBL3925643,1.509,0.17868923977558981,CHEMBL1907611,Tumour suppressor p53/oncoprotein Mdm2
117636529,565.6,5.2,2,11,7,565.19839753,565.19839753,140.0,40,0,909.0,0,0,0,0,0,1,CHEMBL3780982,23.0,1.3617278360175928,CHEMBL2093861,Menin/Histone-lysine N-methyltransferase MLL
117656761,520.5,5.9,2,4,8,519.194314,519.194314,77.8,35,0,753.0,0,4,1,0,0,1,CHEMBL3969208,6.0,0.7781512503836436,CHEMBL1907611,Tumour suppressor p53/oncoprotein Mdm2
53325415,1835.1,1.3,22,24,36,1833.92024002,1833.92024002,644.0,132,0,3940.0,0,14,1,0,0,1,CHEMBL1689394,61.0,1.7853298350107671,CHEMBL5023,p53-binding protein Mdm-2
90655372,657.6,6.3,1,6,10,656.1878489,656.1878489,113.0,44,0,1140.0,0,4,0,0,0,1,CHEMBL3236639,1.4,0.146128035678238,CHEMBL5023,p53-binding protein Mdm-2
2328662,320.4,2.6,0,6,5,320.0289346,320.0289346,113.0,21,0,421.0,0,0,0,0,0,1,CHEMBL1412731,1150.0,3.060697840353612,CHEMBL2097170,Voltage-gated N-type calcium channel alpha-1B subunit/Amyloid beta A4 precursor protein-binding family A member 1
73355661,449.9,5.1,1,7,4,449.1481745,449.1481745,39.6,31,0,579.0,0,0,1,0,0,1,CHEMBL2442249,310.0,2.4913616938342726,CHEMBL4361,Induced myeloid leukemia cell differentiation protein Mcl-1
71305070,515.2,5.8,0,2,4,514.99185,512.9939,29.5,29,0,537.0,0,3,0,0,0,1,CHEMBL2347399,1000.0,3.0,CHEMBL5023,p53-binding protein Mdm-2
168269556,746.7,5.8,2,17,13,746.08274167,746.08274167,175.0,50,0,1360.0,0,0,0,0,0,1,CHEMBL5170311,1760.0,3.24551266781415,CHEMBL3038498,Keap1/Nrf2
155758515,545.0,4.1,2,10,4,544.1801228,544.1801228,91.9,38,0,973.0,0,1,2,0,0,1,CHEMBL5423054,3.0,0.47712125471966244,CHEMBL4105786,B-cell lymphoma 6 protein
42630203,436.9,3.7,3,6,5,436.0430605,436.0430605,137.0,28,0,637.0,0,0,0,0,0,1,CHEMBL521943,650.0,2.8129133566428557,CHEMBL1949,Cyclophilin A
90655374,592.6,5.6,1,6,9,591.1837666,591.1837666,117.0,39,0,950.0,0,4,0,0,0,1,CHEMBL3236358,0.8,-0.09691001300805639,CHEMBL5023,p53-binding protein Mdm-2
58573368,492.4,5.4,2,4,8,491.1630139,491.1630139,77.8,33,0,683.0,0,5,0,0,0,1,CHEMBL4115158,10.0,1.0,CHEMBL1907611,Tumour suppressor p53/oncoprotein Mdm2
46926614,406.6,5.2,1,4,10,406.262028332,406.262028332,56.5,30,0,522.0,0,0,1,0,0,1,CHEMBL3126181,15300.0,4.184691430817598,CHEMBL1615381,Menin
887251,306.8,4.3,1,4,2,306.0229765,306.0229765,83.4,20,0,384.0,0,0,0,0,0,1,CHEMBL1456984,12746.0,4.105373914143847,CHEMBL4374,Photoreceptor-specific nuclear receptor
1279881,411.4,1.6,0,6,3,411.09675391,411.09675391,115.0,31,0,1070.0,0,0,0,0,0,1,CHEMBL1987092,1670.0,3.2227164711475833,CHEMBL2093862,Runt-related transcription factor 1/Core-binding factor subunit beta
68805209,529.5,5.1,1,4,4,528.1153526,528.1153526,90.3,35,0,917.0,0,2,0,0,0,1,CHEMBL2152323,3000.0,3.4771212547196626,CHEMBL5023,p53-binding protein Mdm-2
76324920,567.1,0.0,1,8,6,566.2635386,566.2635386,48.9,39,0,761.0,0,0,1,0,0,2,CHEMBL3112819,5100.0,3.7075701760979363,CHEMBL1907611,Tumour suppressor p53/oncoprotein Mdm2
16090453,383.5,3.9,0,4,10,383.20965841,383.20965841,48.0,28,0,489.0,0,0,1,0,0,1,CHEMBL384464,70000.0,4.845098040014257,CHEMBL1907611,Tumour suppressor p53/oncoprotein Mdm2
90655382,677.7,5.0,1,6,10,676.2140636,676.2140636,120.0,45,0,1220.0,0,5,0,0,0,1,CHEMBL3236636,0.7,-0.1549019599857432,CHEMBL5023,p53-binding protein Mdm-2
56591437,519.5,2.2,1,5,8,518.1739129,518.1739129,70.1,35,0,711.0,0,4,0,0,0,1,CHEMBL4109809,70.0,1.845098040014257,CHEMBL1907611,Tumour suppressor p53/oncoprotein Mdm2
3810755,450.5,3.5,1,7,6,450.1591,450.1591,83.2,33,0,775.0,0,0,1,0,0,1,CHEMBL1352306,4955.0,3.695043658821294,CHEMBL2096976,Peroxisome proliferator-activated receptor gamma/Nuclear receptor corepressor 2
44366451,666.8,2.0,6,7,17,666.38533134,666.38533134,194.0,48,0,1110.0,0,5,0,0,0,1,CHEMBL540193,6000.0,3.7781512503836434,CHEMBL1949,Cyclophilin A
16155104,1810.8,-0.6,8,28,49,1809.62996156,1809.62996156,621.0,126,0,3840.0,0,0,0,0,0,1,CHEMBL3754362,6600.0,3.8195439355418688,CHEMBL1907611,Tumour suppressor p53/oncoprotein Mdm2
129271337,692.6,4.8,2,7,10,691.2128382,691.2128382,97.7,48,0,1200.0,0,4,0,0,0,1,CHEMBL4746561,5.0,0.6989700043360189,CHEMBL1907611,Tumour suppressor p53/oncoprotein Mdm2
151960901,446.9,2.1,2,7,6,446.1833164,446.1833164,94.1,31,0,634.0,0,0,0,0,0,1,CHEMBL4463841,270.0,2.4313637641589874,CHEMBL4105786,B-cell lymphoma 6 protein
168279947,525.7,4.1,1,9,7,525.33284228,525.33284228,87.5,39,0,814.0,0,0,0,0,0,1,CHEMBL5187553,130.0,2.113943352306837,CHEMBL2093861,Menin/Histone-lysine N-methyltransferase MLL
154584183,590.6,5.0,3,9,10,590.17228709,590.17228709,159.0,42,0,1060.0,0,0,1,0,0,1,CHEMBL4741548,980.0,2.9912260756924947,CHEMBL3038498,Keap1/Nrf2
73355044,404.4,4.9,2,8,4,404.09431156,404.09431156,129.0,29,0,647.0,0,0,0,1,0,1,CHEMBL2398261,60.0,1.7781512503836436,CHEMBL4625,Apoptosis regulator Bcl-X
70695473,519.8,6.2,1,4,5,518.002547,518.002547,90.7,33,0,740.0,0,0,2,0,0,1,CHEMBL2089149,11100.0,4.045322978786658,CHEMBL614894,SAOS-2
155553920,240.3,2.0,0,5,6,240.03910536,240.03910536,93.6,15,0,246.0,0,0,1,0,0,1,CHEMBL4582012,25118.86,4.399999925393822,CHEMBL3038498,Keap1/Nrf2
16109092,800.0,8.6,3,11,16,799.35496016,799.35496016,177.0,56,0,1300.0,0,1,0,0,0,1,CHEMBL221856,370.0,2.568201724066995,CHEMBL4625,Apoptosis regulator Bcl-X
743778,243.69,3.4,1,3,1,243.056325,243.056325,62.7,17,0,303.0,0,0,0,0,0,1,CHEMBL1386595,3257.0,3.512817758564873,CHEMBL2096976,Peroxisome proliferator-activated receptor gamma/Nuclear receptor corepressor 2
168280574,550.1,4.0,1,9,7,549.171372,549.171372,113.0,38,0,863.0,0,0,0,0,0,1,CHEMBL5184080,30.0,1.4771212547196624,CHEMBL2093861,Menin/Histone-lysine N-methyltransferase MLL
16396144,370.5,2.2,1,4,6,370.17149925,370.17149925,69.1,26,0,570.0,0,2,1,0,0,1,CHEMBL5273787,40.0,1.6020599913279623,CHEMBL2093861,Menin/Histone-lysine N-methyltransferase MLL
11546381,426.5,6.8,0,3,10,426.230728204,426.230728204,36.3,32,0,524.0,0,0,0,0,0,1,CHEMBL205750,8090.0,3.9079485216122722,CHEMBL4677,Apoptosis regulator Bcl-W
168286695,700.7,3.9,2,14,16,700.13966681,700.13966681,203.0,48,0,1250.0,0,0,0,0,0,1,CHEMBL5195422,805.0,2.9057958803678687,CHEMBL3038498,Keap1/Nrf2
58573960,661.6,6.3,1,7,11,660.1627769,660.1627769,103.0,44,0,1130.0,0,4,0,0,0,1,CHEMBL4111346,0.2,-0.6989700043360187,CHEMBL1907611,Tumour suppressor p53/oncoprotein Mdm2
46223326,484.5,4.3,1,7,5,484.10929292,484.10929292,118.0,35,0,975.0,0,0,1,1,0,1,CHEMBL1094130,40400.0,4.606381365110605,CHEMBL4625,Apoptosis regulator Bcl-X
71453053,501.4,4.2,1,4,4,500.0840525,500.0840525,90.3,33,0,849.0,0,2,0,0,0,1,CHEMBL2152319,1800.0,3.255272505103306,CHEMBL5023,p53-binding protein Mdm-2
58007373,654.7,6.3,0,5,5,653.2358021,653.2358021,84.8,44,0,1180.0,0,5,0,0,0,1,CHEMBL2398246,15.0,1.1760912590556813,CHEMBL1907611,Tumour suppressor p53/oncoprotein Mdm2
6763,208.21,2.5,0,2,0,208.052429494,208.052429494,34.1,16,0,289.0,0,0,0,0,0,1,CHEMBL51931,300.0,2.4771212547196626,CHEMBL614309,T-cell
71544714,406.1,3.2,0,4,2,403.93301,403.93301,49.9,22,0,522.0,0,0,0,0,0,1,CHEMBL2316724,370.0,2.568201724066995,CHEMBL2034807,DNA repair protein RAD51 homolog 1
659524,371.07,4.2,0,3,1,370.94557,368.94762,29.0,18,0,283.0,0,0,0,0,0,1,CHEMBL1543331,1382.0,3.1405080430381798,CHEMBL4869,Prion protein
90453184,558.6,4.7,2,11,9,558.20247985,558.20247985,127.0,39,0,853.0,0,1,0,0,0,1,CHEMBL3781455,37.0,1.568201724066995,CHEMBL2093861,Menin/Histone-lysine N-methyltransferase MLL
58573546,554.5,5.4,1,5,9,553.1456497,553.1456497,100.0,36,0,883.0,0,4,0,0,0,1,CHEMBL4110053,0.5,-0.3010299956639812,CHEMBL1907611,Tumour suppressor p53/oncoprotein Mdm2
168271650,457.6,2.4,3,9,8,457.27024203,457.27024203,119.0,34,0,673.0,0,0,0,0,0,1,CHEMBL5176172,680.0,2.832508912706236,CHEMBL2093861,Menin/Histone-lysine N-methyltransferase MLL
58573256,523.4,5.5,1,4,7,522.1476981,522.1476981,70.5,36,0,799.0,0,4,0,0,0,1,CHEMBL4108893,3.0,0.47712125471966244,CHEMBL1907611,Tumour suppressor p53/oncoprotein Mdm2
1381629,466.6,4.9,2,6,6,466.10209953,466.10209953,109.0,32,0,747.0,0,0,0,0,0,1,CHEMBL3632704,890.0,2.949390006644913,CHEMBL3038498,Keap1/Nrf2
720237,292.72,1.8,0,4,2,292.06147,292.06147,49.9,20,0,451.0,0,0,0,0,0,1,CHEMBL1497208,17850.0,4.251638220448212,CHEMBL2034807,DNA repair protein RAD51 homolog 1
90655392,658.6,5.7,1,7,10,657.1830979,657.1830979,126.0,44,0,1140.0,0,4,0,0,0,1,CHEMBL3236647,0.8,-0.09691001300805639,CHEMBL5023,p53-binding protein Mdm-2
70690005,754.3,8.3,1,6,12,753.2751684,753.2751684,130.0,53,0,1370.0,0,0,1,0,0,1,CHEMBL2031023,590.0,2.7708520116421442,CHEMBL4625,Apoptosis regulator Bcl-X
21060012,664.4,5.7,0,4,6,663.05524,663.05524,53.1,38,0,815.0,0,2,0,0,0,1,CHEMBL209201,2700.0,3.4313637641589874,CHEMBL5023,p53-binding protein Mdm-2
137642648,574.5,6.0,0,7,13,573.1368164,573.1368164,115.0,38,0,837.0,0,0,0,0,0,1,CHEMBL4085913,800.0,2.9030899869919438,CHEMBL4106128,IL15-IL15 receptor
76311304,500.6,6.2,1,6,11,500.23112213,500.23112213,82.8,37,0,699.0,0,0,0,0,0,1,CHEMBL3134187,8220.0,3.9148718175400505,CHEMBL1907611,Tumour suppressor p53/oncoprotein Mdm2
76336278,540.5,4.8,1,5,8,539.1299997,539.1299997,100.0,35,0,867.0,0,4,0,0,0,1,CHEMBL3125539,0.2,-0.6989700043360187,CHEMBL5023,p53-binding protein Mdm-2
70694215,689.9,7.8,1,7,12,689.30357604,689.30357604,121.0,50,0,1220.0,0,0,0,0,0,1,CHEMBL2031006,110.0,2.041392685158225,CHEMBL4860,Apoptosis regulator Bcl-2
16109076,717.9,7.8,2,10,13,717.2454899,717.2454899,161.0,50,0,1210.0,0,1,0,0,0,1,CHEMBL385101,520.0,2.716003343634799,CHEMBL4625,Apoptosis regulator Bcl-X
57398791,1726.0,0.5,23,22,31,1724.80680792,1724.80680792,669.0,122,0,3490.0,0,13,0,0,0,1,CHEMBL1933128,237.0,2.374748346010104,CHEMBL1907611,Tumour suppressor p53/oncoprotein Mdm2
135386269,472.0,4.5,2,5,6,471.240103,471.240103,71.9,33,0,684.0,0,2,0,0,0,1,CHEMBL4560573,3500.0,3.5440680443502757,CHEMBL4105786,B-cell lymphoma 6 protein
118714487,2019.9,-0.9,21,26,40,2018.0037087,2018.0037087,725.0,140,0,4230.0,0,17,0,0,0,1,CHEMBL3335462,530.0,2.724275869600789,CHEMBL3430909,Transcriptional coactivator YAP1/Transcriptional enhancer factor TEF-1
25001753,552.5,3.7,5,6,8,551.1753901,551.1753901,111.0,37,0,845.0,0,5,0,0,0,1,CHEMBL576342,157.0,2.1958996524092336,CHEMBL5023,p53-binding protein Mdm-2
67999071,567.5,1.7,1,6,8,566.1408987,566.1408987,103.0,37,0,891.0,0,4,0,0,0,1,CHEMBL3901116,130.0,2.113943352306837,CHEMBL1907611,Tumour suppressor p53/oncoprotein Mdm2
1356461,409.4,4.3,0,4,2,409.14264148,409.14264148,60.9,31,0,824.0,0,0,0,0,0,1,CHEMBL1313195,1170.0,3.0681858617461617,CHEMBL2219,Protein-tyrosine phosphatase LC-PTP
44192145,656.8,9.0,8,8,7,656.30976637,656.30976637,180.0,48,0,1010.0,0,0,0,0,0,1,CHEMBL541004,710.0,2.8512583487190755,CHEMBL4860,Apoptosis regulator Bcl-2
2317063,417.5,4.1,2,4,7,417.15109816,417.15109816,106.0,30,0,763.0,0,0,0,0,0,1,CHEMBL1433074,330.11,2.5186586805830777,CHEMBL4374,Photoreceptor-specific nuclear receptor
58437650,573.1,7.8,0,5,9,572.2241988,572.2241988,42.0,41,0,825.0,0,1,1,0,0,1,CHEMBL3604663,120.0,2.0791812460476247,CHEMBL1907611,Tumour suppressor p53/oncoprotein Mdm2
117636626,514.6,5.9,2,10,6,514.1762651,514.1762651,118.0,36,0,802.0,0,0,0,0,0,1,CHEMBL3781456,40.0,1.6020599913279623,CHEMBL2093861,Menin/Histone-lysine N-methyltransferase MLL
154653345,662.7,2.7,2,14,12,662.14782093,662.14782093,219.0,46,0,1100.0,0,0,0,0,0,1,CHEMBL4858288,10.8,1.0334237554869496,CHEMBL3038498,Keap1/Nrf2
31540386,331.5,3.8,0,7,3,331.09253791,331.09253791,102.0,22,0,377.0,0,0,0,0,0,1,CHEMBL4290941,46000.0,4.662757831681574,CHEMBL2093861,Menin/Histone-lysine N-methyltransferase MLL
9651,287.35,1.8,1,4,1,287.15214353,287.15214353,41.9,21,0,440.0,0,3,0,0,0,1,CHEMBL659,100.0,2.0,CHEMBL220,Acetylcholinesterase
44456365,797.0,8.8,2,12,15,796.10415068,796.10415068,248.0,54,0,1350.0,0,2,0,2,0,1,CHEMBL404899,6100.0,3.785329835010767,CHEMBL612545,Unchecked
51350652,492.9,5.0,1,5,5,492.1451996,492.1451996,95.6,35,0,753.0,0,0,1,0,0,1,CHEMBL1688275,390.0,2.591064607026499,CHEMBL5023,p53-binding protein Mdm-2
60169795,936.6,8.2,3,12,17,935.3265525,935.3265525,190.0,65,0,1610.0,0,1,0,0,0,1,CHEMBL2159740,1.4,0.146128035678238,CHEMBL612545,Unchecked
16109097,813.4,9.0,2,10,15,812.2581386,812.2581386,164.0,56,0,1330.0,0,1,0,0,0,1,CHEMBL218408,140.0,2.146128035678238,CHEMBL4625,Apoptosis regulator Bcl-X
1490541,283.75,4.3,1,3,3,283.0876252,283.0876252,37.8,20,0,312.0,0,0,0,0,0,1,CHEMBL1550435,2379.0,3.3763944420372662,CHEMBL2096976,Peroxisome proliferator-activated receptor gamma/Nuclear receptor corepressor 2
90015537,533.4,4.6,1,6,5,532.1181294,532.1181294,110.0,37,0,876.0,0,0,1,0,0,1,CHEMBL3900015,1.441,0.15866398081398933,CHEMBL1907611,Tumour suppressor p53/oncoprotein Mdm2
76318138,492.4,5.3,2,4,8,491.1630139,491.1630139,77.8,33,0,683.0,0,5,0,0,0,1,CHEMBL3125707,0.7,-0.1549019599857432,CHEMBL5023,p53-binding protein Mdm-2
117636629,571.6,4.9,2,11,8,571.19772882,571.19772882,150.0,40,0,943.0,0,0,0,0,0,1,CHEMBL3781041,37.0,1.568201724066995,CHEMBL2093861,Menin/Histone-lysine N-methyltransferase MLL
168271505,501.5,4.4,2,9,7,501.09701172,501.09701172,110.0,35,0,829.0,0,0,0,0,0,1,CHEMBL5173186,45000.0,4.653212513775344,CHEMBL3038498,Keap1/Nrf2
86703214,572.4,4.0,0,7,6,571.1189378,571.1189378,89.8,39,0,1030.0,0,0,1,0,0,1,CHEMBL3953073,0.128,-0.8927900303521317,CHEMBL1907611,Tumour suppressor p53/oncoprotein Mdm2
155564526,437.7,3.5,3,6,8,437.13777402,437.13777402,155.0,28,0,516.0,0,0,0,0,0,1,CHEMBL4572303,3981.07,3.59999981394342,CHEMBL612545,Unchecked
10272464,402.5,4.5,4,2,4,402.20557608,402.20557608,82.3,30,0,536.0,0,0,0,0,0,1,CHEMBL13640,8500.0,3.929418925714293,CHEMBL2780,Cyclophilin A
72204597,541.4,5.6,0,6,6,540.1131242,540.1131242,69.5,37,0,804.0,0,0,1,0,0,1,CHEMBL3900501,0.267,-0.5734887386354247,CHEMBL1907611,Tumour suppressor p53/oncoprotein Mdm2
44176199,637.3,5.9,1,4,8,636.00796,636.00796,77.9,36,0,786.0,0,1,0,0,0,1,CHEMBL377524,8220.0,3.9148718175400505,CHEMBL5023,p53-binding protein Mdm-2
90654515,648.6,5.3,0,12,6,648.21712442,648.21712442,75.2,46,0,1090.0,0,3,0,0,0,1,CHEMBL3233595,5600.0,3.7481880270062002,CHEMBL5023,p53-binding protein Mdm-2
44390641,539.3,5.7,1,6,6,539.02053,539.02053,57.6,31,0,616.0,0,0,1,0,0,1,CHEMBL425528,15000.0,4.176091259055681,CHEMBL5023,p53-binding protein Mdm-2
168272990,622.7,3.3,2,13,15,622.12910212,622.12910212,194.0,42,0,1090.0,0,0,0,0,0,1,CHEMBL5174036,1190.0,3.0755469613925306,CHEMBL3038498,Keap1/Nrf2
127050474,772.6,5.6,1,11,10,772.14032,772.14032,124.0,46,0,1020.0,0,2,0,0,0,1,CHEMBL3805162,90.0,1.954242509439325,CHEMBL1907611,Tumour suppressor p53/oncoprotein Mdm2
154584172,551.6,4.7,2,10,11,551.12500255,551.12500255,148.0,39,0,932.0,0,0,1,0,0,1,CHEMBL4748841,2300.0,3.361727836017593,CHEMBL3038498,Keap1/Nrf2
86703235,555.4,2.9,0,7,6,554.1236087,554.1236087,103.0,38,0,995.0,0,0,1,0,0,1,CHEMBL3959690,14.24,1.1535099893008376,CHEMBL1907611,Tumour suppressor p53/oncoprotein Mdm2
155563580,250.32,1.9,2,4,6,250.08883226,250.08883226,98.5,17,0,273.0,0,0,0,0,0,1,CHEMBL4573383,19952.62,4.29999993144297,CHEMBL612545,Unchecked
76317576,607.5,0.0,2,6,8,606.1663827,606.1663827,58.6,41,0,876.0,0,0,1,0,0,2,CHEMBL3112777,1400.0,3.146128035678238,CHEMBL1907611,Tumour suppressor p53/oncoprotein Mdm2
162645678,408.2,2.3,3,5,2,407.0439614,407.0439614,107.0,27,0,618.0,0,4,0,0,0,1,CHEMBL4743311,30700.0,4.487138375477186,CHEMBL1907611,Tumour suppressor p53/oncoprotein Mdm2
171343096,680.8,4.1,2,9,14,680.3010132,680.3010132,117.0,50,0,1030.0,0,5,1,0,0,1,CHEMBL5268220,10.97,1.040206627574711,CHEMBL1907611,Tumour suppressor p53/oncoprotein Mdm2
58007476,682.7,5.9,0,5,6,681.2307167,681.2307167,102.0,46,0,1250.0,0,4,0,0,0,1,CHEMBL2398244,43.0,1.6334684555795864,CHEMBL1907611,Tumour suppressor p53/oncoprotein Mdm2
91971266,452.6,4.9,2,6,5,452.17697855,452.17697855,95.1,32,0,767.0,0,1,0,0,0,1,CHEMBL3899754,140.0,2.146128035678238,CHEMBL2069156,Kelch-like ECH-associated protein 1
58573716,547.5,3.0,1,5,8,546.205213,546.205213,70.1,37,0,792.0,0,4,1,0,0,1,CHEMBL3962786,2.0,0.3010299956639812,CHEMBL1907611,Tumour suppressor p53/oncoprotein Mdm2
155566614,220.3,1.3,0,5,3,220.03401998,220.03401998,90.2,13,0,314.0,0,0,1,0,0,1,CHEMBL4587608,79432.82,4.899999981014695,CHEMBL612545,Unchecked
162671426,673.6,6.4,1,6,4,672.2182579,672.2182579,82.8,47,0,1240.0,0,4,0,0,0,1,CHEMBL4791190,10.0,1.0,CHEMBL1907611,Tumour suppressor p53/oncoprotein Mdm2
6519796,494.6,5.1,1,6,4,494.13002836,494.13002836,105.0,36,0,995.0,0,0,1,1,0,1,CHEMBL1096087,12600.0,4.1003705451175625,CHEMBL4625,Apoptosis regulator Bcl-X
90016374,539.4,4.1,1,7,6,538.128694,538.128694,108.0,37,0,802.0,0,0,1,0,0,1,CHEMBL3927561,0.509,-0.29328221766324125,CHEMBL1907611,Tumour suppressor p53/oncoprotein Mdm2
155564286,524.7,3.7,3,7,10,524.21271261,524.21271261,159.0,35,0,713.0,0,0,0,0,0,1,CHEMBL4570062,31622.78,4.500000046671104,CHEMBL3038498,Keap1/Nrf2
90016016,545.0,3.0,0,7,6,544.162581,544.162581,114.0,39,0,1080.0,0,1,0,0,0,1,CHEMBL3914063,0.108,-0.9665762445130504,CHEMBL1907611,Tumour suppressor p53/oncoprotein Mdm2
67999052,620.6,6.6,1,5,10,619.1925999,619.1925999,100.0,41,0,1030.0,0,4,0,0,0,1,CHEMBL3929623,0.1,-1.0,CHEMBL1907611,Tumour suppressor p53/oncoprotein Mdm2
4293409,412.3,3.0,1,4,7,411.01399,411.01399,80.9,24,0,489.0,0,0,0,0,0,1,CHEMBL1397291,8866.0,3.9477277269633158,CHEMBL4374,Photoreceptor-specific nuclear receptor
3607724,201.22,1.4,1,2,3,201.078978594,201.078978594,38.3,15,0,288.0,0,0,0,0,0,1,CHEMBL1475400,26.15,1.417471693203293,CHEMBL3885630,Ras and Rab interactor 1/Tyrosine-protein kinase ABL1
16109089,702.9,6.8,2,10,14,702.26581081,702.26581081,164.0,49,0,1120.0,0,1,0,0,0,1,CHEMBL376921,350.0,2.5440680443502757,CHEMBL4625,Apoptosis regulator Bcl-X
637760,208.25,3.1,0,1,3,208.088815002,208.088815002,17.1,16,0,242.0,0,0,0,1,0,1,CHEMBL7976,1410.0,3.1492191126553797,CHEMBL2039,Monoamine oxidase B
156406259,324.4,2.1,1,7,4,324.03015759,324.03015759,100.0,20,0,486.0,0,1,0,0,0,1,CHEMBL5419647,4800.0,3.681241237375587,CHEMBL3885518,Aryl hydrocarbon receptor nuclear translocator/Endothelial PAS domain-containing protein 1
25232639,377.4,5.1,2,7,5,377.08341252,377.08341252,116.0,27,0,573.0,0,0,0,1,0,1,CHEMBL2398285,1300.0,3.113943352306837,CHEMBL4625,Apoptosis regulator Bcl-X
90015580,517.0,4.0,1,7,5,516.1476798,516.1476798,110.0,37,0,878.0,0,1,0,0,0,1,CHEMBL3907520,0.328,-0.4841261562883209,CHEMBL1907611,Tumour suppressor p53/oncoprotein Mdm2
76324919,629.0,0.0,1,11,6,628.2039729,628.2039729,48.9,43,0,888.0,0,0,1,0,0,2,CHEMBL3112816,14000.0,4.146128035678238,CHEMBL1907611,Tumour suppressor p53/oncoprotein Mdm2
53237082,630.5,5.4,4,7,9,629.1859547,629.1859547,109.0,43,0,1000.0,0,4,0,0,0,1,CHEMBL3310320,5.0,0.6989700043360189,CHEMBL1907611,Tumour suppressor p53/oncoprotein Mdm2
71297204,420.5,5.5,2,8,4,420.07146811,420.07146811,144.0,29,0,648.0,0,0,0,1,0,1,CHEMBL3287283,13.0,1.1139433523068367,CHEMBL4625,Apoptosis regulator Bcl-X
67998850,607.6,5.2,1,6,9,606.1721988,606.1721988,103.0,40,0,1020.0,0,4,0,0,0,1,CHEMBL3318766,0.6,-0.2218487496163564,CHEMBL1907611,Tumour suppressor p53/oncoprotein Mdm2
71453503,808.5,7.5,2,8,13,807.3697375,807.3697375,102.0,57,0,1350.0,0,0,0,0,0,1,CHEMBL2171008,621.0,2.79309160017658,CHEMBL4860,Apoptosis regulator Bcl-2
46907040,318.4,4.2,2,3,2,318.21949481,318.21949481,57.5,23,0,587.0,0,8,0,0,0,1,CHEMBL1165508,10000.0,4.0,CHEMBL394,HCT-116
168280227,404.3,2.4,1,8,4,404.10962484,404.10962484,88.3,29,0,616.0,0,0,0,0,0,1,CHEMBL5185711,3700.0,3.568201724066995,CHEMBL3038498,Keap1/Nrf2
44248913,346.4,4.4,2,3,2,346.11175589,346.11175589,58.2,26,0,518.0,0,0,0,0,0,1,CHEMBL551508,159.0,2.2013971243204513,CHEMBL1949,Cyclophilin A
135407280,243.29,1.8,1,4,2,243.04663309,243.04663309,90.6,17,0,438.0,0,0,0,0,0,1,CHEMBL1520797,5338.0,3.727378569451489,CHEMBL2096976,Peroxisome proliferator-activated receptor gamma/Nuclear receptor corepressor 2
3333234,456.4,6.1,0,3,6,455.105499,455.105499,38.8,31,0,589.0,0,0,1,0,0,1,CHEMBL3604659,1000.0,3.0,CHEMBL1907611,Tumour suppressor p53/oncoprotein Mdm2
76328992,554.5,5.0,1,5,8,553.1456497,553.1456497,100.0,36,0,906.0,0,4,0,0,0,1,CHEMBL3125534,4.3,0.6334684555795865,CHEMBL2366298,SJSA-1
86703199,515.9,2.1,2,7,5,515.1472653,515.1472653,139.0,37,0,1030.0,0,0,1,0,0,1,CHEMBL3961711,3.22,0.5078558716958309,CHEMBL1907611,Tumour suppressor p53/oncoprotein Mdm2
86703240,555.4,4.7,0,7,6,554.1400076,554.1400076,76.4,38,0,841.0,0,0,1,0,0,1,CHEMBL3940681,0.657,-0.1824346304402192,CHEMBL1907611,Tumour suppressor p53/oncoprotein Mdm2
44412051,736.4,6.3,1,5,11,735.07637,735.07637,98.2,43,0,984.0,0,1,1,0,0,1,CHEMBL382389,2130.0,3.3283796034387376,CHEMBL5023,p53-binding protein Mdm-2
90655388,671.7,6.3,1,6,11,670.2034989,670.2034989,113.0,45,0,1160.0,0,4,0,0,0,1,CHEMBL3236643,0.2,-0.6989700043360187,CHEMBL5023,p53-binding protein Mdm-2
86703178,516.4,6.3,0,3,5,515.1167324,515.1167324,58.3,36,0,838.0,0,0,1,0,0,1,CHEMBL3984231,1.949,0.28981183911762143,CHEMBL1907611,Tumour suppressor p53/oncoprotein Mdm2
137656155,523.6,5.7,3,6,14,523.24710654,523.24710654,101.0,39,0,696.0,0,1,0,0,0,1,CHEMBL4095983,6.1,0.785329835010767,CHEMBL1255126,Protein Mdm4
652912,245.27,2.4,2,4,2,245.10519334,245.10519334,58.6,18,0,368.0,0,0,3,0,0,1,CHEMBL1528814,1100.0,3.041392685158225,CHEMBL1293239,Bcl-2-related protein A1
90644882,458.5,6.9,1,3,7,458.199428076,458.199428076,55.0,35,0,665.0,0,0,0,0,0,1,CHEMBL3291436,610.0,2.785329835010767,CHEMBL5023,p53-binding protein Mdm-2
15991562,596.8,7.3,2,8,9,596.21271261,596.21271261,158.0,41,0,985.0,0,0,0,0,0,1,CHEMBL387141,360.0,2.5563025007672873,CHEMBL4625,Apoptosis regulator Bcl-X
71663529,420.3,4.1,1,3,6,419.105499,419.105499,49.8,28,0,536.0,0,3,0,0,0,1,CHEMBL2347388,880.0,2.9444826721501687,CHEMBL5023,p53-binding protein Mdm-2
90303590,516.0,5.2,1,5,5,515.1524308,515.1524308,83.2,37,0,861.0,0,0,1,0,0,1,CHEMBL3940097,473.0,2.6748611407378116,CHEMBL1907611,Tumour suppressor p53/oncoprotein Mdm2
59249286,554.5,4.6,4,7,9,553.1710536,553.1710536,105.0,37,0,837.0,0,5,0,0,0,1,CHEMBL2402574,74.0,1.8692317197309762,CHEMBL5023,p53-binding protein Mdm-2
90655396,646.6,5.4,1,6,10,645.1830979,645.1830979,118.0,43,0,1130.0,0,4,0,0,0,1,CHEMBL3236651,1.0,0.0,CHEMBL5023,p53-binding protein Mdm-2
58573369,567.5,7.1,1,5,7,566.1197693,566.1197693,98.7,38,0,855.0,0,4,0,0,0,1,CHEMBL4107897,90.0,1.954242509439325,CHEMBL1907611,Tumour suppressor p53/oncoprotein Mdm2
117636655,484.5,5.9,2,9,5,484.16570042,484.16570042,109.0,34,0,751.0,0,0,0,0,0,1,CHEMBL3780066,111.0,2.0453229787866576,CHEMBL2093861,Menin/Histone-lysine N-methyltransferase MLL
162673497,551.6,5.9,2,9,9,551.1414015,551.1414015,130.0,39,0,951.0,0,0,1,0,0,1,CHEMBL4793340,170.0,2.230448921378274,CHEMBL3038498,Keap1/Nrf2
67998856,614.6,6.3,1,5,10,613.1456497,613.1456497,100.0,41,0,1030.0,0,4,0,0,0,1,CHEMBL3959155,1.6,0.2041199826559248,CHEMBL1907611,Tumour suppressor p53/oncoprotein Mdm2
73353549,668.7,6.9,0,5,6,667.2514522,667.2514522,84.8,45,0,1200.0,0,5,0,0,0,1,CHEMBL2398241,30.0,1.4771212547196624,CHEMBL1907611,Tumour suppressor p53/oncoprotein Mdm2
172469713,811.0,-6.9,13,13,26,810.51880512,810.51880512,401.0,57,0,1390.0,0,6,2,0,0,1,CHEMBL5437088,810.0,2.90848501887865,CHEMBL5482974,VEGA-NRP1
90058444,532.0,3.2,0,6,6,531.167332,531.167332,89.8,38,0,1010.0,0,0,1,0,0,1,CHEMBL3895294,33.3,1.5224442335063197,CHEMBL1907611,Tumour suppressor p53/oncoprotein Mdm2
51350512,470.4,5.6,1,3,8,469.121149,469.121149,49.8,32,0,618.0,0,1,1,0,0,1,CHEMBL1688262,869.0,2.9390197764486663,CHEMBL5023,p53-binding protein Mdm-2
53358566,587.4,3.6,3,8,7,586.1350024,586.1350024,115.0,40,0,990.0,0,4,0,0,0,1,CHEMBL2402732,23.0,1.3617278360175928,CHEMBL5023,p53-binding protein Mdm-2
53308655,261.27,2.7,1,5,4,261.10010796,261.10010796,72.6,19,0,323.0,0,0,0,0,0,1,CHEMBL1828984,28200.0,4.450249108319361,CHEMBL1293289,Bromodomain-containing protein 2
118540807,573.5,5.4,1,6,12,572.1528008,572.1528008,118.0,38,0,835.0,0,0,0,0,0,1,CHEMBL4103753,190.0,2.278753600952829,CHEMBL3712954,Interleukin-15
46221373,530.6,5.9,1,6,4,530.13002836,530.13002836,108.0,39,0,1090.0,0,0,1,1,0,1,CHEMBL1098754,12600.0,4.1003705451175625,CHEMBL4625,Apoptosis regulator Bcl-X
2836648,274.21,3.2,1,7,2,274.05021826,274.05021826,96.8,20,0,367.0,0,0,0,0,0,1,CHEMBL2311962,2100.0,3.322219294733919,CHEMBL3885518,Aryl hydrocarbon receptor nuclear translocator/Endothelial PAS domain-containing protein 1
90015755,562.0,3.0,1,8,6,561.1691435,561.1691435,116.0,40,0,1120.0,0,0,1,0,0,1,CHEMBL3939598,0.25,-0.6020599913279624,CHEMBL1907611,Tumour suppressor p53/oncoprotein Mdm2
59648036,694.7,5.5,0,13,9,694.25898923,694.25898923,84.4,49,0,1100.0,0,2,0,0,0,1,CHEMBL3233590,2700.0,3.4313637641589874,CHEMBL5023,p53-binding protein Mdm-2
71716776,474.4,5.6,0,3,4,473.109539,473.109539,61.2,31,0,767.0,0,0,2,0,0,1,CHEMBL2315838,42.0,1.6232492903979006,CHEMBL1907611,Tumour suppressor p53/oncoprotein Mdm2
118714485,2019.9,-0.9,21,26,40,2018.0037087,2018.0037087,725.0,140,0,4240.0,0,17,0,0,0,1,CHEMBL3335460,380.0,2.57978359661681,CHEMBL3430909,Transcriptional coactivator YAP1/Transcriptional enhancer factor TEF-1
53234693,594.6,5.8,3,9,10,594.10430498,594.10430498,184.0,41,0,993.0,0,0,0,0,0,1,CHEMBL1940669,32190.0,4.507720976685613,CHEMBL614628,Raji
118540845,545.7,5.1,1,8,13,545.23214244,545.23214244,132.0,39,0,904.0,0,0,0,0,0,1,CHEMBL4087773,1100.0,3.041392685158225,CHEMBL612545,Unchecked
139559748,591.6,3.2,2,13,10,591.05816324,591.05816324,179.0,40,0,1110.0,0,0,0,0,0,1,CHEMBL4648175,430.0,2.6334684555795866,CHEMBL3038498,Keap1/Nrf2
56591197,447.4,3.9,2,3,6,446.116398,446.116398,69.6,30,0,622.0,0,3,0,0,0,1,CHEMBL4109441,1700.0,3.230448921378274,CHEMBL1907611,Tumour suppressor p53/oncoprotein Mdm2
196978,240.21,3.2,2,4,0,240.04225873,240.04225873,74.6,18,0,378.0,0,0,0,0,0,1,CHEMBL372711,21000.0,4.3222192947339195,CHEMBL3879801,NON-PROTEIN TARGET
154998057,690.7,5.3,2,12,13,690.13418751,690.13418751,185.0,48,0,1290.0,0,0,0,0,0,1,CHEMBL5431154,7.7,0.8864907251724818,CHEMBL3038498,Keap1/Nrf2
168274699,772.8,5.2,2,15,12,772.23653971,772.23653971,157.0,53,0,1420.0,0,2,0,0,0,1,CHEMBL5179820,11.0,1.0413926851582251,CHEMBL1907611,Tumour suppressor p53/oncoprotein Mdm2
53054240,388.4,3.3,1,7,6,388.10929292,388.10929292,99.0,27,0,581.0,0,0,0,0,0,1,CHEMBL2181731,4900.0,3.690196080028514,CHEMBL1293289,Bromodomain-containing protein 2
2100904,452.2,3.9,1,8,4,451.03679,451.03679,85.2,28,0,531.0,0,0,0,0,0,1,CHEMBL1505221,3183.0,3.502836638621003,CHEMBL612545,Unchecked
57400462,1678.9,0.7,19,22,26,1677.72207524,1677.72207524,617.0,119,0,3410.0,0,13,0,0,0,1,CHEMBL1933131,5.0,0.6989700043360189,CHEMBL1907611,Tumour suppressor p53/oncoprotein Mdm2
71718304,611.5,4.4,1,9,6,610.13146,610.13146,107.0,40,0,1070.0,0,5,0,0,0,1,CHEMBL2337219,55700.0,4.745855195173729,CHEMBL614822,NIH3T3
44390613,512.3,4.0,2,4,4,512.0233,512.0233,86.7,30,0,660.0,0,2,0,0,0,1,CHEMBL178661,38000.0,4.57978359661681,CHEMBL1907611,Tumour suppressor p53/oncoprotein Mdm2
172464141,475.5,5.0,2,7,6,475.17074793,475.17074793,82.0,35,0,830.0,0,0,1,0,0,1,CHEMBL5429555,5510.0,3.741151598851785,CHEMBL5465553,WDR5-MYC
51003064,408.5,6.7,0,3,4,408.12963444,408.12963444,78.5,30,0,838.0,0,0,0,0,0,1,CHEMBL1672080,342.0,2.534026106056135,CHEMBL4860,Apoptosis regulator Bcl-2
53473133,478.0,6.0,1,4,7,477.080157,477.080157,80.9,33,0,709.0,0,0,0,0,0,1,CHEMBL1824804,3790.0,3.578639209968072,CHEMBL4625,Apoptosis regulator Bcl-X
72204032,517.0,4.0,1,7,5,516.1476798,516.1476798,110.0,37,0,878.0,0,0,1,0,0,1,CHEMBL3976234,0.349,-0.45717457304082015,CHEMBL1907611,Tumour suppressor p53/oncoprotein Mdm2
155565870,420.5,5.8,1,8,6,420.15955241,420.15955241,69.3,29,0,507.0,0,0,0,0,0,1,CHEMBL4580563,1800.0,3.255272505103306,CHEMBL2093861,Menin/Histone-lysine N-methyltransferase MLL
90455046,484.5,5.9,2,9,5,484.16570042,484.16570042,109.0,34,0,751.0,0,0,0,0,0,1,CHEMBL3780895,15.0,1.1760912590556813,CHEMBL2093861,Menin/Histone-lysine N-methyltransferase MLL
24798804,837.5,9.1,2,12,15,836.269372,836.269372,173.0,58,0,1370.0,0,1,0,0,0,1,CHEMBL1689139,3.0,0.47712125471966244,CHEMBL4625,Apoptosis regulator Bcl-X
168269881,417.5,4.7,1,4,5,417.20524173,417.20524173,75.4,31,0,634.0,0,0,0,0,0,1,CHEMBL5171689,1800.0,3.255272505103306,CHEMBL3038498,Keap1/Nrf2
44606646,534.5,3.6,5,5,8,533.1848119,533.1848119,111.0,36,0,808.0,0,5,0,0,0,1,CHEMBL578238,56.0,1.7481880270062005,CHEMBL5023,p53-binding protein Mdm-2
72205924,580.5,6.3,1,4,6,579.1491753,579.1491753,63.6,40,0,926.0,0,1,0,0,0,1,CHEMBL3919782,0.119,-0.9244530386074693,CHEMBL1907611,Tumour suppressor p53/oncoprotein Mdm2
56591304,492.4,5.1,1,5,9,491.1266283,491.1266283,83.9,33,0,696.0,0,4,0,0,0,1,CHEMBL2177186,7.6,0.8808135922807914,CHEMBL1907611,Tumour suppressor p53/oncoprotein Mdm2
72204796,598.5,5.9,1,5,7,597.125583,597.125583,89.0,40,0,1000.0,0,0,1,0,0,1,CHEMBL3904160,0.169,-0.7721132953863264,CHEMBL1907611,Tumour suppressor p53/oncoprotein Mdm2
155166727,776.0,4.8,2,10,9,775.43336478,775.43336478,121.0,57,0,1450.0,0,2,1,0,0,1,CHEMBL4781967,0.5,-0.3010299956639812,CHEMBL4523681,Protein cereblon/Estrogen receptor
88975523,770.8,6.4,1,15,13,770.25727515,770.25727515,141.0,53,0,1240.0,0,2,0,0,0,1,CHEMBL3805870,7.0,0.8450980400142568,CHEMBL1907611,Tumour suppressor p53/oncoprotein Mdm2
58006930,500.5,6.1,0,3,4,499.1251891,499.1251891,61.2,33,0,823.0,0,0,2,0,0,1,CHEMBL2315840,200.0,2.3010299956639813,CHEMBL1907611,Tumour suppressor p53/oncoprotein Mdm2
46894143,483.4,4.5,1,3,7,482.116398,482.116398,58.6,33,0,662.0,0,2,0,0,0,1,CHEMBL3219400,27100.0,4.432969290874405,CHEMBL1907611,Tumour suppressor p53/oncoprotein Mdm2
71562542,752.9,1.2,7,8,6,752.46972967,752.46972967,247.0,54,0,1320.0,0,6,0,0,0,1,CHEMBL2315084,665.0,2.8228216453031045,CHEMBL1615381,Menin
90654511,694.7,5.5,0,13,9,694.25898923,694.25898923,84.4,49,0,1100.0,0,2,0,0,0,1,CHEMBL3233589,4000.0,3.6020599913279625,CHEMBL5023,p53-binding protein Mdm-2
3518230,466.9,4.0,1,6,6,466.1295495,466.1295495,83.2,33,0,775.0,0,0,1,0,0,1,CHEMBL1465171,9918.0,3.996424103955091,CHEMBL2096976,Peroxisome proliferator-activated receptor gamma/Nuclear receptor corepressor 2
122184791,614.6,3.7,2,12,12,614.10288738,614.10288738,185.0,42,0,1050.0,0,0,0,0,0,1,CHEMBL3601222,1860.0,3.2695129442179165,CHEMBL3038498,Keap1/Nrf2
3634961,446.5,3.8,1,6,6,446.18417193,446.18417193,83.2,33,0,769.0,0,0,1,0,0,1,CHEMBL1391748,4891.0,3.6893976628212823,CHEMBL2096976,Peroxisome proliferator-activated receptor gamma/Nuclear receptor corepressor 2
56664972,547.8,5.5,1,5,7,546.051605,546.051605,95.6,36,0,823.0,0,0,1,0,0,1,CHEMBL1834381,3670.0,3.5646660642520893,CHEMBL1907611,Tumour suppressor p53/oncoprotein Mdm2
58573918,517.4,6.3,1,4,7,516.1582628,516.1582628,75.7,35,0,798.0,0,3,1,0,0,1,CHEMBL4108531,490.0,2.690196080028514,CHEMBL1907611,Tumour suppressor p53/oncoprotein Mdm2
3883,369.4,2.8,1,8,5,369.07588236,369.07588236,87.1,25,0,480.0,0,0,1,0,0,1,CHEMBL480,73.1,1.8639173769578605,CHEMBL612652,Giardia intestinalis
70685854,866.2,8.5,1,6,12,865.15617,865.15617,130.0,53,0,1380.0,0,0,0,0,0,1,CHEMBL2031017,35.0,1.5440680443502757,CHEMBL4860,Apoptosis regulator Bcl-2
118439660,504.4,2.0,2,6,5,503.1178752,503.1178752,72.9,34,0,846.0,0,4,0,0,0,1,CHEMBL4753559,39.0,1.591064607026499,CHEMBL1907611,Tumour suppressor p53/oncoprotein Mdm2
168271276,720.8,5.2,2,13,15,720.14475219,720.14475219,194.0,50,0,1330.0,0,0,0,0,0,1,CHEMBL5179491,480.0,2.681241237375587,CHEMBL3038498,Keap1/Nrf2
11638938,353.8,3.8,2,3,5,353.0931045,353.0931045,63.3,25,0,417.0,0,0,0,0,0,1,CHEMBL201450,592.0,2.77232170672292,CHEMBL1949,Cyclophilin A
58573738,582.5,3.9,1,7,10,581.1517977,581.1517977,116.0,38,0,966.0,0,4,0,0,0,1,CHEMBL3946498,4.0,0.6020599913279624,CHEMBL1907611,Tumour suppressor p53/oncoprotein Mdm2
122184780,712.4,5.2,2,10,10,711.90073,709.90278,166.0,40,0,1020.0,0,0,0,0,0,1,CHEMBL3601211,36.5,1.5622928644564746,CHEMBL3038498,Keap1/Nrf2
172463375,466.5,5.7,1,7,5,466.21803247,466.21803247,65.0,34,0,825.0,0,0,0,0,0,1,CHEMBL5433280,2460.0,3.3909351071033793,CHEMBL5465553,WDR5-MYC
68715814,681.6,5.6,0,7,9,680.2168403,680.2168403,101.0,47,0,1130.0,0,2,0,0,0,1,CHEMBL3220693,70.0,1.845098040014257,CHEMBL1907611,Tumour suppressor p53/oncoprotein Mdm2
57392126,362.8,4.2,2,4,3,362.0934388,362.0934388,66.9,26,0,504.0,0,0,0,0,0,1,CHEMBL1915644,1.0,0.0,CHEMBL4523,Serine/threonine-protein kinase PIM2
156017455,492.6,-2.8,5,12,12,492.28086628,492.28086628,189.0,35,0,701.0,0,5,0,0,0,1,CHEMBL4643465,72.4,1.8597385661971468,CHEMBL4106124,MLL1-ASH2L/RbBP5/WDR5/DPY30
44417626,450.5,4.1,3,4,7,450.1943427,450.1943427,72.8,34,0,674.0,0,0,2,0,0,1,CHEMBL387183,84000.0,4.924279286061882,CHEMBL1907611,Tumour suppressor p53/oncoprotein Mdm2
58573825,434.4,4.8,1,3,5,433.121149,433.121149,57.6,29,0,605.0,0,3,0,0,0,1,CHEMBL4110489,3.4,0.5314789170422551,CHEMBL1907611,Tumour suppressor p53/oncoprotein Mdm2
155557794,438.6,2.8,3,6,8,438.17593318,438.17593318,132.0,29,0,532.0,0,0,0,0,0,1,CHEMBL4559284,10000.0,4.0,CHEMBL612545,Unchecked
58573063,567.5,7.1,1,5,7,566.1197693,566.1197693,98.7,38,0,855.0,0,4,0,0,0,1,CHEMBL4115598,70.0,1.845098040014257,CHEMBL1907611,Tumour suppressor p53/oncoprotein Mdm2
136499226,587.1,5.3,1,9,6,586.2207646,586.2207646,120.0,42,0,976.0,0,1,0,0,0,1,CHEMBL5092465,0.52,-0.28399665636520083,CHEMBL1907611,Tumour suppressor p53/oncoprotein Mdm2
137654941,377.78,2.8,5,6,6,377.0890817,377.0890817,131.0,26,0,519.0,0,0,0,0,0,1,CHEMBL4093597,240.0,2.380211241711606,CHEMBL4106125,BCoR-BCL6
172471290,486.4,4.1,2,10,6,486.15148965,486.15148965,102.0,35,0,901.0,0,1,0,0,0,1,CHEMBL5440333,640.0,2.806179973983887,CHEMBL5465553,WDR5-MYC
135386184,459.0,3.7,2,6,6,458.2197019,458.2197019,84.8,32,0,666.0,0,0,1,0,0,1,CHEMBL4459012,640.0,2.806179973983887,CHEMBL4105786,B-cell lymphoma 6 protein
44570084,621.5,6.3,1,4,6,620.1423,620.1423,78.7,42,0,906.0,0,1,0,0,0,1,CHEMBL509788,40.0,1.6020599913279623,CHEMBL4860,Apoptosis regulator Bcl-2
54669868,261.32,2.6,1,4,4,261.13649347,261.13649347,55.5,19,0,287.0,0,0,1,0,0,1,CHEMBL1828986,1600.0,3.2041199826559246,CHEMBL1293289,Bromodomain-containing protein 2
12006124,438.6,4.7,1,8,4,438.02788922,438.02788922,150.0,29,0,680.0,0,0,0,0,0,1,CHEMBL1372231,713.43,2.8533513676327242,CHEMBL2093862,Runt-related transcription factor 1/Core-binding factor subunit beta
58573486,587.5,3.0,2,8,8,586.1612973,586.1612973,81.1,39,0,895.0,0,4,0,0,0,1,CHEMBL3964874,6.0,0.7781512503836436,CHEMBL1907611,Tumour suppressor p53/oncoprotein Mdm2
56591239,470.3,4.0,1,5,5,469.0959969,469.0959969,83.4,32,0,687.0,0,3,0,0,0,1,CHEMBL4106459,110.0,2.041392685158225,CHEMBL1907611,Tumour suppressor p53/oncoprotein Mdm2
67035866,423.3,6.5,1,3,4,422.0588831,422.0588831,55.1,29,0,571.0,0,0,0,0,0,1,CHEMBL3260810,11.0,1.0413926851582251,CHEMBL5023,p53-binding protein Mdm-2
72206457,522.4,5.2,1,5,5,521.1385304,521.1385304,86.3,36,0,781.0,0,0,1,0,0,1,CHEMBL3945261,0.263,-0.5800442515102421,CHEMBL1907611,Tumour suppressor p53/oncoprotein Mdm2
70694201,790.9,8.6,2,7,12,790.28250625,790.28250625,139.0,58,0,1460.0,0,0,0,0,0,1,CHEMBL2030851,30.0,1.4771212547196624,CHEMBL4625,Apoptosis regulator Bcl-X
72206108,501.6,3.0,1,7,6,501.23760449,501.23760449,114.0,37,0,847.0,0,0,1,0,0,1,CHEMBL3980581,13.64,1.13481437032046,CHEMBL1907611,Tumour suppressor p53/oncoprotein Mdm2
164620203,638.7,3.8,2,12,10,638.10288738,638.10288738,185.0,44,0,1180.0,0,0,0,0,0,1,CHEMBL4867904,164.0,2.214843848047698,CHEMBL3038498,Keap1/Nrf2
3240852,274.34,-0.1,3,5,6,274.09872823,274.09872823,113.0,18,0,352.0,0,3,0,0,0,1,CHEMBL1454198,389.38,2.590373640782616,CHEMBL4374,Photoreceptor-specific nuclear receptor
168290383,513.7,4.1,2,9,11,513.33284228,513.33284228,96.2,38,0,744.0,0,0,0,0,0,1,CHEMBL5200814,820.0,2.9138138523837167,CHEMBL2093861,Menin/Histone-lysine N-methyltransferase MLL
58573289,595.6,5.4,1,6,11,594.1721988,594.1721988,103.0,39,0,979.0,0,4,0,0,0,1,CHEMBL3935901,44.0,1.6434526764861874,CHEMBL1907611,Tumour suppressor p53/oncoprotein Mdm2
11144131,414.3,4.5,3,2,5,413.0697822,413.0697822,70.2,28,0,518.0,0,0,0,0,0,1,CHEMBL276713,3350.0,3.525044807036845,CHEMBL2780,Cyclophilin A
58573577,494.4,3.9,3,5,8,493.1422784,493.1422784,98.1,33,0,686.0,0,5,0,0,0,1,CHEMBL4110667,1.0,0.0,CHEMBL1907611,Tumour suppressor p53/oncoprotein Mdm2
162659518,526.0,5.4,2,8,9,525.0649008,525.0649008,130.0,36,0,864.0,0,0,1,0,0,1,CHEMBL4763510,7640.0,3.8830933585756897,CHEMBL3038498,Keap1/Nrf2
1294813,372.4,4.4,1,5,3,372.111007,372.111007,73.6,28,0,565.0,0,0,0,0,0,1,CHEMBL1464502,2002.0,3.3014640731433,CHEMBL2096976,Peroxisome proliferator-activated receptor gamma/Nuclear receptor corepressor 2
172469183,841.1,-5.6,13,13,27,840.51161174,840.51161174,382.0,58,0,1410.0,0,6,2,0,0,1,CHEMBL5436656,630.0,2.7993405494535817,CHEMBL5482974,VEGA-NRP1
145954661,603.6,2.6,3,12,12,603.09813635,603.09813635,200.0,41,0,1120.0,0,0,0,0,0,1,CHEMBL4169869,1300.0,3.113943352306837,CHEMBL3038498,Keap1/Nrf2
1271003,249.4,3.6,1,3,2,249.02820632,249.02820632,86.5,16,0,330.0,0,0,0,1,0,1,CHEMBL443375,18310.0,4.262688344301696,CHEMBL612518,LNCaP
16090384,445.5,4.9,1,5,9,445.18892296,445.18892296,76.1,33,0,669.0,0,0,2,0,0,1,CHEMBL182052,90000.0,4.954242509439325,CHEMBL1907611,Tumour suppressor p53/oncoprotein Mdm2
71546836,406.1,3.2,0,4,2,403.93301,403.93301,49.9,22,0,522.0,0,0,0,0,0,1,CHEMBL2316737,9940.0,3.997386384397313,CHEMBL2034807,DNA repair protein RAD51 homolog 1
5712,304.3,3.1,1,3,4,304.121177757,304.121177757,51.2,23,0,386.0,0,0,0,0,0,1,CHEMBL333985,300.0,2.4771212547196626,CHEMBL614519,ACHN
53322938,458.9,4.6,1,4,5,458.1397203,458.1397203,73.6,33,0,752.0,0,2,1,0,0,1,CHEMBL1688253,2300.0,3.361727836017593,CHEMBL5023,p53-binding protein Mdm-2
44595744,492.9,4.7,1,5,7,492.1451996,492.1451996,95.6,35,0,785.0,0,0,1,0,0,1,CHEMBL1834375,492.0,2.69196510276736,CHEMBL1907611,Tumour suppressor p53/oncoprotein Mdm2
25044910,422.9,3.4,3,6,5,422.0274104,422.0274104,137.0,27,0,600.0,0,0,0,0,0,1,CHEMBL522416,690.0,2.838849090737255,CHEMBL1949,Cyclophilin A
58573678,470.4,4.7,1,5,5,469.0881348,469.0881348,83.1,30,0,717.0,0,3,0,0,0,1,CHEMBL4111356,120.0,2.0791812460476247,CHEMBL1907611,Tumour suppressor p53/oncoprotein Mdm2
164769789,520.1,5.2,3,7,6,519.2513364,519.2513364,99.4,37,0,721.0,0,0,0,0,0,1,CHEMBL5070786,370.0,2.568201724066995,CHEMBL3883320,Histone-lysine N-methyltransferase 2A/WDR5
171355535,654.7,4.9,1,9,13,654.26537659,654.26537659,96.7,48,0,966.0,0,4,1,0,0,1,CHEMBL5277151,1.17,0.06818586174616162,CHEMBL1907611,Tumour suppressor p53/oncoprotein Mdm2
118714462,2380.9,-4.7,28,31,73,2380.3282819,2379.3249271,903.0,168,0,5250.0,0,21,0,0,0,1,CHEMBL3335437,25000.0,4.3979400086720375,CHEMBL3430909,Transcriptional coactivator YAP1/Transcriptional enhancer factor TEF-1
53317544,1833.1,3.0,21,24,55,1831.91582334,1831.91582334,652.0,132,0,3830.0,0,13,0,0,0,1,CHEMBL1689398,6.2,0.7923916894982539,CHEMBL5023,p53-binding protein Mdm-2
156276763,446.9,4.2,2,7,3,446.1321099,446.1321099,66.5,31,0,762.0,0,1,0,0,0,1,CHEMBL5430107,18.5,1.2671717284030137,CHEMBL4105786,B-cell lymphoma 6 protein
16020063,337.8,4.2,1,2,2,337.0981898,337.0981898,49.0,24,0,471.0,0,0,1,0,0,1,CHEMBL1333839,1500.0,3.1760912590556813,CHEMBL1907611,Tumour suppressor p53/oncoprotein Mdm2
117656711,432.3,4.6,1,3,6,431.105499,431.105499,57.6,29,0,603.0,0,2,1,0,0,1,CHEMBL3905949,320.0,2.505149978319906,CHEMBL1907611,Tumour suppressor p53/oncoprotein Mdm2
90058343,502.0,2.9,0,5,5,501.1567673,501.1567673,80.6,36,0,951.0,0,0,1,0,0,1,CHEMBL3923259,3916.8,3.5929313961294485,CHEMBL1907611,Tumour suppressor p53/oncoprotein Mdm2
45483702,496.4,5.1,0,5,2,495.06947,495.06947,67.0,33,0,809.0,0,0,2,0,0,1,CHEMBL568499,5840.0,3.7664128471123997,CHEMBL1907611,Tumour suppressor p53/oncoprotein Mdm2
25227848,466.9,4.4,1,5,8,466.1295495,466.1295495,95.6,33,0,672.0,0,0,1,0,0,1,CHEMBL1688260,360.0,2.5563025007672873,CHEMBL5023,p53-binding protein Mdm-2
122194678,498.6,4.2,2,8,8,498.09192877,498.09192877,128.0,34,0,797.0,0,0,0,0,0,1,CHEMBL3632699,630.0,2.7993405494535817,CHEMBL3038498,Keap1/Nrf2
124221549,623.5,5.6,1,9,10,622.1282831,622.1282831,103.0,40,0,1000.0,0,3,1,0,0,1,CHEMBL3961625,2.0,0.3010299956639812,CHEMBL1907611,Tumour suppressor p53/oncoprotein Mdm2
2333,424.1,5.7,1,3,3,423.91327,421.91532,50.4,22,0,405.0,0,0,0,0,0,1,CHEMBL388590,16.0,1.2041199826559248,CHEMBL3397,Cytochrome P450 2C9
155510853,253.4,3.4,0,4,6,253.05950645,253.05950645,80.7,16,0,274.0,0,0,1,0,0,1,CHEMBL4434840,25118.86,4.399999925393822,CHEMBL612545,Unchecked
44176176,679.4,5.0,1,5,7,678.06614,678.06614,79.1,39,0,841.0,0,1,0,0,0,1,CHEMBL380178,3600.0,3.5563025007672873,CHEMBL5023,p53-binding protein Mdm-2
3524797,482.5,3.1,0,6,6,482.15901982,482.15901982,105.0,36,0,1150.0,0,0,0,0,0,1,CHEMBL3192906,13100.0,4.117271295655764,CHEMBL2093862,Runt-related transcription factor 1/Core-binding factor subunit beta
154584167,521.5,4.7,2,9,10,521.11443787,521.11443787,139.0,37,0,875.0,0,0,1,0,0,1,CHEMBL4760635,2280.0,3.357934847000454,CHEMBL3038498,Keap1/Nrf2
56950566,349.4,2.3,2,6,4,349.14601278,349.14601278,92.6,24,0,522.0,0,0,1,0,0,1,CHEMBL2181713,8400.0,3.9242792860618816,CHEMBL1795186,Bromodomain-containing protein 3
90058276,576.5,6.4,0,3,6,575.1742472,575.1742472,54.8,40,0,910.0,0,1,0,0,0,1,CHEMBL4107315,620.83,2.792972694911955,CHEMBL1907611,Tumour suppressor p53/oncoprotein Mdm2
172468432,439.5,4.3,1,7,5,439.17074793,439.17074793,71.0,32,0,754.0,0,0,1,0,0,1,CHEMBL5435031,3830.0,3.583198773968623,CHEMBL5465553,WDR5-MYC
44570040,556.7,6.1,0,4,7,556.2474409,556.2474409,67.7,42,0,885.0,0,1,0,0,0,1,CHEMBL501871,160.0,2.2041199826559246,CHEMBL4860,Apoptosis regulator Bcl-2
141755768,377.8,2.5,2,8,4,377.1367006,377.1367006,116.0,26,0,472.0,0,0,0,0,0,1,CHEMBL5085009,38100.0,4.580924975675619,CHEMBL3883320,Histone-lysine N-methyltransferase 2A/WDR5
162674124,1252.4,-2.1,15,15,24,1251.65127583,1251.65127583,472.0,90,0,2630.0,0,11,1,1,0,1,CHEMBL4795988,649.0,2.812244696800369,CHEMBL2093861,Menin/Histone-lysine N-methyltransferase MLL
662970,252.31,3.0,0,3,0,252.137496527,252.137496527,43.1,19,0,347.0,0,0,0,0,0,1,CHEMBL1350376,36800.0,4.565847818673518,CHEMBL2093862,Runt-related transcription factor 1/Core-binding factor subunit beta
53236857,583.5,5.0,4,5,6,582.1600743,582.1600743,113.0,40,0,986.0,0,4,0,0,0,1,CHEMBL3310185,5.0,0.6989700043360189,CHEMBL1907611,Tumour suppressor p53/oncoprotein Mdm2
90016040,568.4,4.3,0,6,6,567.1440097,567.1440097,89.8,39,0,1020.0,0,1,0,0,0,1,CHEMBL3915879,0.144,-0.8416375079047503,CHEMBL1907611,Tumour suppressor p53/oncoprotein Mdm2
60169705,864.5,10.3,2,10,15,863.3054231,863.3054231,152.0,60,0,1420.0,0,1,0,0,0,1,CHEMBL2159738,11.0,1.0413926851582251,CHEMBL4625,Apoptosis regulator Bcl-X
4798854,473.4,2.8,1,6,5,472.0738818,472.0738818,108.0,30,0,832.0,0,0,0,0,0,1,CHEMBL4867592,4000.0,3.6020599913279625,CHEMBL3137261,PRMT5/MEP50 complex
5691857,474.5,3.7,2,8,5,474.08855747,474.08855747,134.0,34,0,862.0,0,0,0,0,0,1,CHEMBL1499658,2000.0,3.3010299956639813,CHEMBL2093862,Runt-related transcription factor 1/Core-binding factor subunit beta
70696317,647.8,6.8,1,7,10,647.25662585,647.25662585,121.0,47,0,1160.0,0,0,0,0,0,1,CHEMBL2031007,150.0,2.1760912590556813,CHEMBL4860,Apoptosis regulator Bcl-2
45138355,604.5,5.6,3,7,8,603.197937,603.197937,103.0,41,0,990.0,0,4,0,0,0,1,CHEMBL2402729,56.0,1.7481880270062005,CHEMBL5023,p53-binding protein Mdm-2
661982,433.5,3.8,1,6,9,433.20015635,433.20015635,86.9,32,0,720.0,0,0,1,0,0,1,CHEMBL1402874,4134.0,3.6163704722912695,CHEMBL2096976,Peroxisome proliferator-activated receptor gamma/Nuclear receptor corepressor 2
46907075,318.4,4.0,2,3,1,318.21949481,318.21949481,57.5,23,0,583.0,0,7,0,0,0,1,CHEMBL1165054,10000.0,4.0,CHEMBL394,HCT-116
11567780,412.5,2.2,3,6,7,412.12052631,412.12052631,118.0,29,0,610.0,0,0,0,0,0,1,CHEMBL371213,320.0,2.505149978319906,CHEMBL1949,Cyclophilin A
662069,315.15,1.8,0,5,3,313.93608,313.93608,87.7,17,0,422.0,0,0,0,0,0,1,CHEMBL1517409,6294.0,3.7989267385772014,CHEMBL2096976,Peroxisome proliferator-activated receptor gamma/Nuclear receptor corepressor 2
172446669,809.0,-5.3,12,12,26,808.53954056,808.53954056,381.0,57,0,1390.0,0,6,2,0,0,1,CHEMBL5394495,2410.0,3.3820170425748683,CHEMBL5482974,VEGA-NRP1
2836622,335.66,3.6,1,8,2,335.005746,335.005746,143.0,23,0,472.0,0,0,0,0,0,1,CHEMBL2311968,400.0,2.6020599913279625,CHEMBL3885518,Aryl hydrocarbon receptor nuclear translocator/Endothelial PAS domain-containing protein 1
44191246,741.6,9.5,8,8,9,740.1692214,740.1692214,180.0,52,0,1130.0,0,0,0,0,0,1,CHEMBL553474,3200.0,3.505149978319906,CHEMBL4361,Induced myeloid leukemia cell differentiation protein Mcl-1
136359952,518.5,6.2,1,4,7,517.1357537,517.1357537,87.1,34,0,784.0,0,3,0,0,0,1,CHEMBL4112284,1760.0,3.24551266781415,CHEMBL1907611,Tumour suppressor p53/oncoprotein Mdm2
90655405,731.7,7.2,1,10,11,730.1316544,730.1316544,141.0,47,0,1280.0,0,4,0,0,0,1,CHEMBL3236661,1.3,0.11394335230683679,CHEMBL5023,p53-binding protein Mdm-2
156405844,326.4,2.7,1,7,4,326.04580766,326.04580766,100.0,20,0,461.0,0,1,0,0,0,1,CHEMBL5433224,1400.0,3.146128035678238,CHEMBL3885518,Aryl hydrocarbon receptor nuclear translocator/Endothelial PAS domain-containing protein 1
118714477,1969.4,-2.9,20,27,40,1968.01475225,1968.01475225,753.0,136,0,4090.0,0,17,0,0,0,1,CHEMBL3335452,150.0,2.1760912590556813,CHEMBL3430909,Transcriptional coactivator YAP1/Transcriptional enhancer factor TEF-1
166633871,419.5,5.3,2,6,7,419.23212518,419.23212518,92.9,31,0,623.0,0,0,0,0,0,1,CHEMBL5085142,8400.0,3.9242792860618816,CHEMBL1907611,Tumour suppressor p53/oncoprotein Mdm2
59249253,586.5,4.3,3,7,7,585.1397534,585.1397534,102.0,40,0,987.0,0,4,0,0,0,1,CHEMBL2402730,42.0,1.6232492903979006,CHEMBL5023,p53-binding protein Mdm-2
71575231,322.68,3.8,1,7,3,322.026896,322.026896,96.8,22,0,413.0,0,0,0,0,0,1,CHEMBL2311949,2000.0,3.3010299956639813,CHEMBL3885518,Aryl hydrocarbon receptor nuclear translocator/Endothelial PAS domain-containing protein 1
71562786,765.0,1.2,7,8,6,764.46972967,764.46972967,247.0,55,0,1390.0,0,5,0,0,0,1,CHEMBL2314568,194.0,2.287801729930226,CHEMBL1615381,Menin
332978,254.31,2.8,2,3,0,254.05138412,254.05138412,66.4,18,0,375.0,0,0,1,0,0,1,CHEMBL1359561,8950.0,3.951823035315912,CHEMBL2093862,Runt-related transcription factor 1/Core-binding factor subunit beta
58573596,643.6,6.2,1,6,11,642.1721988,642.1721988,103.0,43,0,1080.0,0,4,0,0,0,1,CHEMBL4111883,0.3,-0.5228787452803376,CHEMBL1907611,Tumour suppressor p53/oncoprotein Mdm2
11599265,552.5,3.7,5,6,8,551.1753901,551.1753901,111.0,37,0,845.0,0,5,0,0,0,1,CHEMBL578028,16.4,1.2148438480476977,CHEMBL5023,p53-binding protein Mdm-2
90016517,572.0,3.9,1,6,7,571.1786456,571.1786456,100.0,41,0,999.0,0,0,1,0,0,1,CHEMBL3978059,0.334,-0.4762535331884355,CHEMBL1907611,Tumour suppressor p53/oncoprotein Mdm2
71449847,825.4,6.5,2,10,12,824.3235156,824.3235156,147.0,58,0,1440.0,0,0,0,0,0,1,CHEMBL2170852,117.0,2.0681858617461617,CHEMBL4860,Apoptosis regulator Bcl-2
155525472,372.6,2.8,3,4,8,372.201754,372.201754,114.0,24,0,394.0,0,0,0,0,0,1,CHEMBL4457869,31622.78,4.500000046671104,CHEMBL612545,Unchecked
134141909,598.7,4.7,3,10,13,598.14435827,598.14435827,165.0,41,0,1040.0,0,0,0,0,0,1,CHEMBL3928944,190.0,2.278753600952829,CHEMBL4106129,Keap1-p62
4522020,449.5,2.9,0,5,3,449.14878949,449.14878949,102.0,34,0,1160.0,0,0,0,0,0,1,CHEMBL1998294,429.0,2.6324572921847245,CHEMBL2093862,Runt-related transcription factor 1/Core-binding factor subunit beta
71563153,807.0,2.3,7,8,7,806.51667986,806.51667986,247.0,58,0,1470.0,0,5,0,0,0,1,CHEMBL2314813,4610.0,3.663700925389648,CHEMBL1615381,Menin
86703203,510.0,3.8,1,6,6,509.2193676,509.2193676,95.5,36,0,758.0,0,0,1,0,0,1,CHEMBL3968623,6.845,0.8353734524700088,CHEMBL1907611,Tumour suppressor p53/oncoprotein Mdm2
45483709,568.2,6.2,0,5,2,567.97327,565.97531,43.2,33,0,755.0,0,0,2,0,0,1,CHEMBL565262,1720.0,3.2355284469075487,CHEMBL1907611,Tumour suppressor p53/oncoprotein Mdm2
117656723,506.4,5.4,1,5,9,505.1422784,505.1422784,83.9,34,0,741.0,0,3,1,0,0,1,CHEMBL3926383,3.0,0.47712125471966244,CHEMBL1907611,Tumour suppressor p53/oncoprotein Mdm2
71717127,432.3,4.6,1,3,6,431.105499,431.105499,57.6,29,0,603.0,0,3,0,0,0,1,CHEMBL2347379,8100.0,3.90848501887865,CHEMBL5023,p53-binding protein Mdm-2
3320815,491.5,2.7,1,10,6,491.14273892,491.14273892,151.0,35,0,998.0,0,0,1,0,0,1,CHEMBL1577884,60900.0,4.784617292632875,CHEMBL2093862,Runt-related transcription factor 1/Core-binding factor subunit beta
2849148,274.34,-0.1,3,5,6,274.09872823,274.09872823,113.0,18,0,352.0,0,0,3,0,0,1,CHEMBL1391310,139.1,2.143327129992046,CHEMBL4374,Photoreceptor-specific nuclear receptor
155536474,307.37,2.7,2,5,6,307.09906259,307.09906259,104.0,21,0,388.0,0,0,0,0,0,1,CHEMBL4473289,12589.25,4.099999857942367,CHEMBL612545,Unchecked
53473480,528.4,6.7,1,5,7,527.0360993,527.0360993,90.1,35,0,798.0,0,0,0,0,0,1,CHEMBL1824827,3760.0,3.575187844927661,CHEMBL4625,Apoptosis regulator Bcl-X
3663276,319.4,3.2,2,3,5,319.132076794,319.132076794,63.3,24,0,379.0,0,0,0,0,0,1,CHEMBL202880,754.0,2.877371345869774,CHEMBL1949,Cyclophilin A
54757749,217.26,3.1,0,3,3,217.110278721,217.110278721,35.3,16,0,222.0,0,0,0,0,0,1,CHEMBL1828981,7400.0,3.8692317197309762,CHEMBL1293289,Bromodomain-containing protein 2
166635932,522.0,3.2,3,8,5,521.230601,521.230601,111.0,37,0,738.0,0,0,0,0,0,1,CHEMBL5086134,110.0,2.041392685158225,CHEMBL3883320,Histone-lysine N-methyltransferase 2A/WDR5
68001210,566.5,5.5,1,5,10,565.1456497,565.1456497,100.0,37,0,927.0,0,4,0,0,0,1,CHEMBL3961096,0.3,-0.5228787452803376,CHEMBL1907611,Tumour suppressor p53/oncoprotein Mdm2
44570044,584.7,6.1,0,5,8,584.24235551,584.24235551,84.7,44,0,977.0,0,1,0,0,0,1,CHEMBL453466,280.0,2.4471580313422194,CHEMBL4860,Apoptosis regulator Bcl-2
146680922,716.8,1.1,4,14,12,716.16961901,716.16961901,259.0,50,0,1280.0,0,0,0,0,0,1,CHEMBL4544116,15.8,1.1986570869544226,CHEMBL3038498,Keap1/Nrf2
72696510,460.4,5.4,0,4,4,459.1480325,459.1480325,45.1,31,0,658.0,0,0,2,0,0,1,CHEMBL3093509,3500.0,3.5440680443502757,CHEMBL394,HCT-116
70690003,747.1,8.2,2,7,12,745.165924,745.165924,133.0,49,0,1220.0,0,0,0,0,0,1,CHEMBL2031011,910.0,2.9590413923210934,CHEMBL4860,Apoptosis regulator Bcl-2
25052266,681.6,4.7,0,8,7,680.1263113,680.1263113,116.0,46,0,1340.0,0,2,0,0,0,1,CHEMBL3220437,460.0,2.662757831681574,CHEMBL1907611,Tumour suppressor p53/oncoprotein Mdm2
118540615,553.1,5.1,1,6,12,552.2074232,552.2074232,118.0,38,0,831.0,0,0,0,0,0,1,CHEMBL4101575,1700.0,3.230448921378274,CHEMBL612545,Unchecked
71745128,392.4,5.0,3,8,5,392.09431156,392.09431156,142.0,28,0,604.0,0,0,0,1,0,1,CHEMBL2398267,6700.0,3.8260748027008264,CHEMBL4625,Apoptosis regulator Bcl-X
76310355,610.5,0.0,1,9,5,609.1521296,609.1521296,78.9,41,0,882.0,0,0,1,0,0,2,CHEMBL3112780,6700.0,3.8260748027008264,CHEMBL1907611,Tumour suppressor p53/oncoprotein Mdm2
129028630,672.5,3.7,2,8,6,671.1502379,671.1502379,110.0,47,0,1200.0,0,4,0,0,0,1,CHEMBL4779757,7.0,0.8450980400142568,CHEMBL1907611,Tumour suppressor p53/oncoprotein Mdm2
70684416,1135.8,8.5,5,15,24,1134.4586293,1134.4586293,245.0,79,0,1970.0,0,2,0,0,0,1,CHEMBL2063882,6.1,0.785329835010767,CHEMBL4625,Apoptosis regulator Bcl-X
72205161,497.0,3.7,0,6,6,496.1877331,496.1877331,78.7,35,0,730.0,0,0,1,0,0,1,CHEMBL3955006,1.64,0.21484384804769785,CHEMBL1907611,Tumour suppressor p53/oncoprotein Mdm2
67998873,580.6,5.7,1,5,11,579.1612998,579.1612998,100.0,38,0,943.0,0,4,0,0,0,1,CHEMBL3915213,0.2,-0.6989700043360187,CHEMBL1907611,Tumour suppressor p53/oncoprotein Mdm2
56591151,529.5,3.0,1,4,9,528.1946483,528.1946483,60.9,36,0,778.0,0,3,0,0,0,1,CHEMBL4115245,60.0,1.7781512503836436,CHEMBL1907611,Tumour suppressor p53/oncoprotein Mdm2
164769791,521.1,3.2,2,8,5,520.2465854,520.2465854,93.9,37,0,736.0,0,0,0,0,0,1,CHEMBL5092012,220.0,2.342422680822206,CHEMBL3883320,Histone-lysine N-methyltransferase 2A/WDR5
155537046,366.5,2.8,1,6,7,366.10718492,366.10718492,110.0,24,0,563.0,0,0,0,1,0,1,CHEMBL4474497,2511.89,3.4000006169763797,CHEMBL612545,Unchecked
71606424,936.6,8.3,3,12,18,935.3265525,935.3265525,190.0,65,0,1590.0,0,1,0,0,0,1,CHEMBL2325761,8.2,0.9138138523837167,CHEMBL4625,Apoptosis regulator Bcl-X
145963385,456.6,5.4,0,6,12,456.25118886,456.25118886,78.9,33,0,746.0,0,0,2,0,0,1,CHEMBL4126974,3000.0,3.4771212547196626,CHEMBL4296108,HIF1A/p300/CREB-binding protein
16109094,779.0,8.4,2,10,15,778.29711094,778.29711094,164.0,55,0,1280.0,0,1,0,0,0,1,CHEMBL374309,11.0,1.0413926851582251,CHEMBL612545,Unchecked
57406853,727.8,7.3,0,6,10,726.2773326,726.2773326,90.9,49,0,1260.0,0,2,0,0,0,1,CHEMBL2386346,18.0,1.255272505103306,CHEMBL5023,p53-binding protein Mdm-2
10917946,489.4,6.5,2,2,7,488.1058333,488.1058333,58.2,34,0,635.0,0,0,0,0,0,1,CHEMBL13602,870.0,2.9395192526186187,CHEMBL2780,Cyclophilin A
60154112,374.3,5.1,0,1,4,373.1000197,373.1000197,20.3,25,0,473.0,0,2,0,0,0,1,CHEMBL2177192,820.0,2.9138138523837167,CHEMBL1907611,Tumour suppressor p53/oncoprotein Mdm2
1892604,465.5,2.5,0,6,4,465.1437041,465.1437041,112.0,35,0,1170.0,0,0,0,0,0,1,CHEMBL3207893,3898.07,3.5908496337402407,CHEMBL4361,Induced myeloid leukemia cell differentiation protein Mcl-1
156405852,340.4,3.1,1,7,4,340.06145772,340.06145772,100.0,21,0,495.0,0,1,0,0,0,1,CHEMBL5404788,1100.0,3.041392685158225,CHEMBL3885518,Aryl hydrocarbon receptor nuclear translocator/Endothelial PAS domain-containing protein 1
44390720,540.3,4.8,2,4,5,540.0546,540.0546,86.7,32,0,702.0,0,2,0,0,0,1,CHEMBL361575,7500.0,3.8750612633917,CHEMBL1907611,Tumour suppressor p53/oncoprotein Mdm2
70681590,841.5,7.8,1,8,17,840.3435823,840.3435823,143.0,59,0,1490.0,0,1,0,0,0,1,CHEMBL2031026,9.01,0.9547247909790629,CHEMBL4625,Apoptosis regulator Bcl-X
44390661,560.8,5.0,2,4,4,559.99998,559.99998,86.7,32,0,721.0,0,2,0,0,0,1,CHEMBL180335,1590.0,3.2013971243204513,CHEMBL1907611,Tumour suppressor p53/oncoprotein Mdm2
58573465,540.5,5.0,1,5,8,539.1299997,539.1299997,100.0,35,0,869.0,0,5,0,0,0,1,CHEMBL4112794,0.6,-0.2218487496163564,CHEMBL1907611,Tumour suppressor p53/oncoprotein Mdm2
1002526,372.2,3.9,1,5,2,370.97932,370.97932,68.7,23,0,462.0,0,0,0,0,0,1,CHEMBL1488092,1764.0,3.246498580795801,CHEMBL2096976,Peroxisome proliferator-activated receptor gamma/Nuclear receptor corepressor 2
57523470,894.5,7.4,3,12,16,893.2796023,893.2796023,190.0,62,0,1530.0,0,1,0,0,0,1,CHEMBL2063896,1.7,0.2304489213782739,CHEMBL4860,Apoptosis regulator Bcl-2
71563283,855.1,3.2,7,8,7,854.51667986,854.51667986,247.0,62,0,1580.0,0,5,0,0,0,1,CHEMBL2314815,39400.0,4.595496221825574,CHEMBL1615381,Menin
58573456,568.5,3.8,2,7,10,567.1361477,567.1361477,125.0,37,0,935.0,0,4,0,0,0,1,CHEMBL3918643,4.6,0.6627578316815741,CHEMBL1907611,Tumour suppressor p53/oncoprotein Mdm2
137349062,349.4,1.6,3,7,3,349.01909819,349.01909819,160.0,23,0,633.0,0,0,0,1,0,1,CHEMBL233149,180.0,2.255272505103306,CHEMBL301,Cyclin-dependent kinase 2
71459210,390.5,5.4,2,5,3,390.09258022,390.09258022,99.9,28,0,597.0,0,0,0,0,0,1,CHEMBL2180320,3250.0,3.5118833609788744,CHEMBL385,K562
134145193,630.8,5.3,2,11,14,630.11642944,630.11642944,179.0,42,0,1060.0,0,0,0,0,0,1,CHEMBL3953535,370.0,2.568201724066995,CHEMBL4106129,Keap1-p62
72205731,558.0,3.1,0,7,6,557.1942155,557.1942155,108.0,40,0,1110.0,0,0,1,0,0,1,CHEMBL3910791,0.295,-0.530177984021837,CHEMBL1907611,Tumour suppressor p53/oncoprotein Mdm2
24968408,728.7,5.8,1,15,10,728.21032496,728.21032496,141.0,50,0,1190.0,0,2,0,0,0,1,CHEMBL3806040,2.0,0.3010299956639812,CHEMBL1907611,Tumour suppressor p53/oncoprotein Mdm2
3474243,373.4,2.9,1,5,4,373.14264148,373.14264148,92.5,28,0,795.0,0,0,1,0,0,1,CHEMBL1464508,36300.0,4.559906625036112,CHEMBL2093862,Runt-related transcription factor 1/Core-binding factor subunit beta
141755792,384.9,3.0,2,7,4,384.146537,384.146537,83.5,27,0,477.0,0,0,0,0,0,1,CHEMBL5094916,11400.0,4.056904851336473,CHEMBL3883320,Histone-lysine N-methyltransferase 2A/WDR5
86297634,486.5,5.2,3,10,5,486.14496497,486.14496497,129.0,34,0,757.0,0,0,0,0,0,1,CHEMBL3781187,20.0,1.3010299956639813,CHEMBL2093861,Menin/Histone-lysine N-methyltransferase MLL
71453493,1051.7,8.0,4,16,17,1050.2856738,1050.2856738,207.0,71,0,1920.0,0,1,0,0,0,1,CHEMBL2170835,7.0,0.8450980400142568,CHEMBL612545,Unchecked
155535225,306.4,3.5,2,5,6,306.06090343,306.06090343,127.0,20,0,373.0,0,0,0,0,0,1,CHEMBL4471804,5011.87,3.6999997975545824,CHEMBL3038498,Keap1/Nrf2
118706332,689.6,6.6,4,6,8,688.2019392,688.2019392,123.0,48,0,1200.0,0,4,0,0,0,1,CHEMBL3310188,5.0,0.6989700043360189,CHEMBL1907611,Tumour suppressor p53/oncoprotein Mdm2
53324104,1954.2,-0.5,27,25,63,1953.03733545,1953.03733545,762.0,140,0,4160.0,0,13,1,0,0,1,CHEMBL1689404,2300.0,3.361727836017593,CHEMBL5023,p53-binding protein Mdm-2
51350784,468.4,5.1,1,3,7,467.105499,467.105499,49.8,32,0,670.0,0,0,1,0,0,1,CHEMBL1688279,2300.0,3.361727836017593,CHEMBL5023,p53-binding protein Mdm-2
60154126,544.5,5.7,1,6,9,543.1803953,543.1803953,101.0,37,0,788.0,0,4,0,0,0,1,CHEMBL2177188,1.8,0.25527250510330607,CHEMBL1907611,Tumour suppressor p53/oncoprotein Mdm2
