MaxAbsEStateIndex,MaxEStateIndex,MinAbsEStateIndex,MinEStateIndex,qed,SPS,MolWt,HeavyAtomMolWt,ExactMolWt,NumValenceElectrons,NumRadicalElectrons,MaxPartialCharge,MinPartialCharge,MaxAbsPartialCharge,MinAbsPartialCharge,FpDensityMorgan1,FpDensityMorgan2,FpDensityMorgan3,BCUT2D_MWHI,BCUT2D_MWLOW,BCUT2D_CHGHI,BCUT2D_CHGLO,BCUT2D_LOGPHI,BCUT2D_LOGPLOW,BCUT2D_MRHI,BCUT2D_MRLOW,AvgIpc,BalabanJ,BertzCT,Chi0,Chi0n,Chi0v,Chi1,Chi1n,Chi1v,Chi2n,Chi2v,Chi3n,Chi3v,Chi4n,Chi4v,HallKierAlpha,Ipc,Kappa1,Kappa2,Kappa3,LabuteASA,PEOE_VSA1,PEOE_VSA10,PEOE_VSA11,PEOE_VSA12,PEOE_VSA13,PEOE_VSA14,PEOE_VSA2,PEOE_VSA3,PEOE_VSA4,PEOE_VSA5,PEOE_VSA6,PEOE_VSA7,PEOE_VSA8,PEOE_VSA9,SMR_VSA1,SMR_VSA10,SMR_VSA2,SMR_VSA3,SMR_VSA4,SMR_VSA5,SMR_VSA6,SMR_VSA7,SMR_VSA8,SMR_VSA9,SlogP_VSA1,SlogP_VSA10,SlogP_VSA11,SlogP_VSA12,SlogP_VSA2,SlogP_VSA3,SlogP_VSA4,SlogP_VSA5,SlogP_VSA6,SlogP_VSA7,SlogP_VSA8,SlogP_VSA9,TPSA,EState_VSA1,EState_VSA10,EState_VSA11,EState_VSA2,EState_VSA3,EState_VSA4,EState_VSA5,EState_VSA6,EState_VSA7,EState_VSA8,EState_VSA9,VSA_EState1,VSA_EState10,VSA_EState2,VSA_EState3,VSA_EState4,VSA_EState5,VSA_EState6,VSA_EState7,VSA_EState8,VSA_EState9,FractionCSP3,HeavyAtomCount,NHOHCount,NOCount,NumAliphaticCarbocycles,NumAliphaticHeterocycles,NumAliphaticRings,NumAmideBonds,NumAromaticCarbocycles,NumAromaticHeterocycles,NumAromaticRings,NumAtomStereoCenters,NumBridgeheadAtoms,NumHAcceptors,NumHDonors,NumHeteroatoms,NumHeterocycles,NumRotatableBonds,NumSaturatedCarbocycles,NumSaturatedHeterocycles,NumSaturatedRings,NumSpiroAtoms,NumUnspecifiedAtomStereoCenters,Phi,RingCount,MolLogP,MolMR,fr_Al_COO,fr_Al_OH,fr_Al_OH_noTert,fr_ArN,fr_Ar_COO,fr_Ar_N,fr_Ar_NH,fr_Ar_OH,fr_COO,fr_COO2,fr_C_O,fr_C_O_noCOO,fr_C_S,fr_HOCCN,fr_Imine,fr_NH0,fr_NH1,fr_NH2,fr_N_O,fr_Ndealkylation1,fr_Ndealkylation2,fr_Nhpyrrole,fr_SH,fr_aldehyde,fr_alkyl_carbamate,fr_alkyl_halide,fr_allylic_oxid,fr_amide,fr_amidine,fr_aniline,fr_aryl_methyl,fr_azide,fr_azo,fr_barbitur,fr_benzene,fr_benzodiazepine,fr_bicyclic,fr_diazo,fr_dihydropyridine,fr_epoxide,fr_ester,fr_ether,fr_furan,fr_guanido,fr_halogen,fr_hdrzine,fr_hdrzone,fr_imidazole,fr_imide,fr_isocyan,fr_isothiocyan,fr_ketone,fr_ketone_Topliss,fr_lactam,fr_lactone,fr_methoxy,fr_morpholine,fr_nitrile,fr_nitro,fr_nitro_arom,fr_nitro_arom_nonortho,fr_nitroso,fr_oxazole,fr_oxime,fr_para_hydroxylation,fr_phenol,fr_phenol_noOrthoHbond,fr_phos_acid,fr_phos_ester,fr_piperdine,fr_piperzine,fr_priamide,fr_prisulfonamd,fr_pyridine,fr_quatN,fr_sulfide,fr_sulfonamd,fr_sulfone,fr_term_acetylene,fr_tetrazole,fr_thiazole,fr_thiocyan,fr_thiophene,fr_unbrch_alkane,fr_urea,chembl_id,smiles,ic50_value,log_ic50,target_chembl_id,target_name,KMeansCluster,ChemicalClass
12.349679954543545,12.349679954543545,0.0,-1.32085320084824,0.2888192698446405,42.93939393939394,484.47600000000017,453.2280000000002,484.181371552,166,0,1.0,-0.5498168291426397,1.0,0.5498168291426397,0.9393939393939394,1.5454545454545454,2.0303030303030303,,,,,,,,,2.6528111561786853,1.8149992815169608e-06,844.0561898250768,22.223250160202095,21.23358231422985,27.23358231422985,13.898059685314438,11.256943600151862,11.256943600151862,11.103274654417111,11.103274654417111,9.671445731602564,9.671445731602564,8.517441277251228,8.517441277251228,1.15,3305813.8863278497,32.17928257686677,10.867908318657328,4.542462953960279,262.5274584375055,29.703193736737585,0.0,0.0,0.0,0.0,88.6718580978238,0.0,0.0,0.0,0.0,45.76489505859165,61.19072276867239,40.57370889497189,0.0,118.37505183456138,17.907915863855546,0.0,0.0,51.75240768515869,66.21987853631856,0.0,11.649124636903148,0.0,0.0,103.99144028234592,0.0,0.0,0.0,17.907915863855546,14.383611552215466,51.75240768515869,66.21987853631856,11.649124636903148,0.0,0.0,0.0,120.39,46.49161494113328,29.703193736737585,0.0,111.84056670570476,25.68328649170404,18.414747775921285,0.0,6.923737199690624,13.847474399381248,12.999757306524504,0.0,0.0,0.0,36.62120588670756,36.62120588670756,-1.1391574021583937,-6.385151985176787,0.0,5.7898874874023685,7.90867679318437,0.0,0.7916666666666666,33,0,6,5,0,5,0,0,0,0,8,2,6,0,9,0,4,3,0,3,1,8,10.597620994107732,5,-8.694500000000021,101.74100000000008,3,0,0,0,0,0,0,0,3,3,3,3,0,0,0,0,0,0,0,0,0,0,0,0,0,0,2,0,0,0,0,0,0,0,0,0,2,0,0,0,0,0,0,0,0,0,0,0,0,0,0,0,0,0,0,0,0,0,0,0,0,0,0,0,0,0,0,0,0,0,0,0,0,0,0,0,0,0,0,0,0,0,0,0,0,CHEMBL1765371,CC(C)C1=CC23CCC4C(C)(C(=O)[O-])CCCC4(C)C2CC1C(C(=O)[O-])C3C(=O)[O-].[Na+].[Na+].[Na+],10000.0,4.0,CHEMBL3885545,Cellular tumor antigen p53/Replication protein A 70 kDa DNA-binding subunit,4,Large-Polar-Aliphatic-Flexible-Hydrophilic
14.195791180792718,14.195791180792718,0.0537983498122831,-1.2191607691707882,0.019267071836908,19.625,812.0559999999998,746.5359999999998,811.48506242,318,0,0.3256966935004625,-0.4797174682622497,0.4797174682622497,0.3256966935004625,0.75,1.3571428571428572,1.9821428571428572,32.116869131537314,9.843499378455748,2.489683064442755,-2.3606884307469578,2.4003338197517903,-2.5866819146327007,7.797752941490511,-0.1461113971120526,3.538392472198776,1.9739157389202804,1342.412898698495,41.622380617884225,32.28411911409988,33.17854630509979,26.69088602099814,19.64645020156536,20.278905733599032,14.452751582837024,14.89996517833698,10.118222298486767,10.341829096236744,7.236886396766923,7.439976888559439,-4.370000000000001,620430478346.2306,47.78056047349289,25.72193802105625,16.781416671107387,333.8433251845481,64.84183865837791,24.16736331659184,11.91910913748767,29.535898646757527,0.0,5.969305287951848,34.79125313194215,4.794537184071822,12.628789148012991,0.0,12.84164324585202,95.26537553393288,32.096931669811696,6.041840829147961,33.87375049927164,60.05310222021003,10.818567211583044,36.80064135488846,28.852575954810135,132.56336931877792,31.93187923039709,0.0,0.0,0.0,54.83540153268673,0.0,0.0,12.628789148012991,125.6136744031731,28.76722310443093,16.736473257744436,96.31232434389018,0.0,0.0,0.0,0.0,349.85,53.900048621746166,33.87375049927164,0.0,81.0107711809418,63.66418299606745,19.26246486877803,4.899909730850477,0.0,0.0,44.52952077205098,33.75323712023179,0.0,4.074567694230552,79.76912929264415,40.54227851871955,22.701300281874357,-3.4229470047485986,-5.12742655572392,7.264525022409709,1.0874616394830894,0.0,0.7714285714285715,56,17,20,1,1,2,5,0,0,0,7,0,11,14,21,1,26,1,1,2,0,2,21.946582412687754,2,-2.1157600000000043,214.32099999999969,1,0,0,0,0,0,0,0,1,1,6,5,0,0,0,1,8,4,0,0,1,0,1,0,0,0,0,5,0,0,0,0,0,0,0,0,1,0,0,0,0,0,0,2,0,0,0,0,0,0,0,0,0,0,0,0,0,0,0,0,0,0,0,0,0,0,0,0,0,0,0,0,0,0,0,0,0,0,0,0,0,0,0,2,0,CHEMBL5417788,N=C(N)NCCCC[C@H](NC(=O)CCS)C(=O)NCCCC[C@H](N)C(=O)N[C@@H](CCN)C(=O)N1C2CCCCC2C[C@H]1C(=O)N[C@@H](CCCNC(=N)N)C(=O)O,2170.0,3.3364597338485296,CHEMBL5482974,VEGA-NRP1,4,Large-Polar-Aliphatic-Flexible-Hydrophilic
15.625371895779208,15.625371895779208,0.0040225119590144,-2.025507025460053,0.012955368936806,24.14388489208633,2013.4890000000016,1867.328999999999,2012.0045808999987,776,0,0.3054810621152199,-0.4812292624533588,0.4812292624533588,0.3054810621152199,0.539568345323741,1.0719424460431657,1.6618705035971224,33.114618853538545,10.004693740636483,2.4767834947913276,-2.333724787199672,2.3010493966988568,-2.6142408037082414,8.762963739995106,-0.1479291408358676,1.6662972867263997,1.503758851392966,4394.482002833618,102.70006220353946,80.34896429038024,82.79845403316344,66.15986804287277,47.8980586231481,51.77993934497804,36.219891982907576,39.832690249522386,24.555658375479837,27.646308907353223,17.12004921424849,19.847399977508065,-11.18,1.2385675098179894e+43,116.53257929839094,60.067519955658035,37.73706699128145,821.2221394197167,132.28893147266143,102.7112940955153,5.959554568743835,106.32923512832714,0.0,11.938610575903695,101.300027287228,0.0,11.761884949391115,0.0,99.37996053938666,177.33465326754938,63.99486968859909,13.027703587438928,111.2103258659586,157.5770811751392,5.409283605791522,94.03467937949056,34.770482000971526,311.19507948973535,75.93450680965272,35.89528683400505,0.0,0.0,97.3697103647374,0.0,0.0,33.34968090216456,337.7924222860668,102.31156530436247,17.24509569811431,207.62641526299103,30.33183534230805,0.0,0.0,0.0,711.4000000000001,263.9758852779244,72.85402839338398,38.356297472574575,172.89379126754983,44.08838122925306,26.48770568362392,33.38535134163317,64.28255332458195,6.923737199690624,74.43504045608864,28.343953514440265,0.0,1.3192796114296002,293.19915174934846,75.60909456177681,23.53399384437273,-20.493447811398227,-17.19124612193136,1.986152590763241,9.137038063720691,1.8999835119181072,0.7,139,26,46,0,5,5,18,1,0,1,17,0,27,22,49,5,42,0,5,5,0,0,50.35843908266475,6,-3.71572999999996,516.5735000000013,2,1,1,0,0,0,0,0,2,2,20,18,0,0,0,4,15,4,0,0,3,0,0,0,0,0,0,18,0,0,0,0,0,0,1,0,1,0,0,0,0,0,0,1,0,0,0,0,0,0,0,0,0,0,0,0,0,0,0,0,0,0,0,0,0,0,0,0,0,0,0,1,0,0,0,1,0,0,0,0,0,0,0,3,0,CHEMBL3335451,CCCC[C@@H]1NC(=O)[C@H](CCCCN)NC(=O)[C@H](CCCNC(=N)N)NC(=O)[C@H](CC(C)C)NC(=O)[C@@H](NC(=O)[C@H](CCSC)NC(=O)[C@@H]2CCCN2C(=O)[C@@H](NC(C)=O)C(C)C)CCSSC[C@@H](C(=O)N[C@@H](CCCCN)C(=O)N2CCC[C@H]2C(=O)N2CCC[C@H]2C(=O)N[C@@H](CCC(=O)O)C(N)=O)NC(=O)[C@H](Cc2ccccc2)NC(=O)[C@H](CO)NC(=O)[C@H](CC(=O)O)NC(=O)[C@@H]2CCCN2C1=O,1700.0,3.230448921378274,CHEMBL3430909,Transcriptional coactivator YAP1/Transcriptional enhancer factor TEF-1,1,Large-Polar-Aliphatic-Flexible-Hydrophilic
14.35859131562735,14.35859131562735,0.204239766791606,-1.2784934040041431,0.1161507967843806,27.36842105263158,793.0269999999998,728.5149999999999,792.5010297680001,314,0,0.2459060810221354,-0.3701604379834824,0.3701604379834824,0.2459060810221354,0.8070175438596491,1.456140350877193,2.1052631578947367,16.175852010221003,9.75075198548503,2.492968993249685,-2.427056013776647,2.3360623147081427,-2.6722063239652742,5.98876640099569,-0.1461343447166053,3.863008035563022,1.377727569933681,1617.475700236634,40.95080774263041,33.54401229978646,33.54401229978646,27.379555517084285,21.093921798842967,21.093921798842967,16.3748226680357,16.3748226680357,11.984534189596689,11.984534189596689,8.558296210134857,8.558296210134857,-4.730000000000001,2425098631752.1304,43.393562361761525,20.618799310040693,11.670248074653886,335.78429576126103,47.85109743605698,29.706288568975182,5.959554568743835,35.443078376109035,0.0,0.0,34.176506710222455,0.0,0.0,0.0,61.93302788017349,83.11622654357375,32.59984724657631,6.041840829147961,28.76722310443093,41.40263294485287,5.409283605791522,36.3837624817326,11.46733495432437,151.82583418755598,26.1790256236503,35.392371257240434,0.0,0.0,38.051277974356026,0.0,0.0,0.0,113.1296074283273,35.18804472735694,12.333020805482146,113.8600489502102,24.26546827384644,0.0,0.0,0.0,244.94,53.46966858617766,28.76722310443093,0.0,36.522737002650366,83.9664202299844,49.651832720950054,4.899909730850477,4.899909730850477,31.18920547353706,26.583943020031658,16.876618560115894,0.0,0.0,86.74479922289235,22.11687335562399,12.441202137862012,-2.513906476485311,3.5208454866013055,10.145395599808488,3.461457340363818,0.0,0.6829268292682927,57,10,16,1,3,4,6,1,0,1,5,0,8,8,16,3,6,1,3,4,1,0,15.696897433068356,5,0.9790900000000096,215.3939999999995,0,0,0,0,0,0,0,0,0,0,6,6,0,0,0,2,6,2,0,0,0,0,0,0,0,0,0,6,0,0,1,0,0,0,1,0,2,0,0,0,0,0,0,1,0,0,0,0,0,0,0,0,0,0,0,0,0,0,0,0,0,0,0,0,0,0,0,0,0,0,0,0,0,0,0,0,0,0,0,0,0,0,0,0,0,CHEMBL2314575,Cc1cccc(C[C@@H]2NC(=O)[C@@H](N)CCCCCCCCNC(=O)[C@@H]3CCCN3C(=O)[C@H](CCCNC(=N)N)NC(=O)C3(CCC3)NC(=O)[C@@H]3CCCN3C2=O)c1,1150.0,3.060697840353612,CHEMBL1615381,Menin,4,Large-Polar-Aliphatic-Flexible-Hydrophilic
14.20442229659991,14.20442229659991,0.0449814203867049,-1.2250740562136262,0.022404693251527,20.07017543859649,810.0189999999998,742.4829999999998,809.534789484,324,0,0.3256966935004625,-0.4797174682622497,0.4797174682622497,0.3256966935004625,0.6666666666666666,1.2280701754385963,1.8421052631578947,16.36851032283989,9.843499373947996,2.489835462756848,-2.360688753675454,2.4003223068062693,-2.5866931486807756,5.9471261896588885,-0.1461114578136868,3.562943268225166,1.9850271780013873,1371.4662197807293,42.4926241058873,32.86184954498225,32.86184954498225,27.101569623521097,19.91517409381112,19.91517409381112,14.762414552677791,14.762414552677791,10.3513321024255,10.3513321024255,7.2546409540935155,7.2546409540935155,-4.800000000000002,957934079628.7806,48.348962632144264,25.45173589193283,16.67960013135157,333.36803991517183,76.3091736127023,24.16736331659184,11.91910913748767,29.535898646757527,0.0,5.969305287951848,34.79125313194215,4.794537184071822,0.0,0.0,12.84164324585202,89.5125219271861,32.22086645279826,12.08368165829592,33.87375049927164,47.424313072197045,10.818567211583044,36.80064135488846,40.31991090913451,132.18438852499986,32.72378202956288,0.0,0.0,0.0,66.3027364870111,0.0,0.0,0.0,132.44741803148685,28.76722310443093,16.736473257744436,89.89150272096417,0.0,0.0,0.0,0.0,401.89,71.75624890959715,33.87375049927164,0.0,69.32034650522534,57.91132938932067,19.26246486877803,4.899909730850477,0.0,0.0,31.900731624037984,45.22057207455616,0.0,0.0,80.0213978944374,40.36711398656921,33.908401255496635,-4.181423628295245,-6.277569693001338,6.7614698639180295,0.9006103208752996,0.0,0.7714285714285715,57,21,22,1,1,2,5,0,0,0,8,0,12,15,22,1,26,1,1,2,0,2,21.58886013267132,2,-4.149660000000013,212.8807999999997,1,0,0,0,0,0,0,0,1,1,6,5,0,0,0,1,8,6,0,0,1,0,0,0,0,0,0,5,0,0,0,0,0,0,0,0,1,0,0,0,0,0,0,2,0,0,0,0,0,0,0,0,0,0,0,0,0,0,0,0,0,0,0,0,0,0,0,0,0,0,0,0,0,0,0,0,0,0,0,0,0,0,0,2,0,CHEMBL5424756,N=C(N)NCCCC[C@H](NC(=O)[C@@H](N)CN)C(=O)NCCCC[C@H](N)C(=O)N[C@@H](CCN)C(=O)N1C2CCCCC2C[C@H]1C(=O)N[C@@H](CCCNC(=N)N)C(=O)O,330.0,2.5185139398778875,CHEMBL5482974,VEGA-NRP1,4,Large-Polar-Aliphatic-Flexible-Hydrophilic
14.206822845296756,14.206822845296756,0.0469258648311494,-1.2236037768605488,0.0177075852029846,20.07017543859649,827.0709999999998,760.5429999999998,826.4959614520001,324,0,0.3256966935004625,-0.4797174682622497,0.4797174682622497,0.3256966935004625,0.7017543859649122,1.263157894736842,1.8771929824561404,32.116869844345885,9.843499374293474,2.4898391222271714,-2.360688748881457,2.4003559657227096,-2.586690006177051,7.798546876887382,-0.1461113084020625,3.562943268225166,1.9850271780013873,1376.7666098060506,42.4926241058873,32.73171287129258,33.62614006229249,27.101569623521097,19.823153569364095,20.45560910139777,14.709286478117331,15.074434849787442,10.29409455699626,10.687487253509206,7.230514212645929,7.396336904813449,-4.410000000000001,957934079628.7806,48.73788877045732,25.762627958313857,16.920697645628866,339.18321588156084,70.5755061355401,24.16736331659184,11.91910913748767,29.535898646757527,0.0,5.969305287951848,34.79125313194215,4.794537184071822,12.628789148012991,0.0,12.84164324585202,89.5125219271861,31.428963653632476,12.08368165829592,33.87375049927164,60.05310222021003,10.818567211583044,36.80064135488846,34.58624343197232,132.18438852499986,31.93187923039709,0.0,0.0,0.0,60.56906900984892,0.0,0.0,12.628789148012991,131.65551523232105,28.76722310443093,16.736473257744436,89.89150272096417,0.0,0.0,0.0,0.0,375.87,71.75624890959715,33.87375049927164,0.0,68.52844370605956,57.91132938932067,19.26246486877803,4.899909730850477,0.0,0.0,44.52952077205098,39.48690459739397,0.0,4.044475101637959,80.07603364791578,40.43012141587908,28.476713716532604,-3.9938887042696374,-6.155988574788262,6.833239845432491,1.01151577388223,0.0,0.7714285714285715,57,19,21,1,1,2,5,0,0,0,8,0,12,15,22,1,26,1,1,2,0,2,22.028352559069727,2,-3.178560000000007,217.67939999999967,1,0,0,0,0,0,0,0,1,1,6,5,0,0,0,1,8,5,0,0,1,0,1,0,0,0,0,5,0,0,0,0,0,0,0,0,1,0,0,0,0,0,0,2,0,0,0,0,0,0,0,0,0,0,0,0,0,0,0,0,0,0,0,0,0,0,0,0,0,0,0,0,0,0,0,0,0,0,0,0,0,0,0,2,0,CHEMBL5421065,N=C(N)NCCCC[C@H](NC(=O)[C@@H](N)CS)C(=O)NCCCC[C@H](N)C(=O)N[C@@H](CCN)C(=O)N1C2CCCCC2C[C@H]1C(=O)N[C@@H](CCCNC(=N)N)C(=O)O,9.0,0.9542425094393248,CHEMBL5482995,NRP2-VEGA,4,Large-Polar-Aliphatic-Flexible-Hydrophilic
14.266526248859902,14.266526248859902,0.0599587015105815,-1.313665905195001,0.1152405689631943,27.36842105263158,796.9899999999993,735.5019999999998,796.4759578920001,314,0,0.2459060810221354,-0.3701604379834824,0.3701604379834824,0.2459060810221354,0.7719298245614035,1.3859649122807018,2.017543859649123,19.142155226421945,9.75075230621838,2.492974937373227,-2.427049536079916,2.3360055541359777,-2.672205493798357,5.988720480211754,-0.1461343161945986,3.8711150190137062,1.37483197853709,1607.0082086304806,40.95080774263041,32.921976772795695,32.921976772795695,27.379555517084288,20.78290403534759,20.78290403534759,16.01223596538812,16.01223596538812,11.81530717088415,11.81530717088415,8.339669838155498,8.339669838155498,-4.8,2476716450578.7197,43.32492243006041,20.569656157534947,11.636992969172528,333.5848890497906,47.851097436056975,35.523509410021084,5.959554568743835,35.443078376109035,0.0,0.0,34.17650671022245,4.39041504767482,0.0,0.0,44.23684225155327,88.32522348080634,32.59984724657631,6.041840829147961,33.15763815210575,41.40263294485287,5.409283605791522,36.38376248173261,11.46733495432437,144.90209698786535,26.1790256236503,35.646140606589334,0.0,0.0,38.051277974356026,4.39041504767482,0.0,0.0,113.12960742832728,35.18804472735694,11.226504446837415,108.2965974585132,24.26546827384644,0.0,0.0,0.0,244.94,65.19406915657507,33.15763815210575,0.0,37.16031367921144,89.40593693869485,32.10410811463005,17.032643867773697,17.032643867773697,0.0,26.583943020031658,16.876618560115894,13.771101012719246,0.0,86.37111162718311,21.90288058278084,11.073888250524986,-3.249262994401163,1.1636572791259978,9.493718397448909,1.3895725112847623,0.0,0.675,57,10,16,1,3,4,6,1,0,1,5,0,8,8,17,3,6,1,3,4,1,0,15.63471504277572,5,0.8097700000000096,210.61499999999947,0,0,0,0,0,0,0,0,0,0,6,6,0,0,0,2,6,2,0,0,0,0,0,0,0,0,0,6,0,0,0,0,0,0,1,0,2,0,0,0,0,0,0,1,1,0,0,0,0,0,0,0,0,0,0,0,0,0,0,0,0,0,0,0,0,0,0,0,0,0,0,0,0,0,0,0,0,0,0,0,0,0,0,0,0,CHEMBL2314818,N=C(N)NCCC[C@@H]1NC(=O)C2(CCC2)NC(=O)[C@@H]2CCCN2C(=O)[C@H](Cc2ccc(F)cc2)NC(=O)[C@@H](N)CCCCCCCCNC(=O)[C@@H]2CCCN2C1=O,422.0,2.625312450961674,CHEMBL1615381,Menin,4,Large-Polar-Aliphatic-Flexible-Hydrophilic
13.4021304015072,13.4021304015072,0.0292552467908646,-1.7965145205683146,0.0439536142863826,16.821428571428573,800.8200000000002,748.4040000000001,800.3552129640001,314,0,0.3257062312508952,-0.4812292624504639,0.4812292624504639,0.3257062312508952,0.7321428571428571,1.2857142857142858,1.7678571428571428,16.373805036893508,10.02655597600658,2.396340380426053,-2.2957482806965546,2.1988665221649244,-2.5978861248796012,5.976509084360898,-0.1430863193656172,3.575714152709776,3.0915336586878523,1487.6076935636388,42.860713882777254,31.494019407174385,31.494019407174385,26.028467773997505,17.719160785851834,17.719160785851834,13.632934016520672,13.632934016520672,8.305373647634122,8.305373647634122,5.638007770899009,5.638007770899009,-5.870000000000001,235224318554.7342,48.14994813484939,23.140397223432743,17.073730017050547,320.7641431131215,62.96041841141347,36.25104497488776,0.0,47.257437834812045,0.0,17.907915863855546,47.94537184071822,4.794537184071822,0.0,0.0,13.847474399381248,44.94575136048206,26.31013685145522,19.069544416586886,73.16601860415287,65.16535369866759,0.0,36.80064135488846,11.651573523323576,121.41653314480664,13.08951281182515,0.0,0.0,0.0,37.634399101200174,0.0,0.0,0.0,145.93589718334212,52.73990902479004,5.917906046161393,79.06152178217057,0.0,0.0,0.0,0.0,370.13,146.1692295818463,68.05949120931216,0.0,25.30430569792599,6.4208216229260096,18.74738413023173,0.0,13.847474399381248,0.0,31.900731624037984,10.84019487200289,0.0,0.0,137.0721051574862,51.586143539137936,5.2097009912380114,-11.756882314989324,-8.90514936174494,-3.979409849632809,4.773491838504937,0.0,0.6666666666666666,56,12,23,0,1,1,8,0,0,0,7,0,12,11,23,1,24,0,1,1,0,0,19.896587966573204,1,-4.346000000000005,189.3947999999997,3,1,1,0,0,0,0,0,3,3,11,8,0,0,0,1,6,1,0,0,1,0,0,0,0,0,0,8,0,0,0,0,0,0,0,0,0,0,0,0,0,0,0,0,0,0,0,0,0,0,0,0,0,0,0,0,0,0,0,0,0,0,0,0,0,0,0,0,0,0,0,1,0,0,0,0,0,0,0,0,0,0,0,0,0,CHEMBL3919787,CC(=O)N[C@@H](CC(N)=O)C(=O)N1CCC[C@H]1C(=O)N[C@@H](CCC(=O)O)C(=O)N[C@H](C(=O)NCC(=O)N[C@@H](CCC(=O)O)C(=O)N[C@@H](CC(C)C)C(=O)O)[C@@H](C)O,875.0,2.942008053022313,CHEMBL3038498,Keap1/Nrf2,4,Large-Polar-Aliphatic-Flexible-Hydrophilic
13.377439043482507,13.377439043482507,0.0114799523111888,-1.808348840094942,0.0446585968934883,16.821428571428573,801.8040000000001,750.3960000000001,801.339228552,314,0,0.3257062312508952,-0.4812292624504639,0.4812292624504639,0.3257062312508952,0.6785714285714286,1.2321428571428572,1.7142857142857142,16.37686916037776,10.026556043118926,2.3978767448625353,-2.2948332356351115,2.19952600429739,-2.5975405644223386,5.974372606267918,-0.1458153709422724,3.575714152709776,3.0915336586878523,1486.5595680433637,42.860713882777254,31.36388273348472,31.36388273348472,26.028467773997505,17.654092449007,17.654092449007,13.56035971701693,13.56035971701693,8.27880961035389,8.27880961035389,5.611443733618779,5.611443733618779,-5.870000000000001,235224318554.7342,48.14994813484939,23.140397223432743,17.073730017050547,320.2184861683048,62.33327832909199,36.25104497488776,0.0,41.35025810546054,0.0,23.87722115180739,47.94537184071822,4.794537184071822,0.0,0.0,13.847474399381248,44.94575136048206,26.31013685145522,19.069544416586886,78.27254599899358,65.22747925726793,0.0,36.80064135488846,5.917906046161393,121.41653314480664,13.08951281182515,0.0,0.0,0.0,31.900731624037984,0.0,0.0,0.0,151.10455013678316,52.73990902479004,5.917906046161393,79.06152178217057,0.0,0.0,0.0,0.0,364.34,146.23135514044665,73.16601860415287,0.0,31.725127320851996,0.0,18.74738413023173,0.0,13.847474399381248,0.0,31.900731624037984,5.106527394840706,0.0,0.0,136.62232135272993,60.62502387436511,0.0,-12.485560784512575,-9.112472405412122,-4.318069833725182,4.668757796554823,0.0,0.6666666666666666,56,11,23,0,1,1,7,0,0,0,7,0,12,11,23,1,24,0,1,1,0,0,19.896587966573204,1,-3.7467000000000055,187.83619999999965,4,1,1,0,0,0,0,0,4,4,11,7,0,0,0,1,6,0,0,0,1,0,0,0,0,0,0,7,0,0,0,0,0,0,0,0,0,0,0,0,0,0,0,0,0,0,0,0,0,0,0,0,0,0,0,0,0,0,0,0,0,0,0,0,0,0,0,0,0,0,0,0,0,0,0,0,0,0,0,0,0,0,0,0,0,CHEMBL3928693,CC(=O)N[C@@H](CC(=O)O)C(=O)N1CCC[C@H]1C(=O)N[C@@H](CCC(=O)O)C(=O)N[C@H](C(=O)NCC(=O)N[C@@H](CCC(=O)O)C(=O)N[C@@H](CC(C)C)C(=O)O)[C@@H](C)O,115.0,2.060697840353612,CHEMBL2069156,Kelch-like ECH-associated protein 1,4,Large-Polar-Aliphatic-Flexible-Hydrophilic
14.110311679698906,14.110311679698906,0.2077812410551285,-1.0604195122368274,0.1117641384928491,27.59259259259259,752.9619999999998,692.482,752.46972964,298,0,0.2456751949710735,-0.3701604379834824,0.3701604379834824,0.2456751949710735,0.7407407407407407,1.3333333333333333,2.0,16.175080046449544,10.018944033530635,2.402938409474033,-2.307703196541482,2.218880511477436,-2.5857455190462404,5.966546467608555,-0.1427392632585784,3.8521438260416856,1.5297401361405294,1460.9563277382135,39.036594180257325,31.577392494606073,31.577392494606073,25.95530525357912,19.630831953512715,19.630831953512715,14.711860201225573,14.711860201225573,10.503858818733768,10.503858818733768,7.450438884967194,7.450438884967194,-4.73,648056449969.7562,42.017688754900945,21.234155129030757,12.419317111501677,317.69530057160046,47.85109743605698,30.209204145739804,5.959554568743835,35.443078376109035,0.0,0.0,34.176506710222455,0.0,0.0,0.0,62.435943456938105,63.853761674795706,32.59984724657631,6.041840829147961,28.76722310443093,41.40263294485287,5.409283605791522,36.38376248173261,11.46733495432437,133.06628489554254,26.1790256236503,35.89528683400505,0.0,0.0,38.051277974356026,0.0,0.0,0.0,113.63252300509193,35.18804472735694,5.409283605791522,95.95786978942576,30.33183534230805,0.0,0.0,0.0,244.94,59.87976389229378,28.76722310443093,0.0,30.61555727329886,64.70395536120635,44.08838122925306,16.72355666139158,0.0,30.33183534230805,26.583943020031658,16.876618560115894,0.0,0.0,84.83741809138789,21.53753405554065,12.5689116239682,-2.7554958678762542,4.021376070782792,8.648889479066312,2.97469988046375,0.0,0.6578947368421053,54,10,16,0,3,3,6,1,0,1,6,0,8,8,16,3,6,0,3,3,0,0,16.522409651572183,4,0.1364700000000089,203.53699999999955,0,0,0,0,0,0,0,0,0,0,6,6,0,0,0,2,6,2,0,0,0,0,0,0,0,0,0,6,0,0,0,0,0,0,1,0,2,0,0,0,0,0,0,1,0,0,0,0,0,0,0,0,0,0,0,0,0,0,0,0,0,0,0,0,0,0,0,0,0,0,0,0,0,0,0,0,0,0,0,0,0,0,0,0,0,CHEMBL2315084,C[C@@H]1NC(=O)[C@@H]2CCCN2C(=O)[C@H](Cc2ccccc2)NC(=O)[C@@H](N)CCCCCCCCNC(=O)[C@@H]2CCCN2C(=O)[C@H](CCCNC(=N)N)NC1=O,665.0,2.8228216453031045,CHEMBL1615381,Menin,4,Large-Polar-Aliphatic-Flexible-Hydrophilic
13.63234242505797,13.63234242505797,0.0183049456540553,-5.083333333333334,0.1047590127943719,22.3125,686.7330000000005,641.3730000000005,686.3363304400002,268,0,0.4902403183070029,-0.4745811720256028,0.4902403183070029,0.4745811720256028,1.0208333333333333,1.6041666666666667,2.125,19.413514289189564,9.935078554435494,2.392854024506239,-2.331968462334482,2.1688183119660662,-2.6276147193365813,5.970584185390575,-0.1924677400579927,3.023715109803813,1.4751214342297036e-06,1296.7956424307968,36.65612529163336,27.46938986713674,27.46938986713674,22.35431603780628,15.224347130210225,15.224347130210225,11.361757106768524,11.361757106768524,7.15743372771856,7.15743372771856,4.195027408640655,4.195027408640655,-4.9,6444096298.382099,41.1232018561485,19.04948850988827,13.449140518639568,275.9843727107739,42.32404762288502,23.664447739827228,5.959554568743835,29.535898646757527,0.0,12.145603805395323,29.381969526150627,4.794537184071822,13.17124514302446,0.0,51.10304694137992,38.17047518309165,26.055090840663738,0.0,47.0449956422961,41.46475850345321,5.409283605791522,37.217520228044314,5.917906046161393,83.21898154773723,20.13718479450234,35.89528683400505,0.0,0.0,37.217520228044314,13.17124514302446,0.0,0.0,90.507376120919,28.76722310443093,11.327189651952915,64.98352761131149,30.33183534230805,0.0,0.0,0.0,230.71,65.35667650878996,37.14393106338357,0.0,37.67395557278594,18.52902952053558,0.0,0.0,65.07445612374774,0.0,37.217520228044314,15.310348184704049,31.73611111111111,0.0,75.12351442431196,34.103361417061194,-0.891529702452095,-5.586333554245709,5.696411932972582,-4.1810078877016625,7.061334021918437,1.6048049036908267,0.5666666666666667,48,9,15,0,1,1,5,1,0,1,4,0,7,9,18,1,8,0,1,1,0,0,16.32033252601077,2,0.4315700000000091,168.20439999999974,1,0,0,0,0,0,0,0,1,1,6,5,0,0,0,0,8,0,0,0,0,0,0,0,0,3,0,5,0,0,0,0,0,0,1,0,0,0,0,0,0,0,0,1,3,0,0,0,0,0,0,0,0,0,0,0,0,0,0,0,0,0,0,0,0,0,0,0,0,0,0,0,0,0,0,0,0,0,0,0,0,0,0,0,0,CHEMBL4086696,CC[C@@H]1NC(=O)[C@H](CCCNC(=N)NC)NC(=O)[C@](C)(NC(=O)C(C)C)CCNC(=O)[C@H](c2ccccc2)NC1=O.O=C(O)C(F)(F)F,2.0,0.3010299956639812,CHEMBL612545,Unchecked,4,Large-Polar-Aliphatic-Flexible-Hydrophilic
14.422485831057411,14.422485831057411,0.0170129254762625,-1.235029140683299,0.0240374342325529,20.07017543859649,809.0309999999997,740.4869999999999,808.539540516,324,0,0.3256966935004625,-0.4797174682622497,0.4797174682622497,0.3256966935004625,0.7017543859649122,1.280701754385965,1.894736842105263,16.368508694067206,9.843494369755351,2.49077715996085,-2.3622131099640997,2.4004688247052424,-2.5965745204775743,5.9572883284674125,-0.1461918338545419,3.5627820849932457,2.1342166525121344,1370.1742153472012,42.4926241058873,33.284499275792626,33.284499275792626,27.101569623521097,20.214032584533804,20.214032584533804,14.93496058274614,14.93496058274614,10.537224614367236,10.537224614367236,7.33444694553656,7.33444694553656,-4.760000000000002,957588990675.2036,48.38885177535518,25.483587168946904,16.704278184709537,334.39309133255574,70.5755061355401,24.16736331659184,11.91910913748767,29.535898646757527,0.0,5.969305287951848,34.791253131942156,4.794537184071822,0.0,0.0,19.765380445542643,95.93334355011211,25.67611004688569,12.08368165829592,33.87375049927164,47.424313072197045,10.818567211583044,36.80064135488846,34.58624343197232,145.52894734761654,26.1790256236503,0.0,0.0,0.0,60.56906900984892,0.0,0.0,0.0,125.90266162557428,28.76722310443093,16.736473257744436,103.2360615435808,0.0,0.0,0.0,0.0,375.87,65.84906918024564,33.87375049927164,0.0,68.68276982866428,64.33215101224667,19.26246486877803,4.899909730850477,6.923737199690624,0.0,31.900731624037984,39.48690459739397,0.0,0.0,81.01162243073242,40.510319381294465,28.47525601358369,-4.184367545477418,-6.270626400672215,7.163053091979637,2.7947430285594246,0.0,0.7777777777777778,57,19,21,1,1,2,5,0,0,0,8,0,11,14,21,1,26,1,1,2,0,2,21.63371091618447,2,-2.6983600000000107,214.1173999999997,1,0,0,0,0,0,0,0,1,1,6,5,0,0,0,1,8,5,0,0,1,0,0,0,0,0,0,5,0,0,0,0,0,0,0,0,1,0,0,0,0,0,0,2,0,0,0,0,0,0,0,0,0,0,0,0,0,0,0,0,0,0,0,0,0,0,0,0,0,0,0,0,0,0,0,0,0,0,0,0,0,0,0,2,0,CHEMBL5394495,CC[C@H](N)C(=O)N[C@@H](CCCCNC(=O)[C@@H](N)CCCCNC(=N)N)C(=O)N[C@@H](CCN)C(=O)N1C2CCCCC2C[C@H]1C(=O)N[C@@H](CCCNC(=N)N)C(=O)O,2410.0,3.3820170425748683,CHEMBL5482974,VEGA-NRP1,4,Large-Polar-Aliphatic-Flexible-Hydrophilic
14.487166221568224,14.487166221568224,0.0107261034934698,-1.2397617346593863,0.016898305123523,19.79661016949153,855.1249999999995,784.5649999999997,854.52726158,336,0,0.3256966935004625,-0.4797174682622497,0.4797174682622497,0.3256966935004625,0.6779661016949152,1.2372881355932204,1.8644067796610169,32.11686930968156,9.843494265980574,2.4909202772412193,-2.362248203817075,2.4005871970260055,-2.5967593111606715,7.797403724046458,-0.1461924411093753,3.586729377516858,2.168904487863507,1410.5464817830525,43.906837668260394,34.14592643366567,35.040353624665585,28.101569623521097,20.82315356936409,21.45560910139777,15.392547615220344,15.8397612107203,10.77064047094421,11.086868236961047,7.591346184066094,7.773920369901148,-4.410000000000001,2493889027465.3228,50.73261638086599,27.36859436160518,18.17378598239764,351.91310011035415,70.5755061355401,24.16736331659184,11.91910913748767,29.535898646757527,0.0,5.969305287951848,34.79125313194215,4.794537184071822,12.628789148012991,0.0,12.84164324585202,108.10701877978492,25.67611004688569,12.08368165829592,33.87375049927164,60.05310222021003,10.818567211583044,36.80064135488846,34.58624343197232,145.02603177085192,31.93187923039709,0.0,0.0,0.0,60.56906900984892,0.0,0.0,12.628789148012991,131.65551523232108,28.76722310443093,16.736473257744436,102.7331459668162,0.0,0.0,0.0,0.0,375.87,65.84906918024564,33.87375049927164,0.0,68.68276982866428,76.50582624191948,19.26246486877803,4.899909730850477,0.0,0.0,44.52952077205099,39.48690459739397,0.0,4.187453305417716,81.55877449446832,40.6199255303978,28.68333992199519,-3.697941406944953,-6.356727814718098,7.684932551232448,1.0424656403737846,0.0,0.7837837837837838,59,19,21,1,1,2,5,0,0,0,8,0,12,15,22,1,28,1,1,2,0,2,23.533566078488946,2,-2.3983600000000047,226.91339999999963,1,0,0,0,0,0,0,0,1,1,6,5,0,0,0,1,8,5,0,0,1,0,1,0,0,0,0,5,0,0,0,0,0,0,0,0,1,0,0,0,0,0,0,2,0,0,0,0,0,0,0,0,0,0,0,0,0,0,0,0,0,0,0,0,0,0,0,0,0,0,0,0,0,0,0,0,0,0,0,0,0,0,0,2,0,CHEMBL5427459,N=C(N)NCCCC[C@H](N)C(=O)NCCCC[C@H](NC(=O)[C@@H](N)CCCS)C(=O)N[C@@H](CCN)C(=O)N1C2CCCCC2C[C@H]1C(=O)N[C@@H](CCCNC(=N)N)C(=O)O,890.0,2.949390006644913,CHEMBL5482974,VEGA-NRP1,4,Large-Polar-Aliphatic-Flexible-Hydrophilic
13.782589051738173,13.782589051738173,0.0022210502626567,-1.8126756585853765,0.0392860611977739,15.75,1026.236,942.5719999999998,1025.589629576,410,0,0.3257062312508952,-0.4812292624504639,0.4812292624504639,0.3257062312508952,0.5416666666666666,1.0277777777777777,1.5,16.376977249174143,10.026555316272455,2.4008203745548307,-2.2965667631010143,2.20763898165038,-2.5978002960823505,5.975829603441922,-0.1459714207805467,3.801479170652137,2.905075818164906,1778.9084044533192,54.17442238176199,42.67759123246946,42.67759123246946,34.06647257645829,25.714752620786797,25.714752620786797,19.12709730268486,19.12709730268486,12.243926274178314,12.243926274178314,8.289458955816151,8.289458955816151,-5.870000000000001,579197355534482.9,64.14512172992589,36.107270836697445,27.657628188314156,422.0575599986507,62.33327832909199,36.25104497488776,0.0,41.35025810546054,0.0,23.87722115180739,47.94537184071822,4.794537184071822,0.0,0.0,110.66271432003605,51.36657298340808,25.807221274690605,19.069544416586886,78.27254599899358,65.22747925726793,0.0,36.80064135488846,5.917906046161393,224.14967911162287,13.08951281182515,0.0,0.0,0.0,31.900731624037984,0.0,0.0,0.0,151.10455013678316,52.73990902479004,5.917906046161393,181.79466774898685,0.0,0.0,0.0,0.0,364.34,146.23135514044665,73.16601860415287,0.0,38.14594894377801,6.4208216229260096,37.50693342224514,64.20821622926012,13.847474399381248,0.0,38.82446882372861,5.106527394840706,0.0,0.0,140.5772479206459,61.99395053375092,0.0,-12.168872041356652,-9.131973886739477,12.86505210516333,5.864595368535971,0.0,0.7755102040816326,72,11,23,0,1,1,7,0,0,0,7,0,12,11,23,1,40,0,1,1,0,0,32.168128932713344,1,2.494900000000008,261.7081999999993,4,1,1,0,0,0,0,0,4,4,11,7,0,0,0,1,6,0,0,0,1,0,0,0,0,0,0,7,0,0,0,0,0,0,0,0,0,0,0,0,0,0,0,0,0,0,0,0,0,0,0,0,0,0,0,0,0,0,0,0,0,0,0,0,0,0,0,0,0,0,0,0,0,0,0,0,0,0,0,0,0,0,0,14,0,CHEMBL3946369,CCCCCCCCCCCCCCCCCC(=O)N[C@@H](CC(=O)O)C(=O)N1CCC[C@H]1C(=O)N[C@@H](CCC(=O)O)C(=O)N[C@H](C(=O)NCC(=O)N[C@@H](CCC(=O)O)C(=O)N[C@@H](CC(C)C)C(=O)O)[C@@H](C)O,22.0,1.3424226808222062,CHEMBL3038498,Keap1/Nrf2,2,Large-Polar-Aliphatic-Flexible-Hydrophilic
13.626473280154425,13.626473280154425,0.1797221469574468,-5.083333333333334,0.1063405670764692,22.653061224489797,700.7600000000006,653.3840000000005,700.351980504,274,0,0.4902403183070029,-0.4745811720256028,0.4902403183070029,0.4745811720256028,1.020408163265306,1.6122448979591837,2.142857142857143,19.41351492660994,9.913897179003763,2.3887926079929276,-2.327513053933625,2.1831562529809747,-2.6171485542193342,5.967455414463995,-0.1924677685677791,3.0230680111080295,1.5399994332686232e-06,1313.587005635733,37.3632320728199,27.96095369869946,27.96095369869946,22.81631123534549,15.763022264805036,15.763022264805036,11.857539022549885,11.857539022549885,7.399660843279481,7.399660843279481,4.49574958288263,4.49574958288263,-4.9,9804784572.010551,42.122675736961455,19.808804302447097,14.81579219415508,282.13934333857526,42.74092649604088,23.664447739827228,5.959554568743835,29.535898646757527,0.0,12.145603805395323,29.381969526150627,4.794537184071822,13.17124514302446,0.0,51.10304694137992,51.01211842894368,19.007418857986544,0.0,47.0449956422961,41.46475850345321,5.409283605791522,31.900731624037984,11.651573523323576,96.06062479358926,13.08951281182515,35.89528683400505,0.0,0.0,37.634399101200174,13.17124514302446,0.0,0.0,83.45970413824182,28.76722310443093,11.327189651952915,77.82517085716351,30.33183534230805,0.0,0.0,0.0,244.69999999999996,59.43877046262857,37.14393106338357,0.0,37.047105213034754,37.91542917230017,0.0,0.0,51.960417072608934,6.06636706846161,31.900731624037984,21.044015661866233,31.73611111111111,0.0,75.19036603124495,31.12247183996763,4.627588874422398,-5.711167957751926,5.846208968458389,-3.021093152153082,7.376180951367188,0.0,0.5806451612903226,49,10,15,0,1,1,5,1,0,1,4,0,7,9,18,1,8,0,1,1,0,0,17.028568170794,2,0.951070000000008,172.56609999999972,1,0,0,0,0,0,0,0,1,1,6,5,0,0,0,0,7,1,0,0,0,0,0,0,0,3,0,5,0,0,0,0,0,0,1,0,0,0,0,0,0,0,0,1,3,0,0,0,0,0,0,0,0,0,0,0,0,0,0,0,0,0,0,0,0,0,0,0,0,0,0,0,0,0,0,0,0,0,0,0,0,0,0,0,0,CHEMBL4099772,CC[C@@H]1NC(=O)[C@H](CCCNC(=N)N)NC(=O)[C@](C)(NC(=O)C(C)C)CCCCNC(=O)[C@@H](c2ccccc2)NC1=O.O=C(O)C(F)(F)F,0.9,-0.0457574905606751,CHEMBL612545,Unchecked,4,Large-Polar-Aliphatic-Flexible-Hydrophilic
13.603339333441312,13.603339333441312,0.1773764679451011,-5.083333333333334,0.1052340739394826,22.625,686.7330000000005,641.3730000000005,686.3363304400001,268,0,0.4902403183070029,-0.4745811720256028,0.4902403183070029,0.4745811720256028,1.0416666666666667,1.625,2.1458333333333335,19.413514196938035,9.921597454038134,2.389851189065913,-2.323038782157957,2.176856234866175,-2.615358743421431,5.968145290797923,-0.1924677512138227,3.0096673875901567,1.475121437290926e-06,1296.7956424307968,36.65612529163336,27.253846917512913,27.253846917512913,22.31631123534549,15.263022264805036,15.263022264805036,11.50398563195661,11.50398563195661,7.149660843279481,7.149660843279481,4.334137930530949,4.334137930530949,-4.9,6041146171.820927,41.1232018561485,19.04948850988827,13.841223210975938,275.7744012241786,42.74092649604088,23.664447739827228,5.959554568743835,29.535898646757527,0.0,12.145603805395323,29.381969526150627,4.794537184071822,13.17124514302446,0.0,51.10304694137992,44.59129680601767,19.007418857986544,0.0,47.0449956422961,41.46475850345321,5.409283605791522,31.900731624037984,11.651573523323576,89.63980317066324,13.08951281182515,35.89528683400505,0.0,0.0,37.634399101200174,13.17124514302446,0.0,0.0,83.45970413824182,28.76722310443093,11.327189651952915,71.4043492342375,30.33183534230805,0.0,0.0,0.0,244.69999999999996,59.43877046262857,37.14393106338357,0.0,43.59186161894733,24.94985114346159,0.0,0.0,58.02678414107054,0.0,31.900731624037984,21.044015661866233,31.73611111111111,0.0,75.05309101667346,30.983515424068724,4.5464770026118675,-5.825854757635369,5.75298588896507,-3.7827919550552647,7.2031329359270515,0.0,0.5666666666666667,48,10,15,0,1,1,5,1,0,1,4,0,7,9,18,1,8,0,1,1,0,0,16.32033252601077,2,0.5609700000000084,167.94909999999976,1,0,0,0,0,0,0,0,1,1,6,5,0,0,0,0,7,1,0,0,0,0,0,0,0,3,0,5,0,0,0,0,0,0,1,0,0,0,0,0,0,0,0,1,3,0,0,0,0,0,0,0,0,0,0,0,0,0,0,0,0,0,0,0,0,0,0,0,0,0,0,0,0,0,0,0,0,0,0,0,0,0,0,0,0,CHEMBL4094433,CC[C@@H]1NC(=O)[C@H](CCCNC(=N)N)NC(=O)[C@](C)(NC(=O)C(C)C)CCCNC(=O)[C@@H](c2ccccc2)NC1=O.O=C(O)C(F)(F)F,0.97,-0.0132282657337551,CHEMBL612545,Unchecked,4,Large-Polar-Aliphatic-Flexible-Hydrophilic
15.625662065566129,15.625662065566129,0.0062312439067579,-2.0278516105656266,0.0129115547021772,24.18705035971223,2013.4890000000005,1867.328999999999,2012.0045808999987,776,0,0.3054810621152199,-0.4812292624533588,0.4812292624533588,0.3054810621152199,0.5251798561151079,1.0431654676258992,1.6258992805755397,33.1146188540686,9.9975007270456,2.477589410084043,-2.333727835895844,2.301851360341658,-2.614578662261013,8.762963767694732,-0.1479291405792228,1.6575984752091286,1.505035449065529,4411.502259966153,102.86319891035598,80.51210099719678,82.96159073997995,66.01571009052932,47.753900670804626,51.63578139263456,36.70721256823233,40.320010834847146,24.416412486246355,27.50706301811972,17.147304088592094,19.874654851851663,-11.179999999999996,5.621791589230596e+42,116.53257929839098,59.41575047285583,37.737066991281466,821.2221394197167,132.28893147266143,102.7112940955153,5.959554568743835,106.32923512832714,0.0,11.938610575903695,101.300027287228,0.0,11.761884949391115,0.0,93.46205449322522,183.2525593137108,63.994869688599096,13.027703587438928,111.2103258659586,157.57708117513923,5.409283605791522,94.03467937949056,40.68838804713292,305.2771734435739,75.93450680965272,35.89528683400505,0.0,0.0,97.3697103647374,0.0,0.0,33.34968090216456,337.79242228606677,102.31156530436247,23.163001744275704,201.7085092168297,30.33183534230805,0.0,0.0,0.0,711.4,263.9758852779245,72.85402839338398,38.356297472574575,178.81169731371125,31.246737983401033,26.48770568362392,33.38535134163317,78.13002772396318,0.0,74.43504045608864,28.343953514440265,0.0,1.3185951897720118,293.263944797853,75.59204397491271,23.53212455650171,-20.88392403478271,-17.262119360266603,1.07370692108963,10.800720485645243,1.8982408026084,0.7,139,26,46,0,5,5,18,1,0,1,17,0,27,22,49,5,41,0,5,5,0,0,49.81201909029844,6,-3.859829999999956,516.5035000000013,2,1,1,0,0,0,0,0,2,2,20,18,0,0,0,4,15,4,0,0,3,0,0,0,0,0,0,18,0,0,0,0,0,0,1,0,1,0,0,0,0,0,0,1,0,0,0,0,0,0,0,0,0,0,0,0,0,0,0,0,0,0,0,0,0,0,0,0,0,0,0,1,0,0,0,1,0,0,0,0,0,0,0,2,0,CHEMBL3335447,CSCC[C@H](NC(=O)[C@@H]1CCCN1C(=O)[C@@H](NC(C)=O)C(C)C)C(=O)N[C@H]1CCSSC[C@@H](C(=O)N[C@@H](CCCCN)C(=O)N2CCC[C@H]2C(=O)N2CCC[C@H]2C(=O)N[C@@H](CCC(=O)O)C(N)=O)NC(=O)[C@H](Cc2ccccc2)NC(=O)[C@H](CO)NC(=O)[C@H](CC(=O)O)NC(=O)[C@@H]2CCCN2C(=O)[C@H](CC(C)C)NC(=O)[C@H](CCCCN)NC(=O)[C@H](CCCNC(=N)N)NC(=O)[C@H](CC(C)C)NC1=O,6900.0,3.838849090737255,CHEMBL3430909,Transcriptional coactivator YAP1/Transcriptional enhancer factor TEF-1,1,Large-Polar-Aliphatic-Flexible-Hydrophilic
14.222603104369822,14.222603104369822,0.0469482256273197,-1.2230487755769717,0.0172198246755452,19.93103448275862,841.0979999999996,772.5539999999997,840.511611516,330,0,0.3256966935004625,-0.4797174682622497,0.4797174682622497,0.3256966935004625,0.6896551724137931,1.2413793103448276,1.8448275862068968,32.116869264175605,9.843499373085418,2.489895475290363,-2.360688805536061,2.4004129592782375,-2.586689024674998,7.797454545815581,-0.146111450318327,3.5679770335850116,1.987795243396926,1393.6498638181283,43.19973088707385,33.438819652479125,34.33324684347904,27.601569623521097,20.323153569364095,20.95560910139777,15.038994224627068,15.486207820127024,10.53750188757744,10.7957007773246,7.417782536996533,7.695953180370099,-4.410000000000001,1522348576862.0537,49.73520473542198,26.56321477557935,17.21019669921881,345.54815799595747,70.5755061355401,24.16736331659184,11.91910913748767,29.535898646757527,0.0,5.969305287951848,34.79125313194215,4.794537184071822,12.628789148012991,0.0,12.84164324585202,101.6861971568589,25.67611004688569,12.08368165829592,33.87375049927164,60.05310222021003,10.818567211583044,36.80064135488846,34.58624343197232,138.60521014792587,31.93187923039709,0.0,0.0,0.0,60.56906900984892,0.0,0.0,12.628789148012991,131.65551523232105,28.76722310443093,16.736473257744436,96.31232434389018,0.0,0.0,0.0,0.0,375.87,65.84906918024564,33.87375049927164,0.0,68.68276982866428,70.08500461899347,19.26246486877803,4.899909730850477,0.0,0.0,44.52952077205098,39.48690459739397,0.0,4.114666118826548,80.38427613589943,40.545968929217445,28.65170295281665,-3.6260223850576585,-6.072565808786571,7.2048990526309495,1.019297226675452,0.0,0.7777777777777778,58,19,21,1,1,2,5,0,0,0,8,0,12,15,22,1,27,1,1,2,0,2,22.778050436110785,2,-2.7884600000000086,222.2963999999997,1,0,0,0,0,0,0,0,1,1,6,5,0,0,0,1,8,5,0,0,1,0,1,0,0,0,0,5,0,0,0,0,0,0,0,0,1,0,0,0,0,0,0,2,0,0,0,0,0,0,0,0,0,0,0,0,0,0,0,0,0,0,0,0,0,0,0,0,0,0,0,0,0,0,0,0,0,0,0,0,0,0,0,2,0,CHEMBL5436656,N=C(N)NCCCC[C@H](NC(=O)[C@@H](N)CCS)C(=O)NCCCC[C@H](N)C(=O)N[C@@H](CCN)C(=O)N1C2CCCCC2C[C@H]1C(=O)N[C@@H](CCCNC(=N)N)C(=O)O,630.0,2.7993405494535817,CHEMBL5482974,VEGA-NRP1,4,Large-Polar-Aliphatic-Flexible-Hydrophilic
11.687274680523482,11.687274680523482,0.0,-0.1887559935213665,0.4139318294012757,14.24,404.00500000000017,377.79700000000014,403.126730132,140,0,0.3187360413772753,-0.370976960131576,0.370976960131576,0.3187360413772753,1.2,1.84,2.52,35.45300173931186,10.156961031601124,2.145715458747191,-2.219345273714891,2.2018928494323338,-2.317150248791147,8.228795116445268,0.2516467865057985,2.595058603636705,3.124995398756977e-06,514.506355621168,17.037323138116363,14.123812352795923,16.573302095579102,11.737183443017882,8.339199554742747,9.627100656461506,5.605340392987321,7.582624277180034,3.656521071099874,5.252685369476558,2.35923530749674,3.829095027471521,-1.09,293386.9454927513,21.951823504809703,13.158720459169016,9.83738223621532,164.65553756487242,21.267154416025324,4.320534085558971,0.0,0.0,0.0,6.031114512338072,4.983978520947208,4.794537184071822,0.0,12.407033161179976,23.97975839243781,50.9055334404524,36.42052425971704,0.0,4.794537184071822,52.4258264261984,0.0,20.9343443329662,0.0,30.933224521686213,31.49581422765663,24.52642128014937,0.0,0.0,21.267154416025324,10.481923458755384,0.0,36.38679155361779,46.76459077247672,0.0,0.0,25.68328649170404,24.52642128014937,0.0,0.0,0.0,78.08,0.0,4.794537184071822,0.0,18.43814767351805,11.79469443589475,42.48383282383228,12.84164324585202,36.28830622954049,0.0,26.25113293697253,12.217873443046695,0.8937863958858244,7.159859309247247,15.592754193523689,12.902191128393495,0.740234192138989,0.0,3.3201532019466344,7.545518353206711,3.678836558990742,0.0,0.5625,25,4,6,0,1,1,2,0,1,1,0,0,5,4,9,2,7,0,1,1,0,0,11.554316362752273,2,2.7648,111.8238,0,0,0,0,0,1,0,0,0,0,1,1,1,0,0,1,4,0,0,0,0,0,0,0,0,0,0,2,0,1,0,0,0,0,0,0,0,0,0,0,0,0,0,0,1,0,0,0,0,0,0,0,0,0,0,0,0,0,0,0,0,0,0,0,0,0,0,0,0,1,0,0,0,1,0,1,0,0,0,0,0,0,0,1,1,CHEMBL4474042,Cl.O=C(NCCCCNC(=S)SC1CCNCC1)Nc1ccncc1,19952.62,4.29999993144297,CHEMBL612545,Unchecked,0,Large-Polar-Aliphatic-Flexible-Hydrophilic
14.341879769897949,14.341879769897949,0.1010235163253965,-1.2963521046469353,0.1172030567950063,27.36842105263158,813.4449999999993,751.9569999999999,812.446407352,314,0,0.2459060810221354,-0.3701604379834824,0.3701604379834824,0.2459060810221354,0.7894736842105263,1.4210526315789471,2.070175438596491,35.49569356686438,9.750752213163166,2.4931912795727835,-2.427068816170794,2.336927727742053,-2.672213441335533,6.309464558211674,-0.1461341294349476,3.8708525940795258,1.3807561452721464,1624.2582086304808,40.95080774263041,32.921976772795695,33.67790571881415,27.396392269489898,20.788887099491298,21.166851572500523,15.977179335975034,16.384379462715643,11.844099114637368,12.212826838381318,8.367329227019457,8.580214277580707,-4.4399999999999995,2523075694228.3687,43.67796262471267,20.82272148905456,11.583621409993508,339.72261987374605,47.851097436056975,29.70628856897519,5.959554568743835,35.443078376109035,0.0,0.0,34.17650671022245,0.0,0.0,0.0,61.90414921024741,82.25885641234473,37.62248056031763,6.041840829147961,28.76722310443093,53.00357283508538,5.409283605791522,36.38376248173261,11.46733495432437,144.90209698786535,26.1790256236503,34.85155307928476,0.0,0.0,38.051277974356026,0.0,0.0,11.600939890232516,113.12960742832728,35.18804472735694,5.409283605791522,108.2965974585132,24.26546827384644,5.022633313741326,0.0,0.0,244.94,59.376848315529166,28.76722310443093,0.0,37.16031367921144,88.00774862951016,38.524929737556064,4.899909730850477,29.16537800469692,0.0,26.583943020031658,28.47755845034841,0.0,6.49934219765381,86.63444376629687,22.46433618552882,11.177145743429556,-2.6751395431848017,2.7016578970535923,9.780852320770936,1.4451392102289962,0.0,0.675,57,10,16,1,3,4,6,1,0,1,5,0,8,8,17,3,6,1,3,4,1,0,15.956035981468888,5,1.324070000000009,215.66699999999943,0,0,0,0,0,0,0,0,0,0,6,6,0,0,0,2,6,2,0,0,0,0,0,0,0,0,0,6,0,0,0,0,0,0,1,0,2,0,0,0,0,0,0,1,1,0,0,0,0,0,0,0,0,0,0,0,0,0,0,0,0,0,0,0,0,0,0,0,0,0,0,0,0,0,0,0,0,0,0,0,0,0,0,0,0,CHEMBL2314572,N=C(N)NCCC[C@@H]1NC(=O)C2(CCC2)NC(=O)[C@@H]2CCCN2C(=O)[C@H](Cc2ccccc2Cl)NC(=O)[C@@H](N)CCCCCCCCNC(=O)[C@@H]2CCCN2C1=O,112.0,2.0492180226701815,CHEMBL1615381,Menin,4,Large-Polar-Aliphatic-Flexible-Hydrophilic
14.87832312545162,14.87832312545162,0.1420320392301592,-1.3284916822410584,0.1152405689631943,27.36842105263158,796.9899999999993,735.5019999999998,796.4759578920001,314,0,0.2459060810221354,-0.3701604379834824,0.3701604379834824,0.2459060810221354,0.7894736842105263,1.4210526315789471,2.070175438596491,19.14220269231589,9.750751880852842,2.4932702846449097,-2.4270513506400184,2.336237966016137,-2.672227320419125,5.988749720653711,-0.1461374495706122,3.8708525940795258,1.3807561452721464,1624.2582086304808,40.95080774263041,32.921976772795695,32.921976772795695,27.396392269489898,20.788887099491298,20.788887099491298,15.977179335975034,15.977179335975034,11.844099114637368,11.844099114637368,8.367329227019457,8.367329227019457,-4.8,2523075694228.3687,43.32492243006041,20.569656157534947,11.414705958200862,333.5848890497906,47.851097436056975,35.523509410021084,5.959554568743835,35.443078376109035,0.0,0.0,34.17650671022245,4.39041504767482,0.0,0.0,50.303209320014886,82.25885641234473,32.59984724657631,6.041840829147961,33.15763815210575,41.40263294485287,5.409283605791522,36.38376248173261,11.46733495432437,144.90209698786535,26.1790256236503,35.64614060658933,0.0,0.0,38.051277974356026,4.39041504767482,0.0,0.0,113.12960742832728,35.18804472735694,11.226504446837415,108.2965974585132,24.26546827384644,0.0,0.0,0.0,244.94,65.19406915657507,33.15763815210575,0.0,49.26852157682101,77.29772904108526,32.10410811463005,21.932553598624175,12.13273413692322,0.0,26.583943020031658,16.876618560115894,14.87832312545162,0.0,86.3118951630886,21.811988142430543,10.655174204244211,-3.502585965056376,1.3175114988428915,9.10208887442198,1.3422716232432212,0.0,0.675,57,10,16,1,3,4,6,1,0,1,5,0,8,8,17,3,6,1,3,4,1,0,15.63471504277572,5,0.8097700000000096,210.61499999999947,0,0,0,0,0,0,0,0,0,0,6,6,0,0,0,2,6,2,0,0,0,0,0,0,0,0,0,6,0,0,0,0,0,0,1,0,2,0,0,0,0,0,0,1,1,0,0,0,0,0,0,0,0,0,0,0,0,0,0,0,0,0,0,0,0,0,0,0,0,0,0,0,0,0,0,0,0,0,0,0,0,0,0,0,0,CHEMBL2314817,N=C(N)NCCC[C@@H]1NC(=O)C2(CCC2)NC(=O)[C@@H]2CCCN2C(=O)[C@H](Cc2ccccc2F)NC(=O)[C@@H](N)CCCCCCCCNC(=O)[C@@H]2CCCN2C1=O,102.0,2.0086001717619175,CHEMBL1615381,Menin,4,Large-Polar-Aliphatic-Flexible-Hydrophilic
14.405956905437575,14.405956905437575,0.0051786059496352,-1.2436858563914124,0.0224046932515272,20.07017543859649,810.0189999999997,742.4829999999998,809.534789484,324,0,0.3256966935004625,-0.4797174682622497,0.4797174682622497,0.3256966935004625,0.6666666666666666,1.2456140350877194,1.8596491228070176,16.36851054370895,9.843494572189831,2.490786328719543,-2.362200248117343,2.400423703448033,-2.59905585365611,5.957572157470349,-0.1461906124043968,3.5627820849932457,2.1342166525121344,1371.4662197807293,42.4926241058873,32.86184954498225,32.86184954498225,27.101569623521097,19.91517409381112,19.91517409381112,14.762414552677791,14.762414552677791,10.3513321024255,10.3513321024255,7.25608962711861,7.25608962711861,-4.800000000000002,957588990675.2036,48.348962632144264,25.45173589193283,16.67960013135157,333.3680399151719,76.30917361270228,24.16736331659184,11.91910913748767,29.535898646757527,0.0,5.969305287951848,34.79125313194215,4.794537184071822,0.0,0.0,12.84164324585202,89.5125219271861,32.22086645279826,12.08368165829592,33.87375049927164,47.424313072197045,10.818567211583044,36.80064135488846,40.31991090913451,132.18438852499986,32.72378202956288,0.0,0.0,0.0,66.3027364870111,0.0,0.0,0.0,132.44741803148685,28.76722310443093,16.736473257744436,89.89150272096417,0.0,0.0,0.0,0.0,401.89,65.84906918024564,33.87375049927164,0.0,75.22752623457686,57.91132938932067,19.26246486877803,4.899909730850477,0.0,0.0,31.900731624037984,45.22057207455616,0.0,0.0,80.83835576310855,40.34416780571362,33.901810979783306,-4.426094066155159,-6.6215965226679785,6.625311762647353,0.8380442775703079,0.0,0.7714285714285715,57,21,22,1,1,2,5,0,0,0,8,0,12,15,22,1,26,1,1,2,0,2,21.58886013267132,2,-4.149660000000013,212.8807999999997,1,0,0,0,0,0,0,0,1,1,6,5,0,0,0,1,8,6,0,0,1,0,0,0,0,0,0,5,0,0,0,0,0,0,0,0,1,0,0,0,0,0,0,2,0,0,0,0,0,0,0,0,0,0,0,0,0,0,0,0,0,0,0,0,0,0,0,0,0,0,0,0,0,0,0,0,0,0,0,0,0,0,0,2,0,CHEMBL5430767,N=C(N)NCCCC[C@H](N)C(=O)NCCCC[C@H](NC(=O)[C@@H](N)CN)C(=O)N[C@@H](CCN)C(=O)N1C2CCCCC2C[C@H]1C(=O)N[C@@H](CCCNC(=N)N)C(=O)O,440.0,2.643452676486187,CHEMBL5482974,VEGA-NRP1,4,Large-Polar-Aliphatic-Flexible-Hydrophilic
13.333628966648895,13.333628966648895,0.1879320235006565,-5.083333333333334,0.1036710373828259,21.25531914893617,672.7060000000005,629.3620000000005,672.320680376,262,0,0.4902403183070029,-0.4745811720256028,0.4902403183070029,0.4745811720256028,1.0,1.574468085106383,2.106382978723404,19.41351337674671,10.044874294175136,2.3802289865069515,-2.2563372729440223,2.1480450016832897,-2.568223265762763,5.955488753912387,-0.192467741931859,3.0022272584538308,1.4116780904557208e-06,1247.9202797944208,35.73347556082298,26.331197186702543,26.331197186702543,21.970359233825196,14.895067433865252,14.895067433865252,10.817604035302754,10.817604035302754,6.709589079062008,6.709589079062008,4.111316608346627,4.111316608346627,-4.9,4392447475.328328,40.12375296912114,19.578449820921257,14.826319664182014,269.409459109782,42.74092649604088,24.16736331659184,5.959554568743835,29.535898646757527,0.0,12.145603805395323,29.381969526150627,4.794537184071822,13.17124514302446,0.0,51.10304694137992,37.667559606327046,19.007418857986544,0.0,47.0449956422961,41.46475850345321,5.409283605791522,31.900731624037984,11.651573523323576,83.21898154773723,13.08951281182515,35.89528683400505,0.0,0.0,37.634399101200174,13.17124514302446,0.0,0.0,83.96261971500643,28.76722310443093,11.327189651952915,64.48061203454688,30.33183534230805,0.0,0.0,0.0,244.69999999999996,59.94168603939319,37.14393106338357,0.0,43.59186161894733,24.94985114346159,0.0,0.0,51.10304694137992,0.0,31.900731624037984,21.044015661866233,31.73611111111111,0.0,74.29091330608306,30.796299589808793,5.907440437075029,-5.761087144571625,4.851559498479787,-3.702763413546069,5.631526615559909,0.0,0.5517241379310345,47,10,15,0,1,1,5,1,0,1,4,0,7,9,18,1,8,0,1,1,0,0,16.71406136453146,2,0.1708700000000087,163.33209999999983,1,0,0,0,0,0,0,0,1,1,6,5,0,0,0,0,7,1,0,0,0,0,0,0,0,3,0,5,0,0,0,0,0,0,1,0,0,0,0,0,0,0,0,1,3,0,0,0,0,0,0,0,0,0,0,0,0,0,0,0,0,0,0,0,0,0,0,0,0,0,0,0,0,0,0,0,0,0,0,0,0,0,0,0,0,CHEMBL4084197,CC[C@@H]1NC(=O)[C@H](CCCNC(=N)N)NC(=O)[C@H](NC(=O)C(C)C)CCCNC(=O)[C@@H](c2ccccc2)NC1=O.O=C(O)C(F)(F)F,164.0,2.214843848047698,CHEMBL612545,Unchecked,4,Large-Polar-Aliphatic-Flexible-Hydrophilic
14.198249457093738,14.198249457093738,0.039981420386705,-1.2288547745501095,0.0224208187393535,20.07017543859649,811.0029999999998,744.4749999999999,810.5188050720001,324,0,0.3256966935004625,-0.4797174682622497,0.4797174682622497,0.3256966935004625,0.6842105263157895,1.2456140350877194,1.8596491228070176,16.368571718849875,9.843499374098284,2.4898451356838223,-2.3606887247099704,2.4003307655071757,-2.58669091232213,5.947089665764347,-0.14611201309719,3.562943268225166,1.9850271780013873,1372.418094260454,42.4926241058873,32.73171287129258,32.73171287129258,27.101569623521097,19.823153569364095,19.823153569364095,14.709286478117331,14.709286478117331,10.29409455699626,10.29409455699626,7.230514212645929,7.230514212645929,-4.800000000000002,957934079628.7806,48.348962632144264,25.45173589193283,16.67960013135157,332.82238297035514,75.6820335303808,30.209204145739804,11.91910913748767,29.535898646757527,0.0,5.969305287951848,34.79125313194215,4.794537184071822,0.0,0.0,12.84164324585202,89.5125219271861,25.67611004688569,12.64872279366088,38.98027789411234,47.424313072197045,10.818567211583044,36.80064135488846,34.58624343197232,132.18438852499986,32.78590758816322,0.0,0.0,0.0,60.56906900984892,0.0,0.0,0.0,137.6160709849279,28.76722310443093,16.736473257744436,89.89150272096417,0.0,0.0,0.0,0.0,396.1,78.36313087411006,38.98027789411234,0.0,69.19641172223878,51.49050776639466,19.26246486877803,4.899909730850477,0.0,0.0,31.900731624037984,39.48690459739397,0.0,0.0,79.88090595692167,49.41935787836992,28.261255955737568,-4.3947775431337615,-6.590206854120674,6.576918482880844,0.3465461233444349,0.0,0.7714285714285715,57,20,22,1,1,2,5,0,0,0,8,0,12,15,22,1,26,1,1,2,0,2,21.58886013267132,2,-4.116060000000012,210.9121999999997,1,1,1,0,0,0,0,0,1,1,6,5,0,0,0,1,8,5,0,0,1,0,0,0,0,0,0,5,0,0,0,0,0,0,0,0,1,0,0,0,0,0,0,2,0,0,0,0,0,0,0,0,0,0,0,0,0,0,0,0,0,0,0,0,0,0,0,0,0,0,0,0,0,0,0,0,0,0,0,0,0,0,0,2,0,CHEMBL5437088,N=C(N)NCCCC[C@H](NC(=O)[C@@H](N)CO)C(=O)NCCCC[C@H](N)C(=O)N[C@@H](CCN)C(=O)N1C2CCCCC2C[C@H]1C(=O)N[C@@H](CCCNC(=N)N)C(=O)O,810.0,2.90848501887865,CHEMBL5482974,VEGA-NRP1,4,Large-Polar-Aliphatic-Flexible-Hydrophilic
14.23681824749078,14.23681824749078,0.0469508284437754,-1.2225476953300582,0.016898305123523,19.79661016949153,855.1249999999997,784.5649999999997,854.5272615800001,336,0,0.3256966935004625,-0.4797174682622497,0.4797174682622497,0.3256966935004625,0.6779661016949152,1.2203389830508475,1.8135593220338984,32.11686930968155,9.843499368866487,2.4899425617681405,-2.3606888217671274,2.400472376956658,-2.5866888673408934,7.797403722302827,-0.1461114931863023,3.586887257465321,1.988005794347524,1410.5464817830525,43.906837668260394,34.14592643366567,35.040353624665585,28.101569623521097,20.82315356936409,21.45560910139777,15.39254761522034,15.8397612107203,10.770640470944208,11.086868236961047,7.589897511041,7.772471696876055,-4.410000000000001,2494788669430.8047,50.73261638086599,27.36859436160518,18.17378598239764,351.9131001103541,70.5755061355401,24.16736331659184,11.91910913748767,29.535898646757527,0.0,5.969305287951848,34.79125313194215,4.794537184071822,12.628789148012991,0.0,12.84164324585202,108.10701877978492,25.67611004688569,12.08368165829592,33.87375049927164,60.05310222021003,10.818567211583044,36.80064135488846,34.58624343197232,145.02603177085192,31.93187923039709,0.0,0.0,0.0,60.56906900984892,0.0,0.0,12.628789148012991,131.65551523232105,28.76722310443093,16.736473257744436,102.7331459668162,0.0,0.0,0.0,0.0,375.87,65.84906918024564,33.87375049927164,0.0,68.68276982866428,76.50582624191948,19.26246486877803,4.899909730850477,0.0,0.0,44.52952077205098,39.48690459739397,0.0,4.157555004937645,80.62302619193997,40.63623395701698,28.774114181783393,-3.4167519203600687,-6.034306824069874,7.957141694238838,1.0252099367353529,0.0,0.7837837837837838,59,19,21,1,1,2,5,0,0,0,8,0,12,15,22,1,28,1,1,2,0,2,23.533566078488946,2,-2.398360000000009,226.91339999999963,1,0,0,0,0,0,0,0,1,1,6,5,0,0,0,1,8,5,0,0,1,0,1,0,0,0,0,5,0,0,0,0,0,0,0,0,1,0,0,0,0,0,0,2,0,0,0,0,0,0,0,0,0,0,0,0,0,0,0,0,0,0,0,0,0,0,0,0,0,0,0,0,0,0,0,0,0,0,0,0,0,0,0,2,0,CHEMBL5413708,N=C(N)NCCCC[C@H](NC(=O)[C@@H](N)CCCS)C(=O)NCCCC[C@H](N)C(=O)N[C@@H](CCN)C(=O)N1C2CCCCC2C[C@H]1C(=O)N[C@@H](CCCNC(=N)N)C(=O)O,1330.0,3.123851640967086,CHEMBL5482974,VEGA-NRP1,4,Large-Polar-Aliphatic-Flexible-Hydrophilic
14.247345082606364,14.247345082606364,0.047022109895227,-1.9121155508597691,0.0656557439997067,24.97619047619047,1187.2720000000002,1108.6479999999997,1186.5506182759998,464,0,0.3054812036843136,-0.4812292624504639,0.4812292624504639,0.3054812036843136,0.5238095238095238,0.9523809523809524,1.4404761904761905,16.37312419565785,10.002166272583723,2.4150863010828982,-2.306581452199616,2.20879972525782,-2.6049151699054365,5.9995853381563915,-0.1463364221522972,4.144329916223432,2.1601790364125124,2582.9728925933696,62.95636124209551,47.35869889766917,47.35869889766917,39.447191767367414,27.38029903947917,27.38029903947917,21.314698705324165,21.314698705324165,13.246213210671156,13.246213210671156,9.046403382643584,9.046403382643584,-8.770000000000001,1.9768931458936806e+17,69.4988971895572,33.98303884554172,23.977234979331545,482.7701329018161,84.2275728274388,54.37656746233163,0.0,70.88615675221807,0.0,17.907915863855546,71.91805776107734,0.0,0.0,0.0,58.026784141070536,69.26875214419249,32.22804289761662,25.614300822499462,92.34416734044018,88.79407261607363,0.0,58.0677957709138,17.569479569484972,172.14907932364522,19.634269217737724,35.89528683400505,0.0,0.0,58.9015535172255,0.0,0.0,0.0,194.23489499410456,78.33887938400335,11.835812092322788,110.81117534233624,30.33183534230805,0.0,0.0,0.0,486.52999999999986,207.30987063846075,92.34416734044018,0.0,50.4846766128654,5.563451491696996,11.823646930541102,0.0,58.026784141070536,0.0,53.167886040063316,5.733667477162185,0.0,0.0,201.40342362394557,63.28942172731743,5.872893321402577,-17.794475298102782,-6.671715217254937,-6.737979242090152,5.805097751448975,0.0,0.6037735849056604,84,16,31,0,2,2,12,1,0,1,10,0,16,15,31,2,18,0,2,2,0,0,28.11647289184563,3,-4.71270000000002,291.3576,3,1,1,0,0,0,0,0,3,3,15,12,0,0,0,1,10,1,0,0,0,0,0,0,0,0,0,12,0,0,0,0,0,0,1,0,1,0,0,0,0,0,0,0,0,0,0,0,0,0,0,0,0,0,0,0,0,0,0,0,0,0,0,0,0,0,0,0,0,0,0,1,0,0,0,0,0,0,0,0,0,0,0,0,0,CHEMBL4169002,CC(C)C[C@@H]1NC(=O)[C@H](Cc2ccccc2)NC(=O)[C@H](CCC(=O)O)NC(=O)CNC(=O)[C@H]([C@@H](C)O)NC(=O)[C@H](CCC(=O)O)NC(=O)[C@@H]2CCCN2C(=O)[C@H](CC(=O)O)NC(=O)[C@H](CC(C)C)NC(=O)[C@H](CCC(N)=O)NC(=O)CNC1=O,18.31,1.2626883443016963,CHEMBL2069156,Kelch-like ECH-associated protein 1,1,Large-Polar-Aliphatic-Flexible-Hydrophilic
13.696014175216153,13.696014175216153,0.1805899155524881,-5.083333333333334,0.1099210067640877,22.66,714.7870000000006,665.3950000000006,714.3676305680001,280,0,0.4902403183070029,-0.4745811720256028,0.4902403183070029,0.4745811720256028,1.06,1.64,2.16,19.41351580147823,9.913158890938323,2.3906255935408227,-2.3324982064543125,2.199300005946289,-2.617214702887707,5.967533403774023,-0.1924678562573191,3.041635640938532,1.6063116849581823e-06,1346.5707816279703,38.23347556082298,28.908167294199416,28.908167294199416,23.226994837868453,16.146517033478535,16.146517033478535,12.326304469656195,12.326304469656195,7.778162602073162,7.778162602073162,4.724046108046641,4.724046108046641,-4.9,14760799786.106173,43.12217294900222,19.937792450855607,14.295742204240211,288.7142569395672,42.32404762288502,23.664447739827228,5.959554568743835,29.535898646757527,0.0,12.145603805395323,29.381969526150627,4.794537184071822,13.17124514302446,0.0,51.10304694137992,51.01211842894368,26.055090840663738,0.0,47.0449956422961,41.46475850345321,5.409283605791522,31.483852750882132,11.651573523323576,96.06062479358926,20.13718479450234,35.89528683400505,0.0,0.0,32.31761049719384,13.17124514302446,0.0,0.0,95.40728585176949,28.76722310443093,11.327189651952915,77.82517085716351,30.33183534230805,0.0,0.0,0.0,235.90999999999997,53.53159073327706,37.14393106338357,0.0,42.95428494238626,37.91542917230017,0.0,0.0,63.907998786136595,6.06636706846161,26.583943020031658,21.044015661866233,31.73611111111111,0.0,77.39648115627124,28.38554966777675,4.6541230297511955,-5.599498246657612,5.937869336309234,-2.9755071260759847,7.4741556197848515,1.657382118395879,0.59375,50,9,15,0,1,1,5,1,0,1,4,0,7,8,18,1,8,0,1,1,0,0,17.195218685742127,2,1.293270000000008,177.19339999999966,1,0,0,0,0,0,0,0,1,1,6,5,0,0,0,1,6,1,0,1,0,0,0,0,0,3,0,5,0,0,0,0,0,0,1,0,0,0,0,0,0,0,0,1,3,0,0,0,0,0,0,0,0,0,0,0,0,0,0,0,0,0,0,0,0,0,0,0,0,0,0,0,0,0,0,0,0,0,0,0,0,0,0,0,0,CHEMBL4064300,CC[C@@H]1NC(=O)[C@H](CCCNC(=N)N)NC(=O)[C@](C)(NC(=O)C(C)C)CCCCN(C)C(=O)[C@@H](c2ccccc2)NC1=O.O=C(O)C(F)(F)F,1.6,0.2041199826559248,CHEMBL612545,Unchecked,4,Large-Polar-Aliphatic-Flexible-Hydrophilic
14.083373525698178,14.083373525698178,0.0557138056443851,-1.218891796352391,0.0317071528251937,20.877551020408163,695.8710000000001,638.4150000000001,695.455476544,278,0,0.3256966935004625,-0.4797174682622497,0.4797174682622497,0.3256966935004625,0.7551020408163265,1.3877551020408163,2.020408163265306,16.368458691543385,9.843503232304634,2.4893431784442033,-2.360687049382259,2.399971650398566,-2.5881349282490005,5.945887535361279,-0.1460989232507049,3.441417812756712,2.006214625669943,1157.370741430907,36.50949644276187,28.177580372579495,28.177580372579495,23.259034368420004,17.06720309846184,17.06720309846184,12.758431315925929,12.758431315925929,9.000184525484128,9.000184525484128,6.4048425092706545,6.4048425092706545,-4.230000000000001,23020055845.547054,40.942877572882125,20.984558889008657,13.660001148186968,286.4920543625243,65.25871753153378,18.12552248744388,11.91910913748767,23.628718917406022,0.0,5.969305287951848,29.996715947870328,4.794537184071822,0.0,0.0,12.84164324585202,76.67087868133407,25.67611004688569,12.08368165829592,29.079213315199816,41.51713334284554,10.818567211583044,31.483852750882132,34.58624343197232,113.30090444999988,26.1790256236503,0.0,0.0,0.0,55.25228040584259,0.0,0.0,0.0,113.9536410670748,23.97268592035911,16.736473257744436,77.04985947511214,0.0,0.0,0.0,0.0,346.77000000000004,53.900048621746166,29.079213315199816,0.0,68.68276982866428,45.06968614346864,19.26246486877803,4.899909730850477,0.0,0.0,26.583943020031658,39.48690459739397,0.0,0.0,66.60296289353661,37.37101504742638,28.401626983461057,-3.5868162707348548,-5.2412552789903195,6.041423454181421,0.9110431711197085,0.0,0.7666666666666667,49,18,19,1,1,2,4,0,0,0,7,0,10,13,19,1,21,1,1,2,0,2,17.534045418645242,2,-3.3733600000000052,182.6616999999997,1,0,0,0,0,0,0,0,1,1,5,4,0,0,0,1,7,5,0,0,1,0,0,0,0,0,0,4,0,0,0,0,0,0,0,0,1,0,0,0,0,0,0,2,0,0,0,0,0,0,0,0,0,0,0,0,0,0,0,0,0,0,0,0,0,0,0,0,0,0,0,0,0,0,0,0,0,0,0,0,0,0,0,1,0,CHEMBL5398649,N=C(N)NCCCC[C@H](N)C(=O)NCC[C@H](N)C(=O)N[C@@H](CCN)C(=O)N1C2CCCCC2C[C@H]1C(=O)N[C@@H](CCCNC(=N)N)C(=O)O,2238.72,3.349999779126545,CHEMBL5482974,VEGA-NRP1,4,Large-Polar-Aliphatic-Flexible-Hydrophilic
14.210595136106082,14.210595136106082,0.049981420386705,-1.2212933378771418,0.0240374342325529,20.07017543859649,809.0309999999997,740.487,808.539540516,324,0,0.3256966935004625,-0.4797174682622497,0.4797174682622497,0.3256966935004625,0.7017543859649122,1.263157894736842,1.8771929824561404,16.368508474470325,9.84349937338908,2.4898334662824513,-2.36068877213482,2.400360915203755,-2.586688521943663,5.947062336830649,-0.1461114683621812,3.562943268225166,1.9850271780013873,1370.1742153472012,42.4926241058873,33.284499275792626,33.284499275792626,27.101569623521097,20.214032584533804,20.214032584533804,14.93496058274614,14.93496058274614,10.537224614367233,10.537224614367233,7.3329982725114675,7.3329982725114675,-4.760000000000002,957934079628.7806,48.38885177535518,25.483587168946904,16.704278184709537,334.39309133255574,70.5755061355401,24.16736331659184,11.91910913748767,29.535898646757527,0.0,5.969305287951848,34.79125313194215,4.794537184071822,0.0,0.0,19.765380445542643,95.93334355011211,25.67611004688569,12.08368165829592,33.87375049927164,47.424313072197045,10.818567211583044,36.80064135488846,34.58624343197232,145.52894734761654,26.1790256236503,0.0,0.0,0.0,60.56906900984892,0.0,0.0,0.0,125.90266162557428,28.76722310443093,16.736473257744436,103.2360615435808,0.0,0.0,0.0,0.0,375.87,65.84906918024564,33.87375049927164,0.0,68.68276982866428,64.33215101224667,19.26246486877803,4.899909730850477,6.923737199690624,0.0,31.900731624037984,39.48690459739397,0.0,0.0,80.16188983195316,40.529133090508886,28.571515131282425,-3.968069713456728,-5.964932531882003,7.356140757654733,2.814323433939528,0.0,0.7777777777777778,57,19,21,1,1,2,5,0,0,0,8,0,11,14,21,1,26,1,1,2,0,2,21.63371091618447,2,-2.6983600000000107,214.1173999999997,1,0,0,0,0,0,0,0,1,1,6,5,0,0,0,1,8,5,0,0,1,0,0,0,0,0,0,5,0,0,0,0,0,0,0,0,1,0,0,0,0,0,0,2,0,0,0,0,0,0,0,0,0,0,0,0,0,0,0,0,0,0,0,0,0,0,0,0,0,0,0,0,0,0,0,0,0,0,0,0,0,0,0,2,0,CHEMBL5429171,CC[C@H](N)C(=O)N[C@@H](CCCCNC(=N)N)C(=O)NCCCC[C@H](N)C(=O)N[C@@H](CCN)C(=O)N1C2CCCCC2C[C@H]1C(=O)N[C@@H](CCCNC(=N)N)C(=O)O,2480.0,3.3944516808262164,CHEMBL5482974,VEGA-NRP1,4,Large-Polar-Aliphatic-Flexible-Hydrophilic
14.190137359971017,14.190137359971017,0.1972256854995728,-1.4982621138296714,0.1142131309067642,26.92727272727273,766.9889999999998,704.4929999999999,766.4853797039999,304,0,0.2456751960850468,-0.3701604379834824,0.3701604379834824,0.2456751960850468,0.7818181818181819,1.3818181818181818,2.036363636363636,16.175627227570416,9.99909673618896,2.4258121576273433,-2.3361811754235773,2.2282135137402963,-2.6247629692566705,5.980604142769164,-0.1439739311211867,3.851270878858503,1.5626059829961862,1506.7425809217077,39.959243911067695,32.50004222541644,32.50004222541644,26.278601885780382,19.976131415133462,19.976131415133462,15.560708172561933,15.560708172561933,10.74400097492467,10.74400097492467,7.565326119281841,7.565326119281841,-4.73,858074918859.477,43.00397653424723,20.811832029319476,12.655223320851745,324.0602426859971,47.85109743605698,29.70628856897519,5.959554568743835,35.443078376109035,0.0,0.0,34.176506710222455,0.0,0.0,0.0,62.435943456938105,70.77749887448634,32.59984724657631,6.041840829147961,28.76722310443093,41.40263294485287,5.409283605791522,36.38376248173261,11.46733495432437,139.48710651846855,26.1790256236503,35.89528683400505,0.0,0.0,38.051277974356026,0.0,0.0,0.0,113.12960742832728,35.18804472735694,5.409283605791522,102.8816069891164,30.33183534230805,0.0,0.0,0.0,244.94,65.28402804488067,28.76722310443093,0.0,24.708377543947357,64.70395536120635,44.08838122925306,23.647293861082204,0.0,30.33183534230805,26.583943020031658,16.876618560115894,0.0,0.0,85.64739959750936,21.701037577715255,11.100284836465775,-2.8011096743556365,5.020393415862583,8.581147879792338,4.500846367010323,0.0,0.6666666666666666,55,10,16,0,3,3,6,1,0,1,5,0,8,8,16,3,6,0,3,3,0,0,16.272573385882723,4,0.5265700000000078,208.1539999999995,0,0,0,0,0,0,0,0,0,0,6,6,0,0,0,2,6,2,0,0,0,0,0,0,0,0,0,6,0,0,0,0,0,0,1,0,2,0,0,0,0,0,0,1,0,0,0,0,0,0,0,0,0,0,0,0,0,0,0,0,0,0,0,0,0,0,0,0,0,0,0,0,0,0,0,0,0,0,0,0,0,0,0,0,0,CHEMBL2315087,CC1(C)NC(=O)[C@@H]2CCCN2C(=O)[C@H](Cc2ccccc2)NC(=O)[C@@H](N)CCCCCCCCNC(=O)[C@@H]2CCCN2C(=O)[C@H](CCCNC(=N)N)NC1=O,226.0,2.3541084391474008,CHEMBL1615381,Menin,4,Large-Polar-Aliphatic-Flexible-Hydrophilic
14.179852574760634,14.179852574760634,0.2111574991484244,-1.0094935863109014,0.1094718366955068,27.30909090909091,766.9889999999998,704.4929999999999,766.4853797039999,304,0,0.2456751949765441,-0.3701604379834824,0.3701604379834824,0.2456751949765441,0.7272727272727273,1.309090909090909,1.9636363636363636,16.175134262944272,10.018354938257318,2.406271828733287,-2.3118321029905853,2.2211023503340455,-2.589797661307126,5.967745133849825,-0.1428858290444433,3.873497747171015,1.555373411152895,1477.859572091871,39.743700961443864,32.28449927579262,32.28449927579262,26.493310056039903,20.1688367559735,20.1688367559735,14.951006512963671,14.951006512963671,10.793038322970324,10.793038322970324,7.671821928631338,7.671821928631338,-4.73,1091919195587.514,43.00397653424723,21.97966406761968,12.93101828019932,324.0602426859971,47.85109743605698,30.209204145739804,5.959554568743835,35.443078376109035,0.0,0.0,34.176506710222455,0.0,0.0,0.0,69.35968065662874,63.3508460980311,32.59984724657631,6.041840829147961,28.76722310443093,41.40263294485287,5.409283605791522,36.38376248173261,11.46733495432437,139.48710651846855,26.1790256236503,35.89528683400505,0.0,0.0,38.051277974356026,0.0,0.0,0.0,113.63252300509193,35.18804472735694,5.409283605791522,102.37869141235178,30.33183534230805,0.0,0.0,0.0,244.94,59.87976389229378,28.76722310443093,0.0,37.036378896224875,64.70395536120635,44.08838122925306,4.899909730850477,11.823646930541102,30.33183534230805,26.583943020031658,16.876618560115894,0.0,0.0,85.49469669516945,21.7320330862518,12.60448446507426,-2.683445198588031,4.092099143233237,8.87999406968102,3.213471072511587,0.0,0.6666666666666666,55,10,16,0,3,3,6,1,0,1,6,0,8,8,16,3,7,0,3,3,0,0,17.18569014171916,4,0.5265700000000078,208.1539999999995,0,0,0,0,0,0,0,0,0,0,6,6,0,0,0,2,6,2,0,0,0,0,0,0,0,0,0,6,0,0,0,0,0,0,1,0,2,0,0,0,0,0,0,1,0,0,0,0,0,0,0,0,0,0,0,0,0,0,0,0,0,0,0,0,0,0,0,0,0,0,0,0,0,0,0,0,0,0,0,0,0,0,0,0,0,CHEMBL2315088,CC[C@@H]1NC(=O)[C@@H]2CCCN2C(=O)[C@H](Cc2ccccc2)NC(=O)[C@@H](N)CCCCCCCCNC(=O)[C@@H]2CCCN2C(=O)[C@H](CCCNC(=N)N)NC1=O,10700.0,4.02938377768521,CHEMBL1615381,Menin,4,Large-Polar-Aliphatic-Flexible-Hydrophilic
15.632192677811023,15.632192677811023,0.0068453784494639,-2.0264912051648167,0.0129115547021772,24.18705035971223,2013.4890000000005,1867.328999999999,2012.0045808999987,776,0,0.3054810621152199,-0.4812292624533588,0.4812292624533588,0.3054810621152199,0.5251798561151079,1.0431654676258992,1.6258992805755397,33.114618854069846,9.998219115974855,2.477538357455652,-2.3339738201450344,2.3015754095246055,-2.613304678615753,8.762963779355974,-0.1479588696405793,1.6575984752091286,1.505035449065529,4411.502259966153,102.86319891035598,80.51210099719678,82.96159073997995,66.01571009052932,47.753900670804626,51.63578139263456,36.707212568232336,40.320010834847146,24.416412486246355,27.507063018119716,17.14730408859209,19.874654851851663,-11.179999999999996,5.621791589230596e+42,116.53257929839098,59.41575047285583,37.737066991281466,821.2221394197167,132.28893147266143,102.7112940955153,5.959554568743835,106.32923512832714,0.0,11.938610575903695,101.300027287228,0.0,11.761884949391115,0.0,93.46205449322522,183.2525593137108,63.994869688599096,13.027703587438928,111.2103258659586,157.57708117513923,5.409283605791522,94.03467937949056,40.68838804713292,305.2771734435739,75.93450680965272,35.89528683400505,0.0,0.0,97.3697103647374,0.0,0.0,33.34968090216456,337.79242228606677,102.31156530436247,23.163001744275704,201.7085092168297,30.33183534230805,0.0,0.0,0.0,711.4,263.9758852779245,72.85402839338398,38.356297472574575,178.81169731371125,31.246737983401033,26.48770568362392,33.38535134163317,78.13002772396318,0.0,74.43504045608864,28.343953514440265,0.0,1.3172347843712022,293.2663334221088,75.59086409146039,23.53445391190658,-20.859900734397076,-17.256250999135077,1.0224501457934678,10.798949782813152,1.9191989284119184,0.7,139,26,46,0,5,5,18,1,0,1,17,0,27,22,49,5,41,0,5,5,0,0,49.81201909029844,6,-3.859829999999956,516.5035000000013,2,1,1,0,0,0,0,0,2,2,20,18,0,0,0,4,15,4,0,0,3,0,0,0,0,0,0,18,0,0,0,0,0,0,1,0,1,0,0,0,0,0,0,1,0,0,0,0,0,0,0,0,0,0,0,0,0,0,0,0,0,0,0,0,0,0,0,0,0,0,0,1,0,0,0,1,0,0,0,0,0,0,0,2,0,CHEMBL3335446,CSCC[C@H](NC(=O)[C@@H]1CCCN1C(=O)[C@@H](NC(C)=O)C(C)C)C(=O)N[C@H]1CSSCC[C@@H](C(=O)N[C@@H](CCCCN)C(=O)N2CCC[C@H]2C(=O)N2CCC[C@H]2C(=O)N[C@@H](CCC(=O)O)C(N)=O)NC(=O)[C@H](Cc2ccccc2)NC(=O)[C@H](CO)NC(=O)[C@H](CC(=O)O)NC(=O)[C@@H]2CCCN2C(=O)[C@H](CC(C)C)NC(=O)[C@H](CCCCN)NC(=O)[C@H](CCCNC(=N)N)NC(=O)[C@H](CC(C)C)NC1=O,85000.0,4.929418925714293,CHEMBL3430909,Transcriptional coactivator YAP1/Transcriptional enhancer factor TEF-1,1,Large-Polar-Aliphatic-Flexible-Hydrophilic
13.388628966648897,13.388628966648897,0.1902777025130022,-5.083333333333334,0.1052340739394826,21.3125,686.7330000000005,641.3730000000005,686.3363304400001,268,0,0.4902403183070029,-0.4745811720256028,0.4902403183070029,0.4745811720256028,0.9791666666666666,1.5625,2.1041666666666665,19.413514106145815,10.028358489319467,2.380194494300074,-2.268993733148721,2.149255850111879,-2.57222160029294,5.9548651785996,-0.1924677561273703,3.0165249793108675,1.4751214203684884e-06,1264.6402059958382,36.44058234200953,27.03830396788909,27.03830396788909,22.470359233825196,15.395067433865252,15.395067433865252,11.171157425896023,11.171157425896023,6.959589079062008,6.959589079062008,4.278592103028066,4.278592103028066,-4.9,7135729817.384997,41.1232018561485,20.36060965240022,15.126123715728935,275.7744012241786,42.74092649604088,24.16736331659184,5.959554568743835,29.535898646757527,0.0,12.145603805395323,29.381969526150627,4.794537184071822,13.17124514302446,0.0,51.10304694137992,44.08838122925306,19.007418857986544,0.0,47.0449956422961,41.46475850345321,5.409283605791522,31.900731624037984,11.651573523323576,89.63980317066324,13.08951281182515,35.89528683400505,0.0,0.0,37.634399101200174,13.17124514302446,0.0,0.0,83.96261971500643,28.76722310443093,11.327189651952915,70.9014336574729,30.33183534230805,0.0,0.0,0.0,244.69999999999996,59.94168603939319,37.14393106338357,0.0,30.62628359010875,44.336250795226185,0.0,0.0,45.03667987291831,6.06636706846161,31.900731624037984,21.044015661866233,31.73611111111111,0.0,74.44498352253159,30.94140544773759,5.9392160833676515,-5.647380597900578,4.992179503079491,-2.926272943977219,5.769757874050352,0.0,0.5666666666666667,48,10,15,0,1,1,5,1,0,1,4,0,7,9,18,1,8,0,1,1,0,0,17.443613763539577,2,0.5609700000000084,167.94909999999976,1,0,0,0,0,0,0,0,1,1,6,5,0,0,0,0,7,1,0,0,0,0,0,0,0,3,0,5,0,0,0,0,0,0,1,0,0,0,0,0,0,0,0,1,3,0,0,0,0,0,0,0,0,0,0,0,0,0,0,0,0,0,0,0,0,0,0,0,0,0,0,0,0,0,0,0,0,0,0,0,0,0,0,0,0,CHEMBL4102168,CC[C@@H]1NC(=O)[C@H](CCCNC(=N)N)NC(=O)[C@H](NC(=O)C(C)C)CCCCNC(=O)[C@@H](c2ccccc2)NC1=O.O=C(O)C(F)(F)F,298.0,2.4742162640762553,CHEMBL612545,Unchecked,4,Large-Polar-Aliphatic-Flexible-Hydrophilic
15.61149363164313,15.61149363164313,0.0014244609806601,-1.8247017672225625,0.0141318507179442,24.35766423357664,1965.4670000000008,1815.274999999999,1964.073980787999,766,0,0.3029356715703366,-0.4812292624533588,0.4812292624533588,0.3029356715703366,0.5255474452554745,1.051094890510949,1.6496350364963503,33.11461587546827,10.003588088386689,2.473924076206047,-2.3337118213503514,2.3004929522972053,-2.6109558777750324,8.76295584807638,-0.1479291163238998,1.6592741582992936,1.4862346332543095,4274.101389639864,101.12271193434982,80.29236089513913,81.92535405699456,65.26602119275543,48.29605962442652,50.7840934961391,36.50543877453783,39.13263848149917,24.781684850619857,27.228384831633843,17.230533935749932,19.48648017821847,-10.999999999999996,6.7867798134343875e+41,114.72233552823262,59.32098765432099,37.025706789881745,808.5082156565082,127.18240407782072,102.7112940955153,5.959554568743835,106.32923512832714,0.0,5.969305287951848,96.50549010315618,0.0,0.0,0.0,125.56616260785532,172.2497676769818,63.994869688599096,6.606881964512918,101.30926128704608,139.84589093779627,5.409283605791522,94.03467937949056,34.770482000971526,337.8841971349685,63.92588401939451,35.89528683400505,0.0,0.0,97.3697103647374,0.0,0.0,21.587795952773444,314.70796681301596,97.51702812029066,17.24509569811431,234.31553290822436,30.33183534230805,0.0,0.0,0.0,674.0999999999999,239.74994627472375,67.74750099854327,33.561760288502754,166.1351065072738,76.19248934388312,21.587795952773444,33.44711332278316,58.026784141070536,13.847474399381248,74.43504045608864,28.343953514440265,0.0,0.0,280.27263512052355,66.14748519994156,23.63494614601541,-17.6548769323273,-15.395314866157072,4.120851470210714,12.891902209031034,1.982371652762168,0.7142857142857143,137,25,44,0,5,5,18,1,0,1,17,0,25,21,46,5,41,0,5,5,0,0,49.67476094558509,6,-2.3433299999999635,511.1377000000013,1,1,1,0,0,0,0,0,1,1,19,18,0,0,0,4,15,4,0,0,3,0,0,0,0,0,0,18,0,0,0,0,0,0,1,0,1,0,0,0,0,0,0,1,0,0,0,0,0,0,0,0,0,0,0,0,0,0,0,0,0,0,0,0,0,0,0,0,0,0,0,1,0,0,0,0,0,0,0,0,0,0,0,5,0,CHEMBL3335458,CCCCC[C@H](NC(=O)[C@@H]1CCCN1C(=O)[C@@H](NC(C)=O)C(C)C)C(=O)N[C@H]1CCSSC[C@@H](C(=O)N[C@@H](CCCCN)C(=O)N2CCC[C@H]2C(=O)N2CCC[C@H]2C(=O)N[C@@H](CCC(=O)O)C(N)=O)NC(=O)[C@H](Cc2ccccc2)NC(=O)[C@H](CO)NC(=O)[C@H](C)NC(=O)[C@@H]2CCCN2C(=O)[C@H](CCCC)NC(=O)[C@H](CCCCN)NC(=O)[C@H](CCCNC(=N)N)NC(=O)[C@H](CC(C)C)NC1=O,41.0,1.6127838567197357,CHEMBL3430909,Transcriptional coactivator YAP1/Transcriptional enhancer factor TEF-1,1,Large-Polar-Aliphatic-Flexible-Hydrophilic
15.590757987099364,15.590757987099364,0.0003848867945686,-1.825363412459297,0.0133371639469989,24.448529411764707,1969.4800000000016,1823.319999999999,1968.0147516599989,760,0,0.3029356715703366,-0.4812292624533588,0.4812292624533588,0.3029356715703366,0.5588235294117647,1.1029411764705883,1.6985294117647058,33.114618450962055,10.004711077183943,2.4737379506074,-2.333711123080964,2.2997815253251095,-2.610975743684284,8.762961176692786,-0.1479291155283381,1.720775109715314,1.4795857479816463,4259.736127310011,100.41560515316328,79.28639562322986,81.73588536601306,64.76602119275546,47.28587626829868,51.167756990128616,35.79113127317806,39.40392953979287,24.29598259022435,27.386633122097734,16.86777448361612,19.59512524687569,-10.650000000000002,1.6866598279287115e+40,114.07588494374048,58.81950092134119,36.36067830831305,805.9014414530802,127.18240407782072,102.7112940955153,5.959554568743835,106.32923512832714,0.0,5.969305287951848,96.50549010315618,0.0,11.761884949391115,0.0,99.37996053938666,184.25839046724,63.99486968859909,6.606881964512918,101.30926128704608,151.60777588718736,5.409283605791522,94.03467937949056,34.770482000971526,311.69799506649997,75.93450680965272,35.89528683400505,0.0,0.0,97.3697103647374,0.0,0.0,33.34968090216456,326.71658960327426,97.51702812029066,17.24509569811431,208.12933083975565,30.33183534230805,0.0,0.0,0.0,674.1,239.74994627472375,67.74750099854327,33.561760288502754,178.3087817369466,50.50920285217907,21.587795952773444,45.20899827217426,64.28255332458195,6.923737199690624,74.43504045608864,28.343953514440265,0.0,1.3329784133269609,279.7643599560942,65.99363557863249,23.612044730856745,-17.469625836478066,-15.455958427680756,4.1536095306220675,10.93146674239338,1.9708226455663067,0.7078651685393258,136,25,44,0,5,5,18,1,0,1,17,0,26,21,47,5,40,0,5,5,0,0,49.33740161434672,6,-3.1705299999999683,509.9947000000014,1,1,1,0,0,0,0,0,1,1,19,18,0,0,0,4,15,4,0,0,3,0,0,0,0,0,0,18,0,0,0,0,0,0,1,0,1,0,0,0,0,0,0,1,0,0,0,0,0,0,0,0,0,0,0,0,0,0,0,0,0,0,0,0,0,0,0,0,0,0,0,1,0,0,0,1,0,0,0,0,0,0,0,3,0,CHEMBL3335452,CCCC[C@@H]1NC(=O)[C@H](CCCCN)NC(=O)[C@H](CCCNC(=N)N)NC(=O)[C@H](CC(C)C)NC(=O)[C@@H](NC(=O)[C@H](CCSC)NC(=O)[C@@H]2CCCN2C(=O)[C@@H](NC(C)=O)C(C)C)CCSSC[C@@H](C(=O)N[C@@H](CCCCN)C(=O)N2CCC[C@H]2C(=O)N2CCC[C@H]2C(=O)N[C@@H](CCC(=O)O)C(N)=O)NC(=O)[C@H](Cc2ccccc2)NC(=O)[C@H](CO)NC(=O)[C@H](C)NC(=O)[C@@H]2CCCN2C1=O,150.0,2.1760912590556813,CHEMBL3430909,Transcriptional coactivator YAP1/Transcriptional enhancer factor TEF-1,1,Large-Polar-Aliphatic-Flexible-Hydrophilic
13.265727732080997,13.265727732080997,0.0328375996097862,-5.083333333333334,0.1016896768899896,21.195652173913043,658.6790000000004,617.3510000000005,658.305030312,256,0,0.4902403183070029,-0.4745811720256028,0.4902403183070029,0.4745811720256028,1.0,1.565217391304348,2.0869565217391304,19.41351264800011,10.032610327688513,2.380333179403029,-2.2759151313376913,2.146919617731062,-2.5808364190574467,5.957563032218779,-0.1924677095915939,2.9815226009381193,1.3496698931214365e-06,1231.2117468112167,35.026368779636435,25.624090405515993,25.624090405515993,21.470359233825196,14.395067433865252,14.395067433865252,10.46405064470948,10.46405064470948,6.473025805830846,6.473025805830846,3.933248393796521,3.933248393796521,-4.9,2692449232.203339,39.124330900243315,18.80293613379912,13.81372003086052,263.0445169953854,42.74092649604088,24.16736331659184,5.959554568743835,29.535898646757527,0.0,12.145603805395323,29.381969526150627,4.794537184071822,13.17124514302446,0.0,51.10304694137992,31.246737983401033,19.007418857986544,0.0,47.0449956422961,41.46475850345321,5.409283605791522,31.900731624037984,11.651573523323576,76.79815992481122,13.08951281182515,35.89528683400505,0.0,0.0,37.634399101200174,13.17124514302446,0.0,0.0,83.96261971500643,28.76722310443093,11.327189651952915,58.05979041162087,30.33183534230805,0.0,0.0,0.0,244.69999999999996,59.94168603939319,37.14393106338357,0.0,43.59186161894733,18.52902952053558,0.0,0.0,51.10304694137992,0.0,31.900731624037984,21.044015661866233,31.73611111111111,0.0,74.11137960440772,30.600307591752923,5.867262489548493,-5.922770461663075,4.653575019142077,-4.218392727063639,5.422527372764392,0.0,0.5357142857142857,46,10,15,0,1,1,5,1,0,1,4,0,7,9,18,1,8,0,1,1,0,0,15.9924411998891,2,-0.219229999999991,158.71509999999986,1,0,0,0,0,0,0,0,1,1,6,5,0,0,0,0,7,1,0,0,0,0,0,0,0,3,0,5,0,0,0,0,0,0,1,0,0,0,0,0,0,0,0,1,3,0,0,0,0,0,0,0,0,0,0,0,0,0,0,0,0,0,0,0,0,0,0,0,0,0,0,0,0,0,0,0,0,0,0,0,0,0,0,0,0,CHEMBL4078836,CC[C@@H]1NC(=O)[C@H](CCCNC(=N)N)NC(=O)[C@H](NC(=O)C(C)C)CCNC(=O)[C@@H](c2ccccc2)NC1=O.O=C(O)C(F)(F)F,6.2,0.7923916894982539,CHEMBL612545,Unchecked,4,Large-Polar-Aliphatic-Flexible-Hydrophilic
14.22495995491073,14.22495995491073,0.0488863712559415,-1.2215569817194718,0.0226600466621381,19.93103448275862,841.0979999999997,772.5539999999997,840.511611516,330,0,0.3256966935004625,-0.4797174682622497,0.4797174682622497,0.3256966935004625,0.7241379310344828,1.293103448275862,1.913793103448276,32.16636687570764,9.843499369114648,2.489897747413347,-2.3606887904855283,2.40042123403526,-2.5866903683700455,7.98188201608926,-0.1461113494290056,3.5679770335850116,1.987795243396926,1393.6498638181283,43.19973088707385,33.692747566256486,34.509244147184205,27.601569623521097,20.203849228405932,21.59769607852328,14.982054093543756,15.892737696066714,10.443623253604724,11.136073343334598,7.402848602299094,7.913340073772945,-4.410000000000001,1522348576862.0537,49.73520473542198,26.56321477557935,17.21019669921881,344.516201357921,70.5755061355401,24.16736331659184,11.91910913748767,29.535898646757527,0.0,5.969305287951848,34.79125313194215,4.794537184071822,11.761884949391115,0.0,12.84164324585202,95.7682911106975,31.428963653632476,12.08368165829592,33.87375049927164,59.186198021588154,10.818567211583044,36.80064135488846,34.58624343197232,132.18438852499986,38.1876484139085,0.0,0.0,0.0,60.56906900984892,0.0,0.0,11.761884949391115,137.91128441583243,28.76722310443093,16.736473257744436,89.89150272096417,0.0,0.0,0.0,0.0,375.87,65.84906918024564,33.87375049927164,0.0,68.68276982866428,63.66418299606745,19.26246486877803,16.66179468024159,0.0,6.255769183511404,31.900731624037984,39.48690459739397,0.0,1.4179144879200674,80.42592702138828,40.595113991403885,28.690913688735854,-3.580355385531048,-6.004453282363612,8.75046937420564,1.0378034375742664,0.0,0.7777777777777778,58,19,21,1,1,2,5,0,0,0,8,0,12,14,22,1,27,1,1,2,0,2,22.778050436110785,2,-2.7453600000000096,222.20839999999967,1,0,0,0,0,0,0,0,1,1,6,5,0,0,0,1,8,5,0,0,1,0,0,0,0,0,0,5,0,0,0,0,0,0,0,0,1,0,0,0,0,0,0,2,0,0,0,0,0,0,0,0,0,0,0,0,0,0,0,0,0,0,0,0,0,0,0,0,0,0,0,0,0,0,0,1,0,0,0,0,0,0,0,2,0,CHEMBL5437389,CSC[C@H](N)C(=O)N[C@@H](CCCCNC(=N)N)C(=O)NCCCC[C@H](N)C(=O)N[C@@H](CCN)C(=O)N1C2CCCCC2C[C@H]1C(=O)N[C@@H](CCCNC(=N)N)C(=O)O,2820.0,3.450249108319361,CHEMBL5482974,VEGA-NRP1,4,Large-Polar-Aliphatic-Flexible-Hydrophilic
13.682795594204013,13.682795594204013,0.1205329063274076,-5.083333333333334,0.106927106235919,22.38,714.7870000000006,665.3950000000006,714.3676305680001,280,0,0.4902403183070029,-0.4745811720256028,0.4902403183070029,0.4745811720256028,1.0,1.6,2.14,19.413515748283196,9.913895691602034,2.388888554800245,-2.3275855968217627,2.1832778641681156,-2.6171672699625423,5.967523194103369,-0.1924677819072016,3.0578441987317846,1.6063116692439102e-06,1330.3904866559433,38.07033885400645,28.883603429509833,28.883603429509833,23.35431603780628,16.224347130210223,16.224347130210223,12.06886388795507,12.06886388795507,7.635987118311834,7.635987118311834,4.574469146882245,4.574469146882245,-4.9,17091668198.417389,43.12217294900222,20.574742629237925,14.69504540811518,288.7142569395672,42.32404762288502,23.664447739827228,5.959554568743835,29.535898646757527,0.0,12.145603805395323,29.381969526150627,4.794537184071822,13.17124514302446,0.0,51.10304694137992,51.01211842894368,26.055090840663738,0.0,47.0449956422961,41.46475850345321,5.409283605791522,37.217520228044314,5.917906046161393,96.06062479358926,20.13718479450234,35.89528683400505,0.0,0.0,37.217520228044314,13.17124514302446,0.0,0.0,90.507376120919,28.76722310443093,11.327189651952915,77.82517085716351,30.33183534230805,0.0,0.0,0.0,230.71,53.53159073327706,37.14393106338357,0.0,42.95428494238626,37.91542917230017,0.0,0.0,59.00808905528612,6.06636706846161,37.217520228044314,15.310348184704049,31.73611111111111,0.0,75.41579318968957,34.436497694665434,-0.716591199278632,-5.30852541761851,5.911611678669175,-2.911887706000833,7.493481273699977,1.6101760417293756,0.59375,50,9,15,0,1,1,5,1,0,1,4,0,7,9,18,1,8,0,1,1,0,0,17.744552200784128,2,1.2117700000000082,177.43839999999966,1,0,0,0,0,0,0,0,1,1,6,5,0,0,0,0,8,0,0,0,0,0,0,0,0,3,0,5,0,0,0,0,0,0,1,0,0,0,0,0,0,0,0,1,3,0,0,0,0,0,0,0,0,0,0,0,0,0,0,0,0,0,0,0,0,0,0,0,0,0,0,0,0,0,0,0,0,0,0,0,0,0,0,0,0,CHEMBL4084272,CC[C@@H]1NC(=O)[C@H](CCCNC(=N)NC)NC(=O)[C@](C)(NC(=O)C(C)C)CCCCNC(=O)[C@@H](c2ccccc2)NC1=O.O=C(O)C(F)(F)F,1.1,0.041392685158225,CHEMBL612545,Unchecked,4,Large-Polar-Aliphatic-Flexible-Hydrophilic
14.3145372227968,14.3145372227968,0.1679833928686063,-1.2906547283376706,0.1172030567950063,27.36842105263158,813.4449999999993,751.9569999999999,812.446407352,314,0,0.2459060810221354,-0.3701604379834824,0.3701604379834824,0.2459060810221354,0.7719298245614035,1.3859649122807018,2.017543859649123,35.49569332894101,9.750752358041543,2.49296070343341,-2.427051002986728,2.33625169183963,-2.6722049504096197,6.301087546378424,-0.1461342782736277,3.8711150190137062,1.37483197853709,1607.0082086304806,40.95080774263041,32.921976772795695,33.67790571881415,27.379555517084288,20.78290403534759,21.160868508356813,16.01223596538812,16.448671745860107,11.81530717088415,12.067283486223635,8.339669838155498,8.465657995825241,-4.4399999999999995,2476716450578.7197,43.67796262471267,20.82272148905456,11.80840990964984,339.72261987374605,47.851097436056975,29.70628856897519,5.959554568743835,35.443078376109035,0.0,0.0,34.17650671022245,0.0,0.0,0.0,55.837782141785794,88.32522348080634,37.62248056031763,6.041840829147961,28.76722310443093,53.00357283508538,5.409283605791522,36.38376248173261,11.46733495432437,144.90209698786535,26.1790256236503,34.85155307928476,0.0,0.0,38.051277974356026,0.0,0.0,11.600939890232516,113.12960742832728,35.18804472735694,5.409283605791522,108.2965974585132,24.26546827384644,5.022633313741326,0.0,0.0,244.94,59.376848315529166,28.76722310443093,0.0,30.61555727329886,88.98905354372573,44.08838122925306,4.899909730850477,29.16537800469692,0.0,26.583943020031658,28.47755845034841,0.0,6.124932485395145,86.58313641652269,22.57241596629699,11.292629454930529,-2.6202398437576706,2.6970722958649693,9.915821768070067,1.4620092344550446,0.0,0.675,57,10,16,1,3,4,6,1,0,1,5,0,8,8,17,3,6,1,3,4,1,0,15.956035981468888,5,1.324070000000009,215.66699999999943,0,0,0,0,0,0,0,0,0,0,6,6,0,0,0,2,6,2,0,0,0,0,0,0,0,0,0,6,0,0,0,0,0,0,1,0,2,0,0,0,0,0,0,1,1,0,0,0,0,0,0,0,0,0,0,0,0,0,0,0,0,0,0,0,0,0,0,0,0,0,0,0,0,0,0,0,0,0,0,0,0,0,0,0,0,CHEMBL2314574,N=C(N)NCCC[C@@H]1NC(=O)C2(CCC2)NC(=O)[C@@H]2CCCN2C(=O)[C@H](Cc2ccc(Cl)cc2)NC(=O)[C@@H](N)CCCCCCCCNC(=O)[C@@H]2CCCN2C1=O,2010.0,3.303196057420489,CHEMBL1615381,Menin,4,Large-Polar-Aliphatic-Flexible-Hydrophilic
14.536362663363978,14.536362663363978,0.2036113193612105,-1.2831673396533532,0.1081563567625197,26.7,835.1079999999997,764.5479999999998,834.54797996,332,0,0.2459060810221354,-0.3701604379834824,0.3701604379834824,0.2459060810221354,0.8,1.4333333333333331,2.0833333333333335,16.17587249981176,9.750751587563808,2.4932138582051344,-2.427060420571357,2.336593028560586,-2.6722070504902815,5.988832015055832,-0.1461343690464278,3.893204216130999,1.38677577684007,1683.5343304016874,43.23526479300658,35.828469350162635,35.828469350162635,28.773402367201637,22.510424018279355,22.510424018279355,17.80369168465922,17.80369168465922,12.537393709305716,12.537393709305716,9.074182957446068,9.074182957446068,-4.730000000000001,9084601642470.36,46.338209984881864,22.20997582512415,12.648270230603188,354.8791221044509,47.85109743605698,29.706288568975182,5.959554568743835,35.443078376109035,0.0,0.0,34.176506710222455,0.0,0.0,0.0,70.21705078785776,94.09466850466752,32.59984724657631,6.041840829147961,28.76722310443093,41.40263294485287,5.409283605791522,36.3837624817326,17.385241000485763,165.1703930101726,26.1790256236503,35.392371257240434,0.0,0.0,38.051277974356026,0.0,0.0,0.0,113.1296074283273,41.608866350282945,11.327189651952915,127.70752334959144,24.26546827384644,0.0,0.0,0.0,244.94,53.46966858617766,28.76722310443093,0.0,36.522737002650366,89.88432627614579,56.07265434387607,4.899909730850477,4.899909730850477,12.13273413692322,52.56415155633613,16.876618560115894,0.0,0.0,87.33902114910241,22.22134193639259,12.651984598063196,-2.056615148573559,3.790906271921213,11.010096413447462,5.793264779646687,0.0,0.7045454545454546,60,10,16,1,3,4,6,1,0,1,5,0,8,8,16,3,8,1,3,4,1,0,17.152842059062547,5,1.869170000000009,229.19899999999936,0,0,0,0,0,0,0,0,0,0,6,6,0,0,0,2,6,2,0,0,0,0,0,0,0,0,0,6,0,0,0,0,0,0,1,0,2,0,0,0,0,0,0,1,0,0,0,0,0,0,0,0,0,0,0,0,0,0,0,0,0,0,0,0,0,0,0,0,0,0,0,0,0,0,0,0,0,0,0,0,0,0,0,0,0,CHEMBL2314814,CC(C)Cc1cccc(C[C@@H]2NC(=O)[C@@H](N)CCCCCCCCNC(=O)[C@@H]3CCCN3C(=O)[C@H](CCCNC(=N)N)NC(=O)C3(CCC3)NC(=O)[C@@H]3CCCN3C2=O)c1,36000.0,4.556302500767287,CHEMBL1615381,Menin,4,Large-Polar-Aliphatic-Flexible-Hydrophilic
14.458585463747957,14.458585463747957,0.0145977582259304,-1.2366603934284497,0.0226600466621381,19.93103448275862,841.0979999999996,772.5539999999997,840.511611516,330,0,0.3256966935004625,-0.4797174682622497,0.4797174682622497,0.3256966935004625,0.7241379310344828,1.3103448275862069,1.9310344827586208,32.16636687570763,9.843494694718473,2.490872522669114,-2.362224431752858,2.400532195014739,-2.5975767416370696,7.981882030594774,-0.146190020020216,3.5678131257634607,2.1540042724438555,1393.6498638181283,43.19973088707385,33.692747566256486,34.509244147184205,27.601569623521097,20.203849228405932,21.59769607852328,14.982054093543756,15.892737696066714,10.443623253604724,11.1360733433346,7.404297275324187,7.914788746798038,-4.410000000000001,1521795155461.9983,49.73520473542198,26.56321477557935,17.21019669921881,344.516201357921,70.5755061355401,24.16736331659184,11.91910913748767,29.535898646757527,0.0,5.969305287951848,34.791253131942156,4.794537184071822,11.761884949391115,0.0,12.84164324585202,95.7682911106975,31.428963653632476,12.08368165829592,33.87375049927164,59.186198021588154,10.818567211583044,36.80064135488846,34.58624343197232,132.18438852499986,38.1876484139085,0.0,0.0,0.0,60.56906900984892,0.0,0.0,11.761884949391115,137.91128441583243,28.76722310443093,16.736473257744436,89.89150272096417,0.0,0.0,0.0,0.0,375.87,65.84906918024564,33.87375049927164,0.0,68.68276982866428,63.66418299606744,19.26246486877803,16.66179468024159,6.255769183511404,0.0,31.900731624037984,39.48690459739397,0.0,1.370812226323589,81.3245653509432,40.577903307525176,28.597865610622605,-3.882846498597025,-6.317212739578076,8.607356709354768,1.054889366739093,0.0,0.7777777777777778,58,19,21,1,1,2,5,0,0,0,8,0,12,14,22,1,27,1,1,2,0,2,22.778050436110785,2,-2.7453600000000096,222.20839999999967,1,0,0,0,0,0,0,0,1,1,6,5,0,0,0,1,8,5,0,0,1,0,0,0,0,0,0,5,0,0,0,0,0,0,0,0,1,0,0,0,0,0,0,2,0,0,0,0,0,0,0,0,0,0,0,0,0,0,0,0,0,0,0,0,0,0,0,0,0,0,0,0,0,0,0,1,0,0,0,0,0,0,0,2,0,CHEMBL5413909,CSC[C@H](N)C(=O)N[C@@H](CCCCNC(=O)[C@@H](N)CCCCNC(=N)N)C(=O)N[C@@H](CCN)C(=O)N1C2CCCCC2C[C@H]1C(=O)N[C@@H](CCCNC(=N)N)C(=O)O,2480.0,3.3944516808262164,CHEMBL5482974,VEGA-NRP1,4,Large-Polar-Aliphatic-Flexible-Hydrophilic
13.38361188298868,13.38361188298868,0.0064799523111889,-1.794459951206053,0.0439536142863826,16.821428571428573,800.8199999999999,748.404,800.355212964,314,0,0.3054811900085594,-0.4812292624504639,0.4812292624504639,0.3054811900085594,0.7142857142857143,1.2678571428571428,1.75,16.372503423449416,10.020792915763254,2.397694411558524,-2.294843926274384,2.1994433542517235,-2.59783130038276,5.975401682574929,-0.1458072467281137,3.575714152709776,3.0915336586878523,1487.6076935636388,42.860713882777254,31.494019407174388,31.494019407174388,26.028467773997505,17.71916078585183,17.71916078585183,13.624490976090248,13.624490976090248,8.324157258530667,8.324157258530667,5.636172293141554,5.636172293141554,-5.870000000000001,235224318554.7342,48.14994813484939,23.140397223432743,17.073730017050547,320.7641431131215,62.96041841141347,36.25104497488776,0.0,47.257437834812045,0.0,17.907915863855546,52.73990902479004,0.0,0.0,0.0,13.847474399381248,44.94575136048206,26.31013685145522,19.069544416586886,73.16601860415287,65.16535369866759,0.0,36.80064135488846,11.651573523323576,121.41653314480664,13.08951281182515,0.0,0.0,0.0,37.63439910120017,0.0,0.0,0.0,145.93589718334212,52.73990902479004,5.917906046161393,79.06152178217057,0.0,0.0,0.0,0.0,370.12999999999994,146.1692295818463,68.05949120931216,0.0,31.725127320851996,0.0,18.74738413023173,0.0,13.847474399381248,0.0,31.900731624037984,10.84019487200289,0.0,0.0,136.99630103006305,51.4223003596584,5.356366506355552,-11.717231727831344,-8.801208862958104,-4.079763874833085,4.8232365695455,0.0,0.6666666666666666,56,12,23,0,1,1,8,0,0,0,7,0,12,11,23,1,24,0,1,1,0,0,19.896587966573204,1,-4.346000000000006,189.3947999999997,3,1,1,0,0,0,0,0,3,3,11,8,0,0,0,1,6,1,0,0,1,0,0,0,0,0,0,8,0,0,0,0,0,0,0,0,0,0,0,0,0,0,0,0,0,0,0,0,0,0,0,0,0,0,0,0,0,0,0,0,0,0,0,0,0,0,0,0,0,0,0,1,0,0,0,0,0,0,0,0,0,0,0,0,0,CHEMBL3965182,CC(=O)N[C@@H](CC(=O)O)C(=O)N1CCC[C@H]1C(=O)N[C@@H](CCC(=O)O)C(=O)N[C@H](C(=O)NCC(=O)N[C@@H](CCC(=O)O)C(=O)N[C@@H](CC(C)C)C(N)=O)[C@@H](C)O,634.0,2.802089257881733,CHEMBL3038498,Keap1/Nrf2,4,Large-Polar-Aliphatic-Flexible-Hydrophilic
13.685143547644136,13.685143547644136,0.1797221469574468,-5.083333333333334,0.107027491169796,22.68,714.7870000000006,665.3950000000006,714.3676305680001,280,0,0.4902403183070029,-0.4745811720256028,0.4902403183070029,0.4745811720256028,1.0,1.6,2.14,19.41351565663581,9.911040146255424,2.3883693185705783,-2.324450355781281,2.187637216335699,-2.6156731677277096,5.967250761961124,-0.192467789446694,3.041179044840662,1.606311670953092e-06,1330.3904866559433,38.07033885400645,28.668060479886005,28.668060479886005,23.31631123534549,16.263022264805034,16.263022264805034,12.211092413143156,12.211092413143156,7.649660843279481,7.649660843279481,4.672526278179266,4.672526278179266,-4.9,15968491659.197056,43.12217294900222,20.574742629237925,15.111315059117231,288.5042854529718,42.74092649604088,23.664447739827228,5.959554568743835,29.535898646757527,0.0,12.145603805395323,29.381969526150627,4.794537184071822,13.17124514302446,0.0,63.944690187231934,44.59129680601767,19.007418857986544,0.0,47.0449956422961,41.46475850345321,5.409283605791522,31.900731624037984,11.651573523323576,102.48144641651528,13.08951281182515,35.89528683400505,0.0,0.0,37.634399101200174,13.17124514302446,0.0,0.0,83.45970413824182,28.76722310443093,11.327189651952915,84.24599248008953,30.33183534230805,0.0,0.0,0.0,244.69999999999996,53.53159073327706,37.14393106338357,0.0,36.53346331946025,50.7570724181522,0.0,0.0,51.960417072608934,6.06636706846161,31.900731624037984,21.044015661866233,31.73611111111111,0.0,75.38202671469371,31.235849874038685,4.677205955789828,-5.632137974940048,5.885731031125293,-2.104249570987954,7.486129525836034,0.0,0.59375,50,10,15,0,1,1,5,1,0,1,4,0,7,9,18,1,8,0,1,1,0,0,17.744552200784128,2,1.3411700000000075,177.18309999999968,1,0,0,0,0,0,0,0,1,1,6,5,0,0,0,0,7,1,0,0,0,0,0,0,0,3,0,5,0,0,0,0,0,0,1,0,0,0,0,0,0,0,0,1,3,0,0,0,0,0,0,0,0,0,0,0,0,0,0,0,0,0,0,0,0,0,0,0,0,0,0,0,0,0,0,0,0,0,0,0,0,0,0,0,0,CHEMBL4099696,CC[C@@H]1NC(=O)[C@H](CCCNC(=N)N)NC(=O)[C@](C)(NC(=O)C(C)C)CCCCCNC(=O)[C@@H](c2ccccc2)NC1=O.O=C(O)C(F)(F)F,2.6,0.414973347970818,CHEMBL612545,Unchecked,4,Large-Polar-Aliphatic-Flexible-Hydrophilic
10.97178555681532,10.97178555681532,0.0542345172492455,-1.440677402069899,0.174006568228555,52.6875,467.5200000000002,430.2240000000002,467.2591277640001,188,0,0.1856475895348527,-0.3935672815104059,0.3935672815104059,0.1856475895348527,0.71875,1.28125,1.84375,16.718916546881086,9.838839077937967,2.497145139980917,-2.47424520507463,2.3028658923751766,-2.6780387398284393,5.006772200983827,-0.3144702200339854,2.7472419311249547,1.6991706468763768,607.1880034640932,23.739758018147143,17.667143378704328,17.667143378704328,15.081825115717525,10.759046108083322,10.759046108083322,8.784966984839405,8.784966984839405,6.414988289339923,6.414988289339923,4.428017313305889,4.428017313305889,-0.5599999999999999,8788058.80724996,26.05189361507292,10.793525832364557,5.235544635959526,185.05057667605533,73.14842617521465,36.62379832648981,12.580053458670426,0.0,0.0,0.0,0.0,0.0,0.0,0.0,0.0,12.84164324585202,18.628438064208495,30.898496398305447,44.48008878940371,0.0,0.0,0.0,28.66833738581093,98.4207911231007,13.151638370425491,0.0,0.0,0.0,28.66833738581093,0.0,0.0,0.0,124.2634232218777,18.947451815200196,0.0,12.84164324585202,0.0,0.0,0.0,0.0,268.1700000000001,92.18602984176158,25.532636974203527,0.0,19.386399651764595,0.0,0.0,0.0,0.0,0.0,0.0,47.615789201011125,22.716317116442028,0.0,0.0,50.70976490930665,29.769953315137094,0.0,-3.2666256849237083,-10.76380159742742,-0.4989413918679795,0.0,1.0,32,15,14,1,2,3,0,0,0,0,14,0,14,10,14,2,6,1,2,3,0,0,8.787243334884463,3,-6.295800000000006,108.37100000000002,0,5,5,0,0,0,0,0,0,0,0,0,0,0,0,0,0,5,0,0,0,0,0,0,0,0,0,0,0,0,0,0,0,0,0,0,0,0,0,0,0,4,0,0,0,0,0,0,0,0,0,0,0,0,0,0,0,0,0,0,0,0,0,0,0,0,0,0,0,0,0,0,0,0,0,0,0,0,0,0,0,0,0,0,0,CHEMBL1747,NC[C@H]1O[C@H](O[C@H]2[C@H](O)[C@@H](O[C@H]3O[C@H](CO)[C@@H](O)[C@H](N)[C@H]3O)[C@H](N)C[C@@H]2N)[C@H](N)C[C@@H]1O,6.2,0.7923916894982539,CHEMBL612545,Unchecked,4,Large-Polar-Aliphatic-Flexible-Hydrophilic
14.256019036715786,14.256019036715786,0.1348767235982451,-1.364280249734171,0.1156650957731976,27.120689655172413,814.9799999999993,754.4999999999998,814.46653608,320,0,0.2459060810221354,-0.3701604379834824,0.3701604379834824,0.2459060810221354,0.7586206896551724,1.362068965517241,1.9827586206896552,19.14545598466171,9.7507522339157,2.493214090377104,-2.4270477525018745,2.3363456227774777,-2.6722096345642785,5.9887541346762765,-0.1461348350285049,3.858494757170879,1.3867735859766497,1657.5116043699354,41.821051230633486,33.222590976615294,33.222590976615294,27.77340236720164,20.88256987437516,20.88256987437516,16.16346655751633,16.16346655751633,11.824391942160394,11.824391942160394,8.4479799776087,8.4479799776087,-4.869999999999999,3358962545967.313,44.237117209196334,20.70505356705876,11.625666840678448,337.75042445271686,47.851097436056975,41.34073025106697,5.959554568743835,35.443078376109035,0.0,0.0,34.17650671022245,8.78083009534964,0.0,0.0,32.10410811463005,88.32522348080634,38.66621431503791,6.041840829147961,37.54805319978057,41.40263294485287,5.409283605791522,36.38376248173261,11.46733495432437,144.90209698786535,26.1790256236503,35.39699437917361,0.0,0.0,38.051277974356026,8.78083009534964,0.0,0.0,113.12960742832728,35.18804472735694,17.043725287883312,108.2965974585132,18.19910120538483,0.0,0.0,0.0,244.94,76.91846972697248,37.54805319978057,0.0,62.62380671624752,64.10163124076882,44.23684225155327,9.799819461700954,0.0,0.0,26.583943020031658,16.876618560115894,28.469200478551095,0.0,86.2123420229177,21.658287261902245,10.487170965983164,-4.926027118971291,-2.0761733520944654,8.523302993295719,1.2352300817491737,0.0,0.675,58,10,16,1,3,4,6,1,0,1,5,0,8,8,18,3,6,1,3,4,1,0,15.791928990839084,5,0.9488700000000084,210.57299999999947,0,0,0,0,0,0,0,0,0,0,6,6,0,0,0,2,6,2,0,0,0,0,0,0,0,0,0,6,0,0,0,0,0,0,1,0,2,0,0,0,0,0,0,1,2,0,0,0,0,0,0,0,0,0,0,0,0,0,0,0,0,0,0,0,0,0,0,0,0,0,0,0,0,0,0,0,0,0,0,0,0,0,0,0,0,CHEMBL2314819,N=C(N)NCCC[C@@H]1NC(=O)C2(CCC2)NC(=O)[C@@H]2CCCN2C(=O)[C@H](Cc2cc(F)cc(F)c2)NC(=O)[C@@H](N)CCCCCCCCNC(=O)[C@@H]2CCCN2C1=O,18.5,1.2671717284030135,CHEMBL1615381,Menin,4,Large-Polar-Aliphatic-Flexible-Hydrophilic
13.693270411043816,13.693270411043816,0.1444431919057645,-5.083333333333334,0.0834524655287033,22.470588235294116,732.7770000000006,684.3930000000004,732.358208756,286,0,0.4902403183070029,-0.4745811720256028,0.4902403183070029,0.4745811720256028,1.0588235294117647,1.6274509803921569,2.1372549019607843,19.413535417229795,9.91315013493801,2.39091771517354,-2.332522495834468,2.203859270309094,-2.617217983830573,5.967569985989024,-0.1924679166499482,3.042813866180306,1.6740577829048016e-06,1394.38326652501,39.10371904882606,29.208781498019015,29.208781498019015,23.62084168798581,16.246182872506107,16.246182872506107,12.467172090702556,12.467172090702556,7.848595204187347,7.848595204187347,4.733787513788588,4.733787513788588,-4.970000000000001,20906595221.786236,44.051724961981314,20.02242720273019,14.810671391312862,292.87979234249343,42.32404762288502,29.481668580873123,5.959554568743835,29.535898646757527,0.0,12.145603805395323,29.381969526150627,9.184952231746642,13.17124514302446,0.0,32.903945735995094,63.1448525658669,26.055090840663738,0.0,51.435410689970915,41.46475850345321,5.409283605791522,31.483852750882132,11.651573523323576,96.06062479358926,20.13718479450234,35.646140606589334,0.0,0.0,32.31761049719384,17.56166019069928,0.0,0.0,95.40728585176949,28.76722310443093,17.14441049299881,77.82517085716351,24.26546827384644,0.0,0.0,0.0,235.90999999999997,71.17389734983585,41.53434611105839,0.0,37.67395557278594,31.3706727663876,0.0,29.165378004696915,34.74262078143968,0.0,26.583943020031658,21.044015661866233,45.412176690642,0.0,77.28421609657043,28.147252103388546,4.3728047396887835,-6.456149129277104,1.983783268913084,-3.2573840186495415,7.2581172044019855,1.588516377655138,0.59375,51,9,15,0,1,1,5,1,0,1,4,0,7,8,19,1,8,0,1,1,0,0,17.294557964822808,2,1.432370000000008,177.15139999999963,1,0,0,0,0,0,0,0,1,1,6,5,0,0,0,1,6,1,0,1,0,0,0,0,0,3,0,5,0,0,0,0,0,0,1,0,0,0,0,0,0,0,0,1,4,0,0,0,0,0,0,0,0,0,0,0,0,0,0,0,0,0,0,0,0,0,0,0,0,0,0,0,0,0,0,0,0,0,0,0,0,0,0,0,0,CHEMBL4092028,CC[C@@H]1NC(=O)[C@H](CCCNC(=N)N)NC(=O)[C@](C)(NC(=O)C(C)C)CCCCN(C)C(=O)[C@@H](c2ccc(F)cc2)NC1=O.O=C(O)C(F)(F)F,1.6,0.2041199826559248,CHEMBL612545,Unchecked,4,Large-Polar-Aliphatic-Flexible-Hydrophilic
13.876259887813507,13.876259887813507,0.1235157696116102,-5.083333333333334,0.1073995306609673,22.5,770.8950000000007,713.4390000000004,770.4302308240001,304,0,0.4902403183070029,-0.4745811720256028,0.4902403183070029,0.4745811720256028,0.925925925925926,1.5,2.0555555555555554,19.41351867129075,9.907840465702131,2.388241977388188,-2.3257934447242743,2.195013462235335,-2.6160589014319795,5.96726027247224,-0.1924678619234226,3.1193407069482686,1.8858957792666344e-06,1397.7361991493674,40.89876597875263,31.712030554256017,31.712030554256017,25.35431603780627,18.22434713021022,18.22434713021022,13.483077450328162,13.483077450328162,8.635987118311833,8.635987118311833,5.28157592806879,5.28157592806879,-4.9,119549579345.06598,47.120366598778006,23.699645523175377,17.28436561616657,314.1740253971537,42.32404762288502,23.664447739827228,5.959554568743835,29.535898646757527,0.0,12.145603805395323,29.381969526150627,4.794537184071822,13.17124514302446,0.0,83.20715505601,44.59129680601767,26.055090840663738,0.0,47.0449956422961,41.46475850345321,5.409283605791522,37.217520228044314,5.917906046161393,121.74391128529332,20.13718479450234,35.89528683400505,0.0,0.0,37.217520228044314,13.17124514302446,0.0,0.0,90.507376120919,28.76722310443093,11.327189651952915,103.50845734886757,30.33183534230805,0.0,0.0,0.0,230.71,53.53159073327706,37.14393106338357,0.0,36.53346331946025,37.91542917230017,32.10410811463005,0.0,59.00808905528612,6.06636706846161,37.217520228044314,15.310348184704049,31.73611111111111,0.0,76.11762171288437,34.80918753254022,-0.6284624809326496,-5.114788762854728,6.0029406245852375,1.3347934513238815,7.792130893790833,1.6171325842183757,0.6388888888888888,54,9,15,0,1,1,5,1,0,1,4,0,7,9,18,1,8,0,1,1,0,0,20.68029602431688,2,2.772170000000007,195.9063999999995,1,0,0,0,0,0,0,0,1,1,6,5,0,0,0,0,8,0,0,0,0,0,0,0,0,3,0,5,0,0,0,0,0,0,1,0,0,0,0,0,0,0,0,1,3,0,0,0,0,0,0,0,0,0,0,0,0,0,0,0,0,0,0,0,0,0,0,0,0,0,0,0,0,0,0,0,0,0,0,0,0,0,0,0,0,CHEMBL4078842,CC[C@@H]1NC(=O)[C@H](CCCNC(=N)NC)NC(=O)[C@](C)(NC(=O)C(C)C)CCCCCCCCNC(=O)[C@@H](c2ccccc2)NC1=O.O=C(O)C(F)(F)F,1.3,0.1139433523068367,CHEMBL612545,Unchecked,4,Large-Polar-Aliphatic-Flexible-Hydrophilic
14.389427979817745,14.389427979817745,0.0040140766103264,-1.3121096213961243,0.0224208187393535,20.07017543859649,811.0029999999996,744.4749999999999,810.518805072,324,0,0.3256966935004625,-0.4797174682622497,0.4797174682622497,0.3256966935004625,0.6842105263157895,1.263157894736842,1.8771929824561404,16.368571982389753,9.84349462661493,2.490808103214417,-2.362179242618557,2.400433238723019,-2.597916594361711,5.957445463980514,-0.1461933738304185,3.5627820849932457,2.1342166525121344,1372.418094260454,42.4926241058873,32.73171287129258,32.73171287129258,27.101569623521097,19.823153569364095,19.823153569364095,14.709286478117331,14.709286478117331,10.294094556996262,10.294094556996262,7.231962885671021,7.231962885671021,-4.800000000000002,957588990675.2036,48.348962632144264,25.45173589193283,16.67960013135157,332.82238297035514,75.6820335303808,30.209204145739804,11.91910913748767,29.535898646757527,0.0,5.969305287951848,34.79125313194215,4.794537184071822,0.0,0.0,12.84164324585202,89.5125219271861,25.67611004688569,12.64872279366088,38.98027789411234,47.424313072197045,10.818567211583044,36.80064135488846,34.58624343197232,132.18438852499986,32.78590758816322,0.0,0.0,0.0,60.56906900984892,0.0,0.0,0.0,137.6160709849279,28.76722310443093,16.736473257744436,89.89150272096417,0.0,0.0,0.0,0.0,396.1,72.45595114475856,38.98027789411234,0.0,68.68276982866428,57.91132938932067,19.26246486877803,4.899909730850477,0.0,0.0,31.900731624037984,39.48690459739397,0.0,0.0,80.66508909548469,49.6149262598984,28.157999777756025,-4.667820586832901,-6.972566644663742,6.413950001138144,0.2884220972193867,0.0,0.7714285714285715,57,20,22,1,1,2,5,0,0,0,8,0,12,15,22,1,26,1,1,2,0,2,21.58886013267132,2,-4.116060000000013,210.9121999999997,1,1,1,0,0,0,0,0,1,1,6,5,0,0,0,1,8,5,0,0,1,0,0,0,0,0,0,5,0,0,0,0,0,0,0,0,1,0,0,0,0,0,0,2,0,0,0,0,0,0,0,0,0,0,0,0,0,0,0,0,0,0,0,0,0,0,0,0,0,0,0,0,0,0,0,0,0,0,0,0,0,0,0,2,0,CHEMBL5432970,N=C(N)NCCCC[C@H](N)C(=O)NCCCC[C@H](NC(=O)[C@@H](N)CO)C(=O)N[C@@H](CCN)C(=O)N1C2CCCCC2C[C@H]1C(=O)N[C@@H](CCCNC(=N)N)C(=O)O,1540.0,3.187520720836463,CHEMBL5482974,VEGA-NRP1,4,Large-Polar-Aliphatic-Flexible-Hydrophilic
13.391553528706222,13.391553528706222,0.1649944183836138,-1.914917008161577,0.0379717926578495,14.081967213114757,867.8190000000002,818.4269999999999,867.3134077280001,336,0,0.3260470628698094,-0.4812292624504639,0.4812292624504639,0.3260470628698094,0.5245901639344263,0.9508196721311476,1.360655737704918,16.3799167447853,10.045256753339734,2.3407731989668767,-2.265562241796042,2.0798733610624938,-2.6002342372974914,5.973633559476193,-0.1426044992567486,3.1588540566518275,3.167955560997627,1774.1118597903517,46.39624778870998,32.87442531952054,32.87442531952054,28.494794269186293,18.377306627936132,18.377306627936132,13.4244629037929,13.4244629037929,8.31407758492489,8.31407758492489,5.287728004661045,5.287728004661045,-7.180000000000001,2167345341255.3833,51.83858045336306,26.028259768556953,20.884785833844525,345.93236955035263,67.85668459708856,36.25104497488776,0.0,41.35025810546054,0.0,29.84652643975924,52.73990902479004,4.794537184071822,0.0,0.0,30.33183534230805,31.749653560165648,32.60702369139466,19.069544416586886,88.17361057790612,71.19678454521978,0.0,37.217520228044314,0.0,107.5690587454254,6.544756405912575,35.89528683400505,0.0,0.0,37.217520228044314,0.0,0.0,0.0,150.7357166828127,63.95526783178787,0.0,64.35667725156031,30.33183534230805,0.0,0.0,0.0,410.4299999999999,165.0423036742505,77.9605557882247,0.0,6.4208216229260096,5.563451491696996,13.847474399381248,0.0,30.33183534230805,0.0,37.217520228044314,10.213054789681411,0.0,0.0,147.1960536034378,71.58562853539863,0.5376823848652921,-15.265365342863436,-2.226492158964776,-6.8655728960929405,1.0380658742194462,0.0,0.5,61,13,25,0,0,0,7,1,0,1,7,0,13,13,25,0,28,0,0,0,0,0,22.119148165137258,1,-4.191500000000008,202.5926999999997,5,1,1,0,0,0,0,0,5,5,12,7,0,0,0,0,7,0,0,0,0,0,0,0,0,0,0,7,0,0,0,0,0,0,1,0,0,0,0,0,0,0,0,0,0,0,0,0,0,0,0,0,0,0,0,0,0,0,0,0,0,0,0,0,0,0,0,0,0,0,0,0,0,0,0,0,0,0,0,0,0,0,0,0,0,CHEMBL3617787,CC(=O)N[C@@H](CC(=O)O)C(=O)N[C@@H](CCC(=O)O)C(=O)N[C@@H](CCC(=O)O)C(=O)N[C@H](C(=O)NCC(=O)N[C@@H](CCC(=O)O)C(=O)N[C@@H](Cc1ccccc1)C(=O)O)[C@@H](C)O,194.0,2.287801729930226,CHEMBL3038498,Keap1/Nrf2,2,Large-Polar-Aliphatic-Flexible-Hydrophilic
13.197650856638951,13.197650856638951,0.0060905218568914,-2.1435823718963145,0.2731343816639159,35.4,419.5180000000001,386.25400000000013,419.23078777599994,166,0,0.3355429822312236,-0.5110166615872981,0.5110166615872981,0.3355429822312236,1.2,1.8333333333333333,2.433333333333333,16.408117686511236,9.63833574350708,2.516425811862117,-2.4083815341766157,2.4641652542133072,-2.4947289440109737,6.264242693777025,-0.1662884297643832,2.8978140467432376,1.965134373911247,799.5150416299331,22.377950698581348,18.167935312841166,18.167935312841166,14.001630868142184,10.88858658528101,10.88858658528101,9.526545666816997,9.526545666816997,7.517112732448337,7.517112732448337,5.415027656228436,5.415027656228436,-2.15,3468396.530361028,22.533316077876822,8.174217597660055,3.5719922699487414,176.99837924652144,20.219491915372593,11.332269401725442,11.384295757348628,0.0,5.907179729351506,5.969305287951848,9.589074368143644,4.794537184071822,0.0,0.0,45.76489505859165,36.51326743049759,19.38639965176459,6.041840829147961,29.703193736737585,17.659729963668294,0.0,4.899909730850477,29.589530230806965,64.51821135383358,7.04767198267719,23.484309615393204,0.0,0.0,0.0,0.0,0.0,0.0,56.569785501849715,14.383611552215466,29.589530230806965,52.87531971370193,23.484309615393204,0.0,0.0,0.0,115.14,41.641349272887346,29.703193736737585,0.0,29.085987540209626,5.917906046161393,30.583196222554516,7.04767198267719,13.847474399381248,6.923737199690624,12.152040213667762,0.0,0.0,0.0,38.97364924001322,31.326276287699237,-2.3838894391676675,-3.2515729453193387,-1.115980043251869,8.018079893353821,5.09872289417574,1.418047445830184,0.6956521739130435,30,3,7,2,1,3,1,0,0,0,6,0,5,3,7,1,5,1,1,2,0,0,6.139740960580566,3,2.698500000000001,110.50240000000008,1,2,1,0,0,0,0,0,1,1,3,2,0,0,0,1,0,0,0,1,1,0,0,0,0,0,3,1,0,0,0,0,0,0,0,0,1,0,0,0,0,0,0,0,0,0,0,0,0,0,0,1,1,0,0,0,0,0,0,0,0,0,0,0,0,0,0,0,0,0,0,0,0,0,0,0,0,0,0,0,0,0,0,0,0,CHEMBL1097925,CC(C)[C@@](O)(C[C@H]1C(=O)/C(=C(\O)[C@H]2[C@@H]3CCCC[C@H]3C=C[C@H]2C)C(=O)N1C)C(=O)O,200.0,2.3010299956639813,CHEMBL1075137,Proteasome assembly chaperone 3,4,Large-Polar-Aliphatic-Flexible-Hydrophilic
15.61086857593149,15.61086857593149,0.0004867766629419,-1.8261572994585415,0.014052056407668,24.268115942028984,1997.5340000000012,1847.3419999999992,1996.046051787999,772,0,0.3029356715703366,-0.4812292624533588,0.4812292624533588,0.3029356715703366,0.5507246376811594,1.0942028985507246,1.6956521739130437,33.114618685232486,10.004204485485516,2.474201405268217,-2.333711273919167,2.301123862427797,-2.6109814837441796,8.76296262730124,-0.1479291165385615,1.6689812565588305,1.486844511656785,4298.847468066351,101.82981871553638,80.70060918560299,83.15009892838616,65.76602119275543,48.28587626829867,52.16775699012861,36.49823805436461,40.11103632097941,24.79598259022435,27.886633122097734,17.234764600978234,19.962115364237807,-10.650000000000002,1.2551583535724438e+42,116.06507343994792,60.36550011406197,37.49954518718528,818.6313256818736,127.18240407782072,102.7112940955153,5.959554568743835,106.32923512832714,0.0,5.969305287951848,96.50549010315618,0.0,11.761884949391115,0.0,112.22160378523866,184.25839046724,63.99486968859909,6.606881964512918,101.30926128704608,151.60777588718736,5.409283605791522,94.03467937949056,34.770482000971526,324.539638312352,75.93450680965272,35.89528683400505,0.0,0.0,97.3697103647374,0.0,0.0,33.34968090216456,326.71658960327426,97.51702812029066,17.24509569811431,220.9709740856077,30.33183534230805,0.0,0.0,0.0,674.1,239.74994627472375,58.158426630399624,43.1508346566464,171.8879601140206,56.930024475105085,34.42943919862547,45.20899827217426,64.28255332458195,6.923737199690624,74.43504045608864,28.343953514440265,0.0,1.3342356299481186,280.5675872551157,66.1978699218893,23.66252865246536,-17.4232309117351,-15.452764110805216,5.89165747547469,11.081457837911678,1.9739915830688008,0.7142857142857143,138,25,44,0,5,5,18,1,0,1,17,0,26,21,47,5,42,0,5,5,0,0,50.77047973896947,6,-2.3903299999999703,519.2287000000015,1,1,1,0,0,0,0,0,1,1,19,18,0,0,0,4,15,4,0,0,3,0,0,0,0,0,0,18,0,0,0,0,0,0,1,0,1,0,0,0,0,0,0,1,0,0,0,0,0,0,0,0,0,0,0,0,0,0,0,0,0,0,0,0,0,0,0,0,0,0,0,1,0,0,0,1,0,0,0,0,0,0,0,5,0,CHEMBL3335454,CCCCCC[C@@H]1NC(=O)[C@H](CCCCN)NC(=O)[C@H](CCCNC(=N)N)NC(=O)[C@H](CC(C)C)NC(=O)[C@@H](NC(=O)[C@H](CCSC)NC(=O)[C@@H]2CCCN2C(=O)[C@@H](NC(C)=O)C(C)C)CCSSC[C@@H](C(=O)N[C@@H](CCCCN)C(=O)N2CCC[C@H]2C(=O)N2CCC[C@H]2C(=O)N[C@@H](CCC(=O)O)C(N)=O)NC(=O)[C@H](Cc2ccccc2)NC(=O)[C@H](CO)NC(=O)[C@H](C)NC(=O)[C@@H]2CCCN2C1=O,370.0,2.568201724066995,CHEMBL3430909,Transcriptional coactivator YAP1/Transcriptional enhancer factor TEF-1,1,Large-Polar-Aliphatic-Flexible-Hydrophilic
15.666395310348578,15.666395310348578,0.0042404021173862,-2.0847357937048834,0.0247796390353688,21.221476510067113,2138.506999999998,1977.226999999999,2137.111590579999,842,0,0.3224707024461288,-0.4812292624505143,0.4812292624505143,0.3224707024461288,0.3624161073825503,0.7046979865771812,1.0738255033557047,32.16650019631493,9.910483927201696,2.474599657757731,-2.413485627722169,2.274749086454932,-2.63287698111355,7.98956451912853,-0.1572231572867084,0.818425861549194,4.076304759695884,4687.817473334768,114.4945659785212,89.59722245078059,90.41371903170833,69.14904123841738,49.738648350679206,50.89334888905846,39.95188140042945,41.101711314690505,24.806787681077015,25.72773931102915,16.15945857291503,16.928023739804306,-13.199999999999996,1.7798212632724608e+46,133.8073637702504,65.6001622301646,46.62707444684425,871.9606120793309,133.6362619187487,103.21420967227992,0.0,106.32923512832714,0.0,41.78513701566294,119.86342960179562,0.0,11.761884949391115,0.0,109.08436100933646,132.32267619762314,105.78516245271597,12.648722793660877,160.7156487605213,159.87625709338118,0.0,92.78404276002298,41.42534232312975,335.5488256847599,73.92892390405905,12.152040213667762,0.0,0.0,58.48467464406965,0.0,0.0,11.761884949391115,399.968302976844,119.86342960179562,41.42534232312975,232.77540603064435,12.152040213667762,0.0,0.0,0.0,743.6000000000004,365.20170384645354,136.43097262939327,19.178148736287287,73.70226113569521,0.0,36.2614336036435,86.82847213920377,81.38941221057398,19.16426300338758,53.167886040063316,5.106527394840706,0.0,1.12745064654106,350.7121925974562,105.10955484765276,0.0,-32.056447613978854,-25.6886516220147,-9.05106110305132,25.080060236846936,9.266902010547936,0.7216494845360825,149,19,51,0,1,1,18,0,0,0,18,0,27,19,52,1,52,0,1,1,0,0,58.911307187376345,1,-1.3291999999999675,538.1611000000019,7,1,1,0,0,0,0,0,7,7,25,18,0,0,0,7,11,0,0,7,0,0,0,0,0,0,1,18,0,0,0,0,0,0,0,0,0,0,0,0,0,0,0,0,0,0,0,0,0,0,0,0,0,0,0,0,0,0,0,0,0,0,0,0,0,0,0,0,0,0,0,0,0,0,0,1,0,0,0,0,0,0,0,0,0,CHEMBL1911379,CC[C@@H]1NC(=O)[C@H]([C@H](O)[C@H](C)C/C=C/CSCCC(=O)N[C@H](CCC(=O)O)C(=O)N[C@H](CCC(=O)O)C(=O)N[C@H](CCC(=O)O)C(=O)N[C@H](CCC(=O)O)C(=O)N[C@H](CCC(=O)O)C(=O)N[C@H](CCC(=O)O)C(=O)NCC(=O)O)N(C)C(=O)[C@H](C(C)C)N(C)C(=O)[C@H](CC(C)C)N(C)C(=O)[C@H](CC(C)C)N(C)C(=O)[C@@H](C)NC(=O)[C@H](C)NC(=O)[C@H](CC(C)C)N(C)C(=O)[C@H](C(C)C)NC(=O)[C@H](CC(C)C)N(C)C(=O)CN(C)C1=O,4.9,0.6901960800285137,CHEMBL1949,Cyclophilin A,1,Large-Polar-Aliphatic-Flexible-Hydrophilic
14.412384820956404,14.412384820956404,0.0097808413211013,-1.2402290662679556,0.0177075852029846,20.07017543859649,827.0709999999996,760.5429999999998,826.495961452,324,0,0.3256966935004625,-0.4797174682622497,0.4797174682622497,0.3256966935004625,0.7017543859649122,1.280701754385965,1.894736842105263,32.11686984434591,9.843494697309554,2.490791213360698,-2.3621963977873848,2.4004616436623047,-2.597407673210488,7.798546898315081,-0.1461898692936081,3.5627820849932457,2.1342166525121344,1376.7666098060506,42.4926241058873,32.73171287129258,33.62614006229249,27.101569623521097,19.823153569364095,20.45560910139777,14.709286478117331,15.074434849787442,10.294094556996262,10.68748725350921,7.231962885671021,7.397785577838542,-4.410000000000001,957588990675.2036,48.73788877045732,25.762627958313857,16.920697645628866,339.1832158815609,70.5755061355401,24.16736331659184,11.91910913748767,29.535898646757527,0.0,5.969305287951848,34.79125313194215,4.794537184071822,12.628789148012991,0.0,12.84164324585202,89.5125219271861,31.428963653632476,12.08368165829592,33.87375049927164,60.05310222021003,10.818567211583044,36.80064135488846,34.58624343197232,132.18438852499986,31.93187923039709,0.0,0.0,0.0,60.56906900984892,0.0,0.0,12.628789148012991,131.65551523232108,28.76722310443093,16.736473257744436,89.89150272096417,0.0,0.0,0.0,0.0,375.87,65.84906918024564,33.87375049927164,0.0,74.43562343541107,57.91132938932067,19.26246486877803,4.899909730850477,0.0,0.0,44.52952077205099,39.48690459739397,0.0,4.087289271915381,80.90573724496228,40.40878230732839,28.378316608191906,-4.311265295846295,-6.485108141891848,6.707508003234266,1.0309622243281462,0.0,0.7714285714285715,57,19,21,1,1,2,5,0,0,0,8,0,12,15,22,1,26,1,1,2,0,2,22.028352559069727,2,-3.178560000000007,217.67939999999967,1,0,0,0,0,0,0,0,1,1,6,5,0,0,0,1,8,5,0,0,1,0,1,0,0,0,0,5,0,0,0,0,0,0,0,0,1,0,0,0,0,0,0,2,0,0,0,0,0,0,0,0,0,0,0,0,0,0,0,0,0,0,0,0,0,0,0,0,0,0,0,0,0,0,0,0,0,0,0,0,0,0,0,2,0,CHEMBL5398256,N=C(N)NCCCC[C@H](N)C(=O)NCCCC[C@H](NC(=O)[C@@H](N)CS)C(=O)N[C@@H](CCN)C(=O)N1C2CCCCC2C[C@H]1C(=O)N[C@@H](CCCNC(=N)N)C(=O)O,39.0,1.591064607026499,CHEMBL5482974,VEGA-NRP1,4,Large-Polar-Aliphatic-Flexible-Hydrophilic
13.63234242505797,13.63234242505797,0.0183049456540553,-5.083333333333334,0.1047590127943719,22.3125,686.7330000000005,641.3730000000005,686.3363304400002,268,0,0.4902403183070029,-0.4745811720256028,0.4902403183070029,0.4745811720256028,1.0208333333333333,1.6041666666666667,2.125,19.413514289189564,9.935078554435494,2.392854024506239,-2.331968462334482,2.1688183119660662,-2.6276147193365813,5.970584185390575,-0.1924677400579927,3.023715109803813,1.4751214342297036e-06,1296.7956424307968,36.65612529163336,27.46938986713674,27.46938986713674,22.35431603780628,15.224347130210225,15.224347130210225,11.361757106768524,11.361757106768524,7.15743372771856,7.15743372771856,4.195027408640655,4.195027408640655,-4.9,6444096298.382099,41.1232018561485,19.04948850988827,13.449140518639568,275.9843727107739,42.32404762288502,23.664447739827228,5.959554568743835,29.535898646757527,0.0,12.145603805395323,29.381969526150627,4.794537184071822,13.17124514302446,0.0,51.10304694137992,38.17047518309165,26.055090840663738,0.0,47.0449956422961,41.46475850345321,5.409283605791522,37.217520228044314,5.917906046161393,83.21898154773723,20.13718479450234,35.89528683400505,0.0,0.0,37.217520228044314,13.17124514302446,0.0,0.0,90.507376120919,28.76722310443093,11.327189651952915,64.98352761131149,30.33183534230805,0.0,0.0,0.0,230.71,65.35667650878996,37.14393106338357,0.0,37.67395557278594,18.52902952053558,0.0,0.0,65.07445612374774,0.0,37.217520228044314,15.310348184704049,31.73611111111111,0.0,75.12351442431196,34.103361417061194,-0.891529702452095,-5.586333554245709,5.696411932972582,-4.1810078877016625,7.061334021918437,1.6048049036908267,0.5666666666666667,48,9,15,0,1,1,5,1,0,1,4,0,7,9,18,1,8,0,1,1,0,0,16.32033252601077,2,0.4315700000000091,168.20439999999974,1,0,0,0,0,0,0,0,1,1,6,5,0,0,0,0,8,0,0,0,0,0,0,0,0,3,0,5,0,0,0,0,0,0,1,0,0,0,0,0,0,0,0,1,3,0,0,0,0,0,0,0,0,0,0,0,0,0,0,0,0,0,0,0,0,0,0,0,0,0,0,0,0,0,0,0,0,0,0,0,0,0,0,0,0,CHEMBL4103117,CC[C@@H]1NC(=O)[C@H](CCCNC(=N)NC)NC(=O)[C@](C)(NC(=O)C(C)C)CCNC(=O)[C@@H](c2ccccc2)NC1=O.O=C(O)C(F)(F)F,0.9,-0.0457574905606751,CHEMBL612545,Unchecked,4,Large-Polar-Aliphatic-Flexible-Hydrophilic
13.576020111008384,13.576020111008384,0.0108468588690455,-5.083333333333334,0.1036710373828259,22.595744680851062,672.7060000000005,629.3620000000005,672.320680376,262,0,0.4902403183070029,-0.4745811720256028,0.4902403183070029,0.4745811720256028,1.0425531914893618,1.6170212765957446,2.127659574468085,19.41351346812968,9.935080839832969,2.392749008156507,-2.3319028650884723,2.1686877974319443,-2.6275999354990685,5.970517894698459,-0.1924677267092169,2.9871918253475696,1.4116781046036702e-06,1280.0157573749414,35.94901851044681,26.546740136326367,26.546740136326367,21.81631123534549,14.763022264805036,14.763022264805036,11.150432241363337,11.150432241363337,6.921107452686208,6.921107452686208,4.116307844641041,4.116307844641041,-4.9,3694071973.168645,40.12375296912114,18.297073097804272,13.548808761409436,269.409459109782,42.74092649604088,23.664447739827228,5.959554568743835,29.535898646757527,0.0,12.145603805395323,29.381969526150627,4.794537184071822,13.17124514302446,0.0,51.10304694137992,38.17047518309165,19.007418857986544,0.0,47.0449956422961,41.46475850345321,5.409283605791522,31.900731624037984,11.651573523323576,83.21898154773723,13.08951281182515,35.89528683400505,0.0,0.0,37.634399101200174,13.17124514302446,0.0,0.0,83.45970413824182,28.76722310443093,11.327189651952915,64.98352761131149,30.33183534230805,0.0,0.0,0.0,244.69999999999996,65.35667650878996,37.14393106338357,0.0,37.67395557278594,18.52902952053558,0.0,6.923737199690624,51.10304694137992,0.0,31.900731624037984,21.044015661866233,31.73611111111111,0.0,74.89808726586736,30.79754779455657,4.427311442778138,-5.988976094379126,5.631009222761797,-4.276430527832095,6.942006451802905,0.0,0.5517241379310345,47,10,15,0,1,1,5,1,0,1,4,0,7,9,18,1,8,0,1,1,0,0,15.620154064558529,2,0.1708700000000087,163.33209999999983,1,0,0,0,0,0,0,0,1,1,6,5,0,0,0,0,7,1,0,0,0,0,0,0,0,3,0,5,0,0,0,0,0,0,1,0,0,0,0,0,0,0,0,1,3,0,0,0,0,0,0,0,0,0,0,0,0,0,0,0,0,0,0,0,0,0,0,0,0,0,0,0,0,0,0,0,0,0,0,0,0,0,0,0,0,CHEMBL4073865,CC[C@@H]1NC(=O)[C@H](CCCNC(=N)N)NC(=O)[C@](C)(NC(=O)C(C)C)CCNC(=O)[C@@H](c2ccccc2)NC1=O.O=C(O)C(F)(F)F,1.08,0.0334237554869497,CHEMBL612545,Unchecked,4,Large-Polar-Aliphatic-Flexible-Hydrophilic
14.205762359971017,14.205762359971017,0.2057072049607557,-1.2482621138296714,0.1125439218028157,27.69090909090909,764.9729999999994,704.4929999999999,764.4697296400001,302,0,0.2459097994169275,-0.3701604379834824,0.3701604379834824,0.2459097994169275,0.7636363636363637,1.3818181818181818,2.036363636363636,16.17604160474061,10.018371325936124,2.5355944116050457,-2.3141756598129883,2.366233942509131,-2.599913808095499,5.997624168412087,-0.1431819384314005,3.5290388050748533,1.348936717001753,1537.7298081508586,39.37345747344078,31.914255787789543,31.914255787789543,26.485708666966936,20.183238196320016,20.183238196320016,15.517814953748482,15.517814953748482,11.28776778758342,11.28776778758342,7.927943913567661,7.927943913567661,-4.7299999999999995,1095918118482.1182,41.43376195580322,19.734660845760793,11.400183838076552,323.0544115324678,47.851097436056975,29.70628856897519,5.959554568743835,35.443078376109035,0.0,0.0,34.17650671022245,0.0,0.0,0.0,62.435943456938105,69.77166772095711,32.59984724657631,6.041840829147961,28.76722310443093,41.40263294485287,5.409283605791522,36.38376248173261,11.46733495432437,138.48127536493934,26.1790256236503,35.89528683400505,0.0,0.0,38.051277974356026,0.0,0.0,0.0,113.12960742832728,35.18804472735694,5.409283605791522,101.87577583558718,30.33183534230805,0.0,0.0,0.0,244.94,53.46966858617766,28.76722310443093,0.0,36.52273700265037,77.54559860705838,44.08838122925306,4.899909730850477,4.899909730850477,30.33183534230805,26.583943020031658,16.876618560115894,0.0,0.0,85.85238316462765,21.91760450966098,11.375493743720138,-2.546966943189097,5.176242852944538,9.471923594267205,1.5033190779685754,0.0,0.6666666666666666,55,10,16,1,3,4,6,1,0,1,5,0,8,8,16,3,6,1,3,4,1,0,14.866931632032054,5,0.2805700000000095,206.0399999999995,0,0,0,0,0,0,0,0,0,0,6,6,0,0,0,2,6,2,0,0,0,0,0,0,0,0,0,6,0,0,0,0,0,0,1,0,2,0,0,0,0,0,0,1,0,0,0,0,0,0,0,0,0,0,0,0,0,0,0,0,0,0,0,0,0,0,0,0,0,0,0,0,0,0,0,0,0,0,0,0,0,0,0,0,0,CHEMBL2314568,N=C(N)NCCC[C@@H]1NC(=O)C2(CC2)NC(=O)[C@@H]2CCCN2C(=O)[C@H](Cc2ccccc2)NC(=O)[C@@H](N)CCCCCCCCNC(=O)[C@@H]2CCCN2C1=O,194.0,2.287801729930226,CHEMBL1615381,Menin,4,Large-Polar-Aliphatic-Flexible-Hydrophilic
14.044457560273358,14.044457560273358,0.2046675782587872,-1.0400476114103812,0.1275487554433259,26.471698113207548,737.9469999999999,678.475,737.4588306079999,292,0,0.2456741009285893,-0.3701604379834824,0.3701604379834824,0.2456741009285893,0.7547169811320755,1.3584905660377358,2.018867924528302,16.174828610297226,10.02979969271443,2.4004162686993875,-2.3056543261930216,2.218821466406859,-2.5806069186426903,5.963913474088086,-0.1426834129175211,3.836309908134563,1.5109452871252256,1425.7390778502977,38.16635069225424,31.12979873741337,31.12979873741337,25.54462165105616,19.454128585713978,19.454128585713978,14.479170950028797,14.479170950028797,10.32452782570639,10.32452782570639,7.405165877010636,7.405165877010636,-4.69,429628049451.42426,41.07134300998121,21.120816935932215,12.74128106136084,312.3554098745878,42.1174299588948,30.209204145739804,5.959554568743835,35.443078376109035,0.0,0.0,34.176506710222455,0.0,0.0,0.0,62.435943456938105,63.853761674795706,39.02066886950232,0.0,28.76722310443093,41.40263294485287,5.409283605791522,36.38376248173261,5.733667477162185,133.4452656893206,26.1790256236503,35.89528683400505,0.0,0.0,32.31761049719384,0.0,0.0,0.0,107.59068217594395,35.18804472735694,5.409283605791522,102.37869141235178,30.33183534230805,0.0,0.0,0.0,218.92,42.02356360444281,28.76722310443093,0.0,42.42991673200187,71.12477698413237,44.08838122925306,11.823646930541102,4.899909730850477,30.33183534230805,26.583943020031658,11.142951082953708,0.0,0.0,84.5286151613794,21.645247531482983,6.308118122953165,-2.408430968787987,5.114706213323499,9.747668806138025,3.064075133510909,0.0,0.6578947368421053,53,8,15,0,3,3,6,1,0,1,5,0,7,7,15,3,6,0,3,3,0,0,16.36717579295646,4,1.1992700000000058,200.1785999999995,0,0,0,0,0,0,0,0,0,0,6,6,0,0,0,2,6,1,0,0,0,0,0,0,0,0,0,6,0,0,0,0,0,0,1,0,2,0,0,0,0,0,0,1,0,0,0,0,0,0,0,0,0,0,0,0,0,0,0,0,0,0,0,0,0,0,0,0,0,0,0,0,0,0,0,0,0,0,0,0,0,0,0,0,0,CHEMBL2315086,C[C@@H]1NC(=O)[C@@H]2CCCN2C(=O)[C@H](Cc2ccccc2)NC(=O)CCCCCCCCCNC(=O)[C@@H]2CCCN2C(=O)[C@H](CCCNC(=N)N)NC1=O,6450.0,3.809559714635267,CHEMBL1615381,Menin,4,Large-Polar-Aliphatic-Flexible-Hydrophilic
14.333273028590312,14.333273028590312,0.1315319894248605,-4.6338716590588,0.1178712009695453,26.9,846.9969999999993,785.5089999999997,846.472764332,332,0,0.4159194897295885,-0.3701604379834824,0.4159194897295885,0.3701604379834824,0.8,1.4333333333333331,2.066666666666667,19.41321232525202,9.750751789431108,2.4940847535287056,-2.4270603501639183,2.3410154634223224,-2.672208527921234,5.988835686275978,-0.1461381099593765,3.8919983467871897,1.395162845284467,1725.3068540513152,43.45080774263041,34.17790571881415,34.17790571881415,28.590880382489473,21.410868508356817,21.410868508356817,16.583906602483527,16.583906602483527,12.156358907968638,12.156358907968638,8.593808811818548,8.593808811818548,-4.9399999999999995,7698983163151.618,46.13190664810901,21.035835980621194,12.090509050735108,348.2809019700397,47.851097436056975,29.70628856897519,5.959554568743835,35.443078376109035,0.0,6.176298517443475,34.17650671022245,0.0,13.17124514302446,0.0,50.303209320014886,82.25885641234473,32.59984724657631,11.605292320844956,41.93846824745539,41.40263294485287,5.409283605791522,36.38376248173261,11.46733495432437,151.0783955053088,26.1790256236503,35.392371257240434,0.0,0.0,38.051277974356026,13.17124514302446,0.0,0.0,113.12960742832728,41.364343244800416,5.409283605791522,113.8600489502102,24.26546827384644,0.0,0.0,0.0,244.94,77.02377805402115,41.93846824745539,0.0,62.62380671624752,58.035264172307215,44.23684225155327,21.932553598624175,0.0,0.0,26.583943020031658,16.876618560115894,40.95691414926885,0.0,86.39954270946082,21.597016834026338,9.57508561300048,-3.4097957993836143,-0.6023027740880083,3.495793379321274,1.154412555060542,0.0,0.6829268292682927,60,10,16,1,3,4,6,1,0,1,5,0,8,8,19,3,6,1,3,4,1,0,16.17372036204916,5,1.689470000000009,215.65899999999945,0,0,0,0,0,0,0,0,0,0,6,6,0,0,0,2,6,2,0,0,0,0,0,0,0,3,0,6,0,0,0,0,0,0,1,0,2,0,0,0,0,0,0,1,3,0,0,0,0,0,0,0,0,0,0,0,0,0,0,0,0,0,0,0,0,0,0,0,0,0,0,0,0,0,0,0,0,0,0,0,0,0,0,0,0,CHEMBL2314576,N=C(N)NCCC[C@@H]1NC(=O)C2(CCC2)NC(=O)[C@@H]2CCCN2C(=O)[C@H](Cc2cccc(C(F)(F)F)c2)NC(=O)[C@@H](N)CCCCCCCCNC(=O)[C@@H]2CCCN2C1=O,2520.0,3.401400540781544,CHEMBL1615381,Menin,4,Large-Polar-Aliphatic-Flexible-Hydrophilic
15.592239468580846,15.592239468580846,0.0013082478287327,-1.824440051425132,0.0137227833812561,24.448529411764707,1951.4400000000005,1803.263999999999,1950.058330723999,760,0,0.3029356715703366,-0.4812292624533588,0.4812292624533588,0.3029356715703366,0.5294117647058824,1.0588235294117647,1.6544117647058822,33.11461575862301,10.003933309383456,2.473688863002836,-2.3337115562762274,2.2998639002074555,-2.6109552576036075,8.762955125844972,-0.1479291158554042,1.639913269617139,1.4795857479816474,4254.564511498514,100.41560515316328,79.58525411395257,81.21824727580803,64.76602119275545,47.79605962442652,50.2840934961391,36.15188538394455,38.77908509090589,24.531684850619857,26.97838483163384,17.040320513684456,19.296266756152995,-10.999999999999996,3.196816017766342e+41,113.72781065088758,58.549857994444615,36.16260740740741,802.1432735421117,127.18240407782072,102.7112940955153,5.959554568743835,106.32923512832714,0.0,5.969305287951848,96.50549010315618,0.0,0.0,0.0,119.14534098492928,172.2497676769818,63.994869688599096,6.606881964512918,101.30926128704608,139.84589093779627,5.409283605791522,94.03467937949056,34.770482000971526,331.4633755120425,63.92588401939451,35.89528683400505,0.0,0.0,97.3697103647374,0.0,0.0,21.587795952773444,314.70796681301596,97.51702812029066,17.24509569811431,227.8947112852983,30.33183534230805,0.0,0.0,0.0,674.0999999999999,239.74994627472375,67.74750099854327,33.561760288502754,166.1351065072738,69.77166772095711,21.587795952773444,33.44711332278316,58.026784141070536,13.847474399381248,74.43504045608864,28.343953514440265,0.0,0.0,279.8113640030868,66.0375300174484,23.61596586164353,-17.682591786460453,-15.397363183556324,3.3385121042064165,12.799672183795373,1.9769107998362796,0.7111111111111111,136,25,44,0,5,5,18,1,0,1,17,0,25,21,46,5,40,0,5,5,0,0,48.96137620315113,6,-2.7334299999999665,506.5207000000013,1,1,1,0,0,0,0,0,1,1,19,18,0,0,0,4,15,4,0,0,3,0,0,0,0,0,0,18,0,0,0,0,0,0,1,0,1,0,0,0,0,0,0,1,0,0,0,0,0,0,0,0,0,0,0,0,0,0,0,0,0,0,0,0,0,0,0,0,0,0,0,1,0,0,0,0,0,0,0,0,0,0,0,4,0,CHEMBL3335457,CCCC[C@H](NC(=O)[C@@H]1CCCN1C(=O)[C@@H](NC(C)=O)C(C)C)C(=O)N[C@H]1CCSSC[C@@H](C(=O)N[C@@H](CCCCN)C(=O)N2CCC[C@H]2C(=O)N2CCC[C@H]2C(=O)N[C@@H](CCC(=O)O)C(N)=O)NC(=O)[C@H](Cc2ccccc2)NC(=O)[C@H](CO)NC(=O)[C@H](C)NC(=O)[C@@H]2CCCN2C(=O)[C@H](CCCC)NC(=O)[C@H](CCCCN)NC(=O)[C@H](CCCNC(=N)N)NC(=O)[C@H](CC(C)C)NC1=O,340.0,2.531478917042255,CHEMBL3430909,Transcriptional coactivator YAP1/Transcriptional enhancer factor TEF-1,1,Large-Polar-Aliphatic-Flexible-Hydrophilic
10.926045769951225,10.926045769951225,0.6969812231497556,-0.6969812231497559,0.2529988463745697,13.333333333333334,448.79200000000026,420.5680000000002,448.047504136,142,0,0.1333001396872379,-0.6165537222002796,0.6165537222002796,0.1333001396872379,0.7916666666666666,1.1666666666666667,1.5,32.229287961073176,10.33305570153736,2.019000011270165,-2.091859804300595,2.0913065149235437,-2.2182498323043993,8.25143588399049,0.5947749115390716,2.499458130659408,3.375110422577716,313.22635610417433,18.208896013370172,14.337054135576382,19.236033621142735,11.413591357920934,7.828133814754586,14.07018788189066,5.094239488537914,11.747184559680996,2.8054647929738588,7.416394378921574,1.612342062451669,4.983472796761731,1.0999999999999996,109441.27370905284,25.1,17.510656172982394,19.42506327370397,171.73578545850737,19.73907695539339,20.14677538461152,0.0,0.0,0.0,0.0,0.0,0.0,0.0,0.0,70.3112257316462,25.68328649170404,24.595220025318728,12.511538367022808,9.105499747380728,78.95229390276414,0.0,10.633577208012662,0.0,25.68328649170404,48.61246560583512,0.0,0.0,0.0,10.633577208012662,0.0,0.0,47.95951678487562,66.35903352433378,22.351708946770575,0.0,25.68328649170404,0.0,0.0,0.0,0.0,70.17999999999999,22.351708946770575,9.105499747380728,0.0,0.0,0.0,70.42528190163428,0.0,36.03530826580504,0.0,10.633577208012662,24.43574688609339,23.490359280430916,12.405457236997544,0.0,6.429506911631245,0.0,3.371200746031602,0.0,7.389403692969498,1.691849909716973,0.0,0.8571428571428571,24,2,4,0,0,0,0,0,0,0,2,0,6,2,10,0,13,0,0,0,0,2,18.313227914244088,0,2.5192000000000005,122.45220000000003,0,0,0,0,0,0,0,0,0,0,0,0,2,0,0,0,2,0,0,0,0,0,0,0,0,0,0,0,0,0,0,0,0,0,0,0,0,0,0,0,0,0,0,0,0,0,0,0,0,0,0,0,0,0,0,0,0,0,0,0,0,0,0,0,0,0,0,0,0,0,0,0,0,0,0,2,0,0,0,0,0,0,0,2,0,CHEMBL4458900,C[S+]([O-])CCCCNC(=S)SCCSC(=S)NCCCC[S+](C)[O-],50118.72,4.699999970860911,CHEMBL612545,Unchecked,0,Large-Polar-Aliphatic-Flexible-Hydrophilic
14.273663594538917,14.273663594538917,0.2043297944924362,-1.2760398916074491,0.1148155646413218,27.625,778.9999999999993,716.5039999999999,778.4853797040001,308,0,0.2459060810221354,-0.3701604379834824,0.3701604379834824,0.2459060810221354,0.75,1.375,2.017857142857143,16.175844739850813,9.750752385094138,2.492851105974385,-2.427048526514594,2.335804869395209,-2.672204515701101,5.988696905705081,-0.146134283501519,3.866903119679218,1.369797387908886,1554.752577470353,40.080564254627326,32.62136256897609,32.62136256897609,26.985708666966936,20.683238196320016,20.683238196320016,15.871368344341755,15.871368344341755,11.744874568769966,11.744874568769966,8.333273999457573,8.333273999457573,-4.7299999999999995,1740599640820.8535,42.41330921293691,20.438648993144454,11.193748370026722,329.4193536468644,47.851097436056975,29.70628856897519,5.959554568743835,35.443078376109035,0.0,0.0,34.17650671022245,0.0,0.0,0.0,62.435943456938105,76.19248934388312,32.59984724657631,6.041840829147961,28.76722310443093,41.40263294485287,5.409283605791522,36.38376248173261,11.46733495432437,144.90209698786535,26.1790256236503,35.89528683400505,0.0,0.0,38.051277974356026,0.0,0.0,0.0,113.12960742832728,35.18804472735694,5.409283605791522,108.2965974585132,30.33183534230805,0.0,0.0,0.0,244.94,53.46966858617766,28.76722310443093,0.0,36.52273700265037,83.96642022998441,44.08838122925306,4.899909730850477,4.899909730850477,30.33183534230805,26.583943020031658,16.876618560115894,0.0,0.0,86.48066524850498,22.07267452802645,11.381247386930076,-2.5194565950415733,5.177123584556343,10.154426769055142,1.5033190779685754,0.0,0.675,56,10,16,1,3,4,6,1,0,1,5,0,8,8,16,3,6,1,3,4,1,0,15.479834636444952,5,0.6706700000000101,210.6569999999994,0,0,0,0,0,0,0,0,0,0,6,6,0,0,0,2,6,2,0,0,0,0,0,0,0,0,0,6,0,0,0,0,0,0,1,0,2,0,0,0,0,0,0,1,0,0,0,0,0,0,0,0,0,0,0,0,0,0,0,0,0,0,0,0,0,0,0,0,0,0,0,0,0,0,0,0,0,0,0,0,0,0,0,0,0,CHEMBL2314569,N=C(N)NCCC[C@@H]1NC(=O)C2(CCC2)NC(=O)[C@@H]2CCCN2C(=O)[C@H](Cc2ccccc2)NC(=O)[C@@H](N)CCCCCCCCNC(=O)[C@@H]2CCCN2C1=O,102.0,2.0086001717619175,CHEMBL1615381,Menin,4,Large-Polar-Aliphatic-Flexible-Hydrophilic
15.591048156886286,15.591048156886286,0.0001861163831653,-1.827707997564871,0.0132761447360075,24.49264705882353,1969.48,1823.319999999999,1968.0147516599989,760,0,0.3029356715703366,-0.4812292624533588,0.4812292624533588,0.3029356715703366,0.5441176470588235,1.0735294117647058,1.661764705882353,33.11461845149194,9.997736076116032,2.4745110221339304,-2.3337129494065887,2.3005639485035982,-2.6112933165302064,8.762961204344737,-0.1479291150884819,1.643534272960613,1.48086340501709,4276.680090084226,100.5787418599798,79.44953233004641,81.8990220728296,64.62186324041201,47.14171831595521,51.02359903778514,36.27845185850281,39.89125012511763,24.15673670099087,27.24738723286423,16.89502935795973,19.6223801212193,-10.649999999999997,7.991744227147484e+41,114.07588494374052,58.169027613881745,36.360678308313055,805.9014414530802,127.18240407782072,102.7112940955153,5.959554568743835,106.32923512832714,0.0,5.969305287951848,96.50549010315618,0.0,11.761884949391115,0.0,93.46205449322522,190.1762965134014,63.994869688599096,6.606881964512918,101.30926128704608,151.6077758871874,5.409283605791522,94.03467937949056,40.68838804713292,305.7800890203385,75.93450680965272,35.89528683400505,0.0,0.0,97.3697103647374,0.0,0.0,33.34968090216456,326.7165896032742,97.51702812029066,23.163001744275704,202.2114247935943,30.33183534230805,0.0,0.0,0.0,674.0999999999999,239.74994627472375,67.74750099854327,33.561760288502754,184.226687783108,37.667559606327046,21.587795952773444,45.20899827217426,78.13002772396318,0.0,74.43504045608864,28.343953514440265,0.0,1.3322939916693723,279.8268785823381,65.97512568845468,23.610175442985728,-17.788150739685705,-15.526831666015989,3.1222708063211355,12.645824624342792,1.9690799362565996,0.7078651685393258,136,25,44,0,5,5,18,1,0,1,17,0,26,21,47,5,39,0,5,5,0,0,48.79178898066499,6,-3.3146299999999647,509.9247000000012,1,1,1,0,0,0,0,0,1,1,19,18,0,0,0,4,15,4,0,0,3,0,0,0,0,0,0,18,0,0,0,0,0,0,1,0,1,0,0,0,0,0,0,1,0,0,0,0,0,0,0,0,0,0,0,0,0,0,0,0,0,0,0,0,0,0,0,0,0,0,0,1,0,0,0,1,0,0,0,0,0,0,0,2,0,CHEMBL3335450,CSCC[C@H](NC(=O)[C@@H]1CCCN1C(=O)[C@@H](NC(C)=O)C(C)C)C(=O)N[C@H]1CCSSC[C@@H](C(=O)N[C@@H](CCCCN)C(=O)N2CCC[C@H]2C(=O)N2CCC[C@H]2C(=O)N[C@@H](CCC(=O)O)C(N)=O)NC(=O)[C@H](Cc2ccccc2)NC(=O)[C@H](CO)NC(=O)[C@H](C)NC(=O)[C@@H]2CCCN2C(=O)[C@H](CC(C)C)NC(=O)[C@H](CCCCN)NC(=O)[C@H](CCCNC(=N)N)NC(=O)[C@H](CC(C)C)NC1=O,1500.0,3.1760912590556813,CHEMBL3430909,Transcriptional coactivator YAP1/Transcriptional enhancer factor TEF-1,1,Large-Polar-Aliphatic-Flexible-Hydrophilic
15.586568363591558,15.586568363591558,0.0126413222555727,-1.8879148527885157,0.0134476180069777,24.364963503649633,1987.4700000000016,1842.317999999999,1986.0053298479988,766,0,0.3029356715703366,-0.4812292624533588,0.4812292624533588,0.3029356715703366,0.5693430656934306,1.1094890510948905,1.7007299270072993,33.11461862675991,10.004711063263644,2.4740659777425527,-2.3337127609708537,2.300527467593748,-2.6109839986409464,8.762961814009138,-0.1479291203375767,1.672602847965458,1.4877883737225166,4320.38160558545,101.28584864116635,79.58700982704947,82.03649956983267,65.15986804287279,47.385542107326245,51.26742282915618,35.93199889422443,39.54479716083923,24.36641519233854,27.45706572421193,16.874170322314043,19.601521085573605,-10.720000000000002,9.17303077063502e+41,115.00081722140712,58.88225704979944,36.859085401685306,810.0669768560065,127.18240407782072,108.5285149365612,5.959554568743835,106.32923512832714,0.0,5.969305287951848,96.50549010315618,4.39041504767482,11.761884949391115,0.0,81.18085933400181,196.3911246041632,63.99486968859909,6.606881964512918,105.69967633472088,151.60777588718736,5.409283605791522,94.03467937949056,34.770482000971526,311.69799506649997,75.93450680965272,35.646140606589334,0.0,0.0,97.3697103647374,4.39041504767482,0.0,33.34968090216456,326.71658960327426,97.51702812029066,23.062316539160204,208.12933083975565,24.26546827384644,0.0,0.0,0.0,674.1,263.8238008310185,72.1379160462181,33.561760288502754,172.03642113632085,38.524929737556064,33.720530089696666,57.34173240909748,33.9507179822739,6.923737199690624,74.43504045608864,28.343953514440265,14.696366160393657,1.3209932243937197,279.6480985387988,65.62383494777744,23.352399464411704,-18.786831254283555,-19.51846836494677,3.581734086433601,10.68529414165148,1.896579055369919,0.7078651685393258,137,25,44,0,5,5,18,1,0,1,17,0,26,21,48,5,40,0,5,5,0,0,49.42706336180946,6,-3.0314299999999648,509.95270000000136,1,1,1,0,0,0,0,0,1,1,19,18,0,0,0,4,15,4,0,0,3,0,0,0,0,0,0,18,0,0,0,0,0,0,1,0,1,0,0,0,0,0,0,1,1,0,0,0,0,0,0,0,0,0,0,0,0,0,0,0,0,0,0,0,0,0,0,0,0,0,0,1,0,0,0,1,0,0,0,0,0,0,0,3,0,CHEMBL3335463,CCCC[C@@H]1NC(=O)[C@H](CCCCN)NC(=O)[C@H](CCCNC(=N)N)NC(=O)[C@H](CC(C)C)NC(=O)[C@@H](NC(=O)[C@H](CCSC)NC(=O)[C@@H]2CCCN2C(=O)[C@@H](NC(C)=O)C(C)C)CCSSC[C@@H](C(=O)N[C@@H](CCCCN)C(=O)N2CCC[C@H]2C(=O)N2CCC[C@H]2C(=O)N[C@@H](CCC(=O)O)C(N)=O)NC(=O)[C@H](Cc2ccc(F)cc2)NC(=O)[C@H](CO)NC(=O)[C@H](C)NC(=O)[C@@H]2CCCN2C1=O,75.0,1.8750612633917,CHEMBL3430909,Transcriptional coactivator YAP1/Transcriptional enhancer factor TEF-1,1,Large-Polar-Aliphatic-Flexible-Hydrophilic
