MaxAbsEStateIndex,MaxEStateIndex,MinAbsEStateIndex,MinEStateIndex,qed,SPS,MolWt,HeavyAtomMolWt,ExactMolWt,NumValenceElectrons,NumRadicalElectrons,MaxPartialCharge,MinPartialCharge,MaxAbsPartialCharge,MinAbsPartialCharge,FpDensityMorgan1,FpDensityMorgan2,FpDensityMorgan3,BCUT2D_MWHI,BCUT2D_MWLOW,BCUT2D_CHGHI,BCUT2D_CHGLO,BCUT2D_LOGPHI,BCUT2D_LOGPLOW,BCUT2D_MRHI,BCUT2D_MRLOW,AvgIpc,BalabanJ,BertzCT,Chi0,Chi0n,Chi0v,Chi1,Chi1n,Chi1v,Chi2n,Chi2v,Chi3n,Chi3v,Chi4n,Chi4v,HallKierAlpha,Ipc,Kappa1,Kappa2,Kappa3,LabuteASA,PEOE_VSA1,PEOE_VSA10,PEOE_VSA11,PEOE_VSA12,PEOE_VSA13,PEOE_VSA14,PEOE_VSA2,PEOE_VSA3,PEOE_VSA4,PEOE_VSA5,PEOE_VSA6,PEOE_VSA7,PEOE_VSA8,PEOE_VSA9,SMR_VSA1,SMR_VSA10,SMR_VSA2,SMR_VSA3,SMR_VSA4,SMR_VSA5,SMR_VSA6,SMR_VSA7,SMR_VSA8,SMR_VSA9,SlogP_VSA1,SlogP_VSA10,SlogP_VSA11,SlogP_VSA12,SlogP_VSA2,SlogP_VSA3,SlogP_VSA4,SlogP_VSA5,SlogP_VSA6,SlogP_VSA7,SlogP_VSA8,SlogP_VSA9,TPSA,EState_VSA1,EState_VSA10,EState_VSA11,EState_VSA2,EState_VSA3,EState_VSA4,EState_VSA5,EState_VSA6,EState_VSA7,EState_VSA8,EState_VSA9,VSA_EState1,VSA_EState10,VSA_EState2,VSA_EState3,VSA_EState4,VSA_EState5,VSA_EState6,VSA_EState7,VSA_EState8,VSA_EState9,FractionCSP3,HeavyAtomCount,NHOHCount,NOCount,NumAliphaticCarbocycles,NumAliphaticHeterocycles,NumAliphaticRings,NumAmideBonds,NumAromaticCarbocycles,NumAromaticHeterocycles,NumAromaticRings,NumAtomStereoCenters,NumBridgeheadAtoms,NumHAcceptors,NumHDonors,NumHeteroatoms,NumHeterocycles,NumRotatableBonds,NumSaturatedCarbocycles,NumSaturatedHeterocycles,NumSaturatedRings,NumSpiroAtoms,NumUnspecifiedAtomStereoCenters,Phi,RingCount,MolLogP,MolMR,fr_Al_COO,fr_Al_OH,fr_Al_OH_noTert,fr_ArN,fr_Ar_COO,fr_Ar_N,fr_Ar_NH,fr_Ar_OH,fr_COO,fr_COO2,fr_C_O,fr_C_O_noCOO,fr_C_S,fr_HOCCN,fr_Imine,fr_NH0,fr_NH1,fr_NH2,fr_N_O,fr_Ndealkylation1,fr_Ndealkylation2,fr_Nhpyrrole,fr_SH,fr_aldehyde,fr_alkyl_carbamate,fr_alkyl_halide,fr_allylic_oxid,fr_amide,fr_amidine,fr_aniline,fr_aryl_methyl,fr_azide,fr_azo,fr_barbitur,fr_benzene,fr_benzodiazepine,fr_bicyclic,fr_diazo,fr_dihydropyridine,fr_epoxide,fr_ester,fr_ether,fr_furan,fr_guanido,fr_halogen,fr_hdrzine,fr_hdrzone,fr_imidazole,fr_imide,fr_isocyan,fr_isothiocyan,fr_ketone,fr_ketone_Topliss,fr_lactam,fr_lactone,fr_methoxy,fr_morpholine,fr_nitrile,fr_nitro,fr_nitro_arom,fr_nitro_arom_nonortho,fr_nitroso,fr_oxazole,fr_oxime,fr_para_hydroxylation,fr_phenol,fr_phenol_noOrthoHbond,fr_phos_acid,fr_phos_ester,fr_piperdine,fr_piperzine,fr_priamide,fr_prisulfonamd,fr_pyridine,fr_quatN,fr_sulfide,fr_sulfonamd,fr_sulfone,fr_term_acetylene,fr_tetrazole,fr_thiazole,fr_thiocyan,fr_thiophene,fr_unbrch_alkane,fr_urea,chembl_id,smiles,ic50_value,log_ic50,target_chembl_id,target_name,KMeansCluster,ChemicalClass
10.999023246274328,10.999023246274328,0.0031193310657595,-0.6030120937263792,0.4260431072247839,10.6,271.236,262.164,271.070539148,100,0,0.3230581266653837,-0.3930284399602634,0.3930284399602634,0.3230581266653837,1.2,1.9,2.6,16.629688279213322,10.161848537905216,2.236702330507496,-2.0694923846024538,2.353888387639244,-1.9952169485205664,5.993999608870657,-0.381840592901265,2.8818236325425413,2.155882645440969,784.3920601913029,14.11251969619286,10.107837542218846,10.107837542218846,9.66470379794645,5.677826142897558,5.677826142897558,4.071533929200952,4.071533929200952,2.776597148781029,2.776597148781029,1.913740829545061,1.913740829545061,-3.16,57325.23569853623,11.903937685098784,4.500746135552912,1.884289546169502,111.84922829792524,11.050456081168516,5.687386274683562,5.516700717616262,5.516700717616262,0.0,5.687386274683562,10.114318268765572,4.629038936893349,0.0,0.0,18.19910120538483,28.51242771963572,5.687386274683562,10.610697323501231,9.55234998571102,33.78294653396677,0.0,10.31332651425089,0.0,0.0,11.050456081168516,46.512520679535236,0.0,0.0,11.050456081168516,22.74954509873425,0.0,0.0,15.236637563068562,0.0,10.114318268765572,0.0,41.027241347663015,0.0,11.033401435232523,0.0,120.11,4.923311048817671,10.114318268765572,0.0,22.40817398459965,5.687386274683562,5.687386274683562,6.06636706846161,0.0,30.33183534230805,20.25915405515057,5.733667477162185,4.589118008314436,0.0,10.396011152547947,21.319536442293476,6.974268497522466,0.0,10.721065899321673,0.0,0.0,0.0,0.0,20,3,8,0,0,0,0,2,1,3,0,0,7,2,8,1,3,0,0,0,0,0,2.6788300767035516,3,2.4568000000000003,72.5955,0,0,0,1,0,2,0,0,0,0,0,0,0,0,0,3,1,1,0,0,0,0,0,0,0,0,0,0,0,3,0,0,0,0,2,0,1,0,0,0,0,0,0,0,0,0,0,0,0,0,0,0,0,0,0,0,0,0,1,1,0,0,0,0,1,0,0,0,0,0,0,0,0,0,0,0,0,0,0,0,0,0,0,0,0,CHEMBL1517539,Nc1cc(Nc2ccccc2)c2nonc2c1[N+](=O)[O-],69000.0,4.838849090737256,CHEMBL4106125,BCoR-BCL6,0,Medium-Polar-Aromatic-Rigid-Hydrophilic
12.056664383345932,12.056664383345932,0.1216373771730918,-0.3995437032837825,0.5717263168596333,10.958333333333334,360.46400000000006,344.3360000000001,360.07146775200005,124,0,0.2739669716370713,-0.3466001960843769,0.3466001960843769,0.2739669716370713,1.3333333333333333,2.125,2.8333333333333335,32.16659456810209,10.212457873144793,2.1580592542084545,-2.055444106471054,2.3370752389852174,-2.3249753504753663,7.99668312279884,-0.1171508648240061,3.094575452071587,1.6884001604051604,929.4502200077598,17.26722023457211,13.491141806300378,15.12413496815583,11.469234250586764,7.260821710600603,9.062916851181816,5.312531476215895,7.47977498846722,3.6998973882528943,5.8046490675874916,2.3171881384498376,4.234409455194903,-2.19,344463.3827209925,16.66023163039469,6.739582357082535,3.1987830375659896,146.85462209265086,4.567099647791355,21.87760446790281,0.0,5.907179729351506,5.907179729351506,0.0,14.905862972149976,9.967957041894415,0.0,11.336785877934735,11.761884949391115,31.54366002800146,23.50788696245636,5.752853606746789,9.589074368143644,45.12965092011422,0.0,19.8518452936921,7.04767198267719,18.87343437805049,5.752853606746789,40.79142446354759,0.0,0.0,5.316788604006331,0.0,0.0,23.09867082732585,32.102269755135566,11.842209166749011,13.847474399381248,20.92906386431858,29.682857761970077,0.0,10.216620634085364,0.0,76.88,5.907179729351506,9.589074368143644,0.0,11.660033336098294,5.693927994848461,20.8060321044516,22.96635221785696,41.281135216939575,13.847474399381248,15.284745645900744,0.0,1.6678673801680657,2.9292579131693484,34.763339097487275,4.160102801923239,1.583773380232616,-0.6227518476526404,3.425250421092322,3.264399974240793,4.071377838414725,1.7573830409242566,0.25,24,1,6,0,0,0,2,0,3,3,0,0,7,1,8,3,4,0,0,0,0,0,4.678458465046519,3,2.6953400000000007,95.49920000000004,0,0,0,0,0,3,0,0,0,0,2,2,0,0,0,3,1,0,0,0,0,0,0,0,0,0,0,2,0,0,3,0,0,0,0,0,1,0,0,0,0,0,0,0,0,0,0,0,1,0,0,0,0,0,0,0,0,0,0,0,0,0,0,0,0,0,0,0,0,0,0,0,0,0,0,1,0,0,0,0,0,0,1,0,0,CHEMBL1304667,Cc1sc2ncnc(SCC(=O)NC(=O)c3cccn3C)c2c1C,3968.0,3.598571663482141,CHEMBL4374,Photoreceptor-specific nuclear receptor,0,Medium-Polar-Aromatic-Rigid-Hydrophilic
12.83494354686319,12.83494354686319,0.0640089863105743,-3.5708678193499614,0.8846867139288662,18.708333333333332,349.45600000000013,326.2720000000001,349.14601259600005,130,0,0.2406448162201811,-0.3607842423470584,0.3607842423470584,0.2406448162201811,1.2916666666666667,2.0833333333333335,2.7083333333333335,32.23327234402681,10.028940853193074,2.240021727468577,-2.237557891046483,2.2972715581766834,-2.4514203070468583,7.891903981199461,0.3933763255114411,2.8730400094483124,1.9633040688424268,817.2608157081334,17.319626477379405,14.218034958860104,15.034531539787832,11.381847280265069,8.152199121035835,9.635362368630226,6.344010787573219,8.026413028982736,4.418400858704862,6.08089177680354,3.175543183084408,4.716565074898029,-1.6999999999999995,287143.11070430215,17.133714372809024,6.661291350772946,3.37977955472916,142.22803689762844,9.83988354097968,5.7602474188744415,0.0,10.023291153407584,0.0,0.0,0.0,13.139891848781026,0.0,0.0,17.289397394048667,57.350881302692066,18.150048726757532,10.589411470366237,12.940891921302285,10.023291153407584,0.0,15.195546725583863,0.0,44.550179149589624,13.08951281182515,35.21672811080473,0.0,11.126902983393991,10.03888346845842,0.0,0.0,0.0,32.70581388242749,10.023291153407584,20.771211599071872,29.85927015127192,27.61767961787595,0.0,11.126902983393991,0.0,84.23,10.023291153407584,8.417796984328938,0.0,6.041840829147961,17.200487300304793,41.77068212170404,0.0,6.06636706846161,32.903945735995094,15.195546725583863,4.523094936973348,33.698194853954234,0.0,0.3107161753590324,7.176650284539894,3.134904406143134,0.684389556684831,5.378851069748887,1.8334543649492243,7.103707107970726,-3.5708678193499614,0.4705882352941176,24,2,6,0,1,1,0,1,1,2,1,0,5,2,7,2,4,0,1,1,0,1,4.755527639925286,3,2.29716,92.36320000000003,0,0,0,0,0,1,0,0,0,0,0,0,0,0,0,1,2,0,0,0,0,0,0,0,0,0,0,0,0,0,3,0,0,0,1,0,0,0,0,0,0,0,0,0,0,0,0,0,0,0,0,0,0,0,0,0,0,0,0,0,0,0,0,0,0,0,0,0,0,1,0,0,0,0,0,0,1,0,0,0,0,0,0,0,0,CHEMBL2181713,Cc1ccc(-c2c(C)noc2C)cc1S(=O)(=O)NC1CCCNC1,8400.0,3.9242792860618816,CHEMBL1795186,Bromodomain-containing protein 3,0,Medium-Polar-Aromatic-Rigid-Hydrophilic
11.88429051561447,11.88429051561447,0.055353127362056,-0.4295318405139834,0.7254795097889974,10.363636363636363,312.35400000000004,300.258,312.06809662399996,110,0,0.3191156816496504,-0.330405845511634,0.330405845511634,0.3191156816496504,1.0909090909090908,1.9090909090909092,2.727272727272727,32.13710255270381,10.131381722884106,2.081253887211047,-2.067610071259206,2.193689830003036,-2.328171238715301,7.124934921765489,0.0992940705036381,3.008614648240937,1.5683205123056227,816.5352158557516,15.363596551749426,11.445080997095062,12.261577578022788,10.720346690612276,6.574377674702922,7.347774336836896,4.55231990887928,5.338019816527328,3.0106776939383693,3.697662711693431,1.917947599552747,2.516770232868663,-2.7999999999999994,176136.33596661742,14.150516197935207,6.314843310189529,3.2619146722164407,129.87695955744428,10.633577208012662,5.516700717616262,5.783244946364939,0.0,0.0,6.031114512338072,4.794537184071822,4.794537184071822,0.0,5.098681808301038,34.82007861107833,29.731587816951503,11.250837766380558,11.244676322381675,9.589074368143644,39.25085297903861,0.0,14.903713681077647,0.0,0.0,11.861545009918906,54.09438803938988,0.0,0.0,10.633577208012662,10.481923458755384,0.0,11.532486611566677,27.946040941686903,0.0,0.0,10.357988675768818,48.53093654769288,0.0,10.216620634085364,0.0,83.98,6.031114512338072,9.589074368143644,0.0,12.328001352277514,11.250837766380558,10.216620634085364,11.532486611566677,42.46456947923127,6.06636706846161,20.22050228508398,0.0,4.72053408929016,1.2571624984090988,23.70457144280016,9.15097591391308,1.984608828963954,-0.1408713886789281,13.711705075997866,0.0,-0.055353127362056,0.0,0.0666666666666666,22,2,6,0,0,0,2,2,1,3,0,0,5,2,7,1,4,0,0,0,0,0,4.0617405703754415,3,2.6957000000000004,85.20890000000003,0,0,0,0,0,2,0,0,0,0,2,2,0,0,0,2,2,0,0,0,0,0,0,0,0,0,0,2,0,1,0,0,0,0,2,0,1,0,0,0,0,0,0,0,0,0,0,0,0,0,0,1,1,0,0,0,0,0,0,0,0,0,0,0,0,0,0,0,0,0,0,0,0,0,0,0,0,0,0,0,0,0,0,0,1,CHEMBL2325183,O=C(NCC(=O)c1ccccc1)Nc1ccc2nnsc2c1,480.0,2.681241237375587,CHEMBL5891,Protein arginine N-methyltransferase 3,0,Medium-Polar-Aromatic-Rigid-Hydrophilic
12.044466647770218,12.044466647770218,0.0038454270597132,-0.7386471193415638,0.5910546660911952,10.8,270.24,260.15999999999997,270.05282342000004,100,0,0.2008496269665593,-0.5040678974331602,0.5040678974331602,0.2008496269665593,0.9,1.6,2.3,16.3478667100024,10.104929027277066,2.1655251948386995,-2.0638440961913096,2.398784507060472,-2.0043048326904365,5.887403910986369,0.3697401774366581,2.4486928160349595,2.3623328534654777,849.5071386809373,14.27565640300939,10.199589251754984,10.199589251754984,9.575387400469408,5.848576969847944,5.848576969847944,4.306968927874543,4.306968927874543,3.0047479034547395,3.0047479034547395,2.023564397182172,2.023564397182172,-2.95,42910.89290819663,12.102762105524212,4.307802293511395,1.763042678412738,112.51920203793703,19.736733121575465,16.72949177498148,16.92781405846835,5.749511833283905,0.0,0.0,4.794537184071822,0.0,0.0,0.0,30.33183534230805,0.0,17.696185628620217,0.0,19.736733121575465,10.969244356107035,0.0,0.0,0.0,0.0,0.0,52.68789705520363,0.0,28.57223441042315,5.428790391900541,0.0,17.248535499851716,0.0,15.319582184522115,0.0,0.0,0.0,51.67625760035644,0.0,22.29294326667848,0.0,90.9,22.677325891752258,20.11411936859394,0.0,10.969244356107035,11.323698910571435,6.06636706846161,6.06636706846161,24.26546827384644,6.06636706846161,0.0,4.417150937053347,5.514212962962962,0.0,12.044466647770218,28.457649687974367,0.1950099206349211,-1.6652090157050468,11.287203129695913,0.0,0.0,0.0,0.0,20,3,5,0,0,0,0,2,1,3,0,0,5,3,5,1,1,0,0,0,0,0,2.6068153178,3,2.576800000000001,72.9144,0,0,0,0,0,0,0,3,0,0,0,0,0,0,0,0,0,0,0,0,0,0,0,0,0,0,0,0,0,0,0,0,0,0,2,0,1,0,0,0,0,0,0,0,0,0,0,0,0,0,0,0,0,0,0,0,0,0,0,0,0,0,0,0,0,3,3,0,0,0,0,0,0,0,0,0,0,0,0,0,0,0,0,0,0,CHEMBL8260,O=c1cc(-c2ccccc2)oc2cc(O)c(O)c(O)c12,15.0,1.1760912590556811,CHEMBL2741,Arachidonate 12-lipoxygenase,0,Medium-Polar-Aromatic-Rigid-Hydrophilic
12.510142090786932,12.510142090786932,0.0338427513233268,-3.7242885301333266,0.7348024875080539,11.692307692307692,372.44600000000014,352.2860000000001,372.1143781199999,136,0,0.2870853278369991,-0.4506031059603806,0.4506031059603806,0.2870853278369991,1.1153846153846154,1.7692307692307692,2.3846153846153846,32.233116528576176,10.04052624811105,2.186600752976949,-2.050922728088291,2.289104824794422,-2.226483082101002,7.887600182119134,0.0924158990591857,2.886917640202138,1.7944213414095125,1096.7647021585117,19.06011345338556,14.789800117833249,15.606296698760971,12.16372236358634,8.068706699268294,9.615026177189856,6.382779115325217,7.944202172792803,4.282474577800347,5.211705811211916,3.065950460897254,3.5813902868711094,-2.6399999999999992,579635.3237997852,18.160087571774024,6.585126412849494,3.491285404342112,151.60125256643568,9.733939541059678,5.583020141642242,5.7602474188744415,10.023291153407584,5.907179729351506,0.0,4.794537184071822,13.556770721936878,0.0,0.0,18.19910120538483,55.66066727954769,17.494432112074367,4.895483475517775,17.629485105454105,26.89971523886613,0.0,5.316788604006331,5.138973737607942,32.21145148050222,0.0,64.41225579643209,0.0,0.0,10.455762341614273,0.0,0.0,0.0,14.324976713680442,16.56804755932016,20.771211599071872,32.80859056973425,45.710836823340784,0.0,10.969244356107035,0.0,102.4,10.023291153407584,13.212334168400758,0.0,23.107667029656294,5.583020141642242,27.640030181252776,12.13273413692322,12.13273413692322,26.83757866753348,11.38315567246794,9.55612467466129,28.296696754300815,0.0,12.54398484211026,8.8240431698499,4.401207579740194,-0.0267295367220958,10.014413453315974,0.0,6.08733893420495,-3.7242885301333266,0.2105263157894736,26,3,6,0,0,0,1,2,1,3,0,0,4,2,7,1,4,0,0,0,0,0,4.599479704944191,3,2.935460000000001,99.41040000000002,0,0,0,0,0,0,0,0,0,0,1,1,0,0,0,0,1,1,0,0,0,0,0,0,0,0,0,1,0,0,3,0,0,0,2,0,1,0,0,0,0,0,1,0,0,0,0,0,0,0,0,0,0,0,0,0,0,0,0,0,0,0,0,0,0,0,0,0,0,0,0,0,0,0,0,0,1,0,0,0,0,0,0,0,0,CHEMBL1542847,Cc1cc(C)c2c(C)c(C(=O)NCc3ccc(S(N)(=O)=O)cc3)oc2c1,3994.0,3.6014080605346837,CHEMBL2096976,Peroxisome proliferator-activated receptor gamma/Nuclear receptor corepressor 2,0,Medium-Polar-Aromatic-Rigid-Hydrophilic
12.22944192068854,12.22944192068854,0.041868123007261,-3.786346568405796,0.5889232050485854,10.892857142857142,398.4440000000002,380.30000000000024,398.104876056,144,0,0.3244521521382325,-0.4850170323722791,0.4850170323722791,0.3244521521382325,0.9642857142857144,1.6785714285714286,2.357142857142857,32.233116700266784,10.219756322906177,2.1088175693534255,-2.1206840805680947,2.22280177924172,-2.204650471926983,7.887610309147983,0.2612965396648571,2.6762631128854077,1.637801490797755,1054.8064410866702,19.984916895309063,14.70111532847096,15.517611909398688,13.414834803611855,8.242834850940227,9.789154328861793,5.772929470440058,7.334352527907643,3.68050688772508,4.609738121136651,2.334049532963383,2.849489358937237,-3.4299999999999993,1928793.530508965,19.334868055054866,8.50629246345514,5.286236403307169,161.97058202755923,10.05365155780638,6.606881964512918,11.567374611118932,10.023291153407584,0.0,6.031114512338072,5.316788604006331,23.335286426955907,0.0,0.0,30.33183534230805,41.96165390246666,11.884229846296638,4.895483475517775,17.949197122200808,27.559654718264245,0.0,4.983978520947208,5.138973737607942,11.502365440030694,10.633577208012662,78.49033281638779,0.0,5.749511833283905,20.509413899420657,16.299786236590414,5.749511833283905,0.0,19.432890017614216,16.630173117920503,0.0,5.563451491696996,77.82236480020858,0.0,0.0,0.0,123.41,16.054405665745655,13.212334168400758,0.0,10.713346253352803,18.043780072480384,5.563451491696996,30.462311845459517,12.13273413692322,30.33183534230805,15.61755572895987,9.87583669140799,28.27189061809468,0.0,16.313771758704277,10.24764977277698,1.378968000286058,0.683484602518694,17.94241758738813,1.5336234250357628,0.3312074702678889,-3.786346568405796,0.0526315789473684,28,4,8,0,0,0,2,2,1,3,0,0,5,3,9,1,6,0,0,0,0,0,5.873858657807596,3,2.952000000000001,105.4676,0,0,0,0,0,1,0,0,0,0,1,1,0,0,0,1,2,1,0,0,0,0,0,0,0,0,0,2,0,2,0,0,0,0,2,0,0,0,0,0,0,1,0,0,0,0,0,0,0,0,0,0,0,0,0,0,0,0,0,0,0,0,0,0,0,0,0,0,0,0,0,0,0,1,0,0,1,0,0,0,0,0,0,0,1,CHEMBL373254,NS(=O)(=O)c1ccc(NC(=O)Nc2ncccc2OCc2ccccc2)cc1,60.0,1.7781512503836436,CHEMBL1949,Cyclophilin A,0,Medium-Polar-Aromatic-Rigid-Hydrophilic
12.235809607793737,12.235809607793737,0.1070936213991764,-0.7717822149435907,0.3320041376831457,11.115384615384617,368.7360000000001,359.6640000000001,368.031232448,128,0,0.349358102047423,-0.2935985108584641,0.349358102047423,0.2935985108584641,1.0769230769230769,1.8076923076923077,2.5,35.495691683383335,10.086578159011088,2.19177191953115,-2.17040754662828,2.2986627184219466,-2.2691883477708807,6.301423222527458,-0.3843197994012415,2.604232732521816,2.2014317983586817,1260.6429852400772,18.421920772951363,12.971400574881562,13.727329520900016,12.435560745775549,7.440771031086593,7.8187355040958195,5.564755039202796,6.001190819674781,3.9727426701395503,4.224718985479035,2.846760180579094,2.9727483382488367,-3.5199999999999996,880751.5101388782,15.975925021379158,5.780160444440337,2.5248463406989092,149.3544825223997,0.0,0.0,5.824404497999927,0.0,11.24665316973557,5.689743398203474,24.459933621575956,4.794537184071822,4.983978520947208,0.0,11.600939890232516,36.39820241076966,28.228977939812903,16.003463258130928,4.923311048817671,28.191251096997135,0.0,14.53505668968577,0.0,0.0,0.0,84.50597279159892,0.0,17.075242264380485,11.24901029325548,5.687386274683562,0.0,11.600939890232516,19.45836773850344,0.0,10.114318268765572,0.0,58.12001091583653,5.022633313741326,27.97816719646154,0.0,110.89,16.172321342073154,19.703392636909214,0.0,17.075242264380485,21.61294452050595,0.0,18.19910120538483,34.898934990099406,0.0,9.967957041894415,11.600939890232516,1.598572688334593,5.936823494021967,40.56752770069103,12.058463964787018,-0.1817062792195054,0.1550236205593349,12.476405921936676,0.0,0.0,0.0,0.0,26,1,8,0,2,2,0,2,0,2,0,0,6,1,9,2,2,0,0,0,0,0,3.5516696104584793,4,2.740400000000001,96.24710000000002,0,0,0,0,0,3,1,0,0,0,0,0,0,0,0,3,1,0,0,0,0,1,0,0,0,0,0,0,0,0,0,0,0,0,2,0,2,0,0,0,0,0,0,0,1,0,0,0,0,0,0,0,0,0,0,0,0,0,1,1,1,0,0,0,0,0,0,0,0,0,0,0,0,1,0,0,0,0,0,0,0,0,0,0,0,CHEMBL239274,O=c1nc2n(-c3ccc(Cl)cc3)c3ccc([N+](=O)[O-])cc3cc-2c(=O)[nH]1,49000.0,4.690196080028514,CHEMBL3471,Human immunodeficiency virus type 1 integrase,0,Medium-Polar-Aromatic-Rigid-Hydrophilic
12.836833629316946,12.836833629316946,0.0819249968505921,-0.2414236711927906,0.578651160438384,11.333333333333334,380.47300000000007,360.31300000000016,380.13069688,138,0,0.2912985481109841,-0.3541574737433988,0.3541574737433988,0.2912985481109841,1.2592592592592593,2.037037037037037,2.814814814814815,32.133532334623716,10.14765419121805,2.1644292199347106,-2.0724486073703736,2.3206151086854185,-2.3443785769159606,7.195742376736814,-0.121392004922441,3.1543648560699045,1.5170761587649095,1187.6088098907817,18.965890847321383,15.22915788577849,16.045654466706218,13.041713895658198,8.79632640352884,9.612822984456564,6.585636308469795,7.841959295024965,4.667450792163583,5.740452768951972,3.327618684915341,4.379910846088152,-2.9299999999999993,2041807.7538746248,17.482147002483266,6.998638732978455,3.2577334979216057,159.5916016540209,9.883888251797686,12.061457123528836,0.0,5.907179729351506,5.559266895052007,0.0,9.589074368143644,4.681802935145184,5.098681808301038,11.336785877934735,30.33183534230805,24.97437738277524,23.85579979675586,16.41346420569844,4.794537184071822,38.36351117345266,0.0,19.66437299524391,7.04767198267719,19.88931522852921,6.544756405912575,63.389448746904854,0.0,0.0,10.87605549905834,0.0,0.0,11.336785877934735,26.79952052650166,24.807787195587597,6.923737199690624,10.440598685398296,47.38958316645456,0.0,21.119545566166423,0.0,68.92,0.0,9.589074368143644,0.0,18.01120303031609,12.061457123528836,27.587117963173164,9.558950128846485,17.53362944954781,48.87034417246721,16.481837480768977,0.0,4.187533506407895,1.6516573661116962,26.25790863990607,7.921036222401177,2.530320544572821,-0.2159752928949354,12.0271466970858,2.4381323954075507,2.491428520952157,1.8774780667164324,0.25,27,1,6,0,0,0,1,1,3,4,0,0,6,1,7,3,5,0,0,0,0,0,4.531527079526022,4,2.617020000000001,108.24970000000005,0,0,0,0,0,3,0,0,0,0,1,1,0,0,0,3,1,0,0,0,0,0,0,0,0,0,0,1,0,0,2,0,0,0,1,0,3,0,0,0,0,0,0,0,0,0,0,0,0,0,0,0,0,0,0,0,0,0,0,0,0,0,0,0,0,0,0,0,0,0,0,0,0,0,0,0,0,0,0,0,0,0,1,0,0,CHEMBL1488651,Cc1cc2c(s1)c1cnn(CC(=O)NCCc3ccccc3)c(=O)c1n2C,2520.0,3.401400540781544,CHEMBL4374,Photoreceptor-specific nuclear receptor,0,Medium-Polar-Aromatic-Rigid-Hydrophilic
11.205699342200615,11.205699342200615,0.1212654681043936,-1.0326226490494177,0.5976553575812332,10.714285714285714,303.70500000000004,293.625,303.04106886,106,0,0.335234875465791,-0.47763861159764,0.47763861159764,0.335234875465791,1.0952380952380951,1.8571428571428572,2.5714285714285716,35.49569167846919,10.1667075849924,2.075542731967526,-2.0871932138282343,2.27055983851915,-1.9880541711317707,6.3327179497672175,0.0696669850109647,2.7984856414380346,1.9381107940614128,897.8607784288705,14.98276318419594,10.605776264574668,11.361705210593122,10.024877143252588,6.046905068143627,6.424869541152855,4.4642651478770015,4.8714652746176075,3.011011429094472,3.3237204375827716,2.0153167838181982,2.2431049731730917,-2.7299999999999995,74985.42276233213,13.262204645280816,4.989334272573161,2.611250938878225,122.93431873642687,20.391273040741453,0.0,0.0,0.0,0.0,11.659048686155325,0.0,9.589074368143644,0.0,0.0,11.600939890232516,36.39820241076966,5.687386274683562,27.30687251535441,9.901064578912528,39.978419162784014,0.0,9.967957041894415,0.0,0.0,5.316788604006331,57.46856779848327,0.0,0.0,11.006532002209806,11.374772549367124,0.0,11.600939890232516,21.04378972468697,0.0,0.0,10.357988675768818,41.19273959484149,5.022633313741326,11.033401435232523,0.0,97.98,5.969305287951848,9.589074368143644,0.0,11.25319488990047,21.743421023657415,5.687386274683562,12.13273413692322,24.26546827384644,0.0,15.284745645900744,16.70746728507322,0.0,6.05589790494387,27.373052019391107,12.276552639974255,2.532162208071,-1.0326226490494177,9.73940232111363,0.0,0.0,0.0,0.0,21,4,6,0,0,0,0,2,1,3,0,0,3,4,7,1,3,0,0,0,0,0,3.1509320079323127,3,2.9514000000000005,80.6134,0,0,0,0,1,2,2,0,1,1,1,0,0,0,0,0,3,0,0,0,0,2,0,0,0,0,0,0,0,2,0,0,0,0,2,0,1,0,0,0,0,0,0,0,1,0,0,1,0,0,0,0,0,0,0,0,0,0,0,0,0,0,0,0,0,0,0,0,0,0,0,0,0,0,0,0,0,0,0,0,0,0,0,0,0,CHEMBL4101332,O=C(O)c1ccc(Nc2ccc3[nH]c(=O)[nH]c3c2)c(Cl)c1,62000.0,4.7923916894982534,CHEMBL4106125,BCoR-BCL6,0,Medium-Polar-Aromatic-Rigid-Hydrophilic
11.197404713058573,11.197404713058573,0.0131259973125053,-0.4300551321351586,0.4740905629971986,15.115384615384617,377.83600000000024,357.6760000000001,377.13670056000007,138,0,0.2711601447728971,-0.3932122559440567,0.3932122559440567,0.2711601447728971,1.2692307692307692,1.9615384615384617,2.6153846153846154,35.4956970442545,10.15950222540648,2.2053758054860064,-2.3469882551801153,2.3477899851265653,-2.4422983341754554,6.31972194677626,-0.3843721363397264,2.5972695497100298,2.0042724597180466,837.5882385185008,18.844570503761737,14.56835723294144,15.324286178959897,12.346244348298503,8.134605060549308,8.512569533558533,6.197798140515672,6.555811227965989,4.298931327727934,4.587046816571089,2.8306793367799985,3.0424944814163526,-2.6500000000000004,633318.2070012937,18.150392143132244,7.302844846588497,3.7821064625934007,155.47727699071342,20.850275542869472,11.51179077268349,10.97097259472782,0.0,5.687386274683562,0.0,10.114318268765572,9.967957041894415,0.0,0.0,11.600939890232516,20.037776250829424,38.31175976057352,16.298083598184796,4.923311048817671,40.168347766801794,0.0,14.867866772744891,0.0,6.923737199690624,49.17706341834648,39.29093378904312,0.0,0.0,15.950365812018994,28.567407876569273,0.0,11.600939890232516,53.01787542789005,0.0,17.038055468456196,5.824404497999927,18.19910120538483,5.153109816892792,0.0,0.0,113.45,4.923311048817671,10.114318268765572,0.0,16.527882366259917,17.32965355051852,31.866411898333865,12.13273413692322,12.990104268152232,0.0,32.13223709027889,17.3346073673947,0.0,6.031305923825164,23.462836737499135,14.448364015116812,7.575894844827024,0.7885681403466391,4.732606904901878,0.0,5.170045683911424,2.068155527349701,0.375,26,3,9,0,1,1,0,1,1,2,0,0,8,2,10,2,4,0,1,1,0,0,5.098057604847448,3,2.42422,102.28050000000002,0,0,0,1,0,2,0,0,0,0,0,0,0,0,0,5,1,1,0,1,0,0,0,0,0,0,0,0,0,4,1,0,0,0,1,0,0,0,0,0,0,0,0,0,1,0,0,0,0,0,0,0,0,0,0,0,0,0,1,1,1,0,0,0,0,0,0,0,0,0,1,0,0,0,0,0,0,0,0,0,0,0,0,0,0,CHEMBL5076371,Cc1nc(Cl)c(N)c(Nc2cc([N+](=O)[O-])ccc2N2CCN(C)CC2)n1,12100.0,4.08278537031645,CHEMBL3883320,Histone-lysine N-methyltransferase 2A/WDR5,0,Medium-Polar-Aromatic-Rigid-Hydrophilic
11.63802710590409,11.63802710590409,0.0898611111111111,-0.6055158062102504,0.7000927374761656,10.789473684210526,274.66700000000003,267.61099999999993,274.025753144,94,0,0.3269323312699042,-0.2900091089645813,0.3269323312699042,0.2900091089645813,1.0526315789473684,1.7894736842105263,2.526315789473684,35.495691304992526,10.150490271412664,2.0640267875502585,-2.013988208514316,2.189298198846227,-2.228272104806825,6.30163894813719,1.0437858839939504,2.390911911881578,2.242729427298313,867.2720456311802,13.405412915006313,9.475639590885,10.231568536903454,9.131030293135236,5.386292149606307,5.764256622615535,3.8675976104627536,4.3040333909347375,2.5865510088591464,2.8385273241986315,1.6997286711055388,1.8257168287752816,-2.47,27036.431899556883,11.610874380280343,4.326037318335419,2.1304321360353993,110.67506420805144,0.0,0.0,11.16387793838399,0.0,5.559266895052007,5.689743398203474,14.762494225966236,14.762494225966236,0.0,0.0,23.733674027155736,12.13273413692322,10.586084805438322,11.890771566461538,0.0,22.764817828616504,0.0,19.93591408378883,0.0,0.0,0.0,56.32302982059995,0.0,11.257379486545457,11.24901029325548,0.0,0.0,11.600939890232516,19.93591408378883,0.0,0.0,0.0,40.051386213603166,5.022633313741326,22.421257424929443,0.0,91.5,11.24901029325548,9.589074368143644,0.0,11.16387793838399,10.716561308589789,5.563451491696996,6.196843571613076,24.26546827384644,0.0,19.93591408378883,11.600939890232516,0.0,5.806071396759227,35.49118093947098,0.6108107460921317,0.3867922548742674,0.0,6.99586745191904,1.4870549886621314,0.0,0.0,0.0,19,2,6,0,0,0,0,1,2,3,0,0,4,2,7,2,1,0,0,0,0,0,2.6436355719788103,3,1.3268000000000004,71.22540000000001,0,0,0,0,0,4,2,0,0,0,0,0,0,0,0,2,2,0,0,0,0,2,0,0,0,0,0,0,0,0,0,0,0,0,1,0,1,0,0,0,0,0,0,0,1,0,0,0,0,0,0,0,0,0,0,0,0,0,0,0,0,0,0,0,0,0,0,0,0,0,0,0,0,0,0,0,0,0,0,0,0,0,0,0,0,CHEMBL1331901,O=c1[nH]c(=O)c2nc(-c3ccc(Cl)cc3)cnc2[nH]1,643.0,2.808210972924222,CHEMBL2093862,Runt-related transcription factor 1/Core-binding factor subunit beta,0,Medium-Polar-Aromatic-Rigid-Hydrophilic
11.816142920131016,11.816142920131016,0.2566540690350214,-0.8785540018476528,0.6903297096012683,9.904761904761903,286.28700000000003,272.17499999999995,286.095356928,108,0,0.3214821653838668,-0.5069735895058576,0.5069735895058576,0.3214821653838668,0.9047619047619048,1.5238095238095235,2.142857142857143,16.27036044651347,10.142391601094596,2.175290366947819,-2.0854382699885763,2.2518459931398,-2.386408777263408,6.068978259476273,0.0958351211159666,2.4581406877690277,1.9502754731921867,635.7281228346429,15.242276208189782,11.036832706631198,11.036832706631198,10.07538740046941,6.217269205529621,6.217269205529621,4.293664485865789,4.293664485865789,2.7704883187280127,2.7704883187280127,1.748937397397159,1.748937397397159,-3.02,53744.78799738202,14.390392615597808,6.424109609986007,3.725670077569588,120.59455974044648,15.529843393687743,17.062475158264807,0.0,0.0,5.907179729351506,6.031114512338072,10.111325788078153,4.794537184071822,0.0,0.0,36.39820241076966,17.696185628620217,6.544756405912575,0.0,19.802129157825057,11.938294241689578,0.0,10.633577208012662,0.0,6.544756405912575,0.0,59.65783953108687,0.0,11.49902366656781,10.633577208012662,4.794537184071822,11.49902366656781,0.0,22.15134903137099,6.544756405912575,0.0,15.921440167465814,48.53093654769288,0.0,0.0,0.0,98.66,23.437317908257388,19.802129157825057,0.0,12.10820789760957,0.0,5.563451491696996,18.19910120538483,0.0,35.64862394631438,5.316788604006331,0.0,0.0,0.0,23.432529919375156,23.60357914158419,0.5396904132023186,-1.677888494648956,12.345434951452264,0.0,0.2566540690350214,0.0,0.0666666666666666,21,4,6,0,0,0,3,2,0,2,0,0,4,4,6,0,3,0,0,0,0,0,4.402164737777788,2,1.7373999999999996,75.91550000000001,0,0,0,0,0,0,0,2,0,0,2,2,0,0,0,0,2,0,0,0,0,0,0,0,0,0,0,3,0,0,0,0,0,0,2,0,0,0,0,0,0,0,0,0,0,0,0,0,1,0,0,0,0,0,0,0,0,0,0,0,0,0,0,0,0,2,2,0,0,0,0,0,0,0,0,0,0,0,0,0,0,0,0,0,1,CHEMBL552181,O=C(NCc1ccccc1)NC(=O)c1c(O)cccc1O,370.0,2.568201724066995,CHEMBL1949,Cyclophilin A,0,Medium-Polar-Aromatic-Rigid-Hydrophilic
11.823975838792308,11.823975838792308,0.1525970804988661,-0.4129327408345615,0.7439490397673593,10.695652173913045,330.36500000000007,316.25300000000004,330.067427928,118,0,0.3359621562156153,-0.4836275756011007,0.4836275756011007,0.3359621562156153,1.3478260869565215,2.1739130434782608,2.9130434782608696,32.13349055546232,10.129764611953286,2.0802167611895133,-2.0694205926616376,2.219326575640278,-2.1957955094238653,7.134734864696863,-0.1176332856126797,2.8933204554424177,1.6908652416685808,929.2200899246671,16.396976746569035,12.582313174953953,13.398809755881675,11.00804039084698,6.903948527972176,7.783601339227069,5.03730473863549,5.895407590493509,3.1581161924805583,4.033688389482977,2.110645268644244,2.8149932106200244,-2.6699999999999995,196910.71023604463,15.234339880821189,6.213629796305864,3.569213569627564,135.28121000345212,9.154013890853395,11.332531974926148,11.73844044435225,0.0,5.907179729351506,5.625586319077987,10.111325788078153,9.778515705019029,0.0,11.336785877934735,0.0,31.54366002800146,22.89902112185393,5.693927994848461,13.948551074925216,33.34476844323261,0.0,4.983978520947208,0.0,13.847474399381248,11.923670568519247,51.32303403400762,0.0,5.749511833283905,15.679237876884368,5.131558479839333,5.749511833283905,11.336785877934735,17.49804021481163,4.794537184071822,13.847474399381248,11.257379486545457,38.85721916543752,0.0,10.969244356107035,0.0,81.42999999999999,5.625586319077987,9.589074368143644,0.0,12.514061693864424,16.464090454765483,16.643603701010253,17.403152946396347,18.19910120538483,19.227537169847164,10.300767124953538,9.154013890853395,10.581322827238232,1.356271922221597,27.380698892629532,5.880963536441461,1.7067757611617922,0.1545010812967164,6.567517766649294,0.0,3.5386148790280423,0.0,0.1875,23,1,6,0,0,0,1,1,2,3,0,0,6,1,7,2,4,0,0,0,0,0,4.115676009153098,3,2.883840000000001,88.19670000000002,0,0,0,0,0,1,0,0,0,0,1,1,0,0,0,1,1,0,0,0,0,0,0,0,0,0,0,1,0,1,2,0,0,0,1,0,1,0,0,0,0,1,0,0,0,0,0,0,0,0,0,0,0,0,0,0,0,0,0,0,0,0,0,0,0,0,0,0,0,0,0,0,0,0,0,0,0,0,0,0,1,0,0,0,0,CHEMBL1339297,Cc1csc(NC(=O)COc2ccc3c(C)cc(=O)oc3c2)n1,7062.0,3.8489277132270785,CHEMBL4374,Photoreceptor-specific nuclear receptor,0,Medium-Polar-Aromatic-Rigid-Hydrophilic
11.101044116350751,11.101044116350751,0.0236394032921813,-0.4108161865569273,0.5157127506435827,15.333333333333334,348.7940000000001,331.6580000000001,348.11015146400007,126,0,0.2711601367114061,-0.3672823342658152,0.3672823342658152,0.2711601367114061,1.2083333333333333,1.9583333333333333,2.625,35.49569667891364,10.161408443703024,2.1948908573124615,-2.3464257814985117,2.325202947295112,-2.442232360016781,6.291194113489102,-0.3843720511905722,2.555610146759876,1.9371785186854609,748.4941774959132,17.10408352775558,13.145707502131064,13.90163644814952,11.524877143252588,7.492464379138485,7.870428852147713,5.599856609713691,5.987105350895387,3.9313675229987335,4.138066475411583,2.6007312673629275,2.747724321616551,-2.4499999999999997,291952.9031658482,16.409264067507806,6.977828651766501,3.715655667418301,143.7724441793041,15.116608065707286,17.298292669492362,0.0,0.0,5.687386274683562,0.0,10.114318268765572,9.967957041894415,0.0,0.0,11.600939890232516,13.1140390511388,44.378126829035125,16.298083598184796,4.923311048817671,34.48096149211823,0.0,14.867866772744891,0.0,0.0,43.44339594118429,45.860216434269354,0.0,0.0,10.216698334856808,22.880021601885716,0.0,11.600939890232516,53.01787542789005,0.0,10.114318268765572,0.0,30.59278834861098,5.153109816892792,0.0,0.0,87.43,4.923311048817671,10.114318268765572,0.0,5.687386274683562,16.65835886941138,31.866411898333865,18.46005421168776,12.13273413692322,0.0,32.13223709027889,11.600939890232516,0.0,5.8820466645659035,23.085057909918717,14.527605270260844,1.5578564604854297,0.4915513458469807,6.387093236471543,1.3447888321995465,3.5898484259959123,2.0785962986995634,0.3333333333333333,24,1,8,0,1,1,0,1,1,2,0,0,7,1,9,2,4,0,1,1,0,0,4.770876373527437,3,2.5336000000000007,93.13110000000005,0,0,0,0,0,2,0,0,0,0,0,0,0,0,0,5,1,0,0,1,0,0,0,0,0,0,0,0,0,3,0,0,0,0,1,0,0,0,0,0,0,0,0,0,1,0,0,0,0,0,0,0,0,0,0,0,0,0,1,1,1,0,0,0,0,0,0,0,0,0,1,0,0,0,0,0,0,0,0,0,0,0,0,0,0,CHEMBL5083995,CN1CCN(c2ccc([N+](=O)[O-])cc2Nc2cc(Cl)ncn2)CC1,10300.0,4.012837224705172,CHEMBL3883320,Histone-lysine N-methyltransferase 2A/WDR5,0,Medium-Polar-Aromatic-Rigid-Hydrophilic
12.590476426681782,12.590476426681782,0.0535923196439076,-3.764664115646258,0.8953919744551655,16.08695652173913,336.4130000000002,316.2530000000001,336.11437811999997,124,0,0.2440163133979273,-0.5065336719259315,0.5065336719259315,0.2440163133979273,1.2608695652173914,1.9565217391304348,2.5652173913043477,32.23327238318458,10.043437566939536,2.2584687144105247,-2.1402953272097847,2.3276904973258277,-2.3221315676293783,7.8924051250542115,0.393362716802051,3.095689514386741,2.0051012054428203,801.1009359549945,16.61251969619286,13.165248554360064,13.981745135287792,10.881847280265069,7.668699137599266,9.15186238519366,5.984342876683132,7.666745118092648,4.248358680227588,5.798012546011862,3.106563096284064,4.5335531913882345,-1.86,196180.03590571653,16.01390346535948,5.975026266184956,3.112998069049381,135.1074663518198,9.629622331814057,16.40524272767612,0.0,10.023291153407584,0.0,0.0,0.0,13.139891848781026,0.0,0.0,24.064673571439076,44.38530327385348,11.605292320844956,5.693927994848461,18.047419316142992,10.023291153407584,0.0,9.878758121577532,0.0,50.46808519575103,0.0,29.653276619107732,0.0,16.876414816677897,4.722094864452088,0.0,5.749511833283905,0.0,24.72282846544305,10.023291153407584,13.847474399381248,37.137461905426946,27.61767961787595,0.0,11.126902983393991,0.0,92.43,10.023291153407584,13.524324379169643,0.0,16.68683613794964,17.0176269054199,31.246737983401033,12.13273413692322,19.913841467842857,0.0,9.878758121577532,4.523094936973348,33.00363618751245,0.0,-0.1093518518518519,13.909831443775346,2.091160346854792,0.3530527735785673,4.4742167947425875,3.725865645998222,3.566252775036144,-3.764664115646258,0.4375,23,2,6,1,0,1,0,1,1,2,0,0,5,2,7,1,4,1,0,1,0,0,4.160151905637964,3,2.884940000000001,85.65530000000004,0,0,0,0,0,1,0,1,0,0,0,0,0,0,0,1,1,0,0,0,0,0,0,0,0,0,0,0,0,0,2,0,0,0,1,0,0,0,0,0,0,0,0,0,0,0,0,0,0,0,0,0,0,0,0,0,0,0,0,0,0,0,0,0,0,1,1,0,0,0,0,0,0,0,0,0,1,0,0,0,0,0,0,0,0,CHEMBL2181716,Cc1noc(C)c1-c1ccc(O)c(S(=O)(=O)NC2CCCC2)c1,1400.0,3.146128035678238,CHEMBL1795186,Bromodomain-containing protein 3,0,Medium-Polar-Aromatic-Rigid-Hydrophilic
11.86005432728647,11.86005432728647,0.0250434618291757,-0.7634693877551022,0.5248982285346555,10.36842105263158,262.217,252.13699999999992,262.04773804,98,0,0.3375058949839169,-0.5042449809532128,0.5042449809532128,0.3375058949839169,1.0,1.631578947368421,2.263157894736842,16.5234154177247,10.125604284531695,2.120560618833052,-1.985895303586616,2.291283819474824,-1.9950600667249123,5.951987535104918,0.0600298291426956,2.4941693086884142,2.9507507857063495,735.1712609217763,14.154336059449747,9.875786734649967,9.875786734649967,8.934759407976111,5.250842196168099,5.250842196168099,3.8781360084744567,3.8781360084744567,2.6483012116972424,2.6483012116972424,1.7047557590821365,1.7047557590821365,-2.76,17282.099139902024,12.690578969751456,4.488252528256991,2.151241353275932,106.67273012614004,20.056445138322168,0.0,17.248535499851716,5.428790391900541,0.0,5.969305287951848,4.794537184071822,4.794537184071822,0.0,0.0,0.0,29.651692488311237,5.386224214464796,12.673249032974528,24.85098232239399,16.74175371688144,0.0,0.0,0.0,0.0,7.109797541277533,40.052247341515795,0.0,17.248535499851716,5.428790391900541,0.0,17.248535499851716,0.0,28.398685013751496,4.736862953800049,0.0,10.357988675768818,29.060005457918265,0.0,10.772448428929591,0.0,104.06,28.6466311797041,24.90865655266576,0.0,16.335899920626588,0.0,25.30889874666236,6.06636706846161,0.0,0.0,4.736862953800049,0.0,4.51170666414714,0.0,23.32418713781809,28.560475639329805,-0.807738095238095,-2.3162238336692695,4.398248299319728,0.0,0.0,1.1626775216259344,0.0769230769230769,19,3,6,0,0,0,0,2,0,2,0,0,6,3,6,0,1,0,0,0,0,0,2.9978170076858937,2,1.1033999999999995,66.55190000000002,0,0,0,0,0,0,0,3,0,0,1,1,0,0,0,0,0,0,0,0,0,0,0,0,0,0,0,0,0,0,0,0,0,0,1,0,1,0,0,0,1,1,0,0,0,0,0,0,0,0,0,0,0,0,0,1,0,0,0,0,0,0,0,0,0,2,2,0,0,0,0,0,0,0,0,0,0,0,0,0,0,0,0,0,0,CHEMBL334615,COC(=O)c1cc(O)c(=O)c2cc(O)c(O)cc2c1,2600.0,3.4149733479708178,CHEMBL4625,Apoptosis regulator Bcl-X,0,Medium-Polar-Aromatic-Rigid-Hydrophilic
12.108916254033495,12.108916254033495,0.0427830640979995,-3.888246107856723,0.9012321275291488,10.91304347826087,333.41300000000007,314.2610000000001,333.11471246800005,122,0,0.3326361233193207,-0.3776594306198642,0.3776594306198642,0.3326361233193207,0.9565217391304348,1.5217391304347827,2.0434782608695654,32.233271673972375,10.240342708577764,2.1684872322088293,-2.1306765569080404,2.1565835345427136,-2.338713895953864,7.8968268657264735,0.2562836977385927,2.471265744300699,2.047469271423973,782.3251027927104,17.035169427003233,13.19900891087242,14.015505491800145,10.775694130382416,6.956474167870861,8.439637415465253,5.313976750468207,6.996378991877725,3.1999173298840864,4.546809441947194,1.89789924689077,2.805241580646603,-2.5399999999999996,102448.7926957298,16.824100965058644,6.700215832251896,4.462703012551572,135.73012181302573,10.216698334856808,0.0,0.0,0.0,10.023291153407584,6.031114512338072,0.0,17.934429032852847,0.0,0.0,17.696185628620217,43.32193961046029,25.470116514721504,4.895483475517775,13.212334168400758,27.429178215112778,0.0,4.722094864452088,0.0,11.8192206752084,24.31204230021119,54.09438803938988,0.0,0.0,14.938793199308895,16.169309733438947,0.0,0.0,28.54425546202139,10.023291153407584,6.923737199690624,5.563451491696996,53.42642002321065,0.0,0.0,0.0,78.50999999999999,16.054405665745655,13.212334168400758,0.0,4.895483475517775,5.687386274683562,11.250837766380558,12.13273413692322,24.26546827384644,42.77381989727079,5.316788604006331,0.0,26.2074700899516,0.0,13.84043884595746,2.497579443814563,2.421133918533516,0.0,12.504450406195536,0.0,1.8550863636600816,-0.0761590681127564,0.1875,23,2,6,0,0,0,2,2,0,2,0,0,4,2,7,0,4,0,0,0,0,0,4.901091636934362,2,2.5714200000000007,91.28820000000005,0,0,0,0,0,0,0,0,0,0,1,1,0,0,0,1,2,0,0,0,0,0,0,0,0,0,0,2,0,2,1,0,0,0,2,0,0,0,0,0,0,0,0,0,0,0,0,0,0,0,0,0,0,0,0,0,0,0,0,0,0,0,0,0,0,0,0,0,0,0,0,0,0,0,0,0,1,0,0,0,0,0,0,0,1,CHEMBL312032,Cc1ccc(S(=O)(=O)NC(=O)Nc2ccc(N(C)C)cc2)cc1,503.39,2.7019045839021416,CHEMBL2096976,Peroxisome proliferator-activated receptor gamma/Nuclear receptor corepressor 2,0,Medium-Polar-Aromatic-Rigid-Hydrophilic
12.913832435752076,12.913832435752076,0.1192810951541116,-3.7079511526832944,0.8417083672614724,18.28,365.45500000000015,342.2710000000001,365.1409272160001,136,0,0.2440694938299008,-0.4953372872659081,0.4953372872659081,0.2440694938299008,1.36,2.16,2.76,32.23327256958057,10.042947842190438,2.25712228268681,-2.2378860580144817,2.328422691593221,-2.450731968787629,7.892446191713109,0.3932586942347401,2.932678237307373,1.9989265688606055,835.2730682901083,18.02673325856595,14.626283249323969,15.442779830251697,11.919852082725852,8.26457155673163,9.74773480432602,6.2293730010240616,7.911775242433579,4.39388136844807,5.935581474648149,3.172647807597328,4.637982341872294,-1.9,496948.19266820897,17.908082411390296,7.148408541059714,3.703577220934043,147.34158212713533,14.576746494779728,16.40524272767612,0.0,10.023291153407584,0.0,0.0,0.0,13.139891848781026,0.0,0.0,11.223030325587056,50.93005967976605,18.150048726757532,12.803725536125995,17.677754875102334,10.023291153407584,0.0,15.195546725583863,0.0,37.62644194989901,20.199310353102685,29.653276619107732,0.0,16.876414816677897,14.775746422258468,0.0,5.749511833283905,0.0,39.81561142370502,10.023291153407584,13.847474399381248,24.295818659574923,27.61767961787595,0.0,11.126902983393991,0.0,93.46,10.023291153407584,8.417796984328938,0.0,10.937324304665736,18.054515658070923,36.20723063000705,7.109797541277533,19.056471336613843,12.990104268152232,15.195546725583863,9.259957890773396,39.0847654636796,0.0,0.1232161753590324,7.148293803058413,2.257485897072838,0.9604012252411428,4.969412294238682,1.7654192805450923,5.184575084791085,-2.2435692239858893,0.4705882352941176,25,2,7,0,1,1,0,1,1,2,1,0,6,2,8,2,5,0,1,1,0,1,5.120571570543345,3,1.9973399999999997,94.17820000000005,0,0,0,0,0,1,0,0,0,0,0,0,0,0,0,1,2,0,0,0,0,0,0,0,0,0,0,0,0,0,2,0,0,0,1,0,0,0,0,0,0,1,0,0,0,0,0,0,0,0,0,0,0,0,0,1,0,0,0,0,0,0,0,0,0,0,0,0,0,1,0,0,0,0,0,0,1,0,0,0,0,0,0,0,0,CHEMBL2181714,COc1ccc(-c2c(C)noc2C)cc1S(=O)(=O)NC1CCCNC1,9000.0,3.9542425094393248,CHEMBL1293289,Bromodomain-containing protein 2,0,Medium-Polar-Aromatic-Rigid-Hydrophilic
12.92120205026455,12.92120205026455,0.0706699840430005,-3.695728930461073,0.8417083672614724,16.12,365.45500000000015,342.2710000000001,365.1409272160001,136,0,0.2440260244982645,-0.4953372872935132,0.4953372872935132,0.2440260244982645,1.28,2.0,2.6,32.23327256773243,10.042941877236723,2.257019893461368,-2.2367727046754142,2.328958045950704,-2.4222885334268223,7.892433962253065,0.393250071452165,2.932678237307373,1.9989265688606055,835.2730682901083,18.02673325856595,14.626283249323969,15.442779830251697,11.919852082725852,8.26457155673163,9.747734804326022,6.210370599793669,7.892772841203186,4.4361568631295105,5.97785696932959,3.1600134170622782,4.6598657482016685,-1.9,496948.19266820897,17.908082411390296,7.148408541059714,3.703577220934043,147.34158212713533,14.576746494779728,16.40524272767612,0.0,10.023291153407584,0.0,0.0,0.0,13.139891848781026,0.0,0.0,11.223030325587056,57.474816085678626,11.605292320844956,12.803725536125995,17.677754875102334,10.023291153407584,0.0,15.195546725583863,0.0,37.62644194989901,20.199310353102685,29.653276619107732,0.0,16.876414816677897,14.775746422258468,0.0,5.749511833283905,0.0,39.81561142370502,10.023291153407584,13.847474399381248,24.295818659574923,27.61767961787595,0.0,11.126902983393991,0.0,93.46,10.023291153407584,8.417796984328938,0.0,10.937324304665736,11.509759252158346,42.751987035919626,7.109797541277533,19.056471336613843,12.990104268152232,15.195546725583863,9.259957890773396,39.12660403205767,0.0,0.1305857898715041,7.168341680565707,2.264846434262921,0.9669199256965312,5.028431568615099,1.5379028617619888,5.255369029919897,-2.2290013227513223,0.4705882352941176,25,2,7,0,1,1,0,1,1,2,0,0,6,2,8,2,5,0,1,1,0,0,5.120571570543345,3,1.9973399999999997,94.17820000000005,0,0,0,0,0,1,0,0,0,0,0,0,0,0,0,1,2,0,0,0,0,0,0,0,0,0,0,0,0,0,2,0,0,0,1,0,0,0,0,0,0,1,0,0,0,0,0,0,0,0,0,0,0,0,0,1,0,0,0,0,0,0,0,0,0,0,0,0,0,1,0,0,0,0,0,0,1,0,0,0,0,0,0,0,0,CHEMBL2181712,COc1ccc(-c2c(C)noc2C)cc1S(=O)(=O)NC1CCNCC1,21000.0,4.3222192947339195,CHEMBL1795186,Bromodomain-containing protein 3,0,Medium-Polar-Aromatic-Rigid-Hydrophilic
11.221842941543516,11.221842941543516,0.1458178652289399,-0.5543483519313246,0.504530542219224,10.318181818181818,295.25800000000004,286.186,295.070539148,108,0,0.3233081064196009,-0.3543757640266364,0.3543757640266364,0.3233081064196009,1.1363636363636365,1.9090909090909092,2.636363636363636,16.628244988625287,10.135858431477672,2.1072763852838747,-2.0769529545405985,2.254009489429028,-1.9876702575735172,5.805842980212953,-0.3844405206910654,2.863725149220444,1.985120689211007,980.0423721743888,15.689869965382488,11.08327367752926,11.08327367752926,10.562881945713372,6.242553855827171,6.242553855827171,4.563287026508008,4.563287026508008,3.129397054333314,3.129397054333314,2.1131096135500624,2.1131096135500624,-3.5999999999999996,129849.8894411026,13.38615916955017,5.063954293628807,2.38299186354279,122.72085206127392,15.284745645900744,6.069221312792274,0.0,0.0,5.687386274683562,5.689743398203474,10.114318268765572,4.794537184071822,5.261891554738487,0.0,0.0,24.26546827384644,17.820120411606784,27.20755025043075,4.923311048817671,28.09556025928321,5.261891554738487,9.967957041894415,0.0,0.0,5.316788604006331,62.56025275350753,0.0,6.069221312792274,11.006532002209806,17.062158824050687,0.0,0.0,14.891268090712083,0.0,21.44543113629633,5.563451491696996,41.19273959484149,0.0,11.033401435232523,0.0,127.61,4.923311048817671,14.908855452837392,0.0,16.94058116458403,22.40817398459965,0.0,18.19910120538483,18.19910120538483,6.069221312792274,15.284745645900744,5.261891554738487,0.0,0.0,26.651121005717865,22.84862418549197,2.095543294554841,0.0,11.07137818090199,0.0,0.0,0.0,0.0,22,3,8,0,0,0,0,2,1,3,0,0,5,3,8,1,3,0,0,0,0,0,3.0812226455382827,3,2.3796799999999996,80.01350000000001,0,0,0,0,0,2,2,0,0,0,0,0,0,0,0,2,3,0,0,0,0,2,0,0,0,0,0,0,0,2,0,0,0,0,2,0,1,0,0,0,0,0,0,0,0,0,0,1,0,0,0,0,0,0,0,0,0,1,1,1,1,0,0,0,0,0,0,0,0,0,0,0,0,0,0,0,0,0,0,0,0,0,0,0,0,CHEMBL4092657,N#Cc1cc([N+](=O)[O-])ccc1Nc1ccc2[nH]c(=O)[nH]c2c1,4300.0,3.633468455579586,CHEMBL4106125,BCoR-BCL6,0,Medium-Polar-Aromatic-Rigid-Hydrophilic
12.84231316137566,12.84231316137566,0.0153978751994632,-3.55864559712774,0.8846867139288662,16.458333333333332,349.45600000000013,326.2720000000001,349.14601259600005,130,0,0.240601344957578,-0.3607842423470584,0.3607842423470584,0.240601344957578,1.2083333333333333,1.9166666666666667,2.5416666666666665,32.23327234217877,10.028935010145144,2.2399593423202253,-2.2364200409011294,2.2977635111175063,-2.42306616568371,7.891891741450152,0.3933752317721717,2.8730400094483124,1.9633040688424268,817.2608157081334,17.319626477379405,14.218034958860104,15.034531539787832,11.381847280265069,8.152199121035835,9.635362368630227,6.325008386342827,8.007410627752343,4.460676353386303,6.123167271484981,3.162908792549358,4.738448481227404,-1.6999999999999995,287143.11070430215,17.133714372809024,6.661291350772946,3.37977955472916,142.22803689762844,9.83988354097968,5.7602474188744415,0.0,10.023291153407584,0.0,0.0,0.0,13.139891848781026,0.0,0.0,17.289397394048667,63.89563770860464,11.605292320844956,10.589411470366237,12.940891921302285,10.023291153407584,0.0,15.195546725583863,0.0,44.550179149589624,13.08951281182515,35.21672811080473,0.0,11.126902983393991,10.03888346845842,0.0,0.0,0.0,32.70581388242749,10.023291153407584,20.771211599071872,29.85927015127192,27.61767961787595,0.0,11.126902983393991,0.0,84.23,10.023291153407584,8.417796984328938,0.0,6.041840829147961,10.655730894392216,48.31543852761662,0.0,6.06636706846161,32.903945735995094,15.195546725583863,4.523094936973348,33.736754101344644,0.0,0.3180857898715041,7.192952020071879,3.147048106598522,0.6861250938749137,5.4378703441253045,1.614752351557907,7.17505778968306,-3.55864559712774,0.4705882352941176,24,2,6,0,1,1,0,1,1,2,0,0,5,2,7,2,4,0,1,1,0,0,4.755527639925286,3,2.29716,92.36320000000003,0,0,0,0,0,1,0,0,0,0,0,0,0,0,0,1,2,0,0,0,0,0,0,0,0,0,0,0,0,0,3,0,0,0,1,0,0,0,0,0,0,0,0,0,0,0,0,0,0,0,0,0,0,0,0,0,0,0,0,0,0,0,0,0,0,0,0,0,0,1,0,0,0,0,0,0,1,0,0,0,0,0,0,0,0,CHEMBL2181711,Cc1ccc(-c2c(C)noc2C)cc1S(=O)(=O)NC1CCNCC1,11000.0,4.041392685158225,CHEMBL1795186,Bromodomain-containing protein 3,0,Medium-Polar-Aromatic-Rigid-Hydrophilic
12.387690145502646,12.387690145502646,0.0549403293482479,-3.614594671201813,0.7921160600100855,11.818181818181818,324.4020000000001,304.2420000000001,324.11437811999997,120,0,0.2403473612106812,-0.3963254567176038,0.3963254567176038,0.2403473612106812,1.2727272727272727,2.0,2.590909090909091,32.23327146706803,10.028962623661224,2.1911683689498296,-2.107160124894819,2.2943935329149965,-2.2564176646163823,7.89163828700296,0.289066702083816,2.789505186863613,2.4360348160926515,746.3447907899431,16.328062645816686,12.88079150398389,13.697288084911616,10.364209190060024,7.009701780936861,8.492865028531252,5.154381317537426,6.88975643314624,3.4266796912765396,5.029700029039104,2.3035758203354555,3.646182531694629,-1.6999999999999995,77949.9329417168,16.66677026163239,6.597369576090397,3.372354364598022,129.74835539095244,9.629622331814057,5.7602474188744415,0.0,10.023291153407584,0.0,0.0,0.0,13.139891848781026,0.0,0.0,17.289397394048667,44.38530327385348,18.71508986212249,10.589411470366237,18.047419316142992,10.023291153407584,0.0,9.878758121577532,0.0,32.08751669751565,13.151638370425491,35.21672811080473,0.0,11.126902983393991,4.722094864452088,0.0,0.0,0.0,31.83262600672058,10.023291153407584,20.771211599071872,23.43844852834591,27.61767961787595,0.0,11.126902983393991,0.0,92.43,10.023291153407584,8.417796984328938,0.0,18.04712184594327,17.744520533497447,16.82083097824245,0.0,25.980208536304467,12.990104268152232,9.878758121577532,9.629622331814057,32.40933819747673,0.0,0.2249442554799701,12.665889296273043,2.945500709657907,0.6508710275381453,5.249578294280676,0.3768206202233979,5.508318936938615,-3.614594671201813,0.4,22,2,6,0,0,0,0,1,1,2,0,0,5,2,7,1,6,0,0,0,0,0,4.998038320717351,2,1.92756,83.04130000000004,0,1,1,0,0,1,0,0,0,0,0,0,0,0,0,1,1,0,0,0,0,0,0,0,0,0,0,0,0,0,3,0,0,0,1,0,0,0,0,0,0,0,0,0,0,0,0,0,0,0,0,0,0,0,0,0,0,0,0,0,0,0,0,0,0,0,0,0,0,0,0,0,0,0,0,0,1,0,0,0,0,0,0,0,0,CHEMBL2181741,Cc1ccc(-c2c(C)noc2C)cc1S(=O)(=O)NCCCO,4200.0,3.6232492903979,CHEMBL1795186,Bromodomain-containing protein 3,0,Medium-Polar-Aromatic-Rigid-Hydrophilic
12.276627666498698,12.276627666498698,0.0394811322872152,-0.7781302140197635,0.2447264807415141,14.407407407407408,390.73900000000015,379.6510000000002,390.036711752,138,0,0.4330616376402362,-0.3995922484059201,0.4330616376402362,0.3995922484059201,1.2592592592592593,1.962962962962963,2.592592592592593,35.4956917579676,10.122182684400826,2.3697129064841835,-2.125046328442211,2.162965543266699,-2.3557874073054705,6.30243166061266,-0.4017309834863257,3.2070560022958197,1.6670113258541852,952.0750344277492,19.551677284948283,13.571974044492716,14.327902990511172,12.846244348298503,7.537665670465374,7.915630143474602,5.427857544050521,5.864293324522506,3.622611434591757,3.8745877499312416,2.2801342470626493,2.406122404732392,-3.53,1377481.8658820912,18.26675250173071,7.377339589312228,4.007677056573611,156.29258221850287,4.417150937053347,11.468067454730246,11.54349236523938,0.0,5.907179729351506,11.91529671419908,24.603302367759692,9.803449708026353,5.101407525739722,0.0,11.600939890232516,30.33183534230805,10.586084805438322,18.8257240539095,23.724073538086483,41.421261859683355,0.0,9.908822254805008,5.101407525739722,0.0,13.08951281182515,62.85885290384799,0.0,0.0,0.0,10.67871938593283,0.0,11.600939890232516,51.857785883037664,4.794537184071822,10.114318268765572,16.118236094643258,45.91676087356273,5.022633313741326,0.0,0.0,126.33,35.07378884464577,24.49792982098104,0.0,12.305003824787017,10.586084805438322,22.189789902801937,30.33183534230805,0.0,0.0,5.101407525739722,16.018090827285864,4.876049966623525,5.758741618380473,47.15518240691207,15.649950540922854,0.3100429239009412,-1.4594010879788508,7.703211378997619,1.0721192704201363,-0.788119240400986,0.0,0.125,27,0,10,0,1,1,3,1,1,2,0,0,7,0,11,2,6,0,1,1,0,0,4.991112459229117,3,2.3222000000000005,92.5539,0,0,0,0,0,0,0,0,0,0,3,3,0,0,0,4,0,0,0,0,0,0,0,0,0,0,0,3,0,0,0,0,0,0,1,0,0,0,0,0,0,0,1,0,1,0,1,0,1,0,0,1,1,0,0,0,0,0,1,0,0,0,0,0,0,0,0,0,0,0,0,0,0,0,0,0,0,0,0,0,0,0,0,0,1,CHEMBL5398658,O=C(CN1C(=O)CN(/N=C/c2ccc([N+](=O)[O-])o2)C1=O)c1ccc(Cl)cc1,62.0,1.792391689498254,CHEMBL399,HeLa,0,Medium-Polar-Aromatic-Rigid-Hydrophilic
11.713611776130715,11.713611776130715,0.0438140379608631,-0.0438140379608631,0.7698413203153665,10.714285714285714,281.319,266.199,281.1276601,106,0,0.2250762285560579,-0.3086513275789498,0.3086513275789498,0.2250762285560579,1.3333333333333333,2.238095238095238,3.0,16.149140506139307,10.099904793627823,2.106796728240272,-2.0251324728721034,2.249312247389844,-2.1055344712722115,5.991080175139374,-0.1157662753385688,2.905878435108358,1.981094958415477,766.0898420276017,14.656489770562878,11.62820425447459,11.62820425447459,10.275188245478668,6.820243719143905,6.820243719143905,4.732250520892382,4.732250520892382,3.1461748085804087,3.1461748085804087,2.111742347838354,2.111742347838354,-2.7599999999999993,106971.19695320888,13.233610273555284,5.701379194119205,2.7382394828521917,121.17787253079298,5.316788604006331,0.0,11.465039998602755,5.907179729351506,0.0,0.0,14.877197513320066,4.983978520947208,5.098681808301038,0.0,12.990104268152232,18.55355575984923,36.13825532115923,5.386224214464796,4.794537184071822,22.758443942419056,0.0,20.16532065849649,0.0,19.765380445542643,5.316788604006331,36.78963192022406,0.0,11.126902983393991,5.316788604006331,5.817862777835028,0.0,0.0,26.072500387847995,4.794537184071822,0.0,19.765380445542643,36.78963192022406,0.0,22.160304418626517,0.0,83.56,0.0,4.794537184071822,0.0,5.907179729351506,17.885861621528765,22.933948820784796,0.0,18.59053071483923,25.122838405075452,25.48210926250282,0.0,0.0,0.0,20.15092781925799,10.540120543587806,2.5521888909884947,0.4716399491895529,5.786217506873171,6.536308314584379,1.9625969755186023,0.0,0.2,21,2,6,0,0,0,1,0,3,3,0,0,4,2,6,3,4,0,0,0,0,0,3.592849060796679,3,2.7585000000000006,80.65740000000002,0,0,0,0,0,4,1,0,0,0,1,1,0,0,0,3,2,0,0,0,0,1,0,0,0,0,0,1,0,1,0,0,0,0,0,0,1,0,0,0,0,0,0,0,0,0,0,0,0,0,0,0,0,0,0,0,0,0,0,0,0,0,0,0,0,0,0,0,0,0,0,0,0,2,0,0,0,0,0,0,0,0,0,0,0,CHEMBL407002,CCCC(=O)Nc1n[nH]c2ncc(-c3cccnc3)cc12,11.0,1.0413926851582251,CHEMBL2850,Glycogen synthase kinase-3 alpha,0,Medium-Polar-Aromatic-Rigid-Hydrophilic
12.168141061980348,12.168141061980348,0.0334255415766961,-0.272431474132863,0.7643592567249585,9.72,353.4070000000001,338.2870000000001,353.0946457200001,126,0,0.2343960297069375,-0.4917009221330677,0.4917009221330677,0.2343960297069375,1.32,2.04,2.72,32.16654597430745,10.1920915870124,2.1312601981300197,-2.109524332039779,2.259769936588614,-2.1497096947932355,7.995235591023741,-0.1133756710321432,2.615967414805821,2.074818840552373,870.3175327070188,18.2338400397525,13.444700835402315,14.261197416330042,12.083248657969117,7.338185740639224,8.323784300292711,4.763514597762529,5.727563198019141,3.0589069995914837,4.050070572286292,1.961011630924856,2.723962394511339,-3.2300000000000004,384212.3661473606,18.113624517308427,8.574224345155102,4.626513777453955,148.97088759136122,15.787319034968563,28.73177721537272,0.0,5.907179729351506,0.0,0.0,4.794537184071822,4.983978520947208,10.523783109476971,0.0,23.894619086314336,25.122838405075452,0.0,29.17402482933726,9.53140013787187,29.17431373126121,10.523783109476971,4.983978520947208,0.0,11.949697178359866,23.410191652428225,41.45873832570204,0.0,17.887954458868453,15.787319034968563,11.50524905251859,5.749511833283905,11.761884949391115,23.25089382155842,4.794537184071822,22.66222573506152,18.050640183084617,35.357795320977296,0.0,0.0,0.0,124.82,0.0,4.794537184071822,0.0,28.604799097327312,23.069740051149623,11.761884949391115,6.06636706846161,18.19910120538483,25.12854689373678,10.300767124953538,20.994313540439208,5.454346065265944,1.07566843558411,16.19993585358845,21.147012844343223,6.579083154855335,0.3811979595046881,12.315090009085491,0.0,2.347665677772758,0.0,0.1764705882352941,25,3,7,0,0,0,1,1,1,2,0,0,7,2,8,1,6,0,0,0,0,0,6.21241121261217,2,2.5366600000000004,95.0441,0,0,0,1,0,1,0,0,0,0,1,1,0,0,0,3,1,1,0,0,0,0,0,0,0,0,0,1,0,2,0,0,0,0,1,0,0,0,0,0,0,1,0,0,0,0,0,0,0,0,0,0,0,0,0,0,0,2,0,0,0,0,0,0,2,0,0,0,0,0,0,0,0,1,0,1,0,0,0,0,0,0,0,0,0,CHEMBL1577894,CCOc1ccccc1NC(=O)CSc1nc(N)c(C#N)cc1C#N,3026.0,3.4808689236871677,CHEMBL2096976,Peroxisome proliferator-activated receptor gamma/Nuclear receptor corepressor 2,0,Medium-Polar-Aromatic-Rigid-Hydrophilic
12.131022297808013,12.131022297808013,0.0562055933484508,-1.1732777725287644,0.8476181160234673,10.05,289.312,278.224,289.040878832,102,0,0.3360002417914365,-0.477621122117962,0.477621122117962,0.3360002417914365,1.1,1.75,2.35,32.13347412173723,10.07235232949792,2.1766551708940822,-2.07049508580248,2.2338849889040615,-2.1655830913766865,7.123191906704138,0.0691993315752059,2.8651182761591594,2.3135149250429228,689.9872799060224,14.698306133819765,10.544308372493166,11.360804953420892,9.502907755397976,5.725164376190994,6.604817187445888,4.024446549650146,4.940562627485432,2.6352843840970177,3.6505228528474314,1.73759459640332,2.48980452264825,-2.47,37882.5938473764,13.950082775878094,5.664235023852693,2.7498533129797527,118.4172912894943,10.423315998847038,0.0,5.783244946364939,0.0,5.907179729351506,5.969305287951848,9.589074368143644,4.794537184071822,0.0,11.336785877934735,12.13273413692322,23.579163975850744,6.923737199690624,21.691436451778852,19.490138947056177,34.68390211628659,0.0,0.0,0.0,6.923737199690624,5.316788604006331,51.71594828986925,0.0,0.0,5.316788604006331,5.687386274683562,0.0,11.336785877934735,22.766257358509,0.0,0.0,37.31139892900138,35.711898112773966,0.0,0.0,0.0,83.47,11.876485017303354,14.383611552215466,0.0,16.91014792975893,10.564533468384862,0.0,30.393257214548576,23.579163975850744,0.0,5.316788604006331,5.106527394840706,0.0,1.2247415123456786,35.02451236667507,13.312059082892414,0.373146730914589,-1.8763150615184336,7.532445830183926,0.0,1.4094095385067609,0.0,0.0714285714285714,20,2,5,0,0,0,1,1,1,2,0,0,4,2,6,1,4,0,0,0,0,0,3.9508273722386447,2,2.9012,75.67800000000003,0,0,0,0,1,0,0,0,1,1,3,2,0,0,0,0,1,0,0,0,0,0,0,0,0,0,0,1,0,1,0,0,0,0,1,0,0,0,0,0,0,0,0,0,0,0,0,0,0,0,0,1,1,0,0,0,0,0,0,0,0,0,0,0,0,0,0,0,0,0,0,0,0,0,0,0,0,0,0,0,0,0,1,0,0,CHEMBL1162443,CC(=O)c1sccc1NC(=O)c1ccccc1C(=O)O,3087.0,3.4895366294820955,CHEMBL4869,Prion protein,0,Medium-Polar-Aromatic-Rigid-Hydrophilic
12.680257542831948,12.680257542831948,0.2772124590576974,-1.3282853048626857,0.7189882148938236,12.375,345.4240000000001,326.27200000000005,345.11471246800005,126,0,0.3215041816600553,-0.6086940395853556,0.6086940395853556,0.3215041816600553,1.2083333333333333,2.0,2.7083333333333335,32.22788259275197,10.133546071513123,2.2079208243169575,-2.1263273888446355,2.2681842361928144,-2.102045811969678,7.90023871685369,0.406855765522113,3.0065977799893377,1.884482859483478,878.8884252759137,17.26722023457211,14.04392821080042,14.860424791728146,11.528407103102724,7.443492497782771,8.762424390769594,5.46104893925831,6.827466466577103,3.9017431666317632,5.06202398658572,2.6061450233687737,3.706211926416468,-2.25,353332.36450656696,16.60229916897507,6.7025904456291086,3.0452495819741783,142.96481028678306,14.02647578129046,11.49902366656781,5.752853606746789,0.0,0.0,5.156436481820707,9.967957041894415,0.0,4.983978520947208,0.0,0.0,25.98020853630447,34.565968096853965,30.946924512636052,14.02647578129046,22.209255908617813,0.0,14.951935562841625,0.0,24.756764487948743,14.219595082555069,41.21677575524035,0.0,11.49902366656781,9.473725907600098,0.0,11.49902366656781,0.0,33.72428051908705,16.928708080132076,13.847474399381248,16.82083097824245,29.552381258818613,0.0,11.033401435232523,0.0,83.09,11.175854473385288,4.552749873690364,0.0,5.752853606746789,10.905948315104611,33.60374424675888,0.0,20.416438654168143,32.04657560476608,14.951935562841625,9.473725907600098,23.267698295475412,-1.3282853048626857,11.911460062037264,0.4296249055177628,4.159259620358974,1.7757835154263732,5.508893809513398,1.737963283109387,3.8621827815596546,3.230974587420017,0.2941176470588235,24,1,6,0,0,0,0,1,2,3,1,0,5,1,7,2,5,0,0,0,0,0,4.636600491060349,3,2.8997400000000013,93.02110000000005,0,0,0,0,0,3,1,0,0,0,0,0,0,0,0,2,1,0,0,0,0,1,0,0,0,0,0,0,0,0,1,0,0,0,1,0,1,0,0,0,0,2,0,0,0,0,0,1,0,0,0,0,0,0,0,2,0,0,0,0,0,0,0,0,0,0,0,0,0,0,0,0,0,1,0,0,0,0,0,0,0,0,0,0,0,CHEMBL1201320,COc1ccc2[nH]c([S@@+]([O-])Cc3ncc(C)c(OC)c3C)nc2c1,1800.0,3.255272505103306,CHEMBL3883320,Histone-lysine N-methyltransferase 2A/WDR5,0,Medium-Polar-Aromatic-Rigid-Hydrophilic
12.367147896195515,12.367147896195515,0.458920540438398,-1.347089579659024,0.7609925989733727,14.458333333333334,327.3800000000001,306.21200000000005,327.147058152,126,0,0.3081576399088089,-0.4809679535938578,0.4809679535938578,0.3081576399088089,0.9583333333333334,1.5416666666666667,2.0833333333333335,16.36685433631724,9.93072531858303,2.2883407144361008,-2.242876895343727,2.241173648307861,-2.378467943772643,5.829042876766076,-0.1425430401742723,2.594292916557035,2.2288934130538944,697.0665440459625,17.689869965382485,13.639127002203155,13.639127002203155,11.396754605515328,7.726164061026905,7.726164061026905,5.837075702713443,5.837075702713443,3.9874146524980727,3.9874146524980727,2.432276621406467,2.432276621406467,-2.6599999999999997,213852.75369762955,17.6900872412917,7.7457933063434625,4.203261610161978,140.50446601442485,15.529843393687743,0.0,6.103966387748303,0.0,5.907179729351506,5.969305287951848,9.589074368143644,0.0,0.0,0.0,60.160755107851486,24.97437738277524,0.0,11.959746875309351,19.802129157825057,11.876485017303354,0.0,5.316788604006331,5.917906046161393,25.99328161627751,0.0,71.28765809124549,0.0,0.0,5.316788604006331,0.0,0.0,0.0,22.089539806984767,9.589074368143644,12.841643245852016,35.75989889167788,54.59730361615449,0.0,0.0,0.0,86.63000000000001,29.94019828036101,19.802129157825057,0.0,0.0,11.126902983393991,5.563451491696996,6.923737199690624,42.46456947923127,19.056471336613843,5.316788604006331,0.0,0.0,0.0,23.75567495325342,22.17526752832038,2.1813617887977568,-2.4772403838078434,15.087834671007467,-1.347089579659024,3.4575243554211808,0.0,0.2631578947368421,24,3,5,0,0,0,1,2,0,2,3,0,3,3,5,0,6,0,0,0,0,0,5.7093233059262145,2,2.6066200000000004,90.26430000000003,1,1,1,0,0,0,0,0,1,1,2,1,0,0,0,0,1,0,0,0,0,0,0,0,0,0,0,1,0,0,1,0,0,0,2,0,0,0,0,0,0,0,0,0,0,0,0,0,0,0,0,0,0,0,0,0,0,0,0,0,0,0,0,0,0,0,0,0,0,0,0,0,0,0,0,0,0,0,0,0,0,0,0,0,0,CHEMBL5281246,Cc1ccc([C@@H](NC(=O)[C@@H](O)c2ccccc2)[C@@H](C)C(=O)O)cc1,96000.0,4.982271233039568,CHEMBL3038498,Keap1/Nrf2,0,Medium-Polar-Aromatic-Rigid-Hydrophilic
4.54768077601411,4.54768077601411,0.8090620724873973,0.8090620724873973,0.7363656597191529,15.347826086956522,326.42900000000003,308.285,326.13136557599995,118,0,0.2248596635441348,-0.3524248229623862,0.3524248229623862,0.2248596635441348,1.0,1.7391304347826086,2.4782608695652173,32.133538654374895,10.232748779391786,2.215008220062047,-2.3500271194757243,2.3059652701456783,-2.470170294980359,7.182323484936604,0.6356672992947675,3.0585420351078634,1.5544383890202211,794.6954923191613,15.6480536021256,13.013815115344482,13.830311696272208,11.347667890550102,7.852272807655848,8.668769388583572,5.505257008582661,6.620456879871908,4.122066847980169,5.309453433954062,2.8919640292315965,3.82144132985133,-2.2799999999999994,436270.4358877856,14.321028298104077,6.0777588936310325,2.7191519403842896,138.39260592475085,9.799819461700954,16.975579272220138,0.0,5.948339280986494,0.0,0.0,0.0,19.93591408378883,0.0,11.336785877934735,6.923737199690624,18.55355575984923,43.44985996057775,5.386224214464796,0.0,33.31960857084162,0.0,19.93591408378883,0.0,13.344558822616634,35.97884508535125,35.73088854861521,0.0,0.0,9.799819461700954,11.766202058821523,0.0,11.336785877934735,46.11493970743912,6.4208216229260096,0.0,11.800884393391923,30.853741354913915,0.0,10.216620634085364,0.0,58.040000000000006,0.0,0.0,0.0,0.0,0.0,49.19644572501839,10.263371408166094,30.057793095925433,6.06636706846161,42.725837813642016,0.0,0.0,1.764655919594141,24.64794712330652,1.179408436213992,0.0,1.8642287811461695,4.084596358322285,6.306033465998015,5.819796582085543,0.0,0.375,23,0,6,0,1,1,0,0,3,3,0,0,7,0,7,4,3,0,1,1,0,0,3.784337265423641,4,2.3703000000000003,93.25100000000003,0,0,0,0,0,4,0,0,0,0,0,0,0,0,0,6,0,0,0,0,0,0,0,0,0,0,0,0,0,2,1,0,0,0,0,0,1,0,0,0,0,0,0,0,0,0,0,0,0,0,0,0,0,0,0,0,0,0,0,0,0,0,0,0,0,0,0,0,0,0,1,0,0,0,0,0,0,0,0,0,0,0,1,0,0,CHEMBL3696169,CCc1cc2c(N3CCN(c4ncccn4)CC3)ncnc2s1,87000.0,4.939519252618618,CHEMBL2093861,Menin/Histone-lysine N-methyltransferase MLL,0,Medium-Polar-Aromatic-Rigid-Hydrophilic
12.31126782929272,12.31126782929272,0.0762641460905346,-0.3073725539598553,0.6933608810145623,10.904761904761903,320.3950000000001,308.29900000000004,320.02893424399997,108,0,0.3113869549753096,-0.4656830774279543,0.4656830774279543,0.3113869549753096,1.380952380952381,2.1904761904761907,2.952380952380953,32.138882873070386,10.271898304197444,2.1333803293431655,-1.975535369412457,2.218926455317637,-2.1103526529698895,7.172664752513934,-0.1418324173903111,3.0457187064875906,1.9298449558018216,847.146514149708,14.819626477379408,11.236633551640455,12.86962671349591,10.185871848001629,6.402238464142493,8.05528793753136,4.290191842871579,6.1142936984653335,2.835702136681168,4.899903133050956,1.9287036299418736,3.7856983281159073,-1.99,100819.38062215222,13.968746554585984,5.786158807888207,2.744838761886602,128.1376037227338,4.736862953800049,0.0,0.0,5.131558479839333,5.559266895052007,5.969305287951848,9.589074368143644,8.940639629207805,0.0,11.336785877934735,12.13273413692322,30.58895794818052,5.380062770465915,28.80777571322129,9.53140013787187,38.92472190838715,0.0,8.940639629207805,0.0,13.344558822616634,6.606881964512918,45.69326311828464,0.0,5.131558479839333,5.559266895052007,0.0,0.0,22.869272489501412,21.51682688167257,15.95222176079788,0.0,12.617665194539086,34.44006822838418,0.0,15.21770261077323,0.0,61.19,0.0,9.589074368143644,0.0,17.949393805929866,22.818592653665508,4.6999199164691,22.869272489501412,22.326828146878743,18.19910120538483,4.983978520947208,4.736862953800049,7.372766395661418,2.701984179474258,28.10366824705343,3.04948257093369,0.5467044858066687,-0.3073725539598553,7.452684229517743,0.1289539241622574,2.117795188017049,0.0,0.2142857142857142,21,0,5,0,0,0,0,1,2,3,0,0,7,0,7,2,4,0,0,0,0,0,3.8488279005702735,3,2.614300000000001,83.43100000000004,0,0,0,0,0,2,0,0,0,0,1,1,0,0,0,2,0,0,0,0,0,0,0,0,0,0,0,0,0,0,0,0,0,0,1,0,1,0,0,0,1,1,0,0,0,0,0,0,0,0,0,0,0,0,0,0,0,0,0,0,0,0,0,0,0,0,0,0,0,0,0,0,0,0,0,0,0,0,0,0,1,0,0,0,0,CHEMBL1412731,CCOC(=O)Cc1csc(-n2sc3ccccc3c2=O)n1,1150.0,3.060697840353612,CHEMBL2097170,Voltage-gated N-type calcium channel alpha-1B subunit/Amyloid beta A4 precursor protein-binding family A member 1,0,Medium-Polar-Aromatic-Rigid-Hydrophilic
12.413767243008316,12.413767243008316,0.2299825207860921,-3.5834835600907016,0.8238130784244085,11.818181818181818,324.40200000000004,304.2420000000001,324.11437811999997,120,0,0.2404261115307041,-0.3833295588248024,0.3833295588248024,0.2404261115307041,1.2727272727272727,2.0,2.590909090909091,32.23327147337493,10.028963378709816,2.191636055819736,-2.1079545150369325,2.294156154484567,-2.2734922235683612,7.891647990914773,0.2041602266475685,2.789505186863613,2.4360348160926506,746.3447907899431,16.328062645816686,13.134719417761248,13.951215998688973,10.364209190060024,6.890397439978698,8.37356068757309,5.070020409020918,6.805395524629731,3.397975330819379,5.000995668581945,2.2960788344651744,3.5776813118602746,-1.6999999999999995,77949.9329417168,16.66677026163239,6.597369576090397,3.372354364598022,130.06766686826333,9.259957890773396,5.7602474188744415,0.0,10.023291153407584,0.0,0.0,0.0,13.139891848781026,0.0,0.0,17.289397394048667,37.964481650927475,19.218005438887104,17.196293434879156,17.677754875102334,10.023291153407584,0.0,9.878758121577532,0.0,25.666695074589647,20.26143591170303,35.21672811080473,0.0,11.126902983393991,4.722094864452088,0.0,0.0,0.0,33.835896153157414,14.760154107207631,20.771211599071872,17.0176269054199,27.61767961787595,0.0,11.126902983393991,0.0,81.42999999999999,10.023291153407584,8.417796984328938,0.0,11.440239881430353,17.930580875084356,16.82083097824245,7.109797541277533,25.980208536304467,12.990104268152232,9.878758121577532,9.259957890773396,37.3775708757766,0.0,0.2510213529856393,3.910885011603356,3.013683592391656,0.6639288787778148,5.304703325774755,0.0,5.952932529097753,-2.058058899740897,0.4,22,1,6,0,0,0,0,1,1,2,0,0,5,1,7,1,6,0,0,0,0,0,4.998038320717351,2,2.191560000000001,83.21450000000003,0,0,0,0,0,1,0,0,0,0,0,0,0,0,0,1,1,0,0,0,0,0,0,0,0,0,0,0,0,0,3,0,0,0,1,0,0,0,0,0,0,1,0,0,0,0,0,0,0,0,0,0,0,0,0,1,0,0,0,0,0,0,0,0,0,0,0,0,0,0,0,0,0,0,0,0,1,0,0,0,0,0,0,0,0,CHEMBL2181740,COCCNS(=O)(=O)c1cc(-c2c(C)noc2C)ccc1C,8600.0,3.934498451243568,CHEMBL1795186,Bromodomain-containing protein 3,0,Medium-Polar-Aromatic-Rigid-Hydrophilic
11.484087537792895,11.484087537792895,0.1250000000000002,-3.723784486016629,0.8991836207665367,11.77777777777778,266.322,252.21,266.072513308,96,0,0.2378315437321874,-0.3607842423470666,0.3607842423470666,0.2378315437321874,1.2222222222222223,1.8888888888888888,2.388888888888889,32.23311634225937,10.02896911234732,2.162687093217823,-2.064425394783195,2.2900865302583124,-2.1326294389798717,7.888180061378758,0.3933790322109843,2.5824856899562465,2.6916372754121594,682.6077568781543,13.499635521070497,10.389607834113914,11.20610441504164,8.303549018280203,5.371498739490333,6.917818217411894,4.224456042541768,5.75430098484577,2.8167174719450503,3.869594527654751,1.957245012486203,2.7653039911552892,-1.6599999999999997,9849.600421493124,12.788057640859453,4.220137893464348,2.164014810950415,105.64932380897127,4.523094936973348,5.7602474188744415,0.0,10.023291153407584,0.0,0.0,0.0,13.556770721936878,0.0,0.0,17.289397394048667,37.964481650927475,5.563451491696996,10.589411470366237,12.940891921302285,10.023291153407584,0.0,5.156663257125445,5.138973737607942,25.666695074589647,0.0,35.21672811080473,0.0,11.126902983393991,5.138973737607942,0.0,0.0,0.0,13.574460241454382,10.023291153407584,20.771211599071872,17.0176269054199,27.61767961787595,0.0,11.126902983393991,0.0,86.19,10.023291153407584,8.417796984328938,0.0,4.895483475517775,11.323698910571435,16.82083097824245,0.0,25.980208536304467,12.990104268152232,5.156663257125445,9.66206867458129,28.042894463340893,0.0,0.1250000000000002,9.04025533824641,2.8800996787603936,0.6497430083144369,5.1058564814814815,0.0,5.296602182539682,-3.723784486016629,0.25,18,2,5,0,0,0,0,1,1,2,0,0,4,1,6,1,2,0,0,0,0,0,2.9981870352220708,2,1.91426,67.52320000000002,0,0,0,0,0,1,0,0,0,0,0,0,0,0,0,1,0,1,0,0,0,0,0,0,0,0,0,0,0,0,3,0,0,0,1,0,0,0,0,0,0,0,0,0,0,0,0,0,0,0,0,0,0,0,0,0,0,0,0,0,0,0,0,0,0,0,0,0,0,0,0,0,0,0,0,0,1,0,0,0,0,0,0,0,0,CHEMBL2181701,Cc1ccc(-c2c(C)noc2C)cc1S(N)(=O)=O,7400.0,3.869231719730976,CHEMBL1163125,Bromodomain-containing protein 4,0,Medium-Polar-Aromatic-Rigid-Hydrophilic
11.135159342688205,11.135159342688205,0.0060162089527164,-0.4302992112482853,0.4820666784234736,15.2,363.80900000000014,345.6650000000001,363.12105049600007,132,0,0.2711601367423592,-0.3676872943720846,0.3676872943720846,0.2711601367423592,1.24,1.96,2.6,35.49569674063449,10.161314710135812,2.196918329317097,-2.3465070739293745,2.328096231895009,-2.4422460652229727,6.29268366536398,-0.384372065870444,2.544835576530287,1.9587654422694407,773.1944939723269,17.974327015758657,13.645707502131064,14.40163644814952,11.91872399336994,7.711955329738934,8.089919802748161,5.8079933536257435,6.19524209480744,4.0098398464976865,4.203464217088534,2.6980391093023735,2.887980036457148,-2.65,403101.95532239747,17.182064898869587,7.075349055414736,4.064176588045538,149.1123348763168,20.850275542869472,10.97097259472782,0.0,5.948339280986494,5.687386274683562,0.0,10.114318268765572,4.983978520947208,4.983978520947208,0.0,11.600939890232516,13.1140390511388,44.378126829035125,16.298083598184796,4.923311048817671,40.42930077310473,0.0,14.867866772744891,0.0,0.0,49.17706341834648,39.53289635950481,0.0,0.0,15.950365812018994,28.82836088287221,0.0,11.600939890232516,53.01787542789005,0.0,10.114318268765572,0.0,24.26546827384644,5.153109816892792,0.0,0.0,113.45,4.923311048817671,10.114318268765572,0.0,16.78883537256285,11.50524905251859,31.866411898333865,18.19910120538483,6.06636706846161,0.0,32.13223709027889,17.3346073673947,0.0,5.907324442343682,23.006491684811188,14.41375753363533,7.054874804094682,0.4119940662725658,6.252439198930601,0.0,3.4967671502757476,2.0674622307473136,0.3333333333333333,25,3,9,0,1,1,0,1,1,2,0,0,8,2,10,2,4,0,1,1,0,0,4.862764266091665,3,2.1158,97.54350000000002,0,0,0,1,0,2,0,0,0,0,0,0,0,0,0,5,1,1,0,1,0,0,0,0,0,0,0,0,0,4,0,0,0,0,1,0,0,0,0,0,0,0,0,0,1,0,0,0,0,0,0,0,0,0,0,0,0,0,1,1,1,0,0,0,0,0,0,0,0,0,1,0,0,0,0,0,0,0,0,0,0,0,0,0,0,CHEMBL5077222,CN1CCN(c2ccc([N+](=O)[O-])cc2Nc2cc(Cl)nc(N)n2)CC1,20400.0,4.309630167425898,CHEMBL3883320,Histone-lysine N-methyltransferase 2A/WDR5,0,Medium-Polar-Aromatic-Rigid-Hydrophilic
12.329544438145629,12.329544438145629,0.2629866360124298,-0.3101247165532879,0.6286076037436285,10.782608695652174,305.2970000000001,294.209,305.091274592,112,0,0.2909094240131658,-0.4509053435326275,0.4509053435326275,0.2909094240131658,1.0869565217391304,2.0,2.8260869565217392,16.34682232958131,10.22192268420988,2.122781276404105,-2.0500624589811873,2.2025025656221167,-2.10719327757447,6.042304802858832,0.0998479594567987,3.2437543429325855,1.5978402454854164,941.9905473824448,15.6480536021256,11.87885365482382,11.87885365482382,11.292826335683708,6.928444756365266,6.928444756365266,4.9073240320453895,4.9073240320453895,3.3668934502517933,3.3668934502517933,2.292236720263619,2.292236720263619,-3.4799999999999995,446823.91698462074,13.201552454656449,5.375366893152324,2.550062101973814,130.08134828114882,9.733939541059678,11.910340216406784,5.7602474188744415,0.0,5.907179729351506,0.0,4.794537184071822,4.681802935145184,0.0,5.098681808301038,24.26546827384644,40.75860553361779,11.073610489148358,5.687386274683562,9.211688121125167,22.563810360142107,0.0,20.20725493475596,0.0,0.0,5.316788604006331,66.68487110979348,0.0,5.687386274683562,5.316788604006331,5.687386274683562,0.0,0.0,26.114434664107463,0.0,0.0,10.554784602946263,65.34177462797237,0.0,16.656630630790602,0.0,85.84,0.0,4.794537184071822,0.0,11.667427148225949,11.270406416325804,11.073610489148358,11.009123009909723,18.19910120538483,36.39820241076966,20.842240603617103,4.417150937053347,7.0656762041236245,0.0,12.329544438145629,14.696132422163684,2.0564376964692626,-0.0471380805408581,16.413053857809484,1.486293461829176,0.0,0.0,0.0,23,1,7,0,0,0,1,2,2,4,0,0,6,1,7,2,3,0,0,0,0,0,3.0853560001293077,4,2.660800000000001,83.32120000000003,0,0,0,0,0,4,0,0,0,0,1,1,0,0,0,4,1,0,0,0,0,0,0,0,0,0,0,1,0,1,0,0,0,0,2,0,1,0,0,0,0,0,1,0,0,0,0,0,0,0,0,0,0,0,0,0,0,0,0,0,0,0,0,0,1,0,0,0,0,0,0,0,0,0,0,0,0,0,0,1,0,0,0,0,0,CHEMBL1541024,O=C(Nc1cccc(-n2cnnn2)c1)c1cc2ccccc2o1,5914.0,3.771881320190099,CHEMBL2096976,Peroxisome proliferator-activated receptor gamma/Nuclear receptor corepressor 2,0,Medium-Polar-Aromatic-Rigid-Hydrophilic
11.802655864457812,11.802655864457812,0.2858975994243853,-0.4925012434955615,0.5813928273000052,10.0,328.288,316.19200000000006,328.092002864,122,0,0.3244398849932086,-0.36260838670529,0.36260838670529,0.3244398849932086,0.75,1.25,1.6666666666666667,16.456024721363043,10.25373590210902,2.0728311215948194,-2.0859304837872856,2.1570764417937265,-2.207352405414674,6.010997440526079,0.2608957054517327,3.2089883189464774,1.568946289269995,750.1793534115657,16.77781011412252,12.146222506372377,12.146222506372377,11.68667318580106,6.7573989193271755,6.7573989193271755,4.508425262261581,4.508425262261581,2.7371536822296965,2.7371536822296965,1.7860475789152916,1.7860475789152916,-3.82,465941.8949227096,15.090210012188171,6.95981810923722,4.099237422616052,134.72863579652326,19.67976708195936,12.526325991278114,11.635725555670057,0.0,0.0,12.062229024676144,10.633577208012662,9.589074368143644,0.0,0.0,16.379693582712502,18.19910120538483,23.507506686290345,0.0,18.63526424209034,35.07272712971333,0.0,10.31332651425089,0.0,0.0,21.267154416025324,48.92452840204778,0.0,0.0,21.267154416025324,32.59957247318083,0.0,0.0,22.375555538927035,0.0,0.0,0.0,57.97071827599447,0.0,0.0,0.0,134.32,12.062229024676144,9.589074368143644,0.0,11.635725555670057,11.374772549367124,0.0,24.659060128201332,24.26546827384644,0.0,40.62667080422291,0.0,9.225421534385209,0.0,23.605311728915623,17.320230245390086,0.9633907575375836,0.5717951988487706,8.632023565914052,2.681826969008676,0.0,0.0,0.0,24,4,10,0,0,0,4,1,2,3,0,0,6,4,10,2,4,0,0,0,0,0,4.376046538125835,3,2.9505999999999997,84.7308,0,0,0,0,0,2,0,0,0,0,2,2,0,0,0,2,4,0,0,0,0,0,0,0,0,0,0,4,0,4,0,0,0,0,1,0,0,0,0,0,0,0,0,0,0,0,0,0,0,0,0,0,0,0,0,0,0,0,0,0,0,0,0,0,0,0,0,0,0,0,0,0,0,0,0,0,0,0,0,0,0,0,0,0,2,CHEMBL13611,O=C(Nc1cccc(NC(=O)Nc2ccon2)c1)Nc1ccon1,4000.0,3.6020599913279625,CHEMBL2780,Cyclophilin A,0,Medium-Polar-Aromatic-Rigid-Hydrophilic
13.037698648904003,13.037698648904003,0.170740740740741,-3.626747448979591,0.8998225518836173,16.291666666666668,351.42800000000017,330.26000000000005,351.1252771520001,130,0,0.2463651944679521,-0.4953371402235824,0.4953371402235824,0.2463651944679521,1.25,1.9583333333333333,2.5416666666666665,32.23342742598772,10.04296155397678,2.2931512490465105,-2.2696752209604036,2.3403090020254114,-2.4587437048302263,7.8884986010795455,0.3546984835487188,2.9346401795695147,2.107506449585232,819.5025715115527,17.319626477379405,13.9961465756343,14.812643156562029,11.446725536263529,7.770305413845891,9.21036874264653,5.718894610479589,7.625251475257674,4.179459304720258,6.0992922858751735,2.9526807915265376,4.5756523919281475,-1.9,328268.85048664594,16.940378092663696,6.541241242777452,2.9213752136445676,141.18661149933408,14.576746494779728,16.40524272767612,0.0,10.023291153407584,0.0,0.0,0.0,8.417796984328938,4.305215991296233,0.0,11.223030325587056,31.543660028001465,31.7424771153473,12.803725536125995,17.677754875102334,10.023291153407584,0.0,14.778667852428008,0.0,18.742957874899023,33.288823164927834,29.653276619107732,0.0,16.876414816677897,10.05365155780638,0.0,5.749511833283905,0.0,51.168499397678445,10.023291153407584,13.847474399381248,11.454175413722902,27.61767961787595,0.0,11.126902983393991,0.0,84.67,10.023291153407584,8.417796984328938,0.0,4.895483475517775,37.68878487580865,16.82083097824245,11.415013532573766,12.13273413692322,19.913841467842857,10.473451861131776,9.259957890773396,38.05349161385552,0.0,0.170740740740741,7.099985329008146,2.290148730788612,0.9928057025279252,5.140052831317712,0.0,5.822288468239045,-2.1528467498110344,0.4375,24,1,7,0,1,1,0,1,1,2,0,0,6,1,8,2,4,0,1,1,0,0,4.617129160332309,3,1.5609399999999998,89.59350000000003,0,0,0,0,0,1,0,0,0,0,0,0,0,0,0,2,1,0,0,0,0,0,0,0,0,0,0,0,0,0,2,0,0,0,1,0,0,0,0,0,0,1,0,0,0,0,0,0,0,0,0,0,0,0,0,1,0,0,0,0,0,0,0,0,0,0,0,0,0,0,1,0,0,0,0,0,1,0,0,0,0,0,0,0,0,CHEMBL2181708,COc1ccc(-c2c(C)noc2C)cc1S(=O)(=O)N1CCNCC1,11000.0,4.041392685158225,CHEMBL1795186,Bromodomain-containing protein 3,0,Medium-Polar-Aromatic-Rigid-Hydrophilic
11.90915627362056,11.90915627362056,0.1004166666666663,-0.681200869236583,0.7244675623344495,11.36842105263158,264.277,248.14899999999992,264.09977361200004,102,0,0.2011492916591536,-0.5038769577749843,0.5038769577749843,0.2011492916591536,1.1578947368421053,1.7894736842105263,2.3684210526315788,16.34803542074136,9.980283013963447,2.224423239472155,-2.1301958700510255,2.4386578902964526,-2.045090349719119,5.910541838744152,0.3647652289670484,2.30359247469253,2.9708017539898974,697.2741458297103,14.317472766266278,11.0199446869934,11.0199446869934,8.82427496044389,6.027045317571747,6.027045317571747,5.047769744473431,5.047769744473431,2.9285866925198065,2.9285866925198065,2.125518212227625,2.125518212227625,-2.1700000000000004,13611.927932958157,13.266099775753366,4.495073571136496,2.115692724012826,109.28681840385605,19.736733121575465,16.72949177498148,16.92781405846835,5.749511833283905,0.0,0.0,4.794537184071822,0.0,0.0,0.0,13.847474399381248,19.262464868778025,11.629818560158606,0.0,19.736733121575465,10.969244356107035,0.0,0.0,5.917906046161393,27.19203322199788,0.0,27.61339355500541,0.0,17.248535499851716,5.428790391900541,0.0,17.248535499851716,0.0,15.319582184522115,6.4208216229260096,12.841643245852016,25.171173309952685,15.27805518958678,0.0,10.969244356107035,0.0,90.9,22.677325891752258,20.11411936859394,0.0,16.887150402268432,17.744520533497447,0.0,6.06636706846161,6.923737199690624,13.847474399381248,0.0,4.417150937053347,5.460046296296296,0.0,11.90915627362056,29.345224867724873,0.0177371504157222,-1.1978127362055924,1.233824640967498,0.419212962962963,5.479277210884354,0.0,0.3571428571428571,19,3,5,0,0,0,0,1,1,2,0,0,5,3,5,1,2,0,0,0,0,0,3.1385312891604604,2,2.4167200000000006,70.75740000000003,0,0,0,0,0,0,0,3,0,0,0,0,0,0,0,0,0,0,0,0,0,0,0,0,0,0,0,0,0,0,1,0,0,0,1,0,1,0,0,0,0,0,0,0,0,0,0,0,0,0,0,0,0,0,0,0,0,0,0,0,0,0,0,0,0,3,3,0,0,0,0,0,0,0,0,0,0,0,0,0,0,0,0,0,0,CHEMBL226678,Cc1cc(=O)c2c(O)c(O)c(O)c(CC(C)C)c2o1,30000.0,4.477121254719663,CHEMBL400,MDA-MB-231,0,Medium-Polar-Aromatic-Rigid-Hydrophilic
11.246959719072814,11.246959719072814,0.0003989250020999,-0.6188299949609473,0.5730472041669598,10.545454545454543,301.218,294.16200000000003,301.044718324,110,0,0.3234517749559145,-0.3496356906169645,0.3496356906169645,0.3234517749559145,1.0454545454545454,1.8636363636363635,2.590909090909091,16.63292381869235,10.180622102359314,2.2248510591183126,-2.062310068797319,2.3355313029068716,-1.983850024219034,5.915315337423234,-0.3844084031235945,2.9477693528548263,2.068362540237762,890.499289604611,15.689869965382488,10.794197449456904,10.794197449456904,10.558550648063802,5.971923113579128,5.971923113579128,4.283234236607928,4.283234236607928,2.9197509998971234,2.9197509998971234,1.97630508688028,1.97630508688028,-3.5600000000000005,137967.3967910173,13.424313785563012,5.086989143892208,2.2822168721396516,121.16231332341232,5.316788604006331,11.204086992299825,0.0,5.516700717616262,5.687386274683562,5.687386274683562,20.228636537531145,4.629038936893349,0.0,0.0,6.06636706846161,28.51242771963572,17.820120411606784,9.846622097635342,14.475661034528692,33.78294653396677,0.0,10.31332651425089,0.0,0.0,5.316788604006331,56.6268389483008,0.0,0.0,5.316788604006331,22.74954509873425,0.0,0.0,20.159948611886232,0.0,20.228636537531145,0.0,41.02724134766301,0.0,11.033401435232523,0.0,137.23000000000002,9.846622097635342,20.228636537531145,0.0,28.09556025928321,5.687386274683562,0.0,30.33183534230805,6.06636706846161,0.0,20.25915405515057,0.0,4.489998397098866,0.0,20.83661336315467,31.83374658987664,0.2783473481985408,0.0,8.561294301671285,0.0,0.0,0.0,0.0,22,1,10,0,0,0,0,2,1,3,0,0,8,1,10,1,4,0,0,0,0,0,3.1040608405164347,3,2.782800000000001,74.8375,0,0,0,0,0,2,0,0,0,0,0,0,0,0,0,4,1,0,0,0,0,0,0,0,0,0,0,0,0,2,0,0,0,0,2,0,1,0,0,0,0,0,0,0,0,0,0,0,0,0,0,0,0,0,0,0,0,0,2,2,1,0,0,0,0,0,0,0,0,0,0,0,0,0,0,0,0,0,0,0,0,0,0,0,0,CHEMBL2311961,O=[N+]([O-])c1cccc(Nc2ccc3nonc3c2[N+](=O)[O-])c1,2800.0,3.447158031342219,CHEMBL3885518,Aryl hydrocarbon receptor nuclear translocator/Endothelial PAS domain-containing protein 1,0,Medium-Polar-Aromatic-Rigid-Hydrophilic
12.092531152893256,12.092531152893256,0.2384439300411525,-0.677107207594972,0.8285871725055488,12.0,372.7640000000001,359.66000000000014,372.05129919599995,132,0,0.3382743671191008,-0.486146811626428,0.486146811626428,0.3382743671191008,1.1538461538461535,1.9230769230769231,2.6923076923076925,35.4956916935542,10.164896795514649,2.1676550288251093,-2.180697384245931,2.304846395117299,-2.214152078942281,6.305601065312153,-0.1187393618251353,2.6562498380716426,1.6025441117692902,906.9398454106364,18.518297090128673,13.4518414795259,14.207770425544355,12.562881945713372,7.628856298217133,8.00682077122636,5.284455741141258,5.720891521613244,3.488390463604591,3.7234875663923304,2.2884291840744058,2.460532208027274,-3.24,836769.1677394907,17.578781138999013,7.761649979275945,4.045955240580087,153.58170683897805,19.527377465406477,19.28298524181811,18.105905631080727,0.0,5.907179729351506,5.969305287951848,4.794537184071822,4.794537184071822,5.261891554738487,0.0,11.600939890232516,36.39820241076966,5.022633313741326,16.814289258077554,23.79966322954379,29.16481118221943,5.261891554738487,0.0,0.0,0.0,25.137434497545087,52.547738707904976,0.0,17.568244979360085,14.790514511606428,5.687386274683562,11.49902366656781,11.600939890232516,31.69713091084211,9.53140013787187,11.33111286753076,15.921440167465814,36.39820241076966,5.022633313741326,0.0,0.0,97.65,18.48336698181627,9.589074368143644,0.0,16.814289258077554,29.735420909334973,0.0,30.33183534230805,6.06636706846161,6.069221312792274,5.316788604006331,31.073420306371148,15.769885485665815,5.854676855146374,24.06736468759782,11.89342872871133,0.7396393611470906,-0.2623542420701379,11.043929193513254,0.0,0.3378743747328976,0.0,0.1666666666666666,26,1,7,0,1,1,1,2,0,2,0,0,6,1,8,1,4,0,0,0,0,0,5.247705625508003,3,2.778380000000001,92.51120000000002,0,0,0,0,0,0,0,0,0,0,2,2,0,0,0,1,1,0,0,0,0,0,0,0,0,0,0,1,0,1,0,0,0,0,2,0,1,0,0,0,1,3,0,0,1,0,0,0,0,0,0,0,0,0,0,0,0,1,0,0,0,0,0,0,0,0,0,0,0,0,0,0,0,0,0,0,0,0,0,0,0,0,0,0,0,CHEMBL1306635,N#Cc1ccc(Cl)cc1NC(=O)COC(=O)c1ccc2c(c1)OCCO2,2777.0,3.4435758797502576,CHEMBL2096976,Peroxisome proliferator-activated receptor gamma/Nuclear receptor corepressor 2,0,Medium-Polar-Aromatic-Rigid-Hydrophilic
12.523809760015116,12.523809760015116,0.0392837196607034,-3.605080782312924,0.9139361763010668,15.045454545454543,322.3860000000001,304.242,322.098728056,118,0,0.2440244873763515,-0.4953372872936151,0.4953372872936151,0.2440244873763515,1.318181818181818,2.0454545454545454,2.590909090909091,32.233272359154384,10.04296957325834,2.2996314229311423,-2.118421975870846,2.336237382926089,-2.257384081685729,7.892523321040904,0.3933020489219888,3.2161132163099766,2.103633098624232,787.445094617417,15.905412915006313,12.712069686950873,13.5285662678786,10.419852082725852,7.057464775545083,8.540628023139474,5.460370599793669,7.142772841203186,3.6743551820723734,5.216055288272454,2.4214233253369355,3.921275656476326,-1.86,141843.4572921352,15.051788250673834,5.403678042341934,2.7352325764974443,129.0618357147341,9.259957890773396,16.40524272767612,0.0,10.023291153407584,0.0,0.0,0.0,13.139891848781026,0.0,0.0,11.223030325587056,44.38530327385348,11.605292320844956,12.803725536125995,17.677754875102334,10.023291153407584,0.0,9.878758121577532,0.0,37.62644194989901,7.109797541277533,29.653276619107732,0.0,16.876414816677897,9.458957818252138,0.0,5.749511833283905,0.0,26.726098611879877,10.023291153407584,13.847474399381248,24.295818659574923,27.61767961787595,0.0,11.126902983393991,0.0,81.43,10.023291153407584,8.417796984328938,0.0,10.937324304665736,11.509759252158346,29.66247422409447,7.109797541277533,19.056471336613843,12.990104268152232,9.878758121577532,9.259957890773396,38.09197147686234,0.0,0.1383333333333334,3.91403859074494,2.2776979927773584,0.9766917569496938,5.108991769547325,1.760125083984211,3.62784884941631,-2.1456988536155195,0.4,22,1,6,1,0,1,0,1,1,2,0,0,5,1,7,1,5,1,0,1,0,0,3.697046257643023,3,2.4077400000000004,81.30850000000004,0,0,0,0,0,1,0,0,0,0,0,0,0,0,0,1,1,0,0,0,0,0,0,0,0,0,0,0,0,0,2,0,0,0,1,0,0,0,0,0,0,1,0,0,0,0,0,0,0,0,0,0,0,0,0,1,0,0,0,0,0,0,0,0,0,0,0,0,0,0,0,0,0,0,0,0,1,0,0,0,0,0,0,0,0,CHEMBL2181720,COc1ccc(-c2c(C)noc2C)cc1S(=O)(=O)NC1CC1,1300.0,3.113943352306837,CHEMBL1795186,Bromodomain-containing protein 3,0,Medium-Polar-Aromatic-Rigid-Hydrophilic
12.206700207860925,12.206700207860925,0.2458353804484758,-1.0155427640962238,0.5874961547707895,18.03846153846154,358.39800000000014,336.2220000000001,358.16410518399994,138,0,0.3259156420133643,-0.479712130847205,0.479712130847205,0.3259156420133643,1.3461538461538465,2.1153846153846154,2.8846153846153846,16.368969925667493,10.051398923943156,2.3344996016367547,-2.2160282968478007,2.189248800447694,-2.485492445160886,5.902893615191708,-0.1475913584001714,3.2672913479549117,1.5428635862082956,831.4603545090389,18.681433796945207,14.273508121841251,14.273508121841251,12.469234250586764,8.576553580569511,8.576553580569511,6.471315526441856,6.471315526441856,4.723567344710158,4.723567344710158,3.3474419017152885,3.3474419017152885,-2.87,1025543.9428787836,17.937151795937684,7.5691042158015795,3.696198815116048,149.8942046658348,26.04087172780691,6.041840829147961,0.0,11.814359458703011,0.0,5.969305287951848,9.589074368143644,4.794537184071822,0.0,0.0,18.19910120538483,30.892283428936633,23.64452490960671,12.586597235060536,19.490138947056177,28.686589678735913,0.0,15.200676855804016,5.733667477162185,31.34614652707395,13.08951281182515,36.02576333715651,0.0,0.0,11.050456081168516,0.0,0.0,0.0,57.947274863414314,20.804433175141472,0.0,18.405094737549017,30.462311845459514,0.0,10.902924932081056,0.0,128.51999999999998,29.86734640495078,14.383611552215466,0.0,6.544756405912575,25.807221274690605,16.466376423778055,4.899909730850477,0.0,30.462311845459514,10.300767124953538,10.84019487200289,0.0,0.0,39.96215727281613,12.652623498157965,7.871648329935112,-1.8514248945986644,6.129639317895158,3.2519622654653944,0.150060876995574,0.0,0.3888888888888889,26,5,8,0,1,1,2,1,1,2,2,0,4,4,8,2,6,0,1,1,0,0,5.221852741465569,3,0.2295000000000004,95.35860000000004,1,0,0,0,0,1,1,0,1,1,3,2,0,0,0,1,2,1,0,0,1,1,0,0,0,0,0,2,0,0,0,0,0,0,1,0,1,0,0,0,0,0,0,0,0,0,0,0,0,0,0,0,0,0,0,0,0,0,0,0,0,0,0,0,1,0,0,0,0,0,0,0,0,0,0,0,0,0,0,0,0,0,0,0,0,CHEMBL1770807,N[C@@H](Cc1c[nH]c2ccccc12)C(=O)NCC(=O)N1CCC[C@H]1C(=O)O,33.11,1.5199591807520685,CHEMBL1949,Cyclophilin A,0,Medium-Polar-Aromatic-Rigid-Hydrophilic
13.009920871126226,13.009920871126226,0.1429629629629634,-3.666747448979591,0.836870640454275,16.291666666666668,352.4120000000002,332.25200000000007,352.10929274,130,0,0.2464361296509922,-0.495337140180849,0.495337140180849,0.2464361296509922,1.2083333333333333,1.9166666666666667,2.5,32.23342744321692,10.042962633257888,2.296799954820555,-2.264549898295513,2.341398541539444,-2.4026287763743515,7.888490581939259,0.0729441417472981,2.9346401795695147,2.107506449585232,818.6478185392793,17.319626477379405,13.904394866098164,14.72089144702589,11.446725536263529,7.64054890184897,9.080612230649608,5.581267046175384,7.487623910953468,4.073548436806874,5.99338141796179,2.854962494205293,4.444431107271833,-1.9,328268.85048664594,16.940378092663696,6.541241242777452,2.9213752136445676,140.75029454523292,13.996820844573444,16.40524272767612,0.0,10.023291153407584,0.0,0.0,0.0,8.417796984328938,4.305215991296233,0.0,11.223030325587056,31.543660028001465,18.652964303522147,26.017489465151833,22.414617828902383,10.023291153407584,0.0,9.461879248421678,0.0,18.742957874899023,33.41307428212852,29.653276619107732,0.0,16.876414816677897,4.736862953800049,0.0,5.749511833283905,0.0,51.29275051487913,14.760154107207631,13.847474399381248,11.454175413722902,27.61767961787595,0.0,11.126902983393991,0.0,81.87,10.023291153407584,8.417796984328938,0.0,4.895483475517775,43.506963987857795,11.126902983393991,11.415013532573766,19.056471336613843,12.990104268152232,5.156663257125445,13.996820844573444,43.15492946736137,0.0,0.1429629629629634,3.9341797646897754,2.2521780517762666,0.962397539262619,5.091673989040061,0.0,5.083537320396989,-2.20519242882338,0.4375,24,0,7,0,1,1,0,1,1,2,0,0,6,0,8,2,4,0,1,1,0,0,4.617129160332309,3,1.98794,87.54280000000004,0,0,0,0,0,1,0,0,0,0,0,0,0,0,0,2,0,0,0,0,0,0,0,0,0,0,0,0,0,0,2,0,0,0,1,0,0,0,0,0,0,2,0,0,0,0,0,0,0,0,0,0,0,0,0,1,1,0,0,0,0,0,0,0,0,0,0,0,0,0,0,0,0,0,0,0,1,0,0,0,0,0,0,0,0,CHEMBL2181710,COc1ccc(-c2c(C)noc2C)cc1S(=O)(=O)N1CCOCC1,6500.0,3.812913356642856,CHEMBL1795186,Bromodomain-containing protein 3,0,Medium-Polar-Aromatic-Rigid-Hydrophilic
11.143289486721123,11.143289486721123,0.0147203850676069,-0.4352634654684921,0.4820666784234736,15.2,363.80900000000014,345.6650000000001,363.121050496,132,0,0.2711601447679521,-0.3932126188922251,0.3932126188922251,0.2711601447679521,1.28,2.0,2.68,35.495696987775986,10.159858707380968,2.202321540303005,-2.3468227547414835,2.344183830550517,-2.4422820794687143,6.31916284050741,-0.3843721149268392,2.5955040271369363,1.9776612073084452,793.4444939723269,17.974327015758657,13.645707502131064,14.40163644814952,11.952397498181156,7.703789244543672,8.0817537175529,5.800646690850819,6.158659778301136,4.123275943724766,4.424466014389923,2.662068056254295,2.7952149061640728,-2.65,450994.77975531406,17.182064898869587,7.075349055414736,3.721005749835046,149.11233487631682,20.850275542869472,12.014706349448105,10.97097259472782,0.0,5.687386274683562,0.0,10.114318268765572,9.967957041894415,0.0,0.0,11.600939890232516,13.1140390511388,38.31175976057352,16.298083598184796,4.923311048817671,40.168347766801794,0.0,14.867866772744891,0.0,0.0,49.17706341834648,39.79384936580774,0.0,0.0,15.950365812018994,28.567407876569277,0.0,11.600939890232516,53.01787542789005,0.0,10.114318268765572,0.0,24.52642128014937,5.153109816892792,0.0,0.0,113.45,4.923311048817671,10.114318268765572,0.0,16.527882366259917,11.50524905251859,31.866411898333865,18.46005421168776,6.06636706846161,0.0,32.13223709027889,17.3346073673947,0.0,5.926028146047385,23.004488234517694,14.337211751742329,7.491380955938136,0.3156254199210548,4.71133659122085,1.28562216553288,3.4740171397777218,2.065400706413062,0.3333333333333333,25,3,9,0,1,1,0,1,1,2,0,0,8,2,10,2,4,0,1,1,0,0,4.862764266091665,3,2.1157999999999997,97.54350000000002,0,0,0,1,0,2,0,0,0,0,0,0,0,0,0,5,1,1,0,1,0,0,0,0,0,0,0,0,0,4,0,0,0,0,1,0,0,0,0,0,0,0,0,0,1,0,0,0,0,0,0,0,0,0,0,0,0,0,1,1,1,0,0,0,0,0,0,0,0,0,1,0,0,0,0,0,0,0,0,0,0,0,0,0,0,CHEMBL5090830,CN1CCN(c2ccc([N+](=O)[O-])cc2Nc2ncnc(Cl)c2N)CC1,2660.0,3.424881636631067,CHEMBL3883320,Histone-lysine N-methyltransferase 2A/WDR5,0,Medium-Polar-Aromatic-Rigid-Hydrophilic
6.0666151074754975,6.0666151074754975,0.2280196896124027,0.2280196896124027,0.6495799071996667,14.857142857142858,396.88600000000014,375.7180000000001,396.15777035200006,144,0,0.1582006790222936,-0.3932126189662963,0.3932126189662963,0.1582006790222936,1.0,1.75,2.5,35.49569712503301,10.062282495878971,2.1872658051859792,-2.3497304615635763,2.350222481056507,-2.442281176675716,6.319204151637806,0.3127260784404747,2.727146746377705,1.738777284443224,957.4023793858556,19.509860921691395,15.508475324272176,16.26440427029063,13.61419354072963,8.975179903301852,9.35314437631108,6.701166292459962,7.059179379910279,4.822782736882346,5.123972807547503,3.1882447853699967,3.3213916352797743,-2.97,3234570.5785957263,18.395948949503545,7.953723083280845,3.828714624750564,167.95574932177405,20.850275542869472,18.342026424212644,10.97097259472782,0.0,0.0,0.0,0.0,19.93591408378883,0.0,0.0,17.667306958694127,24.743857611297404,44.13616425857344,11.374772549367124,0.0,34.48096149211823,0.0,24.83582381463931,0.0,0.0,49.17706341834648,48.40053831503287,0.0,11.126902983393991,15.950365812018994,22.880021601885716,0.0,11.600939890232516,58.06252142096679,0.0,0.0,0.0,43.247428498140074,5.153109816892792,11.126902983393991,0.0,96.09,0.0,0.0,0.0,5.153109816892792,11.50524905251859,48.68070115641141,12.654640149529085,12.393687143226153,0.0,60.299295337558135,17.3346073673947,0.0,6.063169339122922,21.081305882035497,3.5716813487204906,10.30367065603237,0.48318441882926,6.2406884430727025,6.491473619023673,3.905114291984181,2.13748977895668,0.2631578947368421,28,3,8,0,1,1,0,1,2,3,0,0,8,2,9,3,4,0,1,1,0,0,5.225581564232941,4,2.6646,111.9151,0,0,0,1,0,4,0,0,0,0,0,0,0,0,0,6,1,1,0,1,0,0,0,0,0,0,0,0,0,4,0,0,0,0,1,0,0,0,0,0,0,0,0,0,1,0,0,0,0,0,0,0,0,0,0,0,0,0,0,0,0,0,0,0,0,0,0,0,0,0,1,0,0,0,0,0,0,0,0,0,0,0,0,0,0,CHEMBL5088638,CN1CCN(c2ccc(-c3cncnc3)cc2Nc2ncnc(Cl)c2N)CC1,5710.0,3.756636108245848,CHEMBL3883320,Histone-lysine N-methyltransferase 2A/WDR5,0,Medium-Polar-Aromatic-Rigid-Hydrophilic
10.858189912940995,10.858189912940995,0.1297577055513559,-0.5150491307634164,0.5715482375636954,10.526315789473683,256.221,248.157,256.059640116,94,0,0.3004115235873271,-0.3535859506467553,0.3535859506467553,0.3004115235873271,1.0526315789473684,1.7894736842105263,2.526315789473684,16.629483326954016,10.19209115037588,2.189006451082054,-2.0512136689975735,2.2987572876598925,-1.9405871798477503,5.9429796764136755,-0.3828017817473969,2.891846653915292,2.0842065622061514,739.0741271775435,13.242276208189782,9.607837542218846,9.607837542218846,9.25402019542349,5.472484341636078,5.472484341636078,3.8418215072713977,3.8418215072713977,2.643628353983343,2.643628353983343,1.7786584579781013,1.7786584579781013,-2.96,40451.1509949671,11.148770360027727,4.3722007262842695,1.9689444087898385,106.50933760091254,5.316788604006331,0.0,5.516700717616262,5.516700717616262,0.0,5.687386274683562,10.114318268765572,4.629038936893349,0.0,0.0,18.19910120538483,28.51242771963572,11.753753343145172,10.610697323501231,9.55234998571102,28.09556025928321,0.0,10.31332651425089,0.0,0.0,5.316788604006331,52.57888774799684,0.0,0.0,5.316788604006331,17.062158824050687,0.0,0.0,15.236637563068562,0.0,10.114318268765572,0.0,47.093608416124624,0.0,11.033401435232523,0.0,94.09,4.923311048817671,10.114318268765572,0.0,11.204086992299825,11.204086992299825,5.687386274683562,6.06636706846161,6.06636706846161,30.33183534230805,20.25915405515057,0.0,4.589673563869992,0.0,10.343140782177578,21.25148088673792,1.7847675212060143,0.0,12.364270579341827,0.0,0.0,0.0,0.0,19,1,7,0,0,0,0,2,1,3,0,0,6,1,7,1,3,0,0,0,0,0,2.565508519225777,3,2.8746,68.18310000000002,0,0,0,0,0,2,0,0,0,0,0,0,0,0,0,3,1,0,0,0,0,0,0,0,0,0,0,0,0,2,0,0,0,0,2,0,1,0,0,0,0,0,0,0,0,0,0,0,0,0,0,0,0,0,0,0,0,0,1,1,1,0,0,0,1,0,0,0,0,0,0,0,0,0,0,0,0,0,0,0,0,0,0,0,0,CHEMBL1371773,O=[N+]([O-])c1ccc(Nc2ccccc2)c2nonc12,41500.0,4.6180480967120925,CHEMBL2146298,Protein skinhead-1,0,Medium-Polar-Aromatic-Rigid-Hydrophilic
13.441698613694882,13.441698613694882,0.055611300075586,-1.6721437625976328,0.4452638364243069,31.576923076923077,369.3490000000001,349.1890000000001,369.13361358,142,0,0.1803111877297381,-0.3935668555786842,0.3935668555786842,0.1803111877297381,1.2307692307692308,1.9615384615384617,2.6153846153846154,19.142147652303333,9.92772949396948,2.4477231058646893,-2.3910715160851836,2.3100834397426366,-2.5613809333627264,5.297650367759477,-0.2537354894791441,3.1054489478076897,1.8930577405821216,767.9482847451329,19.06011345338556,13.844531000555564,13.844531000555564,12.25125598890384,7.966446530986175,7.966446530986175,6.3858041426096745,6.3858041426096745,4.52357311790656,4.52357311790656,2.8638943698800525,2.8638943698800525,-1.95,751658.3905721123,18.8296169333299,6.986876656987755,3.2240231199281313,147.44778748692988,30.269499928003576,41.52806519787125,6.22790117073487,0.0,0.0,0.0,0.0,9.072217982820003,0.0,5.098681808301038,17.34611923257809,24.61992282831084,0.0,12.803725536125995,34.65991497567839,0.0,0.0,14.99386983910109,0.0,43.168554732402384,6.606881964512918,47.536912173050865,0.0,0.0,0.0,4.39041504767482,0.0,0.0,71.54925432881073,10.337913764783735,5.817220841045894,24.40901785697095,30.462311845459517,0.0,0.0,0.0,141.09000000000003,48.66892033827058,29.92305202187835,0.0,11.257379486545457,0.0,10.748170003606797,31.31968197668853,0.0,0.0,10.312066903955904,4.736862953800049,19.878975215693707,0.0,0.0,57.40409943478369,-1.3680577732636268,-0.5239810832505636,5.36941916880957,-5.670593508415255,0.8268052123091358,0.0,0.5,26,5,9,0,1,1,0,1,1,2,6,0,9,5,10,2,4,0,1,1,0,1,5.060008115827078,3,-1.3546000000000007,84.11100000000002,0,5,4,0,0,3,0,0,0,0,0,0,0,0,0,3,0,0,0,0,0,0,0,0,0,0,0,0,0,0,0,0,0,0,1,0,0,0,0,0,0,1,0,0,1,0,0,0,0,0,0,0,0,0,0,0,0,0,0,0,0,0,0,0,0,0,0,0,0,0,0,0,0,0,0,0,0,0,0,0,0,0,0,0,0,CHEMBL5283210,C[C@](O)(c1cccc(F)c1)c1cn(C2O[C@H](CO)[C@@H](O)[C@H](O)[C@H]2O)nn1,0.24,-0.619788758288394,CHEMBL2221344,Tumour suppressor protein p53/Mdm4,0,Medium-Polar-Aromatic-Rigid-Hydrophilic
11.260838529856386,11.260838529856386,0.0790123456790123,-0.7443773620559331,0.8156693376567582,10.411764705882351,252.65699999999995,243.585,252.030169828,88,0,0.2861740206051932,-0.4486161778955324,0.4486161778955324,0.2861740206051932,1.3529411764705883,2.0588235294117645,2.7058823529411766,35.49566332583224,10.185780851544012,2.1902770130921003,-2.009317498091177,2.299054095005561,-2.170691476980609,6.2936516958365765,-0.1134647278598782,2.682884793458579,2.593531507649498,591.414110503562,12.41384908344359,8.696567471535493,9.452496417553949,8.130228955335799,4.803336617217864,5.337859101042713,3.3484033616242765,3.615664603536701,2.205060833625699,2.447800399699908,1.5159001509992525,1.5827154614773586,-2.01,9218.392150323678,11.47466814585883,4.466404723123183,2.094174794958787,101.5182865660888,15.467607018221862,17.150409861296144,0.0,11.667427148225949,5.907179729351506,0.0,9.589074368143644,0.0,0.0,11.600939890232516,12.13273413692322,12.13273413692322,5.386224214464796,0.0,14.006225305196992,40.07192997972613,0.0,0.0,5.733667477162185,0.0,11.19679204897667,30.02571569272088,0.0,0.0,11.050456081168516,5.687386274683562,0.0,11.600939890232516,17.69436290367335,4.794537184071822,0.0,10.554784602946263,28.682619210899787,0.0,10.969244356107035,0.0,85.33000000000001,11.814359458703011,9.589074368143644,0.0,17.327637138528342,10.969244356107035,0.0,0.0,24.26546827384644,0.0,5.316788604006331,21.75175830444805,5.2736394557823125,5.393174305730522,22.466239134542704,3.1099691358024693,5.919296579743009,-1.4638851883345925,6.912677687844686,0.0,0.0,0.0,0.0909090909090909,17,3,5,0,0,0,2,1,1,2,0,0,3,2,6,1,3,0,0,0,0,0,3.014736000172648,2,1.709,64.08160000000001,0,0,0,0,0,0,0,0,0,0,2,2,0,0,0,0,1,1,0,0,0,0,0,0,0,1,0,2,0,1,0,0,0,0,1,0,1,0,0,0,0,0,1,0,1,0,0,0,0,0,0,0,0,0,0,0,0,0,0,0,0,0,0,0,1,0,0,0,0,0,0,1,0,0,0,0,0,0,0,0,0,0,0,0,0,CHEMBL5429883,NC(=O)c1oc2ccccc2c1NC(=O)CCl,900.0,2.9542425094393248,CHEMBL5465250,YAP1-TEAD4,0,Medium-Polar-Aromatic-Rigid-Hydrophilic
11.217533661727243,11.217533661727243,0.2583393347050751,-0.5326226490494166,0.5966931474155386,10.714285714285714,302.721,291.633,302.057053272,106,0,0.3233081064196063,-0.3655987372819005,0.3655987372819005,0.3233081064196063,1.0952380952380951,1.8571428571428572,2.5714285714285716,35.49569167273128,10.15889291600517,2.065506386576175,-2.089315669301945,2.269353734426582,-2.1027909381993206,6.333153265411019,0.1000075527614962,2.7984856414380346,1.9381107940614128,897.3705534331974,14.98276318419594,10.735912938264336,11.49184188428279,10.024877143252588,6.11197340498846,6.489937877997688,4.52336335357965,4.930563480320256,3.048578650887558,3.361287659375858,2.0355533120739424,2.2633415014288354,-2.7299999999999995,74985.42276233213,13.262204645280816,4.989334272573161,2.611250938878225,123.47997568124356,21.01841312306293,0.0,0.0,5.907179729351506,0.0,5.689743398203474,4.794537184071822,4.794537184071822,0.0,0.0,11.600939890232516,36.39820241076966,11.250837766380558,21.743421023657415,4.794537184071822,39.91629360418367,0.0,9.967957041894415,5.733667477162185,0.0,5.316788604006331,57.46856779848327,0.0,0.0,16.740199479371988,11.374772549367124,0.0,11.600939890232516,15.87513677124592,0.0,0.0,10.357988675768818,41.19273959484149,5.022633313741326,11.033401435232523,0.0,103.76999999999998,5.907179729351506,9.589074368143644,0.0,5.689743398203474,21.790171797738147,11.204086992299825,6.06636706846161,24.26546827384644,6.06636706846161,15.284745645900744,17.3346073673947,0.0,6.111453460499425,27.63752637564868,3.503037472705132,8.08626474747761,-0.5326226490494166,10.138785037163014,0.0,0.0,0.0,0.0,21,5,6,0,0,0,1,2,1,3,0,0,3,4,7,1,3,0,0,0,0,0,3.1509320079323127,3,2.3521,82.172,0,0,0,0,0,2,2,0,0,0,1,1,0,0,0,0,3,1,0,0,0,2,0,0,0,0,0,1,0,2,0,0,0,0,2,0,1,0,0,0,0,0,0,0,1,0,0,1,0,0,0,0,0,0,0,0,0,0,0,0,0,0,0,0,0,0,0,0,0,0,0,1,0,0,0,0,0,0,0,0,0,0,0,0,0,CHEMBL4074632,NC(=O)c1ccc(Nc2ccc3[nH]c(=O)[nH]c3c2)c(Cl)c1,43000.0,4.633468455579586,CHEMBL4106125,BCoR-BCL6,0,Medium-Polar-Aromatic-Rigid-Hydrophilic
12.280135702077684,12.280135702077684,0.0846229108998855,-0.7056967540102457,0.5652529095894648,11.89655172413793,393.3550000000001,378.2350000000001,393.0960852,146,0,0.3380735099317107,-0.4815837406439127,0.4815837406439127,0.3380735099317107,1.137931034482759,1.862068965517241,2.586206896551724,16.536096981978638,10.096823309514985,2.185374110878779,-2.1776071213190464,2.2815813321665974,-2.253251074994825,6.021906950410316,-0.1183673630998232,2.7149493237905404,1.5686712958182008,1023.5023224902964,20.802754140504845,15.059475566170162,15.059475566170162,13.956728795830726,8.499316577462793,8.499316577462793,6.007516207477764,6.007516207477764,3.912724466744347,3.912724466744347,2.520954040699437,2.520954040699437,-4.1899999999999995,3222123.577069204,19.5682472483434,8.665559552799564,4.954881120411398,164.76768599507827,20.10730311561276,12.170333456209914,18.997008875390776,5.907179729351506,5.907179729351506,5.969305287951848,14.383611552215466,4.794537184071822,5.261891554738487,0.0,0.0,42.46456947923127,11.250837766380558,17.320059079172832,28.651874643887385,34.941682242386925,5.261891554738487,0.0,0.0,6.4208216229260096,23.847341137038494,53.59147246262526,0.0,11.81873314607618,15.370440161812713,11.374772549367124,5.749511833283905,0.0,36.78067362204563,14.325937321943693,11.33111286753076,27.13679897446364,42.46456947923127,0.0,0.0,0.0,134.59,24.26661192818121,19.178148736287287,0.0,30.061786300184423,17.12428438265103,0.0,36.39820241076966,12.135588381253884,0.0,10.633577208012662,14.735617462338585,10.254409788973597,0.0,47.114522868877515,13.56536636597093,1.267362841330143,-1.467451715078125,12.10290882224173,-0.273409104484877,-0.563709867830908,0.0,0.15,29,2,9,0,1,1,2,2,0,2,0,0,7,2,9,1,6,0,0,0,0,0,5.847234892221584,3,1.9093799999999996,100.48140000000002,0,0,0,0,0,0,0,0,0,0,4,4,0,0,0,1,2,0,0,0,0,0,0,0,0,0,0,2,0,2,0,0,0,0,2,0,1,0,0,0,1,2,0,0,0,0,0,0,0,0,0,1,1,0,0,0,0,1,0,0,0,0,0,0,0,0,0,0,0,0,0,0,0,0,0,0,0,0,0,0,0,0,0,0,0,CHEMBL1513785,N#CCC(=O)Nc1ccc(C(=O)OCC(=O)c2ccc3c(c2)NC(=O)CO3)cc1,4393.0,3.64276120326532,CHEMBL2096976,Peroxisome proliferator-activated receptor gamma/Nuclear receptor corepressor 2,0,Medium-Polar-Aromatic-Rigid-Hydrophilic
11.096967172671537,11.096967172671537,0.0184176587301587,-0.4414363049746654,0.4333920607820238,14.458333333333334,349.7820000000002,333.6540000000001,349.105400432,126,0,0.2711601447679186,-0.3932126188922251,0.3932126188922251,0.2711601447679186,1.3333333333333333,2.0833333333333335,2.7916666666666665,35.49569693621357,10.16433024988874,2.18669570853312,-2.3072546060933927,2.341434095950994,-2.432821911702587,6.3191603660027065,-0.3843719917240665,2.5940690479249335,2.001694967114139,764.7833312985293,17.10408352775558,12.698493906631109,13.454422852649564,11.558550648063802,7.331226898196586,7.709191371205812,5.247370765567208,5.605383853017524,3.736994770551225,4.038184841216382,2.520453109796516,2.653599959706294,-2.65,318437.54004707315,16.216343556988203,6.850695679146933,3.312576054725085,142.53742127532487,21.267154416025324,12.014706349448105,10.97097259472782,0.0,5.687386274683562,0.0,10.114318268765572,9.967957041894415,0.0,0.0,11.600939890232516,6.06636706846161,38.31175976057352,16.298083598184796,4.923311048817671,40.168347766801794,0.0,15.284745645900744,0.0,0.0,42.12939143566929,39.79384936580774,0.0,0.0,21.267154416025324,28.567407876569273,0.0,11.600939890232516,41.070293714362386,0.0,10.114318268765572,0.0,24.52642128014937,5.153109816892792,0.0,0.0,122.24,4.923311048817671,10.114318268765572,0.0,16.527882366259917,11.50524905251859,31.866411898333865,18.46005421168776,6.06636706846161,0.0,25.501443980757553,17.3346073673947,0.0,5.907235420815266,20.660186058285504,17.542094299432865,7.445488341941715,0.3119281462585033,4.677039539066655,1.28062216553288,3.2865171397777218,0.0,0.2857142857142857,24,4,9,0,1,1,0,1,1,2,0,0,8,3,10,2,4,0,1,1,0,0,4.628884780725888,3,1.7735999999999998,92.91620000000002,0,0,0,1,0,2,0,0,0,0,0,0,0,0,0,4,2,1,0,0,0,0,0,0,0,0,0,0,0,4,0,0,0,0,1,0,0,0,0,0,0,0,0,0,1,0,0,0,0,0,0,0,0,0,0,0,0,0,1,1,1,0,0,0,0,0,0,0,0,0,1,0,0,0,0,0,0,0,0,0,0,0,0,0,0,CHEMBL5093085,Nc1c(Cl)ncnc1Nc1cc([N+](=O)[O-])ccc1N1CCNCC1,45100.0,4.654176541877961,CHEMBL3883320,Histone-lysine N-methyltransferase 2A/WDR5,0,Medium-Polar-Aromatic-Rigid-Hydrophilic
11.726694853867471,11.726694853867471,0.2392839033761649,-0.2392839033761649,0.4881816510327388,9.904761904761903,301.37500000000006,286.255,301.09973110000004,108,0,0.3187355455049421,-0.3378670856912078,0.3378670856912078,0.3187355455049421,1.238095238095238,2.047619047619047,2.857142857142857,32.091937742449,10.241456187619097,2.0235219696949547,-2.0726397606794524,2.1414473870009054,-2.290872700125537,7.778103626005986,0.2516688901037138,2.504415256314776,1.7942412908050331,669.2168833244676,14.916002794556722,11.373315838121922,12.189812419049648,10.292024997884274,6.586614824864154,6.994863115328016,4.320850206122348,4.503424391957403,2.773991988448841,2.903091433322422,1.7797447355414218,1.8710318284589496,-2.3699999999999997,67746.937098571,15.027158953632522,8.037259433113942,4.905767540924638,127.25736549982967,10.633577208012662,0.0,0.0,0.0,0.0,6.031114512338072,9.967957041894415,9.786941916707493,0.0,0.0,0.0,43.258617894283546,31.170586229734862,16.19466328735807,4.794537184071822,40.1310375174264,0.0,15.284745645900744,4.992404732635668,12.84164324585202,18.40630141583148,30.592788348610984,0.0,0.0,10.633577208012662,10.481923458755384,0.0,12.217873443046695,34.24984621818319,0.0,0.0,12.84164324585202,35.58519308124665,0.0,11.033401435232523,0.0,79.27,0.0,4.794537184071822,0.0,6.031114512338072,18.776899086508713,23.87504468108454,0.0,24.52642128014937,6.06636706846161,42.973074277714986,0.0,0.0,4.472007026472821,23.903897513289127,7.860016784519885,2.2237882946725147,0.0,5.165504612592733,4.969714550901367,1.238404550884883,0.0,0.2857142857142857,21,2,6,0,0,0,2,1,1,2,0,0,5,2,7,1,6,0,0,0,0,0,5.751294050142173,2,2.6343000000000005,85.68640000000002,0,0,0,0,0,2,0,0,0,0,1,1,1,0,1,3,2,0,0,0,0,0,0,0,0,0,0,2,0,1,0,0,0,0,1,0,1,0,0,0,0,0,0,0,0,0,0,0,0,0,1,0,0,0,0,0,0,0,0,0,0,0,0,0,0,0,0,0,0,0,0,0,0,0,0,0,0,0,0,0,0,0,0,1,1,CHEMBL4462256,O=C(NCCCCN=C=S)Nc1ccc2nccnc2c1,7943.28,3.899999871665804,CHEMBL612545,Unchecked,0,Medium-Polar-Aromatic-Rigid-Hydrophilic
