MaxAbsEStateIndex,MaxEStateIndex,MinAbsEStateIndex,MinEStateIndex,qed,SPS,MolWt,HeavyAtomMolWt,ExactMolWt,NumValenceElectrons,NumRadicalElectrons,MaxPartialCharge,MinPartialCharge,MaxAbsPartialCharge,MinAbsPartialCharge,FpDensityMorgan1,FpDensityMorgan2,FpDensityMorgan3,BCUT2D_MWHI,BCUT2D_MWLOW,BCUT2D_CHGHI,BCUT2D_CHGLO,BCUT2D_LOGPHI,BCUT2D_LOGPLOW,BCUT2D_MRHI,BCUT2D_MRLOW,AvgIpc,BalabanJ,BertzCT,Chi0,Chi0n,Chi0v,Chi1,Chi1n,Chi1v,Chi2n,Chi2v,Chi3n,Chi3v,Chi4n,Chi4v,HallKierAlpha,Ipc,Kappa1,Kappa2,Kappa3,LabuteASA,PEOE_VSA1,PEOE_VSA10,PEOE_VSA11,PEOE_VSA12,PEOE_VSA13,PEOE_VSA14,PEOE_VSA2,PEOE_VSA3,PEOE_VSA4,PEOE_VSA5,PEOE_VSA6,PEOE_VSA7,PEOE_VSA8,PEOE_VSA9,SMR_VSA1,SMR_VSA10,SMR_VSA2,SMR_VSA3,SMR_VSA4,SMR_VSA5,SMR_VSA6,SMR_VSA7,SMR_VSA8,SMR_VSA9,SlogP_VSA1,SlogP_VSA10,SlogP_VSA11,SlogP_VSA12,SlogP_VSA2,SlogP_VSA3,SlogP_VSA4,SlogP_VSA5,SlogP_VSA6,SlogP_VSA7,SlogP_VSA8,SlogP_VSA9,TPSA,EState_VSA1,EState_VSA10,EState_VSA11,EState_VSA2,EState_VSA3,EState_VSA4,EState_VSA5,EState_VSA6,EState_VSA7,EState_VSA8,EState_VSA9,VSA_EState1,VSA_EState10,VSA_EState2,VSA_EState3,VSA_EState4,VSA_EState5,VSA_EState6,VSA_EState7,VSA_EState8,VSA_EState9,FractionCSP3,HeavyAtomCount,NHOHCount,NOCount,NumAliphaticCarbocycles,NumAliphaticHeterocycles,NumAliphaticRings,NumAmideBonds,NumAromaticCarbocycles,NumAromaticHeterocycles,NumAromaticRings,NumAtomStereoCenters,NumBridgeheadAtoms,NumHAcceptors,NumHDonors,NumHeteroatoms,NumHeterocycles,NumRotatableBonds,NumSaturatedCarbocycles,NumSaturatedHeterocycles,NumSaturatedRings,NumSpiroAtoms,NumUnspecifiedAtomStereoCenters,Phi,RingCount,MolLogP,MolMR,fr_Al_COO,fr_Al_OH,fr_Al_OH_noTert,fr_ArN,fr_Ar_COO,fr_Ar_N,fr_Ar_NH,fr_Ar_OH,fr_COO,fr_COO2,fr_C_O,fr_C_O_noCOO,fr_C_S,fr_HOCCN,fr_Imine,fr_NH0,fr_NH1,fr_NH2,fr_N_O,fr_Ndealkylation1,fr_Ndealkylation2,fr_Nhpyrrole,fr_SH,fr_aldehyde,fr_alkyl_carbamate,fr_alkyl_halide,fr_allylic_oxid,fr_amide,fr_amidine,fr_aniline,fr_aryl_methyl,fr_azide,fr_azo,fr_barbitur,fr_benzene,fr_benzodiazepine,fr_bicyclic,fr_diazo,fr_dihydropyridine,fr_epoxide,fr_ester,fr_ether,fr_furan,fr_guanido,fr_halogen,fr_hdrzine,fr_hdrzone,fr_imidazole,fr_imide,fr_isocyan,fr_isothiocyan,fr_ketone,fr_ketone_Topliss,fr_lactam,fr_lactone,fr_methoxy,fr_morpholine,fr_nitrile,fr_nitro,fr_nitro_arom,fr_nitro_arom_nonortho,fr_nitroso,fr_oxazole,fr_oxime,fr_para_hydroxylation,fr_phenol,fr_phenol_noOrthoHbond,fr_phos_acid,fr_phos_ester,fr_piperdine,fr_piperzine,fr_priamide,fr_prisulfonamd,fr_pyridine,fr_quatN,fr_sulfide,fr_sulfonamd,fr_sulfone,fr_term_acetylene,fr_tetrazole,fr_thiazole,fr_thiocyan,fr_thiophene,fr_unbrch_alkane,fr_urea,chembl_id,smiles,ic50_value,log_ic50,target_chembl_id,target_name,KMeansCluster
15.210454378805323,15.210454378805323,0.0592704227840608,-1.553812171251239,0.016107748106192,21.76923076923077,1266.4729999999995,1178.7769999999991,1265.6669258439997,494,0,0.2456755447164284,-0.3936790815918555,0.3936790815918555,0.2456755447164284,0.7252747252747253,1.4065934065934067,2.10989010989011,16.25621082359436,10.010219117747251,2.4213060110325046,-2.308444145351176,2.23793343524644,-2.6036897074841843,5.998448598363182,-0.1429403272247134,2.2680754681174826,1.3632501730969306,3141.584099461335,66.31188610433715,51.47964933235429,51.47964933235429,43.48662011207979,30.72569504687479,30.72569504687479,23.00825745734148,23.00825745734148,16.069547853089993,16.069547853089993,11.152473459637584,11.152473459637584,-9.450000000000005,1.976886545674765e+20,70.63515629458534,34.50134185629503,20.540825474790516,526.2803163816902,90.25921384903874,66.46024912062755,5.959554568743835,70.88615675221807,0.0,0.0,62.94372981465338,0.0,0.0,0.0,60.68297676136064,108.21453870933556,56.49941816697449,6.606881964512918,62.64097360370256,87.74863625304299,5.409283605791522,67.95168402271148,17.201002431486554,170.7021418177376,32.78590758816322,84.07309038482934,0.0,0.0,70.36888847154988,0.0,0.0,0.0,195.9821934072415,70.37608945471388,5.409283605791522,102.527152434652,72.94618740143534,0.0,10.902924932081056,0.0,469.54999999999984,143.95328783735854,53.05189923555892,9.589074368143644,83.38121839281565,54.25787081309166,6.923737199690624,35.799334074749964,60.79414718776757,0.0,58.15186456101053,22.61028603727808,0.0,0.0,173.4476308425244,44.45882203128103,18.680320742449975,-9.583894770663742,1.531655407510423,6.261570252379028,3.7038954945189024,0.0,0.5245901639344263,91,19,30,0,3,3,12,2,1,3,11,0,15,16,30,4,26,0,2,2,0,0,26.780304114201304,6,-3.4221300000000223,332.72740000000044,0,1,1,0,0,1,1,0,0,0,12,12,0,0,0,2,12,3,0,0,1,1,0,0,0,0,0,12,0,0,0,0,0,0,2,0,2,0,0,0,0,0,0,1,0,0,0,0,0,0,0,0,0,0,0,0,0,0,0,0,0,0,0,0,1,0,0,0,0,0,0,1,0,0,0,0,0,0,0,0,0,0,0,1,0,CHEMBL4797874,CC(=O)N[C@@H](CO)C(=O)N[C@@H](C)C(=O)N[C@@H](CCCNC(=N)N)C(=O)N[C@@H](Cc1c[nH]c2ccccc12)C(=O)N[C@H]1C/C=C\C[C@@H](C(=O)N2CCC[C@H]2C(=O)N[C@@H](CCCCN)C(N)=O)NC(=O)[C@H](C)NC(=O)[C@@H]2CCCN2C(=O)[C@H](Cc2ccccc2)NC1=O,1390.0,3.143014800254095,CHEMBL2093861,Menin/Histone-lysine N-methyltransferase MLL,1
15.457137729688656,15.457137729688656,0.0056403507614051,-1.6591112001793078,0.0555198981425493,24.096153846153847,1455.8959999999986,1332.919999999999,1454.9264945839998,580,0,0.2498681298123658,-0.3901264861786781,0.3901264861786781,0.2498681298123658,0.5288461538461539,0.9903846153846154,1.4903846153846154,16.48113766272176,9.910529162049544,2.459503776988245,-2.4138971651205128,2.2688814243529554,-2.633853623996183,5.998171899978015,-0.1573824873660534,0.8044207225443043,2.332346081379841,3271.222921234322,78.89300064080828,65.88648256820781,65.88648256820781,48.60806800966396,36.40703279881601,36.40703279881601,30.069227928241347,30.069227928241347,18.667829567334337,18.667829567334337,12.381051564221458,12.381051564221458,-8.66,2.191134125911076e+26,89.55383892704774,42.33307856807943,26.185052783279847,616.5103270974116,70.72670148462576,67.02529025599252,0.0,70.88615675221807,0.0,0.0,57.53444620886186,0.0,10.228500251258795,0.0,127.28346221472133,130.19594887083676,55.02109015342388,30.63037730754092,67.37783655750262,87.94831557626878,0.0,55.566522531978656,51.65384257438854,215.827099611834,74.40901281768507,66.74934382982225,0.0,0.0,26.583943020031658,17.062158824050687,0.0,0.0,245.9066511559188,62.27130916266191,41.42534232312975,149.30472493260606,76.97784408108106,0.0,0.0,0.0,341.85,174.92076990486856,43.46282486741528,19.178148736287287,62.19655392220163,17.062158824050687,14.69972919255143,75.85708000183284,97.0164030222718,73.58899880290981,36.81244327129045,4.736862953800049,5.914918411310927,0.0,185.8857046387071,34.41808847628569,1.5266763587725336,-11.697928872129038,2.008946466751767,2.591413024026769,26.164426243991173,9.68775525228309,0.6578947368421053,104,6,28,0,1,1,12,2,0,2,12,0,16,6,28,1,22,0,1,1,0,0,36.452785570883094,3,6.319800000000019,399.2793000000016,0,1,1,0,0,0,0,0,0,0,12,12,0,0,0,9,5,0,0,7,0,0,0,0,0,0,2,12,0,1,0,0,1,0,2,0,0,0,0,0,0,1,0,0,0,0,0,0,0,0,0,0,0,0,0,0,0,0,0,0,0,0,0,0,0,0,0,0,0,0,0,0,0,0,0,0,0,0,0,0,0,0,0,0,0,CHEMBL1213209,C/C=C/C[C@@H](C)[C@@H](O)[C@H]1C(=O)N[C@@H](CC)C(=O)N(C)CC(=O)N(C)[C@@H](CC(C)C)C(=O)N[C@@H](C(C)C)C(=O)N(C)[C@@H](CC(C)C)C(=O)N[C@@H](C)C(=O)N[C@H](COCC(=O)Nc2ccc(/N=N/c3ccccc3)cc2)C(=O)N(C)[C@@H](CC(C)C)C(=O)N(C)[C@@H](CC(C)C)C(=O)N(C)[C@@H](C(C)C)C(=O)N1C,4.75,0.6766936096248666,CHEMBL1949,Cyclophilin A,1
15.19601167239307,15.19601167239307,0.0251147702282108,-1.5571576432227074,0.0176946341801095,22.244444444444444,1252.446,1166.765999999999,1251.65127578,488,0,0.2456755447164284,-0.3936790815918555,0.3936790815918555,0.2456755447164284,0.7444444444444445,1.4222222222222225,2.111111111111111,16.25620972342706,10.010215780762238,2.421875633131686,-2.308760925615899,2.2371817062236112,-2.603756778298944,5.998494013390533,-0.1429431077908312,2.231507631780895,1.368194819909048,3139.003107727749,65.76791602996713,50.93567925798427,50.93567925798427,42.84246215973637,30.136378649397752,30.136378649397752,22.936786551553535,22.936786551553535,15.730111712310304,15.730111712310304,10.99211099088872,10.99211099088872,-9.450000000000005,7.887999302247791e+19,69.6475566016435,33.22175999164771,19.77751738199871,519.9153742672937,90.25921384903874,66.46024912062755,5.959554568743835,70.88615675221807,0.0,0.0,62.94372981465338,0.0,0.0,0.0,60.68297676136064,95.75187625726156,62.54125899612245,6.606881964512918,62.64097360370256,87.74863625304299,5.409283605791522,67.95168402271148,17.201002431486554,170.82607660072415,26.241151182250643,84.07309038482934,0.0,0.0,70.36888847154988,0.0,0.0,0.0,195.47927783047692,70.37608945471388,5.409283605791522,96.6092463884906,72.94618740143534,0.0,10.902924932081056,0.0,469.54999999999984,149.9951286665065,53.05189923555892,9.589074368143644,83.38121839281565,34.87147116132707,6.923737199690624,35.799334074749964,67.71788438745818,0.0,58.15186456101053,22.61028603727808,0.0,0.0,173.1103070282274,44.33481434330547,18.894277435369847,-9.725976048412925,0.8466930467785838,4.9202619416827105,4.952955586382232,0.0,0.5166666666666667,90,19,30,0,3,3,12,2,1,3,12,0,15,16,30,4,24,0,2,2,0,1,25.70904899360555,6,-3.813830000000024,328.0884000000004,0,1,1,0,0,1,1,0,0,0,12,12,0,0,0,2,12,3,0,0,1,1,0,0,0,0,0,12,0,0,0,0,0,0,2,0,2,0,0,0,0,0,0,1,0,0,0,0,0,0,0,0,0,0,0,0,0,0,0,0,0,0,0,0,1,0,0,0,0,0,0,1,0,0,0,0,0,0,0,0,0,0,0,0,0,CHEMBL4795988,CC(=O)N[C@@H](CO)C(=O)N[C@@H](C)C(=O)N[C@@H](CCCNC(=N)N)C(=O)N[C@@H](Cc1c[nH]c2ccccc12)C(=O)N[C@H]1C/C=C\C[C@@H](C(=O)N2CCC[C@H]2C(=O)N[C@@H](CC(C)N)C(N)=O)NC(=O)[C@H](C)NC(=O)[C@@H]2CCCN2C(=O)[C@H](Cc2ccccc2)NC1=O,649.0,2.812244696800369,CHEMBL2093861,Menin/Histone-lysine N-methyltransferase MLL,1
15.68126242180633,15.68126242180633,0.0039694740941704,-1.7431663944047628,0.00819950506775,13.971014492753625,1918.1980000000012,1789.1739999999993,1916.9798204959989,746,0,0.2924185910007353,-0.5079666451556014,0.5079666451556014,0.2924185910007353,0.4927536231884058,0.9492753623188406,1.4492753623188406,16.46578239981549,9.99728019379166,2.3948032334312064,-2.289635833195407,2.2250422343760943,-2.6184423617401458,6.009494507176156,-0.1366157321475201,1.6709799474397384,1.184444251069976,5303.238596921271,101.24403227790948,78.30648233600851,78.30648233600851,65.67910880867669,45.25260081055962,45.25260081055962,34.21252275894935,34.21252275894935,21.82920476915052,21.82920476915052,14.522595614131902,14.522595614131902,-15.249999999999996,4.75780852691235e+41,109.7652738241116,55.55858134872121,36.85699903816605,795.9903080518154,126.97723367179812,84.00111361634332,5.959554568743835,88.6076959402726,11.731584227351432,0.0,82.12187855094069,4.983978520947208,0.0,14.99386983910109,94.9375551669771,160.68063339386725,93.22575913228334,31.835352242986858,96.76904008347137,111.37735517044904,5.409283605791522,114.91101955769255,29.03681452380934,229.80536270217436,33.35094872352818,162.2099745634452,0.0,17.186409941251373,101.6896944453816,0.0,11.49902366656781,0.0,262.91020798153966,97.6013442527814,17.24509569811431,158.5192440249577,134.0012875955059,0.0,16.590311206764618,0.0,713.4699999999998,204.94983340918267,63.26495402524033,28.76722310443093,137.7817112643002,39.03017751513951,4.796506222499014,64.67064106057346,98.90708986099528,13.847474399381248,116.69344901879204,27.34714899107813,5.1924908471812765,0.0,238.44007840662533,91.39615236579684,19.598189037559123,-15.614699241138943,8.289772656335838,0.1560505739571431,13.710875235005888,1.4977567853441278,0.4673913043478261,138,27,46,0,0,0,16,4,3,7,13,0,26,24,46,3,59,0,0,0,0,0,44.191325326243216,7,-2.3687299999999927,503.10870000000114,0,2,2,0,0,7,2,1,0,0,16,16,0,0,0,5,18,3,0,0,0,2,0,0,0,0,0,16,0,0,0,0,0,0,4,0,1,0,0,0,0,1,0,1,0,0,0,1,0,0,0,0,0,0,0,1,0,0,0,0,0,0,0,0,1,1,1,0,0,0,0,2,0,0,0,0,0,0,0,1,0,0,0,2,0,CHEMBL1689400,C=C(C)C(=O)NCCCC[C@H](NC(=O)[C@H](Cc1ccccc1)NC(=O)[C@@H](NC(=O)[C@H](CC(C)C)NC(C)=O)[C@@H](C)O)C(=O)N[C@@H](Cc1cnc[nH]1)C(=O)N[C@@H](Cc1ccc(O)cc1)C(=O)N[C@@H](Cc1c[nH]c2ccccc12)C(=O)N[C@@H](CCCNC(=N)N)C(=O)N[C@@H](CCC(N)=O)C(=O)N[C@@H](CC(C)C)C(=O)N[C@@H](CCCCNC(=O)c1nnn(-c2ccc(OC)cc2)n1)C(=O)N[C@@H](CO)C(N)=O,18.0,1.255272505103306,CHEMBL5023,p53-binding protein Mdm-2,1
15.555220402256928,15.555220402256928,0.0064603141396015,-1.5945164715878315,0.0143802377478659,19.75,1679.9790000000005,1560.026999999999,1678.9444587079993,658,0,0.2459060722147671,-0.3701604379834824,0.3701604379834824,0.2459060722147671,0.5666666666666667,1.0916666666666666,1.6333333333333333,19.142179285231393,9.75068025734522,2.5034788879868164,-2.426882630471504,2.3431930291927787,-2.6723656845559605,6.017719901254737,-0.1462851576268785,1.1754321881447485,1.196509131886215,4181.563959400737,87.75283292527624,67.78952843421945,67.78952843421945,57.163467028756806,40.71784043376686,40.71784043376686,30.68799743314197,30.68799743314197,21.470593405718056,21.470593405718056,14.982391951747118,14.982391951747118,-12.47,2.7600090282917547e+34,94.67868648033156,46.616436631858576,28.96285925553578,693.3225439483816,128.93763190571627,83.85823604320476,23.83821827497534,82.7005162109211,0.0,0.0,88.76065500017162,4.39041504767482,0.0,0.0,43.17347858816007,164.79010862997626,76.13368738471222,0.0,71.51393562468033,117.44165941797752,21.63713442316609,94.53562704274316,34.40200486297311,239.5673869288384,45.81329484138802,71.67190394374585,0.0,0.0,114.1538339230681,4.39041504767482,0.0,0.0,245.17684251209147,79.96516382285753,27.454355264211983,159.8116314642215,54.727780119305955,0.0,10.902924932081056,0.0,693.2199999999999,172.51830682286965,43.1508346566464,28.36310096803393,204.0926641207628,29.30801966963007,0.0,41.84639506646703,36.52867891392113,0.0,84.7358075810422,56.0391392861392,15.038905188908624,0.0,208.6511591042809,71.5663868792006,33.52526527857911,-13.408440292151544,-4.162555253828844,2.3994565755603396,2.973155852784112,0.0,0.5844155844155844,120,32,42,1,3,4,14,2,1,3,12,0,19,26,43,4,40,1,3,4,1,0,36.779858239149846,7,-5.147819999999946,439.5104000000008,0,0,0,0,0,1,1,0,0,0,14,14,0,0,0,2,20,6,0,0,1,1,0,0,0,0,0,14,0,0,0,0,0,0,2,0,2,0,0,0,0,0,0,4,1,0,0,0,0,0,0,0,0,0,0,0,0,0,0,0,0,0,0,0,1,0,0,0,0,0,0,1,0,0,0,0,0,0,0,0,0,0,0,0,0,CHEMBL4777030,CC(=O)N[C@@H](C)C(=O)N[C@@H](CCCNC(=N)N)C(=O)N[C@@H](Cc1c[nH]c2ccccc12)C(=O)N[C@H]1CCCC[C@@H](C(=O)N2CCC[C@H]2C(=O)N[C@@H](CCCN)C(=O)N[C@@H](CCCNC(=N)N)C(=O)N[C@@H](CCCNC(=N)N)C(=O)N[C@@H](CCCNC(=N)N)C(N)=O)NC(=O)C2(CCC2)NC(=O)[C@@H]2CCCN2C(=O)[C@H](Cc2cccc(F)c2)NC1=O,4.6,0.6627578316815741,CHEMBL2093861,Menin/Histone-lysine N-methyltransferase MLL,1
14.97307896182647,14.97307896182647,0.0239707294798676,-2.0515832860459895,0.0258958614333465,16.247619047619047,1476.695,1370.854999999999,1475.7660307599997,580,0,0.3259158461152594,-0.4812292624504697,0.4812292624504697,0.3259158461152594,0.5142857142857142,0.9809523809523808,1.5333333333333334,16.375359921366098,9.983214185334909,2.41132064998185,-2.303857948501585,2.229532039270134,-2.622387134118681,6.004718304996605,-0.1493294155917781,1.7404629250912278,1.6268550394228154,3496.6905863044576,78.36177415710182,60.278085797814626,60.278085797814626,49.52610912768692,35.159664778508116,35.159664778508116,27.55610652288155,27.55610652288155,17.25855492134256,17.25855492134256,11.785485895497937,11.785485895497937,-10.129999999999995,1.959867090381543e+26,87.27369422181795,43.21765262994029,29.146806296127732,607.48237738995,105.78541369755108,66.46024912062755,0.0,70.88615675221807,0.0,17.907915863855546,67.12352057700551,4.794537184071822,0.0,0.0,90.0733597458366,112.6236980252031,49.32781140131075,25.17351080433519,97.45069473528088,99.6969975481547,0.0,63.051774291861,34.95472056997073,223.3845410792484,19.696394776338067,71.92105017116157,0.0,0.0,70.36888847154987,0.0,0.0,0.0,222.51304895593668,84.75970100692938,17.75371813848418,143.06374447926652,60.79414718776757,0.0,10.902924932081056,0.0,574.59,199.18738183304976,97.45069473528088,0.0,89.13354113340804,34.871471161327065,6.923737199690624,4.899909730850477,88.48909598653006,13.847474399381248,58.15186456101053,17.201002431486554,0.0,0.0,208.06825846350188,76.25841528642549,18.44658171599454,-16.976451779215278,-3.859018082794768,-2.299336535971507,10.861550932059696,0.0,0.5857142857142857,105,22,35,0,1,1,12,2,1,3,13,0,19,19,35,2,46,0,1,1,0,0,35.92156381533481,4,-2.5506000000000126,379.38990000000086,3,2,2,0,0,1,1,0,3,3,15,12,0,0,0,1,11,3,0,0,1,1,0,0,0,0,0,12,0,0,0,0,0,0,2,0,1,0,0,0,0,0,0,0,0,0,0,0,0,0,0,0,0,0,0,0,0,0,0,0,0,0,0,0,1,0,0,0,0,0,0,1,0,0,0,0,0,0,0,0,0,0,0,1,0,CHEMBL2371818,CC(C)C[C@H](NC(=O)[C@H](CC(=O)O)NC(=O)[C@H](CO)NC(=O)[C@H](Cc1ccccc1)NC(=O)[C@@H](NC(=O)[C@H](CCC(=O)O)NC(=O)[C@@H](N)CCC(N)=O)[C@@H](C)O)C(=O)N[C@@H](Cc1c[nH]c2ccccc12)C(=O)N[C@@H](CCCCN)C(=O)N[C@@H](CC(C)C)C(=O)N[C@@H](CC(C)C)C(=O)N1CCC[C@H]1C(=O)O,1128.0,3.052309099647323,CHEMBL1255126,Protein Mdm4,1
15.625371895779208,15.625371895779208,0.0040225119590144,-2.025507025460053,0.012955368936806,24.14388489208633,2013.4890000000016,1867.328999999999,2012.0045808999987,776,0,0.3054810621152199,-0.4812292624533588,0.4812292624533588,0.3054810621152199,0.539568345323741,1.0719424460431657,1.6618705035971224,33.114618853538545,10.004693740636483,2.4767834947913276,-2.333724787199672,2.3010493966988568,-2.6142408037082414,8.762963739995106,-0.1479291408358676,1.6662972867263997,1.503758851392966,4394.482002833618,102.70006220353946,80.34896429038024,82.79845403316344,66.15986804287277,47.8980586231481,51.77993934497804,36.219891982907576,39.832690249522386,24.555658375479837,27.646308907353223,17.12004921424849,19.847399977508065,-11.18,1.2385675098179894e+43,116.53257929839094,60.067519955658035,37.73706699128145,821.2221394197167,132.28893147266143,102.7112940955153,5.959554568743835,106.32923512832714,0.0,11.938610575903695,101.300027287228,0.0,11.761884949391115,0.0,99.37996053938666,177.33465326754938,63.99486968859909,13.027703587438928,111.2103258659586,157.5770811751392,5.409283605791522,94.03467937949056,34.770482000971526,311.19507948973535,75.93450680965272,35.89528683400505,0.0,0.0,97.3697103647374,0.0,0.0,33.34968090216456,337.7924222860668,102.31156530436247,17.24509569811431,207.62641526299103,30.33183534230805,0.0,0.0,0.0,711.4000000000001,263.9758852779244,72.85402839338398,38.356297472574575,172.89379126754983,44.08838122925306,26.48770568362392,33.38535134163317,64.28255332458195,6.923737199690624,74.43504045608864,28.343953514440265,0.0,1.3192796114296002,293.19915174934846,75.60909456177681,23.53399384437273,-20.493447811398227,-17.19124612193136,1.986152590763241,9.137038063720691,1.8999835119181072,0.7,139,26,46,0,5,5,18,1,0,1,17,0,27,22,49,5,42,0,5,5,0,0,50.35843908266475,6,-3.71572999999996,516.5735000000013,2,1,1,0,0,0,0,0,2,2,20,18,0,0,0,4,15,4,0,0,3,0,0,0,0,0,0,18,0,0,0,0,0,0,1,0,1,0,0,0,0,0,0,1,0,0,0,0,0,0,0,0,0,0,0,0,0,0,0,0,0,0,0,0,0,0,0,0,0,0,0,1,0,0,0,1,0,0,0,0,0,0,0,3,0,CHEMBL3335451,CCCC[C@@H]1NC(=O)[C@H](CCCCN)NC(=O)[C@H](CCCNC(=N)N)NC(=O)[C@H](CC(C)C)NC(=O)[C@@H](NC(=O)[C@H](CCSC)NC(=O)[C@@H]2CCCN2C(=O)[C@@H](NC(C)=O)C(C)C)CCSSC[C@@H](C(=O)N[C@@H](CCCCN)C(=O)N2CCC[C@H]2C(=O)N2CCC[C@H]2C(=O)N[C@@H](CCC(=O)O)C(N)=O)NC(=O)[C@H](Cc2ccccc2)NC(=O)[C@H](CO)NC(=O)[C@H](CC(=O)O)NC(=O)[C@@H]2CCCN2C1=O,1700.0,3.230448921378274,CHEMBL3430909,Transcriptional coactivator YAP1/Transcriptional enhancer factor TEF-1,1
15.696077893689662,15.696077893689662,0.0043600254140137,-1.8313646008009865,0.0140339543776844,24.14388489208633,1985.4570000000017,1839.296999999999,1984.0426806599987,770,0,0.3029356715703366,-0.4812292624533588,0.4812292624533588,0.3029356715703366,0.5251798561151079,1.0503597122302155,1.640287769784173,33.114616107972665,10.002221140484291,2.4746460773238868,-2.3337120139961676,2.3009057927374736,-2.611066802746808,8.762958289442162,-0.1479291162663219,1.6470056360389973,1.3367611773003856,4546.4512659981365,102.11427576591257,80.55779189752761,82.19078505938306,66.28365928296047,48.35318983635623,50.84122370806881,36.699379563641926,39.32657927060324,24.967983247904783,27.41468322891879,17.422333425166112,19.678279667634648,-11.780000000000005,1.5263665008259029e+43,114.20178294667116,58.31791906112738,36.11702619927003,818.105541404986,127.18240407782072,102.7112940955153,5.959554568743835,106.32923512832714,0.0,5.969305287951848,96.50549010315618,0.0,0.0,0.0,129.71179588169468,171.3923975457528,70.41569131152511,6.606881964512918,101.30926128704608,139.84589093779624,5.409283605791522,94.03467937949056,34.770482000971526,311.69799506649997,63.92588401939451,71.7905736680101,0.0,0.0,97.3697103647374,0.0,0.0,21.587795952773444,314.707966813016,103.93784974321667,17.24509569811431,207.27196070852665,60.6636706846161,0.0,0.0,0.0,674.1,251.58575836704657,67.74750099854327,33.561760288502754,160.72011603787703,56.07265434387607,21.587795952773444,33.44711332278316,88.35861948337862,6.923737199690624,74.43504045608864,28.343953514440265,0.0,0.0,281.1846939967003,66.15431693843773,24.195648641810543,-17.991325551721612,-7.248342580162089,2.048048657945899,10.867294770771965,1.9563317928839232,0.6559139784946236,139,25,44,0,5,5,18,2,0,2,17,0,25,21,46,5,39,0,5,5,0,0,47.913743413815865,7,-2.6809299999999725,517.1417000000014,1,1,1,0,0,0,0,0,1,1,19,18,0,0,0,4,15,4,0,0,3,0,0,0,0,0,0,18,0,0,0,0,0,0,2,0,1,0,0,0,0,0,0,1,0,0,0,0,0,0,0,0,0,0,0,0,0,0,0,0,0,0,0,0,0,0,0,0,0,0,0,1,0,0,0,0,0,0,0,0,0,0,0,3,0,CHEMBL3335459,CCCC[C@@H]1NC(=O)[C@H](CCCCN)NC(=O)[C@H](CCCNC(=N)N)NC(=O)[C@H](CC(C)C)NC(=O)[C@@H](NC(=O)[C@H](Cc2ccccc2)NC(=O)[C@@H]2CCCN2C(=O)[C@@H](NC(C)=O)C(C)C)CCSSC[C@@H](C(=O)N[C@@H](CCCCN)C(=O)N2CCC[C@H]2C(=O)N2CCC[C@H]2C(=O)N[C@@H](CCC(=O)O)C(N)=O)NC(=O)[C@H](Cc2ccccc2)NC(=O)[C@H](CO)NC(=O)[C@H](C)NC(=O)[C@@H]2CCCN2C1=O,350.0,2.5440680443502757,CHEMBL3430909,Transcriptional coactivator YAP1/Transcriptional enhancer factor TEF-1,1
15.457137729688656,15.457137729688656,0.0056403507614051,-1.6591112001793078,0.0555198981425493,24.096153846153847,1455.8959999999986,1332.919999999999,1454.9264945839998,580,0,0.2498681298123658,-0.3901264861786781,0.3901264861786781,0.2498681298123658,0.5288461538461539,0.9903846153846154,1.4903846153846154,16.48113766272176,9.910529162049544,2.459503776988245,-2.4138971651205128,2.2688814243529554,-2.633853623996183,5.998171899978015,-0.1573824873660534,0.8044207225443043,2.332346081379841,3271.222921234322,78.89300064080828,65.88648256820781,65.88648256820781,48.60806800966396,36.40703279881601,36.40703279881601,30.069227928241347,30.069227928241347,18.667829567334337,18.667829567334337,12.381051564221458,12.381051564221458,-8.66,2.191134125911076e+26,89.55383892704774,42.33307856807943,26.185052783279847,616.5103270974116,70.72670148462576,67.02529025599252,0.0,70.88615675221807,0.0,0.0,57.53444620886186,0.0,10.228500251258795,0.0,127.28346221472133,130.19594887083676,55.02109015342388,30.63037730754092,67.37783655750262,87.94831557626878,0.0,55.566522531978656,51.65384257438854,215.827099611834,74.40901281768507,66.74934382982225,0.0,0.0,26.583943020031658,17.062158824050687,0.0,0.0,245.9066511559188,62.27130916266191,41.42534232312975,149.30472493260606,76.97784408108106,0.0,0.0,0.0,341.85,174.92076990486856,43.46282486741528,19.178148736287287,62.19655392220163,17.062158824050687,14.69972919255143,75.85708000183284,97.0164030222718,73.58899880290981,36.81244327129045,4.736862953800049,5.914918411310927,0.0,185.8857046387071,34.41808847628569,1.5266763587725336,-11.697928872129038,2.008946466751767,2.591413024026769,26.164426243991173,9.68775525228309,0.6578947368421053,104,6,28,0,1,1,12,2,0,2,12,0,16,6,28,1,22,0,1,1,0,0,36.452785570883094,3,6.319800000000019,399.2793000000016,0,1,1,0,0,0,0,0,0,0,12,12,0,0,0,9,5,0,0,7,0,0,0,0,0,0,2,12,0,1,0,0,1,0,2,0,0,0,0,0,0,1,0,0,0,0,0,0,0,0,0,0,0,0,0,0,0,0,0,0,0,0,0,0,0,0,0,0,0,0,0,0,0,0,0,0,0,0,0,0,0,0,0,0,0,CHEMBL1213208,C/C=C/C[C@@H](C)[C@@H](O)[C@H]1C(=O)N[C@@H](CC)C(=O)N(C)CC(=O)N(C)[C@@H](CC(C)C)C(=O)N[C@@H](C(C)C)C(=O)N(C)[C@@H](CC(C)C)C(=O)N[C@@H](C)C(=O)N[C@H](COCC(=O)Nc2ccc(/N=N\c3ccccc3)cc2)C(=O)N(C)[C@@H](CC(C)C)C(=O)N(C)[C@@H](CC(C)C)C(=O)N(C)[C@@H](C(C)C)C(=O)N1C,2.79,0.4456042032735975,CHEMBL1949,Cyclophilin A,1
14.58692961325708,14.58692961325708,0.0246219103196669,-1.3982834633656915,0.0201749125062988,17.875,1114.276,1038.6759999999992,1113.57196284,434,0,0.245675541410993,-0.3936790815918555,0.3936790815918555,0.245675541410993,0.6125,1.1375,1.75,16.256068044749835,10.019095688664873,2.4048174492460164,-2.303852513784895,2.223448812553196,-2.6001795020518146,5.991283310555392,-0.1424775030572616,4.215038988764537,1.311663451625475,2757.4558723345144,58.79322453527897,45.51935927801267,45.51935927801267,37.98228881443025,26.56609809471599,26.56609809471599,20.058021127664976,20.058021127664976,13.811903961061743,13.811903961061743,9.495408031202444,9.495408031202444,-8.62,9.539114997177651e+16,62.22469870213083,29.38130315653201,17.44179252819231,462.0049386715664,79.20875776787022,60.418408291479594,5.959554568743835,64.97897702286656,0.0,0.0,58.14919263058156,0.0,0.0,0.0,48.53093654769288,83.41314858817415,56.49941816697449,6.606881964512918,57.84643641963074,81.84145652369148,5.409283605791522,62.63489541870514,11.46733495432437,146.4036672733408,26.241151182250643,71.92105017116157,0.0,0.0,59.31843239038136,0.0,0.0,0.0,177.4884164428295,65.58155227064206,5.409283605791522,84.27051871940317,60.79414718776757,0.0,10.902924932081056,0.0,414.4299999999999,132.0042672788591,57.84643641963074,0.0,51.15317549519904,36.934124258084594,17.82666213177168,37.49476826046345,48.661413050844345,12.13273413692322,52.83507595700419,16.876618560115894,0.0,0.0,153.44999361298298,41.12751378521345,12.916173302498771,-8.204306498211022,3.949148919667735,3.2561008900654085,6.505375987782681,0.0,0.5094339622641509,80,16,27,0,2,2,11,2,1,3,10,0,13,14,27,3,27,0,2,2,0,0,22.85303420488962,5,-3.346130000000013,290.86530000000005,0,1,1,0,0,1,1,0,0,0,11,11,0,0,0,2,11,2,0,0,2,1,0,0,0,0,0,11,0,0,0,0,0,0,2,0,1,0,0,0,0,0,0,1,0,0,0,0,0,0,0,0,0,0,0,0,0,0,0,0,0,0,0,0,1,0,0,0,0,0,0,1,0,0,0,0,0,0,0,0,0,0,0,0,0,CHEMBL4776199,CC(=O)N[C@@H](CO)C(=O)N[C@@H](C)C(=O)N[C@@H](CCCNC(=N)N)C(=O)N[C@@H](Cc1c[nH]c2ccccc12)C(=O)N[C@@H](C)C(=O)N[C@@H](Cc1ccccc1)C(=O)N1CCC[C@H]1C(=O)N[C@@H](C)C(=O)N[C@@H](C)C(=O)N1CCC[C@H]1C(N)=O,19000.0,4.278753600952829,CHEMBL2093861,Menin/Histone-lysine N-methyltransferase MLL,1
15.445352506367014,15.445352506367014,0.0140575110794227,-1.6924584306969483,0.014407549999227,20.139344262295083,1726.0700000000006,1613.1739999999988,1724.8068075039992,658,0,0.2454291178963408,-0.5079666451556014,0.5079666451556014,0.2454291178963408,0.5655737704918032,1.1147540983606556,1.6639344262295082,32.167722343651576,10.004713964512966,2.3877864840622567,-2.2883855710241185,2.2434490793586024,-2.6193818192335514,7.983466138805586,-0.13637860437935,1.6708402781724163,1.3149564486992928,4602.175971559634,89.27777695165858,68.90570428146162,70.53869744331709,58.04887985334091,39.83778162974215,42.14718270650065,30.34036639851265,32.40087991529667,19.51559322989259,21.653444930894633,12.915370418144628,14.851691030612889,-12.430000000000003,6.045957341082162e+34,96.69880580790746,48.1249980724091,31.29818119460038,713.7782129214581,111.93960359304454,78.25160178305941,11.91910913748767,76.79333648156958,0.0,0.0,83.11550764641115,0.0,23.52376989878223,0.0,100.49135362030184,104.80958442373314,102.90748793759523,24.09870434195814,77.64856557745581,123.13914044992056,10.818567211583044,89.38697601893028,29.03681452380934,189.94449693225985,31.202101989831647,149.79698134347453,0.0,16.876414816677897,91.6360428875752,0.0,5.749511833283905,23.52376989878223,228.7921216937764,93.09715547520533,22.65437930390583,108.64847897725232,121.71877087868664,0.0,22.02982791547505,0.0,618.3499999999999,179.84328996725537,53.67587965709669,23.97268592035911,99.13491810166568,50.108038380262954,23.52376989878223,45.03667987291831,111.30077700422142,13.847474399381248,89.38697601893028,28.0195696430696,0.0,2.2913530036354004,199.74575586977448,84.91504376860499,21.054968154463268,-13.748352905858988,10.004884792047498,2.309271045321987,9.76040960534478,0.0,0.4512195121951219,122,26,38,0,3,3,13,3,3,6,13,4,22,23,40,6,29,0,0,0,0,0,38.14450691073613,9,-1.5169600000000316,458.823500000001,0,2,2,0,0,3,1,1,0,0,13,13,0,0,0,2,17,3,0,0,0,1,0,0,0,0,0,13,0,0,0,0,0,0,3,0,3,0,0,0,0,0,0,2,0,0,0,0,0,0,0,0,0,0,0,0,0,0,0,0,0,0,0,0,1,1,1,0,0,0,0,1,0,2,0,2,0,0,0,0,0,0,0,0,0,CHEMBL1933132,CC(=O)N[C@@H](CC(C)C)C(=O)N[C@H](C(=O)N[C@@H](Cc1ccccc1)C(=O)N[C@@H]1CSCc2ccc(cn2)-c2ccc(nc2)CSC[C@@H](C(=O)N[C@@H](CO)C(N)=O)NC(=O)[C@H](C(C)C)NC(=O)[C@H](CCCNC(=N)N)NC(=O)[C@H](C)NC(=O)[C@H](Cc2c[nH]c3ccccc23)NC(=O)[C@H](Cc2ccc(O)cc2)NC(=O)[C@H](CCCNC(=N)N)NC1=O)[C@@H](C)O,102.0,2.0086001717619175,CHEMBL1907611,Tumour suppressor p53/oncoprotein Mdm2,1
14.711029285258505,14.711029285258505,0.0637253162436177,-1.4269602399381027,0.0157642316256907,17.714285714285715,1272.4330000000002,1186.7529999999992,1271.64110502,496,0,0.245675541410993,-0.3936790815918555,0.3936790815918555,0.245675541410993,0.5934065934065934,1.120879120879121,1.7142857142857142,16.271591130641514,10.019095574247352,2.411145262302754,-2.3045753673384985,2.226915890628172,-2.6003826610480214,5.99732488432133,-0.1426919390502479,1.8739783849530949,1.2680861584795666,3143.7854945420277,67.2239459555971,51.64487677400614,51.64487677400614,43.09134971971085,29.927685927826136,29.927685927826136,22.561613513088012,22.561613513088012,15.31472497344808,15.31472497344808,10.411326084972142,10.411326084972142,-9.719999999999995,4.362000051946633e+20,72.0284450295506,34.30490888743464,21.21403404578228,524.4115936774458,94.9488623707236,66.46024912062755,5.959554568743835,76.79333648156958,0.0,0.0,67.73826699872521,0.0,0.0,0.0,48.53093654769288,90.33688578786476,56.49941816697449,19.255604758173796,72.5420381826151,93.6558159823945,5.409283605791522,73.26847262671781,11.46733495432437,165.4732116899277,32.78590758816322,71.92105017116157,0.0,0.0,69.95200959839403,0.0,0.0,0.0,213.09986691918203,75.17062663878572,5.409283605791522,91.1942559190938,60.79414718776757,0.0,10.902924932081056,0.0,492.85999999999984,162.50919036037092,72.5420381826151,0.0,64.11875352403761,34.871471161327065,6.923737199690624,44.41850546015408,60.79414718776757,0.0,63.46865316501686,16.876618560115894,0.0,0.0,180.01609904435946,55.45440694805901,12.603426157500738,-10.47510146371822,1.6968202360737,1.4175999106717108,6.786749167053573,0.0,0.5254237288135594,91,19,32,0,2,2,13,2,1,3,12,0,16,17,32,3,32,0,2,2,0,0,27.153068615849755,5,-5.364330000000021,327.4865000000004,0,2,2,0,0,1,1,0,0,0,13,13,0,0,0,2,13,2,0,0,2,1,0,0,0,0,0,13,0,0,0,0,0,0,2,0,1,0,0,0,0,0,0,1,0,0,0,0,0,0,0,0,0,0,0,0,0,0,0,0,0,0,0,0,1,0,0,0,0,0,0,1,0,0,0,0,0,0,0,0,0,0,0,0,0,CHEMBL4799923,CC(=O)N[C@@H](CO)C(=O)N[C@@H](C)C(=O)N[C@@H](CCCNC(=N)N)C(=O)N[C@@H](Cc1c[nH]c2ccccc12)C(=O)N[C@@H](C)C(=O)N[C@@H](Cc1ccccc1)C(=O)N1CCC[C@H]1C(=O)N[C@@H](C)C(=O)N[C@@H](C)C(=O)N1CCC[C@H]1C(=O)NCC(=O)N[C@H](C(N)=O)[C@@H](C)O,61300.0,4.787460474518415,CHEMBL2093861,Menin/Histone-lysine N-methyltransferase MLL,1
15.356747532433891,15.356747532433891,0.0105184871937911,-1.6323747419780654,0.0719524232649886,25.442105263157895,1343.8489999999983,1216.8409999999992,1342.9567320919996,544,0,0.2456436492204215,-0.3901264861786781,0.3901264861786781,0.2456436492204215,0.5263157894736842,0.968421052631579,1.431578947368421,16.27400840438011,9.91049349989087,2.458530009147438,-2.4140700565623936,2.2622929094346587,-2.633177765881766,5.994674665550067,-0.1572693737841151,0.8080476228877986,4.485384509978824,2620.5957668118344,73.58988202137394,62.80186822641052,62.80186822641052,43.81426023962015,34.450418126557565,34.450418126557565,29.92518278686649,29.92518278686649,17.84827930297007,17.84827930297007,11.716179231663263,11.716179231663263,-6.660000000000002,6.119729193024949e+21,86.3513199003849,39.52876140056621,25.694500117135835,569.0254682976671,65.98983853082571,60.418408291479594,0.0,70.88615675221807,0.0,0.0,57.53444620886186,0.0,0.0,0.0,129.85557260840832,113.06021132884509,61.29345075404967,12.648722793660877,62.64097360370256,70.88615675221807,0.0,60.88331113598499,46.840332792526524,255.86077607968392,62.42321669056547,12.152040213667762,0.0,0.0,26.583943020031658,0.0,0.0,0.0,239.23764363280551,57.53444620886186,46.840332792526524,189.338401400456,12.152040213667762,0.0,0.0,0.0,307.90000000000003,161.214816715888,43.46282486741528,19.178148736287287,74.64849005746571,19.26246486877803,9.799819461700954,80.75698973268332,81.38941221057398,55.38989759752498,26.583943020031658,0.0,0.0,0.0,184.6158328733697,26.32003783557061,-0.6654423320039198,-10.283712584463,-12.738758086890275,3.6346042830022873,33.45044317269839,9.916994838716208,0.8,95,6,25,0,1,1,12,0,0,0,12,0,13,6,25,1,20,0,1,1,0,0,35.93011285227662,1,4.581700000000003,369.08630000000113,0,1,1,0,0,0,0,0,0,0,12,12,0,0,0,7,5,0,0,7,0,0,0,0,0,0,2,12,0,0,0,0,0,0,0,0,0,0,0,0,0,0,0,0,0,0,0,0,0,0,0,0,0,0,0,0,0,0,0,0,0,0,0,0,0,0,0,0,0,0,0,0,0,0,0,0,0,0,0,0,0,0,0,1,0,CHEMBL1269582,C/C=C/C[C@@H](C)[C@@H](O)[C@H]1C(=O)N[C@@H](CC)C(=O)N(C)CC(=O)N(C)[C@@H](CC(C)C)C(=O)N[C@@H](C(C)C)C(=O)N(C)[C@@H](CC(C)C)C(=O)N[C@@H](C)C(=O)N[C@H](CCCCNC(=O)C(C)(C)C)C(=O)N(C)[C@@H](CC(C)C)C(=O)N(C)[C@@H](CC(C)C)C(=O)N(C)[C@@H](C(C)C)C(=O)N1C,20.6,1.3138672203691537,CHEMBL2075,Cyclophilin B,1
15.11943495849223,15.11943495849223,0.0303509259511818,-1.6443711693088563,0.0170952034691075,14.91509433962264,1512.7820000000004,1415.0059999999992,1511.6689766439993,576,0,0.245429117896332,-0.5079666451556014,0.5079666451556014,0.245429117896332,0.4716981132075472,0.9056603773584906,1.4056603773584906,32.11798487304058,10.005157233162931,2.3804186592704646,-2.2836687786100316,2.2078699322712056,-2.6199348868995176,7.800280473970116,-0.1363363996726111,1.6019587068686756,1.4267748916731022,3844.6378188437266,78.48309450066145,59.729491115803434,61.51834549780326,50.192236467884946,34.23846129989567,35.503372363963024,26.379879624431343,27.11017636777157,16.61044964917827,17.340746392518493,10.995842973989488,11.510062544159585,-10.589999999999993,5.305745257250923e+27,86.05373870821248,42.38545868971281,27.794139162531543,622.3068700503659,100.5563374288169,78.25160178305941,0.0,82.7005162109211,0.0,0.0,67.12352057700551,4.983978520947208,25.257578296025983,0.0,88.35861948337859,79.83520704095788,79.52409259796991,19.03816842702576,82.44310276152764,118.86101943902815,0.0,78.75339881091762,23.303147046647155,178.43878971876632,18.112589178006495,119.96806157793112,0.0,5.749511833283905,75.26879820240035,0.0,5.749511833283905,25.257578296025983,209.6906794738151,92.80680706870956,11.835812092322788,96.53372935947785,97.58377910799165,0.0,10.902924932081056,0.0,540.5399999999998,186.5079513655566,77.64856557745581,4.794537184071822,61.86310726990954,33.287207402020506,0.0,57.56084351929593,74.6416215871488,13.847474399381248,104.0109771069436,11.46733495432437,0.0,8.510481269622922,202.70187061492055,61.76113324610729,13.096103854959196,-14.096443079029171,3.0666388997508447,0.9564530771618844,9.948206560950938,0.0,0.4714285714285714,106,21,34,0,0,0,14,3,2,5,13,0,20,21,36,2,43,0,0,0,0,0,34.40969044445548,5,-3.1997000000000155,393.7730000000007,0,2,2,0,0,3,2,1,0,0,14,14,0,0,0,1,14,2,0,0,0,2,2,0,0,0,0,14,0,0,0,0,0,0,3,0,1,0,0,0,0,0,0,0,0,0,0,1,0,0,0,0,0,0,0,0,0,0,0,0,0,0,0,0,1,1,1,0,0,0,0,2,0,0,0,0,0,0,0,0,0,0,0,0,0,CHEMBL1933126,CC(=O)N[C@@H](CC(C)C)C(=O)N[C@H](C(=O)N[C@@H](Cc1ccccc1)C(=O)N[C@@H](CS)C(=O)N[C@@H](Cc1cnc[nH]1)C(=O)N[C@@H](Cc1ccc(O)cc1)C(=O)N[C@@H](Cc1c[nH]c2ccccc12)C(=O)N[C@@H](C)C(=O)N[C@@H](CCC(N)=O)C(=O)N[C@@H](CC(C)C)C(=O)N[C@@H](CS)C(=O)N[C@@H](CO)C(N)=O)[C@@H](C)O,57.0,1.7558748556724917,CHEMBL1907611,Tumour suppressor p53/oncoprotein Mdm2,1
15.17685729417149,15.17685729417149,0.001814618131646,-2.0319813634600825,0.0169854048743486,18.013513513513512,2098.5520000000006,1941.3039999999985,2097.1557362519984,822,0,0.3054810621152199,-0.4812292624533588,0.4812292624533588,0.3054810621152199,0.3851351351351351,0.7297297297297297,1.148648648648649,32.166372644147465,9.996460513775176,2.478530170824984,-2.334087554917033,2.292310698436558,-2.614405579538258,7.981080551560361,-0.147955948025656,1.6409777650955848,1.2000409120497872,4853.040293287905,109.55343335466804,85.86681281259338,86.6833093935211,70.30340379076404,50.916349253252704,52.31019610337005,38.98444742130839,39.97004598096188,25.87618896946908,26.520139520328456,18.211674625967955,18.683079146758995,-13.390000000000006,2.9927120995273037e+46,123.28839477169512,63.33355286574183,40.68409171521542,865.9438707509089,143.33938755382994,102.7112940955153,11.91910913748767,106.32923512832714,0.0,11.938610575903695,106.70931089301952,0.0,11.761884949391115,0.0,102.20609388275987,195.23683242833383,65.45474050394411,13.027703587438928,111.2103258659586,141.94883979110963,10.818567211583044,99.3514679834969,46.422055524295104,318.1188166894259,70.97355600207172,71.7905736680101,0.0,0.0,108.42016644590592,0.0,0.0,11.761884949391115,338.7910260472296,108.7323869272885,28.572285350067222,213.69278233145263,60.6636706846161,0.0,0.0,0.0,773.3000000000002,246.38721957885485,82.44310276152764,28.76722310443093,191.6461131671969,55.40468632769685,4.899909730850477,33.38535134163317,108.46186306627128,0.0,79.75182906009498,39.48690459739397,0.0,1.3732837622324172,288.6906093585149,85.75201839832256,29.54098759664864,-19.473445674842164,-7.373336260676731,2.2260010563270587,11.263881763473352,0.0,0.6530612244897959,148,30,49,0,4,4,18,2,0,2,17,0,26,25,50,4,64,0,4,4,0,0,52.75873018922703,6,-4.138959999999936,546.2673000000017,2,1,1,0,0,0,0,0,2,2,20,18,0,0,0,4,17,5,0,0,4,0,0,0,0,0,0,18,0,0,0,0,0,0,2,0,0,0,0,0,0,0,0,2,0,0,0,0,0,0,0,0,0,0,0,0,0,0,0,0,0,0,0,0,0,0,0,0,0,0,0,1,0,0,0,1,0,0,0,0,0,0,0,2,0,CHEMBL3335391,CSCC[C@H](NC(=O)[C@@H]1CCCN1C(=O)[C@@H](NC(C)=O)C(C)C)C(=O)N[C@@H](CCCNC(=N)N)C(=O)N[C@@H](CC(C)C)C(=O)N[C@@H](CCCNC(=N)N)C(=O)N[C@@H](CCCCN)C(=O)N[C@@H](CC(C)C)C(=O)N1CCC[C@H]1C(=O)N[C@@H](CC(=O)O)C(=O)N[C@@H](CO)C(=O)N[C@@H](Cc1ccccc1)C(=O)N[C@@H](Cc1ccccc1)C(=O)N[C@@H](CCCCN)C(=O)N1CCC[C@H]1C(=O)N1CCC[C@H]1C(=O)N[C@@H](CCC(=O)O)C(N)=O,37000.0,4.568201724066995,CHEMBL3430909,Transcriptional coactivator YAP1/Transcriptional enhancer factor TEF-1,1
15.695491677749605,15.695491677749605,0.0113621385799467,-1.7626509433627768,0.0081776465174964,13.892857142857142,1971.690000000001,1838.633999999999,1969.9830473039988,762,0,0.2924185910007353,-0.5079666451556014,0.5079666451556014,0.2924185910007353,0.4857142857142857,0.9071428571428573,1.3642857142857143,35.49569779086834,9.99703118073834,2.393973285252166,-2.290467849407081,2.250231702060435,-2.61693391482237,6.309048050160497,-0.1366572650273741,1.5396619331298644,1.3457284451914326,5253.625455167757,103.407168984726,79.49674623751164,80.2526751835301,66.41115961624556,45.797193735498055,46.17515820850728,34.558554850166736,34.99499063063872,21.88989063696736,22.1249877397551,14.52205082484831,14.694153848801175,-14.899999999999997,6.944605387149696e+41,113.8272594072673,57.977630448381305,39.66510059542221,813.4776018937474,133.04371123201943,84.00111361634332,11.91910913748767,88.6076959402726,11.731584227351432,0.0,87.53116215673222,0.0,0.0,14.99386983910109,94.40576092028638,179.5886437081809,86.4815556625497,25.50803216822232,96.76904008347137,128.93784962942536,10.818567211583044,110.2598511198045,34.770482000971526,236.2261843251004,39.89570512944075,142.94814916749883,0.0,17.186409941251373,112.7401505265501,0.0,11.49902366656781,11.600939890232516,265.44656191430164,91.18052262985536,22.654379303905827,165.66695927596126,115.41075688066664,5.022633313741326,16.590311206764618,0.0,746.6899999999999,223.2481156470139,63.26495402524033,28.76722310443093,132.71463362920295,44.05281082888084,4.796506222499014,58.34332098580891,100.49135362030184,0.0,112.04228058090398,50.091039964264354,5.19124278435962,6.43841295866485,231.46043515000636,101.94707873818932,24.76324631310073,-16.386902236707368,5.781902427589915,-2.773571181299099,13.527978235104571,1.4946212554355136,0.4891304347826087,140,30,47,0,0,0,16,4,2,6,13,0,26,26,48,2,61,0,0,0,0,0,47.1388198633327,6,-2.41785999999998,514.9778000000013,0,2,2,0,0,5,1,1,0,0,16,16,0,0,0,4,19,4,0,0,0,1,0,0,0,0,0,16,0,0,0,0,0,0,4,0,1,0,0,0,0,1,0,2,1,0,0,0,0,0,0,0,0,0,0,1,0,0,0,0,0,0,0,0,0,1,1,0,0,0,0,2,0,0,0,0,0,0,0,1,0,0,0,2,0,CHEMBL1689403,C=C(C)C(=O)NCCCC[C@H](NC(=O)[C@H](Cc1ccccc1)NC(=O)[C@@H](NC(=O)[C@H](CC(C)C)NC(C)=O)[C@@H](C)O)C(=O)N[C@@H](CCCNC(=N)N)C(=O)N[C@@H](Cc1ccc(O)cc1)C(=O)N[C@@H](Cc1c[nH]c2cc(Cl)ccc12)C(=O)N[C@@H](CCCNC(=N)N)C(=O)N[C@@H](CCC(N)=O)C(=O)N[C@@H](CC(C)C)C(=O)N[C@@H](CCCCNC(=O)c1nnn(-c2ccc(OC)cc2)n1)C(=O)N[C@@H](CO)C(N)=O,14.0,1.146128035678238,CHEMBL5023,p53-binding protein Mdm-2,1
14.79659653939121,14.79659653939121,0.0215074123159473,-1.4898050024576814,0.0146523783943367,17.551020408163264,1371.5700000000006,1276.8179999999993,1370.7207523079996,536,0,0.245675541410993,-0.3936790815918555,0.3936790815918555,0.245675541410993,0.5306122448979592,0.9897959183673468,1.530612244897959,16.27166897776529,10.019095032460092,2.418560430836137,-2.306642329885491,2.231235912913138,-2.6014001616548232,6.000666118248458,-0.1428829303646245,1.6683077341747858,1.2757667340240395,3369.2586923172735,72.499966837536,55.71379087475848,55.71379087475848,46.39588017235115,32.348406231481164,32.348406231481164,24.32873833753406,24.32873833753406,16.490825803736872,16.490825803736872,11.221472245854182,11.221472245854182,-10.449999999999996,3.36925393217456e+23,78.2480633611141,37.74263918790231,23.433292473552747,565.4464660149175,105.99931845189212,72.50208994977551,11.91910913748767,76.79333648156958,0.0,0.0,73.14755060451674,0.0,0.0,0.0,48.53093654769288,103.1785290337168,63.044174572887066,12.71084835226122,72.5420381826151,99.61537055113834,10.818567211583044,78.58526123072414,17.201002431486554,184.35669576492768,32.78590758816322,71.92105017116157,0.0,0.0,81.00246567956255,0.0,0.0,0.0,225.10126231707383,75.17062663878572,10.818567211583044,104.03589916494582,60.79414718776757,0.0,10.902924932081056,0.0,554.7599999999999,162.0062747836063,72.5420381826151,0.0,89.46470774454606,34.871471161327065,6.923737199690624,44.41850546015408,60.79414718776757,0.0,68.7854417690232,28.0195696430696,0.0,0.0,182.99411113883383,66.15547358383843,18.11831725500585,-11.055711149219198,0.0254416438751849,1.353085432641796,7.409282095024099,0.0,0.5396825396825397,98,23,35,0,2,2,13,2,1,3,13,0,17,20,35,3,36,0,2,2,0,0,30.135596148884165,5,-5.732460000000009,355.5583000000006,0,2,2,0,0,1,1,0,0,0,13,13,0,0,0,2,15,3,0,0,2,1,0,0,0,0,0,13,0,0,0,0,0,0,2,0,1,0,0,0,0,0,0,2,0,0,0,0,0,0,0,0,0,0,0,0,0,0,0,0,0,0,0,0,1,0,0,0,0,0,0,1,0,0,0,0,0,0,0,0,0,0,0,0,0,CHEMBL4791680,CC(=O)N[C@@H](CO)C(=O)N[C@@H](C)C(=O)N[C@@H](CCCNC(=N)N)C(=O)N[C@@H](Cc1c[nH]c2ccccc12)C(=O)N[C@@H](C)C(=O)N[C@@H](Cc1ccccc1)C(=O)N1CCC[C@H]1C(=O)N[C@@H](C)C(=O)N[C@@H](C)C(=O)N1CCC[C@H]1C(=O)N[C@@H](CCCNC(=N)N)C(=O)N[C@H](C(N)=O)[C@@H](C)O,1700.0,3.230448921378274,CHEMBL2093861,Menin/Histone-lysine N-methyltransferase MLL,1
15.5320783952954,15.5320783952954,0.1047844877101769,-1.6888038488163482,0.0217303279124596,19.59090909090909,1864.2799999999995,1737.2719999999988,1862.9112725719988,714,0,0.2454291178963408,-0.5079666451556014,0.5079666451556014,0.2454291178963408,0.553030303030303,1.1515151515151516,1.75,32.167723742557975,10.004936667999925,2.3930267305261173,-2.287435772464568,2.2461496895522015,-2.620998780340996,7.983479338539264,-0.1363755983322166,1.6387424292369468,1.1505293819458935,4938.062028810943,95.76305832589716,75.28826390492091,76.92125706677635,63.24868069835014,44.23431879789865,46.54371987465715,33.25251110959143,35.313024626375444,21.52123492310879,23.65908662411084,14.212771412079,16.14909202454726,-12.410000000000007,1.918355913957675e+39,104.9523589215422,54.41760745179047,35.03734289967887,774.4545598039717,116.50670324083588,78.25160178305941,0.0,82.7005162109211,0.0,0.0,77.09147761889993,4.983978520947208,23.52376989878223,0.0,100.49135362030184,143.95418807622204,121.09514634399622,30.426024416722683,82.44310276152764,117.1272110417844,0.0,104.671721664831,23.303147046647155,209.20696180103792,57.38112761348194,168.0150729847006,0.0,16.876414816677897,91.21916401441936,0.0,5.749511833283905,23.52376989878223,258.92717495118495,104.31251428220315,11.835812092322788,127.1840502179528,134.24293452506424,0.0,22.02982791547505,0.0,602.4099999999999,186.6730038049712,58.47041684116851,23.97268592035911,73.32769682697509,75.31230080986256,50.65861903590687,69.32272846868705,111.30077700422142,13.847474399381248,99.6877431438838,16.45131347527158,0.0,2.3216424190163405,222.00391496234076,74.29456063095978,15.856606275258248,-13.583351527598484,9.914696130811846,7.388347980954056,13.636916461590811,0.0,0.4835164835164835,132,24,39,0,3,3,14,3,4,7,13,4,25,22,41,7,38,0,0,0,0,0,43.26709294645381,10,-0.4830000000000315,498.31910000000136,0,2,2,0,0,5,2,1,0,0,14,14,0,0,0,3,17,2,0,0,0,2,0,0,0,0,0,14,0,0,0,0,0,0,3,0,3,0,0,0,0,0,0,0,0,0,0,1,0,0,0,0,0,0,0,0,0,0,0,0,0,0,0,0,1,1,1,0,0,0,0,1,0,2,0,2,0,0,0,0,0,0,0,1,0,CHEMBL1933133,CC(=O)N[C@@H](CC(C)C)C(=O)N[C@H](C(=O)N[C@@H](Cc1ccccc1)C(=O)N[C@@H]1CSCc2ccc(cn2)-c2ccc(nc2)CSC[C@@H](C(=O)N[C@@H](CO)C(=O)NCCCNCCCCNCCCN)NC(=O)[C@H](C(C)C)NC(=O)[C@H](CCC(N)=O)NC(=O)[C@H](C)NC(=O)[C@H](Cc2c[nH]c3ccccc23)NC(=O)[C@H](Cc2ccc(O)cc2)NC(=O)[C@H](Cc2cnc[nH]2)NC1=O)[C@@H](C)O,18.0,1.255272505103306,CHEMBL1907611,Tumour suppressor p53/oncoprotein Mdm2,1
15.625662065566129,15.625662065566129,0.0062312439067579,-2.0278516105656266,0.0129115547021772,24.18705035971223,2013.4890000000005,1867.328999999999,2012.0045808999987,776,0,0.3054810621152199,-0.4812292624533588,0.4812292624533588,0.3054810621152199,0.5251798561151079,1.0431654676258992,1.6258992805755397,33.1146188540686,9.9975007270456,2.477589410084043,-2.333727835895844,2.301851360341658,-2.614578662261013,8.762963767694732,-0.1479291405792228,1.6575984752091286,1.505035449065529,4411.502259966153,102.86319891035598,80.51210099719678,82.96159073997995,66.01571009052932,47.753900670804626,51.63578139263456,36.70721256823233,40.320010834847146,24.416412486246355,27.50706301811972,17.147304088592094,19.874654851851663,-11.179999999999996,5.621791589230596e+42,116.53257929839098,59.41575047285583,37.737066991281466,821.2221394197167,132.28893147266143,102.7112940955153,5.959554568743835,106.32923512832714,0.0,11.938610575903695,101.300027287228,0.0,11.761884949391115,0.0,93.46205449322522,183.2525593137108,63.994869688599096,13.027703587438928,111.2103258659586,157.57708117513923,5.409283605791522,94.03467937949056,40.68838804713292,305.2771734435739,75.93450680965272,35.89528683400505,0.0,0.0,97.3697103647374,0.0,0.0,33.34968090216456,337.79242228606677,102.31156530436247,23.163001744275704,201.7085092168297,30.33183534230805,0.0,0.0,0.0,711.4,263.9758852779245,72.85402839338398,38.356297472574575,178.81169731371125,31.246737983401033,26.48770568362392,33.38535134163317,78.13002772396318,0.0,74.43504045608864,28.343953514440265,0.0,1.3185951897720118,293.263944797853,75.59204397491271,23.53212455650171,-20.88392403478271,-17.262119360266603,1.07370692108963,10.800720485645243,1.8982408026084,0.7,139,26,46,0,5,5,18,1,0,1,17,0,27,22,49,5,41,0,5,5,0,0,49.81201909029844,6,-3.859829999999956,516.5035000000013,2,1,1,0,0,0,0,0,2,2,20,18,0,0,0,4,15,4,0,0,3,0,0,0,0,0,0,18,0,0,0,0,0,0,1,0,1,0,0,0,0,0,0,1,0,0,0,0,0,0,0,0,0,0,0,0,0,0,0,0,0,0,0,0,0,0,0,0,0,0,0,1,0,0,0,1,0,0,0,0,0,0,0,2,0,CHEMBL3335447,CSCC[C@H](NC(=O)[C@@H]1CCCN1C(=O)[C@@H](NC(C)=O)C(C)C)C(=O)N[C@H]1CCSSC[C@@H](C(=O)N[C@@H](CCCCN)C(=O)N2CCC[C@H]2C(=O)N2CCC[C@H]2C(=O)N[C@@H](CCC(=O)O)C(N)=O)NC(=O)[C@H](Cc2ccccc2)NC(=O)[C@H](CO)NC(=O)[C@H](CC(=O)O)NC(=O)[C@@H]2CCCN2C(=O)[C@H](CC(C)C)NC(=O)[C@H](CCCCN)NC(=O)[C@H](CCCNC(=N)N)NC(=O)[C@H](CC(C)C)NC1=O,6900.0,3.838849090737255,CHEMBL3430909,Transcriptional coactivator YAP1/Transcriptional enhancer factor TEF-1,1
15.7232863418072,15.7232863418072,0.0089388150883389,-1.8368300832902775,0.0148553778514417,24.064285714285713,2019.9020000000016,1874.7499999999989,2018.0037083079987,776,0,0.3029356715703366,-0.4812292624533588,0.4812292624533588,0.3029356715703366,0.55,1.1,1.707142857142857,35.49569870843083,10.002143871533752,2.47501580724717,-2.3337121428110796,2.3030565742595286,-2.6110673859141724,8.762960195950011,-0.1479291165503016,1.6470647585877216,1.3437924830762298,4624.914048174442,102.98451925391564,80.85840610134721,83.24732820922111,66.67750613307783,48.4528556753838,51.31885402010561,36.84370150838224,39.90733699581554,25.014187186161305,27.695984269963052,17.472177710309793,19.94100900333958,-11.490000000000004,2.4530629847793487e+43,115.48252463683336,58.66643701526754,36.23754615655995,828.4088076318677,127.18240407782072,102.7112940955153,5.959554568743835,106.32923512832714,0.0,5.969305287951848,96.50549010315618,0.0,0.0,0.0,123.1136345665424,183.52513168267603,75.43832462526643,6.606881964512918,101.30926128704608,151.44683082802877,5.409283605791522,94.03467937949056,34.770482000971526,311.69799506649997,63.92588401939451,70.74683991328982,0.0,0.0,97.3697103647374,0.0,0.0,33.18873584300596,314.707966813016,103.93784974321667,17.24509569811431,207.27196070852665,54.59730361615449,5.022633313741326,0.0,0.0,674.1,251.58575836704657,67.74750099854327,33.561760288502754,165.74274935161836,56.07265434387607,21.587795952773444,33.44711332278316,82.292252414917,6.923737199690624,74.43504045608864,39.94489340467278,0.0,6.544870841083645,281.4219685438814,66.31900532618796,24.076551914565343,-18.248426180491116,-9.661322655554596,1.7906001151693476,10.76909098721806,1.9321055523843729,0.6559139784946236,140,25,44,0,5,5,18,2,0,2,17,0,25,21,47,5,39,0,5,5,0,0,48.39248755693475,7,-2.0275299999999827,522.1517000000014,1,1,1,0,0,0,0,0,1,1,19,18,0,0,0,4,15,4,0,0,3,0,0,0,0,0,0,18,0,0,0,0,0,0,2,0,1,0,0,0,0,0,0,1,1,0,0,0,0,0,0,0,0,0,0,0,0,0,0,0,0,0,0,0,0,0,0,0,0,0,0,1,0,0,0,0,0,0,0,0,0,0,0,3,0,CHEMBL3335461,CCCC[C@@H]1NC(=O)[C@H](CCCCN)NC(=O)[C@H](CCCNC(=N)N)NC(=O)[C@H](CC(C)C)NC(=O)[C@@H](NC(=O)[C@H](Cc2cccc(Cl)c2)NC(=O)[C@@H]2CCCN2C(=O)[C@@H](NC(C)=O)C(C)C)CCSSC[C@@H](C(=O)N[C@@H](CCCCN)C(=O)N2CCC[C@H]2C(=O)N2CCC[C@H]2C(=O)N[C@@H](CCC(=O)O)C(N)=O)NC(=O)[C@H](Cc2ccccc2)NC(=O)[C@H](CO)NC(=O)[C@H](C)NC(=O)[C@@H]2CCCN2C1=O,25.0,1.3979400086720375,CHEMBL3430909,Transcriptional coactivator YAP1/Transcriptional enhancer factor TEF-1,1
15.450188422990513,15.450188422990513,0.1021833301948131,-1.685541853093371,0.0315153127558698,20.445378151260503,1678.965,1575.1409999999992,1677.7220748359994,636,0,0.2454291178963408,-0.5079666451556014,0.5079666451556014,0.2454291178963408,0.5714285714285714,1.1680672268907564,1.7478991596638656,32.167721928812306,10.004941266300229,2.3895654352266944,-2.2872129105041137,2.2434456636871456,-2.6209419538458008,7.983461265992247,-0.1363658292298105,1.7249861199712229,1.1857812003477628,4673.605415436268,86.57067017047203,66.71719609305543,68.35018925491089,56.71067589588939,38.596978689063214,40.90637976582172,29.660963874277943,31.721477391061956,19.2038432712089,21.341694972210945,12.700176360306054,14.636496972774315,-12.290000000000006,6.426144314580571e+33,92.22314882614404,44.875219908183794,28.50740711909691,694.1555521091819,100.55633742881687,78.25160178305941,0.0,82.7005162109211,0.0,0.0,77.09147761889993,4.983978520947208,23.52376989878223,0.0,100.49135362030184,85.5471195549551,114.55038993808364,30.426024416722683,82.44310276152764,117.1272110417844,0.0,88.72135585281202,23.303147046647155,183.52367530933384,18.112589178006495,168.0150729847006,0.0,16.876414816677897,75.26879820240036,0.0,5.749511833283905,23.52376989878223,219.65863651570947,104.31251428220315,11.835812092322788,101.50076372624876,134.24293452506424,0.0,22.02982791547505,0.0,566.3199999999998,186.6730038049712,58.47041684116851,23.97268592035911,66.7829404210625,55.80196637511141,23.52376989878223,57.56084351929593,111.30077700422142,13.847474399381248,88.72135585281202,11.46733495432437,0.0,2.285226394825564,218.4341964282432,63.628644793781234,15.641672768317854,-14.073624828838383,9.726548373782403,4.047592561272038,9.643076841949409,0.0,0.419753086419753,119,21,36,0,3,3,14,3,4,7,13,4,22,19,38,7,26,0,0,0,0,0,34.77759734620485,10,-0.8122000000000245,441.24200000000104,0,2,2,0,0,5,2,1,0,0,14,14,0,0,0,3,14,2,0,0,0,2,0,0,0,0,0,14,0,0,0,0,0,0,3,0,3,0,0,0,0,0,0,0,0,0,0,1,0,0,0,0,0,0,0,0,0,0,0,0,0,0,0,0,1,1,1,0,0,0,0,2,0,2,0,2,0,0,0,0,0,0,0,0,0,CHEMBL1933127,CC(=O)N[C@@H](CC(C)C)C(=O)N[C@H](C(=O)N[C@@H](Cc1ccccc1)C(=O)N[C@H]1CSCc2ccc(cn2)-c2ccc(nc2)CSC[C@@H](C(=O)N[C@@H](CO)C(N)=O)NC(=O)[C@H](C(C)C)NC(=O)[C@H](CCC(N)=O)NC(=O)[C@H](C)NC(=O)[C@H](Cc2c[nH]c3ccccc23)NC(=O)[C@H](Cc2ccc(O)cc2)NC(=O)[C@H](Cc2cnc[nH]2)NC1=O)[C@@H](C)O,35.0,1.5440680443502757,CHEMBL1907611,Tumour suppressor p53/oncoprotein Mdm2,1
15.89272388642213,15.89272388642213,0.0107223229012889,-1.7278878448493182,0.0081978955925328,13.914285714285716,1946.2560000000017,1813.1999999999991,1945.022354003999,758,0,0.2924185910007353,-0.5079666451556014,0.5079666451556014,0.2924185910007353,0.4714285714285714,0.9,1.3714285714285714,16.465772694826757,9.996665261086475,2.394490758572085,-2.290082892681947,2.2257237369921934,-2.61835327553638,6.008712899531227,-0.136595213459535,1.6446335589221095,1.2622531153193224,5344.8424673598565,102.65824584028258,79.60534082673122,79.60534082673122,66.67910880867669,46.04847666532768,46.04847666532768,34.69021513670699,34.69021513670699,22.13481882273259,22.13481882273259,14.7652424975472,14.7652424975472,-15.449999999999996,5.772020440640388e+42,111.55151657813973,56.92124563464617,37.90719246478044,808.428941249041,132.29402227580445,84.00111361634332,11.91910913748767,82.7005162109211,11.731584227351432,0.0,82.7366249726604,4.983978520947208,0.0,14.99386983910109,94.9375551669771,167.10145501679332,93.34969391526992,31.835352242986858,91.97450289939952,111.42973000984136,10.818567211583044,120.2278081616989,29.03681452380934,229.80536270217436,39.89570512944075,162.2099745634452,0.0,17.186409941251373,107.00648304938792,0.0,11.49902366656781,0.0,269.5073392268446,92.80680706870956,22.65437930390583,158.51924402495771,134.0012875955059,0.0,16.590311206764618,0.0,732.28,192.16056500272305,53.67587965709669,33.561760288502754,157.16811091606482,39.03017751513951,4.796506222499014,64.67064106057346,98.90708986099528,13.847474399381248,122.0102376227984,32.75643259686965,5.251566624973897,0.0,227.43905213705492,102.37749738011996,19.38802951733607,-14.812449952848883,8.638389380672907,1.0695312626405284,13.822700785738563,1.4923495309787245,0.4731182795698925,140,29,47,0,0,0,15,4,3,7,13,0,26,26,47,3,60,0,0,0,0,0,45.35465197186854,7,-2.370959999999997,513.8311000000011,0,2,2,0,0,7,2,1,0,0,15,15,0,0,0,5,20,3,0,0,0,2,0,0,0,0,0,15,0,0,0,0,0,0,4,0,1,0,0,0,0,1,0,2,0,0,0,1,0,0,0,0,0,0,0,1,0,0,0,0,0,0,0,0,1,1,1,0,0,0,0,1,0,0,0,0,0,0,0,1,0,0,0,2,0,CHEMBL1689396,C=C(C)C(=O)NCCCC[C@H](NC(=O)[C@H](Cc1ccccc1)NC(=O)[C@@H](NC(=O)[C@H](CC(C)C)NC(C)=O)[C@@H](C)O)C(=O)N[C@@H](Cc1cnc[nH]1)C(=O)N[C@@H](Cc1ccc(O)cc1)C(=O)N[C@@H](Cc1c[nH]c2ccccc12)C(=O)N[C@@H](CCCCNC(=O)c1nnn(-c2ccc(OC)cc2)n1)C(=O)N[C@@H](CCCNC(=N)N)C(=O)N[C@@H](CC(C)C)C(=O)N[C@@H](CCCNC(=N)N)C(=O)N[C@@H](CO)C(N)=O,160.0,2.204119982655925,CHEMBL5023,p53-binding protein Mdm-2,1
15.15440830743834,15.15440830743834,0.0003437594390143,-1.9229487676008925,0.024491019090927,14.950413223140496,1702.3090000000009,1604.5329999999992,1700.6412801839992,640,0,0.339696639601297,-0.5079666451556014,0.5079666451556014,0.339696639601297,0.5785123966942148,1.140495867768595,1.743801652892562,35.495697100487206,9.706893860713969,2.544491058051279,-2.3691273115900953,2.529325327586528,-2.6340521864203708,7.981066402894345,-0.1387605870024345,1.5640341300356428,0.7874256591861453,5102.739971280433,87.78621312009582,66.89595690594744,68.46838243289363,57.43621996217634,39.147662978434546,40.91947430156111,31.08357987078932,32.50561421091479,20.94270468893431,21.821752342581423,14.456046306349222,15.099553851093123,-13.05,1.2054740806922049e+38,90.27838310039571,39.67654479003121,23.27950168818232,703.6104384235277,100.09896065250412,70.61927180865412,5.601050810983688,70.88615675221807,5.907179729351506,11.938610575903695,67.12352057700551,4.794537184071822,11.761884949391115,0.0,92.17845204269148,158.779861116458,95.99065033360463,11.984273114623004,97.08103029424024,122.99769682917798,0.0,63.46865316501686,17.385241000485763,170.13741701658677,25.098135602083342,194.2477002400182,0.0,17.248535499851716,69.95200959839401,0.0,17.248535499851716,23.36282483962363,192.610907068669,98.3501836494215,5.917906046161393,150.7059326902102,133.59055200930695,5.022633313741326,10.902924932081056,0.0,546.3599999999999,166.9661990460374,82.75509297229652,9.589074368143644,105.17025194756634,72.60684540907113,0.0,74.14029589646525,105.16285904450666,0.0,63.46865316501686,27.805137798356935,6.196930104161854,7.673993044556072,209.72770109728393,70.78516817036183,10.79131419156245,-13.46342366250352,22.521522540099287,0.5193823162640312,5.775189975991843,0.0,0.3764705882352941,121,20,34,2,1,3,13,6,1,7,7,0,20,18,36,2,41,1,0,1,1,0,29.602762897970635,10,2.6208000000000053,442.47940000000074,1,0,0,0,0,1,1,3,1,1,15,14,0,0,0,0,12,2,0,0,0,1,0,0,0,0,0,13,0,0,0,0,0,0,6,0,7,0,0,0,1,1,0,0,1,0,0,0,0,0,0,0,0,0,0,0,0,0,0,0,0,0,0,0,0,3,3,0,0,0,0,2,0,0,0,1,0,0,0,0,0,0,0,0,0,CHEMBL582845,CSCC[C@H](NC(=O)[C@H](Cc1ccccc1)NC(=O)CCNC(=O)CCNC(=O)c1ccc2c(c1)C(=O)OC21c2ccc(O)cc2Cc2cc(O)ccc21)C(=O)NC(C)(C)C(=O)N[C@@H](Cc1ccc(O)cc1)C(=O)N[C@@H](Cc1c[nH]c2cc(Cl)ccc12)C(=O)N[C@@H](CCC(=O)O)C(=O)NC1(C(=O)N[C@@H](CC(C)C)C(=O)N[C@@H](CC(N)=O)C(N)=O)CC1,140.0,2.146128035678238,CHEMBL5023,p53-binding protein Mdm-2,1
15.796772390819008,15.796772390819008,0.0046642504830458,-1.7703601795830093,0.0218603290978358,25.072164948453608,2729.5659999999925,2493.693999999997,2727.7685908480003,1092,0,0.2498681298123659,-0.3901264861786781,0.3901264861786781,0.2498681298123659,0.2783505154639175,0.5103092783505154,0.7577319587628866,16.48606294626649,9.910496359789631,2.5239875305001167,-2.4138982960743527,2.340904193256451,-2.6338559259364325,6.046016416732357,-0.1573824875198179,0.9134812378969474,1.852609499871676,6202.402934470592,148.1460193689988,124.10503525351946,124.10503525351946,90.26664627654448,68.3454847970861,68.3454847970861,57.26735753860904,57.26735753860904,35.54233182662891,35.54233182662891,23.657311532731416,23.657311532731416,-15.359999999999998,4.927584038477905e+65,170.8587609613863,80.3520825407918,50.148286919173664,1150.0853790247734,141.45340296925156,134.050580511985,0.0,141.77231350443617,0.0,0.0,115.0688924177238,0.0,10.228500251258795,0.0,218.1687220186731,236.126429467827,110.04218030684775,49.88598206571471,134.75567311500532,164.5218586031704,0.0,111.13304506395735,93.07918489751827,431.6541992236678,148.81802563537016,72.83501697502841,0.0,0.0,53.167886040063316,22.74954509873425,0.0,0.0,491.8133023118378,124.5426183253239,82.8506846462595,298.60944986521207,83.06351722628722,0.0,0.0,0.0,658.9800000000004,349.84153980973747,58.158426630399624,67.12352057700551,147.1426529431375,0.0,48.999097308504766,180.64545762795672,176.62629882052929,55.38989759752498,63.39638629132211,9.473725907600098,12.064323258931893,0.0,378.646764070686,60.910308270067965,0.9877703391496516,-25.95581192881733,-16.852472972216447,4.231042711315182,50.721787029924045,18.912955887625735,0.7142857142857143,194,12,54,0,2,2,24,2,0,2,24,0,30,12,54,2,42,0,2,2,0,0,70.76730548240582,4,8.537600000000054,741.4986000000033,0,2,2,0,0,0,0,0,0,0,24,24,0,0,0,16,10,0,0,14,0,0,0,0,0,0,4,24,0,2,0,0,1,0,2,0,0,0,0,0,0,2,0,0,0,0,0,0,0,0,0,0,0,0,0,0,0,0,0,0,0,0,0,0,0,0,0,0,0,0,0,0,0,0,0,0,0,0,0,0,0,0,0,0,0,CHEMBL1213204,C/C=C/C[C@@H](C)[C@@H](O)[C@H]1C(=O)N[C@@H](CC)C(=O)N(C)CC(=O)N(C)[C@@H](CC(C)C)C(=O)N[C@@H](C(C)C)C(=O)N(C)[C@@H](CC(C)C)C(=O)N[C@@H](C)C(=O)N[C@H](COCC(=O)Nc2ccc(/N=N\c3ccc(NC(=O)COC[C@H]4NC(=O)[C@H](C)NC(=O)[C@H](CC(C)C)N(C)C(=O)[C@H](C(C)C)NC(=O)[C@H](CC(C)C)N(C)C(=O)CN(C)C(=O)[C@H](CC)NC(=O)[C@H]([C@H](O)[C@H](C)C/C=C/C)N(C)C(=O)[C@H](C(C)C)N(C)C(=O)[C@H](CC(C)C)N(C)C(=O)[C@H](CC(C)C)N(C)C4=O)cc3)cc2)C(=O)N(C)[C@@H](CC(C)C)C(=O)N(C)[C@@H](CC(C)C)C(=O)N(C)[C@@H](C(C)C)C(=O)N1C,30.0,1.4771212547196624,CHEMBL1949,Cyclophilin A,1
15.5320783952954,15.5320783952954,0.1047844877101769,-1.6888038488163482,0.0217303279124596,19.59090909090909,1864.2799999999995,1737.2719999999988,1862.9112725719988,714,0,0.2454291178963408,-0.5079666451556014,0.5079666451556014,0.2454291178963408,0.553030303030303,1.1515151515151516,1.75,32.167723742557975,10.004936667999925,2.3930267305261173,-2.287435772464568,2.2461496895522015,-2.620998780340996,7.983479338539264,-0.1363755983322166,1.6387424292369468,1.1505293819458935,4938.062028810943,95.76305832589716,75.28826390492091,76.92125706677635,63.24868069835014,44.23431879789865,46.54371987465715,33.25251110959143,35.313024626375444,21.52123492310879,23.65908662411084,14.212771412079,16.14909202454726,-12.410000000000007,1.918355913957675e+39,104.9523589215422,54.41760745179047,35.03734289967887,774.4545598039717,116.50670324083588,78.25160178305941,0.0,82.7005162109211,0.0,0.0,77.09147761889993,4.983978520947208,23.52376989878223,0.0,100.49135362030184,143.95418807622204,121.09514634399622,30.426024416722683,82.44310276152764,117.1272110417844,0.0,104.671721664831,23.303147046647155,209.20696180103792,57.38112761348194,168.0150729847006,0.0,16.876414816677897,91.21916401441936,0.0,5.749511833283905,23.52376989878223,258.92717495118495,104.31251428220315,11.835812092322788,127.1840502179528,134.24293452506424,0.0,22.02982791547505,0.0,602.4099999999999,186.6730038049712,58.47041684116851,23.97268592035911,73.32769682697509,75.31230080986256,50.65861903590687,69.32272846868705,111.30077700422142,13.847474399381248,99.6877431438838,16.45131347527158,0.0,2.3216424190163405,222.00391496234076,74.29456063095978,15.856606275258248,-13.583351527598484,9.914696130811846,7.388347980954056,13.636916461590811,0.0,0.4835164835164835,132,24,39,0,3,3,14,3,4,7,13,4,25,22,41,7,38,0,0,0,0,0,43.26709294645381,10,-0.4830000000000315,498.31910000000136,0,2,2,0,0,5,2,1,0,0,14,14,0,0,0,3,17,2,0,0,0,2,0,0,0,0,0,14,0,0,0,0,0,0,3,0,3,0,0,0,0,0,0,0,0,0,0,1,0,0,0,0,0,0,0,0,0,0,0,0,0,0,0,0,1,1,1,0,0,0,0,1,0,2,0,2,0,0,0,0,0,0,0,1,0,CHEMBL1933129,CC(=O)N[C@@H](CC(C)C)C(=O)N[C@H](C(=O)N[C@@H](Cc1ccccc1)C(=O)N[C@H]1CSCc2ccc(cn2)-c2ccc(nc2)CSC[C@@H](C(=O)N[C@@H](CO)C(=O)NCCCNCCCCNCCCN)NC(=O)[C@H](C(C)C)NC(=O)[C@H](CCC(N)=O)NC(=O)[C@H](C)NC(=O)[C@H](Cc2c[nH]c3ccccc23)NC(=O)[C@H](Cc2ccc(O)cc2)NC(=O)[C@H](Cc2cnc[nH]2)NC1=O)[C@@H](C)O,46.0,1.662757831681574,CHEMBL1907611,Tumour suppressor p53/oncoprotein Mdm2,1
15.668283229632063,15.668283229632063,0.0074590792903483,-1.750450994349641,0.0077955666871592,13.899280575539567,1937.245000000001,1803.1809999999991,1936.0220196559987,756,0,0.2924185910007353,-0.5079666451556014,0.5079666451556014,0.2924185910007353,0.460431654676259,0.8705035971223022,1.330935251798561,16.46578503190409,9.997092450554987,2.393454951016902,-2.290459624166844,2.224718374489973,-2.6169338389022014,6.009538596244418,-0.1366572651202383,1.7358124104764436,1.3361038383461723,5188.310771297901,102.53692549672292,79.19613203369204,79.19613203369204,66.01731276612821,45.69752789647049,45.69752789647049,34.414232905426424,34.414232905426424,21.835340674252137,21.835340674252137,14.49514278855518,14.49514278855518,-15.189999999999998,3.702518362021374e+41,112.54443516005269,57.635126915714466,39.57814511970619,803.1743356668658,133.04371123201943,84.00111361634332,11.91910913748767,88.6076959402726,11.731584227351432,0.0,87.53116215673222,0.0,0.0,14.99386983910109,94.9375551669771,173.52227663971928,81.45892234880837,25.50803216822232,96.76904008347137,117.33690973919286,10.818567211583044,110.2598511198045,34.770482000971526,236.2261843251004,39.89570512944075,143.99188292221913,0.0,17.186409941251373,112.7401505265501,0.0,11.49902366656781,0.0,265.44656191430164,91.18052262985536,22.654379303905827,165.66695927596126,121.47712394912826,0.0,16.590311206764618,0.0,746.6899999999999,216.8272940240879,63.26495402524033,28.76722310443093,139.13545525212896,39.03017751513951,4.796506222499014,52.14647741419584,112.75456426037653,0.0,112.04228058090398,38.49010007403184,5.191465335974119,0.0,231.3216434624304,101.77919379369315,24.95315776698392,-16.216679043182843,8.111248834176253,-2.5511354264348416,13.581715682216377,1.4960562608102124,0.4891304347826087,139,30,47,0,0,0,16,4,2,6,13,0,26,26,47,2,61,0,0,0,0,0,46.66555974177722,6,-3.07125999999997,509.9678000000011,0,2,2,0,0,5,1,1,0,0,16,16,0,0,0,4,19,4,0,0,0,1,0,0,0,0,0,16,0,0,0,0,0,0,4,0,1,0,0,0,0,1,0,2,0,0,0,0,0,0,0,0,0,0,0,1,0,0,0,0,0,0,0,0,1,1,1,0,0,0,0,2,0,0,0,0,0,0,0,1,0,0,0,2,0,CHEMBL1689402,C=C(C)C(=O)NCCCC[C@H](NC(=O)[C@H](Cc1ccccc1)NC(=O)[C@@H](NC(=O)[C@H](CC(C)C)NC(C)=O)[C@@H](C)O)C(=O)N[C@@H](CCCNC(=N)N)C(=O)N[C@@H](Cc1ccc(O)cc1)C(=O)N[C@@H](Cc1c[nH]c2ccccc12)C(=O)N[C@@H](CCCNC(=N)N)C(=O)N[C@@H](CCC(N)=O)C(=O)N[C@@H](CC(C)C)C(=O)N[C@@H](CCCCNC(=O)c1nnn(-c2ccc(OC)cc2)n1)C(=O)N[C@@H](CO)C(N)=O,28.0,1.4471580313422192,CHEMBL5023,p53-binding protein Mdm-2,1
14.247345082606364,14.247345082606364,0.047022109895227,-1.9121155508597691,0.0656557439997067,24.97619047619047,1187.2720000000002,1108.6479999999997,1186.5506182759998,464,0,0.3054812036843136,-0.4812292624504639,0.4812292624504639,0.3054812036843136,0.5238095238095238,0.9523809523809524,1.4404761904761905,16.37312419565785,10.002166272583723,2.4150863010828982,-2.306581452199616,2.20879972525782,-2.6049151699054365,5.9995853381563915,-0.1463364221522972,4.144329916223432,2.1601790364125124,2582.9728925933696,62.95636124209551,47.35869889766917,47.35869889766917,39.447191767367414,27.38029903947917,27.38029903947917,21.314698705324165,21.314698705324165,13.246213210671156,13.246213210671156,9.046403382643584,9.046403382643584,-8.770000000000001,1.9768931458936806e+17,69.4988971895572,33.98303884554172,23.977234979331545,482.7701329018161,84.2275728274388,54.37656746233163,0.0,70.88615675221807,0.0,17.907915863855546,71.91805776107734,0.0,0.0,0.0,58.026784141070536,69.26875214419249,32.22804289761662,25.614300822499462,92.34416734044018,88.79407261607363,0.0,58.0677957709138,17.569479569484972,172.14907932364522,19.634269217737724,35.89528683400505,0.0,0.0,58.9015535172255,0.0,0.0,0.0,194.23489499410456,78.33887938400335,11.835812092322788,110.81117534233624,30.33183534230805,0.0,0.0,0.0,486.52999999999986,207.30987063846075,92.34416734044018,0.0,50.4846766128654,5.563451491696996,11.823646930541102,0.0,58.026784141070536,0.0,53.167886040063316,5.733667477162185,0.0,0.0,201.40342362394557,63.28942172731743,5.872893321402577,-17.794475298102782,-6.671715217254937,-6.737979242090152,5.805097751448975,0.0,0.6037735849056604,84,16,31,0,2,2,12,1,0,1,10,0,16,15,31,2,18,0,2,2,0,0,28.11647289184563,3,-4.71270000000002,291.3576,3,1,1,0,0,0,0,0,3,3,15,12,0,0,0,1,10,1,0,0,0,0,0,0,0,0,0,12,0,0,0,0,0,0,1,0,1,0,0,0,0,0,0,0,0,0,0,0,0,0,0,0,0,0,0,0,0,0,0,0,0,0,0,0,0,0,0,0,0,0,0,1,0,0,0,0,0,0,0,0,0,0,0,0,0,CHEMBL4169002,CC(C)C[C@@H]1NC(=O)[C@H](Cc2ccccc2)NC(=O)[C@H](CCC(=O)O)NC(=O)CNC(=O)[C@H]([C@@H](C)O)NC(=O)[C@H](CCC(=O)O)NC(=O)[C@@H]2CCCN2C(=O)[C@H](CC(=O)O)NC(=O)[C@H](CC(C)C)NC(=O)[C@H](CCC(N)=O)NC(=O)CNC1=O,18.31,1.2626883443016963,CHEMBL2069156,Kelch-like ECH-associated protein 1,1
15.204503641103358,15.204503641103358,0.030209720647873,-1.4666335620387083,0.0212851766984666,21.347368421052632,1324.556999999999,1230.812999999999,1323.7200240359998,518,0,0.2456755430092794,-0.3936790815918555,0.3936790815918555,0.2456755430092794,0.6526315789473685,1.2842105263157897,1.9473684210526316,16.25622881903081,9.995598652797106,2.422367145014044,-2.311800618718408,2.2441901108646465,-2.6047730868598222,5.99788037787227,-0.1430988343939952,1.7407080512277824,1.3008950450042045,3238.8725413838774,69.30344993589989,53.94626913753468,53.94626913753468,45.34246215973636,32.30984536733796,32.30984536733796,24.255235552025493,24.255235552025493,16.933012668638856,16.933012668638856,11.847979563651531,11.847979563651531,-9.880000000000004,8.787966952515856e+22,74.16308325694456,36.53780123924083,22.40513706987222,549.9350168255407,95.57600245304508,66.46024912062755,11.91910913748767,70.88615675221807,0.0,0.0,68.35301342044491,0.0,0.0,0.0,74.21422303939693,95.24896068049696,63.04417457288707,6.606881964512918,62.64097360370256,93.70819082178684,10.818567211583044,73.26847262671781,17.201002431486554,189.96460668651565,32.78590758816322,71.92105017116157,0.0,0.0,75.68567707555621,0.0,0.0,0.0,201.94174797598535,70.37608945471388,10.818567211583044,121.78961730343003,60.79414718776757,0.0,10.902924932081056,0.0,505.42999999999984,143.95328783735854,53.05189923555892,9.589074368143644,102.30635099039807,60.55475765303112,6.923737199690624,23.647293861082204,48.661413050844345,12.13273413692322,63.46865316501686,28.0195696430696,0.0,0.0,173.80318386022864,54.84968451724951,18.49932656024964,-9.458323635542383,2.1452737227902325,4.639131339730623,3.688390301960384,0.0,0.5555555555555556,95,21,32,0,3,3,12,2,1,3,11,0,15,18,32,4,26,0,3,3,0,0,28.52374731927905,6,-3.283660000000027,348.3008000000006,0,1,1,0,0,1,1,0,0,0,12,12,0,0,0,2,14,3,0,0,1,1,0,0,0,0,0,12,0,0,0,0,0,0,2,0,2,0,0,0,0,0,0,2,0,0,0,0,0,0,0,0,0,0,0,0,0,0,0,0,0,0,0,0,1,0,0,0,0,0,0,1,0,0,0,0,0,0,0,0,0,0,0,0,0,CHEMBL4785724,CC(=O)N[C@@H](CO)C(=O)N[C@@H](C)C(=O)N[C@@H](CCCNC(=N)N)C(=O)N[C@@H](Cc1c[nH]c2ccccc12)C(=O)N[C@H]1CCCCCC[C@@H](C(=O)N2CCC[C@H]2C(=O)N[C@@H](CCCNC(=N)N)C(N)=O)NC(=O)[C@H](C)NC(=O)[C@@H]2CCCN2C(=O)[C@H](Cc2ccccc2)NC1=O,660.0,2.8195439355418688,CHEMBL2093861,Menin/Histone-lysine N-methyltransferase MLL,1
15.280075404836206,15.280075404836206,0.0440675555965182,-1.5438799580495173,0.0229662348490287,21.752688172043012,1298.489999999999,1209.7859999999991,1297.6731540959995,506,0,0.2459060722147671,-0.3936790815918555,0.3936790815918555,0.2459060722147671,0.7634408602150538,1.4731182795698925,2.161290322580645,19.14216994305169,9.75068050561948,2.4996455641303506,-2.4268546734089864,2.3408100973628145,-2.6722169137400575,6.009062688722808,-0.1462463863344993,1.7421782998633144,1.2287861941010416,3252.005358914001,67.51899288552369,52.37663985335121,52.37663985335121,44.41087037558496,31.7279372144486,31.7279372144486,24.300182163398823,24.300182163398823,17.432129386602586,17.432129386602586,12.219837498977084,12.219837498977084,-9.260000000000003,2.1694617095445345e+22,71.18555236187606,33.35475643918062,19.169894789822525,536.4945657776681,90.25921384903874,71.77455438490884,5.959554568743835,70.88615675221807,0.0,0.0,62.94372981465338,4.39041504767482,0.0,0.0,43.17347858816007,126.2651788924202,56.49941816697449,6.606881964512918,67.03138865137738,87.74863625304299,5.409283605791522,67.95168402271148,17.201002431486554,188.9587755329864,32.78590758816322,71.67190394374585,0.0,0.0,70.36888847154988,4.39041504767482,0.0,0.0,195.47927783047692,70.37608945471388,11.226504446837415,121.28670172666544,54.727780119305955,0.0,10.902924932081056,0.0,469.54999999999984,149.26759310163985,52.64777709916192,14.383611552215466,115.60926129043229,47.71311440717909,6.923737199690624,34.92265786677641,36.52867891392113,0.0,58.15186456101053,22.61028603727808,14.872714751312426,0.0,175.06699696764758,44.787326253936286,16.84583041797312,-10.258989242878949,-0.8507534315290299,3.540913306220592,2.0792943106513055,0.0,0.5645161290322581,93,19,30,1,3,4,12,2,1,3,10,0,15,16,31,4,25,1,3,4,1,0,25.53093291418188,7,-2.9149300000000213,335.28240000000045,0,1,1,0,0,1,1,0,0,0,12,12,0,0,0,2,12,3,0,0,1,1,0,0,0,0,0,12,0,0,0,0,0,0,2,0,2,0,0,0,0,0,0,1,1,0,0,0,0,0,0,0,0,0,0,0,0,0,0,0,0,0,0,0,1,0,0,0,0,0,0,1,0,0,0,0,0,0,0,0,0,0,0,0,0,CHEMBL4796544,CC(=O)N[C@@H](CO)C(=O)N[C@@H](C)C(=O)N[C@@H](CCCNC(=N)N)C(=O)N[C@@H](Cc1c[nH]c2ccccc12)C(=O)N[C@H]1CCCC[C@@H](C(=O)N2CCC[C@H]2C(=O)N[C@@H](CCCN)C(N)=O)NC(=O)C2(CCC2)NC(=O)[C@@H]2CCCN2C(=O)[C@H](Cc2cccc(F)c2)NC1=O,569.0,2.7551122663950713,CHEMBL2093861,Menin/Histone-lysine N-methyltransferase MLL,1
15.252116963732258,15.252116963732258,0.0276242959211012,-1.621294915251236,0.0150399676854113,21.3265306122449,1365.5849999999996,1271.840999999999,1364.726586636,532,0,0.2459158088033557,-0.3701604379834824,0.3701604379834824,0.2459158088033557,0.7142857142857143,1.3571428571428572,2.010204081632653,19.14217129616874,9.750886043873642,2.49949262513147,-2.4262761404527677,2.3398899295726148,-2.6722097760951007,6.0109679681112045,-0.1461817877228732,0.9106303191506504,1.2333119157167944,3470.643309170085,71.21766349827298,55.16147706542013,55.16147706542013,46.76671242324152,33.20376788788092,33.20376788788092,25.258640323849196,25.258640323849196,17.90921975093531,17.90921975093531,12.536148170320248,12.536148170320248,-10.210000000000004,1.7388580945732318e+24,75.1746394866832,35.68582295668354,20.899224874530795,565.6806592163633,96.20314253536657,71.77455438490884,11.91910913748767,70.88615675221807,0.0,0.0,68.35301342044491,4.39041504767482,0.0,0.0,42.483875555975814,139.1068221382722,63.04417457288707,0.0,61.92486125653668,93.70819082178684,10.818567211583044,73.26847262671782,22.93466990864874,188.9587755329864,32.72378202956288,83.82394415741362,0.0,0.0,81.4193445527184,4.39041504767482,0.0,0.0,196.27017944577972,70.37608945471388,16.63578805262894,121.28670172666544,66.87982033297372,0.0,10.902924932081056,0.0,511.2199999999998,142.66071113712692,42.74671252024939,19.178148736287287,134.5343938880147,41.29229278425308,0.0,53.99843528013479,36.52867891392113,0.0,63.46865316501686,33.75323712023179,14.900842705234066,0.0,176.76074782910305,45.45050046311302,22.333625505633915,-10.443169128073192,-0.7795461948195492,5.893284557056952,3.1337142627517736,0.0,0.5384615384615384,98,22,32,1,3,4,12,2,1,3,10,0,15,18,33,4,28,1,2,3,1,0,27.37417219953355,7,-2.8679600000000205,357.2534000000006,0,0,0,0,0,1,1,0,0,0,12,12,0,0,0,2,14,4,0,0,1,1,0,0,0,0,0,12,0,0,0,0,0,0,2,0,2,0,0,0,0,0,0,2,1,0,0,0,0,0,0,0,0,0,0,0,0,0,0,0,0,0,0,0,1,0,0,0,0,0,0,1,0,0,0,0,0,0,0,0,0,0,0,0,0,CHEMBL4796292,CC(=O)N[C@@H](C)C(=O)N[C@@H](CCCNC(=N)N)C(=O)N[C@@H](Cc1c[nH]c2ccccc12)C(=O)N[C@H]1C/C=C\C[C@@H](C(=O)N2CCC[C@H]2C(=O)N[C@@H](CCCN)C(=O)N[C@@H](CCCNC(=N)N)C(N)=O)NC(=O)C2(CCC2)NC(=O)[C@@H]2CCCN2C(=O)[C@H](Cc2cccc(F)c2)NC1=O,58.0,1.7634279935629371,CHEMBL2093861,Menin/Histone-lysine N-methyltransferase MLL,1
15.255982434314664,15.255982434314664,0.0447777395935371,-1.6284620399176168,0.0172543889277324,21.9247311827957,1296.4739999999997,1209.7859999999991,1295.6575040319997,504,0,0.2459158088033557,-0.3936790815918555,0.3936790815918555,0.2459158088033557,0.7849462365591398,1.4946236559139785,2.182795698924731,19.14216991230829,9.750886126374326,2.4987602670007165,-2.4262517855740935,2.339395869837274,-2.6720924337372396,6.0099481442575815,-0.1461497324939739,1.7421782998633144,1.2485961358352624,3302.9983016068704,67.51899288552369,52.11712682935737,52.11712682935737,44.41087037558496,31.377767128709664,31.377767128709664,23.958534154604717,23.958534154604717,17.10676754138271,17.10676754138271,11.914328854874585,11.914328854874585,-9.520000000000003,2.1694617095445345e+22,70.92964628492763,33.17260955569788,19.045776483889732,535.8049627454839,90.25921384903874,71.77455438490884,5.959554568743835,70.88615675221807,0.0,0.0,62.94372981465338,4.39041504767482,0.0,0.0,42.483875555975814,126.2651788924202,56.49941816697449,6.606881964512918,67.03138865137738,87.74863625304299,5.409283605791522,67.95168402271148,17.201002431486554,176.11713228713438,32.78590758816322,83.82394415741362,0.0,0.0,70.36888847154988,4.39041504767482,0.0,0.0,195.47927783047692,70.37608945471388,11.226504446837415,108.4450584808134,66.87982033297372,0.0,10.902924932081056,0.0,469.54999999999984,149.26759310163985,52.64777709916192,14.383611552215466,108.33106953627724,42.1496629154821,6.923737199690624,47.07469808044417,36.52867891392113,0.0,58.15186456101053,22.61028603727808,14.865110297685243,0.0,174.82257157662093,44.55846270107393,16.767345135895056,-10.531959578315016,-1.2117952663632456,5.794552650844446,2.019045815891994,0.0,0.532258064516129,93,19,30,1,3,4,12,2,1,3,10,0,15,16,31,4,25,1,2,3,1,0,25.30023077563076,7,-3.1389300000000206,335.1884000000005,0,1,1,0,0,1,1,0,0,0,12,12,0,0,0,2,12,3,0,0,1,1,0,0,0,0,0,12,0,0,0,0,0,0,2,0,2,0,0,0,0,0,0,1,1,0,0,0,0,0,0,0,0,0,0,0,0,0,0,0,0,0,0,0,1,0,0,0,0,0,0,1,0,0,0,0,0,0,0,0,0,0,0,0,0,CHEMBL4795122,CC(=O)N[C@@H](CO)C(=O)N[C@@H](C)C(=O)N[C@@H](CCCNC(=N)N)C(=O)N[C@@H](Cc1c[nH]c2ccccc12)C(=O)N[C@H]1C/C=C\C[C@@H](C(=O)N2CCC[C@H]2C(=O)N[C@@H](CCCN)C(N)=O)NC(=O)C2(CCC2)NC(=O)[C@@H]2CCCN2C(=O)[C@H](Cc2cccc(F)c2)NC1=O,777.0,2.890421018800914,CHEMBL2093861,Menin/Histone-lysine N-methyltransferase MLL,1
15.632192677811023,15.632192677811023,0.0068453784494639,-2.0264912051648167,0.0129115547021772,24.18705035971223,2013.4890000000005,1867.328999999999,2012.0045808999987,776,0,0.3054810621152199,-0.4812292624533588,0.4812292624533588,0.3054810621152199,0.5251798561151079,1.0431654676258992,1.6258992805755397,33.114618854069846,9.998219115974855,2.477538357455652,-2.3339738201450344,2.3015754095246055,-2.613304678615753,8.762963779355974,-0.1479588696405793,1.6575984752091286,1.505035449065529,4411.502259966153,102.86319891035598,80.51210099719678,82.96159073997995,66.01571009052932,47.753900670804626,51.63578139263456,36.707212568232336,40.320010834847146,24.416412486246355,27.507063018119716,17.14730408859209,19.874654851851663,-11.179999999999996,5.621791589230596e+42,116.53257929839098,59.41575047285583,37.737066991281466,821.2221394197167,132.28893147266143,102.7112940955153,5.959554568743835,106.32923512832714,0.0,11.938610575903695,101.300027287228,0.0,11.761884949391115,0.0,93.46205449322522,183.2525593137108,63.994869688599096,13.027703587438928,111.2103258659586,157.57708117513923,5.409283605791522,94.03467937949056,40.68838804713292,305.2771734435739,75.93450680965272,35.89528683400505,0.0,0.0,97.3697103647374,0.0,0.0,33.34968090216456,337.79242228606677,102.31156530436247,23.163001744275704,201.7085092168297,30.33183534230805,0.0,0.0,0.0,711.4,263.9758852779245,72.85402839338398,38.356297472574575,178.81169731371125,31.246737983401033,26.48770568362392,33.38535134163317,78.13002772396318,0.0,74.43504045608864,28.343953514440265,0.0,1.3172347843712022,293.2663334221088,75.59086409146039,23.53445391190658,-20.859900734397076,-17.256250999135077,1.0224501457934678,10.798949782813152,1.9191989284119184,0.7,139,26,46,0,5,5,18,1,0,1,17,0,27,22,49,5,41,0,5,5,0,0,49.81201909029844,6,-3.859829999999956,516.5035000000013,2,1,1,0,0,0,0,0,2,2,20,18,0,0,0,4,15,4,0,0,3,0,0,0,0,0,0,18,0,0,0,0,0,0,1,0,1,0,0,0,0,0,0,1,0,0,0,0,0,0,0,0,0,0,0,0,0,0,0,0,0,0,0,0,0,0,0,0,0,0,0,1,0,0,0,1,0,0,0,0,0,0,0,2,0,CHEMBL3335446,CSCC[C@H](NC(=O)[C@@H]1CCCN1C(=O)[C@@H](NC(C)=O)C(C)C)C(=O)N[C@H]1CSSCC[C@@H](C(=O)N[C@@H](CCCCN)C(=O)N2CCC[C@H]2C(=O)N2CCC[C@H]2C(=O)N[C@@H](CCC(=O)O)C(N)=O)NC(=O)[C@H](Cc2ccccc2)NC(=O)[C@H](CO)NC(=O)[C@H](CC(=O)O)NC(=O)[C@@H]2CCCN2C(=O)[C@H](CC(C)C)NC(=O)[C@H](CCCCN)NC(=O)[C@H](CCCNC(=N)N)NC(=O)[C@H](CC(C)C)NC1=O,85000.0,4.929418925714293,CHEMBL3430909,Transcriptional coactivator YAP1/Transcriptional enhancer factor TEF-1,1
15.152906468208329,15.152906468208329,0.007552477525113,-1.7125746035774372,0.0141797673975497,16.033898305084747,1653.926000000001,1536.9979999999994,1652.923643011999,648,0,0.2456755430093532,-0.3907168993305646,0.3907168993305646,0.2456755430093532,0.4406779661016949,0.847457627118644,1.347457627118644,16.271223726166617,10.008719205995485,2.4233284614925457,-2.312008276855413,2.2384952813730576,-2.6011962016097567,6.002406938660754,-0.1430018627106188,1.5894237829176685,1.2732507157369255,4033.040218295182,87.13151258171658,66.40059391996708,66.40059391996708,56.02257916783677,38.834297252802834,38.834297252802834,28.579184537197083,28.579184537197083,19.164315573749978,19.164315573749978,13.225698656260455,13.225698656260455,-13.129999999999992,5.769864906638217e+32,95.4586054314026,48.93709628983895,32.99619661941561,680.7383493299963,139.3609479045633,66.46024912062755,29.797772843719173,82.7005162109211,0.0,0.0,94.16993860596315,0.0,0.0,0.0,48.53093654769288,120.932247172201,82.67844379062481,19.193479199573453,72.23004797184622,123.40121398672136,27.04641802895761,99.85241564674948,34.40200486297311,196.06857307426392,58.902807653213166,71.92105017116157,0.0,0.0,119.47062252707444,0.0,0.0,0.0,263.8556375937182,79.96516382285755,27.04641802895761,121.78961730343002,60.79414718776757,0.0,10.902924932081056,0.0,749.3299999999998,168.35424453112208,67.43551078777439,4.794537184071822,171.9233920289974,17.547724606320003,17.82666213177168,23.647293861082204,42.595045982382736,18.19910120538483,90.05259618504853,61.448422891930726,0.0,0.0,200.34549685644456,90.28763762912192,34.68613884751399,-13.26900591036857,1.0772290651121834,1.435140537398185,2.7706963081110514,0.0,0.547945205479452,118,35,45,0,2,2,14,2,1,3,12,0,20,29,45,3,49,0,2,2,0,0,39.588703099070266,5,-8.247049999999936,432.9916000000006,0,1,1,0,0,1,1,0,0,0,14,14,0,0,0,2,22,6,0,0,2,1,0,0,0,0,0,14,0,0,0,0,0,0,2,0,1,0,0,0,0,0,0,5,0,0,0,0,0,0,0,0,0,0,0,0,0,0,0,0,0,0,0,0,1,0,0,0,0,0,0,1,0,0,0,0,0,0,0,0,0,0,0,0,0,CHEMBL2314823,CC(=O)N[C@@H](CCCNC(=N)N)C(=O)N[C@@H](Cc1c[nH]c2ccccc12)C(=O)N[C@@H](CCCNC(=N)N)C(=O)N[C@@H](Cc1ccccc1)C(=O)N1CCC[C@H]1C(=O)N[C@@H](C)C(=O)N[C@@H](CCCNC(=N)N)C(=O)N1CCC[C@H]1C(=O)NCC(=O)N[C@H](C(=O)NCC(=O)N[C@@H](CCCNC(=N)N)C(=O)N[C@@H](CCCNC(=N)N)C(N)=O)[C@@H](C)O,11.4,1.0569048513364727,CHEMBL1615381,Menin,1
15.61149363164313,15.61149363164313,0.0014244609806601,-1.8247017672225625,0.0141318507179442,24.35766423357664,1965.4670000000008,1815.274999999999,1964.073980787999,766,0,0.3029356715703366,-0.4812292624533588,0.4812292624533588,0.3029356715703366,0.5255474452554745,1.051094890510949,1.6496350364963503,33.11461587546827,10.003588088386689,2.473924076206047,-2.3337118213503514,2.3004929522972053,-2.6109558777750324,8.76295584807638,-0.1479291163238998,1.6592741582992936,1.4862346332543095,4274.101389639864,101.12271193434982,80.29236089513913,81.92535405699456,65.26602119275543,48.29605962442652,50.7840934961391,36.50543877453783,39.13263848149917,24.781684850619857,27.228384831633843,17.230533935749932,19.48648017821847,-10.999999999999996,6.7867798134343875e+41,114.72233552823262,59.32098765432099,37.025706789881745,808.5082156565082,127.18240407782072,102.7112940955153,5.959554568743835,106.32923512832714,0.0,5.969305287951848,96.50549010315618,0.0,0.0,0.0,125.56616260785532,172.2497676769818,63.994869688599096,6.606881964512918,101.30926128704608,139.84589093779627,5.409283605791522,94.03467937949056,34.770482000971526,337.8841971349685,63.92588401939451,35.89528683400505,0.0,0.0,97.3697103647374,0.0,0.0,21.587795952773444,314.70796681301596,97.51702812029066,17.24509569811431,234.31553290822436,30.33183534230805,0.0,0.0,0.0,674.0999999999999,239.74994627472375,67.74750099854327,33.561760288502754,166.1351065072738,76.19248934388312,21.587795952773444,33.44711332278316,58.026784141070536,13.847474399381248,74.43504045608864,28.343953514440265,0.0,0.0,280.27263512052355,66.14748519994156,23.63494614601541,-17.6548769323273,-15.395314866157072,4.120851470210714,12.891902209031034,1.982371652762168,0.7142857142857143,137,25,44,0,5,5,18,1,0,1,17,0,25,21,46,5,41,0,5,5,0,0,49.67476094558509,6,-2.3433299999999635,511.1377000000013,1,1,1,0,0,0,0,0,1,1,19,18,0,0,0,4,15,4,0,0,3,0,0,0,0,0,0,18,0,0,0,0,0,0,1,0,1,0,0,0,0,0,0,1,0,0,0,0,0,0,0,0,0,0,0,0,0,0,0,0,0,0,0,0,0,0,0,0,0,0,0,1,0,0,0,0,0,0,0,0,0,0,0,5,0,CHEMBL3335458,CCCCC[C@H](NC(=O)[C@@H]1CCCN1C(=O)[C@@H](NC(C)=O)C(C)C)C(=O)N[C@H]1CCSSC[C@@H](C(=O)N[C@@H](CCCCN)C(=O)N2CCC[C@H]2C(=O)N2CCC[C@H]2C(=O)N[C@@H](CCC(=O)O)C(N)=O)NC(=O)[C@H](Cc2ccccc2)NC(=O)[C@H](CO)NC(=O)[C@H](C)NC(=O)[C@@H]2CCCN2C(=O)[C@H](CCCC)NC(=O)[C@H](CCCCN)NC(=O)[C@H](CCCNC(=N)N)NC(=O)[C@H](CC(C)C)NC1=O,41.0,1.6127838567197357,CHEMBL3430909,Transcriptional coactivator YAP1/Transcriptional enhancer factor TEF-1,1
15.590757987099364,15.590757987099364,0.0003848867945686,-1.825363412459297,0.0133371639469989,24.448529411764707,1969.4800000000016,1823.319999999999,1968.0147516599989,760,0,0.3029356715703366,-0.4812292624533588,0.4812292624533588,0.3029356715703366,0.5588235294117647,1.1029411764705883,1.6985294117647058,33.114618450962055,10.004711077183943,2.4737379506074,-2.333711123080964,2.2997815253251095,-2.610975743684284,8.762961176692786,-0.1479291155283381,1.720775109715314,1.4795857479816463,4259.736127310011,100.41560515316328,79.28639562322986,81.73588536601306,64.76602119275546,47.28587626829868,51.167756990128616,35.79113127317806,39.40392953979287,24.29598259022435,27.386633122097734,16.86777448361612,19.59512524687569,-10.650000000000002,1.6866598279287115e+40,114.07588494374048,58.81950092134119,36.36067830831305,805.9014414530802,127.18240407782072,102.7112940955153,5.959554568743835,106.32923512832714,0.0,5.969305287951848,96.50549010315618,0.0,11.761884949391115,0.0,99.37996053938666,184.25839046724,63.99486968859909,6.606881964512918,101.30926128704608,151.60777588718736,5.409283605791522,94.03467937949056,34.770482000971526,311.69799506649997,75.93450680965272,35.89528683400505,0.0,0.0,97.3697103647374,0.0,0.0,33.34968090216456,326.71658960327426,97.51702812029066,17.24509569811431,208.12933083975565,30.33183534230805,0.0,0.0,0.0,674.1,239.74994627472375,67.74750099854327,33.561760288502754,178.3087817369466,50.50920285217907,21.587795952773444,45.20899827217426,64.28255332458195,6.923737199690624,74.43504045608864,28.343953514440265,0.0,1.3329784133269609,279.7643599560942,65.99363557863249,23.612044730856745,-17.469625836478066,-15.455958427680756,4.1536095306220675,10.93146674239338,1.9708226455663067,0.7078651685393258,136,25,44,0,5,5,18,1,0,1,17,0,26,21,47,5,40,0,5,5,0,0,49.33740161434672,6,-3.1705299999999683,509.9947000000014,1,1,1,0,0,0,0,0,1,1,19,18,0,0,0,4,15,4,0,0,3,0,0,0,0,0,0,18,0,0,0,0,0,0,1,0,1,0,0,0,0,0,0,1,0,0,0,0,0,0,0,0,0,0,0,0,0,0,0,0,0,0,0,0,0,0,0,0,0,0,0,1,0,0,0,1,0,0,0,0,0,0,0,3,0,CHEMBL3335452,CCCC[C@@H]1NC(=O)[C@H](CCCCN)NC(=O)[C@H](CCCNC(=N)N)NC(=O)[C@H](CC(C)C)NC(=O)[C@@H](NC(=O)[C@H](CCSC)NC(=O)[C@@H]2CCCN2C(=O)[C@@H](NC(C)=O)C(C)C)CCSSC[C@@H](C(=O)N[C@@H](CCCCN)C(=O)N2CCC[C@H]2C(=O)N2CCC[C@H]2C(=O)N[C@@H](CCC(=O)O)C(N)=O)NC(=O)[C@H](Cc2ccccc2)NC(=O)[C@H](CO)NC(=O)[C@H](C)NC(=O)[C@@H]2CCCN2C1=O,150.0,2.1760912590556813,CHEMBL3430909,Transcriptional coactivator YAP1/Transcriptional enhancer factor TEF-1,1
15.729082008916,15.729082008916,0.0081114942513864,-1.8373856842112664,0.0148553778514417,24.064285714285713,2019.9020000000016,1874.7499999999989,2018.0037083079987,776,0,0.3029356715703366,-0.4812292624533588,0.4812292624533588,0.3029356715703366,0.55,1.0928571428571427,1.7,35.49569894223893,10.002001354463037,2.475317345883889,-2.333712723628503,2.3047977363624614,-2.611070939801043,8.762960223554456,-0.1479291165955921,1.669492931343961,1.344589469597572,4624.914048174442,102.98451925391564,80.85840610134721,83.24732820922111,66.69434288548344,48.458838739527515,51.324837084249324,36.8051905552752,39.83959038897713,25.06720779377219,27.882635498530146,17.456388652728,19.92521994575779,-11.490000000000004,8.148086791995805e+42,115.48252463683336,58.66643701526754,35.9304627039838,828.4088076318677,127.18240407782072,102.7112940955153,5.959554568743835,106.32923512832714,0.0,5.969305287951848,96.50549010315618,0.0,0.0,0.0,129.18000163500398,177.45876461421443,75.43832462526643,6.606881964512918,101.30926128704608,151.44683082802877,5.409283605791522,94.03467937949056,34.770482000971526,311.69799506649997,63.92588401939451,70.74683991328982,0.0,0.0,97.3697103647374,0.0,0.0,33.18873584300596,314.707966813016,103.93784974321667,17.24509569811431,207.27196070852665,54.59730361615449,5.022633313741326,0.0,0.0,674.1,251.58575836704657,67.74750099854327,33.561760288502754,165.74274935161836,56.07265434387607,21.587795952773444,33.44711332278316,82.292252414917,6.923737199690624,74.43504045608864,39.94489340467278,0.0,6.801672129026288,281.4690869153042,66.2260054049842,24.003648215451957,-18.300922663829773,-9.65999054192573,1.721782815701448,10.755384733546212,1.9277774361856277,0.6559139784946236,140,25,44,0,5,5,18,2,0,2,17,0,25,21,47,5,39,0,5,5,0,0,48.39248755693475,7,-2.0275299999999827,522.1517000000014,1,1,1,0,0,0,0,0,1,1,19,18,0,0,0,4,15,4,0,0,3,0,0,0,0,0,0,18,0,0,0,0,0,0,2,0,1,0,0,0,0,0,0,1,1,0,0,0,0,0,0,0,0,0,0,0,0,0,0,0,0,0,0,0,0,0,0,0,0,0,0,1,0,0,0,0,0,0,0,0,0,0,0,3,0,CHEMBL3335460,CCCC[C@@H]1NC(=O)[C@H](CCCCN)NC(=O)[C@H](CCCNC(=N)N)NC(=O)[C@H](CC(C)C)NC(=O)[C@@H](NC(=O)[C@H](Cc2ccccc2Cl)NC(=O)[C@@H]2CCCN2C(=O)[C@@H](NC(C)=O)C(C)C)CCSSC[C@@H](C(=O)N[C@@H](CCCCN)C(=O)N2CCC[C@H]2C(=O)N2CCC[C@H]2C(=O)N[C@@H](CCC(=O)O)C(N)=O)NC(=O)[C@H](Cc2ccccc2)NC(=O)[C@H](CO)NC(=O)[C@H](C)NC(=O)[C@@H]2CCCN2C1=O,380.0,2.57978359661681,CHEMBL3430909,Transcriptional coactivator YAP1/Transcriptional enhancer factor TEF-1,1
15.106519122861831,15.106519122861831,0.0231919075244888,-1.5193721751232725,0.0197945375067904,21.82758620689655,1207.4089999999992,1124.7529999999992,1206.641045444,470,0,0.2456755447164284,-0.3701604379834824,0.3701604379834824,0.2456755447164284,0.7011494252873564,1.3448275862068966,2.022988505747126,16.185445221471255,10.010271589028973,2.4195817725806488,-2.3084278760939987,2.2366167482891353,-2.6016883425962134,5.995097620524677,-0.1429394719698098,2.237110898858027,1.355976575334015,3045.376596094884,63.32032227277442,49.13262361482776,49.13262361482776,41.499926904635274,29.20372481069676,29.20372481069676,21.962732381039988,21.962732381039988,15.292097128190164,15.292097128190164,10.740369275739235,10.740369275739235,-9.570000000000006,3.1138062185161196e+19,66.56813331319216,32.079107735750675,19.479964742412108,502.9150851855254,85.15268645419805,60.418408291479594,11.91910913748767,64.97897702286656,0.0,0.0,63.55847623637308,0.0,0.0,0.0,60.68297676136064,95.24896068049696,63.04417457288707,0.0,52.73990902479004,87.80101109243532,10.818567211583044,67.95168402271148,17.201002431486554,158.2394793656636,26.1790256236503,84.07309038482934,0.0,0.0,70.36888847154988,0.0,0.0,0.0,178.2793180581323,65.58155227064206,10.818567211583044,96.10633081172598,72.94618740143534,0.0,10.902924932081056,0.0,456.09999999999985,125.39738531434618,43.1508346566464,9.589074368143644,95.88552936747207,41.29229278425308,0.0,42.723071274440585,42.595045982382736,18.19910120538483,58.15186456101053,28.0195696430696,0.0,0.0,159.91623810262496,42.57043841572828,18.464627348150568,-8.566643242729874,3.479987625580373,5.665696128531882,4.636322288780493,0.0,0.5,87,19,29,0,3,3,11,2,1,3,10,0,13,16,29,4,23,0,2,2,0,0,24.54536000369776,6,-2.764960000000018,319.9563000000004,0,0,0,0,0,1,1,0,0,0,11,11,0,0,0,2,13,3,0,0,1,1,0,0,0,0,0,11,0,0,0,0,0,0,2,0,2,0,0,0,0,0,0,2,0,0,0,0,0,0,0,0,0,0,0,0,0,0,0,0,0,0,0,0,1,0,0,0,0,0,0,1,0,0,0,0,0,0,0,0,0,0,0,0,0,CHEMBL4797359,CC(=O)N[C@@H](C)C(=O)N[C@@H](CCCNC(=N)N)C(=O)N[C@@H](Cc1c[nH]c2ccccc12)C(=O)N[C@H]1C/C=C\C[C@@H](C(=O)N2CCC[C@H]2C(=O)N[C@@H](CCCNC(=N)N)C(N)=O)NC(=O)[C@H](C)NC(=O)[C@@H]2CCCN2C(=O)[C@H](Cc2ccccc2)NC1=O,151.0,2.1789769472931693,CHEMBL2093861,Menin/Histone-lysine N-methyltransferase MLL,1
15.220665874009084,15.220665874009084,0.0223918589562714,-1.6462881220073589,0.0157022280402845,21.372340425531913,1312.4769999999996,1225.788999999999,1311.6636520319996,510,0,0.2456755596701154,-0.3936790815918555,0.3936790815918555,0.2456755596701154,0.723404255319149,1.3829787234042554,2.0531914893617023,19.142170299034248,10.00962617654812,2.4221703429396126,-2.3085121300123337,2.239289354052697,-2.603718971599746,5.999040610329484,-0.1429399900485226,1.6856877876457246,1.3664551915723695,3327.5075147306907,68.75947986152985,52.57315675498735,52.57315675498735,44.736309009853706,31.059341120626588,31.059341120626588,23.35080270678516,23.35080270678516,16.153854761675504,16.153854761675504,11.238761814099432,11.238761814099432,-10.210000000000004,8.034646757746487e+21,72.84837081516447,35.00145230100293,21.17235303881028,540.6810649674893,95.57600245304508,72.27746996167345,11.91910913748767,70.88615675221807,0.0,0.0,68.35301342044491,4.39041504767482,0.0,0.0,42.483875555975814,107.3816948174202,63.04417457288707,6.606881964512918,67.03138865137738,93.70819082178684,10.818567211583044,73.26847262671781,17.201002431486554,164.28132019481157,32.78590758816322,83.82394415741362,0.0,0.0,75.68567707555621,4.39041504767482,0.0,0.0,201.94174797598535,70.37608945471388,16.63578805262894,96.10633081172598,66.87982033297372,0.0,10.902924932081056,0.0,505.42999999999984,156.19133030133045,57.44231428323374,9.589074368143644,101.44898085916908,29.30801966963007,12.990104268152232,53.99843528013479,30.462311845459514,0.0,63.46865316501686,28.0195696430696,14.81304073991802,0.0,173.53102036757684,53.99449767073244,17.956873048884667,-11.287964558085244,-2.8844905055799943,4.427520738303082,3.282835831583526,0.0,0.5081967213114754,94,21,32,0,3,3,12,2,1,3,11,0,15,18,33,4,26,0,2,2,0,0,27.125518896731418,6,-4.148760000000028,338.93080000000043,0,1,1,0,0,1,1,0,0,0,12,12,0,0,0,2,14,3,0,0,1,1,0,0,0,0,0,12,0,0,0,0,0,0,2,0,2,0,0,0,0,0,0,2,1,0,0,0,0,0,0,0,0,0,0,0,0,0,0,0,0,0,0,0,1,0,0,0,0,0,0,1,0,0,0,0,0,0,0,0,0,0,0,0,0,CHEMBL4780693,CC(=O)N[C@@H](CO)C(=O)N[C@@H](C)C(=O)N[C@@H](CCCNC(=N)N)C(=O)N[C@@H](Cc1c[nH]c2ccccc12)C(=O)N[C@H]1C/C=C\C[C@@H](C(=O)N2CCC[C@H]2C(=O)N[C@@H](CCCNC(=N)N)C(N)=O)NC(=O)[C@H](C)NC(=O)[C@@H]2CCCN2C(=O)[C@H](Cc2cccc(F)c2)NC1=O,281.0,2.44870631990508,CHEMBL2093861,Menin/Histone-lysine N-methyltransferase MLL,1
15.214523283983992,15.214523283983992,0.0242739867375763,-1.9914280895238483,0.058825827403098,23.7979797979798,1381.939,1300.2909999999993,1380.5582021919995,524,0,0.3054810620751411,-0.4812292624504556,0.4812292624504556,0.3054810620751411,0.4444444444444444,0.8585858585858586,1.404040404040404,35.495695587728235,9.99156126084876,2.453316504927442,-2.3360312144976256,2.2837970014747526,-2.616293083508394,6.309482335455932,-0.147916182144398,1.6930841635001408,1.1259669762485462,3994.736231110982,71.02706457503146,54.55547680121269,55.31140574723114,47.382069637795986,32.967393199466244,33.34535767247547,25.611959570914,26.04839535138598,17.902282381838482,18.13737948462622,12.90338092726181,13.075483951214675,-10.640000000000002,1.2245026402441727e+25,72.62520566555368,33.54761245437566,19.352560060350765,573.3987305805674,77.62166752016815,60.418408291479594,0.0,59.071797293515054,0.0,17.907915863855546,62.32898339293368,0.0,0.0,0.0,104.31118617961474,97.3829316472779,90.8366128705108,6.4208216229260096,77.64856557745581,110.38650291176523,0.0,62.30208533564603,5.917906046161393,164.157385411825,13.08951281182515,142.79836658760286,0.0,0.0,42.53430883205065,0.0,0.0,11.600939890232516,185.5749929487928,88.01226988463775,5.917906046161393,100.30949659542937,115.52192730707355,5.022633313741326,21.805849864162113,0.0,416.9,175.42013560964162,58.47041684116851,19.178148736287287,58.03526417230721,61.92393239054345,0.0,9.799819461700954,129.36940170645482,0.0,52.50226587394506,11.600939890232516,0.0,6.441535560230374,195.59063586803245,52.72322598406949,3.1559581281379936,-14.287791754629756,13.098475578014693,-0.7616890797307585,3.4840941603199296,0.0,0.4142857142857143,99,13,28,0,3,3,10,4,2,6,10,0,13,13,29,5,18,0,3,3,0,0,24.610123778659823,9,2.6976000000000093,359.6704000000008,3,0,0,0,0,2,2,0,3,3,13,10,0,0,0,2,10,0,0,0,0,2,0,0,0,0,0,10,0,0,0,0,0,0,4,0,4,0,0,0,0,0,0,0,1,0,0,0,0,0,0,0,0,0,0,0,0,0,0,0,0,0,0,0,1,0,0,0,0,0,0,0,0,0,0,0,0,0,0,0,0,0,0,0,0,CHEMBL3752931,CC(C)C[C@@H]1NC(=O)[C@H](Cc2c[nH]c3ccc(Cl)cc23)NC(=O)[C@H](CCC(=O)O)NC(=O)[C@H](Cc2ccccc2)NC(=O)[C@@H]2CCCN2C(=O)[C@H]2CCCN2C(=O)[C@H](Cc2ccccc2)NC(=O)[C@H](CCC(=O)O)NC(=O)[C@H](Cc2c[nH]c3ccccc23)NC(=O)[C@H](CC(=O)O)NC1=O,140.0,2.146128035678238,CHEMBL1907611,Tumour suppressor p53/oncoprotein Mdm2,1
15.066175893650744,15.066175893650744,0.0356511375835972,-1.5092639359383908,0.0231770846566866,22.536585365853657,1138.2979999999995,1062.6979999999992,1137.57196284,442,0,0.2456755447164284,-0.3936790815918555,0.3936790815918555,0.2456755447164284,0.7682926829268293,1.451219512195122,2.158536585365854,16.25607682307633,10.010265699165013,2.4130280913936835,-2.306467151236615,2.2313564631793517,-2.603409678379114,5.994006441278121,-0.1425808355841081,4.446196727004418,1.3577283149684929,2880.5059500391035,59.62165166002516,46.08827337876501,46.08827337876501,39.144084856978715,27.377724051525515,27.377724051525515,20.662626211795512,20.662626211795512,14.488466245766128,14.488466245766128,10.12942057211023,10.12942057211023,-8.880000000000003,4.6357792355304544e+17,62.319383672997475,29.543010478816125,17.071626782014558,473.0393887146462,79.20875776787022,60.418408291479594,5.959554568743835,64.97897702286656,0.0,0.0,58.14919263058156,0.0,0.0,0.0,60.68297676136064,82.40731743464494,56.49941816697449,6.606881964512918,57.84643641963074,81.84145652369148,5.409283605791522,62.63489541870514,11.46733495432437,145.3978361198116,26.241151182250643,84.07309038482934,0.0,0.0,59.31843239038136,0.0,0.0,0.0,177.4884164428295,65.58155227064206,5.409283605791522,83.26468756587396,72.94618740143534,0.0,10.902924932081056,0.0,414.4299999999999,132.0042672788591,53.05189923555892,4.794537184071822,70.53957514696363,41.29229278425308,6.923737199690624,35.799334074749964,60.79414718776757,0.0,52.83507595700419,16.876618560115894,0.0,0.0,157.84570768090268,41.660394283451915,13.078494628788864,-8.64695534710232,3.1217847194116306,5.4325499736159095,3.5080240609313167,0.0,0.4909090909090909,82,16,27,0,3,3,11,2,1,3,10,0,13,14,27,4,20,0,2,2,0,0,22.452465913228377,6,-3.035930000000011,297.8913000000002,0,1,1,0,0,1,1,0,0,0,11,11,0,0,0,2,11,2,0,0,1,1,0,0,0,0,0,11,0,0,0,0,0,0,2,0,2,0,0,0,0,0,0,1,0,0,0,0,0,0,0,0,0,0,0,0,0,0,0,0,0,0,0,0,1,0,0,0,0,0,0,1,0,0,0,0,0,0,0,0,0,0,0,0,0,CHEMBL4790384,CC(=O)N[C@@H](CO)C(=O)N[C@@H](C)C(=O)N[C@@H](CCCNC(=N)N)C(=O)N[C@@H](Cc1c[nH]c2ccccc12)C(=O)N[C@H]1C/C=C\C[C@@H](C(=O)N2CCC[C@H]2C(N)=O)NC(=O)[C@H](C)NC(=O)[C@@H]2CCCN2C(=O)[C@H](Cc2ccccc2)NC1=O,6800.0,3.832508912706236,CHEMBL2093861,Menin/Histone-lysine N-methyltransferase MLL,1
15.270467616059005,15.270467616059005,0.0096818413365782,-2.0591342235582406,0.0166319851421049,18.549707602339183,2424.9049999999997,2245.4809999999975,2423.314756055999,950,0,0.3054810621152199,-0.4812292624533588,0.4812292624533588,0.3054810621152199,0.3508771929824561,0.6842105263157895,1.105263157894737,32.16637432034098,9.9963550571195,2.4955929880482026,-2.3340876148270575,2.304517884659761,-2.621180884815333,7.98109886550458,-0.1479562412655224,1.6558473932516065,1.0609059047895222,5763.521103714826,126.6993332456805,98.8165184173296,99.63301499825734,81.11084199880224,58.60186255905439,59.99570940917173,44.95597545417817,45.94157401383166,30.150129869125973,30.79408041998535,21.13431812029612,21.605722641087148,-15.550000000000002,3.92581716662326e+57,142.26250543689832,72.19090374426315,46.29651767968418,997.6870000857356,169.71306936469597,120.83681658295916,11.91910913748767,129.95795404573315,0.0,11.938610575903695,125.88745962930685,0.0,11.761884949391115,0.0,102.20609388275987,221.42303449680247,78.4203185327827,19.13166997518723,135.49500199708663,165.57755870851562,10.818567211583044,114.88495492236004,52.15572300145729,374.9553292560128,77.5183124079843,71.7905736680101,0.0,0.0,124.78741113108076,0.0,0.0,11.761884949391115,403.20042737143183,127.9105356635758,28.572285350067222,246.29980602284735,60.6636706846161,0.0,0.0,0.0,915.1300000000005,318.4723419722557,97.138704524512,38.356297472574575,211.82091669368376,43.23101109802404,4.899909730850477,45.20899827217427,108.46186306627128,0.0,90.38540626810764,45.22057207455616,0.0,1.300508637798124,346.93651779935976,101.73929459395876,35.05422618725755,-24.661755385532985,-13.086086513819104,-0.6234352952824773,11.840729976260327,0.0,0.6607142857142857,171,35,58,0,5,5,22,2,0,2,21,0,31,29,59,5,73,0,5,5,0,0,60.05882360475345,7,-6.532059999999887,624.9729000000026,2,2,2,0,0,0,0,0,2,2,24,22,0,0,0,5,19,6,0,0,5,0,0,0,0,0,0,22,0,0,0,0,0,0,2,0,0,0,0,0,0,0,0,2,0,0,0,0,0,0,0,0,0,0,0,0,0,0,0,0,0,0,0,0,0,0,0,0,0,0,0,2,0,0,0,1,0,0,0,0,0,0,0,2,0,CHEMBL3335388,CSCC[C@H](NC(=O)[C@@H]1CCCN1C(=O)[C@@H](NC(=O)[C@@H](NC(=O)[C@H](CCC(N)=O)NC(=O)[C@@H]1CCCN1C(C)=O)[C@@H](C)O)C(C)C)C(=O)N[C@@H](CCCNC(=N)N)C(=O)N[C@@H](CC(C)C)C(=O)N[C@@H](CCCNC(=N)N)C(=O)N[C@@H](CCCCN)C(=O)N[C@@H](CC(C)C)C(=O)N1CCC[C@H]1C(=O)N[C@@H](CC(=O)O)C(=O)N[C@@H](CO)C(=O)N[C@@H](Cc1ccccc1)C(=O)N[C@@H](Cc1ccccc1)C(=O)N[C@@H](CCCCN)C(=O)N1CCC[C@H]1C(=O)N1CCC[C@H]1C(=O)N[C@@H](CCC(=O)O)C(N)=O,49000.0,4.690196080028514,CHEMBL3430909,Transcriptional coactivator YAP1/Transcriptional enhancer factor TEF-1,1
15.457462638667288,15.457462638667288,0.0319536053852611,-1.81898593359182,0.0151051888545835,14.44186046511628,1798.0350000000003,1677.0749999999991,1796.888605479999,700,0,0.3029356726838707,-0.5079666451556014,0.5079666451556014,0.3029356726838707,0.4883720930232558,0.9302325581395348,1.426356589147287,16.465874720216238,10.000623852548818,2.3919150038085166,-2.2876167817552626,2.2201252768976314,-2.6171732419224725,6.007335890982917,-0.1386657657418722,1.7050939316567115,1.3250093815799149,4849.19575460549,95.3027209780409,73.69321799919342,73.69321799919342,61.140302668416496,42.2777386897815,42.2777386897815,32.21108833893934,32.21108833893934,20.38147760296041,20.38147760296041,13.387821266983012,13.387821266983012,-13.769999999999996,5.262440141324292e+37,104.01601737919091,51.748325541480064,34.49522864555233,744.447994142491,115.42218638220164,84.00111361634332,0.0,82.7005162109211,11.731584227351432,5.969305287951848,76.71259494514916,0.0,0.0,14.99386983910109,94.9375551669771,161.68646454739653,68.36940953698321,31.611998555970622,106.98209487315276,105.47992616030552,0.0,99.62627391179184,17.569479569484972,230.4943386205259,26.8061923176156,143.99188292221913,0.0,17.186409941251373,84.90557088705089,0.0,11.49902366656781,0.0,256.81708670101887,91.1805226298554,11.835812092322788,153.83114718363848,121.47712394912826,0.0,16.590311206764618,0.0,637.3299999999999,205.15637078678748,87.86162036713723,14.383611552215466,106.28056199476114,39.03017751513951,11.720243422189638,59.07021461388646,112.75456426037653,0.0,101.40870337289132,10.470530430962237,5.207900417581401,0.0,227.54552303042692,100.20862633091647,7.78961006943494,-16.11664147549168,7.694619824443946,-4.121750124218232,15.967349029853596,1.491429563719294,0.4827586206896552,129,22,42,0,0,0,15,4,2,6,14,0,25,21,42,2,54,0,0,0,0,0,41.72600565012883,6,-1.5978000000000172,467.4624000000012,1,3,3,0,0,5,1,1,1,1,16,15,0,0,0,4,15,1,0,0,0,1,0,0,0,0,0,15,0,0,0,0,0,0,4,0,1,0,0,0,0,1,0,0,0,0,0,0,0,0,0,0,0,0,0,1,0,0,0,0,0,0,0,0,1,1,1,0,0,0,0,1,0,0,0,0,0,0,0,1,0,0,0,2,0,CHEMBL1689397,C=C(C)C(=O)NCCCC[C@H](NC(=O)[C@H](CCC(=O)O)NC(=O)[C@H](Cc1ccccc1)NC(=O)[C@@H](NC(=O)[C@H](CC(C)C)NC(C)=O)[C@@H](C)O)C(=O)N[C@@H](Cc1ccc(O)cc1)C(=O)N[C@@H](Cc1c[nH]c2ccccc12)C(=O)N[C@@H](C)C(=O)N[C@@H](CCCCNC(=O)c1nnn(-c2ccc(OC)cc2)n1)C(=O)N[C@@H](CC(C)C)C(=O)N[C@H](C(=O)N[C@@H](CO)C(N)=O)[C@@H](C)O,170.0,2.230448921378274,CHEMBL5023,p53-binding protein Mdm-2,1
15.284808760782465,15.284808760782465,0.0349107554037393,-1.6433033925579827,0.0159710872976467,21.520833333333332,1338.5149999999996,1249.810999999999,1337.6793020959997,520,0,0.2459158088033557,-0.3936790815918555,0.3936790815918555,0.2459158088033557,0.7395833333333334,1.40625,2.0625,19.14217100042189,9.750886096713216,2.4989883503342174,-2.4262527163392593,2.3395450748619373,-2.672094198166771,6.010473004229253,-0.1461498441010268,1.1302604486324836,1.2405119349442089,3433.1693510605246,69.80344993589988,53.61712682935737,53.61712682935737,45.76671242324153,32.111747363433885,32.111747363433885,24.510310849901355,24.510310849901355,17.394870511711694,17.394870511711694,12.12159692858981,12.12159692858981,-10.210000000000004,6.209392594635264e+23,73.2040651129125,34.27394536783759,19.92157812718635,552.4051180427533,95.57600245304508,71.77455438490884,11.91910913748767,70.88615675221807,0.0,0.0,68.35301342044491,4.39041504767482,0.0,0.0,42.483875555975814,119.72042248650762,63.04417457288707,6.606881964512918,67.03138865137738,93.70819082178684,10.818567211583044,73.26847262671781,17.201002431486554,176.11713228713438,32.78590758816322,83.82394415741362,0.0,0.0,75.68567707555621,4.39041504767482,0.0,0.0,201.43883239922076,70.37608945471388,16.63578805262894,108.4450584808134,66.87982033297372,0.0,10.902924932081056,0.0,505.42999999999984,155.68841472456586,52.64777709916192,14.383611552215466,114.29062410502112,35.72884129255608,6.923737199690624,53.14106514890578,30.462311845459514,0.0,63.46865316501686,28.0195696430696,14.888202827271042,0.0,175.42548566746112,54.57085469695197,16.502150612449217,-11.025976119672825,-1.4686572178909634,5.412451731003376,1.94548780242707,0.0,0.5238095238095238,96,21,32,1,3,4,12,2,1,3,10,0,15,18,33,4,26,1,2,3,1,0,26.135334670662385,7,-3.614560000000027,346.05080000000055,0,1,1,0,0,1,1,0,0,0,12,12,0,0,0,2,14,3,0,0,1,1,0,0,0,0,0,12,0,0,0,0,0,0,2,0,2,0,0,0,0,0,0,2,1,0,0,0,0,0,0,0,0,0,0,0,0,0,0,0,0,0,0,0,1,0,0,0,0,0,0,1,0,0,0,0,0,0,0,0,0,0,0,0,0,CHEMBL4788240,CC(=O)N[C@@H](CO)C(=O)N[C@@H](C)C(=O)N[C@@H](CCCNC(=N)N)C(=O)N[C@@H](Cc1c[nH]c2ccccc12)C(=O)N[C@H]1C/C=C\C[C@@H](C(=O)N2CCC[C@H]2C(=O)N[C@@H](CCCNC(=N)N)C(N)=O)NC(=O)C2(CCC2)NC(=O)[C@@H]2CCCN2C(=O)[C@H](Cc2cccc(F)c2)NC1=O,64.0,1.806179973983887,CHEMBL2093861,Menin/Histone-lysine N-methyltransferase MLL,1
15.498609976962276,15.498609976962276,0.0083186534127133,-1.6875619036212437,0.0088210825324118,14.067164179104475,1861.1460000000009,1735.1459999999993,1859.9583567799991,724,0,0.2924185910007353,-0.5079666451556014,0.5079666451556014,0.2924185910007353,0.5,0.9701492537313432,1.5,16.465759016737522,10.001208779857665,2.3891809949771696,-2.287355791615406,2.2214878800670803,-2.6175838246977357,6.007134259808404,-0.1365563493324331,1.6028419255081423,1.142556420650548,5144.737154941144,98.25246844634675,76.40667021398193,76.40667021398193,63.78526195855935,44.07535011886538,44.07535011886538,33.376636760353215,33.376636760353215,21.268861213572237,21.268861213572237,14.098810450907122,14.098810450907122,-14.719999999999995,1.2201487403438611e+39,106.32288998008448,53.56290559845052,35.18972278366095,773.7590110259658,121.24356619463596,84.00111361634332,5.959554568743835,82.7005162109211,11.731584227351432,0.0,77.32734136686886,4.983978520947208,0.0,14.99386983910109,94.9375551669771,161.18354897063185,86.80493750935733,31.835352242986858,91.97450289939952,105.47017544109752,5.409283605791522,114.91101955769255,23.303147046647155,223.88745665601297,33.35094872352818,162.2099745634452,0.0,17.186409941251373,95.9560269682194,0.0,11.49902366656781,0.0,257.0030282521881,92.80680706870956,17.24509569811431,152.60133797879627,134.0012875955059,0.0,16.590311206764618,0.0,670.3799999999998,179.78018881105314,63.26495402524033,23.97268592035911,144.20253288722623,39.03017751513951,4.796506222499014,71.59437826026408,98.90708986099528,13.847474399381248,116.69344901879204,21.613481513915943,5.193013449767363,0.0,224.14333412202896,91.44722551108136,14.057354172629688,-13.86123246121937,9.345805746399776,1.9115885144285856,15.257828609453384,1.505082335430212,0.4666666666666667,134,25,44,0,0,0,15,4,3,7,13,0,25,23,44,3,56,0,0,0,0,0,42.499723275803774,7,-1.6143300000000087,490.3543000000011,0,2,2,0,0,7,2,1,0,0,15,15,0,0,0,5,18,2,0,0,0,2,0,0,0,0,0,15,0,0,0,0,0,0,4,0,1,0,0,0,0,1,0,1,0,0,0,1,0,0,0,0,0,0,0,1,0,0,0,0,0,0,0,0,1,1,1,0,0,0,0,1,0,0,0,0,0,0,0,1,0,0,0,2,0,CHEMBL1689399,C=C(C)C(=O)NCCCC[C@H](NC(=O)[C@H](Cc1ccccc1)NC(=O)[C@@H](NC(=O)[C@H](CC(C)C)NC(C)=O)[C@@H](C)O)C(=O)N[C@@H](Cc1cnc[nH]1)C(=O)N[C@@H](Cc1ccc(O)cc1)C(=O)N[C@@H](Cc1c[nH]c2ccccc12)C(=O)N[C@@H](C)C(=O)N[C@@H](CCCNC(=N)N)C(=O)N[C@@H](CC(C)C)C(=O)N[C@@H](CCCCNC(=O)c1nnn(-c2ccc(OC)cc2)n1)C(=O)N[C@@H](CO)C(N)=O,15.0,1.1760912590556811,CHEMBL5023,p53-binding protein Mdm-2,1
15.2762099342538,15.2762099342538,0.0340788514262175,-1.5344893596956803,0.0200667854260497,21.163265306122447,1367.6009999999997,1271.840999999999,1366.7422366999997,534,0,0.2459060722147671,-0.3701604379834824,0.3701604379834824,0.2459060722147671,0.6938775510204082,1.336734693877551,1.989795918367347,19.14217132697301,9.750680420969422,2.500386261113249,-2.426880060494459,2.3413252514766216,-2.672335533941769,6.010075418722735,-0.1462802927759748,0.9106303191506504,1.21230161511569,3419.289216587429,71.21766349827298,55.42099008941396,55.42099008941396,46.76671242324152,33.55393797361986,33.55393797361986,25.600288332643306,25.600288332643306,18.234581596155195,18.234581596155195,12.841656814422748,12.841656814422748,-9.950000000000005,1.7388580945732318e+24,75.4309038085039,35.87045521546974,21.027621770602057,566.3702622485475,96.20314253536657,71.77455438490884,11.91910913748767,70.88615675221807,0.0,0.0,68.35301342044491,4.39041504767482,0.0,0.0,43.17347858816007,139.1068221382722,63.04417457288707,0.0,61.92486125653668,93.70819082178684,10.818567211583044,73.26847262671782,22.93466990864874,201.80041877883843,32.72378202956288,71.67190394374585,0.0,0.0,81.4193445527184,4.39041504767482,0.0,0.0,196.27017944577972,70.37608945471388,16.63578805262894,134.12834497251745,54.727780119305955,0.0,10.902924932081056,0.0,511.2199999999998,142.66071113712692,42.74671252024939,19.178148736287287,140.95521551094072,47.71311440717909,0.0,41.84639506646703,36.52867891392113,0.0,63.46865316501686,33.75323712023179,14.908447158861248,0.0,177.0070182113322,45.6866234073476,22.41220782814298,-10.164689192347302,-0.4162489051036755,3.6209395200454058,3.195701971721511,0.0,0.5692307692307692,98,22,32,1,3,4,12,2,1,3,10,0,15,18,33,4,28,1,3,4,1,0,27.609600580870865,7,-2.6439600000000203,357.3474000000006,0,0,0,0,0,1,1,0,0,0,12,12,0,0,0,2,14,4,0,0,1,1,0,0,0,0,0,12,0,0,0,0,0,0,2,0,2,0,0,0,0,0,0,2,1,0,0,0,0,0,0,0,0,0,0,0,0,0,0,0,0,0,0,0,1,0,0,0,0,0,0,1,0,0,0,0,0,0,0,0,0,0,0,0,0,CHEMBL4782745,CC(=O)N[C@@H](C)C(=O)N[C@@H](CCCNC(=N)N)C(=O)N[C@@H](Cc1c[nH]c2ccccc12)C(=O)N[C@H]1CCCC[C@@H](C(=O)N2CCC[C@H]2C(=O)N[C@@H](CCCN)C(=O)N[C@@H](CCCNC(=N)N)C(N)=O)NC(=O)C2(CCC2)NC(=O)[C@@H]2CCCN2C(=O)[C@H](Cc2cccc(F)c2)NC1=O,14.0,1.146128035678238,CHEMBL2093861,Menin/Histone-lysine N-methyltransferase MLL,1
15.445352506367014,15.445352506367014,0.0140575110794227,-1.6924584306969483,0.014407549999227,20.139344262295083,1726.0700000000006,1613.1739999999988,1724.8068075039992,658,0,0.2454291178963408,-0.5079666451556014,0.5079666451556014,0.2454291178963408,0.5655737704918032,1.1147540983606556,1.6639344262295082,32.167722343651576,10.004713964512966,2.3877864840622567,-2.2883855710241185,2.2434490793586024,-2.6193818192335514,7.983466138805586,-0.13637860437935,1.6708402781724163,1.3149564486992928,4602.175971559634,89.27777695165858,68.90570428146162,70.53869744331709,58.04887985334091,39.83778162974215,42.14718270650065,30.34036639851265,32.40087991529667,19.51559322989259,21.653444930894633,12.915370418144628,14.851691030612889,-12.430000000000003,6.045957341082162e+34,96.69880580790746,48.1249980724091,31.29818119460038,713.7782129214581,111.93960359304454,78.25160178305941,11.91910913748767,76.79333648156958,0.0,0.0,83.11550764641115,0.0,23.52376989878223,0.0,100.49135362030184,104.80958442373314,102.90748793759523,24.09870434195814,77.64856557745581,123.13914044992056,10.818567211583044,89.38697601893028,29.03681452380934,189.94449693225985,31.202101989831647,149.79698134347453,0.0,16.876414816677897,91.6360428875752,0.0,5.749511833283905,23.52376989878223,228.7921216937764,93.09715547520533,22.65437930390583,108.64847897725232,121.71877087868664,0.0,22.02982791547505,0.0,618.3499999999999,179.84328996725537,53.67587965709669,23.97268592035911,99.13491810166568,50.108038380262954,23.52376989878223,45.03667987291831,111.30077700422142,13.847474399381248,89.38697601893028,28.0195696430696,0.0,2.2913530036354004,199.74575586977448,84.91504376860499,21.054968154463268,-13.748352905858988,10.004884792047498,2.309271045321987,9.76040960534478,0.0,0.4512195121951219,122,26,38,0,3,3,13,3,3,6,13,4,22,23,40,6,29,0,0,0,0,0,38.14450691073613,9,-1.5169600000000316,458.823500000001,0,2,2,0,0,3,1,1,0,0,13,13,0,0,0,2,17,3,0,0,0,1,0,0,0,0,0,13,0,0,0,0,0,0,3,0,3,0,0,0,0,0,0,2,0,0,0,0,0,0,0,0,0,0,0,0,0,0,0,0,0,0,0,0,1,1,1,0,0,0,0,1,0,2,0,2,0,0,0,0,0,0,0,0,0,CHEMBL1933128,CC(=O)N[C@@H](CC(C)C)C(=O)N[C@H](C(=O)N[C@@H](Cc1ccccc1)C(=O)N[C@H]1CSCc2ccc(cn2)-c2ccc(nc2)CSC[C@@H](C(=O)N[C@@H](CO)C(N)=O)NC(=O)[C@H](C(C)C)NC(=O)[C@H](CCCNC(=N)N)NC(=O)[C@H](C)NC(=O)[C@H](Cc2c[nH]c3ccccc23)NC(=O)[C@H](Cc2ccc(O)cc2)NC(=O)[C@H](CCCNC(=N)N)NC1=O)[C@@H](C)O,237.0,2.374748346010104,CHEMBL1907611,Tumour suppressor p53/oncoprotein Mdm2,1
15.796772390819008,15.796772390819008,0.0046642504830458,-1.7703601795830093,0.0218603290978358,25.072164948453608,2729.5659999999925,2493.693999999997,2727.7685908480003,1092,0,0.2498681298123659,-0.3901264861786781,0.3901264861786781,0.2498681298123659,0.2783505154639175,0.5103092783505154,0.7577319587628866,16.48606294626649,9.910496359789631,2.5239875305001167,-2.4138982960743527,2.340904193256451,-2.6338559259364325,6.046016416732357,-0.1573824875198179,0.9134812378969474,1.852609499871676,6202.402934470592,148.1460193689988,124.10503525351946,124.10503525351946,90.26664627654448,68.3454847970861,68.3454847970861,57.26735753860904,57.26735753860904,35.54233182662891,35.54233182662891,23.657311532731416,23.657311532731416,-15.359999999999998,4.927584038477905e+65,170.8587609613863,80.3520825407918,50.148286919173664,1150.0853790247734,141.45340296925156,134.050580511985,0.0,141.77231350443617,0.0,0.0,115.0688924177238,0.0,10.228500251258795,0.0,218.1687220186731,236.126429467827,110.04218030684775,49.88598206571471,134.75567311500532,164.5218586031704,0.0,111.13304506395735,93.07918489751827,431.6541992236678,148.81802563537016,72.83501697502841,0.0,0.0,53.167886040063316,22.74954509873425,0.0,0.0,491.8133023118378,124.5426183253239,82.8506846462595,298.60944986521207,83.06351722628722,0.0,0.0,0.0,658.9800000000004,349.84153980973747,58.158426630399624,67.12352057700551,147.1426529431375,0.0,48.999097308504766,180.64545762795672,176.62629882052929,55.38989759752498,63.39638629132211,9.473725907600098,12.064323258931893,0.0,378.646764070686,60.910308270067965,0.9877703391496516,-25.95581192881733,-16.852472972216447,4.231042711315182,50.721787029924045,18.912955887625735,0.7142857142857143,194,12,54,0,2,2,24,2,0,2,24,0,30,12,54,2,42,0,2,2,0,0,70.76730548240582,4,8.537600000000054,741.4986000000033,0,2,2,0,0,0,0,0,0,0,24,24,0,0,0,16,10,0,0,14,0,0,0,0,0,0,4,24,0,2,0,0,1,0,2,0,0,0,0,0,0,2,0,0,0,0,0,0,0,0,0,0,0,0,0,0,0,0,0,0,0,0,0,0,0,0,0,0,0,0,0,0,0,0,0,0,0,0,0,0,0,0,0,0,0,CHEMBL1213205,C/C=C/C[C@@H](C)[C@@H](O)[C@H]1C(=O)N[C@@H](CC)C(=O)N(C)CC(=O)N(C)[C@@H](CC(C)C)C(=O)N[C@@H](C(C)C)C(=O)N(C)[C@@H](CC(C)C)C(=O)N[C@@H](C)C(=O)N[C@H](COCC(=O)Nc2ccc(/N=N/c3ccc(NC(=O)COC[C@H]4NC(=O)[C@H](C)NC(=O)[C@H](CC(C)C)N(C)C(=O)[C@H](C(C)C)NC(=O)[C@H](CC(C)C)N(C)C(=O)CN(C)C(=O)[C@H](CC)NC(=O)[C@H]([C@H](O)[C@H](C)C/C=C/C)N(C)C(=O)[C@H](C(C)C)N(C)C(=O)[C@H](CC(C)C)N(C)C(=O)[C@H](CC(C)C)N(C)C4=O)cc3)cc2)C(=O)N(C)[C@@H](CC(C)C)C(=O)N(C)[C@@H](CC(C)C)C(=O)N(C)[C@@H](C(C)C)C(=O)N1C,140.0,2.146128035678238,CHEMBL4445,Serine/threonine protein phosphatase 2B catalytic subunit,1
15.316212838224269,15.316212838224269,0.0078536709512406,-1.636612704934805,0.1066226906446758,25.731182795698924,1315.7949999999987,1192.8189999999993,1314.9254319639997,532,0,0.2456436492204215,-0.3901264861786781,0.3901264861786781,0.2456436492204215,0.5268817204301075,0.956989247311828,1.4086021505376345,16.274004752105,9.91050266168492,2.4587101881532747,-2.414073288574231,2.2604347477979023,-2.6333918074026403,5.995036738374612,-0.1572679169425305,0.8533238065711715,4.506677681722276,2584.1943304967285,72.17566845900085,61.38765466403743,61.38765466403743,42.814260239620154,33.450418126557565,33.450418126557565,29.21807600567994,29.21807600567994,17.361716029738904,17.361716029738904,11.370835522431712,11.370835522431712,-6.660000000000002,1.1649903618960848e+20,84.35158211721102,38.03102992397673,24.56365726822679,556.295584068874,65.98983853082571,60.418408291479594,0.0,70.88615675221807,0.0,0.0,57.53444620886186,0.0,0.0,0.0,129.85557260840832,100.21856808299306,61.29345075404967,12.648722793660877,62.64097360370256,70.88615675221807,0.0,60.88331113598499,46.840332792526524,243.01913283383192,62.42321669056547,12.152040213667762,0.0,0.0,26.583943020031658,0.0,0.0,0.0,239.23764363280551,57.53444620886186,46.840332792526524,176.49675815460395,12.152040213667762,0.0,0.0,0.0,307.90000000000003,161.214816715888,43.46282486741528,19.178148736287287,74.64849005746571,6.4208216229260096,9.799819461700954,80.75698973268332,81.38941221057398,55.38989759752498,26.583943020031658,0.0,0.0,0.0,184.46417414451665,26.09556823110062,-0.8200767148035677,-10.71473523029928,-12.976035547130664,2.644139869332512,32.73190259847602,9.82506264880776,0.7941176470588235,93,6,25,0,1,1,12,0,0,0,12,0,13,6,25,1,18,0,1,1,0,0,34.49438218961756,1,3.801499999999999,359.8523000000009,0,1,1,0,0,0,0,0,0,0,12,12,0,0,0,7,5,0,0,7,0,0,0,0,0,0,2,12,0,0,0,0,0,0,0,0,0,0,0,0,0,0,0,0,0,0,0,0,0,0,0,0,0,0,0,0,0,0,0,0,0,0,0,0,0,0,0,0,0,0,0,0,0,0,0,0,0,0,0,0,0,0,0,0,0,CHEMBL1269580,C/C=C/C[C@@H](C)[C@@H](O)[C@H]1C(=O)N[C@@H](CC)C(=O)N(C)CC(=O)N(C)[C@@H](CC(C)C)C(=O)N[C@@H](C(C)C)C(=O)N(C)[C@@H](CC(C)C)C(=O)N[C@@H](C)C(=O)N[C@H](CCNC(=O)C(C)(C)C)C(=O)N(C)[C@@H](CC(C)C)C(=O)N(C)[C@@H](CC(C)C)C(=O)N(C)[C@@H](C(C)C)C(=O)N1C,26.1,1.416640507338281,CHEMBL2075,Cyclophilin B,1
15.441881451782772,15.441881451782772,0.002827542252656,-2.0121412015114917,0.0110872890986019,22.0,2540.874999999998,2365.482999999998,2539.308424788,994,0,0.3054812036843136,-0.4812292624504639,0.4812292624504639,0.3054812036843136,0.3370165745856354,0.6850828729281768,1.1049723756906078,16.525221565305213,9.988639110537196,2.45024441590672,-2.3066691304091225,2.248341340528542,-2.604940343708715,6.038884436758483,-0.1463468267330378,1.6779597605217471,1.052005735144146,6518.963118917947,133.44412764391296,101.79175437345016,101.79175437345016,85.9859248122627,59.87733169514276,59.87733169514276,44.7044665644758,44.7044665644758,28.888406666186388,28.888406666186388,19.587842006405857,19.587842006405857,-19.149999999999984,4.265738355590887e+60,148.63193885078144,78.47738314689025,56.573389838588106,1043.3537828838653,191.0710090997762,109.31817606002822,23.83821827497534,129.95795404573315,0.0,17.907915863855546,141.50056402496173,0.0,0.0,0.0,130.82318896260992,168.21796303162824,90.7590462018701,45.43494671603821,149.76326508875857,182.4765366134936,21.63713442316609,132.50283622700246,40.50414947813371,316.796130300719,85.33033551126485,119.8185946389384,0.0,0.0,156.27126388196285,0.0,0.0,0.0,391.175703489306,148.59962037817377,33.47294651548887,205.40875942376843,103.1282401638474,0.0,10.772448428929591,0.0,1043.59,369.83895014282285,111.52231607672748,28.76722310443093,181.208729947595,16.690354475090988,22.596095359470695,0.0,112.62408775722508,18.19910120538483,127.60292649615198,59.77919771657712,11.136725459864223,0.0,356.11606677059643,134.3949642590059,29.733406901277885,-30.11336289220171,0.2826883497804566,-10.266715922535946,4.0495604075460445,0.0,0.5603448275862069,181,42,65,0,3,3,22,4,0,4,18,0,32,37,65,3,56,0,3,3,0,0,64.4433459284969,7,-8.912919999999911,651.9468000000033,3,1,1,0,0,0,0,0,3,3,25,22,0,0,0,1,28,5,0,0,0,0,0,0,0,0,0,22,0,0,0,0,0,0,4,0,2,0,0,0,0,2,0,4,0,0,0,0,0,0,0,0,0,0,0,0,0,0,0,0,0,0,0,0,0,0,0,0,0,0,0,1,0,0,0,0,0,0,0,0,0,0,0,1,0,CHEMBL5285536,CC(C)C[C@@H]1NC(=O)[C@H](Cc2ccccc2)NC(=O)[C@H](CCC(=O)O)NC(=O)CNC(=O)[C@H]([C@@H](C)O)NC(=O)[C@H](CCC(=O)O)NC(=O)[C@@H]2CCCN2C(=O)[C@H](CC(=O)O)NC(=O)[C@H](CC(C)C)NC(=O)[C@H](CCC(=O)NCCOCCOCC(=O)NCCCC[C@H](NC(=O)CC[C@@H]2NC(=O)[C@H](CCCNC(=N)N)NC(=O)[C@H](CCCNC(=N)N)NC(=O)[C@H](CCCNC(=N)N)NC(=O)[C@H](CCCNC(=N)N)NC(=O)[C@H](Cc3ccc4ccccc4c3)NC(=O)[C@H](Cc3ccccc3)NC2=O)C(N)=O)NC(=O)CNC1=O,153.0,2.184691430817599,CHEMBL3038498,Keap1/Nrf2,1
14.93163706943264,14.93163706943264,0.0154918490876592,-1.4710971666559562,0.023171014617775,22.12195121951219,1136.3299999999992,1058.7139999999993,1135.603931664,442,0,0.2456755447164284,-0.3701604379834824,0.3701604379834824,0.2456755447164284,0.7195121951219512,1.3780487804878048,2.0609756097560976,16.183296437463056,10.01082921310734,2.417876862909457,-2.3083084918094277,2.2356395817018058,-2.5990070454089245,5.991050636387553,-0.1429386922477461,4.350543074108643,1.3378684871766886,2861.393817684552,59.458514953208635,46.147025055174275,46.147025055174275,39.19539645199497,27.594900127085577,27.594900127085577,20.732456207144423,20.732456207144423,14.540048832569097,14.540048832569097,10.318566027270135,10.318566027270135,-9.040000000000004,3.994177123082e+17,62.161784551733646,29.96738904229336,17.729861408979705,474.10887455868385,79.83589785019171,54.37656746233163,11.91910913748767,59.071797293515054,0.0,0.0,58.763939052301254,0.0,0.0,0.0,60.68297676136064,88.32522348080633,63.04417457288707,0.0,47.94537184071822,81.8938313630838,10.818567211583044,62.63489541870515,17.201002431486554,145.27390133682502,26.1790256236503,84.07309038482934,0.0,0.0,65.05209986754355,0.0,0.0,0.0,166.33029749963285,60.78701508657023,10.818567211583044,89.18259361203535,72.94618740143534,0.0,10.902924932081056,0.0,426.99999999999983,113.44836475584673,47.94537184071822,0.0,89.46470774454606,36.81018947509803,10.902924932081056,35.799334074749964,36.52867891392113,24.26546827384644,52.83507595700419,28.0195696430696,0.0,0.0,146.06347859625745,40.04848791543867,18.49549158289144,-7.557678834115076,5.107966127255217,6.1588370841845705,3.350084194754388,0.0,0.4909090909090909,82,18,27,0,3,3,10,2,1,3,9,0,12,15,27,4,21,0,2,2,0,0,22.717394892988093,6,-2.2696600000000124,302.35160000000013,0,0,0,0,0,1,1,0,0,0,10,10,0,0,0,2,12,3,0,0,1,1,0,0,0,0,0,10,0,0,0,0,0,0,2,0,2,0,0,0,0,0,0,2,0,0,0,0,0,0,0,0,0,0,0,0,0,0,0,0,0,0,0,0,1,0,0,0,0,0,0,1,0,0,0,0,0,0,0,0,0,0,0,0,0,CHEMBL4795723,CC(=O)N[C@@H](CCCNC(=N)N)C(=O)N[C@@H](Cc1c[nH]c2ccccc12)C(=O)N[C@H]1C/C=C\C[C@@H](C(=O)N2CCC[C@H]2C(=O)N[C@@H](CCCNC(=N)N)C(N)=O)NC(=O)[C@H](C)NC(=O)[C@@H]2CCCN2C(=O)[C@H](Cc2ccccc2)NC1=O,372.0,2.5705429398818973,CHEMBL2093861,Menin/Histone-lysine N-methyltransferase MLL,1
15.139936650592308,15.139936650592308,0.0195004492622723,-1.5166728604668511,0.0142920688656164,16.87378640776699,1442.6530000000005,1342.8609999999992,1441.7690994679992,564,0,0.2456755430093532,-0.3936790815918555,0.3936790815918555,0.2456755430093532,0.5242718446601942,0.9805825242718448,1.5048543689320388,16.271662271919574,10.008173289899512,2.4206755414427046,-2.3121554542368914,2.2355524186332296,-2.605393213006634,6.000281098715899,-0.1429960572425021,1.741309832647692,1.3895492036866557,3520.900217538018,76.03550074346875,58.042217999504665,58.042217999504665,48.87904341994553,33.87393902075078,33.87393902075078,25.188770265795547,25.188770265795547,17.05110333449419,17.05110333449419,11.712410543213588,11.712410543213588,-11.179999999999994,1.3480863294030331e+26,82.48746375014971,40.91528191760813,26.37443808479129,593.7514541235962,117.04977453306066,66.46024912062755,17.878663706231507,76.79333648156958,0.0,0.0,78.55683421030827,0.0,0.0,0.0,48.53093654769288,102.17269788018758,69.58893097879965,19.255604758173796,72.5420381826151,105.57492511988218,16.227850817374566,83.90204983473048,22.93466990864874,177.3090237822505,45.87542039998837,71.92105017116157,0.0,0.0,92.05292176073108,0.0,0.0,0.0,238.10848886849485,75.17062663878572,16.227850817374566,103.0300680114166,60.79414718776757,0.0,10.902924932081056,0.0,616.66,162.50919036037092,58.158426630399624,14.383611552215466,114.8106619650545,34.871471161327065,6.923737199690624,30.571031060772828,60.79414718776757,0.0,74.10223037302953,39.16252072602331,0.0,0.0,184.76727129162353,76.68678096921666,23.64718235216997,-11.801386979484557,0.673784104296064,0.9770632112153176,3.882638384296295,0.0,0.5384615384615384,103,27,38,0,2,2,13,2,1,3,12,0,18,23,38,3,40,0,2,2,0,0,32.76696926219278,5,-6.877589999999992,374.44010000000054,0,2,2,0,0,1,1,0,0,0,13,13,0,0,0,2,17,4,0,0,2,1,0,0,0,0,0,13,0,0,0,0,0,0,2,0,1,0,0,0,0,0,0,3,0,0,0,0,0,0,0,0,0,0,0,0,0,0,0,0,0,0,0,0,1,0,0,0,0,0,0,1,0,0,0,0,0,0,0,0,0,0,0,0,0,CHEMBL4797084,CC(=O)N[C@@H](CO)C(=O)N[C@@H](C)C(=O)N[C@@H](CCCNC(=N)N)C(=O)N[C@@H](Cc1c[nH]c2ccccc12)C(=O)N[C@@H](CCCNC(=N)N)C(=O)N[C@@H](Cc1ccccc1)C(=O)N1CCC[C@H]1C(=O)N[C@@H](C)C(=O)N[C@@H](CCCNC(=N)N)C(=O)N1CCC[C@H]1C(=O)NCC(=O)N[C@H](C(N)=O)[C@@H](C)O,84.0,1.9242792860618816,CHEMBL2093861,Menin/Histone-lysine N-methyltransferase MLL,1
15.186487059470704,15.186487059470704,0.0212357412372592,-1.4846501436713615,0.0160428121519333,21.51578947368421,1322.5409999999997,1230.812999999999,1321.7043739719998,516,0,0.2456755430157993,-0.3936790815918555,0.3936790815918555,0.2456755430157993,0.6736842105263158,1.305263157894737,1.9684210526315788,16.25622817607814,10.00697828308784,2.421529209914116,-2.3117510423546146,2.2397357052936457,-2.604775997064223,5.998078843799257,-0.1430824326044017,1.7407080512277824,1.3176293516862592,3289.865484076746,69.30344993589989,53.68675611354084,53.68675611354084,45.34246215973636,31.959675281599015,31.959675281599015,23.88977677963306,23.88977677963306,16.608097711508332,16.608097711508332,11.558988431458308,11.558988431458308,-10.140000000000004,8.787966952515856e+22,73.90603699134033,36.347057763388776,22.267385214390035,549.2454137933564,95.57600245304508,66.46024912062755,11.91910913748767,70.88615675221807,0.0,0.0,68.35301342044491,0.0,0.0,0.0,60.68297676136064,108.090603926349,63.04417457288707,6.606881964512918,62.64097360370256,93.70819082178684,10.818567211583044,73.26847262671781,17.201002431486554,177.1229634406636,32.78590758816322,84.07309038482934,0.0,0.0,75.68567707555621,0.0,0.0,0.0,201.94174797598535,70.37608945471388,10.818567211583044,108.947974057578,72.94618740143534,0.0,10.902924932081056,0.0,505.42999999999984,143.95328783735854,53.05189923555892,9.589074368143644,108.7271726133241,41.29229278425308,6.923737199690624,23.647293861082204,66.87982033297372,6.06636706846161,63.46865316501686,28.0195696430696,0.0,0.0,173.61722567769192,54.67404581478535,18.455579167893777,-9.654093261213452,1.867370274060738,6.580983642475752,3.625555350972556,0.0,0.5238095238095238,95,21,32,0,3,3,12,2,1,3,11,0,15,18,32,4,26,0,2,2,0,0,28.276494690393623,6,-3.507660000000029,348.2068000000006,0,1,1,0,0,1,1,0,0,0,12,12,0,0,0,2,14,3,0,0,1,1,0,0,0,0,2,12,0,0,0,0,0,0,2,0,2,0,0,0,0,0,0,2,0,0,0,0,0,0,0,0,0,0,0,0,0,0,0,0,0,0,0,0,1,0,0,0,0,0,0,1,0,0,0,0,0,0,0,0,0,0,0,0,0,CHEMBL4790252,CC(=O)N[C@@H](CO)C(=O)N[C@@H](C)C(=O)N[C@@H](CCCNC(=N)N)C(=O)N[C@@H](Cc1c[nH]c2ccccc12)C(=O)N[C@H]1CC/C=C\CC[C@@H](C(=O)N2CCC[C@H]2C(=O)N[C@@H](CCCNC(=N)N)C(N)=O)NC(=O)[C@H](C)NC(=O)[C@@H]2CCCN2C(=O)[C@H](Cc2ccccc2)NC1=O,1100.0,3.041392685158225,CHEMBL2093861,Menin/Histone-lysine N-methyltransferase MLL,1
15.61086857593149,15.61086857593149,0.0004867766629419,-1.8261572994585415,0.014052056407668,24.268115942028984,1997.5340000000012,1847.3419999999992,1996.046051787999,772,0,0.3029356715703366,-0.4812292624533588,0.4812292624533588,0.3029356715703366,0.5507246376811594,1.0942028985507246,1.6956521739130437,33.114618685232486,10.004204485485516,2.474201405268217,-2.333711273919167,2.301123862427797,-2.6109814837441796,8.76296262730124,-0.1479291165385615,1.6689812565588305,1.486844511656785,4298.847468066351,101.82981871553638,80.70060918560299,83.15009892838616,65.76602119275543,48.28587626829867,52.16775699012861,36.49823805436461,40.11103632097941,24.79598259022435,27.886633122097734,17.234764600978234,19.962115364237807,-10.650000000000002,1.2551583535724438e+42,116.06507343994792,60.36550011406197,37.49954518718528,818.6313256818736,127.18240407782072,102.7112940955153,5.959554568743835,106.32923512832714,0.0,5.969305287951848,96.50549010315618,0.0,11.761884949391115,0.0,112.22160378523866,184.25839046724,63.99486968859909,6.606881964512918,101.30926128704608,151.60777588718736,5.409283605791522,94.03467937949056,34.770482000971526,324.539638312352,75.93450680965272,35.89528683400505,0.0,0.0,97.3697103647374,0.0,0.0,33.34968090216456,326.71658960327426,97.51702812029066,17.24509569811431,220.9709740856077,30.33183534230805,0.0,0.0,0.0,674.1,239.74994627472375,58.158426630399624,43.1508346566464,171.8879601140206,56.930024475105085,34.42943919862547,45.20899827217426,64.28255332458195,6.923737199690624,74.43504045608864,28.343953514440265,0.0,1.3342356299481186,280.5675872551157,66.1978699218893,23.66252865246536,-17.4232309117351,-15.452764110805216,5.89165747547469,11.081457837911678,1.9739915830688008,0.7142857142857143,138,25,44,0,5,5,18,1,0,1,17,0,26,21,47,5,42,0,5,5,0,0,50.77047973896947,6,-2.3903299999999703,519.2287000000015,1,1,1,0,0,0,0,0,1,1,19,18,0,0,0,4,15,4,0,0,3,0,0,0,0,0,0,18,0,0,0,0,0,0,1,0,1,0,0,0,0,0,0,1,0,0,0,0,0,0,0,0,0,0,0,0,0,0,0,0,0,0,0,0,0,0,0,0,0,0,0,1,0,0,0,1,0,0,0,0,0,0,0,5,0,CHEMBL3335454,CCCCCC[C@@H]1NC(=O)[C@H](CCCCN)NC(=O)[C@H](CCCNC(=N)N)NC(=O)[C@H](CC(C)C)NC(=O)[C@@H](NC(=O)[C@H](CCSC)NC(=O)[C@@H]2CCCN2C(=O)[C@@H](NC(C)=O)C(C)C)CCSSC[C@@H](C(=O)N[C@@H](CCCCN)C(=O)N2CCC[C@H]2C(=O)N2CCC[C@H]2C(=O)N[C@@H](CCC(=O)O)C(N)=O)NC(=O)[C@H](Cc2ccccc2)NC(=O)[C@H](CO)NC(=O)[C@H](C)NC(=O)[C@@H]2CCCN2C1=O,370.0,2.568201724066995,CHEMBL3430909,Transcriptional coactivator YAP1/Transcriptional enhancer factor TEF-1,1
15.24894846803843,15.24894846803843,0.0508595300752785,-1.5130787416004603,0.0206555039492508,21.29032258064516,1296.5029999999997,1206.790999999999,1295.6887239079997,506,0,0.2456755430092794,-0.3936790815918555,0.3936790815918555,0.2456755430092794,0.6666666666666666,1.3010752688172045,1.967741935483871,16.256224224105218,9.99437718950335,2.423855185372611,-2.3085577355240994,2.2433579830616672,-2.6037497128048868,5.9980614659991,-0.1430160963027191,1.790772748427692,1.3349888556981786,3201.0783979732146,67.88923637352678,52.532055575161586,52.532055575161586,44.34246215973637,31.309845367337953,31.309845367337953,23.54812877083895,23.54812877083895,16.43301266863886,16.43301266863886,11.49442617305826,11.49442617305826,-9.880000000000004,9.676737543997875e+21,72.18624297449378,35.076906963404575,21.3534415740975,537.2051325967475,95.57600245304508,66.46024912062755,11.91910913748767,70.88615675221807,0.0,0.0,68.35301342044491,0.0,0.0,0.0,61.3725797935449,95.24896068049696,63.04417457288707,6.606881964512918,62.64097360370256,93.70819082178684,10.818567211583044,73.26847262671781,17.201002431486554,177.1229634406636,32.78590758816322,71.92105017116157,0.0,0.0,75.68567707555621,0.0,0.0,0.0,201.94174797598535,70.37608945471388,10.818567211583044,108.947974057578,60.79414718776757,0.0,10.902924932081056,0.0,505.42999999999984,143.95328783735854,53.05189923555892,9.589074368143644,108.7271726133241,41.29229278425308,6.923737199690624,23.647293861082204,60.79414718776757,0.0,63.46865316501686,28.0195696430696,0.0,0.0,173.94525529733514,54.606918717408426,18.443455436896475,-9.85025340854102,1.5981287466358702,2.864085890437768,3.5590759864940127,0.0,0.5409836065573771,93,21,32,0,3,3,12,2,1,3,11,0,15,18,32,4,26,0,3,3,0,0,27.22656052531221,6,-4.063860000000028,339.06680000000046,0,1,1,0,0,1,1,0,0,0,12,12,0,0,0,2,14,3,0,0,1,1,0,0,0,0,0,12,0,0,0,0,0,0,2,0,2,0,0,0,0,0,0,2,0,0,0,0,0,0,0,0,0,0,0,0,0,0,0,0,0,0,0,0,1,0,0,0,0,0,0,1,0,0,0,0,0,0,0,0,0,0,0,0,0,CHEMBL4795456,CC(=O)N[C@@H](CO)C(=O)N[C@@H](C)C(=O)N[C@@H](CCCNC(=N)N)C(=O)N[C@@H](Cc1c[nH]c2ccccc12)C(=O)N[C@H]1CCCC[C@@H](C(=O)N2CCC[C@H]2C(=O)N[C@@H](CCCNC(=N)N)C(N)=O)NC(=O)[C@H](C)NC(=O)[C@@H]2CCCN2C(=O)[C@H](Cc2ccccc2)NC1=O,122.0,2.0863598306747484,CHEMBL2093861,Menin/Histone-lysine N-methyltransferase MLL,1
15.666395310348578,15.666395310348578,0.0042404021173862,-2.0847357937048834,0.0247796390353688,21.221476510067113,2138.506999999998,1977.226999999999,2137.111590579999,842,0,0.3224707024461288,-0.4812292624505143,0.4812292624505143,0.3224707024461288,0.3624161073825503,0.7046979865771812,1.0738255033557047,32.16650019631493,9.910483927201696,2.474599657757731,-2.413485627722169,2.274749086454932,-2.63287698111355,7.98956451912853,-0.1572231572867084,0.818425861549194,4.076304759695884,4687.817473334768,114.4945659785212,89.59722245078059,90.41371903170833,69.14904123841738,49.738648350679206,50.89334888905846,39.95188140042945,41.101711314690505,24.806787681077015,25.72773931102915,16.15945857291503,16.928023739804306,-13.199999999999996,1.7798212632724608e+46,133.8073637702504,65.6001622301646,46.62707444684425,871.9606120793309,133.6362619187487,103.21420967227992,0.0,106.32923512832714,0.0,41.78513701566294,119.86342960179562,0.0,11.761884949391115,0.0,109.08436100933646,132.32267619762314,105.78516245271597,12.648722793660877,160.7156487605213,159.87625709338118,0.0,92.78404276002298,41.42534232312975,335.5488256847599,73.92892390405905,12.152040213667762,0.0,0.0,58.48467464406965,0.0,0.0,11.761884949391115,399.968302976844,119.86342960179562,41.42534232312975,232.77540603064435,12.152040213667762,0.0,0.0,0.0,743.6000000000004,365.20170384645354,136.43097262939327,19.178148736287287,73.70226113569521,0.0,36.2614336036435,86.82847213920377,81.38941221057398,19.16426300338758,53.167886040063316,5.106527394840706,0.0,1.12745064654106,350.7121925974562,105.10955484765276,0.0,-32.056447613978854,-25.6886516220147,-9.05106110305132,25.080060236846936,9.266902010547936,0.7216494845360825,149,19,51,0,1,1,18,0,0,0,18,0,27,19,52,1,52,0,1,1,0,0,58.911307187376345,1,-1.3291999999999675,538.1611000000019,7,1,1,0,0,0,0,0,7,7,25,18,0,0,0,7,11,0,0,7,0,0,0,0,0,0,1,18,0,0,0,0,0,0,0,0,0,0,0,0,0,0,0,0,0,0,0,0,0,0,0,0,0,0,0,0,0,0,0,0,0,0,0,0,0,0,0,0,0,0,0,0,0,0,0,1,0,0,0,0,0,0,0,0,0,CHEMBL1911379,CC[C@@H]1NC(=O)[C@H]([C@H](O)[C@H](C)C/C=C/CSCCC(=O)N[C@H](CCC(=O)O)C(=O)N[C@H](CCC(=O)O)C(=O)N[C@H](CCC(=O)O)C(=O)N[C@H](CCC(=O)O)C(=O)N[C@H](CCC(=O)O)C(=O)N[C@H](CCC(=O)O)C(=O)NCC(=O)O)N(C)C(=O)[C@H](C(C)C)N(C)C(=O)[C@H](CC(C)C)N(C)C(=O)[C@H](CC(C)C)N(C)C(=O)[C@@H](C)NC(=O)[C@H](C)NC(=O)[C@H](CC(C)C)N(C)C(=O)[C@H](C(C)C)NC(=O)[C@H](CC(C)C)N(C)C(=O)CN(C)C1=O,4.9,0.6901960800285137,CHEMBL1949,Cyclophilin A,1
15.19602917104909,15.19602917104909,0.059851488543698,-1.5543505759513545,0.016737188845114,21.877777777777776,1252.4459999999997,1166.765999999999,1251.65127578,488,0,0.2456755447164284,-0.3936790815918555,0.3936790815918555,0.2456755447164284,0.7333333333333333,1.4111111111111112,2.111111111111111,16.256208533765815,10.010226068045805,2.421124122552137,-2.3084119111686348,2.237152229916559,-2.6036933565064637,5.998417649313546,-0.142939432625128,2.3472184698575274,1.366130507501855,3122.7693359915233,65.6047793231506,50.772542551167746,50.772542551167746,42.9866201120798,30.22569504687479,30.22569504687479,22.65470406674821,22.65470406674821,15.819547853089992,15.819547853089992,10.98164945524053,10.98164945524053,-9.450000000000005,6.8628247637455e+19,69.6475566016435,33.77521585963407,19.77751738199871,519.9153742672936,90.25921384903874,66.46024912062755,5.959554568743835,70.88615675221807,0.0,0.0,62.94372981465338,0.0,0.0,0.0,60.68297676136064,101.79371708640954,56.49941816697449,6.606881964512918,62.64097360370256,87.74863625304299,5.409283605791522,67.95168402271148,17.201002431486554,164.28132019481157,32.78590758816322,84.07309038482934,0.0,0.0,70.36888847154988,0.0,0.0,0.0,195.9821934072415,70.37608945471388,5.409283605791522,96.10633081172598,72.94618740143534,0.0,10.902924932081056,0.0,469.54999999999984,143.95328783735854,53.05189923555892,9.589074368143644,89.92597479872823,41.29229278425308,6.923737199690624,35.799334074749964,60.79414718776757,0.0,58.15186456101053,22.61028603727808,0.0,0.0,173.0979158154683,44.37912210043213,18.63183104916979,-9.637082733082863,1.4838774225371336,5.480635133846253,3.563701211629256,0.0,0.5166666666666667,90,19,30,0,3,3,12,2,1,3,11,0,15,16,30,4,25,0,2,2,0,0,26.13734731462879,6,-3.812230000000024,328.11040000000037,0,1,1,0,0,1,1,0,0,0,12,12,0,0,0,2,12,3,0,0,1,1,0,0,0,0,0,12,0,0,0,0,0,0,2,0,2,0,0,0,0,0,0,1,0,0,0,0,0,0,0,0,0,0,0,0,0,0,0,0,0,0,0,0,1,0,0,0,0,0,0,1,0,0,0,0,0,0,0,0,0,0,0,0,0,CHEMBL4779043,CC(=O)N[C@@H](CO)C(=O)N[C@@H](C)C(=O)N[C@@H](CCCNC(=N)N)C(=O)N[C@@H](Cc1c[nH]c2ccccc12)C(=O)N[C@H]1C/C=C\C[C@@H](C(=O)N2CCC[C@H]2C(=O)N[C@@H](CCCN)C(N)=O)NC(=O)[C@H](C)NC(=O)[C@@H]2CCCN2C(=O)[C@H](Cc2ccccc2)NC1=O,142.0,2.1522883443830563,CHEMBL2093861,Menin/Histone-lysine N-methyltransferase MLL,1
15.450188422990513,15.450188422990513,0.1021833301948131,-1.685541853093371,0.0315153127558698,20.445378151260503,1678.965,1575.1409999999992,1677.7220748359994,636,0,0.2454291178963408,-0.5079666451556014,0.5079666451556014,0.2454291178963408,0.5714285714285714,1.1680672268907564,1.7478991596638656,32.167721928812306,10.004941266300229,2.3895654352266944,-2.2872129105041137,2.2434456636871456,-2.6209419538458008,7.983461265992247,-0.1363658292298105,1.7249861199712229,1.1857812003477628,4673.605415436268,86.57067017047203,66.71719609305543,68.35018925491089,56.71067589588939,38.596978689063214,40.90637976582172,29.660963874277943,31.721477391061956,19.2038432712089,21.341694972210945,12.700176360306054,14.636496972774315,-12.290000000000006,6.426144314580571e+33,92.22314882614404,44.875219908183794,28.50740711909691,694.1555521091819,100.55633742881687,78.25160178305941,0.0,82.7005162109211,0.0,0.0,77.09147761889993,4.983978520947208,23.52376989878223,0.0,100.49135362030184,85.5471195549551,114.55038993808364,30.426024416722683,82.44310276152764,117.1272110417844,0.0,88.72135585281202,23.303147046647155,183.52367530933384,18.112589178006495,168.0150729847006,0.0,16.876414816677897,75.26879820240036,0.0,5.749511833283905,23.52376989878223,219.65863651570947,104.31251428220315,11.835812092322788,101.50076372624876,134.24293452506424,0.0,22.02982791547505,0.0,566.3199999999998,186.6730038049712,58.47041684116851,23.97268592035911,66.7829404210625,55.80196637511141,23.52376989878223,57.56084351929593,111.30077700422142,13.847474399381248,88.72135585281202,11.46733495432437,0.0,2.285226394825564,218.4341964282432,63.628644793781234,15.641672768317854,-14.073624828838383,9.726548373782403,4.047592561272038,9.643076841949409,0.0,0.419753086419753,119,21,36,0,3,3,14,3,4,7,13,4,22,19,38,7,26,0,0,0,0,0,34.77759734620485,10,-0.8122000000000245,441.24200000000104,0,2,2,0,0,5,2,1,0,0,14,14,0,0,0,3,14,2,0,0,0,2,0,0,0,0,0,14,0,0,0,0,0,0,3,0,3,0,0,0,0,0,0,0,0,0,0,1,0,0,0,0,0,0,0,0,0,0,0,0,0,0,0,0,1,1,1,0,0,0,0,2,0,2,0,2,0,0,0,0,0,0,0,0,0,CHEMBL1933131,CC(=O)N[C@@H](CC(C)C)C(=O)N[C@H](C(=O)N[C@@H](Cc1ccccc1)C(=O)N[C@@H]1CSCc2ccc(cn2)-c2ccc(nc2)CSC[C@@H](C(=O)N[C@@H](CO)C(N)=O)NC(=O)[C@H](C(C)C)NC(=O)[C@H](CCC(N)=O)NC(=O)[C@H](C)NC(=O)[C@H](Cc2c[nH]c3ccccc23)NC(=O)[C@H](Cc2ccc(O)cc2)NC(=O)[C@H](Cc2cnc[nH]2)NC1=O)[C@@H](C)O,5.0,0.6989700043360189,CHEMBL1907611,Tumour suppressor p53/oncoprotein Mdm2,1
15.205138292970648,15.205138292970648,0.0336565286599346,-1.5834525686671668,0.0163380896184515,21.827956989247312,1296.455,1210.7749999999992,1295.64110502,504,0,0.2456755447164284,-0.3936790815918555,0.3936790815918555,0.2456755447164284,0.7419354838709677,1.4193548387096775,2.10752688172043,16.271603318223715,10.010253787830978,2.4197397813168866,-2.307281169059994,2.2353320282743447,-2.603567080656526,6.000060955908277,-0.1428332482488201,1.840968922037979,1.349328975601631,3269.0461112632,68.05237308034332,52.21379087475847,52.21379087475847,44.25314576225932,30.73931188463566,30.73931188463566,23.16621859721854,23.16621859721854,15.991287258152466,15.991287258152466,11.04533862587993,11.04533862587993,-9.980000000000004,2.3580921258394017e+21,72.08742797347135,34.4465120812153,20.768893569769347,535.4460437205255,94.9488623707236,66.46024912062755,5.959554568743835,76.79333648156958,0.0,0.0,67.73826699872521,0.0,0.0,0.0,60.68297676136064,89.33105463433556,56.49941816697449,19.255604758173796,72.5420381826151,93.6558159823945,5.409283605791522,73.26847262671781,11.46733495432437,164.46738053639848,32.78590758816322,84.07309038482934,0.0,0.0,69.95200959839403,0.0,0.0,0.0,213.099866919182,75.1706266387857,5.409283605791522,90.18842476556458,72.94618740143534,0.0,10.902924932081056,0.0,492.85999999999984,162.50919036037092,62.952963814471445,9.589074368143644,76.96039676988964,34.87147116132707,6.923737199690624,42.723071274440585,60.79414718776757,0.0,63.46865316501686,16.876618560115894,0.0,0.0,185.1740731703121,56.17276124727589,12.625532748115036,-11.089102514074035,0.6683657404186165,3.189647646044203,3.7587219619081846,0.0,0.5081967213114754,93,19,32,0,3,3,13,2,1,3,12,0,16,17,32,4,25,0,2,2,0,0,26.700650092386223,6,-5.054130000000023,334.5125000000005,0,2,2,0,0,1,1,0,0,0,13,13,0,0,0,2,13,2,0,0,1,1,0,0,0,0,0,13,0,0,0,0,0,0,2,0,2,0,0,0,0,0,0,1,0,0,0,0,0,0,0,0,0,0,0,0,0,0,0,0,0,0,0,0,1,0,0,0,0,0,0,1,0,0,0,0,0,0,0,0,0,0,0,0,0,CHEMBL4790289,CC(=O)N[C@@H](CO)C(=O)N[C@@H](C)C(=O)N[C@@H](CCCNC(=N)N)C(=O)N[C@@H](Cc1c[nH]c2ccccc12)C(=O)N[C@H]1C/C=C\C[C@@H](C(=O)N2CCC[C@H]2C(=O)NCC(=O)N[C@H](C(N)=O)[C@@H](C)O)NC(=O)[C@H](C)NC(=O)[C@@H]2CCCN2C(=O)[C@H](Cc2ccccc2)NC1=O,41000.0,4.6127838567197355,CHEMBL2093861,Menin/Histone-lysine N-methyltransferase MLL,1
15.11943495849223,15.11943495849223,0.0303509259511818,-1.6443711693088563,0.0170952034691075,14.91509433962264,1512.7820000000004,1415.0059999999992,1511.6689766439993,576,0,0.245429117896332,-0.5079666451556014,0.5079666451556014,0.245429117896332,0.4716981132075472,0.9056603773584906,1.4056603773584906,32.11798487304058,10.005157233162931,2.3804186592704646,-2.2836687786100316,2.2078699322712056,-2.6199348868995176,7.800280473970116,-0.1363363996726111,1.6019587068686756,1.4267748916731022,3844.6378188437266,78.48309450066145,59.729491115803434,61.51834549780326,50.192236467884946,34.23846129989567,35.503372363963024,26.379879624431343,27.11017636777157,16.61044964917827,17.340746392518493,10.995842973989488,11.510062544159585,-10.589999999999993,5.305745257250923e+27,86.05373870821248,42.38545868971281,27.794139162531543,622.3068700503659,100.5563374288169,78.25160178305941,0.0,82.7005162109211,0.0,0.0,67.12352057700551,4.983978520947208,25.257578296025983,0.0,88.35861948337859,79.83520704095788,79.52409259796991,19.03816842702576,82.44310276152764,118.86101943902815,0.0,78.75339881091762,23.303147046647155,178.43878971876632,18.112589178006495,119.96806157793112,0.0,5.749511833283905,75.26879820240035,0.0,5.749511833283905,25.257578296025983,209.6906794738151,92.80680706870956,11.835812092322788,96.53372935947785,97.58377910799165,0.0,10.902924932081056,0.0,540.5399999999998,186.5079513655566,77.64856557745581,4.794537184071822,61.86310726990954,33.287207402020506,0.0,57.56084351929593,74.6416215871488,13.847474399381248,104.0109771069436,11.46733495432437,0.0,8.510481269622922,202.70187061492055,61.76113324610729,13.096103854959196,-14.096443079029171,3.0666388997508447,0.9564530771618844,9.948206560950938,0.0,0.4714285714285714,106,21,34,0,0,0,14,3,2,5,13,0,20,21,36,2,43,0,0,0,0,0,34.40969044445548,5,-3.1997000000000155,393.7730000000007,0,2,2,0,0,3,2,1,0,0,14,14,0,0,0,1,14,2,0,0,0,2,2,0,0,0,0,14,0,0,0,0,0,0,3,0,1,0,0,0,0,0,0,0,0,0,0,1,0,0,0,0,0,0,0,0,0,0,0,0,0,0,0,0,1,1,1,0,0,0,0,2,0,0,0,0,0,0,0,0,0,0,0,0,0,CHEMBL1933130,CC(=O)N[C@@H](CC(C)C)C(=O)N[C@H](C(=O)N[C@@H](Cc1ccccc1)C(=O)N[C@H](CS)C(=O)N[C@@H](Cc1cnc[nH]1)C(=O)N[C@@H](Cc1ccc(O)cc1)C(=O)N[C@@H](Cc1c[nH]c2ccccc12)C(=O)N[C@@H](C)C(=O)N[C@@H](CCC(N)=O)C(=O)N[C@@H](CC(C)C)C(=O)N[C@@H](CS)C(=O)N[C@@H](CO)C(N)=O)[C@@H](C)O,13.0,1.1139433523068367,CHEMBL1907611,Tumour suppressor p53/oncoprotein Mdm2,1
15.592239468580846,15.592239468580846,0.0013082478287327,-1.824440051425132,0.0137227833812561,24.448529411764707,1951.4400000000005,1803.263999999999,1950.058330723999,760,0,0.3029356715703366,-0.4812292624533588,0.4812292624533588,0.3029356715703366,0.5294117647058824,1.0588235294117647,1.6544117647058822,33.11461575862301,10.003933309383456,2.473688863002836,-2.3337115562762274,2.2998639002074555,-2.6109552576036075,8.762955125844972,-0.1479291158554042,1.639913269617139,1.4795857479816474,4254.564511498514,100.41560515316328,79.58525411395257,81.21824727580803,64.76602119275545,47.79605962442652,50.2840934961391,36.15188538394455,38.77908509090589,24.531684850619857,26.97838483163384,17.040320513684456,19.296266756152995,-10.999999999999996,3.196816017766342e+41,113.72781065088758,58.549857994444615,36.16260740740741,802.1432735421117,127.18240407782072,102.7112940955153,5.959554568743835,106.32923512832714,0.0,5.969305287951848,96.50549010315618,0.0,0.0,0.0,119.14534098492928,172.2497676769818,63.994869688599096,6.606881964512918,101.30926128704608,139.84589093779627,5.409283605791522,94.03467937949056,34.770482000971526,331.4633755120425,63.92588401939451,35.89528683400505,0.0,0.0,97.3697103647374,0.0,0.0,21.587795952773444,314.70796681301596,97.51702812029066,17.24509569811431,227.8947112852983,30.33183534230805,0.0,0.0,0.0,674.0999999999999,239.74994627472375,67.74750099854327,33.561760288502754,166.1351065072738,69.77166772095711,21.587795952773444,33.44711332278316,58.026784141070536,13.847474399381248,74.43504045608864,28.343953514440265,0.0,0.0,279.8113640030868,66.0375300174484,23.61596586164353,-17.682591786460453,-15.397363183556324,3.3385121042064165,12.799672183795373,1.9769107998362796,0.7111111111111111,136,25,44,0,5,5,18,1,0,1,17,0,25,21,46,5,40,0,5,5,0,0,48.96137620315113,6,-2.7334299999999665,506.5207000000013,1,1,1,0,0,0,0,0,1,1,19,18,0,0,0,4,15,4,0,0,3,0,0,0,0,0,0,18,0,0,0,0,0,0,1,0,1,0,0,0,0,0,0,1,0,0,0,0,0,0,0,0,0,0,0,0,0,0,0,0,0,0,0,0,0,0,0,0,0,0,0,1,0,0,0,0,0,0,0,0,0,0,0,4,0,CHEMBL3335457,CCCC[C@H](NC(=O)[C@@H]1CCCN1C(=O)[C@@H](NC(C)=O)C(C)C)C(=O)N[C@H]1CCSSC[C@@H](C(=O)N[C@@H](CCCCN)C(=O)N2CCC[C@H]2C(=O)N2CCC[C@H]2C(=O)N[C@@H](CCC(=O)O)C(N)=O)NC(=O)[C@H](Cc2ccccc2)NC(=O)[C@H](CO)NC(=O)[C@H](C)NC(=O)[C@@H]2CCCN2C(=O)[C@H](CCCC)NC(=O)[C@H](CCCCN)NC(=O)[C@H](CCCNC(=N)N)NC(=O)[C@H](CC(C)C)NC1=O,340.0,2.531478917042255,CHEMBL3430909,Transcriptional coactivator YAP1/Transcriptional enhancer factor TEF-1,1
15.137646059659607,15.137646059659607,0.0379916133039568,-1.578642286449168,0.0233021269537884,22.32183908045977,1209.395999999999,1127.7479999999994,1208.625475632,470,0,0.2459158088033557,-0.3701604379834824,0.3701604379834824,0.2459158088033557,0.8045977011494253,1.528735632183908,2.2298850574712645,19.142167350796615,9.750886168652574,2.49790217610721,-2.4262517229294547,2.339028358407482,-2.672091247964801,6.007094856465059,-0.1461496837657912,3.8961500952937858,1.2542132585736157,3095.985097431586,62.95007878477134,48.977207893017386,48.977207893017386,41.56833512048386,29.62181665780741,29.62181665780741,22.714785773599857,22.714785773599857,16.291213846153898,16.291213846153898,11.465780601658055,11.465780601658055,-8.950000000000003,6.247830751040268e+18,65.59077432592495,30.41175564185127,17.373408681874082,502.20451836644617,79.83589785019171,65.73271355576087,5.959554568743835,64.97897702286656,0.0,0.0,58.14919263058156,4.39041504767482,0.0,0.0,42.483875555975814,126.2651788924202,56.49941816697449,0.0,57.13032407246486,81.84145652369148,5.409283605791522,62.63489541870515,17.201002431486554,170.07529145798642,26.1790256236503,83.82394415741362,0.0,0.0,65.05209986754355,4.39041504767482,0.0,0.0,171.81684791262387,65.58155227064206,11.226504446837415,108.4450584808134,66.87982033297372,0.0,10.902924932081056,0.0,420.21999999999986,130.71169057862747,47.54124970432122,9.589074368143644,102.76761804458026,47.71311440717909,0.0,53.99843528013479,36.52867891392113,0.0,52.83507595700419,22.61028603727808,14.810899422611602,0.0,161.03256556937583,32.76619677512914,16.86358808980454,-8.964384115014312,1.0354805807561085,6.372235358315207,3.1667516523552326,0.0,0.5254237288135594,87,17,27,1,3,4,11,2,1,3,9,0,13,14,28,4,22,1,2,3,1,0,22.927937944365997,7,-1.6160300000000078,316.1719000000004,0,0,0,0,0,1,1,0,0,0,11,11,0,0,0,2,11,3,0,0,1,1,0,0,0,0,0,11,0,0,0,0,0,0,2,0,2,0,0,0,0,0,0,1,1,0,0,0,0,0,0,0,0,0,0,0,0,0,0,0,0,0,0,0,1,0,0,0,0,0,0,1,0,0,0,0,0,0,0,0,0,0,0,0,0,CHEMBL4794800,CC(=O)N[C@@H](C)C(=O)N[C@@H](CCCNC(=N)N)C(=O)N[C@@H](Cc1c[nH]c2ccccc12)C(=O)N[C@H]1C/C=C\C[C@@H](C(=O)N2CCC[C@H]2C(=O)N[C@@H](CCCN)C(N)=O)NC(=O)C2(CCC2)NC(=O)[C@@H]2CCCN2C(=O)[C@H](Cc2cccc(F)c2)NC1=O,1230.0,3.089905111439398,CHEMBL2093861,Menin/Histone-lysine N-methyltransferase MLL,1
15.300506434997155,15.300506434997155,0.0147579188454221,-1.610130454737473,0.0133476860940344,21.38,1395.5919999999996,1300.839999999999,1394.7207523079996,544,0,0.2456755447164284,-0.3936790815918555,0.3936790815918555,0.2456755447164284,0.67,1.28,1.92,16.27168145268021,10.010214862710702,2.427046226276968,-2.3099923359163013,2.2399496418016716,-2.604320354153566,6.003347298622949,-0.143051510797266,1.6281190627293838,1.367144164171781,3495.676329266285,73.32839396228222,56.28270497551081,56.28270497551081,47.557676214899615,33.16003218829069,33.16003218829069,24.933343421664595,24.933343421664595,17.167388088441246,17.167388088441246,11.855484786761975,11.855484786761975,-10.710000000000004,2.433030632106658e+25,78.28788944600512,37.865645778328314,22.949266571744975,576.4809160579977,105.99931845189212,72.50208994977551,11.91910913748767,76.79333648156958,0.0,0.0,73.14755060451674,0.0,0.0,0.0,60.68297676136064,102.17269788018758,63.04417457288707,12.71084835226122,72.5420381826151,99.61537055113834,10.818567211583044,78.58526123072414,17.201002431486554,183.3508646113985,32.78590758816322,84.07309038482934,0.0,0.0,81.00246567956255,0.0,0.0,0.0,225.10126231707383,75.1706266387857,10.818567211583044,103.0300680114166,72.94618740143534,0.0,10.902924932081056,0.0,554.7599999999999,162.0062747836063,62.952963814471445,9.589074368143644,108.7271726133241,28.45064953840106,6.923737199690624,42.723071274440585,60.79414718776757,0.0,68.7854417690232,28.0195696430696,0.0,0.0,188.32183959385492,67.01211758631122,18.20185314871257,-11.725247289767196,-1.1348516892081588,2.913179023383382,4.411109626713302,0.0,0.5230769230769231,100,23,35,0,3,3,13,2,1,3,13,0,17,20,35,4,29,0,2,2,0,0,29.64421490495358,6,-5.422259999999996,362.5843000000006,0,2,2,0,0,1,1,0,0,0,13,13,0,0,0,2,15,3,0,0,1,1,0,0,0,0,0,13,0,0,0,0,0,0,2,0,2,0,0,0,0,0,0,2,0,0,0,0,0,0,0,0,0,0,0,0,0,0,0,0,0,0,0,0,1,0,0,0,0,0,0,1,0,0,0,0,0,0,0,0,0,0,0,0,0,CHEMBL4792914,CC(=O)N[C@@H](CO)C(=O)N[C@@H](C)C(=O)N[C@@H](CCCNC(=N)N)C(=O)N[C@@H](Cc1c[nH]c2ccccc12)C(=O)N[C@H]1C/C=C\C[C@@H](C(=O)N2CCC[C@H]2C(=O)N[C@@H](CCCNC(=N)N)C(=O)N[C@H](C(N)=O)[C@@H](C)O)NC(=O)[C@H](C)NC(=O)[C@@H]2CCCN2C(=O)[C@H](Cc2ccccc2)NC1=O,1800.0,3.255272505103306,CHEMBL2093861,Menin/Histone-lysine N-methyltransferase MLL,1
15.828429818662093,15.828429818662093,0.0045008420844034,-1.7864772377372178,0.0082839709234484,14.279411764705882,1891.172000000001,1763.1559999999993,1889.9689214639989,736,0,0.2924185910007353,-0.5079666451556014,0.5079666451556014,0.2924185910007353,0.4852941176470588,0.9264705882352942,1.4044117647058822,16.465797305899425,9.996838175153574,2.3975625182789733,-2.291182187861141,2.2245600404650516,-2.619744265316736,6.008450839752506,-0.1367968058435699,1.6497752084157344,1.2563967247800805,5204.584499325856,99.82981871553636,77.43123407867152,77.43123407867152,64.69594556108231,44.66688234194585,44.66688234194585,33.87322324607741,33.87322324607741,21.579447529023636,21.579447529023636,14.343136633511651,14.343136633511651,-14.759999999999996,8.642686605790256e+40,108.26710944551414,54.421363621570016,35.651576920397446,784.9181868925583,126.35009358947666,84.00111361634332,5.959554568743835,82.7005162109211,11.731584227351432,0.0,77.32734136686886,4.983978520947208,0.0,14.99386983910109,94.9375551669771,161.18354897063193,86.80493750935733,37.93931863073516,97.08103029424024,105.47017544109752,5.409283605791522,114.91101955769255,23.303147046647155,229.99142304376127,33.35094872352818,162.2099745634452,0.0,17.186409941251373,95.9560269682194,0.0,11.49902366656781,0.0,268.21352203477716,92.80680706870956,17.24509569811431,152.60133797879632,134.0012875955059,0.0,16.590311206764618,0.0,690.61,192.30497682172748,63.57694423600921,28.76722310443093,137.7817112643002,39.03017751513951,11.720243422189638,64.67064106057346,98.90708986099528,13.847474399381248,116.69344901879204,21.613481513915943,5.243418705100751,0.0,226.0526173323396,102.14675599754835,13.772639214337785,-14.79886501751126,8.17473905919265,-0.5789023275078449,14.829717811556977,1.4912125582762918,0.4725274725274725,136,26,45,0,0,0,15,4,3,7,14,0,26,24,45,3,57,0,0,0,0,0,43.32385096610766,7,-2.25343000000001,496.3611000000011,0,3,3,0,0,7,2,1,0,0,15,15,0,0,0,5,18,2,0,0,0,2,0,0,0,0,0,15,0,0,0,0,0,0,4,0,1,0,0,0,0,1,0,1,0,0,0,1,0,0,0,0,0,0,0,1,0,0,0,0,0,0,0,0,1,1,1,0,0,0,0,1,0,0,0,0,0,0,0,1,0,0,0,2,0,CHEMBL1689395,C=C(C)C(=O)NCCCC[C@H](NC(=O)[C@H](Cc1ccccc1)NC(=O)[C@@H](NC(=O)[C@H](CC(C)C)NC(C)=O)[C@@H](C)O)C(=O)N[C@@H](Cc1cnc[nH]1)C(=O)N[C@@H](Cc1ccc(O)cc1)C(=O)N[C@@H](Cc1c[nH]c2ccccc12)C(=O)N[C@@H](CCCCNC(=O)c1nnn(-c2ccc(OC)cc2)n1)C(=O)N[C@@H](CCCNC(=N)N)C(=O)N[C@@H](CC(C)C)C(=O)N[C@H](C(=O)N[C@@H](CO)C(N)=O)[C@@H](C)O,71.0,1.8512583487190752,CHEMBL5023,p53-binding protein Mdm-2,1
15.591048156886286,15.591048156886286,0.0001861163831653,-1.827707997564871,0.0132761447360075,24.49264705882353,1969.48,1823.319999999999,1968.0147516599989,760,0,0.3029356715703366,-0.4812292624533588,0.4812292624533588,0.3029356715703366,0.5441176470588235,1.0735294117647058,1.661764705882353,33.11461845149194,9.997736076116032,2.4745110221339304,-2.3337129494065887,2.3005639485035982,-2.6112933165302064,8.762961204344737,-0.1479291150884819,1.643534272960613,1.48086340501709,4276.680090084226,100.5787418599798,79.44953233004641,81.8990220728296,64.62186324041201,47.14171831595521,51.02359903778514,36.27845185850281,39.89125012511763,24.15673670099087,27.24738723286423,16.89502935795973,19.6223801212193,-10.649999999999997,7.991744227147484e+41,114.07588494374052,58.169027613881745,36.360678308313055,805.9014414530802,127.18240407782072,102.7112940955153,5.959554568743835,106.32923512832714,0.0,5.969305287951848,96.50549010315618,0.0,11.761884949391115,0.0,93.46205449322522,190.1762965134014,63.994869688599096,6.606881964512918,101.30926128704608,151.6077758871874,5.409283605791522,94.03467937949056,40.68838804713292,305.7800890203385,75.93450680965272,35.89528683400505,0.0,0.0,97.3697103647374,0.0,0.0,33.34968090216456,326.7165896032742,97.51702812029066,23.163001744275704,202.2114247935943,30.33183534230805,0.0,0.0,0.0,674.0999999999999,239.74994627472375,67.74750099854327,33.561760288502754,184.226687783108,37.667559606327046,21.587795952773444,45.20899827217426,78.13002772396318,0.0,74.43504045608864,28.343953514440265,0.0,1.3322939916693723,279.8268785823381,65.97512568845468,23.610175442985728,-17.788150739685705,-15.526831666015989,3.1222708063211355,12.645824624342792,1.9690799362565996,0.7078651685393258,136,25,44,0,5,5,18,1,0,1,17,0,26,21,47,5,39,0,5,5,0,0,48.79178898066499,6,-3.3146299999999647,509.9247000000012,1,1,1,0,0,0,0,0,1,1,19,18,0,0,0,4,15,4,0,0,3,0,0,0,0,0,0,18,0,0,0,0,0,0,1,0,1,0,0,0,0,0,0,1,0,0,0,0,0,0,0,0,0,0,0,0,0,0,0,0,0,0,0,0,0,0,0,0,0,0,0,1,0,0,0,1,0,0,0,0,0,0,0,2,0,CHEMBL3335450,CSCC[C@H](NC(=O)[C@@H]1CCCN1C(=O)[C@@H](NC(C)=O)C(C)C)C(=O)N[C@H]1CCSSC[C@@H](C(=O)N[C@@H](CCCCN)C(=O)N2CCC[C@H]2C(=O)N2CCC[C@H]2C(=O)N[C@@H](CCC(=O)O)C(N)=O)NC(=O)[C@H](Cc2ccccc2)NC(=O)[C@H](CO)NC(=O)[C@H](C)NC(=O)[C@@H]2CCCN2C(=O)[C@H](CC(C)C)NC(=O)[C@H](CCCCN)NC(=O)[C@H](CCCNC(=N)N)NC(=O)[C@H](CC(C)C)NC1=O,1500.0,3.1760912590556813,CHEMBL3430909,Transcriptional coactivator YAP1/Transcriptional enhancer factor TEF-1,1
15.412496036536115,15.412496036536115,0.0050621780615212,-2.002243827399539,0.007443748768396,15.758169934640524,2214.659000000001,2069.506999999999,2212.9791114879986,840,0,0.3029356726839523,-0.5079666451556014,0.5079666451556014,0.3029356726839523,0.4509803921568627,0.8823529411764706,1.3660130718954249,32.12022048503639,9.997409743116975,2.435382598929055,-2.3025263047714097,2.241470159142635,-2.622720907602756,7.803711686863055,-0.1424419088422702,1.68060495939704,1.2214419120349125,5578.426682865461,113.5783773810503,85.60186756405824,89.17957632805792,72.47243888636002,49.72511452989553,52.254936658030225,37.76504910077501,39.225642587455454,24.403862396965337,25.89270020848862,16.223626096192703,17.16077814361537,-14.369999999999992,2.3801366284919397e+48,127.28965870584577,64.46940068970304,43.00665221999544,904.1493223882144,154.97486008834778,108.4608059287992,5.959554568743835,118.14359458703017,0.0,5.969305287951848,106.09456447129983,4.983978520947208,50.515156592051966,0.0,88.35861948337862,137.74653643027855,97.92246905167558,30.587876909435273,116.00486305003044,191.4905359678588,5.409283605791522,110.23725156179977,46.2378169552959,271.97431372322353,42.64568364472488,119.96806157793112,0.0,5.749511833283905,124.78741113108076,0.0,5.749511833283905,50.515156592051966,322.7466668790766,126.36856735721236,17.24509569811431,153.81820838904736,97.58377910799165,0.0,10.902924932081056,0.0,851.35,288.0364555074964,96.82671431374312,19.178148736287287,126.27807540871476,39.70802902494651,11.823646930541102,43.71336911991469,88.48909598653009,0.0,155.8524984230012,39.81128846876464,0.0,16.976540079521705,305.23255612919337,83.26110729892476,35.65634685413323,-24.163761144872232,-7.66162411448616,-1.3309827972950776,9.252039917102753,0.0,0.5360824742268041,153,35,52,0,1,1,20,3,2,5,19,0,31,33,56,3,67,0,1,1,0,0,53.635869351390305,6,-6.962329999999939,571.8898000000019,1,1,1,0,0,3,2,1,1,1,21,20,0,0,0,2,20,6,0,0,1,2,4,0,0,0,0,20,0,0,0,0,0,0,3,0,1,0,0,0,0,0,0,1,0,0,0,1,0,0,0,0,0,0,0,0,0,0,0,0,0,0,0,0,1,1,1,0,0,0,0,3,0,0,0,0,0,0,0,0,0,0,0,1,0,CHEMBL5267883,CC(C)C[C@H](NC(=O)[C@H](CS)NC(=O)[C@H](CCCNC(=N)N)NC(=O)[C@H](Cc1c[nH]c2ccccc12)NC(=O)[C@H](Cc1ccc(O)cc1)NC(=O)[C@H](CS)NC(=O)[C@H](CC(C)C)NC(=O)[C@H](Cc1ccccc1)NC(=O)[C@@H](NC(=O)[C@H](CCC(=O)O)NC(=O)[C@@H]1CCCN1C(=O)[C@H](C)NC(=O)[C@H](CCCCN)NC(=O)[C@H](CS)NC(=O)[C@H](CC(N)=O)NC(=O)[C@@H](N)CS)[C@@H](C)O)C(=O)N[C@@H](CCC(N)=O)C(=O)N[C@@H](Cc1c[nH]cn1)C(N)=O,11.4,1.0569048513364727,CHEMBL2221344,Tumour suppressor protein p53/Mdm4,1
15.194856018544312,15.194856018544312,0.0441702784191027,-1.5111315888377488,0.0158115585535706,21.48936170212766,1308.5139999999997,1218.801999999999,1307.6887239079997,510,0,0.2456755447164284,-0.3936790815918555,0.3936790815918555,0.2456755447164284,0.6914893617021277,1.3404255319148937,2.0106382978723403,16.25622571657889,10.009147585757622,2.421506406552665,-2.314035690281546,2.238991811674968,-2.6049925753138092,5.998469642694436,-0.1430873178962761,1.657667925246252,1.3354521779273043,3270.9243883793224,68.59634315471334,52.97964933235429,52.97964933235429,44.84246215973637,31.459675281599015,31.459675281599015,23.548128770838954,23.548128770838954,16.357874267463657,16.357874267463657,11.37325391831578,11.37325391831578,-10.140000000000004,1.2374551768904503e+22,72.91755504907765,35.61572164129929,21.478058323437185,542.8804716789598,95.57600245304508,66.46024912062755,11.91910913748767,70.88615675221807,0.0,0.0,68.35301342044491,0.0,0.0,0.0,60.68297676136064,101.66978230342298,63.04417457288707,6.606881964512918,62.64097360370256,93.70819082178684,10.818567211583044,73.26847262671781,17.201002431486554,170.7021418177376,32.78590758816322,84.07309038482934,0.0,0.0,75.68567707555621,0.0,0.0,0.0,201.94174797598535,70.37608945471388,10.818567211583044,102.527152434652,72.94618740143534,0.0,10.902924932081056,0.0,505.42999999999984,143.95328783735854,53.05189923555892,9.589074368143644,102.30635099039807,41.29229278425308,6.923737199690624,23.647293861082204,72.94618740143534,0.0,63.46865316501686,28.0195696430696,0.0,0.0,173.59445374133998,54.51844198566952,18.422713947283658,-9.85812369872795,1.5911855229907956,5.831790125008871,3.566205043101837,0.0,0.5161290322580645,94,21,32,0,3,3,12,2,1,3,11,0,15,18,32,4,26,0,2,2,0,0,27.627780248851774,6,-3.897760000000029,343.58980000000054,0,1,1,0,0,1,1,0,0,0,12,12,0,0,0,2,14,3,0,0,1,1,0,0,0,0,1,12,0,0,0,0,0,0,2,0,2,0,0,0,0,0,0,2,0,0,0,0,0,0,0,0,0,0,0,0,0,0,0,0,0,0,0,0,1,0,0,0,0,0,0,1,0,0,0,0,0,0,0,0,0,0,0,0,0,CHEMBL4781519,CC(=O)N[C@@H](CO)C(=O)N[C@@H](C)C(=O)N[C@@H](CCCNC(=N)N)C(=O)N[C@@H](Cc1c[nH]c2ccccc12)C(=O)N[C@H]1C/C=C\CC[C@@H](C(=O)N2CCC[C@H]2C(=O)N[C@@H](CCCNC(=N)N)C(N)=O)NC(=O)[C@H](C)NC(=O)[C@@H]2CCCN2C(=O)[C@H](Cc2ccccc2)NC1=O,3000.0,3.4771212547196626,CHEMBL2093861,Menin/Histone-lysine N-methyltransferase MLL,1
15.718894443021362,15.718894443021362,0.0089990251828835,-1.8363479531869351,0.0148553778514417,24.064285714285713,2019.9020000000016,1874.7499999999989,2018.0037083079987,776,0,0.3029356715703366,-0.4812292624533588,0.4812292624533588,0.3029356715703366,0.5428571428571428,1.0857142857142856,1.6857142857142855,35.495698703607374,10.002169739847416,2.474957474161273,-2.333712113557595,2.302720630155022,-2.611066961724366,8.762960192385531,-0.1479291165640627,1.6461455051052885,1.3430235022758,4607.664048174441,102.98451925391564,80.85840610134721,83.24732820922111,66.67750613307783,48.4528556753838,51.31885402010561,36.84024718468829,39.90388267212159,25.03841585001897,27.737092146372465,17.42872926386404,19.81066366400232,-11.490000000000004,1.988074724468691e+43,115.48252463683336,58.66643701526754,36.23754615655995,828.4088076318677,127.18240407782072,102.7112940955153,5.959554568743835,106.32923512832714,0.0,5.969305287951848,96.50549010315618,0.0,0.0,0.0,123.1136345665424,183.52513168267603,75.43832462526643,6.606881964512918,101.30926128704608,151.44683082802877,5.409283605791522,94.03467937949056,34.770482000971526,311.69799506649997,63.92588401939451,70.74683991328982,0.0,0.0,97.3697103647374,0.0,0.0,33.18873584300596,314.707966813016,103.93784974321667,17.24509569811431,207.27196070852665,54.59730361615449,5.022633313741326,0.0,0.0,674.1,251.58575836704657,67.74750099854327,33.561760288502754,160.72011603787703,61.09528765761739,21.587795952773444,33.44711332278316,82.292252414917,6.923737199690624,74.43504045608864,39.94489340467278,0.0,6.372710496431434,281.38680754858404,66.40617450738702,24.11566819599645,-18.209362831255845,-9.679349830077024,1.8359812461622669,10.780295407138816,1.935519704077329,0.6559139784946236,140,25,44,0,5,5,18,2,0,2,17,0,25,21,47,5,39,0,5,5,0,0,48.39248755693475,7,-2.0275299999999827,522.1517000000014,1,1,1,0,0,0,0,0,1,1,19,18,0,0,0,4,15,4,0,0,3,0,0,0,0,0,0,18,0,0,0,0,0,0,2,0,1,0,0,0,0,0,0,1,1,0,0,0,0,0,0,0,0,0,0,0,0,0,0,0,0,0,0,0,0,0,0,0,0,0,0,1,0,0,0,0,0,0,0,0,0,0,0,3,0,CHEMBL3335462,CCCC[C@@H]1NC(=O)[C@H](CCCCN)NC(=O)[C@H](CCCNC(=N)N)NC(=O)[C@H](CC(C)C)NC(=O)[C@@H](NC(=O)[C@H](Cc2ccc(Cl)cc2)NC(=O)[C@@H]2CCCN2C(=O)[C@@H](NC(C)=O)C(C)C)CCSSC[C@@H](C(=O)N[C@@H](CCCCN)C(=O)N2CCC[C@H]2C(=O)N2CCC[C@H]2C(=O)N[C@@H](CCC(=O)O)C(N)=O)NC(=O)[C@H](Cc2ccccc2)NC(=O)[C@H](CO)NC(=O)[C@H](C)NC(=O)[C@@H]2CCCN2C1=O,530.0,2.724275869600789,CHEMBL3430909,Transcriptional coactivator YAP1/Transcriptional enhancer factor TEF-1,1
15.586568363591558,15.586568363591558,0.0126413222555727,-1.8879148527885157,0.0134476180069777,24.364963503649633,1987.4700000000016,1842.317999999999,1986.0053298479988,766,0,0.3029356715703366,-0.4812292624533588,0.4812292624533588,0.3029356715703366,0.5693430656934306,1.1094890510948905,1.7007299270072993,33.11461862675991,10.004711063263644,2.4740659777425527,-2.3337127609708537,2.300527467593748,-2.6109839986409464,8.762961814009138,-0.1479291203375767,1.672602847965458,1.4877883737225166,4320.38160558545,101.28584864116635,79.58700982704947,82.03649956983267,65.15986804287279,47.385542107326245,51.26742282915618,35.93199889422443,39.54479716083923,24.36641519233854,27.45706572421193,16.874170322314043,19.601521085573605,-10.720000000000002,9.17303077063502e+41,115.00081722140712,58.88225704979944,36.859085401685306,810.0669768560065,127.18240407782072,108.5285149365612,5.959554568743835,106.32923512832714,0.0,5.969305287951848,96.50549010315618,4.39041504767482,11.761884949391115,0.0,81.18085933400181,196.3911246041632,63.99486968859909,6.606881964512918,105.69967633472088,151.60777588718736,5.409283605791522,94.03467937949056,34.770482000971526,311.69799506649997,75.93450680965272,35.646140606589334,0.0,0.0,97.3697103647374,4.39041504767482,0.0,33.34968090216456,326.71658960327426,97.51702812029066,23.062316539160204,208.12933083975565,24.26546827384644,0.0,0.0,0.0,674.1,263.8238008310185,72.1379160462181,33.561760288502754,172.03642113632085,38.524929737556064,33.720530089696666,57.34173240909748,33.9507179822739,6.923737199690624,74.43504045608864,28.343953514440265,14.696366160393657,1.3209932243937197,279.6480985387988,65.62383494777744,23.352399464411704,-18.786831254283555,-19.51846836494677,3.581734086433601,10.68529414165148,1.896579055369919,0.7078651685393258,137,25,44,0,5,5,18,1,0,1,17,0,26,21,48,5,40,0,5,5,0,0,49.42706336180946,6,-3.0314299999999648,509.95270000000136,1,1,1,0,0,0,0,0,1,1,19,18,0,0,0,4,15,4,0,0,3,0,0,0,0,0,0,18,0,0,0,0,0,0,1,0,1,0,0,0,0,0,0,1,1,0,0,0,0,0,0,0,0,0,0,0,0,0,0,0,0,0,0,0,0,0,0,0,0,0,0,1,0,0,0,1,0,0,0,0,0,0,0,3,0,CHEMBL3335463,CCCC[C@@H]1NC(=O)[C@H](CCCCN)NC(=O)[C@H](CCCNC(=N)N)NC(=O)[C@H](CC(C)C)NC(=O)[C@@H](NC(=O)[C@H](CCSC)NC(=O)[C@@H]2CCCN2C(=O)[C@@H](NC(C)=O)C(C)C)CCSSC[C@@H](C(=O)N[C@@H](CCCCN)C(=O)N2CCC[C@H]2C(=O)N2CCC[C@H]2C(=O)N[C@@H](CCC(=O)O)C(N)=O)NC(=O)[C@H](Cc2ccc(F)cc2)NC(=O)[C@H](CO)NC(=O)[C@H](C)NC(=O)[C@@H]2CCCN2C1=O,75.0,1.8750612633917,CHEMBL3430909,Transcriptional coactivator YAP1/Transcriptional enhancer factor TEF-1,1
