MaxAbsEStateIndex,MaxEStateIndex,MinAbsEStateIndex,MinEStateIndex,qed,SPS,MolWt,HeavyAtomMolWt,ExactMolWt,NumValenceElectrons,NumRadicalElectrons,MaxPartialCharge,MinPartialCharge,MaxAbsPartialCharge,MinAbsPartialCharge,FpDensityMorgan1,FpDensityMorgan2,FpDensityMorgan3,BCUT2D_MWHI,BCUT2D_MWLOW,BCUT2D_CHGHI,BCUT2D_CHGLO,BCUT2D_LOGPHI,BCUT2D_LOGPLOW,BCUT2D_MRHI,BCUT2D_MRLOW,AvgIpc,BalabanJ,BertzCT,Chi0,Chi0n,Chi0v,Chi1,Chi1n,Chi1v,Chi2n,Chi2v,Chi3n,Chi3v,Chi4n,Chi4v,HallKierAlpha,Ipc,Kappa1,Kappa2,Kappa3,LabuteASA,PEOE_VSA1,PEOE_VSA10,PEOE_VSA11,PEOE_VSA12,PEOE_VSA13,PEOE_VSA14,PEOE_VSA2,PEOE_VSA3,PEOE_VSA4,PEOE_VSA5,PEOE_VSA6,PEOE_VSA7,PEOE_VSA8,PEOE_VSA9,SMR_VSA1,SMR_VSA10,SMR_VSA2,SMR_VSA3,SMR_VSA4,SMR_VSA5,SMR_VSA6,SMR_VSA7,SMR_VSA8,SMR_VSA9,SlogP_VSA1,SlogP_VSA10,SlogP_VSA11,SlogP_VSA12,SlogP_VSA2,SlogP_VSA3,SlogP_VSA4,SlogP_VSA5,SlogP_VSA6,SlogP_VSA7,SlogP_VSA8,SlogP_VSA9,TPSA,EState_VSA1,EState_VSA10,EState_VSA11,EState_VSA2,EState_VSA3,EState_VSA4,EState_VSA5,EState_VSA6,EState_VSA7,EState_VSA8,EState_VSA9,VSA_EState1,VSA_EState10,VSA_EState2,VSA_EState3,VSA_EState4,VSA_EState5,VSA_EState6,VSA_EState7,VSA_EState8,VSA_EState9,FractionCSP3,HeavyAtomCount,NHOHCount,NOCount,NumAliphaticCarbocycles,NumAliphaticHeterocycles,NumAliphaticRings,NumAmideBonds,NumAromaticCarbocycles,NumAromaticHeterocycles,NumAromaticRings,NumAtomStereoCenters,NumBridgeheadAtoms,NumHAcceptors,NumHDonors,NumHeteroatoms,NumHeterocycles,NumRotatableBonds,NumSaturatedCarbocycles,NumSaturatedHeterocycles,NumSaturatedRings,NumSpiroAtoms,NumUnspecifiedAtomStereoCenters,Phi,RingCount,MolLogP,MolMR,fr_Al_COO,fr_Al_OH,fr_Al_OH_noTert,fr_ArN,fr_Ar_COO,fr_Ar_N,fr_Ar_NH,fr_Ar_OH,fr_COO,fr_COO2,fr_C_O,fr_C_O_noCOO,fr_C_S,fr_HOCCN,fr_Imine,fr_NH0,fr_NH1,fr_NH2,fr_N_O,fr_Ndealkylation1,fr_Ndealkylation2,fr_Nhpyrrole,fr_SH,fr_aldehyde,fr_alkyl_carbamate,fr_alkyl_halide,fr_allylic_oxid,fr_amide,fr_amidine,fr_aniline,fr_aryl_methyl,fr_azide,fr_azo,fr_barbitur,fr_benzene,fr_benzodiazepine,fr_bicyclic,fr_diazo,fr_dihydropyridine,fr_epoxide,fr_ester,fr_ether,fr_furan,fr_guanido,fr_halogen,fr_hdrzine,fr_hdrzone,fr_imidazole,fr_imide,fr_isocyan,fr_isothiocyan,fr_ketone,fr_ketone_Topliss,fr_lactam,fr_lactone,fr_methoxy,fr_morpholine,fr_nitrile,fr_nitro,fr_nitro_arom,fr_nitro_arom_nonortho,fr_nitroso,fr_oxazole,fr_oxime,fr_para_hydroxylation,fr_phenol,fr_phenol_noOrthoHbond,fr_phos_acid,fr_phos_ester,fr_piperdine,fr_piperzine,fr_priamide,fr_prisulfonamd,fr_pyridine,fr_quatN,fr_sulfide,fr_sulfonamd,fr_sulfone,fr_term_acetylene,fr_tetrazole,fr_thiazole,fr_thiocyan,fr_thiophene,fr_unbrch_alkane,fr_urea,chembl_id,smiles,ic50_value,log_ic50,target_chembl_id,target_name,KMeansCluster,ChemicalClass
12.283508921717344,12.283508921717344,0.155892276949221,-0.4485757327622408,0.5991752523252547,10.035714285714286,376.4160000000001,356.2560000000002,376.1535405,142,0,0.3244521609433079,-0.4850170323722791,0.4850170323722791,0.3244521609433079,0.8571428571428571,1.5357142857142858,2.2142857142857144,16.478510467162504,10.21970466445741,2.0949540419347383,-2.1220613152386334,2.2233887320262866,-2.2027659651307405,5.997606717485278,-0.113739023778577,2.690764500657062,1.5978139293825016,943.3792237650928,19.769373945685235,15.307268478353608,15.307268478353608,13.59735678832402,8.673799257211378,8.673799257211378,5.962079294148976,5.962079294148976,3.702926541291351,3.702926541291351,2.4462594190394085,2.4462594190394085,-3.8699999999999983,2309838.3518280433,18.90731100744621,9.178720830255225,5.566695805918511,162.31118395057644,15.370440161812713,6.606881964512918,11.567374611118932,5.907179729351506,0.0,6.031114512338072,10.111325788078153,9.778515705019029,0.0,0.0,30.33183534230805,41.96165390246666,24.495353320670823,0.0,14.325937321943693,29.13092956889173,0.0,4.983978520947208,0.0,13.530619164203545,15.950365812018994,78.49033281638779,0.0,5.749511833283905,20.687228765819043,21.987172511273975,5.749511833283905,0.0,16.922272762636787,11.40141914858474,0.0,12.48718869138762,72.9268813246908,0.0,0.0,0.0,92.35,6.031114512338072,9.589074368143644,0.0,5.907179729351506,29.549029124998977,5.563451491696996,6.923737199690624,42.595045982382736,30.33183534230805,20.9343443329662,4.736862953800049,5.7817849240845,0.0,27.503584737694535,8.066189015408192,2.2454483501327633,0.6434658758874678,19.54665511349737,1.576600374918307,1.8029382750435303,0.0,0.0952380952380952,28,3,7,0,0,0,3,2,1,3,0,0,4,3,7,1,6,0,0,0,0,0,6.1980331924343,3,4.263000000000003,108.3981,0,0,0,0,0,1,0,0,0,0,2,2,0,0,0,1,3,0,0,0,0,0,0,0,0,0,0,3,0,3,0,0,0,0,2,0,0,0,0,0,0,1,0,0,0,0,0,0,0,0,0,0,0,0,0,0,0,0,0,0,0,0,0,0,0,0,0,0,0,0,0,0,0,1,0,0,0,0,0,0,0,0,0,0,1,CHEMBL201113,CC(=O)Nc1ccc(NC(=O)Nc2ncccc2OCc2ccccc2)cc1,1437.0,3.157456768134226,CHEMBL1949,Cyclophilin A,0,Medium-Polar-Aromatic-Rigid-Hydrophobic
12.209400982615268,12.209400982615268,0.0853212396069535,-0.6811002981439487,0.6526187814649232,10.61904761904762,287.315,270.179,287.115758024,110,0,0.2590803603585191,-0.5039634530987352,0.5039634530987352,0.2590803603585191,1.0,1.619047619047619,2.1904761904761907,16.329006179705956,9.974214843335837,2.219956795818294,-2.1425057282094406,2.4258454339976865,-2.12428697016755,6.066891332955314,0.1018720998767099,2.452480009860934,2.413558761603606,665.7223484068309,15.568549621822845,11.79134096129112,11.79134096129112,9.913591357920934,6.556354083168519,6.556354083168519,5.034024983799257,5.034024983799257,3.1752952246611374,3.1752952246611374,2.0017548521235193,2.0017548521235193,-2.6899999999999995,45753.46706396558,14.71356568844182,5.745465897633071,2.914720739641738,122.0423513233873,20.63637078852845,0.0,11.49902366656781,5.749511833283905,5.907179729351506,0.0,4.794537184071822,0.0,0.0,0.0,32.046575604766076,24.117007251546223,11.250837766380558,5.563451491696996,20.11411936859394,11.594566004035068,0.0,0.0,0.0,19.76538044554264,5.316788604006331,47.52510539416365,0.0,17.248535499851716,5.316788604006331,5.687386274683562,17.248535499851716,0.0,21.226761913873624,0.0,0.0,35.68682061300845,36.39820241076966,0.0,0.0,0.0,89.79,23.15571522920322,20.11411936859394,0.0,11.48135753785839,11.250837766380558,0.0,6.06636706846161,24.26546827384644,19.913841467842857,5.316788604006331,0.0,0.0,0.0,12.209400982615268,32.03727538084411,0.8767837721508365,-2.38964889350802,10.14630497104974,0.0,3.6198837868480727,0.0,0.1875,21,4,5,0,0,0,1,2,0,2,0,0,4,4,5,0,3,0,0,0,0,0,4.025537614072692,2,3.1791000000000023,79.92060000000002,0,0,0,0,0,0,0,3,0,0,1,1,0,0,0,0,1,0,0,0,0,0,0,0,0,0,0,1,0,1,0,0,0,0,2,0,0,0,0,0,0,0,0,0,0,0,0,0,0,0,0,0,0,0,0,0,0,0,0,0,0,0,0,0,1,3,3,0,0,0,0,0,0,0,0,0,0,0,0,0,0,0,0,0,0,CHEMBL214839,CC(C)c1cc(C(=O)Nc2ccccc2)c(O)c(O)c1O,7000.0,3.845098040014257,CHEMBL4860,Apoptosis regulator Bcl-2,0,Medium-Polar-Aromatic-Rigid-Hydrophobic
13.055391392668175,13.055391392668175,0.0077834467120185,-3.933969671201813,0.6910851922585154,11.25925925925926,388.4450000000001,368.28500000000014,388.10929273999994,142,0,0.2652329338410688,-0.4953173806515341,0.4953173806515341,0.2652329338410688,1.0,1.7037037037037035,2.3333333333333335,32.23327235998884,10.04296743173153,2.231788714579801,-2.145594492958921,2.345996433160834,-2.145541874087758,7.924482444177632,0.3933099803408377,2.9942552383541456,2.0989755672454087,1053.954106739247,19.604083527755577,15.43815522261052,16.254651803538245,12.868540487709597,8.142015764907963,9.625179012502356,5.870591410694534,7.521415536940467,4.126483111088028,5.513190606123496,2.8660346628527553,4.132490787632716,-3.0,1244714.8968390566,18.7810650887574,7.3188691650230115,3.6108935564257743,157.508422075041,13.996820844573444,22.154754560960026,0.0,0.0,10.023291153407584,0.0,4.722094864452088,8.417796984328938,0.0,0.0,23.355764462510276,43.67639416492468,5.563451491696996,25.60090935208709,22.414617828902383,15.710677428091143,0.0,5.156663257125445,0.0,18.742957874899023,18.941689947007156,53.91874489295417,0.0,22.6259266499618,14.195820772052189,5.687386274683562,11.49902366656781,0.0,27.79405532400945,10.023291153407584,13.847474399381248,11.454175413722902,51.883147891722395,0.0,11.126902983393991,0.0,90.66,10.023291153407584,8.417796984328938,0.0,10.64499530880168,28.454525013387368,5.563451491696996,14.219595082555069,56.31204387861251,0.0,9.878758121577532,13.996820844573444,44.35251163025153,0.0,0.0077834467120185,3.92954228084459,2.4466148174783644,1.2578987523486087,11.706512089518492,0.0,3.581491674978327,-1.0323546921319278,0.2105263157894736,27,1,7,0,0,0,0,2,1,3,0,0,6,1,8,1,6,0,0,0,0,0,5.090968820903582,3,3.776440000000002,101.76750000000004,0,0,0,0,0,1,0,0,0,0,0,0,0,0,0,1,1,0,0,0,0,0,0,0,0,0,0,0,0,1,2,0,0,0,2,0,0,0,0,0,0,2,0,0,0,0,0,0,0,0,0,0,0,0,0,2,0,0,0,0,0,0,0,0,2,0,0,0,0,0,0,0,0,0,0,0,1,0,0,0,0,0,0,0,0,CHEMBL2181731,COc1ccccc1NS(=O)(=O)c1cc(-c2c(C)noc2C)ccc1OC,4900.0,3.690196080028514,CHEMBL1293289,Bromodomain-containing protein 2,0,Medium-Polar-Aromatic-Rigid-Hydrophobic
13.001607851473924,13.001607851473924,0.0188147203325779,-3.90191184807256,0.6910851922585154,11.25925925925926,388.4450000000001,368.28500000000014,388.10929273999994,142,0,0.2651092765131277,-0.4966873930636044,0.4966873930636044,0.2651092765131277,1.037037037037037,1.8148148148148149,2.4444444444444446,32.233272342074386,10.042967756503732,2.2240052031738475,-2.1348324432219083,2.337564468051783,-2.1398693683512566,7.924384192296251,0.3933089517125804,2.9904056318402694,2.065284860836064,1053.9541067392472,19.604083527755577,15.43815522261052,16.254651803538245,12.851703735303987,8.136032700764257,9.619195948358648,5.902263711879784,7.553087838125716,4.097141306438163,5.499637859055425,2.834026195922129,4.079601894357923,-2.999999999999999,1213156.727941856,18.7810650887574,7.3188691650230115,3.751109467455622,157.50842207504104,13.996820844573444,22.154754560960026,0.0,0.0,10.023291153407584,0.0,4.722094864452088,8.417796984328938,0.0,0.0,17.289397394048667,43.67639416492468,11.629818560158606,25.60090935208709,22.414617828902383,15.710677428091143,0.0,5.156663257125445,0.0,18.742957874899023,18.941689947007156,53.91874489295417,0.0,22.6259266499618,14.195820772052189,5.687386274683562,11.49902366656781,0.0,27.79405532400945,10.023291153407584,13.847474399381248,11.454175413722902,51.883147891722395,0.0,11.126902983393991,0.0,90.66,10.023291153407584,8.417796984328938,0.0,10.64499530880168,28.454525013387368,5.563451491696996,14.219595082555069,56.31204387861252,0.0,9.878758121577532,13.996820844573444,44.156499854513854,0.0,0.0188147203325779,3.928596492949501,2.508764233501788,1.3975118835923317,11.613771754773738,0.0,3.5842947052813576,-0.9582536449451458,0.2105263157894736,27,1,7,0,0,0,0,2,1,3,0,0,6,1,8,1,6,0,0,0,0,0,5.090968820903582,3,3.7764400000000022,101.7675,0,0,0,0,0,1,0,0,0,0,0,0,0,0,0,1,1,0,0,0,0,0,0,0,0,0,0,0,0,1,2,0,0,0,2,0,0,0,0,0,0,2,0,0,0,0,0,0,0,0,0,0,0,0,0,2,0,0,0,0,0,0,0,0,0,0,0,0,0,0,0,0,0,0,0,0,1,0,0,0,0,0,0,0,0,CHEMBL2181733,COc1cccc(NS(=O)(=O)c2cc(-c3c(C)noc3C)ccc2OC)c1,4700.0,3.6720978579357175,CHEMBL1795186,Bromodomain-containing protein 3,0,Medium-Polar-Aromatic-Rigid-Hydrophobic
11.144341739042318,11.144341739042318,0.2199320328707952,-0.2199320328707952,0.8025239108582667,10.454545454545457,294.314,280.202,294.111675688,110,0,0.2294252690618539,-0.3603459839832483,0.3603459839832483,0.2294252690618539,1.181818181818182,1.9545454545454544,2.6818181818181817,16.460061118184367,10.037217297931846,2.177791866084245,-2.045541554057245,2.32618874809427,-2.089158031670813,5.870320247786727,-0.1137809185647865,2.8935899459995067,2.09230285906362,812.0229456393735,15.526733258565956,12.199589251754984,12.199589251754984,10.647867045540842,6.776140627497102,6.776140627497102,4.775066740776445,4.775066740776445,3.1095062338693777,3.1095062338693777,2.18247036367918,2.18247036367918,-3.0199999999999996,148915.71298091862,13.940059105726002,5.767688568006868,2.7127242911100367,126.75643167115236,4.523094936973348,11.454175413722902,0.0,11.855519010338,0.0,0.0,10.111325788078153,9.967957041894415,0.0,0.0,35.4884985994335,12.990104268152232,18.684032263000695,11.257379486545457,9.31763212104517,11.855519010338,0.0,15.12462029901986,0.0,13.847474399381248,5.316788604006331,48.35529340125718,0.0,22.514758973090913,5.316788604006331,5.948339280986494,0.0,0.0,21.031800028371364,4.794537184071822,6.923737199690624,12.683984618565066,47.11814091935609,0.0,22.514758973090913,0.0,80.91000000000001,0.0,4.794537184071822,0.0,11.855519010338,17.148103408571362,11.126902983393991,6.923737199690624,12.263210640074686,37.255572541998674,20.44140890302619,4.523094936973348,5.32767896510456,0.0,19.53108383402846,6.7038474741748555,3.0936754115226344,0.6929751330820062,11.48420662770771,1.592083333333333,3.24111588771311,0.0,0.125,22,1,6,0,0,0,1,1,2,3,0,0,5,1,6,2,3,0,0,0,0,0,3.6546327064289046,3,3.065420000000002,82.00570000000003,0,0,0,0,0,3,0,0,0,0,1,1,0,0,0,3,1,0,0,0,0,0,0,0,0,0,0,1,0,1,1,0,0,0,1,0,0,0,0,0,0,0,0,0,0,0,0,0,0,0,0,0,0,0,0,0,0,0,0,0,0,0,0,0,0,0,0,0,0,0,0,0,0,0,0,0,0,0,0,0,0,0,0,0,0,CHEMBL2430324,CC(=O)Nc1nccc(-c2c(-c3ccccc3)noc2C)n1,838.4,2.9234512696396515,CHEMBL4484,Casein kinase I delta,0,Medium-Polar-Aromatic-Rigid-Hydrophobic
11.990932397143686,11.990932397143686,0.2379375928360971,-0.3123248690609796,0.7525877324309685,10.347826086956522,374.194,362.098,373.006203344,116,0,0.2909149943596763,-0.4799196804648529,0.4799196804648529,0.2909149943596763,1.0869565217391304,1.8695652173913044,2.4347826086956523,79.91873132707983,10.123352314057025,2.1043544617623096,-2.0507776214050577,2.209296151168469,-2.1010412149728177,9.1019832070172,0.0995211275443218,3.0226166576402576,1.7211257169585608,813.346679568723,16.233840039752504,12.11593868891774,13.701935228032443,11.152198343190411,6.703675113487999,7.496673383045351,4.596167898378895,5.377745850662331,3.0847408122236035,3.510943662686516,1.936205292077673,2.242762459621329,-2.6700000000000004,266812.4176032208,15.234339880821189,6.616616965961328,3.569213569627562,140.1700316735929,14.470802494859726,0.0,10.429762861884305,5.879988336435371,5.907179729351506,0.0,4.794537184071822,0.0,0.0,10.197363616602075,12.13273413692322,46.2617792402574,17.31720483484217,12.803725536125995,13.948551074925216,27.524509901984416,0.0,10.197363616602075,0.0,0.0,12.426586145283864,58.96069940957719,0.0,17.137367822980828,10.05365155780638,5.687386274683562,5.879988336435371,15.929943897949348,23.214340887231113,0.0,0.0,10.554784602946263,57.617602927756096,0.0,11.257379486545457,0.0,77.25,0.0,4.794537184071822,0.0,11.667427148225949,16.236890054128793,11.257379486545457,0.0,37.441632883585584,18.19910120538483,31.444096118557756,9.154013890853395,10.695470058642336,3.163044619477132,11.990932397143686,10.764633051713368,2.268777867271284,0.3860221129259042,14.10738630483684,0.0,0.0,1.5404002546561162,0.0625,23,1,6,0,0,0,1,1,2,3,0,0,5,1,7,2,4,0,0,0,0,0,4.382599640028815,3,3.7600000000000025,88.3812,0,0,0,0,0,2,0,0,0,0,1,1,0,0,0,2,1,0,0,0,0,0,0,0,0,0,0,1,0,1,0,0,0,0,1,0,0,0,0,0,0,1,1,0,1,0,0,0,0,0,0,0,0,0,0,1,0,0,0,0,0,0,0,0,0,0,0,0,0,0,0,0,0,0,0,0,0,0,0,0,0,0,0,0,0,CHEMBL1523808,COc1ccc(-c2ccc(NC(=O)c3ccc(Br)o3)cc2)nn1,3383.0,3.5293019977879805,CHEMBL4374,Photoreceptor-specific nuclear receptor,0,Medium-Polar-Aromatic-Rigid-Hydrophobic
13.400791376454428,13.400791376454428,0.0271667139077853,-1.7746511637062232,0.5555491820794818,18.214285714285715,378.3590000000001,363.23900000000015,378.10158518,140,0,0.2689441062118741,-0.3629560644526538,0.3629560644526538,0.2689441062118741,1.0,1.6428571428571428,2.2857142857142856,19.142145536431425,9.933276467092442,2.491171995003172,-2.3459892208537627,2.4259633587909986,-2.437435112907778,5.999123908227861,-0.3844489680400393,2.918547341784935,1.7892926102549132,1066.523510461581,19.888540578131753,14.579660142362751,14.579660142362751,13.407739299442635,8.542547780298147,8.542547780298147,6.5395449799182765,6.5395449799182765,4.903429967373482,4.903429967373482,3.4968484625732654,3.4968484625732654,-3.58,2758237.3733953717,17.814947226624657,6.5420939834941265,2.7268102450196117,159.1686873691548,5.106527394840706,5.817220841045894,5.724985593970254,0.0,11.594566004035068,0.0,19.80876518368787,4.39041504767482,0.0,0.0,42.46456947923127,23.762552697081823,35.36784501792678,4.923311048817671,19.21479067540502,11.594566004035068,0.0,4.899909730850477,0.0,12.269741999882829,0.0,110.9817498981388,0.0,0.0,0.0,10.077801322358384,0.0,0.0,20.83692790386036,12.269741999882829,15.931539109811467,27.048343150859804,72.79640482153933,0.0,0.0,0.0,83.67999999999999,16.465517483833818,24.40579789535292,0.0,18.13932240994764,22.253805966787983,0.0,41.29811214162014,36.39820241076966,0.0,0.0,0.0,13.400791376454428,0.0,24.638669861476657,22.457977344181003,-0.0943345957210024,-0.8262450976080395,17.81264106397584,0.0,0.0271667139077853,0.0,0.0952380952380952,28,1,6,0,1,1,1,3,0,3,1,0,4,1,7,1,4,0,0,0,0,1,4.1623949666988045,4,3.583300000000002,98.8107,0,1,0,0,0,0,0,0,0,0,1,1,0,0,0,2,0,0,0,0,0,0,0,0,0,0,0,1,0,0,0,0,0,0,3,0,1,0,0,0,0,0,0,0,1,0,0,0,0,0,0,0,0,0,0,0,0,0,1,1,1,0,0,0,0,0,0,0,0,0,0,0,0,0,0,0,0,0,0,0,0,0,0,0,0,CHEMBL1688145,O=C1c2ccccc2C(O)(c2ccc(F)cc2)N1Cc1ccc([N+](=O)[O-])cc1,9500.0,3.977723605288848,CHEMBL5023,p53-binding protein Mdm-2,0,Medium-Polar-Aromatic-Rigid-Hydrophobic
12.273814751689583,12.273814751689583,0.0868521633222203,-1.0210846197273653,0.7323912791890949,11.344827586206897,392.4590000000002,368.2670000000001,392.184840628,150,0,0.338728723849129,-0.4775491490775799,0.4775491490775799,0.338728723849129,1.0689655172413792,1.7586206896551724,2.3793103448275863,16.365881955812764,9.889415918785318,2.279756779322543,-2.2102754579608037,2.28563379337975,-2.2143661974132627,5.946530181775708,0.069315207168675,3.1347315731967944,2.100323927929253,1077.6565856550503,21.344570503761737,17.171366711944522,17.171366711944522,13.591242718514907,9.206574433207836,9.206574433207836,8.035217865363077,8.035217865363077,4.4729125742516835,4.4729125742516835,3.1721207303757155,3.1721207303757155,-3.48,2684123.3137444747,20.25931432531098,7.502544653879883,4.0342083440606595,169.1691215071922,10.006437125691182,5.563451491696996,5.817862777835028,0.0,5.907179729351506,5.969305287951848,4.794537184071822,14.460318640164214,5.098681808301038,0.0,38.9703128044567,24.26546827384644,30.637237418145148,17.58469956131,14.69560176298435,11.876485017303354,0.0,19.664372995243905,0.0,26.18620206846865,14.09534396535438,65.4822440290868,0.0,17.075242264380485,0.0,0.0,0.0,0.0,50.742729372742346,5.414990469396779,0.0,47.18111694545796,48.66141305084435,0.0,17.075242264380485,0.0,88.32000000000001,11.384295757348628,14.69560176298435,0.0,11.4706312210485,22.769170259228947,5.563451491696996,11.096753302463554,36.976248105884395,45.03667987291831,10.082660329248244,0.0,1.571208585285966,0.0,30.13352482780978,13.829906670746178,2.3216360117789607,-0.5900995864425476,12.733463915116603,1.3548039667096303,5.812908737186334,3.4159802051424317,0.2727272727272727,29,1,7,0,0,0,1,1,2,3,0,0,5,1,7,2,4,0,0,0,0,0,5.241255530435656,3,3.631800000000002,110.47180000000006,0,0,0,0,1,3,0,0,1,1,2,1,0,0,0,4,0,0,0,0,0,0,0,0,0,0,0,1,0,0,0,0,0,0,1,0,0,0,0,0,0,0,0,0,0,0,0,0,0,0,0,0,0,0,0,0,0,0,0,0,0,0,0,0,0,0,0,0,0,0,0,0,0,1,0,0,0,0,0,0,0,0,0,0,0,CHEMBL5209263,CN(C)C(=O)c1cccc(-c2cccc(-n3ncc(C(=O)O)c3C(C)(C)C)n2)c1,10000.0,4.0,CHEMBL3038498,Keap1/Nrf2,0,Medium-Polar-Aromatic-Rigid-Hydrophobic
5.897151832955404,5.897151832955404,0.615504928823381,0.615504928823381,0.5861570851501475,14.130434782608695,321.4050000000001,306.28499999999997,321.0935831,114,0,0.1604460052538383,-0.479150792789619,0.479150792789619,0.1604460052538383,1.2173913043478262,2.130434782608696,3.0434782608695654,32.1665804410174,9.914260117024476,2.291852142217191,-2.253036478369812,2.5274643131080867,-2.0991856617214752,7.991523392714425,0.4009180702585866,3.0791447934802316,1.9511360363564696,954.63982988076,15.388540578131757,12.42648240431471,13.242978985242436,11.381341395361318,7.6785646653255375,8.664163224979026,5.709706104812256,6.642331790266448,4.475917111775626,5.432089552628623,3.5368102134055683,4.4964875370097666,-2.2399999999999993,544161.863627794,13.22208512870569,4.877402955328931,1.7452260447412142,137.599382009867,15.787319034968563,11.45561466594996,5.749511833283905,0.0,0.0,0.0,4.983978520947208,0.0,0.0,0.0,29.960986154775945,36.225215149155794,22.83390555245843,10.582869750201336,4.736862953800049,34.039582430839296,0.0,4.983978520947208,5.733667477162185,11.316305098443785,17.800458958252605,42.09213040561812,0.0,16.876414816677897,15.787319034968563,11.374772549367124,5.749511833283905,11.761884949391115,17.467648875193483,6.4208216229260096,0.0,5.563451491696996,41.4241623894389,0.0,22.02982791547505,0.0,60.17,0.0,0.0,0.0,0.0,12.483670354246277,34.448030937658096,21.58583795060876,11.761884949391115,6.196843571613076,40.632602467261584,10.470530430962237,5.897151832955404,1.732295655916687,5.810068499622071,4.772453703703704,12.766335506424792,1.5600494457042076,10.47883254073234,2.700641219450743,0.615504928823381,0.0,0.1666666666666666,23,3,4,0,2,2,0,2,1,3,0,0,5,2,5,3,2,0,0,0,0,0,2.8038885687982535,5,3.902000000000002,94.57210000000002,0,0,0,0,0,1,0,0,0,0,0,0,0,0,0,1,1,1,0,0,0,0,0,0,0,0,0,0,0,2,0,0,0,0,2,0,4,0,0,0,0,1,0,0,0,0,0,0,0,0,0,0,0,0,0,0,0,0,0,0,0,0,0,0,1,0,0,0,0,0,0,0,0,1,0,1,0,0,0,0,0,0,0,0,0,CHEMBL461462,NCCc1c2c(c3nccc4c3c1Nc1ccccc1-4)OCS2,58600.0,4.76789761601809,CHEMBL5023,p53-binding protein Mdm-2,0,Medium-Polar-Aromatic-Rigid-Hydrophobic
11.683195625472411,11.683195625472411,0.2102660462333077,-0.2102660462333077,0.4886936363521646,10.0,306.41600000000005,292.30400000000003,306.060903068,104,0,0.3187355387115089,-0.337867085713772,0.337867085713772,0.3187355387115089,1.45,2.35,3.2,32.133482630676035,10.270585902856386,2.0266994840545887,-2.066134499680244,2.2069932083313355,-2.2906401769421634,7.778108481925768,0.2516697417795546,2.899096074299403,1.74458714172718,634.0877936603094,14.208896013370174,10.7570002638962,12.389993425751651,9.792024997884274,6.2113022096611274,7.499203311379885,4.095879108850652,5.164800471386562,2.635070175392044,3.574143011232468,1.6743050428418678,2.424407146715468,-1.82,50221.04129508856,14.586227811599894,7.692501701807712,4.378763459625937,125.67808078929468,10.633577208012662,0.0,0.0,0.0,0.0,6.031114512338072,0.0,14.7709204376547,0.0,11.336785877934735,0.0,43.258617894283546,18.776899086508713,20.88842175982829,4.794537184071822,50.651042594213976,0.0,10.300767124953538,4.992404732635668,12.84164324585202,18.40630141583148,23.70964047900221,0.0,0.0,10.633577208012662,10.481923458755384,0.0,23.55465932098143,29.26586769723598,0.0,0.0,12.84164324585202,28.702045211637877,0.0,10.216620634085364,0.0,66.38,0.0,4.794537184071822,0.0,6.031114512338072,13.08951281182515,28.74565015462094,0.0,16.847325151552116,18.19910120538483,37.98909575676778,0.0,1.1065352835470568,6.048021174393413,19.70634886852853,7.898006596185292,3.4250940118424373,0.0,5.469985432698553,1.7438070246719235,1.2688682747994615,0.0,0.3076923076923077,20,2,5,0,0,0,2,1,1,2,0,0,5,2,7,1,6,0,0,0,0,0,5.610229113184358,2,3.3008000000000015,85.76840000000001,0,0,0,0,0,1,0,0,0,0,1,1,1,0,1,2,2,0,0,0,0,0,0,0,0,0,0,2,0,1,0,0,0,0,1,0,1,0,0,0,0,0,0,0,0,0,0,0,0,0,1,0,0,0,0,0,0,0,0,0,0,0,0,0,0,0,0,0,0,0,0,0,0,0,0,0,0,0,0,0,1,0,0,1,1,CHEMBL4471804,O=C(NCCCCN=C=S)Nc1ccc2scnc2c1,5011.87,3.6999997975545824,CHEMBL3038498,Keap1/Nrf2,0,Medium-Polar-Aromatic-Rigid-Hydrophobic
11.11957521389232,11.11957521389232,0.2160570691847056,-0.9709191022087846,0.3735104457134035,11.666666666666666,377.4250000000001,362.3050000000001,377.08341233999994,134,0,0.3352026428002986,-0.4776389808115128,0.4776389808115128,0.3352026428002986,1.148148148148148,2.0,2.814814814814815,32.13354911635165,10.09756236011575,2.101807560363718,-2.0009725860654597,2.260797272106785,-1.9749410335863409,7.21723066557152,0.0696667789928283,3.328059467505036,1.5391547240905612,1126.9707391736924,18.80275414050485,14.339888349787724,15.15638493071545,13.097356788324024,8.198055791668056,9.014552372595782,5.845613827688194,6.876262709614561,3.9697635391191457,4.910821079904657,2.5997781105342948,3.408224541210121,-3.4499999999999993,2551110.6725781155,16.988496813389084,7.0468062431763645,3.5835449748391532,158.34749946392782,9.523678331894054,11.471932421645144,5.7602474188744415,5.131558479839333,0.0,5.969305287951848,5.425791397110385,9.778515705019029,5.101407525739722,0.0,35.602254151781175,43.32193961046029,5.563451491696996,15.780072125782358,14.318215515965877,38.36595528258198,0.0,4.983978520947208,5.101407525739722,6.923737199690624,5.425791397110385,71.98736959518754,0.0,11.323698910571435,5.425791397110385,5.131558479839333,0.0,11.336785877934735,21.771496206510463,0.0,0.0,23.04197329433388,70.18222914740917,0.0,21.5403195446568,0.0,87.72,5.969305287951848,4.794537184071822,0.0,5.563451491696996,27.92718981205591,10.216620634085364,11.336785877934735,30.33183534230805,37.255572541998674,15.511177443797315,9.523678331894054,6.922162429630829,1.5252954523543654,15.59102512538434,14.161805568585038,5.470263477130256,0.2114663228953459,18.121348918468463,0.0,1.8299660388846897,0.0,0.05,27,2,6,0,0,0,0,2,2,4,0,0,6,2,7,2,5,0,0,0,0,0,4.433875755806369,4,5.090600000000003,106.55700000000004,0,0,0,0,1,1,0,0,1,1,1,0,0,0,0,2,1,0,0,0,0,0,0,0,0,0,0,0,0,1,0,0,0,0,2,0,1,0,0,0,0,0,1,0,0,0,1,0,0,0,0,0,0,0,0,0,0,0,0,0,0,0,0,0,1,0,0,0,0,0,0,0,0,0,0,0,0,0,0,0,1,0,0,0,0,CHEMBL2398292,C/C(=N\Nc1nc2ccccc2s1)c1ccc(-c2cccc(C(=O)O)c2)o1,2200.0,3.342422680822206,CHEMBL4625,Apoptosis regulator Bcl-X,0,Medium-Polar-Aromatic-Rigid-Hydrophobic
11.091088819334496,11.091088819334496,0.0327237358513723,-1.035733917023599,0.369159073130369,11.666666666666666,394.4810000000001,380.3690000000001,394.055817688,134,0,0.3540041131402643,-0.4765091434147693,0.4765091434147693,0.3540041131402643,1.037037037037037,1.8888888888888888,2.7037037037037037,32.13473934900132,10.235228605776554,2.1008067715179375,-1.991488693280495,2.2816635836209453,-1.9951058728100288,7.217716759197646,0.0690375199286238,3.328059467505036,1.5391547240905612,1130.2084533203383,18.80275414050485,14.209751676098056,15.842744837953507,13.097356788324024,8.067919117978388,9.70091227983384,5.672876878834769,7.787302717247963,3.796385887060188,5.953984821713799,2.4678475571466927,4.196986268342025,-3.099999999999999,2551110.6725781155,17.320654772598502,7.258126102788116,3.7135847431513858,162.41318145120897,5.106527394840706,5.693927994848461,0.0,5.131558479839333,0.0,5.969305287951848,5.425791397110385,14.762494225966236,5.101407525739722,11.336785877934735,29.535887083319565,43.32193961046029,0.0,31.376528019107123,9.901064578912528,49.70274116051672,0.0,9.967957041894415,5.101407525739722,6.923737199690624,5.425791397110385,65.16837880470425,0.0,10.57107518854976,5.425791397110385,5.131558479839333,0.0,22.67357175586947,26.75547472745767,0.0,0.0,22.289349572312204,59.69871114189421,0.0,20.78769582263512,0.0,87.47,5.969305287951848,4.794537184071822,0.0,5.693927994848461,5.693927994848461,30.81415850409799,17.403152946396347,23.469520014857956,43.32193961046029,20.495155964744523,5.106527394840706,1.1070829630416226,3.060746080136342,21.631242217007667,14.251028294712526,5.4483416069129325,-1.035733917023599,16.790234879593125,0.0,1.9137245422860505,0.0,0.0526315789473684,27,2,6,0,0,0,0,1,3,4,0,0,7,2,8,3,5,0,0,0,0,0,4.656129500828842,4,4.954100000000002,109.96300000000004,0,0,0,0,1,2,0,0,1,1,1,0,0,0,0,3,1,0,0,0,0,0,0,0,0,0,0,0,0,1,0,0,0,0,1,0,1,0,0,0,0,0,0,0,0,0,1,0,0,0,0,0,0,0,0,0,0,0,0,0,0,0,0,0,1,0,0,0,0,0,0,0,0,1,0,0,0,0,0,0,1,0,1,0,0,CHEMBL2398170,C/C(=N\Nc1nc2ccccc2s1)c1ccc(-c2cccc(C(=O)O)n2)s1,750.0,2.8750612633917,CHEMBL4625,Apoptosis regulator Bcl-X,0,Medium-Polar-Aromatic-Rigid-Hydrophobic
6.055086181855662,6.055086181855662,0.2357745105490418,0.2357745105490418,0.6660856032427993,15.11111111111111,384.87100000000015,363.7030000000001,384.146536972,140,0,0.1582006790236223,-0.4719650169559319,0.4719650169559319,0.1582006790236223,1.1111111111111112,1.9259259259259256,2.6666666666666665,35.495697075953075,10.06256770406684,2.187728877331462,-2.3495801424665044,2.353801419648317,-2.442273936186107,6.319202328403999,0.3127260500295641,3.2104507983818884,1.7284229949595349,921.954240196861,18.80275414050485,15.022296423736124,15.778225369754578,13.11419354072963,8.747122198437575,9.1250866714468,6.586038275715237,6.944051363165554,4.78338307033638,5.0845731410015365,3.168808031774144,3.3019548816839217,-2.77,2461747.988592845,17.634232035992145,7.459187412105672,3.695185676357468,162.3107826239579,25.26742647992282,12.014706349448105,10.97097259472782,0.0,0.0,0.0,0.0,9.967957041894415,0.0,0.0,17.667306958694127,30.810224679759013,31.7424771153473,23.901098540645236,4.417150937053347,34.48096149211823,0.0,14.867866772744891,0.0,0.0,49.17706341834648,48.272224156781895,0.0,11.126902983393991,15.950365812018994,22.880021601885716,0.0,11.600939890232516,48.09456437907238,0.0,0.0,0.0,47.53626527694245,5.153109816892792,11.126902983393991,0.0,83.45,0.0,0.0,0.0,5.153109816892792,11.50524905251859,48.68070115641141,6.3273200747645415,12.526325991278114,6.06636706846161,50.33133829566371,21.75175830444805,5.2258704798621824,6.05264107670072,12.855557155636973,3.5818277512897825,10.458724150417574,0.4951121451667086,8.229654230004758,4.791704353713733,3.945724433806443,2.1409620011789023,0.2631578947368421,27,3,7,0,1,1,0,1,2,3,0,0,7,2,8,3,4,0,1,1,0,0,4.871742282408267,4,3.467600000000001,108.59110000000004,0,0,0,1,0,2,0,0,0,0,0,0,0,0,0,4,1,1,0,1,0,0,0,0,0,0,0,0,0,4,0,0,0,0,1,0,0,0,0,0,0,0,1,0,1,0,0,0,0,0,0,0,0,0,0,0,0,0,0,0,0,0,0,0,0,0,0,0,0,0,1,0,0,0,0,0,0,0,0,0,0,0,0,0,0,CHEMBL5094916,CN1CCN(c2ccc(-c3ccoc3)cc2Nc2ncnc(Cl)c2N)CC1,11400.0,4.056904851336473,CHEMBL3883320,Histone-lysine N-methyltransferase 2A/WDR5,0,Medium-Polar-Aromatic-Rigid-Hydrophobic
13.99681342213449,13.99681342213449,0.0326239685689087,-3.8701296417327264,0.8800092342281438,18.23076923076923,383.3470000000001,371.2510000000001,383.04391352399995,136,0,0.281243978581681,-0.4569168603664508,0.4569168603664508,0.281243978581681,1.3076923076923077,2.0,2.6153846153846154,32.22774689458229,10.086567563855096,2.498902911525907,-2.1536405968337786,2.4915918042110743,-2.218469811008749,7.903634497601656,-0.0975967088797268,2.7672390851509503,2.147375056330848,1044.7040077882791,19.275656403009393,13.332522168207351,14.14901874913508,12.02502379824839,7.329897916971984,9.221309455030235,5.956047385479208,7.940204845058474,3.9877222811006967,5.142661409426363,2.8809668773020967,3.8305037273821703,-2.5699999999999994,448602.66257199086,18.2279620368436,6.0012780526773675,3.133203160442388,146.7297399977517,9.843390348640757,23.420210895362004,9.837253136417502,0.0,5.922529168094576,0.0,0.0,21.589042127353395,5.261891554738487,0.0,0.0,24.26546827384644,29.869860858293013,16.528156280007043,31.432432475994155,9.837253136417502,5.261891554738487,0.0,0.0,23.342800654286663,6.255769183511404,52.83941065844493,0.0,17.568244979360085,4.736862953800049,13.17124514302446,11.49902366656781,0.0,25.702622730775623,16.25807475934351,17.148333708576654,22.794320862839292,35.227318817825825,0.0,0.0,0.0,87.39,44.560726123447054,26.695569522194106,0.0,22.6259266499618,0.0,24.454870388896232,12.13273413692322,6.069221312792274,0.0,0.0,9.998754508538536,70.67268951995909,0.0,-0.415295256991685,18.76262175584957,-0.6297502650751652,-4.575414580183924,7.102765113123608,-2.3808199782821005,0.0,-3.8701296417327264,0.2352941176470588,26,1,5,1,0,1,0,2,0,2,1,0,5,1,9,0,3,0,0,0,0,0,4.207348789105605,3,3.117980000000002,84.35160000000003,0,1,1,0,0,0,0,0,0,0,0,0,0,0,0,1,0,0,0,0,0,0,0,0,0,2,0,0,0,0,0,0,0,0,2,0,1,0,0,0,0,1,0,0,3,0,0,0,0,0,0,0,0,0,0,0,0,1,0,0,0,0,0,0,0,0,0,0,0,0,0,0,0,0,0,0,0,1,0,0,0,0,0,0,0,CHEMBL4173075,CS(=O)(=O)c1ccc(Oc2cc(F)cc(C#N)c2)c2c1[C@H](O)C(F)(F)C2,2.0,0.3010299956639812,CHEMBL3885518,Aryl hydrocarbon receptor nuclear translocator/Endothelial PAS domain-containing protein 1,0,Medium-Polar-Aromatic-Rigid-Hydrophobic
12.603054002107935,12.603054002107935,0.2432396197944535,-0.2432396197944535,0.5858379428898438,12.714285714285714,373.36800000000017,358.2480000000001,373.10625595999994,138,0,0.2553021936416285,-0.4861468301983979,0.4861468301983979,0.2553021936416285,1.0,1.8928571428571428,2.75,16.562676981158447,10.145423501051656,2.1557976135185184,-2.182412649800834,2.3106496521663353,-2.1682029531976217,6.049299626632051,0.1020785621765137,3.173018252757013,1.394844569057026,1170.9681014610228,18.924074484064487,14.715136607124723,14.715136607124723,13.759152830872496,8.781667049625028,8.781667049625028,6.255784130885429,6.255784130885429,4.358287617350646,4.358287617350646,3.0057853465795024,3.0057853465795024,-3.869999999999999,5926170.038236207,16.31432550411862,6.696086289881952,3.027275596093666,159.48835122165625,19.207665448659775,18.730464646642098,17.082043808210052,5.890723922025908,5.907179729351506,0.0,9.778515705019029,4.983978520947208,0.0,0.0,0.0,48.53093654769288,23.64452490960671,5.563451491696996,18.68541402872527,22.69428686329357,0.0,9.967957041894415,0.0,0.0,18.530552533032168,66.48807518261603,0.0,22.953199080290712,14.790514511606428,5.687386274683562,11.49902366656781,0.0,29.08890070027176,0.0,0.0,10.357988675768818,65.34177462797237,0.0,22.553896272981405,0.0,86.48000000000002,0.0,4.794537184071822,0.0,5.907179729351506,52.95407014325861,5.563451491696996,0.0,48.791889553995816,12.13273413692322,15.284745645900744,13.890876844653445,16.78472012373001,0.0,21.166029994244184,2.8768679138321995,3.189395527557332,1.4652105437251546,14.152301725838354,3.3818871141186913,0.9835870569540742,0.0,0.0952380952380952,28,1,7,0,1,1,1,2,2,4,0,0,6,1,7,3,3,0,0,0,0,0,3.901504690600006,5,3.9133000000000018,102.62520000000002,0,0,0,0,0,2,0,0,0,0,1,1,0,0,0,2,1,0,0,0,0,0,0,0,0,0,0,1,0,1,0,0,0,0,2,0,2,0,0,0,0,2,0,0,0,0,0,0,0,0,0,0,0,0,0,0,0,0,0,0,0,0,1,0,0,0,0,0,0,0,0,0,0,1,0,0,0,0,0,0,0,0,0,0,0,CHEMBL1368667,O=C(Nc1ccc2oc(-c3cccnc3)nc2c1)c1ccc2c(c1)OCCO2,1462.0,3.1649473726218416,CHEMBL2096976,Peroxisome proliferator-activated receptor gamma/Nuclear receptor corepressor 2,0,Medium-Polar-Aromatic-Rigid-Hydrophobic
12.33420468575508,12.33420468575508,0.1024444316038835,-3.742518014092689,0.5748200697262855,10.961538461538462,388.4740000000001,372.3460000000002,388.066382372,134,0,0.262637670577613,-0.3595228414681903,0.3595228414681903,0.262637670577613,1.0,1.6153846153846154,2.1923076923076925,32.23328254129176,10.292025409757708,2.15757233249453,-2.10946239581816,2.1816756771460195,-2.1879257616124543,7.923245388647662,0.4000117964559443,3.000351255989185,1.6477104935229203,1000.0019586174506,18.570703332935967,13.761957739715536,15.394950901570988,12.420653420525284,7.615411974604597,9.506823512662852,5.397828378518882,7.488478910392264,3.321042332622829,4.895801407083856,2.1434419282817565,3.362906188469609,-2.9099999999999997,835249.7840472934,17.89839309295623,7.543538500658854,4.584410146427508,156.00995200165497,15.156672144986011,5.7602474188744415,10.930299662559786,0.0,10.023291153407584,0.0,4.722094864452088,8.417796984328938,0.0,0.0,23.355764462510276,55.539813053506975,17.441139617828735,4.895483475517775,12.940891921302285,44.54623680838119,0.0,5.156663257125445,0.0,11.8192206752084,15.355672072464747,66.42391810349054,0.0,0.0,15.355672072464747,17.19263532720215,0.0,12.217873443046695,18.68689712617914,10.023291153407584,6.923737199690624,5.7602474188744415,70.08224909710722,0.0,0.0,0.0,96.26,10.023291153407584,8.417796984328938,0.0,10.713346253352803,16.56007057828276,5.687386274683562,18.19910120538483,19.056471336613843,30.33183534230805,20.512335329590194,16.740968380020043,31.875222402913195,5.2418672009742915,0.1024444316038835,10.066945721759293,1.5194121198409969,0.6524229753127422,17.18932672979887,0.0,1.678209765222752,-3.742518014092689,0.0588235294117647,26,3,7,0,0,0,0,2,1,3,0,0,5,3,9,1,5,0,0,0,0,0,5.19296989987084,3,3.592720000000001,104.7759,0,0,0,0,0,1,0,0,0,0,0,0,1,0,0,1,3,0,0,0,0,0,0,0,0,0,0,0,0,3,1,0,0,0,2,0,0,0,0,0,0,0,0,0,0,0,0,0,0,0,0,0,0,0,0,0,0,0,0,0,0,0,0,0,1,0,0,0,0,0,0,0,0,0,0,0,1,0,0,0,0,0,0,0,0,CHEMBL489637,Cc1cc(NS(=O)(=O)c2ccc(NC(=S)Nc3ccccc3)cc2)no1,580.0,2.7634279935629373,CHEMBL1949,Cyclophilin A,0,Medium-Polar-Aromatic-Rigid-Hydrophobic
12.476026077097504,12.476026077097504,0.1688631687242796,-0.6072062652221379,0.7356861279651938,11.814814814814817,353.3810000000001,338.2610000000001,353.11642672,130,0,0.3219656726828455,-0.3268284292870062,0.3268284292870062,0.3219656726828455,0.8148148148148148,1.3703703703703705,2.0,16.178321775660503,10.058896123887672,2.291893334626197,-2.159399432687936,2.423759026175881,-2.4091103777817153,6.054265594695479,0.0963048579746921,3.01788318963551,1.5700463046233872,1052.962071873004,18.802754140504845,14.269263675892825,14.269263675892825,13.18587184800163,8.47993129956716,8.47993129956716,6.192486637809942,6.192486637809942,4.628396558294746,4.628396558294746,3.4273068779902136,3.4273068779902136,-3.909999999999999,2354673.17988121,16.55263758687716,6.7721556302138035,2.9377175964570386,155.81487708445457,5.316788604006331,0.0,0.0,0.0,5.907179729351506,6.031114512338072,10.111325788078153,4.794537184071822,5.261891554738487,0.0,60.6636706846161,34.386540103711205,0.0,23.237965125334227,9.589074368143644,11.938294241689578,5.261891554738487,10.633577208012662,0.0,6.041840829147961,0.0,95.05021078832732,0.0,17.196124296186266,10.633577208012662,4.794537184071822,0.0,0.0,11.938294241689578,0.0,11.33111286753076,33.090183980007765,72.79640482153933,0.0,11.126902983393991,0.0,81.99000000000001,11.938294241689578,9.589074368143644,0.0,17.16874381254195,0.0,22.253805966787983,12.13273413692322,12.13273413692322,54.600157860485155,10.633577208012662,5.261891554738487,0.0,0.0,24.852710065507683,14.314145339089803,4.498410318570853,-0.6072062652221379,23.10860720872046,0.0,0.0,0.0,0.0454545454545454,27,2,5,1,0,1,3,3,0,3,0,0,3,2,5,0,2,0,0,0,0,0,4.151742141809585,4,3.767680000000002,100.87590000000002,0,0,0,0,0,0,0,0,0,0,2,2,0,0,0,1,2,0,0,0,0,0,0,0,0,0,0,3,0,0,0,0,0,0,3,0,3,0,0,0,0,0,0,0,0,0,0,0,1,0,0,0,0,0,0,0,0,1,0,0,0,0,0,0,0,0,0,0,0,0,0,0,0,0,0,0,0,0,0,0,0,0,0,0,1,CHEMBL557628,N#Cc1ccccc1C(=O)NC(=O)NC1c2ccccc2-c2ccccc21,71.2,1.8524799936368563,CHEMBL1949,Cyclophilin A,0,Medium-Polar-Aromatic-Rigid-Hydrophobic
12.658904431323712,12.658904431323712,0.2378862355127236,-4.219526413801462,0.689871943928942,16.85185185185185,396.43800000000016,377.2860000000001,396.12316688800007,144,0,0.3933283894768193,-0.4679942365711269,0.4679942365711269,0.3933283894768193,1.2592592592592593,2.074074074074074,2.7777777777777777,32.133539080247765,10.046698802442904,2.289811733795987,-2.316227807634959,2.326780192325669,-2.382972591784792,7.182451134502169,-0.1261371611753332,3.2454949399977133,1.3997269611038388,885.7840505609458,18.855160383312143,14.498773088712326,15.315269669640053,12.960440995145614,8.77584003640341,9.592336617331137,6.719892821543192,7.83509269283244,4.643088186868506,5.686137205544995,3.356854535246832,4.383213959744078,-2.129999999999999,1960032.286143179,18.243438032878313,7.474385146671351,4.590618987349866,157.76415817791133,9.733939541059678,22.735826691094577,0.0,0.0,0.0,6.176298517443475,4.899909730850477,9.967957041894415,13.17124514302446,11.336785877934735,0.0,31.040744451236847,24.00850083467441,24.61496523894244,17.588396080077807,27.371269289855128,0.0,14.867866772744891,0.0,38.02536062128204,18.40630141583148,41.426978888364175,0.0,0.0,5.316788604006331,18.98910792085949,0.0,11.336785877934735,40.17551893116148,12.965578028838586,0.0,23.47903785842776,35.20673521284178,0.0,10.216620634085364,0.0,54.19,12.597120140369483,13.17124514302446,0.0,10.91898802284926,16.03448341192039,49.57294576039893,6.3273200747645415,12.329530064100666,12.13273413692322,20.184655376751223,4.417150937053347,43.36730965195768,1.073059334370176,11.561815110442144,4.070085045075576,0.0,1.572726259415404,5.651399266426548,-0.1931334134829068,2.6467387457953837,0.0,0.4444444444444444,27,1,5,0,1,1,0,0,3,3,0,0,6,1,9,4,5,0,1,1,0,0,5.050314157672773,4,4.465600000000003,97.80370000000003,0,0,0,0,0,2,0,0,0,0,0,0,0,0,0,3,1,0,0,0,1,0,0,0,0,3,0,0,0,1,0,0,0,0,0,0,1,0,0,0,0,0,1,0,3,0,0,0,0,0,0,0,0,0,0,0,0,0,0,0,0,0,0,0,0,0,0,0,0,1,0,0,0,0,0,0,0,0,0,0,0,0,1,0,0,CHEMBL4539032,FC(F)(F)Cc1cc2c(NC3CCN(Cc4ccco4)CC3)ncnc2s1,4690.0,3.6711728427150834,CHEMBL2093861,Menin/Histone-lysine N-methyltransferase MLL,0,Medium-Polar-Aromatic-Rigid-Hydrophobic
6.330169520278947,6.330169520278947,0.6297433232552285,0.6297433232552285,0.4371763911215741,11.148148148148149,372.8190000000001,359.71500000000015,372.08902209600006,130,0,0.1628195728971932,-0.3384785722466007,0.3384785722466007,0.1628195728971932,0.925925925925926,1.851851851851852,2.7037037037037037,35.49569196527283,10.037897199783917,2.1417291918525225,-2.1335241431335583,2.349120366219174,-1.9804316308792445,6.330054905808418,1.095592137802467,3.2398453486868677,1.813089865591732,1266.4576891052302,18.216967702877945,14.017671816094946,14.773600762113402,13.309663088089318,8.355125241159726,8.733089714168955,6.025769606172127,6.432969732912733,4.424782644578693,4.7543708656187365,3.1825297835887554,3.3655087182951102,-3.509999999999999,3933700.348097693,15.722168554695177,6.335293402302408,2.6679975988540017,158.81825491879016,10.300767124953538,12.14518285259957,5.824404497999927,0.0,0.0,0.0,4.983978520947208,4.983978520947208,0.0,10.197363616602075,35.866408164078955,24.26546827384644,34.11581127831754,16.226720306041152,0.0,44.78156230376176,0.0,25.149299179443695,0.0,0.0,5.316788604006331,72.2745770794249,0.0,11.387855989696924,5.316788604006331,11.50524905251859,0.0,11.600939890232516,25.149299179443695,0.0,0.0,0.0,67.25194376568358,5.022633313741326,33.06322935070757,0.0,79.38000000000001,0.0,0.0,0.0,0.0,16.664900589576284,32.926211127391205,0.0,12.524163646377618,54.727780119305955,25.48210926250282,16.58491841117972,0.0,6.330169520278947,12.266647226085958,14.985423865840083,2.4755005196523054,1.374999195151312,15.51676976068375,5.161601023418754,0.0,0.0,0.0,27,2,6,0,0,0,0,2,3,5,0,0,5,2,7,3,3,0,0,0,0,0,3.689057433868398,5,4.965100000000001,107.1554,0,0,0,0,0,5,1,0,0,0,0,0,0,0,0,4,2,0,0,0,0,1,0,0,0,0,0,0,0,2,0,0,0,0,2,0,3,0,0,0,0,0,0,0,1,0,0,0,0,0,0,0,0,0,0,0,0,0,0,0,0,0,0,0,2,0,0,0,0,0,0,0,0,2,0,0,0,0,0,0,0,0,0,0,0,CHEMBL1915438,Clc1ccccc1Nc1nc2c(-c3nnc[nH]3)cccc2c2cnccc12,1.0,0.0,CHEMBL2147,Serine/threonine-protein kinase PIM1,0,Medium-Polar-Aromatic-Rigid-Hydrophobic
12.846710837112624,12.846710837112624,0.077251039304611,-3.766518329554043,0.7166884138222672,11.5,372.4460000000001,352.2860000000001,372.11437812,136,0,0.2440769185345947,-0.4953372871897569,0.4953372871897569,0.2440769185345947,1.1153846153846154,1.8461538461538465,2.4615384615384617,32.233271918078174,10.042968103983618,2.2179848186307347,-2.1246356195924103,2.3267325772252665,-2.2341453983664956,7.891943717724865,0.3933026909703996,2.986547911678973,1.9799915589728267,991.7733166611146,18.733840039752497,14.81436398252283,15.630860563450556,12.419852082725852,8.070083443732049,9.553246691326445,5.874958597595142,7.610333713203955,4.084325141056849,5.506768088986294,2.789295341684161,3.999834969437768,-2.6399999999999992,840151.7661302353,18.160087571774024,7.309043739023976,3.634180499042525,152.3948768455341,9.259957890773396,16.40524272767612,0.0,10.023291153407584,0.0,0.0,0.0,13.139891848781026,0.0,0.0,41.55486566789511,37.107111519698464,12.10820789760957,12.803725536125995,17.677754875102334,10.023291153407584,0.0,9.878758121577532,0.0,25.2877142808116,7.109797541277533,65.54856345311278,0.0,16.876414816677897,9.458957818252138,0.0,5.749511833283905,0.0,20.684257782731915,16.56804755932016,13.847474399381248,17.0176269054199,57.949514960184,0.0,11.126902983393991,0.0,81.43,10.023291153407584,8.417796984328938,0.0,17.189751714714255,17.0176269054199,11.126902983393991,7.109797541277533,25.122838405075456,37.255572541998674,9.878758121577532,9.259957890773396,38.763709125555195,0.0,0.077251039304611,3.931649285181586,3.0689610925356785,0.9114179794839072,14.344592732663134,0.0,3.806706506676744,-2.3209544280675223,0.2105263157894736,26,1,6,0,0,0,0,2,1,3,0,0,5,1,7,1,6,0,0,0,0,0,5.105110552561618,3,3.445540000000002,98.43250000000002,0,0,0,0,0,1,0,0,0,0,0,0,0,0,0,1,1,0,0,0,0,0,0,0,0,0,0,0,0,0,2,0,0,0,2,0,0,0,0,0,0,1,0,0,0,0,0,0,0,0,0,0,0,0,0,1,0,0,0,0,0,0,0,0,0,0,0,0,0,0,0,0,0,0,0,0,1,0,0,0,0,0,0,0,0,CHEMBL2181737,COc1ccc(-c2c(C)noc2C)cc1S(=O)(=O)NCc1ccccc1,13000.0,4.113943352306837,CHEMBL1293289,Bromodomain-containing protein 2,0,Medium-Polar-Aromatic-Rigid-Hydrophobic
11.362862706563416,11.362862706563416,0.4465880876584063,-0.4656141130579196,0.5458604689271768,12.533333333333331,398.422,380.2780000000002,398.1378904360001,148,0,0.2481958681678425,-0.4861468648678794,0.4861468648678794,0.2481958681678425,0.9333333333333332,1.7,2.433333333333333,16.56260945645021,10.074580637935028,2.19092560123578,-2.182757518198422,2.3763165107870767,-2.1467300645383105,5.928749158203164,0.1000047733509123,3.248154659550259,1.6302770648273726,1217.19413360646,20.50142475325411,15.961588855040114,15.961588855040114,14.686673185801062,9.505493333830648,9.505493333830648,6.824033601394822,6.824033601394822,4.8833129040451775,4.8833129040451775,3.3978693965756492,3.3978693965756492,-4.13,15249124.672809238,17.93401604811566,7.362839854827315,3.2615535708393826,172.06864056632716,20.19137190570949,19.038168427025763,11.49902366656781,5.907179729351506,0.0,0.0,9.778515705019029,4.983978520947208,0.0,0.0,18.19910120538483,42.46456947923127,22.887198046704064,17.081783984545382,14.26826309167192,5.907179729351506,0.0,14.951935562841625,5.733667477162185,0.0,13.213763929025836,72.42396574792619,0.0,45.53211513250711,15.207393384762284,0.0,11.49902366656781,0.0,34.07287922121897,0.0,0.0,10.357988675768818,66.86051425622918,0.0,34.0330914659393,0.0,103.12,5.907179729351506,4.794537184071822,0.0,0.0,30.351131752006665,33.958198801223276,0.0,18.329577708536295,48.53093654769288,9.967957041894415,20.19137190570949,11.366737297077757,0.0,24.063594016432532,0.0,9.827487602750567,1.6175620846985592,18.49361462600297,1.7411614812489633,1.0565095584553212,0.0,0.0869565217391304,30,3,7,0,1,1,1,2,2,4,0,0,5,2,7,3,4,0,0,0,0,0,4.401509603872621,5,3.6758000000000006,112.1986,0,0,0,0,0,3,1,0,0,0,1,1,0,0,0,2,1,1,0,0,0,1,0,0,0,0,0,1,0,0,0,0,0,0,2,0,1,0,0,0,0,2,0,0,0,0,0,1,0,0,0,0,0,0,0,0,0,0,0,0,0,0,0,0,0,0,0,0,0,0,0,1,0,1,0,0,0,0,0,0,0,0,0,0,0,CHEMBL410456,NC(=O)c1ccc(-c2nc(-c3ccc4c(c3)OCCO4)c(-c3ccccn3)[nH]2)cc1,171.0,2.2329961103921536,CHEMBL2828,Casein kinase I delta,0,Medium-Polar-Aromatic-Rigid-Hydrophobic
12.295135021103636,12.295135021103636,0.2073627645502644,-0.5459691556103128,0.6266904276886828,10.5,387.84800000000007,373.7360000000001,387.044439988,132,0,0.2628659983558342,-0.3655994941398254,0.3655994941398254,0.2628659983558342,1.0384615384615383,1.7307692307692308,2.3846153846153846,35.49569352821774,10.171658909743222,2.170320617651639,-2.066958983907996,2.3439630061923573,-2.321125770078393,7.212048294290248,-0.1148449642260596,2.9724200036942823,1.603384926087739,998.5888947856764,18.681433796945203,13.41421683875786,14.986642365704045,12.452397498181154,7.604102352681176,8.79856340661813,5.41378278218751,6.843946096519979,3.6038075003580823,5.2779961748174715,2.3239154882586455,3.757297284679933,-2.8999999999999986,867411.6054780654,17.908082411390296,7.549927486744271,3.8426670453162406,157.4977411765359,16.367244685174846,4.877147193701299,0.0,11.814359458703011,5.907179729351506,0.0,14.383611552215466,0.0,0.0,11.336785877934735,29.800041095617345,30.33183534230805,21.336981897314455,11.5673897196539,14.383611552215466,56.432795361839226,0.0,5.316788604006331,5.733667477162185,0.0,11.861545009918906,63.9941685468325,0.0,0.0,16.367244685174846,5.687386274683562,0.0,22.93772576816725,24.26629559396709,4.794537184071822,0.0,20.02967305354194,48.53093654769288,5.022633313741326,10.086144130933896,0.0,101.29,17.721539188054518,14.383611552215466,0.0,6.544756405912575,21.150618273823184,10.086144130933896,23.469520014857956,12.13273413692322,24.26546827384644,10.633577208012662,17.3346073673947,0.9042983229793298,7.521199782392154,35.65568408110613,6.360740666700367,5.995721391730916,-1.3535294051718247,13.567692369257644,0.0,-0.2073627645502644,0.0,0.0555555555555555,26,4,6,0,0,0,3,2,1,3,0,0,4,3,8,1,5,0,0,0,0,0,5.200181678178354,3,3.022100000000001,102.7578,0,0,0,0,0,0,0,0,0,0,3,3,0,0,0,0,2,1,0,0,0,0,0,0,0,0,0,3,0,1,0,0,0,0,2,0,1,0,0,0,0,0,0,0,1,0,0,0,0,0,0,0,0,0,0,0,0,0,0,0,0,0,0,0,0,0,0,0,0,0,0,1,0,0,0,0,0,0,0,0,0,0,1,0,0,CHEMBL1601538,NC(=O)c1ccc(NC(=O)CNC(=O)c2sc3ccccc3c2Cl)cc1,2796.0,3.446537167073644,CHEMBL2096976,Peroxisome proliferator-activated receptor gamma/Nuclear receptor corepressor 2,0,Medium-Polar-Aromatic-Rigid-Hydrophobic
12.593835086503738,12.593835086503738,0.2242975770555131,-0.2242975770555131,0.5604837479354545,13.26923076923077,383.4540000000001,370.35,383.039833276,130,0,0.257084509890622,-0.4861468301982583,0.4861468301982583,0.257084509890622,1.0,1.7307692307692308,2.576923076923077,32.136068792240856,10.156316619282313,2.167981961900913,-2.180728315172604,2.3603177140159866,-2.1677714483390993,7.282631087423416,0.1020785553777335,3.2266707330200126,1.4671054535870152,1165.3761387052689,17.67299762850793,13.736633551640455,15.36962671349591,12.669836433395457,8.049363951048608,9.68235711290406,5.82652580158407,8.028791480341566,4.043806713736547,6.181185591130214,2.891632002273943,4.89314629499888,-2.7099999999999995,1969982.5093014413,15.537550534472174,5.926136158887972,2.579595703194382,155.9642609384702,9.473725907600098,13.213763929025836,16.630582146407143,0.0,5.907179729351506,0.0,10.111325788078153,9.967957041894415,0.0,11.336785877934735,11.336785877934735,37.255572541998674,5.563451491696996,25.440864965023486,14.26826309167192,54.14555123323103,0.0,9.967957041894415,0.0,6.923737199690624,18.530552533032168,40.90291053085781,0.0,11.49902366656781,14.790514511606428,5.131558479839333,11.49902366656781,22.67357175586947,29.08890070027176,0.0,6.923737199690624,15.365612372621584,30.33183534230805,0.0,20.43324126817072,0.0,73.34,0.0,4.794537184071822,0.0,5.907179729351506,35.407797567129975,25.440864965023486,11.336785877934735,29.535887083319565,19.056471336613843,15.284745645900744,9.473725907600098,13.182341848572632,3.105143976785425,21.634726159322224,4.466727198211513,2.337291322464726,1.0310616981179412,9.077952255905274,0.0,2.9980888739535994,0.0,0.1666666666666666,26,1,6,0,1,1,1,2,2,4,0,0,7,1,8,3,2,0,0,0,0,0,3.541447693957103,5,4.237920000000003,102.92020000000004,0,0,0,0,0,2,0,0,0,0,1,1,0,0,0,2,1,0,0,0,0,0,0,0,0,0,0,1,0,1,1,0,0,0,2,0,4,0,0,0,0,2,0,0,0,0,0,0,0,0,0,0,0,0,0,0,0,0,0,0,0,0,0,0,0,0,0,0,0,0,0,0,0,0,0,0,0,0,0,0,2,0,0,0,0,CHEMBL1417231,Cc1nc2ccc3nc(NC(=O)c4ccc5c(c4)OCCO5)sc3c2s1,812.55,2.909850094642884,CHEMBL4374,Photoreceptor-specific nuclear receptor,0,Medium-Polar-Aromatic-Rigid-Hydrophobic
12.412515691202213,12.412515691202213,0.0858773209314331,-0.9151622648656164,0.8544801553869059,22.071428571428573,381.4760000000002,354.2600000000001,381.205241724,148,0,0.3387167104417617,-0.4775492881015767,0.4775492881015767,0.3387167104417617,1.1428571428571428,1.9285714285714288,2.607142857142857,16.36587277987205,9.771734008076606,2.3321852067770137,-2.3014285974494197,2.428072091680945,-2.320670650696425,5.888581911513916,-0.133651577428838,3.4433379373677417,1.6227974753088452,898.1819813975065,19.836134335324452,16.466793803563853,16.466793803563853,13.452397498181154,10.080859048419205,10.080859048419205,8.322818877943062,8.322818877943062,6.05130693966713,6.05130693966713,4.470512669622847,4.470512669622847,-2.63,3940790.082503384,18.72030214687853,7.414058798688895,3.5532108600663777,164.70542758510624,10.006437125691182,5.563451491696996,0.0,5.907179729351506,0.0,5.969305287951848,4.794537184071822,9.476340119217006,5.098681808301038,0.0,18.55355575984923,55.718199789411656,25.931156057677164,17.5781578411451,14.69560176298435,11.876485017303354,0.0,14.680394474296698,5.917906046161393,50.36074182987885,14.09534396535438,47.283142823701965,0.0,5.687386274683562,0.0,0.0,0.0,0.0,45.758750851795135,4.794537184071822,5.917906046161393,71.97610999219312,30.462311845459517,0.0,5.687386274683562,0.0,75.43,5.969305287951848,14.69560176298435,0.0,17.742991821674295,11.48135753785839,49.90624400708809,11.760295063310071,9.58171266599566,26.2280781022776,17.231415945224256,0.0,1.8014908509700176,0.0,25.688085448099116,13.894275430276826,3.242599114599928,0.0230871584370171,8.24297516691862,7.461208587208559,0.0,3.646278243489921,0.5,28,1,6,2,0,2,1,1,1,2,2,0,4,1,6,1,5,2,0,2,0,0,4.95690788736355,4,3.8099000000000025,105.89130000000004,0,0,0,0,1,2,0,0,1,1,2,1,0,0,0,3,0,0,0,0,0,0,0,0,0,0,0,1,0,0,0,0,0,0,1,0,0,0,0,0,0,0,0,0,0,0,0,0,0,0,0,0,0,0,0,0,0,0,0,0,0,0,0,0,0,0,0,0,0,0,0,0,0,0,0,0,0,0,0,0,0,0,0,0,0,CHEMBL5204388,CN(C)C(=O)[C@H]1CCC[C@@H](c2cccc(-n3ncc(C(=O)O)c3C3CC3)c2)C1,240.0,2.380211241711606,CHEMBL3038498,Keap1/Nrf2,0,Medium-Polar-Aromatic-Rigid-Hydrophobic
12.31201644355324,12.31201644355324,0.2938395219198795,-0.6849132120134558,0.5223672977975228,10.0,377.4040000000001,358.2520000000002,377.148789468,142,0,0.3244533340567033,-0.485017032372279,0.485017032372279,0.3244533340567033,0.8928571428571429,1.6428571428571428,2.392857142857143,16.47851324113796,10.219701496727335,2.098125191480061,-2.123882078526407,2.2249937360212857,-2.213116224203364,6.001307242239301,0.2588624435944663,2.6763577732205315,1.632596846580312,962.819687271263,19.769373945685235,14.884618747543234,14.884618747543234,13.59735678832402,8.462474391806191,8.462474391806191,5.7735981701061565,5.7735981701061565,3.627766225570795,3.627766225570795,2.423066738746661,2.423066738746661,-4.069999999999999,2260537.418710804,18.713101556907564,9.038245774605118,5.464209770875777,161.28613253319256,21.104107638974895,6.606881964512918,11.567374611118932,0.0,0.0,12.062229024676144,5.316788604006331,14.573052889090851,0.0,0.0,36.39820241076966,35.89528683400505,17.571616120980202,0.0,14.325937321943693,29.254864351878297,0.0,4.983978520947208,5.733667477162185,6.606881964512918,15.950365812018994,78.49033281638779,0.0,5.749511833283905,26.420896242981225,26.781709695345796,5.749511833283905,0.0,17.046207545623353,6.606881964512918,0.0,5.563451491696996,72.9268813246908,0.0,0.0,0.0,118.37,12.062229024676144,9.589074368143644,0.0,0.0,29.549029124998977,5.563451491696996,0.0,42.595045982382736,30.33183534230805,20.9343443329662,10.470530430962237,5.77077892969758,0.0,27.405209043198788,7.7689840724915715,7.03949869496832,0.743514407153026,18.52989476078316,1.5579291931546622,0.3508575652195571,0.0,0.05,28,5,8,0,0,0,4,2,1,3,0,0,4,4,8,1,6,0,0,0,0,0,6.040486109874151,3,3.795200000000002,107.3005,0,0,0,0,0,1,0,0,0,0,2,2,0,0,0,1,3,1,0,0,0,0,0,0,0,0,0,4,0,3,0,0,0,0,2,0,0,0,0,0,0,1,0,0,0,0,0,0,0,0,0,0,0,0,0,0,0,0,0,0,0,0,0,0,0,0,0,0,0,0,0,1,0,1,0,0,0,0,0,0,0,0,0,0,2,CHEMBL199550,NC(=O)Nc1cccc(NC(=O)Nc2ncccc2OCc2ccccc2)c1,528.0,2.722633922533812,CHEMBL1949,Cyclophilin A,0,Medium-Polar-Aromatic-Rigid-Hydrophobic
11.340408547225652,11.340408547225652,0.2623533654810019,-0.9547153985050808,0.3512720649532824,11.714285714285714,391.45200000000017,374.31600000000014,391.09906240399994,140,0,0.3354749273487579,-0.4776317709382201,0.4776317709382201,0.3354749273487579,1.1428571428571428,1.9642857142857144,2.75,32.133549182016615,10.007231269677735,2.144130449146602,-2.057516749443044,2.283815253484384,-2.0016815606392853,7.217233005854934,0.069590351097232,3.3259789286115056,1.5733056884946712,1173.565307460972,19.67299762850793,15.262538080598098,16.079034661525824,13.52487714325259,8.62070552247843,9.437202103406156,6.242942927057453,7.273591808983821,4.405386953718364,5.346444494503875,2.918160822556453,3.7266072532322783,-3.4499999999999993,3719991.022389468,17.93866472771829,7.282865455109386,3.3936962508132007,164.71244157832444,9.523678331894054,11.471932421645144,5.7602474188744415,5.131558479839333,0.0,5.969305287951848,5.425791397110385,9.778515705019029,5.101407525739722,0.0,35.602254151781175,49.74276123338629,5.563451491696996,15.780072125782358,14.318215515965877,38.36595528258198,0.0,4.983978520947208,5.101407525739722,13.847474399381248,5.425791397110385,71.48445401842292,0.0,11.323698910571435,5.425791397110385,5.131558479839333,0.0,11.336785877934735,21.771496206510463,0.0,6.923737199690624,28.605424786030877,64.11586207894756,0.0,21.5403195446568,0.0,87.72,5.969305287951848,9.901064578912528,0.0,5.563451491696996,27.92718981205591,15.780072125782358,11.336785877934735,19.056471336613846,49.38830667892189,15.511177443797315,4.417150937053347,7.003435769085987,1.527251375219379,15.823456254860924,14.365848516010924,6.2420342045335815,0.247947804376827,16.67884319040229,0.0,3.611182885510086,0.0,0.0952380952380952,28,2,6,0,0,0,0,2,2,4,0,0,6,2,7,2,5,0,0,0,0,0,4.665888630581741,4,5.399020000000004,111.29400000000004,0,0,0,0,1,1,0,0,1,1,1,0,0,0,0,2,1,0,0,0,0,0,0,0,0,0,0,0,0,1,0,0,0,0,2,0,1,0,0,0,0,0,1,0,0,0,1,0,0,0,0,0,0,0,0,0,0,0,0,0,0,0,0,0,1,0,0,0,0,0,0,0,0,0,0,0,0,0,0,0,1,0,0,0,0,CHEMBL2398265,C/C(=N\Nc1nc2ccccc2s1)c1ccc(-c2cccc(C(=O)O)c2C)o1,1500.0,3.1760912590556813,CHEMBL4625,Apoptosis regulator Bcl-X,0,Medium-Polar-Aromatic-Rigid-Hydrophobic
11.97177041341228,11.97177041341228,0.2713312809691781,-0.2955693079701011,0.6054670488236952,11.285714285714286,315.379,306.307,315.01361852800005,104,0,0.2926309402947573,-0.4591900272717198,0.4591900272717198,0.2926309402947573,1.1428571428571428,1.9047619047619049,2.6666666666666665,32.13606808945443,10.297946029871358,2.140614830181991,-1.95686326352097,2.353312260413411,-2.097469982924287,7.282599181328308,0.0996446562926481,3.144766933679025,1.7635454211897208,953.4997869005756,14.396976746569036,10.914171698803498,12.54716486065895,10.203509938206668,6.22089972657146,7.853892888426913,4.445389554604298,6.647655233361793,2.9844098415589033,5.121788718952574,2.1042258744478444,4.105740167172782,-2.2499999999999996,139929.5494809819,12.487613951644867,4.643071499329876,2.1036683687180866,126.80744666826926,4.417150937053347,0.0,10.891805898713772,0.0,5.907179729351506,0.0,10.111325788078153,9.967957041894415,0.0,11.336785877934735,11.336785877934735,31.18920547353706,0.0,31.704027960662543,9.211688121125167,54.14555123323103,0.0,9.967957041894415,0.0,6.923737199690624,5.316788604006331,41.296502385212705,0.0,0.0,5.316788604006331,5.131558479839333,0.0,22.67357175586947,15.87513677124592,0.0,6.923737199690624,15.562408299799028,34.945782206538844,0.0,20.43324126817072,0.0,68.02000000000001,0.0,4.794537184071822,0.0,11.667427148225949,5.131558479839333,25.440864965023486,17.599948873573794,23.469520014857956,19.056471336613843,15.284745645900744,4.417150937053347,7.232975844084701,3.091071376081296,20.886713507168505,4.34477650808053,1.8365333417317544,-0.024238027000923,7.1797588189060955,1.4691450780393782,1.9832635529086649,0.0,0.0714285714285714,21,1,5,0,0,0,1,1,3,4,0,0,6,1,7,3,2,0,0,0,0,0,2.760994496834115,4,4.059720000000001,84.19620000000002,0,0,0,0,0,2,0,0,0,0,1,1,0,0,0,2,1,0,0,0,0,0,0,0,0,0,0,1,0,1,1,0,0,0,1,0,3,0,0,0,0,0,1,0,0,0,0,0,0,0,0,0,0,0,0,0,0,0,0,0,0,0,0,0,0,0,0,0,0,0,0,0,0,0,0,0,0,0,0,0,2,0,0,0,0,CHEMBL1539768,Cc1nc2ccc3nc(NC(=O)c4ccco4)sc3c2s1,4279.0,3.6313422864839326,CHEMBL2096976,Peroxisome proliferator-activated receptor gamma/Nuclear receptor corepressor 2,0,Medium-Polar-Aromatic-Rigid-Hydrophobic
13.412027326362644,13.412027326362644,0.0995118417737466,-4.759472461052322,0.4386114784233577,11.666666666666666,342.208,336.1600000000001,342.037602932,124,0,0.4160892244099657,-0.349743437280875,0.4160892244099657,0.349743437280875,1.1666666666666667,1.9166666666666667,2.5833333333333335,19.41320724867757,10.139303900460323,2.3146394415742995,-2.1110411171037384,2.3579377059094813,-2.0643936330635553,5.91484270103595,-0.3818604562630304,2.9289868515375623,2.088157710372473,938.6017736125024,17.482763184195935,11.4649948958765,11.4649948958765,11.25303876106338,6.29978049270045,6.29978049270045,4.702136033847428,4.702136033847428,3.087889119490793,3.087889119490793,2.1045445182080535,2.1045445182080535,-3.24,247045.3959929357,15.647923499124357,5.438230209850405,2.825834515135214,129.5364213270141,5.316788604006331,17.021307833345716,0.0,5.516700717616262,0.0,11.863684792127035,10.114318268765572,9.01945398456817,13.17124514302446,0.0,0.0,40.64516185655894,5.687386274683562,10.486762540514666,27.1140101764103,28.09556025928321,0.0,10.31332651425089,0.0,6.176298517443475,5.316788604006331,51.82682594381651,0.0,0.0,5.316788604006331,34.62381901474997,0.0,0.0,15.236637563068562,6.176298517443475,15.931539109811467,5.563451491696996,34.9608742792014,0.0,11.033401435232523,0.0,94.09,28.167668173687595,27.67597845946485,0.0,22.40817398459965,12.13273413692322,6.06636706846161,12.13273413692322,0.0,0.0,20.25915405515057,0.0,55.99729602378141,0.0,10.426257676681784,20.45513778616232,-2.341224004262197,-1.139667684975224,4.278339330330898,-4.759472461052322,0.0,0.0,0.0769230769230769,24,1,7,0,0,0,0,2,1,3,0,0,6,1,11,1,3,0,0,0,0,0,3.545708762265255,3,4.032500000000001,73.1431,0,0,0,0,0,2,0,0,0,0,0,0,0,0,0,3,1,0,0,0,0,0,0,0,0,3,0,0,0,2,0,0,0,0,2,0,1,0,0,0,0,0,0,0,4,0,0,0,0,0,0,0,0,0,0,0,0,0,1,1,0,0,0,0,0,0,0,0,0,0,0,0,0,0,0,0,0,0,0,0,0,0,0,0,0,CHEMBL2311930,O=[N+]([O-])c1c(Nc2cc(F)cc(C(F)(F)F)c2)ccc2nonc12,430.0,2.633468455579586,CHEMBL3885518,Aryl hydrocarbon receptor nuclear translocator/Endothelial PAS domain-containing protein 1,0,Medium-Polar-Aromatic-Rigid-Hydrophobic
14.040870076425632,14.040870076425632,0.201481481481482,-0.7525097631645246,0.5491650001239936,11.0,350.32800000000003,338.2320000000001,350.097917444,128,0,0.2504157697555937,-0.3655307262344224,0.3655307262344224,0.2504157697555937,0.9615384615384616,1.6923076923076923,2.423076923076923,19.145563094832724,10.038450790010916,2.159718067821144,-2.133029974070102,2.3255106451452305,-2.1206554317997925,6.151787518306345,0.1001453254288305,2.639330915054381,2.043447076849513,1156.7205911612098,18.25878406613483,13.332107119378492,13.332107119378492,12.558550648063804,7.733092602065796,7.733092602065796,5.669318918867387,5.669318918867387,4.097618948258358,4.097618948258358,2.898671698123145,2.898671698123145,-3.609999999999999,1048975.678879213,15.89096462882848,6.034051491387422,2.498676968034539,146.038410251838,11.050456081168516,23.13969073461038,0.0,0.0,5.907179729351506,0.0,9.778515705019029,13.764808616296849,0.0,0.0,18.19910120538483,24.26546827384644,28.55235978662054,11.080152209313258,13.575367279421462,39.08780214288074,0.0,9.967957041894415,5.733667477162185,0.0,5.316788604006331,72.0561497962462,0.0,0.0,11.050456081168516,20.28607914786823,0.0,0.0,15.87513677124592,0.0,11.634441682091788,10.357988675768818,54.85825662245742,0.0,21.67537336101065,0.0,80.9,17.541621411443295,13.575367279421462,0.0,17.068700544215584,21.67537336101065,12.13273413692322,6.06636706846161,36.6591554170726,0.0,15.284745645900744,5.733667477162185,28.081740152851264,0.0,20.28495022200289,4.659631466784244,5.661190731700292,-1.9476468148987969,10.270374383913346,3.156426524313429,0.0,0.0,0.0,26,3,5,0,0,0,1,2,2,4,0,0,4,2,7,2,3,0,0,0,0,0,3.6879576468525865,4,3.9037000000000015,95.2026,0,0,0,0,0,2,0,0,0,0,1,1,0,0,0,2,1,1,0,0,0,0,0,0,0,0,0,1,0,2,0,0,0,0,2,0,3,0,0,0,0,0,0,0,2,0,0,0,0,0,0,0,0,0,0,0,0,0,0,0,0,0,0,0,2,0,0,0,0,0,0,1,0,2,0,0,0,0,0,0,0,0,0,0,0,CHEMBL1915651,NC(=O)c1cccc2c1nc(Nc1c(F)cccc1F)c1ccncc12,4.0,0.6020599913279624,CHEMBL4523,Serine/threonine-protein kinase PIM2,0,Medium-Polar-Aromatic-Rigid-Hydrophobic
12.260140279877383,12.260140279877383,0.036655835520859,-0.6083612568231416,0.5147668357844931,15.714285714285714,397.4080000000002,382.2880000000002,397.0620081999999,142,0,0.3361037106601526,-0.507821998252272,0.507821998252272,0.3361037106601526,1.1785714285714286,2.0,2.857142857142857,32.16666560003158,10.116956674195842,2.289884568600991,-2.2281326141998017,2.363169943937341,-2.3091266824666334,8.00555006131725,-0.1452327051756141,2.6589275336670224,1.4485236772876318,1138.9892344244718,19.672997628507925,14.507069323362868,15.323565904290591,13.491203638441377,8.473617825700892,9.353270636955786,6.2278470108778725,7.472411270629685,4.261089978199208,5.536280476780382,2.933605525458982,4.028684805110116,-3.2599999999999993,2481837.6420697314,18.119583515484447,7.396386308376045,3.721467371951321,162.85917559056654,19.57732988970043,17.939413939439063,0.0,5.907179729351506,0.0,11.594891607029837,9.589074368143644,4.794537184071822,0.0,11.761884949391115,12.13273413692322,24.26546827384644,27.977893318602785,17.358145927591746,23.849615653837745,40.29500059748507,0.0,0.0,0.0,23.17312509293888,5.316788604006331,64.5145115425397,0.0,5.749511833283905,10.94237492308432,5.687386274683562,5.749511833283905,11.761884949391115,22.23295044212623,20.93281928645661,0.0,11.984273114623004,62.638108144335824,0.0,10.969244356107035,0.0,105.84,16.844829637012012,19.490138947056177,0.0,30.26741529171658,10.949675706161791,10.582869750201336,29.960986154775945,12.13273413692322,18.19910120538483,5.316788604006331,9.154013890853395,10.331653790469488,1.316049347144224,37.04787271155757,12.273593622547343,0.7906339106599971,-0.8337569105187586,12.9704843241005,-0.09226618270765,-0.1375979465860421,0.0,0.15,28,2,7,0,1,1,1,2,1,3,1,0,7,2,8,2,4,0,0,0,0,1,4.7864085509787655,4,3.044900000000001,103.2785,0,0,0,0,0,0,0,1,0,0,2,2,0,0,0,0,1,0,0,0,0,0,0,0,0,0,0,1,0,1,0,0,0,0,2,0,2,0,0,0,1,1,0,0,0,0,0,0,0,0,0,0,0,0,0,0,0,0,0,0,0,0,0,0,1,1,1,0,0,0,0,0,0,0,0,1,0,0,0,0,0,0,0,0,0,CHEMBL1410686,O=C(CC1Sc2ccccc2NC1=O)OCc1cc(=O)oc2cc(O)ccc12,2710.0,3.432969290874406,CHEMBL2093862,Runt-related transcription factor 1/Core-binding factor subunit beta,0,Medium-Polar-Aromatic-Rigid-Hydrophobic
12.17153823177317,12.17153823177317,0.1881310947206158,-0.2726627870819784,0.7335145231358041,10.12,353.403,338.2830000000001,353.08341234000005,126,0,0.2652664876223508,-0.4967677698382724,0.4967677698382724,0.2652664876223508,1.0,1.8,2.4,32.133474120319015,10.176185373202165,2.0894520468221085,-2.0699734439504716,2.156271179874554,-2.134631296174818,7.117053984197958,0.1014811186935762,3.1807969701318117,1.6145548770061915,859.5966528047687,17.648053602125596,13.353709449251673,14.1702060301794,12.152198343190411,7.418320562709416,8.297973373964311,5.046165686267461,5.993859879266332,3.36012592747973,4.228755594354327,2.0730827285485875,2.6920303347910877,-3.189999999999999,764052.8786014222,16.66023163039469,7.586274804897112,4.212009443410388,148.03674292298334,15.37044016181271,11.567374611118932,0.0,0.0,11.814359458703011,0.0,9.589074368143644,4.983978520947208,0.0,11.336785877934735,6.06636706846161,47.844632249697185,5.563451491696996,23.871174581275472,14.325937321943693,34.65639438915633,0.0,4.983978520947208,0.0,0.0,17.743374749290194,70.54844157517017,0.0,5.749511833283905,15.37044016181271,11.50524905251859,5.749511833283905,11.336785877934735,23.90813552092775,0.0,0.0,20.02967305354194,60.107842889771874,0.0,0.0,0.0,80.32000000000001,0.0,9.589074368143644,0.0,11.814359458703011,27.69535957120079,0.0,17.53362944954781,49.5743670205088,11.446429838927523,15.61755572895987,4.736862953800049,5.060976217662916,1.3636507608033908,28.904713693232917,7.292101921571332,1.054186244835145,0.618327227978134,13.643619932910529,1.495180041152263,0.0,1.567243959853373,0.0555555555555555,25,2,6,0,0,0,2,1,2,3,0,0,5,2,7,2,5,0,0,0,0,0,5.055563818456527,3,3.6563000000000017,97.4564,0,0,0,0,0,1,0,0,0,0,2,2,0,0,0,1,2,0,0,0,0,0,0,0,0,0,0,2,0,2,0,0,0,0,1,0,0,0,0,0,0,1,0,0,0,0,0,0,0,0,0,0,0,0,0,1,0,0,0,0,0,0,0,0,0,0,0,0,0,0,0,0,0,1,0,0,0,0,0,0,0,0,1,0,0,CHEMBL1462503,COc1ccc(C(=O)Nc2ccc(NC(=O)c3cccs3)cn2)cc1,7176.0,3.855882430036035,CHEMBL4374,Photoreceptor-specific nuclear receptor,0,Medium-Polar-Aromatic-Rigid-Hydrophobic
12.781988861941064,12.781988861941064,0.0216930298353905,-5.026951294406652,0.6864557863645322,11.458333333333334,372.3490000000001,365.29300000000006,371.98501874400006,124,0,0.4553206945783246,-0.4591900272716228,0.4591900272716228,0.4553206945783246,1.2083333333333333,2.0,2.5833333333333335,32.13477899883075,10.209396114641788,2.4219465885711338,-2.02976567958109,2.370093023813807,-2.2177374449443557,7.1884714515635135,-0.0881755727280787,3.255211784543913,1.9734537368030651,867.8583104376956,17.319626477379405,11.586450081984712,13.219443243840162,11.359191910946029,6.3709932997193786,8.067142691902,4.4323591787746155,6.3791241385362705,2.810854441440638,4.657004915681139,1.803010507582056,3.522537886150014,-2.46,348695.0311485594,16.399615297160455,6.208900656136103,3.238604883688231,140.30463425313545,4.417150937053347,10.57107518854976,10.891805898713772,0.0,11.690424675716445,6.176298517443475,14.905862972149976,4.983978520947208,13.17124514302446,11.336785877934735,17.403152946396347,23.579163975850744,0.0,11.140310189340356,27.177470448221452,39.49555491142525,0.0,4.983978520947208,0.0,6.176298517443475,5.316788604006331,46.54608865252715,0.0,10.57107518854976,5.316788604006331,18.30280362286379,0.0,22.67357175586947,22.850701714107124,0.0,0.0,20.226468980719385,40.32584497700476,0.0,10.57107518854976,0.0,72.2,22.743870386861214,22.760319511168102,0.0,16.585733893562235,16.213933071636035,11.336785877934735,18.395897132562276,17.512796907389134,0.0,10.300767124953538,4.417150937053347,43.244389624791864,1.6122935038212811,27.33731089117746,3.865440969597715,-0.1045649092970517,-2.688929293167883,6.060167558478344,-3.742775012068394,0.0,0.0,0.0714285714285714,24,1,5,0,0,0,1,0,3,3,0,0,6,1,10,3,4,0,0,0,0,0,4.242649257454967,3,4.461900000000002,82.47369999999998,0,0,0,0,0,1,0,0,0,0,2,2,0,0,0,1,1,0,0,0,0,0,0,0,0,3,0,1,0,1,0,0,0,0,0,0,0,0,0,0,0,0,1,0,3,0,0,0,0,0,0,1,1,0,0,0,0,0,0,0,0,0,0,0,0,0,0,0,0,0,0,0,0,0,0,0,0,0,0,0,1,0,1,0,0,CHEMBL1409901,O=C(Nc1nc(-c2cccs2)c(C(=O)C(F)(F)F)s1)c1ccco1,2220.0,3.346352974450639,CHEMBL2096976,Peroxisome proliferator-activated receptor gamma/Nuclear receptor corepressor 2,0,Medium-Polar-Aromatic-Rigid-Hydrophobic
12.193031812663849,12.193031812663849,0.1410022473631089,-1.0280613601616035,0.6144173241165314,10.074074074074074,363.37300000000016,346.23700000000014,363.121906024,136,0,0.3351808389159538,-0.4850170323722791,0.4850170323722791,0.3351808389159538,0.925925925925926,1.6666666666666667,2.3703703703703702,16.47856456161141,10.18451483728171,2.099441468544768,-2.119986391271003,2.221411226219106,-2.20288758197079,5.998394385685617,0.0696628619628162,2.68268805169505,1.6250198469183497,927.4715657543592,19.06226716449869,14.254482073853566,14.254482073853566,13.114193540729628,8.147406054961357,8.147406054961357,5.586045640709561,5.586045640709561,3.629508512757301,3.629508512757301,2.3022399343037594,2.3022399343037594,-3.869999999999999,1496253.164704604,17.93715179593769,8.482186779337447,5.052264109783285,155.19061340476782,15.160178952647088,6.606881964512918,11.567374611118932,0.0,0.0,12.00041980028992,5.316788604006331,14.573052889090851,0.0,0.0,30.33183534230805,41.96165390246666,11.884229846296638,5.563451491696996,19.4324647167844,23.505668852808512,0.0,4.983978520947208,0.0,6.606881964512918,10.633577208012662,84.0537843080848,0.0,5.749511833283905,15.370440161812713,16.299786236590414,5.749511833283905,0.0,22.09092571607783,6.606881964512918,0.0,15.921440167465814,72.9268813246908,0.0,0.0,0.0,100.55,12.00041980028992,9.589074368143644,0.0,11.381314269532025,18.043780072480384,5.563451491696996,24.26546827384644,18.329577708536295,30.33183534230805,15.61755572895987,9.843390348640757,5.746108147804576,0.0,27.18353687200912,14.143185102646038,1.5951317731403627,-0.3004544742024444,18.404191637901203,1.548258411261658,0.346709196106153,0.0,0.05,27,3,7,0,0,0,2,2,1,3,0,0,4,3,7,1,6,0,0,0,0,0,5.635047104535986,3,4.002800000000002,101.0537,0,0,0,0,1,1,0,0,1,1,2,1,0,0,0,1,2,0,0,0,0,0,0,0,0,0,0,2,0,2,0,0,0,0,2,0,0,0,0,0,0,1,0,0,0,0,0,0,0,0,0,0,0,0,0,0,0,0,0,0,0,0,0,0,0,0,0,0,0,0,0,0,0,1,0,0,0,0,0,0,0,0,0,0,1,CHEMBL201664,O=C(Nc1ccc(C(=O)O)cc1)Nc1ncccc1OCc1ccccc1,140.0,2.146128035678238,CHEMBL1949,Cyclophilin A,0,Medium-Polar-Aromatic-Rigid-Hydrophobic
12.714124694082305,12.714124694082305,0.0161810279667415,-4.510305794385656,0.5799379486796207,11.608695652173912,324.218,317.16200000000003,324.04702474400005,118,0,0.415985506008599,-0.3498281874616472,0.415985506008599,0.3498281874616472,1.173913043478261,1.9565217391304348,2.652173913043478,19.41318070261078,10.146286549566677,2.3039680490970404,-2.103761735109844,2.3518828271868673,-2.0519998400953643,5.914714974737926,-0.3818602657114536,2.9399185949621476,2.0504018592446767,891.547283596941,16.61251969619286,11.1643806920569,11.1643806920569,10.85919191094603,6.200114653672878,6.200114653672878,4.554359765413166,4.554359765413166,3.052676119868474,3.052676119868474,2.0523529961454936,2.0523529961454936,-3.17,178135.54750594645,14.75420735836343,5.230569906268313,2.7763589254919485,125.37088592408786,5.316788604006331,11.204086992299825,0.0,5.516700717616262,0.0,11.863684792127035,10.114318268765572,4.629038936893349,13.17124514302446,0.0,6.06636706846161,40.64516185655894,5.687386274683562,10.486762540514666,22.72359512873548,28.09556025928321,0.0,10.31332651425089,0.0,6.176298517443475,5.316788604006331,52.07597217123222,0.0,0.0,5.316788604006331,30.233403967075148,0.0,0.0,15.236637563068562,6.176298517443475,10.114318268765572,5.563451491696996,41.027241347663015,0.0,11.033401435232523,0.0,94.09,22.350447332641703,23.28556341179003,0.0,22.40817398459965,0.0,12.13273413692322,24.26546827384644,0.0,0.0,20.25915405515057,0.0,42.58615347108132,0.0,10.52034230127236,20.763846633898943,-1.1759097983329112,0.0,7.065873186465945,-4.510305794385656,0.0,0.0,0.0769230769230769,23,1,7,0,0,0,0,2,1,3,0,0,6,1,10,1,3,0,0,0,0,0,3.3553440434564465,3,3.8934000000000006,73.1851,0,0,0,0,0,2,0,0,0,0,0,0,0,0,0,3,1,0,0,0,0,0,0,0,0,3,0,0,0,2,0,0,0,0,2,0,1,0,0,0,0,0,0,0,3,0,0,0,0,0,0,0,0,0,0,0,0,0,1,1,0,0,0,0,0,0,0,0,0,0,0,0,0,0,0,0,0,0,0,0,0,0,0,0,0,CHEMBL2311960,O=[N+]([O-])c1c(Nc2cccc(C(F)(F)F)c2)ccc2nonc12,460.0,2.662757831681574,CHEMBL3885518,Aryl hydrocarbon receptor nuclear translocator/Endothelial PAS domain-containing protein 1,0,Medium-Polar-Aromatic-Rigid-Hydrophobic
13.397913202317962,13.397913202317962,0.0025596702179491,-0.6807173301419336,0.7577370441807156,15.642857142857142,373.41200000000015,354.2600000000001,373.142641468,140,0,0.2583391542615468,-0.4683164614389125,0.4683164614389125,0.2583391542615468,1.2142857142857142,2.0,2.6785714285714284,16.494520405670524,9.875773753679509,2.3545760072039252,-2.2556234435870266,2.4003512408119234,-2.3262599908691532,5.530838837996149,0.3781181301320011,3.2173769823002387,1.8155245246340797,1136.2603578440207,19.67299762850793,15.384238585850488,15.384238585850488,13.596555450524589,8.990876602536606,8.990876602536606,6.696257591159056,6.696257591159056,4.984538826492658,4.984538826492658,3.5897325442834487,3.5897325442834487,-3.72,3703200.906627575,17.681776730506275,7.122532264219973,2.9704301719057744,161.63623858633855,19.454781015806937,23.152085095019885,0.0,5.883099654642741,5.559266895052007,0.0,4.794537184071822,0.0,5.261891554738487,0.0,30.33183534230805,31.040744451236847,18.305051469222647,17.744520533497447,9.154013890853395,0.0,5.261891554738487,4.567099647791355,5.733667477162185,25.807221274690605,0.0,99.18518620428468,0.0,11.81873314607618,16.02979732601424,0.0,5.749511833283905,0.0,4.567099647791355,12.965578028838586,18.254850067221383,28.49898444327829,75.46199184916912,0.0,0.0,0.0,94.18,5.917906046161393,10.056428738810308,0.0,17.015471079764016,23.617967149767917,17.678201109471466,6.263162995639057,22.766200853176183,37.255572541998674,6.069221312792274,14.88768136801558,12.853017327122666,0.0,13.397913202317962,9.60469922878379,8.225006302966467,0.174105912809467,17.30172903569982,2.229674744897959,2.380520912068531,0.0,0.1818181818181818,28,2,6,0,1,1,0,1,2,3,1,0,6,1,6,3,4,0,0,0,0,1,4.497822330420175,4,3.2106000000000012,103.59040000000005,0,0,0,0,0,1,0,0,0,0,0,0,0,0,0,2,0,1,0,0,0,0,0,0,0,0,1,0,0,0,2,0,0,0,1,0,1,0,0,0,0,1,1,0,0,0,0,0,0,0,0,0,0,0,0,0,0,1,0,0,0,0,0,0,0,0,0,0,0,0,0,0,0,1,0,0,0,0,0,0,0,0,0,0,0,CHEMBL1464508,Cc1cc2c(c(=O)n1CCc1ccccc1)C(c1ccco1)C(C#N)=C(N)O2,36300.0,4.559906625036112,CHEMBL2093862,Runt-related transcription factor 1/Core-binding factor subunit beta,0,Medium-Polar-Aromatic-Rigid-Hydrophobic
12.887124748047368,12.887124748047368,0.2137204218106998,-3.744682657785335,0.729814169200257,11.384615384615383,372.4460000000001,352.2860000000002,372.11437812,136,0,0.2616758845459209,-0.4967658832199654,0.4967658832199654,0.2616758845459209,1.0384615384615383,1.7307692307692308,2.3076923076923075,32.23327211583678,10.028960710271097,2.1994854068997745,-2.122991173343214,2.3049178681864486,-2.140211971493027,7.923859779360092,0.3933784332494143,2.94224234615187,1.9986924058118956,1018.401123108118,18.89697674656903,15.029906932146655,15.846403513074382,12.313698932843204,8.023660265068461,9.506823512662857,6.013447174734993,7.664271300980926,4.1419411630246845,5.665228527540544,2.809423638867684,4.139802511487232,-2.799999999999999,712705.2479930598,18.004988662131517,6.837509936679369,3.4326629736035947,152.39487684553413,9.259957890773396,11.509759252158346,0.0,0.0,10.023291153407584,0.0,4.722094864452088,8.417796984328938,0.0,0.0,17.289397394048667,62.229949924773905,11.250837766380558,17.69920901164377,17.677754875102334,15.710677428091143,0.0,5.156663257125445,0.0,25.666695074589647,11.831892405729622,59.48219638465117,0.0,16.876414816677897,9.458957818252138,5.687386274683562,5.749511833283905,0.0,20.684257782731915,10.023291153407584,20.771211599071872,17.0176269054199,51.883147891722395,0.0,11.126902983393991,0.0,81.42999999999999,10.023291153407584,8.417796984328938,0.0,4.895483475517775,22.760597018538903,16.82083097824245,0.0,57.35547435142844,12.990104268152232,9.878758121577532,9.259957890773396,38.66672940430125,0.0,0.2137204218106998,3.9389468312089098,3.402899842453831,1.307730256815269,12.009425255613928,0.0,5.396960271150976,-2.1864122833548536,0.2105263157894736,26,1,6,0,0,0,0,2,1,3,0,0,5,1,7,1,5,0,0,0,0,0,4.734972649504754,3,4.076260000000003,99.95250000000004,0,0,0,0,0,1,0,0,0,0,0,0,0,0,0,1,1,0,0,0,0,0,0,0,0,0,0,0,0,1,3,0,0,0,2,0,0,0,0,0,0,1,0,0,0,0,0,0,0,0,0,0,0,0,0,1,0,0,0,0,0,0,0,0,0,0,0,0,0,0,0,0,0,0,0,0,1,0,0,0,0,0,0,0,0,CHEMBL2181734,COc1ccc(NS(=O)(=O)c2cc(-c3c(C)noc3C)ccc2C)cc1,5600.0,3.7481880270062,CHEMBL1163125,Bromodomain-containing protein 4,0,Medium-Polar-Aromatic-Rigid-Hydrophobic
13.063774547884996,13.063774547884996,0.0344929978164101,-1.6666264723481987,0.5330846128359857,18.214285714285715,394.81400000000014,379.6940000000002,394.07203464,140,0,0.2689441062118741,-0.3629560743659675,0.3629560743659675,0.2689441062118741,1.0,1.6428571428571428,2.2857142857142856,35.495691780207885,9.933990840191475,2.4909262211491856,-2.3464031506145524,2.4281035727686837,-2.437190310461461,6.30108338141995,-0.3844489130552768,2.918547341784935,1.7892926102549132,1066.523510461581,19.888540578131753,14.579660142362751,15.335589088381209,13.407739299442635,8.542547780298147,8.920512253307376,6.5395449799182765,6.975980760390262,4.903429967373482,5.155406282712967,3.4968484625732654,3.622836620243008,-3.22,2758237.3733953717,18.157686761300997,6.742760427082604,2.831220294110589,165.30641819311026,5.106527394840706,0.0,5.724985593970254,0.0,11.594566004035068,0.0,19.80876518368787,0.0,0.0,0.0,54.06550936946378,23.762552697081823,40.39047833166811,4.923311048817671,14.824375627730198,23.195505894267583,0.0,4.899909730850477,0.0,12.269741999882829,0.0,110.18716237083424,0.0,0.0,0.0,5.687386274683562,0.0,11.600939890232516,20.83692790386036,12.269741999882829,10.114318268765572,27.048343150859804,72.79640482153933,5.022633313741326,0.0,0.0,83.67999999999999,10.648296642787924,20.0153828476781,0.0,18.13932240994764,27.27643928052931,0.0,17.032643867773697,60.6636706846161,0.0,0.0,11.600939890232516,0.0,5.9819509758217455,24.808898361477233,23.07744065339248,0.3843917662229517,-0.3135159465020574,19.50068136456875,0.0,0.0879306027966742,0.0,0.0952380952380952,28,1,6,0,1,1,1,3,0,3,1,0,4,1,7,1,4,0,0,0,0,1,4.3726047050522165,4,4.097600000000003,103.86270000000005,0,1,0,0,0,0,0,0,0,0,1,1,0,0,0,2,0,0,0,0,0,0,0,0,0,0,0,1,0,0,0,0,0,0,3,0,1,0,0,0,0,0,0,0,1,0,0,0,0,0,0,0,0,0,0,0,0,0,1,1,1,0,0,0,0,0,0,0,0,0,0,0,0,0,0,0,0,0,0,0,0,0,0,0,0,CHEMBL1688146,O=C1c2ccccc2C(O)(c2ccc(Cl)cc2)N1Cc1ccc([N+](=O)[O-])cc1,2400.0,3.380211241711606,CHEMBL5023,p53-binding protein Mdm-2,0,Medium-Polar-Aromatic-Rigid-Hydrophobic
13.863239166036784,13.863239166036784,0.0151889644746789,-0.7020005826404632,0.5857591504571036,10.761904761904765,308.656,302.608,308.011245952,106,0,0.3234530795508509,-0.3474062215813768,0.3474062215813768,0.3234530795508509,1.238095238095238,2.047619047619047,2.8095238095238093,35.495691777976816,10.18273592765969,2.229725958913369,-2.0816207891237473,2.3446814806757668,-1.9950749703679624,6.305953354645028,-0.3818604014452039,2.910714687344072,2.139171935172017,851.6348634014448,14.98276318419594,10.209065949858047,10.964994895876504,10.07538740046941,5.683782147978638,6.061746620987866,4.077174528317302,4.484374655057907,2.804705505722034,3.096613353072655,1.868996143867479,2.043535472297961,-2.74,85118.0296020027,13.252672746886722,4.983609746593634,2.2505614377809926,120.97813923072044,5.316788604006331,11.204086992299825,5.817220841045894,5.516700717616262,0.0,5.687386274683562,10.114318268765572,9.01945398456817,0.0,0.0,17.667306958694127,34.57879478809733,0.0,15.633330637242558,13.94276503338584,39.69650014951572,0.0,10.31332651425089,0.0,0.0,5.316788604006331,51.28600776586084,0.0,0.0,5.316788604006331,21.452573871725505,0.0,11.600939890232516,15.236637563068562,0.0,15.931539109811467,0.0,34.9608742792014,5.022633313741326,11.033401435232523,0.0,94.09,10.740531889863565,14.504733316440392,0.0,33.118193573024534,0.0,0.0,30.33183534230805,0.0,0.0,20.25915405515057,11.600939890232516,18.33963046947174,5.6737764200330325,10.570525303742896,20.778174515691052,-0.0646773081660629,-0.7020005826404632,7.182348959645586,0.0,0.0,0.0,0.0,21,1,7,0,0,0,0,2,1,3,0,0,6,1,9,1,3,0,0,0,0,0,3.145054717609548,3,3.667100000000001,73.15110000000001,0,0,0,0,0,2,0,0,0,0,0,0,0,0,0,3,1,0,0,0,0,0,0,0,0,0,0,0,0,2,0,0,0,0,2,0,1,0,0,0,0,0,0,0,2,0,0,0,0,0,0,0,0,0,0,0,0,0,1,1,0,0,0,0,0,0,0,0,0,0,0,0,0,0,0,0,0,0,0,0,0,0,0,0,0,CHEMBL2311965,O=[N+]([O-])c1c(Nc2cccc(Cl)c2F)ccc2nonc12,760.0,2.8808135922807914,CHEMBL3885518,Aryl hydrocarbon receptor nuclear translocator/Endothelial PAS domain-containing protein 1,0,Medium-Polar-Aromatic-Rigid-Hydrophobic
11.910617537942125,11.910617537942125,0.2608676729415369,-0.3100001049802636,0.6101104428943623,10.909090909090908,327.3900000000001,318.3180000000001,327.013618528,108,0,0.2926306887198107,-0.4591900272805258,0.4591900272805258,0.2926306887198107,1.1363636363636365,2.0454545454545454,2.863636363636364,32.13476646581742,10.330565608207111,2.1343172099931076,-1.9624850812798111,2.3148703642517807,-2.098821108428206,7.216818573198385,0.0996428082932628,3.26354128476702,1.5941143329711294,907.686811129982,14.940946820939052,11.146222506372377,12.77921566822783,10.792826335683708,6.457819642996524,8.153969035179145,4.456066929999912,6.344818663784296,2.9826176526107155,4.7992473903986435,1.9776277547538832,3.668795551005351,-2.51,276640.604085846,13.173669101686617,5.358177636587948,2.402737404376294,132.8179342282015,4.417150937053347,10.701551691701226,10.891805898713772,0.0,5.907179729351506,0.0,10.111325788078153,9.967957041894415,0.0,22.67357175586947,12.13273413692322,24.26546827384644,5.380062770465915,16.47978362972442,9.211688121125167,43.92893059914567,0.0,9.967957041894415,0.0,0.0,5.316788604006331,53.801675595749074,0.0,10.701551691701226,5.316788604006331,5.131558479839333,0.0,22.67357175586947,15.87513677124592,0.0,0.0,10.554784602946263,52.45857911392798,0.0,20.918172325786585,0.0,68.02000000000001,0.0,4.794537184071822,0.0,11.667427148225949,5.131558479839333,20.918172325786585,17.599948873573794,23.469520014857956,29.645531044312357,15.284745645900744,4.417150937053347,6.170642374884348,2.944014025363231,20.885865396344744,5.9714217739564965,1.7200148395242194,-0.0491324320387267,11.228884660179752,1.461622695119268,0.0,0.0,0.0,22,1,5,0,0,0,1,1,3,4,0,0,6,1,7,3,3,0,0,0,0,0,3.208493598748494,4,4.265100000000002,87.3892,0,0,0,0,0,2,0,0,0,0,1,1,0,0,0,2,1,0,0,0,0,0,0,0,0,0,0,1,0,1,0,0,0,0,1,0,1,0,0,0,0,0,1,0,0,0,0,0,0,0,0,0,0,0,0,0,0,0,0,0,0,0,0,0,1,0,0,0,0,0,0,0,0,0,0,0,0,0,0,0,2,0,0,0,0,CHEMBL1482795,O=C(Nc1nc(-c2nc3ccccc3s2)cs1)c1ccco1,2438.0,3.387033701282363,CHEMBL4374,Photoreceptor-specific nuclear receptor,0,Medium-Polar-Aromatic-Rigid-Hydrophobic
10.118283100277148,10.118283100277148,0.0080151643990928,0.0080151643990928,0.5172079672645538,14.909090909090908,331.46600000000024,314.3300000000001,331.081304164,114,0,0.2330012557820133,-0.4921501715306547,0.4921501715306547,0.2330012557820133,1.0909090909090908,1.818181818181818,2.5454545454545454,32.13359056608232,9.860732877494607,2.2394894560620893,-2.2113074024824435,2.4199119239540012,-2.097871126139343,7.796363607221544,0.4544652251312345,2.8509250026844812,2.1850705804953847,901.6640260824546,15.430356941388643,12.55009366189947,14.261017433827112,10.558550648063802,7.597585126624308,8.86129530305199,6.12311708617963,7.522187852942409,4.332944368563336,5.601752268846769,3.40862577716194,4.643935339389597,-1.3999999999999997,162357.32797787854,14.208733122665905,5.061972588013975,2.0054355090220546,137.59210345906314,5.106527394840706,9.530316336089664,5.156436481820707,5.879988336435371,0.0,0.0,0.0,9.967957041894415,4.983978520947208,23.96557502594773,13.847474399381248,42.72809552125942,11.080152209313257,5.516700717616262,5.106527394840706,44.39881629411845,0.0,14.951935562841625,0.0,50.60510341906739,0.0,16.82083097824245,0.0,5.879988336435371,0.0,0.0,5.879988336435371,23.96557502594773,20.05846295768233,12.84164324585202,0.0,49.427854669637114,5.156436481820707,0.0,20.43324126817072,0.0,58.900000000000006,0.0,5.106527394840706,0.0,5.879988336435371,15.7742624444512,28.57496459755364,40.99926010202921,0.0,0.0,36.444220589288655,4.983978520947208,0.7166477702191991,5.693175565493687,14.300371630133537,11.529667868690687,4.773201688082641,0.4122588515859012,0.0,4.575709841549789,4.387855673133451,0.0,0.4375,22,1,4,1,0,1,0,0,3,3,0,0,6,2,6,3,1,0,0,0,0,0,3.2692826171518643,4,4.236000000000003,92.36380000000004,0,0,0,0,0,3,0,1,0,0,0,0,0,0,0,3,0,0,0,0,0,0,1,0,0,0,0,0,0,0,1,0,0,0,0,0,5,0,0,0,0,0,0,0,0,0,0,0,0,0,0,0,0,0,0,0,0,0,0,0,0,0,0,0,0,0,0,0,0,0,0,0,0,1,0,0,0,0,0,0,0,0,1,0,0,CHEMBL1580962,CC(C)c1nc2sc3c(O)nc(S)nc3c2c2c1CCCC2,1903.0,3.2794387882870204,CHEMBL4374,Photoreceptor-specific nuclear receptor,0,Medium-Polar-Aromatic-Rigid-Hydrophobic
12.485374622071047,12.485374622071047,0.0927454963466869,-0.5392541152263373,0.5864388287440693,11.181818181818182,338.77200000000005,327.684,338.012805512,114,0,0.3256728571242832,-0.4646540323081353,0.4646540323081353,0.3256728571242832,1.5,2.272727272727273,3.0,35.49569176795616,10.218904254602553,2.1574421185639614,-2.0484318012981544,2.2703262850859884,-2.2620068597998637,7.709943526898878,-0.1434204797087557,2.819636699224496,2.2519723494015564,1001.6445733430908,15.853006672199015,11.512683890770472,13.085109417716655,10.507239053047549,6.514537647500219,7.300750410973309,4.573138926624818,5.39627303816379,3.1590476148104436,3.716593328005256,2.2131151638517315,2.634741328941115,-2.1199999999999997,115540.25302412218,14.802181485182595,5.583074218125631,2.420279824780766,133.79673325679994,14.137992411800605,17.644477265171076,4.771065770590158,5.583020141642242,5.559266895052007,5.969305287951848,14.156174015934996,0.0,0.0,0.0,11.600939890232516,37.34071184812215,10.408857528206122,6.606881964512918,13.948551074925216,51.85708383659661,0.0,9.551078168738565,0.0,13.4684936056032,6.606881964512918,38.34660436884014,0.0,0.0,5.559266895052007,0.0,0.0,23.81881333327921,22.12726542120333,16.076156543784446,4.771065770590158,6.923737199690624,27.41078932651,5.022633313741326,22.068965215365544,0.0,77.22999999999999,11.528572183003856,9.589074368143644,0.0,23.505724282657894,21.508578387464627,4.567099647791355,0.0,25.122838405075452,0.0,4.983978520947208,32.97282722413261,11.618891608832085,11.120580454791682,26.979409175630764,1.179819660825253,0.5814205929285303,-0.5392541152263373,5.0186747536607745,0.0,1.6515689796683577,0.0,0.2142857142857142,22,1,6,0,0,0,0,1,2,3,0,0,6,1,8,2,3,0,0,0,0,0,3.756439900997251,3,3.021790000000001,84.80770000000004,0,0,0,0,0,2,1,0,0,0,1,1,0,0,0,1,1,0,0,0,0,1,0,0,0,0,0,0,0,0,0,0,0,0,1,0,3,0,0,0,1,1,1,0,1,0,0,0,0,0,0,0,0,0,0,0,0,0,0,0,0,0,0,0,0,0,0,0,0,0,0,0,0,0,0,0,0,0,0,0,0,0,0,0,0,CHEMBL1536779,CCOC(=O)Cn1c(=S)[nH]c2c(oc3ccc(Cl)cc32)c1=O,1492.0,3.17376882313665,CHEMBL4374,Photoreceptor-specific nuclear receptor,0,Medium-Polar-Aromatic-Rigid-Hydrophobic
12.536243106440615,12.536243106440615,0.0082200620147048,-0.5204025993113295,0.4795700593055968,11.607142857142858,395.4440000000002,378.3080000000001,395.1052104040001,142,0,0.238708873633887,-0.4922151444488932,0.4922151444488932,0.238708873633887,1.3571428571428572,2.107142857142857,2.7142857142857144,32.166683501555546,10.08331877815073,2.2290877823352115,-2.135053196137166,2.3134349294873005,-2.2462154446120453,8.000351458995247,-0.1153375486398857,3.1039439125283184,1.8691175264009816,1029.7935188261322,20.0956473593183,15.20937151440531,16.025868095333035,13.511570350697117,8.487960544134028,9.36761335538892,5.858018088816469,7.027904314610945,3.818559709098665,5.043879710872062,2.471030319596811,3.34130581649426,-3.38,2471956.1003862526,19.383479214094237,8.539403045819567,4.294281004802157,165.16118147337212,14.946410935820383,17.39292022336371,10.974299259655735,11.787168065786876,0.0,0.0,4.794537184071822,4.983978520947208,10.245870075685694,0.0,54.17412074851523,13.344558822616634,11.629818560158606,10.943866024830635,14.424159515885876,23.48692745657765,5.261891554738487,15.12462029901986,0.0,30.674670534110135,5.316788604006331,47.7219013213411,0.0,23.2065891357731,5.316788604006331,5.817862777835028,5.879988336435371,11.761884949391115,31.388265453194244,4.794537184071822,18.254850067221383,24.66825773318807,46.07773382956372,0.0,11.257379486545457,0.0,124.93,11.129926366417546,15.162956133651017,0.0,16.62706770286921,29.256311306180937,11.761884949391115,0.0,25.122838405075456,31.192059717867725,20.44140890302619,4.523094936973348,4.943123569813963,1.102990835222978,20.9295804815141,25.653971544242697,0.9868351213814788,0.2173351198544419,12.584597663224038,0.4981420855379186,3.5834235792083846,0.0,0.2105263157894736,28,2,8,0,0,0,1,1,2,3,1,0,8,2,9,2,6,0,0,0,0,1,5.911547908550593,3,3.5267000000000017,103.65350000000002,0,0,0,0,0,3,0,1,0,0,1,1,0,0,0,4,1,0,0,0,0,0,0,0,0,0,0,1,0,1,1,0,0,0,1,0,0,0,0,0,0,0,0,0,0,0,0,0,0,0,0,0,0,0,0,0,0,1,0,0,0,0,0,0,0,0,0,0,0,0,0,0,0,0,0,1,0,0,0,0,0,0,0,0,0,CHEMBL1542646,CCC(Sc1nc(O)c(C#N)c(-c2ccccc2)n1)C(=O)Nc1cc(C)on1,4415.0,3.6449307079135873,CHEMBL2096976,Peroxisome proliferator-activated receptor gamma/Nuclear receptor corepressor 2,0,Medium-Polar-Aromatic-Rigid-Hydrophobic
13.076669973544972,13.076669973544972,0.3202581114750424,-1.248256172839506,0.6047839475937631,29.653846153846153,392.24200000000013,377.1220000000001,391.0490467,134,0,0.2498235310878978,-0.323754268747957,0.323754268747957,0.2498235310878978,1.1538461538461535,1.8846153846153848,2.576923076923077,35.49678442046285,9.74193960699783,2.6514790389241663,-2.2944604538134157,2.521687217540923,-2.481320378565338,6.3099473809457,-0.5258633425603267,3.020196505382766,1.97653109510383,935.6473794764617,18.63746372257519,13.701390104806263,15.213247996843174,12.341078271284632,8.124879296057667,8.880808242076121,6.693678320291146,7.566549881235116,5.2396854757973825,5.7098796813728585,4.289631100762391,4.660461579130332,-2.1499999999999995,912754.7272672636,17.27317655503886,5.94138143016057,2.3299240094460827,159.1872423484052,5.316788604006331,5.538925252383345,0.0,11.949020558499466,0.0,0.0,20.225644056843727,0.0,0.0,0.0,41.40098098584986,36.75265696523406,26.21941544268088,11.959746875309351,9.717848232889493,34.7964457845001,0.0,5.316788604006331,0.0,30.46425015653128,5.316788604006331,73.75105735887348,0.0,0.0,10.633577208012662,5.687386274683562,0.0,23.20187978046503,22.914172436465098,10.333462436455168,10.114318268765572,23.96854622924601,42.46456947923127,10.045266627482652,0.0,0.0,84.27,23.54051295684066,14.908855452837392,0.0,10.830490778169176,26.859555885560205,0.0,0.0,49.38830667892189,0.0,10.633577208012662,23.20187978046503,0.0,12.181960799458544,24.62963407379413,18.86163270555136,0.6270230221718329,-1.0374373267825654,10.486238771522109,0.0,1.7231701765068168,0.0,0.2777777777777778,26,2,6,0,2,2,1,2,0,2,4,0,4,2,8,2,2,0,1,1,1,0,3.947174247076646,4,3.561600000000001,99.33280000000003,0,0,0,0,0,0,0,0,0,0,1,1,0,0,0,1,2,0,0,0,0,0,0,0,0,0,0,1,0,1,0,0,0,0,2,0,2,0,0,0,0,0,0,0,2,0,0,0,0,0,0,0,0,0,0,0,0,0,1,0,0,0,0,0,0,0,0,0,0,0,0,0,0,0,0,0,0,0,0,0,0,0,0,0,0,CHEMBL4750195,C[C@@H]1N[C@@]2(C(=O)Nc3cc(Cl)ccc32)[C@@H](c2cccc(Cl)c2)[C@@H]1[N+](=O)[O-],40000.0,4.6020599913279625,CHEMBL1907611,Tumour suppressor p53/oncoprotein Mdm2,3,Medium-Polar-Aromatic-Rigid-Hydrophobic
12.890513582971195,12.890513582971195,0.0225656651549506,-4.652088201793063,0.5450545976157427,11.666666666666666,358.663,352.6150000000001,358.008052392,124,0,0.417418409176945,-0.3498267772121335,0.417418409176945,0.3498267772121335,1.2083333333333333,1.9583333333333333,2.625,35.49569189751478,10.142928334639011,2.332691933843292,-2.1212014805104404,2.3815904791090445,-2.065254234496075,6.310988016847803,-0.3818602697558178,2.9532382290142567,2.0747200695256445,941.8468861103388,17.482763184195935,11.4649948958765,12.220923841894956,11.269875513468987,6.305763556844157,6.683728029853385,4.668180639684333,5.075380766424939,3.1345392561258905,3.464127477165936,2.0993416710825477,2.3240330796192734,-2.88,257826.55710763164,15.994630332491234,5.637781873881697,2.8274420401186444,135.67415215096952,5.316788604006331,11.204086992299825,0.0,5.516700717616262,0.0,11.863684792127035,10.114318268765572,4.629038936893349,13.17124514302446,0.0,11.600939890232516,40.64516185655894,5.687386274683562,15.509395854255992,22.72359512873548,39.69650014951572,0.0,10.31332651425089,0.0,6.176298517443475,5.316788604006331,51.032238416511944,0.0,0.0,5.316788604006331,30.233403967075148,0.0,11.600939890232516,15.236637563068562,6.176298517443475,10.114318268765572,5.563451491696996,34.9608742792014,5.022633313741326,11.033401435232523,0.0,94.09,27.373080646383027,23.28556341179003,0.0,22.40817398459965,0.0,12.13273413692322,18.19910120538483,0.0,0.0,20.25915405515057,11.600939890232516,43.11360296603082,5.542350315496058,10.532491649694858,20.27916261668426,-1.558444144375855,0.0,5.770702576040704,-4.652088201793063,0.0,0.0,0.0769230769230769,24,1,7,0,0,0,0,2,1,3,0,0,6,1,11,1,3,0,0,0,0,0,3.757259873664894,3,4.546800000000001,78.19510000000001,0,0,0,0,0,2,0,0,0,0,0,0,0,0,0,3,1,0,0,0,0,0,0,0,0,3,0,0,0,2,0,0,0,0,2,0,1,0,0,0,0,0,0,0,4,0,0,0,0,0,0,0,0,0,0,0,0,0,1,1,0,0,0,0,0,0,0,0,0,0,0,0,0,0,0,0,0,0,0,0,0,0,0,0,0,CHEMBL2311967,O=[N+]([O-])c1c(Nc2ccc(Cl)c(C(F)(F)F)c2)ccc2nonc12,90.0,1.954242509439325,CHEMBL3885518,Aryl hydrocarbon receptor nuclear translocator/Endothelial PAS domain-containing protein 1,0,Medium-Polar-Aromatic-Rigid-Hydrophobic
13.114353887688123,13.114353887688123,0.0642134353741488,-4.758893757348619,0.4328041521165832,11.68,356.23500000000007,348.1710000000001,356.053252996,130,0,0.4163454360631706,-0.3753219048944338,0.4163454360631706,0.3753219048944338,1.2,1.96,2.64,19.41321209383397,10.065831789870185,2.33529440729351,-2.138653020929059,2.3463292268502207,-2.125539427838268,5.901179720569654,-0.3818913319356147,2.998520446569656,1.9641505418048637,954.8901217575768,18.18986996538248,12.17210167706305,12.17210167706305,11.76987551346899,6.762870338030706,6.762870338030706,5.003577563077052,5.003577563077052,3.430375967710519,3.430375967710519,2.322520308911247,2.322520308911247,-3.24,426359.6222977394,16.611953882256913,5.998604434729998,3.2030548891863013,135.9013634414107,5.316788604006331,17.021307833345716,0.0,5.516700717616262,0.0,11.863684792127035,10.114318268765572,9.01945398456817,13.17124514302446,0.0,6.06636706846161,40.14224627979433,6.544756405912575,10.486762540514666,27.1140101764103,22.40817398459965,0.0,10.31332651425089,0.0,12.72105492335605,5.316788604006331,57.390277435513504,0.0,0.0,5.316788604006331,28.936432740066408,0.0,0.0,15.236637563068562,12.72105492335605,15.931539109811467,11.126902983393991,34.9608742792014,0.0,11.033401435232523,0.0,94.09,34.712424579600174,27.67597845946485,0.0,22.284239201613083,6.06636706846161,12.13273413692322,12.13273413692322,0.0,0.0,20.25915405515057,0.0,56.5270810677985,0.0,10.496572253512417,20.68874947336347,-1.9642220698923856,-1.030419770091487,4.867769707420005,-4.758893757348619,-0.4099702380952381,0.0,0.1428571428571428,25,1,7,0,0,0,0,2,1,3,0,0,6,1,11,1,4,0,0,0,0,0,3.985941609105461,3,3.9010000000000007,77.1871,0,0,0,0,0,2,0,0,0,0,0,0,0,0,0,3,1,0,0,0,0,0,0,0,0,3,0,0,0,1,0,0,0,0,2,0,1,0,0,0,0,0,0,0,4,0,0,0,0,0,0,0,0,0,0,0,0,0,1,1,0,0,0,0,0,0,0,0,0,0,0,0,0,0,0,0,0,0,0,0,0,0,0,0,0,CHEMBL2311951,O=[N+]([O-])c1c(NCc2ccc(F)cc2C(F)(F)F)ccc2nonc12,500.0,2.6989700043360187,CHEMBL3885518,Aryl hydrocarbon receptor nuclear translocator/Endothelial PAS domain-containing protein 1,0,Medium-Polar-Aromatic-Rigid-Hydrophobic
12.922718962585034,12.922718962585034,0.2063147203325779,-3.7648285147392273,0.729814169200257,11.384615384615383,372.4460000000001,352.2860000000001,372.11437812,136,0,0.2616779641979548,-0.49668739306373,0.49668739306373,0.2616779641979548,1.0769230769230769,1.8461538461538465,2.5,32.23327211650354,10.02896061319073,2.200926318771,-2.125439852582873,2.306356081273905,-2.1410278282634554,7.923864683998027,0.3933782083430798,2.9357606572707464,2.030501070696283,1035.651123108118,18.89697674656903,15.029906932146655,15.846403513074382,12.313698932843204,8.023660265068461,9.506823512662857,6.0169014984289415,7.6677256246748735,4.121660796694956,5.644948161210816,2.8369215714092086,4.158184627383658,-2.799999999999999,702451.1955078006,18.004988662131517,6.837509936679369,3.4326629736035947,152.39487684553416,9.259957890773396,11.509759252158346,0.0,0.0,10.023291153407584,0.0,4.722094864452088,8.417796984328938,0.0,0.0,23.355764462510276,50.097215787850686,11.629818560158606,23.38659528632733,17.677754875102334,15.710677428091143,0.0,5.156663257125445,0.0,25.666695074589647,11.831892405729622,59.48219638465117,0.0,16.876414816677897,9.458957818252138,5.687386274683562,5.749511833283905,0.0,20.684257782731915,10.023291153407584,20.771211599071872,17.0176269054199,51.883147891722395,0.0,11.126902983393991,0.0,81.42999999999999,10.023291153407584,8.417796984328938,0.0,4.895483475517775,22.760597018538903,16.82083097824245,7.109797541277533,50.245676810150904,12.990104268152232,9.878758121577532,9.259957890773396,38.78907969200441,0.0,0.2063147203325779,3.9396883139371552,3.3597701806337272,1.223934891066926,12.071118929754842,0.0,5.392333017828599,-2.232239745558231,0.2105263157894736,26,1,6,0,0,0,0,2,1,3,0,0,5,1,7,1,5,0,0,0,0,0,4.734972649504754,3,4.076260000000003,99.9525,0,0,0,0,0,1,0,0,0,0,0,0,0,0,0,1,1,0,0,0,0,0,0,0,0,0,0,0,0,1,3,0,0,0,2,0,0,0,0,0,0,1,0,0,0,0,0,0,0,0,0,0,0,0,0,1,0,0,0,0,0,0,0,0,0,0,0,0,0,0,0,0,0,0,0,0,1,0,0,0,0,0,0,0,0,CHEMBL2181732,COc1cccc(NS(=O)(=O)c2cc(-c3c(C)noc3C)ccc2C)c1,1900.0,3.278753600952829,CHEMBL1795186,Bromodomain-containing protein 3,0,Medium-Polar-Aromatic-Rigid-Hydrophobic
11.387848267699663,11.387848267699663,0.1949930102711699,-0.9940355234078868,0.3735104457134035,11.666666666666666,377.4250000000001,362.3050000000001,377.08341233999994,134,0,0.3359353167562853,-0.4776218698933285,0.4776218698933285,0.3359353167562853,1.1111111111111112,1.8888888888888888,2.7037037037037037,32.133549116366964,10.059720275664835,2.1453498276699654,-2.023126964428359,2.2720522371026783,-1.9883427572755936,7.217231204538632,0.0697231941803437,3.3258188103140336,1.5716147276082189,1126.9707391736924,18.80275414050485,14.339888349787724,15.15638493071545,13.11419354072963,8.204038855811763,9.02053543673949,5.810393016787328,6.841041898713696,3.998656263567996,4.939713804353508,2.6683668763997748,3.4768133070756,-3.4499999999999993,2575055.1237113643,16.988496813389084,7.0468062431763645,3.448456546753082,158.34749946392782,9.523678331894054,11.471932421645144,5.7602474188744415,5.131558479839333,0.0,5.969305287951848,5.425791397110385,9.778515705019029,5.101407525739722,0.0,41.668621220242784,37.255572541998674,5.563451491696996,15.780072125782358,14.318215515965877,38.36595528258198,0.0,4.983978520947208,5.101407525739722,6.923737199690624,5.425791397110385,71.98736959518754,0.0,11.323698910571435,5.425791397110385,5.131558479839333,0.0,11.336785877934735,21.771496206510463,0.0,0.0,23.04197329433388,70.18222914740917,0.0,21.5403195446568,0.0,87.72,5.969305287951848,9.901064578912528,0.0,5.563451491696996,27.92718981205591,10.216620634085364,11.336785877934735,36.39820241076966,31.18920547353706,15.511177443797315,4.417150937053347,6.900412672931022,1.516505977454751,15.854445723307762,14.354016999281248,5.23047621475631,0.0442422864279141,18.121691036649757,0.0,1.811542422524565,0.0,0.05,27,2,6,0,0,0,0,2,2,4,0,0,6,2,7,2,5,0,0,0,0,0,4.433875755806369,4,5.090600000000003,106.55700000000004,0,0,0,0,1,1,0,0,1,1,1,0,0,0,0,2,1,0,0,0,0,0,0,0,0,0,0,0,0,1,0,0,0,0,2,0,1,0,0,0,0,0,1,0,0,0,1,0,0,0,0,0,0,0,0,0,0,0,0,0,0,0,0,0,1,0,0,0,0,0,0,0,0,0,0,0,0,0,0,0,1,0,0,0,0,CHEMBL2398294,C/C(=N\Nc1nc2ccccc2s1)c1ccc(-c2ccccc2C(=O)O)o1,6300.0,3.7993405494535817,CHEMBL4625,Apoptosis regulator Bcl-X,0,Medium-Polar-Aromatic-Rigid-Hydrophobic
12.781530804853316,12.781530804853316,0.0641409803386712,-0.686498993271665,0.4403631265168282,10.77777777777778,364.3970000000001,344.2370000000001,364.1310737399999,138,0,0.2008619698586331,-0.5039634645862077,0.5039634645862077,0.2008619698586331,0.8148148148148148,1.4074074074074074,2.0,16.48062392564906,9.94000425139712,2.228893155242408,-2.1406972174684835,2.431794766227794,-2.0372243845357803,6.1111978762209755,0.1030680687377163,2.6684186052404595,1.9004409112418208,960.2433520546874,19.551677284948287,15.00899032851349,15.00899032851349,12.879917853109722,8.5359695786783,8.5359695786783,6.482491577206257,6.482491577206257,4.239049952048757,4.239049952048757,2.7363134284387063,2.7363134284387063,-3.4699999999999993,1162832.7861172664,18.3249450497859,7.414675047065999,3.719122591251124,156.6631285753502,20.056445138322168,11.49902366656781,17.28226861293275,5.749511833283905,0.0,0.0,4.794537184071822,0.0,0.0,0.0,32.046575604766076,48.382475525392664,11.126902983393991,5.563451491696996,24.85098232239399,5.783244946364939,0.0,0.0,0.0,19.76538044554264,0.0,77.3540251597071,0.0,28.747559166419524,4.736862953800049,0.0,28.747559166419524,0.0,21.102827130887057,0.0,0.0,41.250272104705445,60.6636706846161,0.0,0.0,0.0,86.99000000000001,23.031780446216658,20.11411936859394,0.0,11.48135753785839,22.6259266499618,0.0,6.06636706846161,24.26546827384644,44.179309741689295,0.0,4.736862953800049,5.6941978440697785,0.0,12.781530804853316,30.023223658751533,0.6471448378451106,-1.079574503349095,17.136827057672566,0.0,3.629983633490127,0.0,0.1363636363636363,27,3,5,0,0,0,0,3,0,3,0,0,5,3,5,0,5,0,0,0,0,0,5.032352325907523,3,4.950100000000005,101.91590000000004,0,0,0,0,0,0,0,3,0,0,1,1,0,0,0,0,0,0,0,0,0,0,0,0,0,0,0,0,0,0,0,0,0,0,3,0,0,0,0,0,0,1,0,0,0,0,0,0,0,0,0,1,0,0,0,0,0,0,0,0,0,0,0,0,1,3,3,0,0,0,0,0,0,0,0,0,0,0,0,0,0,0,0,0,0,CHEMBL270268,CC(C)c1cc(C(=O)c2ccc(Oc3ccccc3)cc2)c(O)c(O)c1O,3060.0,3.48572142648158,CHEMBL4361,Induced myeloid leukemia cell differentiation protein Mcl-1,0,Medium-Polar-Aromatic-Rigid-Hydrophobic
12.17547780031817,12.17547780031817,0.0534421970813354,-0.535079470059628,0.5031651560329278,10.074074074074074,364.36100000000016,348.2330000000001,364.117154992,136,0,0.324452203564747,-0.4850170323722791,0.4850170323722791,0.324452203564747,1.0,1.7407407407407407,2.4444444444444446,16.62830324013337,10.219726045398046,2.1043383579959283,-2.1186764143897343,2.224608474742519,-2.202027201019798,5.9948718240719305,-0.3844290654784973,2.68268805169505,1.6250198469183497,929.9543923988416,19.06226716449869,14.16273036431743,14.16273036431743,13.114193540729628,8.058430281399536,8.058430281399536,5.507526616538475,5.507526616538475,3.5757809801971727,3.5757809801971727,2.272581343116486,2.272581343116486,-3.939999999999999,1496253.164704604,17.869326570739403,8.433987529864229,5.017978876269642,154.52289116063127,10.05365155780638,6.606881964512918,11.567374611118932,0.0,5.687386274683562,6.031114512338072,15.431106872771904,9.778515705019029,0.0,0.0,30.33183534230805,29.828919765543436,24.01696398321986,4.923311048817671,14.454711186689542,23.223749839540226,0.0,4.983978520947208,0.0,6.606881964512918,10.633577208012662,88.60465108515339,0.0,5.749511833283905,15.370440161812713,21.987172511273975,5.749511833283905,0.0,15.93840408210295,6.606881964512918,10.114318268765572,5.563451491696996,72.9268813246908,0.0,0.0,0.0,106.39,10.954425561155745,14.908855452837392,0.0,11.50524905251859,18.043780072480384,5.563451491696996,30.462311845459517,12.13273413692322,30.33183534230805,15.61755572895987,4.736862953800049,5.7364088824234925,0.0,26.45408009220786,15.862815071529926,1.3525017901807097,0.70189386347846,18.015263932770953,1.5385591458805743,0.3384772215280247,0.0,0.0526315789473684,27,2,8,0,0,0,2,2,1,3,0,0,5,2,8,1,6,0,0,0,0,0,5.5818399060995425,3,4.212800000000002,100.7488,0,0,0,0,0,1,0,0,0,0,1,1,0,0,0,2,2,0,0,0,0,0,0,0,0,0,0,2,0,2,0,0,0,0,2,0,0,0,0,0,0,1,0,0,0,0,0,0,0,0,0,0,0,0,0,0,0,0,1,1,1,0,0,0,0,0,0,0,0,0,0,0,0,1,0,0,0,0,0,0,0,0,0,0,1,CHEMBL203193,O=C(Nc1ccc([N+](=O)[O-])cc1)Nc1ncccc1OCc1ccccc1,14.0,1.146128035678238,CHEMBL1949,Cyclophilin A,0,Medium-Polar-Aromatic-Rigid-Hydrophobic
12.325068770965686,12.325068770965686,0.2917163223314021,-0.5090028449651458,0.6316727643858113,10.035714285714286,377.40000000000015,358.24800000000016,377.137556088,142,0,0.3374199365184235,-0.4850170323722791,0.4850170323722791,0.3374199365184235,0.9642857142857144,1.7857142857142858,2.5714285714285716,16.523503884067864,10.177199232931828,2.110058360607103,-2.1221861032196396,2.222643373119962,-2.2050979802803052,6.004878895118615,0.0600473851620892,2.7312611778375397,1.649557561111733,960.629223765093,19.769373945685235,15.215516768817473,15.215516768817473,13.652198343190411,8.536171692907173,8.536171692907173,5.775929023792223,5.775929023792223,3.7813265046615174,3.7813265046615174,2.447874858864045,2.447874858864045,-3.869999999999999,2576475.1443671305,18.90731100744621,9.178720830255225,5.0735571077336825,161.8748669964753,14.790514511606428,6.606881964512918,11.567374611118932,0.0,0.0,12.00041980028992,5.316788604006331,14.573052889090851,0.0,0.0,36.39820241076966,35.89528683400505,11.884229846296638,12.673249032974528,19.06280027574374,23.505668852808512,0.0,4.983978520947208,0.0,6.606881964512918,17.743374749290194,84.0537843080848,0.0,5.749511833283905,15.370440161812713,16.299786236590414,5.749511833283905,0.0,24.09419586251466,11.343744918312968,0.0,15.921440167465814,72.9268813246908,0.0,0.0,0.0,89.55,12.00041980028992,9.589074368143644,0.0,0.0,29.42509434201241,5.563451491696996,13.176164609739144,36.52867891392113,30.33183534230805,20.354418682759917,4.736862953800049,10.450420943591116,0.0,28.084543270897317,5.313022852468199,1.7865596539395667,0.2594912850810427,19.064232530721775,1.5583998083980046,0.3511973898600811,1.298798931709563,0.0952380952380952,28,2,7,0,0,0,2,2,1,3,0,0,5,2,7,1,6,0,0,0,0,0,6.1980331924343,3,4.091200000000002,105.4339,0,0,0,0,0,1,0,0,0,0,2,2,0,0,0,1,2,0,0,0,0,0,0,0,0,0,0,2,0,2,0,0,0,0,2,0,0,0,0,0,1,2,0,0,0,0,0,0,0,0,0,0,0,0,0,1,0,0,0,0,0,0,0,0,0,0,0,0,0,0,0,0,0,1,0,0,0,0,0,0,0,0,0,0,1,CHEMBL382567,COC(=O)c1cccc(NC(=O)Nc2ncccc2OCc2ccccc2)c1,748.0,2.8739015978644615,CHEMBL1949,Cyclophilin A,0,Medium-Polar-Aromatic-Rigid-Hydrophobic
13.42365919343333,13.42365919343333,0.1626316714957585,-0.428652683770413,0.4907304109242962,11.10344827586207,394.402,375.25000000000017,394.132885308,148,0,0.3359621562156153,-0.4836433258091815,0.4836433258091815,0.3359621562156153,1.1724137931034482,2.0344827586206895,2.896551724137931,19.142146713067596,10.112571481210184,2.0818929076686645,-2.082821903371436,2.220862225521134,-2.300808393877822,5.83521489954675,-0.1225598861856472,3.0781897362986963,1.3232300002323254,1258.8757286100536,20.38010440969447,15.75108013194133,15.75108013194133,13.991203638441377,9.189706550843328,9.189706550843328,6.798861102178579,6.798861102178579,4.738730232444403,4.738730232444403,3.288994591420131,3.288994591420131,-3.609999999999999,4847936.439578642,18.73939287866469,7.788994391617553,4.133156689339024,164.84250122216642,19.454781015806933,17.149752815972043,6.606881964512918,0.0,5.907179729351506,5.625586319077987,4.794537184071822,9.184952231746642,0.0,0.0,0.0,54.80329714831867,41.16348326099472,0.0,18.33896612260003,27.7793490175396,0.0,10.300767124953538,0.0,13.344558822616634,13.151638370425491,76.02566037843404,0.0,5.749511833283905,15.679237876884368,4.39041504767482,5.749511833283905,0.0,24.042796620724207,11.21535880699783,12.74095804073652,11.126902983393991,57.87310117196952,0.0,21.872169288188097,0.0,84.32999999999998,5.625586319077987,13.979489415818463,0.0,18.33128253491032,24.298110003764737,27.41605212993985,18.19910120538483,24.26546827384644,13.1205807713037,10.300767124953538,9.154013890853395,24.097130762231828,0.0,26.647570225781493,4.405903811602871,2.591790983466878,-0.1319291423106703,11.10774572920018,2.382148377147995,2.066305919546094,0.0,0.1818181818181818,29,2,6,0,0,0,1,2,2,4,0,0,4,2,7,2,6,0,0,0,0,0,5.0331388287668,4,3.4595200000000013,107.68640000000003,0,0,0,0,0,1,1,0,0,0,1,1,0,0,0,0,2,0,0,0,0,1,0,0,0,0,0,1,0,0,1,0,0,0,2,0,2,0,0,0,0,1,0,0,1,0,0,0,0,0,0,0,0,0,0,0,0,0,0,0,0,0,0,0,0,0,0,0,0,0,0,0,0,0,0,0,0,0,0,0,0,0,0,0,0,CHEMBL1582191,Cc1cc(=O)oc2cc(OCC(=O)NCCc3c[nH]c4ccc(F)cc34)ccc12,6107.0,3.7858279199958655,CHEMBL4374,Photoreceptor-specific nuclear receptor,0,Medium-Polar-Aromatic-Rigid-Hydrophobic
13.2975828819182,13.2975828819182,0.0069444444444444,-0.6153065948601664,0.5857591504571036,10.761904761904765,308.65600000000006,302.608,308.011245952,106,0,0.3234517650219866,-0.3497132822733628,0.3497132822733628,0.3234517650219866,1.2857142857142858,2.0952380952380953,2.8095238095238093,35.49569145527907,10.184402155426916,2.2231716087144453,-2.0719024380773776,2.3367205679088956,-1.9817185659208731,6.304290467530216,-0.3818602135630202,2.842614940035139,2.111131433261069,831.3848634014448,14.98276318419594,10.209065949858047,10.964994895876504,10.041713895658194,5.6718160196912235,6.049780492700451,4.1339197204459746,4.570355500917957,2.725333661957394,2.9435515521933864,1.9050771066793049,2.1268590418501603,-2.74,75786.95691627683,13.252672746886722,4.983609746593634,2.479718131203315,120.97813923072044,5.316788604006331,17.021307833345716,0.0,5.516700717616262,0.0,5.687386274683562,10.114318268765572,9.01945398456817,0.0,0.0,11.600939890232516,40.64516185655894,10.710019588424888,4.923311048817671,13.94276503338584,39.69650014951572,0.0,10.31332651425089,0.0,0.0,5.316788604006331,51.28600776586084,0.0,0.0,5.316788604006331,21.452573871725505,0.0,11.600939890232516,15.236637563068562,0.0,15.931539109811467,0.0,34.9608742792014,5.022633313741326,11.033401435232523,0.0,94.09,10.740531889863565,14.504733316440392,0.0,33.118193573024534,0.0,6.06636706846161,24.26546827384644,0.0,0.0,20.25915405515057,11.600939890232516,17.783436633912824,5.745072716329329,10.59845267839646,21.174417324542983,0.3564157988298218,-0.5584871294196685,6.678469755186025,0.0,0.0,0.0,0.0,21,1,7,0,0,0,0,2,1,3,0,0,6,1,9,1,3,0,0,0,0,0,3.145054717609548,3,3.667100000000002,73.15110000000001,0,0,0,0,0,2,0,0,0,0,0,0,0,0,0,3,1,0,0,0,0,0,0,0,0,0,0,0,0,2,0,0,0,0,2,0,1,0,0,0,0,0,0,0,2,0,0,0,0,0,0,0,0,0,0,0,0,0,1,1,0,0,0,0,0,0,0,0,0,0,0,0,0,0,0,0,0,0,0,0,0,0,0,0,0,CHEMBL2311933,O=[N+]([O-])c1c(Nc2cc(F)cc(Cl)c2)ccc2nonc12,100.0,2.0,CHEMBL3885518,Aryl hydrocarbon receptor nuclear translocator/Endothelial PAS domain-containing protein 1,0,Medium-Polar-Aromatic-Rigid-Hydrophobic
12.20727107318287,12.20727107318287,0.3170082461997148,-0.4691195305282598,0.7268249139755844,9.807692307692308,344.374,328.2460000000001,344.127325752,128,0,0.3244528248265492,-0.4850170323722791,0.4850170323722791,0.3244528248265492,1.0384615384615383,1.8846153846153848,2.6923076923076925,16.478493426842263,10.19529711962836,2.095063428231544,-2.119763192331588,2.2215199605012375,-2.2026680467332618,5.995315345035687,0.261300191762612,2.679665268726804,1.6534422287002155,935.7961483654504,18.192023676495612,13.846233783389703,13.846233783389703,12.741514740667451,7.943281909729426,7.943281909729426,5.396150798870016,5.396150798870016,3.4893282831902828,3.4893282831902828,2.272599442666822,2.272599442666822,-3.849999999999999,1045562.5132128992,16.988702210562867,8.30803883913131,4.583967267826599,150.6274372339968,10.05365155780638,6.606881964512918,11.567374611118932,0.0,0.0,6.031114512338072,5.316788604006331,9.778515705019029,5.261891554738487,0.0,36.39820241076966,35.89528683400505,11.884229846296638,11.63267280448927,9.53140013787187,17.536363564856664,5.261891554738487,4.983978520947208,0.0,6.606881964512918,10.633577208012662,84.0537843080848,0.0,11.81873314607618,15.370440161812713,16.299786236590414,5.749511833283905,0.0,11.01509303328528,6.606881964512918,11.33111286753076,11.126902983393991,72.9268813246908,0.0,0.0,0.0,87.04,6.031114512338072,4.794537184071822,0.0,0.0,29.42509434201241,5.563451491696996,0.0,42.595045982382736,36.40105665510033,15.61755572895987,9.998754508538536,5.7627440352990495,0.0,16.364281812663847,14.24903119385758,1.9970626572447672,0.7867106796422276,21.401339738469588,1.5707276320894648,0.3681022507334734,0.0,0.05,26,2,6,0,0,0,2,2,1,3,0,0,4,2,6,1,5,0,0,0,0,0,5.428569145838163,3,4.176280000000002,98.8094,0,0,0,0,0,1,0,0,0,0,1,1,0,0,0,2,2,0,0,0,0,0,0,0,0,0,0,2,0,2,0,0,0,0,2,0,0,0,0,0,0,1,0,0,0,0,0,0,0,0,0,0,0,0,0,0,0,1,0,0,0,0,0,0,0,0,0,0,0,0,0,0,0,1,0,0,0,0,0,0,0,0,0,0,1,CHEMBL201164,N#Cc1cccc(NC(=O)Nc2ncccc2OCc2ccccc2)c1,5500.0,3.740362689494244,CHEMBL1949,Cyclophilin A,0,Medium-Polar-Aromatic-Rigid-Hydrophobic
13.933843992329445,13.933843992329445,0.0871124653565134,-3.7969631965440502,0.8512208682574902,19.083333333333332,389.8320000000001,379.7520000000001,388.9758693,126,0,0.2811856900763422,-0.3819919300516033,0.3819919300516033,0.2811856900763422,1.4166666666666667,2.0833333333333335,2.6666666666666665,35.4956923260596,10.052195329222789,2.5095793546984075,-2.1432373336329387,2.5285775904669325,-2.22082037425578,7.9247975444332,-0.0974726615498109,2.9321623445588636,2.318408442672621,992.8785946076616,17.861442840636293,12.177821629828102,14.566743737702009,11.041860550653997,6.669214314449024,9.755086906444234,5.563767009920109,9.231821237170234,3.72567721201664,7.087131491887272,2.7443553423471436,5.540462384670117,-1.5300000000000002,189496.8558418057,17.298132627476928,5.492895299479936,2.714122076043053,145.39428886261177,5.106527394840706,10.313145565270382,9.837253136417502,0.0,5.922529168094576,0.0,0.0,17.198627079678577,5.261891554738487,11.336785877934735,11.600939890232516,29.32600418877882,28.139822805577033,11.63267280448927,22.305154474519284,32.774978904584756,5.261891554738487,0.0,0.0,22.65649635629097,6.255769183511404,39.91208899421714,0.0,16.50981999819057,0.0,8.78083009534964,0.0,22.93772576816725,25.702622730775623,16.25807475934351,11.33111286753076,22.794320862839292,22.40828038290691,5.022633313741326,10.440598685398296,0.0,78.16,28.28457031518639,22.305154474519284,0.0,30.79931416005569,5.563451491696996,17.59255506144614,18.19910120538483,0.0,6.069221312792274,0.0,16.862831444971,51.505633905825704,6.753784669732089,0.2783796296296301,19.141719795428457,0.4407646762408681,-3.4410017872889895,6.255513747165533,-2.026720329078134,0.0,-3.7969631965440502,0.2666666666666666,24,1,4,1,0,1,0,1,1,2,1,0,5,1,9,1,2,0,0,0,0,0,3.959034641635355,3,3.568480000000001,86.20060000000002,0,1,1,0,0,0,0,0,0,0,0,0,0,0,0,1,0,0,0,0,0,0,0,0,0,2,0,0,0,0,0,0,0,0,1,0,1,0,0,0,0,0,0,0,3,0,0,0,0,0,0,0,0,0,0,0,0,1,0,0,0,0,0,0,0,0,0,0,0,0,0,0,0,0,0,0,0,1,0,0,0,0,1,0,0,CHEMBL4641092,CS(=O)(=O)c1sc(-c2cc(Cl)cc(C#N)c2)c2c1[C@H](O)C(F)(F)C2,4.0,0.6020599913279624,CHEMBL3885518,Aryl hydrocarbon receptor nuclear translocator/Endothelial PAS domain-containing protein 1,0,Medium-Polar-Aromatic-Rigid-Hydrophobic
12.352730536659108,12.352730536659108,0.018333333333333,-0.6569619236583522,0.5921580537287191,10.75,272.3,256.17199999999997,272.104858992,104,0,0.2008619698583411,-0.5039634645862077,0.5039634645862077,0.2008619698583411,0.95,1.55,2.1,16.328889599239528,9.940775750001569,2.2253066964829147,-2.137606185734252,2.4300626703354338,-2.033741475752713,6.110180063135244,0.1030699895054045,2.4476053785622485,2.603160154505915,645.2716027838372,14.861442840636297,11.29134096129112,11.29134096129112,9.43042811032654,6.306354083168519,6.306354083168519,4.909024983799257,4.909024983799257,3.179615318550913,3.179615318550913,2.026869610277599,2.026869610277599,-2.49,29400.635807289727,13.93052407316442,5.247947576909676,2.3208789757726396,116.49248913977924,15.319582184522115,0.0,17.28226861293275,5.749511833283905,0.0,0.0,4.794537184071822,0.0,0.0,0.0,44.179309741689295,11.984273114623004,11.126902983393991,5.563451491696996,20.11411936859394,5.783244946364939,0.0,0.0,0.0,19.76538044554264,0.0,53.08855688586065,0.0,17.248535499851716,0.0,0.0,17.248535499851716,0.0,21.102827130887057,0.0,0.0,41.250272104705445,36.39820241076966,0.0,0.0,0.0,77.76,17.28226861293275,20.11411936859394,0.0,17.230869371142294,11.126902983393991,0.0,6.06636706846161,30.33183534230805,13.847474399381248,0.0,0.0,0.0,0.0,12.352730536659108,29.450230536659113,0.8031268896447474,-2.136602576215671,9.887033887629126,0.0,3.643480725623583,0.0,0.1875,20,3,4,0,0,0,0,2,0,2,0,0,4,3,4,0,3,0,0,0,0,0,3.655333002742257,2,3.157800000000002,75.39990000000002,0,0,0,0,0,0,0,3,0,0,1,1,0,0,0,0,0,0,0,0,0,0,0,0,0,0,0,0,0,0,0,0,0,0,2,0,0,0,0,0,0,0,0,0,0,0,0,0,0,0,0,1,0,0,0,0,0,0,0,0,0,0,0,0,0,3,3,0,0,0,0,0,0,0,0,0,0,0,0,0,0,0,0,0,0,CHEMBL269836,CC(C)c1cc(C(=O)c2ccccc2)c(O)c(O)c1O,30700.0,4.487138375477186,CHEMBL400,MDA-MB-231,0,Medium-Polar-Aromatic-Rigid-Hydrophobic
13.08176554057837,13.08176554057837,0.0082537320483748,-1.705469497984379,0.5330846128359857,18.214285714285715,394.81400000000014,379.6940000000002,394.07203464,140,0,0.2692662735712305,-0.3629560742759791,0.3629560742759791,0.2692662735712305,1.0357142857142858,1.75,2.4642857142857144,35.495691780208176,9.93390845419007,2.491488641521829,-2.3461654576346778,2.4288155347965885,-2.4372981842712615,6.301083789750907,-0.3844922380416057,2.916753878682989,1.8283406804190017,1083.773510461581,19.888540578131753,14.579660142362751,15.335589088381209,13.407739299442635,8.542547780298147,8.920512253307376,6.542999303612224,6.979435084084209,4.8776550329784865,5.129631348317972,3.5421586588570695,3.668146816526812,-3.22,2735786.8010339816,18.157686761300997,6.742760427082604,2.831220294110589,165.30641819311026,5.106527394840706,0.0,5.724985593970254,0.0,11.594566004035068,0.0,19.80876518368787,0.0,0.0,0.0,54.06550936946378,23.762552697081823,40.39047833166811,4.923311048817671,14.824375627730198,23.195505894267583,0.0,4.899909730850477,0.0,12.269741999882829,0.0,110.18716237083424,0.0,0.0,0.0,5.687386274683562,0.0,11.600939890232516,20.83692790386036,12.269741999882829,10.114318268765572,27.048343150859804,72.79640482153933,5.022633313741326,0.0,0.0,83.67999999999999,10.648296642787924,20.0153828476781,0.0,18.13932240994764,27.27643928052931,0.0,17.032643867773697,60.6636706846161,0.0,0.0,11.600939890232516,0.0,5.979850117910031,24.98765126487792,23.29033164193811,0.1123105336878504,-0.3476332199546481,19.49701370727014,0.0,0.0082537320483748,0.0,0.0952380952380952,28,1,6,0,1,1,1,3,0,3,1,0,4,1,7,1,4,0,0,0,0,1,4.3726047050522165,4,4.097600000000003,103.86270000000005,0,1,0,0,0,0,0,0,0,0,1,1,0,0,0,2,0,0,0,0,0,0,0,0,0,0,0,1,0,0,0,0,0,0,3,0,1,0,0,0,0,0,0,0,1,0,0,0,0,0,0,0,0,0,0,0,0,0,1,1,1,0,0,0,0,0,0,0,0,0,0,0,0,0,0,0,0,0,0,0,0,0,0,0,0,CHEMBL1688148,O=C1c2ccccc2C(O)(c2ccc(Cl)cc2)N1Cc1cccc([N+](=O)[O-])c1,54000.0,4.732393759822968,CHEMBL5023,p53-binding protein Mdm-2,0,Medium-Polar-Aromatic-Rigid-Hydrophobic
12.584116013689425,12.584116013689425,0.0132807492831845,-0.567970750155995,0.2391906612033851,10.571428571428571,376.32800000000015,364.2320000000001,376.080769484,138,0,0.3451527672610329,-0.4228846186960302,0.4228846186960302,0.3451527672610329,0.9285714285714286,1.6428571428571428,2.4285714285714284,16.629654936651413,10.131042603355828,2.207717176642159,-2.114179178200556,2.3140744825852018,-2.1067631786935883,6.001812734565106,-0.3828022254817783,3.191347767314737,1.6751524555945516,1173.3962791138388,19.509860921691395,14.233735199905077,14.233735199905077,13.631030293135238,8.1622070465215,8.1622070465215,5.723951966236037,5.723951966236037,3.9609031379471182,3.9609031379471182,2.66742722390487,2.66742722390487,-4.27,3953135.2447638335,17.159265427270167,7.155234876313396,3.234630292101989,157.20644125092386,10.05365155780638,5.749511833283905,5.516700717616262,5.516700717616262,0.0,11.65669156263541,10.114318268765572,9.423576120965173,0.0,0.0,30.33183534230805,40.64516185655894,6.06636706846161,21.86153508988179,19.083750123582888,34.06486554723506,0.0,10.31332651425089,0.0,0.0,5.316788604006331,82.40780751354029,0.0,5.749511833283905,10.05365155780638,17.062158824050687,5.749511833283905,0.0,21.20594285102041,0.0,10.114318268765572,10.357988675768818,71.35907668997106,0.0,11.033401435232523,0.0,120.39,10.89261633676952,14.908855452837392,0.0,22.284239201613083,17.12428438265103,0.0,12.13273413692322,48.53093654769288,6.06636706846161,20.25915405515057,4.736862953800049,10.041867166141088,0.0,23.13016062103558,21.48962157808773,1.1074543307245,-0.1329037091956455,18.197133346540088,0.0,0.0,0.0,0.0,28,1,9,0,0,0,0,3,1,4,0,0,8,1,9,1,5,0,0,0,0,0,4.384949087040078,4,4.093800000000002,99.58360000000005,0,0,0,0,0,2,0,0,0,0,1,1,0,0,0,3,1,0,0,0,0,0,0,0,0,0,0,0,0,2,0,0,0,0,3,0,1,0,0,0,1,1,0,0,0,0,0,0,0,0,0,0,0,0,0,0,0,0,1,1,1,0,0,0,2,0,0,0,0,0,0,0,0,0,0,0,0,0,0,0,0,0,0,0,0,CHEMBL5283119,O=C(Oc1ccccc1)c1ccccc1Nc1ccc([N+](=O)[O-])c2nonc12,40000.0,4.6020599913279625,CHEMBL4106127,c-Myc/c-Max,0,Medium-Polar-Aromatic-Rigid-Hydrophobic
12.841881613756613,12.841881613756613,0.0216491874527591,-0.6370744625010494,0.7403589914986592,13.875,327.38,306.21200000000005,327.147058152,126,0,0.2575846823948093,-0.503963453102705,0.503963453102705,0.2575846823948093,1.0416666666666667,1.7083333333333333,2.375,16.329069884897013,9.957065418743626,2.2729365502815524,-2.291370647012749,2.4307947803820227,-2.3557879367054912,5.982750483063319,0.0730422786217468,2.5834027728640283,1.964949521615286,798.1940640564098,17.43035694138864,13.782524631161095,13.782524631161095,11.396754605515328,8.036189860805386,8.036189860805386,6.459293572161617,6.459293572161617,4.547283748139866,4.547283748139866,3.111198883476256,3.111198883476256,-2.6899999999999995,264310.5210944916,16.177773454646044,6.074059415970262,2.662495959141857,140.34131799964322,20.219491915372593,0.0,11.49902366656781,5.749511833283905,5.907179729351506,0.0,4.794537184071822,0.0,0.0,0.0,38.112942673227685,29.531997720943004,18.652964303522147,5.563451491696996,20.11411936859394,5.907179729351506,0.0,4.899909730850477,0.0,32.730958474381225,6.544756405912575,52.58564130909603,0.0,17.248535499851716,0.0,0.0,17.248535499851716,0.0,32.67142805063667,12.965578028838586,0.0,46.81372359640244,30.33183534230805,0.0,0.0,0.0,81.00000000000001,11.49902366656781,20.11411936859394,0.0,23.1380491004938,18.652964303522147,11.984273114623004,11.629818560158606,4.899909730850477,32.046575604766076,6.06636706846161,0.0,0.0,0.0,14.492656368102796,30.035218238568255,2.7688042223062075,-2.018432536212117,9.431389137024055,0.7537486615016377,4.7032825753758285,0.0,0.3157894736842105,24,3,5,0,1,1,1,2,0,2,0,0,4,3,5,1,2,0,0,0,0,0,4.094364882567773,3,3.1253000000000033,90.41190000000005,0,0,0,0,0,0,0,3,0,0,1,1,0,0,0,1,0,0,0,0,0,0,0,0,0,0,0,1,0,0,0,0,0,0,2,0,1,0,0,0,0,0,0,0,0,0,0,0,0,0,0,0,0,0,0,0,0,0,0,0,0,0,0,0,0,3,3,0,0,0,0,0,0,0,0,0,0,0,0,0,0,0,0,0,0,CHEMBL220055,CC(C)c1cc(C(=O)N2CCc3ccccc3C2)c(O)c(O)c1O,38200.0,4.5820633629117085,CHEMBL4860,Apoptosis regulator Bcl-2,0,Medium-Polar-Aromatic-Rigid-Hydrophobic
14.145787666918618,14.145787666918618,0.1158076656588564,-0.5213686276979927,0.8671440263997879,20.44,365.84,344.672,365.141866192,134,0,0.22707992130103,-0.4951970300983354,0.4951970300983354,0.22707992130103,1.32,2.04,2.68,35.495691928123385,10.14721068590049,2.232729569418775,-2.3571771758877076,2.2901453419090347,-2.5434718544013135,6.318871464950032,0.4026867628677198,2.5594981587929237,1.83064813367409,749.8132198835722,17.97432701575866,14.384133200493045,15.140062146511498,11.956728795830726,8.100674916289778,8.478639389299005,6.214616707627641,6.621816834368248,3.9862970963018576,4.281666661518895,2.96880116078008,3.2264954659898666,-2.1199999999999997,418585.4478853123,17.694972963472257,7.409747989396089,4.108026716144385,150.91846183143525,20.270349892663187,5.749511833283905,11.635083618880923,5.948339280986494,0.0,0.0,0.0,9.374393568622027,4.983978520947208,0.0,11.600939890232516,32.04657560476608,30.860580744804636,18.329274426631937,9.127278001474869,29.0545282237376,0.0,15.284745645900744,0.0,25.93115605767717,30.416008687959497,35.235798931785126,0.0,5.749511833283905,20.270349892663187,21.844003381179903,5.749511833283905,11.600939890232516,42.25094905329303,0.0,5.817220841045894,13.847474399381248,24.395944776997908,5.022633313741326,0.0,0.0,62.31,5.817220841045894,4.39041504767482,0.0,5.817862777835028,34.49155236099121,13.08951281182515,6.196843571613076,25.30889874666236,0.0,39.3489183801388,16.337802844032566,19.266197127313163,6.113951006260409,10.556028059503738,6.843172513206681,0.6216638321995469,0.653296185503077,5.7549557862263905,1.187663454270597,5.739038988172425,1.5418108251217504,0.4117647058823529,25,2,6,0,1,1,0,1,1,2,2,0,6,2,8,2,4,0,1,1,0,0,5.244611613540268,3,3.2079000000000013,97.54940000000002,0,0,0,0,0,2,0,0,0,0,0,0,0,0,0,3,2,0,0,0,0,0,0,0,0,0,0,0,0,3,0,0,0,0,1,0,0,0,0,0,0,1,0,0,2,0,0,0,0,0,0,0,0,0,0,1,0,0,0,0,0,0,0,0,0,0,0,0,0,0,1,0,0,0,0,0,0,0,0,0,0,0,0,0,0,CHEMBL4446667,COc1ccc(Nc2nc(N3C[C@@H](C)N[C@@H](C)C3)ncc2F)cc1Cl,770.0,2.886490725172482,CHEMBL4105786,B-cell lymphoma 6 protein,0,Medium-Polar-Aromatic-Rigid-Hydrophobic
12.647902833998614,12.647902833998614,0.311369572520366,-0.311369572520366,0.5842531864213076,10.74074074074074,379.8070000000001,365.6950000000001,379.0836023680001,134,0,0.258978414568936,-0.4959223941082095,0.4959223941082095,0.258978414568936,1.148148148148148,2.037037037037037,2.888888888888889,35.4956917263254,10.106904441557182,2.1355458736299187,-2.1051275066786155,2.251533583051655,-2.128755764624009,6.307649555461551,0.1019245407194932,3.156606719478845,1.626960853360324,1141.8702579155483,18.802754140504845,14.256818127833046,15.012747073851502,13.135361590784806,8.062781669458063,8.44074614246729,5.731816486100608,6.168252266572592,3.9840321738927393,4.219129276680479,2.6947925396695096,2.8668955636223763,-3.4499999999999997,2385182.542945727,16.988496813389084,7.0468062431763645,3.448456546753082,159.11768297531995,10.05365155780638,12.076831908048447,5.647177220767728,0.0,5.907179729351506,0.0,4.794537184071822,0.0,9.61407970191666,10.197363616602075,23.733674027155736,42.46456947923127,16.273471080121883,18.36717702782299,9.53140013787187,28.84268311503531,0.0,19.811443318518737,0.0,0.0,12.426586145283864,71.51070849635735,0.0,17.00689131982936,10.05365155780638,5.687386274683562,5.749511833283905,11.600939890232516,32.828420589147775,0.0,0.0,10.357988675768818,60.924623690919034,5.022633313741326,16.904556707313183,0.0,81.41,0.0,4.794537184071822,0.0,5.907179729351506,27.67016013417351,11.257379486545457,13.437117616042077,28.780866167462065,30.33183534230805,20.612834028909443,16.337802844032566,6.836052560444348,6.008101751770906,12.647902833998614,15.548416273504312,3.2371037225465216,0.1402791611747242,15.98165028353924,1.537581449602935,0.0,1.507356407862846,0.0526315789473684,27,1,7,0,0,0,1,2,2,4,0,0,6,1,8,2,4,0,0,0,0,0,4.433875755806369,4,3.7056000000000022,102.1752,0,0,0,0,0,4,0,0,0,0,1,1,0,0,0,4,1,0,0,0,0,0,0,0,0,0,0,1,0,1,0,0,0,0,2,0,1,0,0,0,0,1,0,0,1,0,0,0,0,0,0,0,0,0,0,1,0,0,0,0,0,0,0,0,0,0,0,0,0,0,0,0,0,0,0,0,0,0,0,0,0,0,0,0,0,CHEMBL1464805,COc1ccc(Cl)cc1C(=O)Nc1cccc(-c2ccc3nncn3n2)c1,2861.0,3.4565178578052627,CHEMBL4374,Photoreceptor-specific nuclear receptor,0,Medium-Polar-Aromatic-Rigid-Hydrophobic
14.165945834001388,14.165945834001388,0.3424788989669933,-0.3424788989669933,0.4669532765112602,11.148148148148149,356.3640000000001,343.2600000000001,356.118572636,130,0,0.1628195728972375,-0.3373059097374156,0.3373059097374156,0.1628195728972375,0.925925925925926,1.851851851851852,2.7037037037037037,19.14221076129146,10.037783364096391,2.143699570014453,-2.1301011649588317,2.3416341899021256,-1.9910386139496936,6.126844217056694,0.6316249442328783,3.2398453486868677,1.813089865591732,1266.4576891052302,18.216967702877945,14.017671816094946,14.017671816094946,13.309663088089318,8.355125241159726,8.355125241159726,6.025769606172127,6.025769606172127,4.424782644578693,4.424782644578693,3.1825297835887554,3.1825297835887554,-3.869999999999999,3933700.348097693,15.390008975093506,6.135388790939789,2.564798232411572,152.68052409483474,10.300767124953538,17.962403693645463,5.824404497999927,0.0,0.0,0.0,4.983978520947208,9.374393568622027,0.0,10.197363616602075,24.26546827384644,24.26546827384644,34.11581127831754,11.204086992299825,4.39041504767482,33.18062241352924,0.0,25.149299179443695,0.0,0.0,5.316788604006331,73.06916460672947,0.0,11.387855989696924,5.316788604006331,15.895664100193413,0.0,0.0,25.149299179443695,0.0,5.817220841045894,0.0,67.25194376568358,0.0,33.06322935070757,0.0,79.38000000000001,0.0,4.39041504767482,0.0,5.817220841045894,17.329653550518515,27.238824852707648,12.393687143226153,30.592788348610984,24.26546827384644,25.48210926250282,4.983978520947208,14.165945834001388,0.0,12.071722671902144,13.793442860934292,1.9032727859662388,0.8289537666918636,14.22872841245722,5.007933668046853,0.0,0.0,0.0,27,2,6,0,0,0,0,2,3,5,0,0,5,2,7,3,3,0,0,0,0,0,3.4971736503056094,5,4.450800000000002,102.1034,0,0,0,0,0,5,1,0,0,0,0,0,0,0,0,4,2,0,0,0,0,1,0,0,0,0,0,0,0,2,0,0,0,0,2,0,3,0,0,0,0,0,0,0,1,0,0,0,0,0,0,0,0,0,0,0,0,0,0,0,0,0,0,0,2,0,0,0,0,0,0,0,0,2,0,0,0,0,0,0,0,0,0,0,0,CHEMBL1915442,Fc1ccccc1Nc1nc2c(-c3nnc[nH]3)cccc2c2cnccc12,3.0,0.4771212547196624,CHEMBL4523,Serine/threonine-protein kinase PIM2,0,Medium-Polar-Aromatic-Rigid-Hydrophobic
12.840086171444394,12.840086171444394,0.21643277063912,-0.89918417845685,0.4161143249733748,10.724137931034482,392.4070000000001,372.2470000000001,392.1259883599999,148,0,0.2013404842950253,-0.5036594026211447,0.5036594026211447,0.2013404842950253,0.7586206896551724,1.3103448275862069,1.896551724137931,16.48064031698832,9.937573012567867,2.257756461242711,-2.128184432140159,2.4158738180706956,-2.1025619409518876,6.131798145077811,0.09356157754868,2.7241758262050615,1.926552450401421,1052.9762123830567,21.129027554137913,15.917238618977352,15.917238618977352,13.790601455632682,8.990093723910231,8.990093723910231,6.805075680650721,6.805075680650721,4.37739624116721,4.37739624116721,2.774717024198722,2.774717024198722,-3.7999999999999994,2877514.235110492,19.947729238754324,8.060077720848492,4.059969226998542,167.1895927897905,20.056445138322168,11.49902366656781,23.06551355929769,5.749511833283905,0.0,0.0,9.589074368143644,0.0,0.0,0.0,32.046575604766076,42.46456947923127,11.48135753785839,11.126902983393991,29.64551950646581,11.566489892729878,0.0,0.0,5.917906046161393,13.847474399381248,0.0,77.3540251597071,0.0,28.747559166419524,4.736862953800049,0.0,28.747559166419524,0.0,26.886072077251995,0.0,5.917906046161393,40.126903242615874,60.6636706846161,0.0,0.0,0.0,104.06000000000002,34.73293143874299,24.90865655266576,0.0,16.690354475090988,11.49902366656781,6.06636706846161,12.13273413692322,38.112942673227685,18.19910120538483,0.0,4.736862953800049,5.675885171893469,0.0,25.117884510101455,30.10814618331691,-0.280133128897142,-2.8065595649086106,16.437487946324907,0.0,3.247288882169002,0.0,0.1304347826086956,29,3,6,0,0,0,0,3,0,3,0,0,6,3,6,0,6,0,0,0,0,0,5.544146483406957,3,4.665400000000004,106.99540000000005,0,0,0,0,0,0,0,3,0,0,2,2,0,0,0,0,0,0,0,0,0,0,0,0,0,0,0,0,0,0,0,0,0,0,3,0,0,0,0,0,0,1,0,0,0,0,0,0,0,0,0,2,1,0,0,0,0,0,0,0,0,0,0,0,1,3,3,0,0,0,0,0,0,0,0,0,0,0,0,0,0,0,0,0,0,CHEMBL259033,CC(C)C(=O)c1cc(C(=O)c2ccc(Oc3ccccc3)cc2)c(O)c(O)c1O,2600.0,3.4149733479708178,CHEMBL4860,Apoptosis regulator Bcl-2,0,Medium-Polar-Aromatic-Rigid-Hydrophobic
11.279963834299153,11.279963834299153,0.0245710681391895,-0.6461576698580664,0.5648429812809921,10.652173913043478,335.663,329.6150000000001,335.005745972,116,0,0.3234517749972139,-0.3496342000249491,0.3496342000249491,0.3234517749972139,1.0869565217391304,1.8695652173913044,2.5652173913043477,35.49569181482022,10.179640338550474,2.2298511540483488,-2.069697250702789,2.3495358904421626,-1.9873717324590352,6.32300381436198,-0.3842711097885112,2.9616070844597577,2.0809330889193753,940.7361464693032,16.560113453385565,11.094811653276505,11.85074059929496,10.969234250586762,6.077572016750407,6.455536489759635,4.399096632177912,4.806296758918517,3.0056095405133543,3.325222068773945,2.009412093450893,2.1959672007789957,-3.27,200497.8380108411,14.658285876386538,5.496208987625613,2.620184438223849,131.465579550294,5.316788604006331,16.226720306041152,0.0,5.516700717616262,5.687386274683562,5.687386274683562,20.228636537531145,4.629038936893349,0.0,0.0,11.600939890232516,34.57879478809733,11.753753343145172,9.846622097635342,14.475661034528692,45.38388642419929,0.0,10.31332651425089,0.0,0.0,5.316788604006331,55.583105193580515,0.0,0.0,5.316788604006331,22.74954509873425,0.0,11.600939890232516,20.159948611886232,0.0,20.228636537531145,0.0,34.9608742792014,5.022633313741326,11.033401435232523,0.0,137.23000000000002,9.846622097635342,20.228636537531145,0.0,38.805579847708096,0.0,0.0,30.33183534230805,0.0,0.0,20.25915405515057,11.600939890232516,4.488281225381694,5.731030871051614,20.89024419305865,31.92295146155085,-0.1041869978444034,0.0,6.849457024579378,0.0,0.0,0.0,0.0,23,1,10,0,0,0,0,2,1,3,0,0,8,1,11,1,4,0,0,0,0,0,3.502826198999186,3,3.4362000000000004,79.84750000000001,0,0,0,0,0,2,0,0,0,0,0,0,0,0,0,4,1,0,0,0,0,0,0,0,0,0,0,0,0,2,0,0,0,0,2,0,1,0,0,0,0,0,0,0,1,0,0,0,0,0,0,0,0,0,0,0,0,0,2,2,0,0,0,0,0,0,0,0,0,0,0,0,0,0,0,0,0,0,0,0,0,0,0,0,0,CHEMBL2311968,O=[N+]([O-])c1cc(Nc2ccc3nonc3c2[N+](=O)[O-])ccc1Cl,400.0,2.6020599913279625,CHEMBL3885518,Aryl hydrocarbon receptor nuclear translocator/Endothelial PAS domain-containing protein 1,0,Medium-Polar-Aromatic-Rigid-Hydrophobic
12.215790575132209,12.215790575132209,0.2952073767982861,-3.5224948659445423,0.5812372836833224,11.666666666666666,373.484,362.3960000000002,373.0013395920001,120,0,0.2708923379117258,-0.2789649467690829,0.2789649467690829,0.2708923379117258,1.0,1.8333333333333333,2.5416666666666665,32.248122540553766,10.193155482612015,2.1489938373924837,-2.061401351343673,2.2955686149877392,-2.10668783295095,7.942327879443428,0.6029139175696521,3.249250416474828,1.606480477718938,1052.277416122227,16.570703332935974,12.209171335215494,14.658661077998673,11.616122967884976,7.000726410454483,10.180039050231496,4.96163378443398,8.79609128724749,3.310410317835157,7.117408161235592,2.1960165938303966,5.160377117056586,-2.289999999999999,597257.716053904,15.250164573561612,5.9701408656909605,2.9080236899104266,146.25791664209936,0.0,19.563900011611672,0.0,0.0,10.023291153407584,0.0,4.722094864452088,18.385754026223353,0.0,11.336785877934735,17.403152946396347,47.844632249697185,17.447681337993636,0.0,8.417796984328938,48.73134632119744,0.0,9.967957041894415,0.0,4.2091791775220795,4.722094864452088,60.10784288977187,0.0,10.57107518854976,4.722094864452088,5.687386274683562,0.0,22.67357175586947,18.385754026223353,10.023291153407584,0.0,0.0,64.31702206729395,0.0,20.91817232578659,0.0,71.95,10.023291153407584,8.417796984328938,0.0,0.0,9.896565452205644,20.91817232578659,22.67357175586947,35.84237461592543,24.26546827384644,14.690051906346504,0.0,27.306000072792106,2.6939601137271687,9.718508269632892,2.5926896675457147,2.308733677304205,0.0,14.243131810600383,1.7428045876754112,0.0,-3.5224948659445423,0.0,24,1,5,0,0,0,0,1,3,4,0,0,6,1,8,3,4,0,0,0,0,0,3.7935679470471975,4,4.220600000000001,97.9785,0,0,0,0,0,2,0,0,0,0,0,0,0,0,0,2,1,0,0,0,0,0,0,0,0,0,0,0,0,1,0,0,0,0,1,0,1,0,0,0,0,0,0,0,0,0,0,0,0,0,0,0,0,0,0,0,0,0,0,0,0,0,0,0,0,0,0,0,0,0,0,0,0,1,0,0,1,0,0,0,1,0,1,0,0,CHEMBL1353698,O=S(=O)(Nc1ccc(-c2nc3cccnc3s2)cc1)c1cccs1,3636.5,3.560683591907453,CHEMBL2093862,Runt-related transcription factor 1/Core-binding factor subunit beta,0,Medium-Polar-Aromatic-Rigid-Hydrophobic
12.840132983749054,12.840132983749054,0.2416888699924406,-0.2416888699924406,0.5672116384649087,11.51851851851852,363.4210000000001,342.2530000000001,363.169524912,138,0,0.2568290531111444,-0.4674518487501102,0.4674518487501102,0.2568290531111444,1.1851851851851851,1.9259259259259256,2.592592592592593,16.333279171342923,10.174106812809336,2.2399565926194276,-2.0795012208403976,2.283553656353256,-2.276661699290073,6.10217310929296,0.0950973686101676,3.252093550017326,1.907290606889608,1112.519936177133,18.96589084732138,15.26850335250733,15.26850335250733,13.041713895658194,8.893241918451672,8.893241918451672,6.9141555157684,6.9141555157684,4.383533664669716,4.383533664669716,3.044506637807689,3.044506637807689,-3.349999999999999,2175429.4426001897,17.08335363213641,6.7530136010393615,3.118731458407501,155.74551118965505,20.034706666013214,22.65826240602273,5.647177220767728,0.0,5.907179729351506,0.0,4.794537184071822,9.967957041894415,0.0,0.0,25.980208536304467,30.183374320007832,6.544756405912575,23.841320836784156,9.211688121125167,33.92232188080304,0.0,19.8518452936921,5.917906046161393,20.392230805293824,12.27842388307476,53.98506431698015,0.0,0.0,11.050456081168516,5.817862777835028,0.0,0.0,26.98699282494985,6.544756405912575,5.917906046161393,29.965710494024503,47.07851634346206,0.0,22.19727937361651,0.0,98.97,0.0,4.794537184071822,0.0,5.907179729351506,41.55261106590255,16.793648854106962,0.0,10.830262643430412,50.245676810150904,10.300767124953538,15.13479693516274,7.228089480014534,0.0,22.238040044721593,2.928141298185941,9.273992661879568,1.146474927155844,11.234093630769316,1.6057018082460002,5.012132815693873,0.0,0.25,27,3,7,0,0,0,1,1,3,4,0,0,6,2,7,3,5,0,0,0,0,0,4.2727451640437915,4,3.1938000000000013,104.42760000000004,0,0,0,1,0,3,0,0,0,0,1,1,0,0,0,3,1,1,0,0,0,0,0,0,0,0,0,1,0,1,0,0,0,0,1,0,2,0,0,0,0,0,1,0,0,0,0,0,0,0,0,0,0,0,0,0,0,0,0,0,0,0,0,0,2,0,0,0,0,0,0,0,0,0,0,0,0,0,0,0,0,0,0,0,0,CHEMBL1505563,CC(C)CNC(=O)c1c(N)n(Cc2ccco2)c2nc3ccccc3nc12,1860.0,3.2695129442179165,CHEMBL2093862,Runt-related transcription factor 1/Core-binding factor subunit beta,0,Medium-Polar-Aromatic-Rigid-Hydrophobic
12.97650250377929,12.97650250377929,0.1952834467120185,-3.79688633786848,0.729814169200257,11.384615384615383,372.4460000000001,352.2860000000001,372.11437812,136,0,0.2618016273123405,-0.4945585979096226,0.4945585979096226,0.2618016273123405,1.0769230769230769,1.8076923076923077,2.4615384615384617,32.23327213441635,10.028960202526134,2.2097811401852403,-2.1385227728249454,2.316964726830746,-2.14678217481158,7.923963010696049,0.3933787607581548,2.939932846376623,2.06505916375432,1035.651123108118,18.89697674656903,15.029906932146655,15.846403513074382,12.330535685248812,8.029643329212169,9.51280657680656,5.985229197243691,7.636053323489624,4.15100260134482,5.658500908278887,2.868930038339835,4.211073520658452,-2.8,720842.1346030843,18.00498866213152,6.837509936679366,3.299884033203124,152.39487684553413,9.259957890773396,11.509759252158346,0.0,0.0,10.023291153407584,0.0,4.722094864452088,8.417796984328938,0.0,0.0,29.422131530971885,50.097215787850686,5.563451491696996,23.38659528632733,17.677754875102334,15.710677428091143,0.0,5.156663257125445,0.0,25.666695074589647,11.831892405729622,59.48219638465117,0.0,16.876414816677897,9.458957818252138,5.687386274683562,5.749511833283905,0.0,20.684257782731915,10.023291153407584,20.771211599071872,17.0176269054199,51.883147891722395,0.0,11.126902983393991,0.0,81.42999999999999,10.023291153407584,8.417796984328938,0.0,4.895483475517775,28.454525013387364,11.126902983393991,7.109797541277533,50.24567681015091,12.990104268152232,9.878758121577532,9.259957890773396,38.981379024431426,0.0,0.1952834467120185,3.940634101832244,3.2902150631321816,1.099995313195169,12.156684519601637,0.0,5.386205393799189,-2.3003968627038605,0.2105263157894736,26,1,6,0,0,0,0,2,1,3,0,0,5,1,7,1,5,0,0,0,0,0,4.734972649504754,3,4.076260000000003,99.95250000000004,0,0,0,0,0,1,0,0,0,0,0,0,0,0,0,1,1,0,0,0,0,0,0,0,0,0,0,0,0,1,3,0,0,0,2,0,0,0,0,0,0,1,0,0,0,0,0,0,0,0,0,0,0,0,0,1,0,0,0,0,0,0,0,0,2,0,0,0,0,0,0,0,0,0,0,0,1,0,0,0,0,0,0,0,0,CHEMBL2181730,COc1ccccc1NS(=O)(=O)c1cc(-c2c(C)noc2C)ccc1C,1500.0,3.1760912590556813,CHEMBL1293289,Bromodomain-containing protein 2,0,Medium-Polar-Aromatic-Rigid-Hydrophobic
12.043918912376704,12.043918912376704,0.2413681214501921,-0.3078847609087503,0.5853291028740254,10.875,384.193,374.113,383.00178666,118,0,0.2909149943596762,-0.4442014818726883,0.4442014818726883,0.2909149943596762,1.0833333333333333,1.9166666666666667,2.6666666666666665,79.91873134281583,10.122898199995072,2.1056732675403045,-2.051454893620724,2.206246255459055,-2.101195091902415,9.101983711207057,0.0995213290716605,3.231901115696009,1.5436197826387936,1022.3233346635706,16.518297090128677,12.17946785864342,13.765464397758125,11.68667318580106,7.031307255036505,7.824305524593857,4.987514581292616,5.7690925335760515,3.3972049864116105,3.823407836874523,2.235781794992011,2.5423389625356676,-2.9999999999999996,631371.2743579096,14.583333333333334,5.893877551020408,2.786781349026709,143.997806274253,9.733939541059678,6.3273200747645415,16.07694008265203,0.0,5.907179729351506,0.0,4.794537184071822,0.0,9.61407970191666,10.197363616602075,12.13273413692322,52.32814630871901,11.250837766380558,5.693927994848461,9.211688121125167,33.17168712275215,0.0,19.811443318518737,0.0,0.0,5.316788604006331,65.28801948434172,0.0,11.257379486545457,5.316788604006331,5.687386274683562,0.0,15.929943897949348,25.71862304787024,0.0,0.0,10.554784602946263,63.944923002520625,0.0,16.904556707313183,0.0,85.32000000000001,0.0,4.794537184071822,0.0,11.667427148225949,16.00407893846115,11.257379486545457,0.0,22.975452105303383,36.39820241076966,36.54277792685879,4.417150937053347,7.347176272090247,3.170969733463802,12.043918912376704,14.93277256359202,3.0633091490062654,-0.0665166394585581,14.3745246707583,1.550512004837887,0.0,0.0,0.0,24,1,7,0,0,0,1,1,3,4,0,0,6,1,8,3,3,0,0,0,0,0,3.581349206349206,4,3.3991000000000016,90.57920000000004,0,0,0,0,0,4,0,0,0,0,1,1,0,0,0,4,1,0,0,0,0,0,0,0,0,0,0,1,0,1,0,0,0,0,1,0,1,0,0,0,0,0,1,0,1,0,0,0,0,0,0,0,0,0,0,0,0,0,0,0,0,0,0,0,0,0,0,0,0,0,0,0,0,0,0,0,0,0,0,0,0,0,0,0,0,CHEMBL1505334,O=C(Nc1ccc(-c2ccc3nncn3n2)cc1)c1ccc(Br)o1,3619.0,3.5585885831081994,CHEMBL4374,Photoreceptor-specific nuclear receptor,0,Medium-Polar-Aromatic-Rigid-Hydrophobic
12.966013636936257,12.966013636936257,0.0262204218106998,-3.881765991118668,0.6910851922585154,11.25925925925926,388.4450000000001,368.2850000000002,388.10929273999994,142,0,0.2651071968950741,-0.4967658832199652,0.4967658832199652,0.2651071968950741,1.0,1.7037037037037035,2.259259259259259,32.23327234140752,10.042967857001493,2.222746885176572,-2.132908954823989,2.336348536228157,-2.139064479412244,7.9243792870996,0.393309641769373,2.9963885712518707,2.0342165430703383,1036.7041067392472,19.604083527755577,15.43815522261052,16.254651803538245,12.851703735303987,8.136032700764256,9.61919594835865,5.8988093881858354,7.549633514431768,4.117421672767892,5.519918225385153,2.806528263380604,4.061219778461496,-2.999999999999999,1230592.8151045733,18.7810650887574,7.3188691650230115,3.751109467455622,157.508422075041,13.996820844573444,22.154754560960026,0.0,0.0,10.023291153407584,0.0,4.722094864452088,8.417796984328938,0.0,0.0,11.223030325587056,55.8091283018479,11.250837766380558,19.91352307740353,22.414617828902383,15.710677428091143,0.0,5.156663257125445,0.0,18.742957874899023,18.941689947007156,53.91874489295417,0.0,22.6259266499618,14.195820772052189,5.687386274683562,11.49902366656781,0.0,27.79405532400945,10.023291153407584,13.847474399381248,11.454175413722902,51.883147891722395,0.0,11.126902983393991,0.0,90.66,10.023291153407584,8.417796984328938,0.0,10.64499530880168,28.454525013387368,5.563451491696996,7.109797541277533,63.42184141989004,0.0,9.878758121577532,13.996820844573444,44.031368366763076,0.0,0.0262204218106998,3.927855010221255,2.546694301595512,1.4922077175526511,11.547159099151342,0.0,3.5864965470811017,-0.9080014641756358,0.2105263157894736,27,1,7,0,0,0,0,2,1,3,0,0,6,1,8,1,6,0,0,0,0,0,5.090968820903582,3,3.7764400000000022,101.76750000000004,0,0,0,0,0,1,0,0,0,0,0,0,0,0,0,1,1,0,0,0,0,0,0,0,0,0,0,0,0,1,2,0,0,0,2,0,0,0,0,0,0,2,0,0,0,0,0,0,0,0,0,0,0,0,0,2,0,0,0,0,0,0,0,0,0,0,0,0,0,0,0,0,0,0,0,0,1,0,0,0,0,0,0,0,0,CHEMBL2181735,COc1ccc(NS(=O)(=O)c2cc(-c3c(C)noc3C)ccc2OC)cc1,13000.0,4.113943352306837,CHEMBL1795186,Bromodomain-containing protein 3,0,Medium-Polar-Aromatic-Rigid-Hydrophobic
11.22089661893564,11.22089661893564,0.0991000566893425,-0.5283593159486015,0.585524521539554,10.65,290.66600000000005,283.61,290.02066776400005,100,0,0.3234517547327736,-0.3497980513436334,0.3497980513436334,0.3234517547327736,1.25,2.1,2.85,35.495691375601226,10.186445553308635,2.2209858917255874,-2.065897857150584,2.3334076711763596,-1.9763530808476104,6.304058846787565,-0.3818600174457354,2.857575825382978,2.1084783394988142,802.2517006657396,14.11251969619286,9.908451746038448,10.664380692056902,9.647867045540844,5.572150180663651,5.950114653672879,3.986143452011712,4.422579232483694,2.6873957189263185,2.922492821714057,1.845310512200803,2.035598360340003,-2.6699999999999995,54945.467970463906,12.36822063975031,4.781645169774963,2.1426779340628026,116.81260382779422,5.316788604006331,11.204086992299825,0.0,5.516700717616262,0.0,5.687386274683562,10.114318268765572,4.629038936893349,0.0,0.0,17.667306958694127,40.64516185655894,10.710019588424888,4.923311048817671,9.55234998571102,39.69650014951572,0.0,10.31332651425089,0.0,0.0,5.316788604006331,51.53515399327655,0.0,0.0,5.316788604006331,17.062158824050687,0.0,11.600939890232516,15.236637563068562,0.0,10.114318268765572,0.0,41.027241347663015,5.022633313741326,11.033401435232523,0.0,94.09,4.923311048817671,10.114318268765572,0.0,11.204086992299825,21.914106580724713,0.0,0.0,36.39820241076966,0.0,20.25915405515057,11.600939890232516,4.526738525657176,5.879794938551552,10.692537302987038,21.84192246857591,1.1629337084628104,0.0,10.007184166876629,0.0,0.0,0.0,0.0,20,1,7,0,0,0,0,2,1,3,0,0,6,1,8,1,3,0,0,0,0,0,2.957022124038654,3,3.528000000000002,73.19310000000002,0,0,0,0,0,2,0,0,0,0,0,0,0,0,0,3,1,0,0,0,0,0,0,0,0,0,0,0,0,2,0,0,0,0,2,0,1,0,0,0,0,0,0,0,1,0,0,0,0,0,0,0,0,0,0,0,0,0,1,1,0,0,0,0,0,0,0,0,0,0,0,0,0,0,0,0,0,0,0,0,0,0,0,0,0,CHEMBL2311959,O=[N+]([O-])c1c(Nc2cccc(Cl)c2)ccc2nonc12,180.0,2.255272505103306,CHEMBL3885518,Aryl hydrocarbon receptor nuclear translocator/Endothelial PAS domain-containing protein 1,0,Medium-Polar-Aromatic-Rigid-Hydrophobic
11.13094105935792,11.13094105935792,0.0539742903334174,-0.9955885222191488,0.3903945487020409,10.714285714285714,376.32800000000015,364.23200000000014,376.080769484,138,0,0.3351789637254557,-0.477639246589704,0.477639246589704,0.3351789637254557,0.9642857142857144,1.6785714285714286,2.392857142857143,16.62954184067092,10.015476159317808,2.19785803641901,-2.1235645417625584,2.342472427231035,-1.9735176938240924,5.961752922317346,-0.3828022418597344,3.1852075625329346,1.7513838050082249,1200.661033767515,19.67299762850792,14.195350235751546,14.195350235751546,13.541713895658196,8.138249156330573,8.138249156330573,5.903882719067774,5.903882719067774,4.2300909252862215,4.2300909252862215,2.8829666315025686,2.8829666315025686,-4.2700000000000005,3589091.8814621107,17.159265427270167,6.7995748403409415,3.006631785309507,156.88712977361294,10.423315998847038,0.0,5.516700717616262,5.516700717616262,0.0,11.65669156263541,10.114318268765572,9.423576120965173,0.0,0.0,30.33183534230805,40.14224627979433,17.31720483484217,16.17414881519823,19.453414564623547,34.06486554723506,0.0,10.31332651425089,0.0,0.0,5.316788604006331,76.34144044507869,0.0,11.126902983393991,5.316788604006331,17.062158824050687,0.0,0.0,26.31247024586111,0.0,10.114318268765572,10.357988675768818,65.29270962150946,0.0,22.160304418626517,0.0,131.39,10.89261633676952,14.908855452837392,0.0,22.284239201613083,11.374772549367124,11.126902983393991,24.26546827384644,12.13273413692322,24.26546827384644,20.25915405515057,5.106527394840706,4.684539193381913,0.0,21.632800631050436,30.787036559341928,3.134182753254412,-0.9955885222191488,16.75702938519046,0.0,0.0,0.0,0.0,28,2,9,0,0,0,0,3,1,4,0,0,7,2,9,1,5,0,0,0,0,0,4.166989624214228,4,4.239800000000002,100.57840000000002,0,0,0,0,1,2,0,0,1,1,1,0,0,0,0,3,1,0,0,0,0,0,0,0,0,0,0,0,0,2,0,0,0,0,3,0,1,0,0,0,0,0,0,0,0,0,0,0,0,0,0,0,0,0,0,0,0,0,1,1,1,0,0,0,1,0,0,0,0,0,0,0,0,0,0,0,0,0,0,0,0,0,0,0,0,CHEMBL5282390,O=C(O)c1ccc(-c2ccccc2Nc2ccc([N+](=O)[O-])c3nonc23)cc1,33000.0,4.518513939877887,CHEMBL4106127,c-Myc/c-Max,0,Medium-Polar-Aromatic-Rigid-Hydrophobic
12.281720626522215,12.281720626522215,0.0773284360040311,-0.0773284360040311,0.482177813166753,10.666666666666666,392.50900000000007,376.3810000000002,392.076553132,134,0,0.2343518225068014,-0.3253657886315377,0.3253657886315377,0.2343518225068014,0.9629629629629628,1.7037037037037035,2.407407407407407,32.16659938741497,10.28630469367206,2.1732391209283555,-2.09251623005033,2.2987858223574227,-2.1402059909546636,7.993813798199634,-0.1133610104190948,3.372264759214872,1.5671159167285311,1014.848325446952,18.476480726871785,14.27904593854315,15.912039100398603,13.309663088089318,8.33504621633669,10.200297587245077,5.657318632929436,7.547511466788045,3.7792211731922576,5.573978618420174,2.5872986029788594,4.03759777163778,-2.899999999999999,3310997.453069456,17.510656172982394,8.19688246961298,4.097334671973419,164.63430898381816,5.316788604006331,0.0,10.980840979820634,5.907179729351506,0.0,0.0,9.361636831863176,0.0,0.0,21.534149494536813,54.22645442862238,35.711898112773966,11.374772549367124,10.630000800448087,4.794537184071822,34.69323683136092,0.0,14.76446326439343,0.0,5.156436481820707,11.06964221075312,78.17646759200525,0.0,16.388937966384788,5.316788604006331,5.687386274683562,0.0,23.09867082732585,26.424496600491725,4.794537184071822,0.0,0.0,83.33290407382596,0.0,16.388937966384788,0.0,59.81,0.0,4.794537184071822,0.0,11.660033336098294,5.156436481820707,22.07632424106835,11.761884949391115,11.336785877934735,82.7435672397966,15.514152220608404,0.0,1.992358276643991,2.9817611851059995,13.315924467264203,14.289600422992375,1.753489198658752,0.9567238470737752,23.376809268927563,0.0,0.0,0.0,0.05,27,1,5,0,0,0,1,2,2,4,0,0,6,1,7,2,6,0,0,0,0,0,5.316029282064433,4,4.726600000000003,110.4677,0,0,0,0,0,3,0,0,0,0,1,1,0,0,0,3,1,0,0,0,0,0,0,0,0,0,0,1,0,1,0,0,0,0,2,0,0,0,0,0,0,0,0,0,0,0,0,0,0,0,0,0,0,0,0,0,0,0,0,0,0,0,0,0,2,0,0,0,0,0,0,0,0,0,0,1,0,0,0,0,0,0,1,0,0,CHEMBL1579942,O=C(CSc1nnc(-c2cccs2)n1-c1ccccc1)Nc1ccccc1,5517.0,3.74170298395774,CHEMBL4374,Photoreceptor-specific nuclear receptor,0,Medium-Polar-Aromatic-Rigid-Hydrophobic
13.827177815570671,13.827177815570671,0.0856385424540187,-0.5397801450827242,0.8377847795131832,10.636363636363637,324.78700000000003,306.64300000000003,324.115317096,118,0,0.2243183344813219,-0.4951970300983354,0.4951970300983354,0.2243183344813219,1.3636363636363635,2.136363636363636,2.772727272727273,35.49569176476612,10.21642186124314,2.0896651679054536,-2.1120454208352046,2.286086083491881,-2.1141894364993545,6.318858727333411,0.4148652255809152,2.479593566452444,2.1733065827783107,651.4347281236405,16.112519696192862,12.65246255461691,13.408391500635366,10.49040230064194,6.862567417445908,7.240531890455136,5.139226453338731,5.546426580079337,2.827063798054576,3.122433363271614,1.7162270825820636,1.9739213877918496,-2.0799999999999996,77678.22765625571,16.2932693791152,7.264413644546219,4.207171856732917,133.4345750859679,15.37044016181271,5.749511833283905,11.635083618880923,5.948339280986494,0.0,0.0,0.0,9.374393568622027,4.983978520947208,0.0,25.44841428961377,24.117007251546223,12.232142680596136,18.329274426631937,9.127278001474869,29.0545282237376,0.0,9.967957041894415,5.917906046161393,13.847474399381248,24.28813115520277,35.235798931785126,0.0,5.749511833283905,15.37044016181271,21.844003381179903,5.749511833283905,11.600939890232516,23.622510989084525,0.0,11.735126887207286,13.847474399381248,24.395944776997908,5.022633313741326,0.0,0.0,59.07,5.817220841045894,4.39041504767482,0.0,5.817862777835028,34.870533154769255,6.196843571613076,7.109797541277533,18.19910120538483,0.0,34.449008649288324,16.337802844032566,18.905094894285774,6.047521942899527,8.04327685922939,6.369086558555504,0.6094533152767283,0.904498113786916,5.0677807434702276,1.1280990173847316,4.836820380828456,1.5328126187271902,0.3333333333333333,22,2,5,0,0,0,0,1,1,2,0,0,5,2,7,1,6,0,0,0,0,0,5.3800476541777975,2,4.089200000000003,86.60440000000003,0,0,0,0,0,2,0,0,0,0,0,0,0,0,0,2,2,0,0,0,0,0,0,0,0,0,0,0,0,3,0,0,0,0,1,0,0,0,0,0,0,1,0,0,2,0,0,0,0,0,0,0,0,0,0,1,0,0,0,0,0,0,0,0,0,0,0,0,0,0,0,0,0,0,0,0,0,0,0,0,0,0,0,0,0,CHEMBL5269050,COc1ccc(Nc2nc(NCC(C)C)ncc2F)cc1Cl,19000.0,4.278753600952829,CHEMBL4523673,BCL-6/NCOR2,0,Medium-Polar-Aromatic-Rigid-Hydrophobic
12.034936665667184,12.034936665667184,0.2323858747406728,-0.3198962159473517,0.5626963304368712,10.875,384.189,374.109,382.99055328,118,0,0.2909149944690112,-0.4442014818726881,0.4442014818726881,0.2909149944690112,1.0416666666666667,1.875,2.5833333333333335,79.91873134283318,10.17433732130719,2.1177305382446665,-2.032264485124911,2.2429482948008737,-2.100666569972299,9.101983884636317,0.0995211245993873,3.212913057845312,1.5466356043823375,987.9363318324246,16.518297090128677,12.193288958107368,13.779285497222071,11.68667318580106,7.076014854491727,7.869013124049079,4.979395344309445,5.760973296592881,3.3516639952733196,3.777866845736233,2.217640527475742,2.524197695019398,-2.9299999999999997,622945.2869595118,14.648970351845616,5.934405613799897,2.810467720284608,144.1990845570967,14.151090478113026,0.0,21.659960224294274,5.890723922025908,5.907179729351506,0.0,4.794537184071822,4.983978520947208,4.983978520947208,0.0,0.0,64.46088044564223,17.447681337993636,0.0,13.628839058178515,38.75470726439439,0.0,9.967957041894415,0.0,0.0,5.316788604006331,65.15754298119026,0.0,11.454175413722904,5.316788604006331,5.687386274683562,0.0,15.929943897949348,15.87513677124592,0.0,0.0,10.554784602946263,68.23159743642252,0.0,22.684372776132875,0.0,81.16000000000001,0.0,4.794537184071822,0.0,11.667427148225949,27.477823002129306,5.563451491696996,0.0,36.52867891392113,18.19910120538483,31.214689543850092,8.834301874106695,11.389864561742408,3.1665840077731313,20.51725309061147,2.7599201625094483,2.637779403186601,0.3953986306669397,14.049616266719893,1.6669172101234482,0.0,0.0,0.0,24,1,6,0,0,0,1,1,3,4,0,0,5,1,7,3,3,0,0,0,0,0,3.62220549551587,4,4.497600000000001,91.60120000000002,0,0,0,0,0,2,0,0,0,0,1,1,0,0,0,2,1,0,0,0,0,0,0,0,0,0,0,1,0,1,0,0,0,0,1,0,1,0,0,0,0,0,1,0,1,0,0,0,0,0,0,0,0,0,0,0,0,0,0,0,0,0,1,0,0,0,0,0,0,0,0,0,0,1,0,0,0,0,0,0,0,0,0,0,0,CHEMBL1442635,O=C(Nc1ccc(-c2nc3ncccc3o2)cc1)c1ccc(Br)o1,3496.0,3.5435714239623652,CHEMBL4374,Photoreceptor-specific nuclear receptor,0,Medium-Polar-Aromatic-Rigid-Hydrophobic
12.608836293776768,12.608836293776768,0.2412062757201647,-0.2412062757201647,0.6808928677088546,14.28,373.50700000000023,354.3550000000001,373.10310222800007,130,0,0.2692819653737592,-0.3968412185380857,0.3968412185380857,0.2692819653737592,1.24,2.08,2.88,32.1347509450703,10.07159863798799,2.2061852069520733,-2.0426714566046487,2.3533134896712764,-2.112671923076229,7.211148005072275,0.1026456666669077,3.1018244630451073,1.6711481086076916,946.0609845895228,17.388540578131753,13.963726883390002,15.596720045245457,12.152198343190411,8.498840273910382,10.131833435765833,6.161053290477252,8.222195853968817,4.445367578800398,6.542360143204845,3.105732136103324,4.771951331356316,-2.06,809932.8946680232,16.410685271568514,6.683367228837589,3.1125694983122374,153.04326665167162,5.733667477162185,14.715167310174632,0.0,5.131558479839333,5.907179729351506,0.0,10.111325788078153,4.983978520947208,0.0,21.534149494536813,24.68134470055137,43.73392667478865,11.080152209313257,5.687386274683562,4.794537184071822,49.616316873829234,0.0,15.181342137549285,0.0,45.448666937246685,11.050456081168516,27.20851744556113,0.0,0.0,11.050456081168516,10.818944754522896,0.0,22.67357175586947,21.088521866900788,19.26246486877803,0.0,52.12288962964,6.06636706846161,0.0,10.216620634085364,0.0,93.79,0.0,4.794537184071822,0.0,5.907179729351506,15.696091948224192,40.180637194564625,47.4994881163445,0.0,6.923737199690624,21.580519289070015,10.717645998109392,0.0,2.737076419819024,18.74466736656401,13.105365238255471,9.223494485629676,-0.2412062757201647,2.1306903239690937,6.460848809785221,2.005730298364331,0.0,0.4117647058823529,25,3,6,1,0,1,1,0,3,3,0,0,7,2,8,3,3,0,0,0,0,0,4.387145445870749,4,3.813600000000002,102.53160000000004,0,0,0,1,0,3,0,0,0,0,1,1,0,0,0,3,1,1,0,0,0,0,0,0,0,0,0,1,0,2,3,0,0,0,0,0,2,0,0,0,0,0,0,0,0,0,0,0,0,0,0,0,0,0,0,0,0,0,0,0,0,0,0,0,0,0,0,0,0,0,0,0,0,1,0,0,0,0,0,0,0,0,1,0,0,CHEMBL1371568,CCc1nnc(NC(=O)c2sc3nc4c(cc3c2N)CCCCC4)s1,16600.0,4.220108088040055,CHEMBL2093862,Runt-related transcription factor 1/Core-binding factor subunit beta,0,Medium-Polar-Aromatic-Rigid-Hydrophobic
12.636445193014456,12.636445193014456,0.1364948664651049,-3.539497202015689,0.7819883028743027,15.88,379.5070000000002,358.3390000000001,379.1024335320001,134,0,0.2716139855981002,-0.355871545826252,0.355871545826252,0.2716139855981002,1.2,1.96,2.68,32.23345276952311,10.16784887616257,2.2711321827010797,-2.2470815089540817,2.2234955867907784,-2.3493070960892055,7.9822238951471,0.1017997079322216,3.1361067120295902,1.745631165609118,855.527955792272,17.86359655174942,13.988090568889769,15.62108373074522,12.002368428929351,8.145051520786893,10.80985972097912,5.899882567302434,8.717470358498995,4.181565442289378,6.783309090072331,2.8080737045506075,4.779235875158629,-1.7700000000000005,641484.3557322286,18.034065145253447,7.633132180096663,4.07845182814567,151.6015252654578,10.300767124953538,10.589411470366237,0.0,10.023291153407584,5.907179729351506,0.0,4.794537184071822,8.417796984328938,4.305215991296233,11.761884949391115,12.48718869138762,43.36288070320986,29.869226133639565,0.0,13.212334168400758,33.37974210683377,0.0,9.28919451224344,0.0,29.05343181981358,24.662070599342886,42.222606908769585,0.0,0.0,5.316788604006331,5.687386274683562,0.0,11.761884949391115,42.95945322126043,10.023291153407584,0.0,29.75093004769831,46.31964586495668,0.0,0.0,0.0,82.27000000000001,10.023291153407584,13.212334168400758,0.0,16.49659119971774,18.776899086508713,24.157948344295804,16.56842663137092,17.828252017852726,24.454870388896232,10.300767124953538,0.0,26.76227752816768,1.5851958331725438,16.32517722297328,2.785296044343663,0.9000247135253447,-0.3626414609053496,8.890074034912981,6.1609986026872265,1.076428016471653,-3.539497202015689,0.3529411764705882,25,2,6,0,1,1,1,1,1,2,0,0,4,2,8,2,5,0,1,1,0,0,5.506256119927746,3,3.1635000000000018,99.57870000000004,0,0,0,0,0,1,1,0,0,0,1,1,0,0,0,1,2,0,0,0,0,1,0,0,0,0,0,1,0,1,0,0,0,0,1,0,0,0,0,0,0,0,0,0,0,0,0,0,0,0,0,0,0,0,0,0,0,0,0,0,0,0,0,0,0,0,0,0,0,1,0,0,0,0,0,1,1,0,0,0,0,0,0,0,0,CHEMBL1369869,CSc1cccc(NC(=O)c2cc(S(=O)(=O)N3CCCCC3)c[nH]2)c1,3448.0,3.5375672571526753,CHEMBL4374,Photoreceptor-specific nuclear receptor,0,Medium-Polar-Aromatic-Rigid-Hydrophobic
13.472384626690182,13.472384626690182,0.1977494331065756,-4.517460356827917,0.5816783741599233,15.625,354.3530000000002,341.2490000000001,354.06498331600005,126,0,0.4331809528193165,-0.506180684294293,0.506180684294293,0.4331809528193165,1.0,1.7083333333333333,2.4166666666666665,32.13351117431267,9.975914486284562,2.3774680386089,-2.1493099318806066,2.444927910716091,-2.135867041531759,7.253328205444901,-0.1411613247295509,2.6933855837236877,2.1766161645526902,965.7416543737914,17.06011345338556,12.44388026661374,13.260376847541467,11.359191910946029,7.601292836853752,8.417789417781478,5.935462065605865,6.934532832368645,4.37660470500315,5.471976642566809,3.399336536035468,4.459427694782651,-2.0900000000000003,285453.0843197876,15.43842485053781,5.203949785915831,2.277588877044229,138.14328666129302,10.213054789681411,16.273836247752932,0.0,5.879988336435371,0.0,6.176298517443475,0.0,9.967957041894415,13.17124514302446,11.336785877934735,6.4208216229260096,36.81018947509803,11.452591282926406,10.216620634085364,23.384299932705872,31.770027146105463,0.0,9.967957041894415,0.0,38.28040663207352,0.0,22.88719804670406,0.0,11.629500169719275,0.0,13.17124514302446,11.629500169719275,11.336785877934735,20.181011831575827,19.017941763295493,0.0,36.08329584702048,6.06636706846161,0.0,20.433241268170725,0.0,66.24000000000001,11.870226512291936,23.384299932705872,0.0,22.023348081036836,40.42876120902518,30.24479619224837,0.0,0.0,0.0,9.967957041894415,0.0,40.765368165784835,0.9721702569916854,8.110482804232802,20.20123610323759,0.3328240740740753,-0.5570366039934482,1.084378582451499,-1.3260900494457055,0.0,0.0,0.375,24,2,4,1,0,1,0,0,3,3,0,0,5,2,8,3,0,0,0,0,0,0,3.3475328206597452,4,4.543400000000002,84.5116,0,0,0,0,0,2,0,2,0,0,0,0,0,0,0,2,0,0,0,0,0,0,0,0,0,3,0,0,0,0,1,0,0,0,0,0,5,0,0,0,0,0,0,0,3,0,0,0,0,0,0,0,0,0,0,0,0,0,0,0,0,0,0,0,0,0,0,0,0,0,0,0,0,2,0,0,0,0,0,0,0,0,1,0,0,CHEMBL1613080,Oc1cc(O)c2sc3nc(C(F)(F)F)c4c(c3c2n1)CCCCC4,9530.0,3.979092900638326,CHEMBL4426,Phospholipase A2 group 1B,0,Medium-Polar-Aromatic-Rigid-Hydrophobic
12.936375267699672,12.936375267699672,0.0023891408415217,-3.928321523053664,0.6945197114350193,11.384615384615383,392.864,375.72800000000007,392.05975570400005,136,0,0.2651558324164616,-0.4953173806985326,0.4953173806985326,0.2651558324164616,1.1538461538461535,1.8846153846153848,2.5,35.495692369199574,10.042967923375574,2.228249110539065,-2.136403738370207,2.3421739263867365,-2.142111310569068,7.924504063530823,0.3933100229455262,2.946484777628429,2.107954784334199,1041.3030958375844,18.89697674656903,14.407871405155882,15.980296932102064,12.330535685248812,7.718625565716782,9.579753286320402,5.650154126019182,7.70817837900572,3.893366035643488,5.609661751719002,2.681053551966039,4.195879735621626,-2.5099999999999993,725568.930006223,18.286149106388848,7.010782020629235,3.4030987276386453,156.3332009580192,9.259957890773396,16.40524272767612,0.0,0.0,10.023291153407584,0.0,4.722094864452088,8.417796984328938,0.0,0.0,34.95670435274279,43.67639416492469,5.563451491696996,23.513745124550884,17.677754875102334,27.311617318323663,0.0,5.156663257125445,0.0,18.742957874899023,11.831892405729622,58.9413782066955,0.0,16.876414816677897,9.458957818252138,5.687386274683562,5.749511833283905,11.600939890232516,20.684257782731915,10.023291153407584,13.847474399381248,11.454175413722902,51.883147891722395,5.022633313741326,11.126902983393991,0.0,81.43,10.023291153407584,8.417796984328938,0.0,10.64499530880168,27.727646493844787,5.563451491696996,13.176164609739144,50.24567681015091,0.0,9.878758121577532,20.86089778100591,38.79385850339269,6.0666287685745655,-0.0023891408415217,4.220250940571107,2.38654599301034,0.8288347902164646,11.508212673558695,0.0,3.571390664877317,-2.5122220822485355,0.1666666666666666,26,1,6,0,0,0,0,2,1,3,0,0,5,1,8,1,5,0,0,0,0,0,4.930777130062165,3,4.421240000000003,100.2255,0,0,0,0,0,1,0,0,0,0,0,0,0,0,0,1,1,0,0,0,0,0,0,0,0,0,0,0,0,1,2,0,0,0,2,0,0,0,0,0,0,1,0,0,1,0,0,0,0,0,0,0,0,0,0,1,0,0,0,0,0,0,0,0,1,0,0,0,0,0,0,0,0,0,0,0,1,0,0,0,0,0,0,0,0,CHEMBL2181727,COc1ccc(-c2c(C)noc2C)cc1S(=O)(=O)Nc1ccccc1Cl,4300.0,3.633468455579586,CHEMBL1293289,Bromodomain-containing protein 2,0,Medium-Polar-Aromatic-Rigid-Hydrophobic
12.334561602418743,12.334561602418743,0.0,-0.4880498866213141,0.575110146401261,10.75,339.7820000000001,325.6700000000001,339.07745436799996,120,0,0.2659697899429734,-0.4619840864162398,0.4619840864162398,0.2659697899429734,1.25,2.0833333333333335,2.7916666666666665,35.453001099135044,10.137358699694088,2.1193022802464174,-2.069673133079706,2.2179256038098063,-2.1324525062335624,6.1200424729337914,-0.1119599919135755,2.9774544161400347,2.083331577084853e-06,948.802319058376,16.233840039752504,12.81532448509814,13.631821066025866,11.16903509559602,7.005177529773271,7.005177529773271,4.948016492104045,4.948016492104045,3.306708726399349,3.306708726399349,2.2238441312952815,2.2238441312952815,-3.099999999999999,255411.99472532445,17.256956693980527,7.444914695070224,3.620105690425094,144.57630385978828,9.733939541059678,23.162820680610423,0.0,0.0,5.907179729351506,0.0,9.778515705019029,0.0,5.261891554738487,12.407033161179976,6.06636706846161,43.32193961046029,17.659087892911753,11.204086992299825,9.211688121125167,40.980544204129984,5.261891554738487,4.983978520947208,0.0,6.923737199690624,5.316788604006331,65.75501241866249,0.0,6.069221312792274,5.316788604006331,5.687386274683562,0.0,12.407033161179976,10.891158250298712,4.794537184071822,18.254850067221383,11.520494837748885,58.65166851796697,0.0,16.97894503891494,0.0,78.92,5.907179729351506,10.056428738810308,0.0,17.980137691249244,17.207881112432446,10.902924932081056,6.076020106833881,43.45241611361175,18.201955449715495,10.300767124953538,4.417150937053347,5.368926886538718,0.0,16.57330346709901,12.78865436297976,1.3537642959693832,0.6951557976521914,14.478067909390058,3.1106146121595257,1.7981793348780182,0.0,0.0555555555555555,24,1,5,0,0,0,1,1,2,3,0,0,4,1,6,2,3,0,0,0,0,0,5.353190436800254,3,4.103700000000003,94.6557,0,0,0,0,0,1,0,0,0,0,1,1,0,0,0,2,1,0,0,0,0,0,0,0,0,0,0,1,0,1,1,0,0,0,1,0,1,0,0,0,0,0,1,0,1,0,0,0,0,0,0,0,0,0,0,0,0,1,0,0,0,0,0,0,0,0,0,0,0,0,0,0,0,1,0,0,0,0,0,0,0,0,0,0,0,CHEMBL1519408,Cc1ccc(/C=C(\C#N)C(=O)Nc2cccc3ncccc23)o1.Cl,17400.0,4.2405492482825995,CHEMBL2093862,Runt-related transcription factor 1/Core-binding factor subunit beta,0,Medium-Polar-Aromatic-Rigid-Hydrophobic
12.842795020786092,12.842795020786092,0.0521787603930461,-3.821377078609219,0.7507310046342668,11.32,358.41900000000004,340.2750000000001,358.098728056,130,0,0.2651071638223514,-0.495317380726811,0.495317380726811,0.2651071638223514,1.08,1.8,2.4,32.233272163065045,10.04296801776484,2.221019668985482,-2.1293337201719167,2.3341429420592203,-2.1381919186673572,7.9243757212043935,0.3933100128839162,2.932678237307373,2.095379424101381,975.6704677201424,18.02673325856595,14.107257201336282,14.923753782264008,11.919852082725852,7.612976662545502,9.096139910139897,5.536333251748014,7.187157377993946,3.8011922044399777,5.203688757057241,2.6536624365270285,3.908353951607921,-2.7999999999999994,496948.19266820897,17.037032989549893,6.60117823021275,3.3639090236049647,146.0299347311375,9.259957890773396,16.40524272767612,0.0,0.0,10.023291153407584,0.0,4.722094864452088,8.417796984328938,0.0,0.0,29.422131530971885,43.67639416492469,11.250837766380558,12.803725536125995,17.677754875102334,15.710677428091143,0.0,5.156663257125445,0.0,18.742957874899023,11.831892405729622,59.98511196141578,0.0,16.876414816677897,9.458957818252138,5.687386274683562,5.749511833283905,0.0,20.684257782731915,10.023291153407584,13.847474399381248,11.454175413722902,57.949514960184,0.0,11.126902983393991,0.0,81.43,10.023291153407584,8.417796984328938,0.0,10.64499530880168,22.70501318010346,5.563451491696996,7.109797541277533,49.38830667892189,12.990104268152232,9.878758121577532,9.259957890773396,38.67481847871278,0.0,0.0521787603930461,3.9233967344717704,2.6515085325529055,0.8897913703793938,13.67644393108228,0.0,3.5996183967414126,-2.3844228710002495,0.1666666666666666,25,1,6,0,0,0,0,2,1,3,0,0,5,1,7,1,5,0,0,0,0,0,4.498579651121329,3,3.7678400000000023,95.21550000000002,0,0,0,0,0,1,0,0,0,0,0,0,0,0,0,1,1,0,0,0,0,0,0,0,0,0,0,0,0,1,2,0,0,0,2,0,0,0,0,0,0,1,0,0,0,0,0,0,0,0,0,0,0,0,0,1,0,0,0,0,0,0,0,0,1,0,0,0,0,0,0,0,0,0,0,0,1,0,0,0,0,0,0,0,0,CHEMBL2181725,COc1ccc(-c2c(C)noc2C)cc1S(=O)(=O)Nc1ccccc1,2200.0,3.342422680822206,CHEMBL1795186,Bromodomain-containing protein 3,0,Medium-Polar-Aromatic-Rigid-Hydrophobic
12.001335854991712,12.001335854991712,0.1355904090031072,-0.4440010135205552,0.7005839376223951,14.576923076923077,353.4060000000001,342.3180000000001,353.06228297200005,122,0,0.2884444188040181,-0.3987277676641947,0.3987277676641947,0.2884444188040181,1.0,1.8076923076923077,2.576923076923077,32.16658001265279,10.013580342837788,2.3556122244099016,-2.0876105893149073,2.4556303485438424,-1.9297578999745144,7.992116014242468,-0.1132683253711586,3.137446140142706,1.727921254299765,1230.586156437603,17.83613433532446,13.484426463823905,14.30092304475163,12.669035095596024,8.047935706965715,8.864432287893441,6.137856756545371,7.253211828195782,4.658815676203084,5.742592632689909,3.536986256632506,4.4792284965488856,-3.3599999999999985,1827976.519523625,14.939033267501737,5.316859703178334,1.9657682572578865,153.2060320797871,5.733667477162185,11.64232584286154,0.0,0.0,5.907179729351506,0.0,4.794537184071822,4.992404732635668,5.261891554738487,0.0,36.027353223237554,41.28151104846984,32.00113346195017,5.711685002770702,4.794537184071822,45.41368891519574,5.261891554738487,0.0,4.992404732635668,9.79096695103555,5.733667477162185,71.29731112961775,0.0,6.069221312792274,5.733667477162185,5.687386274683562,0.0,11.761884949391115,11.618864732122208,4.794537184071822,11.33111286753076,11.126902983393991,74.95377982989498,0.0,16.34555295899886,0.0,79.24,5.907179729351506,10.056428738810308,0.0,5.5731045300692665,11.28478953283997,37.377704638042694,0.0,11.761884949391115,54.600157860485155,11.05877180109728,5.733667477162185,0.0,1.6627104066935412,18.339718087003995,11.52439236262108,9.77750002574324,-0.4440010135205552,19.806346798125364,0.0,0.0,0.0,0.0,26,2,4,1,1,2,1,3,0,3,0,0,4,1,5,1,2,0,0,0,0,0,3.0549516917084825,5,4.1932800000000015,103.0024,0,0,0,1,0,0,0,0,0,0,1,1,0,0,1,2,0,1,0,0,0,0,0,0,0,0,1,1,0,1,0,0,0,0,3,0,3,0,0,0,0,0,0,0,0,0,0,0,0,0,0,0,0,0,0,0,0,1,0,0,0,0,0,0,0,0,0,0,0,0,0,0,0,0,0,0,0,0,0,0,0,0,0,0,0,CHEMBL1672082,N#CC1=C2C(=NC1=O)c1cccc3c(Sc4ccc(N)cc4)ccc2c13,5.0,0.6989700043360189,CHEMBL4361,Induced myeloid leukemia cell differentiation protein Mcl-1,0,Medium-Polar-Aromatic-Rigid-Hydrophobic
12.265756431942954,12.265756431942954,0.0488884351312197,-0.945181841949587,0.7356104819664017,13.357142857142858,375.42800000000017,354.2600000000001,375.158291532,142,0,0.3387167104489268,-0.4775492881015675,0.4775492881015675,0.3387167104489268,1.0714285714285714,1.75,2.392857142857143,16.365870632918632,10.017198175212894,2.324409298861121,-2.1237314845428337,2.422604550711124,-2.2101537191395337,5.948382436094646,0.0694701297901235,3.4433379373677417,1.7515445713916151,1064.3938678973063,19.836134335324452,15.793067217196915,15.793067217196915,13.452397498181154,9.191882822420046,9.191882822420046,7.265427398211965,7.265427398211965,4.940660892404737,4.940660892404737,3.3852564280681148,3.3852564280681148,-3.4099999999999997,3940790.082503384,17.976742994458412,6.959572477894067,3.2880781239085426,162.57870025831983,10.006437125691182,5.563451491696996,0.0,0.0,5.907179729351506,5.969305287951848,4.794537184071822,9.476340119217006,5.098681808301038,0.0,24.26546827384644,48.23401450309245,25.576701503212767,17.5781578411451,14.69560176298435,11.876485017303354,0.0,14.680394474296698,0.0,18.75954929201341,14.09534396535438,71.54861109754842,0.0,16.814289258077554,0.0,0.0,0.0,0.0,45.758750851795135,0.0,0.0,45.169454638399515,54.72778011930596,0.0,16.814289258077554,0.0,75.43,5.969305287951848,14.69560176298435,0.0,17.388537267209895,5.563451491696996,35.349860498778035,6.196843571613076,29.74342369981165,42.46456947923127,5.098681808301038,0.0,1.735560437137818,0.0,25.370092428679328,13.820939834011485,4.3434211523605475,-0.7456471986360835,15.281867922942055,3.402524972909865,0.0,3.4579071172616516,0.2272727272727272,28,1,6,1,0,1,1,2,1,3,0,0,4,1,6,1,5,1,0,1,0,0,4.468230206657419,4,3.816700000000002,105.95180000000003,0,0,0,0,1,2,0,0,1,1,2,1,0,0,0,3,0,0,0,0,0,0,0,0,0,0,0,1,0,0,0,0,0,0,2,0,0,0,0,0,0,0,0,0,0,0,0,0,0,0,0,0,0,0,0,0,0,0,0,0,0,0,0,0,0,0,0,0,0,0,0,0,0,0,0,0,0,0,0,0,0,0,0,0,0,CHEMBL5169432,CN(C)C(=O)c1cccc(-c2cccc(-n3ncc(C(=O)O)c3C3CC3)c2)c1,370.0,2.568201724066995,CHEMBL3038498,Keap1/Nrf2,0,Medium-Polar-Aromatic-Rigid-Hydrophobic
13.142027326362644,13.142027326362644,0.0214814814814821,-0.8015426849752243,0.5883014183561979,10.761904761904765,292.201,286.153,292.040796492,106,0,0.3234517701520347,-0.3496712619900476,0.3496712619900476,0.3234517701520347,1.1428571428571428,1.8571428571428572,2.5238095238095237,19.145433002811007,10.182823473948712,2.2236773365527114,-2.068648952964766,2.3324911532410977,-1.985917405086639,5.914342552883179,-0.3818603820321554,2.842614940035139,2.111131433261069,829.3848634014448,14.98276318419594,10.209065949858047,10.209065949858047,10.041713895658194,5.6718160196912235,5.6718160196912235,4.1339197204459746,4.1339197204459746,2.725333661957394,2.725333661957394,1.9050771066793049,1.9050771066793049,-3.1,75786.95691627683,12.909822984268072,4.779017013232514,2.356749643532389,114.84040840676502,5.316788604006331,22.83852867439161,0.0,5.516700717616262,0.0,5.687386274683562,10.114318268765572,13.409869032242987,0.0,0.0,0.0,34.57879478809733,11.753753343145172,4.923311048817671,18.33318008106066,28.09556025928321,0.0,10.31332651425089,0.0,0.0,5.316788604006331,52.08059529316541,0.0,0.0,5.316788604006331,25.842988919400327,0.0,0.0,15.236637563068562,0.0,21.74875995085736,0.0,34.9608742792014,0.0,11.033401435232523,0.0,94.09,22.24513900559302,18.89514836411521,0.0,22.40817398459965,6.06636706846161,12.13273413692322,12.13273413692322,0.0,0.0,20.25915405515057,0.0,30.731019515831026,0.0,10.489677815570673,20.713271394977745,-0.1828043902746263,-1.6030853699504486,5.518587700512304,0.0,0.0,0.0,0.0,21,1,7,0,0,0,0,2,1,3,0,0,6,1,9,1,3,0,0,0,0,0,2.937917318077965,3,3.1528,68.0991,0,0,0,0,0,2,0,0,0,0,0,0,0,0,0,3,1,0,0,0,0,0,0,0,0,0,0,0,0,2,0,0,0,0,2,0,1,0,0,0,0,0,0,0,2,0,0,0,0,0,0,0,0,0,0,0,0,0,1,1,0,0,0,0,0,0,0,0,0,0,0,0,0,0,0,0,0,0,0,0,0,0,0,0,0,CHEMBL2311931,O=[N+]([O-])c1c(Nc2cc(F)cc(F)c2)ccc2nonc12,2000.0,3.3010299956639813,CHEMBL3885518,Aryl hydrocarbon receptor nuclear translocator/Endothelial PAS domain-containing protein 1,0,Medium-Polar-Aromatic-Rigid-Hydrophobic
12.324793958880358,12.324793958880358,0.0141359599395307,-0.4440202191987896,0.6755850568054806,10.576923076923077,368.414,352.28600000000006,368.0830779919999,132,0,0.2926672906372505,-0.450927337392471,0.450927337392471,0.2926672906372505,1.0,1.6923076923076923,2.269230769230769,32.13357778080816,10.08081394700082,2.167631964386765,-1.9996692816344188,2.255748378934028,-2.099954154373546,7.173632625038649,0.0993164066171665,3.216675781482649,1.7631068542144173,998.9780511022116,18.84457050376173,14.452556662957033,15.269053243884755,12.346244348298503,7.858133419692357,8.674630000620082,5.7412961740452495,6.7403669408080304,3.742550124888411,4.916241317902053,2.419513320691877,3.2762433161591855,-3.0599999999999996,864565.2498437805,17.75308211077878,7.050114911463273,3.6226879448288254,153.42401321717884,4.417150937053347,5.7602474188744415,22.458295791443653,0.0,5.907179729351506,0.0,19.700400156221797,4.983978520947208,0.0,0.0,35.602254151781175,25.980208536304467,18.050640183084617,10.57107518854976,18.800762489268813,33.94201397985545,0.0,4.983978520947208,0.0,20.771211599071872,5.316788604006331,58.29297650989085,0.0,11.323698910571435,5.316788604006331,5.131558479839333,0.0,11.336785877934735,22.457648143028592,0.0,6.923737199690624,50.12586005071791,40.815353347823006,0.0,11.323698910571435,0.0,89.27,5.907179729351506,14.383611552215466,0.0,17.32673731160432,27.026332578960535,16.900237369631732,13.847474399381248,43.32193961046029,0.0,10.300767124953538,4.417150937053347,5.601488725119678,1.131872980208013,39.83009458964331,2.989569962231398,1.958510856002705,0.1044924314869322,10.20036018344987,0.0,4.6836102718581,0.0,0.1578947368421052,26,1,6,0,0,0,1,1,2,3,0,0,6,1,7,2,5,0,0,0,0,0,4.813894958216667,3,4.3690200000000035,98.95720000000004,0,0,0,0,0,1,0,0,0,0,3,3,0,0,0,1,1,0,0,0,0,0,0,0,0,0,0,1,0,1,1,0,0,0,1,0,0,0,0,0,0,0,1,0,0,0,0,0,0,0,0,2,2,0,0,0,0,0,0,0,0,0,0,0,0,0,0,0,0,0,0,0,0,0,0,0,0,0,0,0,1,0,0,0,0,CHEMBL1589959,CC(=O)c1ccc(-c2ccc(C(=O)Nc3nc(C)c(C(C)=O)s3)o2)cc1,8010.0,3.9036325160842376,CHEMBL4374,Photoreceptor-specific nuclear receptor,0,Medium-Polar-Aromatic-Rigid-Hydrophobic
12.224277875903958,12.224277875903958,0.0810366453177808,-1.0690903452294835,0.6144173241165314,10.074074074074074,363.37300000000016,346.23700000000014,363.121906024,136,0,0.3352567440994007,-0.4850170323722791,0.4850170323722791,0.3352567440994007,0.9629629629629628,1.7777777777777777,2.5555555555555554,16.478565047931916,10.17909744883758,2.104770488004079,-2.1209915795567675,2.2220844709728476,-2.204562517353541,6.0035302121695295,0.0696595553076712,2.6800946514060056,1.654849997511259,944.7215657543592,19.06226716449869,14.254482073853566,14.254482073853566,13.114193540729628,8.147406054961357,8.147406054961357,5.58949996440351,5.58949996440351,3.60717941338804,3.60717941338804,2.33608291608825,2.33608291608825,-3.869999999999999,1482478.2758573235,17.93715179593769,8.482186779337447,5.052264109783285,155.19061340476782,15.160178952647088,6.606881964512918,11.567374611118932,0.0,0.0,12.00041980028992,5.316788604006331,14.573052889090851,0.0,0.0,36.39820241076966,35.89528683400505,11.884229846296638,5.563451491696996,19.4324647167844,23.505668852808512,0.0,4.983978520947208,0.0,6.606881964512918,10.633577208012662,84.0537843080848,0.0,5.749511833283905,15.370440161812713,16.299786236590414,5.749511833283905,0.0,22.09092571607783,6.606881964512918,0.0,15.921440167465814,72.9268813246908,0.0,0.0,0.0,100.55,12.00041980028992,9.589074368143644,0.0,11.381314269532025,18.043780072480384,5.563451491696996,18.3295777085363,24.26546827384644,30.33183534230805,15.61755572895987,9.843390348640757,5.7421517487976725,0.0,27.360210135247893,14.201281052134226,1.4257822496182062,-0.3782477211428114,18.44095569200765,1.5377386513732112,0.3367948586306268,0.0,0.05,27,3,7,0,0,0,2,2,1,3,0,0,4,3,7,1,6,0,0,0,0,0,5.635047104535986,3,4.002800000000002,101.0537,0,0,0,0,1,1,0,0,1,1,2,1,0,0,0,1,2,0,0,0,0,0,0,0,0,0,0,2,0,2,0,0,0,0,2,0,0,0,0,0,0,1,0,0,0,0,0,0,0,0,0,0,0,0,0,0,0,0,0,0,0,0,0,0,0,0,0,0,0,0,0,0,0,1,0,0,0,0,0,0,0,0,0,0,1,CHEMBL201645,O=C(Nc1cccc(C(=O)O)c1)Nc1ncccc1OCc1ccccc1,71.0,1.8512583487190752,CHEMBL1949,Cyclophilin A,0,Medium-Polar-Aromatic-Rigid-Hydrophobic
4.555909942680776,4.555909942680776,0.9751967592592592,0.9751967592592592,0.7380166296356946,15.681818181818182,331.47,314.33400000000006,331.09253754400004,114,0,0.1848448734076006,-0.3524257894280078,0.3524257894280078,0.1848448734076006,1.0909090909090908,1.9090909090909092,2.636363636363636,32.134696297725014,10.235090570236451,2.214191704717672,-2.349267712489771,2.310066145818947,-2.4642928296470616,7.1825119526202785,0.6473353755375304,3.2339038817882457,1.5713328401779845,759.4395944470754,14.940946820939052,12.39749954111876,14.030492702974213,10.847667890550102,7.476960192452822,9.173109584635442,5.271144354999987,7.259360385330769,3.9768849901422,5.996497119258084,2.8008216012797047,4.427092657904592,-1.7299999999999998,290941.3966289613,13.90030761806849,5.811031205458087,2.4386642846667295,136.81332121421585,9.799819461700954,16.975579272220138,5.131558479839333,0.0,0.0,0.0,0.0,14.951935562841625,0.0,22.67357175586947,6.923737199690624,12.48718869138762,42.63307915943059,5.386224214464796,0.0,43.8396136476292,0.0,14.951935562841625,0.0,13.344558822616634,35.97884508535125,28.84774067900644,0.0,0.0,9.799819461700954,10.94942125767436,0.0,22.67357175586947,41.13096118649192,6.4208216229260096,0.0,11.800884393391923,23.970593485305145,0.0,10.216620634085364,0.0,45.150000000000006,0.0,0.0,0.0,0.0,0.0,48.37966492387123,10.263371408166094,29.00089183063401,11.576906342078992,37.74185929269481,0.0,0.0,3.48516652494331,20.58433382040705,4.357554583880793,0.0,1.0830914588057448,2.2525128600823043,4.62208971023365,6.115251041647145,0.0,0.4,22,0,5,0,1,1,0,0,3,3,0,0,7,0,7,4,3,0,1,1,0,0,3.67159642427558,4,3.0368000000000013,93.33300000000004,0,0,0,0,0,3,0,0,0,0,0,0,0,0,0,5,0,0,0,0,0,0,0,0,0,0,0,0,0,2,1,0,0,0,0,0,1,0,0,0,0,0,0,0,0,0,0,0,0,0,0,0,0,0,0,0,0,0,0,0,0,0,0,0,0,0,0,0,0,0,1,0,0,0,0,0,0,0,0,0,1,0,1,0,0,CHEMBL4290941,CCc1cc2c(N3CCN(c4nccs4)CC3)ncnc2s1,46000.0,4.662757831681574,CHEMBL2093861,Menin/Histone-lysine N-methyltransferase MLL,0,Medium-Polar-Aromatic-Rigid-Hydrophobic
13.175227148868888,13.175227148868888,0.1275962144116909,-0.398860334257159,0.5262909675701515,11.037037037037036,382.4200000000002,367.3000000000002,382.08997494,136,0,0.2343532034319688,-0.4527333924980123,0.4527333924980123,0.2343532034319688,1.1851851851851851,2.037037037037037,2.8518518518518516,32.16655576090898,10.236339794029604,2.160173800395339,-2.0489275194792156,2.27980453131492,-2.141110588647915,7.993712095170704,-0.1133611468796582,3.2277015492789034,1.4497558214897044,1088.8106820137918,18.802754140504845,14.347609334793871,15.1641059157216,13.097356788324024,8.165415872545472,9.15101443219896,5.860873290479756,6.803371931339492,3.921548626176495,4.941784717561582,2.640633212410602,3.3516731884613367,-3.129999999999999,2301228.5519769853,17.292166771076165,7.239934704806198,3.7023593310960528,157.9433228204775,14.301039188851032,11.400240982688135,16.741088398695076,5.907179729351506,0.0,0.0,4.794537184071822,4.39041504767482,0.0,10.197363616602075,36.027353223237554,30.33183534230805,18.12128247182555,5.752853606746789,13.602103168799989,34.325695309533224,0.0,14.76446326439343,7.04767198267719,5.156436481820707,11.06964221075312,60.414524457200386,0.0,11.584651916874368,5.316788604006331,10.077801322358384,0.0,11.761884949391115,26.424496600491725,11.842209166749011,5.817220841045894,0.0,64.17089103502855,0.0,22.553896272981405,0.0,72.95,5.817220841045894,9.184952231746642,0.0,11.660033336098294,22.42847467337864,10.969244356107035,23.894619086314336,16.699833784714574,37.37950732498524,15.514152220608404,4.417150937053347,20.76752570850841,1.2428726799361718,12.072241818827315,12.52467108985188,1.195096398437745,0.6735395761712519,15.375907551234064,0.0,0.0,1.8148118436998304,0.1052631578947368,27,1,6,0,0,0,1,2,2,4,0,0,6,1,8,2,5,0,0,0,0,0,4.636820678785587,4,4.098200000000003,101.9647,0,0,0,0,0,3,0,0,0,0,1,1,0,0,0,3,1,0,0,0,0,0,0,0,0,0,0,1,0,1,0,0,0,0,2,0,1,0,0,0,0,0,1,0,1,0,0,0,0,0,0,0,0,0,0,0,0,0,0,0,0,0,0,0,1,0,0,0,0,0,0,0,0,0,0,1,0,0,0,0,0,0,0,0,0,CHEMBL1607639,Cn1c(SCC(=O)Nc2cccc(F)c2)nnc1-c1cc2ccccc2o1,1672.0,3.2232362731029975,CHEMBL2096976,Peroxisome proliferator-activated receptor gamma/Nuclear receptor corepressor 2,0,Medium-Polar-Aromatic-Rigid-Hydrophobic
11.19746736762249,11.19746736762249,0.0731789763400507,-0.5076816852646577,0.5103857692167969,10.714285714285714,304.69300000000004,295.62100000000004,304.03631782800005,106,0,0.3233081064196063,-0.3542397798685656,0.3542397798685656,0.3233081064196063,1.0952380952380951,1.8571428571428572,2.5714285714285716,35.49569168458183,10.21359852838006,2.095053130671644,-2.077911602423103,2.292913722849031,-1.98729982422889,6.33136454812057,-0.384418829730266,2.7984856414380346,1.938110794061413,899.8129185040063,14.98276318419594,10.51402455503853,11.269953501056984,10.024877143252588,5.957929294581806,6.335893767591034,4.385746123705916,4.792946250446522,2.958462569405773,3.2711715778940724,1.984765207064458,2.2067939275077806,-2.7999999999999994,74985.42276233213,13.195490638172728,4.949309240822771,2.586089129529362,122.26659649229028,15.284745645900744,0.0,0.0,0.0,5.687386274683562,5.689743398203474,10.114318268765572,4.794537184071822,0.0,0.0,11.600939890232516,24.26546827384644,17.820120411606784,26.666732072475085,4.923311048817671,39.69650014951572,0.0,9.967957041894415,0.0,0.0,5.316788604006331,62.01943457555185,0.0,0.0,11.006532002209806,17.062158824050687,0.0,11.600939890232516,14.891268090712083,0.0,10.114318268765572,0.0,41.19273959484149,5.022633313741326,11.033401435232523,0.0,103.82,4.923311048817671,14.908855452837392,0.0,16.399762986628364,22.40817398459965,0.0,18.19910120538483,18.19910120538483,0.0,15.284745645900744,11.600939890232516,0.0,6.014786793832759,26.641396853579543,13.952555824122832,2.2387666435652265,0.0,9.430271662677416,0.0,0.0,0.0,0.0,21,3,7,0,0,0,0,2,1,3,0,0,4,3,8,1,3,0,0,0,0,0,3.1099316072713643,3,3.1614000000000004,80.30850000000001,0,0,0,0,0,2,2,0,0,0,0,0,0,0,0,1,3,0,0,0,0,2,0,0,0,0,0,0,0,2,0,0,0,0,2,0,1,0,0,0,0,0,0,0,1,0,0,1,0,0,0,0,0,0,0,0,0,0,1,1,1,0,0,0,0,0,0,0,0,0,0,0,0,0,0,0,0,0,0,0,0,0,0,0,0,CHEMBL4063725,O=c1[nH]c2ccc(Nc3ccc([N+](=O)[O-])cc3Cl)cc2[nH]1,4500.0,3.653212513775343,CHEMBL4106125,BCoR-BCL6,0,Medium-Polar-Aromatic-Rigid-Hydrophobic
13.02290091962711,13.02290091962711,0.0202725101110738,-1.6004844970395564,0.570524941576075,18.40740740740741,360.3690000000001,344.2410000000001,360.111006992,134,0,0.2689441062118741,-0.3629560843398985,0.3629560843398985,0.2689441062118741,0.925925925925926,1.5555555555555556,2.2222222222222223,16.628270684641564,9.934351974823386,2.490061484828373,-2.345717253270832,2.424458509196764,-2.4370376041294084,5.999096118554668,-0.384448900114328,2.921440037477389,1.785153301526012,1017.866305360104,19.018297090128677,14.27904593854315,14.27904593854315,13.013892449325285,8.442881941270576,8.442881941270576,6.398677358871909,6.398677358871909,4.832997365259295,4.832997365259295,3.4851127021167487,3.4851127021167487,-3.51,1955775.5617294628,16.931600432993154,6.335293402302408,2.6679975988540017,155.00315196622856,5.106527394840706,0.0,5.724985593970254,0.0,11.594566004035068,0.0,19.80876518368787,0.0,0.0,0.0,60.6636706846161,11.629818560158606,35.36784501792678,4.923311048817671,14.824375627730198,11.594566004035068,0.0,4.899909730850477,0.0,12.269741999882829,0.0,111.23089612555452,0.0,0.0,0.0,5.687386274683562,0.0,0.0,20.83692790386036,12.269741999882829,10.114318268765572,27.048343150859804,78.86277189000094,0.0,0.0,0.0,83.67999999999999,10.648296642787924,20.0153828476781,0.0,18.13932240994764,22.253805966787983,0.0,17.032643867773697,48.53093654769288,18.19910120538483,0.0,0.0,0.0,0.0,24.795314725481862,22.49266406568091,0.6386877522346062,-0.2821242231460483,21.983531186929316,0.0,0.1219264928193499,0.0,0.0952380952380952,27,1,6,0,1,1,1,3,0,3,1,0,4,1,6,1,4,0,0,0,0,1,3.9728391301319306,4,3.444200000000002,98.85270000000004,0,1,0,0,0,0,0,0,0,0,1,1,0,0,0,2,0,0,0,0,0,0,0,0,0,0,0,1,0,0,0,0,0,0,3,0,1,0,0,0,0,0,0,0,0,0,0,0,0,0,0,0,0,0,0,0,0,0,1,1,1,0,0,0,0,0,0,0,0,0,0,0,0,0,0,0,0,0,0,0,0,0,0,0,0,CHEMBL1688144,O=C1c2ccccc2C(O)(c2ccccc2)N1Cc1ccc([N+](=O)[O-])cc1,87000.0,4.939519252618618,CHEMBL5023,p53-binding protein Mdm-2,0,Medium-Polar-Aromatic-Rigid-Hydrophobic
12.367955168178382,12.367955168178382,0.0018183106575964,-0.5176667611489034,0.7519342060266272,11.96,332.315,320.219,332.079706864,122,0,0.2664748606559693,-0.5072525916489863,0.5072525916489863,0.2664748606559693,1.04,1.84,2.64,16.69672289912886,9.982129859836713,2.178703696611827,-2.0953379683156896,2.372120031075247,-2.12281844748087,5.778893925001474,0.173670316032484,3.088055392798216,1.9415376083436824,1079.5126954982811,17.388540578131757,12.945080997095062,12.945080997095062,12.16903509559602,7.529670710477216,7.529670710477216,5.497804945934878,5.497804945934878,4.022872853580099,4.022872853580099,2.808942437058084,2.808942437058084,-3.7199999999999993,906393.6666725612,14.846024063031791,5.727267303552305,2.4794147223267804,142.0647185805578,19.564231823388013,17.382184637773175,11.49902366656781,6.792942306099827,5.559266895052007,0.0,4.794537184071822,0.0,5.261891554738487,0.0,18.19910120538483,35.89528683400505,11.126902983393991,5.693927994848461,14.580253302440804,0.0,5.261891554738487,4.983978520947208,0.0,0.0,6.792942306099827,64.4481921185137,0.0,45.702039282583435,15.032992802652103,0.0,17.248535499851716,0.0,16.88344822188774,0.0,11.33111286753076,5.563451491696996,53.3254737317647,0.0,22.384282469939446,0.0,95.34,5.559266895052007,15.162956133651017,0.0,18.105905631080727,33.88330613650726,0.0,6.06636706846161,42.46456947923127,6.069221312792274,4.983978520947208,9.473725907600098,10.657465270836934,0.0,15.020385959939532,19.440790477092783,1.5010926608297648,1.2206477731256775,15.518343483666806,0.0,0.1412743745085012,0.0,0.0526315789473684,25,2,6,0,1,1,0,2,1,3,0,0,5,2,6,2,2,0,0,0,0,0,3.401085928158109,4,3.014880000000002,90.43750000000004,0,0,0,0,0,1,1,1,0,0,0,0,0,0,0,1,1,0,0,0,0,1,0,0,0,0,0,0,0,0,0,0,0,0,2,0,1,0,0,0,0,2,0,0,0,0,0,0,0,0,0,0,0,0,0,0,0,1,0,0,0,0,0,0,1,1,1,0,0,0,0,0,0,1,0,0,0,0,0,0,0,0,0,0,0,CHEMBL602758,N#Cc1c(-c2ccc3c(c2)OCO3)cc(-c2ccccc2O)[nH]c1=O,5100.0,3.707570176097936,CHEMBL4625,Apoptosis regulator Bcl-X,0,Medium-Polar-Aromatic-Rigid-Hydrophobic
12.829365315570673,12.829365315570673,0.0022466826236662,-3.651747448979591,0.8954505688325417,15.791666666666666,350.44000000000017,328.26400000000007,350.130028184,130,0,0.2440244721560076,-0.4953372872936152,0.4953372872936152,0.2440244721560076,1.25,1.9583333333333333,2.5416666666666665,32.23327247975919,10.042963799815146,2.2635019950205137,-2.1549792850914167,2.332991223030464,-2.3243427729681527,7.892434375302508,0.3932966262911024,3.1613900939441573,2.0376894756695316,816.7705907124604,17.319626477379405,14.126283249323969,14.942779830251697,11.419852082725852,8.057464775545082,9.540628023139474,6.167477380980217,7.849879622389734,4.452176628405287,5.993876734605367,3.2639019737225663,4.763754304861957,-1.86,339653.4289131724,16.97903685282414,6.565194832002093,3.183692843663812,141.7917199435273,9.259957890773396,16.40524272767612,0.0,10.023291153407584,0.0,0.0,0.0,13.139891848781026,0.0,0.0,24.064673571439076,44.38530327385348,11.605292320844956,12.803725536125995,17.677754875102334,10.023291153407584,0.0,9.878758121577532,0.0,50.46808519575103,7.109797541277533,29.653276619107732,0.0,16.876414816677897,9.458957818252138,0.0,5.749511833283905,0.0,26.726098611879877,10.023291153407584,13.847474399381248,37.137461905426946,27.61767961787595,0.0,11.126902983393991,0.0,81.43,10.023291153407584,8.417796984328938,0.0,10.937324304665736,11.509759252158346,42.50411746994649,7.109797541277533,12.13273413692322,19.913841467842857,9.878758121577532,9.259957890773396,38.92364043921313,0.0,0.1475925925925925,3.938831979174692,2.2903548857814737,0.9868278113714624,5.1203335747879395,3.8780607833124066,3.644377775036144,-2.1800198412698406,0.4705882352941176,24,1,6,1,0,1,0,1,1,2,0,0,5,1,7,1,5,1,0,1,0,0,4.644611874938922,3,3.187940000000002,90.54250000000005,0,0,0,0,0,1,0,0,0,0,0,0,0,0,0,1,1,0,0,0,0,0,0,0,0,0,0,0,0,0,2,0,0,0,1,0,0,0,0,0,0,1,0,0,0,0,0,0,0,0,0,0,0,0,0,1,0,0,0,0,0,0,0,0,0,0,0,0,0,0,0,0,0,0,0,0,1,0,0,0,0,0,0,0,0,CHEMBL2181722,COc1ccc(-c2c(C)noc2C)cc1S(=O)(=O)NC1CCCC1,200.0,2.3010299956639813,CHEMBL1795186,Bromodomain-containing protein 3,0,Medium-Polar-Aromatic-Rigid-Hydrophobic
12.418639928193498,12.418639928193498,0.3473405349794236,-0.8864192281851018,0.5634176260522511,12.148148148148149,360.3690000000001,344.2410000000001,360.111006992,134,0,0.3219687706277478,-0.5069735895058433,0.5069735895058433,0.3219687706277478,0.7407407407407407,1.2592592592592593,1.8148148148148149,16.270385709511245,10.060204135803083,2.2953384703711444,-2.161354802561783,2.4244656245334952,-2.407329041082705,6.072198272130208,0.0958025243046246,2.9583332266642133,1.577959639767896,995.8021866252552,18.965890847321376,14.139127002203155,14.139127002203155,13.058550648063802,8.370204763983804,8.370204763983804,6.206363702107405,6.206363702107405,4.583786276417123,4.583786276417123,3.404785860791786,3.404785860791786,-3.799999999999999,1935246.9302204752,16.656791562263273,6.493107038733862,2.8680259875128233,154.64582279298125,15.529843393687742,17.062475158264807,0.0,0.0,5.907179729351506,6.031114512338072,10.111325788078153,4.794537184071822,0.0,0.0,54.59730361615449,34.386540103711205,0.0,6.041840829147961,19.802129157825057,11.938294241689578,0.0,10.633577208012662,0.0,6.041840829147961,0.0,83.42039222816871,0.0,22.6259266499618,10.633577208012662,4.794537184071822,11.49902366656781,0.0,22.15134903137099,0.0,0.0,27.526732488310767,66.73003775307771,0.0,11.126902983393991,0.0,98.66,29.47915873740535,19.802129157825057,0.0,5.563451491696996,0.0,22.253805966787983,18.19910120538483,0.0,48.53093654769288,10.633577208012662,0.0,0.0,0.0,24.68837947215923,24.48748542791517,3.587435999346174,-1.6977939751045816,18.267826409017335,0.0,0.0,0.0,0.0476190476190476,27,4,6,1,0,1,3,3,0,3,0,0,4,4,6,0,2,0,0,0,0,0,4.00571594576498,4,3.3072000000000017,99.4905,0,0,0,0,0,0,0,2,0,0,2,2,0,0,0,0,2,0,0,0,0,0,0,0,0,0,0,3,0,0,0,0,0,0,3,0,3,0,0,0,0,0,0,0,0,0,0,0,1,0,0,0,0,0,0,0,0,0,0,0,0,0,0,0,0,2,2,0,0,0,0,0,0,0,0,0,0,0,0,0,0,0,0,0,1,CHEMBL559858,O=C(NC(=O)c1c(O)cccc1O)NC1c2ccccc2-c2ccccc21,31.6,1.499687082618404,CHEMBL1949,Cyclophilin A,0,Medium-Polar-Aromatic-Rigid-Hydrophobic
11.109415853852008,11.109415853852008,0.0918567630148408,-1.1080718799865623,0.3901029265780924,11.535714285714286,389.4400000000001,374.3200000000001,389.09464572,138,0,0.3556266838757557,-0.4764671601403952,0.4764671601403952,0.3556266838757557,1.1071428571428572,1.9642857142857144,2.7857142857142856,32.133549178511096,10.056698220487563,2.0892625115135934,-2.0545833415944545,2.252441786680863,-2.0274581188383345,7.217233702283031,0.0689827326311412,3.149963383446444,1.5828379427991943,1168.9128941503143,19.509860921691395,14.826067250323778,15.642563831251504,13.597356788324024,8.42008554286514,9.236582123792866,5.971271190730723,7.00192007265709,4.042909358035912,4.983966898821421,2.6279269925517545,3.4363734232275824,-3.649999999999999,3826080.973959539,17.748353659147956,7.53273113442875,3.7174053031857985,163.99246616174395,5.106527394840706,0.0,5.693927994848461,5.131558479839333,0.0,5.969305287951848,10.409769918057592,14.762494225966236,5.101407525739722,0.0,41.668621220242784,30.686289896772447,5.563451491696996,34.01592077493068,9.901064578912528,38.36595528258198,0.0,14.951935562841625,5.101407525739722,6.923737199690624,5.425791397110385,72.1820031774645,0.0,11.257379486545457,5.425791397110385,5.131558479839333,0.0,11.336785877934735,31.73945324840488,0.0,0.0,22.9756538703079,66.02603121665875,0.0,21.47400012063082,0.0,100.36,5.969305287951848,4.794537184071822,0.0,5.693927994848461,5.693927994848461,32.186767100089384,23.730473021160886,0.0,55.4546737473835,25.47913448569173,5.106527394840706,1.094201018597178,1.535585621273683,23.701229362160515,14.23890779836584,6.756177791024369,-1.1080718799865623,15.462027497737829,2.7655932485410992,1.8876828756193835,0.0,0.05,28,2,7,0,0,0,0,2,2,4,0,0,7,2,8,2,5,0,0,0,0,0,4.77477057832558,4,4.287600000000003,109.88100000000004,0,0,0,0,1,3,0,0,1,1,1,0,0,0,0,4,1,0,0,0,0,0,0,0,0,0,0,0,0,1,0,0,0,0,2,0,1,0,0,0,0,0,0,0,0,0,1,0,0,0,0,0,0,0,0,0,0,0,0,0,0,0,0,0,1,0,0,0,0,0,0,0,0,0,0,0,0,0,0,0,1,0,0,0,0,CHEMBL2398288,C/C(=N\Nc1nc2ccccc2s1)c1cccc(-c2cncc(C(=O)O)n2)c1,3800.0,3.57978359661681,CHEMBL4625,Apoptosis regulator Bcl-X,0,Medium-Polar-Aromatic-Rigid-Hydrophobic
11.065459987554872,11.065459987554872,0.214462681429604,-0.9720122092046692,0.3962728337750019,11.23076923076923,363.3980000000001,350.2940000000001,363.067762276,128,0,0.3352026428002827,-0.4776389808115129,0.4776389808115129,0.3352026428002827,1.1538461538461535,2.0384615384615383,2.8846153846153846,32.13354905014962,10.09784563400612,2.0769810378660125,-1.9847673150407423,2.254133045013778,-1.948444947963314,7.217210931209944,0.0696671829228425,3.281199155142742,1.4826985379133393,1080.8852646248831,17.93251065250177,13.41723861897735,14.233735199905077,12.68667318580106,7.771323018260052,8.587819599187778,5.444717278886449,6.475366160812815,3.666689744675785,4.607747285461297,2.454004503787275,3.269512015673811,-3.4499999999999993,1670212.3999465343,16.042028599767924,6.812337633173081,3.3321679371177124,151.9825573495312,9.523678331894054,11.520494837748885,0.0,5.131558479839333,0.0,5.969305287951848,5.425791397110385,9.778515705019029,5.101407525739722,0.0,35.602254151781175,36.39820241076966,5.563451491696996,21.994672705317676,14.318215515965877,38.86887085934659,0.0,4.983978520947208,5.101407525739722,0.0,5.425791397110385,71.98736959518754,0.0,11.323698910571435,5.425791397110385,5.131558479839333,0.0,11.336785877934735,22.27441178327508,0.0,0.0,16.118236094643258,70.18222914740917,0.0,21.540319544656796,0.0,87.72,5.969305287951848,4.794537184071822,0.0,5.563451491696996,22.215504809285218,10.216620634085364,11.336785877934735,42.61280299030498,24.26546827384644,15.511177443797315,9.523678331894054,6.788918854422969,1.5165917486506617,15.495798787935785,13.915745897803143,4.73191135232972,0.1565769196031645,18.00892686631427,1.5521962396069535,0.0,0.0,0.0,26,2,6,0,0,0,0,2,2,4,0,0,6,2,7,2,5,0,0,0,0,0,4.2032198131783804,4,4.700500000000002,101.94,0,0,0,0,1,1,0,0,1,1,1,0,0,0,0,2,1,0,0,0,0,0,0,0,0,0,0,0,0,1,0,0,0,0,2,0,1,0,0,0,0,0,1,0,0,0,1,0,0,0,0,0,0,0,0,0,0,0,0,0,0,0,0,0,1,0,0,0,0,0,0,0,0,0,0,0,0,0,0,0,1,0,0,0,0,CHEMBL2398291,O=C(O)c1cccc(-c2ccc(/C=N/Nc3nc4ccccc4s3)o2)c1,10000.0,4.0,CHEMBL4625,Apoptosis regulator Bcl-X,0,Medium-Polar-Aromatic-Rigid-Hydrophobic
12.175408112944186,12.175408112944186,0.190577916351726,-0.7068903420089729,0.7439114401933858,10.22222222222222,360.3690000000001,344.2410000000001,360.111006992,134,0,0.2908556079503227,-0.5014019078388539,0.5014019078388539,0.2908556079503227,1.1851851851851851,1.8888888888888888,2.592592592592593,16.36567553222839,9.992363275372876,2.1723635664666716,-2.0814397913263813,2.2317139045381964,-2.2394553625444624,5.932740160441963,0.091348099744938,2.6886977107256484,1.7361765517396417,1092.3998518471744,19.38854057813175,14.522431266284688,14.522431266284688,12.99040230064194,8.196884701039401,8.196884701039401,5.936019904772496,5.936019904772496,4.017631789823082,4.017631789823082,2.654658003783687,2.654658003783687,-3.849999999999999,1288897.1537768184,17.956532573940063,7.581896833732204,3.879102439266356,154.8698966305808,14.840466935900384,5.7602474188744415,0.0,16.938549644058888,5.907179729351506,0.0,9.589074368143644,0.0,5.261891554738487,0.0,42.46456947923127,29.680458743243214,12.611123474374184,11.63267280448927,14.318215515965877,5.907179729351506,5.261891554738487,5.316788604006331,0.0,13.4684936056032,0.0,87.46802901326974,0.0,22.94563612947017,10.745578995906872,0.0,5.749511833283905,0.0,11.013707124192212,6.544756405912575,18.254850067221383,27.441935005214695,63.80899173727966,0.0,11.126902983393991,0.0,103.33,22.845729373410393,19.957493317722836,0.0,12.305003824787017,5.563451491696996,22.756721543552597,6.923737199690624,6.06636706846161,42.46456947923127,11.386009916798605,4.417150937053347,5.148892062032741,0.0,23.726329030589213,21.516611236309664,2.4680920632533967,-1.5446390621286537,17.970900003361535,0.0,1.7138146665821077,0.0,0.0952380952380952,27,2,6,0,0,0,1,2,1,3,0,0,5,2,6,1,4,0,0,0,0,0,5.04239175804316,3,3.1225000000000014,99.143,0,0,0,0,0,0,0,1,0,0,1,1,0,0,0,1,1,0,0,0,0,0,0,0,0,0,0,1,0,0,1,0,0,0,2,0,0,0,0,0,0,0,0,0,0,0,0,0,0,0,0,0,0,0,0,0,0,1,0,0,0,0,0,0,0,0,0,0,0,0,0,0,0,0,0,0,0,0,0,0,0,0,0,0,0,CHEMBL5429278,Cc1cc(=O)c(O)c(C(=O)NCc2ccc(-c3ccccc3C#N)cc2)o1,13890.0,4.142702245737616,CHEMBL5465553,WDR5-MYC,0,Medium-Polar-Aromatic-Rigid-Hydrophobic
12.34594998939786,12.34594998939786,0.2021267940057018,-0.2021267940057018,0.4981867532296379,10.821428571428571,392.84600000000006,375.71,392.104003464,140,0,0.2527401432128467,-0.4951159961719377,0.4951159961719377,0.2527401432128467,1.0714285714285714,1.8928571428571428,2.6785714285714284,35.49569231275947,10.0368511913249,2.1583284625436807,-2.1461685242846893,2.3628746688110507,-2.180724262786167,6.34541797141701,0.0964323738808616,2.7405224674060267,1.9822228608438743,1209.8414079241045,19.67299762850792,15.285040667643504,16.040969613661957,13.634560252985375,8.617807666662166,8.995772139671393,6.109349319095259,6.487313792104485,4.533957805651617,4.923818489120963,3.1746367433696516,3.4250221351465933,-3.379999999999999,3171477.846973026,18.00530517350135,7.324622661886986,2.974541527178561,166.06400661776263,15.370440161812713,16.59000792486026,0.0,0.0,5.907179729351506,0.0,9.778515705019029,4.983978520947208,0.0,0.0,29.800041095617345,24.26546827384644,35.60003176929773,23.877336025274353,9.53140013787187,50.68874203311326,0.0,15.284745645900744,0.0,0.0,19.474258127961058,65.44434142789574,0.0,5.749511833283905,15.370440161812713,11.50524905251859,5.749511833283905,11.600939890232516,30.032606295200644,0.0,0.0,10.357988675768818,54.85825662245742,5.022633313741326,21.67537336101065,0.0,76.14,0.0,4.794537184071822,0.0,5.907179729351506,33.357546408857075,16.158672643394386,0.0,38.683890804104095,30.33183534230805,15.61755572895987,21.32178136497977,5.290906796743286,6.440662709749409,21.359603832754235,9.011064422874036,1.7340869341563792,0.9375805921627244,12.867883482202869,3.4743592529604435,0.0,3.161629754174397,0.0952380952380952,28,2,6,0,0,0,1,2,2,4,0,0,5,2,7,2,4,0,0,0,0,0,4.710073796714964,4,4.548200000000002,111.72090000000004,0,0,0,0,0,2,0,0,0,0,1,1,0,0,0,2,2,0,0,0,0,0,0,0,0,0,0,1,0,2,0,0,0,0,2,0,3,0,0,0,0,1,0,0,1,0,0,0,0,0,0,0,0,0,0,1,0,0,0,0,0,0,0,0,1,0,0,0,0,0,0,0,0,2,0,0,0,0,0,0,0,0,0,0,0,CHEMBL1915645,CNC(=O)c1cccc2c1nc(Nc1cccc(OC)c1Cl)c1ccncc12,5.0,0.6989700043360189,CHEMBL4523,Serine/threonine-protein kinase PIM2,0,Medium-Polar-Aromatic-Rigid-Hydrophobic
13.896118977690046,13.896118977690046,0.0275401680734026,-3.8739307891366432,0.8562501749755722,19.28,387.4040000000001,375.3080000000001,387.02106990399994,132,0,0.2774935265965533,-0.382005870432541,0.382005870432541,0.2774935265965533,1.36,2.04,2.64,32.243256732603214,9.86940763013755,2.4722402636086196,-2.2851684851053418,2.5064212549238256,-2.317217396052059,7.924784475901255,-0.121919700944101,2.904174725532836,2.3177206608866183,1006.3627701589612,18.56854962182284,12.88492841101465,14.5179215728701,11.541860550653997,7.169214314449024,9.877122433435003,5.886990314623472,9.118608761401614,4.021527626949846,7.164764016584485,2.913062518170756,5.503965746673251,-1.89,309460.1462286024,17.91777196821441,5.830022832702409,3.0539211233228163,145.62150015305292,5.106527394840706,16.130366406316277,9.837253136417502,0.0,5.922529168094576,0.0,0.0,21.589042127353395,5.261891554738487,11.336785877934735,0.0,35.74682581170483,23.11718949183571,11.63267280448927,26.695569522194106,21.17403901435224,5.261891554738487,0.0,0.0,29.07731797921698,6.255769183511404,40.70667652152171,0.0,16.50981999819057,0.0,13.17124514302446,0.0,11.336785877934735,25.702622730775623,16.25807475934351,17.148333708576654,29.215142485765305,22.40828038290691,0.0,10.440598685398296,0.0,78.16,34.10179115623228,26.695569522194106,0.0,37.76095396093737,11.336785877934735,18.388503320434623,6.06636706846161,6.069221312792274,0.0,0.0,5.261891554738487,65.22475059237934,0.7103363567649279,0.2786805555555558,18.98332576239097,0.1988133162215519,-4.135506490404804,5.2825538548752835,-2.1690231586461746,0.0,-3.8739307891366432,0.3125,25,1,4,1,0,1,0,1,1,2,1,0,5,1,9,1,2,0,0,0,0,0,4.178440787433807,3,3.444280000000002,85.76560000000002,0,1,1,0,0,0,0,0,0,0,0,0,0,0,0,1,0,0,0,0,0,0,0,0,0,2,0,0,0,0,0,0,0,0,1,0,1,0,0,0,0,0,0,0,3,0,0,0,0,0,0,0,0,0,0,0,0,1,0,0,0,0,0,0,0,0,0,0,0,0,0,0,0,0,0,0,0,1,0,0,0,0,1,0,0,CHEMBL5398227,CS(=O)(=O)c1sc(-c2cc(F)cc(C#N)c2)c2c1[C@H](O)C(F)(F)CC2,6.0,0.7781512503836436,CHEMBL3885518,Aryl hydrocarbon receptor nuclear translocator/Endothelial PAS domain-containing protein 1,0,Medium-Polar-Aromatic-Rigid-Hydrophobic
10.895666956099856,10.895666956099856,0.1289758125472406,-0.511715797430083,0.5798213945744344,10.65,270.248,260.16799999999995,270.07529017999997,100,0,0.3004115235873272,-0.3535856847496402,0.3535856847496402,0.3004115235873272,1.1,1.8,2.5,16.62948506072385,10.171153103617913,2.1895487787460572,-2.0608467005646003,2.30054283517131,-1.9435883161910767,5.943184434613637,-0.3828018110337809,2.905628928617689,2.0429491141078024,779.9155343385593,14.11251969619286,10.53048727302922,10.53048727302922,9.647867045540842,5.883167944159037,5.883167944159037,4.341821507271397,4.341821507271397,2.9214061317611204,2.9214061317611204,1.894066806266415,1.894066806266415,-2.96,57775.52561663413,12.09328896264388,4.6147057901795066,2.0488069340922883,112.87427971530914,5.316788604006331,0.0,5.516700717616262,5.516700717616262,0.0,5.687386274683562,10.114318268765572,4.629038936893349,0.0,0.0,17.696185628620217,35.436164919326345,11.753753343145172,10.610697323501231,9.55234998571102,28.09556025928321,0.0,10.31332651425089,0.0,6.923737199690624,5.316788604006331,52.07597217123222,0.0,0.0,5.316788604006331,17.062158824050687,0.0,0.0,15.236637563068562,0.0,17.038055468456196,5.563451491696996,41.02724134766301,0.0,11.033401435232523,0.0,94.09,4.923311048817671,10.114318268765572,0.0,11.204086992299825,11.204086992299825,11.250837766380558,6.06636706846161,6.06636706846161,31.18920547353706,20.25915405515057,0.0,4.608788790207441,0.0,10.383951158669772,21.347849390802132,2.944026065124551,0.0,10.719937326782564,0.0,1.9954472684135385,0.0,0.0769230769230769,20,1,7,0,0,0,0,2,1,3,0,0,6,1,7,1,3,0,0,0,0,0,2.7903485299113315,3,3.183020000000001,72.92010000000002,0,0,0,0,0,2,0,0,0,0,0,0,0,0,0,3,1,0,0,0,0,0,0,0,0,0,0,0,0,2,1,0,0,0,2,0,1,0,0,0,0,0,0,0,0,0,0,0,0,0,0,0,0,0,0,0,0,0,1,1,1,0,0,0,0,0,0,0,0,0,0,0,0,0,0,0,0,0,0,0,0,0,0,0,0,CHEMBL2312748,Cc1ccc(Nc2ccc([N+](=O)[O-])c3nonc23)cc1,97000.0,4.986771734266245,CHEMBL4685,Indoleamine 2,0,Medium-Polar-Aromatic-Rigid-Hydrophobic
11.286293320888204,11.286293320888204,0.2607589777259003,-0.9558085055009656,0.3770168445343388,11.296296296296296,377.42500000000007,362.3050000000001,377.08341234,134,0,0.3354749273487419,-0.4776317709382202,0.4776317709382202,0.3354749273487419,1.1851851851851851,2.037037037037037,2.8518518518518516,32.133549115807206,10.007294241666578,2.1315219022848906,-2.053213547912551,2.276278658703811,-1.998726673455492,7.217213258573905,0.0695907666376739,3.278978449977784,1.518216724382094,1127.2158516715294,18.802754140504845,14.339888349787724,15.15638493071545,13.114193540729628,8.193972749070426,9.010469329998152,5.842046378255708,6.872695260182074,4.102313159275005,5.0433707000605175,2.7723872158094336,3.58789472769597,-3.4499999999999993,2435398.9431304494,16.988496813389084,7.0468062431763645,3.448456546753082,158.3474994639278,9.523678331894054,11.520494837748885,0.0,5.131558479839333,0.0,5.969305287951848,5.425791397110385,9.778515705019029,5.101407525739722,0.0,35.602254151781175,42.81902403369567,5.563451491696996,21.994672705317676,14.318215515965877,38.86887085934659,0.0,4.983978520947208,5.101407525739722,6.923737199690624,5.425791397110385,71.48445401842294,0.0,11.323698910571435,5.425791397110385,5.131558479839333,0.0,11.336785877934735,22.27441178327508,0.0,6.923737199690624,21.681687586340257,64.11586207894756,0.0,21.540319544656796,0.0,87.72,5.969305287951848,9.901064578912528,0.0,5.563451491696996,22.215504809285218,15.780072125782358,11.336785877934735,37.40380605307238,30.33183534230805,15.511177443797315,4.417150937053347,6.870192193878126,1.5185476715156754,15.728229917412367,14.119788845229031,5.498769003391396,0.1930584010846461,16.575680397507355,1.561455498866213,1.7676114044485256,0.0,0.05,27,2,6,0,0,0,0,2,2,4,0,0,6,2,7,2,5,0,0,0,0,0,4.433875755806369,4,5.0089200000000025,106.67700000000002,0,0,0,0,1,1,0,0,1,1,1,0,0,0,0,2,1,0,0,0,0,0,0,0,0,0,0,0,0,1,0,0,0,0,2,0,1,0,0,0,0,0,1,0,0,0,1,0,0,0,0,0,0,0,0,0,0,0,0,0,0,0,0,0,1,0,0,0,0,0,0,0,0,0,0,0,0,0,0,0,1,0,0,0,0,CHEMBL2398290,Cc1c(C(=O)O)cccc1-c1ccc(/C=N/Nc2nc3ccccc3s2)o1,6800.0,3.832508912706236,CHEMBL4625,Apoptosis regulator Bcl-X,0,Medium-Polar-Aromatic-Rigid-Hydrophobic
12.504592912782396,12.504592912782396,0.0685911386159399,-3.761037638049047,0.4352959456784329,11.52,395.4830000000001,382.37900000000013,394.995585516,130,0,0.3133275678390481,-0.5061245868036345,0.5061245868036345,0.3133275678390481,1.16,1.88,2.52,32.248133106847725,10.085868094815714,2.19137449744727,-2.1361692494623505,2.400720846336,-2.1156517105298693,7.9968266093159395,-0.133435056510594,3.1140914524264938,2.099963186407449,1029.3597359447388,18.026733258565955,12.669825868486653,15.11931561126983,11.881847280265069,7.0391407802172825,10.38755539872006,5.03645283367455,8.910566203939231,3.336577877850219,7.1130441728986735,2.279818373772185,5.070143733315327,-2.2299999999999995,526300.140008792,17.58846243412752,6.946150077413056,3.728732989335674,151.72414706232504,10.213054789681411,9.958691010805984,0.0,0.0,10.023291153407584,5.969305287951848,9.51663204852391,8.417796984328938,0.0,23.09867082732585,30.33183534230805,17.512796907389134,10.772448428929591,16.335723356948126,23.425388958082173,55.55110197229844,0.0,0.0,0.0,9.104662653039854,10.474948471198877,47.844632249697185,0.0,5.749511833283905,4.722094864452088,5.687386274683562,5.749511833283905,23.09867082732585,30.35301066870899,14.817828337479405,0.0,0.0,56.94929490273704,0.0,10.772448428929591,0.0,103.7,15.992596441359431,18.318861563241462,0.0,21.398930892236336,15.667931904447368,23.09867082732585,12.13273413692322,35.711898112773966,0.0,4.722094864452088,5.106527394840706,27.709614066305537,2.0191294485603644,11.100345550997158,21.865321393823834,0.2867488662131521,-1.3449753054535245,11.374853617602534,0.0,0.0,-3.761037638049047,0.0625,25,3,6,0,0,0,0,2,1,3,0,0,6,3,9,1,6,0,0,0,0,0,4.8868839879356605,3,3.584400000000002,99.1001,1,0,0,0,0,0,0,1,1,1,1,0,0,0,0,0,1,0,0,0,0,0,0,0,0,0,0,0,0,1,0,0,0,0,2,0,1,0,0,0,0,0,0,0,0,0,0,0,0,0,0,0,0,0,0,0,0,0,0,0,0,0,0,0,0,1,1,0,0,0,0,0,0,0,0,1,1,0,0,0,0,0,1,0,0,CHEMBL2030270,O=C(O)CSc1cc(NS(=O)(=O)c2cccs2)c2ccccc2c1O,3000.0,3.4771212547196626,CHEMBL612545,Unchecked,0,Medium-Polar-Aromatic-Rigid-Hydrophobic
13.05934523809524,13.05934523809524,0.1145195578231295,-0.6960048710842359,0.6249180158824527,11.36,340.37500000000006,320.2150000000001,340.13107374000003,130,0,0.2041918932683051,-0.503876957745869,0.503876957745869,0.2041918932683051,1.0,1.64,2.24,16.34847677522201,9.957602933760173,2.2520575277147947,-2.150424303147187,2.4487116977587804,-2.0948926668555092,5.938479213801745,0.3648153720807264,2.5684415645886105,2.4616987445745653,1000.5007409557412,18.30060042939171,14.329345763751904,14.329345763751904,11.824274960443892,8.11037865090508,8.11037865090508,6.554866763904659,6.554866763904659,4.20858546346302,4.20858546346302,3.0885265896480307,3.0885265896480307,-2.9499999999999997,369578.1936117843,16.89206067574051,6.164593293157113,2.714383981466101,144.34391260992007,19.736733121575465,16.72949177498148,11.49902366656781,11.178302225184446,0.0,0.0,4.794537184071822,0.0,0.0,0.0,44.179309741689295,24.82591636047502,5.563451491696996,5.563451491696996,19.736733121575465,10.969244356107035,0.0,0.0,5.917906046161393,27.19203322199788,0.0,51.878861828851846,0.0,28.375438483245706,5.428790391900541,0.0,17.248535499851716,0.0,15.319582184522115,6.4208216229260096,12.841643245852016,25.171173309952685,39.54352346343322,0.0,22.096147339501027,0.0,90.9,22.677325891752258,20.11411936859394,0.0,16.887150402268432,28.871423516891436,0.0,0.0,31.18920547353706,19.913841467842857,0.0,4.417150937053347,5.845612244897959,0.0,13.05934523809524,30.449420127631708,0.9755185500125988,-1.2698056442248349,8.992014600325387,0.3921001826656589,5.555794700596288,0.0,0.25,25,3,5,0,0,0,0,2,1,3,0,0,5,3,5,1,3,0,0,0,0,0,4.165307357970918,3,4.083720000000005,96.1934,0,0,0,0,0,0,0,3,0,0,0,0,0,0,0,0,0,0,0,0,0,0,0,0,0,0,0,0,0,0,1,0,0,0,2,0,1,0,0,0,0,0,0,0,0,0,0,0,0,0,0,0,0,0,0,0,0,0,0,0,0,0,0,0,0,3,3,0,0,0,0,0,0,0,0,0,0,0,0,0,0,0,0,0,0,CHEMBL389660,Cc1oc2c(CC(C)C)c(O)c(O)c(O)c2c(=O)c1-c1ccccc1,5300.0,3.724275869600789,CHEMBL400,MDA-MB-231,0,Medium-Polar-Aromatic-Rigid-Hydrophobic
12.99990944324368,12.99990944324368,0.0557435752078609,-0.5683181636852273,0.5829370628231566,10.818181818181818,322.68300000000005,314.619,322.026896016,112,0,0.3231105052601291,-0.3752826928677831,0.3752826928677831,0.3231105052601291,1.318181818181818,2.136363636363636,2.863636363636364,35.4956917388815,10.161393644940985,2.2199686114810904,-2.082147288255939,2.3172923681400475,-2.035243832824628,6.309196073030035,-0.3818911703793584,2.932704160481695,1.9315176736281945,867.6125294231812,15.689869965382488,10.916172731044597,11.67210167706305,10.558550648063804,6.134905865021479,6.512870338030706,4.4400809901073135,4.8472811168479195,3.068174213305442,3.4200227244976467,2.020850568625086,2.254893341715049,-2.74,134687.3712742823,14.207946359590396,5.566784490511342,2.5551881721092413,127.34308134511704,5.316788604006331,17.021307833345716,0.0,5.516700717616262,0.0,5.687386274683562,10.114318268765572,9.01945398456817,0.0,0.0,17.667306958694127,40.14224627979433,11.5673897196539,4.923311048817671,13.94276503338584,34.00911387483216,0.0,10.31332651425089,0.0,6.544756405912575,5.316788604006331,56.84945925755783,0.0,0.0,5.316788604006331,15.765187597041944,0.0,11.600939890232516,15.236637563068562,6.544756405912575,15.931539109811467,5.563451491696996,34.9608742792014,5.022633313741326,11.033401435232523,0.0,94.09,10.740531889863565,14.504733316440392,0.0,33.975563704253545,5.563451491696996,0.0,24.26546827384644,6.06636706846161,0.0,20.25915405515057,11.600939890232516,17.510721677929922,5.9244708644774775,10.668767255227092,21.47284382655895,0.95702112826136,-0.4492392145359314,7.001981922398588,0.0,0.1912103174603174,0.0,0.0769230769230769,22,1,7,0,0,0,0,2,1,3,0,0,6,1,9,1,4,0,0,0,0,0,3.595117065299313,3,3.5356000000000014,77.19510000000001,0,0,0,0,0,2,0,0,0,0,0,0,0,0,0,3,1,0,0,0,0,0,0,0,0,0,0,0,0,1,0,0,0,0,2,0,1,0,0,0,0,0,0,0,2,0,0,0,0,0,0,0,0,0,0,0,0,0,1,1,0,0,0,0,0,0,0,0,0,0,0,0,0,0,0,0,0,0,0,0,0,0,0,0,0,CHEMBL2311947,O=[N+]([O-])c1c(NCc2ccc(F)cc2Cl)ccc2nonc12,330.0,2.5185139398778875,CHEMBL3885518,Aryl hydrocarbon receptor nuclear translocator/Endothelial PAS domain-containing protein 1,0,Medium-Polar-Aromatic-Rigid-Hydrophobic
11.363219008958549,11.363219008958549,0.0570616731285926,-4.335620896876757,0.4489964508483753,12.0,335.3850000000001,318.249,335.093977024,122,0,0.2943573652051688,-0.5076039132965166,0.5076039132965166,0.2943573652051688,0.9130434782608696,1.5217391304347827,2.130434782608696,32.23978394360555,10.120989837375236,2.151973344485056,-2.0696890304070528,2.3241042180708624,-2.0067569668997285,7.854832109205074,0.4711694759725147,2.411740217614443,2.5027992913938197,905.4233878816116,17.361442840636293,12.900350599339552,13.716847180267278,10.591242718514907,6.688928269003574,8.128991597804214,5.276768519204983,6.666727604488746,3.382120336759734,4.377759847040196,2.09907821800235,2.8254470805225957,-2.45,77573.62409956855,16.912616480316107,5.976536010714264,3.662007979067113,133.79286197248925,10.84019487200289,11.436898107967467,0.0,0.0,10.118126859033554,0.0,4.552749873690364,0.0,13.532047109958334,5.114250125629398,6.06636706846161,49.59430021108608,6.06636706846161,16.270256024884898,18.077074252860008,27.18028568308424,0.0,0.0,10.228500251258795,25.666695074589647,5.733667477162185,40.95582274893743,0.0,5.749511833283905,5.733667477162185,17.062158824050687,5.749511833283905,0.0,18.077074252860008,10.118126859033554,20.771211599071872,16.690354475090988,39.38945200062301,0.0,0.0,0.0,125.34,10.118126859033554,18.077074252860008,0.0,16.33238158348524,28.06512702445811,0.0,12.13273413692322,32.903945735995094,0.0,10.228500251258795,5.733667477162185,31.960050972256056,0.0,-0.2158253548332906,17.578405124650615,8.379745888439295,0.0570616731285926,5.79814417202066,0.0,5.028038421214828,-4.335620896876757,0.2,23,4,7,0,0,0,0,2,0,2,0,0,6,3,8,0,3,0,0,0,0,0,4.394733105652554,2,3.561760000000001,87.16280000000003,0,0,0,1,0,0,0,1,0,0,0,0,0,0,0,2,0,1,0,0,0,0,0,0,0,0,0,0,0,1,3,0,1,0,2,0,0,0,0,0,0,0,0,0,0,0,0,0,0,0,0,0,0,0,0,0,0,0,0,0,0,0,0,0,0,1,1,0,0,0,0,0,0,0,0,0,0,0,0,0,0,0,0,0,0,CHEMBL1615026,Cc1cc(/N=N/c2cc(S(=O)(=O)O)c(C)cc2C)c(N)cc1O,5000.0,3.6989700043360183,CHEMBL3301383,CREB-binding protein/p53,0,Medium-Polar-Aromatic-Rigid-Hydrophobic
