MaxAbsEStateIndex,MaxEStateIndex,MinAbsEStateIndex,MinEStateIndex,qed,SPS,MolWt,HeavyAtomMolWt,ExactMolWt,NumValenceElectrons,NumRadicalElectrons,MaxPartialCharge,MinPartialCharge,MaxAbsPartialCharge,MinAbsPartialCharge,FpDensityMorgan1,FpDensityMorgan2,FpDensityMorgan3,BCUT2D_MWHI,BCUT2D_MWLOW,BCUT2D_CHGHI,BCUT2D_CHGLO,BCUT2D_LOGPHI,BCUT2D_LOGPLOW,BCUT2D_MRHI,BCUT2D_MRLOW,AvgIpc,BalabanJ,BertzCT,Chi0,Chi0n,Chi0v,Chi1,Chi1n,Chi1v,Chi2n,Chi2v,Chi3n,Chi3v,Chi4n,Chi4v,HallKierAlpha,Ipc,Kappa1,Kappa2,Kappa3,LabuteASA,PEOE_VSA1,PEOE_VSA10,PEOE_VSA11,PEOE_VSA12,PEOE_VSA13,PEOE_VSA14,PEOE_VSA2,PEOE_VSA3,PEOE_VSA4,PEOE_VSA5,PEOE_VSA6,PEOE_VSA7,PEOE_VSA8,PEOE_VSA9,SMR_VSA1,SMR_VSA10,SMR_VSA2,SMR_VSA3,SMR_VSA4,SMR_VSA5,SMR_VSA6,SMR_VSA7,SMR_VSA8,SMR_VSA9,SlogP_VSA1,SlogP_VSA10,SlogP_VSA11,SlogP_VSA12,SlogP_VSA2,SlogP_VSA3,SlogP_VSA4,SlogP_VSA5,SlogP_VSA6,SlogP_VSA7,SlogP_VSA8,SlogP_VSA9,TPSA,EState_VSA1,EState_VSA10,EState_VSA11,EState_VSA2,EState_VSA3,EState_VSA4,EState_VSA5,EState_VSA6,EState_VSA7,EState_VSA8,EState_VSA9,VSA_EState1,VSA_EState10,VSA_EState2,VSA_EState3,VSA_EState4,VSA_EState5,VSA_EState6,VSA_EState7,VSA_EState8,VSA_EState9,FractionCSP3,HeavyAtomCount,NHOHCount,NOCount,NumAliphaticCarbocycles,NumAliphaticHeterocycles,NumAliphaticRings,NumAmideBonds,NumAromaticCarbocycles,NumAromaticHeterocycles,NumAromaticRings,NumAtomStereoCenters,NumBridgeheadAtoms,NumHAcceptors,NumHDonors,NumHeteroatoms,NumHeterocycles,NumRotatableBonds,NumSaturatedCarbocycles,NumSaturatedHeterocycles,NumSaturatedRings,NumSpiroAtoms,NumUnspecifiedAtomStereoCenters,Phi,RingCount,MolLogP,MolMR,fr_Al_COO,fr_Al_OH,fr_Al_OH_noTert,fr_ArN,fr_Ar_COO,fr_Ar_N,fr_Ar_NH,fr_Ar_OH,fr_COO,fr_COO2,fr_C_O,fr_C_O_noCOO,fr_C_S,fr_HOCCN,fr_Imine,fr_NH0,fr_NH1,fr_NH2,fr_N_O,fr_Ndealkylation1,fr_Ndealkylation2,fr_Nhpyrrole,fr_SH,fr_aldehyde,fr_alkyl_carbamate,fr_alkyl_halide,fr_allylic_oxid,fr_amide,fr_amidine,fr_aniline,fr_aryl_methyl,fr_azide,fr_azo,fr_barbitur,fr_benzene,fr_benzodiazepine,fr_bicyclic,fr_diazo,fr_dihydropyridine,fr_epoxide,fr_ester,fr_ether,fr_furan,fr_guanido,fr_halogen,fr_hdrzine,fr_hdrzone,fr_imidazole,fr_imide,fr_isocyan,fr_isothiocyan,fr_ketone,fr_ketone_Topliss,fr_lactam,fr_lactone,fr_methoxy,fr_morpholine,fr_nitrile,fr_nitro,fr_nitro_arom,fr_nitro_arom_nonortho,fr_nitroso,fr_oxazole,fr_oxime,fr_para_hydroxylation,fr_phenol,fr_phenol_noOrthoHbond,fr_phos_acid,fr_phos_ester,fr_piperdine,fr_piperzine,fr_priamide,fr_prisulfonamd,fr_pyridine,fr_quatN,fr_sulfide,fr_sulfonamd,fr_sulfone,fr_term_acetylene,fr_tetrazole,fr_thiazole,fr_thiocyan,fr_thiophene,fr_unbrch_alkane,fr_urea,chembl_id,smiles,ic50_value,log_ic50,target_chembl_id,target_name,KMeansCluster,ChemicalClassRaw,ChemicalClass
13.167850669380528,13.167850669380528,0.0057109220078199,-4.465471580910065,0.2071631902116727,15.425,554.573,525.3410000000002,554.225323448,210,0,0.4159098550259705,-0.4753358811273827,0.4753358811273827,0.4159098550259705,1.05,1.75,2.325,19.41319309180658,9.802635937345784,2.305156519947781,-2.3195977483072205,2.340937906829136,-2.3128054797050437,5.913894536482793,-0.13714616422206,3.2294873206775696,1.6211616536299671,1487.4499331027146,28.440582342009534,21.689160418699547,21.689160418699547,19.134380156424697,13.0030456423904,13.0030456423904,10.00360152226256,10.00360152226256,7.325415072670974,7.325415072670974,4.8271045919856315,4.8271045919856315,-4.189999999999999,683346650.7778882,27.37965758162627,11.123635770364729,5.714036495899665,227.66018419907343,25.41373164548543,5.516700717616262,11.465039998602755,11.77274377898642,0.0,12.145603805395323,0.0,14.762494225966236,18.155223663971668,0.0,48.885391102157286,48.94292361202125,6.041840829147961,24.756930691270448,28.178837116777693,28.89938528515736,0.0,19.51903521063298,5.917906046161393,50.990938650120626,17.24045917252558,77.11206258924541,0.0,0.0,10.633577208012662,24.937447201845984,0.0,0.0,48.35011808192711,12.72105492335605,5.917906046161393,59.53733905477935,54.59730361615449,0.0,11.16387793838399,0.0,125.19,29.575300624240207,28.178837116777693,0.0,36.6068584791627,16.998058255474653,36.958650497398246,12.13273413692322,4.567099647791355,37.255572541998674,25.585512770854283,0.0,41.20294236150515,0.0,24.891070573786223,26.401180839722016,1.085304750635722,-0.8088846664769525,13.415083274414703,-1.256821771356194,1.8201246377693192,0.0,0.3571428571428571,40,4,9,1,0,1,0,2,2,4,2,0,8,4,12,2,10,1,0,1,0,0,7.614033461382894,5,5.337600000000004,143.14549999999983,0,1,1,0,1,4,0,0,1,1,1,0,0,0,0,4,2,0,0,0,0,0,0,0,0,3,0,0,0,2,0,0,0,0,2,0,1,0,0,0,0,0,0,0,3,0,0,1,0,0,0,0,0,0,0,0,0,0,0,0,0,0,0,0,0,0,0,0,0,0,0,0,0,0,0,0,0,0,0,0,0,0,0,0,0,CHEMBL5086781,C[C@@H](Nc1nc(C(=O)O)nc2nc(N[C@@H](CO)c3ccccc3)n(Cc3ccc(C(F)(F)F)cc3)c12)C1CCC1,1.5,0.1760912590556812,CHEMBL1907611,Tumour suppressor p53/oncoprotein Mdm2,4,Large-Polar-Aromatic-Flexible-Hydrophobic,Large-Polar-Aromatic-Flexible-Hydrophobic
12.766307166019248,12.766307166019248,0.204311854046026,-4.237732094877785,0.4177693717426259,15.818181818181818,470.52400000000017,449.35600000000017,470.150050332,170,0,0.3933283894768193,-0.3666015730521101,0.3933283894768193,0.3666015730521101,1.181818181818182,2.0,2.757575757575758,32.13353946822075,10.034166583698031,2.2900903414809983,-2.323103085471551,2.328242894602578,-2.3836308877685957,7.182467018381931,-0.126138122521204,3.369175038141432,1.2094607155628665,1327.710595685678,23.001424753254113,17.615088662938046,18.431585243865772,15.858619142912538,10.669662768166674,11.4861593490944,8.356948223118607,9.472148094407856,5.89533108899868,6.9383801076751705,4.332816862221666,5.35917628671891,-3.1599999999999997,41237664.76093938,21.67347864236652,8.648138458786175,4.941675989984932,191.6181756624493,10.300767124953538,28.738728579860872,0.0,0.0,0.0,6.176298517443475,4.899909730850477,9.967957041894415,18.433136697762947,11.336785877934735,6.06636706846161,42.67056301139545,41.45618217266803,11.807045837390806,13.17124514302446,38.274194221936185,5.261891554738487,19.8518452936921,0.0,38.02536062128204,18.40630141583148,52.79368209731934,0.0,6.069221312792274,5.316788604006331,18.98910792085949,0.0,11.336785877934735,45.15949745210868,12.965578028838586,11.33111286753076,28.976169926098773,36.65915541707259,0.0,21.119545566166423,0.0,80.63,12.597120140369483,13.17124514302446,0.0,10.91898802284926,21.728411406768853,54.71562327360554,11.890771566461538,6.06636706846161,12.13273413692322,43.370589347413926,5.261891554738487,38.298921498057744,1.066204467017155,14.734098573502608,14.176389854268306,2.718136439757297,0.605861915625763,11.958980885872164,-1.9531955853637912,2.644601951262756,0.0,0.3478260869565217,33,2,6,0,1,1,0,1,3,4,0,0,6,2,10,4,5,0,1,1,0,0,5.679855884325171,5,5.2255800000000034,122.10940000000004,0,0,0,0,0,3,1,0,0,0,0,0,0,0,0,4,2,0,0,0,1,1,0,0,0,3,0,0,0,1,0,0,0,0,1,0,2,0,0,0,0,0,0,0,3,0,0,0,0,0,0,0,0,0,0,0,0,1,0,0,0,0,0,0,0,0,0,0,0,1,0,0,0,0,0,0,0,0,0,0,0,0,1,0,0,CHEMBL3780497,N#Cc1cc2cc(CN3CCC(Nc4ncnc5sc(CC(F)(F)F)cc45)CC3)ccc2[nH]1,31.0,1.4913616938342726,CHEMBL2093861,Menin/Histone-lysine N-methyltransferase MLL,4,Large-Polar-Aromatic-Rigid-Hydrophobic,Large-Polar-Aromatic-Rigid-Hydrophobic
12.349679954543545,12.349679954543545,0.0,-1.32085320084824,0.2888192698446405,42.93939393939394,484.47600000000017,453.2280000000002,484.181371552,166,0,1.0,-0.5498168291426397,1.0,0.5498168291426397,0.9393939393939394,1.5454545454545454,2.0303030303030303,,,,,,,,,2.6528111561786853,1.8149992815169608e-06,844.0561898250768,22.223250160202095,21.23358231422985,27.23358231422985,13.898059685314438,11.256943600151862,11.256943600151862,11.103274654417111,11.103274654417111,9.671445731602564,9.671445731602564,8.517441277251228,8.517441277251228,1.15,3305813.8863278497,32.17928257686677,10.867908318657328,4.542462953960279,262.5274584375055,29.703193736737585,0.0,0.0,0.0,0.0,88.6718580978238,0.0,0.0,0.0,0.0,45.76489505859165,61.19072276867239,40.57370889497189,0.0,118.37505183456138,17.907915863855546,0.0,0.0,51.75240768515869,66.21987853631856,0.0,11.649124636903148,0.0,0.0,103.99144028234592,0.0,0.0,0.0,17.907915863855546,14.383611552215466,51.75240768515869,66.21987853631856,11.649124636903148,0.0,0.0,0.0,120.39,46.49161494113328,29.703193736737585,0.0,111.84056670570476,25.68328649170404,18.414747775921285,0.0,6.923737199690624,13.847474399381248,12.999757306524504,0.0,0.0,0.0,36.62120588670756,36.62120588670756,-1.1391574021583937,-6.385151985176787,0.0,5.7898874874023685,7.90867679318437,0.0,0.7916666666666666,33,0,6,5,0,5,0,0,0,0,8,2,6,0,9,0,4,3,0,3,1,8,10.597620994107732,5,-8.694500000000021,101.74100000000008,3,0,0,0,0,0,0,0,3,3,3,3,0,0,0,0,0,0,0,0,0,0,0,0,0,0,2,0,0,0,0,0,0,0,0,0,2,0,0,0,0,0,0,0,0,0,0,0,0,0,0,0,0,0,0,0,0,0,0,0,0,0,0,0,0,0,0,0,0,0,0,0,0,0,0,0,0,0,0,0,0,0,0,0,0,CHEMBL1765371,CC(C)C1=CC23CCC4C(C)(C(=O)[O-])CCCC4(C)C2CC1C(C(=O)[O-])C3C(=O)[O-].[Na+].[Na+].[Na+],10000.0,4.0,CHEMBL3885545,Cellular tumor antigen p53/Replication protein A 70 kDa DNA-binding subunit,4,Large-Polar-Aliphatic-Flexible-Hydrophilic,Other
13.27730878451678,13.27730878451678,0.0110534938809514,-1.1311968380830215,0.1657040489804985,18.677419354838708,852.9019999999999,804.5179999999999,852.3442543560001,326,0,0.337330021580044,-0.4928587965105668,0.4928587965105668,0.337330021580044,0.8548387096774194,1.5483870967741935,2.225806451612903,16.527580362434595,9.935475874244473,2.454816197076498,-2.357906343001976,2.3552242385285993,-2.538028186707906,6.2585498128428885,-0.1374073604978969,3.434397719536561,0.860988006572201,2308.3024572203403,44.0780460645847,34.85582672674018,34.85582672674018,29.912656253862007,20.198084282822624,20.198084282822624,15.009210942229585,15.009210942229585,11.1381841374357,11.1381841374357,7.931715701843347,7.931715701843347,-6.859999999999999,49864695351507.3,43.23668570628776,18.81595406282927,8.937152930596474,356.78503513348977,39.38084848491381,19.255604758173796,11.49902366656781,23.628718917406022,11.814359458703011,6.031114512338072,38.98392143928774,9.803449708026353,5.101407525739722,0.0,18.19910120538483,61.7270343480093,56.46180848733105,56.00117410157711,52.50921210370294,58.56065044058493,0.0,25.442309193668148,5.101407525739722,38.269883726764576,84.09051888179103,82.41456107463948,0.0,11.49902366656781,30.324001450469567,16.169309733438947,11.49902366656781,0.0,147.9521120821035,35.072696266813395,0.0,57.17171227217126,59.69871114189421,0.0,0.0,0.0,217.81999999999996,35.57773947590549,33.561760288502754,0.0,74.06359543281879,49.81055591591482,27.277650480625024,23.20801372933936,26.16717679608273,43.32193961046029,20.85027554286947,24.04885934093992,22.143811024870523,0.0,93.61030580137457,13.737418738630767,4.308075708511921,-2.2439342068896657,14.50215295387113,0.5556969465910953,3.64749296745965,4.73898006558004,0.3953488372093023,62,3,19,0,4,4,8,3,0,3,2,0,13,3,19,4,13,0,2,2,0,1,13.121604710943506,7,1.7639000000000058,223.26209999999944,0,0,0,0,0,0,0,0,0,0,7,7,0,0,0,5,3,0,0,0,0,0,0,0,0,0,0,8,0,2,0,0,0,0,3,0,2,0,0,0,0,4,0,0,0,0,1,0,2,0,0,0,0,0,0,2,0,0,0,0,0,0,0,0,0,0,0,0,0,1,1,0,0,0,0,0,0,0,0,0,0,0,0,0,1,CHEMBL4854720,CNC(=O)N1N=C(c2ccc(N3CCN(C(=O)COCCOCC(=O)Nc4cccc5c4C(=O)N(C4CCC(=O)NC4=O)C5=O)CC3)cc2)c2cc(OC)c(OC)cc2C[C@@H]1C,1.41,0.1492191126553798,CHEMBL4630734,Protein cereblon/DNA damage-binding protein 1,4,Large-Polar-Aromatic-Flexible-Hydrophilic,Other
13.10558251994087,13.10558251994087,0.1463696872772348,-4.2564062659730535,0.7098169044422018,21.285714285714285,429.5370000000001,407.3610000000001,429.126872364,152,0,0.3957618446410675,-0.3524261517465316,0.3957618446410675,0.3524261517465316,1.1071428571428572,1.7857142857142858,2.392857142857143,32.166888219680004,10.10586247662067,2.383261210356617,-2.363040768225002,2.4097234159938954,-2.479118629195157,8.147653091103413,-0.14509427019023,3.228176133698729,1.5171781965278806,900.2483922495899,20.10408352775558,15.954042690956816,17.58703585281227,13.138778337204013,9.184618086932126,10.81761124878758,7.762825375389875,10.499496604904408,5.057609167553097,7.534945395516453,3.33216214659137,5.466741219848897,-1.5500000000000005,2300114.233373949,19.752890283378633,7.051379308746627,3.804178087472705,169.59507600964832,9.799819461700954,16.975579272220138,5.1676517695780495,0.0,0.0,6.176298517443475,4.992404732635668,9.967957041894415,13.17124514302446,11.336785877934735,11.761884949391115,26.83757866753348,35.80319527056916,17.848886666538764,13.17124514302446,44.30080600882429,0.0,14.867866772744891,4.992404732635668,37.6124386158943,37.62369176041335,17.27083433692745,0.0,0.0,4.899909730850477,18.98910792085949,0.0,23.09867082732585,63.68262154254685,0.0,0.0,31.566264838934565,17.386091875861823,0.0,10.216620634085364,0.0,44.620000000000005,12.094204563604867,13.17124514302446,0.0,9.624169646918858,10.216620634085364,55.04608245491069,13.251057274455166,6.06636706846161,11.761884949391115,38.60765563561229,0.0,39.463117247099845,2.910138539784206,18.572793820124065,1.8009919669709538,0.0,-0.777756716927356,1.6104063786008231,-2.809976172330658,9.56361827001146,0.0,0.6111111111111112,28,0,5,0,2,2,0,0,2,2,1,0,7,0,10,4,2,0,1,1,0,1,4.974468636862801,4,4.3605000000000045,109.64300000000006,0,0,0,0,0,2,0,0,0,0,0,0,0,0,1,5,0,0,0,0,0,0,0,0,0,3,0,0,1,1,0,0,0,0,0,0,1,0,0,0,0,0,0,0,3,0,0,0,0,0,0,0,0,0,0,0,0,0,0,0,0,0,0,0,0,0,0,0,0,0,1,0,0,0,0,1,0,0,0,0,0,0,1,0,0,CHEMBL4282701,CC(c1cc2c(N3CCN(C4=NCC(C)(C)S4)CC3)ncnc2s1)C(F)(F)F,765.0,2.8836614351536176,CHEMBL2093861,Menin/Histone-lysine N-methyltransferase MLL,4,Large-Polar-Aromatic-Flexible-Hydrophobic,Large-Polar-Aromatic-Flexible-Hydrophobic
13.35393577906114,13.35393577906114,0.1881731321495028,-1.822213010204082,0.3377728845703765,41.19444444444444,502.6480000000003,460.3120000000003,502.293053684,200,0,0.2263663781792815,-0.5038343714558471,0.5038343714558471,0.2263663781792815,0.8888888888888888,1.5277777777777777,2.1666666666666665,16.50564887866862,9.729257599875616,2.4854351256587424,-2.4435429778100035,2.4034277531249884,-2.5191710655190738,6.259987767681668,-0.1567921659682733,2.811070119476248,2.1609245190025748,1003.0928619207992,27.057595263342925,22.576563764997776,22.576563764997776,16.754703070770432,13.215370062232584,13.215370062232584,11.58177093733324,11.58177093733324,8.36814928047503,8.36814928047503,6.2105072183614904,6.2105072183614904,-2.0900000000000003,42835179.24589301,28.480836727016648,11.114210124340152,5.433068994589885,213.8521404600203,20.056445138322168,6.103966387748303,17.325654764386055,5.783244946364939,0.0,0.0,14.383611552215466,0.0,0.0,0.0,46.267810635356255,51.36657298340808,34.47303172869198,18.31189916324491,34.44005669053763,17.34973483909482,0.0,0.0,29.589530230806965,98.5653124405316,0.0,34.127603098767125,0.0,0.0,0.0,0.0,0.0,0.0,57.08518257461014,19.120474506015515,29.589530230806965,74.1494468895384,34.127603098767125,0.0,0.0,0.0,121.13,59.36057735406698,29.703193736737585,0.0,34.47303172869198,12.84164324585202,12.84164324585202,12.49684172975989,13.847474399381248,6.923737199690624,26.847231705905752,4.736862953800049,6.388838445872176,0.0,40.02307937674866,32.767049091172886,0.5023054247206484,-3.71476463207975,0.0,0.9214121322567386,12.945413494641974,0.0,0.6896551724137931,36,3,7,1,2,3,0,0,0,0,9,2,7,3,7,2,0,0,1,1,0,1,8.79283344169687,3,4.025900000000003,136.09539999999998,0,3,3,0,0,0,0,0,0,0,3,3,0,0,0,0,0,0,0,0,0,0,0,0,0,0,4,0,0,0,0,0,0,0,0,0,3,0,0,0,0,1,0,0,0,0,0,0,0,0,0,3,3,0,0,0,0,0,0,0,0,0,0,0,0,0,0,0,0,0,0,0,0,0,0,0,0,0,0,0,0,0,0,0,0,CHEMBL499851,CC1=C(O)C(=O)C2=C(C1=O)C(O)C(=O)[C@@H](C)C[C@H](C)C/C(C)=C/[C@@H](C)CC[C@H]1O[C@@H]2[C@H](C)[C@@H](O)[C@H]1C,25000.0,4.3979400086720375,CHEMBL392,A549,4,Large-Polar-Aliphatic-Flexible-Hydrophobic,Other
12.825929190550854,12.825929190550854,0.1492215039572499,-4.260275411325059,0.3070178398918405,16.210526315789473,544.6030000000003,517.3870000000003,544.186829764,200,0,0.3933283894768193,-0.3936142537415688,0.3936142537415688,0.3933283894768193,1.1842105263157894,1.9736842105263157,2.6842105263157894,32.13353982952479,10.033929729901052,2.2909046631301355,-2.3232969112606385,2.329603713779975,-2.3836721640656204,7.182473704430055,-0.1261405009387326,3.4430610154966255,1.2127007137564711,1469.6836538031666,26.863232072819912,20.44829328100063,21.26478986192836,18.21799115041923,12.324027366375192,13.14052394730292,9.622081818847793,10.73728169013704,6.774100208904505,7.8171492275809955,4.968666233454213,5.99502565795146,-3.24,396882483.3631838,26.370423649118543,10.860150781531756,5.912433855754141,220.5114409966264,20.096943041479097,28.738728579860872,0.0,0.0,0.0,6.176298517443475,4.899909730850477,9.967957041894415,18.433136697762947,11.336785877934735,6.06636706846161,42.67056301139545,41.45618217266803,31.0626505955646,23.384299932705872,38.274194221936185,5.261891554738487,19.43496642053625,0.0,50.67408341494291,25.0131833803444,52.79368209731934,0.0,6.069221312792274,5.316788604006331,18.98910792085949,0.0,11.336785877934735,67.66652172089546,19.51033443475116,11.33111286753076,28.976169926098773,36.65915541707259,0.0,21.119545566166423,0.0,110.23000000000002,18.701086528117784,28.646191487444355,0.0,24.07062639327475,21.728411406768853,60.27907476530253,12.393687143226153,10.633466716252965,12.13273413692322,32.320243758005105,0.0,40.20082835521401,1.04808558773172,11.569033475102897,33.47892480749274,2.3855963110514935,0.5765754095621276,11.6578791441194,-3.052308523335377,2.21871876639433,0.0,0.4230769230769231,38,3,8,0,1,1,0,1,3,4,1,0,9,3,12,4,8,0,1,1,0,1,7.5364941316394285,5,4.052180000000005,138.84129999999996,0,2,2,0,0,3,0,0,0,0,0,0,0,0,0,5,1,0,0,0,1,0,0,0,0,3,0,0,0,1,0,0,0,0,1,0,2,0,0,0,0,0,0,0,3,0,0,0,0,0,0,0,0,0,0,0,0,1,0,0,0,0,0,0,0,0,0,0,0,1,0,0,0,0,0,0,0,0,0,0,0,0,1,0,0,CHEMBL3781333,N#Cc1cc2cc(CN3CCC(Nc4ncnc5sc(CC(F)(F)F)cc45)CC3)ccc2n1CC(O)CO,37.0,1.568201724066995,CHEMBL2093861,Menin/Histone-lysine N-methyltransferase MLL,4,Large-Polar-Aromatic-Flexible-Hydrophobic,Large-Polar-Aromatic-Flexible-Hydrophobic
14.059281881638483,14.059281881638483,0.0087105274208452,-1.013713808054086,0.4839820376467545,42.51351351351352,516.6750000000004,472.3230000000003,516.3087037479999,206,0,0.3061557061179022,-0.4810242278197746,0.4810242278197746,0.3061557061179022,1.027027027027027,1.648648648648649,2.243243243243243,16.366713152484706,9.421339013270838,2.697842034139948,-2.6130310160150003,2.7026779232965645,-2.602094593544115,6.048973025818559,-0.1437511659815774,2.985577508440583,1.743029433267021,1071.8008992324435,27.877950698581344,23.38848303179891,23.38848303179891,16.923134717362164,13.847395923796311,13.847395923796311,13.925774141075143,13.925774141075143,11.5566329739235,11.5566329739235,9.115191602339689,9.115191602339689,-1.86,63669807.930459626,28.155770287426694,8.836352175597982,3.815461064188126,219.63843435579312,15.319582184522115,11.566489892729878,5.783244946364939,0.0,0.0,5.969305287951848,19.178148736287287,0.0,0.0,0.0,41.54242319814374,65.75799614521243,31.256391021773304,23.540829291054777,34.4977309208094,23.319040127046662,0.0,0.0,45.33158606223268,105.61984453381304,0.0,11.146209060138531,0.0,0.0,0.0,0.0,0.0,0.0,50.84655508706538,19.178148736287287,45.33158606223268,93.41191175831644,11.146209060138531,0.0,0.0,0.0,128.97,45.75510598719696,34.4977309208094,0.0,60.786739469283035,30.408673928916564,0.0,6.923737199690624,0.0,34.61868599845312,6.923737199690624,0.0,0.0,0.0,51.86045316505441,31.56231560285859,-1.5526842181329867,-2.4526439251179792,0.0,0.6709431687712419,13.411616206566723,0.0,0.8,37,3,7,4,0,4,0,0,0,0,9,0,6,3,7,0,6,2,0,2,0,1,6.724170325268646,4,4.131500000000003,137.42540000000002,1,2,2,0,0,0,0,0,1,1,4,3,0,0,0,0,0,0,0,0,0,0,0,0,0,0,1,0,0,0,0,0,0,0,0,0,4,0,0,0,0,0,0,0,0,0,0,0,0,0,0,3,3,0,0,0,0,0,0,0,0,0,0,0,0,0,0,0,0,0,0,0,0,0,0,0,0,0,0,0,0,0,0,0,0,CHEMBL1087180,CC(CC(=O)C[C@@H](C)[C@H]1CC(=O)[C@@]2(C)C3=C(C(=O)C[C@]12C)[C@@]1(C)CC[C@H](O)C(C)(C)[C@@H]1C[C@@H]3O)C(=O)O,7250.0,3.8603380065709936,CHEMBL614909,SGC-7901,4,Large-Polar-Aliphatic-Flexible-Hydrophobic,Other
14.344126984126984,14.344126984126984,0.0,-4.7346321199674835,0.2930244926058979,19.045454545454547,647.1230000000003,616.8830000000002,646.17407216,232,0,0.4167980742778372,-0.4754605931532097,0.4754605931532097,0.4167980742778372,1.0,1.7954545454545454,2.522727272727273,35.45300243121385,9.892595824164118,2.490854529435546,-2.4523250375637797,2.3572518760536942,-2.639660756245056,7.180297835910648,-0.1525937073402589,3.3950503984231575,3.839989890027668e-06,1648.049727242113,30.191659197566096,23.78877338573539,25.42176654759084,20.626778767351723,13.949795022764722,14.766291603692448,10.675231495149063,11.910004522307354,7.808116890522639,8.75994941100659,5.7583091728595726,6.565783256991773,-3.97,5759334814.499278,31.454683653377995,12.56356130615818,6.293100451001948,261.6249383582413,19.436592146351483,11.567374611118932,0.0,5.601050810983688,11.814359458703011,6.176298517443475,14.573052889090851,9.967957041894415,13.17124514302446,23.74381903911471,6.06636706846161,50.09721578785069,57.380679812863704,32.895903720244696,27.497182464968155,51.59266190973811,0.0,24.75175502454258,0.0,31.542729773969803,44.16844816632592,77.18962687431727,0.0,5.749511833283905,9.636772684650529,18.98910792085949,5.749511833283905,23.74381903911471,81.43570372970473,10.970835701515297,6.923737199690624,33.7707071101706,61.0551001940705,0.0,10.216620634085364,0.0,91.76,28.811432041172655,22.760319511168102,0.0,31.40372570235663,44.770180702786234,39.50216132046092,16.23669560878521,23.229487439386773,31.18920547353706,19.8518452936921,4.736862953800049,48.79993776771313,1.53626671364287,45.7110000767682,0.8843463843734235,-2.394946618922659,0.0811433082773053,11.843815351931642,-0.4171823587516607,3.7889527083010863,0.0,0.3666666666666666,44,0,9,0,2,2,2,1,3,4,1,0,8,0,14,5,5,0,2,2,0,1,8.981428328296046,6,5.237920000000006,162.37049999999965,0,0,0,0,0,3,0,0,0,0,2,2,0,0,0,6,0,0,0,0,1,0,0,0,0,3,0,2,0,1,1,0,0,0,1,0,1,0,0,0,0,1,0,0,4,0,0,0,0,0,0,0,0,0,0,0,0,0,0,0,0,0,0,0,0,0,0,0,0,1,1,0,0,2,0,0,0,0,0,0,1,0,0,0,0,CHEMBL3112785,Cc1nc2cc(OC3(C(=O)N4CCN(c5ccccn5)CC4)CCCN(C(=O)c4cnccc4C(F)(F)F)C3)ccc2s1.Cl,41000.0,4.6127838567197355,CHEMBL1907611,Tumour suppressor p53/oncoprotein Mdm2,4,Large-Polar-Aromatic-Rigid-Hydrophobic,Large-Polar-Aromatic-Rigid-Hydrophobic
14.916413535933962,14.916413535933962,0.00220319095657,-4.940385499182299,0.145935844320859,19.547169811320753,769.8089999999996,728.4809999999998,769.273259732,288,0,0.425230616209443,-0.4890241713984007,0.4890241713984007,0.425230616209443,1.0943396226415094,1.830188679245283,2.4716981132075473,32.13347785243976,9.792377750772877,2.560368610634247,-2.5054011534242733,2.433774745015406,-2.688825358781757,7.099056510151402,-0.15927860949085,3.62010726363891,1.541761379352597,1745.662069564817,38.39032981031535,29.01098711519583,29.82748369612356,25.244715806057023,17.18422496126657,18.063877772521465,12.611039395188689,13.522270321607165,9.207209921138816,10.160608908516076,6.910290955614197,7.587391617686579,-4.51,366751675729.95825,39.69203610619788,16.660675425916047,8.665954194700287,306.53506586914193,34.596771098998566,28.800915602617057,0.0,5.601050810983688,11.814359458703011,12.35259703488695,9.589074368143644,4.983978520947208,26.34249028604892,17.915721561533232,31.553313066373736,31.040744451236847,63.332633468942056,29.463012051738435,50.511817956633365,34.65639438915633,0.0,14.783797982648164,0.0,56.602512366413265,62.69900069935809,76.63411472037633,0.0,11.49902366656781,19.690424242456903,37.847739338567514,11.49902366656781,11.336785877934735,95.82987884082482,17.147134218958772,0.0,53.40561105256178,60.63006454328103,0.0,0.0,0.0,107.47,51.813898310816896,41.03809204903327,0.0,70.2226290325731,42.66299921443141,23.330659685224163,15.875839568534836,19.056471336613846,17.032643867773697,16.879702808552036,9.473725907600098,96.46994504444656,0.3893892407721542,37.187266532748886,13.11450386982467,-3.15959417930331,-1.6330615420263248,7.561103022791181,-6.721758755790325,6.20887343320318,0.0,0.4722222222222222,53,2,10,0,2,2,2,1,2,3,2,0,9,2,17,4,13,0,2,2,0,0,12.477285482247236,5,6.721000000000009,187.3879999999995,0,1,1,0,0,1,0,0,0,0,2,2,0,0,0,4,1,0,0,0,1,0,0,0,0,6,0,2,0,2,0,0,0,0,1,0,0,0,0,0,0,2,0,0,6,0,0,0,0,0,0,0,0,0,0,0,0,0,0,0,0,0,0,0,2,0,0,0,0,1,1,0,0,1,0,0,0,0,0,0,0,0,1,0,0,CHEMBL5199492,C=CCNc1nccc(C(F)(F)F)c1C(=O)N1CCC[C@@](Oc2csc(C(F)(F)F)c2)(C(=O)N2CCN(c3ccccc3OCCO)CC2)[C@H]1CCC,1000.0,3.0,CHEMBL1907611,Tumour suppressor p53/oncoprotein Mdm2,4,Large-Polar-Aromatic-Flexible-Hydrophobic,Large-Polar-Aromatic-Flexible-Hydrophobic
12.7442140436488,12.7442140436488,0.2744091392997874,-4.213933074026671,0.5126647537764448,26.161290322580644,446.5420000000002,421.3420000000002,446.17520246,164,0,0.3933283894768193,-0.3666989213385345,0.3933283894768193,0.3666989213385345,1.0,1.7419354838709675,2.4838709677419355,32.13353933016592,9.906523323612014,2.3941114606190697,-2.300575041141156,2.4148746331515287,-2.381030868196137,7.1824596730958215,-0.1261375430393344,3.3824675835075997,1.1532906330225328,1028.227662099025,21.424074484064487,17.030062548696634,17.84655912962436,14.943604242740008,10.82147064236688,11.637967223294606,8.6646938253972,9.779893696686443,6.291089228130919,7.334138246807412,4.653502329382135,5.679861753879374,-2.1899999999999995,18601623.407963697,20.698209348830897,8.390290571407741,5.009876166084452,182.84885261689973,10.633577208012662,16.975579272220138,0.0,0.0,0.0,6.176298517443475,0.0,9.967957041894415,13.17124514302446,11.336785877934735,30.33183534230805,43.73392667478865,28.920575727306577,11.807045837390806,13.17124514302446,27.371269289855128,0.0,15.284745645900744,0.0,68.74465678860481,5.316788604006331,53.1661211709325,0.0,0.0,10.633577208012662,18.98910792085949,0.0,11.336785877934735,34.269778046781774,6.4208216229260096,0.0,48.46261284618974,42.725522485534206,0.0,10.216620634085364,0.0,49.84,12.597120140369483,13.17124514302446,0.0,10.91898802284926,34.03607111637771,37.020072369638775,18.311593189387544,6.06636706846161,0.0,50.93336959221513,0.0,38.2326421309464,1.0916885029616306,9.357525881000186,7.98330820644788,1.420172518285638,1.2854206816663458,13.654644639854556,1.724597438837366,0.0,0.0,0.4782608695652174,31,2,4,2,0,2,0,1,2,3,2,0,5,2,8,2,6,2,0,2,0,0,5.602064217565142,5,5.664900000000003,117.56440000000003,0,0,0,0,0,2,0,0,0,0,0,0,0,0,0,2,2,0,0,0,0,0,0,0,0,3,0,0,0,1,0,0,0,0,1,0,1,0,0,0,0,0,0,0,3,0,0,0,0,0,0,0,0,0,0,0,0,0,0,0,0,0,0,0,0,0,0,0,0,0,0,0,0,0,0,0,0,0,0,0,0,0,1,0,0,CHEMBL4447074,FC(F)(F)Cc1cc2c(N[C@H]3CC[C@H](N[C@H]4C[C@@H]4c4ccccc4)CC3)ncnc2s1,187.0,2.271841606536499,CHEMBL6136,Lysine-specific histone demethylase 1,4,Large-Polar-Aromatic-Rigid-Hydrophobic,Large-Polar-Aromatic-Rigid-Hydrophobic
14.8055096060499,14.8055096060499,0.0,-4.866663798825695,0.1195127309481894,19.442307692307693,757.1719999999998,717.8599999999999,756.2513173479999,282,0,0.4167980757497983,-0.4890140962002148,0.4890140962002148,0.4167980757497983,0.9423076923076924,1.6346153846153846,2.269230769230769,35.45300257752151,9.796934712036595,2.555298437940545,-2.5037194421107865,2.4043761620863613,-2.6880853633512034,5.970106870081797,-0.1587964546717204,3.115147939966864,6.049978629737291e-06,1684.608721019889,36.81297954112573,28.289859055355524,29.10635563628325,24.29602740107328,16.343043070754618,16.343043070754618,12.1632155680065,12.1632155680065,9.030841584177637,9.030841584177637,6.599488001461093,6.599488001461093,-4.499999999999999,126606729570.89713,40.27325752377218,16.88814087101443,8.745795821301172,303.0873609161894,28.91031805395158,18.105905631080727,0.0,5.601050810983688,11.814359458703011,12.35259703488695,14.57305288909085,0.0,26.34249028604892,18.985968844778473,18.208754243757102,55.30621272508328,58.64808833699257,35.026463543435426,50.14215351559271,29.908778894566552,0.0,14.783797982648164,0.0,43.25795354379663,57.94725323071671,96.33630102490405,0.0,11.49902366656781,14.373635638450576,32.02987656073248,11.49902366656781,12.407033161179976,91.28839258134909,21.88399717275882,0.0,40.74735652794084,79.64594654981303,0.0,0.0,0.0,84.44000000000001,52.50020260881259,35.93156465419256,0.0,57.05327908097963,38.1191556425965,42.34654169175615,10.975929837684358,12.009707272128011,29.165378004696915,11.562914204545706,14.210588861400147,99.61468172275698,0.0,37.33721526193698,0.0,-3.88780572488119,-0.9873039342154948,10.77905143979494,-6.173478191382285,5.665610726350528,1.5686953663061942,0.4166666666666667,52,0,9,0,2,2,2,2,1,3,2,0,7,0,16,3,11,0,2,2,0,0,13.079623969155891,5,6.913500000000009,182.76849999999953,0,0,0,0,0,1,0,0,0,0,2,2,0,0,0,4,0,0,0,0,1,0,0,0,0,6,0,2,0,1,0,0,0,0,2,0,0,0,0,0,0,3,0,0,7,0,0,0,0,0,0,0,0,0,0,1,0,0,0,0,0,0,0,0,2,0,0,0,0,1,1,0,0,1,0,0,0,0,0,0,0,0,0,0,0,CHEMBL3288448,C=CC[C@H]1N(C(=O)c2cnccc2C(F)(F)F)CCC[C@@]1(Oc1ccc(C(F)(F)F)cc1)C(=O)N1CCN(c2ccccc2OCCOC)CC1.Cl,41.0,1.6127838567197357,CHEMBL5023,p53-binding protein Mdm-2,4,Large-Polar-Aromatic-Flexible-Hydrophobic,Large-Polar-Aromatic-Flexible-Hydrophobic
14.195791180792718,14.195791180792718,0.0537983498122831,-1.2191607691707882,0.019267071836908,19.625,812.0559999999998,746.5359999999998,811.48506242,318,0,0.3256966935004625,-0.4797174682622497,0.4797174682622497,0.3256966935004625,0.75,1.3571428571428572,1.9821428571428572,32.116869131537314,9.843499378455748,2.489683064442755,-2.3606884307469578,2.4003338197517903,-2.5866819146327007,7.797752941490511,-0.1461113971120526,3.538392472198776,1.9739157389202804,1342.412898698495,41.622380617884225,32.28411911409988,33.17854630509979,26.69088602099814,19.64645020156536,20.278905733599032,14.452751582837024,14.89996517833698,10.118222298486767,10.341829096236744,7.236886396766923,7.439976888559439,-4.370000000000001,620430478346.2306,47.78056047349289,25.72193802105625,16.781416671107387,333.8433251845481,64.84183865837791,24.16736331659184,11.91910913748767,29.535898646757527,0.0,5.969305287951848,34.79125313194215,4.794537184071822,12.628789148012991,0.0,12.84164324585202,95.26537553393288,32.096931669811696,6.041840829147961,33.87375049927164,60.05310222021003,10.818567211583044,36.80064135488846,28.852575954810135,132.56336931877792,31.93187923039709,0.0,0.0,0.0,54.83540153268673,0.0,0.0,12.628789148012991,125.6136744031731,28.76722310443093,16.736473257744436,96.31232434389018,0.0,0.0,0.0,0.0,349.85,53.900048621746166,33.87375049927164,0.0,81.0107711809418,63.66418299606745,19.26246486877803,4.899909730850477,0.0,0.0,44.52952077205098,33.75323712023179,0.0,4.074567694230552,79.76912929264415,40.54227851871955,22.701300281874357,-3.4229470047485986,-5.12742655572392,7.264525022409709,1.0874616394830894,0.0,0.7714285714285715,56,17,20,1,1,2,5,0,0,0,7,0,11,14,21,1,26,1,1,2,0,2,21.946582412687754,2,-2.1157600000000043,214.32099999999969,1,0,0,0,0,0,0,0,1,1,6,5,0,0,0,1,8,4,0,0,1,0,1,0,0,0,0,5,0,0,0,0,0,0,0,0,1,0,0,0,0,0,0,2,0,0,0,0,0,0,0,0,0,0,0,0,0,0,0,0,0,0,0,0,0,0,0,0,0,0,0,0,0,0,0,0,0,0,0,0,0,0,0,2,0,CHEMBL5417788,N=C(N)NCCCC[C@H](NC(=O)CCS)C(=O)NCCCC[C@H](N)C(=O)N[C@@H](CCN)C(=O)N1C2CCCCC2C[C@H]1C(=O)N[C@@H](CCCNC(=N)N)C(=O)O,2170.0,3.3364597338485296,CHEMBL5482974,VEGA-NRP1,4,Large-Polar-Aliphatic-Flexible-Hydrophilic,Other
13.15316278755067,13.15316278755067,0.0704066672965479,-1.493914652035264,0.1859844370355825,51.36538461538461,732.9519999999998,668.44,732.4448628679999,294,0,0.3110292689802378,-0.4685948982634008,0.4685948982634008,0.3110292689802378,0.8653846153846154,1.5384615384615383,2.173076923076923,16.707847973278238,9.32855275412328,2.7188872323260274,-2.72176063322181,2.7589412704773646,-2.7045288406937744,5.762328788984713,-0.3414489673906105,3.075813915803533,1.4580612904318484,1463.383420438831,38.396612267639505,33.02954788316213,33.02954788316213,24.108351882560157,19.557899558481697,19.557899558481697,19.043542369918462,19.043542369918462,16.342678400639752,16.342678400639752,12.83088481062289,12.83088481062289,-2.0500000000000003,107388817953.20917,39.63743029687838,13.311483310816548,5.803821231938443,309.04733935458796,39.00389695352236,31.02274751550613,6.290026729335213,0.0,0.0,17.907915863855546,14.383611552215466,0.0,0.0,0.0,46.267810635356255,99.21273692946384,31.09827696110081,24.732720786170916,53.38750850573782,17.907915863855546,0.0,0.0,50.24366095486484,163.01485445937476,13.716679505790452,11.649124636903148,0.0,0.0,0.0,0.0,0.0,0.0,89.85800260999315,38.06792632121571,50.24366095486484,120.1010294035497,11.649124636903148,0.0,0.0,0.0,158.05,71.09740703991906,29.703193736737585,0.0,52.99569842206529,0.0,51.36657298340809,26.530376470728047,6.923737199690624,0.0,47.61844330497762,23.684314769000245,30.067724706620147,0.0,38.09145002489461,32.405745233836484,-0.7012935447394038,-0.7959549400118733,0.0,2.301656141895558,18.142808262805723,1.487864114698751,0.8780487804878049,52,3,11,5,1,6,0,0,0,0,16,0,11,3,11,1,6,4,1,5,0,0,10.146788305395203,6,5.258600000000004,190.1793999999994,0,3,3,0,0,0,0,0,0,0,3,3,0,0,0,0,0,0,0,0,0,0,0,0,0,0,2,0,0,0,0,0,0,0,0,0,7,0,0,0,3,5,0,0,0,0,0,0,0,0,0,0,0,0,0,1,0,0,0,0,0,0,0,0,0,0,0,0,0,0,0,0,0,0,0,0,0,0,0,0,0,0,0,0,0,CHEMBL553855,COC(=O)[C@]1(C)CC[C@]2(C)CC[C@]3(C)C(=CC[C@@H]4[C@@]5(C)[C@@H](O[C@@H]6O[C@@H](C)[C@H](O)[C@@H](O)[C@H]6O)C[C@H](OC(C)=O)[C@@](C)(COC(C)=O)[C@@H]5CC[C@]43C)[C@H]2C1,300.0,2.4771212547196626,CHEMBL394,HCT-116,4,Large-Polar-Aliphatic-Flexible-Hydrophobic,Other
14.430159706830953,14.430159706830953,0.0,-4.846547650855068,0.2746226980014327,18.134615384615383,757.1760000000002,717.864,756.262550728,282,0,0.4167980742778372,-0.4755442221612773,0.4755442221612773,0.4167980742778372,0.8846153846153846,1.5576923076923077,2.1923076923076925,35.45300257592158,9.892264177043428,2.4924937666103784,-2.4550680267938856,2.36507182313522,-2.639596540869381,5.96841538933406,-0.1527336781720321,3.098030385352924,6.049976997349632e-06,1716.9001069770927,36.976116247942265,28.467017040825827,29.283513621753553,24.07015444032578,16.319815119587705,16.319815119587705,12.76561838262195,12.76561838262195,8.855425591439964,8.855425591439964,6.248289639331279,6.248289639331279,-4.57,101196465604.63776,40.20430469172729,16.404252222216076,9.447348978677072,302.6561493288185,29.65329048120829,5.749511833283905,0.0,11.508230540335196,11.814359458703011,12.35259703488695,19.36759007316267,0.0,26.34249028604892,12.407033161179976,12.13273413692322,69.40155669043767,58.08304720162761,34.60988343037069,45.46296479206444,41.50334489860162,0.0,19.68370771349864,0.0,37.216112714648666,70.1253371415992,83.68134523447164,0.0,5.749511833283905,14.953561288656855,37.71726283541605,5.749511833283905,12.407033161179976,102.91493651927928,21.941671403030593,0.0,40.74735652794084,66.99099075938065,0.0,0.0,0.0,98.32,53.00311818557721,40.72610183826439,0.0,56.53963718740513,37.80884418380891,47.246451422606626,4.899909730850477,12.13273413692322,36.02789756397855,10.300767124953538,4.736862953800049,87.52145647654879,0.0,50.84487546086239,2.9470037050951707,-3.2522968702900403,-1.7755879447687564,11.71752063033707,-7.203255825907843,1.212479146639154,3.73780522148408,0.4285714285714285,52,1,10,0,2,2,3,2,1,3,1,0,7,1,17,3,9,0,2,2,0,1,12.683106818883068,5,5.833800000000006,183.46319999999957,0,0,0,0,0,1,0,0,0,0,3,3,0,0,0,5,1,0,0,0,1,0,0,0,0,6,0,3,0,2,0,0,0,0,2,0,0,0,0,0,0,1,0,0,7,0,0,0,0,0,0,0,0,0,0,0,0,0,0,0,0,0,0,0,2,0,0,0,0,1,1,0,0,1,0,0,0,0,0,0,0,0,0,0,0,CHEMBL3112811,CN(C)CCC(=O)Nc1ccccc1N1CCN(C(=O)C2(Oc3ccc(C(F)(F)F)cc3)CCCN(C(=O)c3cnccc3C(F)(F)F)C2)CC1.Cl,590.0,2.770852011642144,CHEMBL1907611,Tumour suppressor p53/oncoprotein Mdm2,4,Large-Polar-Aromatic-Flexible-Hydrophobic,Large-Polar-Aromatic-Flexible-Hydrophobic
12.06097390190644,12.06097390190644,0.0197420634920633,-0.7624992913832198,0.6443213497743336,58.875,334.4560000000001,304.216,334.21440943999994,134,0,0.309153342317607,-0.4808213813447685,0.4808213813447685,0.309153342317607,1.125,1.8333333333333333,2.5,16.368421864759615,9.407635206126114,2.6825629104203386,-2.6322621457495723,2.707981678106752,-2.6229813247788547,5.74746790098583,-0.1990294654094644,2.6802536396907617,1.8113953296365812,610.7601063032595,17.54360559544051,14.95663137922078,14.95663137922078,11.061785155018253,9.384099262405886,9.384099262405886,9.803889028759407,9.803889028759407,8.595431247224171,8.595431247224171,7.330338391669223,7.330338391669223,-0.8700000000000001,220217.67979791205,16.59050635280719,4.643158390018236,1.7916531318790507,143.5044469116957,15.319582184522115,0.0,0.0,0.0,0.0,5.969305287951848,4.794537184071822,0.0,0.0,0.0,19.075777413358384,69.62320669865687,11.332896515558172,17.12000766812877,20.11411936859394,5.969305287951848,0.0,0.0,33.99868954667451,71.00115853535993,0.0,12.152040213667762,0.0,0.0,0.0,0.0,0.0,0.0,32.993904671205954,4.794537184071822,33.99868954667451,59.29614133662794,12.152040213667762,0.0,0.0,0.0,77.76,28.504303425477396,20.11411936859394,0.0,23.16870860788096,12.84164324585202,25.68328649170404,0.0,0.0,13.847474399381248,19.075777413358384,0.0,0.0,0.0,12.06097390190644,31.71440306909801,-1.844248275699168,-0.3937742110733182,0.0,8.531633401045603,5.931012114722432,0.0,0.85,24,3,4,4,0,4,0,0,0,0,8,2,3,3,4,0,1,3,0,3,1,0,3.2096811986119813,4,2.981700000000002,90.22540000000004,1,2,1,0,0,0,0,0,1,1,1,0,0,0,0,0,0,0,0,0,0,0,0,0,0,0,1,0,0,0,0,0,0,0,0,0,3,0,0,0,0,0,0,0,0,0,0,0,0,0,0,0,0,0,0,0,0,0,0,0,0,0,0,0,0,0,0,0,0,0,0,0,0,0,0,0,0,0,0,0,0,0,0,0,0,CHEMBL1163268,C[C@]12[C@H](O)CC[C@@](C)(C(=O)O)[C@@H]1CC[C@]13C[C@@H](C=C[C@@H]12)[C@@](C)(O)C3,10000.0,4.0,CHEMBL394,HCT-116,4,Medium-Polar-Aliphatic-Flexible-Hydrophilic,Other
14.146735008818345,14.146735008818345,0.0,-4.415718030981869,0.451216803553958,23.256410256410255,567.0960000000001,528.7920000000003,566.263538796,214,0,0.4159140545948012,-0.4760707288863677,0.4760707288863677,0.4159140545948012,0.9487179487179488,1.6666666666666667,2.3076923076923075,35.45300188395958,9.859133566568431,2.475061644569631,-2.459688737707027,2.347608835273556,-2.636144670511629,5.862943229683219,-0.1539734403992545,2.936773948680702,3.5279918385797574e-06,1058.452386417248,26.589364901994134,22.243140031737394,23.059636612665116,18.32224831471141,13.863826782543462,13.863826782543462,10.92837889183271,10.92837889183271,8.199899006521171,8.199899006521171,6.204913783997287,6.204913783997287,-2.519999999999999,423849500.7420853,29.462375747945178,12.766875008777372,7.169273917492828,234.4638777065477,14.536682415501003,11.567374611118932,5.601050810983688,0.0,5.907179729351506,6.176298517443475,9.6944469149223,4.983978520947208,13.17124514302446,12.407033161179976,25.32883193723964,74.54415135454767,45.46538200708852,5.563451491696996,22.702645280896327,24.13207566836651,0.0,14.783797982648164,5.917906046161393,56.72310068890924,50.713204572238496,54.22486454254134,0.0,5.749511833283905,9.636772684650529,18.98910792085949,5.749511833283905,12.407033161179976,72.10532336437137,10.970835701515297,5.917906046161393,50.50920285217907,48.661413050844345,0.0,0.0,0.0,48.91,17.34080082012416,17.96578232709628,0.0,18.314212890531483,50.81202153193418,37.46093134950941,44.23684225155327,6.196843571613076,23.099010936235302,14.783797982648164,4.736862953800049,45.83849797321531,0.0,24.970624470331344,0.0,-1.8349444649746096,1.7626660920447526,10.55340799236997,4.945726579964615,4.764021357048625,0.0,0.5862068965517241,39,0,6,1,2,3,1,1,1,2,1,0,5,0,10,3,6,1,2,3,0,1,9.64467868296538,5,5.664700000000005,147.3299999999998,0,0,0,0,0,1,0,0,0,0,1,1,0,0,0,4,0,0,0,0,1,0,0,0,0,3,0,1,0,1,0,0,0,0,1,0,0,0,0,0,0,1,0,0,4,0,0,0,0,0,0,0,0,0,0,0,0,0,0,0,0,0,0,0,0,0,0,0,0,1,1,0,0,1,0,0,0,0,0,0,0,0,0,0,0,CHEMBL3112819,Cl.O=C(N1CCN(c2ccccn2)CC1)C1(Oc2ccc(C(F)(F)F)cc2)CCCN(CC2CCCCC2)C1,5100.0,3.707570176097936,CHEMBL1907611,Tumour suppressor p53/oncoprotein Mdm2,4,Large-Nonpolar-Aromatic-Flexible-Hydrophobic,Large-Nonpolar-Aromatic-Flexible-Hydrophobic
13.565687752951147,13.565687752951147,0.053521647170637,-4.912768118104726,0.4265424696021493,37.2972972972973,528.537,498.29700000000014,528.22114752,202,0,0.4179037006836212,-0.3489567200458562,0.4179037006836212,0.3489567200458562,0.972972972972973,1.7027027027027026,2.3783783783783785,19.417062219798876,9.476196344999725,2.6058509312466036,-2.5831770012442483,2.6473659386399797,-2.591073453219337,5.940568632251042,-0.140657784715903,3.1529692291427764,1.3996383556433802,1144.6860218588804,26.965890847321376,20.600426797998637,20.600426797998637,17.14266752696209,12.734371500875229,12.734371500875229,11.634285714323717,11.634285714323717,9.912533429481297,9.912533429481297,8.055144331684351,8.055144331684351,-2.5199999999999996,116434045.82209152,26.101654038493955,8.495079213590381,4.238036266100737,210.7982408603856,10.633577208012662,0.0,0.0,11.814359458703011,0.0,12.35259703488695,9.589074368143644,0.0,26.34249028604892,0.0,19.92349450621513,85.96875965765572,17.374737344706134,16.814289258077554,35.93156465419257,17.501745733386574,0.0,5.316788604006331,34.50160512343913,70.76684200097223,5.316788604006331,41.478044402446585,0.0,0.0,10.633577208012662,32.02987656073248,0.0,0.0,17.85620028785097,21.941671403030593,34.50160512343913,63.499307120331295,30.351141419052592,0.0,0.0,0.0,58.2,46.40696253787418,35.93156465419257,0.0,23.28191707405764,42.87655654355963,25.68328649170404,0.0,6.076020106833881,12.999757306524504,17.557314407703284,0.0,80.36752755900368,0.0,25.292355398640247,5.327847303119375,-4.058242597350381,-0.5549746632496357,1.1808530205146437,-1.7293612150330795,4.1739951943551645,0.0,0.6296296296296297,37,2,4,3,1,4,2,1,0,1,7,0,2,2,10,1,2,3,0,3,0,0,5.992854558452363,5,6.576100000000006,124.02240000000006,0,0,0,0,0,0,0,0,0,0,2,2,0,0,0,0,2,0,0,0,0,0,0,0,0,6,0,2,0,1,0,0,0,0,1,0,5,0,0,0,0,0,0,0,6,0,0,0,0,0,0,0,0,0,0,0,0,0,0,0,0,0,0,0,0,0,0,0,0,0,0,0,0,0,0,0,0,0,0,0,0,0,0,0,0,CHEMBL1200969,C[C@]12C=CC(=O)N[C@@H]1CC[C@@H]1[C@@H]2CC[C@]2(C)[C@@H](C(=O)Nc3cc(C(F)(F)F)ccc3C(F)(F)F)CC[C@@H]12,4.0,0.6020599913279624,CHEMBL1787,Steroid 5-alpha-reductase 1,4,Large-Nonpolar-Aliphatic-Flexible-Hydrophobic,Other
14.323932577163095,14.323932577163095,0.0,-4.492432950003269,0.3282879366558354,21.318181818181817,649.541,616.2770000000002,648.188180936,234,0,0.4159140545948612,-0.4755444432456587,0.4755444432456587,0.4159140545948612,0.8181818181818182,1.5,2.090909090909091,35.49571828087743,9.872805143638452,2.560775752217838,-2.4580581485195943,2.5025810878852615,-2.645339032928,6.301289323629668,-0.1576367718715409,3.831945851186567,3.839989507229875e-06,1462.8138762616763,30.24406544037339,23.93297647803318,25.505402004979356,20.59473923680017,14.468041310854026,14.846005783863252,11.504935402186478,11.941371182658465,8.72310445628844,8.975080771627926,6.224523548876492,6.350511706546236,-3.4999999999999987,7950647307.73261,31.910175482893575,12.477782513719433,6.3276113951789625,264.89093389634724,19.43659214635148,11.567374611118932,0.0,11.508230540335196,5.907179729351506,6.176298517443475,9.589074368143644,4.983978520947208,13.17124514302446,12.407033161179976,29.800041095617345,79.77767453109392,43.94325891491727,17.52319836700635,27.497182464968148,41.64019528795053,0.0,14.783797982648164,0.0,42.875626289527986,44.16844816632592,89.07641762182612,0.0,5.749511833283905,9.636772684650529,18.98910792085949,5.749511833283905,24.007973051412492,71.4677466878103,21.180363354983896,0.0,36.81018947509803,72.9268813246908,5.022633313741326,0.0,0.0,65.98,22.755791289520936,22.760319511168102,0.0,36.51566085907947,63.42970183500823,23.51404840645524,12.13273413692322,28.12939717023725,30.33183534230805,9.883888251797686,16.337802844032566,46.087820670661586,6.089111878763155,38.318917402501825,0.5858050309228333,-2.014186484601642,0.6554531677336147,17.350989411765823,-0.5220854531884108,2.4759521532189908,0.0,0.40625,44,0,7,1,2,3,2,2,1,3,1,0,5,0,12,3,6,1,2,3,0,1,9.049277946594726,6,5.996200000000006,163.2589999999996,0,0,0,0,0,1,0,0,0,0,2,2,0,0,0,4,0,0,0,0,1,0,0,0,0,3,0,2,0,1,0,0,0,0,2,0,0,0,0,0,0,1,0,0,5,0,0,0,0,0,0,0,0,0,0,0,0,0,0,0,0,0,0,0,0,0,0,0,0,1,1,0,0,1,0,0,0,0,0,0,0,0,0,0,0,CHEMBL3112822,Cl.O=C(N1CCN(c2ccccn2)CC1)C1(Oc2ccc(C(F)(F)F)cc2)CCCN(C(=O)C2(c3ccc(Cl)cc3)CC2)C1,1900.0,3.278753600952829,CHEMBL1907611,Tumour suppressor p53/oncoprotein Mdm2,4,Large-Nonpolar-Aromatic-Rigid-Hydrophobic,Large-Nonpolar-Aromatic-Rigid-Hydrophobic
13.891981855938852,13.891981855938852,0.0150501353801852,-0.3887997586605725,0.2798198619407188,21.97872340425532,660.259,613.8910000000002,659.3238326320002,250,0,0.2360443426479694,-0.4928583645563635,0.4928583645563635,0.2360443426479694,0.9787234042553192,1.7234042553191489,2.3617021276595747,35.495692776998936,9.844600585049395,2.365151798721194,-2.4078817768145098,2.4361454530223403,-2.5256718946656096,6.301151095649126,-0.1353805932691059,3.057985501028453,1.1933448778272846,1572.803893865319,33.241547250330754,28.11654014250852,28.872469088526977,22.60459584137157,16.710777193561317,17.08874166657054,13.478530545278346,13.914966325750331,9.890031230531246,10.142007545870731,7.33717340198332,7.463161559653061,-3.82,31598706497.507694,33.09498567792944,14.117678665447803,7.210620696478731,282.93932390671256,19.273545369301058,5.817862777835028,11.49902366656781,11.814359458703011,0.0,0.0,19.3888938298446,4.983978520947208,0.0,0.0,23.733674027155736,98.53722382310734,44.79408732598139,44.105412633309015,19.06280027574374,34.92054840145412,0.0,14.783797982648162,5.917906046161393,64.13923056005552,57.18398659198317,76.44076790813827,0.0,11.49902366656781,19.273545369301058,11.50524905251859,11.49902366656781,11.600939890232516,86.12813178852964,16.009895991069655,5.917906046161393,62.26295619532425,54.72778011930596,5.022633313741326,0.0,0.0,78.45000000000002,0.0,9.589074368143644,0.0,30.38098829852528,35.02616026153107,73.51315923705134,0.0,7.109797541277533,85.42274596306535,16.847491444378143,26.058644318779823,11.785625415417393,6.276846675937367,39.25623384386041,0.6372166251098854,3.585879644439385,2.9379940169644603,15.73446514040133,6.558635145287655,7.23099272576059,5.607221877932644,0.4864864864864865,47,0,9,1,2,3,2,2,1,3,1,0,7,0,10,3,9,1,1,2,0,0,9.94094411145968,6,5.978500000000007,185.70599999999945,0,0,0,0,0,1,0,0,0,0,2,2,0,0,0,5,0,0,0,1,0,0,0,0,0,0,0,2,0,2,0,0,0,0,2,0,1,0,0,0,0,2,0,0,1,0,0,0,0,0,0,0,0,0,0,1,0,0,0,0,0,0,0,0,0,0,0,0,0,0,1,0,0,1,0,0,0,0,0,0,0,0,0,0,0,CHEMBL3601401,COc1cc2c(cc1OC(C)C)[C@H](c1ccc(Cl)cc1)N(c1ccc(N(C)C[C@H]3CC[C@H](N4CCN(C)C(=O)C4)CC3)nc1)C(=O)C2,1.7,0.2304489213782739,CHEMBL5023,p53-binding protein Mdm-2,4,Large-Polar-Aromatic-Flexible-Hydrophobic,Large-Polar-Aromatic-Flexible-Hydrophobic
14.136182287729907,14.136182287729907,0.0,-4.8188067992814005,0.3496830649299202,19.272727272727273,644.016,615.792,643.178486756,236,0,0.4167980742778372,-0.475544222161159,0.475544222161159,0.4167980742778372,0.8181818181818182,1.5227272727272727,2.136363636363636,35.453002187174164,9.89242966334715,2.4916975084634383,-2.452515905441384,2.359808537159281,-2.6396749239666364,5.964352272939524,-0.1527338053895747,3.001651521461788,4.417988130966531e-06,1450.346775868095,30.82985187800029,23.144555187988864,23.961051768916587,20.371777137568124,13.494613179648068,13.494613179648068,10.334953442941606,10.334953442941606,7.5237953676030065,7.5237953676030065,5.384338093424292,5.384338093424292,-4.0699999999999985,2991437645.7438307,32.835704653358796,12.884985603201129,7.00570481544407,254.5798687839268,19.436592146351483,11.567374611118932,0.0,5.601050810983688,11.814359458703011,12.35259703488695,14.57305288909085,4.983978520947208,26.34249028604892,12.407033161179976,6.06636706846161,55.30621272508328,51.3143127444021,23.235110881003564,40.66842760799261,30.039255397718016,0.0,19.76777650359537,0.0,30.795291091722657,44.16844816632592,83.8118217376231,0.0,5.749511833283905,9.636772684650529,32.160353063883946,5.749511833283905,12.407033161179976,76.45172520875751,17.147134218958772,0.0,34.32653490501483,67.12146726253211,0.0,0.0,0.0,78.87,53.00311818557721,35.93156465419256,0.0,50.63245745805362,19.15587988028676,47.376927925758096,0.0,17.163120370925164,17.032643867773697,9.967957041894415,4.736862953800049,86.6613028777922,0.0,40.2313124424485,0.0,-4.495217805751835,-0.7935980945697619,9.96363907350696,-5.697986155987558,1.0472143292281662,0.0,0.3793103448275862,44,0,8,0,2,2,2,1,2,3,1,0,6,0,15,4,5,0,2,2,0,1,9.615626857488463,5,5.338600000000005,149.45749999999973,0,0,0,0,0,2,0,0,0,0,2,2,0,0,0,5,0,0,0,0,1,0,0,0,0,6,0,2,0,1,0,0,0,0,1,0,0,0,0,0,0,1,0,0,7,0,0,0,0,0,0,0,0,0,0,0,0,0,0,0,0,0,0,0,0,0,0,0,0,1,1,0,0,2,0,0,0,0,0,0,0,0,0,0,0,CHEMBL3112789,Cl.O=C(c1cnccc1C(F)(F)F)N1CCCC(Oc2ccc(C(F)(F)F)cc2)(C(=O)N2CCN(c3ccccn3)CC2)C1,2300.0,3.361727836017593,CHEMBL1907611,Tumour suppressor p53/oncoprotein Mdm2,4,Large-Polar-Aromatic-Rigid-Hydrophobic,Large-Polar-Aromatic-Rigid-Hydrophobic
12.782979619722951,12.782979619722951,0.1677117973566835,-4.2487474639883915,0.3545972767377646,15.735294117647058,504.9690000000002,484.8090000000002,504.11107798000006,176,0,0.3933283894768193,-0.366601573051991,0.3933283894768193,0.366601573051991,1.2058823529411764,2.0,2.735294117647059,35.49569287529781,10.033293283689854,2.2908186077963637,-2.324982425849734,2.3346313285927724,-2.3842991774667355,7.1824766850855655,-0.1261382168229833,3.399540983871173,1.2306073271117572,1381.3644666148523,23.87166824125719,17.915702866757645,19.488128393703825,16.286139497841102,10.781294735481662,11.975755789418615,8.435249676354593,9.928414020653069,6.015709549772438,7.505098197893441,4.370865775091078,5.676335213134064,-2.87,62685142.465731785,22.899240823134335,9.057335792383784,4.8233284332403175,201.92144188933096,10.300767124953538,28.738728579860872,0.0,0.0,0.0,6.176298517443475,4.899909730850477,9.967957041894415,18.433136697762947,11.336785877934735,17.667306958694127,36.60419594293385,41.45618217266803,16.829679151132133,13.17124514302446,49.875134112168695,5.261891554738487,19.8518452936921,0.0,38.02536062128204,18.40630141583148,51.74994834259906,0.0,6.069221312792274,5.316788604006331,18.98910792085949,0.0,22.93772576816725,45.15949745210868,12.965578028838586,11.33111286753076,28.976169926098773,30.59278834861098,5.022633313741326,21.119545566166423,0.0,80.63,12.597120140369483,13.17124514302446,0.0,10.91898802284926,33.29580112642275,53.73431835938995,6.3273200747645415,12.13273413692322,12.13273413692322,31.237855210490704,16.862831444971,38.348938859168854,7.667688082776257,14.590397299812988,14.662704381217695,2.3371796496338404,0.5855326975187671,9.510811006964726,-2.0755236814423026,2.400049482126953,0.0,0.3478260869565217,34,2,6,0,1,1,0,1,3,4,0,0,6,2,11,4,5,0,1,1,0,0,6.100179809582075,5,5.878980000000004,127.11940000000004,0,0,0,0,0,3,1,0,0,0,0,0,0,0,0,4,2,0,0,0,1,1,0,0,0,3,0,0,0,1,0,0,0,0,1,0,2,0,0,0,0,0,0,0,4,0,0,0,0,0,0,0,0,0,0,0,0,1,0,0,0,0,0,0,0,0,0,0,0,1,0,0,0,0,0,0,0,0,0,0,0,0,1,0,0,CHEMBL3780360,N#Cc1cc2c(Cl)c(CN3CCC(Nc4ncnc5sc(CC(F)(F)F)cc45)CC3)ccc2[nH]1,22.0,1.3424226808222062,CHEMBL2093861,Menin/Histone-lysine N-methyltransferase MLL,4,Large-Polar-Aromatic-Rigid-Hydrophobic,Large-Polar-Aromatic-Rigid-Hydrophobic
13.271685407452749,13.271685407452749,0.0138128899019054,-0.8864935956399698,0.5425592824248157,28.975,567.0380000000002,535.7900000000004,566.1819790119998,210,0,0.3187249933392735,-0.5040425270912626,0.5040425270912626,0.3187249933392735,1.225,2.025,2.725,35.49569244393744,9.525423673439745,2.578135049298165,-2.5657454097992365,2.5928264058762656,-2.601101107266924,6.307821823055391,-0.1457848686437301,3.388534302825029,1.552500607642915,1470.192768718161,28.344206024832225,22.771024818934723,23.52695376495318,19.232749677769615,13.236033127096912,13.61399760010614,10.902926493261946,11.33936227373393,9.113139460167364,9.3482365629551,7.2371788430218515,7.427466691161052,-3.5599999999999996,1302160085.3005762,26.65178500618655,9.815974408330892,3.8175283614699858,236.82844749113295,29.05461457082796,11.629591048932095,29.145399872337222,0.0,0.0,5.969305287951848,9.589074368143644,0.0,0.0,0.0,28.889386753906276,56.27264443835748,45.50854675646445,21.3293926238326,33.743779208121126,29.065175127320003,0.0,4.899909730850477,16.991524819073327,36.82326255507107,34.92182101242236,69.44345960132742,0.0,11.49902366656781,4.736862953800049,0.0,11.49902366656781,11.600939890232516,68.434334204349,35.73620095180316,11.835812092322788,41.199415600388306,47.322733047548645,5.022633313741326,0.0,0.0,106.89,23.406168191258324,14.69560176298435,0.0,35.662837111168116,46.02548090911121,12.10820789760957,21.3293926238326,24.26546827384644,12.142387175295491,17.10329444027821,30.649117335369297,16.314204683600824,6.252490741804326,34.82682373996139,16.474615298082007,2.592481654296345,-0.9365747490929596,8.829271222118559,2.510216101323535,0.7666321897380769,6.39761689594568,0.4333333333333333,40,1,9,2,2,4,0,2,0,2,5,2,9,1,10,2,5,0,1,1,0,0,6.540330988926604,6,3.936300000000003,146.60279999999983,0,0,0,0,0,0,0,1,0,0,2,2,0,0,0,2,0,0,0,1,1,0,0,0,0,0,1,0,0,0,0,0,0,0,2,0,1,0,0,0,1,3,0,0,1,0,0,0,0,0,0,1,1,0,0,3,0,0,0,0,0,0,0,1,0,1,1,0,0,1,0,0,0,0,0,0,0,0,0,0,0,0,0,0,0,CHEMBL2337611,COC(=O)[C@H]1C(c2cccc(Cl)c2)=NO[C@@H]1c1cc(OC)c(O)c2c1C[C@@H]1[C@@H]3C=C(OC)C(=O)C[C@]23CCN1C,71310.0,4.853150436447843,CHEMBL614822,NIH3T3,4,Large-Polar-Aromatic-Rigid-Hydrophobic,Large-Polar-Aromatic-Rigid-Hydrophobic
14.150373760538804,14.150373760538804,0.0,-4.534108834625753,0.3702174186326298,20.095238095238095,645.5310000000001,616.2990000000001,644.123866428,226,0,0.4159140545948013,-0.4760275094416702,0.4760275094416702,0.4159140545948013,0.9285714285714286,1.5952380952380951,2.1904761904761907,35.49571859020859,9.91151158625269,2.497574173561658,-2.4476172197311894,2.352468916463022,-2.6383550032234915,7.887434975993249,-0.1518349341548003,2.973414613509798,4.049989984150847e-06,1471.7445143539785,29.25250160881067,22.335259496587813,24.724181604461716,19.47694885309066,13.053235251085887,14.871263052895758,9.981740645950635,12.356111406364288,7.296090957010576,9.40746103127519,5.151425270005124,6.803535091365672,-3.0599999999999987,1280805813.9868546,31.86645464636107,12.66326936155445,6.771971269174704,253.0362503846614,14.536682415501003,11.567374611118932,0.0,15.624341964391272,5.907179729351506,6.176298517443475,4.794537184071822,13.401775505276143,17.476461134320694,12.407033161179976,17.667306958694127,73.50531393046813,43.94325891491727,17.003691373127346,31.120442265225265,45.75630671200661,0.0,14.18910424309392,0.0,29.51447604979696,44.16844816632592,83.51296613012912,0.0,5.749511833283905,9.636772684650529,18.98910792085949,5.749511833283905,24.007973051412492,73.38367020323349,20.99412685492288,0.0,18.405094737549017,77.82236480020858,5.022633313741326,0.0,0.0,83.05000000000001,33.27127170288325,26.38357931142522,0.0,42.562362904732815,37.62248056031763,30.083331051681466,28.57068426514267,11.096753302463554,23.099010936235302,4.983978520947208,16.337802844032566,73.98622858343799,5.942958633002005,22.20473603189424,0.3774081722720255,-2.489397041867303,0.4226883118961022,15.372566129892975,-2.3351654879632804,1.5642999329477263,-4.018545487734699,0.3571428571428571,42,0,8,0,2,2,1,2,1,3,1,0,6,0,14,3,6,0,2,2,0,1,9.607940447253062,5,5.126700000000005,154.52579999999966,0,0,0,0,0,1,0,0,0,0,1,1,0,0,0,4,0,0,0,0,0,0,0,0,0,3,0,1,0,1,0,0,0,0,2,0,0,0,0,0,0,1,0,0,5,0,0,0,0,0,0,0,0,0,0,0,0,0,0,0,0,0,0,0,0,0,0,0,0,1,1,0,0,1,0,0,1,0,0,0,0,0,0,0,0,CHEMBL3112826,Cl.O=C(N1CCN(c2ccccn2)CC1)C1(Oc2ccc(C(F)(F)F)cc2)CCCN(S(=O)(=O)c2ccc(Cl)cc2)C1,50000.0,4.698970004336019,CHEMBL1907611,Tumour suppressor p53/oncoprotein Mdm2,4,Large-Polar-Aromatic-Rigid-Hydrophobic,Large-Polar-Aromatic-Rigid-Hydrophobic
11.309126890251685,11.309126890251685,0.2197762229786477,-1.202983241072166,0.2270089884057091,27.487179487179485,546.6730000000006,504.3370000000005,546.327816444,216,0,0.3200187084936397,-0.4800858278476824,0.4800858278476824,0.3200187084936397,1.1282051282051282,1.8974358974358976,2.641025641025641,16.55595662048351,9.963205839331216,2.4493367726564625,-2.421577787589343,2.329260092126181,-2.5305650091542855,5.807049032927855,-0.138356601705708,3.622035030913597,1.1724397429179854,1105.203460524064,27.517932611199157,22.384660056938344,22.384660056938344,18.79573409108168,14.17499140533788,14.17499140533788,11.540538565265328,11.540538565265328,8.620763134091872,8.620763134091872,6.365437600988409,6.365437600988409,-2.420000000000001,638918047.5147723,28.12104809974444,12.398158579729364,6.497454970806905,227.69465176399328,41.323599554347496,36.19776078477367,17.692941169337626,0.0,0.0,5.969305287951848,9.361636831863176,14.951935562841625,0.0,0.0,25.68328649170404,37.64303336701339,32.72378202956288,6.3273200747645415,24.85098232239399,22.951046004170863,0.0,29.318854672333934,17.56947956948497,75.52739252360982,45.002205912637635,12.654640149529085,0.0,0.0,11.46733495432437,5.817862777835028,0.0,0.0,114.23002057267622,9.53140013787187,11.835812092322788,51.173652531216945,12.654640149529085,0.0,11.16387793838399,0.0,189.11,36.55094645107958,20.11411936859394,0.0,12.238684400761038,30.171296796370537,32.09693166981169,51.17956988708515,4.567099647791355,0.0,24.75175502454258,16.20419790812442,7.698214792408082,0.0,28.299109285920196,30.98973202565083,12.487447530986266,0.5532255565072114,-0.9618606204478664,7.253846608484416,4.680284820490865,0.0,0.7692307692307693,39,7,13,1,2,3,0,0,2,2,5,0,12,5,13,4,13,1,2,3,0,0,8.939723429969964,5,0.0339000000000034,143.44919999999993,1,2,2,1,0,4,0,0,1,1,1,0,0,0,0,6,0,2,0,0,1,0,0,0,0,0,0,0,0,1,0,0,0,0,0,0,1,0,0,0,0,1,0,0,0,0,0,1,0,0,0,0,0,0,0,0,0,0,0,0,0,0,0,0,0,0,0,0,0,0,0,0,0,0,0,0,0,0,0,0,0,0,0,0,0,CHEMBL4645555,Nc1ncnc2c1ncn2[C@@H]1O[C@H](CN(CC[C@H](N)C(=O)O)CC2CN(CCCC3CCCC3)C2)[C@@H](O)[C@H]1O,25.5,1.4065401804339552,CHEMBL4106124,MLL1-ASH2L/RbBP5/WDR5/DPY30,4,Large-Polar-Aromatic-Flexible-Hydrophilic,Other
14.303844684531882,14.303844684531882,0.0,-4.776540303359185,0.3658659099006252,19.214285714285715,628.4540000000001,601.238,627.1427079639999,224,0,0.4167980742778372,-0.4754325468952045,0.4754325468952045,0.4167980742778372,0.9761904761904762,1.738095238095238,2.4047619047619047,35.49571853110779,9.892630522014306,2.4909100320628608,-2.4523900274645576,2.35208774149655,-2.6397238960290497,6.302879078667265,-0.1526179430704661,2.983089782711201,4.049990047225434e-06,1424.1541646505575,29.20009536600337,22.189240445790013,23.76166597273619,19.571135874685897,12.972297609810122,13.35026208281935,9.888732067936983,10.29593219467759,7.23321814688396,7.53974382110027,5.212723198088841,5.33027174948271,-3.64,1389507756.4494438,31.29905847229029,12.701131241100011,6.542337966629949,250.1871220905594,19.436592146351483,17.384595452164827,0.0,5.601050810983688,11.814359458703011,6.176298517443475,14.57305288909085,9.374393568622027,13.17124514302446,12.407033161179976,17.667306958694127,43.173478588160066,57.380679812863704,22.694292703047893,31.88759751264297,41.64019528795053,0.0,19.76777650359537,0.0,24.618992574279183,44.16844816632592,83.02185733225171,0.0,5.749511833283905,9.636772684650529,23.379522968534307,5.749511833283905,24.007973051412492,76.45172520875751,10.970835701515297,5.817220841045894,28.763083413317833,61.05510019407049,5.022633313741326,0.0,0.0,78.87,40.53583261157006,27.15073455884292,0.0,49.11033436588237,26.1790256236503,30.3442840579844,17.032643867773697,11.096753302463554,23.099010936235302,9.967957041894415,16.337802844032566,61.493064374315715,5.824579114893216,40.4167498822857,-0.1388184820376583,-3.404457065138223,-1.3345475423296032,10.020333758939689,-0.8266106969456337,1.3941511004612486,0.0,0.3571428571428571,42,0,8,0,2,2,2,1,2,3,1,0,6,0,14,4,5,0,2,2,0,1,9.465082128081482,5,5.112300000000005,149.42349999999976,0,0,0,0,0,2,0,0,0,0,2,2,0,0,0,5,0,0,0,0,1,0,0,0,0,3,0,2,0,1,0,0,0,0,1,0,0,0,0,0,0,1,0,0,6,0,0,0,0,0,0,0,0,0,0,0,0,0,0,0,0,0,0,0,0,0,0,0,0,1,1,0,0,2,0,0,0,0,0,0,0,0,0,0,0,CHEMBL3112784,Cl.O=C(c1cnccc1C(F)(F)F)N1CCCC(Oc2ccc(Cl)c(F)c2)(C(=O)N2CCN(c3ccccn3)CC2)C1,1400.0,3.146128035678238,CHEMBL1907611,Tumour suppressor p53/oncoprotein Mdm2,4,Large-Polar-Aromatic-Rigid-Hydrophobic,Large-Polar-Aromatic-Rigid-Hydrophobic
12.828488798393138,12.828488798393138,0.1530577449073014,-4.260740956337223,0.3493904556604458,16.07894736842105,541.6030000000002,515.3950000000002,541.1871641120001,198,0,0.3933283894768193,-0.367881042326491,0.3933283894768193,0.367881042326491,1.263157894736842,2.026315789473684,2.710526315789474,32.1335398183186,10.033776173653342,2.291530904766623,-2.323349618491567,2.330832186855086,-2.3836877343467378,7.182477450271618,-0.1262691255427889,3.4386990550161056,1.2302372140557778,1529.6443337405722,27.02636877963644,20.62525108728112,21.441747668208848,18.107506702887015,12.23389993702498,13.050396517952706,9.623423460920824,10.73862333221007,6.906566750071469,7.949615768747959,5.006695401812813,6.03305482631006,-3.6899999999999986,355675935.9480125,25.93854908585193,10.22733462868451,5.439264600020598,220.42438628929096,15.617555728959871,34.780569409008834,0.0,5.907179729351506,0.0,6.176298517443475,9.6944469149223,9.967957041894415,18.433136697762947,11.336785877934735,6.06636706846161,49.59430021108607,41.45618217266803,11.807045837390806,17.96578232709628,44.18137395128769,5.261891554738487,19.43496642053625,5.733667477162185,50.990938650120626,18.40630141583148,52.79368209731934,0.0,6.069221312792274,11.050456081168516,18.98910792085949,0.0,11.336785877934735,50.64979830830434,17.760115212910407,11.33111286753076,41.941747954937355,36.65915541707259,0.0,21.119545566166423,0.0,112.86,24.54614069886895,23.227673881834768,0.0,10.91898802284926,21.728411406768853,60.27907476530253,12.393687143226153,17.55720391594359,18.19910120538483,26.253876689543496,5.733667477162185,40.15438680837049,1.0477460693834104,23.29469410277715,14.45903000498991,7.766916972444759,0.0783112839781301,10.96220504043959,-2.1217496676378818,4.1084593852544495,0.0,0.3846153846153846,38,3,8,0,1,1,1,1,3,4,1,0,8,2,12,4,7,0,1,1,0,1,6.981111086409641,5,4.745280000000004,139.65409999999991,0,0,0,0,0,3,0,0,0,0,1,1,0,0,0,5,1,1,0,0,1,0,0,0,0,3,0,1,0,1,0,0,0,0,1,0,2,0,0,0,0,0,0,0,3,0,0,0,0,0,0,0,0,0,0,0,0,1,0,0,0,0,0,0,0,0,0,0,0,1,0,1,0,0,0,0,0,0,0,0,0,0,1,0,0,CHEMBL3781106,CC(C(N)=O)n1c(C#N)cc2cc(CN3CCC(Nc4ncnc5sc(CC(F)(F)F)cc45)CC3)ccc21,244.0,2.387389826338729,CHEMBL2093861,Menin/Histone-lysine N-methyltransferase MLL,4,Large-Polar-Aromatic-Flexible-Hydrophobic,Large-Polar-Aromatic-Flexible-Hydrophobic
12.87324575641044,12.87324575641044,0.1737431947573366,-4.252613171452195,0.2799726193416974,15.175,565.6290000000002,539.4210000000003,565.1983974920001,206,0,0.3933283894768193,-0.3666015730520868,0.3933283894768193,0.3666015730520868,1.15,1.975,2.7,32.13353995168193,10.00580182514088,2.2915625481002637,-2.3268124811017117,2.333045527376472,-2.3850236804748923,7.18247874873809,-0.1261396196881563,3.6554923529143486,1.1196125811478737,1690.4506072128547,27.854795904382623,21.66383623062446,22.480332811552188,19.26930274543549,12.933871115776697,13.750367696704425,10.115317525937469,11.230517397226713,7.446162957219827,8.48921197589632,5.395048805693739,6.421408230190981,-4.0200000000000005,1578247571.7653077,26.215422485846393,10.513889550606056,5.367571226802798,231.2004891036186,9.883888251797686,34.432656574709334,0.0,0.0,0.0,6.176298517443475,9.998591539151516,9.967957041894415,18.433136697762947,16.435467686235775,11.279752164116475,49.09138463432146,47.65302574428112,18.351802243303386,13.17124514302446,38.274194221936185,5.261891554738487,34.84571513279319,0.0,51.49385422688524,18.40630141583148,64.18153808701626,0.0,6.069221312792274,5.316788604006331,18.98910792085949,0.0,11.336785877934735,60.153367291209776,19.51033443475116,18.254850067221383,40.23354941264423,36.78963192022405,0.0,21.11954556616642,0.0,111.34,12.597120140369483,18.433136697762947,0.0,10.91898802284926,28.27316781268143,65.97300276015099,11.890771566461538,12.263210640074686,10.633466716252965,60.72109673841429,0.0,40.58282434908906,1.0624403833370304,11.715277924123354,25.41803428505044,4.709329852845079,0.595231275071912,10.17780983123264,-0.300139966774362,5.122525399358181,0.0,0.3703703703703703,40,2,9,0,1,1,0,1,4,5,0,0,9,2,13,5,7,0,1,1,0,0,6.8906514134665855,6,5.173800000000004,145.9703999999998,0,0,0,0,0,6,1,0,0,0,0,0,0,0,0,7,2,0,0,0,1,1,0,0,0,3,0,0,0,1,1,0,0,0,1,0,2,0,0,0,0,0,0,0,3,0,0,0,0,0,0,0,0,0,0,0,0,1,0,0,0,0,0,0,0,0,0,0,0,1,0,0,0,0,0,0,0,0,0,0,0,0,1,0,0,CHEMBL3780982,Cc1c(CN2CCC(Nc3ncnc4sc(CC(F)(F)F)cc34)CC2)ccc2c1cc(C#N)n2Cc1c[nH]nn1,23.0,1.3617278360175928,CHEMBL2093861,Menin/Histone-lysine N-methyltransferase MLL,4,Large-Polar-Aromatic-Flexible-Hydrophobic,Large-Polar-Aromatic-Flexible-Hydrophobic
12.913066608566664,12.913066608566664,0.1384612965042082,-4.263842178680085,0.2518049633578693,14.952380952380953,595.6550000000002,567.431,595.2089621760001,218,0,0.3933283894768193,-0.4963335919556734,0.4963335919556734,0.3933283894768193,1.1666666666666667,1.9761904761904765,2.6666666666666665,32.133540100906835,9.995576272363184,2.293480763099233,-2.3302365626889565,2.356022140979097,-2.3859006472381568,7.182482338529272,-0.1261402667868406,3.6974248469462743,1.1658785319259055,1763.6243095493005,29.432146173572253,22.994734251898706,23.81123083282643,20.21799115041923,13.462910218139164,14.279406799066887,10.448011658011906,11.563211529301151,7.747696459280806,8.790745477957293,5.642155917303379,6.668515341800626,-4.22,3909350634.9587736,27.92568551583594,11.220456077096053,5.617050631093154,242.6789764475221,14.620751205597736,40.18216840799323,0.0,0.0,0.0,6.176298517443475,9.998591539151516,9.967957041894415,18.433136697762947,16.435467686235775,5.213385095654868,37.46156607416286,53.76614358682345,30.978300502197175,17.908108096824506,38.274194221936185,5.261891554738487,34.84571513279319,0.0,51.49385422688523,25.516098957109016,58.11517101855466,0.0,11.81873314607618,10.05365155780638,18.98910792085949,5.749511833283905,11.336785877934735,67.2631648324873,19.51033443475116,18.254850067221383,40.23354941264424,30.72326485176245,0.0,21.11954556616642,0.0,120.57,12.597120140369483,18.433136697762947,0.0,10.91898802284926,34.817924218594,70.74120967921932,6.3273200747645415,19.37300818135222,16.699833784714574,48.588362601491056,4.736862953800049,46.492265088755005,1.0540429250769348,11.664532040756342,25.453486668865917,4.308607536140619,1.341904305211545,7.885754344069552,-0.424858650453655,4.818116858163925,1.6561488834138112,0.3928571428571428,42,2,10,0,1,1,0,1,4,5,0,0,10,2,14,5,8,0,1,1,0,0,7.4604506607913,6,5.182400000000004,152.52239999999978,0,0,0,0,0,6,1,0,0,0,0,0,0,0,0,7,2,0,0,0,1,1,0,0,0,3,0,0,0,1,1,0,0,0,1,0,2,0,0,0,0,1,0,0,3,0,0,0,0,0,0,0,0,0,0,1,0,1,0,0,0,0,0,0,0,0,0,0,0,1,0,0,0,0,0,0,0,0,0,0,0,0,1,0,0,CHEMBL3781831,COc1cc2c(cc(C#N)n2Cc2c[nH]nn2)c(C)c1CN1CCC(Nc2ncnc3sc(CC(F)(F)F)cc23)CC1,16.0,1.2041199826559248,CHEMBL2093861,Menin/Histone-lysine N-methyltransferase MLL,4,Large-Polar-Aromatic-Flexible-Hydrophobic,Large-Polar-Aromatic-Flexible-Hydrophobic
12.8505943486251,12.8505943486251,0.1832743000988816,-4.24848051839097,0.2789290300773157,15.23076923076923,550.6140000000003,525.4140000000002,550.18749846,200,0,0.3933283894768193,-0.3666015730521101,0.3933283894768193,0.3666015730521101,1.1025641025641026,1.948717948717949,2.6923076923076925,32.13353987814995,10.033929445688765,2.2907854171322795,-2.3232660740306783,2.3299432037049987,-2.3836578903806243,7.182477033647266,-0.1261392988371518,3.635174149205722,1.0930889907584662,1639.5637230656996,26.98455241637955,20.871323173503757,21.687819754431484,18.841782390506925,12.63448861155832,13.450985192486046,9.867774682969854,10.9829745542591,7.065569028220608,8.1086180468971,5.220498442116876,6.246857866614122,-3.95,1044125596.3040909,25.334784468852135,10.314163710369028,5.597182085174155,225.64744543987075,9.883888251797686,28.738728579860872,0.0,0.0,0.0,6.176298517443475,9.998591539151516,9.967957041894415,23.531818506063985,11.336785877934735,6.06636706846161,42.67056301139545,53.216477235978104,24.54864581491646,13.17124514302446,38.274194221936185,5.261891554738487,29.632330037138324,0.0,44.57011702719461,18.40630141583148,70.75082073224249,0.0,6.069221312792274,5.316788604006331,18.98910792085949,0.0,11.336785877934735,54.939982195554904,19.51033443475116,11.33111286753076,34.53962141779577,49.05284256029874,0.0,21.119545566166423,0.0,98.45000000000002,12.597120140369483,18.433136697762947,0.0,10.91898802284926,28.27316781268143,60.27907476530253,11.890771566461538,12.263210640074686,16.83031028786604,54.6503415115304,0.0,40.55653679239971,1.0641981815691874,11.697371682838403,21.601629796154505,3.826342908378365,0.5988938265122412,12.3215484197935,1.5907864862107022,3.1593585728100475,0.0,0.3333333333333333,39,2,8,0,1,1,0,1,4,5,0,0,8,2,12,5,7,0,1,1,0,0,6.7001824250937325,6,5.470380000000005,143.43839999999986,0,0,0,0,0,5,1,0,0,0,0,0,0,0,0,6,2,0,0,0,1,1,0,0,0,3,0,0,0,1,0,0,0,0,1,0,2,0,0,0,0,0,0,0,3,0,0,0,0,0,0,0,0,0,0,0,0,1,0,0,0,0,0,0,0,0,0,0,0,1,0,0,0,0,0,0,0,0,0,0,0,0,1,0,0,CHEMBL3781037,N#Cc1cc2cc(CN3CCC(Nc4ncnc5sc(CC(F)(F)F)cc45)CC3)ccc2n1Cc1cn[nH]c1,23.0,1.3617278360175928,CHEMBL2093861,Menin/Histone-lysine N-methyltransferase MLL,4,Large-Polar-Aromatic-Flexible-Hydrophobic,Large-Polar-Aromatic-Flexible-Hydrophobic
14.35859131562735,14.35859131562735,0.204239766791606,-1.2784934040041431,0.1161507967843806,27.36842105263158,793.0269999999998,728.5149999999999,792.5010297680001,314,0,0.2459060810221354,-0.3701604379834824,0.3701604379834824,0.2459060810221354,0.8070175438596491,1.456140350877193,2.1052631578947367,16.175852010221003,9.75075198548503,2.492968993249685,-2.427056013776647,2.3360623147081427,-2.6722063239652742,5.98876640099569,-0.1461343447166053,3.863008035563022,1.377727569933681,1617.475700236634,40.95080774263041,33.54401229978646,33.54401229978646,27.379555517084285,21.093921798842967,21.093921798842967,16.3748226680357,16.3748226680357,11.984534189596689,11.984534189596689,8.558296210134857,8.558296210134857,-4.730000000000001,2425098631752.1304,43.393562361761525,20.618799310040693,11.670248074653886,335.78429576126103,47.85109743605698,29.706288568975182,5.959554568743835,35.443078376109035,0.0,0.0,34.176506710222455,0.0,0.0,0.0,61.93302788017349,83.11622654357375,32.59984724657631,6.041840829147961,28.76722310443093,41.40263294485287,5.409283605791522,36.3837624817326,11.46733495432437,151.82583418755598,26.1790256236503,35.392371257240434,0.0,0.0,38.051277974356026,0.0,0.0,0.0,113.1296074283273,35.18804472735694,12.333020805482146,113.8600489502102,24.26546827384644,0.0,0.0,0.0,244.94,53.46966858617766,28.76722310443093,0.0,36.522737002650366,83.9664202299844,49.651832720950054,4.899909730850477,4.899909730850477,31.18920547353706,26.583943020031658,16.876618560115894,0.0,0.0,86.74479922289235,22.11687335562399,12.441202137862012,-2.513906476485311,3.5208454866013055,10.145395599808488,3.461457340363818,0.0,0.6829268292682927,57,10,16,1,3,4,6,1,0,1,5,0,8,8,16,3,6,1,3,4,1,0,15.696897433068356,5,0.9790900000000096,215.3939999999995,0,0,0,0,0,0,0,0,0,0,6,6,0,0,0,2,6,2,0,0,0,0,0,0,0,0,0,6,0,0,1,0,0,0,1,0,2,0,0,0,0,0,0,1,0,0,0,0,0,0,0,0,0,0,0,0,0,0,0,0,0,0,0,0,0,0,0,0,0,0,0,0,0,0,0,0,0,0,0,0,0,0,0,0,0,CHEMBL2314575,Cc1cccc(C[C@@H]2NC(=O)[C@@H](N)CCCCCCCCNC(=O)[C@@H]3CCCN3C(=O)[C@H](CCCNC(=N)N)NC(=O)C3(CCC3)NC(=O)[C@@H]3CCCN3C2=O)c1,1150.0,3.060697840353612,CHEMBL1615381,Menin,4,Large-Polar-Aliphatic-Flexible-Hydrophilic,Other
12.444992101881924,12.444992101881924,0.0597600453357538,-1.3804156947133162,0.2218439481567684,51.5,704.8979999999999,644.4180000000001,704.4135627399999,282,0,0.3088676406955223,-0.4808290435630789,0.4808290435630789,0.3088676406955223,0.92,1.56,2.2,16.72244195632957,9.339669003675338,2.6880427985293083,-2.705648865616821,2.744663187438295,-2.667512378921667,5.741453720254807,-0.3072652076297847,3.0209868109097195,1.2701794352625209,1397.4274837478408,36.76685575564259,31.14586345738785,31.14586345738785,23.214358377446995,18.813145217883505,18.813145217883505,18.149390880548705,18.149390880548705,15.600020519253048,15.600020519253048,12.179209237014572,12.179209237014572,-2.05,43606866316.53346,37.69883034130761,12.815481866828955,5.6710611132566475,295.9981436484838,39.37356139456301,6.103966387748303,18.49795950483182,0.0,0.0,17.907915863855546,14.383611552215466,0.0,0.0,0.0,39.344073435665635,99.21273692946386,31.60119253786543,30.3337715971546,53.757172946778475,17.907915863855546,0.0,0.0,50.74657653162946,156.09111725968413,6.606881964512918,11.649124636903148,0.0,0.0,0.0,0.0,0.0,0.0,87.85473246355632,33.33106336741566,50.74657653162946,113.17729220385908,11.649124636903148,0.0,0.0,0.0,169.05,71.65172185847412,34.809721131578286,0.0,52.944299180274825,12.84164324585202,38.524929737556064,19.42057892945051,6.923737199690624,6.923737199690624,33.770968905596376,18.947451815200196,23.054885371512285,0.0,36.1979549132745,44.75272801015625,-0.0625369931394255,-2.057269711298078,0.0,2.2714388443615947,15.426132898466218,0.0,0.8717948717948718,50,4,11,5,1,6,0,0,0,0,16,0,10,4,11,1,6,4,1,5,0,0,9.66257353279378,6,4.780100000000004,181.1821999999995,1,3,3,0,0,0,0,0,1,1,3,2,0,0,0,0,0,0,0,0,0,0,0,0,0,0,2,0,0,0,0,0,0,0,0,0,7,0,0,0,2,4,0,0,0,0,0,0,0,0,0,0,0,0,0,0,0,0,0,0,0,0,0,0,0,0,0,0,0,0,0,0,0,0,0,0,0,0,0,0,0,0,0,0,0,CHEMBL557340,CC(=O)O[C@@H]1[C@@H](O)[C@@H](OC(C)=O)[C@H](OC[C@@H]2[C@@H](O)C[C@H](O)[C@]3(C)[C@H]4CC=C5[C@H]6C[C@](C)(C(=O)O)CC[C@]6(C)CC[C@@]5(C)[C@]4(C)CC[C@@H]23)O[C@H]1C,4700.0,3.6720978579357175,CHEMBL398,KB,4,Large-Polar-Aliphatic-Flexible-Hydrophobic,Other
13.318162007351969,13.318162007351969,0.0187325296379787,-0.8680415296283799,0.5296824646610844,28.463414634146343,562.6190000000001,528.3470000000003,562.2315160479999,216,0,0.3187249856232553,-0.5040425270912626,0.5040425270912626,0.3187249856232553,1.1219512195121952,1.8780487804878048,2.5365853658536586,16.648050774334994,9.52542350360784,2.5781429032426546,-2.5657451687412043,2.5928287271811894,-2.601100928001187,6.126515411159211,-0.1457850382972736,3.4277446517368113,1.5277878082778091,1465.4514933855237,29.05131280601877,23.80130863638936,23.80130863638936,19.7707544802304,13.659423326288096,13.659423326288096,11.12108068495945,11.12108068495945,9.378540482341592,9.378540482341592,7.351152002590785,7.351152002590785,-4.05,2277465721.205324,27.13615441221387,10.09633274340556,3.9866122023196047,238.0036686081548,33.79147752462801,17.379102882216,29.145399872337222,0.0,0.0,5.969305287951848,9.589074368143644,0.0,0.0,0.0,5.15571272675054,68.40537857528072,40.48591344272312,28.439190165110137,38.480642161921175,17.46423523708749,0.0,4.899909730850477,16.991524819073327,36.82326255507107,42.03161855369989,64.4208262875861,0.0,17.248535499851716,9.473725907600098,0.0,17.248535499851716,0.0,75.54413174562653,35.73620095180316,11.835812092322788,41.199415600388306,47.322733047548645,0.0,0.0,0.0,116.12000000000002,23.406168191258324,14.69560176298435,0.0,35.662837111168116,46.75235942865379,12.10820789760957,21.3293926238326,25.30889874666236,18.208754243757102,17.10329444027821,23.78504039893683,21.643628012591464,0.0,34.927254593812414,16.026247453669026,2.70684269587769,-0.2087161959392496,9.007221546707928,2.538803388736268,0.7693138192603658,8.006071351950766,0.4516129032258064,41,1,10,2,2,4,0,2,0,2,5,2,10,1,10,2,6,0,1,1,0,0,6.682332788344981,6,3.291500000000002,148.14479999999983,0,0,0,0,0,0,0,1,0,0,2,2,0,0,0,2,0,0,0,1,1,0,0,0,0,0,1,0,0,0,0,0,0,0,2,0,1,0,0,0,1,4,0,0,0,0,0,0,0,0,0,1,1,0,0,4,0,0,0,0,0,0,0,1,0,1,1,0,0,1,0,0,0,0,0,0,0,0,0,0,0,0,0,0,0,CHEMBL2337614,COC(=O)[C@@H]1C(c2ccc(OC)cc2)=NO[C@H]1c1cc(OC)c(O)c2c1C[C@@H]1[C@@H]3C=C(OC)C(=O)C[C@]23CCN1C,83900.0,4.9237619608287,CHEMBL614822,NIH3T3,4,Large-Polar-Aromatic-Rigid-Hydrophobic,Large-Polar-Aromatic-Rigid-Hydrophobic
14.8428496308035,14.8428496308035,0.0028803547126894,-4.8644895293963115,0.2406884134986381,20.18,728.7559999999999,690.4519999999998,728.246710636,272,0,0.425489513241872,-0.4890241713984007,0.4890241713984007,0.425489513241872,1.02,1.74,2.38,32.13347799256201,9.79235253502388,2.560291165251764,-2.505962467576874,2.4507201437116533,-2.688993184588413,7.101229496759513,-0.1593418418641923,3.467409732959946,1.5236812626417169,1659.162540768897,36.26900946675572,27.519423283633113,28.335919864560843,23.72354775600185,16.26009194714794,17.139744758402834,12.188020606282466,13.06767341753736,9.068790194138426,10.174061002585432,6.762174706960348,7.622952690436954,-4.049999999999999,81207818887.32973,37.2112211811411,15.05191989896683,7.503022147538743,288.944922488925,29.27998249499224,22.98305282478203,0.0,5.601050810983688,11.814359458703011,12.35259703488695,14.57305288909085,0.0,26.34249028604892,11.336785877934735,25.477292959539852,37.964481650927475,62.48180505787794,29.46301205173843,50.511817956633365,28.838531611321308,0.0,14.783797982648164,0.0,63.526249566103886,50.83745568943918,69.6730869247924,0.0,11.49902366656781,14.373635638450576,32.02987656073248,11.49902366656781,11.336785877934735,89.28512243491225,17.147134218958772,6.923737199690624,58.96906254425877,48.10558525600012,0.0,0.0,0.0,95.44,51.813898310816896,41.03809204903327,0.0,63.42346134052248,42.66299921443141,18.08107341790971,17.203709701007014,23.95638106746432,17.032643867773697,4.983978520947208,9.473725907600098,95.73535581357396,0.4228096791139215,36.48756279050296,10.417402063398386,-3.2351168899443223,-1.1707243258515947,6.83308530872866,-7.0792320478435045,4.005524274988202,0.0,0.5,50,1,9,0,2,2,2,1,2,3,2,0,8,1,16,4,10,0,2,2,0,0,11.202006411225472,5,6.431520000000009,173.43829999999951,0,1,1,0,0,1,0,0,0,0,2,2,0,0,0,4,0,0,0,0,1,0,0,0,0,6,0,2,0,1,0,0,0,0,1,0,0,0,0,0,0,2,0,0,6,0,0,0,0,0,0,0,0,0,0,0,0,0,0,0,0,0,0,0,2,0,0,0,0,1,1,0,0,1,0,0,0,0,0,0,0,0,1,0,0,CHEMBL3805082,CCC[C@H]1N(C(=O)c2cnccc2C(F)(F)F)CCC[C@@]1(Oc1csc(C(F)(F)F)c1C)C(=O)N1CCN(c2ccccc2OCCO)CC1,58.0,1.7634279935629371,CHEMBL1907611,Tumour suppressor p53/oncoprotein Mdm2,4,Large-Polar-Aromatic-Flexible-Hydrophobic,Large-Polar-Aromatic-Flexible-Hydrophobic
14.731549555217711,14.731549555217711,0.0038901336242538,-4.932735626733319,0.2530631254077181,20.3265306122449,714.7289999999998,678.4409999999999,714.2310605719999,266,0,0.4336389486948558,-0.4890241713984007,0.4890241713984007,0.4336389486948558,1.020408163265306,1.7551020408163265,2.4081632653061225,32.133477584509976,9.793092702832968,2.5582719255419466,-2.5048037838511577,2.42634311978549,-2.6886335192435795,7.099048717001793,-0.1593304586562101,3.5646695175804632,1.4983732770196758,1610.3201958945406,35.398765978752635,26.59677355282274,27.41327013375047,23.296027401073285,15.847508323078909,16.7271611343338,11.75891350979518,12.670144436213656,8.629752245943314,9.583151233320574,6.507794856605207,7.184895518677588,-4.049999999999999,57398413259.29501,36.236151155887526,14.825483270177344,7.742072124106076,282.5799803745283,29.27998249499224,22.98305282478203,5.693927994848461,5.601050810983688,11.814359458703011,12.35259703488695,14.57305288909085,0.0,26.34249028604892,11.336785877934735,25.477292959539852,37.10711151969846,56.78787706302948,23.899560560041436,50.511817956633365,28.838531611321308,0.0,14.783797982648164,0.0,56.602512366413265,50.83745568943918,70.17600250155702,0.0,11.49902366656781,14.373635638450576,32.02987656073248,11.49902366656781,11.336785877934735,89.28512243491225,17.147134218958772,0.0,53.536087555713245,54.041475821310264,0.0,0.0,0.0,95.44,51.944374813968366,41.03809204903327,0.0,57.86000984882549,36.5966321459698,29.397026753685772,15.866186530162564,19.056471336613843,17.032643867773697,4.983978520947208,9.473725907600098,94.57344709260056,0.396189308743551,35.89490926033772,10.36325854487987,-3.197659362682711,-1.2231290900988907,9.15770315870512,-7.977310091322304,2.762591178837109,0.0,0.4848484848484848,49,1,9,0,2,2,2,1,2,3,2,0,8,1,16,4,10,0,2,2,0,0,10.963641892596488,5,6.123100000000008,168.70129999999958,0,1,1,0,0,1,0,0,0,0,2,2,0,0,0,4,0,0,0,0,1,0,0,0,0,6,0,2,0,1,0,0,0,0,1,0,0,0,0,0,0,2,0,0,6,0,0,0,0,0,0,0,0,0,0,0,0,0,0,0,0,0,0,0,2,0,0,0,0,1,1,0,0,1,0,0,0,0,0,0,0,0,1,0,0,CHEMBL5188441,CCC[C@H]1N(C(=O)c2cccnc2C(F)(F)F)CCC[C@@]1(Oc1csc(C(F)(F)F)c1)C(=O)N1CCN(c2ccccc2OCCO)CC1,117.0,2.0681858617461617,CHEMBL1907611,Tumour suppressor p53/oncoprotein Mdm2,4,Large-Polar-Aromatic-Flexible-Hydrophobic,Large-Polar-Aromatic-Flexible-Hydrophobic
13.81470203000596,13.81470203000596,0.0922990415301929,-1.1755658698664653,0.2484143081904632,46.1025641025641,542.7130000000003,496.3450000000004,542.324353812,216,0,0.2459719570161229,-0.4578803088839083,0.4578803088839083,0.2459719570161229,0.9487179487179488,1.641025641025641,2.3333333333333335,16.848049563923418,9.733841008873377,2.670887797327157,-2.44117480181117,2.5718254923997637,-2.5182197866636256,6.50133146303663,-0.2555498808899218,3.292704547750305,1.709349387921451,1145.1597527932438,28.60156533771294,24.998633154925585,24.998633154925585,18.16404600902533,14.785763216058683,14.785763216058683,13.580632438883146,13.580632438883146,9.699132053077635,9.699132053077635,7.73880730321635,7.73880730321635,-1.8000000000000005,297774971.8683438,28.718757658591763,9.93242630385488,4.671828437257257,232.5259505802366,24.0539792100409,5.759164871656176,11.8910775403189,17.353601045300476,0.0,0.0,9.589074368143644,0.0,0.0,0.0,46.267810635356255,65.21404738278932,34.47303172869198,18.31189916324491,33.64305357818454,11.566489892729878,0.0,0.0,29.589530230806965,123.98700914505405,0.0,34.127603098767125,0.0,0.0,0.0,0.0,0.0,0.0,52.66310514370498,28.53652618334384,29.589530230806965,87.99692128891964,34.127603098767125,0.0,0.0,0.0,91.29,47.37051740727737,14.69560176298435,0.0,29.085987540209626,23.16808149404823,25.68328649170404,5.5731045300692665,6.923737199690624,27.694948798762496,33.770968905596376,18.947451815200196,26.525745879568028,0.0,27.14614954527495,11.348822240845374,2.4711231301583494,-2.7879336147975664,0.0,3.415207122047624,18.047552363569903,0.0,0.75,39,1,7,1,4,5,0,0,0,0,10,4,7,1,7,4,0,0,3,3,0,0,7.314024204672578,5,5.415900000000007,146.3057999999999,0,1,1,0,0,0,0,0,0,0,2,2,0,0,0,0,0,0,0,0,0,0,0,0,0,0,3,0,0,0,0,0,0,0,0,0,3,0,0,0,0,4,0,0,0,0,0,0,0,0,0,2,2,0,0,0,0,0,0,0,0,0,0,0,0,0,0,0,0,0,0,0,0,0,0,0,0,0,0,0,0,0,0,0,0,CHEMBL501427,CC1=C2O[C@]34OC(C)(C)O[C@@H]3C2=C(C(=O)C1=O)[C@@H]1O[C@H](CC[C@H](C)/C=C(\C)C[C@@H](C)C[C@@H]4C)[C@H](C)[C@H](O)[C@H]1C,9500.0,3.977723605288848,CHEMBL4625,Apoptosis regulator Bcl-X,4,Large-Polar-Aliphatic-Flexible-Hydrophobic,Other
14.20442229659991,14.20442229659991,0.0449814203867049,-1.2250740562136262,0.022404693251527,20.07017543859649,810.0189999999998,742.4829999999998,809.534789484,324,0,0.3256966935004625,-0.4797174682622497,0.4797174682622497,0.3256966935004625,0.6666666666666666,1.2280701754385963,1.8421052631578947,16.36851032283989,9.843499373947996,2.489835462756848,-2.360688753675454,2.4003223068062693,-2.5866931486807756,5.9471261896588885,-0.1461114578136868,3.562943268225166,1.9850271780013873,1371.4662197807293,42.4926241058873,32.86184954498225,32.86184954498225,27.101569623521097,19.91517409381112,19.91517409381112,14.762414552677791,14.762414552677791,10.3513321024255,10.3513321024255,7.2546409540935155,7.2546409540935155,-4.800000000000002,957934079628.7806,48.348962632144264,25.45173589193283,16.67960013135157,333.36803991517183,76.3091736127023,24.16736331659184,11.91910913748767,29.535898646757527,0.0,5.969305287951848,34.79125313194215,4.794537184071822,0.0,0.0,12.84164324585202,89.5125219271861,32.22086645279826,12.08368165829592,33.87375049927164,47.424313072197045,10.818567211583044,36.80064135488846,40.31991090913451,132.18438852499986,32.72378202956288,0.0,0.0,0.0,66.3027364870111,0.0,0.0,0.0,132.44741803148685,28.76722310443093,16.736473257744436,89.89150272096417,0.0,0.0,0.0,0.0,401.89,71.75624890959715,33.87375049927164,0.0,69.32034650522534,57.91132938932067,19.26246486877803,4.899909730850477,0.0,0.0,31.900731624037984,45.22057207455616,0.0,0.0,80.0213978944374,40.36711398656921,33.908401255496635,-4.181423628295245,-6.277569693001338,6.7614698639180295,0.9006103208752996,0.0,0.7714285714285715,57,21,22,1,1,2,5,0,0,0,8,0,12,15,22,1,26,1,1,2,0,2,21.58886013267132,2,-4.149660000000013,212.8807999999997,1,0,0,0,0,0,0,0,1,1,6,5,0,0,0,1,8,6,0,0,1,0,0,0,0,0,0,5,0,0,0,0,0,0,0,0,1,0,0,0,0,0,0,2,0,0,0,0,0,0,0,0,0,0,0,0,0,0,0,0,0,0,0,0,0,0,0,0,0,0,0,0,0,0,0,0,0,0,0,0,0,0,0,2,0,CHEMBL5424756,N=C(N)NCCCC[C@H](NC(=O)[C@@H](N)CN)C(=O)NCCCC[C@H](N)C(=O)N[C@@H](CCN)C(=O)N1C2CCCCC2C[C@H]1C(=O)N[C@@H](CCCNC(=N)N)C(=O)O,330.0,2.5185139398778875,CHEMBL5482974,VEGA-NRP1,4,Large-Polar-Aliphatic-Flexible-Hydrophilic,Other
14.206822845296756,14.206822845296756,0.0469258648311494,-1.2236037768605488,0.0177075852029846,20.07017543859649,827.0709999999998,760.5429999999998,826.4959614520001,324,0,0.3256966935004625,-0.4797174682622497,0.4797174682622497,0.3256966935004625,0.7017543859649122,1.263157894736842,1.8771929824561404,32.116869844345885,9.843499374293474,2.4898391222271714,-2.360688748881457,2.4003559657227096,-2.586690006177051,7.798546876887382,-0.1461113084020625,3.562943268225166,1.9850271780013873,1376.7666098060506,42.4926241058873,32.73171287129258,33.62614006229249,27.101569623521097,19.823153569364095,20.45560910139777,14.709286478117331,15.074434849787442,10.29409455699626,10.687487253509206,7.230514212645929,7.396336904813449,-4.410000000000001,957934079628.7806,48.73788877045732,25.762627958313857,16.920697645628866,339.18321588156084,70.5755061355401,24.16736331659184,11.91910913748767,29.535898646757527,0.0,5.969305287951848,34.79125313194215,4.794537184071822,12.628789148012991,0.0,12.84164324585202,89.5125219271861,31.428963653632476,12.08368165829592,33.87375049927164,60.05310222021003,10.818567211583044,36.80064135488846,34.58624343197232,132.18438852499986,31.93187923039709,0.0,0.0,0.0,60.56906900984892,0.0,0.0,12.628789148012991,131.65551523232105,28.76722310443093,16.736473257744436,89.89150272096417,0.0,0.0,0.0,0.0,375.87,71.75624890959715,33.87375049927164,0.0,68.52844370605956,57.91132938932067,19.26246486877803,4.899909730850477,0.0,0.0,44.52952077205098,39.48690459739397,0.0,4.044475101637959,80.07603364791578,40.43012141587908,28.476713716532604,-3.9938887042696374,-6.155988574788262,6.833239845432491,1.01151577388223,0.0,0.7714285714285715,57,19,21,1,1,2,5,0,0,0,8,0,12,15,22,1,26,1,1,2,0,2,22.028352559069727,2,-3.178560000000007,217.67939999999967,1,0,0,0,0,0,0,0,1,1,6,5,0,0,0,1,8,5,0,0,1,0,1,0,0,0,0,5,0,0,0,0,0,0,0,0,1,0,0,0,0,0,0,2,0,0,0,0,0,0,0,0,0,0,0,0,0,0,0,0,0,0,0,0,0,0,0,0,0,0,0,0,0,0,0,0,0,0,0,0,0,0,0,2,0,CHEMBL5421065,N=C(N)NCCCC[C@H](NC(=O)[C@@H](N)CS)C(=O)NCCCC[C@H](N)C(=O)N[C@@H](CCN)C(=O)N1C2CCCCC2C[C@H]1C(=O)N[C@@H](CCCNC(=N)N)C(=O)O,9.0,0.9542425094393248,CHEMBL5482995,NRP2-VEGA,4,Large-Polar-Aliphatic-Flexible-Hydrophilic,Other
14.266526248859902,14.266526248859902,0.0599587015105815,-1.313665905195001,0.1152405689631943,27.36842105263158,796.9899999999993,735.5019999999998,796.4759578920001,314,0,0.2459060810221354,-0.3701604379834824,0.3701604379834824,0.2459060810221354,0.7719298245614035,1.3859649122807018,2.017543859649123,19.142155226421945,9.75075230621838,2.492974937373227,-2.427049536079916,2.3360055541359777,-2.672205493798357,5.988720480211754,-0.1461343161945986,3.8711150190137062,1.37483197853709,1607.0082086304806,40.95080774263041,32.921976772795695,32.921976772795695,27.379555517084288,20.78290403534759,20.78290403534759,16.01223596538812,16.01223596538812,11.81530717088415,11.81530717088415,8.339669838155498,8.339669838155498,-4.8,2476716450578.7197,43.32492243006041,20.569656157534947,11.636992969172528,333.5848890497906,47.851097436056975,35.523509410021084,5.959554568743835,35.443078376109035,0.0,0.0,34.17650671022245,4.39041504767482,0.0,0.0,44.23684225155327,88.32522348080634,32.59984724657631,6.041840829147961,33.15763815210575,41.40263294485287,5.409283605791522,36.38376248173261,11.46733495432437,144.90209698786535,26.1790256236503,35.646140606589334,0.0,0.0,38.051277974356026,4.39041504767482,0.0,0.0,113.12960742832728,35.18804472735694,11.226504446837415,108.2965974585132,24.26546827384644,0.0,0.0,0.0,244.94,65.19406915657507,33.15763815210575,0.0,37.16031367921144,89.40593693869485,32.10410811463005,17.032643867773697,17.032643867773697,0.0,26.583943020031658,16.876618560115894,13.771101012719246,0.0,86.37111162718311,21.90288058278084,11.073888250524986,-3.249262994401163,1.1636572791259978,9.493718397448909,1.3895725112847623,0.0,0.675,57,10,16,1,3,4,6,1,0,1,5,0,8,8,17,3,6,1,3,4,1,0,15.63471504277572,5,0.8097700000000096,210.61499999999947,0,0,0,0,0,0,0,0,0,0,6,6,0,0,0,2,6,2,0,0,0,0,0,0,0,0,0,6,0,0,0,0,0,0,1,0,2,0,0,0,0,0,0,1,1,0,0,0,0,0,0,0,0,0,0,0,0,0,0,0,0,0,0,0,0,0,0,0,0,0,0,0,0,0,0,0,0,0,0,0,0,0,0,0,0,CHEMBL2314818,N=C(N)NCCC[C@@H]1NC(=O)C2(CCC2)NC(=O)[C@@H]2CCCN2C(=O)[C@H](Cc2ccc(F)cc2)NC(=O)[C@@H](N)CCCCCCCCNC(=O)[C@@H]2CCCN2C1=O,422.0,2.625312450961674,CHEMBL1615381,Menin,4,Large-Polar-Aliphatic-Flexible-Hydrophilic,Other
13.108363025868158,13.108363025868158,0.0672848607354374,-4.412940634569803,0.3404740332253679,17.945945945945947,516.5680000000002,485.3200000000003,516.2460588920001,198,0,0.4159098550259705,-0.4753358811273827,0.4753358811273827,0.4159098550259705,1.054054054054054,1.7567567567567568,2.3513513513513513,19.413190304771735,9.802635794628973,2.305275424298357,-2.3197907572077203,2.3405589649637517,-2.3131731733813514,5.9136422592960844,-0.137145261348433,3.1485105152572723,1.5794576918892074,1264.0380070220508,26.15612529163336,20.683622601997644,20.683622601997644,17.685691751440952,12.895707429719655,12.895707429719655,10.192691742171398,10.192691742171398,7.575964472851686,7.575964472851686,5.181035344496593,5.181035344496593,-3.369999999999999,163980724.65562925,25.286724577227854,10.179403610631628,5.496474078408955,212.2627935448706,20.307204250644723,5.516700717616262,11.465039998602755,11.77274377898642,0.0,12.145603805395323,0.0,14.762494225966236,18.155223663971668,0.0,37.81602062862726,56.22111536617628,12.08368165829592,12.10820789760957,23.07230972193699,28.89938528515736,0.0,19.51903521063298,5.917906046161393,83.09504676475069,10.633577208012662,41.21677575524035,0.0,0.0,10.633577208012662,24.937447201845984,0.0,0.0,42.678549551721446,12.72105492335605,5.917906046161393,80.03615484856445,24.26546827384644,0.0,11.16387793838399,0.0,104.96,17.70905529709232,23.07230972193699,0.0,30.10001978297615,28.764260314296173,57.078485497405296,18.55355575984923,0.0,4.567099647791355,32.50924997054491,0.0,41.180239068156254,0.0,25.012301078725628,16.539017027212754,0.7157533415379904,-0.2501537005746503,5.316138734802154,4.29034893526305,2.279688848210153,0.0,0.5384615384615384,37,3,8,2,0,2,0,1,2,3,1,0,7,3,11,2,8,2,0,2,0,0,6.956858796283265,5,5.9367000000000045,133.7497,0,0,0,0,1,4,0,0,1,1,1,0,0,0,0,4,2,0,0,0,0,0,0,0,0,3,0,0,0,2,0,0,0,0,1,0,1,0,0,0,0,0,0,0,3,0,0,1,0,0,0,0,0,0,0,0,0,0,0,0,0,0,0,0,0,0,0,0,0,0,0,0,0,0,0,0,0,0,0,0,0,0,0,0,0,CHEMBL5079411,C[C@@H](Nc1nc(C(=O)O)nc2nc(NC3CCCCC3)n(Cc3ccc(C(F)(F)F)cc3)c12)C1CCC1,7.6,0.8808135922807914,CHEMBL1907611,Tumour suppressor p53/oncoprotein Mdm2,4,Large-Polar-Aromatic-Flexible-Hydrophobic,Large-Polar-Aromatic-Flexible-Hydrophobic
14.455783240794585,14.455783240794585,0.0365083280296707,-4.756217869410053,0.2420349081535793,20.340425531914892,658.652,623.372,658.2304840899998,244,0,0.52429633659135,-0.4042626591222462,0.52429633659135,0.4042626591222462,0.9787234042553192,1.702127659574468,2.425531914893617,31.20446458996049,9.943275822119352,2.5372127380140816,-2.5698248414793774,2.3786215641599653,-2.781381855729665,7.462918442055759,-0.1957733653835552,3.042610403021696,1.360181537358606,1831.2732137424773,33.29395349313805,25.83968218647843,26.73410937747835,22.497022255354796,15.103519245101843,16.633815988442066,11.663994932573765,12.827723019850968,8.51083110153596,8.95948452764939,6.350673763448729,6.747017992237563,-4.809999999999999,27193361146.519268,32.14349931233881,13.127735517454257,6.837265893436273,271.1100697031694,19.640355227419104,17.957128274566394,0.0,11.814359458703011,0.0,13.853811635470244,24.3598760945958,19.377410516912217,0.0,0.0,66.73003775307771,41.81319288016644,38.14107420350622,18.103297952676797,33.25923020436356,36.57109602625431,0.0,30.118411634563554,0.0,44.68352890487223,13.592428388589765,107.81633700516664,0.0,5.749511833283905,9.840535765718148,4.794537184071822,5.749511833283905,7.822697123132171,84.27580586612346,33.66445708782613,0.0,23.61409167478161,91.12598253007565,0.0,10.902924932081056,0.0,155.85000000000002,32.10326890590069,28.735483042651744,0.0,43.61896213265065,5.563451491696996,22.02982791547505,22.04155639172823,35.286071946018495,67.58740788430673,14.824514286665355,0.0,15.98419246471683,0.0,68.22352571758194,6.992610285127074,3.1219275032640144,-0.6314019473061059,23.046690706526917,0.960937611894798,2.188494946153641,-3.0814217324035567,0.2727272727272727,47,3,13,0,2,2,4,3,1,4,3,0,7,3,14,3,8,0,2,2,0,0,8.978113991018226,6,3.2752000000000017,172.14179999999962,0,0,0,0,0,1,0,0,0,0,3,3,0,0,0,5,1,0,0,1,0,0,0,0,0,0,0,4,0,0,0,0,0,0,3,0,2,0,0,0,0,0,0,0,0,1,0,0,0,0,0,0,0,0,0,0,0,0,0,0,0,0,0,0,1,0,0,1,1,0,1,0,0,1,0,0,0,0,0,0,0,0,0,0,1,CHEMBL5274107,C[C@H]1[C@H]2N(C(=O)CN(C)N2C(=O)NCc2ccccc2)[C@@H](Cc2ccc(OP(=O)(O)O)cc2)C(=O)N1Cc1cccc2cccnc12,150.0,2.1760912590556813,CHEMBL4665593,CBP/beta catenin,4,Large-Polar-Aromatic-Flexible-Hydrophobic,Large-Polar-Aromatic-Flexible-Hydrophobic
13.4021304015072,13.4021304015072,0.0292552467908646,-1.7965145205683146,0.0439536142863826,16.821428571428573,800.8200000000002,748.4040000000001,800.3552129640001,314,0,0.3257062312508952,-0.4812292624504639,0.4812292624504639,0.3257062312508952,0.7321428571428571,1.2857142857142858,1.7678571428571428,16.373805036893508,10.02655597600658,2.396340380426053,-2.2957482806965546,2.1988665221649244,-2.5978861248796012,5.976509084360898,-0.1430863193656172,3.575714152709776,3.0915336586878523,1487.6076935636388,42.860713882777254,31.494019407174385,31.494019407174385,26.028467773997505,17.719160785851834,17.719160785851834,13.632934016520672,13.632934016520672,8.305373647634122,8.305373647634122,5.638007770899009,5.638007770899009,-5.870000000000001,235224318554.7342,48.14994813484939,23.140397223432743,17.073730017050547,320.7641431131215,62.96041841141347,36.25104497488776,0.0,47.257437834812045,0.0,17.907915863855546,47.94537184071822,4.794537184071822,0.0,0.0,13.847474399381248,44.94575136048206,26.31013685145522,19.069544416586886,73.16601860415287,65.16535369866759,0.0,36.80064135488846,11.651573523323576,121.41653314480664,13.08951281182515,0.0,0.0,0.0,37.634399101200174,0.0,0.0,0.0,145.93589718334212,52.73990902479004,5.917906046161393,79.06152178217057,0.0,0.0,0.0,0.0,370.13,146.1692295818463,68.05949120931216,0.0,25.30430569792599,6.4208216229260096,18.74738413023173,0.0,13.847474399381248,0.0,31.900731624037984,10.84019487200289,0.0,0.0,137.0721051574862,51.586143539137936,5.2097009912380114,-11.756882314989324,-8.90514936174494,-3.979409849632809,4.773491838504937,0.0,0.6666666666666666,56,12,23,0,1,1,8,0,0,0,7,0,12,11,23,1,24,0,1,1,0,0,19.896587966573204,1,-4.346000000000005,189.3947999999997,3,1,1,0,0,0,0,0,3,3,11,8,0,0,0,1,6,1,0,0,1,0,0,0,0,0,0,8,0,0,0,0,0,0,0,0,0,0,0,0,0,0,0,0,0,0,0,0,0,0,0,0,0,0,0,0,0,0,0,0,0,0,0,0,0,0,0,0,0,0,0,1,0,0,0,0,0,0,0,0,0,0,0,0,0,CHEMBL3919787,CC(=O)N[C@@H](CC(N)=O)C(=O)N1CCC[C@H]1C(=O)N[C@@H](CCC(=O)O)C(=O)N[C@H](C(=O)NCC(=O)N[C@@H](CCC(=O)O)C(=O)N[C@@H](CC(C)C)C(=O)O)[C@@H](C)O,875.0,2.942008053022313,CHEMBL3038498,Keap1/Nrf2,4,Large-Polar-Aliphatic-Flexible-Hydrophilic,Other
13.377439043482507,13.377439043482507,0.0114799523111888,-1.808348840094942,0.0446585968934883,16.821428571428573,801.8040000000001,750.3960000000001,801.339228552,314,0,0.3257062312508952,-0.4812292624504639,0.4812292624504639,0.3257062312508952,0.6785714285714286,1.2321428571428572,1.7142857142857142,16.37686916037776,10.026556043118926,2.3978767448625353,-2.2948332356351115,2.19952600429739,-2.5975405644223386,5.974372606267918,-0.1458153709422724,3.575714152709776,3.0915336586878523,1486.5595680433637,42.860713882777254,31.36388273348472,31.36388273348472,26.028467773997505,17.654092449007,17.654092449007,13.56035971701693,13.56035971701693,8.27880961035389,8.27880961035389,5.611443733618779,5.611443733618779,-5.870000000000001,235224318554.7342,48.14994813484939,23.140397223432743,17.073730017050547,320.2184861683048,62.33327832909199,36.25104497488776,0.0,41.35025810546054,0.0,23.87722115180739,47.94537184071822,4.794537184071822,0.0,0.0,13.847474399381248,44.94575136048206,26.31013685145522,19.069544416586886,78.27254599899358,65.22747925726793,0.0,36.80064135488846,5.917906046161393,121.41653314480664,13.08951281182515,0.0,0.0,0.0,31.900731624037984,0.0,0.0,0.0,151.10455013678316,52.73990902479004,5.917906046161393,79.06152178217057,0.0,0.0,0.0,0.0,364.34,146.23135514044665,73.16601860415287,0.0,31.725127320851996,0.0,18.74738413023173,0.0,13.847474399381248,0.0,31.900731624037984,5.106527394840706,0.0,0.0,136.62232135272993,60.62502387436511,0.0,-12.485560784512575,-9.112472405412122,-4.318069833725182,4.668757796554823,0.0,0.6666666666666666,56,11,23,0,1,1,7,0,0,0,7,0,12,11,23,1,24,0,1,1,0,0,19.896587966573204,1,-3.7467000000000055,187.83619999999965,4,1,1,0,0,0,0,0,4,4,11,7,0,0,0,1,6,0,0,0,1,0,0,0,0,0,0,7,0,0,0,0,0,0,0,0,0,0,0,0,0,0,0,0,0,0,0,0,0,0,0,0,0,0,0,0,0,0,0,0,0,0,0,0,0,0,0,0,0,0,0,0,0,0,0,0,0,0,0,0,0,0,0,0,0,CHEMBL3928693,CC(=O)N[C@@H](CC(=O)O)C(=O)N1CCC[C@H]1C(=O)N[C@@H](CCC(=O)O)C(=O)N[C@H](C(=O)NCC(=O)N[C@@H](CCC(=O)O)C(=O)N[C@@H](CC(C)C)C(=O)O)[C@@H](C)O,115.0,2.060697840353612,CHEMBL2069156,Kelch-like ECH-associated protein 1,4,Large-Polar-Aliphatic-Flexible-Hydrophilic,Other
14.110311679698906,14.110311679698906,0.2077812410551285,-1.0604195122368274,0.1117641384928491,27.59259259259259,752.9619999999998,692.482,752.46972964,298,0,0.2456751949710735,-0.3701604379834824,0.3701604379834824,0.2456751949710735,0.7407407407407407,1.3333333333333333,2.0,16.175080046449544,10.018944033530635,2.402938409474033,-2.307703196541482,2.218880511477436,-2.5857455190462404,5.966546467608555,-0.1427392632585784,3.8521438260416856,1.5297401361405294,1460.9563277382135,39.036594180257325,31.577392494606073,31.577392494606073,25.95530525357912,19.630831953512715,19.630831953512715,14.711860201225573,14.711860201225573,10.503858818733768,10.503858818733768,7.450438884967194,7.450438884967194,-4.73,648056449969.7562,42.017688754900945,21.234155129030757,12.419317111501677,317.69530057160046,47.85109743605698,30.209204145739804,5.959554568743835,35.443078376109035,0.0,0.0,34.176506710222455,0.0,0.0,0.0,62.435943456938105,63.853761674795706,32.59984724657631,6.041840829147961,28.76722310443093,41.40263294485287,5.409283605791522,36.38376248173261,11.46733495432437,133.06628489554254,26.1790256236503,35.89528683400505,0.0,0.0,38.051277974356026,0.0,0.0,0.0,113.63252300509193,35.18804472735694,5.409283605791522,95.95786978942576,30.33183534230805,0.0,0.0,0.0,244.94,59.87976389229378,28.76722310443093,0.0,30.61555727329886,64.70395536120635,44.08838122925306,16.72355666139158,0.0,30.33183534230805,26.583943020031658,16.876618560115894,0.0,0.0,84.83741809138789,21.53753405554065,12.5689116239682,-2.7554958678762542,4.021376070782792,8.648889479066312,2.97469988046375,0.0,0.6578947368421053,54,10,16,0,3,3,6,1,0,1,6,0,8,8,16,3,6,0,3,3,0,0,16.522409651572183,4,0.1364700000000089,203.53699999999955,0,0,0,0,0,0,0,0,0,0,6,6,0,0,0,2,6,2,0,0,0,0,0,0,0,0,0,6,0,0,0,0,0,0,1,0,2,0,0,0,0,0,0,1,0,0,0,0,0,0,0,0,0,0,0,0,0,0,0,0,0,0,0,0,0,0,0,0,0,0,0,0,0,0,0,0,0,0,0,0,0,0,0,0,0,CHEMBL2315084,C[C@@H]1NC(=O)[C@@H]2CCCN2C(=O)[C@H](Cc2ccccc2)NC(=O)[C@@H](N)CCCCCCCCNC(=O)[C@@H]2CCCN2C(=O)[C@H](CCCNC(=N)N)NC1=O,665.0,2.8228216453031045,CHEMBL1615381,Menin,4,Large-Polar-Aliphatic-Flexible-Hydrophilic,Other
12.8026580010035,12.8026580010035,0.2589720436704206,-3.524274899084938,0.3433476964360601,17.44736842105263,550.0880000000002,521.8640000000003,549.171371816,196,0,0.2062017129718413,-0.3707419868377735,0.3707419868377735,0.2062017129718413,0.9210526315789472,1.631578947368421,2.3684210526315788,35.495697786116814,9.961434874396076,2.3037598123447403,-2.4414412772801177,2.2902694364162626,-2.52704953369031,7.911261788972614,0.1736471544197995,2.921878813607698,0.9832468959586655,1522.6212487557918,26.11430892837647,20.741291885171535,22.313717412117715,18.452659509511964,12.71851656846384,14.579644289067456,9.894465066887223,12.231396425037536,7.322118600096117,9.318158116901069,5.226107553343704,6.620191443425678,-3.3399999999999994,482356657.5671997,24.96613772283777,10.43427684010988,5.158903417606678,226.37685884234028,15.116608065707286,16.997130609273597,5.817862777835028,9.837253136417502,0.0,0.0,4.983978520947208,23.36973254717056,0.0,0.0,11.600939890232516,61.3725797935449,62.76460232278193,15.307667668651812,8.417796984328938,43.97684351440113,0.0,24.83582381463931,5.917906046161393,28.67445102603553,42.94048036441968,72.40505358257637,0.0,0.0,10.216698334856808,11.50524905251859,0.0,11.600939890232516,72.01924365767908,9.837253136417502,5.917906046161393,12.84164324585202,77.04291071671913,5.153109816892792,11.033401435232523,0.0,104.21,9.837253136417502,8.417796984328938,0.0,4.895483475517775,27.525040885336185,62.58737504554975,24.52642128014937,24.52642128014937,18.19910120538483,35.05252214949611,11.600939890232516,25.605316002007,6.086926222665026,22.397888696301557,3.9896787837355054,2.548608279424828,1.3491361648589242,14.178924681328333,6.624588363950462,5.1043188159244215,-3.524274899084938,0.3333333333333333,38,1,9,0,2,2,0,1,3,4,0,0,9,1,11,5,7,0,2,2,0,0,6.855357700747364,6,3.918700000000003,147.2614999999998,0,0,0,0,0,4,0,0,0,0,0,0,0,0,0,6,1,0,0,0,1,0,0,0,0,0,0,0,0,2,0,0,0,0,1,0,1,0,0,0,0,0,0,0,1,0,0,0,0,0,0,0,0,0,0,0,0,0,0,0,0,0,0,0,0,0,0,0,0,1,0,0,0,2,0,0,0,1,0,0,0,0,0,0,0,CHEMBL5184080,O=S(=O)(c1ccncc1)c1ccc(N2CC(CN3CCC(Nc4ncnc5ccc(Cl)nc45)CC3)C2)cc1,30.0,1.4771212547196624,CHEMBL2093861,Menin/Histone-lysine N-methyltransferase MLL,4,Large-Polar-Aromatic-Flexible-Hydrophobic,Large-Polar-Aromatic-Flexible-Hydrophobic
14.6917045776644,14.6917045776644,0.0185019150438976,-5.0172187615586,0.2696084575646681,20.5,700.7019999999999,666.4299999999998,700.215410508,260,0,0.425230616209443,-0.4945862494167146,0.4945862494167146,0.425230616209443,1.0416666666666667,1.75,2.375,32.13347751930192,9.792600848127329,2.5604236145656776,-2.504747337352466,2.433617144799686,-2.688622218598856,7.099048664028786,-0.1592875583603101,3.5353075560189504,1.5388497099063705,1624.6414545080463,34.85479590438263,26.105209721260024,26.92170630218775,22.70671100359624,15.291127177347764,16.17077998860266,11.54851905501792,12.459749981436396,8.64441561572827,9.597814603105531,6.485684248387896,7.162784910460278,-4.209999999999999,31457019805.06321,35.106332120355844,13.724357051132802,6.844549857790288,276.2150382601317,29.279982494992236,21.939622351966104,0.0,11.48103914741906,11.814359458703011,12.35259703488695,9.589074368143644,4.983978520947208,26.34249028604892,11.336785877934735,25.477292959539852,31.040744451236847,56.78787706302948,24.40247613680605,50.51181795663337,28.838531611321308,0.0,14.783797982648164,0.0,56.602512366413265,44.73348930169088,63.97915892994394,0.0,17.37901200300318,14.373635638450576,32.02987656073248,17.37901200300318,11.336785877934735,83.18115604716394,17.147134218958772,0.0,53.405611052561774,47.97510875284865,0.0,0.0,0.0,95.44,57.69388664725227,41.038092049033274,0.0,44.646245919799654,42.66299921443141,28.23056941607464,4.899909730850477,20.099901809429767,23.099010936235302,4.983978520947208,9.473725907600098,94.5170092389196,0.3773309201459174,35.83152837593978,11.522645529986626,-3.614847312404163,-2.548741052673403,7.508025309020532,-8.495654312262447,2.7764644541989085,1.5429055157953222,0.46875,48,1,9,0,2,2,2,1,2,3,2,0,8,1,16,4,8,0,2,2,0,0,10.037746599487829,5,6.466200000000007,164.33729999999957,0,0,0,0,0,1,0,1,0,0,2,2,0,0,0,4,0,0,0,0,1,0,0,0,0,6,0,2,0,1,0,0,0,0,1,0,0,0,0,0,0,2,0,0,6,0,0,0,0,0,0,0,0,0,0,1,0,0,0,0,0,0,0,0,2,0,0,0,0,1,1,0,0,1,0,0,0,0,0,0,0,0,1,0,0,CHEMBL5204077,CCC[C@H]1N(C(=O)c2c(C(F)(F)F)ccnc2O)CCC[C@@]1(Oc1csc(C(F)(F)F)c1)C(=O)N1CCN(c2ccccc2OC)CC1,32.0,1.505149978319906,CHEMBL1907611,Tumour suppressor p53/oncoprotein Mdm2,4,Large-Polar-Aromatic-Flexible-Hydrophobic,Large-Polar-Aromatic-Flexible-Hydrophobic
12.823817931301974,12.823817931301974,0.0358661735742302,0.0358661735742302,0.5071230843686307,16.72222222222222,508.02600000000024,477.7860000000002,507.21495088000006,188,0,0.2535104325274956,-0.3932126189662964,0.3932126189662964,0.2535104325274956,0.9722222222222222,1.6666666666666667,2.388888888888889,35.49569755373306,10.012500798417598,2.2040301472399726,-2.349984828332065,2.355755661420152,-2.442282167818853,6.319270123598135,0.0302662550915437,2.9189282490230655,1.440542431603134,1223.4623908198475,25.070338854006454,20.283535703635756,21.03946464965421,17.49120363844137,12.07393802437471,12.451902497383935,9.0559365791741,9.413949666624417,6.692355528285229,6.993545598950385,4.494352743106372,4.627499593016149,-3.3999999999999995,194842990.7989321,24.301304906088568,10.69444982578901,5.229724415592523,215.37023377808887,30.487048227519995,12.014706349448105,10.97097259472782,0.0,5.907179729351506,0.0,4.794537184071822,9.967957041894415,0.0,0.0,29.800041095617345,42.44004323991762,44.83198992717245,24.58853647839296,9.53140013787187,40.38814122146974,0.0,19.76777650359537,0.0,0.0,75.48034015919747,59.508450862585605,0.0,11.126902983393991,15.950365812018994,22.880021601885716,0.0,11.600939890232516,85.20493058012535,4.736862953800049,0.0,10.357988675768818,48.791889553995816,5.153109816892792,11.126902983393991,0.0,99.85,0.0,4.794537184071822,0.0,11.0602895462443,43.37197728506658,48.68070115641141,6.3273200747645415,0.0,29.165378004696915,50.33133829566371,22.071470321194752,5.360288004779045,6.138232747317128,27.59485430143741,3.597739681538253,11.105907915623344,0.5025173227240614,14.05028994319729,1.393458236185327,6.232256617843194,2.135566340466054,0.3461538461538461,36,3,9,0,2,2,1,2,1,3,0,0,8,2,10,3,5,0,2,2,0,0,7.219141278315679,5,3.3470000000000004,143.0475999999999,0,0,0,1,0,2,0,0,0,0,1,1,0,0,0,5,1,1,0,1,0,0,0,0,0,0,0,1,0,4,0,0,0,0,2,0,0,0,0,0,0,1,0,0,1,0,0,0,0,0,0,0,0,0,0,0,1,0,0,0,0,0,0,0,0,0,0,0,0,0,1,0,0,0,0,0,0,0,0,0,0,0,0,0,0,CHEMBL5094042,CN1CCN(c2ccc(-c3ccc(C(=O)N4CCOCC4)cc3)cc2Nc2ncnc(Cl)c2N)CC1,190.0,2.278753600952829,CHEMBL3883320,Histone-lysine N-methyltransferase 2A/WDR5,4,Large-Polar-Aromatic-Rigid-Hydrophobic,Large-Polar-Aromatic-Rigid-Hydrophobic
13.63234242505797,13.63234242505797,0.0183049456540553,-5.083333333333334,0.1047590127943719,22.3125,686.7330000000005,641.3730000000005,686.3363304400002,268,0,0.4902403183070029,-0.4745811720256028,0.4902403183070029,0.4745811720256028,1.0208333333333333,1.6041666666666667,2.125,19.413514289189564,9.935078554435494,2.392854024506239,-2.331968462334482,2.1688183119660662,-2.6276147193365813,5.970584185390575,-0.1924677400579927,3.023715109803813,1.4751214342297036e-06,1296.7956424307968,36.65612529163336,27.46938986713674,27.46938986713674,22.35431603780628,15.224347130210225,15.224347130210225,11.361757106768524,11.361757106768524,7.15743372771856,7.15743372771856,4.195027408640655,4.195027408640655,-4.9,6444096298.382099,41.1232018561485,19.04948850988827,13.449140518639568,275.9843727107739,42.32404762288502,23.664447739827228,5.959554568743835,29.535898646757527,0.0,12.145603805395323,29.381969526150627,4.794537184071822,13.17124514302446,0.0,51.10304694137992,38.17047518309165,26.055090840663738,0.0,47.0449956422961,41.46475850345321,5.409283605791522,37.217520228044314,5.917906046161393,83.21898154773723,20.13718479450234,35.89528683400505,0.0,0.0,37.217520228044314,13.17124514302446,0.0,0.0,90.507376120919,28.76722310443093,11.327189651952915,64.98352761131149,30.33183534230805,0.0,0.0,0.0,230.71,65.35667650878996,37.14393106338357,0.0,37.67395557278594,18.52902952053558,0.0,0.0,65.07445612374774,0.0,37.217520228044314,15.310348184704049,31.73611111111111,0.0,75.12351442431196,34.103361417061194,-0.891529702452095,-5.586333554245709,5.696411932972582,-4.1810078877016625,7.061334021918437,1.6048049036908267,0.5666666666666667,48,9,15,0,1,1,5,1,0,1,4,0,7,9,18,1,8,0,1,1,0,0,16.32033252601077,2,0.4315700000000091,168.20439999999974,1,0,0,0,0,0,0,0,1,1,6,5,0,0,0,0,8,0,0,0,0,0,0,0,0,3,0,5,0,0,0,0,0,0,1,0,0,0,0,0,0,0,0,1,3,0,0,0,0,0,0,0,0,0,0,0,0,0,0,0,0,0,0,0,0,0,0,0,0,0,0,0,0,0,0,0,0,0,0,0,0,0,0,0,0,CHEMBL4086696,CC[C@@H]1NC(=O)[C@H](CCCNC(=N)NC)NC(=O)[C@](C)(NC(=O)C(C)C)CCNC(=O)[C@H](c2ccccc2)NC1=O.O=C(O)C(F)(F)F,2.0,0.3010299956639812,CHEMBL612545,Unchecked,4,Large-Polar-Aliphatic-Flexible-Hydrophilic,Other
9.02987928001977,9.02987928001977,0.4129174963670327,0.4129174963670327,0.3837868874830411,19.25581395348837,582.8010000000002,536.4330000000002,582.3906914720001,228,0,0.1372019053626204,-0.3707419147357934,0.3707419147357934,0.1372019053626204,0.9069767441860463,1.6511627906976745,2.3488372093023258,15.242118865625716,9.959510549631666,2.3027123657858337,-2.4413268748216845,2.289871019123096,-2.526986906696467,5.898924950072273,0.1736554040612004,3.02105080220763,0.9868973998830014,1381.0539620089903,29.76057329831843,25.99081320682099,25.99081320682099,20.945024678874123,15.895932802812142,15.895932802812142,12.932937331690528,12.932937331690528,9.582555610812795,9.582555610812795,6.773334285086155,6.773334285086155,-3.5199999999999996,5449557823.772416,29.54729400652141,13.414064542206312,7.175247933884299,255.8520648435738,29.816337258258717,17.9630456304346,0.0,0.0,0.0,0.0,0.0,14.951935562841625,5.261891554738487,0.0,0.0,77.15813778204367,87.97800584681886,23.346217093718607,0.0,28.22603676243467,5.261891554738487,29.651664755393053,5.917906046161393,37.76696814999996,95.16243166695205,48.419450480382665,0.0,6.069221312792274,15.116608065707286,17.323111830353618,0.0,0.0,121.78117001493372,0.0,17.249018913692154,31.246737983401033,42.85599898868567,0.0,10.902924932081056,0.0,90.69,0.0,0.0,0.0,0.0,18.001587704457314,112.68819612436536,5.687386274683562,6.3273200747645415,18.3295777085363,85.1956327663618,10.245870075685694,0.0,0.0,26.230546863910774,13.869998902494396,2.842085835634009,2.6740379755440724,13.396372957489108,8.121239620739287,9.822019978355245,6.5436978658331135,0.5757575757575758,43,1,10,0,3,3,0,1,2,3,0,0,10,1,10,5,10,0,3,3,0,0,9.217425787233116,6,3.371380000000002,173.69669999999945,0,0,0,0,0,3,0,0,0,0,0,0,0,0,0,9,1,0,0,2,1,0,0,0,0,0,0,0,0,3,0,0,0,0,1,0,1,0,0,0,0,0,0,0,0,0,0,0,0,0,0,0,0,0,0,0,0,1,0,0,0,0,0,0,0,0,0,0,0,2,0,0,0,1,0,0,0,0,0,0,0,0,0,0,0,CHEMBL5206167,CN(C)CCN(C)C1CCN(c2cc3c(NC4CCN(CC5CN(c6ccc(C#N)cc6)C5)CC4)ncnc3cn2)CC1,290.0,2.462397997898956,CHEMBL2093861,Menin/Histone-lysine N-methyltransferase MLL,4,Large-Polar-Aromatic-Flexible-Hydrophobic,Large-Polar-Aromatic-Flexible-Hydrophobic
14.066521583074612,14.066521583074612,0.0106482108326442,-1.0001409230778642,0.4839820376467545,42.51351351351352,516.6750000000004,472.3230000000003,516.3087037479999,206,0,0.3061557061178896,-0.4810242278197746,0.4810242278197746,0.3061557061178896,1.0,1.6216216216216215,2.216216216216216,16.366720080871737,9.422176391268422,2.6955918275424295,-2.6082807521445575,2.710471260152459,-2.600046661044319,6.007023557637618,-0.1460627793274539,2.985577508440583,1.7419184231340998,1071.8008992324435,27.877950698581344,23.388483031798913,23.388483031798913,16.923134717362164,13.847395923796311,13.847395923796311,13.896348022274656,13.896348022274656,11.56946261381415,11.56946261381415,9.20382690767664,9.20382690767664,-1.86,63669807.930459626,28.155770287426694,8.836352175597982,3.815461064188126,219.63843435579312,15.319582184522115,11.566489892729878,5.783244946364939,0.0,0.0,5.969305287951848,19.178148736287287,0.0,0.0,0.0,48.46616039783436,48.004278006728256,47.50136242996364,18.125838821658,34.4977309208094,23.319040127046662,0.0,0.0,45.33158606223268,105.61984453381304,0.0,11.146209060138531,0.0,0.0,0.0,0.0,0.0,0.0,50.84655508706538,19.178148736287287,45.33158606223268,93.41191175831644,11.146209060138531,0.0,0.0,0.0,128.97,45.75510598719696,34.4977309208094,0.0,54.365917846357014,36.82949555184257,0.0,6.923737199690624,0.0,34.61868599845312,6.923737199690624,0.0,0.0,0.0,50.83223803577604,32.4170411145069,-1.4008315789291574,-2.1748410642155607,0.0,0.4213465519910808,13.4050469408707,0.0,0.8,37,3,7,4,0,4,0,0,0,0,9,0,6,3,7,0,6,2,0,2,0,0,6.724170325268646,4,4.131500000000003,137.42540000000002,1,2,2,0,0,0,0,0,1,1,4,3,0,0,0,0,0,0,0,0,0,0,0,0,0,0,1,0,0,0,0,0,0,0,0,0,4,0,0,0,0,0,0,0,0,0,0,0,0,0,0,3,3,0,0,0,0,0,0,0,0,0,0,0,0,0,0,0,0,0,0,0,0,0,0,0,0,0,0,0,0,0,0,0,0,CHEMBL602899,C[C@H](CC(=O)C[C@@H](C)[C@H]1C[C@H](O)[C@@]2(C)C3=C(C(=O)C[C@]12C)[C@@]1(C)CCC(=O)C(C)(C)[C@@H]1C[C@@H]3O)C(=O)O,7250.0,3.8603380065709936,CHEMBL614909,SGC-7901,4,Large-Polar-Aliphatic-Flexible-Hydrophobic,Other
12.80476422860296,12.80476422860296,0.2267544010670501,-4.228452223157651,0.4711950245001406,18.714285714285715,505.6100000000003,475.3700000000003,505.21231624,188,0,0.3933283894768193,-0.4903303151326009,0.4903303151326009,0.3933283894768193,1.0857142857142856,1.8857142857142857,2.657142857142857,32.13353961867417,10.03659443381052,2.2907138909380182,-2.3245662573448533,2.3286712417769935,-2.3841360576838926,7.182464718710456,-0.1261390487815371,3.229893216346198,1.1478441159619448,1123.7329295977272,24.25250160881067,19.481900751837763,20.29839733276549,16.909930737928793,12.165468802302122,12.981965383229848,9.3551440706027,10.470343941891946,6.577099985574528,7.620149004251018,4.815012003643599,5.84137142814084,-2.4299999999999997,110952671.62842706,24.272639272198635,10.675531474488269,6.620879108789137,206.4521157454032,15.37044016181271,28.829057493252343,0.0,0.0,0.0,6.176298517443475,4.899909730850477,9.967957041894415,13.17124514302446,11.336785877934735,12.13273413692322,62.535352000611,30.553257240586987,11.807045837390806,17.908108096824506,27.371269289855128,0.0,20.184655376751223,0.0,56.970970254882374,31.49581422765663,47.09975410247089,0.0,5.749511833283905,15.37044016181271,18.98910792085949,5.749511833283905,11.336785877934735,59.36899813073492,12.965578028838586,0.0,36.12388517710234,36.65915541707259,0.0,10.216620634085364,0.0,62.31,12.597120140369483,13.17124514302446,0.0,17.022954410597563,16.03448341192039,75.49336623248554,11.890771566461538,6.06636706846161,6.06636706846161,43.70054518614238,4.736862953800049,44.60428022410523,1.0811702269231511,11.777670836291492,7.495894975337659,1.2461293783790386,1.5696976474784612,10.197299422376844,0.5083162700385624,4.769541019069565,0.0,0.52,35,2,6,0,2,2,0,1,2,3,0,0,7,2,10,4,7,0,2,2,0,0,7.403523557693044,5,5.003400000000004,132.0574,0,0,0,0,0,2,0,0,0,0,0,0,0,0,0,3,2,0,0,0,1,0,0,0,0,3,0,0,0,1,0,0,0,0,1,0,1,0,0,0,0,1,0,0,3,0,0,0,0,0,0,0,0,0,0,0,0,0,0,0,0,0,0,0,0,0,0,0,0,2,0,0,0,0,0,0,0,0,0,0,0,0,1,0,0,CHEMBL4475560,FC(F)(F)Cc1cc2c(NC3CCN(Cc4cccc(OC5CCNCC5)c4)CC3)ncnc2s1,13390.0,4.126780577012009,CHEMBL2093861,Menin/Histone-lysine N-methyltransferase MLL,4,Large-Polar-Aromatic-Flexible-Hydrophobic,Large-Polar-Aromatic-Flexible-Hydrophobic
12.826376640500218,12.826376640500218,0.1685361286324038,-4.249603132815019,0.3325838352035052,15.416666666666666,514.5770000000001,489.3770000000002,514.1762650800001,188,0,0.3933283894768193,-0.4934657651134805,0.4934657651134805,0.3933283894768193,1.2222222222222223,2.0277777777777777,2.75,32.13353968287962,10.029898739220087,2.2911200677142287,-2.326379749224529,2.3341766446470755,-2.3845772788827215,7.182471867441969,-0.1261391324481281,3.4253962353204894,1.248597253816612,1415.190114409119,25.28588180363029,19.653093465398833,20.46959004632656,17.307307547896276,11.786235495846636,12.60273207677436,8.91553937978148,10.030739251070724,6.299621567859349,7.34267058653584,4.656536523513263,5.68289594801051,-3.359999999999999,163321947.09072,24.339528994489047,9.949302041420056,5.394407847231396,209.4616051207494,15.037630078753589,34.48824041314478,0.0,0.0,0.0,6.176298517443475,4.899909730850477,9.967957041894415,18.433136697762947,11.336785877934735,0.0,37.96448165092747,47.56930001521038,23.930628519519985,17.908108096824506,38.274194221936185,5.261891554738487,19.8518452936921,0.0,44.94909782097267,25.0131833803444,46.72731502885773,0.0,11.81873314607618,10.05365155780638,18.98910792085949,5.749511833283905,11.336785877934735,51.7663794166216,12.965578028838586,11.33111286753076,35.8999071257894,30.59278834861098,0.0,21.11954556616642,0.0,89.86,12.597120140369483,18.433136697762947,0.0,10.91898802284926,28.335293371281768,66.02858659858644,6.3273200747645415,6.06636706846161,19.056471336613843,37.30422227895231,4.736862953800049,44.35636906463746,1.0596172884244823,14.73476905714262,14.257499264180892,2.4753109484496627,1.4028219863162357,9.741817242637094,-2.0554145227493295,4.943876337627548,0.0,0.4,36,2,7,0,1,1,0,1,3,4,0,0,7,2,11,4,7,0,1,1,0,0,6.726703486446459,5,5.624280000000004,133.2784,0,0,0,0,0,3,1,0,0,0,0,0,0,0,0,4,2,0,0,0,1,1,0,0,0,3,0,0,0,1,0,0,0,0,1,0,2,0,0,0,0,1,0,0,3,0,0,0,0,0,0,0,0,0,0,0,0,1,0,0,0,0,0,0,0,0,0,0,0,1,0,0,0,0,0,0,0,0,0,0,0,0,1,0,0,CHEMBL3781148,CCOc1cc2[nH]c(C#N)cc2cc1CN1CCC(Nc2ncnc3sc(CC(F)(F)F)cc23)CC1,47.0,1.6720978579357175,CHEMBL2093861,Menin/Histone-lysine N-methyltransferase MLL,4,Large-Polar-Aromatic-Flexible-Hydrophobic,Large-Polar-Aromatic-Flexible-Hydrophobic
15.131168462184943,15.131168462184943,0.0302441736821243,-4.905638606758298,0.1259179240369571,19.272727272727273,774.734,737.4380000000001,774.265217824,292,0,0.4167980742778837,-0.4890140962002148,0.4890140962002148,0.4167980742778837,0.8181818181818182,1.509090909090909,2.1636363636363636,19.417111754576663,9.747042150131568,2.555061230577186,-2.494131566838289,2.432679685401012,-2.667810153890456,5.967751276533205,-0.1551479021736555,3.174070993381454,1.3897913759514997,1951.937191545511,39.38189364187807,29.57741248309668,29.57741248309668,26.207512341395677,17.38359994224191,17.38359994224191,13.140460155465911,13.140460155465911,9.754285388214075,9.754285388214075,7.057135966236169,7.057135966236169,-5.379999999999999,1085355042049.8732,39.317262977750744,16.15189026461573,8.6355933776197,311.75167396162465,28.91031805395158,23.923126472126626,0.0,5.601050810983688,11.814359458703011,12.35259703488695,14.573052889090851,4.39041504767482,26.34249028604892,0.0,24.26546827384644,66.5815767307775,58.14517276022794,35.52937912020004,54.53256856326754,17.501745733386574,0.0,14.783797982648162,0.0,30.29237551495804,64.49200963662929,119.327485841061,0.0,11.49902366656781,14.373635638450576,36.420291608407304,11.49902366656781,0.0,91.79130815811368,21.883997172758814,5.817220841045894,39.387070819947205,91.25645903322712,0.0,0.0,0.0,84.44000000000001,64.7382450727845,35.52744251779556,4.794537184071822,31.80460267394764,43.6826071342935,47.246451422606626,29.165378004696915,7.109797541277533,29.16537800469692,4.983978520947208,14.210588861400147,114.48272501144083,0.0,37.44560710119635,0.0,-3.8369828068269944,-2.7571801559491567,16.906669387943502,-7.905174564129206,0.8585128851773736,1.555823141147314,0.358974358974359,55,0,9,0,2,2,2,3,1,4,2,0,7,0,16,3,10,0,2,2,0,0,11.54632940221216,6,7.0798000000000085,186.30949999999953,0,0,0,0,0,1,0,0,0,0,2,2,0,0,0,4,0,0,0,0,1,0,0,0,0,6,0,2,0,1,0,0,0,0,3,0,0,0,0,0,0,3,0,0,7,0,0,0,0,0,0,0,0,0,0,1,0,0,0,0,0,0,0,0,2,0,0,0,0,1,1,0,0,1,0,0,0,0,0,0,0,0,0,0,0,CHEMBL3233593,COCCOc1ccccc1N1CCN(C(=O)[C@@]2(Oc3ccc(C(F)(F)F)cc3)CN(C(=O)c3cnccc3C(F)(F)F)CC[C@H]2c2ccc(F)cc2)CC1,3900.0,3.591064607026499,CHEMBL5023,p53-binding protein Mdm-2,4,Large-Polar-Aromatic-Flexible-Hydrophobic,Large-Polar-Aromatic-Flexible-Hydrophobic
8.978277608155512,8.978277608155512,0.391707566096198,0.391707566096198,0.4741752435536356,17.22222222222222,485.6400000000003,450.3600000000003,485.3015421200001,188,0,0.155842472261589,-0.3707419147357934,0.3707419147357934,0.155842472261589,1.0555555555555556,1.8333333333333333,2.5555555555555554,15.22945352250663,9.959766391212638,2.299041942185518,-2.441202919612948,2.270414259032999,-2.5269975241713127,5.857384299517462,0.1736514286370281,2.87015207247791,1.0994329534429057,1190.085037794233,24.907202147189924,21.190608621885264,21.190608621885264,17.568014581162377,12.815353138171416,12.815353138171416,10.165457912534556,10.165457912534556,7.110582113105208,7.110582113105208,5.013157374894534,5.013157374894534,-3.4799999999999995,147588316.95689484,24.22486786336824,11.06123345935728,5.833811178994185,212.6984381539247,25.333306400564098,17.66188357021583,5.817862777835028,0.0,0.0,0.0,0.0,14.951935562841625,5.261891554738487,0.0,0.0,63.335189621976056,63.46042799138093,17.14937352210553,0.0,28.356513265586138,5.261891554738487,24.75175502454258,5.917906046161393,18.88348407499998,75.44212574560554,48.288973977231194,0.0,6.069221312792274,15.533486938863138,17.323111830353618,0.0,0.0,90.70223466043296,0.0,17.249018913692154,18.405094737549017,42.7255224855342,0.0,11.033401435232523,0.0,96.24,0.0,0.0,0.0,0.0,11.959746875309351,86.88751656983962,5.687386274683562,6.3273200747645415,24.26546827384644,67.59856285752838,10.245870075685694,0.0,0.0,20.885320891362092,16.029491680844007,3.6223191018067658,2.3869503922743487,14.487221843354936,3.812979756464373,7.313431555800386,4.1289514447597595,0.4814814814814814,36,2,9,0,2,2,0,1,2,3,0,0,9,2,9,4,9,0,2,2,0,0,7.443247748855492,5,2.882680000000001,144.32139999999984,0,0,0,0,0,3,0,0,0,0,0,0,0,0,0,7,2,0,0,1,1,0,0,0,0,0,0,0,0,3,0,0,0,0,1,0,1,0,0,0,0,0,0,0,0,0,0,0,0,0,0,0,0,0,0,0,0,1,0,0,0,0,0,0,0,0,0,0,0,1,0,0,0,1,0,0,0,0,0,0,0,0,0,0,0,CHEMBL5173912,CN(C)CCNc1ccc2ncnc(NC3CCN(CC4CN(c5ccc(C#N)cc5)C4)CC3)c2n1,970.0,2.9867717342662448,CHEMBL2093861,Menin/Histone-lysine N-methyltransferase MLL,4,Large-Polar-Aromatic-Flexible-Hydrophilic,Other
14.68535356756339,14.68535356756339,0.0360645874816427,-4.546968272527751,0.3275425351798734,20.64444444444445,646.732,609.436,646.2436759440001,242,0,0.425230616209443,-0.4890241713984007,0.4890241713984007,0.425230616209443,1.1111111111111112,1.8888888888888888,2.5555555555555554,32.13347721567944,9.793931582630815,2.552579608486179,-2.5042152673420497,2.419660613325391,-2.6881013694064726,7.099043744362707,-0.1590807204648878,3.5370137164079605,1.4557708709543749,1447.8137682862543,32.028522490749566,25.040230402984687,25.856726983912413,21.67401893314514,15.10382884015706,15.983481651411957,11.10328550816922,12.014516434587698,8.231608661549974,9.185007648927233,6.204396806357115,6.881497468429498,-3.84,12851497520.01456,32.5502934237954,14.069804965135267,7.037230935640885,263.718432051353,29.27998249499224,22.98305282478203,0.0,5.601050810983688,11.814359458703011,6.176298517443475,14.57305288909085,0.0,13.17124514302446,11.336785877934735,25.477292959539852,37.10711151969846,62.98472063464256,23.899560560041436,37.3405728136089,28.838531611321308,0.0,14.783797982648164,0.0,50.426213848969795,50.83745568943918,70.67891807832164,0.0,11.49902366656781,14.373635638450576,18.858631417708025,11.49902366656781,11.336785877934735,89.28512243491225,10.970835701515297,0.0,47.84215956086478,60.23831939292334,0.0,0.0,0.0,95.44,22.696337351276423,27.86684690600881,0.0,37.19845684393876,74.63599610125654,11.753753343145172,11.576906342078992,28.12939717023725,31.18920547353706,9.883888251797686,9.473725907600098,52.79713522453589,0.5165072609933214,37.179347875389674,10.501210251371246,-0.3707537077900725,-0.0449591890617349,11.03524863336563,0.2216399058054188,3.9979570787239584,0.0,0.46875,45,1,9,0,2,2,2,1,2,3,2,0,8,1,13,4,10,0,2,2,0,0,10.177250667349476,5,5.104300000000006,163.69929999999962,0,1,1,0,0,1,0,0,0,0,2,2,0,0,0,4,0,0,0,0,1,0,0,0,0,3,0,2,0,1,0,0,0,0,1,0,0,0,0,0,0,2,0,0,3,0,0,0,0,0,0,0,0,0,0,0,0,0,0,0,0,0,0,0,2,0,0,0,0,1,1,0,0,1,0,0,0,0,0,0,0,0,1,0,0,CHEMBL5169352,CCC[C@H]1N(C(=O)c2cccnc2)CCC[C@@]1(Oc1csc(C(F)(F)F)c1)C(=O)N1CCN(c2ccccc2OCCO)CC1,1771.0,3.248218561190075,CHEMBL1907611,Tumour suppressor p53/oncoprotein Mdm2,4,Large-Polar-Aromatic-Flexible-Hydrophobic,Large-Polar-Aromatic-Flexible-Hydrophobic
13.260617425733312,13.260617425733312,0.0164610890652561,-0.8700965182905114,0.5425592824248157,28.975,567.0380000000002,535.7900000000004,566.1819790119998,210,0,0.318724985525349,-0.5040425270912626,0.5040425270912626,0.318724985525349,1.2,1.95,2.625,35.49569243898753,9.52542380594918,2.578083313418166,-2.5657451694008704,2.592765054467462,-2.601100940592175,6.303312719079907,-0.1457846868474,3.3905805977942673,1.5454085017069876,1452.9427687181608,28.344206024832225,22.771024818934723,23.52695376495318,19.23274967776961,13.236033127096912,13.61399760010614,10.899472169567996,11.33590795003998,9.132743616127868,9.38471993146735,7.210021936193725,7.336010093863467,-3.5599999999999996,1319703276.5544748,26.65178500618655,9.815974408330892,3.8175283614699858,236.82844749113295,29.05461457082796,11.629591048932095,29.145399872337222,0.0,0.0,5.969305287951848,9.589074368143644,0.0,0.0,0.0,28.889386753906276,56.27264443835748,45.50854675646445,21.3293926238326,33.743779208121126,29.065175127320003,0.0,4.899909730850477,16.991524819073327,36.82326255507107,34.92182101242236,69.44345960132742,0.0,11.49902366656781,4.736862953800049,0.0,11.49902366656781,11.600939890232516,68.434334204349,35.73620095180316,11.835812092322788,41.199415600388306,47.322733047548645,5.022633313741326,0.0,0.0,106.89,23.406168191258324,14.69560176298435,0.0,35.662837111168116,46.02548090911121,12.10820789760957,21.3293926238326,30.33183534230805,6.076020106833881,17.10329444027821,30.649117335369297,16.314952188645805,6.09871898795501,34.81577954110383,16.533342976107974,2.6713757371054716,-0.8994339039682928,8.788620023587175,2.530658990300737,0.7684181276503884,6.405345109289683,0.4333333333333333,40,1,9,2,2,4,0,2,0,2,5,2,9,1,10,2,5,0,1,1,0,0,6.540330988926604,6,3.936300000000003,146.60279999999983,0,0,0,0,0,0,0,1,0,0,2,2,0,0,0,2,0,0,0,1,1,0,0,0,0,0,1,0,0,0,0,0,0,0,2,0,1,0,0,0,1,3,0,0,1,0,0,0,0,0,0,1,1,0,0,3,0,0,0,0,0,0,0,1,0,1,1,0,0,1,0,0,0,0,0,0,0,0,0,0,0,0,0,0,0,CHEMBL2337612,COC(=O)[C@@H]1C(c2ccc(Cl)cc2)=NO[C@H]1c1cc(OC)c(O)c2c1C[C@@H]1[C@@H]3C=C(OC)C(=O)C[C@]23CCN1C,75120.0,4.875755579258055,CHEMBL614822,NIH3T3,4,Large-Polar-Aromatic-Rigid-Hydrophobic,Large-Polar-Aromatic-Rigid-Hydrophobic
14.422485831057411,14.422485831057411,0.0170129254762625,-1.235029140683299,0.0240374342325529,20.07017543859649,809.0309999999997,740.4869999999999,808.539540516,324,0,0.3256966935004625,-0.4797174682622497,0.4797174682622497,0.3256966935004625,0.7017543859649122,1.280701754385965,1.894736842105263,16.368508694067206,9.843494369755351,2.49077715996085,-2.3622131099640997,2.4004688247052424,-2.5965745204775743,5.9572883284674125,-0.1461918338545419,3.5627820849932457,2.1342166525121344,1370.1742153472012,42.4926241058873,33.284499275792626,33.284499275792626,27.101569623521097,20.214032584533804,20.214032584533804,14.93496058274614,14.93496058274614,10.537224614367236,10.537224614367236,7.33444694553656,7.33444694553656,-4.760000000000002,957588990675.2036,48.38885177535518,25.483587168946904,16.704278184709537,334.39309133255574,70.5755061355401,24.16736331659184,11.91910913748767,29.535898646757527,0.0,5.969305287951848,34.791253131942156,4.794537184071822,0.0,0.0,19.765380445542643,95.93334355011211,25.67611004688569,12.08368165829592,33.87375049927164,47.424313072197045,10.818567211583044,36.80064135488846,34.58624343197232,145.52894734761654,26.1790256236503,0.0,0.0,0.0,60.56906900984892,0.0,0.0,0.0,125.90266162557428,28.76722310443093,16.736473257744436,103.2360615435808,0.0,0.0,0.0,0.0,375.87,65.84906918024564,33.87375049927164,0.0,68.68276982866428,64.33215101224667,19.26246486877803,4.899909730850477,6.923737199690624,0.0,31.900731624037984,39.48690459739397,0.0,0.0,81.01162243073242,40.510319381294465,28.47525601358369,-4.184367545477418,-6.270626400672215,7.163053091979637,2.7947430285594246,0.0,0.7777777777777778,57,19,21,1,1,2,5,0,0,0,8,0,11,14,21,1,26,1,1,2,0,2,21.63371091618447,2,-2.6983600000000107,214.1173999999997,1,0,0,0,0,0,0,0,1,1,6,5,0,0,0,1,8,5,0,0,1,0,0,0,0,0,0,5,0,0,0,0,0,0,0,0,1,0,0,0,0,0,0,2,0,0,0,0,0,0,0,0,0,0,0,0,0,0,0,0,0,0,0,0,0,0,0,0,0,0,0,0,0,0,0,0,0,0,0,0,0,0,0,2,0,CHEMBL5394495,CC[C@H](N)C(=O)N[C@@H](CCCCNC(=O)[C@@H](N)CCCCNC(=N)N)C(=O)N[C@@H](CCN)C(=O)N1C2CCCCC2C[C@H]1C(=O)N[C@@H](CCCNC(=N)N)C(=O)O,2410.0,3.3820170425748683,CHEMBL5482974,VEGA-NRP1,4,Large-Polar-Aliphatic-Flexible-Hydrophilic,Other
14.756221111340158,14.756221111340158,0.112362705673696,-4.747554440883426,0.2642939332054679,20.47826086956522,772.6279999999997,736.3399999999997,772.140323912,248,0,0.416798075743604,-0.4890241713984007,0.4890241713984007,0.416798075743604,1.1521739130434785,1.9130434782608696,2.5869565217391304,126.91270462196192,9.793762296299466,2.5564375959954013,-2.5035225548337063,2.4117812090915605,-2.6882982735065433,14.111923579039544,-0.1589060426084533,3.4721679481144094,1.4661556966212712,1516.6132332507618,32.898765978752635,25.34084460680429,28.314839478908336,22.084702535668097,15.20947774332834,17.167879700171394,11.220144339825689,13.339550006865704,8.351357610453217,10.202069747501676,6.312838679977211,7.876985110449535,-3.109999999999999,17684744510.88922,34.23074107730753,14.758159916571849,7.226105366791247,282.9802701723966,29.27998249499224,12.356393797796825,5.0632075352882095,5.601050810983688,11.814359458703011,6.176298517443475,14.57305288909085,0.0,13.17124514302446,11.336785877934735,25.477292959539852,53.631615078304904,66.55490290570795,29.46301205173843,37.34057281360891,51.429402238389365,0.0,14.783797982648164,0.0,50.42621384896979,50.83745568943918,68.86903757892111,0.0,10.812719368572116,14.373635638450576,18.858631417708025,10.812719368572116,33.927656505002794,89.28512243491225,10.970835701515297,3.5701822710653963,48.52846385886048,54.17195232446173,0.0,0.0,0.0,95.44,34.853272870320616,27.86684690600881,0.0,25.66570006428992,62.675031483926446,27.71762275743672,16.23669560878521,4.899909730850477,42.635635312464586,32.47475887886574,9.473725907600098,55.22891766128403,3.502281785386173,37.8338456869494,11.645110379983617,-2.236620443004043,-0.4541926311623268,9.355608757053265,-1.1559520472261489,3.9010008507360414,0.0,0.46875,46,1,9,0,2,2,2,1,2,3,2,0,8,1,14,4,10,0,2,2,0,0,10.9822337148189,5,5.708900000000007,176.41629999999952,0,1,1,0,0,1,0,0,0,0,2,2,0,0,0,4,0,0,0,0,1,0,0,0,0,3,0,2,0,1,0,0,0,0,1,0,0,0,0,0,0,2,0,0,4,0,0,0,0,0,0,0,0,0,0,0,0,0,0,0,0,0,0,0,2,0,0,0,0,1,1,0,0,1,0,0,0,0,0,0,0,0,1,0,0,CHEMBL3805162,CCC[C@H]1N(C(=O)c2cnccc2C(F)(F)F)CCC[C@@]1(Oc1cc(I)cs1)C(=O)N1CCN(c2ccccc2OCCO)CC1,90.0,1.954242509439325,CHEMBL1907611,Tumour suppressor p53/oncoprotein Mdm2,4,Large-Polar-Aromatic-Flexible-Hydrophobic,Large-Polar-Aromatic-Flexible-Hydrophobic
14.487166221568224,14.487166221568224,0.0107261034934698,-1.2397617346593863,0.016898305123523,19.79661016949153,855.1249999999995,784.5649999999997,854.52726158,336,0,0.3256966935004625,-0.4797174682622497,0.4797174682622497,0.3256966935004625,0.6779661016949152,1.2372881355932204,1.8644067796610169,32.11686930968156,9.843494265980574,2.4909202772412193,-2.362248203817075,2.4005871970260055,-2.5967593111606715,7.797403724046458,-0.1461924411093753,3.586729377516858,2.168904487863507,1410.5464817830525,43.906837668260394,34.14592643366567,35.040353624665585,28.101569623521097,20.82315356936409,21.45560910139777,15.392547615220344,15.8397612107203,10.77064047094421,11.086868236961047,7.591346184066094,7.773920369901148,-4.410000000000001,2493889027465.3228,50.73261638086599,27.36859436160518,18.17378598239764,351.91310011035415,70.5755061355401,24.16736331659184,11.91910913748767,29.535898646757527,0.0,5.969305287951848,34.79125313194215,4.794537184071822,12.628789148012991,0.0,12.84164324585202,108.10701877978492,25.67611004688569,12.08368165829592,33.87375049927164,60.05310222021003,10.818567211583044,36.80064135488846,34.58624343197232,145.02603177085192,31.93187923039709,0.0,0.0,0.0,60.56906900984892,0.0,0.0,12.628789148012991,131.65551523232108,28.76722310443093,16.736473257744436,102.7331459668162,0.0,0.0,0.0,0.0,375.87,65.84906918024564,33.87375049927164,0.0,68.68276982866428,76.50582624191948,19.26246486877803,4.899909730850477,0.0,0.0,44.52952077205099,39.48690459739397,0.0,4.187453305417716,81.55877449446832,40.6199255303978,28.68333992199519,-3.697941406944953,-6.356727814718098,7.684932551232448,1.0424656403737846,0.0,0.7837837837837838,59,19,21,1,1,2,5,0,0,0,8,0,12,15,22,1,28,1,1,2,0,2,23.533566078488946,2,-2.3983600000000047,226.91339999999963,1,0,0,0,0,0,0,0,1,1,6,5,0,0,0,1,8,5,0,0,1,0,1,0,0,0,0,5,0,0,0,0,0,0,0,0,1,0,0,0,0,0,0,2,0,0,0,0,0,0,0,0,0,0,0,0,0,0,0,0,0,0,0,0,0,0,0,0,0,0,0,0,0,0,0,0,0,0,0,0,0,0,0,2,0,CHEMBL5427459,N=C(N)NCCCC[C@H](N)C(=O)NCCCC[C@H](NC(=O)[C@@H](N)CCCS)C(=O)N[C@@H](CCN)C(=O)N1C2CCCCC2C[C@H]1C(=O)N[C@@H](CCCNC(=N)N)C(=O)O,890.0,2.949390006644913,CHEMBL5482974,VEGA-NRP1,4,Large-Polar-Aliphatic-Flexible-Hydrophilic,Other
12.79122614750073,12.79122614750073,0.2006979084677946,-4.23936474793901,0.3891495034252596,15.735294117647058,484.5510000000002,461.36700000000025,484.1657003960001,176,0,0.3933283894768193,-0.3666015730520868,0.3933283894768193,0.3666015730520868,1.2058823529411764,2.0,2.735294117647059,32.13353953390662,10.00648850241964,2.2906118925952215,-2.326581534631023,2.3301311405612135,-2.3849874081970563,7.182469350907983,-0.1261383732297559,3.399540983871173,1.2306073271117572,1375.3672915868558,23.871668241257183,18.53773839374842,19.354234974676142,16.286139497841102,11.092312498977046,11.908809079904774,8.746267439849978,9.861467311139222,6.382991564941631,7.42604058361812,4.6005386104531585,5.6268980349504005,-3.16,62685142.465731785,22.623287483803267,8.889221193083714,4.7168492299215234,197.98311777684583,10.300767124953538,28.738728579860872,0.0,0.0,0.0,6.176298517443475,4.899909730850477,9.967957041894415,18.433136697762947,11.336785877934735,6.06636706846161,49.09138463432146,41.45618217266804,11.807045837390806,13.17124514302446,38.274194221936185,5.261891554738487,19.8518452936921,0.0,44.94909782097267,18.40630141583148,52.290766520554726,0.0,6.069221312792274,5.316788604006331,18.98910792085949,0.0,11.336785877934735,45.15949745210868,12.965578028838586,18.254850067221383,34.53962141779577,30.59278834861098,0.0,21.11954556616642,0.0,80.63,12.597120140369483,13.17124514302446,0.0,10.91898802284926,21.728411406768853,54.71562327360553,17.454223058158533,6.06636706846161,12.13273413692322,44.22795947864294,5.261891554738487,38.37367844250219,1.0675330885380845,14.81637744523952,14.325537748121288,3.974242951495365,0.6066438086298782,9.965432920544972,-1.9545416960555568,4.74176195765093,0.0,0.375,34,2,6,0,1,1,0,1,3,4,0,0,6,2,10,4,5,0,1,1,0,0,5.914806075242633,5,5.534000000000004,126.84640000000002,0,0,0,0,0,3,1,0,0,0,0,0,0,0,0,4,2,0,0,0,1,1,0,0,0,3,0,0,0,1,1,0,0,0,1,0,2,0,0,0,0,0,0,0,3,0,0,0,0,0,0,0,0,0,0,0,0,1,0,0,0,0,0,0,0,0,0,0,0,1,0,0,0,0,0,0,0,0,0,0,0,0,1,0,0,CHEMBL3780895,Cc1c(CN2CCC(Nc3ncnc4sc(CC(F)(F)F)cc34)CC2)ccc2[nH]c(C#N)cc12,15.0,1.1760912590556811,CHEMBL2093861,Menin/Histone-lysine N-methyltransferase MLL,4,Large-Polar-Aromatic-Rigid-Hydrophobic,Large-Polar-Aromatic-Rigid-Hydrophobic
12.823160530187852,12.823160530187852,0.2841370228647014,-4.2038964798067155,0.7720521748962138,23.333333333333332,439.55100000000016,411.3270000000001,439.201751556,164,0,0.3933283894807132,-0.3552973219120862,0.3933283894807132,0.3552973219120862,1.2333333333333334,2.0,2.6333333333333333,32.133539283797305,9.738761788912178,2.5139957709203844,-2.555671614431487,2.4490478632032917,-2.664588067699971,7.182472186450082,-0.1261376755010296,3.178652445375088,1.3000475743405429,916.9928619091376,21.0956473593183,17.374601686931886,18.191098267859612,14.22969526737584,10.729164306445934,11.545660887373664,9.650245743827806,10.76544561511705,6.949665029342846,7.992714048019336,5.6464060147633806,6.667377949411408,-1.4500000000000002,4602116.58346296,20.45254388262416,7.307912096492722,3.688343971002974,178.2155008716916,10.216698334856808,16.975579272220138,0.0,0.0,0.0,6.176298517443475,4.899909730850477,9.967957041894415,13.17124514302446,11.336785877934735,13.847474399381248,24.323000783710405,55.60251692772148,11.807045837390806,13.17124514302446,27.371269289855128,0.0,20.184655376751223,17.250802561719567,38.9072569918247,44.16844816632592,17.27083433692745,0.0,0.0,10.216698334856808,18.98910792085949,0.0,11.336785877934735,66.35454455481178,6.4208216229260096,17.250802561719567,25.14544321600856,12.393687143226153,0.0,10.216620634085364,0.0,44.29,12.597120140369483,13.17124514302446,0.0,5.414990469396779,21.667290488631217,74.14813897479742,6.3273200747645415,6.06636706846161,0.0,38.932039506982946,0.0,38.46948159056356,1.1244186335329218,14.56493961938899,4.163561594657591,0.2841370228647014,2.188993317809848,2.275660101721332,-2.506232185058064,10.935040304519124,0.0,0.7142857142857143,30,1,5,0,3,3,0,0,2,2,1,0,6,1,9,5,5,0,3,3,1,0,4.982179761462577,5,3.5522000000000027,112.99570000000008,0,0,0,0,0,2,0,0,0,0,0,0,0,0,0,4,1,0,0,0,1,0,0,0,0,3,0,0,0,1,0,0,0,0,0,0,1,0,0,0,0,0,0,0,3,0,0,0,0,0,0,0,0,0,0,0,0,0,0,0,0,0,0,0,0,0,0,0,0,0,0,0,0,0,0,0,0,0,0,0,0,0,1,0,0,CHEMBL4209303,CC(C)[C@H](C1CNC1)N1CC2(CCN(c3ncnc4sc(CC(F)(F)F)cc34)C2)C1,8.0,0.9030899869919436,CHEMBL2093861,Menin/Histone-lysine N-methyltransferase MLL,4,Large-Polar-Aromatic-Flexible-Hydrophobic,Large-Polar-Aromatic-Flexible-Hydrophobic
12.88253973789192,12.88253973789192,0.1076292491791053,-4.272023602291197,0.2479315587491635,15.097560975609756,581.6280000000002,555.4200000000002,581.1933121120001,212,0,0.3933283894768193,-0.5075314787827929,0.5075314787827929,0.3933283894768193,1.170731707317073,1.975609756097561,2.682926829268293,32.13354003370763,9.996558724242917,2.2930001297614018,-2.328183058737492,2.3518468549101392,-2.3852806950331455,7.18248086835144,-0.1261405929299516,3.664255786741372,1.1462090158349891,1746.1088019568615,28.725039392385703,22.033699556934792,22.85019613786252,19.67998634795845,13.07414458019334,13.890641161121067,10.264877153714815,11.38007702500406,7.545166234790008,8.588215253466501,5.475744283076718,6.502103707573961,-4.220000000000001,2292249665.073652,26.97463184599355,10.639726436939618,5.54865270627562,235.99472285581464,14.990415646638391,40.18216840799324,0.0,0.0,0.0,6.176298517443475,9.998591539151516,9.967957041894415,18.433136697762947,16.435467686235775,5.213385095654868,37.46156607416286,53.76614358682346,23.86850296091965,18.277772537865165,38.274194221936185,5.261891554738487,34.84571513279319,0.0,51.49385422688524,18.40630141583148,58.11517101855465,0.0,11.81873314607618,5.316788604006331,18.98910792085949,5.749511833283905,11.336785877934735,65.25989468605047,19.51033443475116,18.254850067221383,40.23354941264423,30.723264851762448,0.0,21.11954556616642,0.0,131.57,12.597120140369483,23.53966409260365,0.0,16.668499856133163,40.51185221344246,59.297769851086954,12.393687143226153,12.263210640074686,17.55720391594359,41.66462540180043,0.0,40.47153962686684,1.0401003658047052,11.48855055540298,36.111497884907955,3.6573759601769007,0.7316961631852217,7.43150605524785,-0.5864123813210025,4.404145769728551,0.0,0.3703703703703703,41,3,10,0,1,1,0,1,4,5,0,0,10,3,14,5,7,0,1,1,0,0,7.000065940939778,6,4.879400000000006,147.63519999999983,0,0,0,0,0,6,1,1,0,0,0,0,0,0,0,7,2,0,0,0,1,1,0,0,0,3,0,0,0,1,1,0,0,0,1,0,2,0,0,0,0,0,0,0,3,0,0,0,0,0,0,0,0,0,0,0,0,1,0,0,0,0,0,0,0,1,1,0,0,1,0,0,0,0,0,0,0,0,0,0,0,0,1,0,0,CHEMBL3779976,Cc1c(CN2CCC(Nc3ncnc4sc(CC(F)(F)F)cc34)CC2)c(O)cc2c1cc(C#N)n2Cc1c[nH]nn1,17.0,1.230448921378274,CHEMBL2093861,Menin/Histone-lysine N-methyltransferase MLL,4,Large-Polar-Aromatic-Flexible-Hydrophobic,Large-Polar-Aromatic-Flexible-Hydrophobic
14.731549555217711,14.731549555217711,0.0038901336242538,-4.861624515622207,0.2530631254077181,20.3265306122449,714.7289999999998,678.4409999999998,714.2310605719999,266,0,0.425230616209443,-0.4890241713984007,0.4890241713984007,0.425230616209443,1.0408163265306123,1.7755102040816326,2.4285714285714284,32.13347758447289,9.792859203798873,2.557658839868054,-2.5048621591940825,2.4272914613096255,-2.6886048068467545,7.0990488257589375,-0.1592845224086204,3.5646695175804632,1.4983732770196758,1610.3201958945406,35.398765978752635,26.59677355282274,27.41327013375047,23.296027401073285,15.837442216337568,16.717095027592464,11.780602955410124,12.691833881828602,8.68000377490384,9.6334027622811,6.516095953914586,7.193196615986968,-4.049999999999999,57398413259.29501,36.236151155887526,14.825483270177344,7.742072124106076,282.5799803745283,29.27998249499224,22.98305282478203,0.0,5.601050810983688,11.814359458703011,12.35259703488695,14.57305288909085,0.0,26.34249028604892,11.336785877934735,25.477292959539852,31.040744451236847,62.98472063464256,29.46301205173843,50.511817956633365,28.838531611321308,0.0,14.783797982648164,0.0,56.602512366413265,50.83745568943918,70.17600250155702,0.0,11.49902366656781,14.373635638450576,32.02987656073248,11.49902366656781,11.336785877934735,89.28512243491225,17.147134218958772,0.0,53.405611052561774,54.17195232446173,0.0,0.0,0.0,95.44,51.813898310816896,41.03809204903327,0.0,57.86000984882549,42.66299921443141,29.52750325683724,9.799819461700954,19.056471336613843,17.032643867773697,4.983978520947208,9.473725907600098,94.67761375926722,0.396189308743551,36.228798149226606,10.36325854487987,-3.010159362682711,-1.2231290900988907,7.624781650993878,-7.069944139166616,2.762591178837109,0.0,0.4848484848484848,49,1,9,0,2,2,2,1,2,3,2,0,8,1,16,4,10,0,2,2,0,2,10.963641892596488,5,6.123100000000008,168.70129999999958,0,1,1,0,0,1,0,0,0,0,2,2,0,0,0,4,0,0,0,0,1,0,0,0,0,6,0,2,0,1,0,0,0,0,1,0,0,0,0,0,0,2,0,0,6,0,0,0,0,0,0,0,0,0,0,0,0,0,0,0,0,0,0,0,2,0,0,0,0,1,1,0,0,1,0,0,0,0,0,0,0,0,1,0,0,CHEMBL3805963,CCCC1N(C(=O)c2cnccc2C(F)(F)F)CCCC1(Oc1csc(C(F)(F)F)c1)C(=O)N1CCN(c2ccccc2OCCO)CC1,15.0,1.1760912590556811,CHEMBL1907611,Tumour suppressor p53/oncoprotein Mdm2,4,Large-Polar-Aromatic-Flexible-Hydrophobic,Large-Polar-Aromatic-Flexible-Hydrophobic
13.626473280154425,13.626473280154425,0.1797221469574468,-5.083333333333334,0.1063405670764692,22.653061224489797,700.7600000000006,653.3840000000005,700.351980504,274,0,0.4902403183070029,-0.4745811720256028,0.4902403183070029,0.4745811720256028,1.020408163265306,1.6122448979591837,2.142857142857143,19.41351492660994,9.913897179003763,2.3887926079929276,-2.327513053933625,2.1831562529809747,-2.6171485542193342,5.967455414463995,-0.1924677685677791,3.0230680111080295,1.5399994332686232e-06,1313.587005635733,37.3632320728199,27.96095369869946,27.96095369869946,22.81631123534549,15.763022264805036,15.763022264805036,11.857539022549885,11.857539022549885,7.399660843279481,7.399660843279481,4.49574958288263,4.49574958288263,-4.9,9804784572.010551,42.122675736961455,19.808804302447097,14.81579219415508,282.13934333857526,42.74092649604088,23.664447739827228,5.959554568743835,29.535898646757527,0.0,12.145603805395323,29.381969526150627,4.794537184071822,13.17124514302446,0.0,51.10304694137992,51.01211842894368,19.007418857986544,0.0,47.0449956422961,41.46475850345321,5.409283605791522,31.900731624037984,11.651573523323576,96.06062479358926,13.08951281182515,35.89528683400505,0.0,0.0,37.634399101200174,13.17124514302446,0.0,0.0,83.45970413824182,28.76722310443093,11.327189651952915,77.82517085716351,30.33183534230805,0.0,0.0,0.0,244.69999999999996,59.43877046262857,37.14393106338357,0.0,37.047105213034754,37.91542917230017,0.0,0.0,51.960417072608934,6.06636706846161,31.900731624037984,21.044015661866233,31.73611111111111,0.0,75.19036603124495,31.12247183996763,4.627588874422398,-5.711167957751926,5.846208968458389,-3.021093152153082,7.376180951367188,0.0,0.5806451612903226,49,10,15,0,1,1,5,1,0,1,4,0,7,9,18,1,8,0,1,1,0,0,17.028568170794,2,0.951070000000008,172.56609999999972,1,0,0,0,0,0,0,0,1,1,6,5,0,0,0,0,7,1,0,0,0,0,0,0,0,3,0,5,0,0,0,0,0,0,1,0,0,0,0,0,0,0,0,1,3,0,0,0,0,0,0,0,0,0,0,0,0,0,0,0,0,0,0,0,0,0,0,0,0,0,0,0,0,0,0,0,0,0,0,0,0,0,0,0,0,CHEMBL4099772,CC[C@@H]1NC(=O)[C@H](CCCNC(=N)N)NC(=O)[C@](C)(NC(=O)C(C)C)CCCCNC(=O)[C@@H](c2ccccc2)NC1=O.O=C(O)C(F)(F)F,0.9,-0.0457574905606751,CHEMBL612545,Unchecked,4,Large-Polar-Aliphatic-Flexible-Hydrophilic,Other
13.336288398703772,13.336288398703772,0.0962078450047647,-1.0009299899692434,0.1612374607639365,20.083333333333332,664.8080000000003,616.4240000000001,664.3696812559999,260,0,0.2431240963442728,-0.3517190066422445,0.3517190066422445,0.2431240963442728,0.9166666666666666,1.6875,2.3958333333333335,16.171711547857917,10.01321452042629,2.3880602388909455,-2.273178659404739,2.2700825946896823,-2.5503229025622765,5.942830229744697,-0.1392235683793826,3.8470064822905767,1.2488861407661758,1415.8444046613126,34.63081678632152,27.920538245113704,27.920538245113704,23.010948146244953,16.779964897654963,16.779964897654963,13.031855850231636,13.031855850231636,8.745107971041865,8.745107971041865,6.221372781276168,6.221372781276168,-4.750000000000001,39499716277.15913,36.09242512783053,17.415195536647033,10.376852417969546,280.5074734688847,36.46783127182934,18.12552248744388,0.0,35.443078376109035,0.0,0.0,28.76722310443093,4.983978520947208,0.0,0.0,50.60013136461531,44.088381229253045,38.16984045843821,24.483910521686973,28.76722310443093,35.443078376109035,0.0,41.45180979277655,11.835812092322788,96.42908268205836,13.08951281182515,54.11337847523112,0.0,0.0,26.583943020031658,0.0,0.0,0.0,87.56782127727092,41.73280113326951,11.835812092322788,70.5535208231734,42.85599898868567,0.0,0.0,0.0,194.49,35.847061675498395,28.76722310443093,0.0,54.985591761289854,44.46672729837764,11.984273114623004,18.15096700530564,6.196843571613076,44.179309741689295,36.55190006192607,0.0,0.0,0.0,86.24377571373145,13.904848354166226,1.5648643970950606,-2.49975255140854,6.656314924011426,6.7512683959121595,5.712014099825527,0.0,0.5588235294117647,48,6,14,1,1,2,6,1,1,2,5,0,7,6,14,2,15,1,1,2,0,2,13.094930020686697,4,0.6963000000000072,176.58719999999957,0,0,0,0,0,2,1,0,0,0,6,6,0,0,0,2,6,0,0,0,1,1,0,0,0,0,0,6,0,0,0,0,0,0,1,0,0,0,0,0,0,0,0,0,0,0,0,1,0,0,0,0,0,0,0,0,0,0,0,0,0,0,0,0,0,0,0,0,0,0,0,0,0,0,0,0,0,0,0,0,0,0,0,0,0,CHEMBL358925,CC(C)CC(=O)N[C@@H](Cc1c[nH]cn1)C(=O)N[C@@H](C)C(=O)NCC(=O)N1CCC[C@@H]1C(=O)NC1CCCC1C(=O)NCc1ccccc1,90000.0,4.954242509439325,CHEMBL1949,Cyclophilin A,4,Large-Polar-Aromatic-Flexible-Hydrophilic,Other
14.158202475434615,14.158202475434615,0.0,-4.738117500605088,0.4062092971078924,19.365853658536587,610.464,582.2400000000001,609.1521297759999,218,0,0.4167980742778372,-0.4739756191865852,0.4739756191865852,0.4167980742778372,0.926829268292683,1.6585365853658536,2.341463414634146,35.495718411453524,9.892634270776115,2.4922162378623613,-2.4530420209973234,2.3613978324639535,-2.639871691624624,6.31590597826704,-0.1525893796887329,2.9765192741686577,3.871990869729049e-06,1373.333502002752,28.329851878000294,21.88862624197041,23.46105176891659,19.17728902456854,12.872631770782547,13.250596243791776,9.743238892480566,10.15043901922117,7.170910263745319,7.483159041514104,5.184770426913011,5.359079639983737,-3.5699999999999994,973627169.7185266,30.389999079888725,12.52265129498728,6.512749092804144,246.02158668763315,19.436592146351483,11.567374611118932,0.0,5.601050810983688,11.814359458703011,6.176298517443475,14.57305288909085,4.983978520947208,13.17124514302446,12.407033161179976,29.800041095617345,43.173478588160066,51.3143127444021,22.694292703047893,27.49718246496815,41.64019528795053,0.0,19.76777650359537,0.0,24.618992574279183,44.16844816632592,83.27100355966743,0.0,5.749511833283905,9.636772684650529,18.98910792085949,5.749511833283905,24.007973051412492,76.45172520875751,10.970835701515297,0.0,28.763083413317833,67.12146726253211,5.022633313741326,0.0,0.0,78.87,28.811432041172655,22.760319511168102,0.0,48.596692472307865,32.59984724657631,24.27791698952279,4.899909730850477,35.36222157630999,18.19910120538483,14.867866772744891,16.337802844032566,47.3677684919486,6.371321527723933,40.71796681175629,0.2821419678061649,-3.1807544113817565,-0.1322640918650633,13.080779818112038,-0.514847852280182,1.7856655159577466,0.0,0.3571428571428571,41,0,8,0,2,2,2,1,2,3,1,0,6,0,13,4,5,0,2,2,0,1,9.28203320323002,5,4.973200000000006,149.46549999999974,0,0,0,0,0,2,0,0,0,0,2,2,0,0,0,5,0,0,0,0,1,0,0,0,0,3,0,2,0,1,0,0,0,0,1,0,0,0,0,0,0,1,0,0,5,0,0,0,0,0,0,0,0,0,0,0,0,0,0,0,0,0,0,0,1,0,0,0,0,1,1,0,0,2,0,0,0,0,0,0,0,0,0,0,0,CHEMBL3112828,Cl.O=C(c1cnccc1C(F)(F)F)N1CCCC(Oc2ccccc2Cl)(C(=O)N2CCN(c3ccccn3)CC2)C1,21000.0,4.3222192947339195,CHEMBL1907611,Tumour suppressor p53/oncoprotein Mdm2,4,Large-Polar-Aromatic-Rigid-Hydrophobic,Large-Polar-Aromatic-Rigid-Hydrophobic
12.035936109011503,12.035936109011503,0.0610416666666666,-0.6106860853909459,0.7182032888446533,57.65217391304348,318.45700000000005,288.217,318.21949481999997,128,0,0.3091498481066949,-0.4808214008263264,0.4808214008263264,0.3091498481066949,1.1304347826086956,1.8695652173913044,2.5652173913043477,16.368161901799024,9.415959509493137,2.659828988986202,-2.6177530609800588,2.708035037270636,-2.5716505671485086,5.7464416578043975,-0.1734372908485738,2.63137715826946,1.7716758773463497,579.4358604704929,16.673362107437434,14.639174295717744,14.639174295717744,10.641064851363224,9.282530338193322,9.282530338193322,9.742762721946292,9.742762721946292,8.437458144940585,8.437458144940585,7.421806572433298,7.421806572433298,-0.8300000000000001,143165.3370499665,15.683427406389828,4.414462743996135,1.831764515788537,138.71021315949972,10.213054789681411,0.0,0.0,0.0,0.0,5.969305287951848,4.794537184071822,0.0,0.0,0.0,25.49659903628439,75.03819716805364,5.917906046161393,11.016041280380469,15.007591973753234,5.969305287951848,0.0,0.0,33.99868954667451,71.31801377053765,0.0,12.152040213667762,0.0,0.0,0.0,0.0,0.0,0.0,21.78341088861695,4.794537184071822,33.99868954667451,65.71696295955395,12.152040213667762,0.0,0.0,0.0,57.53,16.985346568332318,15.007591973753234,0.0,22.665793031116344,5.917906046161393,44.94575136048208,0.0,0.0,13.847474399381248,19.075777413358384,0.0,0.0,0.0,12.035936109011503,20.7254830010708,-0.9066613520408162,0.3568342545351474,0.0,11.629037973985891,6.326036680104141,0.0,0.85,23,2,3,4,0,4,0,0,0,0,7,2,2,2,3,0,1,3,0,3,1,0,3.0101698253772105,4,4.010900000000003,88.83560000000006,1,1,0,0,0,0,0,0,1,1,1,0,0,0,0,0,0,0,0,0,0,0,0,0,0,0,1,0,0,0,0,0,0,0,0,0,3,0,0,0,0,0,0,0,0,0,0,0,0,0,0,0,0,0,0,0,0,0,0,0,0,0,0,0,0,0,0,0,0,0,0,0,0,0,0,0,0,0,0,0,0,0,0,0,0,CHEMBL1165054,C[C@]12CCC[C@@](C)(C(=O)O)[C@@H]1CC[C@]13C[C@@H](C=C[C@@H]12)[C@@](C)(O)C3,10000.0,4.0,CHEMBL394,HCT-116,4,Medium-Nonpolar-Aliphatic-Flexible-Hydrophobic,Other
13.286680525870484,13.286680525870484,0.0311215828924165,-0.8270126180637545,0.5674750369085556,28.975,546.6200000000002,512.3480000000004,546.236601428,210,0,0.3187249854779204,-0.5040425270912626,0.5040425270912626,0.3187249854779204,1.175,1.925,2.6,16.647992630660237,9.525422861532045,2.578065171808743,-2.5657452800936547,2.5926828337223937,-2.60110100034873,6.126153912392909,-0.1457847865221716,3.3905805977942673,1.5454085017069876,1446.5694009644233,28.344206024832225,23.393060345925495,23.393060345925495,19.23274967776961,13.5470508905923,13.5470508905923,11.25860454852163,11.25860454852163,9.340088791791455,9.340088791791455,7.31369452402552,7.31369452402552,-3.85,1319703276.5544748,26.37662841839047,9.65779327945605,3.7415871574565256,232.89012337864793,29.05461457082796,11.629591048932095,29.145399872337222,0.0,0.0,5.969305287951848,9.589074368143644,0.0,0.0,0.0,34.984632492293976,51.06364750112488,40.48591344272312,21.3293926238326,33.743779208121126,17.46423523708749,0.0,4.899909730850477,16.991524819073327,43.74699975476169,34.92182101242236,69.98427777928309,0.0,11.49902366656781,4.736862953800049,0.0,11.49902366656781,0.0,68.434334204349,35.73620095180316,18.75954929201341,46.7628670920853,47.322733047548645,0.0,0.0,0.0,106.89,23.406168191258324,14.69560176298435,0.0,35.662837111168116,35.43939610367289,23.235110881003564,21.3293926238326,6.06636706846161,37.265225580370945,17.10329444027821,19.04817744513678,16.36392231038792,0.0,34.89670325012405,16.029702274946647,3.980738222087794,-0.7586107267092603,9.557416319883467,2.61684683917902,2.772924316849584,6.4570238599174425,0.4516129032258064,40,1,9,2,2,4,0,2,0,2,5,2,9,1,9,2,5,0,1,1,0,0,6.368500616846023,6,3.5913200000000023,146.32979999999984,0,0,0,0,0,0,0,1,0,0,2,2,0,0,0,2,0,0,0,1,1,0,0,0,0,0,1,0,0,0,1,0,0,0,2,0,1,0,0,0,1,3,0,0,0,0,0,0,0,0,0,1,1,0,0,3,0,0,0,0,0,0,0,1,0,1,1,0,0,1,0,0,0,0,0,0,0,0,0,0,0,0,0,0,0,CHEMBL2337616,COC(=O)[C@@H]1C(c2ccc(C)cc2)=NO[C@H]1c1cc(OC)c(O)c2c1C[C@@H]1[C@@H]3C=C(OC)C(=O)C[C@]23CCN1C,77960.0,4.8918718304455835,CHEMBL614822,NIH3T3,4,Large-Polar-Aromatic-Rigid-Hydrophobic,Large-Polar-Aromatic-Rigid-Hydrophobic
13.39399814037771,13.39399814037771,0.0910828894173689,-1.0163459193055944,0.1445928906058353,16.708333333333332,666.8240000000001,616.4240000000001,666.3853313200001,262,0,0.2431240963442728,-0.350903295282632,0.350903295282632,0.2431240963442728,0.9375,1.6666666666666667,2.3125,16.17288456553157,9.972471968893794,2.367626700736646,-2.2850576811527605,2.1873227912971185,-2.5634554041585185,5.95142324812407,-0.1398941702290742,3.768332583735946,1.538581474153452,1383.168837664531,35.21660322394842,28.506324682740612,28.506324682740612,22.887156906157266,16.656173657567276,16.656173657567276,12.75116912114782,12.75116912114782,8.357940750673588,8.357940750673588,5.426066115076962,5.426066115076962,-4.75,26192394923.79747,37.705297457342574,18.552220931920452,11.494127922601452,281.51330462241395,36.46783127182934,24.16736331659184,0.0,35.443078376109035,0.0,0.0,28.76722310443093,4.983978520947208,0.0,0.0,64.44760576399656,37.164644029562425,32.127999629290244,18.566004475525578,28.76722310443093,35.443078376109035,0.0,41.45180979277655,11.835812092322788,97.43491383558758,13.08951281182515,54.11337847523112,0.0,0.0,26.583943020031658,0.0,0.0,0.0,87.56782127727092,41.73280113326951,11.835812092322788,71.5593519767026,42.85599898868567,0.0,0.0,0.0,194.49,47.79608223399786,28.76722310443093,0.0,43.03657120279039,38.04590567545164,5.563451491696996,18.150967005305645,6.196843571613076,58.02678414107054,36.55190006192607,0.0,0.0,0.0,86.45095605550301,13.643875950445844,1.5009167015790983,-2.689308847993569,5.936743933269922,5.124422005812425,9.365727534716582,0.0,0.5588235294117647,48,6,14,0,1,1,6,1,1,2,5,0,7,6,14,2,17,0,1,1,0,0,14.57327101525829,3,0.9423000000000076,178.70119999999957,0,0,0,0,0,2,1,0,0,0,6,6,0,0,0,2,6,0,0,0,1,1,0,0,0,0,0,6,0,0,0,0,0,0,1,0,0,0,0,0,0,0,0,0,0,0,0,1,0,0,0,0,0,0,0,0,0,0,0,0,0,0,0,0,0,0,0,0,0,0,0,0,0,0,0,0,0,0,0,0,0,0,0,0,0,CHEMBL540193,CC[C@H](C)[C@H](NC(=O)[C@H]1CCCN1C(=O)CNC(=O)[C@H](C)NC(=O)[C@H](Cc1c[nH]cn1)NC(=O)CC(C)C)C(=O)NCc1ccccc1,6000.0,3.7781512503836434,CHEMBL1949,Cyclophilin A,4,Large-Polar-Aromatic-Flexible-Hydrophilic,Other
13.603339333441312,13.603339333441312,0.1773764679451011,-5.083333333333334,0.1052340739394826,22.625,686.7330000000005,641.3730000000005,686.3363304400001,268,0,0.4902403183070029,-0.4745811720256028,0.4902403183070029,0.4745811720256028,1.0416666666666667,1.625,2.1458333333333335,19.413514196938035,9.921597454038134,2.389851189065913,-2.323038782157957,2.176856234866175,-2.615358743421431,5.968145290797923,-0.1924677512138227,3.0096673875901567,1.475121437290926e-06,1296.7956424307968,36.65612529163336,27.253846917512913,27.253846917512913,22.31631123534549,15.263022264805036,15.263022264805036,11.50398563195661,11.50398563195661,7.149660843279481,7.149660843279481,4.334137930530949,4.334137930530949,-4.9,6041146171.820927,41.1232018561485,19.04948850988827,13.841223210975938,275.7744012241786,42.74092649604088,23.664447739827228,5.959554568743835,29.535898646757527,0.0,12.145603805395323,29.381969526150627,4.794537184071822,13.17124514302446,0.0,51.10304694137992,44.59129680601767,19.007418857986544,0.0,47.0449956422961,41.46475850345321,5.409283605791522,31.900731624037984,11.651573523323576,89.63980317066324,13.08951281182515,35.89528683400505,0.0,0.0,37.634399101200174,13.17124514302446,0.0,0.0,83.45970413824182,28.76722310443093,11.327189651952915,71.4043492342375,30.33183534230805,0.0,0.0,0.0,244.69999999999996,59.43877046262857,37.14393106338357,0.0,43.59186161894733,24.94985114346159,0.0,0.0,58.02678414107054,0.0,31.900731624037984,21.044015661866233,31.73611111111111,0.0,75.05309101667346,30.983515424068724,4.5464770026118675,-5.825854757635369,5.75298588896507,-3.7827919550552647,7.2031329359270515,0.0,0.5666666666666667,48,10,15,0,1,1,5,1,0,1,4,0,7,9,18,1,8,0,1,1,0,0,16.32033252601077,2,0.5609700000000084,167.94909999999976,1,0,0,0,0,0,0,0,1,1,6,5,0,0,0,0,7,1,0,0,0,0,0,0,0,3,0,5,0,0,0,0,0,0,1,0,0,0,0,0,0,0,0,1,3,0,0,0,0,0,0,0,0,0,0,0,0,0,0,0,0,0,0,0,0,0,0,0,0,0,0,0,0,0,0,0,0,0,0,0,0,0,0,0,0,CHEMBL4094433,CC[C@@H]1NC(=O)[C@H](CCCNC(=N)N)NC(=O)[C@](C)(NC(=O)C(C)C)CCCNC(=O)[C@@H](c2ccccc2)NC1=O.O=C(O)C(F)(F)F,0.97,-0.0132282657337551,CHEMBL612545,Unchecked,4,Large-Polar-Aliphatic-Flexible-Hydrophilic,Other
12.86505504940889,12.86505504940889,0.0308283337464574,-4.234699526761034,0.777694667234201,26.225806451612904,451.5180000000002,427.3260000000001,451.165366048,166,0,0.3933283894807132,-0.3552580539424131,0.3933283894807132,0.3552580539424131,1.1935483870967742,2.0,2.7096774193548385,32.13353937052634,9.783183803160554,2.542210041320524,-2.484357392221232,2.5220864577766884,-2.619588910045561,7.182478395736278,-0.1438222721318173,3.035370336081322,1.1345360236337152,1043.2999716920824,21.43251065250177,17.042363001389592,17.85885958231732,14.733225227225974,10.80709130514035,11.623587886068078,9.924236281249318,11.039436152538563,7.451963246796961,8.495012265473447,5.59267039630508,6.613642330953108,-1.9400000000000004,10555172.5237265,19.723394258827547,6.537881796541062,3.47431406128655,181.37119181820617,15.116608065707286,16.975579272220138,0.0,5.907179729351506,0.0,6.176298517443475,4.794537184071822,9.967957041894415,13.17124514302446,11.336785877934735,0.0,37.164644029562425,43.01591969266095,17.848886666538768,17.96578232709628,33.27844901920663,0.0,20.184655376751223,10.829980938793556,44.32224746122149,37.62369176041335,17.27083433692745,0.0,0.0,10.216698334856808,18.98910792085949,0.0,11.336785877934735,65.71696787825071,11.21535880699783,10.829980938793556,30.560433685405336,12.393687143226153,0.0,10.216620634085364,0.0,61.36000000000001,12.597120140369483,17.96578232709628,0.0,22.241158221597544,21.449473881317168,56.902211153349626,19.16896332061656,6.06636706846161,4.899909730850477,20.184655376751223,0.0,38.42926481297517,1.0823939114832246,26.448233873129947,4.108231642502129,0.4628522423096468,0.9410781514743528,1.5563714748788702,0.6749388765385937,4.046635014708061,0.0,0.6666666666666666,31,1,6,1,3,4,1,0,2,2,1,0,6,1,10,5,3,1,3,4,2,0,4.159652267444875,6,2.9769000000000014,111.09170000000006,0,0,0,0,0,2,0,0,0,0,1,1,0,0,0,4,1,0,0,0,1,0,0,0,0,3,0,1,0,1,0,0,0,0,0,0,1,0,0,0,0,0,0,0,3,0,0,0,0,0,0,0,0,0,0,0,0,0,0,0,0,0,0,0,0,0,0,0,0,0,0,0,0,0,0,0,0,0,0,0,0,0,1,0,0,CHEMBL4217680,O=C([C@@H]1CC2(CC2)CN1)N1CC2(CCN(c3ncnc4sc(CC(F)(F)F)cc34)C2)C1,92.0,1.9637878273455551,CHEMBL2093861,Menin/Histone-lysine N-methyltransferase MLL,4,Large-Polar-Aromatic-Flexible-Hydrophilic,Other
14.585233790179675,14.585233790179675,0.0157141810593741,-1.4550072698832617,0.4466627811049757,37.609756097560975,570.6790000000004,528.3430000000004,570.282882924,224,0,0.3061557061179024,-0.4810242278197746,0.4810242278197746,0.3061557061179024,0.926829268292683,1.5365853658536586,2.097560975609756,16.547340580231108,9.419440271742124,2.743575507834324,-2.5940565684811148,2.6984952844454138,-2.6431189717692094,6.1809490575914765,-0.1750325574497096,3.068721383563694,1.8855890383446208,1303.742917952123,31.032651236960596,25.342591952278276,25.342591952278276,18.754538623540153,14.566700404697505,14.566700404697505,14.15091896543134,14.15091896543134,11.535348331988684,11.535348331988684,8.989439511421464,8.989439511421464,-2.9700000000000006,372168398.0932805,30.97638372652433,9.801983872031018,4.1987188001886,240.37796260983248,9.843390348640757,17.34973483909482,11.887211334113244,5.783244946364939,0.0,11.938610575903695,33.561760288502754,0.0,0.0,0.0,41.54242319814374,31.098276961100808,66.41902578264954,11.332896515558172,43.4051506371435,40.85483530772839,0.0,0.0,45.33158606223268,100.01879372282934,0.0,11.146209060138531,0.0,0.0,0.0,0.0,0.0,0.0,52.0653290903174,38.2986232423028,45.33158606223268,93.91482733508104,11.146209060138531,0.0,0.0,0.0,148.95,69.15740797224962,38.66828768334346,0.0,66.38329696022834,6.4208216229260096,0.0,13.847474399381248,34.61868599845312,6.923737199690624,0.0,4.736862953800049,5.781679547571503,0.0,92.32131200853728,9.234884717123316,-4.092336169191189,-5.463152712075145,0.0,-0.9476948766914024,13.3319741513923,0.0,0.71875,41,1,9,4,0,4,0,0,0,0,8,0,8,1,9,0,7,2,0,2,0,1,7.405610090274038,4,4.089500000000003,146.36279999999988,1,0,0,0,0,0,0,0,1,1,7,6,0,0,0,0,0,0,0,0,0,0,0,0,0,0,1,0,0,0,0,0,0,0,0,0,4,0,0,0,1,1,0,0,0,0,0,0,0,0,0,5,5,0,0,0,0,0,0,0,0,0,0,0,0,0,0,0,0,0,0,0,0,0,0,0,0,0,0,0,0,0,0,0,0,CHEMBL453981,CC(=O)O[C@@H]1C(=O)C2=C(C(=O)C[C@H]3C(C)(C)C(=O)CC[C@]23C)[C@]2(C)C(=O)C[C@H]([C@H](C)CC(=O)CC(C)C(=O)O)[C@@]12C,7250.0,3.8603380065709936,CHEMBL614909,SGC-7901,4,Large-Polar-Aliphatic-Flexible-Hydrophobic,Other
12.454327275008328,12.454327275008328,0.0924533548108004,-0.0924533548108004,0.3726216389093587,26.77777777777778,502.6480000000004,472.4080000000003,502.2263285800001,186,0,0.2738733099452028,-0.3088292272889953,0.3088292272889953,0.2738733099452028,0.9722222222222222,1.6666666666666667,2.388888888888889,32.166556200170525,9.527941816506535,2.520941072184151,-2.5590663796520996,2.581108972315422,-2.516084272833219,7.979255945081595,-0.0502055730822148,3.4773513581087667,1.075387336959445,1482.6253623504929,24.440582342009534,20.66986174793677,21.486358328864497,17.47109679461236,12.849984249324432,13.83558280897792,11.140654110499437,12.083152751359172,8.665531916498933,9.719345421929097,7.361323346997847,8.168160048569398,-3.01,349310800.2129656,22.20773801043678,8.259240754312332,3.600044527035529,212.8435217908466,4.567099647791355,5.824404497999927,5.156436481820707,0.0,5.559266895052007,0.0,4.794537184071822,9.363605870290368,5.098681808301038,15.296045424903111,35.17437125043081,62.345014944501855,31.43126535817904,28.733827079471077,0.0,22.534333378320703,0.0,39.538817846940745,31.849062103838556,61.39396670143291,0.0,58.02837641228018,0.0,0.0,5.559266895052007,0.0,0.0,11.761884949391115,39.538817846940745,31.807944447410527,17.75371813848418,55.73719022525292,40.41328551135204,0.0,10.772448428929591,0.0,96.31,0.0,4.794537184071822,0.0,11.098192147435352,17.559899444137596,45.50863932246653,43.20673267270125,18.809556932068304,35.88023990431498,36.48675883561728,0.0,5.623496663181795,1.6290174897119338,12.454327275008328,24.910873945964383,1.9196159980317031,4.1687764065969075,7.598265588097329,10.778050277103894,0.0,3.667576356303724,0.5384615384615384,36,0,9,4,0,4,0,1,3,4,0,4,10,0,10,3,6,4,0,4,0,0,5.094973745469181,8,3.4619000000000018,136.5219999999999,0,0,0,0,0,8,0,0,0,0,0,0,0,0,0,8,0,0,0,0,0,0,0,0,0,0,0,0,0,0,1,0,0,0,1,0,1,0,0,0,0,0,0,0,0,0,0,0,0,0,0,0,0,0,0,0,0,0,0,0,0,0,0,0,0,0,0,0,0,0,0,0,0,0,0,1,0,0,0,0,0,0,0,0,0,CHEMBL4071653,Cn1c(Cc2nn(C)c(=O)c3ccccc23)nnc1SCc1cn(C23CC4CC(CC(C4)C2)C3)nn1,30000.0,4.477121254719663,CHEMBL4106128,IL15-IL15 receptor,4,Large-Polar-Aromatic-Flexible-Hydrophobic,Large-Polar-Aromatic-Flexible-Hydrophobic
14.82470646742812,14.82470646742812,0.1059731648755823,-3.146894567601916,0.4894427291413047,22.166666666666668,524.9060000000002,503.73800000000017,524.135064472,190,0,0.300696321625657,-0.4797949945732011,0.4797949945732011,0.300696321625657,1.2222222222222223,1.9722222222222223,2.6666666666666665,35.49569258135167,10.044927829362797,2.5090669728343875,-2.38150290218915,2.453992550073631,-2.565538272779743,6.3250060940278,-0.0578714465552008,3.646111006733892,1.395037297951419,1436.3516152451448,25.405048436076797,18.99480884904419,19.750737795062644,17.021607051829186,11.385892772900318,11.763857245909543,9.512927429532631,9.920127556273236,6.731742926110898,7.00833947713091,4.67433442321682,4.8126326987268255,-3.28,165702677.59420726,23.13855768181915,7.858212461185064,3.871331686241011,206.77103817566612,24.837449540454543,5.022633313741326,12.424744742347947,11.6978511142704,11.481796063146582,5.922529168094576,4.794537184071822,22.54563871164649,4.983978520947208,0.0,11.600939890232516,36.958650497398246,18.12128247182555,36.53228420488601,22.298523144499327,45.644839430502216,0.0,14.53505668968577,12.965578028838582,30.728542411189135,35.22988171520121,39.772382169863064,0.0,5.749511833283905,25.829616787715196,40.702634798887935,5.749511833283905,11.600939890232516,52.118350631360954,7.04767198267719,5.917906046161393,12.84164324585202,29.19048196106973,5.022633313741326,10.902924932081056,0.0,84.31,43.142560836727185,22.3561973747711,0.0,34.143639526691715,29.431954452616637,0.0,15.663852950254908,25.24677318806202,0.0,20.601534249907075,16.337802844032566,62.923373801754174,6.246214085434788,22.561622568454,6.633593710759248,0.6925613637267447,-5.999943013355976,3.8643912779159297,2.669161607383143,-1.8540942508415663,1.5408966265472954,0.4347826086956521,36,2,8,1,2,3,0,1,2,3,1,0,8,2,13,4,4,1,1,2,0,0,5.050769508586685,6,4.399000000000003,127.25040000000004,0,0,0,0,0,3,0,0,0,0,0,0,0,0,0,4,2,0,0,0,0,0,0,0,0,4,0,0,0,4,1,0,0,0,1,0,3,0,0,0,0,1,0,0,5,0,0,0,0,0,0,0,0,0,0,0,0,0,0,0,0,0,0,0,0,0,0,0,0,0,0,0,0,1,0,0,0,0,0,0,0,0,0,0,0,CHEMBL5435064,Cn1c(=O)c2c(c3cc(Nc4nc(N5CC(F)(F)C5)ncc4Cl)ccc31)N[C@@H](C1CC1)C(F)(F)CO2,10.0,1.0,CHEMBL4105786,B-cell lymphoma 6 protein,4,Large-Polar-Aromatic-Rigid-Hydrophobic,Large-Polar-Aromatic-Rigid-Hydrophobic
14.006184296672387,14.006184296672387,0.0725972223180864,-1.0016862415705388,0.0600566160353204,17.6056338028169,969.1969999999995,900.6529999999996,968.516011136,376,0,0.2639041831438797,-0.3843789013525785,0.3843789013525785,0.2639041831438797,0.8169014084507042,1.5492957746478873,2.267605633802817,16.47473713433917,9.94380815742992,2.453131375318714,-2.3661798249431545,2.3521636393691776,-2.537966894790801,6.251744159510575,-0.1361885980948896,3.6142264958659074,0.7852062313284427,2703.0690234552917,50.182494071269765,41.625179559717175,41.625179559717175,34.302973144129226,25.453692931612075,25.453692931612075,19.396954788232136,19.396954788232136,14.595575181676232,14.595575181676232,10.578160420540458,10.578160420540458,-6.6499999999999995,4941387386547731.0,50.72871188791202,23.056775605507703,11.76686607054622,415.41027792666074,30.154238144460873,6.041840829147961,0.0,17.721539188054518,23.28080608310653,0.0,48.67836835421003,0.0,0.0,0.0,49.59430021108608,117.94814971418558,112.650902778936,11.126902983393991,33.50408605823098,46.81785092547616,0.0,30.3172849215113,0.0,117.07635949814367,62.69900069935809,115.65556320046738,0.0,11.126902983393991,26.409542437921473,11.374772549367124,0.0,0.0,119.6927701124049,32.209987317840664,20.771211599071872,130.15365341789365,65.45820786868792,0.0,11.126902983393991,0.0,193.55999999999997,29.67055974655398,33.561760288502754,0.0,47.8869289889136,62.12498485691508,109.65980695130288,5.563451491696996,18.19910120538483,37.80385546684557,67.98973633666583,4.736862953800049,5.699737904553794,0.0,101.19796732931376,8.588650211701214,8.720236980404861,-2.1054595437083465,19.025986958479223,7.087334640849551,14.618878851739266,0.0,0.4727272727272727,71,4,16,0,4,4,6,3,1,4,1,0,11,4,16,5,19,0,3,3,0,1,16.473810236000542,8,6.400560000000006,272.34529999999955,0,0,0,0,0,1,1,0,0,0,6,6,0,0,0,4,4,0,0,0,0,1,0,0,0,0,0,6,0,2,2,0,0,0,3,0,1,0,0,0,0,1,0,0,0,0,0,0,2,0,0,0,0,0,0,0,0,0,0,0,0,0,0,0,0,0,0,0,0,1,1,0,0,1,0,0,0,0,0,0,0,0,0,4,0,CHEMBL5178146,CCN(c1cc(-c2ccc(CN3CCN(C(=O)CCCCCCCNc4cccc5c4C(=O)N(C4CCC(=O)NC4=O)C5=O)CC3)cc2)cc(C(=O)NCc2c(C)cc(C)[nH]c2=O)c1C)C1CCOCC1,60.0,1.7781512503836436,CHEMBL5169086,CRBN/EZH2,4,Large-Polar-Aromatic-Flexible-Hydrophobic,Large-Polar-Aromatic-Flexible-Hydrophobic
12.837946099357534,12.837946099357534,0.0423062738205279,-4.26081045036376,0.3565180632488999,15.236842105263158,541.6030000000003,515.3950000000003,541.1871641120001,198,0,0.3933283894768193,-0.3681217190155692,0.3933283894768193,0.3681217190155692,1.236842105263158,2.0,2.6842105263157894,32.13353981814178,10.005852809074822,2.291428723286047,-2.326800520533558,2.3321961428769615,-2.385039731385035,7.182477780663866,-0.1262427296792866,3.418444151519494,1.2477328558588738,1544.478325390799,27.02636877963644,20.67765733008841,21.494153911016134,18.107506702887015,12.202106530913856,13.018603111841584,9.616855883379648,10.732055754668892,6.972659752091838,8.015708770768327,5.086285074135931,6.112644498633173,-3.69,343057238.1155787,25.93854908585193,10.22733462868451,5.439264600020598,220.4243862892909,15.617555728959871,35.28348498577345,0.0,5.907179729351506,0.0,6.176298517443475,9.6944469149223,9.967957041894415,18.433136697762947,11.336785877934735,6.06636706846161,49.09138463432146,41.45618217266804,11.807045837390806,17.96578232709628,44.18137395128769,5.261891554738487,19.43496642053625,5.733667477162185,51.49385422688524,18.40630141583148,52.290766520554726,0.0,6.069221312792274,11.050456081168516,18.98910792085949,0.0,11.336785877934735,50.649798308304334,24.304871618822983,18.254850067221383,34.53962141779577,30.59278834861098,0.0,21.11954556616642,0.0,112.86,18.504299869720988,23.227673881834768,0.0,17.463744428761835,21.728411406768853,65.84252625699952,12.393687143226153,10.633466716252965,19.056471336613843,26.253876689543496,5.733667477162185,40.16192537793034,1.0490003505064158,23.07910234668777,14.48983194178814,8.805814489473832,0.0776345725016625,9.613048130757306,-2.1163757219513144,4.423351845639171,0.0,0.3846153846153846,38,3,8,0,1,1,1,1,3,4,0,0,8,2,12,4,7,0,1,1,0,0,6.981111086409641,5,4.492700000000004,139.68009999999992,0,0,0,0,0,3,0,0,0,0,1,1,0,0,0,5,1,1,0,0,1,0,0,0,0,3,0,1,0,1,1,0,0,0,1,0,2,0,0,0,0,0,0,0,3,0,0,0,0,0,0,0,0,0,0,0,0,1,0,0,0,0,0,0,0,0,0,0,0,1,0,1,0,0,0,0,0,0,0,0,0,0,1,0,0,CHEMBL3780891,Cc1c(CN2CCC(Nc3ncnc4sc(CC(F)(F)F)cc34)CC2)ccc2c1cc(C#N)n2CC(N)=O,27.0,1.4313637641589874,CHEMBL2093861,Menin/Histone-lysine N-methyltransferase MLL,4,Large-Polar-Aromatic-Flexible-Hydrophobic,Large-Polar-Aromatic-Flexible-Hydrophobic
14.126182287729907,14.126182287729907,0.0,-4.8227130492814005,0.3710401772748046,19.272727272727273,645.0039999999999,617.788,644.1737357239999,236,0,0.4167980742778372,-0.475544222161159,0.475544222161159,0.4167980742778372,0.8181818181818182,1.5,2.113636363636364,35.45300219178218,9.89243656189107,2.4917322329509797,-2.4523781037783157,2.359697900483719,-2.639688759841505,5.964340508241357,-0.1527340270610839,3.001651521461788,4.417988130966531e-06,1452.7221523792914,30.82985187800029,23.01441851429919,23.830915095226917,20.371777137568124,13.344344292475723,13.344344292475723,10.214594515819764,10.214594515819764,7.440860905212586,7.440860905212586,5.31430260041585,5.31430260041585,-4.139999999999999,2991437645.7438307,32.76714126602168,12.841642127255737,6.977655169068395,253.79951676487337,19.436592146351483,17.894694685883472,0.0,5.601050810983688,11.814359458703011,12.35259703488695,14.57305288909085,9.967957041894415,26.34249028604892,12.407033161179976,0.0,49.239845656621675,51.3143127444021,23.235110881003564,40.66842760799261,30.039255397718016,0.0,24.75175502454258,0.0,30.795291091722657,44.16844816632592,78.00640767546442,0.0,5.749511833283905,9.636772684650529,32.160353063883946,5.749511833283905,12.407033161179976,81.43570372970473,17.147134218958772,0.0,34.32653490501483,61.31605320037343,0.0,0.0,0.0,91.76,53.00311818557721,35.93156465419256,0.0,50.63245745805362,24.97374265812179,41.55906514792307,11.227229805615018,12.263210640074686,4.899909730850477,14.951935562841625,4.736862953800049,86.63227716930753,0.0,43.933219941908774,0.0,-4.519208735457052,-0.8813053777898658,6.203821787165354,-4.388798943036864,0.9366608245687676,0.0,0.3928571428571428,44,0,9,0,2,2,2,1,2,3,1,0,7,0,16,4,5,0,2,2,0,1,9.563270492533723,5,4.733600000000004,147.25249999999977,0,0,0,0,0,3,0,0,0,0,2,2,0,0,0,6,0,0,0,0,1,0,0,0,0,6,0,2,0,1,0,0,0,0,1,0,0,0,0,0,0,1,0,0,7,0,0,0,0,0,0,0,0,0,0,0,0,0,0,0,0,0,0,0,0,0,0,0,0,1,1,0,0,1,0,0,0,0,0,0,0,0,0,0,0,CHEMBL3112791,Cl.O=C(c1cnccc1C(F)(F)F)N1CCCC(Oc2ccc(C(F)(F)F)cc2)(C(=O)N2CCN(c3ccncn3)CC2)C1,18000.0,4.2552725051033065,CHEMBL1907611,Tumour suppressor p53/oncoprotein Mdm2,4,Large-Polar-Aromatic-Rigid-Hydrophobic,Large-Polar-Aromatic-Rigid-Hydrophobic
12.797811826616218,12.797811826616218,0.1138324978367801,-0.8605125582009334,0.5511991980109412,19.705882352941178,488.03600000000034,453.7640000000003,487.246251008,184,0,0.3283341165390602,-0.3904011974829495,0.3904011974829495,0.3283341165390602,1.1764705882352942,1.8529411764705883,2.5,35.495692388325146,10.063013948131928,2.2797573747183923,-2.419631575745256,2.2798028265943353,-2.54991714912378,6.32484793997713,0.0662264034166738,3.002393947342897,1.6349492822283522,1234.5729261071235,24.78372809251716,20.70923667185674,21.465165617875194,15.94137936268898,11.62473423598592,12.002698708995144,10.019198289094138,10.426398415834743,6.729311429870391,7.005907980890402,4.391958416526446,4.53025669203645,-2.620000000000001,28766128.56270493,24.502857459032445,9.203101535875104,4.915955949998509,204.52517713110365,15.323225729697514,5.022633313741326,5.817862777835028,5.948339280986494,0.0,5.689743398203474,14.034109026433184,9.778515705019029,4.983978520947208,0.0,11.600939890232516,59.36254360975052,44.4530091333944,22.83129581782929,5.106527394840706,40.08792965897012,0.0,24.002066068327604,7.04767198267719,58.34525929688069,30.35388312935915,39.90285867301453,0.0,0.0,15.906441733060282,17.453588333505085,0.0,11.600939890232516,66.93051072695025,13.592428388589765,0.0,34.11577042168851,29.190481961069725,5.022633313741326,11.033401435232523,0.0,91.45000000000002,5.601050810983688,9.901064578912528,0.0,5.689743398203474,41.83809505969735,29.810300521741237,0.0,36.226189249254226,18.19910120538483,40.99573296871293,16.58491841117972,3.3129668566317796,6.442952834102726,26.544922960407938,13.871333388450193,1.397713083292668,1.160319707198766,6.499958136975858,2.090103348555764,9.97815511919394,3.8960190096348097,0.5416666666666666,34,2,9,0,1,1,0,1,2,3,2,0,9,2,10,3,6,0,1,1,0,0,6.632420150427949,4,3.216800000000002,137.31849999999997,0,1,0,0,0,4,0,0,0,0,0,0,0,0,0,6,1,0,0,1,0,0,0,0,0,0,0,0,0,3,2,0,0,0,1,0,1,0,0,0,0,0,0,0,1,0,0,1,0,0,0,0,0,0,0,0,0,0,0,0,0,0,0,0,0,0,0,0,0,0,1,0,0,0,0,0,0,0,0,0,0,0,0,0,0,CHEMBL4458261,C[C@@H]1CN(c2ncc(Cl)c(Nc3ccc4c(c3)n(CCC(C)(C)O)c(=O)n4C)n2)C[C@H](C)N1C,190.0,2.278753600952829,CHEMBL4105786,B-cell lymphoma 6 protein,4,Large-Polar-Aromatic-Flexible-Hydrophobic,Large-Polar-Aromatic-Flexible-Hydrophobic
12.497351270013493,12.497351270013493,0.108293280805187,-4.430276317937007,0.5266492221520247,17.555555555555557,497.52500000000026,471.31700000000023,497.215093112,188,0,0.4221326451326081,-0.467986083881522,0.467986083881522,0.4221326451326081,1.0555555555555556,1.8055555555555556,2.5,19.41333443232484,9.959770000520813,2.306102661841474,-2.441197741665311,2.275485239083402,-2.5269968523946837,5.8481248286200715,-0.1535725642840337,2.854417748263018,1.11231112122027,1231.1167984691892,25.122745096813752,19.578429954690307,19.578429954690307,17.35861914291253,11.91444417049525,11.91444417049525,9.292255260646362,9.292255260646362,6.603611257137816,6.603611257137816,4.725380850370888,4.725380850370888,-3.649999999999999,116939557.95741946,24.062488813291235,10.14579512845535,5.763677952435202,206.26900950960564,19.853471019507335,11.844020792380803,12.424744742347947,5.879988336435371,0.0,6.176298517443475,0.0,14.951935562841625,18.433136697762947,0.0,0.0,43.17347858816007,56.4372822480174,17.14937352210553,17.908108096824506,22.538650487751113,5.261891554738487,19.8518452936921,5.917906046161393,25.059782592443455,49.54736232893259,48.288973977231194,0.0,11.949209649227644,14.953561288656855,24.67649419554305,5.879988336435371,0.0,71.40064863435933,0.0,17.249018913692154,18.405094737549017,42.7255224855342,0.0,11.033401435232523,0.0,90.20000000000002,12.783180481956393,13.17124514302446,0.0,11.921829165583333,28.332621750925934,51.25281155009846,12.393687143226153,6.06636706846161,24.26546827384644,36.13776494134118,9.998754508538536,42.28645053166965,0.0,17.489259966769847,12.357452195703504,2.775135767979962,1.019706544117801,13.022827273538043,-1.1410290028728238,3.606863389760691,0.0,0.44,36,1,8,0,2,2,0,1,2,3,0,0,8,1,11,4,7,0,2,2,0,0,6.781474493900043,5,3.8502800000000024,128.82770000000005,0,0,0,0,0,3,0,0,0,0,0,0,0,0,0,6,1,0,0,0,1,0,0,0,0,3,0,0,0,2,0,0,0,0,1,0,1,0,0,0,0,1,0,0,3,0,0,0,0,0,0,0,0,0,0,0,0,1,0,0,0,0,0,0,0,0,0,0,0,1,0,0,0,1,0,0,0,0,0,0,0,0,0,0,0,CHEMBL5188240,N#Cc1ccc(N2CC(CN3CCC(Nc4ncnc5ccc(OCC(F)(F)F)nc45)CC3)C2)cc1,5600.0,3.7481880270062,CHEMBL613835,MV4-11,4,Large-Polar-Aromatic-Flexible-Hydrophobic,Large-Polar-Aromatic-Flexible-Hydrophobic
13.271685407452749,13.271685407452749,0.0138128899019054,-0.8864935956399698,0.5425592824248157,28.975,567.0380000000002,535.7900000000004,566.1819790119998,210,0,0.3187249933392735,-0.5040425270912626,0.5040425270912626,0.3187249933392735,1.225,2.025,2.725,35.49569244393744,9.525423673439745,2.578135049298165,-2.5657454097992365,2.5928264058762656,-2.601101107266924,6.307821823055391,-0.1457848686437301,3.388534302825029,1.552500607642915,1470.192768718161,28.344206024832225,22.771024818934723,23.52695376495318,19.232749677769615,13.236033127096912,13.61399760010614,10.902926493261946,11.33936227373393,9.113139460167364,9.3482365629551,7.2371788430218515,7.427466691161052,-3.5599999999999996,1302160085.3005762,26.65178500618655,9.815974408330892,3.8175283614699858,236.82844749113295,29.05461457082796,11.629591048932095,29.145399872337222,0.0,0.0,5.969305287951848,9.589074368143644,0.0,0.0,0.0,28.889386753906276,56.27264443835748,45.50854675646445,21.3293926238326,33.743779208121126,29.065175127320003,0.0,4.899909730850477,16.991524819073327,36.82326255507107,34.92182101242236,69.44345960132742,0.0,11.49902366656781,4.736862953800049,0.0,11.49902366656781,11.600939890232516,68.434334204349,35.73620095180316,11.835812092322788,41.199415600388306,47.322733047548645,5.022633313741326,0.0,0.0,106.89,23.406168191258324,14.69560176298435,0.0,35.662837111168116,46.02548090911121,12.10820789760957,21.3293926238326,24.26546827384644,12.142387175295491,17.10329444027821,30.649117335369297,16.314204683600824,6.252490741804326,34.82682373996139,16.474615298082007,2.592481654296345,-0.9365747490929596,8.829271222118559,2.510216101323535,0.7666321897380769,6.39761689594568,0.4333333333333333,40,1,9,2,2,4,0,2,0,2,5,2,9,1,10,2,5,0,1,1,0,0,6.540330988926604,6,3.936300000000003,146.60279999999983,0,0,0,0,0,0,0,1,0,0,2,2,0,0,0,2,0,0,0,1,1,0,0,0,0,0,1,0,0,0,0,0,0,0,2,0,1,0,0,0,1,3,0,0,1,0,0,0,0,0,0,1,1,0,0,3,0,0,0,0,0,0,0,1,0,1,1,0,0,1,0,0,0,0,0,0,0,0,0,0,0,0,0,0,0,CHEMBL2337610,COC(=O)[C@@H]1C(c2cccc(Cl)c2)=NO[C@H]1c1cc(OC)c(O)c2c1C[C@@H]1[C@@H]3C=C(OC)C(=O)C[C@]23CCN1C,78300.0,4.893761762057943,CHEMBL614822,NIH3T3,4,Large-Polar-Aromatic-Rigid-Hydrophobic,Large-Polar-Aromatic-Rigid-Hydrophobic
12.751272629815777,12.751272629815777,0.2171647942221986,-4.2313650064687325,0.5191491712437962,15.875,465.5450000000002,439.3370000000001,465.181016112,172,0,0.3933283894768193,-0.4922716073109351,0.4922716073109351,0.3933283894768193,1.1875,2.0,2.75,32.13353941421914,10.03724072208654,2.289930733969355,-2.3234334375047387,2.327731726750126,-2.383730226791794,7.182459740642532,-0.1261381401320525,3.1547243113035677,1.3363147330629388,1033.823348411007,22.55383099606141,17.56768718946467,18.384183770392394,15.39229264772375,10.603086604851011,11.41958318577874,7.925071050411315,9.040270921700564,5.374751348852831,6.4178003675293205,3.9025252792147977,4.92888470371204,-2.43,18671172.741963934,22.7528753807604,10.01316324927612,6.08201542770499,188.15314906914728,15.787319034968563,29.33197307001696,0.0,0.0,0.0,6.176298517443475,4.899909730850477,9.967957041894415,13.17124514302446,11.336785877934735,12.13273413692322,36.60419594293385,37.09801364649956,11.807045837390806,17.908108096824506,27.371269289855128,0.0,14.867866772744891,5.733667477162185,38.02536062128204,31.557939786256973,47.09975410247088,0.0,5.749511833283905,15.787319034968563,18.98910792085949,5.749511833283905,11.336785877934735,53.327157301586965,12.965578028838586,0.0,23.282241931250315,36.65915541707259,0.0,10.216620634085364,0.0,76.30000000000001,12.597120140369483,13.17124514302446,0.0,10.91898802284926,29.18612178234588,49.56221017480838,11.890771566461538,6.06636706846161,18.19910120538483,26.251022445212833,10.470530430962237,43.85866653885479,1.071381094449174,11.66689439790084,4.093145626722327,6.6898842531542355,1.4451986046002971,9.838053353137669,-1.9114033586265275,3.664846156473867,0.0,0.4545454545454545,32,3,6,0,1,1,0,1,2,3,0,0,7,2,10,3,8,0,1,1,0,0,7.119632986812171,4,4.210100000000003,120.08710000000004,0,0,0,0,0,2,0,0,0,0,0,0,0,0,0,3,1,1,0,0,1,0,0,0,0,3,0,0,0,1,0,0,0,0,1,0,1,0,0,0,0,1,0,0,3,0,0,0,0,0,0,0,0,0,0,0,0,0,0,0,0,0,0,0,0,0,0,0,0,1,0,0,0,0,0,0,0,0,0,0,0,0,1,0,0,CHEMBL4521648,NCCOc1cccc(CN2CCC(Nc3ncnc4sc(CC(F)(F)F)cc34)CC2)c1,1220.0,3.0863598306747484,CHEMBL2093861,Menin/Histone-lysine N-methyltransferase MLL,4,Large-Polar-Aromatic-Flexible-Hydrophobic,Large-Polar-Aromatic-Flexible-Hydrophobic
12.967525414295173,12.967525414295173,0.0866069143149708,0.0866069143149708,0.4950874807828209,17.16216216216216,521.0690000000002,487.80500000000023,520.2465853560001,194,0,0.2534397847770795,-0.3932126189662964,0.3932126189662964,0.2534397847770795,0.8648648648648649,1.4864864864864864,2.1621621621621623,35.495697599123496,10.012006495436529,2.213131266441529,-2.35005975403826,2.3558758375047977,-2.466325669699193,6.319273677714569,0.0663877642202674,2.9187384457369783,1.4217187996501324,1251.761003708085,25.940582342009534,21.322501008671853,22.078429954690307,17.885050488558726,12.57625688271872,12.954221355727949,9.746840068761916,10.104853156212233,7.184547569372157,7.485737640037313,4.737450799175328,4.870597649085105,-3.4,275531898.06573915,25.257990040742417,10.919593715198111,5.635141481569,222.38146433318195,30.650095004570424,12.014706349448105,10.97097259472782,0.0,5.907179729351506,0.0,4.794537184071822,9.967957041894415,0.0,0.0,29.800041095617345,49.48771522259481,57.92150273899759,11.374772549367124,4.794537184071822,40.38814122146974,0.0,24.66768623444585,0.0,0.0,82.40376102467397,59.5084508625856,0.0,11.126902983393991,15.950365812018994,22.880021601885716,0.0,11.600939890232516,97.02826117645232,0.0,0.0,10.357988675768818,48.79188955399581,5.153109816892792,11.126902983393991,0.0,93.86,0.0,4.794537184071822,0.0,11.0602895462443,17.068700544215584,74.8597267800617,6.3273200747645415,0.0,29.165378004696915,62.27892000919139,17.3346073673947,0.0,6.149938833770107,30.10740970565581,3.613872414053901,11.201965938460129,0.5594296432078103,14.193599488089628,1.399317611185327,7.159664465786293,4.2259130109021115,0.3703703703703703,37,3,9,0,2,2,1,2,1,3,0,0,8,2,10,3,5,0,2,2,0,0,7.454242954254794,5,3.262200000000001,149.72559999999982,0,0,0,1,0,2,0,0,0,0,1,1,0,0,0,6,1,1,0,2,0,0,0,0,0,0,0,1,0,4,0,0,0,0,2,0,0,0,0,0,0,0,0,0,1,0,0,0,0,0,0,0,0,0,0,0,0,0,0,0,0,0,0,0,0,0,0,0,0,0,2,0,0,0,0,0,0,0,0,0,0,0,0,0,0,CHEMBL5092012,CN1CCN(C(=O)c2ccc(-c3ccc(N4CCN(C)CC4)c(Nc4ncnc(Cl)c4N)c3)cc2)CC1,220.0,2.342422680822206,CHEMBL3883320,Histone-lysine N-methyltransferase 2A/WDR5,4,Large-Polar-Aromatic-Rigid-Hydrophobic,Large-Polar-Aromatic-Rigid-Hydrophobic
14.799459781438376,14.799459781438376,0.003845310692127,-4.875139828026024,0.1555481981733686,19.75,756.7659999999997,718.4619999999998,756.241625256,282,0,0.425230616209443,-0.4914027181381871,0.4914027181381871,0.425230616209443,1.0192307692307692,1.75,2.4038461538461537,32.133477794778734,9.792859119769396,2.557800698377235,-2.504869206258732,2.42767688239698,-2.6886036767327575,7.099054242952098,-0.1593072199255279,3.592794996573413,1.4540606436036645,1727.7421038014588,37.6832230291288,28.21212862447315,29.02862520540088,24.651869448729855,16.802498783895913,17.682151595150803,12.55428809147677,13.465519017895248,9.12369641607131,10.077095403448569,6.7660156999061405,7.443116361978522,-4.539999999999999,209058549142.6793,38.68535451032721,16.002324869339457,8.55972170454944,299.4713867033653,29.27998249499224,16.37617086026911,0.0,5.601050810983688,11.814359458703011,18.3219023228388,19.36759007316267,0.0,26.34249028604892,11.336785877934735,25.477292959539852,37.46156607416286,69.40554225756857,29.46301205173843,55.306355140705186,34.807836899273155,0.0,14.783797982648164,0.0,69.44415561226529,44.230573724926266,70.17600250155702,0.0,11.49902366656781,14.373635638450576,32.02987656073248,11.49902366656781,11.336785877934735,88.64754575835119,21.941671403030593,0.0,66.2472542984138,54.17195232446173,0.0,0.0,0.0,112.51,57.78320359876874,40.726101838264384,0.0,57.67394950723858,49.083820837357415,29.52750325683724,9.799819461700954,19.056471336613843,17.032643867773697,4.983978520947208,14.580253302440804,95.09694725046174,0.3855375506501537,47.18506673562088,10.069723238514364,-3.084451742836733,-2.2248000923278743,7.533728089733113,-6.928505718541771,2.883421355392815,0.0,0.4857142857142857,52,1,10,0,2,2,2,1,2,3,2,0,8,1,17,4,12,0,2,2,0,0,11.904915587688892,5,6.995600000000008,178.4852999999995,1,0,0,0,0,1,0,0,1,1,3,2,0,0,0,4,0,0,0,0,1,0,0,0,0,6,0,2,0,1,0,0,0,0,1,0,0,0,0,0,0,2,0,0,6,0,0,0,0,0,0,0,0,0,0,0,0,0,0,0,0,0,0,0,2,0,0,0,0,1,1,0,0,1,0,0,0,0,0,0,0,0,1,0,0,CHEMBL3805372,CCC[C@H]1N(C(=O)c2cnccc2C(F)(F)F)CCC[C@@]1(Oc1csc(C(F)(F)F)c1)C(=O)N1CCN(c2ccccc2OCCCC(=O)O)CC1,7.0,0.8450980400142568,CHEMBL1907611,Tumour suppressor p53/oncoprotein Mdm2,4,Large-Polar-Aromatic-Flexible-Hydrophobic,Large-Polar-Aromatic-Flexible-Hydrophobic
14.929540828255783,14.929540828255783,0.0924792593937562,-3.1000242218304717,0.5017884407471965,25.894736842105264,544.9900000000001,517.7740000000002,544.180122844,200,0,0.300696321625657,-0.4797949945732011,0.4797949945732011,0.300696321625657,1.1842105263157894,1.9473684210526316,2.6842105263157894,35.49569265550816,10.044934134468798,2.508447617977885,-2.3430036489863797,2.4546579715541537,-2.463541859690558,6.32502482499717,-0.0578653485407471,3.71239471452533,1.276676522184396,1480.0653830002327,26.18106931801569,20.716042294241944,21.4719712402604,18.297663518237027,12.89510719721027,13.273071670219498,10.630638893027449,11.03783901976805,8.07584208013148,8.352438631151491,5.947864912613358,6.086163188123364,-3.18,900122027.5139332,23.901765022333684,8.670271623000623,3.857054710502371,221.6425077889811,29.574312494254592,5.022633313741326,12.424744742347947,11.6978511142704,5.559266895052007,5.922529168094576,4.794537184071822,13.764808616296849,4.983978520947208,0.0,11.600939890232516,49.800293743250265,18.12128247182555,48.74021698038261,18.254556002949737,45.644839430502216,0.0,14.53505668968577,12.965578028838582,49.731338147242504,35.354132832401895,39.772382169863064,0.0,5.749511833283905,25.829616787715196,31.921804703538292,5.749511833283905,11.600939890232516,58.403754238762986,11.78453493647724,5.917906046161393,25.68328649170404,29.19048196106973,5.022633313741326,10.902924932081056,0.0,93.54,24.130518856807463,13.575367279421462,0.0,23.75109953774122,52.28029678303686,25.68328649170404,4.567099647791355,31.443616759675095,0.0,20.517465459810342,26.05864431877982,42.41292279224717,6.475072919349014,24.45886422941819,7.216028099977236,1.0573432654160262,-2.3245064703854057,4.753181944546117,5.081889217209799,0.4594691270286168,1.6041793196376806,0.5,38,2,9,1,3,4,0,1,2,3,3,2,9,2,12,5,4,1,2,3,0,2,5.453547237178121,7,4.311300000000003,140.19839999999994,0,0,0,0,0,3,0,0,0,0,0,0,0,0,0,4,2,0,0,0,0,0,0,0,0,2,0,0,0,4,1,0,0,0,1,0,5,0,0,0,0,2,0,0,3,0,0,0,0,0,0,0,0,0,0,0,1,0,0,0,0,0,0,0,0,0,0,0,0,0,0,0,0,1,0,0,0,0,0,0,0,0,0,0,0,CHEMBL5396893,Cn1c(=O)c2c(c3cc(Nc4nc(N5C6CCC5COC6)ncc4Cl)ccc31)N[C@@H](C1CC1)C(F)(F)CO2,1.4,0.146128035678238,CHEMBL4105786,B-cell lymphoma 6 protein,4,Large-Polar-Aromatic-Rigid-Hydrophobic,Large-Polar-Aromatic-Rigid-Hydrophobic
14.803060115364634,14.803060115364634,0.0007211993838911,-4.865389093348723,0.2260728934335215,20.352941176470587,742.7829999999998,702.4629999999997,742.2623606999999,278,0,0.425230616209443,-0.4884404964661052,0.4884404964661052,0.425230616209443,1.0196078431372548,1.7254901960784317,2.3529411764705883,32.13347771642867,9.792859112467628,2.5579001638279353,-2.504900985186916,2.4279143735643167,-2.688609571491957,7.099051490364076,-0.1592868674202239,3.56189714717474,1.4830758017246377,1685.4332663507494,37.19165919756609,28.389666771636193,29.206163352563923,23.942474010480012,16.598374638663984,17.478027449918873,13.30964383942054,14.22087476583902,8.912048250050653,9.865447237427912,6.614859293055781,7.291959955128162,-4.049999999999999,101662639157.35696,38.18723830151557,14.895004514204604,8.539428652314687,295.3098646033215,29.27998249499224,22.98305282478203,0.0,5.601050810983688,11.814359458703011,12.35259703488695,14.57305288909085,0.0,26.34249028604892,11.336785877934735,25.477292959539852,44.88821885061809,62.98472063464256,28.4571808982092,50.511817956633365,28.838531611321308,0.0,14.783797982648164,0.0,76.0510375767782,44.230573724926266,70.17600250155702,0.0,11.49902366656781,14.373635638450576,32.02987656073248,11.49902366656781,11.336785877934735,88.27929128138302,17.147134218958772,0.0,67.25308545194302,54.17195232446173,0.0,0.0,0.0,95.44,57.41494912180058,41.03809204903327,0.0,51.25312788431257,42.66299921443141,29.52750325683724,9.799819461700954,32.903945735995094,17.032643867773697,4.983978520947208,9.473725907600098,95.12812320077106,0.3959983365213289,36.35753731047673,11.315922943972838,-4.1077380493703775,-1.2407899220011054,7.649759707566315,-7.090769783017107,6.091956255080322,0.0,0.5142857142857142,51,1,9,0,2,2,2,1,2,3,2,0,8,1,16,4,10,0,2,2,0,0,11.152923272276103,5,6.901700000000009,177.91329999999948,0,1,0,0,0,1,0,0,0,0,2,2,0,0,0,4,0,0,0,0,1,0,0,0,0,6,0,2,0,1,0,0,0,0,1,0,0,0,0,0,0,2,0,0,6,0,0,0,0,0,0,0,0,0,0,0,0,0,0,0,0,0,0,0,2,0,0,0,0,1,1,0,0,1,0,0,0,0,0,0,0,0,1,0,0,CHEMBL3805484,CCC[C@H]1N(C(=O)c2cnccc2C(F)(F)F)CCC[C@@]1(Oc1csc(C(F)(F)F)c1)C(=O)N1CCN(c2ccccc2OCC(C)(C)O)CC1,23.0,1.3617278360175928,CHEMBL1907611,Tumour suppressor p53/oncoprotein Mdm2,4,Large-Polar-Aromatic-Flexible-Hydrophobic,Large-Polar-Aromatic-Flexible-Hydrophobic
14.83906986772054,14.83906986772054,0.0070475548367272,-4.881100480328193,0.2033671487088319,19.943396226415093,770.7929999999998,730.4729999999997,770.25727532,288,0,0.425230616209443,-0.4902456576537403,0.4902456576537403,0.425230616209443,1.0,1.69811320754717,2.320754716981132,32.133477861257276,9.792858862536873,2.558215364444672,-2.504906042278856,2.4286646242615584,-2.6886090632632196,7.099056340682734,-0.1593138634179705,3.598652191088373,1.4692500020520949,1791.723056170845,38.76900946675571,29.297915062100056,30.114411643027783,24.885849683454076,17.052498783895913,17.932151595150806,13.686245620617283,14.597476547035765,9.498623979397388,10.452022966774646,6.680406467429571,7.357507129501952,-4.539999999999999,263368985266.7154,39.662702740021295,15.43822383292296,8.49362190109719,305.8363288177619,29.27998249499224,22.98305282478203,0.0,5.601050810983688,11.814359458703011,18.3219023228388,19.36759007316267,0.0,26.34249028604892,11.336785877934735,25.477292959539852,44.88821885061809,62.98472063464256,28.271120556622293,55.306355140705186,34.807836899273155,0.0,14.783797982648164,5.414990469396779,70.4499867657945,44.230573724926266,70.17600250155702,0.0,11.49902366656781,14.373635638450576,32.02987656073248,11.49902366656781,11.336785877934735,88.64754575835119,21.941671403030593,5.414990469396779,67.25308545194302,54.17195232446173,0.0,0.0,0.0,112.51,63.19819406816552,45.83262923310509,0.0,64.34264069613772,35.26087267728982,23.84011698215368,23.6472938610822,31.18920547353706,4.899909730850477,4.983978520947208,9.473725907600098,95.27755059989244,0.380630148805066,47.927459155144824,10.650984819935996,-4.331380257033105,-2.4335726872468197,7.384141263209653,-7.23702802084004,5.547881644798664,0.0,0.5,53,1,10,0,2,2,2,1,2,3,2,0,8,1,17,4,11,0,2,2,0,0,11.553239296587464,5,7.241600000000008,183.0322999999995,1,0,0,0,0,1,0,0,1,1,3,2,0,0,0,4,0,0,0,0,1,0,0,0,0,6,0,2,0,1,0,0,0,0,1,0,0,0,0,0,0,2,0,0,6,0,0,0,0,0,0,0,0,0,0,0,0,0,0,0,0,0,0,0,2,0,0,0,0,1,1,0,0,1,0,0,0,0,0,0,0,0,1,0,0,CHEMBL3805140,CCC[C@H]1N(C(=O)c2cnccc2C(F)(F)F)CCC[C@@]1(Oc1csc(C(F)(F)F)c1)C(=O)N1CCN(c2ccccc2OCC(C)(C)C(=O)O)CC1,4.0,0.6020599913279624,CHEMBL1907611,Tumour suppressor p53/oncoprotein Mdm2,4,Large-Polar-Aromatic-Flexible-Hydrophobic,Large-Polar-Aromatic-Flexible-Hydrophobic
12.33144311358101,12.33144311358101,0.0,-5.161113939288091,0.1285861168984322,11.948717948717947,580.6600000000003,551.4280000000003,580.1313875480001,202,0,1.0,-0.7440352675828643,1.0,0.7440352675828643,0.7948717948717948,1.435897435897436,2.0,,,,,,,,,2.869142923494405,4.2024932710571085e-06,1771.8691682803371,27.82769816688717,22.59324135262751,26.226234514482957,17.920913288952015,12.321149980378983,15.13764656130671,8.748781010580698,11.476508517926897,6.726589999192649,8.43431362967428,4.800162177670457,6.0824034189059955,-2.249999999999999,179836593.06859958,31.279947970863685,12.092325939671923,6.245087655397828,250.46643396812976,18.42256041528455,44.66903409040894,0.0,5.3572304483063045,0.0,29.557286032607937,0.0,21.41111982813769,0.0,0.0,6.06636706846161,58.026784141070536,52.98621191298771,15.85733401949716,59.91553068569988,36.892884348857706,0.0,4.575525859479815,0.0,37.485915749798046,31.07893535450078,59.954534064460795,0.0,22.45060189396543,44.38995207124453,5.687386274683562,0.0,0.0,52.1201193396889,20.236253718067108,0.0,27.694948798762496,68.80542150424338,0.0,33.41984625007247,0.0,133.79,30.027220669102658,25.9410937160386,0.0,35.12073752430493,33.92276182683708,43.29000941510177,6.06636706846161,12.13273413692322,51.960417072608934,9.475435590330292,4.417150937053347,80.34362125352575,0.0,0.5495052481889608,1.4375365492909236,2.2805559522681653,0.4614507353867476,13.907193063953976,0.0,11.175732245358317,-10.155595047972842,0.2962962962962963,39,0,9,1,1,2,0,2,0,2,0,0,8,0,12,1,8,0,0,0,0,0,9.698649390760592,4,0.6750000000000012,144.11039999999983,0,0,0,0,0,0,0,0,0,0,0,0,0,0,0,2,0,0,0,0,0,0,0,0,0,0,0,0,0,1,0,0,0,0,3,0,2,0,0,0,0,0,0,0,0,0,0,0,0,0,0,0,0,0,0,0,0,0,0,0,0,0,0,0,0,0,0,0,0,0,0,0,0,0,0,0,0,0,0,0,0,0,0,0,0,CHEMBL1306565,CCN(CC)c1ccc2c(-c3ccc(S(=O)(=O)[O-])cc3S(=O)(=O)[O-])c3ccc(=[N+](CC)CC)cc-3oc2c1.[Na+],1025.0,3.010723865391773,CHEMBL2096976,Peroxisome proliferator-activated receptor gamma/Nuclear receptor corepressor 2,4,Large-Polar-Aromatic-Flexible-Hydrophilic,Other
9.006145005450371,9.006145005450371,0.4001669171741459,0.4001669171741459,0.4983853934876584,19.846153846153847,525.7050000000004,486.3930000000004,525.332842248,204,0,0.1558426194319499,-0.3707419147357934,0.3707419147357934,0.1558426194319499,0.9230769230769232,1.6666666666666667,2.358974358974359,15.238153108536736,9.959753573466765,2.301856397524423,-2.4412348667866133,2.281590600983739,-2.5270046139865574,5.8588784890503485,0.1736512729705642,2.9555850812669138,1.0081599998956727,1296.2526542604055,26.76900946675572,23.12938604894794,23.12938604894794,19.05117782875677,14.326329782019847,14.326329782019847,11.59019708037109,11.59019708037109,8.74951959022684,8.74951959022684,6.2842997866702195,6.2842997866702195,-3.4799999999999995,870971862.4369254,25.77956933019805,11.32583348011488,5.773233434814119,230.99740483018064,24.91642752740824,17.66188357021583,5.817862777835028,0.0,0.0,0.0,0.0,14.951935562841625,5.261891554738487,0.0,0.0,76.17683286782808,69.5022688205289,17.14937352210553,0.0,28.356513265586138,5.261891554738487,24.75175502454258,5.917906046161393,37.76696814999996,75.02524687244969,48.288973977231194,0.0,6.069221312792274,15.116608065707286,17.323111830353618,0.0,0.0,96.74407548958092,0.0,17.249018913692154,31.246737983401033,42.7255224855342,0.0,11.033401435232523,0.0,87.45,0.0,0.0,0.0,0.0,18.001587704457314,99.72915981569165,5.687386274683562,6.3273200747645415,12.13273413692322,79.31441812129576,10.245870075685694,0.0,0.0,23.907646835915095,12.725260583270718,3.7194709487899056,2.601691485991854,15.386635979435685,6.191015154354295,7.618152794883082,4.350126217359367,0.5333333333333333,39,1,9,0,3,3,0,1,2,3,0,0,9,1,9,5,7,0,3,3,0,0,7.48654126725384,6,3.439580000000002,156.1996999999997,0,0,0,0,0,3,0,0,0,0,0,0,0,0,0,8,1,0,0,0,1,0,0,0,0,0,0,0,0,3,0,0,0,0,1,0,1,0,0,0,0,0,0,0,0,0,0,0,0,0,0,0,0,0,0,0,0,1,0,0,0,0,0,0,0,0,0,0,0,2,0,0,0,1,0,0,0,0,0,0,0,0,0,0,0,CHEMBL5187553,CN(C)C1CCN(c2ccc3ncnc(NC4CCN(CC5CN(c6ccc(C#N)cc6)C5)CC4)c3n2)CC1,130.0,2.113943352306837,CHEMBL2093861,Menin/Histone-lysine N-methyltransferase MLL,4,Large-Polar-Aromatic-Flexible-Hydrophobic,Large-Polar-Aromatic-Flexible-Hydrophobic
15.62042637260356,15.62042637260356,0.1397619458882548,-0.3625146541770772,0.2578467191998186,16.51219512195122,583.1120000000001,546.8240000000003,582.2633782920001,218,0,0.250779534008562,-0.3932126189661752,0.3932126189661752,0.250779534008562,1.0731707317073171,1.804878048780488,2.5365853658536586,35.49569783575666,10.00658216323545,2.2144948597867864,-2.350722710087012,2.372892345708012,-2.4429393605186127,6.319283630363969,0.0373779563571766,2.9912376564739738,1.3232240667454451,1345.3883174710045,28.76900946675572,23.205470251015,23.961399197033455,19.88505048855872,13.875761286406124,14.25372575941535,10.332106071085676,10.690119158535992,7.516166384504391,7.817356455169548,5.026909126636129,5.160055976545906,-3.5099999999999993,1921553266.6723497,28.99855099228829,13.43453438842312,7.228845292207019,244.180457707813,30.90392710067585,17.831927190493996,10.97097259472782,0.0,5.907179729351506,0.0,9.6944469149223,14.358372089569237,0.0,0.0,23.733674027155736,49.842169777059205,56.94019782478201,24.58853647839296,13.921815185546691,40.38814122146974,0.0,25.0845651076017,0.0,6.4208216229260096,88.56985297102263,59.25930463516988,0.0,11.126902983393991,21.267154416025324,27.270436649560533,0.0,11.600939890232516,98.2944433919505,4.736862953800049,5.817220841045894,16.77881029869483,42.725522485534206,5.153109816892792,11.126902983393991,0.0,111.88,0.0,4.794537184071822,4.39041504767482,22.564896661973755,40.42774620820572,65.44788039333986,12.393687143226153,30.33183534230805,0.0,42.34893542513569,22.071470321194752,20.993638651823783,6.121446948139123,27.572606220982617,6.369948743659435,9.254805954929918,-0.1667187022958227,10.244315336358076,2.1943647255036667,8.124733510331517,2.0686363883454617,0.4137931034482758,41,4,10,0,2,2,1,2,1,3,0,0,9,3,12,3,9,0,2,2,0,0,9.502000744398496,5,3.4658000000000007,160.4922999999997,0,0,0,1,0,2,0,0,0,0,1,1,0,0,0,5,2,1,0,1,0,0,0,0,0,0,0,1,0,4,0,0,0,0,2,0,0,0,0,0,0,1,0,0,2,0,0,0,0,0,0,0,0,0,0,0,1,0,0,0,0,0,0,0,0,0,0,0,0,0,1,0,0,0,0,0,0,0,0,0,0,0,0,0,0,CHEMBL5071376,CN1CCN(c2cc(F)c(-c3ccc(C(=O)NCCCN4CCOCC4)cc3)cc2Nc2ncnc(Cl)c2N)CC1,17300.0,4.238046103128795,CHEMBL3706572,MOLM-13,4,Large-Polar-Aromatic-Flexible-Hydrophobic,Large-Polar-Aromatic-Flexible-Hydrophobic
14.222603104369822,14.222603104369822,0.0469482256273197,-1.2230487755769717,0.0172198246755452,19.93103448275862,841.0979999999996,772.5539999999997,840.511611516,330,0,0.3256966935004625,-0.4797174682622497,0.4797174682622497,0.3256966935004625,0.6896551724137931,1.2413793103448276,1.8448275862068968,32.116869264175605,9.843499373085418,2.489895475290363,-2.360688805536061,2.4004129592782375,-2.586689024674998,7.797454545815581,-0.146111450318327,3.5679770335850116,1.987795243396926,1393.6498638181283,43.19973088707385,33.438819652479125,34.33324684347904,27.601569623521097,20.323153569364095,20.95560910139777,15.038994224627068,15.486207820127024,10.53750188757744,10.7957007773246,7.417782536996533,7.695953180370099,-4.410000000000001,1522348576862.0537,49.73520473542198,26.56321477557935,17.21019669921881,345.54815799595747,70.5755061355401,24.16736331659184,11.91910913748767,29.535898646757527,0.0,5.969305287951848,34.79125313194215,4.794537184071822,12.628789148012991,0.0,12.84164324585202,101.6861971568589,25.67611004688569,12.08368165829592,33.87375049927164,60.05310222021003,10.818567211583044,36.80064135488846,34.58624343197232,138.60521014792587,31.93187923039709,0.0,0.0,0.0,60.56906900984892,0.0,0.0,12.628789148012991,131.65551523232105,28.76722310443093,16.736473257744436,96.31232434389018,0.0,0.0,0.0,0.0,375.87,65.84906918024564,33.87375049927164,0.0,68.68276982866428,70.08500461899347,19.26246486877803,4.899909730850477,0.0,0.0,44.52952077205098,39.48690459739397,0.0,4.114666118826548,80.38427613589943,40.545968929217445,28.65170295281665,-3.6260223850576585,-6.072565808786571,7.2048990526309495,1.019297226675452,0.0,0.7777777777777778,58,19,21,1,1,2,5,0,0,0,8,0,12,15,22,1,27,1,1,2,0,2,22.778050436110785,2,-2.7884600000000086,222.2963999999997,1,0,0,0,0,0,0,0,1,1,6,5,0,0,0,1,8,5,0,0,1,0,1,0,0,0,0,5,0,0,0,0,0,0,0,0,1,0,0,0,0,0,0,2,0,0,0,0,0,0,0,0,0,0,0,0,0,0,0,0,0,0,0,0,0,0,0,0,0,0,0,0,0,0,0,0,0,0,0,0,0,0,0,2,0,CHEMBL5436656,N=C(N)NCCCC[C@H](NC(=O)[C@@H](N)CCS)C(=O)NCCCC[C@H](N)C(=O)N[C@@H](CCN)C(=O)N1C2CCCCC2C[C@H]1C(=O)N[C@@H](CCCNC(=N)N)C(=O)O,630.0,2.7993405494535817,CHEMBL5482974,VEGA-NRP1,4,Large-Polar-Aliphatic-Flexible-Hydrophilic,Other
12.80052012898221,12.80052012898221,0.1345839628895633,-4.258775178778013,0.3465646491830483,15.628571428571428,500.55000000000024,477.3660000000002,500.16061501600007,182,0,0.3933283894768193,-0.5075316042275051,0.5075316042275051,0.3933283894768193,1.2285714285714286,2.0,2.7142857142857144,32.133539615874426,9.997376306531324,2.29162629183876,-2.3278850305852035,2.341241580433807,-2.3852419759399637,7.18247145042473,-0.126139352759935,3.4023564915296167,1.252901233621185,1429.3086195092271,24.741911729260263,18.90760172005875,19.724098300986476,16.69682310036406,11.232585963393692,12.049082544321418,8.895827067627327,10.01102693891657,6.480816169640384,7.523865188316875,4.690523843934332,5.716883268431575,-3.3600000000000003,90540516.87887362,23.385066326061462,9.016205012336842,4.896927044802772,202.77735152904188,15.407294519794243,34.48824041314478,0.0,0.0,0.0,6.176298517443475,4.899909730850477,9.967957041894415,18.433136697762947,11.336785877934735,0.0,37.46156607416286,47.56930001521039,17.32374655500707,18.277772537865165,38.274194221936185,5.261891554738487,19.8518452936921,0.0,44.94909782097267,18.40630141583148,46.22439945209312,0.0,11.81873314607618,5.316788604006331,18.98910792085949,5.749511833283905,11.336785877934735,50.26602484694939,12.965578028838586,18.254850067221383,34.53962141779577,24.52642128014937,0.0,21.11954556616642,0.0,100.86,12.597120140369483,18.277772537865165,0.0,16.668499856133163,28.27316781268143,59.297769851086954,12.393687143226153,12.13273413692322,6.923737199690624,31.237855210490704,5.261891554738487,38.40156038694663,1.0451930710057593,14.470483409852475,24.70584658607404,3.0014651737175875,0.7730598021853647,7.235792740554136,-2.1851168316906326,4.135048994687967,0.0,0.375,35,3,7,0,1,1,0,1,3,4,0,0,7,3,11,4,5,0,1,1,0,0,6.024130063510424,5,5.239600000000005,128.5112,0,0,0,0,0,3,1,1,0,0,0,0,0,0,0,4,2,0,0,0,1,1,0,0,0,3,0,0,0,1,1,0,0,0,1,0,2,0,0,0,0,0,0,0,3,0,0,0,0,0,0,0,0,0,0,0,0,1,0,0,0,0,0,0,0,1,1,0,0,1,0,0,0,0,0,0,0,0,0,0,0,0,1,0,0,CHEMBL3781540,Cc1c(CN2CCC(Nc3ncnc4sc(CC(F)(F)F)cc34)CC2)c(O)cc2[nH]c(C#N)cc12,27.0,1.4313637641589874,CHEMBL2093861,Menin/Histone-lysine N-methyltransferase MLL,4,Large-Polar-Aromatic-Rigid-Hydrophobic,Large-Polar-Aromatic-Rigid-Hydrophobic
12.77980624756908,12.77980624756908,0.181760413716808,-4.245945582478708,0.3746778640368017,15.705882352941176,485.5390000000002,463.36300000000017,485.160949364,176,0,0.3933283894768193,-0.3958855564754678,0.3958855564754678,0.3933283894768193,1.2058823529411764,2.0,2.735294117647059,32.133539541160474,10.032743533236506,2.2904126031722063,-2.3231862705350625,2.330401282370617,-2.3836598080725477,7.1824709604330135,-0.1261383278655476,3.342722683840834,1.2208516181776226,1377.222757164776,23.871668241257193,18.11508866293805,18.93158524386577,16.286139497841102,10.88098763357186,11.697484214499587,8.545943989154534,9.66114386044378,6.104685182981421,7.1477342016579115,4.438565863442264,5.464925287939509,-3.359999999999999,60961193.472533084,22.433105195504808,8.773895658761468,4.644024918360583,196.958066359462,16.034434602115724,28.738728579860872,0.0,0.0,0.0,6.176298517443475,4.899909730850477,9.967957041894415,18.433136697762947,11.336785877934735,6.06636706846161,36.60419594293385,41.45618217266804,17.494432112074367,13.17124514302446,43.961580496619746,5.261891554738487,19.8518452936921,0.0,38.02536062128204,24.139968892993668,46.72731502885773,0.0,6.069221312792274,11.050456081168516,24.67649419554305,0.0,11.336785877934735,45.15949745210869,12.965578028838586,11.33111286753076,28.976169926098773,30.59278834861098,0.0,21.11954556616642,0.0,106.65,12.597120140369483,13.17124514302446,0.0,10.91898802284926,27.415797681452418,60.27907476530254,6.3273200747645415,6.06636706846161,18.19910120538483,31.237855210490704,10.995559031900672,38.33941874270724,1.0582755176596343,14.620880368732204,14.080742009494587,8.911173689176465,0.5924130328586985,9.819028663632505,-2.029236639923176,2.523971282328515,0.0,0.3478260869565217,34,4,7,0,1,1,0,1,3,4,0,0,7,3,11,4,5,0,1,1,0,0,5.788991890805264,5,4.807780000000003,126.52180000000004,0,0,0,1,0,3,1,0,0,0,0,0,0,0,0,4,2,1,0,0,1,1,0,0,0,3,0,0,0,2,0,0,0,0,1,0,2,0,0,0,0,0,0,0,3,0,0,0,0,0,0,0,0,0,0,0,0,1,0,0,0,0,0,0,0,0,0,0,0,1,0,0,0,0,0,0,0,0,0,0,0,0,1,0,0,CHEMBL3781958,N#Cc1[nH]c2ccc(CN3CCC(Nc4ncnc5sc(CC(F)(F)F)cc45)CC3)cc2c1N,124.0,2.093421685162235,CHEMBL2093861,Menin/Histone-lysine N-methyltransferase MLL,4,Large-Polar-Aromatic-Rigid-Hydrophobic,Large-Polar-Aromatic-Rigid-Hydrophobic
14.405252875262033,14.405252875262033,0.0,-4.8464184230584815,0.3072445787707615,18.254901960784313,743.1490000000001,705.8530000000001,742.246900664,276,0,0.4167980742778372,-0.4755442221612773,0.4755442221612773,0.4167980742778372,0.8823529411764706,1.5490196078431373,2.176470588235294,35.453002529053215,9.892264481392909,2.4924581104271075,-2.455078585035172,2.3647906038083386,-2.639608486351773,5.970350757352323,-0.1527337739408631,3.0693842228948487,5.8319788903995434e-06,1699.5109286976929,36.26900946675571,27.759910259639277,28.576406840567003,23.570154440325783,15.819815119587703,15.819815119587703,12.450125467880392,12.450125467880392,8.529180954406888,8.529180954406888,6.187379394319145,6.187379394319145,-4.57,60420749851.44899,39.21957980578023,15.761848464929924,9.215057766236814,296.2912072144219,29.65329048120829,5.749511833283905,0.0,11.508230540335196,11.814359458703011,12.35259703488695,19.36759007316267,0.0,26.34249028604892,12.407033161179976,12.13273413692322,69.40155669043767,45.11746917278902,41.15463983628326,45.46296479206444,41.50334489860162,0.0,19.68370771349864,0.0,30.795291091722657,70.1253371415992,83.68134523447164,0.0,5.749511833283905,14.953561288656855,37.71726283541605,5.749511833283905,12.407033161179976,102.91493651927928,21.941671403030593,0.0,34.326534905014825,66.99099075938065,0.0,0.0,0.0,98.32,53.00311818557721,40.72610183826439,0.0,63.0843935933177,24.843266154970323,47.246451422606626,4.899909730850477,31.12798783312807,17.032643867773697,10.300767124953538,4.736862953800049,87.43124206912834,0.0,50.508215915125675,2.907975927317393,-3.2813559525165896,-1.830458275738772,11.66551717386189,-7.50214342950053,0.8036738825351675,3.547332689787415,0.4117647058823529,51,1,10,0,2,2,3,2,1,3,1,0,7,1,17,3,8,0,2,2,0,1,12.12104066190066,5,5.443700000000006,178.84619999999958,0,0,0,0,0,1,0,0,0,0,3,3,0,0,0,5,1,0,0,1,1,0,0,0,0,6,0,3,0,2,0,0,0,0,2,0,0,0,0,0,0,1,0,0,7,0,0,0,0,0,0,0,0,0,0,0,0,0,0,0,0,0,0,0,2,0,0,0,0,1,1,0,0,1,0,0,0,0,0,0,0,0,0,0,0,CHEMBL3112810,CN(C)CC(=O)Nc1ccccc1N1CCN(C(=O)C2(Oc3ccc(C(F)(F)F)cc3)CCCN(C(=O)c3cnccc3C(F)(F)F)C2)CC1.Cl,670.0,2.8260748027008264,CHEMBL1907611,Tumour suppressor p53/oncoprotein Mdm2,4,Large-Polar-Aromatic-Flexible-Hydrophobic,Large-Polar-Aromatic-Flexible-Hydrophobic
14.341879769897949,14.341879769897949,0.1010235163253965,-1.2963521046469353,0.1172030567950063,27.36842105263158,813.4449999999993,751.9569999999999,812.446407352,314,0,0.2459060810221354,-0.3701604379834824,0.3701604379834824,0.2459060810221354,0.7894736842105263,1.4210526315789471,2.070175438596491,35.49569356686438,9.750752213163166,2.4931912795727835,-2.427068816170794,2.336927727742053,-2.672213441335533,6.309464558211674,-0.1461341294349476,3.8708525940795258,1.3807561452721464,1624.2582086304808,40.95080774263041,32.921976772795695,33.67790571881415,27.396392269489898,20.788887099491298,21.166851572500523,15.977179335975034,16.384379462715643,11.844099114637368,12.212826838381318,8.367329227019457,8.580214277580707,-4.4399999999999995,2523075694228.3687,43.67796262471267,20.82272148905456,11.583621409993508,339.72261987374605,47.851097436056975,29.70628856897519,5.959554568743835,35.443078376109035,0.0,0.0,34.17650671022245,0.0,0.0,0.0,61.90414921024741,82.25885641234473,37.62248056031763,6.041840829147961,28.76722310443093,53.00357283508538,5.409283605791522,36.38376248173261,11.46733495432437,144.90209698786535,26.1790256236503,34.85155307928476,0.0,0.0,38.051277974356026,0.0,0.0,11.600939890232516,113.12960742832728,35.18804472735694,5.409283605791522,108.2965974585132,24.26546827384644,5.022633313741326,0.0,0.0,244.94,59.376848315529166,28.76722310443093,0.0,37.16031367921144,88.00774862951016,38.524929737556064,4.899909730850477,29.16537800469692,0.0,26.583943020031658,28.47755845034841,0.0,6.49934219765381,86.63444376629687,22.46433618552882,11.177145743429556,-2.6751395431848017,2.7016578970535923,9.780852320770936,1.4451392102289962,0.0,0.675,57,10,16,1,3,4,6,1,0,1,5,0,8,8,17,3,6,1,3,4,1,0,15.956035981468888,5,1.324070000000009,215.66699999999943,0,0,0,0,0,0,0,0,0,0,6,6,0,0,0,2,6,2,0,0,0,0,0,0,0,0,0,6,0,0,0,0,0,0,1,0,2,0,0,0,0,0,0,1,1,0,0,0,0,0,0,0,0,0,0,0,0,0,0,0,0,0,0,0,0,0,0,0,0,0,0,0,0,0,0,0,0,0,0,0,0,0,0,0,0,CHEMBL2314572,N=C(N)NCCC[C@@H]1NC(=O)C2(CCC2)NC(=O)[C@@H]2CCCN2C(=O)[C@H](Cc2ccccc2Cl)NC(=O)[C@@H](N)CCCCCCCCNC(=O)[C@@H]2CCCN2C1=O,112.0,2.0492180226701815,CHEMBL1615381,Menin,4,Large-Polar-Aliphatic-Flexible-Hydrophilic,Other
14.153157596371884,14.153157596371884,0.0,-4.538390132614732,0.2999714780812833,19.953488372093023,629.0450000000003,597.7970000000004,628.203973232,232,0,0.4162233928638046,-0.4760704921700446,0.4760704921700446,0.4162233928638046,0.8372093023255814,1.5116279069767442,2.13953488372093,35.45300212740308,9.893035130211944,2.4770177322654945,-2.4537556979147133,2.3611794143178155,-2.6320350879177776,5.863100613814704,-0.1542559715078922,2.9694733876435646,4.2319888373639645e-06,1365.559331677331,29.959608389997214,23.073550352401227,23.89004693332895,19.944256782639556,13.636932280448615,13.636932280448615,10.554788868508693,10.554788868508693,7.675472151147494,7.675472151147494,5.624806003920876,5.624806003920876,-3.509999999999998,1907224055.147165,32.40481107151817,13.007506094852893,7.531700305062747,251.19869870293655,14.536682415501003,11.567374611118932,5.601050810983688,0.0,5.907179729351506,12.35259703488695,9.6944469149223,4.983978520947208,26.34249028604892,12.407033161179976,24.26546827384644,67.41442062269286,45.46538200708852,11.126902983393991,35.87389042392079,24.13207566836651,0.0,14.783797982648164,0.0,37.34004749763523,44.16844816632592,89.6172357997818,0.0,5.749511833283905,9.636772684650529,32.16035306388395,5.749511833283905,12.407033161179976,65.5605669584588,23.691890624871345,0.0,29.531997720943004,72.9268813246908,0.0,0.0,0.0,48.91,29.080550829264627,31.137027470120746,0.0,49.137510650263536,39.14460365248888,24.016963983219856,30.33183534230805,15.996663033314032,18.19910120538483,9.883888251797686,4.736862953800049,86.79942178720171,0.0,23.97778016957808,0.0,-3.0123353626511404,0.5327561301738526,14.993885244839165,-6.664059379089915,2.122551409948267,0.0,0.4,43,0,6,0,2,2,1,2,1,3,1,0,5,0,13,3,6,0,2,2,0,1,9.802459942216954,5,6.303400000000005,151.03599999999977,0,0,0,0,0,1,0,0,0,0,1,1,0,0,0,4,0,0,0,0,1,0,0,0,0,6,0,1,0,1,0,0,0,0,2,0,0,0,0,0,0,1,0,0,7,0,0,0,0,0,0,0,0,0,0,0,0,0,0,0,0,0,0,0,0,0,0,0,0,1,1,0,0,1,0,0,0,0,0,0,0,0,0,0,0,CHEMBL3112816,Cl.O=C(N1CCN(c2ccccn2)CC1)C1(Oc2ccc(C(F)(F)F)cc2)CCCN(Cc2ccccc2C(F)(F)F)C1,14000.0,4.146128035678238,CHEMBL1907611,Tumour suppressor p53/oncoprotein Mdm2,4,Large-Nonpolar-Aromatic-Rigid-Hydrophobic,Large-Nonpolar-Aromatic-Rigid-Hydrophobic
12.915334182262807,12.915334182262807,0.1443784562675221,-4.261342178680085,0.2342931166986817,14.952380952380953,594.6670000000001,565.4350000000001,594.2137132080002,218,0,0.3933283894768193,-0.4963335919853791,0.4963335919853791,0.3933283894768193,1.1666666666666667,1.9761904761904765,2.6666666666666665,32.133540093104315,9.995493093940476,2.293385943650835,-2.3302537215068675,2.3565757167584978,-2.385899783936034,7.182482981898785,-0.1261401955993933,3.6974248469462743,1.1658785319259055,1761.8781235211943,29.432146173572253,23.12487092558837,23.941367506516094,20.21799115041923,13.586177444731158,14.402674025658884,10.589788031775663,11.704987903064913,7.855783766873946,8.898832785550434,5.724224022773966,6.750583447271214,-4.1499999999999995,3909350634.9587736,27.992340720730777,11.261489892159656,5.641715648180514,243.4908748981709,14.620751205597736,34.48824041314478,0.0,0.0,0.0,6.176298517443475,9.998591539151516,9.967957041894415,23.531818506063985,11.336785877934735,0.0,37.46156607416286,59.32959507852045,37.17514407381025,17.908108096824506,38.274194221936185,5.261891554738487,29.632330037138324,0.0,51.49385422688523,25.516098957109016,64.18153808701626,0.0,11.81873314607618,10.05365155780638,18.98910792085949,5.749511833283905,11.336785877934735,62.049779736832434,19.51033443475116,18.254850067221383,40.10307290949277,36.92010842337552,0.0,21.11954556616642,0.0,107.68,12.597120140369483,18.433136697762947,0.0,10.91898802284926,34.817924218594,70.61073317606785,6.3273200747645415,19.37300818135222,22.89667735632765,43.3749775058362,4.736862953800049,46.57719280984344,1.0571293448300212,11.688071337874971,21.803829358907368,4.674640699405925,1.3667569129212955,7.978465044778655,1.4616923551049503,4.973727573907215,1.668494562426157,0.3793103448275862,42,2,9,0,1,1,0,1,4,5,0,0,9,2,13,5,8,0,1,1,0,0,7.505606240104734,6,5.787400000000005,154.72739999999973,0,0,0,0,0,5,1,0,0,0,0,0,0,0,0,6,2,0,0,0,1,1,0,0,0,3,0,0,0,1,1,0,0,0,1,0,2,0,0,0,0,1,0,0,3,0,0,0,0,0,0,0,0,0,0,1,0,1,0,0,0,0,0,0,0,0,0,0,0,1,0,0,0,0,0,0,0,0,0,0,0,0,1,0,0,CHEMBL3781211,COc1cc2c(cc(C#N)n2Cc2cn[nH]c2)c(C)c1CN1CCC(Nc2ncnc3sc(CC(F)(F)F)cc23)CC1,12.0,1.0791812460476249,CHEMBL2093861,Menin/Histone-lysine N-methyltransferase MLL,4,Large-Polar-Aromatic-Flexible-Hydrophobic,Large-Polar-Aromatic-Flexible-Hydrophobic
14.87832312545162,14.87832312545162,0.1420320392301592,-1.3284916822410584,0.1152405689631943,27.36842105263158,796.9899999999993,735.5019999999998,796.4759578920001,314,0,0.2459060810221354,-0.3701604379834824,0.3701604379834824,0.2459060810221354,0.7894736842105263,1.4210526315789471,2.070175438596491,19.14220269231589,9.750751880852842,2.4932702846449097,-2.4270513506400184,2.336237966016137,-2.672227320419125,5.988749720653711,-0.1461374495706122,3.8708525940795258,1.3807561452721464,1624.2582086304808,40.95080774263041,32.921976772795695,32.921976772795695,27.396392269489898,20.788887099491298,20.788887099491298,15.977179335975034,15.977179335975034,11.844099114637368,11.844099114637368,8.367329227019457,8.367329227019457,-4.8,2523075694228.3687,43.32492243006041,20.569656157534947,11.414705958200862,333.5848890497906,47.851097436056975,35.523509410021084,5.959554568743835,35.443078376109035,0.0,0.0,34.17650671022245,4.39041504767482,0.0,0.0,50.303209320014886,82.25885641234473,32.59984724657631,6.041840829147961,33.15763815210575,41.40263294485287,5.409283605791522,36.38376248173261,11.46733495432437,144.90209698786535,26.1790256236503,35.64614060658933,0.0,0.0,38.051277974356026,4.39041504767482,0.0,0.0,113.12960742832728,35.18804472735694,11.226504446837415,108.2965974585132,24.26546827384644,0.0,0.0,0.0,244.94,65.19406915657507,33.15763815210575,0.0,49.26852157682101,77.29772904108526,32.10410811463005,21.932553598624175,12.13273413692322,0.0,26.583943020031658,16.876618560115894,14.87832312545162,0.0,86.3118951630886,21.811988142430543,10.655174204244211,-3.502585965056376,1.3175114988428915,9.10208887442198,1.3422716232432212,0.0,0.675,57,10,16,1,3,4,6,1,0,1,5,0,8,8,17,3,6,1,3,4,1,0,15.63471504277572,5,0.8097700000000096,210.61499999999947,0,0,0,0,0,0,0,0,0,0,6,6,0,0,0,2,6,2,0,0,0,0,0,0,0,0,0,6,0,0,0,0,0,0,1,0,2,0,0,0,0,0,0,1,1,0,0,0,0,0,0,0,0,0,0,0,0,0,0,0,0,0,0,0,0,0,0,0,0,0,0,0,0,0,0,0,0,0,0,0,0,0,0,0,0,CHEMBL2314817,N=C(N)NCCC[C@@H]1NC(=O)C2(CCC2)NC(=O)[C@@H]2CCCN2C(=O)[C@H](Cc2ccccc2F)NC(=O)[C@@H](N)CCCCCCCCNC(=O)[C@@H]2CCCN2C1=O,102.0,2.0086001717619175,CHEMBL1615381,Menin,4,Large-Polar-Aliphatic-Flexible-Hydrophilic,Other
10.578703703703704,10.578703703703704,0.1595354754556146,-5.083333333333334,0.222066662695415,17.227272727272727,735.3990000000002,707.1750000000002,733.0510986159999,230,0,0.4902403183070029,-0.4804418189789618,0.4902403183070029,0.4804418189789618,0.9772727272727272,1.568181818181818,2.159090909090909,79.91976230769754,9.83747791899505,2.4360288847095015,-2.4319352005905066,2.5245528960144465,-2.393972051098024,9.104496950237705,-0.1924625499825141,3.46766903306657,4.929728605373085e-07,1657.2768179264056,31.595282880388787,23.671174900377643,26.843167978607053,20.95141606382104,13.583160332068132,15.169156871182835,10.41962584181513,12.250976899398506,7.1356068525852185,8.192937878661692,5.268285982102848,5.796951495141081,-3.679999999999999,5978748606.635236,31.735696803034052,13.127301950844023,6.689772389847438,268.5691660904604,19.64320981034171,24.222639124944713,0.0,5.948339280986494,0.0,12.145603805395323,0.0,9.476340119217006,23.253905472272702,0.0,68.25809020666836,74.58602738835663,26.626751459343662,5.697039313055833,27.80917267573704,49.474571677892875,0.0,19.664372995243905,0.0,24.742927357265746,32.08476650803001,110.33262293312896,0.0,5.749511833283905,9.636772684650529,19.119584424010952,5.749511833283905,31.859887795898697,64.10136097265946,4.794537184071822,0.0,35.25698331491326,93.64226845803798,0.0,5.697039313055833,0.0,83.72,12.145603805395323,13.17124514302446,0.0,12.145807216896262,0.0,56.843979055777375,11.2701438431251,6.3273200747645415,6.06636706846161,127.16689191117698,24.720587861960823,42.68127470576952,7.194255621465825,18.233225911876772,11.8891951031956,5.6711332357016895,-1.0152927637104217,25.101889814905913,-2.702507586667716,1.8073762994127351,4.2227829913834185,0.2580645161290322,44,1,8,0,2,2,0,3,1,4,2,0,7,1,13,3,6,0,0,0,0,2,9.468274421678712,6,7.342500000000006,167.38379999999967,1,0,0,0,0,3,0,0,1,1,1,0,0,0,0,5,0,0,0,0,0,0,0,0,0,3,0,0,0,1,0,0,0,0,3,0,3,0,0,0,0,1,0,0,5,0,0,0,0,0,0,0,0,0,0,0,0,0,0,0,0,0,0,0,1,0,0,0,0,0,0,0,0,0,0,0,0,0,0,0,0,0,0,0,0,CHEMBL1771609,CN(C)CCCN1C2=C(C(c3ccc(Br)cc3)Oc3ccccc32)C(c2ccc(Br)cc2)n2ncnc21.O=C(O)C(F)(F)F,7500.0,3.8750612633917,CHEMBL1907611,Tumour suppressor p53/oncoprotein Mdm2,4,Large-Polar-Aromatic-Rigid-Hydrophobic,Large-Polar-Aromatic-Rigid-Hydrophobic
14.962502910147364,14.962502910147364,0.0439308235732649,-3.118949279700842,0.4293430883533075,27.375,575.0160000000003,545.7840000000003,574.1906875280001,212,0,0.300696321625657,-0.4797949945732011,0.4797949945732011,0.300696321625657,1.225,1.975,2.7,35.49569276819199,9.9222699416234,2.5087401982116497,-2.468438609305006,2.4547242150374515,-2.58503092263856,6.325028636557164,-0.0578661535787941,3.7553683082163896,1.260778776719014,1535.67302741924,27.758419587205317,21.74060615893153,22.496535104949984,19.19151036835438,13.469802667885158,13.847767140894383,11.178516650893773,11.585716777634378,8.33103192127624,8.607628472296252,6.205812892813192,6.344111168323198,-3.22,2158932068.692584,25.72828494000749,9.420986089983902,4.326126383018856,232.80168365557373,34.680839889095296,5.022633313741326,12.424744742347947,11.6978511142704,5.559266895052007,5.922529168094576,4.794537184071822,13.764808616296849,4.983978520947208,0.0,11.600939890232516,49.800293743250265,18.12128247182555,54.84418336813091,23.361083397790445,45.644839430502216,0.0,14.53505668968577,12.965578028838582,55.8353045349908,35.354132832401895,39.772382169863064,0.0,5.749511833283905,25.829616787715196,31.921804703538292,5.749511833283905,11.600939890232516,69.61424802135198,11.78453493647724,5.917906046161393,25.68328649170404,29.19048196106973,5.022633313741326,10.902924932081056,0.0,113.77,24.130518856807463,18.681894674262168,0.0,35.54245220017308,72.27619700005735,0.0,10.763943219404432,25.24677318806202,0.0,20.517465459810342,26.05864431877982,42.479549098820385,6.490477583272195,24.339765944270795,17.34815631839301,0.9539141577805694,-2.549739801154021,4.090261069125242,3.682125428762788,0.1034650761026902,1.5898029024041205,0.5185185185185185,40,3,10,1,3,4,0,1,2,3,4,2,10,3,13,5,4,1,2,3,0,0,6.059645363473822,7,3.672200000000002,146.20519999999988,0,1,1,0,0,3,0,0,0,0,0,0,0,0,0,4,2,0,0,0,0,0,0,0,0,2,0,0,0,4,1,0,0,0,1,0,5,0,0,0,0,2,0,0,3,0,0,0,0,0,0,0,0,0,0,0,1,0,0,0,0,0,0,0,0,0,0,0,0,1,0,0,0,1,0,0,0,0,0,0,0,0,0,0,0,CHEMBL5394661,Cn1c(=O)c2c(c3cc(Nc4nc(N5[C@@H]6COC[C@H]5C[C@H](O)C6)ncc4Cl)ccc31)N[C@@H](C1CC1)C(F)(F)CO2,1.3,0.1139433523068367,CHEMBL4105786,B-cell lymphoma 6 protein,4,Large-Polar-Aromatic-Flexible-Hydrophobic,Large-Polar-Aromatic-Flexible-Hydrophobic
8.992671185757963,8.992671185757963,0.4223513465014322,0.4223513465014322,0.5522010404762138,20.10810810810811,497.6510000000003,462.37100000000027,497.3015421200001,192,0,0.137201905412941,-0.3707419147357934,0.3707419147357934,0.137201905412941,0.945945945945946,1.7027027027027026,2.4324324324324325,15.274622477278008,9.959537689711508,2.3000524773975393,-2.4413180416643208,2.2807508453965006,-2.5269882725112716,5.8988844887154395,0.1736555074274465,2.918243931658498,1.0124278851536104,1248.8781218993245,25.191659197566093,21.552035779758317,21.552035779758317,18.14049422623381,13.42681014113734,13.42681014113734,10.721155916886952,10.721155916886952,8.09808380283062,8.09808380283062,5.732842670420515,5.732842670420515,-3.4799999999999995,356189928.39295614,23.89090090352385,10.481514504729716,5.311236410603995,218.26752060138745,24.91642752740824,17.9630456304346,0.0,0.0,0.0,0.0,0.0,14.951935562841625,5.261891554738487,0.0,0.0,50.22115057083725,81.93616501767089,23.346217093718607,0.0,28.22603676243467,5.261891554738487,24.75175502454258,5.917906046161393,18.88348407499998,81.06708770159764,48.419450480382665,0.0,6.069221312792274,15.116608065707286,17.323111830353618,0.0,0.0,96.7440754895809,0.0,17.249018913692154,18.405094737549017,42.85599898868567,0.0,10.902924932081056,0.0,87.45,0.0,0.0,0.0,0.0,11.959746875309351,99.84655287851332,5.687386274683562,6.3273200747645415,18.3295777085363,66.20037907015694,10.245870075685694,0.0,0.0,23.52248974265991,13.791328551091842,2.8381816012235968,2.6606975753557034,12.71708880113972,5.771187893635233,9.694411223625226,2.171281277935435,0.5,37,1,9,0,3,3,0,1,2,3,0,0,9,1,9,5,6,0,3,3,0,0,6.767914171657985,6,2.6609800000000003,146.9876999999998,0,0,0,0,0,3,0,0,0,0,0,0,0,0,0,8,1,0,0,1,1,0,0,0,0,0,0,0,0,3,0,0,0,0,1,0,1,0,0,0,0,0,0,0,0,0,0,0,0,0,0,0,0,0,0,0,0,1,0,0,0,0,0,0,0,0,0,0,0,1,1,0,0,1,0,0,0,0,0,0,0,0,0,0,0,CHEMBL5198558,CN1CCN(c2cc3c(NC4CCN(CC5CN(c6ccc(C#N)cc6)C5)CC4)ncnc3cn2)CC1,6700.0,3.8260748027008264,CHEMBL613835,MV4-11,4,Large-Polar-Aromatic-Rigid-Hydrophilic,Other
13.361782499279895,13.361782499279895,0.055978476464813,-1.1358842779344671,0.2172956785221073,46.5609756097561,568.7950000000005,516.3790000000004,568.3763893839999,228,0,0.3304858966834876,-0.4807023969891838,0.4807023969891838,0.3304858966834876,1.0,1.6829268292682926,2.292682926829268,16.54595881776684,9.331400657851791,2.711146966121534,-2.70464660622257,2.752571087481654,-2.666117691832505,5.860396604176019,-0.2076453403929798,2.853483598944601,1.5965665835079526,1208.9084904580352,30.388540578131742,26.56258977985859,26.56258977985859,18.90997457980249,15.848453328103693,15.848453328103693,16.410948103891485,16.410948103891485,13.578193333520147,13.578193333520147,11.177337963118058,11.177337963118058,-1.95,498486543.7315689,30.50591450936908,9.525350386917612,4.0830538285331865,245.92550011932977,14.94991774348146,17.302201803510023,0.0,0.0,0.0,11.938610575903695,9.589074368143644,4.794537184071822,0.0,0.0,58.76465236511615,98.70982135269924,18.414747775921285,12.021872433909696,29.33352929569692,17.721855522268637,0.0,0.0,50.24366095486484,119.2812585916074,6.606881964512918,23.298249273806295,0.0,0.0,0.0,0.0,0.0,0.0,40.645758664211264,19.120474506015512,50.24366095486484,113.1772922038591,23.298249273806295,0.0,0.0,0.0,100.90000000000002,28.872557902445557,24.59666634189688,0.0,45.88590088078776,25.18037091493942,44.09803426762532,11.649124636903148,0.0,20.771211599071872,40.694706105287,4.736862953800049,6.069390786643951,0.0,39.33213613317959,21.384840826723146,-0.2197771018371241,-0.8013272043695087,0.0,9.775852566294292,17.125550660032324,0.0,0.8,41,2,6,5,0,5,0,0,0,0,9,0,5,2,6,0,4,4,0,4,0,0,7.087305477441325,5,6.902100000000009,157.78759999999977,1,1,1,0,0,0,0,0,1,1,3,2,0,0,0,0,0,0,0,0,0,0,0,0,0,0,3,0,0,0,0,0,0,0,0,0,7,0,0,0,1,1,0,0,0,0,0,0,0,0,0,1,1,0,0,0,0,0,0,0,0,0,0,0,0,0,0,0,0,0,0,0,0,0,0,0,0,0,0,0,0,0,0,0,0,CHEMBL552717,CC(C)=CC(=O)O[C@@H]1CC(C)(C)C[C@@H]2C3=CC[C@@H]4[C@@]5(C)CCC(=O)[C@](C)(CO)[C@@H]5CC[C@@]4(C)[C@]3(C)CC[C@]21C(=O)O,11400.0,4.056904851336473,CHEMBL394,HCT-116,4,Large-Polar-Aliphatic-Flexible-Hydrophobic,Other
14.307226824001717,14.307226824001717,0.0,-4.841678587396156,0.3222811032761989,18.520833333333332,700.08,667.8240000000002,699.204701504,258,0,0.4167980742778372,-0.4755442221612773,0.4755442221612773,0.4167980742778372,0.8541666666666666,1.5208333333333333,2.1458333333333335,35.4530023831421,9.892265462091387,2.4922159407653157,-2.4550235514429013,2.3644042503104776,-2.639590023345036,5.966810947010943,-0.1527333430965385,3.0352654555774428,5.201983518639204e-06,1630.1587367426312,33.98455241637954,25.605589882952778,26.4220864638805,22.17630759020843,14.755606771977677,14.755606771977677,11.345352339976229,11.345352339976229,8.10595817680073,8.10595817680073,5.900081169201604,5.900081169201604,-4.53,16020221015.523722,36.30854261959547,14.298904563462886,7.943259098561147,277.80148931542533,24.753380750357813,5.749511833283905,0.0,11.508230540335196,11.814359458703011,12.35259703488695,19.36759007316267,0.0,26.34249028604892,12.407033161179976,12.13273413692322,55.30621272508329,52.04120637247965,34.60988343037069,45.46296479206444,41.50334489860162,0.0,14.783797982648162,0.0,37.71902829141328,49.48523677033226,83.68134523447164,0.0,5.749511833283905,14.953561288656855,37.71726283541605,5.749511833283905,12.407033161179976,77.37492641716183,21.941671403030593,0.0,41.25027210470545,66.99099075938065,0.0,0.0,0.0,95.08,53.00311818557721,40.72610183826439,0.0,56.53963718740513,24.843266154970323,47.246451422606626,11.823646930541102,12.13273413692322,17.032643867773697,10.300767124953538,4.736862953800049,87.11460573386316,0.0,47.81941584013485,2.7811703717618372,-3.26403511005676,-1.8711304303754,11.59625872538446,-7.487534809605709,2.061249678893552,0.0,0.375,48,1,9,0,2,2,3,2,1,3,1,0,6,1,16,3,6,0,2,2,0,1,10.81609136991709,5,5.902000000000006,165.96619999999967,0,0,0,0,0,1,0,0,0,0,3,3,0,0,0,4,1,0,0,0,1,0,0,0,0,6,0,3,0,2,0,0,0,0,2,0,0,0,0,0,0,1,0,0,7,0,0,0,0,0,0,0,0,0,0,0,0,0,0,0,0,0,0,0,2,0,0,0,0,1,1,0,0,1,0,0,0,0,0,0,0,0,0,0,0,CHEMBL3112807,CC(=O)Nc1ccccc1N1CCN(C(=O)C2(Oc3ccc(C(F)(F)F)cc3)CCCN(C(=O)c3cnccc3C(F)(F)F)C2)CC1.Cl,380.0,2.57978359661681,CHEMBL1907611,Tumour suppressor p53/oncoprotein Mdm2,4,Large-Polar-Aromatic-Rigid-Hydrophobic,Large-Polar-Aromatic-Rigid-Hydrophobic
12.643181320837884,12.643181320837884,0.1314018161400287,0.1314018161400287,0.3751344934338759,16.972972972972972,520.0810000000002,485.8090000000002,519.2513363880001,194,0,0.226982482954362,-0.3932126189662964,0.3932126189662964,0.226982482954362,0.972972972972973,1.6756756756756757,2.4054054054054053,35.49569759287041,9.884315074809436,2.2148880592632496,-2.349956978878638,2.359234364158753,-2.4422786526396245,6.319275758525857,-0.120269959501805,2.926152657407255,1.391291233348657,1235.77811690048,25.777445635193004,21.21253086804811,21.968459814066563,17.974366886035764,12.99569714092397,13.373661613933196,9.9755480559423,10.333561143392618,7.390607655810438,7.691797726475595,5.095191309221465,5.228338159131242,-3.36,304968030.88858086,25.29630318437098,11.356527617207767,5.970579942332171,222.7766012907799,26.1670641468758,12.014706349448105,10.97097259472782,5.907179729351506,0.0,0.0,4.794537184071822,9.967957041894415,0.0,0.0,49.06250596439538,55.28168648576964,37.78431794449526,11.374772549367124,4.794537184071822,46.0755274961533,0.0,14.867866772744891,5.917906046161393,32.10410811463005,54.49385202235281,53.94499937088861,0.0,11.126902983393991,21.267154416025324,28.567407876569277,0.0,11.600939890232516,54.00174410842388,4.794537184071822,5.917906046161393,32.10410811463005,48.791889553995816,5.153109816892792,11.126902983393991,0.0,99.41,0.0,4.794537184071822,0.0,16.97819559240569,11.50524905251859,80.05137392279903,12.748141697690553,0.0,24.26546827384644,55.648126899670046,17.3346073673947,0.0,6.150052373120436,25.624010225332935,6.7231968367322335,11.39306381636562,0.7470190143850857,14.408486679700127,6.900899236571851,3.854430161146037,2.1432861010901147,0.3928571428571428,37,4,8,1,1,2,1,2,1,3,0,0,7,3,9,2,6,1,1,2,0,0,7.764274749366753,5,5.393400000000004,151.5297999999998,0,0,0,1,0,2,0,0,0,0,1,1,0,0,0,4,2,1,0,1,0,0,0,0,0,0,0,1,0,5,0,0,0,0,2,0,0,0,0,0,0,0,0,0,1,0,0,0,0,0,0,0,0,0,0,0,0,0,0,0,0,0,0,0,0,0,0,0,0,0,1,0,0,0,0,0,0,0,0,0,0,0,0,0,0,CHEMBL5070786,CN1CCN(c2ccc(-c3ccc(NC(=O)C4CCCCC4)cc3)cc2Nc2ncnc(Cl)c2N)CC1,370.0,2.568201724066995,CHEMBL3883320,Histone-lysine N-methyltransferase 2A/WDR5,4,Large-Polar-Aromatic-Rigid-Hydrophobic,Large-Polar-Aromatic-Rigid-Hydrophobic
11.31201583770279,11.31201583770279,0.2047063502474755,-1.2035253240570147,0.2420860463330233,27.894736842105264,532.6460000000005,492.3260000000004,532.3121663799999,210,0,0.3200187102495986,-0.480085827843091,0.480085827843091,0.3200187102495986,1.1842105263157894,1.9473684210526316,2.6842105263157894,16.55598588109083,9.993554094766711,2.4583776253007787,-2.46297488021084,2.332864009087298,-2.611986234188542,5.807049893052604,-0.138475786720687,3.600576267317408,1.2063009054836744,1088.8879687612423,26.81082583001261,21.6775532757518,21.6775532757518,18.31257084348729,13.70871423860434,13.70871423860434,11.063697258080913,11.063697258080913,8.473158932860784,8.473158932860784,6.107273200978696,6.107273200978696,-2.420000000000001,397766173.9332546,27.158410092224035,11.760967543412724,5.772431697240423,221.32970964959668,36.423689823497014,36.19776078477367,17.692941169337626,0.0,0.0,5.969305287951848,14.261546562713654,14.951935562841625,0.0,0.0,25.68328649170404,31.725127320851996,32.22086645279826,6.3273200747645415,24.85098232239399,22.951046004170863,0.0,29.318854672333934,11.651573523323576,81.56923335275778,38.45744950672506,12.654640149529085,0.0,0.0,11.46733495432437,5.817862777835028,0.0,0.0,113.72710499591162,9.53140013787187,5.917906046161393,51.173652531216945,12.654640149529085,0.0,11.16387793838399,0.0,189.11,36.55094645107958,20.11411936859394,0.0,18.280525229909,24.253390750209142,25.55217526389912,51.17956988708515,4.567099647791355,0.0,24.75175502454258,16.20419790812442,7.706344843953104,0.0,28.27359452833224,31.002283473278975,12.488893738367798,0.0713147097121997,-0.7579738079558056,7.094189805087277,3.621352709224213,0.0,0.76,38,7,13,1,2,3,0,0,2,2,5,0,12,5,13,4,12,1,2,3,0,0,8.405504726982617,5,-0.2136999999999963,138.88019999999997,1,2,2,1,0,4,0,0,1,1,1,0,0,0,0,6,0,2,0,0,1,0,0,0,0,0,0,0,0,1,0,0,0,0,0,0,1,0,0,0,0,1,0,0,0,0,0,1,0,0,0,0,0,0,0,0,0,0,0,0,0,0,0,0,0,0,0,0,0,0,0,0,0,0,0,0,0,0,0,0,0,0,0,0,0,CHEMBL4635424,Nc1ncnc2c1ncn2[C@@H]1O[C@H](CN(CC[C@H](N)C(=O)O)C2CN(CCCC3CCCC3)C2)[C@@H](O)[C@H]1O,234.0,2.369215857410143,CHEMBL4106124,MLL1-ASH2L/RbBP5/WDR5/DPY30,4,Large-Polar-Aromatic-Flexible-Hydrophilic,Other
14.141066546989164,14.141066546989164,0.0,-4.815522175055218,0.2848311577028214,19.09090909090909,640.024,611.8000000000001,639.1723387559999,234,0,0.4167980742778372,-0.475544030524569,0.475544030524569,0.4167980742778372,0.8636363636363636,1.568181818181818,2.1818181818181817,35.45300217603438,9.886177367937806,2.488979746060331,-2.440352960766464,2.3641119413731344,-2.622128446669652,5.9651659508261,-0.1519739069278075,3.001651521461788,4.417988383355059e-06,1512.5284147624104,30.82985187800029,23.197721754181657,24.01421833510938,20.371777137568124,13.579230445947372,13.579230445947372,10.46432424935511,10.46432424935511,7.624562220444693,7.624562220444693,5.472914786488167,5.472914786488167,-4.059999999999999,2991437645.7438307,32.845499794017236,12.89118125143684,7.00971579448651,255.27572621498928,14.536682415501003,5.749511833283905,0.0,5.601050810983688,11.814359458703011,12.35259703488695,14.57305288909085,0.0,26.34249028604892,12.407033161179976,36.407855449141934,60.73085623285233,32.02795636096388,23.235110881003564,40.66842760799261,29.794497149952253,0.0,14.783797982648164,0.0,37.216112714648666,26.1790256236503,101.38718390146414,0.0,5.749511833283905,4.736862953800049,26.34249028604892,5.749511833283905,12.407033161179976,58.37823387598515,17.147134218958772,0.0,46.31080801963783,79.13337793467615,0.0,5.5731045300692665,0.0,62.74000000000001,53.00311818557721,35.93156465419256,0.0,44.08770105214105,19.031945097300195,52.69562116968933,4.899909730850477,0.0,36.407855449141934,4.983978520947208,4.736862953800049,86.68423004186407,0.0,33.92385426599274,0.0,-2.427256622489008,-1.5145854147599624,14.133654369007273,-4.897648217706174,0.1810849114244161,0.0,0.3225806451612903,44,0,6,0,2,2,2,2,1,3,1,0,4,0,13,3,5,0,1,1,0,1,9.623120253152443,5,6.910700000000006,152.0434999999997,0,0,0,0,0,1,0,0,0,0,2,2,0,0,0,3,0,0,0,0,1,0,0,0,0,6,0,2,0,0,0,0,0,0,2,0,0,0,0,0,0,1,0,0,7,0,0,0,0,0,0,0,0,0,0,0,0,0,0,0,0,0,0,0,0,0,0,0,0,1,0,0,0,1,0,0,0,0,0,0,0,0,0,0,0,CHEMBL3112797,Cl.O=C(c1cnccc1C(F)(F)F)N1CCCC(Oc2ccc(C(F)(F)F)cc2)(C(=O)N2CC=C(c3ccccc3)CC2)C1,1400.0,3.146128035678238,CHEMBL1907611,Tumour suppressor p53/oncoprotein Mdm2,4,Large-Nonpolar-Aromatic-Rigid-Hydrophobic,Large-Nonpolar-Aromatic-Rigid-Hydrophobic
14.405956905437575,14.405956905437575,0.0051786059496352,-1.2436858563914124,0.0224046932515272,20.07017543859649,810.0189999999997,742.4829999999998,809.534789484,324,0,0.3256966935004625,-0.4797174682622497,0.4797174682622497,0.3256966935004625,0.6666666666666666,1.2456140350877194,1.8596491228070176,16.36851054370895,9.843494572189831,2.490786328719543,-2.362200248117343,2.400423703448033,-2.59905585365611,5.957572157470349,-0.1461906124043968,3.5627820849932457,2.1342166525121344,1371.4662197807293,42.4926241058873,32.86184954498225,32.86184954498225,27.101569623521097,19.91517409381112,19.91517409381112,14.762414552677791,14.762414552677791,10.3513321024255,10.3513321024255,7.25608962711861,7.25608962711861,-4.800000000000002,957588990675.2036,48.348962632144264,25.45173589193283,16.67960013135157,333.3680399151719,76.30917361270228,24.16736331659184,11.91910913748767,29.535898646757527,0.0,5.969305287951848,34.79125313194215,4.794537184071822,0.0,0.0,12.84164324585202,89.5125219271861,32.22086645279826,12.08368165829592,33.87375049927164,47.424313072197045,10.818567211583044,36.80064135488846,40.31991090913451,132.18438852499986,32.72378202956288,0.0,0.0,0.0,66.3027364870111,0.0,0.0,0.0,132.44741803148685,28.76722310443093,16.736473257744436,89.89150272096417,0.0,0.0,0.0,0.0,401.89,65.84906918024564,33.87375049927164,0.0,75.22752623457686,57.91132938932067,19.26246486877803,4.899909730850477,0.0,0.0,31.900731624037984,45.22057207455616,0.0,0.0,80.83835576310855,40.34416780571362,33.901810979783306,-4.426094066155159,-6.6215965226679785,6.625311762647353,0.8380442775703079,0.0,0.7714285714285715,57,21,22,1,1,2,5,0,0,0,8,0,12,15,22,1,26,1,1,2,0,2,21.58886013267132,2,-4.149660000000013,212.8807999999997,1,0,0,0,0,0,0,0,1,1,6,5,0,0,0,1,8,6,0,0,1,0,0,0,0,0,0,5,0,0,0,0,0,0,0,0,1,0,0,0,0,0,0,2,0,0,0,0,0,0,0,0,0,0,0,0,0,0,0,0,0,0,0,0,0,0,0,0,0,0,0,0,0,0,0,0,0,0,0,0,0,0,0,2,0,CHEMBL5430767,N=C(N)NCCCC[C@H](N)C(=O)NCCCC[C@H](NC(=O)[C@@H](N)CN)C(=O)N[C@@H](CCN)C(=O)N1C2CCCCC2C[C@H]1C(=O)N[C@@H](CCCNC(=N)N)C(=O)O,440.0,2.643452676486187,CHEMBL5482974,VEGA-NRP1,4,Large-Polar-Aliphatic-Flexible-Hydrophilic,Other
13.333628966648895,13.333628966648895,0.1879320235006565,-5.083333333333334,0.1036710373828259,21.25531914893617,672.7060000000005,629.3620000000005,672.320680376,262,0,0.4902403183070029,-0.4745811720256028,0.4902403183070029,0.4745811720256028,1.0,1.574468085106383,2.106382978723404,19.41351337674671,10.044874294175136,2.3802289865069515,-2.2563372729440223,2.1480450016832897,-2.568223265762763,5.955488753912387,-0.192467741931859,3.0022272584538308,1.4116780904557208e-06,1247.9202797944208,35.73347556082298,26.331197186702543,26.331197186702543,21.970359233825196,14.895067433865252,14.895067433865252,10.817604035302754,10.817604035302754,6.709589079062008,6.709589079062008,4.111316608346627,4.111316608346627,-4.9,4392447475.328328,40.12375296912114,19.578449820921257,14.826319664182014,269.409459109782,42.74092649604088,24.16736331659184,5.959554568743835,29.535898646757527,0.0,12.145603805395323,29.381969526150627,4.794537184071822,13.17124514302446,0.0,51.10304694137992,37.667559606327046,19.007418857986544,0.0,47.0449956422961,41.46475850345321,5.409283605791522,31.900731624037984,11.651573523323576,83.21898154773723,13.08951281182515,35.89528683400505,0.0,0.0,37.634399101200174,13.17124514302446,0.0,0.0,83.96261971500643,28.76722310443093,11.327189651952915,64.48061203454688,30.33183534230805,0.0,0.0,0.0,244.69999999999996,59.94168603939319,37.14393106338357,0.0,43.59186161894733,24.94985114346159,0.0,0.0,51.10304694137992,0.0,31.900731624037984,21.044015661866233,31.73611111111111,0.0,74.29091330608306,30.796299589808793,5.907440437075029,-5.761087144571625,4.851559498479787,-3.702763413546069,5.631526615559909,0.0,0.5517241379310345,47,10,15,0,1,1,5,1,0,1,4,0,7,9,18,1,8,0,1,1,0,0,16.71406136453146,2,0.1708700000000087,163.33209999999983,1,0,0,0,0,0,0,0,1,1,6,5,0,0,0,0,7,1,0,0,0,0,0,0,0,3,0,5,0,0,0,0,0,0,1,0,0,0,0,0,0,0,0,1,3,0,0,0,0,0,0,0,0,0,0,0,0,0,0,0,0,0,0,0,0,0,0,0,0,0,0,0,0,0,0,0,0,0,0,0,0,0,0,0,0,CHEMBL4084197,CC[C@@H]1NC(=O)[C@H](CCCNC(=N)N)NC(=O)[C@H](NC(=O)C(C)C)CCCNC(=O)[C@@H](c2ccccc2)NC1=O.O=C(O)C(F)(F)F,164.0,2.214843848047698,CHEMBL612545,Unchecked,4,Large-Polar-Aliphatic-Flexible-Hydrophilic,Other
12.806641063454286,12.806641063454286,0.0229602193990487,-4.249341116785452,0.3719797729499578,15.52777777777778,514.5770000000003,489.37700000000024,514.17626508,188,0,0.3933283894768193,-0.3945191802877329,0.3945191802877329,0.3933283894768193,1.1666666666666667,1.9722222222222223,2.6944444444444446,32.13353968189059,10.033982167726895,2.2905175819996484,-2.3232603986977964,2.3292445152836065,-2.383659795848554,7.182471144327722,-0.1261394318672335,3.400039816222153,1.214799258902905,1415.190114409119,25.28588180363029,19.42372941631105,20.240225997238777,17.324144300301885,11.749331895700305,12.565828476628033,9.050323536412716,10.165523407701963,6.493634614886721,7.536683633563212,4.844388599060994,5.8707480235582405,-3.1999999999999997,165092455.71791625,24.49246219281663,10.04540465661463,5.305598187475266,209.35226513003383,14.990415646638391,28.738728579860872,0.0,0.0,0.0,6.176298517443475,4.899909730850477,9.967957041894415,18.433136697762947,11.336785877934735,6.06636706846161,42.67056301139545,48.00093857858061,18.413927801903725,18.277772537865165,38.274194221936185,5.261891554738487,19.43496642053625,0.0,44.57011702719461,25.0131833803444,52.79368209731934,0.0,6.069221312792274,5.316788604006331,18.98910792085949,0.0,11.336785877934735,56.45602793830645,19.51033443475116,11.33111286753076,28.976169926098773,36.65915541707259,0.0,21.119545566166423,0.0,90.00000000000001,12.597120140369483,23.53966409260365,0.0,17.525869987362178,28.27316781268143,60.27907476530253,6.3273200747645415,6.06636706846161,16.699833784714574,38.386610826466715,0.0,40.25319545540579,1.0580220928056698,11.624977470224088,23.758838785259933,2.6396628003015143,0.5919114120186657,11.945952886825753,-2.032585640039773,2.910024737198367,0.0,0.4,36,2,7,0,1,1,0,1,3,4,0,0,8,2,11,4,7,0,1,1,0,0,6.834352604546611,5,4.691280000000005,132.83450000000002,0,1,1,0,0,3,0,0,0,0,0,0,0,0,0,5,1,0,0,0,1,0,0,0,0,3,0,0,0,1,0,0,0,0,1,0,2,0,0,0,0,0,0,0,3,0,0,0,0,0,0,0,0,0,0,0,0,1,0,0,0,0,0,0,0,0,0,0,0,1,0,0,0,0,0,0,0,0,0,0,0,0,1,0,0,CHEMBL3781357,N#Cc1cc2cc(CN3CCC(Nc4ncnc5sc(CC(F)(F)F)cc45)CC3)ccc2n1CCO,35.0,1.5440680443502757,CHEMBL2093861,Menin/Histone-lysine N-methyltransferase MLL,4,Large-Polar-Aromatic-Flexible-Hydrophobic,Large-Polar-Aromatic-Flexible-Hydrophobic
8.984195141976311,8.984195141976311,0.4032691516400165,0.4032691516400165,0.5474972050881622,19.75,483.6240000000003,450.3600000000003,483.2858920560001,186,0,0.1558426194918634,-0.3707419147357934,0.3707419147357934,0.1558426194918634,0.9444444444444444,1.7222222222222223,2.4722222222222223,15.243039767522747,9.95976238975559,2.299957090700486,-2.441223454209559,2.2741420957200935,-2.5270075710002633,5.858848313724902,0.1736513438650507,2.9184780324871245,1.013005867603292,1218.2180626030563,24.321415709563016,20.60482218425836,20.60482218425836,17.746647376116456,13.064313901531593,13.064313901531593,10.145411929922265,10.145411929922265,7.67173696527168,7.67173696527168,5.566877734388705,5.566877734388705,-3.48,251909201.85232672,22.95077181864058,10.249980941145456,4.920466040937247,211.69260700039544,25.333306400564098,17.66188357021583,5.817862777835028,0.0,0.0,0.0,0.0,14.951935562841625,5.261891554738487,0.0,0.0,49.23984565662168,76.54994080320608,17.14937352210553,0.0,28.356513265586145,5.261891554738487,25.16863389769843,5.917906046161393,18.88348407499998,74.01941571892046,48.288973977231194,0.0,6.069221312792274,20.433396669713616,17.323111830353618,0.0,0.0,84.79649377605323,0.0,17.249018913692154,18.405094737549017,42.7255224855342,0.0,11.033401435232523,0.0,96.24,0.0,0.0,0.0,0.0,11.959746875309351,99.9770293816648,5.687386274683562,6.3273200747645415,12.13273413692322,65.63595302909722,10.245870075685694,0.0,0.0,21.319911956433405,16.076343770455413,3.699945584015776,2.57247483873019,14.664363605780656,3.8534186036821705,9.480208307569058,0.0,0.4814814814814814,36,2,9,0,3,3,0,1,2,3,0,0,9,2,9,5,6,0,3,3,0,0,6.534582603490116,6,2.3187800000000003,142.3603999999999,0,0,0,0,0,3,0,0,0,0,0,0,0,0,0,7,2,0,0,0,1,0,0,0,0,0,0,0,0,3,0,0,0,0,1,0,1,0,0,0,0,0,0,0,0,0,0,0,0,0,0,0,0,0,0,0,0,1,0,0,0,0,0,0,0,0,0,0,0,1,1,0,0,1,0,0,0,0,0,0,0,0,0,0,0,CHEMBL5188417,N#Cc1ccc(N2CC(CN3CCC(Nc4ncnc5ccc(N6CCNCC6)nc45)CC3)C2)cc1,180.0,2.255272505103306,CHEMBL2093861,Menin/Histone-lysine N-methyltransferase MLL,4,Large-Polar-Aromatic-Rigid-Hydrophilic,Other
14.870062370205895,14.870062370205895,0.0975488951452105,-3.099445588010079,0.5388555907153147,21.333333333333332,518.9520000000002,493.7520000000002,518.16447278,190,0,0.300696321625657,-0.4797949945732011,0.4797949945732011,0.300696321625657,1.25,2.0277777777777777,2.7777777777777777,35.49569254852648,10.044936125491164,2.5075675062575926,-2.2666995920436652,2.4530578856710026,-2.436914569841195,6.324986735926203,-0.0578652841993103,3.7180124005344615,1.4023230383410905,1390.5049830151963,25.02636877963644,19.561341755862692,20.317270701881142,17.314500270642633,11.87817178789417,12.256136260903398,9.40033463945813,9.807534766198737,6.898453609932327,7.175050160952338,4.784104011506033,4.922402287016038,-3.18,301336546.9714417,23.23249638900176,8.736055888208785,4.093822063575535,209.91845471371715,29.574312494254592,5.022633313741326,12.424744742347947,11.6978511142704,5.559266895052007,5.922529168094576,4.794537184071822,13.764808616296849,4.983978520947208,0.0,11.600939890232516,36.958650497398246,31.2107952836507,36.6565353220867,18.254556002949737,45.644839430502216,0.0,14.53505668968577,12.965578028838582,24.80601324309456,48.44364564422705,39.772382169863064,0.0,5.749511833283905,25.829616787715196,31.921804703538292,5.749511833283905,11.600939890232516,59.409585392292215,11.78453493647724,5.917906046161393,12.84164324585202,29.19048196106973,5.022633313741326,10.902924932081056,0.0,93.54,24.130518856807463,13.575367279421462,0.0,17.35480415412886,59.68242332017845,12.84164324585202,10.763943219404432,25.24677318806202,4.899909730850477,20.601534249907075,21.074665797832616,41.971246119861206,6.386672976038355,23.924658282739713,7.125798264343361,1.028868701051727,-2.409732141595093,4.224348282807167,2.9741070438910793,1.705862903580707,1.5959473450595525,0.4583333333333333,36,2,9,1,2,3,0,1,2,3,1,0,9,2,12,4,4,1,1,2,0,0,5.637788524359116,6,3.780300000000002,133.12239999999997,0,0,0,0,0,3,0,0,0,0,0,0,0,0,0,4,2,0,0,0,0,0,0,0,0,2,0,0,0,4,1,0,0,0,1,0,3,0,0,0,0,2,0,0,3,0,0,0,0,0,0,0,0,0,0,0,1,0,0,0,0,0,0,0,0,0,0,0,0,0,0,0,0,1,0,0,0,0,0,0,0,0,0,0,0,CHEMBL5432721,Cn1c(=O)c2c(c3cc(Nc4nc(N5CCOCC5)ncc4Cl)ccc31)N[C@@H](C1CC1)C(F)(F)CO2,3.2,0.505149978319906,CHEMBL4105786,B-cell lymphoma 6 protein,4,Large-Polar-Aromatic-Rigid-Hydrophobic,Large-Polar-Aromatic-Rigid-Hydrophobic
14.388914128976324,14.388914128976324,0.0,-4.76848639145912,0.3462678722819733,19.214285714285715,672.9049999999997,645.6889999999999,671.0921923839999,224,0,0.4167980742778372,-0.4754330063754169,0.4754330063754169,0.4167980742778372,0.9761904761904762,1.738095238095238,2.4047619047619047,79.91873149199083,9.892638580108546,2.490879689743949,-2.4524098567631696,2.3523720553191234,-2.63972609106948,9.103031340911391,-0.1526195817561371,2.983089782711201,4.049990047225434e-06,1426.1541646505575,29.20009536600337,22.189240445790013,24.59173356583244,19.571135874685897,12.972297609810122,13.765295879367471,9.888732067936983,10.743068967111505,7.23321814688396,7.876332372126238,5.212723198088841,5.459349017447361,-3.4499999999999997,1389507756.4494438,31.484892066015888,12.82124136022916,6.617191191591268,253.7514034693191,19.436592146351483,17.384595452164827,0.0,5.601050810983688,11.814359458703011,6.176298517443475,14.57305288909085,9.374393568622027,13.17124514302446,12.407033161179976,6.06636706846161,59.103422486109416,57.380679812863704,22.144378905138986,31.88759751264297,45.969199295667366,0.0,19.76777650359537,0.0,24.618992574279183,44.16844816632592,82.47194353434281,0.0,5.749511833283905,9.636772684650529,23.379522968534307,5.749511833283905,28.336977059129325,76.45172520875751,10.970835701515297,5.817220841045894,28.763083413317833,65.52781970990291,0.0,0.0,0.0,78.87,40.53583261157006,27.15073455884292,0.0,48.560420567973466,26.1790256236503,30.3442840579844,17.032643867773697,11.096753302463554,23.099010936235302,25.89790093984376,4.736862953800049,61.83823508980892,3.0953701912914964,40.50286077391573,0.0,-3.3559782747086753,-1.085936145861636,10.36807179506815,-0.758039595402221,1.4787494992215788,0.0,0.3571428571428571,42,0,8,0,2,2,2,1,2,3,1,0,6,0,14,4,5,0,2,2,0,1,9.61131905664652,5,5.2214000000000045,152.11349999999973,0,0,0,0,0,2,0,0,0,0,2,2,0,0,0,5,0,0,0,0,1,0,0,0,0,3,0,2,0,1,0,0,0,0,1,0,0,0,0,0,0,1,0,0,6,0,0,0,0,0,0,0,0,0,0,0,0,0,0,0,0,0,0,0,0,0,0,0,0,1,1,0,0,2,0,0,0,0,0,0,0,0,0,0,0,CHEMBL3112783,Cl.O=C(c1cnccc1C(F)(F)F)N1CCCC(Oc2ccc(Br)c(F)c2)(C(=O)N2CCN(c3ccccn3)CC2)C1,2900.0,3.462397997898956,CHEMBL1907611,Tumour suppressor p53/oncoprotein Mdm2,4,Large-Polar-Aromatic-Rigid-Hydrophobic,Large-Polar-Aromatic-Rigid-Hydrophobic
14.057451813191353,14.057451813191353,0.0855804096329899,-1.169205325648778,0.234228705712537,45.23255813953488,597.7930000000005,546.3850000000003,597.3665529719999,238,0,0.2459958819653299,-0.4578798937204437,0.4578798937204437,0.2459958819653299,0.9534883720930232,1.6511627906976745,2.3488372093023258,16.84969939427473,9.73382682652828,2.6903954274141144,-2.4420246713608815,2.5891951712579244,-2.5182981439952803,6.501353660379244,-0.2790687879057012,3.431182797695557,1.5305852711196335,1258.4657945431757,31.007342731648755,27.274273875171733,27.274273875171733,20.26499964032923,16.572539124778864,16.572539124778864,14.89476205242866,14.89476205242866,11.31915972173817,11.31915972173817,8.755453698814778,8.755453698814778,-1.8400000000000003,3178933712.284255,31.15524523246698,11.197978469247516,5.092664032433421,256.37477944010055,28.95388894089138,5.759164871656176,11.8910775403189,17.353601045300476,0.0,0.0,9.589074368143644,0.0,0.0,0.0,46.267810635356255,58.41424496608526,60.40418778636914,18.31189916324491,33.64305357818454,11.566489892729878,0.0,4.899909730850477,29.589530230806965,122.98117799152482,20.13718479450234,34.127603098767125,0.0,0.0,0.0,0.0,0.0,0.0,77.70019966905781,28.53652618334384,29.589530230806965,86.99109013539041,34.127603098767125,0.0,0.0,0.0,94.53,47.37051740727737,14.69560176298435,0.0,17.93977848007109,47.15593380003878,38.77279930352918,5.5731045300692665,6.923737199690624,13.847474399381248,45.718550619124045,18.947451815200196,27.748866701396913,0.0,29.857023167531047,11.484648822965664,2.5624055877133536,-2.6032975798009215,0.0,4.854680779296251,16.161842420221074,2.100496767343289,0.7714285714285715,43,1,8,1,5,6,0,0,0,0,10,4,8,1,8,5,0,0,4,4,1,0,8.113389891099805,6,5.1017000000000055,161.6887999999997,0,1,1,0,0,0,0,0,0,0,2,2,0,0,0,1,0,0,0,0,1,0,0,0,0,0,3,0,0,0,0,0,0,0,0,0,3,0,0,0,0,4,0,0,0,0,0,0,0,0,0,2,2,0,0,0,0,0,0,0,0,0,0,0,0,0,0,0,0,1,0,0,0,0,0,0,0,0,0,0,0,0,0,0,0,CHEMBL508232,CC1=C2O[C@]34OC5(CCN(C)CC5)O[C@@H]3C2=C(C(=O)C1=O)[C@@H]1O[C@H](CC[C@H](C)/C=C(\C)C[C@@H](C)C[C@@H]4C)[C@H](C)[C@H](O)[C@H]1C,5000.0,3.6989700043360183,CHEMBL4625,Apoptosis regulator Bcl-X,4,Large-Polar-Aliphatic-Flexible-Hydrophobic,Other
8.992084766004876,8.992084766004876,0.4027595097667383,0.4027595097667383,0.5522010404762138,20.10810810810811,497.6510000000004,462.3710000000003,497.3015421200001,192,0,0.1558426194918837,-0.3707419147357934,0.3707419147357934,0.1558426194918837,0.918918918918919,1.6756756756756757,2.4054054054054053,15.277699520472712,9.959762354286784,2.3004208903864467,-2.4412299306227117,2.275291665374811,-2.5270076382281155,5.8588684124279435,0.1736512927529512,2.918243931658498,1.0124278851536106,1248.8781218993242,25.191659197566096,21.552035779758317,21.552035779758317,18.14049422623381,13.436876247878676,13.436876247878676,10.698687855205874,10.698687855205874,8.058018138445227,8.058018138445227,5.708492680846489,5.708492680846489,-3.4799999999999995,356189928.39295614,23.89090090352385,10.481514504729716,5.311236410603995,218.26752060138745,24.91642752740824,17.66188357021583,5.817862777835028,0.0,0.0,0.0,0.0,14.951935562841625,5.261891554738487,0.0,0.0,56.28751763929887,76.54994080320608,17.14937352210553,0.0,28.356513265586138,5.261891554738487,24.75175502454258,5.917906046161393,18.88348407499998,81.06708770159764,48.288973977231194,0.0,6.069221312792274,15.116608065707286,17.323111830353618,0.0,0.0,96.74407548958092,0.0,17.249018913692154,18.405094737549017,42.7255224855342,0.0,11.033401435232523,0.0,87.45,0.0,0.0,0.0,0.0,11.959746875309351,99.97702938166478,5.687386274683562,6.3273200747645415,12.13273413692322,72.26674613861856,10.245870075685694,0.0,0.0,23.78000120542976,12.694705428340406,3.709703536433939,2.5865309086890376,14.695195254966771,3.859738622047644,9.669510432823673,2.171281277935435,0.5,37,1,9,0,3,3,0,1,2,3,0,0,9,1,9,5,6,0,3,3,0,0,6.767914171657985,6,2.6609800000000012,146.98769999999982,0,0,0,0,0,3,0,0,0,0,0,0,0,0,0,8,1,0,0,1,1,0,0,0,0,0,0,0,0,3,0,0,0,0,1,0,1,0,0,0,0,0,0,0,0,0,0,0,0,0,0,0,0,0,0,0,0,1,0,0,0,0,0,0,0,0,0,0,0,1,1,0,0,1,0,0,0,0,0,0,0,0,0,0,0,CHEMBL5195611,CN1CCN(c2ccc3ncnc(NC4CCN(CC5CN(c6ccc(C#N)cc6)C5)CC4)c3n2)CC1,70.0,1.845098040014257,CHEMBL2093861,Menin/Histone-lysine N-methyltransferase MLL,4,Large-Polar-Aromatic-Rigid-Hydrophilic,Other
13.30467151856386,13.30467151856386,0.0312600891672865,-0.8278516203313282,0.5674750369085556,28.975,546.6200000000002,512.3480000000004,546.236601428,210,0,0.3187249869908229,-0.5040425270912626,0.5040425270912626,0.3187249869908229,1.2,2.0,2.7,16.6479931814856,9.525421129238929,2.578101605078408,-2.565745716432613,2.592715969047504,-2.6011012958039172,6.126775672884528,-0.1457852103496981,3.388534302825029,1.552500607642915,1463.8194009644235,28.344206024832225,23.393060345925495,23.393060345925495,19.232749677769615,13.5470508905923,13.5470508905923,11.262058872215578,11.262058872215578,9.306595142737567,9.306595142737567,7.393762080799226,7.393762080799226,-3.85,1302160085.3005762,26.37662841839047,9.65779327945605,3.7415871574565256,232.8901233786479,29.05461457082796,11.629591048932095,29.145399872337222,0.0,0.0,5.969305287951848,9.589074368143644,0.0,0.0,0.0,34.984632492293976,51.06364750112488,40.48591344272312,21.3293926238326,33.743779208121126,17.46423523708749,0.0,4.899909730850477,16.991524819073327,43.74699975476169,34.92182101242236,69.98427777928309,0.0,11.49902366656781,4.736862953800049,0.0,11.49902366656781,0.0,68.434334204349,35.73620095180316,18.75954929201341,46.7628670920853,47.322733047548645,0.0,0.0,0.0,106.89,23.406168191258324,14.69560176298435,0.0,35.662837111168116,35.43939610367289,23.235110881003564,21.3293926238326,6.06636706846161,37.265225580370945,17.10329444027821,19.04817744513678,16.3740207100267,0.0,34.928325220183105,16.04569510837954,3.936478501426055,-0.7583673125746677,9.55830621287914,2.616223882038275,2.7569055448981774,6.459078799410342,0.4516129032258064,40,1,9,2,2,4,0,2,0,2,5,2,9,1,9,2,5,0,1,1,0,0,6.368500616846023,6,3.5913200000000023,146.32979999999984,0,0,0,0,0,0,0,1,0,0,2,2,0,0,0,2,0,0,0,1,1,0,0,0,0,0,1,0,0,0,1,0,0,0,2,0,1,0,0,0,1,3,0,0,0,0,0,0,0,0,0,1,1,0,0,3,0,0,0,0,0,0,0,1,0,1,1,0,0,1,0,0,0,0,0,0,0,0,0,0,0,0,0,0,0,CHEMBL2337627,COC(=O)[C@@H]1C(c2cccc(C)c2)=NO[C@H]1c1cc(OC)c(O)c2c1C[C@@H]1[C@@H]3C=C(OC)C(=O)C[C@]23CCN1C,78300.0,4.893761762057943,CHEMBL614822,NIH3T3,4,Large-Polar-Aromatic-Rigid-Hydrophobic,Large-Polar-Aromatic-Rigid-Hydrophobic
14.75817400514287,14.75817400514287,0.0,-4.895888335862731,0.195773723301317,19.53846153846154,761.1600000000001,721.8480000000002,760.2462319680001,284,0,0.4167980757436942,-0.4890140962002148,0.4890140962002148,0.4167980757436942,0.9230769230769232,1.6153846153846154,2.25,35.45300258835862,9.79799151717225,2.5572378062126297,-2.5047120177716597,2.402866005062383,-2.6908094073892945,5.969804250726672,-0.1597578509179749,3.115147939966864,6.049978586012605e-06,1655.7955025222564,36.81297954112573,28.15972238166586,28.976218962593585,24.29602740107328,16.34277425584373,16.34277425584373,12.15112010536096,12.15112010536096,9.043450989018837,9.043450989018837,6.635285407167239,6.635285407167239,-4.279999999999999,126606729570.89713,40.48998477445292,17.033114544116575,8.836842375629924,302.20625558617314,34.01684544879229,18.105905631080727,0.0,5.601050810983688,11.814359458703011,12.35259703488695,14.573052889090851,0.0,26.34249028604892,12.407033161179976,12.13273413692322,55.30621272508328,65.25497030150548,35.026463543435426,55.24868091043342,29.908778894566552,0.0,14.783797982648162,0.0,43.25795354379663,64.55413519522963,83.68134523447164,0.0,11.49902366656781,14.373635638450576,32.02987656073248,11.49902366656781,12.407033161179976,103.00180194070268,21.883997172758814,0.0,40.74735652794084,66.99099075938065,0.0,0.0,0.0,104.67000000000002,59.10708457332551,41.03809204903327,0.0,57.053279080979635,38.1191556425965,47.246451422606626,4.899909730850477,7.109797541277533,29.16537800469692,4.983978520947208,14.210588861400147,99.40598781731155,0.0,37.05340676168502,10.19085715377778,-4.1041827930791435,-1.1780073037175651,10.428484388873551,-8.033318562771228,1.09317133611786,1.560267868468824,0.4571428571428571,52,1,10,0,2,2,2,2,1,3,2,0,8,1,17,3,11,0,2,2,0,0,13.262895164476785,5,5.719800000000008,179.6572999999996,0,1,1,0,0,1,0,0,0,0,2,2,0,0,0,4,0,0,0,0,1,0,0,0,0,6,0,2,0,1,0,0,0,0,2,0,0,0,0,0,0,3,0,0,7,0,0,0,0,0,0,0,0,0,0,1,0,0,0,0,0,0,0,0,2,0,0,0,0,1,1,0,0,1,0,0,0,0,0,0,0,0,0,0,0,CHEMBL3288451,COCCOc1ccccc1N1CCN(C(=O)[C@]2(Oc3ccc(C(F)(F)F)cc3)CCCN(C(=O)c3cnccc3C(F)(F)F)[C@@H]2CCO)CC1.Cl,24.0,1.380211241711606,CHEMBL5023,p53-binding protein Mdm-2,4,Large-Polar-Aromatic-Flexible-Hydrophobic,Large-Polar-Aromatic-Flexible-Hydrophobic
12.840854026417247,12.840854026417247,0.1064825172070609,-4.27038420068568,0.3092615031398702,15.36842105263158,544.6030000000003,517.3870000000003,544.186829764,200,0,0.3933283894768193,-0.5075314803150194,0.5075314803150194,0.3933283894768193,1.1842105263157894,1.9473684210526316,2.6315789473684212,32.13353982959764,9.996652453731496,2.2924960658237428,-2.3281866522512664,2.3494732829329776,-2.3852825797410317,7.182475604404704,-0.1261406514357645,3.4302912477508465,1.269913378238924,1515.712479698676,27.02636877963644,20.716242473431755,21.53273905435948,18.162348257753408,12.312255090927325,13.12875167185505,9.58920238092144,10.704402252210684,7.081319129049261,8.124368147725752,5.181702545491425,6.208061969988668,-3.4000000000000004,362753958.0655716,26.21682192810546,10.398704702442664,5.269224145187086,220.51144099662645,20.0969430414791,34.48824041314478,0.0,0.0,0.0,6.176298517443475,4.899909730850477,9.967957041894415,18.433136697762947,11.336785877934735,0.0,37.46156607416286,54.11405642112296,23.93062851951999,23.384299932705872,38.274194221936185,5.261891554738487,19.43496642053625,0.0,51.49385422688524,25.0131833803444,46.22439945209312,0.0,11.81873314607618,5.316788604006331,18.98910792085949,5.749511833283905,11.336785877934735,61.56255533314715,19.51033443475116,18.254850067221383,34.53962141779577,24.52642128014937,0.0,21.11954556616642,0.0,110.23,12.597120140369483,28.646191487444355,0.0,29.820138226558655,28.27316781268143,59.297769851086954,12.393687143226153,16.699833784714574,6.923737199690624,26.253876689543496,0.0,40.23750101096133,1.0370106967942738,11.439695639907292,34.60123769393642,2.8771024564084415,0.7132202207249037,7.255752269852393,-2.2645068863666142,4.186320231114886,0.0,0.4230769230769231,38,3,8,0,1,1,0,1,3,4,0,0,9,3,12,4,7,0,1,1,0,0,7.174236564918215,5,4.7053000000000065,139.23629999999994,0,1,1,0,0,3,0,1,0,0,0,0,0,0,0,5,1,0,0,0,1,0,0,0,0,3,0,0,0,1,1,0,0,0,1,0,2,0,0,0,0,0,0,0,3,0,0,0,0,0,0,0,0,0,0,0,0,1,0,0,0,0,0,0,0,1,1,0,0,1,0,0,0,0,0,0,0,0,0,0,0,0,1,0,0,CHEMBL3780003,Cc1c(CN2CCC(Nc3ncnc4sc(CC(F)(F)F)cc34)CC2)c(O)cc2c1cc(C#N)n2CCO,27.0,1.4313637641589874,CHEMBL2093861,Menin/Histone-lysine N-methyltransferase MLL,4,Large-Polar-Aromatic-Flexible-Hydrophobic,Large-Polar-Aromatic-Flexible-Hydrophobic
15.194290255321237,15.194290255321237,0.1311882980711287,-1.3389615869739844,0.2204567905873816,23.964912280701753,775.9739999999999,721.542,775.4333648080002,300,0,0.2546890789276663,-0.3689566926791982,0.3689566926791982,0.2546890789276663,0.912280701754386,1.6666666666666667,2.4035087719298245,19.147158994633863,9.883320217538492,2.405563860459943,-2.4235861482851195,2.415087753596639,-2.5200920035109236,6.051714516808384,-0.1364576045445046,3.7336102123136934,0.766945148200441,2149.86027448798,39.42334552620546,33.345359730163864,33.345359730163864,27.485318138398192,20.847998101595948,20.847998101595948,17.515119272376314,17.515119272376314,13.045396351905556,13.045396351905556,9.956303001046818,9.956303001046818,-4.880000000000001,9692517949589.094,37.68323281580551,15.132305873005606,7.51404343941136,333.3341838906155,19.68370771349864,11.71060064789364,0.0,17.762698739689505,5.907179729351506,0.0,29.50021961792275,14.358372089569237,0.0,0.0,18.19910120538483,100.73035342301633,110.62554302760782,6.041840829147961,18.774026599890284,40.26018967580563,0.0,34.96845335939938,5.917906046161393,89.63518004873006,62.15787070900154,82.80599058409386,0.0,0.0,15.116608065707286,16.026140603344878,0.0,0.0,117.4836966677898,22.554652396982227,5.917906046161393,91.65943168855816,54.85825662245742,0.0,10.902924932081056,0.0,121.01,11.71060064789364,14.383611552215466,4.39041504767482,36.22604246927644,30.99169197260955,99.04901696169485,17.3704973290878,18.74738413023173,24.52642128014937,67.15597859035411,9.967957041894415,15.194290255321237,0.0,61.91450256493149,3.621247376748893,5.910250609342165,0.6553005728051939,13.896079942705068,8.830783177695661,13.060878833783622,0.0,0.5227272727272727,57,2,12,0,5,5,3,2,2,4,3,0,9,2,13,7,9,0,3,3,0,1,10.004108864078091,9,5.231700000000004,217.9268999999993,0,0,0,0,0,3,1,0,0,0,3,3,0,0,0,7,2,0,0,0,0,1,0,0,0,1,0,3,0,2,0,0,0,0,2,0,4,0,0,0,0,0,0,0,1,0,0,0,1,0,0,0,0,0,0,0,0,0,0,0,0,0,0,0,1,0,0,0,0,2,1,0,0,0,0,0,0,0,0,0,0,0,0,0,0,CHEMBL4781967,C[C@@H]1Cc2c([nH]c3ccccc23)[C@@H](c2cnc(N3CCC(CCN4CCN(c5ccc6c(c5)CN(C5CCC(=O)NC5=O)C6=O)CC4)CC3)nc2)N1CC(C)(C)F,0.5,-0.3010299956639812,CHEMBL4523681,Protein cereblon/Estrogen receptor,4,Large-Polar-Aromatic-Flexible-Hydrophobic,Large-Polar-Aromatic-Flexible-Hydrophobic
14.13031561470369,14.13031561470369,0.0127811109011501,-0.3116794839257102,0.5219203465270493,20.94736842105263,514.6300000000003,480.35800000000035,514.2692389480001,198,0,0.2563891397885325,-0.4803855203305841,0.4803855203305841,0.2563891397885325,1.131578947368421,1.8157894736842104,2.3947368421052633,16.47362029036475,9.901479126316817,2.4568772181951504,-2.378421003465947,2.471200003949594,-2.4184416562779893,6.0109134746108,0.0457685536117834,3.4361843620616623,1.6948643345585972,1380.530316228228,27.137099243645675,22.548921566069875,22.548921566069875,18.24362115826599,13.093209180917968,13.093209180917968,10.59074371256,10.59074371256,7.620087998711208,7.620087998711208,5.817656431193924,5.817656431193924,-3.899999999999999,429523595.04720575,25.73714771873988,10.103824493943318,4.287130368502668,222.8480369136404,24.210309458133068,0.0,0.0,11.828327617421866,5.907179729351506,0.0,4.794537184071822,4.983978520947208,10.245870075685694,0.0,12.13273413692322,63.29331358816712,32.37586919526338,53.40303653575398,14.637927532712578,11.855519010338,5.261891554738487,19.43496642053625,0.0,63.76024976627748,26.105051237482392,58.91296138386057,0.0,23.2065891357731,9.636772684650529,5.948339280986494,5.879988336435371,0.0,63.79962226825663,0.0,11.33111286753076,78.79326220339249,36.52867891392113,0.0,11.257379486545457,0.0,107.51,0.0,15.162956133651017,0.0,30.136668604543686,35.79687384666788,35.35640221894293,0.0,25.43937524981383,42.09426463244016,34.451752401859295,4.736862953800049,7.874267726472743,0.0,27.07016396788021,19.482123403618232,4.674676688943882,0.9735712916450592,11.39632362581646,4.319514300074851,4.204851403473337,5.337840925408566,0.4482758620689655,38,1,9,1,1,2,1,1,2,3,1,0,8,1,9,3,6,1,0,1,0,1,6.843253250653721,5,4.320980000000004,144.1542999999999,0,1,1,0,0,3,0,0,0,0,1,1,0,0,0,6,0,0,0,0,0,0,0,0,0,0,0,1,0,1,0,0,0,0,1,0,1,0,0,0,0,1,0,0,0,0,0,0,0,0,0,0,0,0,0,1,0,1,0,0,0,0,0,0,0,0,0,0,0,0,0,0,0,0,0,0,0,0,0,0,0,0,0,0,0,CHEMBL3895513,COc1nc(N(C)C)ncc1-c1cc2c(n1C(C)C)C(c1ccc(C#N)cc1)N([C@H]1CC[C@H](O)CC1)C2=O,1.666,0.2216749970707687,CHEMBL1907611,Tumour suppressor p53/oncoprotein Mdm2,4,Large-Polar-Aromatic-Rigid-Hydrophobic,Large-Polar-Aromatic-Rigid-Hydrophobic
12.854833977426033,12.854833977426033,0.2594345758844809,-3.531697225387265,0.2728150738885281,16.86046511627907,602.765,564.4610000000001,602.2787580759999,226,0,0.2135742415673166,-0.4762817326731346,0.4762817326731346,0.2135742415673166,0.9534883720930232,1.6744186046511629,2.395348837209302,32.22791794860331,9.961430427419709,2.304362769489549,-2.441442538627314,2.2917008369549756,-2.527049805689403,7.911264177260063,0.1736449881978476,3.000477595577749,0.9705856874625686,1622.4391135712672,29.812979541125735,24.63300286049922,25.449499441426948,20.846506359629316,14.732988568802725,16.216151816397115,11.56171655722461,13.51139917419322,8.118997553531136,9.904533487193484,5.645191266022922,6.891765651797171,-3.869999999999999,4873006820.019869,29.212962657607473,12.781864929457166,6.868113469647497,252.4067399727553,24.753380750357813,18.45090275689372,5.817862777835028,15.717241472852873,0.0,0.0,4.983978520947208,23.36973254717056,0.0,0.0,0.0,69.40155669043767,75.37572579715614,15.307667668651812,13.154659938128988,32.375903624168615,0.0,29.735733545489783,5.917906046161393,28.67445102603553,70.18746270019955,67.25194376568358,0.0,5.879988336435371,14.953561288656855,11.50524905251859,5.879988336435371,0.0,104.16613572430944,9.837253136417502,5.917906046161393,12.84164324585202,77.04291071671915,0.0,11.033401435232523,0.0,116.68,9.837253136417502,8.417796984328938,0.0,4.895483475517775,29.34210065177542,74.64883216907857,24.52642128014937,18.46005421168776,38.36081223920082,34.96845335939939,9.720841474747257,31.545452444729055,0.0,25.00164254605582,3.623081570691248,2.6009845446859625,1.9480484464720655,14.38841770655655,6.654140952113455,6.4874108421081385,0.500820946587702,0.4193548387096774,43,1,11,0,2,2,0,1,3,4,0,0,11,1,12,5,11,0,2,2,0,0,8.683631229739879,6,3.205700000000001,166.30049999999954,0,0,0,0,0,4,0,0,0,0,0,0,0,0,0,7,1,0,0,1,1,0,0,0,0,0,0,0,0,2,0,0,0,0,1,0,1,0,0,0,0,1,0,0,0,0,0,0,0,0,0,0,0,0,0,0,0,0,0,0,0,0,0,0,0,0,0,0,0,1,0,0,0,2,0,0,0,1,0,0,0,0,0,0,0,CHEMBL5182826,CN(C)CCOc1ccc2ncnc(NC3CCN(CC4CN(c5ccc(S(=O)(=O)c6ccncc6)cc5)C4)CC3)c2n1,10.0,1.0,CHEMBL2093861,Menin/Histone-lysine N-methyltransferase MLL,4,Large-Polar-Aromatic-Flexible-Hydrophobic,Large-Polar-Aromatic-Flexible-Hydrophobic
14.732777824303122,14.732777824303122,0.0046873275018046,-4.86133525942386,0.2530631254077181,20.3265306122449,714.7289999999998,678.4409999999998,714.2310605719999,266,0,0.4168503626036272,-0.4890241713984007,0.4890241713984007,0.4168503626036272,1.0408163265306123,1.7755102040816326,2.4285714285714284,32.13349757203782,9.793696043155668,2.558639931142798,-2.5035722748755886,2.429627606273802,-2.688313678595591,7.115445276866412,-0.1589569717609948,3.5646695175804632,1.4983732770196758,1610.3201958945406,35.398765978752635,26.59677355282274,27.413270133750466,23.296027401073285,15.837442216337568,16.717095027592464,11.78836065322714,12.662134101080351,8.710680781677052,9.515958077444507,6.4830587364640255,7.319677195400833,-4.049999999999999,57398413259.29501,36.236151155887526,14.825483270177344,7.742072124106076,282.5799803745283,29.27998249499224,12.356393797796825,5.0632075352882095,5.601050810983688,11.814359458703011,12.35259703488695,14.57305288909085,0.0,26.34249028604892,11.336785877934735,25.477292959539852,31.040744451236847,62.98472063464255,35.026463543435426,50.511817956633365,28.838531611321308,0.0,14.783797982648164,0.0,56.602512366413265,50.83745568943918,70.86230679955271,0.0,10.812719368572116,14.373635638450576,32.02987656073248,10.812719368572116,11.336785877934735,89.28512243491225,17.147134218958772,0.0,54.09191535055747,54.17195232446173,0.0,0.0,0.0,95.44,52.50020260881259,41.03809204903327,0.0,57.173705550829794,42.66299921443141,29.52750325683724,9.799819461700954,19.056471336613843,17.032643867773697,4.983978520947208,9.473725907600098,94.67529683441532,0.655223847658253,37.176526419899766,9.895643908754604,-3.9711474618510847,-1.004362634896892,7.627806228675047,-7.071855016171739,2.766867873516734,0.0,0.4848484848484848,49,1,9,0,2,2,2,1,2,3,2,0,8,1,16,4,10,0,2,2,0,0,10.963641892596488,5,6.123100000000008,168.70129999999958,0,1,1,0,0,1,0,0,0,0,2,2,0,0,0,4,0,0,0,0,1,0,0,0,0,6,0,2,0,1,0,0,0,0,1,0,0,0,0,0,0,2,0,0,6,0,0,0,0,0,0,0,0,0,0,0,0,0,0,0,0,0,0,0,2,0,0,0,0,1,1,0,0,1,0,0,0,0,0,0,0,0,1,0,0,CHEMBL4299661,CCC[C@@H]1N(C(=O)c2cnccc2C(F)(F)F)CCC[C@]1(Oc1cc(C(F)(F)F)cs1)C(=O)N1CCN(c2ccccc2OCCO)CC1,170.0,2.230448921378274,CHEMBL1907611,Tumour suppressor p53/oncoprotein Mdm2,4,Large-Polar-Aromatic-Flexible-Hydrophobic,Large-Polar-Aromatic-Flexible-Hydrophobic
14.198249457093738,14.198249457093738,0.039981420386705,-1.2288547745501095,0.0224208187393535,20.07017543859649,811.0029999999998,744.4749999999999,810.5188050720001,324,0,0.3256966935004625,-0.4797174682622497,0.4797174682622497,0.3256966935004625,0.6842105263157895,1.2456140350877194,1.8596491228070176,16.368571718849875,9.843499374098284,2.4898451356838223,-2.3606887247099704,2.4003307655071757,-2.58669091232213,5.947089665764347,-0.14611201309719,3.562943268225166,1.9850271780013873,1372.418094260454,42.4926241058873,32.73171287129258,32.73171287129258,27.101569623521097,19.823153569364095,19.823153569364095,14.709286478117331,14.709286478117331,10.29409455699626,10.29409455699626,7.230514212645929,7.230514212645929,-4.800000000000002,957934079628.7806,48.348962632144264,25.45173589193283,16.67960013135157,332.82238297035514,75.6820335303808,30.209204145739804,11.91910913748767,29.535898646757527,0.0,5.969305287951848,34.79125313194215,4.794537184071822,0.0,0.0,12.84164324585202,89.5125219271861,25.67611004688569,12.64872279366088,38.98027789411234,47.424313072197045,10.818567211583044,36.80064135488846,34.58624343197232,132.18438852499986,32.78590758816322,0.0,0.0,0.0,60.56906900984892,0.0,0.0,0.0,137.6160709849279,28.76722310443093,16.736473257744436,89.89150272096417,0.0,0.0,0.0,0.0,396.1,78.36313087411006,38.98027789411234,0.0,69.19641172223878,51.49050776639466,19.26246486877803,4.899909730850477,0.0,0.0,31.900731624037984,39.48690459739397,0.0,0.0,79.88090595692167,49.41935787836992,28.261255955737568,-4.3947775431337615,-6.590206854120674,6.576918482880844,0.3465461233444349,0.0,0.7714285714285715,57,20,22,1,1,2,5,0,0,0,8,0,12,15,22,1,26,1,1,2,0,2,21.58886013267132,2,-4.116060000000012,210.9121999999997,1,1,1,0,0,0,0,0,1,1,6,5,0,0,0,1,8,5,0,0,1,0,0,0,0,0,0,5,0,0,0,0,0,0,0,0,1,0,0,0,0,0,0,2,0,0,0,0,0,0,0,0,0,0,0,0,0,0,0,0,0,0,0,0,0,0,0,0,0,0,0,0,0,0,0,0,0,0,0,0,0,0,0,2,0,CHEMBL5437088,N=C(N)NCCCC[C@H](NC(=O)[C@@H](N)CO)C(=O)NCCCC[C@H](N)C(=O)N[C@@H](CCN)C(=O)N1C2CCCCC2C[C@H]1C(=O)N[C@@H](CCCNC(=N)N)C(=O)O,810.0,2.90848501887865,CHEMBL5482974,VEGA-NRP1,4,Large-Polar-Aliphatic-Flexible-Hydrophilic,Other
13.260617425733312,13.260617425733312,0.0164610890652561,-0.8700965182905114,0.5425592824248157,28.975,567.0380000000002,535.7900000000004,566.1819790119998,210,0,0.318724985525349,-0.5040425270912626,0.5040425270912626,0.318724985525349,1.2,1.95,2.625,35.49569243898753,9.52542380594918,2.578083313418166,-2.5657451694008704,2.592765054467462,-2.601100940592175,6.303312719079907,-0.1457846868474,3.3905805977942673,1.5454085017069876,1452.9427687181608,28.344206024832225,22.771024818934723,23.52695376495318,19.23274967776961,13.236033127096912,13.61399760010614,10.899472169567996,11.33590795003998,9.132743616127868,9.38471993146735,7.210021936193725,7.336010093863467,-3.5599999999999996,1319703276.5544748,26.65178500618655,9.815974408330892,3.8175283614699858,236.82844749113295,29.05461457082796,11.629591048932095,29.145399872337222,0.0,0.0,5.969305287951848,9.589074368143644,0.0,0.0,0.0,28.889386753906276,56.27264443835748,45.50854675646445,21.3293926238326,33.743779208121126,29.065175127320003,0.0,4.899909730850477,16.991524819073327,36.82326255507107,34.92182101242236,69.44345960132742,0.0,11.49902366656781,4.736862953800049,0.0,11.49902366656781,11.600939890232516,68.434334204349,35.73620095180316,11.835812092322788,41.199415600388306,47.322733047548645,5.022633313741326,0.0,0.0,106.89,23.406168191258324,14.69560176298435,0.0,35.662837111168116,46.02548090911121,12.10820789760957,21.3293926238326,30.33183534230805,6.076020106833881,17.10329444027821,30.649117335369297,16.314952188645805,6.09871898795501,34.81577954110383,16.533342976107974,2.6713757371054716,-0.8994339039682928,8.788620023587175,2.530658990300737,0.7684181276503884,6.405345109289683,0.4333333333333333,40,1,9,2,2,4,0,2,0,2,5,2,9,1,10,2,5,0,1,1,0,0,6.540330988926604,6,3.936300000000003,146.60279999999983,0,0,0,0,0,0,0,1,0,0,2,2,0,0,0,2,0,0,0,1,1,0,0,0,0,0,1,0,0,0,0,0,0,0,2,0,1,0,0,0,1,3,0,0,1,0,0,0,0,0,0,1,1,0,0,3,0,0,0,0,0,0,0,1,0,1,1,0,0,1,0,0,0,0,0,0,0,0,0,0,0,0,0,0,0,CHEMBL2337609,COC(=O)[C@H]1C(c2ccc(Cl)cc2)=NO[C@@H]1c1cc(OC)c(O)c2c1C[C@@H]1[C@@H]3C=C(OC)C(=O)C[C@]23CCN1C,66690.0,4.824060717418653,CHEMBL614822,NIH3T3,4,Large-Polar-Aromatic-Rigid-Hydrophobic,Large-Polar-Aromatic-Rigid-Hydrophobic
11.696338962767395,11.696338962767395,0.0689280377788978,-0.6335577841326956,0.3107547077077257,20.945945945945947,523.0370000000004,491.7890000000003,522.214616532,194,0,0.4387414007667589,-0.370282281418757,0.4387414007667589,0.370282281418757,1.162162162162162,1.972972972972973,2.6486486486486487,35.4956922788259,9.827146621214643,2.3727748878826276,-2.2802617757557098,2.4493747013035008,-2.212228250161669,6.303045933226997,0.0370122044899116,3.544343861875363,1.575032232138041,1464.5778799340924,25.51793261119916,21.11443372490999,21.870362670928444,17.995534936090944,13.198309596675116,13.576274069684342,10.479185442847893,10.915621223319878,7.6423892444059085,7.849088196818759,5.550544770517967,5.724436938893737,-3.0399999999999996,462672466.3935148,24.305479383899243,10.021759829605722,4.941326330999418,219.16617429647496,9.303962601591405,17.62229888059669,0.0,5.824404497999927,0.0,5.756062822229453,14.491051978867764,14.762494225966236,0.0,0.0,36.5229835929006,62.493475966802066,31.10877700534864,21.74996274382231,9.259957890773396,22.634341325465037,0.0,29.65967698870563,17.75371813848418,65.0211269305982,6.606881964512918,45.9240590981919,0.0,22.775711979393844,5.756062822229453,0.0,0.0,11.600939890232516,36.26655895321855,11.281619359712623,17.75371813848418,64.30077502268554,33.84405340119454,5.022633313741326,33.80911341462637,0.0,111.72,5.756062822229453,4.794537184071822,0.0,11.92837088574823,34.85318336027395,47.725563122855434,25.68328649170404,12.393687143226153,19.056471336613843,26.61545714650184,30.828854822900325,13.403215635975377,6.354285657934566,28.74495383508219,4.390243784973476,3.635415740497813,2.3747077900610236,3.717575848240531,10.46027979693104,5.863766354748429,0.0,0.5185185185185185,37,1,9,2,0,2,0,0,4,4,1,0,8,1,10,4,8,2,0,2,0,1,6.583342619699229,6,5.803900000000006,140.0996999999999,0,0,0,0,0,6,1,0,0,0,0,0,0,0,0,5,1,0,0,0,0,1,0,0,0,0,0,0,0,0,0,0,0,0,0,0,1,0,0,0,0,1,0,0,1,0,0,1,0,0,0,0,0,0,0,0,0,0,0,0,0,0,0,0,0,0,0,0,0,0,0,0,0,2,0,0,0,0,0,0,0,0,0,0,0,CHEMBL3649967,CCOC(c1nc2cc(-c3noc(=O)[nH]3)nc(-c3cncc(Cl)c3)c2n1C[C@H]1CC[C@H](C)CC1)C1CC1,1.0,0.0,CHEMBL5023,p53-binding protein Mdm-2,4,Large-Polar-Aromatic-Flexible-Hydrophobic,Large-Polar-Aromatic-Flexible-Hydrophobic
12.266386300153057,12.266386300153057,0.0433092104304222,-0.3677712542932048,0.2992099322350975,23.79069767441861,585.7570000000002,542.4130000000004,585.353971616,228,0,0.3635725105988204,-0.3771081106946183,0.3771081106946183,0.3635725105988204,1.0465116279069768,1.837209302325581,2.5348837209302326,16.47875666695569,9.80255303056452,2.3293625300214154,-2.373424350342179,2.382406774154022,-2.410017822606836,5.8735185653709605,0.0927243858225898,3.5236737823294906,1.3867327263539686,1614.9982423622007,29.50106027432459,25.498669034375705,25.498669034375705,20.940693381224545,16.018284869588154,16.018284869588154,12.948931835870011,12.948931835870011,9.92987934576388,9.92987934576388,6.963282542970029,6.963282542970029,-3.729999999999999,7749115218.663816,28.064469469172742,11.747200799097884,5.546783857128657,251.63338324802663,19.520660936448213,5.516700717616262,17.289444496602684,11.77274377898642,0.0,5.689743398203474,5.098681808301038,19.44429716111142,9.967957041894415,0.0,56.518037410776714,55.92419332157584,26.1790256236503,19.255604758173796,4.736862953800049,22.93007999720551,0.0,34.283498475026406,24.80139012116137,77.42166382407183,29.975218669795225,46.37956741628034,0.0,11.648808995999854,15.906441733060284,11.766202058821523,0.0,0.0,60.08385963911277,18.329291342389816,17.75371813848418,70.39851808070829,35.126372526379875,0.0,22.81268693438384,0.0,118.78,0.0,4.794537184071822,0.0,17.773425056499395,42.3455622381162,36.29032163442433,55.19100578732426,7.04767198267719,0.0,69.0457680535857,19.688798516641672,9.745991030689872,0.0,34.086726075313116,6.79337757352784,2.3956591519474473,4.34592337290566,10.86679478820442,8.653761437831776,7.463750671248139,1.648015898331728,0.59375,43,2,11,2,1,3,0,1,3,4,2,0,10,2,11,4,8,2,1,3,0,0,7.666952515686609,7,4.919800000000004,167.04139999999953,0,0,0,0,0,7,1,0,0,0,0,0,0,0,0,7,2,0,0,0,0,1,0,0,0,0,0,0,0,2,1,0,0,0,1,0,1,0,0,0,0,1,0,0,0,0,0,1,0,0,0,0,0,0,0,0,1,0,0,0,0,0,0,0,0,0,0,0,0,0,0,0,0,0,0,0,0,0,0,0,0,0,0,0,0,CHEMBL5083548,C[C@@H](Nc1nc(-c2nc(=O)n(C)[nH]2)nc2nc(N3CCOC[C@H]3c3ccccc3)n(C[C@H]3CC[C@H](C)CC3)c12)C1CCC1,1.5,0.1760912590556812,CHEMBL1907611,Tumour suppressor p53/oncoprotein Mdm2,4,Large-Polar-Aromatic-Flexible-Hydrophobic,Large-Polar-Aromatic-Flexible-Hydrophobic
14.23681824749078,14.23681824749078,0.0469508284437754,-1.2225476953300582,0.016898305123523,19.79661016949153,855.1249999999997,784.5649999999997,854.5272615800001,336,0,0.3256966935004625,-0.4797174682622497,0.4797174682622497,0.3256966935004625,0.6779661016949152,1.2203389830508475,1.8135593220338984,32.11686930968155,9.843499368866487,2.4899425617681405,-2.3606888217671274,2.400472376956658,-2.5866888673408934,7.797403722302827,-0.1461114931863023,3.586887257465321,1.988005794347524,1410.5464817830525,43.906837668260394,34.14592643366567,35.040353624665585,28.101569623521097,20.82315356936409,21.45560910139777,15.39254761522034,15.8397612107203,10.770640470944208,11.086868236961047,7.589897511041,7.772471696876055,-4.410000000000001,2494788669430.8047,50.73261638086599,27.36859436160518,18.17378598239764,351.9131001103541,70.5755061355401,24.16736331659184,11.91910913748767,29.535898646757527,0.0,5.969305287951848,34.79125313194215,4.794537184071822,12.628789148012991,0.0,12.84164324585202,108.10701877978492,25.67611004688569,12.08368165829592,33.87375049927164,60.05310222021003,10.818567211583044,36.80064135488846,34.58624343197232,145.02603177085192,31.93187923039709,0.0,0.0,0.0,60.56906900984892,0.0,0.0,12.628789148012991,131.65551523232105,28.76722310443093,16.736473257744436,102.7331459668162,0.0,0.0,0.0,0.0,375.87,65.84906918024564,33.87375049927164,0.0,68.68276982866428,76.50582624191948,19.26246486877803,4.899909730850477,0.0,0.0,44.52952077205098,39.48690459739397,0.0,4.157555004937645,80.62302619193997,40.63623395701698,28.774114181783393,-3.4167519203600687,-6.034306824069874,7.957141694238838,1.0252099367353529,0.0,0.7837837837837838,59,19,21,1,1,2,5,0,0,0,8,0,12,15,22,1,28,1,1,2,0,2,23.533566078488946,2,-2.398360000000009,226.91339999999963,1,0,0,0,0,0,0,0,1,1,6,5,0,0,0,1,8,5,0,0,1,0,1,0,0,0,0,5,0,0,0,0,0,0,0,0,1,0,0,0,0,0,0,2,0,0,0,0,0,0,0,0,0,0,0,0,0,0,0,0,0,0,0,0,0,0,0,0,0,0,0,0,0,0,0,0,0,0,0,0,0,0,0,2,0,CHEMBL5413708,N=C(N)NCCCC[C@H](NC(=O)[C@@H](N)CCCS)C(=O)NCCCC[C@H](N)C(=O)N[C@@H](CCN)C(=O)N1C2CCCCC2C[C@H]1C(=O)N[C@@H](CCCNC(=N)N)C(=O)O,1330.0,3.123851640967086,CHEMBL5482974,VEGA-NRP1,4,Large-Polar-Aliphatic-Flexible-Hydrophilic,Other
14.823595356317009,14.823595356317009,0.0878581763198762,-3.088170077805998,0.5702960149891513,21.176470588235293,488.92600000000016,465.7420000000002,488.153908096,178,0,0.300696321625657,-0.4797949945732011,0.4797949945732011,0.300696321625657,1.2941176470588236,2.088235294117647,2.7941176470588234,35.49569243516675,10.04493232145199,2.5075267711046596,-2.305138595736,2.4531067191877525,-2.4369148078765104,6.3249898398321625,-0.0578649922356519,3.604514880607331,1.434201939182464,1355.520260671062,23.612155217263343,18.445986684212283,19.201915630230737,16.314500270642636,11.300821518704543,11.67878599171377,9.141515594355608,9.548715721096212,6.743432055519296,7.020028606539308,4.536980323367226,4.675278598877232,-3.14,78261919.15460345,21.39710205362678,7.692521986294344,3.512367413070544,198.43996736981364,24.837449540454543,5.022633313741326,12.424744742347947,11.6978511142704,5.559266895052007,5.922529168094576,4.794537184071822,13.764808616296849,4.983978520947208,0.0,11.600939890232516,43.37947212032425,31.2107952836507,23.442771393060863,13.517693049149688,45.644839430502216,0.0,14.53505668968577,12.965578028838582,31.226834866020567,35.22988171520121,39.772382169863064,0.0,5.749511833283905,25.829616787715196,31.921804703538292,5.749511833283905,11.600939890232516,46.19582146326638,7.04767198267719,5.917906046161393,19.26246486877803,29.19048196106973,5.022633313741326,10.902924932081056,0.0,84.31,24.130518856807463,13.575367279421462,0.0,11.6674178794453,39.06653285401103,32.351977680603184,4.567099647791355,31.443616759675095,0.0,25.501443980757553,16.337802844032566,36.47504339154585,6.338329783308589,23.827013724916583,7.158717137670887,1.0799739694700643,-2.2825839397765617,4.261439913072291,4.10290506554666,0.9662969056210188,1.6006418264023852,0.4347826086956521,34,2,8,1,2,3,0,1,2,3,1,0,8,2,11,4,4,1,1,2,0,0,4.841108176191408,6,4.153800000000002,126.92040000000004,0,0,0,0,0,3,0,0,0,0,0,0,0,0,0,4,2,0,0,0,0,0,0,0,0,2,0,0,0,4,1,0,0,0,1,0,3,0,0,0,0,1,0,0,3,0,0,0,0,0,0,0,0,0,0,0,0,0,0,0,0,0,0,0,0,0,0,0,0,0,0,0,0,1,0,0,0,0,0,0,0,0,0,0,0,CHEMBL5438470,Cn1c(=O)c2c(c3cc(Nc4nc(N5CCC5)ncc4Cl)ccc31)N[C@@H](C1CC1)C(F)(F)CO2,5.5,0.7403626894942439,CHEMBL4105786,B-cell lymphoma 6 protein,4,Large-Polar-Aromatic-Rigid-Hydrophobic,Large-Polar-Aromatic-Rigid-Hydrophobic
13.46062506606333,13.46062506606333,0.2212747024428394,-4.244799338015651,0.4755922365703101,21.666666666666668,482.5220000000002,459.33800000000014,482.156358836,176,0,0.3933283894807132,-0.3559581479980869,0.3933283894807132,0.3559581479980869,1.0606060606060606,1.8484848484848484,2.5757575757575757,32.13353953281111,9.962480972743156,2.384998265869276,-2.3283348879792896,2.412793215554393,-2.3794957649647275,7.1824752259250175,-0.1261386815652865,3.432871558488012,1.1475032059450778,1139.572445215189,23.164561460070644,17.708261063832715,18.52475764476044,15.764971447785928,11.000802545289176,11.817299126216902,8.881676885084422,9.996876756373668,6.479120967447058,7.522169986123548,4.628572817701093,5.6495447523491205,-2.33,40821154.51709992,22.461625669327407,8.791162250247277,5.110636052793131,191.38989490934753,10.216698334856808,16.975579272220138,11.634441682091788,0.0,0.0,6.176298517443475,0.0,18.748787137244054,13.17124514302446,11.336785877934735,6.06636706846161,55.48768001793382,29.926406880835803,11.807045837390806,21.9520752383741,27.371269289855128,0.0,15.284745645900744,5.917906046161393,43.81933188445687,24.5341789485882,52.66782871610106,0.0,0.0,10.216698334856808,27.76993801620913,0.0,11.336785877934735,41.820365606223575,6.4208216229260096,17.55234772825318,35.620969600337716,30.59278834861098,0.0,10.216620634085364,0.0,41.05,24.231561822461273,21.9520752383741,0.0,16.836894069010654,21.952389458081782,55.79697145614749,18.46005421168776,12.13273413692322,0.0,20.184655376751223,0.0,64.9272429252668,1.0690134289605342,11.49580270236257,4.2388437578817335,0.828382394828848,-0.2223512815291554,5.969870153189413,-0.9659397363707452,2.4091356554100054,0.0,0.4782608695652174,33,1,4,1,1,2,0,1,2,3,2,0,5,1,10,3,6,1,1,2,0,0,5.983751383738677,5,5.436400000000004,117.61770000000006,0,0,0,0,0,2,0,0,0,0,0,0,0,0,0,3,1,0,0,0,0,0,0,0,0,3,0,0,0,1,0,0,0,0,1,0,1,0,0,0,0,0,0,0,5,0,0,0,0,0,0,0,0,0,0,0,0,0,0,0,0,0,0,0,0,0,0,0,0,1,0,0,0,0,0,0,0,0,0,0,0,0,1,0,0,CHEMBL4593261,Fc1ccc([C@@H]2C[C@H]2NCC2CCN(c3ncnc4sc(CC(F)(F)F)cc34)CC2)cc1F,252.33,2.4019688876951997,CHEMBL6136,Lysine-specific histone demethylase 1,4,Large-Nonpolar-Aromatic-Rigid-Hydrophobic,Large-Nonpolar-Aromatic-Rigid-Hydrophobic
14.607661511268113,14.607661511268113,0.0045778349920215,-1.4325795487948263,0.4329103740397934,39.390243902439025,572.6950000000005,528.3430000000004,572.2985329879999,226,0,0.3061557061179024,-0.4810242278197746,0.4810242278197746,0.3061557061179024,0.975609756097561,1.5853658536585369,2.1463414634146343,16.547355276217875,9.417597744078996,2.7432401293287936,-2.606858393758983,2.7011529615829475,-2.6459618479486013,6.177395056887166,-0.1760528644300699,3.068721383563694,1.8798044910614484,1259.4431073148232,31.032651236960596,25.458907526503996,25.458907526503996,18.754538623540153,14.714145183678136,14.714145183678136,14.381894909315598,14.381894909315598,11.76818318222626,11.76818318222626,9.17307550477179,9.17307550477179,-2.6800000000000006,372168398.0932805,31.25994034237069,9.95578686608658,4.278069819385374,241.01067426198472,14.94991774348146,11.566489892729878,11.887211334113244,5.783244946364939,0.0,11.938610575903695,28.76722310443093,0.0,0.0,0.0,41.54242319814374,42.9340890534236,54.58321369032675,17.436862903306476,43.71714084791238,35.071590361363455,0.0,0.0,45.33158606223268,106.12276011057764,0.0,11.146209060138531,0.0,0.0,0.0,0.0,0.0,0.0,57.492577926541465,33.504086058230975,45.33158606223268,93.91482733508104,11.146209060138531,0.0,0.0,0.0,152.11,69.34346831383652,38.98027789411234,0.0,60.09713643709878,12.84164324585202,0.0,13.847474399381248,20.771211599071872,20.771211599071872,0.0,4.736862953800049,5.799233559917182,0.0,79.47697934630975,20.089939248288733,-3.7262981243436184,-5.243823922477858,0.0,-1.19321014262729,13.630513368266431,0.0,0.75,41,2,9,4,0,4,0,0,0,0,9,0,8,2,9,0,7,2,0,2,0,1,7.590665938907906,4,3.881300000000002,147.36259999999987,1,1,1,0,0,0,0,0,1,1,6,5,0,0,0,0,0,0,0,0,0,0,0,0,0,0,1,0,0,0,0,0,0,0,0,0,4,0,0,0,1,1,0,0,0,0,0,0,0,0,0,4,4,0,0,0,0,0,0,0,0,0,0,0,0,0,0,0,0,0,0,0,0,0,0,0,0,0,0,0,0,0,0,0,0,CHEMBL1922178,CC(=O)O[C@@H]1C(=O)C2=C(C(=O)C[C@H]3C(C)(C)[C@@H](O)CC[C@]23C)[C@]2(C)C(=O)C[C@H]([C@H](C)CC(=O)CC(C)C(=O)O)[C@@]12C,7250.0,3.8603380065709936,CHEMBL614909,SGC-7901,4,Large-Polar-Aliphatic-Flexible-Hydrophobic,Other
12.731279305965243,12.731279305965243,0.3207059736199353,-4.441946572365615,0.6528888315299796,18.48148148148148,412.46600000000024,397.3460000000002,412.07517114,142,0,0.4446120930982977,-0.3524257723867934,0.4446120930982977,0.3524257723867934,0.9629629629629628,1.7037037037037035,2.3703703703703702,32.134748267896796,10.223849201581825,2.36351674088013,-2.3469363876136344,2.4542330233080154,-2.4646599183218747,7.184000014787806,-0.1375896075769578,3.1989294866679296,1.3310770968180243,972.0998607660072,18.5956473593183,14.10836306764332,15.741356229498772,12.987314448683293,8.63891490521528,10.271908067070733,6.700789911997907,8.718987757056883,4.813719907173732,7.048154837030891,3.250093082491776,5.176150639935189,-2.01,2599782.789532973,17.113164355540757,6.264352735815784,3.2234651763514184,160.22208204760975,9.799819461700954,16.975579272220138,0.0,10.1391821766921,0.0,6.176298517443475,0.0,9.967957041894415,13.17124514302446,21.534149494536813,11.336785877934735,24.82591636047502,31.0561728173516,5.386224214464796,13.17124514302446,43.83961364762919,0.0,20.16532065849649,0.0,24.935847809456888,35.97884508535125,22.27845803378022,0.0,0.0,9.799819461700954,24.12066640069882,0.0,22.67357175586947,46.34434628214679,6.176298517443475,0.0,28.64432018256748,12.393687143226153,0.0,10.216620634085364,0.0,58.040000000000006,11.18392221429624,13.17124514302446,0.0,0.0,48.56527602758577,16.03448341192039,17.718790439553317,17.664105952699277,4.899909730850477,31.131597457808574,0.0,38.193837917895735,2.3327936897689012,15.295123916010755,7.4885554648243,0.0,1.5881232621964805,2.2080630590415944,-0.3550271661247666,2.498529856386999,0.0,0.5,27,0,6,1,1,2,0,0,3,3,0,0,8,0,11,4,3,1,1,2,0,0,3.970477701818403,5,3.7656000000000023,98.72700000000005,0,0,0,0,0,4,0,0,0,0,0,0,0,0,0,6,0,0,0,0,0,0,0,0,0,3,0,0,0,2,0,0,0,0,0,0,1,0,0,0,0,0,0,0,3,0,0,0,0,0,0,0,0,0,0,0,0,0,0,0,0,0,0,0,0,0,0,0,0,0,1,0,0,0,0,0,0,0,0,0,0,0,1,0,0,CHEMBL4281023,FC(F)(F)c1nnc(N2CCN(c3ncnc4sc(C5CC5)cc34)CC2)s1,2000.0,3.3010299956639813,CHEMBL2093861,Menin/Histone-lysine N-methyltransferase MLL,4,Large-Polar-Aromatic-Rigid-Hydrophobic,Large-Polar-Aromatic-Rigid-Hydrophobic
8.978165304640552,8.978165304640552,0.4345276550413771,0.4345276550413771,0.5884588278965163,19.62857142857143,468.6090000000004,436.3530000000003,468.274993024,180,0,0.1372019053625073,-0.3707419147357934,0.3707419147357934,0.1372019053625073,0.9428571428571428,1.7142857142857142,2.4571428571428573,15.230966726848,9.959542366668549,2.29966163570466,-2.441301569740208,2.2847481028810375,-2.526982922978532,5.898909289131384,0.1736555412023658,3.4221699276927984,1.011552960854062,1200.0735108858012,23.61430892837647,20.104822184258364,20.104822184258364,17.246647376116456,12.847141013603707,12.847141013603707,10.124986772789889,10.124986772789889,7.700870207330655,7.700870207330655,5.643524037579276,5.643524037579276,-3.44,190961188.56917137,22.05115389587692,9.666104728610511,4.7345118513485085,206.14274481678737,20.016517796557764,17.9630456304346,0.0,0.0,0.0,0.0,0.0,14.951935562841625,5.261891554738487,0.0,0.0,56.01512183401209,68.84665220584573,23.346217093718607,0.0,28.22603676243468,5.261891554738487,19.8518452936921,5.917906046161393,31.725127320852,60.9299029070953,48.419450480382665,0.0,6.069221312792274,15.116608065707286,17.323111830353618,0.0,0.0,71.70698096422808,0.0,17.249018913692154,31.246737983401033,42.85599898868567,0.0,10.902924932081056,0.0,84.21000000000001,0.0,0.0,0.0,0.0,6.041840829147961,86.13018970693697,25.073785926448156,6.3273200747645415,18.329577708536295,59.23677587757648,5.261891554738487,0.0,0.0,21.072104609450207,13.777660884890023,2.85090189164578,2.6981808572487083,12.7272868722443,8.264599480087426,7.775932071100217,0.0,0.4814814814814814,35,1,8,0,3,3,0,1,2,3,0,0,8,1,8,5,6,0,3,3,0,0,6.089964655550115,6,3.509380000000003,138.72469999999993,0,0,0,0,0,3,0,0,0,0,0,0,0,0,0,7,1,0,0,0,1,0,0,0,0,0,0,0,0,3,0,0,0,0,1,0,1,0,0,0,0,0,0,0,0,0,0,0,0,0,0,0,0,0,0,0,0,1,0,0,0,0,0,0,0,0,0,0,0,1,0,0,0,1,0,0,0,0,0,0,0,0,0,0,0,CHEMBL5180808,N#Cc1ccc(N2CC(CN3CCC(Nc4ncnc5cnc(N6CCCC6)cc45)CC3)C2)cc1,6500.0,3.812913356642856,CHEMBL613835,MV4-11,4,Large-Polar-Aromatic-Rigid-Hydrophobic,Large-Polar-Aromatic-Rigid-Hydrophobic
14.752290295958453,14.752290295958453,0.0349714804857581,-4.549421784924446,0.3108360128414674,20.47826086956522,660.759,621.447,660.259326008,248,0,0.425230616209443,-0.4890241713984007,0.4890241713984007,0.425230616209443,1.1304347826086956,1.891304347826087,2.5652173913043477,32.13347728125896,9.79308944301308,2.553414038029784,-2.504765825325881,2.4207535294649256,-2.6883666685445613,7.0990456299777955,-0.1590810230099955,3.5356286169097424,1.4698808488340986,1510.1482273119325,32.89876597875264,25.962880133795057,26.779376714722783,22.084702535668097,15.520495506823725,16.40014831807862,11.552181453664897,12.463412380083374,8.59260579683042,9.54600478420768,6.391913816850684,7.069014478923067,-3.84,18391401256.76909,33.521213652160064,14.289058387886,6.946182199318717,270.08337416574955,29.27998249499224,22.98305282478203,0.0,5.601050810983688,11.814359458703011,6.176298517443475,14.57305288909085,0.0,13.17124514302446,11.336785877934735,25.477292959539852,43.52793314262447,62.98472063464256,23.899560560041436,37.3405728136089,28.838531611321308,0.0,14.783797982648164,0.0,57.349951048660415,50.83745568943918,70.17600250155702,0.0,11.49902366656781,14.373635638450576,18.858631417708025,11.49902366656781,11.336785877934735,89.28512243491225,10.970835701515297,6.923737199690624,53.405611052561774,54.17195232446173,0.0,0.0,0.0,95.44,22.696337351276423,27.86684690600881,0.0,37.19845684393876,74.63599610125654,17.31720483484217,11.576906342078992,22.06303010177564,38.112942673227685,9.883888251797686,9.473725907600098,52.9491961127472,0.5184631838583353,37.557326270451405,10.518824559258526,0.4112194483338071,-0.0257962842913821,9.464524432457155,0.2893512649128809,5.81689101227208,0.0,0.4848484848484848,46,1,9,0,2,2,2,1,2,3,2,0,8,1,13,4,10,0,2,2,0,0,10.41275171975036,5,5.412720000000006,168.43629999999956,0,1,1,0,0,1,0,0,0,0,2,2,0,0,0,4,0,0,0,0,1,0,0,0,0,3,0,2,0,1,1,0,0,0,1,0,0,0,0,0,0,2,0,0,3,0,0,0,0,0,0,0,0,0,0,0,0,0,0,0,0,0,0,0,2,0,0,0,0,1,1,0,0,1,0,0,0,0,0,0,0,0,1,0,0,CHEMBL5191434,CCC[C@H]1N(C(=O)c2cnccc2C)CCC[C@@]1(Oc1csc(C(F)(F)F)c1)C(=O)N1CCN(c2ccccc2OCCO)CC1,34.0,1.5314789170422551,CHEMBL1907611,Tumour suppressor p53/oncoprotein Mdm2,4,Large-Polar-Aromatic-Flexible-Hydrophobic,Large-Polar-Aromatic-Flexible-Hydrophobic
13.696014175216153,13.696014175216153,0.1805899155524881,-5.083333333333334,0.1099210067640877,22.66,714.7870000000006,665.3950000000006,714.3676305680001,280,0,0.4902403183070029,-0.4745811720256028,0.4902403183070029,0.4745811720256028,1.06,1.64,2.16,19.41351580147823,9.913158890938323,2.3906255935408227,-2.3324982064543125,2.199300005946289,-2.617214702887707,5.967533403774023,-0.1924678562573191,3.041635640938532,1.6063116849581823e-06,1346.5707816279703,38.23347556082298,28.908167294199416,28.908167294199416,23.226994837868453,16.146517033478535,16.146517033478535,12.326304469656195,12.326304469656195,7.778162602073162,7.778162602073162,4.724046108046641,4.724046108046641,-4.9,14760799786.106173,43.12217294900222,19.937792450855607,14.295742204240211,288.7142569395672,42.32404762288502,23.664447739827228,5.959554568743835,29.535898646757527,0.0,12.145603805395323,29.381969526150627,4.794537184071822,13.17124514302446,0.0,51.10304694137992,51.01211842894368,26.055090840663738,0.0,47.0449956422961,41.46475850345321,5.409283605791522,31.483852750882132,11.651573523323576,96.06062479358926,20.13718479450234,35.89528683400505,0.0,0.0,32.31761049719384,13.17124514302446,0.0,0.0,95.40728585176949,28.76722310443093,11.327189651952915,77.82517085716351,30.33183534230805,0.0,0.0,0.0,235.90999999999997,53.53159073327706,37.14393106338357,0.0,42.95428494238626,37.91542917230017,0.0,0.0,63.907998786136595,6.06636706846161,26.583943020031658,21.044015661866233,31.73611111111111,0.0,77.39648115627124,28.38554966777675,4.6541230297511955,-5.599498246657612,5.937869336309234,-2.9755071260759847,7.4741556197848515,1.657382118395879,0.59375,50,9,15,0,1,1,5,1,0,1,4,0,7,8,18,1,8,0,1,1,0,0,17.195218685742127,2,1.293270000000008,177.19339999999966,1,0,0,0,0,0,0,0,1,1,6,5,0,0,0,1,6,1,0,1,0,0,0,0,0,3,0,5,0,0,0,0,0,0,1,0,0,0,0,0,0,0,0,1,3,0,0,0,0,0,0,0,0,0,0,0,0,0,0,0,0,0,0,0,0,0,0,0,0,0,0,0,0,0,0,0,0,0,0,0,0,0,0,0,0,CHEMBL4064300,CC[C@@H]1NC(=O)[C@H](CCCNC(=N)N)NC(=O)[C@](C)(NC(=O)C(C)C)CCCCN(C)C(=O)[C@@H](c2ccccc2)NC1=O.O=C(O)C(F)(F)F,1.6,0.2041199826559248,CHEMBL612545,Unchecked,4,Large-Polar-Aliphatic-Flexible-Hydrophilic,Other
9.006731425203458,9.006731425203458,0.4197587539088397,0.4197587539088397,0.4983853934876587,19.846153846153847,525.7050000000003,486.3930000000003,525.332842248,204,0,0.1372019053626204,-0.3707419147357934,0.3707419147357934,0.1372019053626204,0.9487179487179488,1.6923076923076923,2.3846153846153846,15.234788112416156,9.959512656106682,2.3014804230909145,-2.441322843255308,2.2882848480304823,-2.5269862235921794,5.8988900479993225,0.1736554986925837,2.9555850812669138,1.0081599998956727,1296.2526542604055,26.76900946675572,23.12938604894794,23.12938604894794,19.051177828756767,14.316263675278508,14.316263675278508,11.612665142052164,11.612665142052164,8.789585254612232,8.789585254612232,6.308649776244247,6.308649776244247,-3.4799999999999995,870971862.4369254,25.77956933019805,11.32583348011488,5.773233434814119,230.9974048301806,24.91642752740824,17.9630456304346,0.0,0.0,0.0,0.0,0.0,14.951935562841625,5.261891554738487,0.0,0.0,70.11046579936647,74.8884930349937,23.346217093718607,0.0,28.22603676243467,5.261891554738487,24.75175502454258,5.917906046161393,37.76696814999996,75.02524687244969,48.419450480382665,0.0,6.069221312792274,15.116608065707286,17.323111830353618,0.0,0.0,96.7440754895809,0.0,17.249018913692154,31.246737983401033,42.85599898868567,0.0,10.902924932081056,0.0,87.45,0.0,0.0,0.0,0.0,18.001587704457314,99.59868331254016,5.687386274683562,6.3273200747645415,18.3295777085363,73.24805105283413,10.245870075685694,0.0,0.0,23.650135373145247,13.827258695524126,2.8425740240775896,2.6758581526585203,13.39492408343176,8.116069868118753,7.643053585684639,4.350126217359367,0.5333333333333333,39,1,9,0,3,3,0,1,2,3,0,0,9,1,9,5,7,0,3,3,0,0,7.48654126725384,6,3.439580000000002,156.1996999999997,0,0,0,0,0,3,0,0,0,0,0,0,0,0,0,8,1,0,0,0,1,0,0,0,0,0,0,0,0,3,0,0,0,0,1,0,1,0,0,0,0,0,0,0,0,0,0,0,0,0,0,0,0,0,0,0,0,1,0,0,0,0,0,0,0,0,0,0,0,2,0,0,0,1,0,0,0,0,0,0,0,0,0,0,0,CHEMBL5208035,CN(C)C1CCN(c2cc3c(NC4CCN(CC5CN(c6ccc(C#N)cc6)C5)CC4)ncnc3cn2)CC1,3000.0,3.4771212547196626,CHEMBL613835,MV4-11,4,Large-Polar-Aromatic-Flexible-Hydrophobic,Large-Polar-Aromatic-Flexible-Hydrophobic
14.083373525698178,14.083373525698178,0.0557138056443851,-1.218891796352391,0.0317071528251937,20.877551020408163,695.8710000000001,638.4150000000001,695.455476544,278,0,0.3256966935004625,-0.4797174682622497,0.4797174682622497,0.3256966935004625,0.7551020408163265,1.3877551020408163,2.020408163265306,16.368458691543385,9.843503232304634,2.4893431784442033,-2.360687049382259,2.399971650398566,-2.5881349282490005,5.945887535361279,-0.1460989232507049,3.441417812756712,2.006214625669943,1157.370741430907,36.50949644276187,28.177580372579495,28.177580372579495,23.259034368420004,17.06720309846184,17.06720309846184,12.758431315925929,12.758431315925929,9.000184525484128,9.000184525484128,6.4048425092706545,6.4048425092706545,-4.230000000000001,23020055845.547054,40.942877572882125,20.984558889008657,13.660001148186968,286.4920543625243,65.25871753153378,18.12552248744388,11.91910913748767,23.628718917406022,0.0,5.969305287951848,29.996715947870328,4.794537184071822,0.0,0.0,12.84164324585202,76.67087868133407,25.67611004688569,12.08368165829592,29.079213315199816,41.51713334284554,10.818567211583044,31.483852750882132,34.58624343197232,113.30090444999988,26.1790256236503,0.0,0.0,0.0,55.25228040584259,0.0,0.0,0.0,113.9536410670748,23.97268592035911,16.736473257744436,77.04985947511214,0.0,0.0,0.0,0.0,346.77000000000004,53.900048621746166,29.079213315199816,0.0,68.68276982866428,45.06968614346864,19.26246486877803,4.899909730850477,0.0,0.0,26.583943020031658,39.48690459739397,0.0,0.0,66.60296289353661,37.37101504742638,28.401626983461057,-3.5868162707348548,-5.2412552789903195,6.041423454181421,0.9110431711197085,0.0,0.7666666666666667,49,18,19,1,1,2,4,0,0,0,7,0,10,13,19,1,21,1,1,2,0,2,17.534045418645242,2,-3.3733600000000052,182.6616999999997,1,0,0,0,0,0,0,0,1,1,5,4,0,0,0,1,7,5,0,0,1,0,0,0,0,0,0,4,0,0,0,0,0,0,0,0,1,0,0,0,0,0,0,2,0,0,0,0,0,0,0,0,0,0,0,0,0,0,0,0,0,0,0,0,0,0,0,0,0,0,0,0,0,0,0,0,0,0,0,0,0,0,0,1,0,CHEMBL5398649,N=C(N)NCCCC[C@H](N)C(=O)NCC[C@H](N)C(=O)N[C@@H](CCN)C(=O)N1C2CCCCC2C[C@H]1C(=O)N[C@@H](CCCNC(=N)N)C(=O)O,2238.72,3.349999779126545,CHEMBL5482974,VEGA-NRP1,4,Large-Polar-Aliphatic-Flexible-Hydrophilic,Other
12.783483514169518,12.783483514169518,0.2231641367600028,-4.229574840263746,0.4617100497319594,15.823529411764708,493.59900000000016,463.35900000000015,493.21231624,184,0,0.3933283894768193,-0.4922537619927818,0.4922537619927818,0.3933283894768193,1.1764705882352942,1.9705882352941175,2.7058823529411766,32.133539546968564,10.037237334224397,2.290051117293649,-2.323510415934084,2.327868896290676,-2.383742845527073,7.182462362079887,-0.1261386361175391,3.1675549604622644,1.3029973872876903,1079.900822178274,24.131181265251033,19.437550515775,20.254047096702735,16.248134695380315,11.405493271403904,12.221989852331628,8.939671841100118,10.054871712389362,5.7954009070725565,6.838449925749047,4.071817446409737,5.09817687090698,-2.43,41722071.002500966,24.686908095818133,10.878280422852995,7.035927524444424,201.30297627113112,14.953561288656855,29.33197307001696,0.0,0.0,0.0,6.176298517443475,4.899909730850477,9.967957041894415,13.17124514302446,11.336785877934735,12.13273413692322,50.69953990828822,37.09801364649956,11.807045837390806,17.908108096824506,27.371269289855128,0.0,19.76777650359537,0.0,38.02536062128204,45.653283751611355,47.09975410247088,0.0,5.749511833283905,10.05365155780638,18.98910792085949,5.749511833283905,11.336785877934735,72.32241099779182,12.965578028838586,0.0,23.282241931250315,36.65915541707259,0.0,10.216620634085364,0.0,53.52,12.597120140369483,13.17124514302446,0.0,10.91898802284926,22.64136537643331,56.10696658072096,11.890771566461538,6.06636706846161,26.2280781022776,37.21729924452492,4.736862953800049,44.20029919191602,1.0772727030897251,13.8233689881016,4.116366709287504,1.2238318065725382,1.5139212047514687,10.035042633317191,-1.8792289736670809,4.255832662952798,4.049959740344907,0.5,34,1,6,0,1,1,0,1,2,3,0,0,7,1,10,3,9,0,1,1,0,0,7.898562030573811,4,4.813000000000004,129.58670000000004,0,0,0,0,0,2,0,0,0,0,0,0,0,0,0,4,1,0,0,1,1,0,0,0,0,3,0,0,0,1,0,0,0,0,1,0,1,0,0,0,0,1,0,0,3,0,0,0,0,0,0,0,0,0,0,0,0,0,0,0,0,0,0,0,0,0,0,0,0,1,0,0,0,0,0,0,0,0,0,0,0,0,1,0,0,CHEMBL4446720,CN(C)CCOc1cccc(CN2CCC(Nc3ncnc4sc(CC(F)(F)F)cc34)CC2)c1,780.0,2.8920946026904804,CHEMBL2093861,Menin/Histone-lysine N-methyltransferase MLL,4,Large-Polar-Aromatic-Flexible-Hydrophobic,Large-Polar-Aromatic-Flexible-Hydrophobic
12.58762576528233,12.58762576528233,0.0064018161400287,0.0064018161400287,0.4132576839723937,16.972972972972972,522.0530000000002,489.79700000000025,521.2306009440001,194,0,0.2271596679300831,-0.3932126189662964,0.3932126189662964,0.2271596679300831,1.027027027027027,1.7297297297297298,2.4594594594594597,35.49569760427924,9.988622971797405,2.2185438512686364,-2.3499568089262977,2.3580098207449596,-2.4422787026606505,6.319275102996016,-0.1221308127030424,2.926152657407255,1.391291233348657,1240.0020921596793,25.777445635193004,20.913672377325423,21.66960132334388,17.974366886035764,12.573047410113595,12.951011883122822,9.527260319858277,9.885273407308592,7.006736760336905,7.307926831002061,4.690186735650329,4.823333585560106,-3.4,304968030.88858086,25.257990040742417,11.330842058364894,5.954350675696765,221.52520440589012,30.90392710067585,12.014706349448105,10.97097259472782,5.907179729351506,0.0,0.0,4.794537184071822,9.967957041894415,0.0,0.0,29.800041095617345,55.28168648576964,50.99808187352109,11.374772549367124,9.53140013787187,46.0755274961533,0.0,14.867866772744891,5.917906046161393,12.84164324585202,67.70761595137864,53.94499937088861,0.0,11.126902983393991,21.267154416025324,28.567407876569277,0.0,11.600939890232516,67.21550803744971,9.53140013787187,5.917906046161393,12.84164324585202,48.791889553995816,5.153109816892792,11.126902983393991,0.0,108.64,0.0,4.794537184071822,0.0,16.97819559240569,24.719012981544424,67.20973067694699,6.3273200747645415,0.0,24.26546827384644,55.648126899670046,22.071470321194752,5.365215801954101,6.143879533614263,25.53940760187615,6.6505167843191115,11.27894724783098,0.5331301254961969,14.256991866346342,2.9271648927031775,5.111444655418997,2.1377459348851287,0.3703703703703703,37,4,9,0,2,2,1,2,1,3,0,0,8,3,10,3,6,0,2,2,0,0,7.734980969281238,5,4.239700000000002,148.4977999999998,0,0,0,1,0,2,0,0,0,0,1,1,0,0,0,4,2,1,0,1,0,0,0,0,0,0,0,1,0,5,0,0,0,0,2,0,0,0,0,0,0,1,0,0,1,0,0,0,0,0,0,0,0,0,0,0,0,0,0,0,0,0,0,0,0,0,0,0,0,0,1,0,0,0,0,0,0,0,0,0,0,0,0,0,0,CHEMBL5087885,CN1CCN(c2ccc(-c3ccc(NC(=O)C4CCOCC4)cc3)cc2Nc2ncnc(Cl)c2N)CC1,490.0,2.690196080028514,CHEMBL3883320,Histone-lysine N-methyltransferase 2A/WDR5,4,Large-Polar-Aromatic-Rigid-Hydrophobic,Large-Polar-Aromatic-Rigid-Hydrophobic
13.90022549760645,13.90022549760645,0.0,-4.829618608380039,0.484124128593093,19.82926829268293,608.9670000000001,581.7510000000002,608.162502344,224,0,0.4167980742778372,-0.475544222161058,0.475544222161058,0.4167980742778372,0.8536585365853658,1.4634146341463414,2.024390243902439,35.45300205080701,9.892440200738925,2.491748329094799,-2.4506847771980285,2.3583602922174363,-2.6404669399645604,5.964447659908835,-0.1555067710828351,2.9144822223964555,4.6224892758258575e-06,1265.8584293850247,29.294317972067557,21.796188806194273,22.612685387122,18.70998109501965,12.428256502788052,12.428256502788052,9.6660350995939,9.6660350995939,6.99584715994369,6.99584715994369,4.929328595941646,4.929328595941646,-3.5499999999999994,425351939.5728772,31.97075351674884,12.130710468002391,7.028944097335201,237.1945329257533,19.43659214635148,5.749511833283905,0.0,11.508230540335196,11.814359458703011,12.35259703488695,19.36759007316267,0.0,26.34249028604892,12.407033161179976,0.0,43.17347858816007,52.04120637247965,23.235110881003564,45.46296479206444,30.128572349234496,0.0,19.68370771349864,0.0,37.71902829141328,39.26853843547545,59.41587696062519,0.0,5.749511833283905,4.736862953800049,26.34249028604892,5.749511833283905,12.407033161179976,82.2748361480123,21.941671403030593,0.0,41.25027210470545,42.725522485534206,0.0,0.0,0.0,83.05000000000001,53.00311818557721,40.72610183826439,0.0,69.62914999923028,6.06636706846161,41.559065147923064,11.823646930541102,4.899909730850477,0.0,4.983978520947208,4.736862953800049,86.05703932681284,0.0,46.645732435956226,0.0,-4.591403205618555,-1.824422825553638,4.360543502479829,-7.47718326289011,1.746360695480084,0.0,0.4615384615384615,41,0,8,0,2,2,3,1,1,2,1,0,5,0,15,3,4,0,2,2,0,1,9.45921839891584,4,4.285500000000004,135.26149999999998,0,0,0,0,0,1,0,0,0,0,3,3,0,0,0,4,0,0,0,0,1,0,0,0,0,6,0,3,0,0,0,0,0,0,1,0,0,0,0,0,0,1,0,0,7,0,0,0,0,0,0,0,0,0,0,0,0,0,0,0,0,0,0,0,0,0,0,0,0,1,1,0,0,1,0,0,0,0,0,0,0,0,0,0,0,CHEMBL3112794,CC(=O)N1CCN(C(=O)C2(Oc3ccc(C(F)(F)F)cc3)CCCN(C(=O)c3cnccc3C(F)(F)F)C2)CC1.Cl,36000.0,4.556302500767287,CHEMBL1907611,Tumour suppressor p53/oncoprotein Mdm2,4,Large-Polar-Aromatic-Rigid-Hydrophobic,Large-Polar-Aromatic-Rigid-Hydrophobic
11.240871152362846,11.240871152362846,0.2064395864948653,-1.2240763129710988,0.1378339496454434,22.05128205128205,542.6410000000004,504.3370000000005,542.296516316,212,0,0.320018708486845,-0.480085827847691,0.480085827847691,0.320018708486845,1.1025641025641026,1.871794871794872,2.641025641025641,16.555943968817864,10.094768004895649,2.444475295894162,-2.270315335683323,2.3201731584310523,-2.4284581440925828,5.807069496546869,-0.1383306162793773,3.4817423274383277,1.3070892768508464,1195.5644644302058,27.777445635193008,21.84107014426108,21.84107014426108,18.8462443482985,13.248162138806968,13.248162138806968,9.855964572217127,9.855964572217127,6.9998357616770095,6.9998357616770095,4.774937125929383,4.774937125929383,-3.2,637104502.8869673,28.799043469019026,13.735614488467544,7.468964856841902,226.3637841041407,41.74047842750334,36.19776078477367,17.692941169337626,0.0,0.0,5.969305287951848,9.361636831863176,14.951935562841625,0.0,0.0,30.33183534230805,50.88100720113877,13.08951281182515,6.3273200747645415,24.85098232239399,22.951046004170863,0.0,29.735733545489783,5.733667477162185,56.264927654831766,38.45744950672506,48.54992698353413,0.0,0.0,16.784123558330702,5.817862777835028,0.0,0.0,102.78535443591316,15.95222176079788,0.0,31.053817531209894,42.98647549183713,0.0,11.16387793838399,0.0,197.9,36.55094645107958,20.11411936859394,0.0,12.238684400761038,30.79814715612172,32.351977680603184,22.785191289017433,0.0,23.099010936235302,32.40145830377117,16.20419790812442,7.61446060663066,0.0,25.591546994639387,34.247285089537975,13.697061882666452,-0.8528948335770985,9.359948961553274,1.8184564963510577,3.0241348021983008,0.0,0.5384615384615384,39,8,13,0,1,1,0,1,2,3,5,0,12,6,13,3,15,0,1,1,0,0,10.142886121206775,4,-0.2557999999999963,144.57689999999997,1,2,2,1,0,4,0,0,1,1,1,0,0,0,0,5,1,2,0,0,0,0,0,0,0,0,0,0,0,1,1,0,0,0,1,0,1,0,0,0,0,1,0,0,0,0,0,1,0,0,0,0,0,0,0,0,0,0,0,0,0,0,0,0,0,0,0,0,0,0,0,0,0,0,0,0,0,0,0,0,0,0,0,0,0,CHEMBL4649846,Nc1ncnc2c1ncn2[C@@H]1O[C@H](CN(CCCNCCCc2ccccc2)CC[C@H](N)C(=O)O)[C@@H](O)[C@H]1O,201.0,2.303196057420489,CHEMBL4106124,MLL1-ASH2L/RbBP5/WDR5/DPY30,4,Large-Polar-Aromatic-Flexible-Hydrophilic,Other
12.703926620387854,12.703926620387854,0.0833270542636721,-0.0833270542636721,0.1607100962318108,24.186046511627907,604.8650000000002,556.4810000000003,604.355945776,232,0,0.2738733099452028,-0.3506410073912028,0.3506410073912028,0.2738733099452028,0.8837209302325582,1.4883720930232558,2.1627906976744184,32.16655633717644,9.527272368601142,2.5090679591367997,-2.564974441848083,2.5517951304065303,-2.5934626144454853,7.986776738834119,-0.1265087238845219,3.314846677196207,0.8246851104449492,1443.995958814014,29.81297954112573,26.02308001339006,26.839576594317784,20.888580448408852,16.660020774714432,17.64561933436792,13.728583449455805,14.790655246184588,10.25579946651481,11.362308572934063,8.514686557975216,9.4433060310985,-2.68,6260168997.886294,30.3506320300322,13.53231684684641,7.182395653415631,259.3518980060884,9.883888251797686,5.824404497999927,5.156436481820707,5.907179729351506,5.559266895052007,0.0,9.589074368143644,4.681802935145184,5.098681808301038,10.197363616602075,68.48591589233202,75.18665819035388,37.19416866187532,17.500973832239268,4.794537184071822,28.44151310767221,0.0,29.86173661184598,31.849062103838556,113.42850770102024,5.752853606746789,46.13760484581865,0.0,0.0,10.87605549905834,0.0,0.0,11.761884949391115,41.74390659632129,25.31070277235221,17.75371813848418,107.83065683673856,34.21644193973897,0.0,10.772448428929591,0.0,94.7,0.0,9.589074368143644,0.0,11.098192147435352,24.13504718966832,51.988386557290866,88.15248403318334,18.809556932068304,31.313140256523628,25.1799336767008,0.0,3.4598008273975416,1.7608288495253823,25.144521621515235,19.38279099592635,0.9181927761658664,4.844870454845205,7.627438145207519,18.908528941979995,0.0,3.7030273874369097,0.6764705882352942,43,1,8,4,0,4,1,1,2,3,0,4,8,1,9,2,15,4,0,4,0,0,9.551496956568394,7,6.340800000000007,172.11569999999955,0,0,0,0,0,5,0,0,0,0,1,1,0,0,0,5,1,0,0,0,0,0,0,0,0,0,0,1,0,0,1,0,0,0,1,0,1,0,0,0,0,0,0,0,0,0,0,0,0,0,0,0,0,0,0,0,0,0,0,0,0,0,0,0,0,0,0,0,0,0,0,0,0,0,0,1,0,0,0,0,0,0,0,7,0,CHEMBL4067098,Cn1c(Cc2nn(C)c(=O)c3ccccc23)nnc1SCCCCCCCCCCC(=O)NC12CC3CC(CC(C3)C1)C2,3800.0,3.57978359661681,CHEMBL4106128,IL15-IL15 receptor,4,Large-Polar-Aromatic-Flexible-Hydrophobic,Large-Polar-Aromatic-Flexible-Hydrophobic
15.02540212892734,15.02540212892734,0.0015299002517081,-1.293669083230042,0.4118001404291541,28.755555555555556,675.6330000000002,641.3610000000001,674.1809071280002,238,0,0.2628260037323082,-0.3377827532693453,0.3377827532693453,0.2628260037323082,1.1777777777777778,1.9555555555555555,2.6222222222222222,35.49679010854843,9.814153428316898,2.5504214709873865,-2.3753821777477393,2.562327461610857,-2.5775241590218823,8.177779225630397,-0.14246115212323,3.319700439037553,1.264341688146642,1633.686037634902,31.83576985639494,25.19592090113039,27.524275374095023,21.404140313558667,15.275940851572956,16.848366378519135,13.1019056713295,14.87387534661771,9.658919384407298,11.24746364519534,7.204571890703952,8.797052236828216,-2.729999999999999,11984644319.244696,30.899153934331732,11.209233178334657,5.234094052136094,274.7616140741527,20.016517796557764,33.62790864887033,5.1676517695780495,5.907179729351506,5.907179729351506,0.0,9.589074368143644,18.757213348932517,0.0,0.0,49.1820883167695,61.20772413817698,49.05135046941298,17.60923054880186,18.369904463493285,51.94577595813721,0.0,25.00049631750497,10.91031077879706,69.36688402642281,26.1790256236503,74.25072169594101,0.0,0.0,5.316788604006331,8.78083009534964,0.0,34.963764729856145,80.59718604247159,15.127999620526989,11.735126887207286,57.20242028039185,52.12325947350267,10.175743130634118,0.0,0.0,81.14,29.611503147235457,13.979489415818463,4.39041504767482,41.25940209982766,46.120658122851445,18.405094737549017,28.79452881716481,23.229487439386773,31.73748839838396,10.300767124953538,28.194284513100698,29.963798204610285,13.406406368184108,43.23080075123918,4.40176478456769,1.122296201620424,-1.2975529027214725,6.79260568207986,2.3729443287958665,7.562492137179607,0.0,0.5,45,1,8,1,4,5,2,1,1,2,4,0,7,1,13,5,5,1,2,3,1,0,7.696796032515134,7,5.673400000000006,171.04069999999953,0,0,0,0,0,1,0,0,0,0,2,2,0,0,1,5,1,0,0,0,1,0,0,0,0,1,1,2,1,0,0,0,0,0,1,0,1,0,0,0,0,0,0,0,4,0,0,0,0,0,0,0,0,0,0,0,0,0,0,0,0,0,0,0,0,0,0,0,0,0,1,0,0,1,0,1,0,0,0,0,0,0,0,0,0,CHEMBL3220697,CC(C)C1=C(C(=O)N2C[C@H](F)C[C@H]2C(=O)N2CCNC3(CC3)C2)SC2=N[C@@](C)(c3ccc(Cl)nc3)[C@@H](c3ccc(Cl)c(F)c3)N21,2.8,0.4471580313422192,CHEMBL1907611,Tumour suppressor p53/oncoprotein Mdm2,4,Large-Polar-Aromatic-Rigid-Hydrophobic,Large-Polar-Aromatic-Rigid-Hydrophobic
12.875513330106584,12.875513330106584,0.1796603545206503,-4.250113171452195,0.2601715992015226,15.175,564.6410000000003,537.4250000000003,564.2031485240001,206,0,0.3933283894768193,-0.3666015730520868,0.3933283894768193,0.3666015730520868,1.15,1.975,2.7,32.133539943881345,10.005729264671023,2.291503978795632,-2.326823587524365,2.3332747411636388,-2.3850229808954135,7.182479390642186,-0.1261395482655528,3.6554923529143486,1.1196125811478737,1688.7559569666362,27.854795904382623,21.79397290431413,22.610469485241858,19.26930274543549,13.057138342368692,13.87363492329642,10.257093899701228,11.37229377099047,7.554250264812967,8.597299283489459,5.477116911164327,6.503476335661569,-3.95,1578247571.7653077,26.281793021492756,10.55452476200927,5.392383489777342,232.01238755426735,9.883888251797686,28.738728579860872,0.0,0.0,0.0,6.176298517443475,9.998591539151516,9.967957041894415,23.531818506063985,11.336785877934735,6.06636706846161,49.09138463432146,53.21647723597812,24.54864581491646,13.17124514302446,38.274194221936185,5.261891554738487,29.632330037138324,0.0,51.49385422688524,18.40630141583148,70.24790515547787,0.0,6.069221312792274,5.316788604006331,18.98910792085949,0.0,11.336785877934735,54.939982195554904,19.51033443475116,18.254850067221383,40.10307290949277,42.986475491837126,0.0,21.11954556616642,0.0,98.45000000000002,12.597120140369483,18.433136697762947,0.0,10.91898802284926,28.27316781268143,60.279074765302525,17.454223058158533,12.263210640074686,16.83031028786604,55.50771164275942,0.0,40.65212707017749,1.0655268030901168,11.738817221241984,21.779712875192665,5.075363016110385,0.5996757195163565,10.29092869520705,1.603045817695808,5.278136115101471,0.0,0.3571428571428571,40,2,8,0,1,1,0,1,4,5,0,0,8,2,12,5,7,0,1,1,0,0,6.934795880883693,6,5.778800000000006,148.1753999999998,0,0,0,0,0,5,1,0,0,0,0,0,0,0,0,6,2,0,0,0,1,1,0,0,0,3,0,0,0,1,1,0,0,0,1,0,2,0,0,0,0,0,0,0,3,0,0,0,0,0,0,0,0,0,0,0,0,1,0,0,0,0,0,0,0,0,0,0,0,1,0,0,0,0,0,0,0,0,0,0,0,0,1,0,0,CHEMBL3780822,Cc1c(CN2CCC(Nc3ncnc4sc(CC(F)(F)F)cc34)CC2)ccc2c1cc(C#N)n2Cc1cn[nH]c1,14.0,1.146128035678238,CHEMBL2093861,Menin/Histone-lysine N-methyltransferase MLL,4,Large-Polar-Aromatic-Flexible-Hydrophobic,Large-Polar-Aromatic-Flexible-Hydrophobic
14.147663769211388,14.147663769211388,0.0,-4.724366212395759,0.3820712054691844,19.365853658536587,654.9149999999998,626.6909999999999,653.1016141959999,218,0,0.4167980742778372,-0.4755432951230574,0.4755432951230574,0.4167980742778372,0.926829268292683,1.6585365853658536,2.317073170731707,79.91873146805393,9.892692322229143,2.489960248977882,-2.4524136915120405,2.348773438485049,-2.6396494891247237,9.103002797596885,-0.1526008435817418,2.976422459727038,3.871990787596127e-06,1358.0835020027516,28.32985187800029,21.88862624197041,24.291119362012836,19.160452272162935,12.86664870663884,13.659646976196193,9.766737129540152,10.682412658331838,7.155790023252096,7.684455536290332,5.175016602421216,5.439349358940335,-3.379999999999999,954329618.92089,30.575645398829224,12.64370359469252,6.752846524771643,249.58586806639283,19.436592146351483,11.567374611118932,0.0,5.601050810983688,11.814359458703011,6.176298517443475,14.57305288909085,4.983978520947208,13.17124514302446,12.407033161179976,21.99631096641096,55.30621272508328,55.78703226023451,17.671659389306566,27.49718246496815,45.969199295667366,0.0,19.76777650359537,0.0,24.618992574279183,44.16844816632592,82.72108976175852,0.0,5.749511833283905,9.636772684650529,18.98910792085949,5.749511833283905,28.336977059129325,76.45172520875751,10.970835701515297,0.0,28.763083413317833,71.59418677836452,0.0,0.0,0.0,78.87,28.811432041172655,22.760319511168102,0.0,31.40372570235663,44.77018070278622,28.750636505355203,4.899909730850477,35.36222157630999,18.19910120538483,30.79781067069424,4.736862953800049,48.22191355342519,3.386458154254459,40.79695421312648,0.0,-3.0735852365833134,0.1153979136962487,13.408183869355597,-0.3876843898606399,1.949028589252653,0.0,0.3571428571428571,41,0,8,0,2,2,2,1,2,3,1,0,6,0,13,4,5,0,2,2,0,1,9.429009698517582,5,5.082300000000005,152.1554999999997,0,0,0,0,0,2,0,0,0,0,2,2,0,0,0,5,0,0,0,0,1,0,0,0,0,3,0,2,0,1,0,0,0,0,1,0,0,0,0,0,0,1,0,0,5,0,0,0,0,0,0,0,0,0,0,0,0,0,0,0,0,0,0,0,0,0,0,0,0,1,1,0,0,2,0,0,0,0,0,0,0,0,0,0,0,CHEMBL3112782,Cl.O=C(c1cnccc1C(F)(F)F)N1CCCC(Oc2ccc(Br)cc2)(C(=O)N2CCN(c3ccccn3)CC2)C1,1900.0,3.278753600952829,CHEMBL1907611,Tumour suppressor p53/oncoprotein Mdm2,4,Large-Polar-Aromatic-Rigid-Hydrophobic,Large-Polar-Aromatic-Rigid-Hydrophobic
12.71633159118586,12.71633159118586,0.0885667294239911,-0.0885667294239911,0.2417723896503376,25.1,562.7840000000003,520.4480000000004,562.3089955840001,214,0,0.2738733099452028,-0.3506410073912028,0.3506410073912028,0.2738733099452028,0.95,1.6,2.325,32.16655613485319,9.527272578932733,2.5089979113829877,-2.5649742806097433,2.551699880631945,-2.5934625950753953,7.986774864166083,-0.126507742982908,3.258254144118027,0.8959920560911458,1393.652514056601,27.691659197566093,23.901759669830422,24.718256250758145,19.388580448408852,15.16002077471443,16.145619334367918,12.667923277675984,13.72999507440477,9.505799466514816,10.61230857293407,7.984356472085309,8.91297594520859,-2.68,1452613701.75616,27.487927501688457,11.666278514470845,5.85132280028373,240.25707166289857,9.883888251797686,5.824404497999927,5.156436481820707,5.907179729351506,5.559266895052007,0.0,9.589074368143644,4.681802935145184,5.098681808301038,10.197363616602075,49.22345102355398,75.18665819035388,37.19416866187532,17.500973832239268,4.794537184071822,28.44151310767221,0.0,29.86173661184598,31.849062103838556,94.1660428322422,5.752853606746789,46.13760484581865,0.0,0.0,10.87605549905834,0.0,0.0,11.761884949391115,41.74390659632129,25.31070277235221,17.75371813848418,88.56819196796053,34.21644193973897,0.0,10.772448428929591,0.0,94.7,0.0,9.589074368143644,0.0,17.00537187678686,18.227867460316816,64.83002980314289,56.04837591855328,18.809556932068304,35.88023990431498,20.612834028909443,0.0,3.438490869342179,1.736712050643709,25.145482035508113,19.3027055345064,0.8867372530183774,4.73844934108477,7.604747176801212,14.711513191203236,0.0,3.685162547892005,0.6451612903225806,40,1,8,4,0,4,1,1,2,3,0,4,8,1,9,2,12,4,0,4,0,0,8.017045450507005,7,5.170500000000005,158.26469999999972,0,0,0,0,0,5,0,0,0,0,1,1,0,0,0,5,1,0,0,0,0,0,0,0,0,0,0,1,0,0,1,0,0,0,1,0,1,0,0,0,0,0,0,0,0,0,0,0,0,0,0,0,0,0,0,0,0,0,0,0,0,0,0,0,0,0,0,0,0,0,0,0,0,0,0,1,0,0,0,0,0,0,0,4,0,CHEMBL4066088,Cn1c(Cc2nn(C)c(=O)c3ccccc23)nnc1SCCCCCCCC(=O)NC12CC3CC(CC(C3)C1)C2,1600.0,3.204119982655925,CHEMBL4106128,IL15-IL15 receptor,4,Large-Polar-Aromatic-Flexible-Hydrophobic,Large-Polar-Aromatic-Flexible-Hydrophobic
13.858781179138322,13.858781179138322,0.0,-4.4145974624755615,0.5704184059496147,21.37142857142857,513.0040000000004,480.7480000000003,512.2165886040001,192,0,0.4159140545948012,-0.4760707307308016,0.4760707307308016,0.4159140545948012,1.0571428571428572,1.7714285714285714,2.371428571428571,35.45300169240665,9.897422368779042,2.4705955265837307,-2.4524983019865148,2.336872066034737,-2.6334756226666323,5.862870980468022,-0.1536616552776042,2.843457451137474,3.422493557850143e-06,951.4343271195228,24.183587508058324,19.837362637801583,20.65385921872931,16.30461022450637,11.846188692338425,11.846188692338425,8.965375658993747,8.965375658993747,6.498590919402074,6.498590919402074,4.8213028511553615,4.8213028511553615,-2.5199999999999996,43327922.21064456,27.073908301527236,11.476935912859377,6.3807589833302805,210.00994040249049,14.536682415501003,11.567374611118932,5.601050810983688,0.0,5.907179729351506,6.176298517443475,9.6944469149223,4.983978520947208,13.17124514302446,12.407033161179976,12.990104268152232,68.75018009137284,38.92062560117595,5.563451491696996,22.702645280896327,24.13207566836651,0.0,14.783797982648162,0.0,37.96355139689582,50.713204572238496,54.22486454254134,0.0,5.749511833283905,9.636772684650529,18.98910792085949,5.749511833283905,12.407033161179976,72.10532336437137,10.970835701515297,0.0,31.749653560165648,48.661413050844345,0.0,0.0,0.0,48.91,17.34080082012416,17.96578232709628,0.0,24.063724723815387,39.14460365248888,43.88175297243542,12.13273413692322,6.196843571613076,23.099010936235302,21.707535182338788,4.736862953800049,45.28227774164251,0.0,24.456592523834985,0.0,-1.8449225611017117,1.0812924071975965,10.409839469649649,-0.3816627588947154,6.663249844338358,0.0,0.52,35,0,6,0,2,2,1,1,1,2,1,0,5,0,10,3,6,0,2,2,0,1,8.877871728207415,4,4.494400000000005,131.04600000000002,0,0,0,0,0,1,0,0,0,0,1,1,0,0,0,4,0,0,0,0,1,0,0,0,0,3,0,1,0,1,0,0,0,0,1,0,0,0,0,0,0,1,0,0,4,0,0,0,0,0,0,0,0,0,0,0,0,0,0,0,0,0,0,0,0,0,0,0,0,1,1,0,0,1,0,0,0,0,0,0,0,0,0,0,0,CHEMBL3112817,CCCN1CCCC(Oc2ccc(C(F)(F)F)cc2)(C(=O)N2CCN(c3ccccn3)CC2)C1.Cl,6500.0,3.812913356642856,CHEMBL1907611,Tumour suppressor p53/oncoprotein Mdm2,4,Large-Nonpolar-Aromatic-Flexible-Hydrophobic,Large-Nonpolar-Aromatic-Flexible-Hydrophobic
14.075097965693097,14.075097965693097,0.0301958948732394,-0.9838853847945236,0.0699828157402961,17.705882352941178,986.6619999999996,926.1819999999992,985.3745649399998,362,0,0.2461618984743731,-0.3911853777146885,0.3911853777146885,0.2461618984743731,0.9264705882352942,1.6323529411764706,2.323529411764706,35.49569453833512,9.852022429949864,2.445750462836512,-2.351716506249568,2.3961086630417054,-2.578707925833393,7.148038122156147,-0.144368802963602,4.0650769448357895,0.8398475994886829,2637.910482593443,48.86250311496085,39.72131076455352,42.11023287242743,32.40381356200219,22.78059571398864,24.854709579180483,18.35886317234523,20.853262926349203,12.175150534412047,14.597181051666194,8.39099024019925,10.542569242142555,-5.37,637902078120512.9,50.50550865676951,21.934283531772657,11.719407712601669,409.46917434463046,35.43052884531028,35.557890926644596,5.824404497999927,23.628718917406022,0.0,0.0,28.73765311671431,4.983978520947208,0.0,32.87093537247155,68.77035390007404,75.27758670279012,53.75078185461361,46.96681026927303,33.75840203872809,63.61491556627871,0.0,40.59871732821011,10.407395202032449,104.92369217064316,39.51704066987682,103.5377992863892,0.0,15.441680662086164,15.950365812018994,0.0,0.0,34.274511646101985,116.7999715471296,28.651874643887385,33.10993926815927,103.51478547717404,59.03388055394593,5.022633313741326,15.441680662086164,0.0,202.26,41.45883880329197,24.28467613112799,0.0,63.60800223906689,29.69914589718011,53.9782468201946,4.899909730850477,22.67357175586947,100.15099866724536,44.97918234894952,26.06707053046828,13.386643529173618,9.454398001633136,67.28655253411921,29.85041529209056,7.756927412578492,-0.216739635055303,12.608774602884372,-0.2639246356752749,16.164730676028967,0.0,0.4693877551020408,68,4,16,0,2,2,4,2,3,5,5,0,14,4,19,5,18,0,1,1,0,0,16.291208041087952,7,6.531180000000008,263.5158999999995,0,1,1,0,0,4,0,0,0,0,4,4,0,1,1,6,3,0,0,0,1,0,0,0,0,0,0,4,0,0,3,0,0,0,2,0,3,0,0,0,0,2,0,0,1,0,0,0,0,0,0,0,0,0,0,0,0,0,0,0,0,0,0,0,0,0,0,0,0,0,0,0,0,0,0,0,0,0,0,0,1,0,1,0,0,CHEMBL4215078,Cc1ncsc1-c1ccc([C@H](C)NC(=O)[C@@H]2C[C@@H](O)CN2C(=O)[C@@H](NC(=O)COCCCOCCNC(=O)C[C@@H]2N=C(c3ccc(Cl)cc3)c3c(sc(C)c3C)-n3c(C)nnc32)C(C)(C)C)cc1,0.43,-0.3665315444204134,CHEMBL613835,MV4-11,4,Large-Polar-Aromatic-Flexible-Hydrophobic,Large-Polar-Aromatic-Flexible-Hydrophobic
12.825929190550854,12.825929190550854,0.1492215039572499,-4.260275411325059,0.3070178398918405,16.210526315789473,544.6030000000003,517.3870000000003,544.186829764,200,0,0.3933283894768193,-0.3936142537415688,0.3936142537415688,0.3933283894768193,1.1842105263157894,1.9736842105263157,2.6842105263157894,32.13353982952479,10.033929729901052,2.2909046631301355,-2.3232969112606385,2.329603713779975,-2.3836721640656204,7.182473704430055,-0.1261405009387326,3.4430610154966255,1.2127007137564711,1469.6836538031666,26.863232072819912,20.44829328100063,21.26478986192836,18.21799115041923,12.324027366375192,13.14052394730292,9.622081818847793,10.73728169013704,6.774100208904505,7.8171492275809955,4.968666233454213,5.99502565795146,-3.24,396882483.3631838,26.370423649118543,10.860150781531756,5.912433855754141,220.5114409966264,20.096943041479097,28.738728579860872,0.0,0.0,0.0,6.176298517443475,4.899909730850477,9.967957041894415,18.433136697762947,11.336785877934735,6.06636706846161,42.67056301139545,41.45618217266803,31.0626505955646,23.384299932705872,38.274194221936185,5.261891554738487,19.43496642053625,0.0,50.67408341494291,25.0131833803444,52.79368209731934,0.0,6.069221312792274,5.316788604006331,18.98910792085949,0.0,11.336785877934735,67.66652172089546,19.51033443475116,11.33111286753076,28.976169926098773,36.65915541707259,0.0,21.119545566166423,0.0,110.23000000000002,18.701086528117784,28.646191487444355,0.0,24.07062639327475,21.728411406768853,60.27907476530253,12.393687143226153,10.633466716252965,12.13273413692322,32.320243758005105,0.0,40.20082835521401,1.04808558773172,11.569033475102897,33.47892480749274,2.3855963110514935,0.5765754095621276,11.6578791441194,-3.052308523335377,2.21871876639433,0.0,0.4230769230769231,38,3,8,0,1,1,0,1,3,4,1,0,9,3,12,4,8,0,1,1,0,0,7.5364941316394285,5,4.052180000000005,138.84129999999996,0,2,2,0,0,3,0,0,0,0,0,0,0,0,0,5,1,0,0,0,1,0,0,0,0,3,0,0,0,1,0,0,0,0,1,0,2,0,0,0,0,0,0,0,3,0,0,0,0,0,0,0,0,0,0,0,0,1,0,0,0,0,0,0,0,0,0,0,0,1,0,0,0,0,0,0,0,0,0,0,0,0,1,0,0,CHEMBL3780221,N#Cc1cc2cc(CN3CCC(Nc4ncnc5sc(CC(F)(F)F)cc45)CC3)ccc2n1C[C@H](O)CO,42.0,1.6232492903979006,CHEMBL2093861,Menin/Histone-lysine N-methyltransferase MLL,4,Large-Polar-Aromatic-Flexible-Hydrophobic,Large-Polar-Aromatic-Flexible-Hydrophobic
14.191580687830688,14.191580687830688,0.0,-4.800232761616532,0.3684881462257965,22.318181818181817,649.0759999999997,613.796,648.23018798,242,0,0.4167980742778372,-0.4755442280454111,0.4755442280454111,0.4167980742778372,0.8181818181818182,1.4772727272727273,2.090909090909091,35.45300218736358,9.89000416150454,2.4931626354730665,-2.4630138125794474,2.362085735795631,-2.6430835384298996,5.964118875279389,-0.154591500405652,3.001651521461788,4.417987894088049e-06,1294.9225040239858,30.82985187800029,24.00082469085276,24.81732127178048,20.371777137568124,14.575221030481025,14.575221030481025,11.487771616582105,11.487771616582105,8.676205291219665,8.676205291219665,6.441240220071008,6.441240220071008,-3.059999999999999,2991437645.7438307,33.825471125955055,13.51538865078038,7.415685935883373,257.48694812976674,14.536682415501003,5.749511833283905,0.0,5.601050810983688,11.814359458703011,12.35259703488695,19.472962619941327,0.0,26.34249028604892,12.407033161179976,19.26246486877803,56.01512183401209,51.15931000193698,23.235110881003564,40.66842760799261,24.221392619882987,0.0,19.68370771349864,0.0,68.94124003550068,39.26853843547545,59.415876960625184,0.0,5.749511833283905,4.736862953800049,26.34249028604892,5.749511833283905,12.407033161179976,82.40949724780874,17.147134218958772,0.0,66.43064301964489,42.7255224855342,0.0,0.0,0.0,65.98,46.458361779664635,35.93156465419256,0.0,44.08770105214105,32.22086645279826,60.46707546223671,19.26246486877803,4.899909730850477,0.0,9.883888251797686,4.736862953800049,86.80269033835854,0.0,36.5246353584264,0.0,-4.371760720894071,-1.3891577322617463,5.0971211117019735,-1.410688794607571,1.8304937726097996,0.0,0.5666666666666667,44,0,7,1,2,3,2,1,1,2,1,0,5,0,14,3,5,1,2,3,0,1,10.390099740068916,5,6.071700000000006,151.45349999999974,0,0,0,0,0,1,0,0,0,0,2,2,0,0,0,4,0,0,0,0,1,0,0,0,0,6,0,2,0,0,0,0,0,0,1,0,0,0,0,0,0,1,0,0,7,0,0,0,0,0,0,0,0,0,0,0,0,0,0,0,0,0,0,0,0,0,0,0,0,1,1,0,0,1,0,0,0,0,0,0,0,0,0,0,0,CHEMBL3112793,Cl.O=C(c1cnccc1C(F)(F)F)N1CCCC(Oc2ccc(C(F)(F)F)cc2)(C(=O)N2CCN(C3CCCCC3)CC2)C1,4200.0,3.6232492903979,CHEMBL1907611,Tumour suppressor p53/oncoprotein Mdm2,4,Large-Nonpolar-Aromatic-Flexible-Hydrophobic,Large-Nonpolar-Aromatic-Flexible-Hydrophobic
12.059821320120742,12.059821320120742,0.2071584467120182,-0.566854305765516,0.81593775921522,62.391304347826086,318.45700000000005,288.217,318.21949481999997,128,0,0.3091496464079514,-0.4808214019433668,0.4808214019433668,0.3091496464079514,1.1304347826086956,1.9130434782608696,2.5652173913043477,16.368128501195542,9.3926534388101,2.796140790385217,-2.645380451615345,2.851575011090995,-2.592062316962,5.746281316088579,-0.1873843612777993,3.0135781644328894,1.5397792483716477,587.4358604704929,16.25071237662706,14.476037588901214,14.476037588901214,10.823733491071192,9.667209745909329,9.667209745909329,10.309077166857517,10.309077166857517,9.876551065193516,9.876551065193516,8.901969788781809,8.901969788781809,-0.5700000000000001,285548.585392674,14.746171802270691,3.976057487694839,1.421934386384033,138.39398503815474,10.213054789681411,0.0,0.0,0.0,0.0,5.969305287951848,4.794537184071822,0.0,0.0,0.0,13.344558822616634,86.37109368361182,12.021872433909696,5.414990469396779,15.007591973753234,5.969305287951848,0.0,0.0,45.33158606223268,65.21404738278935,6.606881964512918,0.0,0.0,0.0,0.0,0.0,0.0,0.0,22.789242042146174,4.794537184071822,45.33158606223268,65.21404738278935,0.0,0.0,0.0,0.0,57.53,11.384295757348628,15.007591973753234,0.0,10.829980938793556,23.85768452623249,31.098276961100815,32.10410811463005,0.0,6.923737199690624,6.923737199690624,0.0,0.0,0.0,12.059821320120742,19.87799154731018,0.4030298878810785,2.0153310946292087,0.0,9.290667871315192,4.853158278743596,0.0,0.95,23,2,3,6,0,6,0,0,0,0,8,4,2,2,3,0,2,6,0,6,1,0,2.549201165619691,6,3.702300000000003,86.69760000000005,1,1,1,0,0,0,0,0,1,1,1,0,0,0,0,0,0,0,0,0,0,0,0,0,0,0,0,0,0,0,0,0,0,0,0,0,1,0,0,0,0,0,0,0,0,0,0,0,0,0,0,0,0,0,0,0,0,0,0,0,0,0,0,0,0,0,0,0,0,0,0,0,0,0,0,0,0,0,0,0,0,0,0,0,0,CHEMBL1165508,C[C@]12CCC[C@@](C)(C(=O)O)[C@@H]1CC[C@]13C[C@@H]4[C@H](C[C@H]12)[C@]4(CO)C3,10000.0,4.0,CHEMBL394,HCT-116,4,Medium-Nonpolar-Aliphatic-Flexible-Hydrophobic,Other
12.127296215956028,12.127296215956028,0.0208111300075581,-0.7326960506424793,0.7478854622171094,57.0,348.48300000000006,316.2270000000001,348.230059504,140,0,0.309153342317607,-0.4808213813447685,0.4808213813447685,0.309153342317607,1.16,1.88,2.52,16.489214391745502,9.407625261699712,2.685442718872487,-2.6323696417716103,2.7118091075323076,-2.6230500339136027,5.747481963878864,-0.1992084933603975,2.7770049889905724,1.7956932521908535,629.3855890996691,18.250712376627057,15.917666074184687,15.917666074184687,11.622445326798074,9.772864900351705,9.772864900351705,9.96350589108646,9.96350589108646,9.040407955005552,9.040407955005552,7.532437366326747,7.532437366326747,-0.8700000000000001,403046.1730871247,17.539168480547648,5.099687699677597,1.9849188793306076,150.18870050340325,14.94991774348146,0.0,0.0,0.0,0.0,5.969305287951848,4.794537184071822,0.0,0.0,0.0,19.075777413358384,69.62320669865687,18.442694056835705,17.12000766812877,19.744454927553285,5.969305287951848,0.0,0.0,33.99868954667451,71.00115853535992,7.109797541277533,12.152040213667762,0.0,0.0,0.0,0.0,0.0,0.0,34.99717481764278,9.53140013787187,33.99868954667451,59.29614133662794,12.152040213667762,0.0,0.0,0.0,66.76,17.48826214509693,15.007591973753234,0.0,28.26684384210003,18.75954929201341,25.68328649170404,0.0,0.0,14.033534740968156,25.99951461304901,4.736862953800049,5.923461842298648,0.0,12.127296215956028,21.0336307547838,-1.092390046296296,-0.0080470127865961,0.0,9.415370252267572,6.290674498194339,1.8100034955825,0.8571428571428571,25,2,4,4,0,4,0,0,0,0,8,2,3,2,4,0,2,3,0,3,1,0,3.5777712705128737,4,3.6358000000000024,95.01560000000003,1,1,1,0,0,0,0,0,1,1,1,0,0,0,0,0,0,0,0,0,0,0,0,0,0,0,1,0,0,0,0,0,0,0,0,0,3,0,0,0,0,1,0,0,0,0,0,0,0,0,0,0,0,0,0,1,0,0,0,0,0,0,0,0,0,0,0,0,0,0,0,0,0,0,0,0,0,0,0,0,0,0,0,0,0,CHEMBL1164030,CO[C@@]1(C)C[C@]23CC[C@@H]4[C@](C)([C@H](O)CC[C@@]4(C)C(=O)O)[C@H]2C=C[C@@H]1C3,10000.0,4.0,CHEMBL394,HCT-116,4,Medium-Nonpolar-Aliphatic-Flexible-Hydrophobic,Other
14.887366754993243,14.887366754993243,0.039124485218478,-5.017056417549645,0.2170936071780199,19.641509433962263,774.7809999999998,734.4609999999998,774.25218994,290,0,0.425230616209443,-0.4890241713984007,0.4890241713984007,0.425230616209443,0.9622641509433962,1.660377358490566,2.30188679245283,32.133477880645664,9.79257157421212,2.561293590911343,-2.505038955413275,2.435603081515379,-2.6887368608087963,7.099054056262168,-0.1592927195758598,3.62010726363891,1.5390176812061278,1716.2057435041725,38.39032981031535,28.789098731970036,29.60559531289776,25.244715806057023,17.073202035589155,17.952854846844048,12.470077697003124,13.3813086234216,9.08864964154055,10.04204862891781,6.830164286507441,7.507264948579822,-4.289999999999999,366751675729.95825,39.9071699257842,16.802322892255713,8.75430391079966,305.2176435850244,39.12337284363299,35.15338628099194,0.0,11.48103914741906,11.814359458703011,12.35259703488695,9.589074368143644,4.983978520947208,26.34249028604892,11.336785877934735,25.477292959539852,31.040744451236847,56.78787706302948,30.506442524554355,60.355208305274125,28.838531611321308,0.0,14.783797982648164,0.0,56.602512366413265,64.05121961846501,63.97915892994394,0.0,17.37901200300318,19.110498592250625,32.02987656073248,17.37901200300318,11.336785877934735,107.6054137587788,17.147134218958772,0.0,53.405611052561774,47.97510875284865,0.0,0.0,0.0,124.9,70.9076505762781,46.14461944387398,0.0,57.86000984882549,42.66299921443141,28.23056941607464,4.899909730850477,19.056471336613843,17.032643867773697,4.983978520947208,14.210588861400147,101.48989301443078,0.3687772353949141,36.76304792694146,19.673725028170075,-3.503523235955009,-2.159641850957523,7.355000504661718,-8.479212557248403,1.4086006012286454,0.0,0.5142857142857142,53,2,11,0,2,2,2,1,2,3,2,0,10,2,18,4,13,0,2,2,0,0,12.651568958663068,5,5.494200000000006,181.2820999999995,0,2,2,0,0,1,0,0,0,0,2,2,0,0,0,4,0,0,0,0,1,0,0,0,0,6,0,2,0,1,0,0,0,0,1,0,0,0,0,0,0,3,0,0,6,0,0,0,0,0,0,0,0,0,0,0,0,0,0,0,0,0,0,0,2,0,0,0,0,1,1,0,0,1,0,0,0,0,0,0,0,0,1,0,0,CHEMBL5183518,CCC[C@H]1N(C(=O)c2c(C(F)(F)F)ccnc2OCCO)CCC[C@@]1(Oc1csc(C(F)(F)F)c1)C(=O)N1CCN(c2ccccc2OCCO)CC1,103.0,2.012837224705172,CHEMBL1907611,Tumour suppressor p53/oncoprotein Mdm2,4,Large-Polar-Aromatic-Flexible-Hydrophobic,Large-Polar-Aromatic-Flexible-Hydrophobic
15.216813262128015,15.216813262128015,0.1147881523939282,-1.3487581364814227,0.1695093121117902,25.35483870967742,845.0769999999998,783.5889999999999,844.479980652,328,0,0.3160706578919978,-0.4601542394800227,0.4601542394800227,0.3160706578919978,0.9193548387096774,1.6612903225806452,2.3870967741935485,19.14716095858944,9.670794754528025,2.4218432275941355,-2.4642373774499076,2.4608340258772152,-2.520084859299365,6.051735380159364,-0.1364602220701022,3.790090021938152,0.69029928712641,2315.7573494734306,42.75177265095165,36.50506503787703,36.50506503787703,29.882694948365675,23.16247232074056,23.16247232074056,19.998147419750392,19.998147419750392,15.225109304074604,15.225109304074604,11.751807341457935,11.751807341457935,-4.880000000000001,123402065004169.2,41.14886244336041,16.34987617464703,8.106766220093478,363.5067748683729,24.42057066729869,17.81456703564194,0.0,11.814359458703011,5.907179729351506,6.010464839586836,24.600309887072275,14.358372089569237,0.0,0.0,18.19910120538483,144.79420841295578,90.99127380987008,6.041840829147961,23.510889553690333,34.31185039481913,0.0,34.96845335939938,11.332896515558172,127.84325455110844,44.16844816632592,82.80599058409386,0.0,6.010464839586836,14.953561288656855,10.077801322358384,6.010464839586836,0.0,110.49815024371294,22.554652396982227,11.332896515558172,123.76353980318822,54.85825662245742,0.0,10.902924932081056,0.0,127.0,11.71060064789364,14.383611552215466,4.39041504767482,42.33000885702475,42.41714728159316,92.8528081147352,36.63296219786583,18.74738413023173,18.46005421168776,68.32243592796524,14.704819995694464,21.66027656431084,0.0,59.55125510600723,3.623869751703487,6.279718721657042,-0.0795075399419326,14.346154730439782,14.580450360967536,11.704448971522687,0.0,0.5714285714285714,62,2,12,1,5,6,3,2,2,4,3,0,9,2,13,7,9,1,3,4,1,1,10.851271059298812,10,7.123200000000008,235.64789999999925,0,0,0,0,0,3,1,0,0,0,3,3,0,0,0,6,2,0,0,0,1,1,0,0,0,1,0,3,0,1,0,0,0,0,2,0,4,0,0,0,0,1,0,0,1,0,0,0,1,0,0,0,0,0,0,0,0,0,0,0,0,0,0,0,1,0,0,0,0,3,0,0,0,0,0,0,0,0,0,0,0,0,0,0,0,CHEMBL4754618,C[C@@H]1Cc2c([nH]c3ccccc23)[C@@H](c2cnc(OC3CCC4(CC3)CCN(CC3CCN(c5ccc6c(c5)CN(C5CCC(=O)NC5=O)C6=O)CC3)CC4)nc2)N1CC(C)(C)F,0.4,-0.3979400086720376,CHEMBL4523681,Protein cereblon/Estrogen receptor,4,Large-Polar-Aromatic-Flexible-Hydrophobic,Large-Polar-Aromatic-Flexible-Hydrophobic
12.82342819207295,12.82342819207295,0.0185291401067981,-0.0185291401067981,0.4113983160308687,17.394736842105264,535.0960000000001,499.8160000000003,534.2622354200001,200,0,0.2509949964139133,-0.3932126189662964,0.3932126189662964,0.2509949964139133,0.9210526315789472,1.5789473684210529,2.289473684210526,35.495697649678426,10.00778764562339,2.2060912793417735,-2.349961570439711,2.3555679389536204,-2.4422854389222497,6.319274564517911,0.0916617851037532,2.930236099517757,1.3796532785356237,1268.3452948705317,26.64768912319608,21.95263768236152,22.708566628379973,18.36821373615312,13.075366268457604,13.45333074146683,10.202374751864298,10.560387839314616,7.463078608932517,7.764268679597674,4.975788324449786,5.108935174359563,-3.4,432900985.3281346,26.21682192810546,11.55114124527716,6.009469517958414,228.53643496098323,31.06697387772628,12.014706349448105,10.97097259472782,0.0,5.907179729351506,0.0,4.794537184071822,9.967957041894415,0.0,0.0,29.800041095617345,75.41887128027197,37.78431794449526,11.374772549367124,4.794537184071822,40.38814122146974,0.0,25.0845651076017,0.0,18.88348407499998,69.31424821284882,59.5084508625856,0.0,11.126902983393991,21.267154416025324,22.880021601885716,0.0,11.600939890232516,85.08067946292465,0.0,0.0,23.199631921620835,48.79188955399581,5.153109816892792,11.126902983393991,0.0,102.65,0.0,4.794537184071822,0.0,17.102130375392257,17.068700544215584,74.61185721408857,6.3273200747645415,0.0,24.26546827384644,67.59570861319771,17.3346073673947,0.0,6.153136659397319,28.08538655775652,6.8005513782929095,11.14104006862674,0.4522606345919671,14.341299745680516,3.366450494769351,5.8464764660592,4.257842439269921,0.3928571428571428,38,4,9,0,2,2,1,2,1,3,0,0,8,3,10,3,6,0,2,2,0,0,7.969321397205938,5,3.6986000000000008,154.31029999999976,0,0,0,1,0,2,0,0,0,0,1,1,0,0,0,5,2,1,0,1,1,0,0,0,0,0,0,1,0,4,0,0,0,0,2,0,0,0,0,0,0,0,0,0,1,0,0,0,0,0,0,0,0,0,0,0,0,0,0,0,0,0,0,0,0,0,0,0,0,1,1,0,0,0,0,0,0,0,0,0,0,0,0,0,0,CHEMBL5079042,CN1CCC(NC(=O)c2ccc(-c3ccc(N4CCN(C)CC4)c(Nc4ncnc(Cl)c4N)c3)cc2)CC1,230.0,2.361727836017593,CHEMBL3883320,Histone-lysine N-methyltransferase 2A/WDR5,4,Large-Polar-Aromatic-Rigid-Hydrophobic,Large-Polar-Aromatic-Rigid-Hydrophobic
12.476284145908968,12.476284145908968,0.2779559537146137,-1.1283124032186085,0.3772225093247132,36.09756097560975,563.6550000000002,526.3590000000004,563.2743839039999,218,0,0.3299597139939024,-0.5079560321952997,0.5079560321952997,0.3299597139939024,1.170731707317073,2.0,2.8048780487804876,16.52949588601114,9.527087404603265,2.6289603749324795,-2.5242228351207623,2.664286339686302,-2.4896517016233664,5.402026365932862,-0.1109438718727015,3.669598703871009,1.151690680878532,1613.0161687945172,28.68106931801569,23.36294725046956,23.36294725046956,19.624179008062345,14.675987651915127,14.675987651915127,12.83098530807995,12.83098530807995,10.97574439397487,10.97574439397487,8.762452400932837,8.762452400932837,-3.2800000000000007,2879798347.060648,26.608275133532945,9.367874608423248,3.8866056027458535,236.35511811763,20.056445138322168,29.376358197599224,0.0,0.0,5.559266895052007,5.689743398203474,14.345615352810384,9.476340119217006,0.0,5.098681808301038,18.2034893638071,86.46202219604808,23.596107155632858,18.845566365273957,20.056445138322168,0.0,0.0,24.54494800783965,17.250802561719567,88.68589100463954,6.606881964512918,73.81515547994957,0.0,5.749511833283905,11.24901029325548,0.0,5.749511833283905,0.0,52.57537854462298,16.75873538770975,24.174539761410188,86.02059745323037,40.18186271675462,0.0,0.0,0.0,155.48999999999998,35.2237694918703,24.90865655266576,0.0,12.021872433909696,47.60225270416556,32.10410811463005,21.89084620279842,23.868750774910495,6.06636706846161,28.286149693055343,4.736862953800049,9.023299866972383,0.0,26.620648958697288,41.313786389203074,1.041140025222218,1.5764562283377224,5.395826857348697,7.642724968659094,3.5527833722261786,0.0,0.6,41,4,11,3,1,4,0,1,2,3,8,0,10,4,11,3,4,2,1,3,0,0,6.079584999935682,7,2.4071200000000004,147.3520999999999,0,2,1,0,0,5,1,1,0,0,0,0,0,0,0,4,1,0,0,0,0,1,0,0,0,0,0,0,0,0,2,0,0,0,1,0,5,0,0,0,0,1,0,0,0,0,0,0,0,0,0,0,0,0,0,0,0,0,0,0,0,0,0,0,0,1,1,0,0,0,0,0,0,0,0,0,0,0,0,0,0,0,0,0,0,CHEMBL5284067,Cc1cn([C@H]2C[C@H](n3cc([C@]4(O)CC[C@H]5[C@@H]6CCc7cc(O)ccc7[C@H]6CC[C@@]54C)nn3)[C@@H](CO)O2)c(=O)[nH]c1=O,12.42,1.0941215958405617,CHEMBL2221344,Tumour suppressor protein p53/Mdm4,4,Large-Polar-Aromatic-Flexible-Hydrophilic,Other
12.497351270013493,12.497351270013493,0.108293280805187,-4.430276317937006,0.5266492221520247,17.555555555555557,497.52500000000026,471.31700000000023,497.215093112,188,0,0.4221326452948133,-0.467985358692867,0.467985358692867,0.4221326452948133,1.0833333333333333,1.8333333333333333,2.5277777777777777,19.41333441711547,9.959560843220943,2.305778155436657,-2.4412864002442163,2.280721330347445,-2.5269807107151494,5.885858117909554,-0.1535897639215334,2.854417748263018,1.11231112122027,1231.1167984691892,25.122745096813752,19.578429954690307,19.578429954690307,17.35861914291253,11.904378063753914,11.904378063753914,9.31472332232744,9.31472332232744,6.643873035983058,6.643873035983058,4.7509253103645985,4.7509253103645985,-3.649999999999999,116939557.95741946,24.062488813291235,10.14579512845535,5.763677952435202,206.2690095096056,19.853471019507335,12.14518285259957,6.606881964512918,5.879988336435371,0.0,6.176298517443475,0.0,14.951935562841625,18.433136697762947,0.0,0.0,37.107111519698464,61.82350646248219,23.346217093718607,17.908108096824506,22.40817398459965,5.261891554738487,19.8518452936921,5.917906046161393,25.059782592443455,49.54736232893259,48.419450480382665,0.0,11.949209649227644,14.953561288656855,24.67649419554305,5.879988336435371,0.0,71.40064863435933,0.0,17.249018913692154,18.405094737549017,42.85599898868567,0.0,10.902924932081056,0.0,90.20000000000002,12.783180481956393,13.17124514302446,0.0,11.921829165583333,28.202145247774475,51.25281155009846,18.59053071483923,0.0,24.26546827384644,36.13776494134118,9.998754508538536,42.28645053166965,0.0,17.231748503999995,12.98022941898404,2.377459732240519,1.0938732107844678,11.53276220293094,0.2823788854948114,3.6317641805622474,0.0,0.44,36,1,8,0,2,2,0,1,2,3,0,0,8,1,11,4,7,0,2,2,0,0,6.781474493900043,5,3.8502800000000024,128.82770000000005,0,0,0,0,0,3,0,0,0,0,0,0,0,0,0,6,1,0,0,0,1,0,0,0,0,3,0,0,0,2,0,0,0,0,1,0,1,0,0,0,0,1,0,0,3,0,0,0,0,0,0,0,0,0,0,0,0,1,0,0,0,0,0,0,0,0,0,0,0,1,0,0,0,1,0,0,0,0,0,0,0,0,0,0,0,CHEMBL5190068,N#Cc1ccc(N2CC(CN3CCC(Nc4ncnc5cnc(OCC(F)(F)F)cc45)CC3)C2)cc1,690.0,2.838849090737255,CHEMBL2093861,Menin/Histone-lysine N-methyltransferase MLL,4,Large-Polar-Aromatic-Flexible-Hydrophobic,Large-Polar-Aromatic-Flexible-Hydrophobic
14.00190003310892,14.00190003310892,0.0624746545347838,-1.016934314250398,0.075898185099165,17.768115942028984,941.1429999999996,876.6309999999996,940.484711008,364,0,0.2639041831438797,-0.3843788997201405,0.3843788997201405,0.2639041831438797,0.8405797101449275,1.5942028985507246,2.3043478260869565,16.47473483958653,9.943808802100108,2.453082376255791,-2.366179901785901,2.3517622402347524,-2.5379670421347233,6.251732311358178,-0.1361874811232954,3.5929274192539107,0.8199298743400281,2666.486614843505,48.76828050889667,40.21096599734408,40.21096599734408,33.30297314412923,24.45369293161208,24.45369293161208,18.68984800704559,18.68984800704559,14.09557518167623,14.09557518167623,10.224607029947183,10.224607029947183,-6.6499999999999995,1876438494964932.0,48.79470100100377,21.75312271751192,10.970620188548429,402.68039369786754,30.154238144460873,6.041840829147961,0.0,17.721539188054518,23.28080608310653,0.0,48.67836835421003,0.0,0.0,0.0,36.75265696523406,117.94814971418558,112.650902778936,11.126902983393991,33.50408605823098,46.81785092547616,0.0,30.3172849215113,0.0,104.23471625229163,62.69900069935809,115.65556320046738,0.0,11.126902983393991,26.409542437921473,11.374772549367124,0.0,0.0,119.6927701124049,32.209987317840664,20.771211599071872,117.3120101720416,65.45820786868792,0.0,11.126902983393991,0.0,193.55999999999997,29.67055974655398,33.561760288502754,0.0,47.8869289889136,62.12498485691508,102.38161519714784,0.0,18.19910120538483,37.80385546684557,67.98973633666583,4.736862953800049,5.695687560912304,0.0,101.2051982480379,8.551188920931828,8.576691092964616,-2.215739811993245,18.891317263978824,4.744773093727289,14.384216964773833,0.0,0.4528301886792453,69,4,16,0,4,4,6,3,1,4,1,0,11,4,16,5,17,0,3,3,0,1,15.38314664984256,8,5.620360000000004,263.1112999999994,0,0,0,0,0,1,1,0,0,0,6,6,0,0,0,4,4,0,0,0,0,1,0,0,0,0,0,6,0,2,2,0,0,0,3,0,1,0,0,0,0,1,0,0,0,0,0,0,2,0,0,0,0,0,0,0,0,0,0,0,0,0,0,0,0,0,0,0,0,1,1,0,0,1,0,0,0,0,0,0,0,0,0,2,0,CHEMBL5175736,CCN(c1cc(-c2ccc(CN3CCN(C(=O)CCCCCNc4cccc5c4C(=O)N(C4CCC(=O)NC4=O)C5=O)CC3)cc2)cc(C(=O)NCc2c(C)cc(C)[nH]c2=O)c1C)C1CCOCC1,100.0,2.0,CHEMBL5169086,CRBN/EZH2,4,Large-Polar-Aromatic-Flexible-Hydrophobic,Large-Polar-Aromatic-Flexible-Hydrophobic
14.25022549760645,14.25022549760645,0.039688366397768,-4.824933765692964,0.3316683690558279,19.31111111111111,636.5930000000001,606.3530000000003,636.21712476,240,0,0.4167980742778372,-0.4945862494167146,0.4945862494167146,0.4167980742778372,0.8444444444444444,1.5333333333333334,2.1777777777777776,19.41705792965518,9.892290998087717,2.4921196263658385,-2.4544731213350937,2.365279486914491,-2.6395002457048573,5.964429751483109,-0.152729570059615,3.0337167204526234,1.4286944154971946,1523.451700379368,32.40720214718992,24.197341592488915,24.197341592488915,21.320465542551865,14.16385506244154,14.16385506244154,10.81886590287658,10.81886590287658,7.976378236539856,7.976378236539856,5.746360662712677,5.746360662712677,-4.49,7352944738.424048,31.919870003640835,12.483780728440289,6.78590894993556,254.6856148943344,24.173455100151532,11.49902366656781,0.0,5.601050810983688,11.814359458703011,12.35259703488695,14.573052889090851,0.0,26.34249028604892,0.0,12.13273413692322,55.30621272508329,45.11746917278902,36.032294696964655,45.40529056179267,17.501745733386574,0.0,14.783797982648162,0.0,30.795291091722657,51.27824570760346,83.68134523447164,0.0,11.49902366656781,14.373635638450576,32.02987656073248,11.49902366656781,0.0,78.57754422908785,17.147134218958772,0.0,34.326534905014825,66.99099075938065,0.0,0.0,0.0,75.21000000000001,53.00311818557721,35.93156465419256,0.0,38.22542429687365,24.905391713570666,47.246451422606626,0.0,12.009707272128011,29.16537800469692,4.983978520947208,9.473725907600098,92.41070349438914,0.0,36.14430307224534,0.0,-3.67699659676268,-0.8784916401153455,11.917156969875336,-7.37688946558401,0.9877510993281512,1.5557963999574056,0.3870967741935484,45,0,8,0,2,2,2,2,1,3,1,0,6,0,14,3,6,0,2,2,0,1,8.855125733461572,5,5.5304000000000055,150.96649999999974,0,0,0,0,0,1,0,0,0,0,2,2,0,0,0,4,0,0,0,0,1,0,0,0,0,6,0,2,0,1,0,0,0,0,2,0,0,0,0,0,0,2,0,0,6,0,0,0,0,0,0,0,0,0,0,1,0,0,0,0,0,0,0,0,2,0,0,0,0,1,1,0,0,1,0,0,0,0,0,0,0,0,0,0,0,CHEMBL3139619,COc1ccccc1N1CCN(C(=O)C2(Oc3ccc(C(F)(F)F)cc3)CCCN(C(=O)c3cnccc3C(F)(F)F)C2)CC1,600.0,2.7781512503836434,CHEMBL1907611,Tumour suppressor p53/oncoprotein Mdm2,4,Large-Polar-Aromatic-Rigid-Hydrophobic,Large-Polar-Aromatic-Rigid-Hydrophobic
15.233685387604336,15.233685387604336,0.11481866411736,-1.3324589447159338,0.1756707488249687,25.129032258064516,844.0929999999997,781.597,843.4959650640001,328,0,0.2546890789274895,-0.3714854702187634,0.3714854702187634,0.2546890789274895,0.8870967741935484,1.6129032258064515,2.338709677419355,19.147160591142097,9.708090554499035,2.4194200436970466,-2.473952361807811,2.440256080129301,-2.520088034896762,6.051783908059754,-0.1364593830684293,3.7975718338281728,0.6878241935313143,2314.4731369582864,42.75177265095165,36.67378685491005,36.67378685491005,29.899531700771284,23.26221166396904,23.26221166396904,20.01511927237631,20.01511927237631,15.413930290965151,15.413930290965151,11.716867278285653,11.716867278285653,-4.880000000000001,129174252999143.77,41.14886244336041,16.34987617464703,7.99308418560515,364.1530633090694,24.58361744434912,11.71060064789364,0.0,17.762698739689505,5.907179729351506,0.0,24.600309887072275,14.358372089569237,0.0,0.0,18.19910120538483,144.91814319594235,97.53603021578266,6.041840829147961,18.774026599890284,40.26018967580563,0.0,34.96845335939938,11.332896515558172,115.31846654043412,62.15787070900154,82.80599058409386,0.0,0.0,15.116608065707286,16.026140603344878,0.0,0.0,117.4836966677898,22.554652396982227,11.332896515558172,117.3427181802622,54.85825662245742,0.0,10.902924932081056,0.0,121.01,11.71060064789364,14.383611552215466,4.39041504767482,36.22604246927644,36.40668244200633,79.4147477439571,62.68805303852956,18.74738413023173,18.46005421168776,73.22234565881573,9.967957041894415,15.233685387604336,0.0,62.41636300113963,3.6461573803020313,6.463943656019347,0.7593443101603354,14.071195830093467,13.939609488789898,13.803034279224276,0.0,0.5714285714285714,62,2,12,0,6,6,3,2,2,4,3,0,9,2,13,8,9,0,4,4,1,1,10.851271059298812,10,6.792100000000008,238.8278999999992,0,0,0,0,0,3,1,0,0,0,3,3,0,0,0,7,2,0,0,0,1,1,0,0,0,1,0,3,0,2,0,0,0,0,2,0,4,0,0,0,0,0,0,0,1,0,0,0,1,0,0,0,0,0,0,0,0,0,0,0,0,0,0,0,1,0,0,0,0,4,0,0,0,0,0,0,0,0,0,0,0,0,0,0,0,CHEMBL4760508,C[C@@H]1Cc2c([nH]c3ccccc23)[C@@H](c2cnc(N3CCC(CCN4CCC5(CC4)CCN(c4ccc6c(c4)CN(C4CCC(=O)NC4=O)C6=O)CC5)CC3)nc2)N1CC(C)(C)F,0.4,-0.3979400086720376,CHEMBL4523681,Protein cereblon/Estrogen receptor,4,Large-Polar-Aromatic-Flexible-Hydrophobic,Large-Polar-Aromatic-Flexible-Hydrophobic
12.75399529738188,12.75399529738188,0.2775143131691988,-4.212406708373326,0.4600760030229351,25.71875,460.5690000000002,433.35300000000024,460.190852524,170,0,0.3933283894768193,-0.3667006242437454,0.3933283894768193,0.3667006242437454,1.03125,1.8125,2.5625,32.13353939556648,9.856372150623784,2.3784544552551505,-2.294428241322952,2.4078526661206845,-2.3217277905913742,7.182460846142972,-0.1261377211784036,3.43672334140137,1.1096652446685011,1044.3289841553362,22.131181265251033,17.73716932988318,18.553665910810903,15.443604242740008,11.294597188829202,12.111093769756929,9.07537742792016,10.190577299209403,6.629598910829493,7.6726479295059855,4.816684299110727,5.843043723607965,-2.1899999999999995,31185322.488037195,21.64502795560311,8.980740603089169,5.232113175894492,189.21379473129633,10.633577208012662,16.975579272220138,0.0,0.0,0.0,6.176298517443475,0.0,9.967957041894415,13.17124514302446,11.336785877934735,30.33183534230805,56.19658912686262,22.878734898158612,11.807045837390806,13.17124514302446,27.371269289855128,0.0,15.284745645900744,5.917906046161393,62.702815959456856,11.861545009918906,53.1661211709325,0.0,0.0,10.633577208012662,18.98910792085949,0.0,11.336785877934735,34.77269362354639,6.4208216229260096,5.917906046161393,48.46261284618974,42.725522485534206,0.0,10.216620634085364,0.0,49.84,12.597120140369483,13.17124514302446,0.0,4.877147193701299,39.953977162539104,43.564828775551355,18.311593189387544,6.06636706846161,0.0,50.93336959221513,0.0,38.261985892145645,1.0949998655168751,9.375610849287568,7.929223036429926,1.431384328111396,1.9881357156220831,13.20104054771813,1.9082889558028475,1.0593308093655316,0.0,0.5,32,2,4,2,0,2,0,1,2,3,2,0,5,2,8,2,7,2,0,2,0,0,6.074636919246405,5,5.912500000000003,122.13340000000004,0,0,0,0,0,2,0,0,0,0,0,0,0,0,0,2,2,0,0,0,0,0,0,0,0,3,0,0,0,1,0,0,0,0,1,0,1,0,0,0,0,0,0,0,3,0,0,0,0,0,0,0,0,0,0,0,0,0,0,0,0,0,0,0,0,0,0,0,0,0,0,0,0,0,0,0,0,0,0,0,0,0,1,0,0,CHEMBL4520948,FC(F)(F)Cc1cc2c(N[C@H]3CC[C@H](CN[C@@H]4C[C@H]4c4ccccc4)CC3)ncnc2s1,109.35,2.0388187873736556,CHEMBL6136,Lysine-specific histone demethylase 1,4,Large-Polar-Aromatic-Flexible-Hydrophobic,Large-Polar-Aromatic-Flexible-Hydrophobic
8.965023036254776,8.965023036254776,0.3214588327937944,0.3214588327937944,0.5555846191129777,17.529411764705884,456.5980000000002,424.3420000000002,456.2749930240001,176,0,0.1372017834893439,-0.3707419147357934,0.3707419147357934,0.1372017834893439,1.088235294117647,1.8529411764705883,2.5588235294117645,15.228411897224792,9.959547638799169,2.2986490821716155,-2.4412929576898197,2.274531805956209,-2.5269812097759896,5.897475534721896,0.1736555652192636,2.8216961239283087,1.1141241205660175,1155.6293257342506,23.49298858481683,19.90653173320184,19.90653173320184,16.568014581162377,12.184454356794117,12.184454356794117,9.75691145931204,9.75691145931204,6.7218042825693205,6.7218042825693205,4.910083951114776,4.910083951114776,-3.4399999999999995,54710159.60324287,22.357062542866945,9.816535478310833,5.047063161848492,200.57366236932472,20.433396669713616,17.9630456304346,0.0,0.0,0.0,0.0,0.0,14.951935562841625,5.261891554738487,0.0,0.0,57.02095298754132,61.79898022316854,23.346217093718607,0.0,28.22603676243467,5.261891554738487,19.8518452936921,5.917906046161393,38.7727993035292,48.25726896842601,48.419450480382665,0.0,6.069221312792274,15.533486938863138,17.323111830353618,0.0,0.0,64.65930898155088,0.0,17.249018913692154,32.25256913693026,42.85599898868567,0.0,10.902924932081056,0.0,93.0,0.0,0.0,0.0,0.0,18.001587704457314,73.66752725486299,5.687386274683562,6.3273200747645415,24.395944776997908,67.43476208165197,5.261891554738487,0.0,0.0,18.39835887941473,17.022902276290324,2.800768088669251,2.463670817532624,12.885835558689507,5.6547678221376,9.773696557265971,0.0,0.4615384615384615,34,2,8,0,2,2,0,1,2,3,0,0,8,2,8,4,7,0,2,2,0,0,6.4549675777313995,5,3.7294800000000023,136.03639999999993,0,0,0,0,0,3,0,0,0,0,0,0,0,0,0,6,2,0,0,0,1,0,0,0,0,0,0,0,0,3,0,0,0,0,1,0,1,0,0,0,0,0,0,0,0,0,0,0,0,0,0,0,0,0,0,0,0,1,0,0,0,0,0,0,0,0,0,0,0,1,0,0,0,1,0,0,0,0,0,0,0,0,0,0,0,CHEMBL5189910,CC(C)Nc1cc2c(NC3CCN(CC4CN(c5ccc(C#N)cc5)C4)CC3)ncnc2cn1,530.0,2.724275869600789,CHEMBL2093861,Menin/Histone-lysine N-methyltransferase MLL,4,Large-Polar-Aromatic-Flexible-Hydrophobic,Large-Polar-Aromatic-Flexible-Hydrophobic
11.287070128649937,11.287070128649937,0.2093390920892279,-1.2205712485340496,0.210778701493783,25.157894736842103,526.5980000000003,492.3260000000004,526.265216188,204,0,0.3200187084936397,-0.4800858278476824,0.4800858278476824,0.3200187084936397,1.131578947368421,1.894736842105263,2.6315789473684212,16.555952356587106,9.973773511275049,2.449148417886025,-2.420311299488154,2.3250730039161924,-2.524671199242307,5.807078117753701,-0.1383563982405486,3.431167421957908,1.23268623002967,1236.9763804082042,26.81082583001261,20.95142044657757,20.95142044657757,18.295734091081684,12.714483527062525,12.714483527062525,10.16793323082856,10.16793323082856,7.308309823641758,7.308309823641758,5.250974445349752,5.250974445349752,-3.2,369234761.162395,26.40883196939101,11.27113667923031,5.623486328124999,219.20298232281024,36.423689823497014,36.19776078477367,17.692941169337626,0.0,0.0,5.969305287951848,14.261546562713654,14.951935562841625,0.0,0.0,30.33183534230805,17.9021791607844,39.26853843547545,6.3273200747645415,24.85098232239399,22.951046004170863,0.0,29.318854672333934,11.651573523323576,43.54721919196632,38.45744950672506,48.54992698353413,0.0,0.0,11.46733495432437,5.817862777835028,0.0,0.0,107.68526416676364,16.076156543784446,5.917906046161393,18.212174285357875,42.98647549183713,0.0,11.16387793838399,0.0,189.11,36.55094645107958,20.11411936859394,0.0,12.238684400761038,36.71605320228311,19.634269217737724,18.21809164122608,4.567099647791355,18.19910120538483,36.8844891614658,16.20419790812442,7.659530520637054,0.0,28.076778906450745,30.925235797060257,13.690380685318232,-0.45749869621782,9.297498730375333,-0.9961893883543772,4.137596778063915,0.0,0.52,38,7,13,0,2,2,0,1,2,3,5,0,12,5,13,4,11,0,2,2,0,0,7.833093543837711,5,-0.7362999999999953,137.53619999999995,1,2,2,1,0,4,0,0,1,1,1,0,0,0,0,6,0,2,0,0,1,0,0,0,0,0,0,0,0,1,0,0,0,0,1,0,1,0,0,0,0,1,0,0,0,0,0,1,0,0,0,0,0,0,0,0,0,0,0,0,0,0,0,0,0,0,0,0,0,0,0,0,0,0,0,0,0,0,0,0,0,0,0,0,0,CHEMBL4649421,Nc1ncnc2c1ncn2[C@@H]1O[C@H](CN(CC[C@H](N)C(=O)O)CC2CN(Cc3ccccc3)C2)[C@@H](O)[C@H]1O,46.8,1.670245853074124,CHEMBL4106124,MLL1-ASH2L/RbBP5/WDR5/DPY30,4,Large-Polar-Aromatic-Flexible-Hydrophilic,Other
14.852740887282664,14.852740887282664,0.0512590512505877,-3.1114299807254984,0.5405270877127136,20.97222222222222,513.9360000000001,491.7600000000002,513.1491570640001,186,0,0.300696321625657,-0.4797949945732011,0.4797949945732011,0.300696321625657,1.3333333333333333,2.111111111111111,2.8333333333333335,35.49569254000385,10.03434271416062,2.507740604212435,-2.3478291621212413,2.4533772147553634,-2.4645642367113836,6.3250045497882,-0.0578651901506137,3.6613923028571462,1.390748699699236,1478.0371732434205,25.18950548645297,19.26344376771532,20.019372713733773,17.24635192322077,11.62960003197706,12.00756450498629,9.531919849864744,9.93911997660535,6.951490062735131,7.228086613755142,4.744286959166977,4.8825852346769825,-3.65,202443857.8678567,22.791250947565366,8.198105245750618,3.763255441293266,209.19748916567897,24.837449540454543,5.022633313741326,12.424744742347947,11.6978511142704,5.559266895052007,5.922529168094576,4.794537184071822,13.764808616296849,10.245870075685694,0.0,11.600939890232516,36.958650497398246,31.2107952836507,35.42989875201452,13.517693049149688,45.644839430502216,5.261891554738487,14.53505668968577,18.883484074999977,24.80601324309456,35.22988171520121,39.772382169863064,0.0,11.81873314607618,25.829616787715196,31.921804703538292,5.749511833283905,11.600939890232516,46.19582146326638,7.04767198267719,23.166924959853542,12.84164324585202,29.19048196106973,5.022633313741326,10.902924932081056,0.0,108.1,24.130518856807463,13.575367279421462,0.0,23.272710200290256,59.31030263700464,0.0,10.763943219404432,25.24677318806202,4.899909730850477,26.670755562699348,21.59969439877105,36.50610224073671,6.341935321717367,23.597700965090432,16.024042665654473,0.9463306658946442,-2.628921851723712,6.347978033940624,2.900908060866497,0.24373578742374,1.5812992215103296,0.4166666666666667,36,2,9,1,2,3,0,1,2,3,1,0,9,2,12,4,4,1,1,2,0,0,5.190140943068177,6,3.903480000000002,131.4064,0,0,0,0,0,3,0,0,0,0,0,0,0,0,0,5,2,0,0,0,0,0,0,0,0,2,0,0,0,4,1,0,0,0,1,0,3,0,0,0,0,1,0,0,3,0,0,0,0,0,0,0,0,0,0,0,0,1,0,0,0,0,0,0,0,0,0,0,0,0,0,0,0,1,0,0,0,0,0,0,0,0,0,0,0,CHEMBL5411525,Cn1c(=O)c2c(c3cc(Nc4nc(N5CC(C#N)C5)ncc4Cl)ccc31)N[C@@H](C1CC1)C(F)(F)CO2,5.0,0.6989700043360189,CHEMBL4105786,B-cell lymphoma 6 protein,4,Large-Polar-Aromatic-Rigid-Hydrophobic,Large-Polar-Aromatic-Rigid-Hydrophobic
10.9207947193743,10.9207947193743,0.1965049878801064,-1.2272288359788364,0.2454213091262034,25.689655172413794,410.4350000000001,384.22700000000015,410.202615932,160,0,0.320018708518397,-0.4800858278476506,0.4800858278476506,0.320018708518397,1.2758620689655171,2.0344827586206895,2.7241379310344827,16.555920291134335,10.098560833181509,2.443967022930165,-2.2632646529029525,2.3188383922913904,-2.4362144414361113,5.806962837873008,-0.1383237686119819,3.2299752982020293,1.7184622931925186,847.8244927454309,21.12902755413791,15.70324194275639,15.70324194275639,13.828606258093467,9.18506665496805,9.18506665496805,6.951934365971902,6.951934365971902,4.9554380503866815,4.9554380503866815,3.342657841787639,3.342657841787639,-2.42,3440372.6591516114,21.29274279017904,8.939131524595687,4.442856185387894,165.63694995389494,37.25744756980872,36.19776078477367,17.692941169337626,0.0,0.0,5.969305287951848,14.261546562713654,14.951935562841625,0.0,0.0,0.0,6.4208216229260096,26.1790256236503,6.3273200747645415,24.85098232239399,22.951046004170863,0.0,24.418944941483456,11.46733495432437,37.00246278605375,31.912693100812486,12.654640149529085,0.0,0.0,17.201002431486554,5.817862777835028,0.0,0.0,96.24059803000058,9.53140013787187,0.0,12.64872279366088,12.654640149529085,0.0,11.16387793838399,0.0,211.89,36.55094645107959,15.007591973753234,0.0,18.783440806673617,30.79814715612171,0.0,17.22173979732044,0.0,4.899909730850477,14.951935562841625,27.04439278012731,7.396011253623989,0.0,24.910415589751356,29.95448709655257,17.72160120584436,-0.8881389440501151,-0.9949178738662876,-1.1497549096811317,1.3836299151585942,0.0,0.625,29,9,13,0,1,1,0,0,2,2,5,0,12,6,13,3,9,0,1,1,0,0,6.5634009765792065,3,-2.909599999999997,101.38160000000002,1,2,2,1,0,4,0,0,1,1,1,0,0,0,0,5,0,3,0,0,0,0,0,0,0,0,0,0,0,1,0,0,0,0,0,0,1,0,0,0,0,1,0,0,0,0,0,1,0,0,0,0,0,0,0,0,0,0,0,0,0,0,0,0,0,0,0,0,0,0,0,0,0,0,0,0,0,0,0,0,0,0,0,0,0,CHEMBL4633905,NCCN(CC[C@H](N)C(=O)O)C[C@H]1O[C@@H](n2cnc3c(N)ncnc32)[C@H](O)[C@@H]1O,592.0,2.77232170672292,CHEMBL4106124,MLL1-ASH2L/RbBP5/WDR5/DPY30,4,Large-Polar-Aromatic-Flexible-Hydrophilic,Other
13.168824885198442,13.168824885198442,0.0040899523389603,-1.0540380920886876,0.4438556860439154,43.638888888888886,500.6760000000003,456.3240000000003,500.31378912799994,200,0,0.2332532942294643,-0.5038390862785012,0.5038390862785012,0.2332532942294643,1.0833333333333333,1.7777777777777777,2.4444444444444446,16.70044373020358,9.7487485948983,2.515732508111647,-2.4423967673633604,2.4972194581188885,-2.501026479827733,6.096852388509223,-0.1863717911324147,3.219935264571311,1.856087598230558,1018.4565076466496,26.524215068523315,23.12935016949782,23.12935016949782,16.895590931690467,13.569543608181217,13.569543608181217,11.948793859162825,11.948793859162825,8.948417931600082,8.948417931600082,6.7934349893232735,6.7934349893232735,-1.89,73954919.32780837,27.153022045277353,10.109694708446565,4.6094406080012345,215.6314608954337,24.42364365108156,5.759164871656176,5.759164871656176,11.570356098935536,0.0,0.0,4.794537184071822,0.0,0.0,0.0,46.267810635356255,57.44259309024196,41.58282926996951,18.31189916324491,29.218180835153376,5.783244946364939,0.0,0.0,29.589530230806965,98.2484572053539,7.109797541277533,45.96278807725718,0.0,0.0,0.0,0.0,0.0,0.0,47.20510759313938,19.005126045471968,29.589530230806965,74.1494468895384,45.96278807725718,0.0,0.0,0.0,85.22000000000001,23.778288874432143,15.007591973753234,0.0,29.616849397888657,34.31429055418676,25.68328649170404,5.5731045300692665,14.033534740968156,19.92349450621513,33.770968905596376,14.210588861400147,19.14914630049551,0.0,13.168824885198442,22.392084496250035,2.808920128976498,-0.9413070359507968,0.0,6.436043104397407,14.441763814188056,1.6278576397781843,0.7,36,2,6,1,3,4,0,0,0,0,9,4,6,2,6,3,1,0,1,1,0,0,7.625243424707595,4,5.783600000000007,138.98259999999996,0,2,2,0,0,0,0,0,0,0,1,1,0,0,0,0,0,0,0,0,0,0,0,0,0,0,4,0,0,0,0,0,0,0,0,0,4,0,0,0,0,3,0,0,0,0,0,0,0,0,0,1,1,0,0,1,0,0,0,0,0,0,0,0,0,0,0,0,0,0,0,0,0,0,0,0,0,0,0,0,0,0,0,0,0,CHEMBL525418,CO[C@@]12C=C3C(=C(C)C(=O)C(O)=C3[C@@H]3O[C@H](CC[C@H](C)/C=C(\C)C[C@@H](C)C[C@@H]1C)[C@H](C)[C@H](O)[C@H]3C)O2,9000.0,3.9542425094393248,CHEMBL392,A549,4,Large-Polar-Aliphatic-Flexible-Hydrophobic,Other
12.7442140436488,12.7442140436488,0.2744091392997874,-4.213933074026671,0.5126647537764448,26.161290322580644,446.5420000000002,421.3420000000002,446.17520246,164,0,0.3933283894768193,-0.3666989213385345,0.3933283894768193,0.3666989213385345,1.0,1.7419354838709675,2.4838709677419355,32.13353933016592,9.906523323612014,2.3941114606190697,-2.300575041141156,2.4148746331515287,-2.381030868196137,7.1824596730958215,-0.1261375430393344,3.3824675835075997,1.1532906330225328,1028.227662099025,21.424074484064487,17.030062548696634,17.84655912962436,14.943604242740008,10.82147064236688,11.637967223294606,8.6646938253972,9.779893696686443,6.291089228130919,7.334138246807412,4.653502329382135,5.679861753879374,-2.1899999999999995,18601623.407963697,20.698209348830897,8.390290571407741,5.009876166084452,182.84885261689973,10.633577208012662,16.975579272220138,0.0,0.0,0.0,6.176298517443475,0.0,9.967957041894415,13.17124514302446,11.336785877934735,30.33183534230805,43.73392667478865,28.920575727306577,11.807045837390806,13.17124514302446,27.371269289855128,0.0,15.284745645900744,0.0,68.74465678860481,5.316788604006331,53.1661211709325,0.0,0.0,10.633577208012662,18.98910792085949,0.0,11.336785877934735,34.269778046781774,6.4208216229260096,0.0,48.46261284618974,42.725522485534206,0.0,10.216620634085364,0.0,49.84,12.597120140369483,13.17124514302446,0.0,10.91898802284926,34.03607111637771,37.020072369638775,18.311593189387544,6.06636706846161,0.0,50.93336959221513,0.0,38.2326421309464,1.0916885029616306,9.357525881000186,7.98330820644788,1.420172518285638,1.2854206816663458,13.654644639854556,1.724597438837366,0.0,0.0,0.4782608695652174,31,2,4,2,0,2,0,1,2,3,2,0,5,2,8,2,6,2,0,2,0,0,5.602064217565142,5,5.664900000000003,117.56440000000003,0,0,0,0,0,2,0,0,0,0,0,0,0,0,0,2,2,0,0,0,0,0,0,0,0,3,0,0,0,1,0,0,0,0,1,0,1,0,0,0,0,0,0,0,3,0,0,0,0,0,0,0,0,0,0,0,0,0,0,0,0,0,0,0,0,0,0,0,0,0,0,0,0,0,0,0,0,0,0,0,0,0,1,0,0,CHEMBL4530202,FC(F)(F)Cc1cc2c(N[C@H]3CC[C@@H](N[C@H]4C[C@@H]4c4ccccc4)CC3)ncnc2s1,241.95,2.383725626444643,CHEMBL6136,Lysine-specific histone demethylase 1,4,Large-Polar-Aromatic-Rigid-Hydrophobic,Large-Polar-Aromatic-Rigid-Hydrophobic
13.277421266611228,13.277421266611228,0.0259132495590832,-0.8423187405127341,0.5054804546530309,28.975,611.489,580.2410000000002,610.1314634319998,210,0,0.318724985510902,-0.5040425270912626,0.5040425270912626,0.318724985510902,1.2,1.95,2.625,79.91873144269773,9.525423855875855,2.5780793015871244,-2.5657451966193308,2.5927741234303987,-2.601100952804143,9.103002938161763,-0.1457847091650711,3.3905805977942673,1.5454085017069876,1452.9427687181608,28.344206024832225,22.771024818934723,24.35702135804943,19.23274967776961,13.236033127096912,14.029031396654268,10.899472169567996,11.815147698359684,9.132743616127868,9.6614091291661,7.210021936193725,7.474354692712843,-3.37,1319703276.5544748,26.832166587836788,9.920098785621214,3.8676866444964264,240.3927288698927,29.05461457082796,11.629591048932095,29.145399872337222,0.0,0.0,5.969305287951848,9.589074368143644,0.0,0.0,0.0,33.21839076162311,56.27264443835748,44.95863295855555,21.3293926238326,33.743779208121126,33.394179135036836,0.0,4.899909730850477,16.991524819073327,36.82326255507107,34.92182101242236,68.8935458034185,0.0,11.49902366656781,4.736862953800049,0.0,11.49902366656781,15.929943897949348,68.434334204349,35.73620095180316,11.835812092322788,41.199415600388306,51.79545256338106,0.0,0.0,0.0,106.89,23.406168191258324,14.69560176298435,0.0,35.662837111168116,35.43939610367289,22.144378905138986,21.3293926238326,6.06636706846161,30.34148838068032,33.033238338227555,19.04817744513678,17.246019191183734,3.4520847127337904,34.86795403770897,16.009958282675182,2.8147447881660206,-0.808640013367075,9.284291319883469,2.586227471814367,0.7753625720948328,6.438664303773369,0.4333333333333333,40,1,9,2,2,4,0,2,0,2,5,2,9,1,10,2,5,0,1,1,0,0,6.654443579589646,6,4.045400000000003,149.29279999999983,0,0,0,0,0,0,0,1,0,0,2,2,0,0,0,2,0,0,0,1,1,0,0,0,0,0,1,0,0,0,0,0,0,0,2,0,1,0,0,0,1,3,0,0,1,0,0,0,0,0,0,1,1,0,0,3,0,0,0,0,0,0,0,1,0,1,1,0,0,1,0,0,0,0,0,0,0,0,0,0,0,0,0,0,0,CHEMBL2337218,COC(=O)[C@@H]1C(c2ccc(Br)cc2)=NO[C@H]1c1cc(OC)c(O)c2c1C[C@@H]1[C@@H]3C=C(OC)C(=O)C[C@]23CCN1C,53150.0,4.725503268859316,CHEMBL614822,NIH3T3,4,Large-Polar-Aromatic-Rigid-Hydrophobic,Large-Polar-Aromatic-Rigid-Hydrophobic
11.729952892543912,11.729952892543912,0.1632421601433142,-0.6374252891491905,0.3808312319261081,24.26315789473684,538.0520000000001,505.79600000000033,537.225515564,200,0,0.4387414007668095,-0.3771980866051547,0.4387414007668095,0.3771980866051547,1.0526315789473684,1.8157894736842104,2.5,35.49569233564191,9.827655972833972,2.3230899432621688,-2.3982157889639453,2.3782656229830184,-2.5057674671900765,6.303088070804499,0.0741494797348248,3.4832488113154576,1.5919628271459263,1494.101320271645,26.38817609920224,21.8545405392234,22.610469485241858,18.368213736153116,13.31687233738327,13.694836810392497,10.850384565815972,11.286820346287955,7.840627951140812,8.047326903553662,5.886796958757357,6.060689127133128,-3.24,640639804.0939059,25.060624673594887,10.145397009725649,4.710115352090703,224.9260079666783,14.203872332441884,5.693927994848461,0.0,11.77274377898642,0.0,5.756062822229453,14.491051978867764,14.762494225966236,0.0,0.0,36.5229835929006,50.65766387447927,24.501895040835723,47.04740833114406,9.259957890773396,28.582680606451532,0.0,29.65967698870563,11.835812092322788,65.08293615498441,18.113673659876312,40.099654600191975,0.0,22.775711979393844,10.65597255307993,5.948339280986494,0.0,11.600939890232516,54.95712257602737,11.281619359712623,11.835812092322788,46.454498090775914,33.84405340119454,5.022633313741326,33.80911341462637,0.0,114.96,5.756062822229453,4.794537184071822,0.0,17.908086156295848,35.542159278625476,35.00785465998998,25.68328649170404,12.393687143226153,12.13273413692322,45.36284127673356,30.828854822900325,12.955453386169337,6.370620173120091,31.21376690533352,4.394781672263889,3.5992888036119473,1.836423295975664,4.043012990396647,8.211243448223275,8.819853769350072,0.0,0.5185185185185185,38,1,10,1,1,2,0,0,4,4,2,0,9,1,11,5,5,1,1,2,0,0,6.690789121719641,6,4.929900000000004,145.2306999999998,0,0,0,0,0,6,1,0,0,0,0,0,0,0,0,6,1,0,0,0,0,1,0,0,0,0,0,0,0,1,0,0,0,0,0,0,1,0,0,0,0,1,0,0,1,0,0,1,0,0,0,0,0,0,0,0,1,0,0,0,0,0,0,0,0,0,0,0,0,0,0,0,0,2,0,0,0,0,0,0,0,0,0,0,0,CHEMBL3647064,C[C@@H]1COC[C@@H](C)N1c1nc2cc(-c3noc(=O)[nH]3)nc(-c3cncc(Cl)c3)c2n1C[C@H]1CC[C@H](C)CC1,1.8,0.255272505103306,CHEMBL1907611,Tumour suppressor p53/oncoprotein Mdm2,4,Large-Polar-Aromatic-Flexible-Hydrophobic,Large-Polar-Aromatic-Flexible-Hydrophobic
11.30378174426265,11.30378174426265,0.202182890147667,-1.234692988617328,0.2098553498232878,24.846153846153847,561.0430000000005,527.7790000000003,560.226243836,210,0,0.3200187084936397,-0.4800858278476824,0.4800858278476824,0.3200187084936397,1.1794871794871795,1.948717948717949,2.6923076923076925,35.49569262899865,9.973434147128154,2.4493599128840735,-2.4211543292391022,2.3267686725084253,-2.5249448708791573,6.3087264784426,-0.1383565685234382,3.43581532743948,1.234332853080415,1304.4585189974148,27.68106931801569,21.25203465039717,22.007963596415625,18.70641769360464,12.820132430233803,13.198096903243032,10.273744222461836,10.68094434920244,7.411093275677634,7.779820999421585,5.276882297672065,5.472377103718987,-2.91,534946087.4991147,27.649132261715213,11.679100368392616,5.989910250487493,229.50624854969192,36.423689823497014,36.19776078477367,17.692941169337626,0.0,0.0,5.969305287951848,14.261546562713654,14.951935562841625,0.0,0.0,29.800041095617345,23.96854622924601,44.29117174921677,6.3273200747645415,24.85098232239399,34.55198589440338,0.0,29.318854672333934,11.651573523323576,43.54721919196632,38.45744950672506,47.50619322881384,0.0,0.0,11.46733495432437,5.817862777835028,0.0,11.600939890232516,107.68526416676364,16.076156543784446,5.917906046161393,18.212174285357875,36.92010842337552,5.022633313741326,11.16387793838399,0.0,189.11,36.55094645107958,20.11411936859394,0.0,18.783440806673617,30.171296796370537,30.22035402317605,17.22173979732044,0.0,24.26546827384644,24.75175502454258,27.805137798356935,7.64924292594428,6.304149425757673,28.00103109881219,31.703184258350777,13.48734625311983,-0.5242343347992569,6.7678574459322745,-1.0925226113647672,3.815056649358112,0.0,0.52,39,7,13,0,2,2,0,1,2,3,5,0,12,5,14,4,11,0,2,2,0,0,8.279922840603444,5,-0.0828999999999956,142.54619999999989,1,2,2,1,0,4,0,0,1,1,1,0,0,0,0,6,0,2,0,0,1,0,0,0,0,0,0,0,0,1,0,0,0,0,1,0,1,0,0,0,0,1,0,0,1,0,0,1,0,0,0,0,0,0,0,0,0,0,0,0,0,0,0,0,0,0,0,0,0,0,0,0,0,0,0,0,0,0,0,0,0,0,0,0,0,CHEMBL4635991,Nc1ncnc2c1ncn2[C@@H]1O[C@H](CN(CC[C@H](N)C(=O)O)CC2CN(Cc3ccccc3Cl)C2)[C@@H](O)[C@H]1O,150.2,2.1766699326681493,CHEMBL4106124,MLL1-ASH2L/RbBP5/WDR5/DPY30,4,Large-Polar-Aromatic-Flexible-Hydrophilic,Other
11.213867890818578,11.213867890818578,0.2155172502851494,-1.2037458524941185,0.2398490750869995,26.428571428571427,492.5810000000002,456.29300000000023,492.28086625200007,194,0,0.3200187084936397,-0.4800858278476824,0.4800858278476824,0.3200187084936397,1.2571428571428571,2.0285714285714285,2.742857142857143,16.5559454102617,9.978614888189163,2.4488426226120827,-2.420086841678425,2.3240239696511673,-2.5301309529730465,5.807014935346483,-0.1383560019827483,3.351726674343697,1.420298535536706,999.38143704638,25.11215521726335,19.978882663002533,19.978882663002533,16.77809600087664,12.157353315132836,12.157353315132836,9.601380976509905,9.601380976509905,6.887199217597756,6.887199217597756,4.844551150807826,4.844551150807826,-2.42,61611057.63094497,25.66631049711502,11.100036636771993,5.7074171535185725,203.240714459936,41.32359955434749,36.19776078477367,17.692941169337626,0.0,0.0,5.969305287951848,9.361636831863176,14.951935562841625,0.0,0.0,13.344558822616634,25.304305697925987,32.72378202956288,6.3273200747645415,24.85098232239399,22.951046004170863,0.0,29.31885467233393,11.651573523323576,56.76784323159638,45.002205912637635,12.654640149529085,0.0,0.0,11.46733495432437,5.817862777835028,0.0,0.0,114.2300205726762,9.53140013787187,5.917906046161393,32.41410323920352,12.654640149529085,0.0,11.16387793838399,0.0,189.10999999999996,36.55094645107959,20.11411936859394,0.0,12.238684400761038,30.17129679637053,32.59984724657631,19.075461772455093,4.567099647791355,0.0,31.675492224233203,16.20419790812442,7.63775630547123,0.0,28.04014680328973,30.74275366403991,12.397157478203384,-0.3773868407390501,-0.9628171832176172,1.4368419296111148,6.752214510007965,0.0,0.7272727272727273,35,7,13,0,2,2,0,0,2,2,5,0,12,5,13,4,12,0,2,2,0,0,8.139913909964065,4,-1.1363999999999947,127.16520000000006,1,2,2,1,0,4,0,0,1,1,1,0,0,0,0,6,0,2,0,0,1,0,0,0,0,0,0,0,0,1,0,0,0,0,0,0,1,0,0,0,0,1,0,0,0,0,0,1,0,0,0,0,0,0,0,0,0,0,0,0,0,0,0,0,0,0,0,0,0,0,0,0,0,0,0,0,0,0,0,0,0,0,0,1,0,CHEMBL4643465,CCCCN1CC(CN(CC[C@H](N)C(=O)O)C[C@H]2O[C@@H](n3cnc4c(N)ncnc43)[C@H](O)[C@@H]2O)C1,72.4,1.8597385661971468,CHEMBL4106124,MLL1-ASH2L/RbBP5/WDR5/DPY30,4,Large-Polar-Aromatic-Flexible-Hydrophilic,Other
14.210595136106082,14.210595136106082,0.049981420386705,-1.2212933378771418,0.0240374342325529,20.07017543859649,809.0309999999997,740.487,808.539540516,324,0,0.3256966935004625,-0.4797174682622497,0.4797174682622497,0.3256966935004625,0.7017543859649122,1.263157894736842,1.8771929824561404,16.368508474470325,9.84349937338908,2.4898334662824513,-2.36068877213482,2.400360915203755,-2.586688521943663,5.947062336830649,-0.1461114683621812,3.562943268225166,1.9850271780013873,1370.1742153472012,42.4926241058873,33.284499275792626,33.284499275792626,27.101569623521097,20.214032584533804,20.214032584533804,14.93496058274614,14.93496058274614,10.537224614367233,10.537224614367233,7.3329982725114675,7.3329982725114675,-4.760000000000002,957934079628.7806,48.38885177535518,25.483587168946904,16.704278184709537,334.39309133255574,70.5755061355401,24.16736331659184,11.91910913748767,29.535898646757527,0.0,5.969305287951848,34.79125313194215,4.794537184071822,0.0,0.0,19.765380445542643,95.93334355011211,25.67611004688569,12.08368165829592,33.87375049927164,47.424313072197045,10.818567211583044,36.80064135488846,34.58624343197232,145.52894734761654,26.1790256236503,0.0,0.0,0.0,60.56906900984892,0.0,0.0,0.0,125.90266162557428,28.76722310443093,16.736473257744436,103.2360615435808,0.0,0.0,0.0,0.0,375.87,65.84906918024564,33.87375049927164,0.0,68.68276982866428,64.33215101224667,19.26246486877803,4.899909730850477,6.923737199690624,0.0,31.900731624037984,39.48690459739397,0.0,0.0,80.16188983195316,40.529133090508886,28.571515131282425,-3.968069713456728,-5.964932531882003,7.356140757654733,2.814323433939528,0.0,0.7777777777777778,57,19,21,1,1,2,5,0,0,0,8,0,11,14,21,1,26,1,1,2,0,2,21.63371091618447,2,-2.6983600000000107,214.1173999999997,1,0,0,0,0,0,0,0,1,1,6,5,0,0,0,1,8,5,0,0,1,0,0,0,0,0,0,5,0,0,0,0,0,0,0,0,1,0,0,0,0,0,0,2,0,0,0,0,0,0,0,0,0,0,0,0,0,0,0,0,0,0,0,0,0,0,0,0,0,0,0,0,0,0,0,0,0,0,0,0,0,0,0,2,0,CHEMBL5429171,CC[C@H](N)C(=O)N[C@@H](CCCCNC(=N)N)C(=O)NCCCC[C@H](N)C(=O)N[C@@H](CCN)C(=O)N1C2CCCCC2C[C@H]1C(=O)N[C@@H](CCCNC(=N)N)C(=O)O,2480.0,3.3944516808262164,CHEMBL5482974,VEGA-NRP1,4,Large-Polar-Aliphatic-Flexible-Hydrophilic,Other
11.2658340997216,11.2658340997216,0.2110189403402567,-1.2160124805824244,0.2096015581449979,25.62162162162162,532.6270000000004,500.3710000000004,532.2216371239999,200,0,0.3200187084936397,-0.4800858278476824,0.4800858278476824,0.3200187084936397,1.2432432432432432,2.054054054054054,2.783783783783784,32.133474683501845,9.981733357197346,2.449190827974854,-2.4178834223884236,2.3257513270222394,-2.5240838923270985,7.094278358334971,-0.1383562049615538,3.5759979340524324,1.237550773489052,1203.190414541911,26.103719048826065,20.20496819866218,21.021464779589905,17.795734091081684,12.198968131428492,13.078620942683386,9.76169816398442,10.793943346346172,7.018848864843327,7.879998107111116,5.032287148679575,5.778459079288758,-2.72,239946818.71244496,25.909771938387227,10.948186633084958,5.596228483969722,216.84334559322176,36.423689823497014,36.19776078477367,17.692941169337626,0.0,0.0,5.969305287951848,14.261546562713654,14.951935562841625,0.0,11.336785877934735,6.06636706846161,23.78515750801493,44.14568562917675,6.3273200747645415,24.85098232239399,34.2878318821056,0.0,29.318854672333934,11.651573523323576,43.54721919196632,38.45744950672506,35.044584250619515,0.0,0.0,11.46733495432437,5.817862777835028,0.0,11.336785877934735,107.68526416676364,16.076156543784446,5.917906046161393,17.525869987362178,30.167437056918217,0.0,11.16387793838399,0.0,189.11,36.55094645107958,20.11411936859394,0.0,12.238684400761038,36.71605320228311,19.634269217737724,17.531787343230384,15.90388552572609,6.06636706846161,36.198184863470104,16.20419790812442,7.653018384754288,1.7408137860462083,29.384355658072145,32.94493341360352,12.419492850110764,-0.4379144639909786,3.1989694575112404,-0.9688131018193586,4.23181068237883,0.0,0.5652173913043478,37,7,13,0,2,2,0,0,3,3,5,0,13,5,14,5,11,0,2,2,0,0,7.666622129787319,5,-0.6747999999999963,135.4132,1,2,2,1,0,4,0,0,1,1,1,0,0,0,0,6,0,2,0,0,1,0,0,0,0,0,0,0,0,1,0,0,0,0,0,0,1,0,0,0,0,1,0,0,0,0,0,1,0,0,0,0,0,0,0,0,0,0,0,0,0,0,0,0,0,0,0,0,0,0,0,0,0,0,0,0,0,0,0,0,0,0,1,0,0,CHEMBL4641078,Nc1ncnc2c1ncn2[C@@H]1O[C@H](CN(CC[C@H](N)C(=O)O)CC2CN(Cc3cccs3)C2)[C@@H](O)[C@H]1O,66.5,1.8228216453031043,CHEMBL4106124,MLL1-ASH2L/RbBP5/WDR5/DPY30,4,Large-Polar-Aromatic-Flexible-Hydrophilic,Other
12.825929190550854,12.825929190550854,0.1492215039572499,-4.260275411325059,0.3070178398918405,16.210526315789473,544.6030000000003,517.3870000000003,544.186829764,200,0,0.3933283894768193,-0.3936142537415688,0.3936142537415688,0.3933283894768193,1.1842105263157894,1.9736842105263157,2.6842105263157894,32.13353982952479,10.033929729901052,2.2909046631301355,-2.3232969112606385,2.329603713779975,-2.3836721640656204,7.182473704430055,-0.1261405009387326,3.4430610154966255,1.2127007137564711,1469.6836538031666,26.863232072819912,20.44829328100063,21.26478986192836,18.21799115041923,12.324027366375192,13.14052394730292,9.622081818847793,10.73728169013704,6.774100208904505,7.8171492275809955,4.968666233454213,5.99502565795146,-3.24,396882483.3631838,26.370423649118543,10.860150781531756,5.912433855754141,220.5114409966264,20.096943041479097,28.738728579860872,0.0,0.0,0.0,6.176298517443475,4.899909730850477,9.967957041894415,18.433136697762947,11.336785877934735,6.06636706846161,42.67056301139545,41.45618217266803,31.0626505955646,23.384299932705872,38.274194221936185,5.261891554738487,19.43496642053625,0.0,50.67408341494291,25.0131833803444,52.79368209731934,0.0,6.069221312792274,5.316788604006331,18.98910792085949,0.0,11.336785877934735,67.66652172089546,19.51033443475116,11.33111286753076,28.976169926098773,36.65915541707259,0.0,21.119545566166423,0.0,110.23000000000002,18.701086528117784,28.646191487444355,0.0,24.07062639327475,21.728411406768853,60.27907476530253,12.393687143226153,10.633466716252965,12.13273413692322,32.320243758005105,0.0,40.20082835521401,1.04808558773172,11.569033475102897,33.47892480749274,2.3855963110514935,0.5765754095621276,11.6578791441194,-3.052308523335377,2.21871876639433,0.0,0.4230769230769231,38,3,8,0,1,1,0,1,3,4,1,0,9,3,12,4,8,0,1,1,0,0,7.5364941316394285,5,4.052180000000005,138.84129999999996,0,2,2,0,0,3,0,0,0,0,0,0,0,0,0,5,1,0,0,0,1,0,0,0,0,3,0,0,0,1,0,0,0,0,1,0,2,0,0,0,0,0,0,0,3,0,0,0,0,0,0,0,0,0,0,0,0,1,0,0,0,0,0,0,0,0,0,0,0,1,0,0,0,0,0,0,0,0,0,0,0,0,1,0,0,CHEMBL3780415,N#Cc1cc2cc(CN3CCC(Nc4ncnc5sc(CC(F)(F)F)cc45)CC3)ccc2n1C[C@@H](O)CO,46.0,1.662757831681574,CHEMBL2093861,Menin/Histone-lysine N-methyltransferase MLL,4,Large-Polar-Aromatic-Flexible-Hydrophobic,Large-Polar-Aromatic-Flexible-Hydrophobic
14.642349175210898,14.642349175210898,0.0168061787205751,-4.851203158551066,0.1940046188276503,19.66,708.6999999999999,670.3960000000002,708.2746396360001,270,0,0.4167980742893711,-0.4890140962002148,0.4890140962002148,0.4167980742893711,0.84,1.52,2.16,19.417067777021813,9.743375924728976,2.539469255259569,-2.502359750542384,2.415939859842867,-2.6682993681022684,5.965743843723822,-0.1575900381428412,3.065771411699931,1.4587496423231392,1658.2065190928038,36.32141570956302,27.81269666413932,27.81269666413932,23.52757232373841,15.94831211281771,15.94831211281771,13.127946702335626,13.127946702335626,8.675842100949655,8.675842100949655,6.5985821599311185,6.5985821599311185,-4.529999999999999,55138908140.42433,36.7430659565888,14.370246883330736,8.253007314986043,285.25892858142765,28.91031805395158,18.105905631080727,0.0,5.601050810983688,11.814359458703011,12.35259703488695,14.573052889090851,0.0,26.34249028604892,0.0,25.98020853630447,47.87955994862805,58.64808833699256,35.52937912020004,50.14215351559272,17.501745733386574,0.0,14.783797982648162,5.414990469396779,38.221943868177895,64.49200963662929,83.68134523447164,0.0,11.49902366656781,14.373635638450576,32.02987656073248,11.49902366656781,0.0,91.79130815811368,21.883997172758814,5.414990469396779,41.75318768147007,66.99099075938065,0.0,0.0,0.0,84.44000000000001,58.41810865497399,35.93156465419256,0.0,31.80460267394764,38.1191556425965,47.246451422606626,0.0,25.85718167150926,24.26546827384644,9.883888251797686,14.210588861400147,99.13899691749003,0.0,36.969619008157686,0.0,-4.681708322726701,-0.9503684469300788,11.966079617249688,-7.668261123383885,4.988781560805111,1.5701941226714853,0.4571428571428571,50,0,9,0,2,2,2,2,1,3,1,0,7,0,15,3,9,0,2,2,0,0,10.560138580933716,5,6.183100000000007,170.94949999999957,0,0,0,0,0,1,0,0,0,0,2,2,0,0,0,4,0,0,0,0,1,0,0,0,0,6,0,2,0,1,0,0,0,0,2,0,0,0,0,0,0,3,0,0,6,0,0,0,0,0,0,0,0,0,0,1,0,0,0,0,0,0,0,0,2,0,0,0,0,1,1,0,0,1,0,0,0,0,0,0,0,0,0,0,0,CHEMBL3233591,COCCOc1ccccc1N1CCN(C(=O)[C@@]2(Oc3ccc(C(F)(F)F)cc3)CN(C(=O)c3cnccc3C(F)(F)F)CC(C)(C)C2)CC1,1000.0,3.0,CHEMBL5023,p53-binding protein Mdm-2,4,Large-Polar-Aromatic-Flexible-Hydrophobic,Large-Polar-Aromatic-Flexible-Hydrophobic
12.87138089709199,12.87138089709199,0.0632746090437954,-4.262202777074568,0.3137785459080114,15.205128205128204,558.63,529.3980000000001,558.202479828,206,0,0.3933283894768193,-0.4963335934890832,0.4963335934890832,0.3933283894768193,1.205128205128205,1.9743589743589745,2.641025641025641,32.13353989677371,9.995670803882517,2.2929359993557252,-2.3302409771088977,2.353556592533588,-2.385902827830581,7.182477070010228,-0.1261403262906408,3.4671719645606673,1.289735522996366,1532.815179324348,27.733475560822985,21.67727716839567,22.493773749323395,18.70035306021419,12.701020728873145,13.51751730980087,9.772336885218529,10.887536756507776,7.283849353540058,8.326898372216545,5.348114179718086,6.374473604215333,-3.3999999999999995,619929709.3038058,27.177645138251197,10.996693842619704,5.660323011655759,227.1956945883339,19.72727860043844,34.48824041314478,0.0,0.0,0.0,6.176298517443475,4.899909730850477,9.967957041894415,18.433136697762947,11.336785877934735,0.0,37.46156607416286,54.11405642112295,31.04042606079752,23.014635491665217,38.274194221936185,5.261891554738487,19.43496642053625,0.0,51.49385422688523,32.12298092162193,46.22439945209312,0.0,11.81873314607618,10.05365155780638,18.98910792085949,5.749511833283905,11.336785877934735,63.56582547958399,19.51033443475116,18.254850067221383,34.53962141779577,24.52642128014937,0.0,21.11954556616642,0.0,99.23,12.597120140369483,23.53966409260365,0.0,17.525869987362178,34.817924218594,65.04728168437086,6.3273200747645415,13.176164609739144,23.6235709844052,26.253876689543496,4.736862953800049,46.172796814875205,1.0509532560665034,11.615677125260657,24.08975567290572,3.482521957542227,1.3234283627512275,7.7100005586740945,-2.142015655499266,4.643499227713526,1.6367160130434408,0.4444444444444444,39,2,8,0,1,1,0,1,3,4,0,0,9,2,12,4,8,0,1,1,0,0,7.663185716633597,5,5.008300000000005,144.12349999999986,0,1,1,0,0,3,0,0,0,0,0,0,0,0,0,5,1,0,0,0,1,0,0,0,0,3,0,0,0,1,1,0,0,0,1,0,2,0,0,0,0,1,0,0,3,0,0,0,0,0,0,0,0,0,0,1,0,1,0,0,0,0,0,0,0,0,0,0,0,1,0,0,0,0,0,0,0,0,0,0,0,0,1,0,0,CHEMBL3781705,COc1cc2c(cc(C#N)n2CCO)c(C)c1CN1CCC(Nc2ncnc3sc(CC(F)(F)F)cc23)CC1,16.0,1.2041199826559248,CHEMBL2093861,Menin/Histone-lysine N-methyltransferase MLL,4,Large-Polar-Aromatic-Flexible-Hydrophobic,Large-Polar-Aromatic-Flexible-Hydrophobic
12.842436634816504,12.842436634816504,0.1653174533233534,-4.256156063861555,0.307137242284515,16.102564102564102,558.6300000000001,529.3980000000001,558.202479828,206,0,0.3933283894768193,-0.3888536733747709,0.3933283894768193,0.3888536733747709,1.2307692307692308,2.0256410256410255,2.7435897435897436,32.13353989668826,10.033929108543395,2.2910010774587244,-2.3233025751055427,2.3297065977174385,-2.38367318832208,7.182474990670414,-0.1261405148765948,3.446690782637122,1.206432058676399,1486.7097451523716,27.570338854006454,21.409327975964548,22.22582455689227,18.71799115041923,12.704723025417035,13.52121960634476,9.89484943427422,11.010049305563468,6.92240450205257,7.965453520729061,5.156022563652477,6.182381988149722,-3.2399999999999984,627244133.2916678,27.33155204871078,11.47416443577989,6.4996148455245235,227.1956945883339,19.72727860043844,28.738728579860872,0.0,0.0,0.0,6.176298517443475,4.899909730850477,9.967957041894415,18.433136697762947,11.336785877934735,6.06636706846161,42.67056301139545,48.56597971394557,31.0626505955646,23.014635491665217,38.274194221936185,5.261891554738487,19.43496642053625,0.0,50.67408341494291,32.12298092162193,52.79368209731934,0.0,6.069221312792274,5.316788604006331,18.98910792085949,0.0,11.336785877934735,69.66979186733228,24.24719738855121,11.33111286753076,28.976169926098773,36.65915541707259,0.0,21.119545566166423,0.0,99.23,18.701086528117788,23.53966409260365,0.0,24.07062639327475,21.728411406768853,60.27907476530253,13.437117616042077,6.06636706846161,16.699833784714574,38.386610826466715,4.736862953800049,45.368971904578,1.054594128821286,11.6237413414396,24.7679562058087,2.5384106219610425,0.5851876320246423,11.914386057069764,-2.774762044225876,2.974086041892726,1.5307614439634412,0.4444444444444444,39,2,8,0,1,1,0,1,3,4,1,0,9,2,12,4,9,0,1,1,0,1,8.04119801261498,5,4.706280000000004,143.63149999999987,0,1,1,0,0,3,0,0,0,0,0,0,0,0,0,5,1,0,0,0,1,0,0,0,0,3,0,0,0,1,0,0,0,0,1,0,2,0,0,0,0,1,0,0,3,0,0,0,0,0,0,0,0,0,0,1,0,1,0,0,0,0,0,0,0,0,0,0,0,1,0,0,0,0,0,0,0,0,0,0,0,0,1,0,0,CHEMBL3781743,COCC(O)Cn1c(C#N)cc2cc(CN3CCC(Nc4ncnc5sc(CC(F)(F)F)cc45)CC3)ccc21,101.0,2.004321373782642,CHEMBL2093861,Menin/Histone-lysine N-methyltransferase MLL,4,Large-Polar-Aromatic-Flexible-Hydrophobic,Large-Polar-Aromatic-Flexible-Hydrophobic
12.615489712734638,12.615489712734638,0.0391806585281344,-1.5037067911131172,0.2112421467761135,52.19607843137255,718.9249999999997,656.429,718.4292128039999,288,0,0.3088676406955223,-0.4808290435630789,0.4808290435630789,0.3088676406955223,0.8627450980392157,1.5294117647058822,2.156862745098039,16.70777335366286,9.328565508201542,2.71861863064031,-2.7216799070892392,2.7586384409782543,-2.7045082202739055,5.7414982905772725,-0.3414490103452279,3.0446490265282193,1.4620685181977713,1446.6819572074403,37.689505486452965,32.068513188198224,32.068513188198224,23.57034708009937,19.169133920535874,19.169133920535874,18.857113310529773,18.857113310529773,16.18080063666047,16.18080063666047,12.59333271363113,12.59333271363113,-2.05,62645733045.60288,38.667582528016105,12.777750327086183,5.72773556666277,302.36308576288036,39.37356139456301,31.02274751550613,6.290026729335213,0.0,0.0,17.907915863855546,14.383611552215466,0.0,0.0,0.0,46.267810635356255,99.21273692946386,31.098276961100815,17.622923244893386,53.757172946778475,17.907915863855546,0.0,0.0,50.24366095486484,163.01485445937476,6.606881964512918,11.649124636903148,0.0,0.0,0.0,0.0,0.0,0.0,87.85473246355632,33.33106336741566,50.24366095486484,120.10102940354972,11.649124636903148,0.0,0.0,0.0,169.04999999999998,77.06671232787092,34.809721131578286,0.0,47.026393134113434,12.84164324585202,38.524929737556064,19.42057892945051,6.923737199690624,13.847474399381248,33.770968905596376,18.947451815200196,24.64356875235311,0.0,37.44703892099227,42.64700319610147,-1.1498061609538484,-1.5252464982712344,0.0,1.6488234430998352,17.78861834667839,0.0,0.875,51,4,11,5,1,6,0,0,0,0,16,0,10,4,11,1,6,4,1,5,0,0,9.687935594019407,6,5.170200000000004,185.7991999999995,1,3,3,0,0,0,0,0,1,1,3,2,0,0,0,0,0,0,0,0,0,0,0,0,0,0,2,0,0,0,0,0,0,0,0,0,7,0,0,0,2,4,0,0,0,0,0,0,0,0,0,0,0,0,0,0,0,0,0,0,0,0,0,0,0,0,0,0,0,0,0,0,0,0,0,0,0,0,0,0,0,0,0,0,0,CHEMBL538895,CC(=O)OC[C@]1(C)[C@@H](OC(C)=O)C[C@H](O[C@@H]2O[C@@H](C)[C@H](O)[C@@H](O)[C@H]2O)[C@]2(C)[C@H]3CC=C4[C@H]5C[C@](C)(C(=O)O)CC[C@]5(C)CC[C@@]4(C)[C@]3(C)CC[C@@H]12,8000.0,3.903089986991944,CHEMBL394,HCT-116,4,Large-Polar-Aliphatic-Flexible-Hydrophobic,Other
14.190137359971017,14.190137359971017,0.1972256854995728,-1.4982621138296714,0.1142131309067642,26.92727272727273,766.9889999999998,704.4929999999999,766.4853797039999,304,0,0.2456751960850468,-0.3701604379834824,0.3701604379834824,0.2456751960850468,0.7818181818181819,1.3818181818181818,2.036363636363636,16.175627227570416,9.99909673618896,2.4258121576273433,-2.3361811754235773,2.2282135137402963,-2.6247629692566705,5.980604142769164,-0.1439739311211867,3.851270878858503,1.5626059829961862,1506.7425809217077,39.959243911067695,32.50004222541644,32.50004222541644,26.278601885780382,19.976131415133462,19.976131415133462,15.560708172561933,15.560708172561933,10.74400097492467,10.74400097492467,7.565326119281841,7.565326119281841,-4.73,858074918859.477,43.00397653424723,20.811832029319476,12.655223320851745,324.0602426859971,47.85109743605698,29.70628856897519,5.959554568743835,35.443078376109035,0.0,0.0,34.176506710222455,0.0,0.0,0.0,62.435943456938105,70.77749887448634,32.59984724657631,6.041840829147961,28.76722310443093,41.40263294485287,5.409283605791522,36.38376248173261,11.46733495432437,139.48710651846855,26.1790256236503,35.89528683400505,0.0,0.0,38.051277974356026,0.0,0.0,0.0,113.12960742832728,35.18804472735694,5.409283605791522,102.8816069891164,30.33183534230805,0.0,0.0,0.0,244.94,65.28402804488067,28.76722310443093,0.0,24.708377543947357,64.70395536120635,44.08838122925306,23.647293861082204,0.0,30.33183534230805,26.583943020031658,16.876618560115894,0.0,0.0,85.64739959750936,21.701037577715255,11.100284836465775,-2.8011096743556365,5.020393415862583,8.581147879792338,4.500846367010323,0.0,0.6666666666666666,55,10,16,0,3,3,6,1,0,1,5,0,8,8,16,3,6,0,3,3,0,0,16.272573385882723,4,0.5265700000000078,208.1539999999995,0,0,0,0,0,0,0,0,0,0,6,6,0,0,0,2,6,2,0,0,0,0,0,0,0,0,0,6,0,0,0,0,0,0,1,0,2,0,0,0,0,0,0,1,0,0,0,0,0,0,0,0,0,0,0,0,0,0,0,0,0,0,0,0,0,0,0,0,0,0,0,0,0,0,0,0,0,0,0,0,0,0,0,0,0,CHEMBL2315087,CC1(C)NC(=O)[C@@H]2CCCN2C(=O)[C@H](Cc2ccccc2)NC(=O)[C@@H](N)CCCCCCCCNC(=O)[C@@H]2CCCN2C(=O)[C@H](CCCNC(=N)N)NC1=O,226.0,2.3541084391474008,CHEMBL1615381,Menin,4,Large-Polar-Aliphatic-Flexible-Hydrophilic,Other
12.803244420756585,12.803244420756585,0.2595584634235068,-3.523584774574976,0.3433476964360601,17.44736842105263,550.0880000000003,521.8640000000003,549.171371816,196,0,0.2062017129718413,-0.3707419868377735,0.3707419868377735,0.2062017129718413,0.9473684210526316,1.6578947368421053,2.3947368421052633,35.49569778569564,9.961220976835564,2.3034329768097668,-2.441529591549308,2.292001066088617,-2.5270335963312447,7.911261885619755,0.1736513598732022,2.921878813607698,0.9832468959586655,1522.6212487557918,26.11430892837647,20.741291885171535,22.313717412117715,18.452659509511964,12.7084504617225,14.56957818232612,9.916933128568298,12.25386448671861,7.362532799010875,9.354767685086085,5.252688511322603,6.657166845862277,-3.3399999999999994,482356657.5671997,24.96613772283777,10.43427684010988,5.158903417606678,226.37685884234028,15.116608065707286,17.298292669492362,0.0,9.837253136417502,0.0,0.0,4.983978520947208,23.36973254717056,0.0,0.0,11.600939890232516,55.30621272508328,68.15082653724673,21.50451124026489,8.417796984328938,43.84636701124967,0.0,24.83582381463931,5.917906046161393,28.67445102603553,42.94048036441968,72.53553008572784,0.0,0.0,10.216698334856808,11.50524905251859,0.0,11.600939890232516,72.01924365767908,9.837253136417502,5.917906046161393,12.84164324585202,77.1733872198706,5.153109816892792,10.902924932081056,0.0,104.21,9.837253136417502,8.417796984328938,0.0,4.895483475517775,22.00834016771992,67.97359926001454,24.52642128014937,24.65689778330084,18.19910120538483,35.05252214949611,11.600939890232516,25.60648884151317,6.086926222665026,22.14134541927241,4.920222083169306,1.8417599175321189,1.423302831525591,12.411124203379169,8.324306759903317,5.129219606725979,-3.523584774574976,0.3333333333333333,38,1,9,0,2,2,0,1,3,4,0,0,9,1,11,5,7,0,2,2,0,0,6.855357700747364,6,3.918700000000003,147.2614999999998,0,0,0,0,0,4,0,0,0,0,0,0,0,0,0,6,1,0,0,0,1,0,0,0,0,0,0,0,0,2,0,0,0,0,1,0,1,0,0,0,0,0,0,0,1,0,0,0,0,0,0,0,0,0,0,0,0,0,0,0,0,0,0,0,0,0,0,0,0,1,0,0,0,2,0,0,0,1,0,0,0,0,0,0,0,CHEMBL5194316,O=S(=O)(c1ccncc1)c1ccc(N2CC(CN3CCC(Nc4ncnc5cnc(Cl)cc45)CC3)C2)cc1,9000.0,3.9542425094393248,CHEMBL613835,MV4-11,4,Large-Polar-Aromatic-Flexible-Hydrophobic,Large-Polar-Aromatic-Flexible-Hydrophobic
12.75696400651869,12.75696400651869,0.2593978366852842,-4.2322462772368254,0.4901836616428064,15.125,461.51300000000015,439.33700000000016,461.149715984,168,0,0.3933283894807132,-0.4935489066037792,0.4935489066037792,0.3933283894807132,1.09375,1.84375,2.53125,32.13353941230099,10.208972144264663,2.29248876220793,-2.3511414127513266,2.335314654605172,-2.4671596010884564,7.182473793386546,-0.126138090578684,3.1807667984807635,1.2684986031796497,1085.6247347435356,22.55383099606141,17.307413842085335,18.12391042301306,15.409129400129356,10.315782335804968,11.132278916732696,7.587655038184392,8.702854909473642,5.27673995636136,6.3197889750378495,3.716786673082498,4.737758607730523,-2.899999999999999,20052520.850729473,22.299522520161876,9.710532606189508,5.662107219644155,187.41580954019855,9.636772684650529,22.72509110550404,0.0,0.0,0.0,6.176298517443475,4.899909730850477,9.967957041894415,18.433136697762947,11.336785877934735,0.0,36.75265696523406,37.600929223264174,30.046600606392992,17.908108096824506,27.371269289855128,5.261891554738487,14.867866772744891,0.0,19.017941763295493,44.230573724926266,47.09975410247088,0.0,11.81873314607618,9.636772684650529,18.98910792085949,5.749511833283905,11.336785877934735,60.37482928426416,6.4208216229260096,11.33111286753076,16.861420308324305,36.65915541707259,0.0,10.216620634085364,0.0,65.28,12.597120140369483,13.17124514302446,0.0,4.877147193701299,28.204816868130305,56.23090136370752,6.3273200747645415,30.33183534230805,0.0,25.836997816387644,9.998754508538536,44.00055654647685,1.0786363604636071,13.851699428680604,9.520156241685047,0.6066771192364295,1.4636358807375467,10.720613069099548,-2.863920004419066,4.70527869137277,0.0,0.4090909090909091,32,0,6,0,1,1,0,1,2,3,0,0,7,0,10,3,7,0,1,1,0,0,6.766882516702785,4,4.258880000000003,117.09600000000005,0,0,0,0,0,2,0,0,0,0,0,0,0,0,0,5,0,0,0,0,0,0,0,0,0,3,0,0,0,1,0,0,0,0,1,0,1,0,0,0,0,1,0,0,3,0,0,0,0,0,0,0,0,0,0,0,0,1,0,0,0,0,0,0,0,0,0,0,0,0,1,0,0,0,0,0,0,0,0,0,0,0,1,0,0,CHEMBL4454593,N#Cc1ccc(OCCCN2CCN(c3ncnc4sc(CC(F)(F)F)cc34)CC2)cc1,430.0,2.633468455579586,CHEMBL2093861,Menin/Histone-lysine N-methyltransferase MLL,4,Large-Polar-Aromatic-Flexible-Hydrophobic,Large-Polar-Aromatic-Flexible-Hydrophobic
12.7959214604224,12.7959214604224,0.2237784110693319,-4.229716159256718,0.3807822665977723,15.714285714285714,507.6260000000002,475.3700000000002,507.227966304,190,0,0.3933283894768193,-0.4935389625263824,0.4935389625263824,0.3933283894768193,1.1714285714285717,1.9714285714285715,2.7142857142857144,32.13353961243135,10.037216992738069,2.2900924746067974,-2.323482870639897,2.3279759203650574,-2.3837126586808903,7.18246366330992,-0.1261388073609891,3.1986364853472984,1.2801112459208888,1096.1409654654672,24.838288046437583,20.14465729696155,20.96115387788928,16.748134695380312,11.905493271403904,12.72198985233163,9.293225231693391,10.408425102982635,6.006565264460854,7.049614283137345,4.2965459862182485,5.322905410715493,-2.43,68393398.86424723,25.65660523516412,11.536645614720287,7.778968820219012,207.66791838552777,14.953561288656855,22.72509110550404,0.0,0.0,0.0,6.176298517443475,4.899909730850477,9.967957041894415,13.17124514302446,11.336785877934735,12.13273413692322,57.12036153121422,37.09801364649956,18.413927801903725,17.908108096824506,27.371269289855128,0.0,19.76777650359537,0.0,44.446182244208046,45.653283751611355,47.09975410247088,0.0,5.749511833283905,10.05365155780638,18.98910792085949,5.749511833283905,11.336785877934735,72.32241099779182,12.965578028838586,0.0,29.70306355417632,36.65915541707259,0.0,10.216620634085364,0.0,53.52,12.597120140369483,13.17124514302446,0.0,10.91898802284926,22.64136537643331,62.52778820364697,11.890771566461538,6.06636706846161,12.13273413692322,51.31264320987929,4.736862953800049,44.29219636400799,1.0785938491539704,13.899282946601636,4.122436213686027,1.2310137688636276,1.531003357056835,10.083404392036954,-0.8821432024762272,4.441884538208886,4.118994439526969,0.52,35,1,6,0,1,1,0,1,2,3,0,0,7,1,10,3,10,0,1,1,0,0,8.45689035071045,4,5.2031000000000045,134.2037,0,0,0,0,0,2,0,0,0,0,0,0,0,0,0,4,1,0,0,0,1,0,0,0,0,3,0,0,0,1,0,0,0,0,1,0,1,0,0,0,0,1,0,0,3,0,0,0,0,0,0,0,0,0,0,0,0,0,0,0,0,0,0,0,0,0,0,0,0,1,0,0,0,0,0,0,0,0,0,0,0,0,1,0,0,CHEMBL4554771,CN(C)CCCOc1cccc(CN2CCC(Nc3ncnc4sc(CC(F)(F)F)cc34)CC2)c1,7350.0,3.866287339084195,CHEMBL2093861,Menin/Histone-lysine N-methyltransferase MLL,4,Large-Polar-Aromatic-Flexible-Hydrophobic,Large-Polar-Aromatic-Flexible-Hydrophobic
11.818251724174416,11.818251724174416,0.0049088268099808,-0.6627462859087483,0.3037460229871024,21.19047619047619,566.6660000000002,532.3940000000003,566.275386948,216,0,0.4387877100645034,-0.3771081106947051,0.4387877100645034,0.3771081106947051,1.0476190476190477,1.880952380952381,2.642857142857143,16.504793066243476,9.827739987235535,2.321242180847309,-2.372363440777016,2.379426500963576,-2.4096880243273815,5.904868181201231,0.0927242287205687,3.615397588730872,1.4524800670249527,1753.1691970510876,28.63081678632152,23.862947250469556,23.862947250469556,20.53000977870159,14.692192211733325,14.692192211733325,11.605735897911712,11.605735897911712,8.52927621274764,8.52927621274764,6.2988681855286215,6.2988681855286215,-4.38,7612523547.85575,26.514543156572294,11.126850754562463,5.085895908143698,242.53454181241057,14.203872332441884,11.210628712464722,5.647177220767728,17.59714827698635,0.0,5.756062822229453,14.491051978867764,14.762494225966236,4.983978520947208,0.0,55.253879044976145,48.79446258972103,31.0466514467483,19.255604758173796,9.259957890773396,17.112217219370486,0.0,34.64365550965284,11.835812092322788,52.11735812614583,24.658430065788888,70.46939254369109,0.0,22.90618848254531,10.65597255307993,5.948339280986494,0.0,0.0,54.40217584459124,11.281619359712623,18.75954929201341,49.77576750393662,58.10952167504098,0.0,34.0700664209293,0.0,127.85,5.756062822229453,4.794537184071822,0.0,17.690649825147815,37.017531596716,35.054605434070716,31.246737983401033,0.0,25.383791411378382,61.84720221966037,24.21189345361502,13.09654028495,0.0,36.2165604351105,3.8714399717941665,5.1279436127167575,1.8664643243686765,12.510333860044046,8.432680077320887,7.044704100361637,0.0,0.4193548387096774,42,1,11,1,1,2,0,1,4,5,1,0,10,1,11,5,6,1,1,2,0,0,7.024365822109179,7,4.944220000000005,157.87869999999964,0,0,0,0,0,7,1,0,0,0,0,0,0,0,0,7,1,0,0,0,0,1,0,0,0,0,0,0,0,1,1,0,0,0,1,0,1,0,0,0,0,1,0,0,0,0,0,1,0,0,0,0,0,0,0,0,1,0,0,0,0,0,0,0,0,0,0,0,0,0,0,0,0,1,0,0,0,0,0,0,0,0,0,0,0,CHEMBL5094473,Cc1cncc(-c2nc(-c3noc(=O)[nH]3)nc3nc(N4CCOC[C@H]4c4ccccc4)n(C[C@H]4CC[C@H](C)CC4)c23)c1,3.9,0.5910646070264992,CHEMBL1907611,Tumour suppressor p53/oncoprotein Mdm2,4,Large-Polar-Aromatic-Rigid-Hydrophobic,Large-Polar-Aromatic-Rigid-Hydrophobic
14.130834750566894,14.130834750566894,0.0,-4.816076928522177,0.3239437460713507,20.837209302325583,629.0010000000001,601.7850000000001,628.1675877239999,230,0,0.4167980742778372,-0.4755442399224096,0.4755442399224096,0.4167980742778372,0.9069767441860463,1.6511627906976745,2.302325581395349,35.45300213514568,9.89513331182337,2.4987567148885863,-2.429950041206004,2.3710475873986674,-2.6156809439884934,5.9643587342954305,-0.1513327878080016,3.4663817139088295,4.2319893544011264e-06,1438.6292752151282,30.122745096813745,22.567585080491988,23.38408166141971,19.871777137568124,13.243722565386957,13.243722565386957,10.359137898080066,10.359137898080066,7.565148677042102,7.565148677042102,5.508500979410565,5.508500979410565,-3.8699999999999983,2211319701.864807,32.05239898781755,12.392375012579814,6.868113469647497,248.82003511372343,14.536682415501003,5.749511833283905,0.0,5.601050810983688,11.814359458703011,12.35259703488695,19.557031410038057,0.0,26.34249028604892,12.407033161179976,6.06636706846161,61.7270343480093,49.83663397358681,23.235110881003564,40.66842760799261,24.221392619882987,0.0,19.76777650359537,0.0,43.13401876081006,26.1790256236503,89.50574973247157,0.0,5.749511833283905,4.736862953800049,26.34249028604892,5.749511833283905,12.407033161179976,63.36221239693237,17.147134218958772,0.0,52.35919056895069,67.12146726253211,0.0,0.0,0.0,75.63000000000001,53.00311818557721,35.93156465419256,0.0,43.46085069238987,25.57670150321277,47.25299314277153,0.0,17.163120370925164,12.13273413692322,9.967957041894415,4.736862953800049,86.58339847942084,0.0,38.27533349105504,0.0,-3.689580148569854,-1.5791890467670588,9.962732112527783,-5.085762192010428,0.2830673043436851,0.0,0.3793103448275862,43,0,7,0,2,2,2,1,2,3,2,0,5,0,14,4,5,0,2,2,0,2,9.237333681624852,5,6.005900000000005,144.6024999999998,0,0,0,0,0,2,0,0,0,0,2,2,0,0,0,4,0,0,0,0,2,0,0,0,0,6,0,2,0,0,0,0,0,0,1,0,0,0,0,0,0,1,0,0,7,0,0,0,0,0,0,0,0,0,0,0,0,0,0,0,0,0,0,0,0,0,0,0,0,1,0,0,0,2,0,0,0,0,0,0,0,0,0,0,0,CHEMBL3112798,Cl.O=C(c1cnccc1C(F)(F)F)N1CCCC(Oc2ccc(C(F)(F)F)cc2)(C(=O)N2CCC(c3ccccn3)C2)C1,3700.0,3.568201724066995,CHEMBL1907611,Tumour suppressor p53/oncoprotein Mdm2,4,Large-Polar-Aromatic-Rigid-Hydrophobic,Large-Polar-Aromatic-Rigid-Hydrophobic
11.91308229251914,11.91308229251914,0.1974249460522905,-1.1448652916681417,0.3906999520330123,21.47222222222222,490.6520000000004,452.3480000000003,490.305624456,192,0,0.3735885935987529,-0.4753358811482063,0.4753358811482063,0.3735885935987529,1.1111111111111112,1.8611111111111112,2.5,16.367353705075903,9.802549797890403,2.287298453040813,-2.321783718766447,2.3580359558438957,-2.3134932634108467,5.916487288511042,0.0683731660369687,3.175827082247486,1.6540380670447232,1240.3109112149605,25.396612267639515,21.867186266472995,21.867186266472995,17.295734091081684,13.541800228141996,13.541800228141996,11.29821160202029,11.29821160202029,8.27157793354339,8.27157793354339,5.577167757677775,5.577167757677775,-3.03,115744859.99221732,24.65501769376496,10.147839110416257,4.949253165852174,212.5307994766202,14.990415646638391,11.210628712464722,17.289444496602684,5.824404497999927,0.0,5.969305287951848,4.983978520947208,19.746472746913444,0.0,0.0,40.0336764678499,73.97483350466047,18.783440806673617,0.0,9.901064578912528,22.951046004170863,0.0,24.503013731580182,17.75371813848418,91.1452034404665,5.316788604006331,29.717433698233226,0.0,11.518332492848389,5.316788604006331,5.817862777835028,0.0,0.0,41.6206872435207,6.544756405912575,17.75371813848418,94.74099937917472,18.329577708536295,0.0,22.682210431232377,0.0,105.82,5.969305287951848,9.901064578912528,0.0,11.866245327147888,29.218758137086937,29.497695662538614,50.50920285217907,0.0,12.263210640074686,58.5971396818634,4.983978520947208,2.21218608276644,0.0,30.37409534685831,13.31167236927966,3.1905433253548336,2.1741236297062057,4.336568183094434,10.271172251313292,9.629638811626824,0.0,0.6071428571428571,36,2,8,2,0,2,0,0,3,3,1,0,7,2,8,3,8,2,0,2,0,0,6.9498653561331345,5,6.136700000000006,141.1499999999999,0,0,0,0,1,5,0,0,1,1,1,0,0,0,0,5,1,0,0,0,0,0,0,0,0,0,0,0,0,1,0,0,0,0,0,0,1,0,0,0,0,0,0,0,0,0,0,1,0,0,0,0,0,0,0,0,0,0,0,0,0,0,0,0,0,0,0,0,0,0,0,0,0,1,0,0,0,0,0,0,0,0,0,0,0,CHEMBL5090236,CC(C)c1ccnc(-c2nc3nc(C(=O)O)nc(N[C@H](C)C4CCC4)c3n2C[C@H]2CC[C@@H](C)CC2)c1,348.0,2.5415792439465807,CHEMBL1907611,Tumour suppressor p53/oncoprotein Mdm2,4,Large-Polar-Aromatic-Flexible-Hydrophobic,Large-Polar-Aromatic-Flexible-Hydrophobic
14.179852574760634,14.179852574760634,0.2111574991484244,-1.0094935863109014,0.1094718366955068,27.30909090909091,766.9889999999998,704.4929999999999,766.4853797039999,304,0,0.2456751949765441,-0.3701604379834824,0.3701604379834824,0.2456751949765441,0.7272727272727273,1.309090909090909,1.9636363636363636,16.175134262944272,10.018354938257318,2.406271828733287,-2.3118321029905853,2.2211023503340455,-2.589797661307126,5.967745133849825,-0.1428858290444433,3.873497747171015,1.555373411152895,1477.859572091871,39.743700961443864,32.28449927579262,32.28449927579262,26.493310056039903,20.1688367559735,20.1688367559735,14.951006512963671,14.951006512963671,10.793038322970324,10.793038322970324,7.671821928631338,7.671821928631338,-4.73,1091919195587.514,43.00397653424723,21.97966406761968,12.93101828019932,324.0602426859971,47.85109743605698,30.209204145739804,5.959554568743835,35.443078376109035,0.0,0.0,34.176506710222455,0.0,0.0,0.0,69.35968065662874,63.3508460980311,32.59984724657631,6.041840829147961,28.76722310443093,41.40263294485287,5.409283605791522,36.38376248173261,11.46733495432437,139.48710651846855,26.1790256236503,35.89528683400505,0.0,0.0,38.051277974356026,0.0,0.0,0.0,113.63252300509193,35.18804472735694,5.409283605791522,102.37869141235178,30.33183534230805,0.0,0.0,0.0,244.94,59.87976389229378,28.76722310443093,0.0,37.036378896224875,64.70395536120635,44.08838122925306,4.899909730850477,11.823646930541102,30.33183534230805,26.583943020031658,16.876618560115894,0.0,0.0,85.49469669516945,21.7320330862518,12.60448446507426,-2.683445198588031,4.092099143233237,8.87999406968102,3.213471072511587,0.0,0.6666666666666666,55,10,16,0,3,3,6,1,0,1,6,0,8,8,16,3,7,0,3,3,0,0,17.18569014171916,4,0.5265700000000078,208.1539999999995,0,0,0,0,0,0,0,0,0,0,6,6,0,0,0,2,6,2,0,0,0,0,0,0,0,0,0,6,0,0,0,0,0,0,1,0,2,0,0,0,0,0,0,1,0,0,0,0,0,0,0,0,0,0,0,0,0,0,0,0,0,0,0,0,0,0,0,0,0,0,0,0,0,0,0,0,0,0,0,0,0,0,0,0,0,CHEMBL2315088,CC[C@@H]1NC(=O)[C@@H]2CCCN2C(=O)[C@H](Cc2ccccc2)NC(=O)[C@@H](N)CCCCCCCCNC(=O)[C@@H]2CCCN2C(=O)[C@H](CCCNC(=N)N)NC1=O,10700.0,4.02938377768521,CHEMBL1615381,Menin,4,Large-Polar-Aliphatic-Flexible-Hydrophilic,Other
13.48454145768384,13.48454145768384,0.1967396934644263,-4.251156316966513,0.5236788121791778,21.96875,468.4950000000002,447.32700000000017,468.140708772,170,0,0.3933283894807132,-0.3558603885470158,0.3933283894807132,0.3558603885470158,1.0625,1.84375,2.5625,32.13353946739545,10.038751323670672,2.3998711243976354,-2.3329890961623176,2.4186159252460184,-2.4347050959368963,7.182474158686942,-0.1261385605954722,3.3755649811316264,1.198357958238908,1123.1969331390007,22.457454678884098,17.00115428264617,17.817650863573895,15.264971447785928,10.527675998826853,11.344172579754575,8.470993282561462,9.58619315385071,6.140611284748484,7.183660303424975,4.480951700739875,5.501923635387903,-2.33,24311534.613885973,21.512292754083667,8.221841271045813,4.563742770081982,185.0249527949509,10.216698334856808,16.975579272220138,11.634441682091788,0.0,0.0,6.176298517443475,0.0,18.748787137244054,13.17124514302446,11.336785877934735,6.06636706846161,43.025017565859855,35.968247709983764,11.807045837390806,21.9520752383741,27.371269289855128,0.0,15.284745645900744,0.0,49.86117271360483,17.989422542675626,52.66782871610106,0.0,0.0,10.216698334856808,27.76993801620913,0.0,11.336785877934735,41.31745002945896,6.4208216229260096,11.634441682091788,35.620969600337716,30.59278834861098,0.0,10.216620634085364,0.0,41.05,24.231561822461273,21.9520752383741,0.0,16.836894069010654,22.076324241068352,49.25221505023491,18.46005421168776,12.13273413692322,0.0,20.184655376751223,0.0,64.93722363973991,1.0592219469224666,11.422030599075775,4.286071970912131,0.814196789515846,-0.7663019546109947,6.200263008599469,-1.1685668571874488,1.4658608570328449,0.0,0.4545454545454545,32,1,4,1,1,2,0,1,2,3,2,0,5,1,10,3,5,1,1,2,0,0,5.527208012510778,5,5.188800000000004,113.04870000000004,0,0,0,0,0,2,0,0,0,0,0,0,0,0,0,3,1,0,0,0,0,0,0,0,0,3,0,0,0,1,0,0,0,0,1,0,1,0,0,0,0,0,0,0,5,0,0,0,0,0,0,0,0,0,0,0,0,0,0,0,0,0,0,0,0,0,0,0,0,1,0,0,0,0,0,0,0,0,0,0,0,0,1,0,0,CHEMBL4440500,Fc1ccc([C@@H]2C[C@H]2NC2CCN(c3ncnc4sc(CC(F)(F)F)cc34)CC2)cc1F,240.5,2.3811150807098507,CHEMBL6136,Lysine-specific histone demethylase 1,4,Large-Nonpolar-Aromatic-Rigid-Hydrophobic,Large-Nonpolar-Aromatic-Rigid-Hydrophobic
11.783596076791492,11.783596076791492,0.0198059461515447,-0.651182499900518,0.3046907637632927,21.390243902439025,551.6510000000001,518.3870000000003,551.264487916,210,0,0.4387877100644629,-0.3771081106947051,0.4387877100644629,0.3771081106947051,0.951219512195122,1.7073170731707317,2.4390243902439024,16.504788733076783,9.827732943257123,2.3201475785649666,-2.372373515814554,2.3787072299377763,-2.409684650564055,5.905244413379012,0.0927242582534047,3.619789839013576,1.4409828146980916,1687.54047886554,27.76057329831844,23.070434193348856,23.070434193348856,20.13616292858424,14.431777496382708,14.431777496382708,11.220794909033826,11.220794909033826,8.428100699173156,8.428100699173156,6.210433942530469,6.210433942530469,-4.3100000000000005,5458465620.655405,25.64416119116604,10.92845096486518,5.035707799095063,236.9499517170674,14.20387233244188,11.210628712464722,5.647177220767728,17.597148276986346,0.0,5.756062822229453,9.507073457920557,14.762494225966236,4.983978520947208,0.0,85.5857143872842,30.2409068298718,18.652964303522147,19.255604758173796,9.259957890773396,17.112217219370486,0.0,29.65967698870563,11.835812092322788,45.1936209264552,24.658430065788888,76.77772218261438,0.0,22.90618848254531,10.65597255307993,5.948339280986494,0.0,0.0,49.41819732364404,11.281619359712623,11.835812092322788,44.212316012239626,69.98130280566127,0.0,34.0700664209293,0.0,114.96,5.756062822229453,4.794537184071822,0.0,17.690649825147815,31.323603601867532,35.18508193722218,31.246737983401033,0.0,36.39820241076966,50.796856630251554,24.21189345361502,13.103382231350029,0.0,31.72441268129597,3.8695109594484873,4.3341371682970715,1.9697632918487409,20.553298416663523,4.848867750061141,5.096627501035037,0.0,0.3870967741935484,41,1,10,1,1,2,0,2,3,5,1,0,9,1,10,4,6,1,1,2,0,0,6.83538922226236,7,5.240800000000005,155.34669999999971,0,0,0,0,0,6,1,0,0,0,0,0,0,0,0,6,1,0,0,0,0,1,0,0,0,0,0,0,0,1,0,0,0,0,2,0,1,0,0,0,0,1,0,0,0,0,0,1,0,0,0,0,0,0,0,0,1,0,0,0,0,0,0,0,0,0,0,0,0,0,0,0,0,0,0,0,0,0,0,0,0,0,0,0,0,CHEMBL5090666,C[C@H]1CC[C@H](Cn2c(N3CCOC[C@H]3c3ccccc3)nc3nc(-c4noc(=O)[nH]4)nc(-c4ccccc4)c32)CC1,10.0,1.0,CHEMBL1907611,Tumour suppressor p53/oncoprotein Mdm2,4,Large-Polar-Aromatic-Rigid-Hydrophobic,Large-Polar-Aromatic-Rigid-Hydrophobic
13.45313267693783,13.45313267693783,0.0031635802469136,-4.146381547086778,0.4060843914528847,17.853658536585368,579.6710000000003,546.4070000000003,579.1926880159999,216,0,0.3388422788830655,-0.4899146378264417,0.4899146378264417,0.3388422788830655,0.926829268292683,1.5365853658536586,2.097560975609756,32.239979318435815,9.705983072726651,2.4313897459262668,-2.4353907473630465,2.498267208045811,-2.394806277230032,7.867275913733429,-0.1367485071495938,2.9267830371535126,1.6053695942285957,1525.466952753231,29.310825830012607,23.14317669890676,23.959673279834487,19.601392633077904,13.900768379949035,15.309016670412902,10.492282033809287,12.038601511730842,7.74580796815284,8.994298239337931,5.939787896390469,6.879505797911657,-3.919999999999999,1209663499.1192443,28.603021553403764,11.5207905662132,5.655372092701869,239.12582441352947,18.92638551214094,4.895483475517775,23.06551355929769,0.0,0.0,16.087432146985403,14.383611552215466,0.0,8.417796984328938,0.0,23.762552697081823,69.35968065662873,47.84459338417619,13.027703587438928,36.82788431783486,27.653922039715283,0.0,4.899909730850477,0.0,69.60661528154249,13.151638370425491,76.13176014887547,0.0,11.49902366656781,8.919948386449757,0.0,11.49902366656781,0.0,49.11166766112734,24.501738411249026,6.923737199690624,68.9142975897281,69.90034064099925,0.0,0.0,0.0,127.28,22.0053381931468,27.907935931385108,0.0,47.53345702816696,55.23459028939159,16.957530117808663,18.19910120538483,31.18920547353706,11.823646930541102,0.0,8.919948386449757,37.388012110176234,0.0,40.266199978827714,9.38147794161117,4.117164596488686,-1.542996086787641,11.15689226803066,3.084002140582126,4.045628598157835,-4.146381547086778,0.3870967741935484,41,1,9,2,1,3,0,2,0,2,0,0,8,1,10,1,9,0,0,0,0,0,8.03730294823529,5,5.049520000000005,150.07159999999973,1,0,0,0,0,0,0,0,1,1,3,2,0,0,0,1,0,0,0,0,0,0,0,0,0,0,4,0,0,0,1,0,0,0,2,0,0,0,0,0,0,1,0,0,0,0,0,0,0,0,0,2,2,0,0,0,0,0,0,0,0,0,0,0,0,0,0,0,0,0,0,0,0,0,0,0,0,0,0,0,0,0,0,0,0,CHEMBL1299795,CCOc1cc(C2C3=C(CCCC3=O)N(CCC(=O)O)C3=C2C(=O)CCC3)ccc1OS(=O)(=O)c1ccc(C)cc1,629.0,2.798650645445269,CHEMBL2093862,Runt-related transcription factor 1/Core-binding factor subunit beta,4,Large-Polar-Aromatic-Flexible-Hydrophobic,Large-Polar-Aromatic-Flexible-Hydrophobic
11.739327943483648,11.739327943483648,0.0851780377788977,-0.634833504297305,0.2783888294614207,21.57894736842105,537.0640000000002,503.8000000000003,536.230266596,200,0,0.4387414007667589,-0.3702820873433428,0.4387414007667589,0.3702820873433428,1.131578947368421,1.894736842105263,2.5526315789473686,35.495692330029655,9.79250885496889,2.3871519742564447,-2.3337247270754595,2.468161444019858,-2.2488720153854085,6.303055550523004,0.0355339135818441,3.5442812980650342,1.6109328578234554,1498.019054462522,26.38817609920224,21.984677212913063,22.74060615893152,18.42305529101951,13.642716032464534,14.020680505473765,10.873240053925048,11.309675834397034,8.157452748407168,8.364151700820019,5.935595087867209,6.10948725624298,-3.0399999999999996,696746754.7130363,25.24967706445184,10.261688784295156,4.775907255003121,225.53111641087153,9.303962601591405,17.62229888059669,0.0,5.824404497999927,0.0,5.756062822229453,14.491051978867764,14.762494225966236,0.0,0.0,36.5229835929006,69.41721316649269,30.605861428584028,21.74996274382231,9.259957890773396,22.634341325465037,0.0,29.65967698870563,17.75371813848418,71.4419485535242,6.606881964512918,45.9240590981919,0.0,22.775711979393844,5.756062822229453,0.0,0.0,11.600939890232516,36.26655895321855,4.736862953800049,17.75371813848418,77.26635305152413,33.84405340119454,5.022633313741326,33.80911341462637,0.0,111.72,5.756062822229453,4.794537184071822,0.0,17.97021171489619,34.85318336027395,41.180806716942854,25.68328649170404,12.393687143226153,19.056471336613843,33.53919434619246,30.828854822900325,13.5102732491441,6.382952924738407,28.90060729362661,4.403386657863374,3.622501908298266,2.313199171181373,3.932211697950785,10.395485059591657,7.317159815383201,0.0,0.5357142857142857,38,1,9,2,0,2,0,0,4,4,2,0,8,1,10,4,8,2,0,2,0,0,6.818534945772635,6,6.364900000000006,144.81069999999983,0,0,0,0,0,6,1,0,0,0,0,0,0,0,0,5,1,0,0,0,0,1,0,0,0,0,0,0,0,0,0,0,0,0,0,0,1,0,0,0,0,1,0,0,1,0,0,1,0,0,0,0,0,0,0,0,0,0,0,0,0,0,0,0,0,0,0,0,0,0,0,0,0,2,0,0,0,0,0,0,0,0,0,0,0,CHEMBL5089893,CCO[C@@H](c1nc2cc(-c3noc(=O)[nH]3)nc(-c3cncc(Cl)c3)c2n1[C@H](C)[C@H]1CC[C@H](C)CC1)C1CC1,0.35,-0.4559319556497244,CHEMBL1907611,Tumour suppressor p53/oncoprotein Mdm2,4,Large-Polar-Aromatic-Flexible-Hydrophobic,Large-Polar-Aromatic-Flexible-Hydrophobic
14.784063499121514,14.784063499121514,0.0069701289955166,-4.871223223662264,0.2593216886825252,19.84313725490196,741.7549999999998,704.4589999999997,741.2419596039999,276,0,0.425230616209443,-0.4816060348885176,0.4816060348885176,0.425230616209443,1.0196078431372548,1.7450980392156863,2.392156862745098,32.13347772108732,9.792859161646202,2.5577821326036716,-2.504854480258176,2.427418243462978,-2.6886077019589867,7.099053980095691,-0.1592972903221916,3.5964684626977617,1.479807537229712,1710.6579118511245,36.97611624794226,27.8507014666001,28.66719804752783,24.18987425119064,16.328891986145933,17.208544797400826,12.170385914935627,13.081616841354103,8.968756509679233,9.922155497056492,6.575962822562473,7.253063484634854,-4.539999999999999,138190343038.9499,37.70887499530676,15.370916408381907,8.178999323645922,293.8620730203807,29.490243704157862,16.37617086026911,6.606881964512918,5.601050810983688,17.721539188054518,12.35259703488695,19.36759007316267,0.0,26.34249028604892,11.336785877934735,25.477292959539852,31.040744451236847,70.03239261731974,22.856130087225512,50.19982774586448,34.74571134067281,0.0,20.100586586654497,0.0,56.602512366413265,51.27824570760345,70.17600250155702,0.0,11.49902366656781,19.690424242456903,32.02987656073248,11.49902366656781,11.336785877934735,90.52656478758732,21.941671403030593,0.0,53.405611052561774,54.17195232446173,0.0,0.0,0.0,104.31,51.813898310816896,40.726101838264384,0.0,57.160307613664074,48.35038548911497,23.84011698215368,16.847491444378143,25.122838405075452,10.966276799312087,10.300767124953538,9.473725907600098,94.89624186527818,0.3883614500674008,48.035700580439595,3.625062779857537,-3.113074120473302,-1.6784193515545884,7.449023089587917,-7.154865147512117,2.479468286710955,1.4891672342650684,0.4705882352941176,51,1,10,0,2,2,3,1,2,3,2,0,8,1,17,4,10,0,2,2,0,0,11.365097360921236,5,5.8768000000000065,175.68219999999954,0,0,0,0,0,1,0,0,0,0,3,3,0,0,0,4,1,0,0,1,1,0,0,0,0,6,0,3,0,1,0,0,0,0,1,0,0,0,0,0,0,2,0,0,6,0,0,0,0,0,0,0,0,0,0,0,0,0,0,0,0,0,0,0,2,0,0,0,0,1,1,0,0,1,0,0,0,0,0,0,0,0,1,0,0,CHEMBL4299668,CCC[C@@H]1N(C(=O)c2cnccc2C(F)(F)F)CCC[C@]1(Oc1csc(C(F)(F)F)c1)C(=O)N1CCN(c2ccccc2OCC(=O)NC)CC1,4.0,0.6020599913279624,CHEMBL1907611,Tumour suppressor p53/oncoprotein Mdm2,4,Large-Polar-Aromatic-Flexible-Hydrophobic,Large-Polar-Aromatic-Flexible-Hydrophobic
12.860838348047022,12.860838348047022,0.2380097316704459,-4.213475223378849,0.5862397178261864,23.125,462.5450000000002,437.34500000000014,462.18135046,170,0,0.3933283894807132,-0.3552973188597043,0.3933283894807132,0.3552973188597043,1.21875,2.0625,2.875,32.13353942324781,9.759327488364551,2.5032009518593052,-2.5192725325042074,2.4736480780833316,-2.5828080700306093,7.18247672195885,-0.1261378331441826,3.3921679352563796,1.1819844098306775,1162.3277472819586,22.08721119088102,17.898785389928726,18.715281970856452,15.285338160041666,11.102364972529603,11.918861553457331,9.610138843420804,10.725338714710048,7.177450804568121,8.22049982324461,5.862498202880336,6.883470137528364,-2.2000000000000006,24100172.705555107,20.409988109393584,7.148479593016535,3.4751693457995985,187.60008212231529,4.899909730850477,16.975579272220138,0.0,0.0,0.0,6.176298517443475,9.58171266599566,9.967957041894415,18.269926951325495,11.336785877934735,0.0,31.749653560165648,61.32097116188359,17.500973832239268,13.17124514302446,27.371269289855128,0.0,24.648351516191113,12.462662452073968,44.32224746122149,31.07893535450078,34.72505739508598,0.0,0.0,4.899909730850477,18.98910792085949,0.0,11.336785877934735,57.00367565728488,19.88931522852921,5.414990469396779,41.43883237817274,18.59053071483923,0.0,10.216620634085364,0.0,50.080000000000005,12.597120140369483,13.17124514302446,0.0,5.414990469396779,15.749384442469829,61.561541739736874,30.426342807162015,6.06636706846161,11.729474917822373,31.063301883509485,0.0,40.51713930474945,1.1174636754041376,14.477650406650746,5.381669286601005,2.8673376947278397,0.7798254627200336,2.089838246808568,3.05269021245089,3.888165054091732,1.99488732246227,0.5909090909090909,32,0,6,1,2,3,0,0,3,3,1,0,7,0,10,5,3,0,2,2,1,1,4.559386984178443,6,4.1193000000000035,116.89700000000006,0,0,0,0,0,4,0,0,0,0,0,0,0,0,0,6,0,0,0,0,1,0,0,0,0,3,0,0,0,1,2,0,0,0,0,0,2,0,0,0,0,0,0,0,3,0,0,0,0,0,0,0,0,0,0,0,0,0,0,0,0,0,0,0,0,0,0,0,0,0,0,0,0,0,0,0,0,0,0,0,0,0,1,0,0,CHEMBL4212728,Cn1cc2c(n1)CCCC2N1CC2(CCN(c3ncnc4sc(CC(F)(F)F)cc34)C2)C1,120.0,2.0791812460476247,CHEMBL2093861,Menin/Histone-lysine N-methyltransferase MLL,4,Large-Polar-Aromatic-Flexible-Hydrophobic,Large-Polar-Aromatic-Flexible-Hydrophobic
13.388628966648897,13.388628966648897,0.1902777025130022,-5.083333333333334,0.1052340739394826,21.3125,686.7330000000005,641.3730000000005,686.3363304400001,268,0,0.4902403183070029,-0.4745811720256028,0.4902403183070029,0.4745811720256028,0.9791666666666666,1.5625,2.1041666666666665,19.413514106145815,10.028358489319467,2.380194494300074,-2.268993733148721,2.149255850111879,-2.57222160029294,5.9548651785996,-0.1924677561273703,3.0165249793108675,1.4751214203684884e-06,1264.6402059958382,36.44058234200953,27.03830396788909,27.03830396788909,22.470359233825196,15.395067433865252,15.395067433865252,11.171157425896023,11.171157425896023,6.959589079062008,6.959589079062008,4.278592103028066,4.278592103028066,-4.9,7135729817.384997,41.1232018561485,20.36060965240022,15.126123715728935,275.7744012241786,42.74092649604088,24.16736331659184,5.959554568743835,29.535898646757527,0.0,12.145603805395323,29.381969526150627,4.794537184071822,13.17124514302446,0.0,51.10304694137992,44.08838122925306,19.007418857986544,0.0,47.0449956422961,41.46475850345321,5.409283605791522,31.900731624037984,11.651573523323576,89.63980317066324,13.08951281182515,35.89528683400505,0.0,0.0,37.634399101200174,13.17124514302446,0.0,0.0,83.96261971500643,28.76722310443093,11.327189651952915,70.9014336574729,30.33183534230805,0.0,0.0,0.0,244.69999999999996,59.94168603939319,37.14393106338357,0.0,30.62628359010875,44.336250795226185,0.0,0.0,45.03667987291831,6.06636706846161,31.900731624037984,21.044015661866233,31.73611111111111,0.0,74.44498352253159,30.94140544773759,5.9392160833676515,-5.647380597900578,4.992179503079491,-2.926272943977219,5.769757874050352,0.0,0.5666666666666667,48,10,15,0,1,1,5,1,0,1,4,0,7,9,18,1,8,0,1,1,0,0,17.443613763539577,2,0.5609700000000084,167.94909999999976,1,0,0,0,0,0,0,0,1,1,6,5,0,0,0,0,7,1,0,0,0,0,0,0,0,3,0,5,0,0,0,0,0,0,1,0,0,0,0,0,0,0,0,1,3,0,0,0,0,0,0,0,0,0,0,0,0,0,0,0,0,0,0,0,0,0,0,0,0,0,0,0,0,0,0,0,0,0,0,0,0,0,0,0,0,CHEMBL4102168,CC[C@@H]1NC(=O)[C@H](CCCNC(=N)N)NC(=O)[C@H](NC(=O)C(C)C)CCCCNC(=O)[C@@H](c2ccccc2)NC1=O.O=C(O)C(F)(F)F,298.0,2.4742162640762553,CHEMBL612545,Unchecked,4,Large-Polar-Aliphatic-Flexible-Hydrophilic,Other
14.35457139743312,14.35457139743312,0.0,-4.832867699367393,0.199510537391948,18.46938775510204,717.1070000000001,681.8270000000002,716.2200172199999,266,0,0.4167980742778372,-0.4890140962002148,0.4890140962002148,0.4167980742778372,0.8571428571428571,1.5510204081632653,2.204081632653061,35.45300243790258,9.892289675991488,2.4923339717365973,-2.454613857653755,2.3662129117128465,-2.639518071693014,5.964547356499503,-0.1527300922177022,3.0742906369000274,5.407981858996811e-06,1584.7296708689928,34.52852249074956,26.42805173578973,27.244548316717456,22.820465542551865,15.241205331631164,15.241205331631164,11.45600275000073,11.45600275000073,8.3014867018894,8.3014867018894,5.93076082113545,5.93076082113545,-4.239999999999999,31128767915.946476,37.57647769837462,15.537739871167236,8.68086687090123,284.6821376051839,28.91031805395158,18.105905631080727,0.0,5.601050810983688,11.814359458703011,12.35259703488695,14.573052889090851,0.0,26.34249028604892,12.407033161179976,12.13273413692322,55.30621272508329,52.22726671406656,35.52937912020004,50.14215351559272,29.908778894566552,0.0,14.783797982648162,0.0,30.795291091722657,64.49200963662929,83.68134523447164,0.0,11.49902366656781,14.373635638450576,32.02987656073248,11.49902366656781,12.407033161179976,91.79130815811368,21.883997172758814,0.0,34.326534905014825,66.99099075938065,0.0,0.0,0.0,84.44000000000001,53.00311818557721,35.93156465419256,0.0,50.63245745805362,38.1191556425965,47.246451422606626,0.0,12.009707272128011,29.16537800469692,4.983978520947208,14.210588861400147,98.20467976931532,0.0,36.316027384008024,0.0,-3.7279591756605415,-0.9167569532049492,11.92851626339575,-7.413861298262783,1.6236043321821263,1.5690830115603744,0.4242424242424242,49,0,9,0,2,2,2,2,1,3,1,0,7,0,16,3,9,0,2,2,0,0,11.91537828065432,5,5.968800000000008,169.0334999999996,0,0,0,0,0,1,0,0,0,0,2,2,0,0,0,4,0,0,0,0,1,0,0,0,0,6,0,2,0,1,0,0,0,0,2,0,0,0,0,0,0,3,0,0,7,0,0,0,0,0,0,0,0,0,0,1,0,0,0,0,0,0,0,0,2,0,0,0,0,1,1,0,0,1,0,0,0,0,0,0,0,0,0,0,0,CHEMBL3288447,COCCOc1ccccc1N1CCN(C(=O)[C@]2(Oc3ccc(C(F)(F)F)cc3)CCCN(C(=O)c3cnccc3C(F)(F)F)C2)CC1.Cl,169.0,2.2278867046136734,CHEMBL5023,p53-binding protein Mdm-2,4,Large-Polar-Aromatic-Flexible-Hydrophobic,Large-Polar-Aromatic-Flexible-Hydrophobic
13.097172731806149,13.097172731806149,0.0925613272879548,-1.461537426453673,0.2363488877698164,53.93877551020408,690.9149999999998,628.4190000000001,690.4342981839999,278,0,0.3110292689802378,-0.4685948982634008,0.4685948982634008,0.3110292689802378,0.9183673469387756,1.5918367346938775,2.2448979591836733,16.707218158742982,9.328712188719653,2.713269597073434,-2.7212538832628015,2.757332869453227,-2.7013872114257125,5.762091074869971,-0.3411893280345153,3.0455128731796735,1.425948018276031,1350.5420528320876,36.11215521726334,31.16026489773436,31.16026489773436,22.71450503244281,18.672147897369474,18.672147897369474,18.46126544976773,18.46126544976773,16.069336351817352,16.069336351817352,12.467251381237752,12.467251381237752,-1.5600000000000005,28965343946.45337,37.20520796569076,12.259461346284487,5.308663660621111,291.8366215484401,39.37356139456301,18.31189916324491,6.290026729335213,0.0,0.0,11.938610575903695,9.589074368143644,0.0,0.0,0.0,46.267810635356255,99.21273692946384,24.17453976141019,37.44356913843213,48.962635762706654,11.938610575903695,0.0,0.0,50.24366095486484,156.09111725968413,13.716679505790452,11.649124636903148,0.0,0.0,0.0,0.0,0.0,0.0,88.995224716882,28.53652618334384,50.24366095486484,113.17729220385908,11.649124636903148,0.0,0.0,0.0,151.98000000000002,59.15879646401536,30.015183947506465,0.0,58.965003710017136,0.0,51.36657298340809,19.606639271037423,6.923737199690624,6.923737199690624,40.694706105287,18.947451815200196,23.70818907260321,0.0,25.196821456794847,43.96555362984345,-0.527054769769502,-0.2287482378553993,0.0,2.4341109470423925,16.791709276357736,1.4927519583165902,0.8974358974358975,49,4,10,5,1,6,0,0,0,0,16,0,10,4,10,1,5,4,1,5,0,0,9.308485896650236,6,4.687800000000004,180.63219999999953,0,4,4,0,0,0,0,0,0,0,2,2,0,0,0,0,0,0,0,0,0,0,0,0,0,0,2,0,0,0,0,0,0,0,0,0,7,0,0,0,2,4,0,0,0,0,0,0,0,0,0,0,0,0,0,1,0,0,0,0,0,0,0,0,0,0,0,0,0,0,0,0,0,0,0,0,0,0,0,0,0,0,0,0,0,CHEMBL542004,COC(=O)[C@]1(C)CC[C@]2(C)CC[C@]3(C)C(=CC[C@@H]4[C@@]5(C)[C@@H](O[C@@H]6O[C@@H](C)[C@H](O)[C@@H](O)[C@H]6O)C[C@H](O)[C@@](C)(COC(C)=O)[C@@H]5CC[C@]43C)[C@H]2C1,400.0,2.6020599913279625,CHEMBL394,HCT-116,4,Large-Polar-Aliphatic-Flexible-Hydrophobic,Other
14.728270234230056,14.728270234230056,0.0083320885979685,-4.884124515622207,0.2530631254077181,20.3265306122449,714.7289999999998,678.4409999999999,714.2310605719999,266,0,0.425230616209443,-0.4890241713984007,0.4890241713984007,0.425230616209443,1.020408163265306,1.7551020408163265,2.4081632653061225,32.13347758450633,9.793953598037495,2.5590104290189215,-2.5039078040952223,2.426354341590515,-2.6889394951689054,7.099048586374675,-0.1593096475606524,3.5646695175804632,1.4983732770196758,1610.3201958945406,35.398765978752635,26.59677355282274,27.41327013375047,23.296027401073285,15.847508323078909,16.7271611343338,11.75891350979518,12.670144436213658,8.638810784334126,9.592209771711383,6.48980704342325,7.166907705495631,-4.049999999999999,57398413259.29501,36.236151155887526,14.825483270177344,7.742072124106076,282.5799803745283,29.27998249499224,28.67698081963049,0.0,5.601050810983688,11.814359458703011,12.35259703488695,14.57305288909085,0.0,26.34249028604892,11.336785877934735,25.477292959539852,37.10711151969846,56.78787706302948,23.899560560041436,50.511817956633365,28.838531611321308,0.0,14.783797982648164,0.0,56.602512366413265,50.83745568943918,70.17600250155702,0.0,11.49902366656781,14.373635638450576,32.02987656073248,11.49902366656781,11.336785877934735,89.28512243491225,17.147134218958772,0.0,53.536087555713245,54.04147582131026,0.0,0.0,0.0,95.44,51.944374813968366,41.03809204903327,0.0,57.86000984882549,36.5966321459698,35.46339382214738,9.799819461700954,19.056471336613843,17.032643867773697,4.983978520947208,9.473725907600098,94.63242447891996,0.3944537715534684,36.19454491869229,10.360539078008154,-3.2060562618763133,-1.280617804409949,8.727462085044642,-7.810693232322639,2.7379429663903876,0.0,0.4848484848484848,49,1,9,0,2,2,2,1,2,3,2,0,8,1,16,4,10,0,2,2,0,0,10.963641892596488,5,6.123100000000008,168.70129999999958,0,1,1,0,0,1,0,0,0,0,2,2,0,0,0,4,0,0,0,0,1,0,0,0,0,6,0,2,0,1,0,0,0,0,1,0,0,0,0,0,0,2,0,0,6,0,0,0,0,0,0,0,0,0,0,0,0,0,0,0,0,0,0,0,2,0,0,0,0,1,1,0,0,1,0,0,0,0,0,0,0,0,1,0,0,CHEMBL5203689,CCC[C@H]1N(C(=O)c2ncccc2C(F)(F)F)CCC[C@@]1(Oc1csc(C(F)(F)F)c1)C(=O)N1CCN(c2ccccc2OCCO)CC1,7.0,0.8450980400142568,CHEMBL1907611,Tumour suppressor p53/oncoprotein Mdm2,4,Large-Polar-Aromatic-Flexible-Hydrophobic,Large-Polar-Aromatic-Flexible-Hydrophobic
11.257194845203225,11.257194845203225,0.2051775872549053,-1.2260456276348026,0.2046857744244686,25.62162162162162,516.5590000000003,484.3030000000004,516.2444807439999,200,0,0.3200187084936397,-0.4800858278476824,0.4800858278476824,0.3200187084936397,1.2162162162162162,2.027027027027027,2.756756756756757,16.555999048324125,9.977191463199798,2.4491944491239575,-2.418049097082996,2.3250837051890683,-2.5244419078615143,5.807052802862151,-0.1383566503979716,3.5759979340524324,1.237550773489052,1199.290280012021,26.103719048826065,20.20496819866218,20.20496819866218,17.795734091081684,12.185888047853556,12.185888047853556,9.813932952145931,9.813932952145931,7.045586235324064,7.045586235324064,5.050170641324119,5.050170641324119,-3.140000000000001,239946818.71244496,25.50708636846792,10.689496250984988,5.437931415002687,211.9973115868871,40.84084076055037,36.19776078477367,17.692941169337626,0.0,0.0,5.969305287951848,14.261546562713654,14.951935562841625,0.0,0.0,0.0,18.405094737549017,44.83198992717245,18.853646066042657,29.268133259447332,22.951046004170863,0.0,29.318854672333934,11.651573523323576,43.54721919196632,38.45744950672506,36.8107847009658,0.0,0.0,11.46733495432437,5.817862777835028,0.0,0.0,107.68526416676364,16.076156543784446,5.917906046161393,18.212174285357875,35.66448414632215,0.0,11.16387793838399,0.0,202.25,36.55094645107958,20.11411936859394,0.0,12.238684400761038,36.71605320228311,25.197720709434723,17.22173979732044,12.526325991278114,6.06636706846161,24.75175502454258,20.621348845177767,12.768020529868885,0.0,27.942346226528475,30.845090216145447,13.505227179076812,-0.4890308386562971,0.9526068019702651,2.3471518080877747,3.961921410311978,0.0,0.5652173913043478,37,7,14,0,2,2,0,0,3,3,5,0,13,5,14,5,11,0,2,2,0,0,7.369132543494273,5,-1.1432999999999955,129.80220000000003,1,2,2,1,0,4,0,0,1,1,1,0,0,0,0,6,0,2,0,0,1,0,0,0,0,0,0,0,0,1,0,0,0,0,0,0,1,0,0,0,0,1,1,0,0,0,0,1,0,0,0,0,0,0,0,0,0,0,0,0,0,0,0,0,0,0,0,0,0,0,0,0,0,0,0,0,0,0,0,0,0,0,0,0,0,CHEMBL4646694,Nc1ncnc2c1ncn2[C@@H]1O[C@H](CN(CC[C@H](N)C(=O)O)CC2CN(Cc3ccoc3)C2)[C@@H](O)[C@H]1O,21.8,1.3384564936046048,CHEMBL4106124,MLL1-ASH2L/RbBP5/WDR5/DPY30,4,Large-Polar-Aromatic-Flexible-Hydrophilic,Other
11.660069449452427,11.660069449452427,0.0629701103692506,-0.6407839175204455,0.3426975256699304,20.02777777777778,511.0260000000003,479.7780000000003,510.214616532,190,0,0.4387414007667589,-0.3839443575544711,0.4387414007667589,0.3839443575544711,1.1944444444444444,1.9722222222222223,2.638888888888889,35.495692223239104,9.792254384880234,2.3044128532678476,-2.3305847219773836,2.408267164980352,-2.242203192614635,6.303048821926013,0.1755390163279782,3.472165293545944,1.771705445072273,1418.8212012185886,25.39661226763952,20.993113381350348,21.749042327368805,17.350575645948076,12.443923926738764,12.821888399747992,10.016257139287806,10.45269291975979,7.364026173898647,7.570725126311497,5.407085319010939,5.58097748738671,-3.0399999999999996,188532644.98122337,24.64545379584341,10.141804313418891,4.6919616313899075,213.80706333560755,9.303962601591405,11.518332492848389,0.0,5.824404497999927,0.0,5.756062822229453,14.491051978867764,14.762494225966236,0.0,0.0,43.44672079259122,43.73392667478865,37.026683051510034,28.35684470833523,9.259957890773396,22.634341325465037,0.0,29.65967698870563,11.835812092322788,58.41424496608526,13.716679505790452,45.9240590981919,0.0,22.775711979393844,5.756062822229453,0.0,0.0,11.600939890232516,43.37635649449608,4.736862953800049,11.835812092322788,64.2386494640852,33.84405340119454,5.022633313741326,33.80911341462637,0.0,111.72,5.756062822229453,4.794537184071822,0.0,17.78415137330928,28.93527731411256,28.339163471090835,25.68328649170404,19.50348468450369,12.13273413692322,40.46293154588308,30.828854822900325,12.605954168486637,6.336598471111226,28.596689827982058,4.362975135229629,3.5704620367941087,1.90932112743335,3.898857578525237,8.163508983480332,7.292644505972579,1.707432609429293,0.5,36,1,9,1,0,1,0,0,4,4,2,0,8,1,10,4,7,1,0,1,0,1,6.9430380448014075,5,5.627200000000005,138.01069999999987,0,0,0,0,0,6,1,0,0,0,0,0,0,0,0,5,1,0,0,0,0,1,0,0,0,0,0,0,0,0,0,0,0,0,0,0,1,0,0,0,0,1,0,0,1,0,0,1,0,0,0,0,0,0,0,1,0,0,0,0,0,0,0,0,0,0,0,0,0,0,0,0,0,2,0,0,0,0,0,0,0,0,0,0,0,CHEMBL5092438,COCC(C)c1nc2cc(-c3noc(=O)[nH]3)nc(-c3cncc(Cl)c3)c2n1[C@H](C)[C@H]1CC[C@H](C)CC1,1.6,0.2041199826559248,CHEMBL1907611,Tumour suppressor p53/oncoprotein Mdm2,4,Large-Polar-Aromatic-Flexible-Hydrophobic,Large-Polar-Aromatic-Flexible-Hydrophobic
12.873692041229994,12.873692041229994,0.217385676492819,-4.212589071060379,0.5452844813379485,22.612903225806452,446.54200000000014,421.3420000000002,446.17520246,164,0,0.3933283894807131,-0.3553717741095221,0.3933283894807131,0.3553717741095221,1.032258064516129,1.870967741935484,2.6774193548387095,32.133539332497776,9.789021664646192,2.4158359013647264,-2.4092850544469164,2.419686760640189,-2.448427370280848,7.182473953777618,-0.1261374186994311,3.3021671938567554,1.3411490336191016,1051.9062448053255,21.47648072687178,17.23640900649769,18.052905587425418,14.891491309924314,10.70645960867165,11.522956189599377,8.892132347218547,10.007332218507797,6.4614185577027055,7.504467576379193,5.155756692661675,6.176728627309697,-2.1899999999999995,15966440.685704552,20.698209348830897,8.056780528505813,4.549875454479748,183.2687955900904,4.899909730850477,16.975579272220138,0.0,0.0,0.0,6.176298517443475,4.899909730850477,9.967957041894415,13.17124514302446,11.336785877934735,30.33183534230805,37.43703983484921,36.47116328674838,11.807045837390806,13.17124514302446,27.371269289855128,0.0,14.867866772744891,5.414990469396779,38.40434141506009,31.07893535450078,53.1661211709325,0.0,0.0,4.899909730850477,18.98910792085949,0.0,11.336785877934735,47.223190913838664,12.965578028838586,5.414990469396779,29.70306355417632,42.725522485534206,0.0,10.216620634085364,0.0,32.260000000000005,12.597120140369483,13.17124514302446,0.0,5.414990469396779,9.707543613321866,68.10629814564945,18.311593189387544,6.06636706846161,6.06636706846161,44.03324477744181,0.0,38.62107612368998,1.1216808910175262,14.49526334832036,0.7527209420269487,1.5508964796639968,0.7872767256326061,12.187299384573103,-0.2277322465858282,4.878185018327965,0.0,0.4782608695652174,31,0,4,0,2,2,0,1,2,3,1,0,5,0,8,4,4,0,2,2,1,1,5.379384840535411,5,5.288600000000004,117.39000000000006,0,0,0,0,0,2,0,0,0,0,0,0,0,0,0,4,0,0,0,0,1,0,0,0,0,3,0,0,0,1,0,0,0,0,1,0,1,0,0,0,0,0,0,0,3,0,0,0,0,0,0,0,0,0,0,0,0,0,0,0,0,0,0,0,0,0,0,0,0,1,0,0,0,0,0,0,0,0,0,0,0,0,1,0,0,CHEMBL4217156,FC(F)(F)Cc1cc2c(N3CCCC4(CCN(Cc5ccccc5)C4)C3)ncnc2s1,140.0,2.146128035678238,CHEMBL2093861,Menin/Histone-lysine N-methyltransferase MLL,4,Large-Nonpolar-Aromatic-Rigid-Hydrophobic,Large-Nonpolar-Aromatic-Rigid-Hydrophobic
13.277421266611228,13.277421266611228,0.0259132495590832,-0.8423187405127341,0.5054804546530309,28.975,611.489,580.2410000000002,610.1314634319998,210,0,0.318724985510902,-0.5040425270912626,0.5040425270912626,0.318724985510902,1.2,1.95,2.625,79.91873144269773,9.525423855875855,2.5780793015871244,-2.5657451966193308,2.5927741234303987,-2.601100952804143,9.103002938161763,-0.1457847091650711,3.3905805977942673,1.5454085017069876,1452.9427687181608,28.344206024832225,22.771024818934723,24.35702135804943,19.23274967776961,13.236033127096912,14.029031396654268,10.899472169567996,11.815147698359684,9.132743616127868,9.6614091291661,7.210021936193725,7.474354692712843,-3.37,1319703276.5544748,26.832166587836788,9.920098785621214,3.8676866444964264,240.3927288698927,29.05461457082796,11.629591048932095,29.145399872337222,0.0,0.0,5.969305287951848,9.589074368143644,0.0,0.0,0.0,33.21839076162311,56.27264443835748,44.95863295855555,21.3293926238326,33.743779208121126,33.394179135036836,0.0,4.899909730850477,16.991524819073327,36.82326255507107,34.92182101242236,68.8935458034185,0.0,11.49902366656781,4.736862953800049,0.0,11.49902366656781,15.929943897949348,68.434334204349,35.73620095180316,11.835812092322788,41.199415600388306,51.79545256338106,0.0,0.0,0.0,106.89,23.406168191258324,14.69560176298435,0.0,35.662837111168116,35.43939610367289,22.144378905138986,21.3293926238326,6.06636706846161,30.34148838068032,33.033238338227555,19.04817744513678,17.246019191183734,3.4520847127337904,34.86795403770897,16.009958282675182,2.8147447881660206,-0.808640013367075,9.284291319883469,2.586227471814367,0.7753625720948328,6.438664303773369,0.4333333333333333,40,1,9,2,2,4,0,2,0,2,5,2,9,1,10,2,5,0,1,1,0,0,6.654443579589646,6,4.045400000000003,149.29279999999983,0,0,0,0,0,0,0,1,0,0,2,2,0,0,0,2,0,0,0,1,1,0,0,0,0,0,1,0,0,0,0,0,0,0,2,0,1,0,0,0,1,3,0,0,1,0,0,0,0,0,0,1,1,0,0,3,0,0,0,0,0,0,0,1,0,1,1,0,0,1,0,0,0,0,0,0,0,0,0,0,0,0,0,0,0,CHEMBL2337219,COC(=O)[C@H]1C(c2ccc(Br)cc2)=NO[C@@H]1c1cc(OC)c(O)c2c1C[C@@H]1[C@@H]3C=C(OC)C(=O)C[C@]23CCN1C,55700.0,4.745855195173729,CHEMBL614822,NIH3T3,4,Large-Polar-Aromatic-Rigid-Hydrophobic,Large-Polar-Aromatic-Rigid-Hydrophobic
13.270690979222024,13.270690979222024,0.0017264516091313,-1.1133600351519723,0.168203799459731,18.612903225806452,850.93,800.5299999999999,850.3649898000001,326,0,0.337330021580044,-0.4928587965105668,0.4928587965105668,0.337330021580044,0.8709677419354839,1.596774193548387,2.2903225806451615,16.508708126667447,9.93546356847446,2.457768368486922,-2.359488435847413,2.3584929484483026,-2.5379048786582645,6.2426667753256995,-0.1361524264792603,3.438533503334955,0.8620075601106213,2306.251317308626,44.0780460645847,35.15468521746287,35.15468521746287,29.912656253862007,20.63973641486339,20.63973641486339,15.402173473301357,15.402173473301357,11.493516736525228,11.493516736525228,8.178539176226403,8.178539176226403,-6.9799999999999995,50653438349408.81,43.12065400805126,18.73941415077674,8.892752437752822,358.03643201837946,34.64398553111376,11.791352662431866,18.105905631080727,17.721539188054518,17.721539188054518,6.031114512338072,38.98392143928774,9.803449708026353,5.101407525739722,0.0,18.19910120538483,74.56867759386131,69.42738651616963,37.10002389786772,47.7723491499029,52.87326416590137,0.0,30.75909779767448,5.101407525739722,57.5323485955426,65.49784079015852,82.41456107463948,0.0,17.248535499851716,35.060864404269616,10.481923458755384,17.248535499851716,0.0,134.67622259447728,25.598970359213297,0.0,76.4341771409493,59.69871114189421,0.0,0.0,0.0,208.58999999999995,42.1846214404184,33.561760288502754,0.0,47.698193133367454,75.61777719060542,27.277650480625024,23.20801372933936,21.267267065232257,48.22184934131076,20.85027554286947,19.31199638713987,16.83807930394002,0.0,93.83739417828394,13.94919554883874,4.327076969719684,-1.7565969659277056,14.681286392189689,2.063666893328017,4.301778450891301,4.7581192287363,0.4090909090909091,62,3,18,0,4,4,8,3,0,3,2,0,12,3,18,4,13,0,2,2,0,1,13.033157966277797,7,2.457500000000004,225.35009999999943,0,0,0,0,0,0,0,0,0,0,7,7,0,0,0,5,3,0,0,0,0,0,0,0,0,0,0,8,0,1,0,0,0,0,3,0,2,0,0,0,0,3,0,0,0,0,1,0,2,0,0,0,0,0,0,2,0,0,0,0,0,0,0,0,0,0,0,0,0,1,1,0,0,0,0,0,0,0,0,0,0,0,0,1,1,CHEMBL4848064,CNC(=O)N1N=C(c2ccc(N3CCN(C(=O)CCCCNC(=O)COc4cccc5c4C(=O)N(C4CCC(=O)NC4=O)C5=O)CC3)cc2)c2cc(OC)c(OC)cc2C[C@@H]1C,0.667,-0.175874166083451,CHEMBL4630734,Protein cereblon/DNA damage-binding protein 1,4,Large-Polar-Aromatic-Flexible-Hydrophilic,Other
13.05229809551082,13.05229809551082,0.06458058530141,-1.4651826194089026,0.1956127709220118,50.666666666666664,718.9250000000001,656.4290000000001,718.4292128039999,288,0,0.3110292689802378,-0.4685948982634008,0.4685948982634008,0.3110292689802378,0.9215686274509804,1.588235294117647,2.235294117647059,16.709010548559483,9.339556748252072,2.6914264468240523,-2.706109119110169,2.7459093941544297,-2.6696387588372175,5.762288476645416,-0.3051388691559482,3.0566519920606403,1.2971622545959494,1414.0542822133884,37.473962536829134,32.10689815235176,32.10689815235176,23.752363179907785,19.20191085582933,19.20191085582933,18.33290085578105,18.33290085578105,15.775235431374226,15.775235431374226,12.441237588707152,12.441237588707152,-2.05,75623865000.8736,38.667582528016105,13.358813902499367,5.995246928814041,302.68239724019134,39.00389695352236,18.31189916324491,12.393993117083514,0.0,0.0,17.907915863855546,14.383611552215466,0.0,0.0,0.0,39.344073435665635,99.21273692946384,31.601192537865423,31.33960275068384,53.38750850573782,17.907915863855546,0.0,0.0,50.74657653162946,156.09111725968413,13.716679505790452,11.649124636903148,0.0,0.0,0.0,0.0,0.0,0.0,89.85800260999314,38.06792632121571,50.74657653162946,113.17729220385908,11.649124636903148,0.0,0.0,0.0,158.05,65.68241657052228,29.703193736737585,0.0,58.91360446822668,0.0,51.36657298340809,26.530376470728047,6.923737199690624,0.0,40.694706105287,23.684314769000245,28.59949083865437,0.0,37.04398656879141,33.94321177799441,0.3214810145044422,-1.0876159246495132,0.0,2.859586301827832,15.91108509193182,1.4921076642785591,0.875,51,3,11,5,1,6,0,0,0,0,16,0,11,3,11,1,6,4,1,5,0,0,10.128490961790256,6,4.868500000000004,185.5623999999994,0,3,3,0,0,0,0,0,0,0,3,3,0,0,0,0,0,0,0,0,0,0,0,0,0,0,2,0,0,0,0,0,0,0,0,0,7,0,0,0,3,5,0,0,0,0,0,0,0,0,0,0,0,0,0,1,0,0,0,0,0,0,0,0,0,0,0,0,0,0,0,0,0,0,0,0,0,0,0,0,0,0,0,0,0,CHEMBL560651,COC(=O)[C@]1(C)CC[C@]2(C)CC[C@]3(C)C(=CC[C@@H]4[C@@]5(C)[C@@H](O)C[C@H](OC(C)=O)[C@@H](CO[C@@H]6O[C@@H](C)[C@H](OC(C)=O)[C@@H](O)[C@H]6O)[C@@H]5CC[C@]43C)[C@H]2C1,400.0,2.6020599913279625,CHEMBL394,HCT-116,4,Large-Polar-Aliphatic-Flexible-Hydrophobic,Other
11.3468458994889,11.3468458994889,0.209000983734479,-1.2167209358381,0.1439880020922841,26.82926829268293,568.6790000000005,528.3590000000005,568.3121663799999,222,0,0.320018710185812,-0.4800858278431727,0.4800858278431727,0.320018710185812,1.170731707317073,1.951219512195122,2.707317073170732,16.555977611911555,9.785205454285832,2.459482275683243,-2.441012906549827,2.355796129487248,-2.52117335931796,5.807104793958051,-0.1384557314543761,3.4929996347247037,1.1559969302837405,1286.9828190800472,28.93214617357225,22.99577068264033,22.99577068264033,19.812570843487286,14.231374714856608,14.231374714856608,11.142116736116352,11.142116736116352,8.27946508645344,8.27946508645344,5.7822343744436235,5.7822343744436235,-3.2,1621079809.2059646,29.29779080149264,13.18898893748392,6.8262719341241045,238.08783717940472,36.840568696652866,36.19776078477367,17.692941169337626,0.0,0.0,5.969305287951848,14.261546562713654,14.951935562841625,0.0,0.0,30.33183534230805,56.6749784643136,19.13135364097311,6.3273200747645415,24.85098232239399,22.951046004170863,0.0,29.735733545489783,11.651573523323576,68.72759010690575,31.912693100812486,48.54992698353413,0.0,0.0,16.784123558330702,5.817862777835028,0.0,0.0,102.28243885914856,15.95222176079788,5.917906046161393,37.4746391541359,42.98647549183713,0.0,11.16387793838399,0.0,197.9,36.55094645107958,20.11411936859394,0.0,18.280525229909,30.171296796370537,38.7727993035292,18.21809164122608,4.567099647791355,6.06636706846161,49.43410217154487,16.20419790812442,7.707482438922189,0.0,25.885366292826564,34.65107074307923,13.834028320442613,-0.3156362103793523,9.68362555996537,3.070827373803998,2.649902148006058,0.0,0.5714285714285714,41,8,13,1,1,2,0,1,2,3,5,0,12,6,13,3,14,1,1,2,0,0,9.424591189600113,5,0.1327000000000043,151.60489999999982,1,2,2,1,0,4,0,0,1,1,1,0,0,0,0,5,1,2,0,0,0,0,0,0,0,0,0,0,0,1,1,0,0,0,1,0,1,0,0,0,0,1,0,0,0,0,0,1,0,0,0,0,0,0,0,0,0,0,0,0,0,0,0,0,0,0,0,0,0,0,0,0,0,0,0,0,0,0,0,0,0,0,0,0,0,CHEMBL4641985,Nc1ncnc2c1ncn2[C@@H]1O[C@H](CN(CC[C@H](N)C(=O)O)C2CC(CNCCCc3ccccc3)C2)[C@@H](O)[C@H]1O,451.0,2.6541765418779604,CHEMBL4106124,MLL1-ASH2L/RbBP5/WDR5/DPY30,4,Large-Polar-Aromatic-Flexible-Hydrophilic,Other
14.169361300075586,14.169361300075586,0.0,-4.961931799281398,0.3209725160470637,19.955555555555556,679.0830000000002,649.8510000000002,678.150223408,244,0,0.4172220067497841,-0.4760275094353119,0.4760275094353119,0.4172220067497841,0.8222222222222222,1.4666666666666666,2.066666666666667,35.45300260217915,9.911504849442974,2.5077622547742737,-2.4483336306817916,2.3846616577448776,-2.638783555947941,7.887997750908801,-0.1519601870187977,3.005542291522472,4.607987403395889e-06,1584.7538597713708,31.75250160881067,23.59118844260627,25.22418160446172,20.705110470901456,13.687182788238824,15.127246117039467,10.521738981860793,12.428095846638874,7.654961793013465,9.558280405779737,5.460642795611893,7.198983635806101,-3.5599999999999983,4060240075.339392,34.31578514827181,13.045644364925996,7.305615270061099,261.594532480955,14.536682415501003,11.567374611118932,0.0,15.624341964391272,5.907179729351506,12.35259703488695,4.794537184071822,13.401775505276143,30.64770627734516,12.407033161179976,18.19910120538483,61.3725797935449,38.92062560117595,22.56714286482434,44.29168740824973,34.155366821774095,0.0,14.18910424309392,0.0,35.69077456724043,44.16844816632592,84.05378430808479,0.0,5.749511833283905,9.636772684650529,32.16035306388395,5.749511833283905,12.407033161179976,73.38367020323349,27.170425372366356,0.0,23.96854622924601,77.82236480020858,0.0,0.0,0.0,83.05000000000001,56.45126159345406,39.55482445444968,0.0,50.63245745805363,24.97374265812179,40.70341840206589,10.966276799312087,12.263210640074686,17.032643867773697,4.983978520947208,4.736862953800049,115.01715718621712,0.0,20.94872505867495,0.0,-4.212892526665125,-0.0240111405544577,12.767484480958274,-7.917693595333395,0.3648377528323805,-4.776940549463093,0.3793103448275862,45,0,8,0,2,2,1,2,1,3,1,0,6,0,16,3,6,0,2,2,0,1,9.948256203279184,5,5.492100000000005,154.51779999999968,0,0,0,0,0,1,0,0,0,0,1,1,0,0,0,4,0,0,0,0,0,0,0,0,0,6,0,1,0,1,0,0,0,0,2,0,0,0,0,0,0,1,0,0,7,0,0,0,0,0,0,0,0,0,0,0,0,0,0,0,0,0,0,0,0,0,0,0,0,1,1,0,0,1,0,0,1,0,0,0,0,0,0,0,0,CHEMBL3112824,Cl.O=C(N1CCN(c2ccccn2)CC1)C1(Oc2ccc(C(F)(F)F)cc2)CCCN(S(=O)(=O)c2ccccc2C(F)(F)F)C1,41000.0,4.6127838567197355,CHEMBL1907611,Tumour suppressor p53/oncoprotein Mdm2,4,Large-Polar-Aromatic-Rigid-Hydrophobic,Large-Polar-Aromatic-Rigid-Hydrophobic
10.00929296650114,10.00929296650114,0.0856212300372649,-0.1990764682314105,0.4170256084933925,25.342105263157897,518.7060000000004,476.3700000000004,518.336924584,204,0,0.2083939556821731,-0.3883592929419404,0.3883592929419404,0.2083939556821731,1.0526315789473684,1.8421052631578947,2.5526315789473686,16.478749471680356,9.80255671477091,2.3248232128871096,-2.373435655816106,2.377425988109505,-2.410019854878491,5.859761945950142,0.0927243973967037,3.2717622917338613,1.4517696890376832,1218.4561577500997,26.061902685569176,22.85031392959844,22.85031392959844,18.60168808597359,14.64230109446646,14.64230109446646,11.785861911435331,11.785861911435331,9.137823404799612,9.137823404799612,6.470861854966205,6.470861854966205,-2.71,581044043.7332667,25.56183892209626,11.18425253804451,5.125730409990092,225.38211925620757,24.62718833128892,12.12358268212918,17.289444496602684,5.948339280986494,0.0,0.0,0.0,9.967957041894415,4.983978520947208,0.0,56.518037410776714,55.92419332157584,19.13135364097311,19.255604758173796,9.843390348640757,22.93007999720551,0.0,19.51903521063298,17.75371813848418,84.02854578858475,29.975218669795225,41.71969133200497,0.0,0.0,10.216698334856808,11.766202058821523,0.0,0.0,50.42592376956004,17.888501324225544,17.75371813848418,76.22292257870821,30.33183534230805,0.0,11.16387793838399,0.0,88.33000000000001,0.0,5.106527394840706,0.0,12.64872279366088,42.56299856926424,36.29032163442433,50.50920285217907,0.0,0.0,58.96310772433746,19.688798516641672,8.366919114514921,0.0,17.13978087647415,13.74842963332224,2.8764094125304447,4.2513084252361635,11.008683042804648,8.860336365806765,7.414799795977334,0.0,0.6333333333333333,38,2,8,2,1,3,0,1,2,3,2,0,8,2,8,3,8,2,1,3,0,0,7.523422680040528,6,5.323300000000005,150.14149999999978,0,1,1,0,0,4,0,0,0,0,0,0,0,0,0,5,1,0,0,0,0,0,0,0,0,0,0,0,0,2,0,0,0,0,1,0,1,0,0,0,0,1,0,0,0,0,0,1,0,0,0,0,0,0,0,0,1,0,0,0,0,0,0,0,0,0,0,0,0,0,0,0,0,0,0,0,0,0,0,0,0,0,0,0,0,CHEMBL5084690,C[C@@H](Nc1nc(CO)nc2nc(N3CCOC[C@H]3c3ccccc3)n(C[C@H]3CC[C@H](C)CC3)c12)C1CCC1,79.0,1.8976270912904416,CHEMBL1907611,Tumour suppressor p53/oncoprotein Mdm2,4,Large-Polar-Aromatic-Flexible-Hydrophobic,Large-Polar-Aromatic-Flexible-Hydrophobic
11.800804524909031,11.800804524909031,0.0162022843011302,-0.6838573970198596,0.2820824357343076,21.19047619047619,587.0840000000001,555.8360000000001,586.220764532,216,0,0.4387877100645034,-0.3771081106947051,0.4387877100645034,0.3771081106947051,1.0714285714285714,1.9047619047619049,2.6666666666666665,35.495692543954796,9.82774925509462,2.321463194874395,-2.3723559593068537,2.3812968888735906,-2.409687211184698,6.303033780168814,0.092724247080235,3.615397588730872,1.452480067024952,1759.5425648048256,28.63081678632152,23.24091172347879,23.99684066949724,20.53000977870159,14.381174448237935,14.759138921247162,11.246603518958072,11.683039299430058,8.359188676783074,8.565887629195924,6.155776553484486,6.329668721860258,-4.090000000000001,7612523547.85575,26.78644013777171,11.296701081746193,5.180713435931022,246.4728659248956,14.20387233244188,11.210628712464722,5.647177220767728,17.597148276986346,0.0,5.756062822229453,14.491051978867764,14.762494225966236,4.983978520947208,0.0,66.85481893520866,36.307273898333406,31.0466514467483,24.278238071915123,9.259957890773396,28.713157109602996,0.0,34.64365550965284,11.835812092322788,45.1936209264552,24.658430065788888,69.92857436573541,0.0,22.90618848254531,10.65597255307993,5.948339280986494,0.0,11.600939890232516,54.40217584459124,11.281619359712623,11.835812092322788,44.212316012239626,58.10952167504097,5.022633313741326,34.0700664209293,0.0,127.85,5.756062822229453,4.794537184071822,0.0,17.690649825147815,47.60361640215431,42.33279718822574,12.84164324585202,12.393687143226153,12.13273413692322,55.78083515119876,35.81283334384754,13.017684779784972,6.403711654280795,35.89042839359546,4.331981598842493,3.777999144063809,1.6955734968442513,12.189579321542254,8.03655111088889,4.934268277934854,0.0,0.4,42,1,11,1,1,2,0,1,4,5,1,0,10,1,12,5,6,1,1,2,0,0,7.204723982868935,7,5.289200000000005,158.15169999999966,0,0,0,0,0,7,1,0,0,0,0,0,0,0,0,7,1,0,0,0,0,1,0,0,0,0,0,0,0,1,0,0,0,0,1,0,1,0,0,0,0,1,0,0,1,0,0,1,0,0,0,0,0,0,0,0,1,0,0,0,0,0,0,0,0,0,0,0,0,0,0,0,0,1,0,0,0,0,0,0,0,0,0,0,0,CHEMBL5092465,C[C@H]1CC[C@H](Cn2c(N3CCOC[C@H]3c3ccccc3)nc3nc(-c4noc(=O)[nH]4)nc(-c4cncc(Cl)c4)c32)CC1,0.52,-0.2839966563652008,CHEMBL1907611,Tumour suppressor p53/oncoprotein Mdm2,4,Large-Polar-Aromatic-Rigid-Hydrophobic,Large-Polar-Aromatic-Rigid-Hydrophobic
14.743895234230056,14.743895234230056,0.0380192034279787,-5.0516245156222075,0.1700883330886335,20.16,730.7279999999998,694.4399999999998,730.225975192,272,0,0.425230616209443,-0.6181242934209892,0.6181242934209892,0.425230616209443,1.04,1.76,2.4,32.13347766735814,9.793900846512944,2.5667933683126645,-2.501609471793049,2.42582476943677,-2.6923822278616294,7.099049116910621,-0.6089856259286199,3.563498540906848,1.5175243842873127,1661.7711369026897,36.26900946675572,27.0050218432866,27.821518424214332,23.70671100359624,16.03008250891396,16.909735320168856,11.955609858051654,12.86684078447013,8.790955939196671,9.744354926573932,6.613163863269374,7.290264525341756,-4.249999999999999,82085850488.92834,37.01612964319083,14.927390016229346,7.573325696627418,287.53822411279765,34.48723551976953,28.546504316479023,6.196843571613076,5.601050810983688,11.601107724199966,18.259776764238456,9.589074368143644,0.0,31.072897927955147,11.336785877934735,25.477292959539852,31.040744451236847,56.65740055987801,18.33610906834444,55.24222559853959,28.838531611321308,0.0,9.799819461700954,0.0,56.602512366413265,50.83745568943918,75.38325552633431,0.0,11.49902366656781,19.1040432803568,32.02987656073248,11.49902366656781,11.336785877934735,84.30114391396503,17.147134218958772,5.20725302477729,53.536087555713245,54.041475821310264,0.0,0.0,0.0,109.49,51.944374813968366,46.24534507381056,0.0,62.59041749073171,42.66299921443141,34.29693648453625,4.899909730850477,19.056471336613843,17.032643867773697,0.0,9.473725907600098,94.66586461444724,0.361754047035562,32.25439226053562,23.050457900458753,-3.885053978648756,-1.637277542689804,8.164591255075027,-8.615407794456033,2.3906792382424147,0.0,0.4848484848484848,50,1,10,0,2,2,2,1,2,3,2,0,8,1,17,4,10,0,2,2,0,0,11.05108408150436,5,5.361500000000006,169.86629999999957,0,1,1,0,0,1,0,0,0,0,2,2,0,0,0,4,0,0,0,0,1,0,0,0,0,6,0,2,0,1,0,0,0,0,1,0,0,0,0,0,0,2,0,0,6,0,0,0,0,0,0,0,0,0,0,0,0,0,0,0,0,0,0,0,2,0,0,0,0,1,1,0,0,1,0,0,0,0,0,0,0,0,1,0,0,CHEMBL5179234,CCC[C@H]1N(C(=O)c2c(C(F)(F)F)ccc[n+]2[O-])CCC[C@@]1(Oc1csc(C(F)(F)F)c1)C(=O)N1CCN(c2ccccc2OCCO)CC1,22.0,1.3424226808222062,CHEMBL1907611,Tumour suppressor p53/oncoprotein Mdm2,4,Large-Polar-Aromatic-Flexible-Hydrophobic,Large-Polar-Aromatic-Flexible-Hydrophobic
14.468533220273148,14.468533220273148,0.0,-4.856662088066633,0.2036402940126234,17.796296296296298,781.1540000000001,745.874,780.2261652199999,288,0,0.4167980742778372,-0.4755442221612773,0.4755442221612773,0.4167980742778372,0.9074074074074074,1.6111111111111112,2.259259259259259,35.4530026796912,9.892263485887002,2.4926776225762195,-2.455052557846228,2.36568657359832,-2.6395984965965065,5.970089336571162,-0.1527340533727687,3.542171744265894,5.606643651801241e-06,1965.9995402939608,37.96768007950498,28.745508819292763,29.56200540022049,25.125797332991606,16.650368951170815,16.650368951170815,12.823725125712905,12.823725125712905,9.08089905661181,9.08089905661181,6.562693705408469,6.562693705408469,-5.319999999999999,432005858460.33673,39.877831176790394,15.96122289247396,8.889055338912307,311.1888591866786,29.27647568733116,11.509759252158346,0.0,11.508230540335196,11.814359458703011,12.35259703488695,19.36759007316267,0.0,26.34249028604892,12.407033161179976,17.289397394048667,62.22994992477391,51.18383624125063,46.72463304814515,49.98605972903779,41.50334489860162,0.0,19.940461239773608,0.0,44.13984991433929,49.48523677033226,101.20188771665616,0.0,5.749511833283905,14.953561288656855,37.71726283541605,5.749511833283905,12.407033161179976,82.53158967428728,28.3624930259566,6.923737199690624,45.78071031873773,77.5804527648156,0.0,0.0,0.0,121.11,53.00311818557721,40.72610183826439,0.0,62.96045881033113,41.984827843376785,41.559065147923064,4.899909730850477,31.18920547353706,10.966276799312087,15.457430382078982,9.259957890773396,92.79818456699988,0.0,49.15575873285927,6.682090585726972,-2.7919039436418447,-1.5844222056167383,13.196541375883166,-7.591996567555084,2.2190807886777213,0.0,0.3611111111111111,54,1,11,0,2,2,3,2,2,4,1,0,8,1,18,4,8,0,2,2,0,1,11.787017627429604,6,6.421220000000006,185.2361999999996,0,0,0,0,0,2,0,0,0,0,3,3,0,0,0,5,1,0,0,0,1,0,0,0,0,6,0,3,0,2,1,0,0,0,2,0,0,0,0,0,0,1,0,0,7,0,0,0,0,0,0,0,0,0,0,0,0,0,0,0,0,0,0,0,2,0,0,0,0,1,1,0,0,1,0,0,0,0,0,0,0,0,0,0,0,CHEMBL3112813,Cc1cc(CC(=O)Nc2ccccc2N2CCN(C(=O)C3(Oc4ccc(C(F)(F)F)cc4)CCCN(C(=O)c4cnccc4C(F)(F)F)C3)CC2)on1.Cl,630.0,2.7993405494535817,CHEMBL1907611,Tumour suppressor p53/oncoprotein Mdm2,4,Large-Polar-Aromatic-Flexible-Hydrophobic,Large-Polar-Aromatic-Flexible-Hydrophobic
14.816694183316883,14.816694183316883,0.0002673827487555,-4.865838264540892,0.2260728934335215,20.352941176470587,742.7829999999998,702.4629999999997,742.2623606999999,278,0,0.425230616209443,-0.4832920800231752,0.4832920800231752,0.425230616209443,1.0196078431372548,1.7254901960784317,2.3529411764705883,32.13347771647093,9.792857440679228,2.5580375349724203,-2.505060672297436,2.4287765894882933,-2.688631311977351,7.099051601667266,-0.1592846449134203,3.574264340759219,1.495152864391016,1690.9430413550765,37.19165919756609,28.389666771636193,29.206163352563923,24.00313418225983,16.60644461756796,17.48609742882285,13.228403039703007,14.139633966121483,9.098179511129432,10.051578498506691,6.6546861249053775,7.331786786977759,-4.049999999999999,109913704362.62158,38.18723830151557,14.895004514204604,8.213992220702178,295.3098646033215,29.27998249499224,21.9772216712528,0.0,5.601050810983688,11.814359458703011,12.35259703488695,14.57305288909085,0.0,26.34249028604892,11.336785877934735,25.477292959539852,44.88821885061809,62.98472063464256,29.46301205173843,50.511817956633365,28.838531611321308,0.0,14.783797982648164,0.0,76.0510375767782,44.230573724926266,70.17600250155702,0.0,11.49902366656781,14.373635638450576,32.02987656073248,11.49902366656781,11.336785877934735,88.27929128138301,17.147134218958772,0.0,67.25308545194302,54.17195232446173,0.0,0.0,0.0,95.44,57.41494912180058,41.03809204903327,0.0,51.25312788431257,42.66299921443141,29.52750325683724,9.799819461700954,32.903945735995094,17.032643867773697,4.983978520947208,9.473725907600098,95.33754997000526,0.3959833374661512,36.38151461805144,10.892515612598476,-3.8948896874998473,-1.2447289585691808,7.66261380432237,-7.0937931658818325,6.063234469507168,0.0,0.5142857142857142,51,1,9,0,2,2,2,1,2,3,2,0,8,1,16,4,10,0,2,2,0,0,11.152923272276103,5,6.901700000000009,177.91329999999948,0,1,1,0,0,1,0,0,0,0,2,2,0,0,0,4,0,0,0,0,1,0,0,0,0,6,0,2,0,1,0,0,0,0,1,0,0,0,0,0,0,2,0,0,6,0,0,0,0,0,0,0,0,0,0,0,0,0,0,0,0,0,0,0,2,0,0,0,0,1,1,0,0,1,0,0,0,0,0,0,0,0,1,0,0,CHEMBL3805720,CCC[C@H]1N(C(=O)c2cnccc2C(F)(F)F)CCC[C@@]1(Oc1csc(C(F)(F)F)c1)C(=O)N1CCN(c2ccccc2OC(C)(C)CO)CC1,25.0,1.3979400086720375,CHEMBL1907611,Tumour suppressor p53/oncoprotein Mdm2,4,Large-Polar-Aromatic-Flexible-Hydrophobic,Large-Polar-Aromatic-Flexible-Hydrophobic
8.984102384471434,8.984102384471434,0.426198573408724,0.426198573408724,0.5159597535867354,19.805555555555557,482.6360000000004,448.3640000000003,482.290643088,186,0,0.1372017835000006,-0.3707419147357934,0.3707419147357934,0.1372017835000006,0.9166666666666666,1.6666666666666667,2.4166666666666665,15.228502135855864,9.959544497569317,2.299544266930354,-2.441293877413442,2.28353516781909,-2.526981410084975,5.897665149565924,0.1736555633193054,3.4039459863770896,1.0003735720917593,1216.5234123568382,24.321415709563016,20.73495885794803,20.73495885794803,17.729810623710847,13.346250399342594,13.346250399342594,10.58359139636764,10.58359139636764,7.992425008728973,7.992425008728973,5.893605611706178,5.893605611706178,-3.44,294412952.5278758,22.98831916218396,10.274544031778312,5.07186471994739,212.29771544458865,20.433396669713616,17.9630456304346,0.0,0.0,0.0,0.0,0.0,14.951935562841625,5.261891554738487,0.0,12.84164324585202,56.01512183401209,61.79898022316854,23.346217093718607,0.0,28.22603676243468,5.261891554738487,19.8518452936921,5.917906046161393,50.60861139585198,48.25726896842601,48.419450480382665,0.0,6.069221312792274,15.533486938863138,17.323111830353618,0.0,0.0,64.65930898155088,0.0,17.249018913692154,44.08838122925306,42.85599898868567,0.0,10.902924932081056,0.0,93.0,0.0,0.0,0.0,0.0,18.001587704457314,73.66752725486302,31.3706727663876,6.3273200747645415,18.329577708536295,59.65365475073234,5.261891554738487,0.0,0.0,18.647244348642342,17.352989592508997,2.8341294573634244,2.568741206799442,13.20424162212651,10.798891105918347,5.5937626666409335,0.0,0.5,36,2,8,1,2,3,0,1,2,3,0,0,8,2,8,4,7,1,2,3,0,0,6.56095826245645,6,4.2636800000000035,143.15639999999985,0,0,0,0,0,3,0,0,0,0,0,0,0,0,0,6,2,0,0,0,1,0,0,0,0,0,0,0,0,3,0,0,0,0,1,0,1,0,0,0,0,0,0,0,0,0,0,0,0,0,0,0,0,0,0,0,0,1,0,0,0,0,0,0,0,0,0,0,0,1,0,0,0,1,0,0,0,0,0,0,0,0,0,0,0,CHEMBL5204727,N#Cc1ccc(N2CC(CN3CCC(Nc4ncnc5cnc(NC6CCCC6)cc45)CC3)C2)cc1,60.0,1.7781512503836436,CHEMBL2093861,Menin/Histone-lysine N-methyltransferase MLL,4,Large-Polar-Aromatic-Flexible-Hydrophobic,Large-Polar-Aromatic-Flexible-Hydrophobic
8.992813719266621,8.992813719266621,0.3907127696468561,0.3907127696468561,0.398107641781443,16.94736842105263,513.6940000000004,474.3820000000003,513.332842248,200,0,0.155842472261589,-0.3707419147357934,0.3707419147357934,0.155842472261589,1.0263157894736843,1.7894736842105263,2.5,15.229841760462104,9.959766276705444,2.299222750044004,-2.4412031656208777,2.270677431850191,-2.526997649818905,5.857406340941196,0.1736514252325289,2.939374763895899,1.092736663000877,1221.0225217617035,26.32141570956302,22.60482218425836,22.60482218425836,18.644024186083943,13.967595041578273,13.967595041578273,10.389064710284533,10.389064710284533,7.874023474622003,7.874023474622003,5.4874990239197885,5.4874990239197885,-3.4799999999999995,438079711.8114225,26.14004013504873,12.375788372981564,6.316375538639402,225.4283223827179,25.333306400564098,17.66188357021583,5.817862777835028,0.0,0.0,0.0,0.0,14.951935562841625,5.261891554738487,0.0,13.847474399381248,62.32935846844683,63.46042799138093,17.14937352210553,0.0,28.356513265586138,5.261891554738487,24.75175502454258,5.917906046161393,32.730958474381225,74.43629459207631,48.288973977231194,0.0,6.069221312792274,15.533486938863138,17.323111830353618,0.0,0.0,89.69640350690372,0.0,17.249018913692154,32.25256913693026,42.7255224855342,0.0,11.033401435232523,0.0,96.24,0.0,0.0,0.0,0.0,11.959746875309351,99.97702938166478,5.687386274683562,6.3273200747645415,24.26546827384644,67.35069329155525,10.245870075685694,0.0,0.0,21.24822536643648,16.13007003254281,3.6373019541703586,2.406094380070992,14.535421827842546,3.823298788636552,13.88625431696693,0.0,0.5172413793103449,38,2,9,0,2,2,0,1,2,3,0,0,9,2,9,4,11,0,2,2,0,0,8.513252757173882,5,3.662880000000002,153.55539999999976,0,0,0,0,0,3,0,0,0,0,0,0,0,0,0,7,2,0,0,1,1,0,0,0,0,0,0,0,0,3,0,0,0,0,1,0,1,0,0,0,0,0,0,0,0,0,0,0,0,0,0,0,0,0,0,0,0,1,0,0,0,0,0,0,0,0,0,0,0,1,0,0,0,1,0,0,0,0,0,0,0,0,0,0,0,CHEMBL5200814,CCN(CC)CCNc1ccc2ncnc(NC3CCN(CC4CN(c5ccc(C#N)cc5)C4)CC3)c2n1,820.0,2.9138138523837167,CHEMBL2093861,Menin/Histone-lysine N-methyltransferase MLL,4,Large-Polar-Aromatic-Flexible-Hydrophobic,Large-Polar-Aromatic-Flexible-Hydrophobic
15.21390224347915,15.21390224347915,0.1550387348342243,-1.3442722587820288,0.2055472475042272,23.508474576271187,805.9999999999997,749.5519999999999,805.4439294920002,312,0,0.2584592115296401,-0.4958311656461858,0.4958311656461858,0.2584592115296401,0.9491525423728814,1.694915254237288,2.406779661016949,19.147160118180043,9.883320187860686,2.4179364594010915,-2.4235874447428483,2.419726174661597,-2.520260667375714,6.064922721231429,-0.136461200508608,3.7629401191618848,0.7800059007833502,2222.2560276707286,41.00069579539507,34.676257751438094,34.676257751438094,28.434006543381937,21.377037203958412,21.377037203958412,17.855823287088633,17.855823287088633,13.328545128592951,13.328545128592951,10.196997966412564,10.196997966412564,-5.079999999999999,23712411925643.473,39.38471065440779,15.833383976818858,7.76633214605361,344.8126712345191,24.42057066729869,17.460112481177543,0.0,17.762698739689505,5.907179729351506,0.0,29.50021961792275,14.358372089569237,0.0,0.0,18.19910120538483,88.5976192860931,111.12845860437244,18.71508986212249,23.510889553690333,40.26018967580563,0.0,34.96845335939939,5.917906046161393,89.63518004873008,69.26766825027909,76.73962351563226,0.0,5.749511833283905,19.853471019507335,16.026140603344878,5.749511833283905,0.0,124.59349420906732,22.554652396982227,5.917906046161393,91.65943168855816,48.79188955399581,0.0,10.902924932081056,0.0,130.24,17.617780377245143,14.383611552215466,4.39041504767482,30.318862739924946,36.741203805893456,105.46983858462086,10.949675706161791,25.85718167150926,18.46005421168776,67.15597859035412,14.704819995694464,20.923273554160353,0.0,62.31998146351976,3.61493579673159,5.564458018706933,1.0107273940613293,11.793301298235455,8.700493182010181,12.744235606442691,1.5785936861317027,0.5333333333333333,59,2,13,0,5,5,3,2,2,4,3,0,10,2,14,7,10,0,3,3,0,1,10.56937706113809,9,5.240300000000005,224.47889999999933,0,0,0,0,0,3,1,0,0,0,3,3,0,0,0,7,2,0,0,0,0,1,0,0,0,1,0,3,0,2,0,0,0,0,2,0,4,0,0,0,0,1,0,0,1,0,0,0,1,0,0,0,0,0,0,1,0,0,0,0,0,0,0,0,1,0,0,0,0,2,1,0,0,0,0,0,0,0,0,0,0,0,0,0,0,CHEMBL4745409,COc1cc(N2CCN(CCC3CCN(c4ncc([C@@H]5c6[nH]c7ccccc7c6C[C@@H](C)N5CC(C)(C)F)cn4)CC3)CC2)cc2c1C(=O)N(C1CCC(=O)NC1=O)C2,0.4,-0.3979400086720376,CHEMBL4523681,Protein cereblon/Estrogen receptor,4,Large-Polar-Aromatic-Flexible-Hydrophobic,Large-Polar-Aromatic-Flexible-Hydrophobic
13.265727732080997,13.265727732080997,0.0328375996097862,-5.083333333333334,0.1016896768899896,21.195652173913043,658.6790000000004,617.3510000000005,658.305030312,256,0,0.4902403183070029,-0.4745811720256028,0.4902403183070029,0.4745811720256028,1.0,1.565217391304348,2.0869565217391304,19.41351264800011,10.032610327688513,2.380333179403029,-2.2759151313376913,2.146919617731062,-2.5808364190574467,5.957563032218779,-0.1924677095915939,2.9815226009381193,1.3496698931214365e-06,1231.2117468112167,35.026368779636435,25.624090405515993,25.624090405515993,21.470359233825196,14.395067433865252,14.395067433865252,10.46405064470948,10.46405064470948,6.473025805830846,6.473025805830846,3.933248393796521,3.933248393796521,-4.9,2692449232.203339,39.124330900243315,18.80293613379912,13.81372003086052,263.0445169953854,42.74092649604088,24.16736331659184,5.959554568743835,29.535898646757527,0.0,12.145603805395323,29.381969526150627,4.794537184071822,13.17124514302446,0.0,51.10304694137992,31.246737983401033,19.007418857986544,0.0,47.0449956422961,41.46475850345321,5.409283605791522,31.900731624037984,11.651573523323576,76.79815992481122,13.08951281182515,35.89528683400505,0.0,0.0,37.634399101200174,13.17124514302446,0.0,0.0,83.96261971500643,28.76722310443093,11.327189651952915,58.05979041162087,30.33183534230805,0.0,0.0,0.0,244.69999999999996,59.94168603939319,37.14393106338357,0.0,43.59186161894733,18.52902952053558,0.0,0.0,51.10304694137992,0.0,31.900731624037984,21.044015661866233,31.73611111111111,0.0,74.11137960440772,30.600307591752923,5.867262489548493,-5.922770461663075,4.653575019142077,-4.218392727063639,5.422527372764392,0.0,0.5357142857142857,46,10,15,0,1,1,5,1,0,1,4,0,7,9,18,1,8,0,1,1,0,0,15.9924411998891,2,-0.219229999999991,158.71509999999986,1,0,0,0,0,0,0,0,1,1,6,5,0,0,0,0,7,1,0,0,0,0,0,0,0,3,0,5,0,0,0,0,0,0,1,0,0,0,0,0,0,0,0,1,3,0,0,0,0,0,0,0,0,0,0,0,0,0,0,0,0,0,0,0,0,0,0,0,0,0,0,0,0,0,0,0,0,0,0,0,0,0,0,0,0,CHEMBL4078836,CC[C@@H]1NC(=O)[C@H](CCCNC(=N)N)NC(=O)[C@H](NC(=O)C(C)C)CCNC(=O)[C@@H](c2ccccc2)NC1=O.O=C(O)C(F)(F)F,6.2,0.7923916894982539,CHEMBL612545,Unchecked,4,Large-Polar-Aliphatic-Flexible-Hydrophilic,Other
14.14192791005291,14.14192791005291,0.0,-4.734919293789457,0.4062092971078924,19.365853658536587,610.464,582.2400000000002,609.1521297759999,218,0,0.4167980742778372,-0.475489049810379,0.475489049810379,0.4167980742778372,0.951219512195122,1.7317073170731707,2.4146341463414633,35.49571812650916,9.892678421631244,2.490253888417945,-2.452453803402759,2.3502207166222377,-2.6396639945843625,6.302425001588652,-0.1526004098129809,2.964501261972592,3.871990828662583e-06,1373.333502002752,28.329851878000294,21.88862624197041,23.46105176891659,19.160452272162935,12.86664870663884,13.24461317964807,9.7701914532341,10.206627233706085,7.138234600331124,7.373331703118863,5.202866092407197,5.383143008306137,-3.5699999999999994,931318609.5134327,30.389999079888725,12.52265129498728,6.675704113484635,246.02158668763315,19.436592146351483,11.567374611118932,0.0,5.601050810983688,11.814359458703011,6.176298517443475,14.57305288909085,4.983978520947208,13.17124514302446,12.407033161179976,23.733674027155736,49.239845656621675,56.336946058143425,17.671659389306566,27.49718246496815,41.64019528795053,0.0,19.76777650359537,0.0,24.618992574279183,44.16844816632592,83.27100355966743,0.0,5.749511833283905,9.636772684650529,18.98910792085949,5.749511833283905,24.007973051412492,76.45172520875751,10.970835701515297,0.0,28.763083413317833,67.12146726253211,5.022633313741326,0.0,0.0,78.87,28.811432041172655,22.760319511168102,0.0,37.82454732528264,43.37199239360154,24.27791698952279,4.899909730850477,35.36222157630999,18.19910120538483,14.867866772744891,16.337802844032566,47.3520097819329,6.16496931584558,40.71357685005201,0.4009215650417159,-3.1451839693066845,-0.0367227591108271,12.976863276250423,-0.4804589013598113,1.8318026184324812,0.0,0.3571428571428571,41,0,8,0,2,2,2,1,2,3,1,0,6,0,13,4,5,0,2,2,0,1,9.28203320323002,5,4.973200000000006,149.46549999999974,0,0,0,0,0,2,0,0,0,0,2,2,0,0,0,5,0,0,0,0,1,0,0,0,0,3,0,2,0,1,0,0,0,0,1,0,0,0,0,0,0,1,0,0,5,0,0,0,0,0,0,0,0,0,0,0,0,0,0,0,0,0,0,0,0,0,0,0,0,1,1,0,0,2,0,0,0,0,0,0,0,0,0,0,0,CHEMBL3112779,Cl.O=C(c1cnccc1C(F)(F)F)N1CCCC(Oc2cccc(Cl)c2)(C(=O)N2CCN(c3ccccn3)CC2)C1,5200.0,3.716003343634799,CHEMBL1907611,Tumour suppressor p53/oncoprotein Mdm2,4,Large-Polar-Aromatic-Rigid-Hydrophobic,Large-Polar-Aromatic-Rigid-Hydrophobic
12.782390979359452,12.782390979359452,0.2242211917318928,-4.229265478984608,0.3935321786808432,15.647058823529411,493.59900000000016,463.35900000000015,493.21231624,184,0,0.3933283894768193,-0.4935391272711029,0.4935391272711029,0.3933283894768193,1.1764705882352942,2.0,2.764705882352941,32.13353954586318,10.03721897066311,2.290020254078092,-2.3234634242930303,2.327884911550019,-2.38371156436588,7.182462359718324,-0.1261385725356616,3.2002840481534016,1.2948444805151862,1066.1881927812476,23.968044558434503,19.19744370146159,20.01394028238932,16.39229264772375,11.548391704980425,12.36488828590815,8.593502697003052,9.708702568292296,5.828014481249115,6.871063499925605,4.164713976709961,5.191073401207205,-2.43,49487809.9979354,24.686908095818133,11.330834098579473,7.035927524444424,201.09300478453585,15.37044016181271,22.72509110550404,0.0,0.0,0.0,6.176298517443475,4.899909730850477,9.967957041894415,13.17124514302446,11.336785877934735,12.13273413692322,56.617445954449614,30.553257240586984,18.413927801903725,17.908108096824506,27.371269289855128,0.0,20.184655376751223,0.0,44.446182244208046,38.60561176893416,47.09975410247088,0.0,5.749511833283905,15.37044016181271,18.98910792085949,5.749511833283905,11.336785877934735,60.37482928426415,12.965578028838586,0.0,29.70306355417632,36.65915541707259,0.0,10.216620634085364,0.0,62.31,12.597120140369483,13.17124514302446,0.0,10.91898802284926,22.64136537643331,62.52778820364697,11.890771566461538,6.06636706846161,19.18040611960041,37.634178117680776,4.736862953800049,44.18993825415248,1.0775123197945091,11.733255304773447,7.233619728397859,1.2273164952010762,1.5229970503674928,10.047723566121809,-0.9088905077982796,4.358697235892796,1.9344972197634849,0.5,34,2,6,0,1,1,0,1,2,3,0,0,7,2,10,3,10,0,1,1,0,0,8.227154707076286,4,4.860900000000004,129.57640000000004,0,0,0,0,0,2,0,0,0,0,0,0,0,0,0,3,2,0,0,0,1,0,0,0,0,3,0,0,0,1,0,0,0,0,1,0,1,0,0,0,0,1,0,0,3,0,0,0,0,0,0,0,0,0,0,0,0,0,0,0,0,0,0,0,0,0,0,0,0,1,0,0,0,0,0,0,0,0,0,0,0,0,1,0,0,CHEMBL4535699,CNCCCOc1cccc(CN2CCC(Nc3ncnc4sc(CC(F)(F)F)cc34)CC2)c1,1120.0,3.0492180226701815,CHEMBL2093861,Menin/Histone-lysine N-methyltransferase MLL,4,Large-Polar-Aromatic-Flexible-Hydrophobic,Large-Polar-Aromatic-Flexible-Hydrophobic
15.182310894427747,15.182310894427747,0.1422323633940458,-1.3476715104500403,0.2199550674175064,23.75862068965517,791.9729999999998,737.5409999999999,791.4282794280001,306,0,0.2546890789276663,-0.3767526712077087,0.3767526712077087,0.2546890789276663,0.9310344827586208,1.6896551724137931,2.431034482758621,19.1471598483725,9.883453936614512,2.4055208614998205,-2.423462895842686,2.414302214903301,-2.520093000211574,6.05172036406178,-0.1364590083701475,3.743162085236665,0.7448170571514244,2171.303489531473,40.130452307392005,33.75360802062772,33.75360802062772,27.985318138398192,20.964127206122413,20.964127206122413,17.353218013823806,17.353218013823806,12.780343070010566,12.780343070010566,9.740451970162171,9.740451970162171,-4.920000000000001,15639665525057.764,38.59000266325975,15.68411447684725,7.688854020572658,338.44772912012246,24.42057066729869,11.71060064789364,0.0,17.762698739689505,5.907179729351506,0.0,29.50021961792275,14.358372089569237,0.0,0.0,18.19910120538483,81.84686934801634,117.17029943352038,18.75268918140918,23.510889553690333,40.26018967580563,0.0,34.96845335939938,0.0,89.31832481355237,68.76475267351447,82.80599058409386,0.0,0.0,15.116608065707286,16.026140603344878,0.0,0.0,130.194545020051,27.291515350782277,0.0,85.23861006563214,54.85825662245742,0.0,10.902924932081056,0.0,130.24,11.71060064789364,14.383611552215466,4.39041504767482,42.33000885702475,31.680667890961075,99.04901696169485,10.949675706161791,18.74738413023173,30.59278834861098,61.0896115218925,14.704819995694464,21.56983429949276,0.0,61.51585370206941,3.604017440203285,5.793257480993839,-0.0856794272625679,13.770291434326442,7.371729174102731,13.044029229407442,0.0,0.5227272727272727,58,2,13,0,5,5,3,2,2,4,3,0,10,2,14,7,10,0,3,3,0,1,10.435345162627694,9,4.610600000000003,219.55989999999937,0,0,0,0,0,3,1,0,0,0,3,3,0,0,0,7,2,0,0,0,0,1,0,0,0,1,0,3,0,2,0,0,0,0,2,0,4,0,0,0,0,1,0,0,1,0,0,0,1,0,0,0,0,0,0,0,0,0,0,0,0,0,0,0,1,0,0,0,0,2,1,0,0,0,0,0,0,0,0,0,0,0,0,0,0,CHEMBL4785047,C[C@@H]1Cc2c([nH]c3ccccc23)[C@@H](c2cnc(N3CCC(OCCN4CCN(c5ccc6c(c5)CN(C5CCC(=O)NC5=O)C6=O)CC4)CC3)nc2)N1CC(C)(C)F,0.5,-0.3010299956639812,CHEMBL4523681,Protein cereblon/Estrogen receptor,4,Large-Polar-Aromatic-Flexible-Hydrophobic,Large-Polar-Aromatic-Flexible-Hydrophobic
14.22495995491073,14.22495995491073,0.0488863712559415,-1.2215569817194718,0.0226600466621381,19.93103448275862,841.0979999999997,772.5539999999997,840.511611516,330,0,0.3256966935004625,-0.4797174682622497,0.4797174682622497,0.3256966935004625,0.7241379310344828,1.293103448275862,1.913793103448276,32.16636687570764,9.843499369114648,2.489897747413347,-2.3606887904855283,2.40042123403526,-2.5866903683700455,7.98188201608926,-0.1461113494290056,3.5679770335850116,1.987795243396926,1393.6498638181283,43.19973088707385,33.692747566256486,34.509244147184205,27.601569623521097,20.203849228405932,21.59769607852328,14.982054093543756,15.892737696066714,10.443623253604724,11.136073343334598,7.402848602299094,7.913340073772945,-4.410000000000001,1522348576862.0537,49.73520473542198,26.56321477557935,17.21019669921881,344.516201357921,70.5755061355401,24.16736331659184,11.91910913748767,29.535898646757527,0.0,5.969305287951848,34.79125313194215,4.794537184071822,11.761884949391115,0.0,12.84164324585202,95.7682911106975,31.428963653632476,12.08368165829592,33.87375049927164,59.186198021588154,10.818567211583044,36.80064135488846,34.58624343197232,132.18438852499986,38.1876484139085,0.0,0.0,0.0,60.56906900984892,0.0,0.0,11.761884949391115,137.91128441583243,28.76722310443093,16.736473257744436,89.89150272096417,0.0,0.0,0.0,0.0,375.87,65.84906918024564,33.87375049927164,0.0,68.68276982866428,63.66418299606745,19.26246486877803,16.66179468024159,0.0,6.255769183511404,31.900731624037984,39.48690459739397,0.0,1.4179144879200674,80.42592702138828,40.595113991403885,28.690913688735854,-3.580355385531048,-6.004453282363612,8.75046937420564,1.0378034375742664,0.0,0.7777777777777778,58,19,21,1,1,2,5,0,0,0,8,0,12,14,22,1,27,1,1,2,0,2,22.778050436110785,2,-2.7453600000000096,222.20839999999967,1,0,0,0,0,0,0,0,1,1,6,5,0,0,0,1,8,5,0,0,1,0,0,0,0,0,0,5,0,0,0,0,0,0,0,0,1,0,0,0,0,0,0,2,0,0,0,0,0,0,0,0,0,0,0,0,0,0,0,0,0,0,0,0,0,0,0,0,0,0,0,0,0,0,0,1,0,0,0,0,0,0,0,2,0,CHEMBL5437389,CSC[C@H](N)C(=O)N[C@@H](CCCCNC(=N)N)C(=O)NCCCC[C@H](N)C(=O)N[C@@H](CCN)C(=O)N1C2CCCCC2C[C@H]1C(=O)N[C@@H](CCCNC(=N)N)C(=O)O,2820.0,3.450249108319361,CHEMBL5482974,VEGA-NRP1,4,Large-Polar-Aliphatic-Flexible-Hydrophilic,Other
12.047624707157222,12.047624707157222,0.0130582156339729,-1.1368982082298271,0.390210106399489,24.871794871794872,532.6890000000002,492.3690000000004,532.31618914,208,0,0.3735886014029551,-0.4753358811273937,0.4753358811273937,0.3735886014029551,1.1025641025641026,1.871794871794872,2.5641025641025643,16.478806618297845,9.802555102369467,2.3293417511422874,-2.3734063917535297,2.3775991850840135,-2.410022433004771,5.914194831289502,0.0683708084983308,3.2736158566155615,1.4738456412766352,1299.019959582464,26.932146173572253,23.051455438875752,23.051455438875752,18.974366886035764,14.65025088083826,14.65025088083826,11.840279624568538,11.840279624568538,9.1413786573464,9.1413786573464,6.450706521146915,6.450706521146915,-3.1999999999999997,824192869.3011682,26.04480968858131,11.117580340264649,5.331370862549198,229.54364135625133,24.62718833128892,5.516700717616262,11.465039998602755,11.77274377898642,0.0,5.969305287951848,0.0,14.762494225966236,4.983978520947208,0.0,56.518037410776714,55.92419332157584,19.13135364097311,19.255604758173796,14.637927532712578,28.89938528515736,0.0,19.51903521063298,17.75371813848418,77.42166382407183,29.975218669795225,41.71969133200497,0.0,0.0,10.216698334856808,11.766202058821523,0.0,0.0,56.39522905751189,11.281619359712623,17.75371813848418,81.01745976278004,30.33183534230805,0.0,11.16387793838399,0.0,105.4,5.969305287951848,9.901064578912528,0.0,17.908086156295848,43.059372425863955,23.92770245067673,50.50920285217907,0.0,6.06636706846161,62.86469769777027,9.720841474747257,8.229656382057383,0.0,28.451064408272337,13.463985188877794,2.442453651213572,1.937692486768132,10.626923707230764,8.45391029958903,7.227647209324317,0.0,0.6,39,2,9,2,1,3,0,1,2,3,2,0,8,2,9,3,8,2,1,3,0,0,7.42449395281297,6,5.529200000000006,151.17799999999977,0,0,0,0,1,4,0,0,1,1,1,0,0,0,0,5,1,0,0,0,0,0,0,0,0,0,0,0,0,2,0,0,0,0,1,0,1,0,0,0,0,1,0,0,0,0,0,1,0,0,0,0,0,0,0,0,1,0,0,0,0,0,0,0,0,0,0,0,0,0,0,0,0,0,0,0,0,0,0,0,0,0,0,0,0,CHEMBL5076169,C[C@@H](Nc1nc(C(=O)O)nc2nc(N3CCOC[C@H]3c3ccccc3)n(C[C@H]3CC[C@H](C)CC3)c12)C1CCC1,0.2,-0.6989700043360187,CHEMBL1907611,Tumour suppressor p53/oncoprotein Mdm2,4,Large-Polar-Aromatic-Flexible-Hydrophobic,Large-Polar-Aromatic-Flexible-Hydrophobic
15.236771283923131,15.236771283923131,0.1180086414400725,-1.333113033735725,0.1964136208963638,24.92063492063492,859.1079999999996,795.6039999999999,858.5068640960001,334,0,0.2546890789274895,-0.3715051593405543,0.3715051593405543,0.2546890789274895,0.8095238095238095,1.4603174603174602,2.111111111111111,19.147161079176737,9.883377415488262,2.4081485312353204,-2.424258131622334,2.416345771459834,-2.5200866387425473,6.05177612632114,-0.1364593781244299,3.806673596548835,0.671762155009319,2321.1916449589025,43.406473189330896,37.19835071959964,37.19835071959964,30.43480788118137,23.52142627103805,23.52142627103805,19.929395373425592,19.929395373425592,14.931767412248478,14.931767412248478,11.513850508500806,11.513850508500806,-4.920000000000001,219470783198731.2,42.05410829245085,17.22735691964505,8.700434175053168,369.91289697927266,29.4835271751996,11.71060064789364,0.0,17.762698739689505,5.907179729351506,0.0,24.600309887072275,14.358372089569237,0.0,0.0,18.19910120538483,106.52432468619116,136.80456865125814,6.041840829147961,18.774026599890284,40.26018967580563,0.0,39.868363090249865,11.835812092322788,96.05600167165608,81.79213992673928,82.80599058409386,0.0,0.0,15.116608065707286,16.026140603344878,0.0,0.0,142.017875616378,22.554652396982227,11.835812092322788,98.08025331148416,54.85825662245742,0.0,10.902924932081056,0.0,124.25,11.71060064789364,14.383611552215466,4.39041504767482,36.22604246927644,36.90959801877094,131.52492942528457,10.949675706161791,18.74738413023173,18.46005421168776,78.12225538966621,9.967957041894415,15.236771283923131,0.0,64.96600371563338,3.641155750222864,6.025092268309068,1.399320026417073,14.032646766366842,10.069486946968926,17.046189908825394,0.0,0.5714285714285714,63,2,13,0,6,6,3,2,2,4,3,0,10,2,14,8,10,0,4,4,0,1,11.499700531610404,10,5.553600000000006,242.4738999999992,0,0,0,0,0,3,1,0,0,0,3,3,0,0,0,8,2,0,0,0,0,1,0,0,0,1,0,3,0,2,0,0,0,0,2,0,4,0,0,0,0,0,0,0,1,0,0,0,1,0,0,0,0,0,0,0,0,0,0,0,0,0,0,0,1,0,0,0,0,3,1,0,0,0,0,0,0,0,0,0,0,0,0,0,0,CHEMBL4747484,C[C@@H]1Cc2c([nH]c3ccccc23)[C@@H](c2cnc(N3CCC(CN4CCN(CC5CCN(c6ccc7c(c6)CN(C6CCC(=O)NC6=O)C7=O)CC5)CC4)CC3)nc2)N1CC(C)(C)F,0.6,-0.2218487496163564,CHEMBL4523681,Protein cereblon/Estrogen receptor,4,Large-Polar-Aromatic-Flexible-Hydrophobic,Large-Polar-Aromatic-Flexible-Hydrophobic
11.312467904692744,11.312467904692744,0.1613393004019736,-1.2772425699041443,0.145075339008353,21.8,552.5960000000003,520.3400000000004,552.255714124,212,0,0.3200187103238949,-0.4800858278428935,0.4800858278428935,0.3200187103238949,1.15,1.95,2.725,16.555962700805857,10.09615832105871,2.4457948850807947,-2.2612540617555523,2.3219778879908923,-2.4186085733014444,5.807091983445239,-0.1383387538204165,3.656349534835355,1.2783364311981116,1429.9013439812938,28.225039392385703,21.638740856390935,21.638740856390935,19.29573409108168,12.881317336322486,12.881317336322486,9.80631690703679,9.80631690703679,6.954214684116693,6.954214684116693,4.738288744368748,4.738288744368748,-4.0200000000000005,1364222066.7330298,27.543250359546953,12.014622565547873,6.077965288052694,228.571524789719,31.523780092646533,36.19776078477367,17.692941169337626,0.0,0.0,5.969305287951848,18.94334949785884,14.951935562841625,0.0,5.098681808301038,35.54522043796292,18.405094737549017,32.37586919526338,12.021248069613002,24.85098232239399,22.951046004170863,0.0,39.41281478058454,5.733667477162185,56.5127972208049,18.823180288987334,60.440698549995666,0.0,0.0,11.46733495432437,5.817862777835028,0.0,0.0,98.14495505727652,29.04173457262303,0.0,23.906102280206337,49.183319063450206,0.0,11.16387793838399,0.0,216.58,36.55094645107958,20.11411936859394,0.0,25.32819721258619,29.947318745057604,6.4208216229260096,22.785191289017433,4.681802935145184,41.4285886447716,25.26400246679753,16.20419790812442,9.3409481500922,0.0,25.50666470121147,39.4503653400143,14.194125089065672,-0.9177897198597748,8.9866889880992,1.1968537541314224,1.4088103639121718,0.0,0.44,40,7,15,0,1,1,0,1,3,4,5,0,14,5,15,4,12,0,1,1,0,0,8.273043932458682,5,-0.8338999999999968,141.3321999999999,1,2,2,1,0,7,0,0,1,1,1,0,0,0,0,8,0,2,0,0,0,0,0,0,0,0,0,0,0,1,2,0,0,0,1,0,1,0,0,0,0,1,0,0,0,0,0,1,0,0,0,0,0,0,0,0,0,0,0,0,0,0,0,0,0,0,0,0,0,0,0,0,0,0,0,0,0,0,0,0,0,0,0,0,0,CHEMBL4647930,Nc1ncnc2c1ncn2[C@@H]1O[C@H](CN(CC[C@H](N)C(=O)O)Cc2cn(CCc3ccccc3)nn2)[C@@H](O)[C@H]1O,132.0,2.12057393120585,CHEMBL4106124,MLL1-ASH2L/RbBP5/WDR5/DPY30,4,Large-Polar-Aromatic-Flexible-Hydrophilic,Other
14.346081277628898,14.346081277628898,0.0,-4.842263298404742,0.2895099283831074,18.387755102040817,714.1070000000001,679.8350000000002,713.2203515680001,264,0,0.4167980742778372,-0.4755442221612773,0.4755442221612773,0.4167980742778372,0.8775510204081632,1.5510204081632653,2.183673469387755,35.453002430004545,9.8922645490442,2.49230574904996,-2.4550524423880664,2.364736148479793,-2.6395935879832,5.967939591680641,-0.1527333828084725,3.0717848440639552,5.407982091434941e-06,1647.4534537246996,34.69165919756609,26.31269666413932,27.129193245067047,22.714312392669218,15.316266943757498,15.316266943757498,11.565895847931614,11.565895847931614,8.390460787043093,8.390460787043093,5.949025943333361,5.949025943333361,-4.53,28042063157.51084,37.29133631880594,14.929237930403444,8.376640557205326,284.16643142982196,24.753380750357813,5.749511833283905,0.0,11.508230540335196,11.814359458703011,12.35259703488695,19.36759007316267,0.0,26.34249028604892,12.407033161179976,19.056471336613843,55.30621272508329,51.53829079571503,34.60988343037069,45.46296479206444,41.50334489860162,0.0,14.783797982648162,0.0,44.13984991433929,49.48523677033226,83.68134523447164,0.0,5.749511833283905,14.953561288656855,37.71726283541605,5.749511833283905,12.407033161179976,77.37492641716183,21.941671403030593,0.0,47.67109372763146,66.99099075938065,0.0,0.0,0.0,95.08,53.00311818557721,40.72610183826439,0.0,62.96045881033113,24.843266154970323,47.246451422606626,4.899909730850477,19.056471336613843,17.032643867773697,10.300767124953538,4.736862953800049,87.23593594667936,0.0,48.27591615337585,2.867975927317393,-3.2339342207638095,-1.7785948498128463,11.66551717386189,-7.197132374024101,2.41431624336626,0.0,0.3939393939393939,49,1,9,0,2,2,3,2,1,3,1,0,6,1,16,3,7,0,2,2,0,1,11.36186189073774,5,6.292100000000007,170.58319999999964,0,0,0,0,0,1,0,0,0,0,3,3,0,0,0,4,1,0,0,0,1,0,0,0,0,6,0,3,0,2,0,0,0,0,2,0,0,0,0,0,0,1,0,0,7,0,0,0,0,0,0,0,0,0,0,0,0,0,0,0,0,0,0,0,2,0,0,0,0,1,1,0,0,1,0,0,0,0,0,0,0,0,0,0,0,CHEMBL3112808,CCC(=O)Nc1ccccc1N1CCN(C(=O)C2(Oc3ccc(C(F)(F)F)cc3)CCCN(C(=O)c3cnccc3C(F)(F)F)C2)CC1.Cl,370.0,2.568201724066995,CHEMBL1907611,Tumour suppressor p53/oncoprotein Mdm2,4,Large-Polar-Aromatic-Flexible-Hydrophobic,Large-Polar-Aromatic-Flexible-Hydrophobic
14.032870586093544,14.032870586093544,0.1967115435603899,-0.6634549034742594,0.3659715697859054,22.24324324324324,526.0160000000002,496.7840000000002,525.205529068,194,0,0.4387414007668095,-0.336611181514967,0.4387414007668095,0.336611181514967,1.162162162162162,2.0,2.72972972972973,35.495692294690976,9.827719834941432,2.315608325467783,-2.2948015094567613,2.3807535585618,-2.334797475699685,6.30308461246663,0.2662710593916948,3.6296968418976694,1.5774547377758827,1473.3615878729252,25.51793261119916,20.66112001495224,21.417048960970693,17.99553493609094,12.910111647996494,13.28807612100572,10.351363959793527,10.787799740265513,7.753991516780158,7.960690469193008,5.769944316835293,5.943836485211064,-3.2699999999999996,489939027.76653045,24.08869971518245,9.88742118175038,4.627091929302181,217.613056025701,9.467009378641832,12.368518967123368,0.0,11.77274377898642,0.0,5.756062822229453,14.491051978867764,19.152909273641058,0.0,0.0,36.5229835929006,49.65183272095004,31.0466514467483,27.791803572970274,8.913509984648169,28.582680606451532,0.0,29.65967698870563,11.835812092322788,58.03526417230722,18.11925710903796,40.099654600191975,0.0,22.775711979393844,10.65597255307993,10.338754328661311,0.0,11.600939890232516,48.92086519604106,6.544756405912575,11.835812092322788,45.448666937246685,33.84405340119454,5.022633313741326,33.80911341462637,0.0,105.73,12.430653794504362,9.184952231746642,0.0,11.866245327147888,27.845096067215906,61.71919683999033,12.84164324585202,18.46005421168776,6.06636706846161,31.515366877352317,26.091991869100276,20.991167963302807,6.324388538593002,30.581469690426033,4.319619613970518,3.298770804745734,1.5479287606755732,3.4136477513921593,9.708923338195282,3.42519464981,0.0,0.5,37,1,9,1,1,2,0,0,4,4,1,0,8,1,11,5,6,1,1,2,0,0,6.437165400127548,6,5.254600000000004,139.3516999999999,0,0,0,0,0,6,1,0,0,0,0,0,0,0,0,6,1,0,0,0,0,1,0,0,0,1,0,0,0,1,0,0,0,0,0,0,1,0,0,0,0,0,0,0,2,0,0,1,0,0,0,0,0,0,0,0,0,0,0,0,0,0,0,0,0,0,0,0,0,0,0,0,0,2,0,0,0,0,0,0,0,0,0,0,0,CHEMBL3647051,C[C@H]1CC[C@H](Cn2c(N3CCC[C@H]3CF)nc3cc(-c4noc(=O)[nH]4)nc(-c4cncc(Cl)c4)c32)CC1,1.0,0.0,CHEMBL5023,p53-binding protein Mdm-2,4,Large-Polar-Aromatic-Rigid-Hydrophobic,Large-Polar-Aromatic-Rigid-Hydrophobic
14.82433609705775,14.82433609705775,0.124176114080122,-3.117319737669943,0.5508597059114536,21.514285714285716,506.91600000000017,484.74000000000024,506.144486284,184,0,0.300696321625657,-0.4797949945732011,0.4797949945732011,0.300696321625657,1.2857142857142858,2.057142857142857,2.7714285714285714,35.495692508064884,10.044930714920074,2.507711133490281,-2.3386139877189764,2.453265748721942,-2.488283912377556,6.3249988124504215,-0.0578653187533348,3.642770109549294,1.4113965400335535,1389.9097635843434,24.482398705266423,18.694194645224588,19.45012359124304,16.70834712075999,11.335535989868262,11.713500462877487,9.303178814451485,9.71037894119209,6.724354802933492,7.0009513539535035,4.608847326512184,4.747145602022191,-3.21,122321684.91066904,22.266416584183233,7.905762710378526,3.814982958259068,202.6055027727399,24.837449540454543,11.19430870925162,12.424744742347947,11.6978511142704,5.559266895052007,5.922529168094576,4.794537184071822,18.155223663971668,4.983978520947208,0.0,11.600939890232516,36.958650497398246,18.12128247182555,36.53228420488601,17.908108096824506,45.644839430502216,0.0,14.53505668968577,12.965578028838582,30.97768863860485,35.22988171520121,39.772382169863064,0.0,5.749511833283905,25.829616787715196,36.312219751213114,5.749511833283905,11.600939890232516,52.36749685877666,7.04767198267719,5.917906046161393,12.84164324585202,29.19048196106973,5.022633313741326,10.902924932081056,0.0,84.31,30.30219425231775,17.96578232709628,0.0,35.46695027969534,41.19815651143817,0.0,10.763943219404432,30.146682918912497,0.0,20.601534249907075,16.337802844032566,49.67928153386237,6.292922976038355,23.20249369468227,6.898562123005695,0.8878539618227026,-2.744369564611637,4.064607617068611,1.931595748687355,-0.422852754242927,1.5710157747983118,0.4347826086956521,35,2,8,1,2,3,0,1,2,3,1,0,8,2,12,4,4,1,1,2,0,0,5.029514454999709,6,4.1018000000000026,127.19940000000004,0,0,0,0,0,3,0,0,0,0,0,0,0,0,0,4,2,0,0,0,0,0,0,0,0,3,0,0,0,4,1,0,0,0,1,0,3,0,0,0,0,1,0,0,4,0,0,0,0,0,0,0,0,0,0,0,0,0,0,0,0,0,0,0,0,0,0,0,0,0,0,0,0,1,0,0,0,0,0,0,0,0,0,0,0,CHEMBL5413731,Cn1c(=O)c2c(c3cc(Nc4nc(N5CC(F)C5)ncc4Cl)ccc31)N[C@@H](C1CC1)C(F)(F)CO2,5.7,0.7558748556724915,CHEMBL4105786,B-cell lymphoma 6 protein,4,Large-Polar-Aromatic-Rigid-Hydrophobic,Large-Polar-Aromatic-Rigid-Hydrophobic
14.60181420026944,14.60181420026944,0.0787127944534431,-0.5535143175727588,0.3808420721592073,19.45945945945946,522.6500000000003,491.4020000000003,522.221323452,194,0,0.2653493821989781,-0.494497909230066,0.494497909230066,0.2653493821989781,1.2162162162162162,2.027027027027027,2.756756756756757,32.13356195033211,10.14713038183848,2.236655707391523,-2.357192770225406,2.340288389530779,-2.5434721155212316,7.147590482851299,0.1025354917498485,3.5791518416955004,1.3010731115222236,1315.9752205176055,25.940582342009534,21.176036459540057,21.992533040467784,17.889381786208297,12.485225533655868,13.301722114583594,9.51996638120423,10.60374333769105,6.471482858052486,7.631058894100304,4.807979044328559,5.777286613533699,-3.4999999999999987,339051142.69673127,25.162222222222223,10.857040653143676,5.751843043995244,219.51825586534704,25.587138496669517,5.749511833283905,11.635083618880923,5.948339280986494,5.907179729351506,0.0,4.794537184071822,9.374393568622027,4.983978520947208,11.336785877934735,6.076020106833881,62.94851207207499,41.80409500696754,23.87117458127547,13.921815185546691,45.95804474554416,0.0,15.284745645900744,0.0,45.19362092645521,35.732797291965824,58.1762142492035,0.0,5.749511833283905,25.587138496669517,27.531389655863464,5.749511833283905,11.336785877934735,48.15812878264453,0.0,5.817220841045894,47.6587708396337,42.60469902075501,0.0,5.5731045300692665,0.0,91.41,5.817220841045894,9.184952231746642,0.0,23.808724165482456,27.94977085733882,30.80830325137847,36.63735314382062,18.19910120538483,12.13273413692322,50.74172709097901,4.736862953800049,20.119386668969703,1.4934146925480762,25.38514279270795,9.42953351141309,2.422124626520766,0.25809355138226,9.598540495711047,6.758391619310688,5.6735809782075854,1.5284577298954931,0.3703703703703703,37,3,8,1,1,2,1,1,2,3,2,0,8,3,10,3,7,0,1,1,0,0,7.383439718651403,5,5.435600000000005,146.63959999999983,0,0,0,0,0,2,0,0,0,0,1,1,0,0,0,3,3,0,0,0,0,0,0,0,0,0,2,1,0,4,0,0,0,0,1,0,0,0,0,0,0,1,0,0,1,0,0,0,0,0,0,0,0,0,0,1,0,0,0,0,0,0,0,0,0,0,0,0,0,0,1,0,0,0,0,0,0,0,0,0,0,0,1,0,0,CHEMBL4538610,COc1cc(Nc2nc(N3C[C@@H](C)N[C@@H](C)C3)ncc2F)ccc1NC(=O)c1ccc(C2=CCCC2)s1,470.0,2.6720978579357175,CHEMBL4105786,B-cell lymphoma 6 protein,4,Large-Polar-Aromatic-Flexible-Hydrophobic,Large-Polar-Aromatic-Flexible-Hydrophobic
15.401277296710951,15.401277296710951,0.0456627624228911,-2.0279835037458565,0.0711142229656278,18.142857142857142,1020.6509999999996,961.1789999999992,1019.3600577479996,374,0,0.2461640673851911,-0.3881334979858956,0.3881334979858956,0.2461640673851911,0.9,1.5714285714285714,2.242857142857143,35.495694673999004,9.851935122413993,2.5040883772799565,-2.3497250365006517,2.3959884005790637,-2.5865728152578065,7.148040959381012,-0.1450602800978784,4.0641305761769155,0.806080186761975,2684.4304526198134,50.276716677333944,40.21463030921316,42.603552417087066,33.4206503144078,22.978740201960495,25.05285406715234,18.231412978626263,20.725812732630235,12.068767395313657,14.490797912567803,8.22273626177217,10.374315263715475,-5.48,1698273531837587.0,52.34687138311977,23.168605858928014,12.331805240482508,418.74825497706354,40.16739179911033,41.6618573143929,11.99607989351022,23.628718917406022,0.0,0.0,28.73765311671431,9.374393568622027,0.0,32.87093537247155,68.77035390007404,61.93302788017347,34.11619630266177,67.79328731634101,42.88568004020296,63.61491556627871,0.0,40.59871732821011,10.407395202032449,91.8329026973754,52.73080459890265,103.5377992863892,0.0,15.441680662086164,15.950365812018994,4.39041504767482,0.0,34.274511646101985,136.18541087166574,39.93349400360001,33.10993926815927,77.70756420248344,59.03388055394593,5.022633313741326,15.441680662086164,0.0,211.48999999999995,60.082450334066344,24.28467613112799,4.39041504767482,65.05880595118016,16.67144230974118,58.87815655104507,11.336785877934735,37.61853675062399,66.94551059486548,44.97918234894952,30.803933484268335,34.14086987167646,9.392410198769907,66.26368043123206,29.155137581976433,7.322249245568221,-0.9837852514966898,11.672151122480814,-3.564935082774917,13.6299996603455,0.0,0.4693877551020408,70,4,17,0,2,2,4,2,3,5,5,0,15,4,21,5,20,0,1,1,0,0,17.32577187176429,7,5.544680000000006,265.2858999999995,0,1,1,0,0,4,0,0,0,0,4,4,0,1,1,6,3,0,0,0,1,0,0,0,0,1,0,4,0,0,3,0,0,0,2,0,3,0,0,0,0,3,0,0,2,0,0,0,0,0,0,0,0,0,0,0,0,0,0,0,0,0,0,0,0,0,0,0,0,0,0,0,0,0,0,0,0,0,0,0,1,0,1,0,0,CHEMBL5176799,Cc1ncsc1-c1ccc(CNC(=O)[C@@H]2[C@H](F)[C@@H](O)CN2C(=O)[C@@H](NC(=O)COCCOCCOCCNC(=O)C[C@@H]2N=C(c3ccc(Cl)cc3)c3c(sc(C)c3C)-n3c(C)nnc32)C(C)(C)C)cc1,346.0,2.5390760987927767,CHEMBL4296148,von Hippel-Lindau disease tumor suppressor/Elongin-B/Elongin-C/Bromodomain-containing protein 4,4,Large-Polar-Aromatic-Flexible-Hydrophobic,Large-Polar-Aromatic-Flexible-Hydrophobic
12.895664402125997,12.895664402125997,0.0194519636558325,-0.7146412948998215,0.3427378816379886,52.76923076923077,544.7730000000003,492.3570000000004,544.3763893839999,220,0,0.3110292689802378,-0.4685948982634008,0.4685948982634008,0.3110292689802378,0.9487179487179488,1.6153846153846154,2.2564102564102564,16.53506118619453,9.329064962967864,2.7042727494498053,-2.7166849663262966,2.7532927334555217,-2.688303380711412,5.76201998510608,-0.254538829883855,2.87251555375294,1.5562497331991898,1068.4124511960613,28.81119030894212,25.5625897798586,25.5625897798586,18.016127729685145,15.302257473770135,15.302257473770135,15.670969367388851,15.670969367388851,13.995976274030182,13.995976274030182,11.001747888382925,11.001747888382925,-1.4,234285956.3360164,29.104715236686392,9.048050934739866,3.7845020107516487,234.8372420521839,19.68678069728151,0.0,0.0,0.0,0.0,11.938610575903695,9.589074368143644,0.0,0.0,0.0,46.267810635356255,92.28899972977322,24.17453976141019,31.33960275068383,29.27585506542515,11.938610575903695,0.0,0.0,50.24366095486484,118.46148777966506,13.716679505790452,11.649124636903148,0.0,0.0,0.0,0.0,0.0,0.0,48.07627764687216,19.06280027574374,50.24366095486484,106.25355500416846,11.649124636903148,0.0,0.0,0.0,93.06,28.45290418368694,19.802129157825057,0.0,46.62627604092974,12.338727669087405,51.36657298340809,14.033534740968156,5.5731045300692665,0.0,47.61844330497762,9.473725907600098,10.82023717324427,0.0,24.67224096762312,22.95675378403142,0.2454377465832338,0.2359659517421883,0.0,9.320567623529453,15.402905646791318,1.5125577731216606,0.8787878787878788,39,2,6,5,0,5,0,0,0,0,11,0,6,2,6,0,3,4,0,4,0,0,6.752331946221486,5,5.8360000000000065,149.41059999999982,0,2,2,0,0,0,0,0,0,0,2,2,0,0,0,0,0,0,0,0,0,0,0,0,0,0,2,0,0,0,0,0,0,0,0,0,7,0,0,0,2,2,0,0,0,0,0,0,0,0,0,0,0,0,0,1,0,0,0,0,0,0,0,0,0,0,0,0,0,0,0,0,0,0,0,0,0,0,0,0,0,0,0,0,0,CHEMBL558462,COC(=O)[C@]1(C)CC[C@]2(C)CC[C@]3(C)C(=CC[C@@H]4[C@@]5(C)[C@@H](O)C[C@H](O)[C@@](C)(COC(C)=O)[C@@H]5CC[C@]43C)[C@H]2C1,1700.0,3.230448921378274,CHEMBL394,HCT-116,4,Large-Polar-Aliphatic-Flexible-Hydrophobic,Other
11.44538161375177,11.44538161375177,0.2078463573485292,-1.2332540724487664,0.1344662728361209,22.89130434782609,630.7500000000005,588.4140000000004,630.3278164440001,244,0,0.3200187084936397,-0.4800858278476824,0.4800858278476824,0.3200187084936397,0.9565217391304348,1.6304347826086956,2.282608695652174,16.555971460142207,9.87346314557282,2.44980642379507,-2.425345157619639,2.3327412392732376,-2.531731106177199,5.807211457676154,-0.1383579045825223,3.5982895758469757,1.0751566633025802,1545.4875815835114,32.20816705551114,25.622628842901875,25.622628842901875,22.27889733867607,15.757212298645705,15.757212298645705,12.410455783318628,12.410455783318628,9.197189360412525,9.197189360412525,6.670980978124747,6.670980978124747,-3.979999999999999,24424834129.839176,31.980268859410035,14.199615003318554,7.042047401416093,266.9899607576675,41.323599554347496,36.19776078477367,17.692941169337626,0.0,0.0,5.969305287951848,9.361636831863176,14.951935562841625,0.0,0.0,60.6636706846161,36.43120868131998,38.64168807572427,6.3273200747645415,24.85098232239399,22.951046004170863,0.0,29.318854672333934,11.651573523323576,49.341190455141145,45.002205912637635,84.4452138175392,0.0,0.0,11.46733495432437,5.817862777835028,0.0,0.0,114.23002057267622,9.53140013787187,5.917906046161393,36.114353446142275,73.3183108341452,0.0,11.16387793838399,0.0,189.11,36.55094645107958,20.11411936859394,0.0,12.238684400761038,42.633959248444505,26.055090840663738,23.781543132923073,4.567099647791355,12.13273413692322,73.28269157223546,16.20419790812442,7.7380161028851235,0.0,28.428870359039767,31.3276952260768,15.162746875139902,-0.1691157360153705,20.20019302489695,-0.0474720008509863,4.192399482161144,0.0,0.4545454545454545,46,7,13,0,2,2,0,2,2,4,5,0,12,5,13,4,14,0,2,2,0,0,9.87190229361391,6,1.2857000000000045,171.60119999999958,1,2,2,1,0,4,0,0,1,1,1,0,0,0,0,6,0,2,0,0,1,0,0,0,0,0,0,0,0,1,0,0,0,0,2,0,1,0,0,0,0,1,0,0,0,0,0,1,0,0,0,0,0,0,0,0,0,0,0,0,0,0,0,0,0,0,0,0,0,0,0,0,0,0,0,0,0,0,0,0,0,0,0,0,0,CHEMBL4638624,Nc1ncnc2c1ncn2[C@@H]1O[C@H](CN(CC[C@H](N)C(=O)O)CC2CN(CCC(c3ccccc3)c3ccccc3)C2)[C@@H](O)[C@H]1O,138.4,2.141136090120739,CHEMBL4106124,MLL1-ASH2L/RbBP5/WDR5/DPY30,4,Large-Polar-Aromatic-Flexible-Hydrophilic,Other
13.571057203835537,13.571057203835537,0.0,-4.825899966812372,0.3163340667070525,17.390243902439025,622.3930000000001,599.2090000000002,621.102066276,220,0,0.4167980742778372,-0.4755526422729575,0.4755526422729575,0.4167980742778372,0.975609756097561,1.6341463414634143,2.2439024390243905,35.495718173013834,9.89987890518728,2.4692657364203288,-2.4134311258988985,2.351945400851513,-2.6104333963886197,6.300943881036985,-0.1417964572855165,2.9133955629416266,4.622489145751445e-06,1368.4496722178342,29.131181265251023,21.05955853093858,22.63198405788476,18.78246074009108,11.97946392072589,12.357428393735116,9.17691189727749,9.613347677749475,6.374014684144029,6.625990999483514,4.375885930410351,4.501874088080094,-3.5099999999999985,452767588.0480567,32.01023774125417,12.560840273108788,7.61695520190507,241.6046866834027,14.953561288656855,5.749511833283905,0.0,5.601050810983688,11.814359458703011,12.35259703488695,14.57305288909085,0.0,26.34249028604892,12.407033161179976,23.733674027155736,60.86966421678028,30.50583326879263,23.235110881003564,40.66842760799261,35.8223325101155,0.0,15.200676855804016,0.0,37.34004749763523,13.08951281182515,94.26743003990995,0.0,5.749511833283905,10.05365155780638,26.34249028604892,5.749511833283905,24.007973051412492,40.38881133330953,23.69189062487135,0.0,39.889986396711826,66.99099075938064,5.022633313741326,0.0,0.0,71.53,53.00311818557721,35.93156465419256,0.0,44.08770105214105,16.65245187389993,41.55906514792307,0.0,24.26546827384644,0.0,10.300767124953538,16.337802844032566,85.80542291238721,5.893199660122626,31.51583400285824,3.181348652667386,-3.933972742994541,-1.782962698993994,10.906240351148917,-7.489878174301773,-0.4007875184496297,0.0,0.2962962962962963,41,1,6,0,1,1,2,2,1,3,1,0,4,1,14,2,6,0,1,1,0,1,9.806719106637372,4,6.564600000000004,139.7261999999999,0,0,0,0,0,1,0,0,0,0,2,2,0,0,0,2,1,0,0,0,1,0,0,0,0,6,0,2,0,0,0,0,0,0,2,0,0,0,0,0,0,1,0,0,8,0,0,0,0,0,0,0,0,0,0,0,0,0,0,0,0,0,0,0,0,0,0,0,0,1,0,0,0,1,0,0,0,0,0,0,0,0,0,0,0,CHEMBL3112800,Cl.O=C(c1cnccc1C(F)(F)F)N1CCCC(Oc2ccc(C(F)(F)F)cc2)(C(=O)NCc2ccc(Cl)cc2)C1,1500.0,3.1760912590556813,CHEMBL1907611,Tumour suppressor p53/oncoprotein Mdm2,4,Large-Nonpolar-Aromatic-Rigid-Hydrophobic,Large-Nonpolar-Aromatic-Rigid-Hydrophobic
11.325017962730058,11.325017962730058,0.2147540637773317,-1.2061208387038114,0.1871768245132141,30.256410256410255,546.6730000000006,504.3370000000005,546.327816444,216,0,0.3200187101859302,-0.4800858278431726,0.4800858278431726,0.3200187101859302,1.205128205128205,1.9743589743589745,2.717948717948718,16.555976635499373,9.843415491956328,2.4598237893815655,-2.4430970632663898,2.3437091297081696,-2.555558991490859,5.807058724779482,-0.1384423017236155,3.6228707659366126,1.180270033784068,1105.203460524064,27.517932611199157,22.307689949441464,22.307689949441464,18.81257084348729,14.21875604666964,14.21875604666964,11.426573786492524,11.426573786492524,8.78389813333743,8.78389813333743,6.297122419718566,6.297122419718566,-2.420000000000001,648063883.0629277,28.12104809974444,12.398158579729364,6.335187276554513,227.48468027739793,36.840568696652866,36.19776078477367,17.692941169337626,0.0,0.0,5.969305287951848,14.261546562713654,14.951935562841625,0.0,0.0,25.68328649170404,44.56677056670402,25.17319447012107,6.3273200747645415,24.85098232239399,22.951046004170863,0.0,29.735733545489783,11.651573523323576,100.45271742775776,25.36793669489991,12.654640149529085,0.0,0.0,16.784123558330702,5.817862777835028,0.0,0.0,101.77952328238392,9.53140013787187,5.917906046161393,64.01529577706897,12.654640149529085,0.0,11.16387793838399,0.0,197.9,36.55094645107958,20.11411936859394,0.0,18.280525229909,30.295231579357104,25.304305697925987,51.17956988708515,4.567099647791355,0.0,25.16863389769843,16.20419790812442,7.710074386554383,0.0,25.86955127192929,34.70311474715689,12.49534574925311,0.0826113136691168,-0.3299316227346879,8.992493759431976,1.8100737280732633,0.0,0.7692307692307693,39,8,13,2,1,3,0,0,2,2,5,0,12,6,13,3,13,2,1,3,0,0,8.939723429969964,5,0.2227000000000031,143.46489999999991,1,2,2,1,0,4,0,0,1,1,1,0,0,0,0,5,1,2,0,0,0,0,0,0,0,0,0,0,0,1,0,0,0,0,0,0,1,0,0,0,0,1,0,0,0,0,0,1,0,0,0,0,0,0,0,0,0,0,0,0,0,0,0,0,0,0,0,0,0,0,0,0,0,0,0,0,0,0,0,0,0,0,0,0,0,CHEMBL4638858,Nc1ncnc2c1ncn2[C@@H]1O[C@H](CN(CC[C@H](N)C(=O)O)C2CC(NCCCC3CCCC3)C2)[C@@H](O)[C@H]1O,127.0,2.103803720955957,CHEMBL4106124,MLL1-ASH2L/RbBP5/WDR5/DPY30,4,Large-Polar-Aromatic-Flexible-Hydrophilic,Other
14.97170406317121,14.97170406317121,0.092857977902937,-3.1174194169411615,0.4707634433545356,24.853658536585368,586.043,555.8030000000002,585.2066719399999,216,0,0.300696321625657,-0.4797949945732011,0.4797949945732011,0.300696321625657,1.195121951219512,1.9268292682926829,2.6097560975609757,35.49569281197021,10.044932622314102,2.509013793756916,-2.4021500595193412,2.454599031516026,-2.552863724306062,6.325033986910277,-0.1316495528644545,3.745313920737727,1.2230473608843826,1614.4490392365817,28.628663075208397,22.663255889741897,23.419184835760355,19.60219397087734,13.877943403036229,14.255907876045455,11.517182385798542,11.924382512539143,8.73314839224025,9.00974494326026,6.60119163295043,6.739489908460436,-3.669999999999999,3058400216.615653,26.24287474455907,9.434312819686076,4.428339679336674,239.18020255851465,29.73735927130502,5.022633313741326,12.424744742347947,17.605030843621904,5.559266895052007,5.922529168094576,9.589074368143644,13.764808616296849,4.983978520947208,0.0,11.600939890232516,49.800293743250265,50.21821414163724,23.442771393060863,18.31223023322151,51.55201915985373,0.0,19.43496642053625,12.965578028838582,56.65507534693312,35.22988171520121,39.77238216986306,0.0,5.749511833283905,25.829616787715192,31.921804703538285,5.749511833283905,11.600939890232516,69.08659258176428,11.842209166749011,5.917906046161393,32.60702369139466,29.190481961069725,5.022633313741326,10.902924932081056,0.0,104.62,24.130518856807463,18.369904463493285,0.0,35.345665541776285,59.31030263700463,12.84164324585202,4.567099647791355,38.367353959365715,4.899909730850477,20.517465459810342,21.321781364979778,36.80464703885684,6.492888236102521,38.40844414021253,7.130811512412164,0.9722190103204058,-2.4079653171768385,4.457978965417359,4.860396857067642,2.049065602728863,1.5926250651696212,0.5,41,2,10,1,3,4,1,1,2,3,3,2,9,2,13,5,4,1,2,3,0,2,6.038621698244138,7,4.143200000000002,151.6333999999998,0,0,0,0,0,3,0,0,0,0,1,1,0,0,0,5,2,0,0,0,0,0,0,0,0,2,0,1,0,4,1,0,0,0,1,0,5,0,0,0,0,1,0,0,3,0,0,0,0,0,0,0,0,0,0,0,0,0,0,0,0,0,0,0,0,0,0,0,0,0,1,0,0,1,0,0,0,0,0,0,0,0,0,0,0,CHEMBL5427058,CC(=O)N1C2CCC1CN(c1ncc(Cl)c(Nc3ccc4c(c3)c3c(c(=O)n4C)OCC(F)(F)[C@H](C4CC4)N3)n1)C2,1.9,0.2787536009528289,CHEMBL4105786,B-cell lymphoma 6 protein,4,Large-Polar-Aromatic-Rigid-Hydrophobic,Large-Polar-Aromatic-Rigid-Hydrophobic
12.290691855708612,12.290691855708612,0.0433250251432066,-0.2983268098487597,0.2992099322350975,23.79069767441861,585.7570000000002,542.4130000000004,585.353971616,228,0,0.3428959521214902,-0.3771081106946183,0.3771081106946183,0.3428959521214902,1.069767441860465,1.8604651162790695,2.558139534883721,16.478756382841752,9.802552439418616,2.330281676010297,-2.3734291381617214,2.382967060046862,-2.41001838758452,5.873810125933074,0.0927243822409092,3.52375843144684,1.3929400575188788,1614.9982423622007,29.50106027432459,25.498669034375705,25.498669034375705,20.95753013363015,16.018284869588154,16.018284869588154,12.94651021444344,12.94651021444344,10.02987934576388,10.02987934576388,7.002020635107598,7.002020635107598,-3.729999999999999,7955399635.143447,28.064469469172742,11.747200799097884,5.432148448762398,251.63338324802663,19.520660936448213,5.516700717616262,11.465039998602755,17.59714827698635,0.0,5.689743398203474,4.567099647791355,19.86117603426727,4.983978520947208,5.098681808301038,56.518037410776714,55.92419332157584,26.1790256236503,19.255604758173796,4.736862953800049,22.93007999720551,0.0,34.283498475026406,24.80139012116137,77.42166382407183,29.975218669795225,46.37956741628034,0.0,11.648808995999854,15.906441733060284,11.766202058821523,0.0,0.0,60.08385963911277,18.329291342389816,17.75371813848418,70.39851808070829,35.126372526379875,0.0,22.81268693438384,0.0,118.78,0.0,4.794537184071822,0.0,17.773425056499395,42.3455622381162,36.29032163442433,55.076302499970424,7.04767198267719,0.0,69.16047134093954,19.688798516641672,9.8572755884508,0.0,29.98906373957337,10.58373940184477,2.47127635130653,4.420984635686634,10.869770833078183,8.655287591575297,7.466985301938856,1.685616556545558,0.59375,43,2,11,2,1,3,0,1,3,4,2,0,10,2,11,4,8,2,1,3,0,0,7.666952515686609,7,4.919800000000004,167.04139999999953,0,0,0,0,0,7,1,0,0,0,0,0,0,0,0,7,2,0,0,0,0,1,0,0,0,0,0,0,0,2,0,0,0,0,1,0,1,0,0,0,0,1,0,0,0,0,0,1,0,0,0,0,0,0,0,0,1,0,0,0,0,0,0,0,0,0,0,0,0,0,0,0,0,0,0,0,0,0,0,0,0,0,0,0,0,CHEMBL5085709,C[C@@H](Nc1nc(-c2n[nH]c(=O)n2C)nc2nc(N3CCOC[C@H]3c3ccccc3)n(C[C@H]3CC[C@H](C)CC3)c12)C1CCC1,15.0,1.1760912590556811,CHEMBL1907611,Tumour suppressor p53/oncoprotein Mdm2,4,Large-Polar-Aromatic-Flexible-Hydrophobic,Large-Polar-Aromatic-Flexible-Hydrophobic
14.937928421209095,14.937928421209095,0.0017284361364744,-4.778723549218282,0.1544550799390384,20.92156862745098,726.818,685.49,726.2698906920001,272,0,0.4167980757497984,-0.4914027181381871,0.4914027181381871,0.4167980757497984,1.0980392156862746,1.8627450980392155,2.5686274509803924,32.13349758961961,9.798179831976968,2.5572503148287917,-2.5011985140589967,2.457259085079393,-2.6876085810927117,7.115475505461778,-0.1583463237532085,3.87786142650388,1.2773692281476263,1738.4725593903668,36.174786860691526,28.147149306197814,28.96364588712554,24.5130242283961,17.20011358964579,18.07976640090068,13.11892087363349,13.992694321486702,9.723896649238492,10.547405578296145,7.041798361314605,7.955467922315272,-4.589999999999999,298974115622.1927,36.20923625081778,15.339551042503627,8.002137274719702,298.00923053766627,29.27998249499224,5.749511833283905,5.0632075352882095,5.601050810983688,11.814359458703011,12.145603805395323,19.36759007316267,0.0,13.17124514302446,17.915721561533232,18.208754243757102,73.23099669680079,57.95911241864104,29.46301205173843,42.13510999768073,34.807836899273155,0.0,14.783797982648164,0.0,68.68284756421859,44.230573724926266,83.51726258998511,0.0,10.812719368572116,14.373635638450576,18.858631417708025,10.812719368572116,11.336785877934735,88.64754575835119,15.76537288558712,0.0,72.34854906580628,66.82690811489411,0.0,0.0,0.0,112.51,40.822578158272464,27.554856695239923,0.0,38.321282968555025,55.751294284235826,42.55253522392034,16.23669560878521,10.975929837684358,35.711898112773966,16.462823935396184,14.580253302440804,54.875434222714155,1.379208869976004,48.954719147311856,11.512436648993218,-1.2880981056670624,-1.0126555864651856,9.268805456875551,1.971079575015777,5.839069771245683,0.0,0.4594594594594595,51,1,10,1,2,3,2,1,2,3,2,0,8,1,14,4,13,1,2,3,0,0,10.890851523127296,6,6.6302000000000065,185.3642999999995,1,0,0,0,0,1,0,0,1,1,3,2,0,0,0,4,0,0,0,0,1,0,0,0,0,3,0,2,0,1,0,0,0,0,1,0,0,0,0,0,0,2,0,0,3,0,0,0,0,0,0,0,0,0,0,0,0,0,0,0,0,0,0,0,2,0,0,0,0,1,1,0,0,1,0,0,0,0,0,0,0,0,1,0,0,CHEMBL3805828,C=CC[C@H]1N(C(=O)c2cnccc2C(F)(F)F)CCC[C@@]1(Oc1cc(C2CC2)cs1)C(=O)N1CCN(c2ccccc2OCCCC(=O)O)CC1,3500.0,3.5440680443502757,CHEMBL1907611,Tumour suppressor p53/oncoprotein Mdm2,4,Large-Polar-Aromatic-Flexible-Hydrophobic,Large-Polar-Aromatic-Flexible-Hydrophobic
14.130859928333471,14.130859928333471,0.0,-4.732420124295824,0.4062092971078924,19.365853658536587,610.464,582.2400000000001,609.1521297759999,218,0,0.4167980742778372,-0.4755428518534487,0.4755428518534487,0.4167980742778372,0.926829268292683,1.6585365853658536,2.317073170731707,35.49571812058874,9.892685108776536,2.4899781984720017,-2.452396155053684,2.3485999253281187,-2.6396478475341145,6.301217357302731,-0.1525997415136923,2.976422459727038,3.871990787596127e-06,1356.0835020027516,28.32985187800029,21.88862624197041,23.46105176891659,19.160452272162935,12.86664870663884,13.24461317964807,9.766737129540152,10.203172910012135,7.155790023252096,7.407766338591581,5.175016602421216,5.30100476009096,-3.5699999999999994,954329618.92089,30.389999079888725,12.52265129498728,6.675704113484635,246.02158668763315,19.436592146351483,11.567374611118932,0.0,5.601050810983688,11.814359458703011,6.176298517443475,14.57305288909085,4.983978520947208,13.17124514302446,12.407033161179976,17.667306958694127,55.30621272508328,56.336946058143425,17.671659389306566,27.49718246496815,41.64019528795053,0.0,19.76777650359537,0.0,24.618992574279183,44.16844816632592,83.27100355966743,0.0,5.749511833283905,9.636772684650529,18.98910792085949,5.749511833283905,24.007973051412492,76.45172520875751,10.970835701515297,0.0,28.763083413317833,67.12146726253211,5.022633313741326,0.0,0.0,78.87,28.811432041172655,22.760319511168102,0.0,37.82454732528264,43.37199239360154,24.27791698952279,4.899909730850477,35.36222157630999,18.19910120538483,14.867866772744891,16.337802844032566,47.341441912006054,6.030597633411734,40.710843321496455,0.4815518883327121,-3.1220640270128617,0.0180210851295153,12.909211265325904,-0.4562554914040522,1.8644301904923224,0.0,0.3571428571428571,41,0,8,0,2,2,2,1,2,3,1,0,6,0,13,4,5,0,2,2,0,1,9.28203320323002,5,4.973200000000006,149.46549999999974,0,0,0,0,0,2,0,0,0,0,2,2,0,0,0,5,0,0,0,0,1,0,0,0,0,3,0,2,0,1,0,0,0,0,1,0,0,0,0,0,0,1,0,0,5,0,0,0,0,0,0,0,0,0,0,0,0,0,0,0,0,0,0,0,0,0,0,0,0,1,1,0,0,2,0,0,0,0,0,0,0,0,0,0,0,CHEMBL3112780,Cl.O=C(c1cnccc1C(F)(F)F)N1CCCC(Oc2ccc(Cl)cc2)(C(=O)N2CCN(c3ccccn3)CC2)C1,6700.0,3.8260748027008264,CHEMBL1907611,Tumour suppressor p53/oncoprotein Mdm2,4,Large-Polar-Aromatic-Rigid-Hydrophobic,Large-Polar-Aromatic-Rigid-Hydrophobic
13.682795594204013,13.682795594204013,0.1205329063274076,-5.083333333333334,0.106927106235919,22.38,714.7870000000006,665.3950000000006,714.3676305680001,280,0,0.4902403183070029,-0.4745811720256028,0.4902403183070029,0.4745811720256028,1.0,1.6,2.14,19.413515748283196,9.913895691602034,2.388888554800245,-2.3275855968217627,2.1832778641681156,-2.6171672699625423,5.967523194103369,-0.1924677819072016,3.0578441987317846,1.6063116692439102e-06,1330.3904866559433,38.07033885400645,28.883603429509833,28.883603429509833,23.35431603780628,16.224347130210223,16.224347130210223,12.06886388795507,12.06886388795507,7.635987118311834,7.635987118311834,4.574469146882245,4.574469146882245,-4.9,17091668198.417389,43.12217294900222,20.574742629237925,14.69504540811518,288.7142569395672,42.32404762288502,23.664447739827228,5.959554568743835,29.535898646757527,0.0,12.145603805395323,29.381969526150627,4.794537184071822,13.17124514302446,0.0,51.10304694137992,51.01211842894368,26.055090840663738,0.0,47.0449956422961,41.46475850345321,5.409283605791522,37.217520228044314,5.917906046161393,96.06062479358926,20.13718479450234,35.89528683400505,0.0,0.0,37.217520228044314,13.17124514302446,0.0,0.0,90.507376120919,28.76722310443093,11.327189651952915,77.82517085716351,30.33183534230805,0.0,0.0,0.0,230.71,53.53159073327706,37.14393106338357,0.0,42.95428494238626,37.91542917230017,0.0,0.0,59.00808905528612,6.06636706846161,37.217520228044314,15.310348184704049,31.73611111111111,0.0,75.41579318968957,34.436497694665434,-0.716591199278632,-5.30852541761851,5.911611678669175,-2.911887706000833,7.493481273699977,1.6101760417293756,0.59375,50,9,15,0,1,1,5,1,0,1,4,0,7,9,18,1,8,0,1,1,0,0,17.744552200784128,2,1.2117700000000082,177.43839999999966,1,0,0,0,0,0,0,0,1,1,6,5,0,0,0,0,8,0,0,0,0,0,0,0,0,3,0,5,0,0,0,0,0,0,1,0,0,0,0,0,0,0,0,1,3,0,0,0,0,0,0,0,0,0,0,0,0,0,0,0,0,0,0,0,0,0,0,0,0,0,0,0,0,0,0,0,0,0,0,0,0,0,0,0,0,CHEMBL4084272,CC[C@@H]1NC(=O)[C@H](CCCNC(=N)NC)NC(=O)[C@](C)(NC(=O)C(C)C)CCCCNC(=O)[C@@H](c2ccccc2)NC1=O.O=C(O)C(F)(F)F,1.1,0.041392685158225,CHEMBL612545,Unchecked,4,Large-Polar-Aliphatic-Flexible-Hydrophilic,Other
14.095370586093544,14.095370586093544,0.0162650818030511,-4.385862745701537,0.3257661372849793,22.17948717948718,561.996,534.7800000000002,561.1866854440001,206,0,0.4387414007668095,-0.3301081439898333,0.4387414007668095,0.3301081439898333,1.1282051282051282,1.9230769230769231,2.6153846153846154,35.49569244111148,9.82771522455338,2.4728457336633447,-2.307189345007904,2.4065362907709513,-2.423087472498665,6.303089446180836,-0.1457527957261913,3.6313996524669983,1.5870630155281005,1555.1532058714974,27.31082583001261,21.209942179784143,21.965871125802597,18.668854999035347,13.09022395972886,13.468188432738089,10.600647429146784,11.03708320961877,7.829379751242028,8.036078703654878,5.856932620953201,6.030824789328973,-3.4099999999999997,892866460.3758993,25.845861300802085,9.96232410572425,5.01502647649701,225.9441268315535,9.467009378641832,11.735768823996422,0.0,11.77274377898642,0.0,11.932361339672928,14.491051978867764,14.762494225966236,13.17124514302446,0.0,36.5229835929006,49.65183272095004,31.0466514467483,21.74996274382231,17.694340079997808,28.582680606451532,0.0,29.65967698870563,11.835812092322788,64.21156268975069,11.444666136763052,40.099654600191975,0.0,22.775711979393844,10.65597255307993,19.119584424010952,0.0,11.600939890232516,48.422572741209635,6.544756405912575,11.835812092322788,45.448666937246685,33.84405340119454,5.022633313741326,33.80911341462637,0.0,105.73,17.974202168820888,17.96578232709628,0.0,30.432249802673468,52.11480435668067,25.68328649170404,11.096753302463554,18.329577708536295,4.567099647791355,26.57145243568383,21.568896932126933,48.86064191785904,6.272442308616469,29.293267222878796,4.1372917902790585,2.297893563417103,0.5364858698522721,1.6953547304800922,3.26878025757894,2.9989534501493376,0.0,0.5,39,1,9,1,1,2,0,0,4,4,1,0,8,1,13,5,5,1,1,2,0,0,6.602175565902208,6,5.847400000000005,139.4316999999999,0,0,0,0,0,6,1,0,0,0,0,0,0,0,0,6,1,0,0,0,0,1,0,0,0,3,0,0,0,1,0,0,0,0,0,0,1,0,0,0,0,0,0,0,4,0,0,1,0,0,0,0,0,0,0,0,0,0,0,0,0,0,0,0,0,0,0,0,0,0,0,0,0,2,0,0,0,0,0,0,0,0,0,0,0,CHEMBL5084302,C[C@H]1CC[C@H](Cn2c(N3CCC[C@H]3C(F)(F)F)nc3cc(-c4noc(=O)[nH]4)nc(-c4cncc(Cl)c4)c32)CC1,0.76,-0.1191864077192086,CHEMBL1907611,Tumour suppressor p53/oncoprotein Mdm2,4,Large-Polar-Aromatic-Rigid-Hydrophobic,Large-Polar-Aromatic-Rigid-Hydrophobic
14.53793754910302,14.53793754910302,0.0446438392693779,-3.2038138041325426,0.4057479449040988,24.977272727272727,622.8069999999999,579.4630000000002,622.298905076,236,0,0.4065750838163364,-0.452878932516798,0.452878932516798,0.4065750838163364,1.0454545454545454,1.75,2.363636363636364,32.22800192491973,9.589122925208471,2.524932462439489,-2.477116833695424,2.5004063662866973,-2.546710955943197,7.917097552383733,0.0938057493546386,3.430797783467014,1.0796257255745736,1477.3423913361946,30.89876597875264,25.458788366718668,26.27528494764639,21.23871709258293,16.073318743361643,17.619638221283203,13.20868943296838,15.436779157102633,10.803287607527183,13.081587749014924,8.177552562167323,10.031828340789524,-3.1599999999999997,5936302927.386759,30.848579808667537,12.682242375603554,5.809631530845495,260.0220095479164,19.853471019507335,5.817220841045894,9.837253136417502,0.0,0.0,6.093240070938415,0.0,17.60274921607558,5.261891554738487,0.0,24.97437738277524,99.49400249800928,43.199308413892034,28.739430828966537,22.339612169875625,21.617879482039477,5.261891554738487,10.216698334856808,17.75371813848418,72.96882578745279,44.73348930169089,59.91160888043577,0.0,6.069221312792274,10.216698334856808,14.872338506430204,0.0,0.0,70.53630521608837,19.989106559614328,34.90205184706083,56.930024475105085,53.42642002321065,0.0,0.0,0.0,102.73999999999998,21.345483676752696,22.864640770814063,0.0,28.944811792498815,16.376841013376165,89.77774128765452,19.242531678200752,18.19910120538483,18.19910120538483,21.18582937849956,4.736862953800049,44.86969012462053,0.0,17.39119020664362,13.639027269266876,0.8734394304564286,0.0972213344841543,16.395083523956167,6.170837277492573,4.587093799579161,-1.8569162998328528,0.5882352941176471,44,1,8,2,2,4,1,2,0,2,3,0,7,1,10,2,9,2,2,4,0,0,8.89157195628799,6,5.286380000000006,166.49449999999956,0,0,0,0,0,0,0,0,0,0,1,1,0,0,0,3,1,0,0,0,1,0,0,0,1,0,0,1,0,1,0,0,0,0,2,0,0,0,0,0,0,1,0,0,1,0,0,0,0,0,0,0,0,0,0,1,0,1,0,0,0,0,0,0,0,0,0,0,0,1,0,0,0,0,0,0,0,1,0,0,0,0,0,0,0,CHEMBL5426151,COC(=O)N[C@H]1CCC[C@@H]1[C@](C#N)(c1cccc(F)c1)C1CCN(CC2CN(c3ccc(S(=O)(=O)C4CCC4)cc3)C2)CC1,7.0,0.8450980400142568,CHEMBL2093861,Menin/Histone-lysine N-methyltransferase MLL,4,Large-Polar-Aromatic-Flexible-Hydrophobic,Large-Polar-Aromatic-Flexible-Hydrophobic
14.3145372227968,14.3145372227968,0.1679833928686063,-1.2906547283376706,0.1172030567950063,27.36842105263158,813.4449999999993,751.9569999999999,812.446407352,314,0,0.2459060810221354,-0.3701604379834824,0.3701604379834824,0.2459060810221354,0.7719298245614035,1.3859649122807018,2.017543859649123,35.49569332894101,9.750752358041543,2.49296070343341,-2.427051002986728,2.33625169183963,-2.6722049504096197,6.301087546378424,-0.1461342782736277,3.8711150190137062,1.37483197853709,1607.0082086304806,40.95080774263041,32.921976772795695,33.67790571881415,27.379555517084288,20.78290403534759,21.160868508356813,16.01223596538812,16.448671745860107,11.81530717088415,12.067283486223635,8.339669838155498,8.465657995825241,-4.4399999999999995,2476716450578.7197,43.67796262471267,20.82272148905456,11.80840990964984,339.72261987374605,47.851097436056975,29.70628856897519,5.959554568743835,35.443078376109035,0.0,0.0,34.17650671022245,0.0,0.0,0.0,55.837782141785794,88.32522348080634,37.62248056031763,6.041840829147961,28.76722310443093,53.00357283508538,5.409283605791522,36.38376248173261,11.46733495432437,144.90209698786535,26.1790256236503,34.85155307928476,0.0,0.0,38.051277974356026,0.0,0.0,11.600939890232516,113.12960742832728,35.18804472735694,5.409283605791522,108.2965974585132,24.26546827384644,5.022633313741326,0.0,0.0,244.94,59.376848315529166,28.76722310443093,0.0,30.61555727329886,88.98905354372573,44.08838122925306,4.899909730850477,29.16537800469692,0.0,26.583943020031658,28.47755845034841,0.0,6.124932485395145,86.58313641652269,22.57241596629699,11.292629454930529,-2.6202398437576706,2.6970722958649693,9.915821768070067,1.4620092344550446,0.0,0.675,57,10,16,1,3,4,6,1,0,1,5,0,8,8,17,3,6,1,3,4,1,0,15.956035981468888,5,1.324070000000009,215.66699999999943,0,0,0,0,0,0,0,0,0,0,6,6,0,0,0,2,6,2,0,0,0,0,0,0,0,0,0,6,0,0,0,0,0,0,1,0,2,0,0,0,0,0,0,1,1,0,0,0,0,0,0,0,0,0,0,0,0,0,0,0,0,0,0,0,0,0,0,0,0,0,0,0,0,0,0,0,0,0,0,0,0,0,0,0,0,CHEMBL2314574,N=C(N)NCCC[C@@H]1NC(=O)C2(CCC2)NC(=O)[C@@H]2CCCN2C(=O)[C@H](Cc2ccc(Cl)cc2)NC(=O)[C@@H](N)CCCCCCCCNC(=O)[C@@H]2CCCN2C1=O,2010.0,3.303196057420489,CHEMBL1615381,Menin,4,Large-Polar-Aliphatic-Flexible-Hydrophilic,Other
14.536362663363978,14.536362663363978,0.2036113193612105,-1.2831673396533532,0.1081563567625197,26.7,835.1079999999997,764.5479999999998,834.54797996,332,0,0.2459060810221354,-0.3701604379834824,0.3701604379834824,0.2459060810221354,0.8,1.4333333333333331,2.0833333333333335,16.17587249981176,9.750751587563808,2.4932138582051344,-2.427060420571357,2.336593028560586,-2.6722070504902815,5.988832015055832,-0.1461343690464278,3.893204216130999,1.38677577684007,1683.5343304016874,43.23526479300658,35.828469350162635,35.828469350162635,28.773402367201637,22.510424018279355,22.510424018279355,17.80369168465922,17.80369168465922,12.537393709305716,12.537393709305716,9.074182957446068,9.074182957446068,-4.730000000000001,9084601642470.36,46.338209984881864,22.20997582512415,12.648270230603188,354.8791221044509,47.85109743605698,29.706288568975182,5.959554568743835,35.443078376109035,0.0,0.0,34.176506710222455,0.0,0.0,0.0,70.21705078785776,94.09466850466752,32.59984724657631,6.041840829147961,28.76722310443093,41.40263294485287,5.409283605791522,36.3837624817326,17.385241000485763,165.1703930101726,26.1790256236503,35.392371257240434,0.0,0.0,38.051277974356026,0.0,0.0,0.0,113.1296074283273,41.608866350282945,11.327189651952915,127.70752334959144,24.26546827384644,0.0,0.0,0.0,244.94,53.46966858617766,28.76722310443093,0.0,36.522737002650366,89.88432627614579,56.07265434387607,4.899909730850477,4.899909730850477,12.13273413692322,52.56415155633613,16.876618560115894,0.0,0.0,87.33902114910241,22.22134193639259,12.651984598063196,-2.056615148573559,3.790906271921213,11.010096413447462,5.793264779646687,0.0,0.7045454545454546,60,10,16,1,3,4,6,1,0,1,5,0,8,8,16,3,8,1,3,4,1,0,17.152842059062547,5,1.869170000000009,229.19899999999936,0,0,0,0,0,0,0,0,0,0,6,6,0,0,0,2,6,2,0,0,0,0,0,0,0,0,0,6,0,0,0,0,0,0,1,0,2,0,0,0,0,0,0,1,0,0,0,0,0,0,0,0,0,0,0,0,0,0,0,0,0,0,0,0,0,0,0,0,0,0,0,0,0,0,0,0,0,0,0,0,0,0,0,0,0,CHEMBL2314814,CC(C)Cc1cccc(C[C@@H]2NC(=O)[C@@H](N)CCCCCCCCNC(=O)[C@@H]3CCCN3C(=O)[C@H](CCCNC(=N)N)NC(=O)C3(CCC3)NC(=O)[C@@H]3CCCN3C2=O)c1,36000.0,4.556302500767287,CHEMBL1615381,Menin,4,Large-Polar-Aliphatic-Flexible-Hydrophilic,Other
12.44325990335196,12.44325990335196,0.158738534860015,-3.1185027809428214,0.3732644009199455,19.225,565.7440000000001,526.4320000000002,565.2835091079999,214,0,0.2135742415673166,-0.4762817326731346,0.4762817326731346,0.2135742415673166,1.0,1.75,2.45,32.22801293960766,9.961431040540246,2.3684584960791164,-2.441460040561348,2.346132419481238,-2.527065477563015,7.919326312407685,0.1736449817889021,3.782192237469091,0.9669693592426098,1415.3181934345057,27.691659197566096,23.36795201980348,24.184448600731205,19.346506359629316,14.320648549543415,15.86696802746498,11.61973191909191,13.84782164322616,8.140400910644013,10.418701052131764,5.573038129303878,7.230063338080705,-3.0199999999999996,1810588193.2225509,27.164665172121943,11.460343251593825,6.159011419813387,236.21899297540537,24.753380750357813,18.45090275689372,15.65511591425253,5.879988336435371,0.0,0.0,0.0,23.36973254717056,0.0,0.0,0.0,70.11046579936648,62.98203865392997,15.66212222311621,13.154659938128988,32.375903624168615,0.0,24.75175502454258,5.917906046161393,41.87054882635195,70.18746270019955,42.7255224855342,0.0,5.879988336435371,14.953561288656855,11.50524905251859,5.879988336435371,0.0,104.4320952333444,9.837253136417502,5.917906046161393,25.68328649170404,47.62100596105198,0.0,11.033401435232523,0.0,103.79,9.837253136417502,8.417796984328938,0.0,5.249938029982174,29.34210065177542,87.49047541493061,0.0,18.46005421168776,38.36081223920082,29.98447483845218,9.720841474747257,30.71826167691883,0.0,21.040660694123694,3.4678137695768005,2.6754384048676045,2.0029602766495502,11.642851055316044,5.298801232015853,6.648763274533772,0.9211162826645194,0.5517241379310345,40,1,10,1,2,3,0,1,2,3,0,0,10,1,11,4,11,1,2,3,0,0,7.782909679678338,6,2.9140000000000015,156.8194999999997,0,0,0,0,0,3,0,0,0,0,0,0,0,0,0,6,1,0,0,1,1,0,0,0,0,0,0,0,0,2,0,0,0,0,1,0,1,0,0,0,0,1,0,0,0,0,0,0,0,0,0,0,0,0,0,0,0,0,0,0,0,0,0,0,0,0,0,0,0,1,0,0,0,1,0,0,0,1,0,0,0,0,0,0,0,CHEMBL5192780,CN(C)CCOc1ccc2ncnc(NC3CCN(CC4CN(c5ccc(S(=O)(=O)C6CC6)cc5)C4)CC3)c2n1,7.0,0.8450980400142568,CHEMBL2093861,Menin/Histone-lysine N-methyltransferase MLL,4,Large-Polar-Aromatic-Flexible-Hydrophilic,Other
14.458585463747957,14.458585463747957,0.0145977582259304,-1.2366603934284497,0.0226600466621381,19.93103448275862,841.0979999999996,772.5539999999997,840.511611516,330,0,0.3256966935004625,-0.4797174682622497,0.4797174682622497,0.3256966935004625,0.7241379310344828,1.3103448275862069,1.9310344827586208,32.16636687570763,9.843494694718473,2.490872522669114,-2.362224431752858,2.400532195014739,-2.5975767416370696,7.981882030594774,-0.146190020020216,3.5678131257634607,2.1540042724438555,1393.6498638181283,43.19973088707385,33.692747566256486,34.509244147184205,27.601569623521097,20.203849228405932,21.59769607852328,14.982054093543756,15.892737696066714,10.443623253604724,11.1360733433346,7.404297275324187,7.914788746798038,-4.410000000000001,1521795155461.9983,49.73520473542198,26.56321477557935,17.21019669921881,344.516201357921,70.5755061355401,24.16736331659184,11.91910913748767,29.535898646757527,0.0,5.969305287951848,34.791253131942156,4.794537184071822,11.761884949391115,0.0,12.84164324585202,95.7682911106975,31.428963653632476,12.08368165829592,33.87375049927164,59.186198021588154,10.818567211583044,36.80064135488846,34.58624343197232,132.18438852499986,38.1876484139085,0.0,0.0,0.0,60.56906900984892,0.0,0.0,11.761884949391115,137.91128441583243,28.76722310443093,16.736473257744436,89.89150272096417,0.0,0.0,0.0,0.0,375.87,65.84906918024564,33.87375049927164,0.0,68.68276982866428,63.66418299606744,19.26246486877803,16.66179468024159,6.255769183511404,0.0,31.900731624037984,39.48690459739397,0.0,1.370812226323589,81.3245653509432,40.577903307525176,28.597865610622605,-3.882846498597025,-6.317212739578076,8.607356709354768,1.054889366739093,0.0,0.7777777777777778,58,19,21,1,1,2,5,0,0,0,8,0,12,14,22,1,27,1,1,2,0,2,22.778050436110785,2,-2.7453600000000096,222.20839999999967,1,0,0,0,0,0,0,0,1,1,6,5,0,0,0,1,8,5,0,0,1,0,0,0,0,0,0,5,0,0,0,0,0,0,0,0,1,0,0,0,0,0,0,2,0,0,0,0,0,0,0,0,0,0,0,0,0,0,0,0,0,0,0,0,0,0,0,0,0,0,0,0,0,0,0,1,0,0,0,0,0,0,0,2,0,CHEMBL5413909,CSC[C@H](N)C(=O)N[C@@H](CCCCNC(=O)[C@@H](N)CCCCNC(=N)N)C(=O)N[C@@H](CCN)C(=O)N1C2CCCCC2C[C@H]1C(=O)N[C@@H](CCCNC(=N)N)C(=O)O,2480.0,3.3944516808262164,CHEMBL5482974,VEGA-NRP1,4,Large-Polar-Aliphatic-Flexible-Hydrophilic,Other
14.67415056531872,14.67415056531872,0.0209315537425971,-4.848052094891933,0.2444067049874937,20.680851063829788,684.7029999999999,650.4309999999998,684.220495888,254,0,0.425230616209443,-0.4945862494167146,0.4945862494167146,0.425230616209443,1.0212765957446808,1.74468085106383,2.382978723404255,32.13347743739352,9.792859492272004,2.5575447529075954,-2.5048250610281753,2.4269697873024465,-2.6885979216268976,7.099046767907553,-0.1592837046436687,3.536528661499936,1.5192334309297857,1573.1060934427212,33.98455241637954,25.73534639494969,26.55184297587742,22.296027401073285,15.14078760618978,16.020440417444675,11.41265859036274,12.323889516781218,8.551065695202034,9.504464682579291,6.41105224903305,7.088152911105431,-4.009999999999999,21996645400.62784,34.32798441446408,13.61311032340947,6.99334844467063,271.4208045079357,24.173455100151532,16.37617086026911,0.0,5.601050810983688,11.814359458703011,12.35259703488695,14.57305288909085,0.0,26.34249028604892,11.336785877934735,25.477292959539852,31.040744451236847,62.98472063464256,29.96592762850305,45.40529056179266,28.838531611321308,0.0,14.783797982648164,0.0,56.602512366413265,44.73348930169088,70.17600250155702,0.0,11.49902366656781,14.373635638450576,32.02987656073248,11.49902366656781,11.336785877934735,78.07462865232323,17.147134218958772,0.0,53.405611052561774,54.17195232446173,0.0,0.0,0.0,75.21000000000001,51.813898310816896,35.93156465419256,0.0,44.646245919799654,42.66299921443141,29.52750325683724,4.899909730850477,18.933444471818635,29.165378004696915,4.983978520947208,9.473725907600098,94.30956537897916,0.408432848520573,36.24398437532761,1.1568630235738824,-2.871897140882563,-1.0546940457214546,7.864106535853439,-6.9451985594937975,3.0817885495293167,1.5570490343138406,0.46875,47,0,8,0,2,2,2,1,2,3,2,0,7,0,15,4,8,0,2,2,0,0,9.942779553497456,5,6.760600000000007,162.6724999999996,0,0,0,0,0,1,0,0,0,0,2,2,0,0,0,4,0,0,0,0,1,0,0,0,0,6,0,2,0,1,0,0,0,0,1,0,0,0,0,0,0,2,0,0,6,0,0,0,0,0,0,0,0,0,0,1,0,0,0,0,0,0,0,0,2,0,0,0,0,1,1,0,0,1,0,0,0,0,0,0,0,0,1,0,0,CHEMBL5191746,CCC[C@H]1N(C(=O)c2cnccc2C(F)(F)F)CCC[C@@]1(Oc1csc(C(F)(F)F)c1)C(=O)N1CCN(c2ccccc2OC)CC1,30.0,1.4771212547196624,CHEMBL1907611,Tumour suppressor p53/oncoprotein Mdm2,4,Large-Polar-Aromatic-Flexible-Hydrophobic,Large-Polar-Aromatic-Flexible-Hydrophobic
13.38361188298868,13.38361188298868,0.0064799523111889,-1.794459951206053,0.0439536142863826,16.821428571428573,800.8199999999999,748.404,800.355212964,314,0,0.3054811900085594,-0.4812292624504639,0.4812292624504639,0.3054811900085594,0.7142857142857143,1.2678571428571428,1.75,16.372503423449416,10.020792915763254,2.397694411558524,-2.294843926274384,2.1994433542517235,-2.59783130038276,5.975401682574929,-0.1458072467281137,3.575714152709776,3.0915336586878523,1487.6076935636388,42.860713882777254,31.494019407174388,31.494019407174388,26.028467773997505,17.71916078585183,17.71916078585183,13.624490976090248,13.624490976090248,8.324157258530667,8.324157258530667,5.636172293141554,5.636172293141554,-5.870000000000001,235224318554.7342,48.14994813484939,23.140397223432743,17.073730017050547,320.7641431131215,62.96041841141347,36.25104497488776,0.0,47.257437834812045,0.0,17.907915863855546,52.73990902479004,0.0,0.0,0.0,13.847474399381248,44.94575136048206,26.31013685145522,19.069544416586886,73.16601860415287,65.16535369866759,0.0,36.80064135488846,11.651573523323576,121.41653314480664,13.08951281182515,0.0,0.0,0.0,37.63439910120017,0.0,0.0,0.0,145.93589718334212,52.73990902479004,5.917906046161393,79.06152178217057,0.0,0.0,0.0,0.0,370.12999999999994,146.1692295818463,68.05949120931216,0.0,31.725127320851996,0.0,18.74738413023173,0.0,13.847474399381248,0.0,31.900731624037984,10.84019487200289,0.0,0.0,136.99630103006305,51.4223003596584,5.356366506355552,-11.717231727831344,-8.801208862958104,-4.079763874833085,4.8232365695455,0.0,0.6666666666666666,56,12,23,0,1,1,8,0,0,0,7,0,12,11,23,1,24,0,1,1,0,0,19.896587966573204,1,-4.346000000000006,189.3947999999997,3,1,1,0,0,0,0,0,3,3,11,8,0,0,0,1,6,1,0,0,1,0,0,0,0,0,0,8,0,0,0,0,0,0,0,0,0,0,0,0,0,0,0,0,0,0,0,0,0,0,0,0,0,0,0,0,0,0,0,0,0,0,0,0,0,0,0,0,0,0,0,1,0,0,0,0,0,0,0,0,0,0,0,0,0,CHEMBL3965182,CC(=O)N[C@@H](CC(=O)O)C(=O)N1CCC[C@H]1C(=O)N[C@@H](CCC(=O)O)C(=O)N[C@H](C(=O)NCC(=O)N[C@@H](CCC(=O)O)C(=O)N[C@@H](CC(C)C)C(N)=O)[C@@H](C)O,634.0,2.802089257881733,CHEMBL3038498,Keap1/Nrf2,4,Large-Polar-Aliphatic-Flexible-Hydrophilic,Other
13.008766910893812,13.008766910893812,0.0037634560553996,-0.6900366512741465,0.4223322706582852,17.894736842105264,536.0800000000002,501.8080000000002,535.2462510080001,200,0,0.2533529899935001,-0.3932126189662964,0.3932126189662964,0.2533529899935001,1.0,1.6578947368421053,2.3421052631578947,35.49569765542037,9.93115571315218,2.296253383699068,-2.3544277977898935,2.357485549779777,-2.446254146524979,6.319276861026647,-0.002021390508784,2.91472556711788,1.408545096230064,1297.0543285820784,26.863232072819905,21.82250100867185,22.578429954690304,18.19831041962792,12.92730133412161,13.305265807130835,10.440505488431668,10.798518575881983,7.521873193948591,7.823063264613747,4.9194426504675235,5.052589500377301,-3.3999999999999995,355743701.17061853,26.21682192810546,10.762905092592591,5.695714005766917,227.7808065295712,30.85671266856065,12.014706349448105,10.97097259472782,0.0,5.907179729351506,0.0,4.794537184071822,9.967957041894415,0.0,0.0,29.800041095617345,62.20542368546026,44.83198992717245,16.975823360350812,9.901064578912528,40.38814122146974,0.0,19.76777650359537,0.0,25.36643125652633,62.26657623017163,59.508450862585605,0.0,11.126902983393991,15.950365812018994,22.880021601885716,0.0,11.600939890232516,82.69874485692391,0.0,0.0,30.123369121311462,48.791889553995816,5.153109816892792,11.126902983393991,0.0,110.85,5.601050810983688,9.901064578912528,0.0,11.0602895462443,42.99985660189276,48.68070115641141,6.3273200747645415,0.0,36.08911520438754,50.33133829566371,17.3346073673947,0.0,6.146704085501398,27.753370010825744,13.785224907688065,10.326252356371732,0.4536265441904252,13.96226463382822,2.5715701397510675,6.730667980453932,2.131430452500526,0.3928571428571428,38,4,9,0,2,2,1,2,1,3,0,0,8,3,10,3,5,0,2,2,0,0,7.425504374778932,5,3.861600000000002,152.08639999999983,0,1,0,1,0,2,0,0,0,0,1,1,0,0,0,5,1,1,0,1,1,0,0,0,0,0,0,1,0,4,0,0,0,0,2,0,0,0,0,0,0,0,0,0,1,0,0,0,0,0,0,0,0,0,0,0,0,0,0,0,0,0,0,0,0,0,0,0,0,1,1,0,0,0,0,0,0,0,0,0,0,0,0,0,0,CHEMBL5085775,CN1CCN(c2ccc(-c3ccc(C(=O)N4CCC(C)(O)CC4)cc3)cc2Nc2ncnc(Cl)c2N)CC1,160.0,2.204119982655925,CHEMBL3883320,Histone-lysine N-methyltransferase 2A/WDR5,4,Large-Polar-Aromatic-Rigid-Hydrophobic,Large-Polar-Aromatic-Rigid-Hydrophobic
14.86267546773249,14.86267546773249,0.0992495754173194,-3.1002494251699435,0.5269833477878327,21.25,518.9520000000002,493.75200000000024,518.16447278,190,0,0.300696321625657,-0.4797949945732011,0.4797949945732011,0.300696321625657,1.3055555555555556,2.0833333333333335,2.8055555555555554,35.49569254873117,10.044929261607546,2.5077505656891312,-2.3761831119794747,2.4532981847549933,-2.521484874967197,6.325001708576843,-0.0578653671103777,3.6613923028571462,1.3844731127872627,1406.8427986903414,25.189505486452973,19.724478462679215,20.480407408697673,17.24635192322077,11.761268650491647,12.139233123500874,9.56360770825615,9.970807834996757,7.068746222898337,7.345342773918348,4.77126681637202,4.909565091882025,-3.1799999999999997,202443857.8678567,23.23249638900176,8.446419099044599,3.900790260754076,209.9184547137172,29.574312494254592,5.022633313741326,12.424744742347947,11.6978511142704,5.559266895052007,5.922529168094576,4.794537184071822,13.764808616296849,4.983978520947208,0.0,11.600939890232516,36.958650497398246,38.320592824928234,29.546737780809163,18.254556002949737,45.644839430502216,0.0,14.53505668968577,12.965578028838582,30.90997963084286,42.33967925647874,39.77238216986306,0.0,5.749511833283905,25.829616787715192,31.921804703538285,5.749511833283905,11.600939890232516,59.40958539229221,11.78453493647724,5.917906046161393,12.84164324585202,29.190481961069725,5.022633313741326,10.902924932081056,0.0,93.54,24.130518856807463,13.575367279421462,0.0,23.458770541877165,46.46865939115261,12.84164324585202,10.763943219404432,32.35657072933955,4.899909730850477,20.601534249907075,21.074665797832616,41.86664270720017,6.369589642705021,23.81409127121288,7.105298243347308,1.0201091130613695,-2.427607738014217,4.2117939204237445,3.106054451694701,0.532694120757073,3.2624453787230565,0.4583333333333333,36,2,9,1,2,3,0,1,2,3,1,0,9,2,12,4,5,1,1,2,0,0,5.450872256070809,6,3.7787000000000015,133.10040000000004,0,0,0,0,0,3,0,0,0,0,0,0,0,0,0,4,2,0,0,0,0,0,0,0,0,2,0,0,0,4,1,0,0,0,1,0,3,0,0,0,0,2,0,0,3,0,0,0,0,0,0,0,0,0,0,1,0,0,0,0,0,0,0,0,0,0,0,0,0,0,0,0,0,1,0,0,0,0,0,0,0,0,0,0,0,CHEMBL5417228,COC1CN(c2ncc(Cl)c(Nc3ccc4c(c3)c3c(c(=O)n4C)OCC(F)(F)[C@H](C4CC4)N3)n2)C1,3.7,0.568201724066995,CHEMBL4105786,B-cell lymphoma 6 protein,4,Large-Polar-Aromatic-Rigid-Hydrophobic,Large-Polar-Aromatic-Rigid-Hydrophobic
14.164038940679152,14.164038940679152,0.0,-4.537708302245367,0.3702174186326298,20.095238095238095,645.5310000000001,616.2990000000001,644.123866428,226,0,0.4159140545948013,-0.4760275094109217,0.4760275094109217,0.4159140545948013,0.9285714285714286,1.5952380952380951,2.2142857142857144,35.49572037924888,9.911511361732408,2.499482062979525,-2.447850740228679,2.3590038506511255,-2.638460961002526,7.888629435614538,-0.1518346244916489,2.9722830174125536,4.049990070550379e-06,1488.994514353978,29.25250160881067,22.335259496587813,24.724181604461716,19.49378560549627,13.059218315229597,14.877246117039466,9.958242408891056,12.27179940040974,7.299152933552384,9.644113276414611,5.188803949481217,7.208163200199916,-3.0599999999999987,1292285881.3536506,31.86645464636107,12.66326936155445,6.613456835332288,253.0362503846614,14.536682415501003,16.462858086636707,0.0,15.624341964391272,5.907179729351506,6.176298517443475,4.794537184071822,13.401775505276143,17.476461134320694,12.407033161179976,29.800041095617345,61.3725797935449,38.92062560117595,17.130841211350898,31.120442265225265,45.75630671200661,0.0,14.18910424309392,0.0,29.51447604979696,44.16844816632592,83.51296613012912,0.0,5.749511833283905,9.636772684650529,18.98910792085949,5.749511833283905,24.007973051412492,73.38367020323349,20.99412685492288,0.0,18.405094737549017,77.82236480020858,5.022633313741326,0.0,0.0,83.05000000000001,33.27127170288325,26.38357931142522,0.0,47.58499621847414,32.59984724657631,30.083331051681466,16.437950128219452,23.229487439386773,23.099010936235302,4.983978520947208,16.337802844032566,74.10746114328109,6.215027423747123,22.09638831489107,0.0456492405199258,-2.5121349981849903,0.4005386641377338,15.659613725940996,-2.369445313495243,1.490439570847618,-4.105759993907538,0.3571428571428571,42,0,8,0,2,2,1,2,1,3,1,0,6,0,14,3,6,0,2,2,0,1,9.607940447253062,5,5.126700000000005,154.52579999999966,0,0,0,0,0,1,0,0,0,0,1,1,0,0,0,4,0,0,0,0,0,0,0,0,0,3,0,1,0,1,0,0,0,0,2,0,0,0,0,0,0,1,0,0,5,0,0,0,0,0,0,0,0,0,0,0,0,0,0,0,0,0,0,0,0,0,0,0,0,1,1,0,0,1,0,0,1,0,0,0,0,0,0,0,0,CHEMBL3112825,Cl.O=C(N1CCN(c2ccccn2)CC1)C1(Oc2ccc(C(F)(F)F)cc2)CCCN(S(=O)(=O)c2ccccc2Cl)C1,31000.0,4.491361693834273,CHEMBL1907611,Tumour suppressor p53/oncoprotein Mdm2,4,Large-Polar-Aromatic-Rigid-Hydrophobic,Large-Polar-Aromatic-Rigid-Hydrophobic
14.148527966742254,14.148527966742254,0.0,-4.778806799281401,0.3224305156879627,19.272727272727273,643.0279999999999,613.7959999999999,642.1832377879999,236,0,0.4166857687637481,-0.4755442221942469,0.4755442221942469,0.4166857687637481,0.7727272727272727,1.431818181818182,2.0454545454545454,35.453002182566706,9.891298179735871,2.490994228894482,-2.4527832473475697,2.361656834183163,-2.639627876496992,5.967196579348011,-0.152732208618717,3.001651521461788,4.417988130966531e-06,1447.6311473329756,30.82985187800029,23.27469186167853,24.091188442606253,20.371777137568124,13.644882066820411,13.644882066820411,10.45927844719447,10.45927844719447,7.629786295154705,7.629786295154705,5.489066990641416,5.489066990641416,-3.999999999999999,2991437645.7438307,32.90427257977285,12.928374655647383,7.033802055164954,255.3602208029803,19.436592146351483,11.567374611118932,0.0,5.601050810983688,11.814359458703011,12.35259703488695,9.589074368143644,4.983978520947208,26.34249028604892,12.407033161179976,18.19910120538483,61.3725797935449,38.92062560117595,23.235110881003564,40.66842760799261,30.039255397718016,0.0,14.783797982648162,0.0,30.795291091722657,44.16844816632592,89.6172357997818,0.0,5.749511833283905,9.636772684650529,32.160353063883946,5.749511833283905,12.407033161179976,71.4677466878103,17.147134218958772,0.0,34.32653490501483,72.92688132469078,0.0,0.0,0.0,65.98,46.458361779664635,35.93156465419256,0.0,57.177213863966195,13.08951281182515,47.11597491945517,12.13273413692322,17.163120370925164,17.032643867773697,4.983978520947208,4.736862953800049,86.77556733357451,0.0,36.65611179973254,0.0,-4.294254086930974,-0.6972102557941026,13.711420756596494,-7.37426769091536,1.1392988104035564,0.0,0.3666666666666666,44,0,7,0,2,2,2,2,1,3,1,0,5,0,14,3,5,0,2,2,0,1,9.66815372006474,5,5.943600000000006,151.6624999999997,0,0,0,0,0,1,0,0,0,0,2,2,0,0,0,4,0,0,0,0,1,0,0,0,0,6,0,2,0,1,0,0,0,0,2,0,0,0,0,0,0,1,0,0,7,0,0,0,0,0,0,0,0,0,0,0,0,0,0,0,0,0,0,0,0,0,0,0,0,1,1,0,0,1,0,0,0,0,0,0,0,0,0,0,0,CHEMBL3112815,Cl.O=C(c1ccccc1C(F)(F)F)N1CCCC(Oc2ccc(C(F)(F)F)cc2)(C(=O)N2CCN(c3ccccn3)CC2)C1,6500.0,3.812913356642856,CHEMBL1907611,Tumour suppressor p53/oncoprotein Mdm2,4,Large-Nonpolar-Aromatic-Rigid-Hydrophobic,Large-Nonpolar-Aromatic-Rigid-Hydrophobic
13.685143547644136,13.685143547644136,0.1797221469574468,-5.083333333333334,0.107027491169796,22.68,714.7870000000006,665.3950000000006,714.3676305680001,280,0,0.4902403183070029,-0.4745811720256028,0.4902403183070029,0.4745811720256028,1.0,1.6,2.14,19.41351565663581,9.911040146255424,2.3883693185705783,-2.324450355781281,2.187637216335699,-2.6156731677277096,5.967250761961124,-0.192467789446694,3.041179044840662,1.606311670953092e-06,1330.3904866559433,38.07033885400645,28.668060479886005,28.668060479886005,23.31631123534549,16.263022264805034,16.263022264805034,12.211092413143156,12.211092413143156,7.649660843279481,7.649660843279481,4.672526278179266,4.672526278179266,-4.9,15968491659.197056,43.12217294900222,20.574742629237925,15.111315059117231,288.5042854529718,42.74092649604088,23.664447739827228,5.959554568743835,29.535898646757527,0.0,12.145603805395323,29.381969526150627,4.794537184071822,13.17124514302446,0.0,63.944690187231934,44.59129680601767,19.007418857986544,0.0,47.0449956422961,41.46475850345321,5.409283605791522,31.900731624037984,11.651573523323576,102.48144641651528,13.08951281182515,35.89528683400505,0.0,0.0,37.634399101200174,13.17124514302446,0.0,0.0,83.45970413824182,28.76722310443093,11.327189651952915,84.24599248008953,30.33183534230805,0.0,0.0,0.0,244.69999999999996,53.53159073327706,37.14393106338357,0.0,36.53346331946025,50.7570724181522,0.0,0.0,51.960417072608934,6.06636706846161,31.900731624037984,21.044015661866233,31.73611111111111,0.0,75.38202671469371,31.235849874038685,4.677205955789828,-5.632137974940048,5.885731031125293,-2.104249570987954,7.486129525836034,0.0,0.59375,50,10,15,0,1,1,5,1,0,1,4,0,7,9,18,1,8,0,1,1,0,0,17.744552200784128,2,1.3411700000000075,177.18309999999968,1,0,0,0,0,0,0,0,1,1,6,5,0,0,0,0,7,1,0,0,0,0,0,0,0,3,0,5,0,0,0,0,0,0,1,0,0,0,0,0,0,0,0,1,3,0,0,0,0,0,0,0,0,0,0,0,0,0,0,0,0,0,0,0,0,0,0,0,0,0,0,0,0,0,0,0,0,0,0,0,0,0,0,0,0,CHEMBL4099696,CC[C@@H]1NC(=O)[C@H](CCCNC(=N)N)NC(=O)[C@](C)(NC(=O)C(C)C)CCCCCNC(=O)[C@@H](c2ccccc2)NC1=O.O=C(O)C(F)(F)F,2.6,0.414973347970818,CHEMBL612545,Unchecked,4,Large-Polar-Aliphatic-Flexible-Hydrophilic,Other
10.97178555681532,10.97178555681532,0.0542345172492455,-1.440677402069899,0.174006568228555,52.6875,467.5200000000002,430.2240000000002,467.2591277640001,188,0,0.1856475895348527,-0.3935672815104059,0.3935672815104059,0.1856475895348527,0.71875,1.28125,1.84375,16.718916546881086,9.838839077937967,2.497145139980917,-2.47424520507463,2.3028658923751766,-2.6780387398284393,5.006772200983827,-0.3144702200339854,2.7472419311249547,1.6991706468763768,607.1880034640932,23.739758018147143,17.667143378704328,17.667143378704328,15.081825115717525,10.759046108083322,10.759046108083322,8.784966984839405,8.784966984839405,6.414988289339923,6.414988289339923,4.428017313305889,4.428017313305889,-0.5599999999999999,8788058.80724996,26.05189361507292,10.793525832364557,5.235544635959526,185.05057667605533,73.14842617521465,36.62379832648981,12.580053458670426,0.0,0.0,0.0,0.0,0.0,0.0,0.0,0.0,12.84164324585202,18.628438064208495,30.898496398305447,44.48008878940371,0.0,0.0,0.0,28.66833738581093,98.4207911231007,13.151638370425491,0.0,0.0,0.0,28.66833738581093,0.0,0.0,0.0,124.2634232218777,18.947451815200196,0.0,12.84164324585202,0.0,0.0,0.0,0.0,268.1700000000001,92.18602984176158,25.532636974203527,0.0,19.386399651764595,0.0,0.0,0.0,0.0,0.0,0.0,47.615789201011125,22.716317116442028,0.0,0.0,50.70976490930665,29.769953315137094,0.0,-3.2666256849237083,-10.76380159742742,-0.4989413918679795,0.0,1.0,32,15,14,1,2,3,0,0,0,0,14,0,14,10,14,2,6,1,2,3,0,0,8.787243334884463,3,-6.295800000000006,108.37100000000002,0,5,5,0,0,0,0,0,0,0,0,0,0,0,0,0,0,5,0,0,0,0,0,0,0,0,0,0,0,0,0,0,0,0,0,0,0,0,0,0,0,4,0,0,0,0,0,0,0,0,0,0,0,0,0,0,0,0,0,0,0,0,0,0,0,0,0,0,0,0,0,0,0,0,0,0,0,0,0,0,0,0,0,0,0,CHEMBL1747,NC[C@H]1O[C@H](O[C@H]2[C@H](O)[C@@H](O[C@H]3O[C@H](CO)[C@@H](O)[C@H](N)[C@H]3O)[C@H](N)C[C@@H]2N)[C@H](N)C[C@@H]1O,6.2,0.7923916894982539,CHEMBL612545,Unchecked,4,Large-Polar-Aliphatic-Flexible-Hydrophilic,Other
14.500126952988674,14.500126952988674,0.0179160435016472,-4.841185088823175,0.2072080666397006,20.244897959183675,694.673,658.3850000000002,694.258989572,264,0,0.416798074283578,-0.4890140962002148,0.4890140962002148,0.416798074283578,0.8979591836734694,1.5918367346938775,2.2448979591836733,19.41706619817966,9.83686726741286,2.5101022390943024,-2.471233649890711,2.3777661680987094,-2.652558031190834,5.964958148619523,-0.1545393368596189,3.070273722279989,1.4288073564211636,1611.5344370777682,35.39876597875264,26.890046933328943,26.890046933328943,23.214312392669218,15.635052181748517,15.635052181748517,12.120712608247004,12.120712608247004,8.503094928064124,8.503094928064124,6.302313647938789,6.302313647938789,-4.529999999999999,43153989137.82758,35.768470562530965,14.52560006409229,8.202077447976448,278.8939864670311,28.91031805395158,18.105905631080727,0.0,5.601050810983688,11.814359458703011,12.35259703488695,14.573052889090851,0.0,26.34249028604892,0.0,19.056471336613846,48.382475525392664,58.64808833699256,35.52937912020004,50.14215351559272,17.501745733386574,0.0,14.783797982648162,5.917906046161393,31.29820666848727,64.49200963662929,83.68134523447164,0.0,11.49902366656781,14.373635638450576,32.02987656073248,11.49902366656781,0.0,91.79130815811368,21.883997172758814,5.917906046161393,34.82945048177944,66.99099075938065,0.0,0.0,0.0,84.44000000000001,58.9210242317386,35.93156465419256,0.0,31.80460267394764,38.1191556425965,47.246451422606626,0.0,18.933444471818635,24.26546827384644,9.883888251797686,14.210588861400147,98.67820257272044,0.0,36.653954207515206,0.0,-3.7638681210288114,-1.3572695497292433,11.953558499298374,-7.620666536166281,3.302931841755866,1.5698237523011151,0.4411764705882353,49,0,9,0,2,2,2,2,1,3,2,0,7,0,15,3,9,0,2,2,0,0,10.603234659093529,5,5.793000000000006,166.33249999999956,0,0,0,0,0,1,0,0,0,0,2,2,0,0,0,4,0,0,0,0,1,0,0,0,0,6,0,2,0,1,0,0,0,0,2,0,0,0,0,0,0,3,0,0,6,0,0,0,0,0,0,0,0,0,0,1,0,0,0,0,0,0,0,0,2,0,0,0,0,1,1,0,0,1,0,0,0,0,0,0,0,0,0,0,0,CHEMBL3233589,COCCOc1ccccc1N1CCN(C(=O)[C@]2(Oc3ccc(C(F)(F)F)cc3)C[C@@H](C)CN(C(=O)c3cnccc3C(F)(F)F)C2)CC1,4000.0,3.6020599913279625,CHEMBL5023,p53-binding protein Mdm-2,4,Large-Polar-Aromatic-Flexible-Hydrophobic,Large-Polar-Aromatic-Flexible-Hydrophobic
13.173968239650195,13.173968239650195,0.0266276708367252,-4.4420401417850846,0.2682271444317005,14.948717948717947,538.5740000000003,509.3420000000003,538.230408828,204,0,0.4159098550258647,-0.4753358811481908,0.4753358811481908,0.4159098550258647,1.1025641025641026,1.8205128205128205,2.41025641025641,19.413191434657808,9.802633645189289,2.304939697079025,-2.319447203334405,2.3443348041202503,-2.3125572768239744,5.917362213318623,-0.1371455507183124,3.208737344874679,1.6906306607341837,1510.5046567020102,27.896612267639515,21.82735309913375,21.82735309913375,18.507058956486873,12.91507581178609,12.91507581178609,10.342536135608729,10.342536135608729,7.317327061432686,7.317327061432686,4.765176057924517,4.765176057924517,-4.02,363741156.25015694,26.581708102535643,10.273342195536785,5.432722145277506,222.90067835861248,14.990415646638391,11.210628712464722,17.289444496602684,5.824404497999927,0.0,12.145603805395323,4.983978520947208,19.746472746913444,13.17124514302446,0.0,32.40103015923048,66.99356379510587,18.783440806673617,5.563451491696996,23.07230972193699,22.951046004170863,0.0,24.503013731580182,5.917906046161393,64.71447826651531,5.316788604006331,65.10980495547365,0.0,11.518332492848389,5.316788604006331,18.98910792085949,0.0,0.0,41.6206872435207,12.72105492335605,5.917906046161393,73.26087867117404,42.595045982382736,0.0,22.682210431232377,0.0,105.82,17.70905529709232,23.07230972193699,0.0,29.976084999989588,34.334253526158065,36.958650497398246,12.13273413692322,10.763943219404432,19.056471336613843,34.1161985662292,4.983978520947208,41.31935062786971,0.0,29.63344046878682,13.082532205016353,2.0776045795589635,-0.2792643981102914,8.779192615891958,0.5114285976222996,6.292381970030849,0.0,0.3928571428571428,39,2,8,1,0,1,0,1,3,4,1,0,7,2,11,3,8,1,0,1,0,0,7.002127781518498,5,6.377500000000006,140.57399999999987,0,0,0,0,1,5,0,0,1,1,1,0,0,0,0,5,1,0,0,0,0,0,0,0,0,3,0,0,0,1,0,0,0,0,1,0,1,0,0,0,0,0,0,0,3,0,0,1,0,0,0,0,0,0,0,0,0,0,0,0,0,0,0,0,0,0,0,0,0,0,0,0,0,1,0,0,0,0,0,0,0,0,0,0,0,CHEMBL5076274,CC(C)c1ccnc(-c2nc3nc(C(=O)O)nc(N[C@H](C)C4CCC4)c3n2Cc2ccc(C(F)(F)F)cc2)c1,4.0,0.6020599913279624,CHEMBL1907611,Tumour suppressor p53/oncoprotein Mdm2,4,Large-Polar-Aromatic-Flexible-Hydrophobic,Large-Polar-Aromatic-Flexible-Hydrophobic
15.554243939515406,15.554243939515406,0.0562894386706676,-0.3607169038584377,0.4883663437625175,16.62162162162162,526.0160000000003,496.78400000000033,525.205529068,194,0,0.2535104326308611,-0.3932126189661752,0.3932126189661752,0.2535104326308611,1.054054054054054,1.7567567567567568,2.4594594594594597,35.49569762655585,10.0048199462668,2.222718100729242,-2.3507703052993505,2.3734087912508355,-2.442942914953929,6.319277755705253,0.0302662135599246,2.924921616467689,1.4837795232678954,1276.6619570773246,25.940582342009534,20.58414990745536,21.340078853473813,17.90188724096433,12.17958692754599,12.557551400555218,9.173211777139215,9.531224864589532,6.7588451460767915,7.060035216741948,4.535711724647872,4.66885857455765,-3.4699999999999993,281752036.666083,25.190950305392068,10.875794912690878,5.458526579976323,219.5357691810151,30.487048227519995,17.831927190493996,10.97097259472782,0.0,5.907179729351506,0.0,4.794537184071822,14.358372089569237,0.0,0.0,23.733674027155736,36.876591748220626,50.39544141886944,24.58853647839296,13.921815185546691,40.38814122146974,0.0,19.76777650359537,0.0,0.0,75.48034015919747,59.25930463516988,0.0,11.126902983393991,15.950365812018994,27.270436649560533,0.0,11.600939890232516,85.20493058012535,4.736862953800049,5.817220841045894,10.357988675768818,42.725522485534206,5.153109816892792,11.126902983393991,0.0,99.85,0.0,4.794537184071822,4.39041504767482,22.564896661973755,60.186266543144114,26.1790256236503,12.393687143226153,35.23174507315853,0.0,32.13223709027889,22.071470321194752,20.88603676523109,6.103459084765688,27.095530216865313,3.3853142700156194,9.27912251627842,-0.0703476348002871,10.27888579197111,1.3245924954445862,5.428483672280927,2.0667005997253134,0.3461538461538461,37,3,9,0,2,2,1,2,1,3,0,0,8,2,11,3,5,0,2,2,0,0,7.404638085871128,5,3.4861000000000013,143.0055999999999,0,0,0,1,0,2,0,0,0,0,1,1,0,0,0,5,1,1,0,1,0,0,0,0,0,0,0,1,0,4,0,0,0,0,2,0,0,0,0,0,0,1,0,0,2,0,0,0,0,0,0,0,0,0,0,0,1,0,0,0,0,0,0,0,0,0,0,0,0,0,1,0,0,0,0,0,0,0,0,0,0,0,0,0,0,CHEMBL5075964,CN1CCN(c2cc(F)c(-c3ccc(C(=O)N4CCOCC4)cc3)cc2Nc2ncnc(Cl)c2N)CC1,16500.0,4.217483944213907,CHEMBL3706572,MOLM-13,4,Large-Polar-Aromatic-Rigid-Hydrophobic,Large-Polar-Aromatic-Rigid-Hydrophobic
15.245814162010944,15.245814162010944,0.1146491799681055,-1.3312635310947822,0.1943921051504553,26.483870967741936,842.0769999999997,781.597,841.480315,326,0,0.2546890789274895,-0.371482053478689,0.371482053478689,0.2546890789274895,0.9032258064516128,1.6129032258064515,2.338709677419355,19.147160747249924,9.568295431643511,2.5028009485703837,-2.5804149919158075,2.5401813287770616,-2.618675289016808,6.051813853802006,-0.1364609590315679,3.759795755069145,0.651418994352498,2394.562757476267,42.5446658697651,36.4666800737235,36.4666800737235,29.813745263144376,23.176425226342136,23.176425226342136,20.885323717657695,20.885323717657695,15.931011228120594,15.931011228120594,12.775317946858298,12.775317946858298,-4.880000000000001,93230404357068.28,39.93186809315248,14.85918371194269,7.069372968407269,363.14723215554017,24.58361744434912,11.71060064789364,0.0,17.762698739689505,5.907179729351506,0.0,24.600309887072275,14.358372089569237,0.0,0.0,18.19910120538483,124.27804282467535,117.17029943352038,6.041840829147961,18.774026599890284,40.26018967580563,0.0,34.96845335939938,16.747886984954953,108.8976449175081,62.15787070900154,82.80599058409386,0.0,0.0,15.116608065707286,16.026140603344878,0.0,0.0,117.4836966677898,22.554652396982227,16.747886984954953,110.9218965573362,54.85825662245742,0.0,10.902924932081056,0.0,121.01,11.71060064789364,14.383611552215466,4.39041504767482,36.22604246927644,35.903766865241714,72.49101054426647,69.10887466145557,18.74738413023173,18.46005421168776,73.22234565881573,9.967957041894415,15.245814162010944,0.0,62.464705482268826,3.647128284914177,6.937043083698034,0.8431975486221504,14.076388850731782,12.914970937883586,13.95408498320383,0.0,0.5714285714285714,62,2,12,1,6,7,3,2,2,4,3,0,9,2,13,8,8,1,4,5,2,1,9.570241354148632,11,6.402000000000006,236.64389999999923,0,0,0,0,0,3,1,0,0,0,3,3,0,0,0,7,2,0,0,0,1,1,0,0,0,1,0,3,0,2,0,0,0,0,2,0,4,0,0,0,0,0,0,0,1,0,0,0,1,0,0,0,0,0,0,0,0,0,0,0,0,0,0,0,1,0,0,0,0,3,0,0,0,0,0,0,0,0,0,0,0,0,0,0,0,CHEMBL4745755,C[C@@H]1Cc2c([nH]c3ccccc23)[C@@H](c2cnc(N3CCC4(CC3)CC(CN3CC5(CCN(c6ccc7c(c6)CN(C6CCC(=O)NC6=O)C7=O)CC5)C3)C4)nc2)N1CC(C)(C)F,0.4,-0.3979400086720376,CHEMBL4523681,Protein cereblon/Estrogen receptor,4,Large-Polar-Aromatic-Flexible-Hydrophobic,Large-Polar-Aromatic-Flexible-Hydrophobic
12.671897569268872,12.671897569268872,0.0291570268407317,-4.792434693965056,0.2492726328865343,14.775,554.5730000000003,525.3410000000002,554.225323448,210,0,0.5725963006450658,-0.4753358811481908,0.5725963006450658,0.4753358811481908,1.125,1.85,2.45,19.42245744338,9.802633871580015,2.310776882798751,-2.319443230928846,2.340586799957407,-2.312554689885171,5.917379205959914,-0.2741994785057195,3.214152369614687,1.6549721446387455,1531.072567552622,28.60371904882606,22.235601389597612,22.235601389597612,18.98018550294919,13.073324102249954,13.073324102249954,10.339607004211617,10.339607004211617,7.192994965569315,7.192994965569315,4.762573872530741,4.762573872530741,-4.22,550971040.5847174,27.350793714347972,10.743047022469009,5.848514766410147,228.01422358811936,19.72727860043844,16.960140545748626,17.289444496602684,5.824404497999927,0.0,12.33166414698223,4.983978520947208,19.746472746913444,0.0,13.17124514302446,32.40103015923048,66.99356379510587,18.783440806673617,0.0,27.80917267573704,22.951046004170863,0.0,24.503013731580182,5.917906046161393,64.90053860810222,5.316788604006331,59.546353463776654,0.0,17.26784432613229,10.05365155780638,18.98910792085949,5.749511833283905,0.0,47.983046102551086,6.544756405912575,5.917906046161393,67.69742717947705,42.595045982382736,0.0,22.682210431232377,0.0,115.05,12.33166414698223,23.07230972193699,0.0,35.72559683327349,34.334253526158065,24.825916360475023,24.26546827384644,6.196843571613076,23.6235709844052,38.85306152002925,4.983978520947208,43.85088502776027,0.0,29.7024809194007,13.107009749200438,2.912990794490442,-0.5761403343329753,9.415165660450167,0.1678348326313994,6.336440017066232,0.0,0.3928571428571428,40,2,9,1,0,1,0,1,3,4,1,0,8,2,12,3,9,1,0,1,0,0,7.345771574377251,5,6.257300000000005,142.25499999999985,0,0,0,0,1,5,0,0,1,1,1,0,0,0,0,5,1,0,0,0,0,0,0,0,0,3,0,0,0,1,0,0,0,0,1,0,1,0,0,0,0,1,0,0,3,0,0,1,0,0,0,0,0,0,0,0,0,0,0,0,0,0,0,0,0,0,0,0,0,0,0,0,0,1,0,0,0,0,0,0,0,0,0,0,0,CHEMBL5080197,CC(C)c1ccnc(-c2nc3nc(C(=O)O)nc(N[C@H](C)C4CCC4)c3n2Cc2ccc(OC(F)(F)F)cc2)c1,12.0,1.0791812460476249,CHEMBL1907611,Tumour suppressor p53/oncoprotein Mdm2,4,Large-Polar-Aromatic-Flexible-Hydrophobic,Large-Polar-Aromatic-Flexible-Hydrophobic
14.500126952988674,14.500126952988674,0.0179160435016472,-4.841185088823175,0.2072080666397006,20.244897959183675,694.673,658.3850000000002,694.258989572,264,0,0.416798074283578,-0.4890140962002148,0.4890140962002148,0.416798074283578,0.8979591836734694,1.5918367346938775,2.2448979591836733,19.41706619817966,9.83686726741286,2.5101022390943024,-2.471233649890711,2.3777661680987094,-2.652558031190834,5.964958148619523,-0.1545393368596189,3.070273722279989,1.4288073564211636,1611.5344370777682,35.39876597875264,26.890046933328943,26.890046933328943,23.214312392669218,15.635052181748517,15.635052181748517,12.120712608247004,12.120712608247004,8.503094928064124,8.503094928064124,6.302313647938789,6.302313647938789,-4.529999999999999,43153989137.82758,35.768470562530965,14.52560006409229,8.202077447976448,278.8939864670311,28.91031805395158,18.105905631080727,0.0,5.601050810983688,11.814359458703011,12.35259703488695,14.573052889090851,0.0,26.34249028604892,0.0,19.056471336613846,48.382475525392664,58.64808833699256,35.52937912020004,50.14215351559272,17.501745733386574,0.0,14.783797982648162,5.917906046161393,31.29820666848727,64.49200963662929,83.68134523447164,0.0,11.49902366656781,14.373635638450576,32.02987656073248,11.49902366656781,0.0,91.79130815811368,21.883997172758814,5.917906046161393,34.82945048177944,66.99099075938065,0.0,0.0,0.0,84.44000000000001,58.9210242317386,35.93156465419256,0.0,31.80460267394764,38.1191556425965,47.246451422606626,0.0,18.933444471818635,24.26546827384644,9.883888251797686,14.210588861400147,98.67820257272044,0.0,36.653954207515206,0.0,-3.7638681210288114,-1.3572695497292433,11.953558499298374,-7.620666536166281,3.302931841755866,1.5698237523011151,0.4411764705882353,49,0,9,0,2,2,2,2,1,3,2,0,7,0,15,3,9,0,2,2,0,0,10.603234659093529,5,5.793000000000006,166.33249999999956,0,0,0,0,0,1,0,0,0,0,2,2,0,0,0,4,0,0,0,0,1,0,0,0,0,6,0,2,0,1,0,0,0,0,2,0,0,0,0,0,0,3,0,0,6,0,0,0,0,0,0,0,0,0,0,1,0,0,0,0,0,0,0,0,2,0,0,0,0,1,1,0,0,1,0,0,0,0,0,0,0,0,0,0,0,CHEMBL3233590,COCCOc1ccccc1N1CCN(C(=O)[C@]2(Oc3ccc(C(F)(F)F)cc3)C[C@H](C)CN(C(=O)c3cnccc3C(F)(F)F)C2)CC1,2700.0,3.4313637641589874,CHEMBL5023,p53-binding protein Mdm-2,4,Large-Polar-Aromatic-Flexible-Hydrophobic,Large-Polar-Aromatic-Flexible-Hydrophobic
12.774834144076642,12.774834144076642,0.260788454270597,-4.208022955357899,0.6242213444736486,19.20689655172414,418.4880000000001,397.32000000000016,418.143902332,152,0,0.3933283894807131,-0.3552973217386798,0.3933283894807131,0.3552973217386798,1.0689655172413792,1.862068965517241,2.6206896551724137,32.133539201646144,9.786357079529289,2.4746544944286555,-2.4784106760335955,2.42911848048414,-2.564265454362918,7.182472264543883,-0.126137187678873,3.24277420096606,1.2872228829980217,1011.6881549779732,20.06226716449869,15.822195444124596,16.638692025052322,13.891491309924314,9.706459608671652,10.52295618959938,8.223086041883713,9.338285913172964,5.838987121865849,6.882036140542337,4.659446208528247,5.680418143176267,-2.1899999999999995,4872203.381467486,18.814358992267735,6.950307921603333,3.829916522969481,170.5389113612972,4.899909730850477,16.975579272220138,0.0,0.0,0.0,6.176298517443475,4.899909730850477,9.967957041894415,13.17124514302446,11.336785877934735,30.33183534230805,18.050640183084617,43.01591969266095,11.807045837390806,13.17124514302446,27.371269289855128,0.0,14.867866772744891,5.414990469396779,25.56269816920807,31.07893535450078,53.1661211709325,0.0,0.0,4.899909730850477,18.98910792085949,0.0,11.336785877934735,47.223190913838664,12.965578028838586,5.414990469396779,16.861420308324305,42.725522485534206,0.0,10.216620634085364,0.0,32.260000000000005,12.597120140369483,13.17124514302446,0.0,5.414990469396779,9.707543613321866,61.68547652272344,11.890771566461538,6.06636706846161,6.06636706846161,44.03324477744181,0.0,38.32450243222993,1.1123573313467443,14.249666666746496,0.7446899518531014,1.5850284241084416,0.7759804293363098,12.086806451480063,-2.56100876434016,4.848643743905739,0.0,0.4285714285714285,29,0,4,0,2,2,0,1,2,3,0,0,5,0,8,4,4,0,2,2,1,0,4.509158218753356,5,4.5084000000000035,108.15600000000003,0,0,0,0,0,2,0,0,0,0,0,0,0,0,0,4,0,0,0,0,1,0,0,0,0,3,0,0,0,1,0,0,0,0,1,0,1,0,0,0,0,0,0,0,3,0,0,0,0,0,0,0,0,0,0,0,0,0,0,0,0,0,0,0,0,0,0,0,0,0,0,0,0,0,0,0,0,0,0,0,0,0,1,0,0,CHEMBL4205439,FC(F)(F)Cc1cc2c(N3CCC4(CN(Cc5ccccc5)C4)C3)ncnc2s1,56.0,1.7481880270062005,CHEMBL2093861,Menin/Histone-lysine N-methyltransferase MLL,4,Large-Nonpolar-Aromatic-Rigid-Hydrophobic,Large-Nonpolar-Aromatic-Rigid-Hydrophobic
12.848326774928957,12.848326774928957,0.177357140335568,-4.2509805183909695,0.2970403457839045,15.23076923076923,551.6020000000002,527.4100000000002,551.182747428,200,0,0.3933283894768193,-0.3666015730521101,0.3933283894768193,0.3666015730521101,1.1282051282051282,1.9743589743589745,2.717948717948718,32.13353988594969,10.033955018764583,2.2908303498957556,-2.3232585451621657,2.329805277724608,-2.3836584204750877,7.18247639276461,-0.1261393703402291,3.635174149205722,1.0930889907584662,1641.204927939464,26.98455241637955,20.741186499814088,21.557683080741818,18.841782390506925,12.511221384966325,13.327717965894047,9.725998309206094,10.841198180495342,6.957481720627468,8.00053073930396,5.138430336646287,6.164789761143535,-4.02,1044125596.3040909,25.26858801586887,10.273342195536785,5.571165173126264,224.83554698922197,9.883888251797686,34.432656574709334,0.0,0.0,0.0,6.176298517443475,9.998591539151516,9.967957041894415,18.433136697762947,16.435467686235775,11.279752164116475,42.67056301139545,47.65302574428111,18.351802243303386,13.17124514302446,38.274194221936185,5.261891554738487,34.84571513279319,0.0,44.57011702719461,18.40630141583148,64.68445366378087,0.0,6.069221312792274,5.316788604006331,18.98910792085949,0.0,11.336785877934735,60.153367291209776,19.51033443475116,11.33111286753076,34.670097920947235,42.85599898868567,0.0,21.119545566166423,0.0,111.34,12.597120140369483,18.433136697762947,0.0,10.91898802284926,28.27316781268143,60.409551268453995,11.890771566461538,12.263210640074686,16.699833784714574,53.797359538723654,0.0,40.48723407131128,1.0611117618161012,11.673832385719772,25.21752348492384,3.480717908378365,0.5944493820677967,12.188021392553786,-0.3055965771710318,3.019372857066757,0.0,0.3461538461538461,39,2,9,0,1,1,0,1,4,5,0,0,9,2,13,5,7,0,1,1,0,0,6.656226961155403,6,4.865380000000004,141.23339999999988,0,0,0,0,0,6,1,0,0,0,0,0,0,0,0,7,2,0,0,0,1,1,0,0,0,3,0,0,0,1,0,0,0,0,1,0,2,0,0,0,0,0,0,0,3,0,0,0,0,0,0,0,0,0,0,0,0,1,0,0,0,0,0,0,0,0,0,0,0,1,0,0,0,0,0,0,0,0,0,0,0,0,1,0,0,CHEMBL3780953,N#Cc1cc2cc(CN3CCC(Nc4ncnc5sc(CC(F)(F)F)cc45)CC3)ccc2n1Cc1c[nH]nn1,27.0,1.4313637641589874,CHEMBL2093861,Menin/Histone-lysine N-methyltransferase MLL,4,Large-Polar-Aromatic-Flexible-Hydrophobic,Large-Polar-Aromatic-Flexible-Hydrophobic
14.705000046525344,14.705000046525344,0.0154500866252484,-4.8713352594238595,0.2739117934581014,20.3265306122449,715.7169999999999,680.4369999999998,715.22630954,266,0,0.4338225363438802,-0.4890241713984007,0.4890241713984007,0.4338225363438802,1.0408163265306123,1.7755102040816326,2.4285714285714284,32.13350456389261,9.79418760317752,2.561400452362663,-2.5010153211971287,2.4166913601133193,-2.6888120556847124,7.110792555218115,-0.1595326985281464,3.5646695175804632,1.4983732770196758,1613.1755613589326,35.398765978752635,26.46663687913307,27.283133460060796,23.296027401073285,15.707305542647898,16.586958353902794,11.632597020028758,12.45324239332151,8.568220243032231,9.285586485221437,6.374979114740899,7.121631784665071,-4.119999999999999,57398413259.29501,36.16793317279232,14.781632433988424,7.714768482290887,281.79962835547485,29.27998249499224,12.356393797796825,5.693927994848461,5.601050810983688,17.008043497142687,12.35259703488695,14.57305288909085,0.0,31.326468806996132,0.0,36.81407883747459,31.040744451236847,56.91835356618095,29.46301205173843,50.511817956633365,28.838531611321308,0.0,19.76777650359537,0.0,56.602512366413265,50.83745568943918,64.92641623424257,0.0,10.94319587172358,14.373635638450576,32.02987656073248,10.94319587172358,11.336785877934735,94.26910095585946,17.147134218958772,0.0,54.222391853708935,48.10558525600012,0.0,0.0,0.0,108.33,57.824363150403734,41.03809204903327,0.0,52.11049801554158,42.66299921443141,23.46113618837563,9.799819461700954,19.056471336613843,17.032643867773697,9.967957041894415,9.473725907600098,94.34494789043,0.5441127365471419,40.656760836798625,9.530088353199048,-4.32161814086343,-1.073035260972116,6.750534389645523,-7.329539987925974,2.647749183141176,0.0,0.5,49,1,10,0,2,2,2,1,2,3,2,0,9,1,17,4,10,0,2,2,0,0,10.910634572597404,5,5.518100000000007,166.4962999999996,0,1,1,0,0,2,0,0,0,0,2,2,0,0,0,5,0,0,0,0,1,0,0,0,0,6,0,2,0,1,0,0,0,0,1,0,0,0,0,0,0,2,0,0,6,0,0,0,0,0,0,0,0,0,0,0,0,0,0,0,0,0,0,0,2,0,0,0,0,1,1,0,0,1,0,0,0,0,0,0,1,0,0,0,0,CHEMBL4299636,CCC[C@@H]1N(C(=O)c2cnccc2C(F)(F)F)CCC[C@]1(Oc1nc(C(F)(F)F)cs1)C(=O)N1CCN(c2ccccc2OCCO)CC1,1100.0,3.041392685158225,CHEMBL1907611,Tumour suppressor p53/oncoprotein Mdm2,4,Large-Polar-Aromatic-Flexible-Hydrophobic,Large-Polar-Aromatic-Flexible-Hydrophobic
14.8055096060499,14.8055096060499,0.0113432157576116,-4.866663798825695,0.1272988690329754,19.823529411764707,720.7109999999998,682.4069999999999,720.2746396360001,274,0,0.4167980757497983,-0.4890140962002148,0.4890140962002148,0.4167980757497983,0.9411764705882352,1.6470588235294117,2.2941176470588234,19.417069054460928,9.79693471396456,2.555290355438872,-2.5037194336526705,2.404355520341175,-2.688085353170412,5.970008988712909,-0.15879639721602,3.115147939966864,1.4906117532048857,1677.4795481170984,36.81297954112573,27.88161076489166,27.88161076489166,24.29602740107328,16.343043070754618,16.343043070754618,12.1632155680065,12.1632155680065,9.030841584177637,9.030841584177637,6.599488001461093,6.599488001461093,-4.789999999999999,126606729570.89713,37.46489673108059,15.62155849911963,8.240549831282173,290.93426766363996,28.91031805395158,18.105905631080727,0.0,5.601050810983688,11.814359458703011,12.35259703488695,14.57305288909085,0.0,26.34249028604892,6.578935683598497,18.208754243757102,55.30621272508328,58.64808833699257,35.026463543435426,50.14215351559271,17.501745733386574,0.0,14.783797982648164,0.0,43.25795354379663,57.94725323071671,96.33630102490405,0.0,11.49902366656781,14.373635638450576,32.02987656073248,11.49902366656781,0.0,91.28839258134909,21.88399717275882,0.0,40.74735652794084,79.64594654981303,0.0,0.0,0.0,84.44000000000001,52.50020260881259,35.93156465419256,0.0,44.646245919799654,38.1191556425965,42.34654169175615,10.975929837684358,12.009707272128011,29.165378004696915,11.562914204545706,14.210588861400147,99.61468172275698,0.0,37.33721526193698,0.0,-3.88780572488119,-0.9873039342154948,10.77905143979494,-6.173478191382285,5.665610726350528,1.5686953663061942,0.4166666666666667,51,0,9,0,2,2,2,2,1,3,2,0,7,0,15,3,11,0,2,2,0,0,11.47568776368728,5,6.491700000000008,175.52049999999952,0,0,0,0,0,1,0,0,0,0,2,2,0,0,0,4,0,0,0,0,1,0,0,0,0,6,0,2,0,1,0,0,0,0,2,0,0,0,0,0,0,3,0,0,6,0,0,0,0,0,0,0,0,0,0,1,0,0,0,0,0,0,0,0,2,0,0,0,0,1,1,0,0,1,0,0,0,0,0,0,0,0,0,0,0,CHEMBL3233018,C=CC[C@H]1N(C(=O)c2cnccc2C(F)(F)F)CCC[C@@]1(Oc1ccc(C(F)(F)F)cc1)C(=O)N1CCN(c2ccccc2OCCOC)CC1,40.0,1.6020599913279625,CHEMBL5023,p53-binding protein Mdm-2,4,Large-Polar-Aromatic-Flexible-Hydrophobic,Large-Polar-Aromatic-Flexible-Hydrophobic
14.328653914383851,14.328653914383851,0.0581583403816536,-3.14650114099657,0.4035684173301857,22.318181818181817,630.8309999999999,583.4550000000002,630.3363532039999,242,0,0.2577090696607249,-0.4509868145617344,0.4509868145617344,0.2577090696607249,1.0909090909090908,1.75,2.363636363636364,32.233103467272386,9.714378162442094,2.4604282038892085,-2.544673982664575,2.44948807997725,-2.6063249990952646,7.882928034527412,0.061761869912852,2.933792636051386,1.1795576812308683,1405.5719350744437,31.647689123196077,26.629600918586984,27.44609749951471,20.82191942025085,15.870254345652592,17.761665883710847,13.617396423589652,15.397429737936983,9.410679468940454,10.172165152399176,7.2712283829709055,8.112429503675662,-2.8300000000000005,3079044333.9368334,32.559996485370576,13.262408078424173,7.68574029864427,260.9697681627019,19.436592146351483,17.894052749094342,11.567374611118932,10.023291153407584,5.907179729351506,0.0,4.794537184071822,27.49826393835026,0.0,0.0,0.0,103.42639859968992,43.17478217457838,18.016064246821475,22.33961216987563,21.748333660594117,0.0,24.48987136804746,11.332896515558172,84.34540102376243,43.879460943924755,42.10393718450534,0.0,11.49902366656781,14.358867549102616,10.208277825509848,11.49902366656781,0.0,91.19782691779396,10.023291153407584,17.150117356604063,76.57786721208737,30.72326485176245,0.0,0.0,0.0,107.97,15.84051199445348,17.60274921607558,0.0,40.76065601117306,17.485280657280327,71.24871176711895,30.782190463660775,11.096753302463554,27.694948798762496,24.48987136804746,4.736862953800049,46.478210195483925,0.0,28.74180281669696,0.0,0.4136558967439401,1.2532414632029,4.000562260545584,10.535800390997917,12.723228117325354,-3.14650114099657,0.65625,44,1,10,1,2,3,1,1,1,2,0,0,8,1,12,3,10,1,2,3,1,0,9.81418091866003,5,4.677200000000004,168.9929999999996,0,0,0,0,0,2,0,0,0,0,1,1,0,0,0,5,1,0,0,0,1,0,0,0,0,0,0,1,0,1,0,0,0,0,1,0,0,0,0,0,0,1,0,0,1,0,0,0,0,0,0,0,0,0,0,0,0,0,0,0,0,0,0,0,0,0,0,0,0,1,0,0,0,0,0,0,1,0,0,0,0,0,0,0,0,CHEMBL5267644,CC(C)N(C(=O)c1cc(F)ccc1Oc1cncnc1N1CC2(CCN(C[C@H]3CC[C@H](NS(C)(=O)=O)CC3)CC2)C1)C(C)C,40000.0,4.6020599913279625,CHEMBL2093861,Menin/Histone-lysine N-methyltransferase MLL,4,Large-Polar-Aromatic-Flexible-Hydrophobic,Large-Polar-Aromatic-Flexible-Hydrophobic
13.553028729750968,13.553028729750968,0.1159292861619698,-0.9055284932521056,0.5543757767565258,25.323529411764707,463.62200000000024,426.32600000000025,463.283492044,182,0,0.3387167104417617,-0.4775492881015767,0.4775492881015767,0.3387167104417617,1.0588235294117647,1.911764705882353,2.676470588235294,16.365885218594144,9.76663426684428,2.3536926010473436,-2.395526390727928,2.430668657363009,-2.4667708471018215,5.888698956358172,-0.1403112925584708,3.609980556370095,1.3477117858482712,1039.267355882244,23.65612529163337,20.28678475987276,20.28678475987276,16.562881945713375,13.28446187529756,13.28446187529756,10.560066555051272,10.560066555051272,8.142647168735671,8.142647168735671,6.263929756405432,6.263929756405432,-2.63,109036950.1586915,23.127781884770947,9.92735502478346,4.640782604997974,201.88924911795664,10.006437125691182,5.563451491696996,0.0,5.907179729351506,0.0,5.969305287951848,4.794537184071822,9.476340119217006,5.098681808301038,0.0,31.898114582465865,81.40148628111571,24.42240932738332,17.5781578411451,14.69560176298435,11.876485017303354,0.0,14.680394474296698,5.917906046161393,95.4304279733475,6.544756405912575,47.283142823701965,0.0,5.687386274683562,0.0,0.0,0.0,0.0,44.25000412150129,4.794537184071822,5.917906046161393,111.00395530651382,30.462311845459517,0.0,5.687386274683562,0.0,75.43,5.969305287951848,14.69560176298435,0.0,11.835812092322788,23.430378096357856,82.1342869047047,18.18111668623608,0.0,10.748170003606797,35.12142994422697,0.0,1.8324986562960048,0.0,27.4889873223292,14.072970285063535,3.3195117620567185,0.2369707674864156,8.83481821639688,13.404864702085934,3.142711621618644,0.0,0.6071428571428571,34,1,6,2,1,3,1,1,1,2,3,0,4,1,6,2,7,2,1,3,0,3,6.752873579584611,5,5.902900000000006,131.45730000000003,0,0,0,0,1,2,0,0,1,1,2,1,0,0,0,3,0,0,0,0,1,0,0,0,0,0,0,1,0,0,0,0,0,0,1,0,0,0,0,0,0,0,0,0,0,0,0,0,0,0,0,0,0,0,0,0,0,0,0,0,0,0,0,0,0,0,0,0,0,1,0,0,0,0,0,0,0,0,0,0,0,0,0,0,0,CHEMBL5207900,CCCC1CCCCN1C(=O)C1CCCC(c2cccc(-n3ncc(C(=O)O)c3C3CC3)c2)C1,230.0,2.361727836017593,CHEMBL3038498,Keap1/Nrf2,4,Large-Polar-Aromatic-Flexible-Hydrophobic,Large-Polar-Aromatic-Flexible-Hydrophobic
11.91308229251914,11.91308229251914,0.1974249460522905,-1.1448652916681417,0.3906999520330123,21.47222222222222,490.6520000000004,452.3480000000003,490.305624456,192,0,0.3735885935987529,-0.4753358811482063,0.4753358811482063,0.3735885935987529,1.1111111111111112,1.8611111111111112,2.5,16.367353705075903,9.802549797890403,2.287298453040813,-2.321783718766447,2.3580359558438957,-2.3134932634108467,5.916487288511042,0.0683731660369687,3.175827082247486,1.6540380670447232,1240.3109112149605,25.396612267639515,21.867186266472995,21.867186266472995,17.295734091081684,13.541800228141996,13.541800228141996,11.29821160202029,11.29821160202029,8.27157793354339,8.27157793354339,5.577167757677775,5.577167757677775,-3.03,115744859.99221732,24.65501769376496,10.147839110416257,4.949253165852174,212.5307994766202,14.990415646638391,11.210628712464722,17.289444496602684,5.824404497999927,0.0,5.969305287951848,4.983978520947208,19.746472746913444,0.0,0.0,40.0336764678499,73.97483350466047,18.783440806673617,0.0,9.901064578912528,22.951046004170863,0.0,24.503013731580182,17.75371813848418,91.1452034404665,5.316788604006331,29.717433698233226,0.0,11.518332492848389,5.316788604006331,5.817862777835028,0.0,0.0,41.6206872435207,6.544756405912575,17.75371813848418,94.74099937917472,18.329577708536295,0.0,22.682210431232377,0.0,105.82,5.969305287951848,9.901064578912528,0.0,11.866245327147888,29.218758137086937,29.497695662538614,50.50920285217907,0.0,12.263210640074686,58.5971396818634,4.983978520947208,2.21218608276644,0.0,30.37409534685831,13.31167236927966,3.1905433253548336,2.1741236297062057,4.336568183094434,10.271172251313292,9.629638811626824,0.0,0.6071428571428571,36,2,8,2,0,2,0,0,3,3,1,0,7,2,8,3,8,2,0,2,0,0,6.9498653561331345,5,6.136700000000006,141.1499999999999,0,0,0,0,1,5,0,0,1,1,1,0,0,0,0,5,1,0,0,0,0,0,0,0,0,0,0,0,0,1,0,0,0,0,0,0,1,0,0,0,0,0,0,0,0,0,0,1,0,0,0,0,0,0,0,0,0,0,0,0,0,0,0,0,0,0,0,0,0,0,0,0,0,1,0,0,0,0,0,0,0,0,0,0,0,CHEMBL5080429,CC(C)c1ccnc(-c2nc3nc(C(=O)O)nc(N[C@H](C)C4CCC4)c3n2C[C@H]2CC[C@H](C)CC2)c1,2.2,0.3424226808222063,CHEMBL1907611,Tumour suppressor p53/oncoprotein Mdm2,4,Large-Polar-Aromatic-Flexible-Hydrophobic,Large-Polar-Aromatic-Flexible-Hydrophobic
14.628578753133729,14.628578753133729,0.1853491493563865,-1.2960407233921227,0.1156455467045305,26.048387096774192,855.0979999999994,788.5699999999998,854.516679832,336,0,0.2459060810221354,-0.3701604379834824,0.3701604379834824,0.2459060810221354,0.7096774193548387,1.3548387096774193,2.032258064516129,16.175884075997647,9.750751379011446,2.4932941157396304,-2.4270594147661253,2.3376993742148677,-2.6722059348117453,5.989330528719883,-0.1461342492079747,3.9579476152982607,1.2382801938210906,1906.8746867203845,44.06369191775276,35.930763645734594,35.930763645734594,29.952035162155724,22.754605401365932,22.754605401365932,17.45217293722533,17.45217293722533,12.936154474296623,12.936154474296623,9.227647305208569,9.227647305208569,-5.509999999999999,41256540288791.11,46.00362326796411,22.025031915762117,11.893971484472251,364.47644785292823,47.851097436056975,29.70628856897519,5.959554568743835,35.443078376109035,0.0,0.0,34.17650671022245,0.0,0.0,0.0,86.70141173078456,87.31939232727711,32.59984724657631,6.041840829147961,28.76722310443093,41.40263294485287,5.409283605791522,36.38376248173261,11.46733495432437,144.90209698786535,26.1790256236503,60.160755107851486,0.0,11.126902983393991,38.051277974356026,0.0,0.0,0.0,113.12960742832728,35.18804472735694,5.409283605791522,108.2965974585132,54.59730361615449,0.0,11.126902983393991,0.0,244.94,59.376848315529166,28.76722310443093,0.0,30.61555727329886,83.96642022998441,55.21528421264705,4.899909730850477,4.899909730850477,54.59730361615449,26.583943020031658,16.876618560115894,0.0,0.0,87.62786065705717,22.23045538937297,13.46080551246241,-2.565615495290513,13.410098305302515,9.95290671352926,1.466822250899534,0.0,0.5869565217391305,62,10,16,1,3,4,6,2,0,2,5,0,8,8,16,3,7,1,3,4,1,0,16.342439850283974,6,2.33767000000001,236.09299999999928,0,0,0,0,0,0,0,0,0,0,6,6,0,0,0,2,6,2,0,0,0,0,0,0,0,0,0,6,0,0,0,0,0,0,2,0,2,0,0,0,0,0,0,1,0,0,0,0,0,0,0,0,0,0,0,0,0,0,0,0,0,0,0,0,0,0,0,0,0,0,0,0,0,0,0,0,0,0,0,0,0,0,0,0,0,CHEMBL2314815,N=C(N)NCCC[C@@H]1NC(=O)C2(CCC2)NC(=O)[C@@H]2CCCN2C(=O)[C@H](Cc2cccc(-c3ccccc3)c2)NC(=O)[C@@H](N)CCCCCCCCNC(=O)[C@@H]2CCCN2C1=O,39400.0,4.595496221825574,CHEMBL1615381,Menin,4,Large-Polar-Aromatic-Flexible-Hydrophilic,Other
14.256019036715786,14.256019036715786,0.1348767235982451,-1.364280249734171,0.1156650957731976,27.120689655172413,814.9799999999993,754.4999999999998,814.46653608,320,0,0.2459060810221354,-0.3701604379834824,0.3701604379834824,0.2459060810221354,0.7586206896551724,1.362068965517241,1.9827586206896552,19.14545598466171,9.7507522339157,2.493214090377104,-2.4270477525018745,2.3363456227774777,-2.6722096345642785,5.9887541346762765,-0.1461348350285049,3.858494757170879,1.3867735859766497,1657.5116043699354,41.821051230633486,33.222590976615294,33.222590976615294,27.77340236720164,20.88256987437516,20.88256987437516,16.16346655751633,16.16346655751633,11.824391942160394,11.824391942160394,8.4479799776087,8.4479799776087,-4.869999999999999,3358962545967.313,44.237117209196334,20.70505356705876,11.625666840678448,337.75042445271686,47.851097436056975,41.34073025106697,5.959554568743835,35.443078376109035,0.0,0.0,34.17650671022245,8.78083009534964,0.0,0.0,32.10410811463005,88.32522348080634,38.66621431503791,6.041840829147961,37.54805319978057,41.40263294485287,5.409283605791522,36.38376248173261,11.46733495432437,144.90209698786535,26.1790256236503,35.39699437917361,0.0,0.0,38.051277974356026,8.78083009534964,0.0,0.0,113.12960742832728,35.18804472735694,17.043725287883312,108.2965974585132,18.19910120538483,0.0,0.0,0.0,244.94,76.91846972697248,37.54805319978057,0.0,62.62380671624752,64.10163124076882,44.23684225155327,9.799819461700954,0.0,0.0,26.583943020031658,16.876618560115894,28.469200478551095,0.0,86.2123420229177,21.658287261902245,10.487170965983164,-4.926027118971291,-2.0761733520944654,8.523302993295719,1.2352300817491737,0.0,0.675,58,10,16,1,3,4,6,1,0,1,5,0,8,8,18,3,6,1,3,4,1,0,15.791928990839084,5,0.9488700000000084,210.57299999999947,0,0,0,0,0,0,0,0,0,0,6,6,0,0,0,2,6,2,0,0,0,0,0,0,0,0,0,6,0,0,0,0,0,0,1,0,2,0,0,0,0,0,0,1,2,0,0,0,0,0,0,0,0,0,0,0,0,0,0,0,0,0,0,0,0,0,0,0,0,0,0,0,0,0,0,0,0,0,0,0,0,0,0,0,0,CHEMBL2314819,N=C(N)NCCC[C@@H]1NC(=O)C2(CCC2)NC(=O)[C@@H]2CCCN2C(=O)[C@H](Cc2cc(F)cc(F)c2)NC(=O)[C@@H](N)CCCCCCCCNC(=O)[C@@H]2CCCN2C1=O,18.5,1.2671717284030135,CHEMBL1615381,Menin,4,Large-Polar-Aliphatic-Flexible-Hydrophilic,Other
14.792859748276417,14.792859748276417,0.0272765759090549,-4.852144106869196,0.2561217398626551,20.08,708.6999999999998,670.396,708.2746396360001,270,0,0.4167980757436039,-0.4890241713984007,0.4890241713984007,0.4167980757436039,0.94,1.64,2.28,19.41706716596419,9.79246819613688,2.5556078822182817,-2.5061029872787706,2.4064581239241,-2.6887736360840364,5.969671506216683,-0.1593839185742103,3.103533553336318,1.5018881800316128,1628.7484406036776,36.10587275993918,27.34322580073813,27.34322580073813,23.79602740107328,16.3529576119716,16.3529576119716,12.15832082553422,12.15832082553422,9.006856293092326,9.006856293092326,6.707081216441235,6.707081216441235,-4.529999999999999,78163775268.43517,36.7430659565888,15.152479396183862,7.7675017120935,284.9396171041168,29.27998249499224,18.105905631080727,0.0,5.601050810983688,11.814359458703011,12.35259703488695,14.57305288909085,0.0,26.34249028604892,0.0,25.477292959539852,55.30621272508328,51.538290795715035,35.026463543435426,50.511817956633365,17.501745733386574,0.0,14.783797982648164,0.0,56.602512366413265,50.83745568943918,83.68134523447165,0.0,11.49902366656781,14.373635638450576,32.02987656073248,11.49902366656781,0.0,89.28512243491225,17.147134218958772,0.0,54.09191535055747,66.99099075938064,0.0,0.0,0.0,95.44,52.50020260881259,41.03809204903327,0.0,57.86000984882549,25.259846268035066,48.41290876021776,4.899909730850477,23.95638106746432,17.032643867773697,4.983978520947208,9.473725907600098,94.29800352061308,0.0,37.374412221238835,9.231827334352808,-3.82641290077896,-0.9765443819441726,10.775746934931316,-6.857245279832604,2.8968792180863705,0.0,0.4571428571428571,50,1,9,0,2,2,2,2,1,3,2,0,7,1,15,3,10,0,2,2,0,0,11.134970997196731,5,6.061600000000007,170.82429999999954,0,1,1,0,0,1,0,0,0,0,2,2,0,0,0,4,0,0,0,0,1,0,0,0,0,6,0,2,0,1,0,0,0,0,2,0,0,0,0,0,0,2,0,0,6,0,0,0,0,0,0,0,0,0,0,0,0,0,0,0,0,0,0,0,2,0,0,0,0,1,1,0,0,1,0,0,0,0,0,0,0,0,0,0,0,CHEMBL4299674,CCC[C@@H]1N(C(=O)c2cnccc2C(F)(F)F)CCC[C@]1(Oc1ccc(C(F)(F)F)cc1)C(=O)N1CCN(c2ccccc2OCCO)CC1,40.0,1.6020599913279625,CHEMBL1907611,Tumour suppressor p53/oncoprotein Mdm2,4,Large-Polar-Aromatic-Flexible-Hydrophobic,Large-Polar-Aromatic-Flexible-Hydrophobic
12.859888330106584,12.859888330106584,0.1171603545206503,-4.267890949229972,0.2485656012841043,15.15,566.6130000000003,541.4130000000001,566.18241308,206,0,0.3933283894768193,-0.507542004420633,0.507542004420633,0.3933283894768193,1.15,1.975,2.7,32.13353996016478,10.030161601951855,2.291657642356966,-2.3243608428958633,2.337025438389265,-2.383890291067104,7.182479111585529,-0.1261402535917513,3.643540660357577,1.1188341729450837,1694.9799322258357,27.85479590438263,21.241186499814088,22.057683080741818,19.252465993029887,12.774762075974964,13.59125865690269,10.014342778675347,11.129542649964597,7.189334968204589,8.23238398688108,5.256578574534724,6.282937999031971,-4.1499999999999995,1521145696.1682727,26.09219425338845,10.43856309335766,5.452454539924898,230.4416791920668,14.990415646638391,34.48824041314478,0.0,0.0,0.0,6.176298517443475,9.998591539151516,9.967957041894415,23.531818506063985,11.336785877934735,0.0,31.04074445123685,59.329595078520455,30.06534653253272,18.277772537865165,38.274194221936185,5.261891554738487,29.632330037138324,0.0,44.57011702719461,18.40630141583148,64.68445366378087,0.0,11.81873314607618,5.316788604006331,18.98910792085949,5.749511833283905,11.336785877934735,60.04650959039561,19.51033443475116,11.33111286753076,34.53962141779577,42.986475491837126,0.0,21.119545566166423,0.0,118.68,12.597120140369483,23.53966409260365,0.0,16.668499856133163,34.817924218594,59.29776985108695,12.393687143226153,18.46005421168776,16.699833784714574,36.45124030614557,0.0,40.44525207017749,1.0418581640368625,11.470644314118026,32.16995734159025,3.008185312006482,0.7395631741871533,9.37891055461748,1.2488167927524974,2.5801456098470847,0.0,0.3333333333333333,40,3,9,0,1,1,0,1,4,5,0,0,9,3,13,5,7,0,1,1,0,0,6.809125398953488,6,5.1759800000000045,145.10319999999987,0,0,0,0,0,5,1,1,0,0,0,0,0,0,0,6,2,0,0,0,1,1,0,0,0,3,0,0,0,1,0,0,0,0,1,0,2,0,0,0,0,0,0,0,3,0,0,0,0,0,0,0,0,0,0,0,0,1,0,0,0,0,0,0,0,1,1,0,0,1,0,0,0,0,0,0,0,0,0,0,0,0,1,0,0,CHEMBL3781030,N#Cc1cc2cc(CN3CCC(Nc4ncnc5sc(CC(F)(F)F)cc45)CC3)c(O)cc2n1Cc1cn[nH]c1,21.0,1.3222192947339193,CHEMBL2093861,Menin/Histone-lysine N-methyltransferase MLL,4,Large-Polar-Aromatic-Flexible-Hydrophobic,Large-Polar-Aromatic-Flexible-Hydrophobic
14.730172144749387,14.730172144749387,0.0111889097679176,-4.879948130471197,0.2454141455239722,20.06,728.7119999999999,694.4399999999998,728.210325128,270,0,0.425230616209443,-0.4797367425487284,0.4797367425487284,0.425230616209443,1.02,1.74,2.38,32.133477663957244,9.79285920261385,2.557744082444733,-2.5048468882222803,2.4273727223897676,-2.688606016758294,7.099052064486443,-0.1593141192280017,3.5645658813380923,1.4920787330234146,1693.001923527621,36.26900946675571,26.797915062100056,27.614411643027783,23.651869448729855,15.802498783895912,16.68215159515081,11.890948122948972,12.80217904936745,8.68229868055472,9.63569766793198,6.499984508307814,7.177085170380195,-4.539999999999999,79567776951.09402,36.73331508639445,14.747394588567795,7.763603622421074,286.7415024745721,29.27998249499224,16.37617086026911,6.606881964512918,5.601050810983688,11.814359458703011,18.3219023228388,14.57305288909085,4.794537184071822,26.34249028604892,11.336785877934735,25.477292959539852,31.040744451236847,62.98472063464256,22.856130087225512,55.306355140705186,34.807836899273155,0.0,14.783797982648164,0.0,56.602512366413265,44.230573724926266,70.17600250155702,0.0,11.49902366656781,14.373635638450576,32.02987656073248,11.49902366656781,11.336785877934735,88.64754575835119,21.941671403030593,0.0,53.405611052561774,54.17195232446173,0.0,0.0,0.0,112.51,64.39008556328166,40.726101838264384,0.0,57.7357587316248,35.26087267728982,23.84011698215368,9.799819461700954,31.18920547353706,4.899909730850477,4.983978520947208,14.580253302440804,94.43277396905364,0.3752662763361436,47.09907068512978,10.187408204743814,-3.2469616998619104,-2.704362993876072,7.110589501189814,-7.25822329424099,1.9211060181924364,0.0,0.4545454545454545,50,1,10,0,2,2,2,1,2,3,2,0,8,1,17,4,10,0,2,2,0,0,10.834413842504986,5,6.215400000000007,169.2512999999996,1,0,0,0,0,1,0,0,1,1,3,2,0,0,0,4,0,0,0,0,1,0,0,0,0,6,0,2,0,1,0,0,0,0,1,0,0,0,0,0,0,2,0,0,6,0,0,0,0,0,0,0,0,0,0,0,0,0,0,0,0,0,0,0,2,0,0,0,0,1,1,0,0,1,0,0,0,0,0,0,0,0,1,0,0,CHEMBL3806040,CCC[C@H]1N(C(=O)c2cnccc2C(F)(F)F)CCC[C@@]1(Oc1csc(C(F)(F)F)c1)C(=O)N1CCN(c2ccccc2OCC(=O)O)CC1,2.0,0.3010299956639812,CHEMBL1907611,Tumour suppressor p53/oncoprotein Mdm2,4,Large-Polar-Aromatic-Flexible-Hydrophobic,Large-Polar-Aromatic-Flexible-Hydrophobic
13.370384109987736,13.370384109987736,0.0265516502680551,-1.1030812163976391,0.2184047002528168,45.675,552.7960000000006,500.3800000000004,552.3814747639999,222,0,0.3331837276045098,-0.4807023969850175,0.4807023969850175,0.3331837276045098,0.975,1.65,2.275,16.54675044843008,9.332135624000967,2.7082670293318376,-2.704078276492446,2.7525322390402915,-2.6617811073471933,5.882698219409912,-0.2056116545207181,2.852719674412856,1.60243720363842,1190.077977642474,29.6814337969452,26.40826940317209,26.40826940317209,18.40415596288906,15.717347306088394,15.717347306088394,16.275477009192453,16.275477009192453,13.772813368854097,13.772813368854097,11.084502503295662,11.084502503295662,-1.91,320115581.91778755,29.57786264552856,9.043044618886553,3.7340810044303474,241.13126636713375,9.843390348640757,17.302201803510023,0.0,0.0,0.0,11.938610575903695,9.589074368143644,4.794537184071822,0.0,0.0,66.19130514157138,98.70982135269924,23.326822668553447,0.0,24.227001900856216,17.721855522268637,0.0,0.0,50.24366095486484,126.20499579129802,0.0,23.298249273806295,0.0,0.0,0.0,0.0,0.0,0.0,28.932349304857645,19.120474506015512,50.24366095486484,120.10102940354972,23.298249273806295,0.0,0.0,0.0,80.67,23.45756743304878,19.490138947056177,0.0,32.99285839314528,42.454626437535026,38.524929737556064,5.5731045300692665,12.999757306524504,6.923737199690624,54.54218050466824,4.736862953800049,6.130665167533715,0.0,39.393605592824386,10.957141066932632,0.2792221008881101,-0.1249444117869252,0.0,10.850134368223449,19.680842782051304,0.0,0.8,40,1,5,5,0,5,0,0,0,0,8,0,4,1,5,0,3,4,0,4,0,0,6.686848290870314,5,7.929700000000008,156.37579999999977,1,0,0,0,0,0,0,0,1,1,3,2,0,0,0,0,0,0,0,0,0,0,0,0,0,0,3,0,0,0,0,0,0,0,0,0,7,0,0,0,1,1,0,0,0,0,0,0,0,0,0,1,1,0,0,0,0,0,0,0,0,0,0,0,0,0,0,0,0,0,0,0,0,0,0,0,0,0,0,0,0,0,0,0,0,CHEMBL510691,C/C=C(/C)C(=O)O[C@@H]1CC(C)(C)C[C@H]2C3=CC[C@@H]4[C@@]5(C)CCC(=O)C(C)(C)[C@@H]5CC[C@@]4(C)[C@]3(C)CC[C@@]12C(=O)O,1060.0,3.0253058652647704,CHEMBL612545,Unchecked,4,Large-Polar-Aliphatic-Flexible-Hydrophobic,Other
14.35457139743312,14.35457139743312,0.0,-4.832867699367393,0.199510537391948,18.46938775510204,717.1070000000001,681.8270000000002,716.2200172199999,266,0,0.4167980742778372,-0.4890140962002148,0.4890140962002148,0.4167980742778372,0.8571428571428571,1.5510204081632653,2.204081632653061,35.45300243790258,9.892289675991488,2.4923339717365973,-2.454613857653755,2.3662129117128465,-2.639518071693014,5.964547356499503,-0.1527300922177022,3.0742906369000274,5.407981858996811e-06,1584.7296708689928,34.52852249074956,26.42805173578973,27.244548316717456,22.820465542551865,15.241205331631164,15.241205331631164,11.45600275000073,11.45600275000073,8.3014867018894,8.3014867018894,5.93076082113545,5.93076082113545,-4.239999999999999,31128767915.946476,37.57647769837462,15.537739871167236,8.68086687090123,284.6821376051839,28.91031805395158,18.105905631080727,0.0,5.601050810983688,11.814359458703011,12.35259703488695,14.573052889090851,0.0,26.34249028604892,12.407033161179976,12.13273413692322,55.30621272508329,52.22726671406656,35.52937912020004,50.14215351559272,29.908778894566552,0.0,14.783797982648162,0.0,30.795291091722657,64.49200963662929,83.68134523447164,0.0,11.49902366656781,14.373635638450576,32.02987656073248,11.49902366656781,12.407033161179976,91.79130815811368,21.883997172758814,0.0,34.326534905014825,66.99099075938065,0.0,0.0,0.0,84.44000000000001,53.00311818557721,35.93156465419256,0.0,50.63245745805362,38.1191556425965,47.246451422606626,0.0,12.009707272128011,29.16537800469692,4.983978520947208,14.210588861400147,98.20467976931532,0.0,36.316027384008024,0.0,-3.7279591756605415,-0.9167569532049492,11.92851626339575,-7.413861298262783,1.6236043321821263,1.5690830115603744,0.4242424242424242,49,0,9,0,2,2,2,2,1,3,1,0,7,0,16,3,9,0,2,2,0,1,11.91537828065432,5,5.968800000000008,169.0334999999996,0,0,0,0,0,1,0,0,0,0,2,2,0,0,0,4,0,0,0,0,1,0,0,0,0,6,0,2,0,1,0,0,0,0,2,0,0,0,0,0,0,3,0,0,7,0,0,0,0,0,0,0,0,0,0,1,0,0,0,0,0,0,0,0,2,0,0,0,0,1,1,0,0,1,0,0,0,0,0,0,0,0,0,0,0,CHEMBL3112778,COCCOc1ccccc1N1CCN(C(=O)C2(Oc3ccc(C(F)(F)F)cc3)CCCN(C(=O)c3cnccc3C(F)(F)F)C2)CC1.Cl,160.0,2.204119982655925,CHEMBL1907611,Tumour suppressor p53/oncoprotein Mdm2,4,Large-Polar-Aromatic-Flexible-Hydrophobic,Large-Polar-Aromatic-Flexible-Hydrophobic
13.039679477035175,13.039679477035175,0.0815015720794494,-1.595704758755354,0.4109572292259407,44.542857142857144,486.6490000000002,444.31300000000033,486.298139064,194,0,0.2310852670468746,-0.5038390862807288,0.5038390862807288,0.2310852670468746,1.0571428571428572,1.7428571428571429,2.4285714285714284,16.63203650517591,9.748858846489703,2.5072794802946228,-2.4423916102162546,2.486848304660004,-2.5010230547902816,6.096795553883478,-0.1643228936985049,3.1427058894192452,1.829874439454909,1002.642176912026,25.81710828733677,22.168315474533912,22.168315474533912,16.334930759910645,13.1807779702354,13.1807779702354,11.775120102866731,11.775120102866731,8.658185449261257,8.658185449261257,6.505851436393649,6.505851436393649,-1.89,41292182.387197495,26.180914658823102,9.528312833328648,4.651564501847048,208.94720730372623,24.793308092122217,5.759164871656176,5.759164871656176,11.570356098935536,0.0,0.0,4.794537184071822,0.0,0.0,0.0,46.267810635356255,57.44259309024196,34.47303172869198,18.31189916324491,29.58784527619404,5.783244946364939,0.0,0.0,29.589530230806965,98.2484572053539,0.0,45.96278807725718,0.0,0.0,0.0,0.0,0.0,0.0,45.201837446702555,14.26826309167192,29.589530230806965,74.1494468895384,45.96278807725718,0.0,0.0,0.0,96.22,23.778288874432143,20.11411936859394,0.0,35.18995392795792,28.741186024117496,25.68328649170404,5.5731045300692665,12.999757306524504,20.771211599071872,26.847231705905752,9.473725907600098,12.68154767153775,0.0,13.039679477035175,33.803184164512395,2.438709905998416,-2.1577652118137345,0.0,5.759477400764151,14.018499925299167,0.0,0.6896551724137931,35,3,6,1,3,4,0,0,0,0,9,4,6,3,6,3,0,0,1,1,0,0,7.1274270037698955,4,5.129500000000006,134.19240000000002,0,3,2,0,0,0,0,0,0,0,1,1,0,0,0,0,0,0,0,0,0,0,0,0,0,0,4,0,0,0,0,0,0,0,0,0,4,0,0,0,0,2,0,0,0,0,0,0,0,0,0,1,1,0,0,0,0,0,0,0,0,0,0,0,0,0,0,0,0,0,0,0,0,0,0,0,0,0,0,0,0,0,0,0,0,CHEMBL523927,CC1=C2O[C@]3(O)C=C2C(=C(O)C1=O)[C@@H]1O[C@H](CC[C@H](C)/C=C(\C)C[C@@H](C)C[C@@H]3C)[C@H](C)[C@H](O)[C@H]1C,12300.0,4.089905111439398,CHEMBL4625,Apoptosis regulator Bcl-X,4,Large-Polar-Aliphatic-Flexible-Hydrophobic,Other
14.151807287729907,14.151807287729907,0.0,-4.813704758465074,0.3224305156879627,19.272727272727273,643.028,613.796,642.183237788,236,0,0.4167980742778372,-0.4755442221612775,0.4755442221612775,0.4167980742778372,0.7954545454545454,1.4545454545454546,2.0681818181818183,35.45300218255132,9.892321612156808,2.491435956583998,-2.453968152382001,2.3602977507287948,-2.639423301338061,5.9644009725942935,-0.1527291976646435,3.001651521461788,4.417988130966531e-06,1447.6311473329756,30.82985187800029,23.274691861678537,24.091188442606256,20.371777137568124,13.634815960079075,13.634815960079075,10.482566222631249,10.482566222631249,7.671861920905343,7.671861920905343,5.511446209969316,5.511446209969316,-3.9999999999999982,2991437645.7438307,32.90427257977285,12.928374655647383,7.033802055164954,255.3602208029803,19.436592146351483,5.749511833283905,0.0,5.601050810983688,11.814359458703011,12.35259703488695,14.57305288909085,0.0,26.34249028604892,12.407033161179976,18.19910120538483,55.30621272508328,50.80485544747258,23.235110881003564,40.66842760799261,29.90877889456655,0.0,14.783797982648164,0.0,30.795291091722657,44.16844816632592,89.74771230293327,0.0,5.749511833283905,9.636772684650529,32.02987656073248,5.749511833283905,12.407033161179976,71.4677466878103,17.147134218958772,0.0,34.32653490501483,73.05735782784225,0.0,0.0,0.0,65.98,53.00311818557721,35.93156465419256,0.0,37.54294464622848,32.24539269211191,47.24645142260663,0.0,4.899909730850477,30.33183534230805,9.883888251797686,4.736862953800049,86.70031522347122,0.0,36.08109438573407,0.0,-3.4777637841438773,-1.4879757261314244,14.135860160083014,-7.307688063396759,1.2728244710504293,0.0,0.3666666666666666,44,0,7,0,2,2,2,2,1,3,1,0,5,0,14,3,5,0,2,2,0,1,9.66815372006474,5,5.943600000000005,151.6624999999997,0,0,0,0,0,1,0,0,0,0,2,2,0,0,0,4,0,0,0,0,1,0,0,0,0,6,0,2,0,1,0,0,0,0,2,0,0,0,0,0,0,1,0,0,7,0,0,0,0,0,0,0,0,0,0,0,0,0,0,0,0,0,0,0,1,0,0,0,0,1,1,0,0,1,0,0,0,0,0,0,0,0,0,0,0,CHEMBL3112790,Cl.O=C(c1cnccc1C(F)(F)F)N1CCCC(Oc2ccc(C(F)(F)F)cc2)(C(=O)N2CCN(c3ccccc3)CC2)C1,2800.0,3.447158031342219,CHEMBL1907611,Tumour suppressor p53/oncoprotein Mdm2,4,Large-Nonpolar-Aromatic-Rigid-Hydrophobic,Large-Nonpolar-Aromatic-Rigid-Hydrophobic
12.374433852418228,12.374433852418228,0.0227921198387019,-1.4072549544930812,0.2583756598423532,57.25,620.8240000000006,564.3760000000004,620.3924333719999,250,0,0.3088676406955223,-0.4808290435630789,0.4808290435630789,0.3088676406955223,0.9545454545454546,1.6363636363636365,2.3181818181818183,16.701687853714677,9.339669101185295,2.6870611479487225,-2.705645321733156,2.744370878515528,-2.6669330340024575,5.740948683730441,-0.3031708431437495,2.9593453021135017,1.2920658597546175,1174.8413113260056,32.19794165489025,27.40729748653232,27.40729748653232,20.42666467721229,17.041641895659076,17.041641895659076,16.982479112606917,16.982479112606917,15.0514386035415,15.0514386035415,11.530078606647017,11.530078606647017,-1.07,3204432177.864529,32.85456756234284,10.72480170046562,4.462438658693316,261.5767080361882,40.11289027664433,18.31189916324491,6.290026729335213,0.0,0.0,5.969305287951848,4.794537184071822,0.0,0.0,0.0,39.344073435665635,99.21273692946386,17.75371813848418,30.3337715971546,44.90742746071615,5.969305287951848,0.0,0.0,50.74657653162946,142.24364286030288,6.606881964512918,11.649124636903148,0.0,0.0,0.0,0.0,0.0,0.0,86.12917667733403,14.26826309167192,50.74657653162946,99.32981780447784,11.649124636903148,0.0,0.0,0.0,156.91,59.713111282570424,35.43370155311605,0.0,52.944299180274825,6.4208216229260096,44.94575136048208,5.5731045300692665,6.923737199690624,6.923737199690624,33.770968905596376,9.473725907600098,11.74186567301194,0.0,12.374433852418228,64.1498959484027,0.1416976185280734,-0.6006337174773568,0.0,2.385289252012189,13.057451373104229,0.0,0.9142857142857144,44,6,9,5,1,6,0,0,0,0,16,0,8,6,9,1,4,4,1,5,0,0,8.008152774106298,6,3.6385000000000023,162.0877999999998,1,5,5,0,0,0,0,0,1,1,1,0,0,0,0,0,0,0,0,0,0,0,0,0,0,0,2,0,0,0,0,0,0,0,0,0,7,0,0,0,0,2,0,0,0,0,0,0,0,0,0,0,0,0,0,0,0,0,0,0,0,0,0,0,0,0,0,0,0,0,0,0,0,0,0,0,0,0,0,0,0,0,0,0,0,CHEMBL539908,C[C@@H]1O[C@@H](OC[C@@H]2[C@@H](O)C[C@H](O)[C@]3(C)[C@H]4CC=C5[C@H]6C[C@](C)(C(=O)O)CC[C@]6(C)CC[C@@]5(C)[C@]4(C)CC[C@@H]23)[C@H](O)[C@H](O)[C@H]1O,11600.0,4.064457989226918,CHEMBL398,KB,4,Large-Polar-Aliphatic-Flexible-Hydrophobic,Other
11.811525189041944,11.811525189041944,0.0314731732913546,-0.6362897728117234,0.2937590581147203,24.047619047619047,572.7140000000002,532.3940000000005,572.32233714,222,0,0.4343506252302556,-0.3842307871569907,0.4343506252302556,0.3842307871569907,1.0714285714285714,1.880952380952381,2.5952380952380953,16.47891907427424,9.802554358785084,2.3300907060092295,-2.3734135255169138,2.382926736957292,-2.410017580072527,5.87274604409993,0.0927243814981993,3.5716577998911423,1.3790550374979411,1568.043345073334,28.630816786321517,24.459703729339616,24.459703729339616,20.530009778701583,15.532105969052102,15.532105969052102,12.453405973499748,12.453405973499748,9.579484981339077,9.579484981339077,6.7762143080005375,6.7762143080005375,-3.729999999999999,5421875289.4296055,27.1242790561379,11.508726742757322,5.2995309604299194,244.6436384900973,23.93781187350156,5.516700717616262,11.465039998602755,11.77274377898642,5.890723922025908,5.756062822229453,0.0,19.86117603426727,4.983978520947208,5.098681808301038,56.518037410776714,55.92419332157584,19.13135364097311,19.255604758173796,9.154013890853395,22.93007999720551,0.0,29.716398827235057,17.75371813848418,77.42166382407183,29.975218669795225,46.44588684030632,0.0,11.715128420025836,15.97276115708626,11.766202058821523,0.0,0.0,55.516759991321415,11.281619359712623,17.75371813848418,70.39851808070829,39.54352346343322,0.0,22.879006358409825,0.0,126.99,5.756062822229453,4.794537184071822,0.0,23.79881007832176,36.514616019951376,30.4724588565893,50.50920285217907,0.0,6.06636706846161,63.09410427247792,24.10594945369502,13.632180926988758,0.0,29.15688474297473,10.104785320212116,2.671753295772957,3.1912231216051694,10.783220941586984,8.577798304767828,7.382153346091457,0.0,0.5806451612903226,42,2,11,2,1,3,0,1,3,4,2,0,10,2,11,4,8,2,1,3,0,0,7.432521803604443,7,5.174300000000005,160.3363999999996,0,0,0,0,0,6,1,0,0,0,0,0,0,0,0,6,2,0,0,0,0,1,0,0,0,0,0,0,0,2,0,0,0,0,1,0,1,0,0,0,0,1,0,0,0,0,0,1,0,0,0,0,0,0,0,0,1,0,0,0,0,0,0,0,0,0,0,0,0,0,0,0,0,0,0,0,0,0,0,0,0,0,0,0,0,CHEMBL5080229,C[C@@H](Nc1nc(-c2n[nH]c(=O)o2)nc2nc(N3CCOC[C@H]3c3ccccc3)n(C[C@H]3CC[C@H](C)CC3)c12)C1CCC1,2.0,0.3010299956639812,CHEMBL1907611,Tumour suppressor p53/oncoprotein Mdm2,4,Large-Polar-Aromatic-Flexible-Hydrophobic,Large-Polar-Aromatic-Flexible-Hydrophobic
13.693270411043816,13.693270411043816,0.1444431919057645,-5.083333333333334,0.0834524655287033,22.470588235294116,732.7770000000006,684.3930000000004,732.358208756,286,0,0.4902403183070029,-0.4745811720256028,0.4902403183070029,0.4745811720256028,1.0588235294117647,1.6274509803921569,2.1372549019607843,19.413535417229795,9.91315013493801,2.39091771517354,-2.332522495834468,2.203859270309094,-2.617217983830573,5.967569985989024,-0.1924679166499482,3.042813866180306,1.6740577829048016e-06,1394.38326652501,39.10371904882606,29.208781498019015,29.208781498019015,23.62084168798581,16.246182872506107,16.246182872506107,12.467172090702556,12.467172090702556,7.848595204187347,7.848595204187347,4.733787513788588,4.733787513788588,-4.970000000000001,20906595221.786236,44.051724961981314,20.02242720273019,14.810671391312862,292.87979234249343,42.32404762288502,29.481668580873123,5.959554568743835,29.535898646757527,0.0,12.145603805395323,29.381969526150627,9.184952231746642,13.17124514302446,0.0,32.903945735995094,63.1448525658669,26.055090840663738,0.0,51.435410689970915,41.46475850345321,5.409283605791522,31.483852750882132,11.651573523323576,96.06062479358926,20.13718479450234,35.646140606589334,0.0,0.0,32.31761049719384,17.56166019069928,0.0,0.0,95.40728585176949,28.76722310443093,17.14441049299881,77.82517085716351,24.26546827384644,0.0,0.0,0.0,235.90999999999997,71.17389734983585,41.53434611105839,0.0,37.67395557278594,31.3706727663876,0.0,29.165378004696915,34.74262078143968,0.0,26.583943020031658,21.044015661866233,45.412176690642,0.0,77.28421609657043,28.147252103388546,4.3728047396887835,-6.456149129277104,1.983783268913084,-3.2573840186495415,7.2581172044019855,1.588516377655138,0.59375,51,9,15,0,1,1,5,1,0,1,4,0,7,8,19,1,8,0,1,1,0,0,17.294557964822808,2,1.432370000000008,177.15139999999963,1,0,0,0,0,0,0,0,1,1,6,5,0,0,0,1,6,1,0,1,0,0,0,0,0,3,0,5,0,0,0,0,0,0,1,0,0,0,0,0,0,0,0,1,4,0,0,0,0,0,0,0,0,0,0,0,0,0,0,0,0,0,0,0,0,0,0,0,0,0,0,0,0,0,0,0,0,0,0,0,0,0,0,0,0,CHEMBL4092028,CC[C@@H]1NC(=O)[C@H](CCCNC(=N)N)NC(=O)[C@](C)(NC(=O)C(C)C)CCCCN(C)C(=O)[C@@H](c2ccc(F)cc2)NC1=O.O=C(O)C(F)(F)F,1.6,0.2041199826559248,CHEMBL612545,Unchecked,4,Large-Polar-Aliphatic-Flexible-Hydrophilic,Other
14.082848954396574,14.082848954396574,0.0,-4.755431301153155,0.4067404673397387,19.365853658536587,594.009,565.7850000000002,593.181680316,218,0,0.4167980742778372,-0.4755410587713596,0.4755410587713596,0.4167980742778372,0.902439024390244,1.6341463414634143,2.292682926829268,35.453002005806965,9.89266295339811,2.4900489975195708,-2.452334087061467,2.346921669386601,-2.6396634810844946,5.964299051656156,-0.1526018017386432,2.976422459727038,3.871990787596127e-06,1354.838389504915,28.32985187800029,21.88862624197041,22.705122822898137,19.160452272162935,12.86664870663884,12.86664870663884,9.766737129540152,9.766737129540152,7.155790023252096,7.155790023252096,5.175016602421216,5.175016602421216,-3.9299999999999993,954329618.92089,30.03835778216671,12.294260475868438,6.530564939984993,239.8838558636777,19.436592146351483,17.384595452164827,0.0,5.601050810983688,11.814359458703011,6.176298517443475,14.57305288909085,9.374393568622027,13.17124514302446,12.407033161179976,6.06636706846161,55.30621272508328,51.3143127444021,17.671659389306566,31.88759751264297,30.039255397718016,0.0,19.76777650359537,0.0,24.618992574279183,44.16844816632592,84.065591086972,0.0,5.749511833283905,9.636772684650529,23.379522968534307,5.749511833283905,12.407033161179976,76.45172520875751,10.970835701515297,5.817220841045894,28.763083413317833,67.12146726253211,0.0,0.0,0.0,78.87,34.62865288221855,27.15073455884292,0.0,43.57405915856654,32.59984724657631,24.27791698952279,29.165378004696915,11.096753302463554,18.19910120538483,14.867866772744891,4.736862953800049,60.7591752706996,0.0,40.46481220255352,0.0,-3.2605748568115698,-0.7508687589506592,11.483575253812486,-0.6521729243852317,1.6227204797485208,0.0,0.3571428571428571,41,0,8,0,2,2,2,1,2,3,1,0,6,0,13,4,5,0,2,2,0,1,9.007302313202128,5,4.458900000000003,144.4134999999998,0,0,0,0,0,2,0,0,0,0,2,2,0,0,0,5,0,0,0,0,1,0,0,0,0,3,0,2,0,1,0,0,0,0,1,0,0,0,0,0,0,1,0,0,5,0,0,0,0,0,0,0,0,0,0,0,0,0,0,0,0,0,0,0,0,0,0,0,0,1,1,0,0,2,0,0,0,0,0,0,0,0,0,0,0,CHEMBL3112781,Cl.O=C(c1cnccc1C(F)(F)F)N1CCCC(Oc2ccc(F)cc2)(C(=O)N2CCN(c3ccccn3)CC2)C1,6000.0,3.7781512503836434,CHEMBL1907611,Tumour suppressor p53/oncoprotein Mdm2,4,Large-Polar-Aromatic-Rigid-Hydrophobic,Large-Polar-Aromatic-Rigid-Hydrophobic
14.3652504097788,14.3652504097788,0.0,-4.848970490361241,0.304538884508639,18.26,730.1060000000001,695.8340000000002,729.215266188,270,0,0.4167980742778372,-0.4755442221612773,0.4755442221612773,0.4167980742778372,0.88,1.56,2.2,35.45300248733709,9.89226505711615,2.4923777589327307,-2.4550460109276324,2.3646638559477307,-2.6396020996458756,5.969326013270459,-0.1527336216285702,3.0743748842021077,5.617980515768661e-06,1667.656778272612,35.39876597875264,26.720944954603183,27.53744153553091,23.214312392669218,15.306083587629626,15.306083587629626,11.64535515923056,11.64535515923056,8.344778440494037,8.344778440494037,6.027816336256976,6.027816336256976,-4.57,44292349152.82616,38.23546931228858,15.542071964711786,8.585508949058969,289.2799766593288,29.490243704157862,12.356393797796825,0.0,11.508230540335196,11.814359458703011,12.35259703488695,19.36759007316267,0.0,26.34249028604892,12.407033161179976,12.13273413692322,55.30621272508329,52.22726671406656,34.60988343037069,50.19982774586449,41.50334489860162,0.0,14.783797982648162,0.0,30.795291091722657,63.2019162761227,83.68134523447164,0.0,5.749511833283905,14.953561288656855,37.71726283541605,5.749511833283905,12.407033161179976,91.09160592295228,26.67853435683064,0.0,34.326534905014825,66.99099075938065,0.0,0.0,0.0,104.31,53.00311818557721,40.72610183826439,0.0,63.14651915191804,30.530652429653884,41.559065147923064,12.009707272128011,18.19910120538483,10.966276799312087,10.300767124953538,9.473725907600098,92.19055063602852,0.0,48.35765209593845,2.794225927317393,-3.3859684178109033,-1.9979096515485075,11.50950680443634,-7.528348558417547,0.4116248191625584,1.3986663448937078,0.3939393939393939,50,1,10,0,2,2,3,2,1,3,1,0,7,1,17,3,8,0,2,2,0,1,11.885168313122362,5,5.528500000000006,172.16819999999964,0,0,0,0,0,1,0,0,0,0,3,3,0,0,0,4,1,0,0,0,1,0,0,0,0,6,0,3,0,2,0,0,0,0,2,0,0,0,0,0,0,2,0,0,7,0,0,0,0,0,0,0,0,0,0,1,0,0,0,0,0,0,0,0,2,0,0,0,0,1,1,0,0,1,0,0,0,0,0,0,0,0,0,0,0,CHEMBL3112809,COCC(=O)Nc1ccccc1N1CCN(C(=O)C2(Oc3ccc(C(F)(F)F)cc3)CCCN(C(=O)c3cnccc3C(F)(F)F)C2)CC1.Cl,540.0,2.7323937598229686,CHEMBL1907611,Tumour suppressor p53/oncoprotein Mdm2,4,Large-Polar-Aromatic-Flexible-Hydrophobic,Large-Polar-Aromatic-Flexible-Hydrophobic
12.813027117876054,12.813027117876054,0.0417507182649723,-4.259177797302534,0.3728641804012074,15.297297297297296,527.5760000000002,503.38400000000024,527.1715140480001,192,0,0.3933283894768193,-0.3681217190211275,0.3933283894768193,0.3681217190211275,1.2162162162162162,2.0,2.702702702702702,32.13353975242431,10.033972411536109,2.290707436858116,-2.3232504231758018,2.329295949596363,-2.3836706455625887,7.182475423912941,-0.1262425535918656,3.3930173625160784,1.2189978494525473,1495.985624473914,26.15612529163337,19.75500759927804,20.571504180205764,17.67998634795845,11.779456800103484,12.595953381031212,9.227536666648277,10.342736537937522,6.483978515499479,7.52702753417597,4.829666605088479,5.856026029585727,-3.69,226362466.07050905,24.980323061305665,9.989230593032502,5.676911288561686,214.05944417489428,15.617555728959871,35.28348498577345,0.0,5.907179729351506,0.0,6.176298517443475,9.6944469149223,9.967957041894415,18.433136697762947,11.336785877934735,6.06636706846161,42.67056301139545,41.45618217266803,11.807045837390806,17.96578232709628,44.18137395128769,5.261891554738487,19.43496642053625,5.733667477162185,44.57011702719461,18.40630141583148,52.79368209731934,0.0,6.069221312792274,11.050456081168516,18.98910792085949,0.0,11.336785877934735,50.649798308304334,24.304871618822983,11.33111286753076,28.976169926098773,36.65915541707259,0.0,21.119545566166423,0.0,112.86,18.504299869720988,23.227673881834768,0.0,17.463744428761835,21.728411406768853,60.27907476530253,12.393687143226153,10.633466716252965,18.19910120538483,26.253876689543496,5.733667477162185,40.06633510015257,1.0476717289854869,22.952729087195756,14.34068404793516,7.630201175014675,0.0743961413267233,11.524248212486617,-2.115029611259549,2.3954307848292293,0.0,0.36,37,3,8,0,1,1,1,1,3,4,0,0,8,2,12,4,7,0,1,1,0,0,6.744167766157565,5,4.184280000000002,134.94310000000002,0,0,0,0,0,3,0,0,0,0,1,1,0,0,0,5,1,1,0,0,1,0,0,0,0,3,0,1,0,1,0,0,0,0,1,0,2,0,0,0,0,0,0,0,3,0,0,0,0,0,0,0,0,0,0,0,0,1,0,0,0,0,0,0,0,0,0,0,0,1,0,1,0,0,0,0,0,0,0,0,0,0,1,0,0,CHEMBL3781863,N#Cc1cc2cc(CN3CCC(Nc4ncnc5sc(CC(F)(F)F)cc45)CC3)ccc2n1CC(N)=O,25.0,1.3979400086720375,CHEMBL2093861,Menin/Histone-lysine N-methyltransferase MLL,4,Large-Polar-Aromatic-Flexible-Hydrophobic,Large-Polar-Aromatic-Flexible-Hydrophobic
11.828582302686808,11.828582302686808,0.0115754934766474,-0.6438573970198596,0.26205704421364,21.19047619047619,586.096,553.8400000000001,585.225515564,216,0,0.4387414007668095,-0.3771081107510697,0.4387414007668095,0.3771081107510697,1.0714285714285714,1.9047619047619049,2.6666666666666665,35.49569253891809,9.82766075914048,2.3167517833573736,-2.3730205854885025,2.3896427022282434,-2.409669593219604,6.303104851339207,0.092726283650416,3.615397588730872,1.452480067024952,1757.5177125966848,28.63081678632152,23.371048397168455,24.126977343186912,20.53000977870159,14.5113111219276,14.889275594936828,11.402404913972482,11.838840694444468,8.511555348248647,8.718254300661496,6.304941483960885,6.4788336523366565,-4.0200000000000005,7612523547.85575,26.852104212072085,11.337826604980425,5.203720463352663,247.25321794394907,14.20387233244188,5.693927994848461,0.0,11.77274377898642,0.0,5.756062822229453,14.491051978867764,14.762494225966236,0.0,0.0,66.85481893520866,42.37364096679502,31.0466514467483,41.005567501996104,9.259957890773396,28.582680606451532,0.0,29.65967698870563,11.835812092322788,45.1936209264552,24.658430065788888,75.99494143419702,0.0,22.775711979393844,10.65597255307993,5.948339280986494,0.0,11.600939890232516,49.41819732364404,11.281619359712623,11.835812092322788,44.212316012239626,64.1758887435026,5.022633313741326,33.80911341462637,0.0,114.96,5.756062822229453,4.794537184071822,0.0,11.866245327147888,42.08691568453805,35.00785465998998,31.246737983401033,12.393687143226153,18.19910120538483,55.78083515119876,30.828854822900325,13.13580977978497,6.419336654280795,31.463871929960614,4.4148897621078,4.713503191616919,1.7478232915687932,14.17766057101735,8.152020215197282,5.052862382243244,0.0,0.3870967741935484,42,1,10,1,1,2,0,1,4,5,1,0,9,1,11,5,6,1,1,2,0,0,7.248678607984234,7,5.894200000000005,160.35669999999962,0,0,0,0,0,6,1,0,0,0,0,0,0,0,0,6,1,0,0,0,0,1,0,0,0,0,0,0,0,1,0,0,0,0,1,0,1,0,0,0,0,1,0,0,1,0,0,1,0,0,0,0,0,0,0,0,1,0,0,0,0,0,0,0,0,0,0,0,0,0,0,0,0,2,0,0,0,0,0,0,0,0,0,0,0,CHEMBL3647046,C[C@H]1CC[C@H](Cn2c(N3CCOC[C@H]3c3ccccc3)nc3cc(-c4noc(=O)[nH]4)nc(-c4cncc(Cl)c4)c32)CC1,0.61,-0.2146701649892329,CHEMBL1907611,Tumour suppressor p53/oncoprotein Mdm2,4,Large-Polar-Aromatic-Rigid-Hydrophobic,Large-Polar-Aromatic-Rigid-Hydrophobic
14.860367490182623,14.860367490182623,0.0002225598166287,-4.878523347741491,0.1868403835956142,19.796296296296298,784.8199999999997,742.4839999999997,784.272925384,294,0,0.425230616209443,-0.4913807369250487,0.4913807369250487,0.425230616209443,1.0,1.7037037037037035,2.3333333333333335,32.1334779266801,9.792858232345818,2.55817192622847,-2.504881223621444,2.428726459249282,-2.6886048113694665,7.099057438643886,-0.1593216951155396,3.607708069211181,1.4443152290352068,1809.1853546683303,39.47611624794226,30.0050218432866,30.821518424214332,25.385849683454076,17.55249878389591,18.43215159515081,13.996032198551813,14.907263124970289,9.8947354227371,10.848134410114358,6.883571361049197,7.560672023121578,-4.539999999999999,423838622902.34937,40.64087247612957,16.052852551445426,8.708571955816549,312.2012709321585,29.27998249499224,16.37617086026911,0.0,5.601050810983688,11.814359458703011,18.3219023228388,19.36759007316267,0.0,26.34249028604892,11.336785877934735,25.477292959539852,51.3090404735441,62.98472063464256,34.87800252113521,55.306355140705186,34.807836899273155,0.0,14.783797982648164,5.414990469396779,76.87080838872052,44.230573724926266,70.17600250155702,0.0,11.49902366656781,14.373635638450576,32.02987656073248,11.49902366656781,11.336785877934735,88.64754575835119,21.941671403030593,5.414990469396779,73.67390707486902,54.17195232446173,0.0,0.0,0.0,112.51,63.19819406816552,45.83262923310509,0.0,57.67394950723858,42.66299921443141,29.52750325683724,9.799819461700954,32.903945735995094,17.032643867773697,4.983978520947208,9.473725907600098,95.44347303168296,0.3853607106126682,47.948189940356166,10.598612127403252,-4.096961217447699,-2.2506367071620543,7.551342150711987,-6.94333348739505,6.030620117904434,0.0,0.5135135135135135,54,1,10,0,2,2,2,1,2,3,2,0,8,1,17,4,12,0,2,2,0,0,12.08151728558157,5,7.631700000000008,187.64929999999944,1,0,0,0,0,1,0,0,1,1,3,2,0,0,0,4,0,0,0,0,1,0,0,0,0,6,0,2,0,1,0,0,0,0,1,0,0,0,0,0,0,2,0,0,6,0,0,0,0,0,0,0,0,0,0,0,0,0,0,0,0,0,0,0,2,0,0,0,0,1,1,0,0,1,0,0,0,0,0,0,0,0,1,0,0,CHEMBL4299644,CCC[C@@H]1N(C(=O)c2cnccc2C(F)(F)F)CCC[C@]1(Oc1csc(C(F)(F)F)c1)C(=O)N1CCN(c2ccccc2OCCC(C)(C)C(=O)O)CC1,10.0,1.0,CHEMBL1907611,Tumour suppressor p53/oncoprotein Mdm2,4,Large-Polar-Aromatic-Flexible-Hydrophobic,Large-Polar-Aromatic-Flexible-Hydrophobic
15.253446720311718,15.253446720311718,0.116684644036398,-1.333050628400117,0.1756707488249687,25.129032258064516,844.0929999999996,781.597,843.4959650640001,328,0,0.2546890789274895,-0.3715068524701129,0.3715068524701129,0.2546890789274895,0.8870967741935484,1.6129032258064515,2.338709677419355,19.147160591155636,9.709443126870475,2.418722794792891,-2.468771085269814,2.438754794592734,-2.5200842021508327,6.051773052161637,-0.1364594551493966,3.797869602571715,0.690464353736411,2314.4731369582864,42.75177265095165,36.67378685491005,36.67378685491005,29.899531700771284,23.26221166396904,23.26221166396904,20.01511927237631,20.01511927237631,15.41393029096515,15.41393029096515,11.716867278285653,11.716867278285653,-4.880000000000001,129206464312883.2,41.14886244336041,16.34987617464703,7.99308418560515,364.15306330906935,24.58361744434912,11.71060064789364,0.0,17.762698739689505,5.907179729351506,0.0,24.600309887072275,14.358372089569237,0.0,0.0,18.19910120538483,144.91814319594235,97.53603021578266,6.041840829147961,18.774026599890284,40.26018967580563,0.0,34.96845335939938,11.332896515558172,115.31846654043412,62.15787070900154,82.80599058409386,0.0,0.0,15.116608065707286,16.026140603344878,0.0,0.0,117.4836966677898,22.554652396982227,11.332896515558172,117.3427181802622,54.85825662245742,0.0,10.902924932081056,0.0,121.01,11.71060064789364,14.383611552215466,4.39041504767482,36.22604246927644,30.488776395844937,72.49101054426647,75.52969628438159,18.74738413023173,18.46005421168776,73.22234565881573,9.967957041894415,15.253446720311718,0.0,62.41111293294347,3.643113427829378,6.445908930784572,0.7720322094300558,14.04835402695576,13.95185646082838,13.807508624249992,0.0,0.5714285714285714,62,2,12,0,6,6,3,2,2,4,3,0,9,2,13,8,9,0,4,4,1,1,10.851271059298812,10,6.792100000000008,238.8278999999992,0,0,0,0,0,3,1,0,0,0,3,3,0,0,0,7,2,0,0,0,1,1,0,0,0,1,0,3,0,2,0,0,0,0,2,0,4,0,0,0,0,0,0,0,1,0,0,0,1,0,0,0,0,0,0,0,0,0,0,0,0,0,0,0,1,0,0,0,0,4,0,0,0,0,0,0,0,0,0,0,0,0,0,0,0,CHEMBL4752165,C[C@@H]1Cc2c([nH]c3ccccc23)[C@@H](c2cnc(N3CCC4(CCN(CCC5CCN(c6ccc7c(c6)CN(C6CCC(=O)NC6=O)C7=O)CC5)CC4)CC3)nc2)N1CC(C)(C)F,0.8,-0.0969100130080563,CHEMBL4523681,Protein cereblon/Estrogen receptor,4,Large-Polar-Aromatic-Flexible-Hydrophobic,Large-Polar-Aromatic-Flexible-Hydrophobic
14.609274987543108,14.609274987543108,0.0154600611599473,-3.5304024573407387,0.321666341925171,23.23076923076923,734.9389999999997,683.531,734.3625679520001,280,0,0.4065750838163364,-0.452878932516798,0.452878932516798,0.4065750838163364,1.0576923076923077,1.7692307692307692,2.4038461538461537,32.22800282782718,9.5891229052238,2.52585905140087,-2.477175467144338,2.5004640095803072,-2.560434920352871,7.917896973139526,-0.1285505274498896,3.543576459667999,1.0117891283073266,1761.5264785345942,37.04503034869461,30.416164386561697,31.232660967489423,24.93709439534059,18.374416933785984,19.920736411707544,15.185618617042142,17.413708341176388,11.641791298942724,13.746829316639404,8.78055039619441,10.433283557085954,-3.99,215593133119.12872,37.75692349106697,15.941551779367632,7.843999907146065,306.8383065281656,29.65329048120829,11.067158871028068,9.837253136417502,5.907179729351506,0.0,6.093240070938415,4.794537184071822,17.60274921607558,5.261891554738487,0.0,24.62957586668311,100.74770321751164,68.90959773846363,23.48949279898436,27.134149353947446,27.52505921139098,5.261891554738487,20.016517796557764,17.75371813848418,53.70636091867475,78.463102484783,72.06364909410354,0.0,6.069221312792274,10.216698334856808,14.872338506430204,0.0,0.0,119.97291759023295,24.78364374368615,34.90205184706083,37.667559606327046,65.57846023687841,0.0,0.0,0.0,126.28999999999998,26.59542170673487,27.659177954885887,0.0,47.58704977921107,18.02611394377097,70.51527641887648,25.318551785034632,29.175031043069183,37.19435490158969,21.18582937849956,4.736862953800049,45.96895031940839,0.0,33.07655428900041,13.31060989492036,0.7562315230173972,-0.1862278915383306,16.04361852762485,6.800373399846557,5.42221659230445,1.6410066787492328,0.5641025641025641,52,1,11,1,3,4,2,2,0,2,3,0,9,1,13,3,12,1,3,4,0,0,11.57507597812435,6,4.062480000000003,196.91749999999936,0,0,0,0,0,0,0,0,0,0,2,2,0,0,0,5,1,0,0,1,2,0,0,0,1,0,0,2,0,1,0,0,0,0,2,0,0,0,0,0,0,1,0,0,1,0,0,0,0,0,0,0,0,0,0,1,0,1,0,0,0,0,0,0,0,0,0,0,0,1,0,0,0,0,0,0,0,1,0,0,0,0,0,0,0,CHEMBL4435830,COC(=O)N[C@H]1CCC[C@@H]1[C@](C#N)(c1cccc(F)c1)C1CCN(CC2CN(c3ccc(S(=O)(=O)C4CN(C(=O)/C=C/CN(C)C)C4)cc3)C2)CC1,3.0,0.4771212547196624,CHEMBL1615381,Menin,4,Large-Polar-Aromatic-Flexible-Hydrophobic,Large-Polar-Aromatic-Flexible-Hydrophobic
12.685753714874664,12.685753714874664,0.0706528645965942,-0.0706528645965942,0.3643664578244069,16.71794871794872,551.0950000000001,515.8150000000003,550.25715004,206,0,0.2508237853519706,-0.3932126189662964,0.3932126189662964,0.2508237853519706,1.0,1.7179487179487178,2.4615384615384617,35.49569771189837,10.014618212367566,2.1921865206449898,-2.3499439427188484,2.355112072597582,-2.4422802302337336,6.319273917099473,0.0382995219191119,2.9648546922590064,1.3221551816956885,1275.054735895303,27.191659197566096,22.197749266008852,22.953678212027302,18.974366886035764,13.270112383234844,13.64807685624407,9.861277482527283,10.219290569977602,7.226589587282763,7.527779657947919,4.808513640638036,4.941660490547814,-3.4399999999999995,813943408.735193,27.13917578704475,12.60936348072716,6.771097775495053,233.6499801904901,30.90392710067585,12.014706349448105,10.97097259472782,0.0,5.907179729351506,0.0,9.6944469149223,9.967957041894415,0.0,0.0,29.800041095617345,42.44004323991762,57.92150273899759,24.58853647839296,9.53140013787187,40.38814122146974,0.0,25.0845651076017,0.0,0.0,88.56985297102263,59.508450862585605,0.0,11.126902983393991,21.267154416025324,22.880021601885716,0.0,11.600939890232516,98.2944433919505,4.736862953800049,0.0,10.357988675768818,48.791889553995816,5.153109816892792,11.126902983393991,0.0,111.88,0.0,4.794537184071822,0.0,11.0602895462443,23.61345695012816,81.52873430317497,6.3273200747645415,0.0,24.26546827384644,60.54803663052053,22.071470321194752,5.378673341097045,6.15117918441296,27.93428765049364,6.623588672262244,11.056043441168278,0.393815364530119,13.98246896684443,1.393977291385088,8.560917957291798,2.136159241625508,0.3928571428571428,39,4,10,0,2,2,1,2,1,3,0,0,9,3,11,3,8,0,2,2,0,0,8.774557232466586,5,2.9366000000000003,155.91729999999976,0,0,0,1,0,2,0,0,0,0,1,1,0,0,0,5,2,1,0,1,0,0,0,0,0,0,0,1,0,4,0,0,0,0,2,0,0,0,0,0,0,1,0,0,1,0,0,0,0,0,0,0,0,0,0,0,1,0,0,0,0,0,0,0,0,0,0,0,0,0,1,0,0,0,0,0,0,0,0,0,0,0,0,0,0,CHEMBL5082013,CN1CCN(c2ccc(-c3ccc(C(=O)NCCN4CCOCC4)cc3)cc2Nc2ncnc(Cl)c2N)CC1,180.0,2.255272505103306,CHEMBL3883320,Histone-lysine N-methyltransferase 2A/WDR5,4,Large-Polar-Aromatic-Flexible-Hydrophilic,Other
12.710033028082226,12.710033028082226,0.2619352892295508,-4.220549323606503,0.5409651982411674,16.0,450.5300000000002,425.33000000000015,450.17011708,166,0,0.393328389476811,-0.4967682051389079,0.4967682051389079,0.393328389476811,1.1612903225806452,1.903225806451613,2.5806451612903225,32.13353934140123,9.960961109401186,2.288016741654878,-2.317705787909914,2.323872773598477,-2.3500085721036683,7.182454413830509,-0.1261376953618423,3.147595090524176,1.29423157126998,998.1538146497788,21.84672421487486,17.2832301390885,18.09972672001622,14.892292647723751,10.28753801671852,11.104034597646248,7.894269276782072,9.009469148071322,5.585691614909776,6.628740633586267,3.909841938913543,4.936201363410786,-2.390000000000001,11932205.638287736,21.82738352414916,9.39801234703864,5.855712871589043,182.81325837213453,10.05365155780638,22.72509110550404,0.0,0.0,0.0,6.176298517443475,4.899909730850477,9.967957041894415,13.17124514302446,11.336785877934735,12.13273413692322,55.61161480092038,17.96666000552645,18.91684337866834,17.908108096824506,27.371269289855128,0.0,14.867866772744891,5.917906046161393,31.98351979213408,32.06085536302159,47.09975410247088,0.0,5.749511833283905,10.05365155780638,18.98910792085949,5.749511833283905,11.336785877934735,47.78823204920363,12.965578028838586,5.917906046161393,23.282241931250315,36.65915541707259,0.0,10.216620634085364,0.0,50.28,12.597120140369483,13.17124514302446,0.0,4.877147193701299,21.952389458081782,56.10696658072096,11.890771566461538,13.176164609739144,12.13273413692322,32.31738951367444,4.736862953800049,43.337117744885205,1.077535651930381,11.70080102866854,4.022708481321674,1.2711773734160725,1.9900573672532988,9.728969266367434,-1.5987241235673968,3.720224066196652,1.6667998101948025,0.4545454545454545,31,1,5,0,1,1,0,1,2,3,0,0,6,1,9,3,7,0,1,1,0,0,6.6172264472097275,4,5.1288000000000045,116.65870000000004,0,0,0,0,0,2,0,0,0,0,0,0,0,0,0,3,1,0,0,0,1,0,0,0,0,3,0,0,0,1,0,0,0,0,1,0,1,0,0,0,0,1,0,0,3,0,0,0,0,0,0,0,0,0,0,1,0,0,0,0,0,0,0,0,0,0,0,0,0,1,0,0,0,0,0,0,0,0,0,0,0,0,1,0,0,CHEMBL4453312,COc1ccc(CN2CCC(CNc3ncnc4sc(CC(F)(F)F)cc34)CC2)cc1,1070.0,3.0293837776852097,CHEMBL2093861,Menin/Histone-lysine N-methyltransferase MLL,4,Large-Polar-Aromatic-Flexible-Hydrophobic,Large-Polar-Aromatic-Flexible-Hydrophobic
12.462020317733042,12.462020317733042,0.069755321223887,-1.472641439333931,0.2218439481567684,51.5,704.8979999999999,644.4180000000001,704.4135627399999,282,0,0.3088676406955223,-0.4808290435630789,0.4808290435630789,0.3088676406955223,0.92,1.58,2.22,16.70892895036796,9.339572774571598,2.691042356367309,-2.705989492872274,2.7455579592212507,-2.6695883885531275,5.7414465845488545,-0.3051388308332628,3.024582093570479,1.297786824189156,1397.4274837478408,36.76685575564259,31.14586345738785,31.14586345738785,23.214358377446995,18.813145217883505,18.813145217883505,18.146471796392348,18.146471796392348,15.61335766739496,15.61335766739496,12.203685491715378,12.203685491715378,-2.05,44099486358.28721,37.69883034130761,12.815481866828955,5.6710611132566475,295.9981436484838,39.37356139456302,18.31189916324491,12.393993117083514,0.0,0.0,17.907915863855546,14.383611552215466,0.0,0.0,0.0,39.344073435665635,99.21273692946386,31.60119253786543,24.2298052094063,53.75717294677848,17.907915863855546,0.0,0.0,50.74657653162946,156.09111725968413,6.606881964512918,11.649124636903148,0.0,0.0,0.0,0.0,0.0,0.0,87.85473246355632,33.33106336741566,50.74657653162946,113.17729220385908,11.649124636903148,0.0,0.0,0.0,169.05,71.65172185847413,34.809721131578286,0.0,52.944299180274825,12.84164324585202,38.524929737556064,19.42057892945051,6.923737199690624,6.923737199690624,33.770968905596376,18.947451815200196,23.222357523418022,0.0,36.41064261519859,44.09522706233709,-0.1141083604213777,-1.8260089351679496,0.0,2.217389086379254,15.577834341589698,0.0,0.8717948717948718,50,4,11,5,1,6,0,0,0,0,16,0,10,4,11,1,6,4,1,5,0,0,9.66257353279378,6,4.780100000000004,181.18219999999948,1,3,3,0,0,0,0,0,1,1,3,2,0,0,0,0,0,0,0,0,0,0,0,0,0,0,2,0,0,0,0,0,0,0,0,0,7,0,0,0,2,4,0,0,0,0,0,0,0,0,0,0,0,0,0,0,0,0,0,0,0,0,0,0,0,0,0,0,0,0,0,0,0,0,0,0,0,0,0,0,0,0,0,0,0,CHEMBL538412,CC(=O)O[C@@H]1[C@@H](O)[C@@H](O)[C@H](OC[C@@H]2[C@@H](OC(C)=O)C[C@H](O)[C@]3(C)[C@H]4CC=C5[C@H]6C[C@](C)(C(=O)O)CC[C@]6(C)CC[C@@]5(C)[C@]4(C)CC[C@@H]23)O[C@H]1C,2000.0,3.3010299956639813,CHEMBL398,KB,4,Large-Polar-Aliphatic-Flexible-Hydrophobic,Other
6.136095757358012,6.136095757358012,0.7266996538369249,0.7266996538369249,0.125752793246016,17.06382978723404,677.7689999999999,627.3689999999999,676.3535489600001,252,0,0.0737049056973613,-0.3831663487225482,0.3831663487225482,0.0737049056973613,0.4893617021276595,0.8723404255319149,1.297872340425532,35.49678655641094,10.11549506481524,2.174050433889956,-2.346466866457649,2.2519313151293554,-2.4733622586723207,6.312731184643084,0.1319732367602355,3.0874927751426764,0.756322822421677,1437.217841414038,32.262727009431565,27.647742053458863,29.159599945495778,23.102489423773022,17.56350050067357,18.31942944669202,13.02785038517759,13.90072194612156,9.775014720533695,10.24520892610918,6.922324313079602,7.255011423162195,-2.7199999999999993,55643844886.96405,34.153932682577164,17.611332227826647,10.140800664580468,289.95895171919443,20.433396669713616,0.0,0.0,0.0,0.0,0.0,19.76777650359537,0.0,0.0,0.0,42.46434464924306,74.46209260537006,123.12325161995642,11.033401435232523,0.0,56.38250219399427,0.0,29.567595965296324,0.0,32.10410811463005,102.26016689078874,70.96989031840168,0.0,0.0,10.633577208012662,11.374772549367124,0.0,23.20187978046503,121.1941856480724,0.0,0.0,32.10410811463005,60.92462369091903,10.045266627482652,21.805849864162113,0.0,62.8,0.0,0.0,0.0,0.0,0.0,95.58394028831248,71.3726465501055,0.0,36.65915541707259,64.46664144715542,23.20187978046503,0.0,12.272191514716024,19.388873224232544,10.93866294433133,4.146712203812395,0.0,15.940253501292784,10.445383745939653,15.92347842123083,0.0,0.5135135135135135,47,2,8,0,2,2,0,2,2,4,0,0,8,2,10,4,16,0,2,2,0,0,12.79779266722751,6,6.799500000000007,199.3303999999994,0,0,0,0,0,2,0,0,0,0,0,0,0,0,0,6,2,0,0,0,0,0,0,0,0,0,0,0,0,2,0,0,0,0,2,0,2,0,0,0,0,0,0,0,2,0,0,0,0,0,0,0,0,0,0,0,0,0,0,0,0,0,0,0,0,0,0,0,0,0,2,0,0,2,0,0,0,0,0,0,0,0,0,4,0,CHEMBL5277316,Clc1ccc2c(NCCN3CCN(CCCCCCCN4CCN(CCNc5ccnc6cc(Cl)ccc56)CC4)CC3)ccnc2c1,4.7,0.6720978579357175,CHEMBL2093861,Menin/Histone-lysine N-methyltransferase MLL,4,Large-Polar-Aromatic-Flexible-Hydrophobic,Large-Polar-Aromatic-Flexible-Hydrophobic
14.673168390251725,14.673168390251725,0.1114223121551776,-4.744267595153398,0.3275425351798734,20.64444444444445,646.7320000000002,609.4360000000001,646.2436759440001,242,0,0.416798075743604,-0.4890241713984007,0.4890241713984007,0.416798075743604,1.0888888888888888,1.8666666666666667,2.5555555555555554,32.13349681525682,9.793763006398944,2.5558727170563227,-2.5035277061998684,2.406214661919798,-2.6882754778791855,7.113538447270528,-0.1589026628839819,3.565156055642976,1.450377733287372,1448.5637682862543,32.02852249074956,25.040230402984687,25.856726983912413,21.690855685550748,15.109811904300765,15.98946471555566,11.06827060531236,11.978507319745963,8.303024797430242,9.047966306356056,6.285880909546778,6.931090842392013,-3.8399999999999994,13082629323.119886,32.55029342379541,14.069804965135274,6.885341796875002,263.718432051353,29.27998249499224,12.356393797796825,5.0632075352882095,5.601050810983688,11.814359458703011,6.176298517443475,14.57305288909085,0.0,13.17124514302446,11.336785877934735,25.477292959539852,48.55354135862598,51.538290795715035,29.46301205173843,37.34057281360891,28.838531611321308,0.0,14.783797982648164,0.0,50.42621384896979,50.83745568943918,71.36522237631733,0.0,10.812719368572116,14.373635638450576,18.858631417708025,10.812719368572116,11.336785877934735,89.28512243491225,10.970835701515297,0.0,48.52846385886048,60.23831939292333,0.0,0.0,0.0,95.44,34.853272870320616,27.86684690600881,0.0,25.66570006428992,62.675031483926446,24.147440486371323,16.23669560878521,17.032643867773697,36.56926824400298,9.883888251797686,9.473725907600098,54.10490172662271,1.3217284772878828,37.67681476750275,11.551678987410249,-2.22456245232282,-0.4534441843111636,11.089629815147909,-1.1450022074928017,3.911588403488623,0.0,0.46875,45,1,9,0,2,2,2,1,2,3,2,0,8,1,13,4,10,0,2,2,0,0,10.177250667349483,5,5.104300000000006,163.69929999999962,0,1,1,0,0,1,0,0,0,0,2,2,0,0,0,4,0,0,0,0,1,0,0,0,0,3,0,2,0,1,0,0,0,0,1,0,0,0,0,0,0,2,0,0,3,0,0,0,0,0,0,0,0,0,0,0,0,0,0,0,0,0,0,0,2,0,0,0,0,1,1,0,0,1,0,0,0,0,0,0,0,0,1,0,0,CHEMBL3806304,CCC[C@H]1N(C(=O)c2cnccc2C(F)(F)F)CCC[C@@]1(Oc1cccs1)C(=O)N1CCN(c2ccccc2OCCO)CC1,2900.0,3.462397997898956,CHEMBL1907611,Tumour suppressor p53/oncoprotein Mdm2,4,Large-Polar-Aromatic-Flexible-Hydrophobic,Large-Polar-Aromatic-Flexible-Hydrophobic
14.778495416895714,14.778495416895714,0.0252950358138919,-4.878210259423859,0.2989132259914363,20.18,712.6919999999999,674.3879999999999,712.2807876360001,272,0,0.4326617559415088,-0.4890241713984007,0.4890241713984007,0.4326617559415088,1.02,1.74,2.38,19.41710108837487,9.793355632005415,2.5613132742050126,-2.5019778103709007,2.4082179442080784,-2.6891781216830046,5.9695367005702105,-0.1597201698022693,3.471192310234194,1.5187911888164254,1658.161496428253,36.26900946675572,27.505602184169163,27.505602184169163,23.706711003596244,16.20336786711522,16.20336786711522,12.125365874626114,12.125365874626114,8.9597592389575,8.9597592389575,6.727544723365869,6.727544723365869,-4.54,78514969399.81499,36.73331508639445,14.747394588567804,7.4634735588459105,283.91179267547426,29.27998249499224,18.050321792645285,0.0,11.48103914741906,11.814359458703011,12.35259703488695,19.254855824236035,0.0,26.34249028604892,5.098681808301038,25.477292959539852,31.040744451236847,64.65232984685383,29.46301205173843,50.511817956633365,17.501745733386574,0.0,24.564282726094387,7.04767198267719,56.602512366413265,50.83745568943918,65.61272053223826,0.0,11.629500169719275,14.373635638450576,32.02987656073248,11.629500169719275,0.0,99.06560717835848,24.19480620163596,0.0,54.222391853708935,48.79188955399581,0.0,0.0,0.0,113.26,58.510667448399424,41.03809204903327,0.0,52.11049801554158,42.074383340103466,30.028655131437382,4.899909730850477,19.056471336613843,17.032643867773697,10.082660329248244,9.473725907600098,95.84058958736152,0.0,37.17007451660758,13.127674324229057,-4.284266223116942,-1.6024351057433237,7.393488893496075,-7.399859774727544,2.5952022023378416,1.0761982462223996,0.5151515151515151,50,1,11,0,2,2,2,1,2,3,2,0,9,1,17,4,10,0,2,2,0,0,10.834413842504992,5,4.795100000000004,167.59029999999956,0,1,1,0,0,3,0,0,0,0,2,2,0,0,0,6,0,0,0,0,1,0,0,0,0,6,0,2,0,1,1,0,0,0,1,0,0,0,0,0,0,2,0,0,6,0,0,0,0,0,0,0,0,0,0,0,0,0,0,0,0,0,0,0,2,0,0,0,0,1,1,0,0,1,0,0,0,0,0,0,0,0,0,0,0,CHEMBL4299637,CCC[C@@H]1N(C(=O)c2cnccc2C(F)(F)F)CCC[C@]1(Oc1cc(C(F)(F)F)n(C)n1)C(=O)N1CCN(c2ccccc2OCCO)CC1,6300.0,3.7993405494535817,CHEMBL1907611,Tumour suppressor p53/oncoprotein Mdm2,4,Large-Polar-Aromatic-Flexible-Hydrophobic,Large-Polar-Aromatic-Flexible-Hydrophobic
13.876259887813507,13.876259887813507,0.1235157696116102,-5.083333333333334,0.1073995306609673,22.5,770.8950000000007,713.4390000000004,770.4302308240001,304,0,0.4902403183070029,-0.4745811720256028,0.4902403183070029,0.4745811720256028,0.925925925925926,1.5,2.0555555555555554,19.41351867129075,9.907840465702131,2.388241977388188,-2.3257934447242743,2.195013462235335,-2.6160589014319795,5.96726027247224,-0.1924678619234226,3.1193407069482686,1.8858957792666344e-06,1397.7361991493674,40.89876597875263,31.712030554256017,31.712030554256017,25.35431603780627,18.22434713021022,18.22434713021022,13.483077450328162,13.483077450328162,8.635987118311833,8.635987118311833,5.28157592806879,5.28157592806879,-4.9,119549579345.06598,47.120366598778006,23.699645523175377,17.28436561616657,314.1740253971537,42.32404762288502,23.664447739827228,5.959554568743835,29.535898646757527,0.0,12.145603805395323,29.381969526150627,4.794537184071822,13.17124514302446,0.0,83.20715505601,44.59129680601767,26.055090840663738,0.0,47.0449956422961,41.46475850345321,5.409283605791522,37.217520228044314,5.917906046161393,121.74391128529332,20.13718479450234,35.89528683400505,0.0,0.0,37.217520228044314,13.17124514302446,0.0,0.0,90.507376120919,28.76722310443093,11.327189651952915,103.50845734886757,30.33183534230805,0.0,0.0,0.0,230.71,53.53159073327706,37.14393106338357,0.0,36.53346331946025,37.91542917230017,32.10410811463005,0.0,59.00808905528612,6.06636706846161,37.217520228044314,15.310348184704049,31.73611111111111,0.0,76.11762171288437,34.80918753254022,-0.6284624809326496,-5.114788762854728,6.0029406245852375,1.3347934513238815,7.792130893790833,1.6171325842183757,0.6388888888888888,54,9,15,0,1,1,5,1,0,1,4,0,7,9,18,1,8,0,1,1,0,0,20.68029602431688,2,2.772170000000007,195.9063999999995,1,0,0,0,0,0,0,0,1,1,6,5,0,0,0,0,8,0,0,0,0,0,0,0,0,3,0,5,0,0,0,0,0,0,1,0,0,0,0,0,0,0,0,1,3,0,0,0,0,0,0,0,0,0,0,0,0,0,0,0,0,0,0,0,0,0,0,0,0,0,0,0,0,0,0,0,0,0,0,0,0,0,0,0,0,CHEMBL4078842,CC[C@@H]1NC(=O)[C@H](CCCNC(=N)NC)NC(=O)[C@](C)(NC(=O)C(C)C)CCCCCCCCNC(=O)[C@@H](c2ccccc2)NC1=O.O=C(O)C(F)(F)F,1.3,0.1139433523068367,CHEMBL612545,Unchecked,4,Large-Polar-Aliphatic-Flexible-Hydrophilic,Other
12.843994819006094,12.843994819006094,0.1265925790919742,-4.255726091597168,0.307137242284515,16.102564102564102,558.6300000000001,529.3980000000001,558.202479828,206,0,0.3933283894768193,-0.3936042145344343,0.3936042145344343,0.3933283894768193,1.2307692307692308,2.0256410256410255,2.717948717948718,32.13353989670891,10.033926393756106,2.2910833150481835,-2.3233178344725025,2.3298093603277863,-2.383675385459211,7.182475022589139,-0.1261401623669685,3.4732390193629046,1.2128173486164315,1482.7097451523716,27.570338854006454,21.409327975964548,22.22582455689227,18.755995952880017,12.709779027487416,13.526275608415142,9.825969040906536,10.94116891219578,7.09320542455228,8.136254443228768,5.110623373111421,6.136982797608668,-3.2399999999999984,674586875.4431596,27.33155204871078,11.47416443577989,6.331368946773729,227.1956945883339,19.72727860043844,28.738728579860872,0.0,0.0,0.0,6.176298517443475,4.899909730850477,9.967957041894415,18.433136697762947,11.336785877934735,6.06636706846161,42.67056301139545,48.56597971394557,31.0626505955646,23.014635491665217,38.274194221936185,5.261891554738487,19.43496642053625,0.0,50.67408341494291,32.12298092162193,52.79368209731934,0.0,6.069221312792274,5.316788604006331,18.98910792085949,0.0,11.336785877934735,69.66979186733228,24.24719738855121,11.33111286753076,28.976169926098773,36.65915541707259,0.0,21.119545566166423,0.0,99.23,12.597120140369483,23.53966409260365,0.0,23.62983637511048,28.273167812681425,60.27907476530253,6.3273200747645415,13.176164609739144,16.699833784714574,38.386610826466715,4.736862953800049,45.702775179633896,1.055339956597354,11.63215984099589,24.146088676778483,2.602025066195526,0.5863844373399056,11.998499433307124,-2.4537024884352756,2.7720163890858927,1.5417468418345353,0.4444444444444444,39,2,8,0,1,1,0,1,3,4,1,0,9,2,12,4,9,0,1,1,0,0,8.04119801261498,5,4.706280000000004,143.63149999999987,0,1,1,0,0,3,0,0,0,0,0,0,0,0,0,5,1,0,0,0,1,0,0,0,0,3,0,0,0,1,0,0,0,0,1,0,2,0,0,0,0,1,0,0,3,0,0,0,0,0,0,0,0,0,0,1,0,1,0,0,0,0,0,0,0,0,0,0,0,1,0,0,0,0,0,0,0,0,0,0,0,0,1,0,0,CHEMBL3781455,CO[C@H](CO)Cn1c(C#N)cc2cc(CN3CCC(Nc4ncnc5sc(CC(F)(F)F)cc45)CC3)ccc21,37.0,1.568201724066995,CHEMBL2093861,Menin/Histone-lysine N-methyltransferase MLL,4,Large-Polar-Aromatic-Flexible-Hydrophobic,Large-Polar-Aromatic-Flexible-Hydrophobic
14.389427979817745,14.389427979817745,0.0040140766103264,-1.3121096213961243,0.0224208187393535,20.07017543859649,811.0029999999996,744.4749999999999,810.518805072,324,0,0.3256966935004625,-0.4797174682622497,0.4797174682622497,0.3256966935004625,0.6842105263157895,1.263157894736842,1.8771929824561404,16.368571982389753,9.84349462661493,2.490808103214417,-2.362179242618557,2.400433238723019,-2.597916594361711,5.957445463980514,-0.1461933738304185,3.5627820849932457,2.1342166525121344,1372.418094260454,42.4926241058873,32.73171287129258,32.73171287129258,27.101569623521097,19.823153569364095,19.823153569364095,14.709286478117331,14.709286478117331,10.294094556996262,10.294094556996262,7.231962885671021,7.231962885671021,-4.800000000000002,957588990675.2036,48.348962632144264,25.45173589193283,16.67960013135157,332.82238297035514,75.6820335303808,30.209204145739804,11.91910913748767,29.535898646757527,0.0,5.969305287951848,34.79125313194215,4.794537184071822,0.0,0.0,12.84164324585202,89.5125219271861,25.67611004688569,12.64872279366088,38.98027789411234,47.424313072197045,10.818567211583044,36.80064135488846,34.58624343197232,132.18438852499986,32.78590758816322,0.0,0.0,0.0,60.56906900984892,0.0,0.0,0.0,137.6160709849279,28.76722310443093,16.736473257744436,89.89150272096417,0.0,0.0,0.0,0.0,396.1,72.45595114475856,38.98027789411234,0.0,68.68276982866428,57.91132938932067,19.26246486877803,4.899909730850477,0.0,0.0,31.900731624037984,39.48690459739397,0.0,0.0,80.66508909548469,49.6149262598984,28.157999777756025,-4.667820586832901,-6.972566644663742,6.413950001138144,0.2884220972193867,0.0,0.7714285714285715,57,20,22,1,1,2,5,0,0,0,8,0,12,15,22,1,26,1,1,2,0,2,21.58886013267132,2,-4.116060000000013,210.9121999999997,1,1,1,0,0,0,0,0,1,1,6,5,0,0,0,1,8,5,0,0,1,0,0,0,0,0,0,5,0,0,0,0,0,0,0,0,1,0,0,0,0,0,0,2,0,0,0,0,0,0,0,0,0,0,0,0,0,0,0,0,0,0,0,0,0,0,0,0,0,0,0,0,0,0,0,0,0,0,0,0,0,0,0,2,0,CHEMBL5432970,N=C(N)NCCCC[C@H](N)C(=O)NCCCC[C@H](NC(=O)[C@@H](N)CO)C(=O)N[C@@H](CCN)C(=O)N1C2CCCCC2C[C@H]1C(=O)N[C@@H](CCCNC(=N)N)C(=O)O,1540.0,3.187520720836463,CHEMBL5482974,VEGA-NRP1,4,Large-Polar-Aliphatic-Flexible-Hydrophilic,Other
14.786140604600426,14.786140604600426,0.00587809742615,-4.9107911822888735,0.18623743505471,20.16,728.7559999999997,690.4519999999998,728.246710636,272,0,0.425230616209443,-0.4890241713984007,0.4890241713984007,0.425230616209443,1.0,1.72,2.36,32.133477649654246,9.79179861513895,2.559001584947642,-2.505516435366228,2.4330632430827728,-2.68877655027687,7.099052696387956,-0.1592761072688961,3.563498540906848,1.5175243842873127,1659.162540768897,36.26900946675572,27.22691022651241,28.04340680744014,23.70671100359624,16.193052904771392,17.072705716026288,12.129144536599782,13.040375463018258,8.939074552347318,9.89247353972458,6.7379951138027465,7.415095775875129,-4.179999999999999,82085850488.92834,37.08440734617324,14.970938919392935,7.599945887762415,288.70022309059453,35.01364997215442,22.98305282478203,0.0,5.601050810983688,11.814359458703011,12.35259703488695,9.589074368143644,0.0,26.34249028604892,11.336785877934735,31.54366002800146,37.10711151969846,56.278419766099965,29.46301205173843,50.511817956633365,34.52591788600487,0.0,9.799819461700954,0.0,56.602512366413265,56.57112316660137,69.91504949525408,0.0,11.49902366656781,20.10730311561276,37.71726283541605,11.49902366656781,11.336785877934735,84.30114391396503,17.147134218958772,0.0,53.405611052561774,53.910999318158794,0.0,0.0,0.0,108.57,57.50128458550046,41.03809204903327,0.0,57.86000984882549,36.5966321459698,29.266550250534305,15.866186530162564,19.056471336613843,17.032643867773697,0.0,15.207393384762284,95.2485203904108,0.3898807687986474,32.67226454397608,10.367786433014064,2.4235017402117993,-1.2995389051572102,9.90844956051985,-8.973155974240056,2.6789581091327044,0.0,0.4705882352941176,50,3,9,0,2,2,2,2,1,3,2,0,8,2,16,3,10,0,2,2,0,0,11.103767944828926,5,6.310300000000007,175.31869999999958,0,1,1,1,0,0,0,0,0,0,2,2,0,0,0,3,0,1,0,0,1,0,0,0,0,6,0,2,0,2,0,0,0,0,2,0,0,0,0,0,0,2,0,0,6,0,0,0,0,0,0,0,0,0,0,0,0,0,0,0,0,0,0,0,2,0,0,0,0,1,1,0,0,0,0,0,0,0,0,0,0,0,1,0,0,CHEMBL5184149,CCC[C@H]1N(C(=O)c2c(N)cccc2C(F)(F)F)CCC[C@@]1(Oc1csc(C(F)(F)F)c1)C(=O)N1CCN(c2ccccc2OCCO)CC1,6800.0,3.832508912706236,CHEMBL1907611,Tumour suppressor p53/oncoprotein Mdm2,4,Large-Polar-Aromatic-Flexible-Hydrophobic,Large-Polar-Aromatic-Flexible-Hydrophobic
13.286680525870484,13.286680525870484,0.0311215828924165,-0.8270126180637545,0.5674750369085556,28.975,546.6200000000002,512.3480000000004,546.236601428,210,0,0.3187249854779204,-0.5040425270912626,0.5040425270912626,0.3187249854779204,1.175,1.925,2.6,16.647992630660237,9.525422861532045,2.578065171808743,-2.5657452800936547,2.5926828337223937,-2.60110100034873,6.126153912392909,-0.1457847865221716,3.3905805977942673,1.5454085017069876,1446.5694009644233,28.344206024832225,23.393060345925495,23.393060345925495,19.23274967776961,13.5470508905923,13.5470508905923,11.25860454852163,11.25860454852163,9.340088791791455,9.340088791791455,7.31369452402552,7.31369452402552,-3.85,1319703276.5544748,26.37662841839047,9.65779327945605,3.7415871574565256,232.89012337864793,29.05461457082796,11.629591048932095,29.145399872337222,0.0,0.0,5.969305287951848,9.589074368143644,0.0,0.0,0.0,34.984632492293976,51.06364750112488,40.48591344272312,21.3293926238326,33.743779208121126,17.46423523708749,0.0,4.899909730850477,16.991524819073327,43.74699975476169,34.92182101242236,69.98427777928309,0.0,11.49902366656781,4.736862953800049,0.0,11.49902366656781,0.0,68.434334204349,35.73620095180316,18.75954929201341,46.7628670920853,47.322733047548645,0.0,0.0,0.0,106.89,23.406168191258324,14.69560176298435,0.0,35.662837111168116,35.43939610367289,23.235110881003564,21.3293926238326,6.06636706846161,37.265225580370945,17.10329444027821,19.04817744513678,16.36392231038792,0.0,34.89670325012405,16.029702274946647,3.980738222087794,-0.7586107267092603,9.557416319883467,2.61684683917902,2.772924316849584,6.4570238599174425,0.4516129032258064,40,1,9,2,2,4,0,2,0,2,5,2,9,1,9,2,5,0,1,1,0,0,6.368500616846023,6,3.5913200000000023,146.32979999999984,0,0,0,0,0,0,0,1,0,0,2,2,0,0,0,2,0,0,0,1,1,0,0,0,0,0,1,0,0,0,1,0,0,0,2,0,1,0,0,0,1,3,0,0,0,0,0,0,0,0,0,1,1,0,0,3,0,0,0,0,0,0,0,1,0,1,1,0,0,1,0,0,0,0,0,0,0,0,0,0,0,0,0,0,0,CHEMBL2337615,COC(=O)[C@H]1C(c2ccc(C)cc2)=NO[C@@H]1c1cc(OC)c(O)c2c1C[C@@H]1[C@@H]3C=C(OC)C(=O)C[C@]23CCN1C,80690.0,4.906819715466545,CHEMBL614822,NIH3T3,4,Large-Polar-Aromatic-Rigid-Hydrophobic,Large-Polar-Aromatic-Rigid-Hydrophobic
12.77560114750073,12.77560114750073,0.1381979084677946,-4.257142525716787,0.3698380815136184,15.705882352941176,486.5230000000002,465.3550000000002,486.144964952,176,0,0.3933283894768193,-0.5075421298255997,0.5075421298255997,0.3933283894768193,1.2058823529411764,2.0,2.735294117647059,32.13353955017879,10.030500593413766,2.2907489501076572,-2.324145338340256,2.3323311718424127,-2.38386134978536,7.182469075820354,-0.126139083128224,3.370864135406662,1.2296451613338375,1381.3644666148523,23.871668241257193,17.984951989248376,18.801448570176102,16.269302745435496,10.809936232583318,11.626432813511045,8.5035163188241,9.618716190113348,6.017918356111234,7.060967374787724,4.3781867507377115,5.404546175234956,-3.36,59731766.413232215,22.433105195504808,8.773895658761468,4.782355903046741,196.41240941464528,15.407294519794243,34.48824041314478,0.0,0.0,0.0,6.176298517443475,4.899909730850477,9.967957041894415,18.433136697762947,11.336785877934735,0.0,31.04074445123685,47.56930001521039,17.32374655500707,18.277772537865165,38.274194221936185,5.261891554738487,19.8518452936921,0.0,38.02536062128204,18.40630141583148,46.72731502885773,0.0,11.81873314607618,5.316788604006331,18.98910792085949,5.749511833283905,11.336785877934735,50.26602484694939,12.965578028838586,11.33111286753076,28.976169926098773,30.59278834861098,0.0,21.119545566166423,0.0,100.86,12.597120140369483,18.277772537865165,0.0,16.668499856133163,28.273167812681425,53.73431835938995,12.393687143226153,12.13273413692322,6.06636706846161,31.237855210490704,5.261891554738487,38.32680344250219,1.04386444948483,14.388204538115565,24.37586535888773,1.9791549582758157,0.7560742054775458,9.053414779955403,-2.1837707209988673,2.1770556549664595,0.0,0.3478260869565217,34,3,7,0,1,1,0,1,3,4,0,0,7,3,11,4,5,0,1,1,0,0,5.788991890805264,5,4.931180000000004,123.77420000000004,0,0,0,0,0,3,1,1,0,0,0,0,0,0,0,4,2,0,0,0,1,1,0,0,0,3,0,0,0,1,0,0,0,0,1,0,2,0,0,0,0,0,0,0,3,0,0,0,0,0,0,0,0,0,0,0,0,1,0,0,0,0,0,0,0,1,1,0,0,1,0,0,0,0,0,0,0,0,0,0,0,0,1,0,0,CHEMBL3781187,N#Cc1cc2cc(CN3CCC(Nc4ncnc5sc(CC(F)(F)F)cc45)CC3)c(O)cc2[nH]1,20.0,1.3010299956639813,CHEMBL2093861,Menin/Histone-lysine N-methyltransferase MLL,4,Large-Polar-Aromatic-Rigid-Hydrophobic,Large-Polar-Aromatic-Rigid-Hydrophobic
13.406075091594088,13.406075091594088,0.3376257663559252,-5.854255038575475,0.4314464190629563,16.685714285714287,553.6500000000003,527.4420000000002,553.0986685920001,194,0,0.5014901604422689,-0.3803583955387619,0.5014901604422689,0.3803583955387619,1.0571428571428572,1.7142857142857142,2.3142857142857145,32.233591865674995,10.166063729645211,2.4807184853940094,-2.29005626619307,2.360563815755569,-2.3888708388607607,7.989700994382209,-0.0435400711527559,2.8050604669849095,1.908695060357642,1203.701211583452,25.692023676495612,18.570343498440643,21.01983324122382,16.376159669017042,10.604410109096785,14.619491394266234,7.860158640355049,12.424604717442088,5.32734564077504,8.939093485108616,3.439697195071411,5.995310724334086,-1.84,34063577.16784542,27.74270917541264,11.477195321615412,7.571060260481108,206.53616749027785,10.05365155780638,4.895483475517775,0.0,10.023291153407584,9.837253136417502,5.508330501264255,4.899909730850477,21.974567706265816,13.17124514302446,11.761884949391115,18.19910120538483,36.75265696523406,36.32444712915025,23.796633679227178,34.74370206548239,37.30981551389976,0.0,4.899909730850477,5.138973737607942,32.65744337989155,43.917675357516686,48.53093654769288,0.0,0.0,10.455762341614273,18.858631417708025,0.0,11.761884949391115,71.8865617834309,24.597407243625135,0.0,6.4208216229260096,63.2173869742462,0.0,0.0,0.0,118.79999999999998,41.201682571272855,30.00683911168234,0.0,5.687386274683562,37.99856263307282,30.117730424266146,11.761884949391115,0.0,30.33183534230805,10.216698334856808,9.87583669140799,93.52786643543295,1.4674218553162004,1.1883535162228342,7.949161671018667,-5.960145521949725,0.4273787084278155,11.378565272022373,0.5022598970143614,3.219571482094601,-10.283766648933426,0.4285714285714285,35,3,8,0,1,1,0,2,0,2,1,0,8,2,14,1,10,0,1,1,0,0,9.097385484485226,3,2.922600000000002,127.50870000000002,0,0,0,0,0,0,0,0,0,0,0,0,0,0,0,1,1,1,0,0,0,0,0,0,0,3,0,0,0,1,0,0,0,0,2,0,0,0,0,0,0,1,0,0,3,0,0,0,0,0,0,0,0,0,0,0,1,0,0,0,0,0,0,0,0,0,0,0,0,0,0,0,0,0,0,1,1,1,0,0,0,0,0,0,0,CHEMBL3126117,NS(=O)(=O)c1ccc(N[C@H](CCN2CCOCC2)CSc2ccccc2)c(S(=O)(=O)C(F)(F)F)c1,26000.0,4.414973347970818,CHEMBL4625,Apoptosis regulator Bcl-X,4,Large-Polar-Aromatic-Flexible-Hydrophilic,Other
14.169361300075586,14.169361300075586,0.0,-4.833115189304077,0.3570273103860206,19.11111111111111,659.027,629.7950000000001,658.1781524080001,242,0,0.4167980742778372,-0.5057808571050249,0.5057808571050249,0.4167980742778372,0.8444444444444444,1.511111111111111,2.1333333333333333,35.453002239149676,9.892293025294531,2.491982193011217,-2.454077890335199,2.364256602329393,-2.6394441585514334,5.96450236093595,-0.1527290487002021,3.000372018474375,4.607987134117325e-06,1513.2802418728093,31.70009536600337,23.644555187988864,24.461051768916587,20.78246074009108,13.77508942449572,13.77508942449572,10.635731398579498,10.635731398579498,7.772939862111298,7.772939862111298,5.586907672071204,5.586907672071204,-4.199999999999998,4281963307.981212,33.6882216801151,13.034282681146184,7.211751278305335,260.15445455517636,24.54311954119219,11.49902366656781,0.0,5.601050810983688,11.814359458703011,12.35259703488695,14.57305288909085,0.0,26.34249028604892,12.407033161179976,12.13273413692322,55.30621272508328,45.11746917278902,28.922497155687125,45.77495500283331,29.90877889456655,0.0,14.783797982648164,0.0,30.795291091722657,44.16844816632592,83.68134523447165,0.0,11.49902366656781,9.636772684650529,32.02987656073248,11.49902366656781,12.407033161179976,76.57427408265102,17.147134218958772,0.0,34.32653490501483,66.99099075938064,0.0,0.0,0.0,86.21000000000001,53.00311818557721,41.03809204903327,0.0,56.381969291337526,24.843266154970323,41.55906514792307,4.899909730850477,24.26546827384644,4.899909730850477,4.983978520947208,4.736862953800049,86.73519433869754,0.0,35.78018684492539,10.236625623816558,-3.992944698992832,-1.535136943474179,11.15146005994766,-7.453829743244663,0.6617778516578512,0.0,0.3666666666666666,45,1,8,0,2,2,2,2,1,3,1,0,6,1,15,3,5,0,2,2,0,1,9.757817875638612,5,5.649200000000006,153.32729999999972,0,0,0,0,0,1,0,1,0,0,2,2,0,0,0,4,0,0,0,0,1,0,0,0,0,6,0,2,0,1,0,0,0,0,2,0,0,0,0,0,0,1,0,0,7,0,0,0,0,0,0,0,0,0,0,0,0,0,0,0,0,0,0,0,2,1,1,0,0,1,1,0,0,1,0,0,0,0,0,0,0,0,0,0,0,CHEMBL3112805,Cl.O=C(c1cnccc1C(F)(F)F)N1CCCC(Oc2ccc(C(F)(F)F)cc2)(C(=O)N2CCN(c3ccccc3O)CC2)C1,970.0,2.9867717342662448,CHEMBL1907611,Tumour suppressor p53/oncoprotein Mdm2,4,Large-Polar-Aromatic-Rigid-Hydrophobic,Large-Polar-Aromatic-Rigid-Hydrophobic
12.87776695151376,12.87776695151376,0.0947325776754026,-4.272039457591649,0.319350959439151,15.0,571.629,543.4050000000001,571.1977287960001,210,0,0.3933283894768193,-0.4963335918859162,0.4963335918859162,0.3933283894768193,1.25,2.0,2.65,32.13353996733303,9.995635405001488,2.2933240289943018,-2.330218102909856,2.353744484983923,-2.3859203815799632,7.182481370354525,-0.1262431751276876,3.460261196196304,1.2978417135456626,1614.6109383629766,28.60371904882606,22.008555351362652,22.82505193229038,19.056195107870757,12.731145633276324,13.54764221420405,9.949550015454085,11.064749886743332,7.274193254152816,8.317242272829303,5.33339218574557,6.359751610242817,-3.89,850097994.6091081,27.668385842572913,10.938800475445786,5.683963469899164,231.9028736331944,20.35441868275992,41.032996819057345,0.0,5.907179729351506,0.0,6.176298517443475,9.6944469149223,9.967957041894415,18.433136697762947,11.336785877934735,0.0,37.46156607416286,47.56930001521038,24.4335440962846,22.702645280896327,44.18137395128769,5.261891554738487,19.43496642053625,5.733667477162185,51.49385422688523,25.516098957109016,46.22439945209312,0.0,11.81873314607618,15.787319034968563,18.98910792085949,5.749511833283905,11.336785877934735,57.75959584958187,24.304871618822983,18.254850067221383,34.53962141779577,24.52642128014937,0.0,21.11954556616642,0.0,122.09,18.504299869720988,23.227673881834768,0.0,17.463744428761835,34.02267964596533,59.29776985108695,12.393687143226153,17.743264257530498,12.990104268152232,26.253876689543496,10.470530430962237,45.95909759907778,1.0406028922463202,23.151575079470923,14.50705027735469,8.477762791942968,0.7023487496556569,7.420004123186056,-2.224459626719042,4.118943304444916,1.5970748093397371,0.4074074074074074,40,3,9,0,1,1,1,1,3,4,0,0,9,2,13,4,8,0,1,1,0,0,7.566473805238852,5,4.501300000000003,146.23209999999983,0,0,0,0,0,3,0,0,0,0,1,1,0,0,0,5,1,1,0,0,1,0,0,0,0,3,0,1,0,1,1,0,0,0,1,0,2,0,0,0,0,1,0,0,3,0,0,0,0,0,0,0,0,0,0,1,0,1,0,0,0,0,0,0,0,0,0,0,0,1,0,1,0,0,0,0,0,0,0,0,0,0,1,0,0,CHEMBL3781041,COc1cc2c(cc(C#N)n2CC(N)=O)c(C)c1CN1CCC(Nc2ncnc3sc(CC(F)(F)F)cc23)CC1,37.0,1.568201724066995,CHEMBL2093861,Menin/Histone-lysine N-methyltransferase MLL,4,Large-Polar-Aromatic-Flexible-Hydrophobic,Large-Polar-Aromatic-Flexible-Hydrophobic
12.782521554582711,12.782521554582711,0.0476321174318226,-0.2363494503061358,0.4560773536024006,40.18181818181818,454.69500000000033,408.3270000000002,454.344695332,184,0,0.1383339966142636,-0.3919343169877428,0.3919343169877428,0.1383339966142636,1.0909090909090908,1.7878787878787878,2.4545454545454546,16.266224267314005,9.440449961080745,2.625083648888058,-2.5926184261709833,2.7103710950114737,-2.5289360805256176,5.856866934956353,-0.1379412441256106,3.054858915430936,1.6109278162728222,886.2177861648926,24.233840039752497,21.83784490846701,21.83784490846701,15.45252636094248,13.300124173700263,13.300124173700263,12.918318203937808,12.918318203937808,11.200445937327968,11.200445937327968,8.690004809151972,8.690004809151972,-1.19,17791534.981776755,24.919482502006822,8.483324345433429,3.5553641459193805,200.9804282390973,10.213054789681411,5.783244946364939,0.0,0.0,0.0,0.0,4.794537184071822,0.0,0.0,0.0,59.77048351864538,95.6637544973644,11.835812092322788,13.213763929025836,15.007591973753232,5.783244946364939,0.0,0.0,39.41368001607129,92.9089961815518,13.213763929025836,34.947373910709445,0.0,0.0,0.0,0.0,0.0,0.0,29.210063665072184,4.794537184071822,39.41368001607129,92.9089961815518,34.947373910709445,0.0,0.0,0.0,57.53,0.0,15.007591973753232,0.0,34.873725806612946,23.53696308484912,44.09803426762532,12.84164324585202,11.146209060138531,6.076020106833881,53.6944634118115,0.0,0.0,0.0,12.782521554582711,18.665242209334792,4.255720043621086,2.1431799186943694,0.0,15.593663543950202,14.226339396483503,0.0,0.7666666666666667,33,2,3,4,0,4,0,0,0,0,6,0,3,2,3,0,6,2,0,2,0,0,6.406062199541722,4,6.408100000000007,134.60959999999997,0,2,2,0,0,0,0,0,0,0,1,1,0,0,0,0,0,0,0,0,0,0,0,0,0,0,5,0,0,0,0,0,0,0,0,0,5,0,0,0,0,0,0,0,0,0,0,0,0,0,0,1,1,0,0,0,0,0,0,0,0,0,0,0,0,0,0,0,0,0,0,0,0,0,0,0,0,0,0,0,0,0,0,0,0,CHEMBL1915761,C[C@H](CCC=C(CO)CO)[C@H]1CC[C@@]2(C)C3=CC[C@H]4C(C)(C)C(=O)CC[C@]4(C)C3=CC[C@]12C,4000.0,3.6020599913279625,CHEMBL385,K562,4,Large-Nonpolar-Aliphatic-Flexible-Hydrophobic,Other
14.738010460567503,14.738010460567503,0.036900703909199,-4.995791182288874,0.2296328637749341,20.18,731.7309999999998,695.4429999999999,731.226389792,272,0,0.425230616209443,-0.4890241713984007,0.4890241713984007,0.425230616209443,0.98,1.7,2.34,32.13347767742381,9.792323370097415,2.5578065395281646,-2.505149870665299,2.429011771420542,-2.6886031749632187,7.099050523399175,-0.1592859537518122,3.5622820747467148,1.5126793489072403,1658.2659438166577,36.26900946675572,27.027524430332008,27.844021011259738,23.68987425119063,16.087376942537485,16.967029753792378,12.049249904403306,12.960480830821782,8.840544665170764,9.793943652548023,6.644627896461495,7.321728558533877,-4.049999999999999,80566944822.77596,37.2112211811411,15.05191989896683,7.800290112785962,287.52586779650807,29.27998249499224,28.80027366582792,0.0,5.601050810983688,11.814359458703011,12.35259703488695,9.589074368143644,4.39041504767482,26.34249028604892,11.336785877934735,25.477292959539852,43.173478588160066,50.5910334914164,29.46301205173843,54.90223300430819,28.838531611321308,0.0,9.799819461700954,0.0,56.602512366413265,50.83745568943918,75.73227033629998,0.0,11.49902366656781,14.373635638450576,36.420291608407304,11.49902366656781,11.336785877934735,84.30114391396503,17.147134218958772,5.817220841045894,53.405611052561774,53.910999318158794,0.0,0.0,0.0,82.55000000000001,57.63111915186279,45.42850709670809,0.0,57.86000984882549,54.79573335135462,22.033725844461564,4.899909730850477,19.056471336613843,17.032643867773697,0.0,9.473725907600098,109.08657749400464,0.3643845184160335,32.290957883393006,10.32558016148616,-3.5305257923331377,-2.5852314951468065,8.294223980614836,-9.27099444922784,2.441694365459772,0.0,0.4705882352941176,50,1,8,0,2,2,2,2,1,3,2,0,7,1,16,3,10,0,2,2,0,0,11.202006411225472,5,6.867200000000008,170.86429999999956,0,1,1,0,0,0,0,0,0,0,2,2,0,0,0,3,0,0,0,0,1,0,0,0,0,6,0,2,0,1,0,0,0,0,2,0,0,0,0,0,0,2,0,0,7,0,0,0,0,0,0,0,0,0,0,0,0,0,0,0,0,0,0,0,2,0,0,0,0,1,1,0,0,0,0,0,0,0,0,0,0,0,1,0,0,CHEMBL5181526,CCC[C@H]1N(C(=O)c2cc(F)ccc2C(F)(F)F)CCC[C@@]1(Oc1csc(C(F)(F)F)c1)C(=O)N1CCN(c2ccccc2OCCO)CC1,34.0,1.5314789170422551,CHEMBL1907611,Tumour suppressor p53/oncoprotein Mdm2,4,Large-Polar-Aromatic-Flexible-Hydrophobic,Large-Polar-Aromatic-Flexible-Hydrophobic
11.810804524909033,11.810804524909033,0.0038566052887845,-0.6715117180075139,0.26205704421364,21.19047619047619,586.096,553.8400000000001,585.225515564,216,0,0.4387877100644629,-0.3771081106947051,0.4387877100644629,0.3771081106947051,1.0238095238095235,1.8571428571428572,2.619047619047619,35.4956925223744,9.827732106179363,2.320941629656284,-2.372381671668606,2.3827533532841327,-2.409685323783891,6.304565399574439,0.0927242472093174,3.615397588730872,1.452480067024952,1757.5177125966848,28.63081678632152,23.371048397168455,24.126977343186912,20.53000977870159,14.53144333541028,14.909407808419507,11.365116853774136,11.80155263424612,8.478929145326838,8.714026248114578,6.2501901907386,6.440478038877801,-4.0200000000000005,7612523547.85575,26.852104212072085,11.337826604980425,5.203720463352663,247.25321794394907,14.20387233244188,11.210628712464722,5.647177220767728,17.597148276986346,0.0,5.756062822229453,9.507073457920557,14.762494225966236,4.983978520947208,0.0,78.98755307213187,42.37364096679502,23.67559761726347,19.255604758173796,9.259957890773396,28.713157109602996,0.0,29.65967698870563,11.835812092322788,45.1936209264552,24.658430065788888,75.73398842789409,0.0,22.90618848254531,10.65597255307993,5.948339280986494,0.0,11.600939890232516,49.41819732364404,11.281619359712623,11.835812092322788,44.212316012239626,63.914935737199656,5.022633313741326,34.0700664209293,0.0,114.96,5.756062822229453,4.794537184071822,0.0,17.690649825147815,42.040164910457314,42.33279718822574,18.405094737549017,0.0,30.33183534230805,50.796856630251554,35.81283334384754,13.066072699385012,6.466211654280795,31.677436791069113,4.458717709953604,4.029388032952698,1.8004027429749043,18.01719779666489,4.768383785839802,4.993966564656951,0.0,0.3870967741935484,42,1,10,1,1,2,0,2,3,5,1,0,9,1,11,4,6,1,1,2,0,0,7.248678607984234,7,5.894200000000005,160.35669999999962,0,0,0,0,0,6,1,0,0,0,0,0,0,0,0,6,1,0,0,0,0,1,0,0,0,0,0,0,0,1,0,0,0,0,2,0,1,0,0,0,0,1,0,0,1,0,0,1,0,0,0,0,0,0,0,0,1,0,0,0,0,0,0,0,0,0,0,0,0,0,0,0,0,0,0,0,0,0,0,0,0,0,0,0,0,CHEMBL5079727,C[C@H]1CC[C@H](Cn2c(N3CCOC[C@H]3c3ccccc3)nc3nc(-c4noc(=O)[nH]4)nc(-c4cccc(Cl)c4)c32)CC1,1.3,0.1139433523068367,CHEMBL1907611,Tumour suppressor p53/oncoprotein Mdm2,4,Large-Polar-Aromatic-Rigid-Hydrophobic,Large-Polar-Aromatic-Rigid-Hydrophobic
13.041337075603272,13.041337075603272,0.023499142825476,-4.276252090135046,0.1911761151087416,23.377777777777776,636.7480000000005,601.4680000000003,636.2606633999999,236,0,0.3933283895174946,-0.3665347184702295,0.3933283895174946,0.3665347184702295,1.1555555555555554,1.9111111111111112,2.577777777777778,32.13354031172099,9.391143771813256,2.674086470137908,-2.7010197242746856,2.6756821909004604,-2.740994262422399,7.182765228331647,-0.1657839325713545,3.5303666183452056,1.0152660624849137,1812.177598301589,31.561902685569173,25.221627404458427,26.038123985386154,21.511943432554773,15.285820805642722,16.102317386570448,13.146936561842404,14.262136433131651,9.944444951832658,10.973371808087734,7.882509311504706,8.941135578217294,-3.8899999999999992,8887910743.940876,29.800708698272793,10.87508775014415,5.479349286082666,262.3622103388155,20.517465459810342,22.41140850509633,0.0,12.358434587102614,0.0,6.176298517443475,9.6944469149223,4.983978520947208,23.41711521871015,11.336785877934735,6.06636706846161,73.76883997249628,60.587535813641146,11.807045837390806,17.96578232709628,50.632628809038806,5.261891554738487,24.75175502454258,5.414990469396779,76.29524434804662,30.770762002515003,45.96344644579019,0.0,6.069221312792274,15.950365812018994,24.937447201845984,0.0,11.336785877934735,63.739311120129486,24.304871618822983,23.669840536618164,53.80208628657381,24.26546827384644,0.0,21.11954556616642,0.0,110.9,12.597120140369483,23.227673881834768,0.0,21.872903744629383,27.676750687755348,86.93293985441227,11.126902983393991,13.1140390511388,6.06636706846161,60.51102488196135,0.0,41.28710917212486,1.05459566038865,23.05650183368655,21.080744663265488,4.331569399617899,0.9497717927562824,10.447148265112556,0.2047687157119222,5.473652169767121,1.6974716609020093,0.5,45,3,9,3,1,4,1,1,3,4,0,2,9,3,13,4,10,3,1,4,0,0,7.2018960468933475,8,5.717800000000006,168.24709999999965,0,0,0,0,0,3,0,0,0,0,1,1,0,0,0,5,3,0,0,0,1,0,0,0,0,3,0,1,0,2,1,0,0,0,1,0,2,0,0,0,0,0,0,0,3,0,0,0,0,0,0,0,0,0,0,0,0,1,0,0,0,0,0,0,0,0,0,0,0,1,0,0,0,0,0,0,0,0,0,0,0,0,1,0,0,CHEMBL5272148,CNc1nc(NC2CCN(Cc3ccc4c(cc(C#N)n4CC45CC(NC=O)(C4)C5)c3C)CC2)c2cc(CC(F)(F)F)sc2n1,0.5,-0.3010299956639812,CHEMBL2093861,Menin/Histone-lysine N-methyltransferase MLL,4,Large-Polar-Aromatic-Flexible-Hydrophobic,Large-Polar-Aromatic-Flexible-Hydrophobic
14.815316772848565,14.815316772848565,0.016067238509883,-4.884161879389882,0.2205445534134495,20.096153846153847,756.7659999999998,718.4619999999998,756.241625256,282,0,0.425230616209443,-0.4783043014520986,0.4783043014520986,0.425230616209443,1.0,1.6923076923076923,2.3076923076923075,32.133477796001365,9.79285739480162,2.55835349427315,-2.505010420098377,2.428991377778168,-2.6886365239120966,7.099055465787172,-0.1593621461029614,3.5734450865215717,1.4935375572974423,1774.2703327342672,38.061902685569166,28.59080828091351,29.40730486184124,24.385849683454076,16.61439440393976,17.494047215194648,13.126059445235084,14.037290371653562,9.211305431442424,10.164704418819683,6.643293612462109,7.320394274534491,-4.539999999999999,158289167521.6533,38.68535451032721,14.831258749636769,7.928580215892884,299.4713867033653,29.27998249499224,16.37617086026911,5.601050810983688,5.601050810983688,11.814359458703011,18.3219023228388,14.57305288909085,4.794537184071822,26.34249028604892,11.336785877934735,25.477292959539852,44.88821885061809,62.98472063464256,22.856130087225512,55.306355140705186,34.807836899273155,0.0,14.783797982648164,0.0,76.0510375767782,37.62369176041335,70.17600250155702,0.0,11.49902366656781,14.373635638450576,32.02987656073248,11.49902366656781,11.336785877934735,87.64171460482194,21.941671403030593,0.0,67.25308545194302,54.17195232446173,0.0,0.0,0.0,112.51,63.38425440975243,45.83262923310509,0.0,57.7357587316248,35.26087267728982,23.84011698215368,23.6472938610822,31.18920547353706,4.899909730850477,4.983978520947208,9.473725907600098,95.09271017979168,0.3750603050587437,47.9045649317324,10.71666527246242,-4.812247580234603,-2.7375369364204363,7.148421654518307,-7.282072320956207,5.261101160714348,0.0,0.4857142857142857,52,1,10,0,2,2,2,1,2,3,2,0,8,1,17,4,10,0,2,2,0,0,11.033701972386355,5,6.994000000000008,178.46329999999952,1,0,0,0,0,1,0,0,1,1,3,2,0,0,0,4,0,0,0,0,1,0,0,0,0,6,0,2,0,1,0,0,0,0,1,0,0,0,0,0,0,2,0,0,6,0,0,0,0,0,0,0,0,0,0,0,0,0,0,0,0,0,0,0,2,0,0,0,0,1,1,0,0,1,0,0,0,0,0,0,0,0,1,0,0,CHEMBL3805499,CCC[C@H]1N(C(=O)c2cnccc2C(F)(F)F)CCC[C@@]1(Oc1csc(C(F)(F)F)c1)C(=O)N1CCN(c2ccccc2OC(C)(C)C(=O)O)CC1,11.0,1.0413926851582251,CHEMBL1907611,Tumour suppressor p53/oncoprotein Mdm2,4,Large-Polar-Aromatic-Flexible-Hydrophobic,Large-Polar-Aromatic-Flexible-Hydrophobic
13.485604713123152,13.485604713123152,0.1882504888306206,-4.251282259179985,0.4269994810863909,25.363636363636363,482.5220000000002,459.33800000000014,482.156358836,176,0,0.3933283894768193,-0.3666989213385345,0.3933283894768193,0.3666989213385345,0.9696969696969696,1.7272727272727273,2.4545454545454546,32.13353953160616,9.9064919403458,2.3996692210824064,-2.3006051349769647,2.420364433484269,-2.381117588310668,7.182462085869057,-0.126138825176565,3.3924053916390102,1.144618425295005,1139.572445215189,23.164561460070644,17.631290956335835,18.44778753726356,15.74813469538032,11.026785384565736,11.843281965493464,8.927556384840397,10.042756256129644,6.435174058990457,7.478223077666947,4.6962867111608775,5.722646135658125,-2.33,38415218.705516286,22.461625669327407,8.791162250247277,5.267467103503454,191.17992342275215,10.633577208012662,16.975579272220138,11.634441682091788,0.0,0.0,6.176298517443475,0.0,18.748787137244054,13.17124514302446,11.336785877934735,6.06636706846161,55.866660811711874,28.920575727306577,11.807045837390806,21.9520752383741,27.371269289855128,0.0,15.284745645900744,0.0,68.74465678860481,5.316788604006331,52.66782871610106,0.0,0.0,10.633577208012662,27.76993801620913,0.0,11.336785877934735,34.269778046781774,6.4208216229260096,11.634441682091788,48.46261284618974,30.59278834861098,0.0,10.216620634085364,0.0,49.84,24.231561822461273,21.9520752383741,0.0,22.878734898158612,22.076324241068352,49.004345484261776,24.52642128014937,6.06636706846161,0.0,20.601534249907075,0.0,64.87316507184163,1.0490455791662954,9.185841561850106,7.678730594986838,0.8288762219893417,-0.8279202634964951,6.480369539423604,0.8152250275720208,0.0,0.0,0.4782608695652174,33,2,4,2,0,2,0,1,2,3,2,0,5,2,10,2,6,2,0,2,0,0,5.983751383738677,5,5.943100000000004,117.48040000000006,0,0,0,0,0,2,0,0,0,0,0,0,0,0,0,2,2,0,0,0,0,0,0,0,0,3,0,0,0,1,0,0,0,0,1,0,1,0,0,0,0,0,0,0,5,0,0,0,0,0,0,0,0,0,0,0,0,0,0,0,0,0,0,0,0,0,0,0,0,0,0,0,0,0,0,0,0,0,0,0,0,0,1,0,0,CHEMBL4533143,Fc1ccc([C@@H]2C[C@H]2N[C@H]2CC[C@@H](Nc3ncnc4sc(CC(F)(F)F)cc34)CC2)cc1F,66.13,1.8203985227039816,CHEMBL6136,Lysine-specific histone demethylase 1,4,Large-Polar-Aromatic-Rigid-Hydrophobic,Large-Polar-Aromatic-Rigid-Hydrophobic
15.603018365946756,15.603018365946756,0.1386971125744909,-0.3649235295729653,0.3529332420694528,16.625,569.085,534.8130000000002,568.2477282280001,212,0,0.2508237854553294,-0.3932126189661752,0.3932126189661752,0.2508237854553294,1.075,1.8,2.525,35.49569778474219,10.006694828714714,2.2146949847479154,-2.350724170965377,2.3728031870450823,-2.4429402587835978,6.319281556072489,0.0382994424788307,2.9704039437146768,1.361627912541985,1328.6299522567165,28.061902685569173,22.49836346982845,23.254292415846905,19.38505048855872,13.375761286406124,13.75372575941535,9.9785526804924,10.336565767942718,7.293079205074325,7.594269275739482,4.849872622179536,4.983019472089313,-3.5099999999999993,1176735455.333357,28.03433821644353,12.773437012996975,6.611715650010331,237.81551559341636,30.90392710067585,17.831927190493996,10.97097259472782,0.0,5.907179729351506,0.0,9.6944469149223,14.358372089569237,0.0,0.0,23.733674027155736,36.876591748220626,63.48495423069458,24.58853647839296,13.921815185546691,40.38814122146974,0.0,25.0845651076017,0.0,0.0,88.56985297102263,59.25930463516988,0.0,11.126902983393991,21.267154416025324,27.270436649560533,0.0,11.600939890232516,98.2944433919505,4.736862953800049,5.817220841045894,10.357988675768818,42.725522485534206,5.153109816892792,11.126902983393991,0.0,111.88,0.0,4.794537184071822,4.39041504767482,22.564896661973755,40.42774620820572,59.02705877041385,12.393687143226153,30.33183534230805,0.0,42.34893542513569,22.071470321194752,20.96339238731591,6.11640552186152,27.46491746093225,6.3484703595050425,9.229258041823352,-0.1832562187087572,10.212444917926277,1.3251115506443474,7.733740255593064,2.0672935008847677,0.3928571428571428,40,4,10,0,2,2,1,2,1,3,0,0,9,3,12,3,8,0,2,2,0,0,8.952371335219887,5,3.0757000000000003,155.87529999999975,0,0,0,1,0,2,0,0,0,0,1,1,0,0,0,5,2,1,0,1,0,0,0,0,0,0,0,1,0,4,0,0,0,0,2,0,0,0,0,0,0,1,0,0,2,0,0,0,0,0,0,0,0,0,0,0,1,0,0,0,0,0,0,0,0,0,0,0,0,0,1,0,0,0,0,0,0,0,0,0,0,0,0,0,0,CHEMBL5094109,CN1CCN(c2cc(F)c(-c3ccc(C(=O)NCCN4CCOCC4)cc3)cc2Nc2ncnc(Cl)c2N)CC1,23100.0,4.363611979892144,CHEMBL3706572,MOLM-13,4,Large-Polar-Aromatic-Flexible-Hydrophobic,Large-Polar-Aromatic-Flexible-Hydrophobic
13.197650856638951,13.197650856638951,0.0060905218568914,-2.1435823718963145,0.2731343816639159,35.4,419.5180000000001,386.25400000000013,419.23078777599994,166,0,0.3355429822312236,-0.5110166615872981,0.5110166615872981,0.3355429822312236,1.2,1.8333333333333333,2.433333333333333,16.408117686511236,9.63833574350708,2.516425811862117,-2.4083815341766157,2.4641652542133072,-2.4947289440109737,6.264242693777025,-0.1662884297643832,2.8978140467432376,1.965134373911247,799.5150416299331,22.377950698581348,18.167935312841166,18.167935312841166,14.001630868142184,10.88858658528101,10.88858658528101,9.526545666816997,9.526545666816997,7.517112732448337,7.517112732448337,5.415027656228436,5.415027656228436,-2.15,3468396.530361028,22.533316077876822,8.174217597660055,3.5719922699487414,176.99837924652144,20.219491915372593,11.332269401725442,11.384295757348628,0.0,5.907179729351506,5.969305287951848,9.589074368143644,4.794537184071822,0.0,0.0,45.76489505859165,36.51326743049759,19.38639965176459,6.041840829147961,29.703193736737585,17.659729963668294,0.0,4.899909730850477,29.589530230806965,64.51821135383358,7.04767198267719,23.484309615393204,0.0,0.0,0.0,0.0,0.0,0.0,56.569785501849715,14.383611552215466,29.589530230806965,52.87531971370193,23.484309615393204,0.0,0.0,0.0,115.14,41.641349272887346,29.703193736737585,0.0,29.085987540209626,5.917906046161393,30.583196222554516,7.04767198267719,13.847474399381248,6.923737199690624,12.152040213667762,0.0,0.0,0.0,38.97364924001322,31.326276287699237,-2.3838894391676675,-3.2515729453193387,-1.115980043251869,8.018079893353821,5.09872289417574,1.418047445830184,0.6956521739130435,30,3,7,2,1,3,1,0,0,0,6,0,5,3,7,1,5,1,1,2,0,0,6.139740960580566,3,2.698500000000001,110.50240000000008,1,2,1,0,0,0,0,0,1,1,3,2,0,0,0,1,0,0,0,1,1,0,0,0,0,0,3,1,0,0,0,0,0,0,0,0,1,0,0,0,0,0,0,0,0,0,0,0,0,0,0,1,1,0,0,0,0,0,0,0,0,0,0,0,0,0,0,0,0,0,0,0,0,0,0,0,0,0,0,0,0,0,0,0,0,CHEMBL1097925,CC(C)[C@@](O)(C[C@H]1C(=O)/C(=C(\O)[C@H]2[C@@H]3CCCC[C@H]3C=C[C@H]2C)C(=O)N1C)C(=O)O,200.0,2.3010299956639813,CHEMBL1075137,Proteasome assembly chaperone 3,4,Large-Polar-Aliphatic-Flexible-Hydrophilic,Other
11.301610315094884,11.301610315094884,0.2029479130080578,-1.2327711975471856,0.2098553498232878,24.846153846153847,561.0430000000005,527.7790000000005,560.226243836,210,0,0.3200187084936397,-0.4800858278476824,0.4800858278476824,0.3200187084936397,1.205128205128205,2.0,2.7435897435897436,35.49569239543503,9.973658288478545,2.4492457312396927,-2.420474970970425,2.325824131136319,-2.524706577582793,6.301518865812374,-0.1383564870813823,3.42555164080888,1.229933751448148,1304.4585189974148,27.68106931801569,21.25203465039717,22.007963596415625,18.689580941199036,12.814149366090096,13.192113839099324,10.31225517556887,10.748690956040855,7.354513761898277,7.589610864686016,5.302873465927818,5.515758516489067,-2.91,514164226.47695816,27.649132261715213,11.679100368392616,6.142338570994718,229.50624854969192,36.423689823497014,36.19776078477367,17.692941169337626,0.0,0.0,5.969305287951848,14.261546562713654,14.951935562841625,0.0,0.0,23.733674027155736,30.034913297707615,44.29117174921677,6.3273200747645415,24.85098232239399,34.55198589440338,0.0,29.318854672333934,11.651573523323576,43.54721919196632,38.45744950672506,47.50619322881384,0.0,0.0,11.46733495432437,5.817862777835028,0.0,11.600939890232516,107.68526416676364,16.076156543784446,5.917906046161393,18.212174285357875,36.92010842337552,5.022633313741326,11.16387793838399,0.0,189.11,36.55094645107958,20.11411936859394,0.0,18.783440806673617,35.19393011011186,25.197720709434723,17.22173979732044,0.0,24.26546827384644,24.75175502454258,27.805137798356935,7.650547257597013,6.106895662440477,28.02188031903396,31.666052707878677,13.561543125743007,-0.5109892007293595,6.791524461268782,-1.0787516428899262,3.902408420768475,0.0,0.52,39,7,13,0,2,2,0,1,2,3,5,0,12,5,14,4,11,0,2,2,0,0,8.279922840603444,5,-0.0828999999999956,142.54619999999989,1,2,2,1,0,4,0,0,1,1,1,0,0,0,0,6,0,2,0,0,1,0,0,0,0,0,0,0,0,1,0,0,0,0,1,0,1,0,0,0,0,1,0,0,1,0,0,1,0,0,0,0,0,0,0,0,0,0,0,0,0,0,0,0,0,0,0,0,0,0,0,0,0,0,0,0,0,0,0,0,0,0,0,0,0,CHEMBL4637676,Nc1ncnc2c1ncn2[C@@H]1O[C@H](CN(CC[C@H](N)C(=O)O)CC2CN(Cc3cccc(Cl)c3)C2)[C@@H](O)[C@H]1O,99.5,1.9978230807457256,CHEMBL4106124,MLL1-ASH2L/RbBP5/WDR5/DPY30,4,Large-Polar-Aromatic-Flexible-Hydrophilic,Other
14.298923493096725,14.298923493096725,0.061095190013561,-4.259786412928535,0.3696521574415708,15.735294117647058,488.5140000000002,468.35400000000016,488.1406285199999,176,0,0.3933283894768193,-0.3666015730521101,0.3933283894768193,0.3666015730521101,1.1764705882352942,1.9705882352941175,2.7058823529411766,32.13353956898044,10.033652022270116,2.290567893239309,-2.323094678201507,2.3292122352979048,-2.3836672971420483,7.182468431693833,-0.1261387477548581,3.342722683840834,1.2208516181776226,1378.1193541170155,23.871668241257193,17.91570286675765,18.73219944768537,16.286139497841102,10.781294735481662,11.597791316409388,8.446251091064335,9.561450962353584,6.001136648639435,7.044185667315926,4.373717773295197,5.4000771977924416,-3.229999999999998,60961193.472533084,22.55671145914783,8.848799811640356,4.691303959397571,195.78371106537548,10.300767124953538,23.044800585012407,11.511148835894357,0.0,0.0,6.176298517443475,4.899909730850477,14.358372089569237,18.433136697762947,11.336785877934735,6.06636706846161,36.60419594293385,41.45618217266804,11.807045837390806,17.56166019069928,38.274194221936185,5.261891554738487,19.8518452936921,0.0,38.02536062128204,18.40630141583148,52.544535869903626,0.0,6.069221312792274,5.316788604006331,23.37952296853431,0.0,11.336785877934735,45.15949745210869,12.965578028838586,17.148333708576654,28.976169926098773,30.59278834861098,0.0,21.11954556616642,0.0,80.63000000000001,18.41434098141538,17.56166019069928,0.0,16.61291601769772,33.48216474991402,42.8313934273089,12.393687143226153,12.13273413692322,12.135588381253884,25.16863389769843,5.261891554738487,52.60130519876692,1.040497739881857,14.209615357796862,13.41957107475722,1.5064697730906298,0.0417140276367609,8.987509389256086,-2.177876065737075,2.287860171217404,0.0,0.3478260869565217,34,2,6,0,1,1,0,1,3,4,0,0,6,2,11,4,5,0,1,1,0,0,5.87058306208627,5,5.3646800000000034,122.06740000000003,0,0,0,0,0,3,1,0,0,0,0,0,0,0,0,4,2,0,0,0,1,1,0,0,0,3,0,0,0,1,0,0,0,0,1,0,2,0,0,0,0,0,0,0,4,0,0,0,0,0,0,0,0,0,0,0,0,1,0,0,0,0,0,0,0,0,0,0,0,1,0,0,0,0,0,0,0,0,0,0,0,0,1,0,0,CHEMBL3780078,N#Cc1[nH]c2ccc(CN3CCC(Nc4ncnc5sc(CC(F)(F)F)cc45)CC3)cc2c1F,96.0,1.9822712330395684,CHEMBL2093861,Menin/Histone-lysine N-methyltransferase MLL,4,Large-Polar-Aromatic-Rigid-Hydrophobic,Large-Polar-Aromatic-Rigid-Hydrophobic
11.265698246563767,11.265698246563767,0.2109445999423329,-1.2161836946959468,0.2096015581449979,25.62162162162162,532.6270000000004,500.3710000000004,532.2216371239999,200,0,0.3200187084936397,-0.4800858278476824,0.4800858278476824,0.3200187084936397,1.2432432432432432,2.054054054054054,2.783783783783784,32.133388263488754,9.977280071753205,2.449156187643787,-2.418933611477435,2.325407000649829,-2.5244217678662717,7.074886405905987,-0.1383561216219584,3.5759979340524324,1.237550773489052,1203.190414541911,26.103719048826065,20.20496819866218,21.021464779589905,17.795734091081684,12.185888047853556,13.12869708943562,9.813932952145931,10.593966266493265,7.045586235324064,7.777636032718273,5.050170641324119,5.709993430963183,-2.72,239946818.71244496,25.909771938387227,10.948186633084958,5.596228483969722,216.84334559322176,36.423689823497014,36.19776078477367,17.692941169337626,0.0,0.0,5.969305287951848,14.261546562713654,14.951935562841625,11.336785877934735,0.0,0.0,34.72867177017784,39.26853843547545,6.3273200747645415,24.85098232239399,34.2878318821056,0.0,29.318854672333934,11.651573523323576,43.54721919196632,38.45744950672506,35.044584250619515,0.0,0.0,11.46733495432437,5.817862777835028,0.0,11.336785877934735,107.68526416676364,16.076156543784446,5.917906046161393,18.212174285357875,29.481132758922524,0.0,11.16387793838399,0.0,189.11,36.55094645107958,20.11411936859394,0.0,12.238684400761038,36.71605320228311,19.634269217737724,18.21809164122608,15.90388552572609,0.0,41.578247633936016,16.20419790812442,7.652662528535544,1.6859125855838777,28.05625729249807,35.09460264793676,13.719336154196736,-0.4393882875878363,1.149366061229524,-0.970137985297246,4.218055669571238,0.0,0.5652173913043478,37,7,13,0,2,2,0,0,3,3,5,0,13,5,14,5,11,0,2,2,0,0,7.666622129787319,5,-0.6747999999999963,135.4132,1,2,2,1,0,4,0,0,1,1,1,0,0,0,0,6,0,2,0,0,1,0,0,0,0,0,0,0,0,1,0,0,0,0,0,0,1,0,0,0,0,1,0,0,0,0,0,1,0,0,0,0,0,0,0,0,0,0,0,0,0,0,0,0,0,0,0,0,0,0,0,0,0,0,0,0,0,0,0,0,0,0,1,0,0,CHEMBL4648206,Nc1ncnc2c1ncn2[C@@H]1O[C@H](CN(CC[C@H](N)C(=O)O)CC2CN(Cc3ccsc3)C2)[C@@H](O)[C@H]1O,15.2,1.1818435879447726,CHEMBL4106124,MLL1-ASH2L/RbBP5/WDR5/DPY30,4,Large-Polar-Aromatic-Flexible-Hydrophilic,Other
12.868056539493317,12.868056539493317,0.0285306580465825,-4.257313549353457,0.2537792164944838,16.048780487804876,586.684,553.4200000000001,586.233779956,218,0,0.3933283894768193,-0.3936036627392962,0.3936036627392962,0.3933283894768193,1.195121951219512,1.975609756097561,2.658536585365854,32.133540028217794,10.033923193983792,2.291468923717605,-2.323346567263644,2.3301545713271934,-2.3836819252598325,7.182477793790707,-0.1261416183603921,3.4827556806292055,1.2090022885806966,1535.3544136821026,29.147689123196077,22.986678245154177,23.8031748260819,19.611838000536583,13.691933535798318,14.508430116726045,10.77510433397963,11.890304205268878,7.22448770792473,8.267536726601218,5.432518650653573,6.45887807515082,-3.2399999999999984,1479351435.028374,29.25917059350274,12.324120848881853,7.160174776068164,239.92557881712713,19.72727860043844,28.738728579860872,0.0,0.0,0.0,6.176298517443475,4.899909730850477,9.967957041894415,18.433136697762947,11.336785877934735,6.06636706846161,56.51803741077669,41.45618217266803,37.166616983312906,23.014635491665217,38.274194221936185,5.261891554738487,19.43496642053625,0.0,70.62552420207246,25.0131833803444,52.79368209731934,0.0,6.069221312792274,5.316788604006331,18.98910792085949,0.0,11.336785877934735,68.66396071380305,24.24719738855121,11.33111286753076,42.82364432548002,36.65915541707259,0.0,21.119545566166423,0.0,99.23,18.701086528117788,23.53966409260365,0.0,23.62983637511048,28.273167812681425,60.27907476530253,6.3273200747645415,6.06636706846161,30.547308184095822,38.386610826466715,4.736862953800049,46.301627007762235,1.0563533453323497,11.6533867960207,24.51446684481222,2.613415004887053,0.5866817989316011,12.075307140958088,-2.4939376926397285,6.609366420602155,0.0,0.4827586206896552,41,2,8,0,1,1,0,1,3,4,1,0,9,2,12,4,10,0,1,1,0,1,8.794964739814096,5,5.484880000000005,152.84349999999978,0,1,1,0,0,3,0,0,0,0,0,0,0,0,0,5,1,0,0,0,1,0,0,0,0,3,0,0,0,1,0,0,0,0,1,0,2,0,0,0,0,1,0,0,3,0,0,0,0,0,0,0,0,0,0,0,0,1,0,0,0,0,0,0,0,0,0,0,0,1,0,0,0,0,0,0,0,0,0,0,0,0,1,0,0,CHEMBL3780196,CC(C)OC(CO)Cn1c(C#N)cc2cc(CN3CCC(Nc4ncnc5sc(CC(F)(F)F)cc45)CC3)ccc21,23.0,1.3617278360175928,CHEMBL2093861,Menin/Histone-lysine N-methyltransferase MLL,4,Large-Polar-Aromatic-Flexible-Hydrophobic,Large-Polar-Aromatic-Flexible-Hydrophobic
14.296547811656035,14.296547811656035,0.0,-4.8255757964023065,0.2702821622209597,18.74468085106383,687.0810000000001,653.8170000000002,686.2094525360001,254,0,0.4167980742778372,-0.4917077266063734,0.4917077266063734,0.4167980742778372,0.8723404255319149,1.553191489361702,2.1914893617021276,35.45300233372447,9.892289822142114,2.492216786942196,-2.4545890132797084,2.365922727012403,-2.63951197116735,5.964533889888646,-0.1527296279611374,3.039686820823083,4.999984769381536e-06,1547.5341543335685,33.11430892837647,25.312696664139324,26.12919324506705,21.820465542551865,14.751388687759036,14.751388687759036,11.047754459536868,11.047754459536868,8.056304718005574,8.056304718005574,5.851306336710625,5.851306336710625,-4.2,11705485915.007456,35.65047958658301,14.281892595298888,7.857005615124287,273.2036502612804,24.173455100151532,11.49902366656781,0.0,5.601050810983688,11.814359458703011,12.35259703488695,14.573052889090851,0.0,26.34249028604892,12.407033161179976,12.13273413692322,62.22994992477391,45.11746917278902,35.52937912020004,45.40529056179267,29.908778894566552,0.0,14.783797982648162,0.0,37.71902829141328,50.77533013083884,83.68134523447164,0.0,11.49902366656781,14.373635638450576,32.02987656073248,11.49902366656781,12.407033161179976,78.07462865232324,17.147134218958772,0.0,41.25027210470545,66.99099075938065,0.0,0.0,0.0,75.21000000000001,53.00311818557721,35.93156465419256,0.0,50.63245745805362,31.512273678083584,47.246451422606626,0.0,4.899909730850477,31.18920547353706,9.883888251797686,9.473725907600098,92.83841079307592,0.0,36.25209668375999,0.0,-3.657368460498992,-0.8381721764762846,12.015268184343867,-7.373047549450943,3.3461458585797867,0.0,0.40625,47,0,8,0,2,2,2,2,1,3,1,0,6,0,15,3,7,0,2,2,0,1,10.833113200563275,5,6.342300000000007,162.83149999999964,0,0,0,0,0,1,0,0,0,0,2,2,0,0,0,4,0,0,0,0,1,0,0,0,0,6,0,2,0,1,0,0,0,0,2,0,0,0,0,0,0,2,0,0,7,0,0,0,0,0,0,0,0,0,0,0,0,0,0,0,0,0,0,0,2,0,0,0,0,1,1,0,0,1,0,0,0,0,0,0,0,0,0,0,0,CHEMBL3112806,CCOc1ccccc1N1CCN(C(=O)C2(Oc3ccc(C(F)(F)F)cc3)CCCN(C(=O)c3cnccc3C(F)(F)F)C2)CC1.Cl,590.0,2.770852011642144,CHEMBL1907611,Tumour suppressor p53/oncoprotein Mdm2,4,Large-Polar-Aromatic-Flexible-Hydrophobic,Large-Polar-Aromatic-Flexible-Hydrophobic
14.904067856921618,14.904067856921618,0.0193310967887259,-4.980385499182299,0.1516860488105238,19.547169811320753,770.7929999999997,730.4729999999997,770.25727532,288,0,0.425230616209443,-0.4890241713984007,0.4890241713984007,0.425230616209443,1.0566037735849056,1.7924528301886793,2.4339622641509435,32.13347786244813,9.792571394493995,2.5612483422002805,-2.5050330186397565,2.435673624693227,-2.6887306075516455,7.099054877243063,-0.1592907408516982,3.62010726363891,1.541761379352597,1745.3715755093638,38.39032981031535,28.91923540565969,29.735731986587417,25.244715806057023,17.073470850500037,17.953123661754933,12.497688555282696,13.408919481701172,9.096484939538149,10.04988392691541,6.825706188672476,7.502806850744858,-4.51,366751675729.95825,39.69203610619788,16.660675425916047,8.665954194700287,306.09874891504074,34.01684544879229,35.15338628099194,0.0,11.48103914741906,11.814359458703011,12.35259703488695,9.589074368143644,4.983978520947208,26.34249028604892,11.336785877934735,38.132248749972234,31.040744451236847,56.78787706302948,23.899560560041436,55.248680910433414,28.838531611321308,0.0,14.783797982648164,0.0,56.602512366413265,57.4443376539521,76.63411472037633,0.0,17.37901200300318,19.110498592250625,32.02987656073248,17.37901200300318,11.336785877934735,95.89200439942516,17.147134218958772,0.0,53.40561105256178,60.63006454328103,0.0,0.0,0.0,104.67,57.69388664725226,41.03809204903327,0.0,64.4668918133384,42.66299921443141,28.23056941607464,10.975929837684358,19.056471336613846,17.032643867773697,11.562914204545706,14.210588861400147,101.76532319720246,0.3811247779622368,36.95625515635873,10.388726389828818,-3.359530613443042,-1.978634261854997,7.465428065308189,-7.014380637876491,5.812354593180763,0.0,0.4722222222222222,53,1,10,0,2,2,2,1,2,3,2,0,9,1,17,4,13,0,2,2,0,0,12.477285482247236,5,6.687900000000009,184.39329999999944,0,1,1,0,0,1,0,0,0,0,2,2,0,0,0,4,0,0,0,0,1,0,0,0,0,6,0,2,0,1,0,0,0,0,1,0,0,0,0,0,0,3,0,0,6,0,0,0,0,0,0,0,0,0,0,0,0,0,0,0,0,0,0,0,2,0,0,0,0,1,1,0,0,1,0,0,0,0,0,0,0,0,1,0,0,CHEMBL5177933,C=CCOc1nccc(C(F)(F)F)c1C(=O)N1CCC[C@@](Oc2csc(C(F)(F)F)c2)(C(=O)N2CCN(c3ccccc3OCCO)CC2)[C@H]1CCC,28.0,1.4471580313422192,CHEMBL1907611,Tumour suppressor p53/oncoprotein Mdm2,4,Large-Polar-Aromatic-Flexible-Hydrophobic,Large-Polar-Aromatic-Flexible-Hydrophobic
12.7442140436488,12.7442140436488,0.2744091392997874,-4.213933074026671,0.5126647537764448,26.161290322580644,446.5420000000002,421.3420000000002,446.17520246,164,0,0.3933283894768193,-0.3666989213385345,0.3933283894768193,0.3666989213385345,1.0,1.7419354838709675,2.4838709677419355,32.13353933016592,9.906523323612014,2.3941114606190697,-2.300575041141156,2.4148746331515287,-2.381030868196137,7.1824596730958215,-0.1261375430393344,3.3824675835075997,1.1532906330225328,1028.227662099025,21.424074484064487,17.030062548696634,17.84655912962436,14.943604242740008,10.82147064236688,11.637967223294606,8.6646938253972,9.779893696686443,6.291089228130919,7.334138246807412,4.653502329382135,5.679861753879374,-2.1899999999999995,18601623.407963697,20.698209348830897,8.390290571407741,5.009876166084452,182.84885261689973,10.633577208012662,16.975579272220138,0.0,0.0,0.0,6.176298517443475,0.0,9.967957041894415,13.17124514302446,11.336785877934735,30.33183534230805,43.73392667478865,28.920575727306577,11.807045837390806,13.17124514302446,27.371269289855128,0.0,15.284745645900744,0.0,68.74465678860481,5.316788604006331,53.1661211709325,0.0,0.0,10.633577208012662,18.98910792085949,0.0,11.336785877934735,34.269778046781774,6.4208216229260096,0.0,48.46261284618974,42.725522485534206,0.0,10.216620634085364,0.0,49.84,12.597120140369483,13.17124514302446,0.0,10.91898802284926,34.03607111637771,37.020072369638775,18.311593189387544,6.06636706846161,0.0,50.93336959221513,0.0,38.2326421309464,1.0916885029616306,9.357525881000186,7.98330820644788,1.420172518285638,1.2854206816663458,13.654644639854556,1.724597438837366,0.0,0.0,0.4782608695652174,31,2,4,2,0,2,0,1,2,3,2,0,5,2,8,2,6,2,0,2,0,0,5.602064217565142,5,5.664900000000003,117.56440000000003,0,0,0,0,0,2,0,0,0,0,0,0,0,0,0,2,2,0,0,0,0,0,0,0,0,3,0,0,0,1,0,0,0,0,1,0,1,0,0,0,0,0,0,0,3,0,0,0,0,0,0,0,0,0,0,0,0,0,0,0,0,0,0,0,0,0,0,0,0,0,0,0,0,0,0,0,0,0,0,0,0,0,1,0,0,CHEMBL4474185,FC(F)(F)Cc1cc2c(N[C@H]3CC[C@H](N[C@@H]4C[C@H]4c4ccccc4)CC3)ncnc2s1,303.35,2.481943999280067,CHEMBL6136,Lysine-specific histone demethylase 1,4,Large-Polar-Aromatic-Rigid-Hydrophobic,Large-Polar-Aromatic-Rigid-Hydrophobic
14.974316130404157,14.974316130404157,0.0130110784232531,-4.973074936068164,0.1948490096683152,19.472727272727273,801.851,756.4909999999998,801.2994744800001,302,0,0.425230616209443,-0.4890241713984007,0.4890241713984007,0.425230616209443,1.0,1.7272727272727273,2.363636363636364,32.13347800436417,9.792570669486626,2.5614224570229354,-2.5050568325856664,2.4358530109153373,-2.6887411411866635,7.09905658970828,-0.1592913625127217,3.62889583201251,1.5361003990226998,1766.367264152818,39.96768007950497,30.789098731970036,31.60559531289776,26.10055785371359,17.967629226589068,18.84728203784396,13.549746824536754,14.46097775095523,9.53586323704051,10.48926222441777,7.012738472342498,7.689839134414879,-4.289999999999999,818876373660.3713,41.86467337942895,17.66564916780574,9.574665375530929,318.913127731825,38.91675517964276,35.15338628099194,0.0,11.48103914741906,11.814359458703011,12.35259703488695,9.589074368143644,4.983978520947208,26.34249028604892,11.336785877934735,25.477292959539852,45.13608841659123,63.332633468942056,23.899560560041436,55.248680910433414,28.838531611321308,0.0,19.68370771349864,0.0,56.602512366413265,78.08443802521906,63.97915892994394,0.0,17.37901200300318,19.110498592250625,32.02987656073248,17.37901200300318,11.336785877934735,121.43201450154262,17.147134218958772,0.0,53.405611052561774,47.97510875284865,0.0,0.0,0.0,107.91,57.69388664725227,41.03809204903327,0.0,64.4668918133384,49.20775562034398,23.330659685224163,9.799819461700954,38.0517250328187,17.032643867773697,4.983978520947208,14.210588861400147,102.6140307495202,0.3877039171787388,39.0560797579348,10.418162271130337,-3.2938800799160575,-1.8828999395881063,7.526831047315514,-8.225982131957304,2.8319678212185453,3.484653253829989,0.5405405405405406,55,1,11,0,2,2,2,1,2,3,2,0,10,1,18,4,14,0,2,2,0,0,13.446666044468513,5,6.063500000000007,192.75029999999944,0,1,1,0,0,1,0,0,0,0,2,2,0,0,0,5,0,0,0,1,1,0,0,0,0,6,0,2,0,1,0,0,0,0,1,0,0,0,0,0,0,3,0,0,6,0,0,0,0,0,0,0,0,0,0,0,0,0,0,0,0,0,0,0,2,0,0,0,0,1,1,0,0,1,0,0,0,0,0,0,0,0,1,0,0,CHEMBL5189775,CCC[C@H]1N(C(=O)c2c(C(F)(F)F)ccnc2OCCN(C)C)CCC[C@@]1(Oc1csc(C(F)(F)F)c1)C(=O)N1CCN(c2ccccc2OCCO)CC1,10.0,1.0,CHEMBL1907611,Tumour suppressor p53/oncoprotein Mdm2,4,Large-Polar-Aromatic-Flexible-Hydrophobic,Large-Polar-Aromatic-Flexible-Hydrophobic
13.39399814037771,13.39399814037771,0.0910828894173689,-1.0163459193055944,0.1445928906058353,16.708333333333332,666.8240000000001,616.4240000000001,666.3853313200001,262,0,0.2431240963442728,-0.350903295282632,0.350903295282632,0.2431240963442728,0.9375,1.6666666666666667,2.3125,16.17288456553157,9.972471968893794,2.367626700736646,-2.2850576811527605,2.1873227912971185,-2.5634554041585185,5.95142324812407,-0.1398941702290742,3.768332583735946,1.538581474153452,1383.168837664531,35.21660322394842,28.506324682740612,28.506324682740612,22.887156906157266,16.656173657567276,16.656173657567276,12.75116912114782,12.75116912114782,8.357940750673588,8.357940750673588,5.426066115076962,5.426066115076962,-4.75,26192394923.79747,37.705297457342574,18.552220931920452,11.494127922601452,281.51330462241395,36.46783127182934,24.16736331659184,0.0,35.443078376109035,0.0,0.0,28.76722310443093,4.983978520947208,0.0,0.0,64.44760576399656,37.164644029562425,32.127999629290244,18.566004475525578,28.76722310443093,35.443078376109035,0.0,41.45180979277655,11.835812092322788,97.43491383558758,13.08951281182515,54.11337847523112,0.0,0.0,26.583943020031658,0.0,0.0,0.0,87.56782127727092,41.73280113326951,11.835812092322788,71.5593519767026,42.85599898868567,0.0,0.0,0.0,194.49,47.79608223399786,28.76722310443093,0.0,43.03657120279039,38.04590567545164,5.563451491696996,18.150967005305645,6.196843571613076,58.02678414107054,36.55190006192607,0.0,0.0,0.0,86.45095605550301,13.643875950445844,1.5009167015790983,-2.689308847993569,5.936743933269922,5.124422005812425,9.365727534716582,0.0,0.5588235294117647,48,6,14,0,1,1,6,1,1,2,5,0,7,6,14,2,17,0,1,1,0,0,14.57327101525829,3,0.9423000000000076,178.70119999999957,0,0,0,0,0,2,1,0,0,0,6,6,0,0,0,2,6,0,0,0,1,1,0,0,0,0,0,6,0,0,0,0,0,0,1,0,0,0,0,0,0,0,0,0,0,0,0,1,0,0,0,0,0,0,0,0,0,0,0,0,0,0,0,0,0,0,0,0,0,0,0,0,0,0,0,0,0,0,0,0,0,0,0,0,0,CHEMBL1790316,CC[C@H](C)[C@H](NC(=O)[C@@H]1CCCN1C(=O)CNC(=O)[C@H](C)NC(=O)[C@H](Cc1c[nH]cn1)NC(=O)CC(C)C)C(=O)NCc1ccccc1,6000.0,3.7781512503836434,CHEMBL1949,Cyclophilin A,4,Large-Polar-Aromatic-Flexible-Hydrophilic,Other
15.09076292738197,15.09076292738197,0.0268702994219316,-5.070791182288874,0.2296328637749341,20.18,731.7309999999998,695.4429999999999,731.226389792,272,0,0.425230616209443,-0.4890241713984007,0.4890241713984007,0.425230616209443,0.98,1.7,2.34,32.13347767744619,9.79214837573063,2.559770526480652,-2.5051085427528075,2.4304761473807597,-2.6889403371978307,7.0990506335261925,-0.1592954313394298,3.563498540906848,1.5175243842873127,1658.2659438166577,36.26900946675572,27.027524430332008,27.844021011259738,23.70671100359624,16.093360006681195,16.973012817936088,12.02174036600601,12.932971292424488,8.855997137272151,9.809396124649412,6.670637295317053,7.347737957389435,-4.049999999999999,82085850488.92834,37.2112211811411,15.05191989896683,7.64949057443588,287.52586779650807,29.27998249499224,28.80027366582792,0.0,5.601050810983688,11.814359458703011,12.35259703488695,9.589074368143644,4.39041504767482,26.34249028604892,11.336785877934735,31.54366002800146,37.10711151969846,50.5910334914164,29.46301205173843,54.90223300430819,28.838531611321308,0.0,9.799819461700954,0.0,56.602512366413265,50.83745568943918,75.73227033629998,0.0,11.49902366656781,14.373635638450576,36.420291608407304,11.49902366656781,11.336785877934735,84.30114391396503,17.147134218958772,5.817220841045894,53.405611052561774,53.910999318158794,0.0,0.0,0.0,82.55000000000001,57.63111915186279,41.03809204903327,4.39041504767482,57.86000984882549,42.66299921443141,34.16645998138478,4.899909730850477,25.122838405075452,10.966276799312087,0.0,9.473725907600098,109.85466628952187,0.3568229175589779,32.19266348285987,10.315440754001717,-3.9530459683440418,-3.0748697859779357,8.831305286143433,-9.449199058140282,2.342882749043044,0.0,0.4705882352941176,50,1,8,0,2,2,2,2,1,3,2,0,7,1,16,3,10,0,2,2,0,0,11.202006411225472,5,6.867200000000008,170.86429999999956,0,1,1,0,0,0,0,0,0,0,2,2,0,0,0,3,0,0,0,0,1,0,0,0,0,6,0,2,0,1,0,0,0,0,2,0,0,0,0,0,0,2,0,0,7,0,0,0,0,0,0,0,0,0,0,0,0,0,0,0,0,0,0,0,2,0,0,0,0,1,1,0,0,0,0,0,0,0,0,0,0,0,1,0,0,CHEMBL5191489,CCC[C@H]1N(C(=O)c2c(F)cccc2C(F)(F)F)CCC[C@@]1(Oc1csc(C(F)(F)F)c1)C(=O)N1CCN(c2ccccc2OCCO)CC1,65.0,1.8129133566428557,CHEMBL1907611,Tumour suppressor p53/oncoprotein Mdm2,4,Large-Polar-Aromatic-Flexible-Hydrophobic,Large-Polar-Aromatic-Flexible-Hydrophobic
14.459066379624986,14.459066379624986,0.0,-4.87640270582634,0.2230764432632899,20.254545454545458,798.1409999999998,763.8689999999999,797.216328808,294,0,0.4167980742778372,-0.4755442221612773,0.4755442221612773,0.4167980742778372,0.8909090909090909,1.5818181818181818,2.2181818181818183,35.45300274184407,9.892262565309824,2.493447478434379,-2.455072891595467,2.365724774808902,-2.6396016936608264,6.068716271759431,-0.1527406244757623,3.4557974518462173,5.801641800080608e-06,1941.378522547706,38.837923567508064,28.706543514256676,29.523040095184403,25.536480935514565,16.753007012688304,16.753007012688304,12.931764942972006,12.931764942972006,9.317411891604085,9.317411891604085,6.6996806747649895,6.6996806747649895,-5.59,602381717258.6829,40.59194516838701,16.021942359935633,9.037926107862468,315.3132530723895,30.070169354364143,11.791352662431866,0.0,11.508230540335196,17.721539188054518,18.383711547225023,29.478915861240825,4.794537184071822,26.34249028604892,12.407033161179976,12.13273413692322,55.30621272508329,45.11746917278902,41.03070505329669,55.05203916020808,53.441639140291194,0.0,25.417375190660824,0.0,43.257953543796624,49.48523677033226,83.68134523447164,0.0,5.749511833283905,25.58713849666952,42.51180001948787,5.749511833283905,12.407033161179976,95.35506148799936,26.736208587102418,0.0,40.74735652794084,66.99099075938065,0.0,0.0,0.0,153.27999999999997,76.89043298576625,50.31517620640803,0.0,70.1427918928048,17.441139617828735,41.559065147923064,4.899909730850477,24.26546827384644,4.899909730850477,20.9343443329662,4.736862953800049,87.61328186543291,0.0,72.29310791464953,7.1693759209572665,-3.764360928639289,-2.923294145112941,9.37830992677829,-8.010655078867117,0.1609011914680356,0.0,0.3714285714285714,55,3,13,0,3,3,6,2,1,3,2,0,8,3,20,4,8,0,3,3,0,2,11.824760104828442,6,4.4802000000000035,185.3715999999997,0,0,0,0,0,1,0,0,0,0,5,5,0,0,0,4,3,0,0,0,1,0,0,0,0,6,0,6,0,2,0,0,0,0,2,0,0,0,0,0,0,1,0,0,7,0,0,0,1,0,0,0,0,0,0,0,0,0,0,0,0,0,0,0,2,0,0,0,0,1,1,0,0,1,0,0,0,0,0,0,0,0,0,0,1,CHEMBL3112814,Cl.O=C(CC1NC(=O)NC1=O)Nc1ccccc1N1CCN(C(=O)C2(Oc3ccc(C(F)(F)F)cc3)CCCN(C(=O)c3cnccc3C(F)(F)F)C2)CC1,270.0,2.4313637641589874,CHEMBL1907611,Tumour suppressor p53/oncoprotein Mdm2,4,Large-Polar-Aromatic-Flexible-Hydrophobic,Large-Polar-Aromatic-Flexible-Hydrophobic
13.335288739084945,13.335288739084945,0.0104246579638886,-4.444121933392455,0.262970434100414,15.13157894736842,544.6030000000002,517.3870000000003,544.186829764,200,0,0.4251019926696457,-0.4753358811481908,0.4753358811481908,0.4251019926696457,1.1842105263157894,1.9473684210526316,2.5526315789473686,32.133563053265824,9.802637342020851,2.328073610040208,-2.319328725542241,2.3707493748704396,-2.3124967190370507,7.116249211779763,-0.1338779773379062,3.431872083792046,1.7046616433238173,1492.148936933923,27.18950548645297,21.08090085121836,21.89739743214609,18.00705895648687,12.412640499726994,13.22913708065472,9.91157172933758,11.079899675187283,6.9503695230647455,8.065191420166261,4.554545421770051,5.418556692352791,-3.539999999999999,245206220.5297003,26.08246219437961,9.971790778968332,5.088254561734953,220.5410416290239,14.990415646638391,16.087775906166023,17.289444496602684,5.824404497999927,0.0,12.145603805395323,4.983978520947208,19.746472746913444,13.17124514302446,11.336785877934735,20.268296022307258,61.43011230340887,17.115831594462335,6.544756405912575,23.07230972193699,34.2878318821056,0.0,24.503013731580182,5.917906046161393,64.71447826651531,5.316788604006331,51.60446222255904,0.0,11.518332492848389,5.316788604006331,18.98910792085949,0.0,11.336785877934735,41.6206872435207,12.72105492335605,5.917906046161393,71.88827007518266,30.462311845459514,0.0,22.682210431232377,0.0,105.82,22.847155497096548,23.07230972193699,0.0,29.969543279824688,39.16687232826207,30.892283428936633,6.06636706846161,10.763943219404432,32.903945735995094,25.25270268779516,0.0,41.73723313902354,0.6546538089268967,29.238101297624567,13.029467351743511,2.087926477115692,-0.4112168725656449,6.292326180942078,0.4622150504913227,6.159293566698038,0.0,0.4230769230769231,38,2,8,1,0,1,0,0,4,4,1,0,8,2,12,4,8,1,0,1,0,0,6.844443579018544,5,6.4390000000000045,138.4509999999999,0,0,0,0,1,5,0,0,1,1,1,0,0,0,0,5,1,0,0,0,0,0,0,0,0,3,0,0,0,1,0,0,0,0,0,0,1,0,0,0,0,0,0,0,3,0,0,1,0,0,0,0,0,0,0,0,0,0,0,0,0,0,0,0,0,0,0,0,0,0,0,0,0,1,0,0,0,0,0,0,0,0,1,0,0,CHEMBL5093756,CC(C)c1ccnc(-c2nc3nc(C(=O)O)nc(N[C@H](C)C4CCC4)c3n2Cc2ccc(C(F)(F)F)s2)c1,27.0,1.4313637641589874,CHEMBL1907611,Tumour suppressor p53/oncoprotein Mdm2,4,Large-Polar-Aromatic-Flexible-Hydrophobic,Large-Polar-Aromatic-Flexible-Hydrophobic
12.391083926929428,12.391083926929428,0.1559689768110457,-3.111080454640494,0.4798051843399668,20.2,513.0670000000002,483.83500000000026,512.176122848,184,0,0.1807290187320598,-0.3707419895342351,0.3707419895342351,0.1807290187320598,0.9714285714285714,1.7142857142857142,2.4285714285714284,35.495697633796745,9.961435487908048,2.3682102323132996,-2.4414587805198216,2.3457261930310267,-2.5270652055680847,7.919323903050488,0.1736471478705034,3.690519922186033,0.975681024567484,1317.541387417385,23.99298858481683,19.476241044475795,21.048666571421972,16.952659509511964,12.306176549204537,14.230460500135322,9.952480428754525,12.56781889407047,7.343521957208995,9.832325681839343,5.153954416624664,6.9584891297092115,-2.49,179582116.5732225,22.941385754698953,9.185064362053234,4.812579110615333,210.18911184499035,15.116608065707286,16.997130609273597,15.65511591425253,0.0,0.0,0.0,0.0,23.36973254717056,0.0,0.0,11.600939890232516,62.08148890247371,50.37091517955579,15.66212222311621,8.417796984328938,43.97684351440113,0.0,19.8518452936921,5.917906046161393,41.87054882635195,42.94048036441968,47.87863230242699,0.0,0.0,10.216698334856808,11.50524905251859,0.0,11.600939890232516,72.28520316671404,9.837253136417502,5.917906046161393,25.68328649170404,47.62100596105197,5.153109816892792,11.033401435232523,0.0,91.32,9.837253136417502,8.417796984328938,0.0,5.249938029982174,22.00834016771992,80.94571900901803,0.0,24.52642128014937,18.19910120538483,30.06854362854891,11.600939890232516,24.782167853858855,6.07920313098599,18.443906016132964,3.844870438438261,2.6230621396064704,1.396358097268175,11.4400859839205,5.277564998806622,5.25163957340044,-3.111080454640494,0.48,35,1,8,1,2,3,0,1,2,3,0,0,8,1,10,4,7,1,2,3,0,0,6.020517277474316,6,3.6270000000000024,137.7804999999999,0,0,0,0,0,3,0,0,0,0,0,0,0,0,0,5,1,0,0,0,1,0,0,0,0,0,0,0,0,2,0,0,0,0,1,0,1,0,0,0,0,0,0,0,1,0,0,0,0,0,0,0,0,0,0,0,0,0,0,0,0,0,0,0,0,0,0,0,0,1,0,0,0,1,0,0,0,1,0,0,0,0,0,0,0,CHEMBL5201049,O=S(=O)(c1ccc(N2CC(CN3CCC(Nc4ncnc5ccc(Cl)nc45)CC3)C2)cc1)C1CC1,90.0,1.954242509439325,CHEMBL2093861,Menin/Histone-lysine N-methyltransferase MLL,4,Large-Polar-Aromatic-Flexible-Hydrophobic,Large-Polar-Aromatic-Flexible-Hydrophobic
14.414299571680523,14.414299571680523,0.0297544424871258,-4.822004816335443,0.3277514179901442,23.065217391304348,648.604,618.3640000000003,648.21712476,244,0,0.4167980757489193,-0.4945862494167146,0.4945862494167146,0.4167980757489193,0.9130434782608696,1.608695652173913,2.260869565217391,19.41706006616989,9.888285043521249,2.60273381997232,-2.453011574135852,2.494019850533041,-2.6428709457023545,5.970709546678538,-0.1530201065145269,3.8238462122894976,1.3049028731795684,1607.0808817716938,32.85479590438263,24.644935349681617,24.644935349681617,21.80362879014626,14.663904390896787,14.663904390896787,11.688912370227415,11.688912370227415,8.798379411514201,8.798379411514201,6.442120525725848,6.442120525725848,-4.49,22601836258.84764,31.490861417872697,11.702629536825937,6.038004450352481,260.04472585520176,24.173455100151532,11.49902366656781,0.0,5.601050810983688,11.814359458703011,12.35259703488695,14.573052889090851,0.0,26.34249028604892,0.0,12.13273413692322,54.80329714831867,51.03537521895042,36.032294696964655,45.40529056179267,17.501745733386574,0.0,14.783797982648162,5.917906046161393,36.83713192087062,44.73348930169089,83.68134523447164,0.0,11.49902366656781,14.373635638450576,32.02987656073248,11.49902366656781,0.0,78.07462865232324,17.147134218958772,5.917906046161393,34.326534905014825,66.99099075938065,0.0,0.0,0.0,75.21000000000001,52.5002026088126,35.93156465419256,0.0,37.72250872010903,25.259846268035066,48.41290876021777,4.899909730850477,12.009707272128011,24.26546827384644,9.883888251797686,9.473725907600098,93.0172038723181,0.0,36.73586425999204,0.0,-3.611900146145395,-1.0478428685926569,11.614821403590389,-7.02411605458785,1.005070952885031,1.5608985805403557,0.40625,46,0,8,1,2,3,2,2,1,3,3,0,6,0,14,3,6,1,2,3,0,0,8.011432281932374,6,5.528800000000006,153.37749999999969,0,0,0,0,0,1,0,0,0,0,2,2,0,0,0,4,0,0,0,0,1,0,0,0,0,6,0,2,0,1,0,0,0,0,2,0,1,0,0,0,0,2,0,0,6,0,0,0,0,0,0,0,0,0,0,1,0,0,0,0,0,0,0,0,2,0,0,0,0,1,1,0,0,1,0,0,0,0,0,0,0,0,0,0,0,CHEMBL3233595,COc1ccccc1N1CCN(C(=O)[C@]2(Oc3ccc(C(F)(F)F)cc3)C[C@@H]3C[C@@H]3N(C(=O)c3cnccc3C(F)(F)F)C2)CC1,5600.0,3.7481880270062,CHEMBL5023,p53-binding protein Mdm-2,4,Large-Polar-Aromatic-Rigid-Hydrophobic,Large-Polar-Aromatic-Rigid-Hydrophobic
13.569988967881596,13.569988967881596,0.0312978557003629,-1.9681994060633137,0.1395178432216246,33.0,610.5210000000004,580.2810000000004,610.15338488,234,0,0.238632695296374,-0.5076781655726268,0.5076781655726268,0.238632695296374,0.7441860465116279,1.4186046511627908,2.116279069767442,16.731621845510517,9.983623705836612,2.474781660474779,-2.419531010065864,2.391559510412848,-2.6139414055556673,5.879941461366941,-0.3182939404916305,2.9563436628447097,1.4784687141163415,1539.6350630802622,31.325179976844545,22.28898651681369,22.28898651681369,20.276672458625043,13.008005443790518,13.008005443790518,10.278216006796397,10.278216006796397,7.29091975628412,7.29091975628412,4.838536347640627,4.838536347640627,-3.71,2312654061.4284253,30.73814039477934,11.7589644247154,5.671893025694395,240.90066228703745,74.4298767006606,65.19603273691295,23.549297814777464,17.46832895451966,0.0,0.0,4.794537184071822,0.0,0.0,0.0,0.0,25.122838405075452,17.696185628620217,12.71084835226122,74.4298767006606,10.969244356107035,0.0,0.0,0.0,68.33552176034746,6.606881964512918,40.55516291828041,0.0,40.07125807699096,10.16565334570059,0.0,28.747559166419524,0.0,119.08394047357685,14.210588861400147,0.0,6.923737199690624,39.54352346343322,0.0,22.29294326667848,0.0,269.42999999999995,113.34148771682904,55.85981113247887,0.0,11.14647163333924,0.0,24.26546827384644,12.990104268152232,0.0,0.0,0.0,23.364602752253543,27.802149291955836,0.0,13.569988967881596,101.40386373867312,-1.3483158860052096,-3.331574146119575,5.235839141203812,-16.150329656186813,0.8183785485972241,0.0,0.4444444444444444,43,10,16,0,2,2,0,2,1,3,10,0,16,10,16,3,6,0,2,2,0,0,8.405783706607387,5,-1.6871000000000005,140.19600000000003,0,6,6,0,0,0,0,4,0,0,0,0,0,0,0,0,0,0,0,0,0,0,0,0,0,0,0,0,0,0,0,0,0,0,2,0,1,0,0,0,0,4,0,0,0,0,0,0,0,0,0,0,0,0,0,0,0,0,0,0,0,0,0,0,0,4,4,0,0,0,0,0,0,0,0,0,0,0,0,0,0,0,0,0,0,CHEMBL3735346,C[C@@H]1O[C@@H](OC[C@H]2O[C@@H](Oc3c(-c4ccc(O)c(O)c4)oc4cc(O)cc(O)c4c3=O)[C@H](O)[C@@H](O)[C@H]2O)[C@H](O)[C@H](O)[C@H]1O,35800.0,4.553883026643875,CHEMBL3885567,Fanconi anemia group F protein/Transcription factor HES-1,4,Large-Polar-Aromatic-Rigid-Hydrophilic,Other
12.776716838856771,12.776716838856771,0.2923515261310625,-4.207450152862337,0.5680795129365779,22.225806451612904,446.54200000000014,421.3420000000002,446.17520246,164,0,0.3933283894807131,-0.3559581479980869,0.3933283894807131,0.3559581479980869,1.096774193548387,1.870967741935484,2.6129032258064515,32.13353933137053,9.962527199505196,2.3786545084910697,-2.3283292049947084,2.406915947526701,-2.3794607919708466,7.182472806809387,-0.1261373993318637,3.4230423769639513,1.159644423545509,1028.227662099025,21.424074484064487,17.107032656193514,17.92352923712124,14.960440995145614,10.795487803090316,11.611984384018044,8.618814325641225,9.734014196930472,6.335036136587519,7.378085155264012,4.585788435922351,5.60676037057037,-2.1899999999999995,19768973.41015434,20.698209348830897,8.390290571407741,4.849081804490285,183.05882410349503,10.216698334856808,16.975579272220138,0.0,0.0,0.0,6.176298517443475,0.0,9.967957041894415,13.17124514302446,11.336785877934735,30.33183534230805,43.35494588101061,29.926406880835803,11.807045837390806,13.17124514302446,27.371269289855128,0.0,15.284745645900744,5.917906046161393,43.81933188445687,24.5341789485882,53.1661211709325,0.0,0.0,10.216698334856808,18.98910792085949,0.0,11.336785877934735,41.820365606223575,6.4208216229260096,5.917906046161393,35.620969600337716,42.725522485534206,0.0,10.216620634085364,0.0,41.05,12.597120140369483,13.17124514302446,0.0,0.0,27.585196534792612,55.0167853338243,18.311593189387544,6.06636706846161,0.0,50.51649071905926,0.0,38.33015051657031,1.1116563527558694,11.739587011007742,4.477752181951559,1.4196786911251442,2.0290383709622457,12.872744074882876,-0.3284140329243297,2.7644735003352428,0.0,0.4782608695652174,31,1,4,1,1,2,0,1,2,3,2,0,5,1,8,3,6,1,1,2,0,0,5.602064217565142,5,5.158200000000004,117.70170000000005,0,0,0,0,0,2,0,0,0,0,0,0,0,0,0,3,1,0,0,0,0,0,0,0,0,3,0,0,0,1,0,0,0,0,1,0,1,0,0,0,0,0,0,0,3,0,0,0,0,0,0,0,0,0,0,0,0,0,0,0,0,0,0,0,0,0,0,0,0,1,0,0,0,0,0,0,0,0,0,0,0,0,1,0,0,CHEMBL4580675,FC(F)(F)Cc1cc2c(N3CCC(CN[C@@H]4C[C@H]4c4ccccc4)CC3)ncnc2s1,84.38,1.9262395210458625,CHEMBL6136,Lysine-specific histone demethylase 1,4,Large-Nonpolar-Aromatic-Rigid-Hydrophobic,Large-Nonpolar-Aromatic-Rigid-Hydrophobic
11.811525189041944,11.811525189041944,0.0338188523037004,-0.6362897728117234,0.2937590581147203,24.047619047619047,572.7140000000002,532.3940000000005,572.32233714,222,0,0.4387877156823163,-0.3771081106946183,0.4387877156823163,0.3771081106946183,1.0714285714285714,1.880952380952381,2.5952380952380953,16.504799704314685,9.802553056472574,2.3293199800069413,-2.3734206095561357,2.3823349693143716,-2.410017811508562,5.873362987714417,0.092724361825504,3.5716577998911423,1.3790550374979411,1568.043345073334,28.630816786321517,24.459703729339616,24.459703729339616,20.530009778701583,15.536949211905249,15.536949211905249,12.478765522310352,12.478765522310352,9.60220072081737,9.60220072081737,6.787108551335678,6.787108551335678,-3.729999999999999,5421875289.4296055,27.1242790561379,11.508726742757322,5.2995309604299194,244.62654122746187,19.520660936448213,5.516700717616262,11.465039998602755,17.59714827698635,0.0,5.756062822229453,9.507073457920557,14.762494225966236,4.983978520947208,0.0,61.67470066790216,55.92419332157584,19.13135364097311,19.255604758173796,9.259957890773396,22.93007999720551,0.0,29.65967698870563,17.75371813848418,77.42166382407183,29.975218669795225,46.44588684030632,0.0,11.648808995999854,15.97276115708626,11.766202058821523,0.0,0.0,55.460038152791995,11.281619359712623,17.75371813848418,70.39851808070829,39.64946746335322,0.0,22.81268693438384,0.0,126.99,5.756062822229453,4.794537184071822,0.0,17.908086156295848,36.52115774011628,36.29032163442433,50.50920285217907,0.0,6.06636706846161,63.037382433948494,24.21189345361502,13.160520162041555,0.0,31.83072110823526,7.631757587846812,2.6930806696977334,3.402380791773828,10.79585950890483,8.590336311093713,7.395343860406264,0.0,0.5806451612903226,42,2,11,2,1,3,0,1,3,4,2,0,10,2,11,4,8,2,1,3,0,0,7.432521803604443,7,5.174300000000004,160.3363999999996,0,0,0,0,0,6,1,0,0,0,0,0,0,0,0,6,2,0,0,0,0,1,0,0,0,0,0,0,0,2,0,0,0,0,1,0,1,0,0,0,0,1,0,0,0,0,0,1,0,0,0,0,0,0,0,0,1,0,0,0,0,0,0,0,0,0,0,0,0,0,0,0,0,0,0,0,0,0,0,0,0,0,0,0,0,CHEMBL5076263,C[C@@H](Nc1nc(-c2noc(=O)[nH]2)nc2nc(N3CCOC[C@H]3c3ccccc3)n(C[C@H]3CC[C@H](C)CC3)c12)C1CCC1,0.63,-0.2006594505464183,CHEMBL1907611,Tumour suppressor p53/oncoprotein Mdm2,4,Large-Polar-Aromatic-Flexible-Hydrophobic,Large-Polar-Aromatic-Flexible-Hydrophobic
14.731549555217711,14.731549555217711,0.0038901336242538,-4.861624515622207,0.2530631254077181,20.3265306122449,714.7289999999998,678.4409999999998,714.2310605719999,266,0,0.425230616209443,-0.4890241713984007,0.4890241713984007,0.425230616209443,1.0408163265306123,1.7755102040816326,2.4285714285714284,32.13347758447289,9.792859203798873,2.557658839868054,-2.5048621591940825,2.4272914613096255,-2.6886048068467545,7.0990488257589375,-0.1592845224086204,3.5646695175804632,1.4983732770196758,1610.3201958945406,35.398765978752635,26.59677355282274,27.41327013375047,23.296027401073285,15.837442216337568,16.717095027592464,11.780602955410124,12.691833881828602,8.68000377490384,9.6334027622811,6.516095953914586,7.193196615986968,-4.049999999999999,57398413259.29501,36.236151155887526,14.825483270177344,7.742072124106076,282.5799803745283,29.27998249499224,22.98305282478203,0.0,5.601050810983688,11.814359458703011,12.35259703488695,14.57305288909085,0.0,26.34249028604892,11.336785877934735,25.477292959539852,31.040744451236847,62.98472063464256,29.46301205173843,50.511817956633365,28.838531611321308,0.0,14.783797982648164,0.0,56.602512366413265,50.83745568943918,70.17600250155702,0.0,11.49902366656781,14.373635638450576,32.02987656073248,11.49902366656781,11.336785877934735,89.28512243491225,17.147134218958772,0.0,53.405611052561774,54.17195232446173,0.0,0.0,0.0,95.44,51.813898310816896,41.03809204903327,0.0,57.86000984882549,42.66299921443141,29.52750325683724,9.799819461700954,19.056471336613843,17.032643867773697,4.983978520947208,9.473725907600098,94.67761375926722,0.396189308743551,36.228798149226606,10.36325854487987,-3.010159362682711,-1.2231290900988907,7.624781650993878,-7.069944139166616,2.762591178837109,0.0,0.4848484848484848,49,1,9,0,2,2,2,1,2,3,2,0,8,1,16,4,10,0,2,2,0,0,10.963641892596488,5,6.123100000000008,168.70129999999958,0,1,1,0,0,1,0,0,0,0,2,2,0,0,0,4,0,0,0,0,1,0,0,0,0,6,0,2,0,1,0,0,0,0,1,0,0,0,0,0,0,2,0,0,6,0,0,0,0,0,0,0,0,0,0,0,0,0,0,0,0,0,0,0,2,0,0,0,0,1,1,0,0,1,0,0,0,0,0,0,0,0,1,0,0,CHEMBL4299638,CCC[C@@H]1N(C(=O)c2cnccc2C(F)(F)F)CCC[C@]1(Oc1csc(C(F)(F)F)c1)C(=O)N1CCN(c2ccccc2OCCO)CC1,15.0,1.1760912590556811,CHEMBL1907611,Tumour suppressor p53/oncoprotein Mdm2,4,Large-Polar-Aromatic-Flexible-Hydrophobic,Large-Polar-Aromatic-Flexible-Hydrophobic
14.579718616874793,14.579718616874793,0.1069479084677946,-4.266031414605677,0.3696521574415708,15.735294117647058,488.5140000000002,468.35400000000016,488.14062852,176,0,0.3933283894768193,-0.3666015730518723,0.3933283894768193,0.3666015730518723,1.1764705882352942,1.9705882352941175,2.7058823529411766,32.133539568962064,10.031918938673725,2.290816739335104,-2.3236687062639256,2.3292949119019184,-2.3853385999855887,7.182468301852507,-0.1261387934624808,3.370864135406662,1.2296451613338375,1378.1193541170155,23.871668241257193,17.91570286675765,18.732199447685375,16.269302745435496,10.775311671337954,11.59180825226568,8.466213538445833,9.58141340973508,5.985686225329546,7.028735244006037,4.3577192520950545,5.384078676592299,-3.2299999999999995,59731766.413232215,22.556711459147824,8.848799811640353,4.830773220465572,195.78371106537548,10.300767124953538,34.555949420906764,0.0,0.0,0.0,6.176298517443475,4.899909730850477,14.358372089569237,18.433136697762947,11.336785877934735,0.0,37.107111519698464,47.01963366436504,11.807045837390806,17.56166019069928,38.274194221936185,5.261891554738487,19.8518452936921,0.0,38.02536062128204,18.40630141583148,52.544535869903626,0.0,6.069221312792274,5.316788604006331,23.37952296853431,0.0,11.336785877934735,45.15949745210868,12.965578028838586,17.148333708576654,28.976169926098773,30.59278834861098,0.0,21.119545566166423,0.0,80.63,12.597120140369483,17.56166019069928,0.0,16.736208863895154,39.35332002199468,42.6541661500767,18.46005421168776,12.13273413692322,6.069221312792274,25.16863389769843,5.261891554738487,52.88308455937698,1.032030129958203,14.174118084553584,13.807741409659362,1.5763771804980378,0.2360742054775457,8.564681786758124,-2.298385233470523,1.9409445438553483,0.0,0.3478260869565217,34,2,6,0,1,1,0,1,3,4,0,0,6,2,11,4,5,0,1,1,0,0,5.870583062086266,5,5.3646800000000034,122.06740000000003,0,0,0,0,0,3,1,0,0,0,0,0,0,0,0,4,2,0,0,0,1,1,0,0,0,3,0,0,0,1,0,0,0,0,1,0,2,0,0,0,0,0,0,0,4,0,0,0,0,0,0,0,0,0,0,0,0,1,0,0,0,0,0,0,0,0,0,0,0,1,0,0,0,0,0,0,0,0,0,0,0,0,1,0,0,CHEMBL3780969,N#Cc1cc2cc(CN3CCC(Nc4ncnc5sc(CC(F)(F)F)cc45)CC3)c(F)cc2[nH]1,109.0,2.037426497940624,CHEMBL2093861,Menin/Histone-lysine N-methyltransferase MLL,4,Large-Polar-Aromatic-Rigid-Hydrophobic,Large-Polar-Aromatic-Rigid-Hydrophobic
14.92232510168738,14.92232510168738,0.0932616937426247,-3.0999671299601923,0.5017884407471965,25.894736842105264,544.9900000000001,517.7740000000002,544.180122844,200,0,0.300696321625657,-0.4797949945732011,0.4797949945732011,0.300696321625657,1.1842105263157894,1.9473684210526316,2.6842105263157894,35.495692655531506,10.04493503075794,2.50812642446807,-2.3179395140984096,2.4539979852737197,-2.4369205840084827,6.325001346514384,-0.0578659455130632,3.694028887076213,1.2572617542326772,1484.0653830002327,26.18106931801569,20.716042294241944,21.4719712402604,18.26399001342581,12.905219201351027,13.283183674360258,10.66334694846636,11.070547075206964,7.930930286550805,8.207526837570816,5.798879754848277,5.937178030358283,-3.18,854831176.1026462,23.901765022333684,8.670271623000623,4.028802075935321,221.6425077889811,29.574312494254592,5.022633313741326,12.424744742347947,11.6978511142704,5.559266895052007,5.922529168094576,4.794537184071822,13.764808616296849,4.983978520947208,0.0,11.600939890232516,49.800293743250265,31.2107952836507,35.65070416855747,18.254556002949737,45.644839430502216,0.0,14.53505668968577,12.965578028838582,49.855589264443175,35.22988171520121,39.772382169863064,0.0,5.749511833283905,25.829616787715196,31.921804703538292,5.749511833283905,11.600939890232516,58.40375423876297,11.78453493647724,5.917906046161393,25.68328649170404,29.19048196106973,5.022633313741326,10.902924932081056,0.0,93.54,24.130518856807463,13.575367279421462,0.0,23.875350654941904,39.06653285401103,38.7727993035292,4.567099647791355,31.443616759675095,0.0,25.501443980757553,21.074665797832616,42.63416188503315,6.456353188658383,24.268118222271085,7.196099328464979,1.0520045990852973,-2.3555186363376315,4.264448237940978,5.456924927638092,0.6188309192264612,1.60302177246365,0.5,38,2,9,1,3,4,0,1,2,3,3,2,9,2,12,5,4,1,2,3,0,2,5.453547237178121,7,4.311300000000003,140.19839999999994,0,0,0,0,0,3,0,0,0,0,0,0,0,0,0,4,2,0,0,0,0,0,0,0,0,2,0,0,0,4,1,0,0,0,1,0,5,0,0,0,0,2,0,0,3,0,0,0,0,0,0,0,0,0,0,0,1,0,0,0,0,0,0,0,0,0,0,0,0,0,0,0,0,1,0,0,0,0,0,0,0,0,0,0,0,CHEMBL5423054,Cn1c(=O)c2c(c3cc(Nc4nc(N5CC6CCC(C5)O6)ncc4Cl)ccc31)N[C@@H](C1CC1)C(F)(F)CO2,3.0,0.4771212547196624,CHEMBL4105786,B-cell lymphoma 6 protein,4,Large-Polar-Aromatic-Rigid-Hydrophobic,Large-Polar-Aromatic-Rigid-Hydrophobic
12.103241361847443,12.103241361847443,0.2932607935420399,-0.5121924637307684,0.6138482956212785,25.741935483870968,425.6170000000003,386.3050000000002,425.304227488,170,0,0.11887676529166,-0.4935489066911597,0.4935489066911597,0.11887676529166,1.0,1.6774193548387095,2.3225806451612905,16.476823466329208,9.659651467598282,2.5010600902260283,-2.5018718019446857,2.4517762805771457,-2.6171430674586063,5.339303479975063,-0.1166046233513474,3.3825225383350106,1.238070520962238,711.1627783142357,21.520450801241797,18.897942679089333,18.897942679089333,15.196856541928934,12.509558759714976,12.509558759714976,9.825281106566258,9.825281106566258,7.990049577124801,7.990049577124801,6.260017005348471,6.260017005348471,-1.61,21056500.463118818,22.579196083049656,10.808841961781647,5.421433234343824,187.3228064638245,20.060088683497565,5.749511833283905,0.0,0.0,0.0,0.0,0.0,0.0,5.261891554738487,0.0,19.26246486877803,100.68130094438904,12.586597235060536,23.840605579985876,9.843390348640757,0.0,5.261891554738487,10.216698334856808,11.835812092322788,75.85110786939175,32.78590758816322,29.828919765543436,0.0,11.81873314607618,10.05365155780638,0.0,5.749511833283905,0.0,54.43523635398604,0.0,23.166924959853542,69.77166772095711,24.26546827384644,0.0,0.0,0.0,68.52,5.601050810983688,5.106527394840706,0.0,0.0,30.04798637768066,57.61182394863824,38.524929737556064,12.13273413692322,12.13273413692322,16.28591964764908,9.998754508538536,5.834429748538452,0.0,2.543656896387777,24.6907991284442,0.1509656003303066,1.7473503172222848,9.759578433497897,11.869731749671816,4.986821459240598,0.0,0.7307692307692307,31,2,5,1,2,3,0,1,0,1,2,0,5,2,5,2,8,1,2,3,0,2,7.872740712443965,4,4.102580000000003,122.98250000000009,0,1,0,0,0,0,0,0,0,0,0,0,0,0,0,2,1,0,0,0,1,0,0,0,0,0,0,0,0,0,0,0,0,0,1,0,0,0,0,0,0,1,0,0,0,0,0,0,0,0,0,0,0,0,0,0,0,1,0,0,0,0,0,0,0,0,0,0,0,2,0,0,0,0,0,0,0,0,0,0,0,0,0,0,0,CHEMBL3585356,N#Cc1ccc(OCCCN2CCC(C(O)(C3CCCC3)C3CCCCN3)CC2)cc1,28000.0,4.447158031342219,CHEMBL2093861,Menin/Histone-lysine N-methyltransferase MLL,4,Large-Polar-Aliphatic-Flexible-Hydrophobic,Other
13.08568958169133,13.08568958169133,0.1564730051921903,-3.5071134998030034,0.3835978254164007,19.25581395348837,628.199,589.8950000000001,627.2394513760001,230,0,0.4098628189820411,-0.4436878514829643,0.4436878514829643,0.4098628189820411,1.0232558139534884,1.7209302325581397,2.395348837209302,35.49569806908246,9.9614320299174,2.419231171005591,-2.442198310972702,2.3033489744792823,-2.573124053261966,7.917886062020673,0.0138744013912026,2.8966119880695578,0.9392162330634536,1578.2875614574416,30.35479590438262,24.739951220903475,26.312376747849655,20.441641374019785,14.77461131468398,16.69889526561477,12.76045512248197,15.375793587797917,8.31888304676852,10.634424647607808,5.8855588427422525,7.685801507941512,-3.2199999999999993,2113713799.7566535,29.834049762612953,11.700579423493627,6.655810878012432,257.04872341672734,24.753380750357813,27.84811945023946,15.65511591425253,0.0,0.0,6.093240070938415,0.0,28.16426973124238,0.0,0.0,11.600939890232516,70.01105725569356,63.46042799138093,10.412184193134037,17.949197122200808,50.070083585339546,0.0,24.75175502454258,5.917906046161393,55.40116799055549,56.02999317624483,47.87863230242699,0.0,0.0,10.216698334856808,16.299786236590414,0.0,11.600939890232516,101.96891659131175,14.57411609021755,5.917906046161393,33.61285484492389,47.62100596105197,5.153109816892792,11.033401435232523,0.0,120.86,26.78148204832178,13.212334168400758,0.0,13.08951281182515,27.525040885336185,62.58737504554975,4.899909730850477,45.29763287922124,18.19910120538483,30.06854362854891,16.337802844032566,31.51059231888779,6.098177947530198,31.84227875776571,3.3785411574212096,1.900636704156541,1.313652070366483,11.081552951918384,3.13067035970261,10.69545567649852,-3.5071134998030034,0.5333333333333333,43,1,11,0,3,3,1,1,2,3,0,0,10,1,13,5,7,0,3,3,0,0,8.118038808649164,6,4.0839000000000025,166.35349999999954,0,0,0,0,0,3,0,0,0,0,1,1,0,0,0,6,1,0,0,0,2,0,0,0,0,0,0,1,0,2,0,0,0,0,1,0,1,0,0,0,0,1,0,0,1,0,0,0,0,0,0,0,0,0,0,0,0,0,0,0,0,0,0,0,0,0,0,0,0,1,0,0,0,1,0,0,0,1,0,0,0,0,0,0,0,CHEMBL5172930,CC(C)(C)OC(=O)N1CC(S(=O)(=O)c2ccc(N3CC(CN4CCC(Nc5ncnc6ccc(Cl)nc56)CC4)C3)cc2)C1,120.0,2.0791812460476247,CHEMBL2093861,Menin/Histone-lysine N-methyltransferase MLL,4,Large-Polar-Aromatic-Flexible-Hydrophobic,Large-Polar-Aromatic-Flexible-Hydrophobic
13.815297776518015,13.815297776518015,0.0,-4.798427729661688,0.5028353892376745,20.794871794871796,580.957,553.7410000000002,580.1675877240001,214,0,0.4167980742778372,-0.4755442280454639,0.4755442280454639,0.4167980742778372,0.8974358974358975,1.5384615384615383,2.128205128205128,35.453001948828486,9.892583878283956,2.489950528586017,-2.4486411572937294,2.3578444663416755,-2.6370444042422356,5.964053228598999,-0.1539920262739667,2.8751542196796,4.2024911867275005e-06,1169.633283381254,27.716967702877938,20.88794051573041,21.704437096658136,17.79929749249669,11.9477391553061,11.9477391553061,9.463244829711302,9.463244829711302,6.77412674680325,6.77412674680325,4.714434705274138,4.714434705274138,-3.0599999999999996,173848661.02493906,30.481000703327307,11.585807639523216,6.750605249612018,226.66806871131297,19.43659214635148,5.749511833283905,0.0,5.601050810983688,11.814359458703011,12.35259703488695,14.573052889090851,0.0,26.34249028604892,12.407033161179976,0.0,50.22115057083726,45.11746917278902,23.235110881003564,40.66842760799261,24.221392619882987,0.0,19.68370771349864,0.0,30.795291091722657,46.31621041815264,59.41587696062519,0.0,5.749511833283905,4.736862953800049,26.34249028604892,5.749511833283905,12.407033161179976,83.41532840133799,17.147134218958772,0.0,34.326534905014825,42.725522485534206,0.0,0.0,0.0,65.98,46.458361779664635,35.93156465419256,0.0,44.08770105214105,32.24539269211191,41.559065147923064,0.0,4.899909730850477,11.947581713527669,4.983978520947208,4.736862953800049,85.87965160320488,0.0,35.4619503073129,0.0,-4.397614881437186,-1.4499434284350403,4.523994083977364,-7.242258465098249,1.5819289577949844,1.8922918226803576,0.48,39,0,7,0,2,2,2,1,1,2,1,0,5,0,14,3,4,0,2,2,0,1,9.05505155920313,4,4.368800000000005,130.5045,0,0,0,0,0,1,0,0,0,0,2,2,0,0,0,4,0,0,0,1,1,0,0,0,0,6,0,2,0,0,0,0,0,0,1,0,0,0,0,0,0,1,0,0,7,0,0,0,0,0,0,0,0,0,0,0,0,0,0,0,0,0,0,0,0,0,0,0,0,1,1,0,0,1,0,0,0,0,0,0,0,0,0,0,0,CHEMBL3112795,CN1CCN(C(=O)C2(Oc3ccc(C(F)(F)F)cc3)CCCN(C(=O)c3cnccc3C(F)(F)F)C2)CC1.Cl,12000.0,4.079181246047625,CHEMBL1907611,Tumour suppressor p53/oncoprotein Mdm2,4,Large-Nonpolar-Aromatic-Rigid-Hydrophobic,Large-Nonpolar-Aromatic-Rigid-Hydrophobic
12.806128018175473,12.806128018175473,0.1690299557928978,-4.248961102105676,0.3767007722491593,15.514285714285714,500.55000000000024,477.36600000000016,500.160615016,182,0,0.3933283894768193,-0.4963442399810935,0.4963442399810935,0.3933283894768193,1.2285714285714286,2.0285714285714285,2.742857142857143,32.13353961732313,10.03007305674429,2.2909781549985992,-2.3257886560666776,2.333490631176294,-2.3844142665362233,7.182470529665909,-0.1261387622506577,3.4145974918210595,1.242301652266682,1398.273259299866,24.57877502244374,18.945986684212283,19.762483265140013,16.807307547896276,11.198701870529138,12.015198451456865,8.686650823121191,9.801850694410437,6.21969508639363,7.26274410507012,4.556689950736372,5.583049375233618,-3.359999999999999,102300343.79249132,23.385066326061462,9.355513315216031,5.182236911517706,203.0966630063528,15.037630078753589,34.48824041314478,0.0,0.0,0.0,6.176298517443475,4.899909730850477,9.967957041894415,18.433136697762947,11.336785877934735,0.0,31.04074445123685,47.56930001521038,24.4335440962846,17.908108096824506,38.274194221936185,5.261891554738487,19.8518452936921,0.0,38.02536062128204,25.516098957109016,46.72731502885773,0.0,11.81873314607618,10.05365155780638,18.98910792085949,5.749511833283905,11.336785877934735,52.269294993386225,12.965578028838586,11.33111286753076,28.976169926098773,30.59278834861098,0.0,21.11954556616642,0.0,89.86,12.597120140369483,13.17124514302446,0.0,10.91898802284926,21.728411406768853,66.02858659858644,6.3273200747645415,13.176164609739144,12.13273413692322,37.30422227895231,9.998754508538536,44.00395653099656,1.0578070087570597,14.678074912357818,14.193608189834857,2.4416577927429355,1.3662823475038692,9.663913068777106,-2.061279490131521,2.431786380590042,1.6408599252379483,0.375,35,2,7,0,1,1,0,1,3,4,0,0,7,2,11,4,6,0,1,1,0,0,6.250837125447945,5,5.234180000000004,128.66140000000004,0,0,0,0,0,3,1,0,0,0,0,0,0,0,0,4,2,0,0,0,1,1,0,0,0,3,0,0,0,1,0,0,0,0,1,0,2,0,0,0,0,1,0,0,3,0,0,0,0,0,0,0,0,0,0,1,0,1,0,0,0,0,0,0,0,0,0,0,0,1,0,0,0,0,0,0,0,0,0,0,0,0,1,0,0,CHEMBL3780810,COc1cc2[nH]c(C#N)cc2cc1CN1CCC(Nc2ncnc3sc(CC(F)(F)F)cc23)CC1,22.0,1.3424226808222062,CHEMBL2093861,Menin/Histone-lysine N-methyltransferase MLL,4,Large-Polar-Aromatic-Rigid-Hydrophobic,Large-Polar-Aromatic-Rigid-Hydrophobic
14.156923028470649,14.156923028470649,0.0,-4.719928342573272,0.4319257040782143,19.365853658536587,590.0460000000003,558.7980000000002,589.2067521920001,218,0,0.4167980742778372,-0.4755443155811977,0.4755443155811977,0.4167980742778372,0.926829268292683,1.6585365853658536,2.317073170731707,35.4530019858313,9.89249140937826,2.4899029636237704,-2.452471486158077,2.3470787159861004,-2.639657653003584,5.964318725977167,-0.1526001442278959,2.976422459727038,3.8719907875961275e-06,1351.807990961665,28.3298518780003,22.510661768961196,23.32715834988892,19.160452272162935,13.177666470134234,13.177666470134234,10.125869508493784,10.125869508493784,7.363135198915685,7.363135198915685,5.278689190253012,5.278689190253012,-3.859999999999999,954329618.92089,30.106721109897123,12.338569594126287,6.558680959431551,242.08326257514813,19.436592146351483,11.567374611118932,0.0,5.601050810983688,11.814359458703011,6.176298517443475,14.573052889090851,4.983978520947208,13.17124514302446,12.407033161179976,23.762552697081823,50.097215787850686,51.3143127444021,17.671659389306566,27.497182464968155,30.039255397718016,0.0,19.76777650359537,0.0,31.542729773969803,44.16844816632592,83.8118217376231,0.0,5.749511833283905,9.636772684650529,18.98910792085949,5.749511833283905,12.407033161179976,76.45172520875752,10.970835701515297,6.923737199690624,34.326534905014825,67.12146726253211,0.0,0.0,0.0,78.87,28.811432041172655,22.760319511168102,0.0,31.40372570235663,44.770180702786234,29.841368481219785,4.899909730850477,23.229487439386773,37.255572541998674,14.867866772744891,4.736862953800049,47.43239681248476,0.0,40.84440307177976,0.0,-2.037542767583073,0.1690545335187345,13.683127957290328,-0.3499003134999832,3.925127372676144,0.0,0.3793103448275862,41,0,8,0,2,2,2,1,2,3,1,0,6,0,12,4,5,0,2,2,0,1,9.060338382083334,5,4.628220000000005,149.1924999999998,0,0,0,0,0,2,0,0,0,0,2,2,0,0,0,5,0,0,0,0,1,0,0,0,0,3,0,2,0,1,1,0,0,0,1,0,0,0,0,0,0,1,0,0,4,0,0,0,0,0,0,0,0,0,0,0,0,0,0,0,0,0,0,0,0,0,0,0,0,1,1,0,0,2,0,0,0,0,0,0,0,0,0,0,0,CHEMBL3112788,Cc1ccc(OC2(C(=O)N3CCN(c4ccccn4)CC3)CCCN(C(=O)c3cnccc3C(F)(F)F)C2)cc1.Cl,1500.0,3.1760912590556813,CHEMBL1907611,Tumour suppressor p53/oncoprotein Mdm2,4,Large-Polar-Aromatic-Rigid-Hydrophobic,Large-Polar-Aromatic-Rigid-Hydrophobic
14.412384820956404,14.412384820956404,0.0097808413211013,-1.2402290662679556,0.0177075852029846,20.07017543859649,827.0709999999996,760.5429999999998,826.495961452,324,0,0.3256966935004625,-0.4797174682622497,0.4797174682622497,0.3256966935004625,0.7017543859649122,1.280701754385965,1.894736842105263,32.11686984434591,9.843494697309554,2.490791213360698,-2.3621963977873848,2.4004616436623047,-2.597407673210488,7.798546898315081,-0.1461898692936081,3.5627820849932457,2.1342166525121344,1376.7666098060506,42.4926241058873,32.73171287129258,33.62614006229249,27.101569623521097,19.823153569364095,20.45560910139777,14.709286478117331,15.074434849787442,10.294094556996262,10.68748725350921,7.231962885671021,7.397785577838542,-4.410000000000001,957588990675.2036,48.73788877045732,25.762627958313857,16.920697645628866,339.1832158815609,70.5755061355401,24.16736331659184,11.91910913748767,29.535898646757527,0.0,5.969305287951848,34.79125313194215,4.794537184071822,12.628789148012991,0.0,12.84164324585202,89.5125219271861,31.428963653632476,12.08368165829592,33.87375049927164,60.05310222021003,10.818567211583044,36.80064135488846,34.58624343197232,132.18438852499986,31.93187923039709,0.0,0.0,0.0,60.56906900984892,0.0,0.0,12.628789148012991,131.65551523232108,28.76722310443093,16.736473257744436,89.89150272096417,0.0,0.0,0.0,0.0,375.87,65.84906918024564,33.87375049927164,0.0,74.43562343541107,57.91132938932067,19.26246486877803,4.899909730850477,0.0,0.0,44.52952077205099,39.48690459739397,0.0,4.087289271915381,80.90573724496228,40.40878230732839,28.378316608191906,-4.311265295846295,-6.485108141891848,6.707508003234266,1.0309622243281462,0.0,0.7714285714285715,57,19,21,1,1,2,5,0,0,0,8,0,12,15,22,1,26,1,1,2,0,2,22.028352559069727,2,-3.178560000000007,217.67939999999967,1,0,0,0,0,0,0,0,1,1,6,5,0,0,0,1,8,5,0,0,1,0,1,0,0,0,0,5,0,0,0,0,0,0,0,0,1,0,0,0,0,0,0,2,0,0,0,0,0,0,0,0,0,0,0,0,0,0,0,0,0,0,0,0,0,0,0,0,0,0,0,0,0,0,0,0,0,0,0,0,0,0,0,2,0,CHEMBL5398256,N=C(N)NCCCC[C@H](N)C(=O)NCCCC[C@H](NC(=O)[C@@H](N)CS)C(=O)N[C@@H](CCN)C(=O)N1C2CCCCC2C[C@H]1C(=O)N[C@@H](CCCNC(=N)N)C(=O)O,39.0,1.591064607026499,CHEMBL5482974,VEGA-NRP1,4,Large-Polar-Aliphatic-Flexible-Hydrophilic,Other
13.63234242505797,13.63234242505797,0.0183049456540553,-5.083333333333334,0.1047590127943719,22.3125,686.7330000000005,641.3730000000005,686.3363304400002,268,0,0.4902403183070029,-0.4745811720256028,0.4902403183070029,0.4745811720256028,1.0208333333333333,1.6041666666666667,2.125,19.413514289189564,9.935078554435494,2.392854024506239,-2.331968462334482,2.1688183119660662,-2.6276147193365813,5.970584185390575,-0.1924677400579927,3.023715109803813,1.4751214342297036e-06,1296.7956424307968,36.65612529163336,27.46938986713674,27.46938986713674,22.35431603780628,15.224347130210225,15.224347130210225,11.361757106768524,11.361757106768524,7.15743372771856,7.15743372771856,4.195027408640655,4.195027408640655,-4.9,6444096298.382099,41.1232018561485,19.04948850988827,13.449140518639568,275.9843727107739,42.32404762288502,23.664447739827228,5.959554568743835,29.535898646757527,0.0,12.145603805395323,29.381969526150627,4.794537184071822,13.17124514302446,0.0,51.10304694137992,38.17047518309165,26.055090840663738,0.0,47.0449956422961,41.46475850345321,5.409283605791522,37.217520228044314,5.917906046161393,83.21898154773723,20.13718479450234,35.89528683400505,0.0,0.0,37.217520228044314,13.17124514302446,0.0,0.0,90.507376120919,28.76722310443093,11.327189651952915,64.98352761131149,30.33183534230805,0.0,0.0,0.0,230.71,65.35667650878996,37.14393106338357,0.0,37.67395557278594,18.52902952053558,0.0,0.0,65.07445612374774,0.0,37.217520228044314,15.310348184704049,31.73611111111111,0.0,75.12351442431196,34.103361417061194,-0.891529702452095,-5.586333554245709,5.696411932972582,-4.1810078877016625,7.061334021918437,1.6048049036908267,0.5666666666666667,48,9,15,0,1,1,5,1,0,1,4,0,7,9,18,1,8,0,1,1,0,0,16.32033252601077,2,0.4315700000000091,168.20439999999974,1,0,0,0,0,0,0,0,1,1,6,5,0,0,0,0,8,0,0,0,0,0,0,0,0,3,0,5,0,0,0,0,0,0,1,0,0,0,0,0,0,0,0,1,3,0,0,0,0,0,0,0,0,0,0,0,0,0,0,0,0,0,0,0,0,0,0,0,0,0,0,0,0,0,0,0,0,0,0,0,0,0,0,0,0,CHEMBL4103117,CC[C@@H]1NC(=O)[C@H](CCCNC(=N)NC)NC(=O)[C@](C)(NC(=O)C(C)C)CCNC(=O)[C@@H](c2ccccc2)NC1=O.O=C(O)C(F)(F)F,0.9,-0.0457574905606751,CHEMBL612545,Unchecked,4,Large-Polar-Aliphatic-Flexible-Hydrophilic,Other
11.763571646879448,11.763571646879448,0.2435502338370301,-0.6285126781911246,0.3665404085591571,25.333333333333332,550.063,517.8070000000004,549.225515564,204,0,0.4387414007668095,-0.3742401808354538,0.4387414007668095,0.3742401808354538,1.1025641025641026,1.9743589743589745,2.769230769230769,35.49569239120392,9.827671752691728,2.3865400824765897,-2.3871289810156893,2.3945097137378473,-2.4939080065991015,6.303091767764413,0.0246668737432416,3.67892656187001,1.4418406178393304,1554.2684757298805,26.509496442761883,21.97586088278305,22.731789828801503,19.03000977870159,14.000561134407732,14.37852560741696,11.30850238534062,11.744938165812604,8.680878340041986,8.887577292454836,6.6844949322521785,6.85838710062795,-3.24,1768750243.5230863,24.776278019993832,10.05816541898259,4.630222554262346,230.28511892754565,14.20387233244188,5.693927994848461,0.0,11.77274377898642,0.0,5.756062822229453,14.491051978867764,14.762494225966236,0.0,0.0,36.5229835929006,56.07265434387605,31.0466514467483,40.50265192523149,9.259957890773396,28.582680606451532,0.0,29.65967698870563,11.835812092322788,70.56005218298154,18.05154810127597,40.099654600191975,0.0,22.775711979393844,10.65597255307993,5.948339280986494,0.0,11.600939890232516,54.95712257602737,11.281619359712623,11.835812092322788,51.8694885601727,33.84405340119454,5.022633313741326,33.80911341462637,0.0,114.96,5.756062822229453,4.794537184071822,0.0,11.92837088574823,34.97711814326052,60.81507593468058,25.68328649170404,12.393687143226153,12.13273413692322,31.515366877352317,30.828854822900325,13.326575593086998,6.3932813811600875,31.46584416461475,4.424881321959499,3.708781066566511,1.9416193880463064,4.072775706586583,11.88898999041447,4.7216958320092335,0.0,0.5357142857142857,39,1,10,2,1,3,0,0,4,4,2,0,9,1,11,5,5,2,1,3,0,0,6.389843661328215,7,5.074000000000005,147.7336999999998,0,0,0,0,0,6,1,0,0,0,0,0,0,0,0,6,1,0,0,0,0,1,0,0,0,0,0,0,0,1,0,0,0,0,0,0,2,0,0,0,0,1,0,0,1,0,0,1,0,0,0,0,0,0,0,0,1,0,0,0,0,0,0,0,0,0,0,0,0,0,0,0,0,2,0,0,0,0,0,0,0,0,0,0,0,CHEMBL3647052,C[C@H]1CC[C@H](Cn2c(N3CCO[C@@H]4CCC[C@H]43)nc3cc(-c4noc(=O)[nH]4)nc(-c4cncc(Cl)c4)c32)CC1,0.65,-0.1870866433571444,CHEMBL1907611,Tumour suppressor p53/oncoprotein Mdm2,4,Large-Polar-Aromatic-Flexible-Hydrophobic,Large-Polar-Aromatic-Flexible-Hydrophobic
11.350353810589182,11.350353810589182,0.2034986963853498,-1.2354688834591572,0.1625737884872112,24.390243902439025,566.6190000000005,532.3470000000004,566.260130808,218,0,0.3200187084936397,-0.4800858278476824,0.4800858278476824,0.3200187084936397,1.146341463414634,1.951219512195122,2.7560975609756095,16.556014661259336,9.972672149317622,2.449596656302727,-2.4187335791735203,2.3285623905067245,-2.5246002026747973,5.812822597953393,-0.1383574589357058,3.6283231942072978,1.104093090068504,1520.0358462861589,28.67263314957841,22.35966873704143,22.35966873704143,19.77889733867607,13.609651733951452,13.609651733951452,10.939434756895585,10.939434756895585,8.014420258745076,8.014420258745076,5.805489724976517,5.805489724976517,-3.66,2122840336.5665607,27.5069508973068,11.312586037592244,5.49124365904901,234.67897611862227,40.84084076055037,41.78078092641591,17.692941169337626,0.0,0.0,5.969305287951848,14.261546562713654,14.951935562841625,0.0,0.0,18.19910120538483,18.405094737549017,50.21821414163724,12.590483070403598,29.268133259447332,33.9202903602779,0.0,29.318854672333934,11.651573523323576,43.54721919196632,38.45744950672506,48.746722910711576,0.0,0.0,11.46733495432437,5.817862777835028,0.0,0.0,107.68526416676364,16.076156543784446,5.917906046161393,18.212174285357875,47.60042235606792,0.0,22.13312229449103,0.0,202.25,36.55094645107958,20.11411936859394,0.0,18.783440806673617,30.171296796370537,36.16696506554176,17.22173979732044,0.0,24.462264201023885,30.818122093004188,20.621348845177767,13.34712147669835,0.0,28.125697512917434,32.19377174219375,14.470556336479714,-0.5198850045741434,6.96478038443201,0.7207286211625901,3.8638955973569624,0.0,0.4814814814814814,41,7,14,0,2,2,0,1,3,4,5,0,13,5,14,5,11,0,2,2,0,0,7.589628016039228,6,0.0099000000000045,147.30819999999983,1,2,2,1,0,4,0,0,1,1,1,0,0,0,0,6,0,2,0,0,1,0,0,0,0,0,0,0,0,1,0,0,0,0,1,0,2,0,0,0,0,1,1,0,0,0,0,1,0,0,0,0,0,0,0,0,0,0,0,0,0,0,0,0,1,0,0,0,0,0,0,0,0,0,0,0,0,0,0,0,0,0,0,0,0,CHEMBL4636460,Nc1ncnc2c1ncn2[C@@H]1O[C@H](CN(CC[C@H](N)C(=O)O)CC2CN(Cc3coc4ccccc34)C2)[C@@H](O)[C@H]1O,119.0,2.0755469613925306,CHEMBL4106124,MLL1-ASH2L/RbBP5/WDR5/DPY30,4,Large-Polar-Aromatic-Flexible-Hydrophilic,Other
12.497010143662386,12.497010143662386,0.0420484051241139,-1.46903032822282,0.1733644066319819,49.113207547169814,746.9349999999998,684.439,746.424127424,298,0,0.3088676406955223,-0.4808290435630789,0.4808290435630789,0.3088676406955223,0.8679245283018868,1.490566037735849,2.1132075471698113,16.714988738352716,9.339572758841962,2.691577859447573,-2.705990956737516,2.745706109690518,-2.6698880692322233,5.741781242847141,-0.3067765346623496,3.0539289973918806,1.301882468202104,1510.7997388692795,39.05131280601876,33.01514644281562,33.01514644281562,24.60820522756435,19.69889687899572,19.69889687899572,18.72992768036324,18.72992768036324,15.889295219500934,15.889295219500934,12.512763699521722,12.512763699521722,-2.5400000000000005,162959124439.83087,40.132456141331936,13.885404554413814,6.446475313619613,313.20886145463163,39.00389695352236,12.207932775496603,18.49795950483182,0.0,0.0,23.87722115180739,19.178148736287287,0.0,0.0,0.0,39.344073435665635,99.21273692946386,38.52492973755605,24.2298052094063,58.18204568980964,23.87722115180739,0.0,0.0,50.74657653162946,163.01485445937476,6.606881964512918,11.649124636903148,0.0,0.0,0.0,0.0,0.0,0.0,88.71751035666746,42.86246350528753,50.74657653162946,120.10102940354972,11.649124636903148,0.0,0.0,0.0,175.11999999999998,77.62102714642597,34.4977309208094,0.0,52.944299180274825,12.84164324585202,38.524929737556064,26.344316129141134,6.923737199690624,6.923737199690624,33.770968905596376,23.684314769000245,29.07069686696541,0.0,48.803390581997114,33.80888418909396,-0.2152293600869754,-2.614916271057095,0.0,2.1673391731649216,16.729834819922672,0.0,0.8536585365853658,53,3,12,5,1,6,0,0,0,0,16,0,11,3,12,1,7,4,1,5,0,0,10.514252628012512,6,5.350900000000004,190.72939999999943,1,2,2,0,0,0,0,0,1,1,4,3,0,0,0,0,0,0,0,0,0,0,0,0,0,0,2,0,0,0,0,0,0,0,0,0,7,0,0,0,3,5,0,0,0,0,0,0,0,0,0,0,0,0,0,0,0,0,0,0,0,0,0,0,0,0,0,0,0,0,0,0,0,0,0,0,0,0,0,0,0,0,0,0,0,CHEMBL552716,CC(=O)O[C@@H]1[C@@H](OC(C)=O)[C@@H](O)[C@H](OC[C@@H]2[C@@H](OC(C)=O)C[C@H](O)[C@]3(C)[C@H]4CC=C5[C@H]6C[C@](C)(C(=O)O)CC[C@]6(C)CC[C@@]5(C)[C@]4(C)CC[C@@H]23)O[C@H]1C,1100.0,3.041392685158225,CHEMBL394,HCT-116,4,Large-Polar-Aliphatic-Flexible-Hydrophobic,Other
13.286501465942164,13.286501465942164,0.0248313797894421,-4.446503745995261,0.2707516831859869,18.571428571428573,580.6109999999999,549.3630000000002,580.240973512,220,0,0.4159098550259705,-0.4753358811273782,0.4753358811273782,0.4159098550259705,1.0952380952380951,1.8333333333333333,2.4761904761904763,19.413195271456992,9.80263546721581,2.3296772996954513,-2.3664918795752956,2.364721273355625,-2.4078231222404636,5.915042262116052,-0.1371461059897568,3.302264859300954,1.5068077219966451,1571.4550043871354,29.432146173572253,23.011622271536503,23.011622271536503,20.18569175144095,14.023526464482355,14.023526464482355,10.884604158156977,10.884604158156977,8.187127785235694,8.187127785235694,5.639360407113258,5.639360407113258,-4.189999999999999,2586018933.827524,27.95425075712226,11.238035937409864,5.501595137097867,239.9135202382436,24.62718833128892,5.516700717616262,11.465039998602755,11.77274377898642,0.0,12.145603805395323,0.0,14.762494225966236,18.155223663971668,0.0,48.885391102157286,48.94292361202125,12.586597235060536,31.363812655783367,27.80917267573704,28.89938528515736,0.0,19.51903521063298,5.917906046161393,50.990938650120626,29.975218669795225,77.11206258924541,0.0,0.0,10.216698334856808,24.937447201845984,0.0,0.0,56.39522905751189,17.4579178771561,5.917906046161393,59.53733905477935,54.59730361615449,0.0,11.16387793838399,0.0,105.4,17.70905529709232,23.07230972193699,0.0,30.10001978297615,48.52278064923458,36.958650497398246,12.13273413692322,0.0,41.822672189790026,20.184655376751223,9.720841474747257,47.56943844928284,0.0,27.638815772761134,13.23484502461449,1.6006184754777657,-0.3724821388298363,14.683664833581584,-1.1709931357985386,3.56609271891056,0.0,0.4,42,2,9,1,1,2,0,2,2,4,2,0,8,2,12,3,8,1,1,2,0,0,7.479782728854926,6,5.770000000000005,150.60199999999975,0,0,0,0,1,4,0,0,1,1,1,0,0,0,0,5,1,0,0,0,0,0,0,0,0,3,0,0,0,2,0,0,0,0,2,0,1,0,0,0,0,1,0,0,3,0,0,1,0,0,0,0,0,0,0,0,1,0,0,0,0,0,0,0,0,0,0,0,0,0,0,0,0,0,0,0,0,0,0,0,0,0,0,0,0,CHEMBL5088618,C[C@@H](Nc1nc(C(=O)O)nc2nc(N3CCOC[C@H]3c3ccccc3)n(Cc3ccc(C(F)(F)F)cc3)c12)C1CCC1,1.8,0.255272505103306,CHEMBL1907611,Tumour suppressor p53/oncoprotein Mdm2,4,Large-Polar-Aromatic-Flexible-Hydrophobic,Large-Polar-Aromatic-Flexible-Hydrophobic
8.960608000930138,8.960608000930138,0.3827268498427546,0.3827268498427546,0.4678853738153942,17.352941176470587,457.5860000000003,426.33800000000025,457.2702419920001,176,0,0.1558424722615706,-0.3707419147357934,0.3707419147357934,0.1558424722615706,1.0588235294117647,1.8529411764705883,2.588235294117647,15.22899830653623,9.959766417388924,2.298888702425378,-2.4412026483559175,2.2701383354090767,-2.5269976163010544,5.857355572266658,0.1736514327499305,2.858088438530139,1.1068434360627002,1143.2552157036816,23.329851878000294,19.320745295574937,19.320745295574937,16.712172533505807,12.012946471618529,12.012946471618529,9.15085712184576,9.15085712184576,6.695902686027666,6.695902686027666,4.805817661355758,4.805817661355758,-3.48,66014480.49422856,22.319047758432475,10.199380903090928,5.031513042648575,199.5486109519408,26.1670641468758,17.66188357021583,5.817862777835028,0.0,0.0,0.0,0.0,14.951935562841625,5.261891554738487,0.0,0.0,49.23984565662168,63.46042799138093,17.14937352210553,0.0,28.356513265586145,5.261891554738487,19.8518452936921,11.651573523323576,18.88348407499998,61.34678178025115,48.288973977231194,0.0,6.069221312792274,21.267154416025324,17.323111830353618,0.0,0.0,71.70698096422808,0.0,17.249018913692154,18.405094737549017,42.7255224855342,0.0,11.033401435232523,0.0,119.02,0.0,0.0,0.0,0.0,30.612711178831503,68.23455226631746,5.687386274683562,6.3273200747645415,24.26546827384644,48.60330916132353,15.97953755284788,0.0,0.0,18.535109279888623,15.812130715593945,9.157667982651317,2.298768807912208,14.354766322032154,3.7738107941135928,6.734412764474829,0.0,0.44,34,4,9,0,2,2,0,1,2,3,0,0,9,3,9,4,8,0,2,2,0,0,6.695307925956781,5,2.2797800000000006,134.82179999999997,0,0,0,0,0,3,0,0,0,0,0,0,0,0,0,6,2,1,0,0,1,0,0,0,0,0,0,0,0,3,0,0,0,0,1,0,1,0,0,0,0,0,0,0,0,0,0,0,0,0,0,0,0,0,0,0,0,1,0,0,0,0,0,0,0,0,0,0,0,1,0,0,0,1,0,0,0,0,0,0,0,0,0,0,0,CHEMBL5176172,N#Cc1ccc(N2CC(CN3CCC(Nc4ncnc5ccc(NCCN)nc45)CC3)C2)cc1,680.0,2.832508912706236,CHEMBL2093861,Menin/Histone-lysine N-methyltransferase MLL,4,Large-Polar-Aromatic-Flexible-Hydrophilic,Other
8.972880928309756,8.972880928309756,0.4177096330795059,0.4177096330795059,0.510762272924868,17.37142857142857,470.6250000000002,436.35300000000024,470.2906430880001,182,0,0.1372017823829959,-0.3707419147357934,0.3707419147357934,0.1372017823829959,1.0857142857142856,1.8571428571428572,2.5714285714285716,15.228386456546044,9.959545773539103,2.298681840810021,-2.441292201565355,2.274400873904139,-2.526981205700202,5.897254150331791,0.1736555670663389,2.8579864366701178,1.1080526328194928,1172.0006794722765,24.200095366003374,20.613638514388384,20.613638514388384,17.068014581162377,12.65758090325644,12.65758090325644,10.232621044281302,10.232621044281302,6.976675469404388,6.976675469404388,4.940751212839186,4.940751212839186,-3.4399999999999995,91548942.10630263,23.30881472211924,10.445953272712709,5.626562268860948,206.93860448372135,20.433396669713616,17.9630456304346,0.0,0.0,0.0,0.0,0.0,14.951935562841625,5.261891554738487,0.0,13.847474399381248,49.09138463432146,62.30189579993315,23.346217093718607,0.0,28.22603676243467,5.261891554738487,19.8518452936921,11.835812092322788,32.730958474381225,54.802025374338584,48.419450480382665,0.0,6.069221312792274,15.533486938863138,17.323111830353618,0.0,0.0,65.1622245583155,0.0,23.166924959853542,32.25256913693026,42.85599898868567,0.0,10.902924932081056,0.0,93.0,0.0,0.0,0.0,0.0,17.877652921470748,80.21228366077557,5.687386274683562,6.3273200747645415,18.3295777085363,73.50112915011357,5.261891554738487,0.0,0.0,18.4674434083518,17.08916617426619,2.8074081121008145,3.0429765579822634,12.588803970582934,5.674935141373732,10.82926663534227,0.0,0.4814814814814814,35,2,8,0,2,2,0,1,2,3,0,0,8,2,8,4,8,0,2,2,0,0,6.956651126559303,5,3.977080000000003,140.6053999999999,0,0,0,0,0,3,0,0,0,0,0,0,0,0,0,6,2,0,0,0,1,0,0,0,0,0,0,0,0,3,0,0,0,0,1,0,1,0,0,0,0,0,0,0,0,0,0,0,0,0,0,0,0,0,0,0,0,1,0,0,0,0,0,0,0,0,0,0,0,1,0,0,0,1,0,0,0,0,0,0,0,0,0,0,0,CHEMBL5172411,CC(C)CNc1cc2c(NC3CCN(CC4CN(c5ccc(C#N)cc5)C4)CC3)ncnc2cn1,1970.0,3.294466226161593,CHEMBL2093861,Menin/Histone-lysine N-methyltransferase MLL,4,Large-Polar-Aromatic-Flexible-Hydrophobic,Large-Polar-Aromatic-Flexible-Hydrophobic
14.25022549760645,14.25022549760645,0.0,-4.824933765692964,0.3015454815438412,18.89130434782609,673.0540000000001,641.8060000000003,672.193802472,248,0,0.4167980742778372,-0.4945862494167146,0.4945862494167146,0.4167980742778372,0.8478260869565217,1.5217391304347827,2.152173913043478,35.453002286841,9.892290993454589,2.492128301705965,-2.4544731416254852,2.365301387559818,-2.6395002656308892,5.964523711431057,-0.152729621285964,3.0337167204526234,4.801986016095618e-06,1530.4021610231553,32.40720214718992,24.605589882952778,25.422086463880504,21.320465542551865,14.16385506244154,14.16385506244154,10.81886590287658,10.81886590287658,7.976378236539856,7.976378236539856,5.746360662712677,5.746360662712677,-4.2,7352944738.424048,34.668941326530614,13.65367090319091,7.267329076830522,266.83870814688385,24.173455100151532,11.49902366656781,0.0,5.601050810983688,11.814359458703011,12.35259703488695,14.573052889090851,0.0,26.34249028604892,12.407033161179976,12.13273413692322,55.30621272508329,45.11746917278902,36.032294696964655,45.40529056179267,29.908778894566552,0.0,14.783797982648162,0.0,30.795291091722657,51.27824570760346,83.68134523447164,0.0,11.49902366656781,14.373635638450576,32.02987656073248,11.49902366656781,12.407033161179976,78.57754422908785,17.147134218958772,0.0,34.326534905014825,66.99099075938065,0.0,0.0,0.0,75.21000000000001,53.00311818557721,35.93156465419256,0.0,50.63245745805362,24.905391713570666,47.246451422606626,0.0,12.009707272128011,29.16537800469692,4.983978520947208,9.473725907600098,92.41070349438914,0.0,36.14430307224534,0.0,-3.67699659676268,-0.8784916401153455,11.917156969875336,-7.37688946558401,0.9877510993281512,1.5557963999574056,0.3870967741935484,46,0,8,0,2,2,2,2,1,3,1,0,6,0,15,3,6,0,2,2,0,1,10.290398161619216,5,5.952200000000007,158.21449999999967,0,0,0,0,0,1,0,0,0,0,2,2,0,0,0,4,0,0,0,0,1,0,0,0,0,6,0,2,0,1,0,0,0,0,2,0,0,0,0,0,0,2,0,0,7,0,0,0,0,0,0,0,0,0,0,1,0,0,0,0,0,0,0,0,2,0,0,0,0,1,1,0,0,1,0,0,0,0,0,0,0,0,0,0,0,CHEMBL3112802,COc1ccccc1N1CCN(C(=O)C2(Oc3ccc(C(F)(F)F)cc3)CCCN(C(=O)c3cnccc3C(F)(F)F)C2)CC1.Cl,560.0,2.7481880270062,CHEMBL1907611,Tumour suppressor p53/oncoprotein Mdm2,4,Large-Polar-Aromatic-Rigid-Hydrophobic,Large-Polar-Aromatic-Rigid-Hydrophobic
14.79976573057674,14.79976573057674,0.0301057563984217,-4.881936728661692,0.2287893529155674,20.18,749.1739999999998,713.8939999999998,748.1920882199998,272,0,0.426693987644631,-0.4890241713984007,0.4890241713984007,0.426693987644631,1.04,1.76,2.4,35.495695044915294,9.792828192929928,2.5615406469381945,-2.5052460716162437,2.475248359273819,-2.6888001477796557,7.106576336037025,-0.1592679756594278,3.467409732959946,1.5236812626417169,1665.67127143258,36.26900946675572,26.897387756642345,28.469813283588525,23.72354775600185,15.949074183652556,17.206691467916677,11.87700284278708,13.1346201270512,8.774280188275284,10.264785289765893,6.568958750711576,7.696101490975945,-3.7599999999999993,81207818887.32973,37.49417106170636,15.233056664270013,7.612331339979942,292.88324660141,29.27998249499224,22.256174305239448,5.749511833283905,5.601050810983688,11.814359458703011,12.35259703488695,14.57305288909085,0.0,26.34249028604892,11.336785877934735,37.07823284977237,31.040744451236847,56.91835356618095,29.46301205173843,50.511817956633365,40.439471501553825,0.0,14.783797982648164,0.0,56.602512366413265,50.83745568943918,69.13226874683673,0.0,11.49902366656781,14.373635638450576,32.02987656073248,11.49902366656781,22.93772576816725,89.28512243491225,17.147134218958772,0.0,53.405611052561774,48.10558525600012,5.022633313741326,0.0,0.0,95.44,62.58604345784212,41.03809204903327,0.0,52.11049801554158,42.66299921443141,28.361045919226108,4.899909730850477,19.056471336613843,17.032643867773697,4.983978520947208,21.074665797832616,95.29360477259212,6.492551885018846,36.05912177807446,9.531188940406748,-3.165938371910794,-1.5115808073330743,6.706581101825685,-7.442191183364869,2.5644396624686356,0.0,0.4848484848484848,50,1,9,0,2,2,2,1,2,3,2,0,8,1,17,4,10,0,2,2,0,0,11.423016647256118,5,6.776500000000008,173.71129999999957,0,1,1,0,0,1,0,0,0,0,2,2,0,0,0,4,0,0,0,0,1,0,0,0,0,6,0,2,0,1,0,0,0,0,1,0,0,0,0,0,0,2,0,0,7,0,0,0,0,0,0,0,0,0,0,0,0,0,0,0,0,0,0,0,2,0,0,0,0,1,1,0,0,1,0,0,0,0,0,0,0,0,1,0,0,CHEMBL3805987,CCC[C@H]1N(C(=O)c2cnccc2C(F)(F)F)CCC[C@@]1(Oc1csc(C(F)(F)F)c1Cl)C(=O)N1CCN(c2ccccc2OCCO)CC1,130.0,2.113943352306837,CHEMBL1907611,Tumour suppressor p53/oncoprotein Mdm2,4,Large-Polar-Aromatic-Flexible-Hydrophobic,Large-Polar-Aromatic-Flexible-Hydrophobic
13.96798279537767,13.96798279537767,0.0281406794327681,-0.9835161054606194,0.070590846304378,17.144927536231883,1002.6609999999996,942.1809999999994,1001.36947956,368,0,0.2461640673314131,-0.3911853777197258,0.3911853777197258,0.2461640673314131,0.8840579710144928,1.565217391304348,2.246376811594203,35.49569460076027,9.852101688460005,2.4429115411137996,-2.3492676236170187,2.395418943700385,-2.5776511500006727,7.14803872833319,-0.1443203940715463,4.0823709583713965,0.7969576649347763,2641.1026813605167,49.40647318933087,39.96642234820086,42.35534445607476,32.99312995947923,22.91035222598556,24.984466091177403,18.180125161387117,20.67452491539109,11.99304747151095,14.415077988765098,8.230581728965927,10.382160730909236,-5.41,1140294697103681.0,51.44048505626359,23.005063643884657,12.684731249657837,414.5827195741373,40.16739179911033,35.557890926644596,5.824404497999927,23.628718917406022,0.0,0.0,28.73765311671431,4.983978520947208,0.0,32.87093537247155,68.77035390007404,61.93302788017347,47.08177433150035,67.35249729817674,38.49526499252814,63.61491556627871,0.0,40.59871732821011,10.407395202032449,92.08204892479112,52.73080459890265,103.5377992863892,0.0,15.441680662086164,15.950365812018994,0.0,0.0,34.274511646101985,130.01373547615543,39.93349400360001,33.10993926815927,84.12838582540944,59.03388055394593,5.022633313741326,15.441680662086164,0.0,211.48999999999995,41.45883880329197,24.28467613112799,0.0,83.93156370937027,16.67144230974118,53.9782468201946,4.899909730850477,22.67357175586947,93.22726146755473,44.97918234894952,30.803933484268335,18.834943764388832,9.447124023362672,66.77910069401815,29.627308451823247,7.7576925744775025,-0.2311532408132387,12.919962939193082,-0.7365611997679504,14.796026437762135,0.0,0.4693877551020408,69,4,17,0,2,2,4,2,3,5,4,0,15,4,20,5,20,0,1,1,0,0,17.150603370893357,7,5.596680000000006,265.00689999999946,0,1,1,0,0,4,0,0,0,0,4,4,0,1,1,6,3,0,0,0,1,0,0,0,0,0,0,4,0,0,3,0,0,0,2,0,3,0,0,0,0,3,0,0,1,0,0,0,0,0,0,0,0,0,0,0,0,0,0,0,0,0,0,0,0,0,0,0,0,0,0,0,0,0,0,0,0,0,0,0,1,0,1,0,0,CHEMBL4226570,Cc1ncsc1-c1ccc(CNC(=O)[C@@H]2C[C@@H](O)CN2C(=O)[C@@H](NC(=O)COCCOCCOCCNC(=O)C[C@@H]2N=C(c3ccc(Cl)cc3)c3c(sc(C)c3C)-n3c(C)nnc32)C(C)(C)C)cc1,1.5,0.1760912590556812,CHEMBL614489,EOL1,4,Large-Polar-Aromatic-Flexible-Hydrophobic,Large-Polar-Aromatic-Flexible-Hydrophobic
12.75399529738188,12.75399529738188,0.2775143131691988,-4.212406708373326,0.4600760030229351,25.71875,460.5690000000002,433.35300000000024,460.190852524,170,0,0.3933283894768193,-0.3667006242437454,0.3933283894768193,0.3667006242437454,1.03125,1.8125,2.5625,32.13353939556648,9.856372150623784,2.3784544552551505,-2.294428241322952,2.4078526661206845,-2.3217277905913742,7.182460846142972,-0.1261377211784036,3.43672334140137,1.1096652446685011,1044.3289841553362,22.131181265251033,17.73716932988318,18.553665910810903,15.443604242740008,11.294597188829202,12.111093769756929,9.07537742792016,10.190577299209403,6.629598910829493,7.6726479295059855,4.816684299110727,5.843043723607965,-2.1899999999999995,31185322.488037195,21.64502795560311,8.980740603089169,5.232113175894492,189.21379473129633,10.633577208012662,16.975579272220138,0.0,0.0,0.0,6.176298517443475,0.0,9.967957041894415,13.17124514302446,11.336785877934735,30.33183534230805,56.19658912686262,22.878734898158612,11.807045837390806,13.17124514302446,27.371269289855128,0.0,15.284745645900744,5.917906046161393,62.702815959456856,11.861545009918906,53.1661211709325,0.0,0.0,10.633577208012662,18.98910792085949,0.0,11.336785877934735,34.77269362354639,6.4208216229260096,5.917906046161393,48.46261284618974,42.725522485534206,0.0,10.216620634085364,0.0,49.84,12.597120140369483,13.17124514302446,0.0,4.877147193701299,39.953977162539104,43.564828775551355,18.311593189387544,6.06636706846161,0.0,50.93336959221513,0.0,38.261985892145645,1.0949998655168751,9.375610849287568,7.929223036429926,1.431384328111396,1.9881357156220831,13.20104054771813,1.9082889558028475,1.0593308093655316,0.0,0.5,32,2,4,2,0,2,0,1,2,3,2,0,5,2,8,2,7,2,0,2,0,0,6.074636919246405,5,5.912500000000003,122.13340000000004,0,0,0,0,0,2,0,0,0,0,0,0,0,0,0,2,2,0,0,0,0,0,0,0,0,3,0,0,0,1,0,0,0,0,1,0,1,0,0,0,0,0,0,0,3,0,0,0,0,0,0,0,0,0,0,0,0,0,0,0,0,0,0,0,0,0,0,0,0,0,0,0,0,0,0,0,0,0,0,0,0,0,1,0,0,CHEMBL4550942,FC(F)(F)Cc1cc2c(N[C@H]3CC[C@H](CN[C@H]4C[C@@H]4c4ccccc4)CC3)ncnc2s1,184.15,2.2651717231909316,CHEMBL6136,Lysine-specific histone demethylase 1,4,Large-Polar-Aromatic-Flexible-Hydrophobic,Large-Polar-Aromatic-Flexible-Hydrophobic
13.576020111008384,13.576020111008384,0.0108468588690455,-5.083333333333334,0.1036710373828259,22.595744680851062,672.7060000000005,629.3620000000005,672.320680376,262,0,0.4902403183070029,-0.4745811720256028,0.4902403183070029,0.4745811720256028,1.0425531914893618,1.6170212765957446,2.127659574468085,19.41351346812968,9.935080839832969,2.392749008156507,-2.3319028650884723,2.1686877974319443,-2.6275999354990685,5.970517894698459,-0.1924677267092169,2.9871918253475696,1.4116781046036702e-06,1280.0157573749414,35.94901851044681,26.546740136326367,26.546740136326367,21.81631123534549,14.763022264805036,14.763022264805036,11.150432241363337,11.150432241363337,6.921107452686208,6.921107452686208,4.116307844641041,4.116307844641041,-4.9,3694071973.168645,40.12375296912114,18.297073097804272,13.548808761409436,269.409459109782,42.74092649604088,23.664447739827228,5.959554568743835,29.535898646757527,0.0,12.145603805395323,29.381969526150627,4.794537184071822,13.17124514302446,0.0,51.10304694137992,38.17047518309165,19.007418857986544,0.0,47.0449956422961,41.46475850345321,5.409283605791522,31.900731624037984,11.651573523323576,83.21898154773723,13.08951281182515,35.89528683400505,0.0,0.0,37.634399101200174,13.17124514302446,0.0,0.0,83.45970413824182,28.76722310443093,11.327189651952915,64.98352761131149,30.33183534230805,0.0,0.0,0.0,244.69999999999996,65.35667650878996,37.14393106338357,0.0,37.67395557278594,18.52902952053558,0.0,6.923737199690624,51.10304694137992,0.0,31.900731624037984,21.044015661866233,31.73611111111111,0.0,74.89808726586736,30.79754779455657,4.427311442778138,-5.988976094379126,5.631009222761797,-4.276430527832095,6.942006451802905,0.0,0.5517241379310345,47,10,15,0,1,1,5,1,0,1,4,0,7,9,18,1,8,0,1,1,0,0,15.620154064558529,2,0.1708700000000087,163.33209999999983,1,0,0,0,0,0,0,0,1,1,6,5,0,0,0,0,7,1,0,0,0,0,0,0,0,3,0,5,0,0,0,0,0,0,1,0,0,0,0,0,0,0,0,1,3,0,0,0,0,0,0,0,0,0,0,0,0,0,0,0,0,0,0,0,0,0,0,0,0,0,0,0,0,0,0,0,0,0,0,0,0,0,0,0,0,CHEMBL4073865,CC[C@@H]1NC(=O)[C@H](CCCNC(=N)N)NC(=O)[C@](C)(NC(=O)C(C)C)CCNC(=O)[C@@H](c2ccccc2)NC1=O.O=C(O)C(F)(F)F,1.08,0.0334237554869497,CHEMBL612545,Unchecked,4,Large-Polar-Aliphatic-Flexible-Hydrophilic,Other
14.205762359971017,14.205762359971017,0.2057072049607557,-1.2482621138296714,0.1125439218028157,27.69090909090909,764.9729999999994,704.4929999999999,764.4697296400001,302,0,0.2459097994169275,-0.3701604379834824,0.3701604379834824,0.2459097994169275,0.7636363636363637,1.3818181818181818,2.036363636363636,16.17604160474061,10.018371325936124,2.5355944116050457,-2.3141756598129883,2.366233942509131,-2.599913808095499,5.997624168412087,-0.1431819384314005,3.5290388050748533,1.348936717001753,1537.7298081508586,39.37345747344078,31.914255787789543,31.914255787789543,26.485708666966936,20.183238196320016,20.183238196320016,15.517814953748482,15.517814953748482,11.28776778758342,11.28776778758342,7.927943913567661,7.927943913567661,-4.7299999999999995,1095918118482.1182,41.43376195580322,19.734660845760793,11.400183838076552,323.0544115324678,47.851097436056975,29.70628856897519,5.959554568743835,35.443078376109035,0.0,0.0,34.17650671022245,0.0,0.0,0.0,62.435943456938105,69.77166772095711,32.59984724657631,6.041840829147961,28.76722310443093,41.40263294485287,5.409283605791522,36.38376248173261,11.46733495432437,138.48127536493934,26.1790256236503,35.89528683400505,0.0,0.0,38.051277974356026,0.0,0.0,0.0,113.12960742832728,35.18804472735694,5.409283605791522,101.87577583558718,30.33183534230805,0.0,0.0,0.0,244.94,53.46966858617766,28.76722310443093,0.0,36.52273700265037,77.54559860705838,44.08838122925306,4.899909730850477,4.899909730850477,30.33183534230805,26.583943020031658,16.876618560115894,0.0,0.0,85.85238316462765,21.91760450966098,11.375493743720138,-2.546966943189097,5.176242852944538,9.471923594267205,1.5033190779685754,0.0,0.6666666666666666,55,10,16,1,3,4,6,1,0,1,5,0,8,8,16,3,6,1,3,4,1,0,14.866931632032054,5,0.2805700000000095,206.0399999999995,0,0,0,0,0,0,0,0,0,0,6,6,0,0,0,2,6,2,0,0,0,0,0,0,0,0,0,6,0,0,0,0,0,0,1,0,2,0,0,0,0,0,0,1,0,0,0,0,0,0,0,0,0,0,0,0,0,0,0,0,0,0,0,0,0,0,0,0,0,0,0,0,0,0,0,0,0,0,0,0,0,0,0,0,0,CHEMBL2314568,N=C(N)NCCC[C@@H]1NC(=O)C2(CC2)NC(=O)[C@@H]2CCCN2C(=O)[C@H](Cc2ccccc2)NC(=O)[C@@H](N)CCCCCCCCNC(=O)[C@@H]2CCCN2C1=O,194.0,2.287801729930226,CHEMBL1615381,Menin,4,Large-Polar-Aliphatic-Flexible-Hydrophilic,Other
14.044457560273358,14.044457560273358,0.2046675782587872,-1.0400476114103812,0.1275487554433259,26.471698113207548,737.9469999999999,678.475,737.4588306079999,292,0,0.2456741009285893,-0.3701604379834824,0.3701604379834824,0.2456741009285893,0.7547169811320755,1.3584905660377358,2.018867924528302,16.174828610297226,10.02979969271443,2.4004162686993875,-2.3056543261930216,2.218821466406859,-2.5806069186426903,5.963913474088086,-0.1426834129175211,3.836309908134563,1.5109452871252256,1425.7390778502977,38.16635069225424,31.12979873741337,31.12979873741337,25.54462165105616,19.454128585713978,19.454128585713978,14.479170950028797,14.479170950028797,10.32452782570639,10.32452782570639,7.405165877010636,7.405165877010636,-4.69,429628049451.42426,41.07134300998121,21.120816935932215,12.74128106136084,312.3554098745878,42.1174299588948,30.209204145739804,5.959554568743835,35.443078376109035,0.0,0.0,34.176506710222455,0.0,0.0,0.0,62.435943456938105,63.853761674795706,39.02066886950232,0.0,28.76722310443093,41.40263294485287,5.409283605791522,36.38376248173261,5.733667477162185,133.4452656893206,26.1790256236503,35.89528683400505,0.0,0.0,32.31761049719384,0.0,0.0,0.0,107.59068217594395,35.18804472735694,5.409283605791522,102.37869141235178,30.33183534230805,0.0,0.0,0.0,218.92,42.02356360444281,28.76722310443093,0.0,42.42991673200187,71.12477698413237,44.08838122925306,11.823646930541102,4.899909730850477,30.33183534230805,26.583943020031658,11.142951082953708,0.0,0.0,84.5286151613794,21.645247531482983,6.308118122953165,-2.408430968787987,5.114706213323499,9.747668806138025,3.064075133510909,0.0,0.6578947368421053,53,8,15,0,3,3,6,1,0,1,5,0,7,7,15,3,6,0,3,3,0,0,16.36717579295646,4,1.1992700000000058,200.1785999999995,0,0,0,0,0,0,0,0,0,0,6,6,0,0,0,2,6,1,0,0,0,0,0,0,0,0,0,6,0,0,0,0,0,0,1,0,2,0,0,0,0,0,0,1,0,0,0,0,0,0,0,0,0,0,0,0,0,0,0,0,0,0,0,0,0,0,0,0,0,0,0,0,0,0,0,0,0,0,0,0,0,0,0,0,0,CHEMBL2315086,C[C@@H]1NC(=O)[C@@H]2CCCN2C(=O)[C@H](Cc2ccccc2)NC(=O)CCCCCCCCCNC(=O)[C@@H]2CCCN2C(=O)[C@H](CCCNC(=N)N)NC1=O,6450.0,3.809559714635267,CHEMBL1615381,Menin,4,Large-Polar-Aliphatic-Flexible-Hydrophilic,Other
14.333273028590312,14.333273028590312,0.1315319894248605,-4.6338716590588,0.1178712009695453,26.9,846.9969999999993,785.5089999999997,846.472764332,332,0,0.4159194897295885,-0.3701604379834824,0.4159194897295885,0.3701604379834824,0.8,1.4333333333333331,2.066666666666667,19.41321232525202,9.750751789431108,2.4940847535287056,-2.4270603501639183,2.3410154634223224,-2.672208527921234,5.988835686275978,-0.1461381099593765,3.8919983467871897,1.395162845284467,1725.3068540513152,43.45080774263041,34.17790571881415,34.17790571881415,28.590880382489473,21.410868508356817,21.410868508356817,16.583906602483527,16.583906602483527,12.156358907968638,12.156358907968638,8.593808811818548,8.593808811818548,-4.9399999999999995,7698983163151.618,46.13190664810901,21.035835980621194,12.090509050735108,348.2809019700397,47.851097436056975,29.70628856897519,5.959554568743835,35.443078376109035,0.0,6.176298517443475,34.17650671022245,0.0,13.17124514302446,0.0,50.303209320014886,82.25885641234473,32.59984724657631,11.605292320844956,41.93846824745539,41.40263294485287,5.409283605791522,36.38376248173261,11.46733495432437,151.0783955053088,26.1790256236503,35.392371257240434,0.0,0.0,38.051277974356026,13.17124514302446,0.0,0.0,113.12960742832728,41.364343244800416,5.409283605791522,113.8600489502102,24.26546827384644,0.0,0.0,0.0,244.94,77.02377805402115,41.93846824745539,0.0,62.62380671624752,58.035264172307215,44.23684225155327,21.932553598624175,0.0,0.0,26.583943020031658,16.876618560115894,40.95691414926885,0.0,86.39954270946082,21.597016834026338,9.57508561300048,-3.4097957993836143,-0.6023027740880083,3.495793379321274,1.154412555060542,0.0,0.6829268292682927,60,10,16,1,3,4,6,1,0,1,5,0,8,8,19,3,6,1,3,4,1,0,16.17372036204916,5,1.689470000000009,215.65899999999945,0,0,0,0,0,0,0,0,0,0,6,6,0,0,0,2,6,2,0,0,0,0,0,0,0,3,0,6,0,0,0,0,0,0,1,0,2,0,0,0,0,0,0,1,3,0,0,0,0,0,0,0,0,0,0,0,0,0,0,0,0,0,0,0,0,0,0,0,0,0,0,0,0,0,0,0,0,0,0,0,0,0,0,0,0,CHEMBL2314576,N=C(N)NCCC[C@@H]1NC(=O)C2(CCC2)NC(=O)[C@@H]2CCCN2C(=O)[C@H](Cc2cccc(C(F)(F)F)c2)NC(=O)[C@@H](N)CCCCCCCCNC(=O)[C@@H]2CCCN2C1=O,2520.0,3.401400540781544,CHEMBL1615381,Menin,4,Large-Polar-Aliphatic-Flexible-Hydrophilic,Other
14.173614295657044,14.173614295657044,0.0,-4.812716197496178,0.3076279124902249,19.511111111111113,657.055,625.807,656.198887852,242,0,0.4167980742778372,-0.4755442280454098,0.4755442280454098,0.4167980742778372,0.8222222222222222,1.488888888888889,2.111111111111111,35.453002229372984,9.892339487176027,2.49122901337154,-2.4517810751867364,2.359337623135081,-2.6382401209057074,5.964150450755164,-0.1542506220833571,3.005968421971938,4.607986774119675e-06,1464.6438837510605,31.536958659186837,23.98179864286508,24.7982952237928,20.85494038516252,14.080990318939207,14.080990318939207,10.92171533583949,10.92171533583949,7.892146562982656,7.892146562982656,5.655588660781664,5.655588660781664,-3.8399999999999985,4662950559.512794,34.04118304977946,13.65393073743873,7.877693065696264,261.7251629173769,14.536682415501003,5.749511833283905,0.0,5.601050810983688,11.814359458703011,12.35259703488695,19.472962619941327,0.0,26.34249028604892,12.407033161179976,30.33183534230805,48.73693007985706,51.662225578701594,23.235110881003564,40.66842760799261,24.221392619882987,0.0,19.68370771349864,0.0,37.34004749763523,39.26853843547545,95.31116379463026,0.0,5.749511833283905,4.736862953800049,26.34249028604892,5.749511833283905,12.407033161179976,76.36765641866079,23.69189062487135,0.0,39.889986396711826,73.05735782784225,0.0,0.0,0.0,65.98,46.458361779664635,35.93156465419256,0.0,44.08770105214105,38.790149098024486,47.122516639620066,0.0,4.899909730850477,30.33183534230805,9.883888251797686,4.736862953800049,86.80099897370313,0.0,36.22457568951979,0.0,-3.3314936630622833,-1.4692488938828363,14.371682186458065,-7.291001402564965,2.1111537764957795,0.0,0.3870967741935484,45,0,7,0,2,2,2,2,1,3,1,0,5,0,14,3,6,0,2,2,0,1,10.328799012936935,5,5.939200000000007,154.72649999999967,0,0,0,0,0,1,0,0,0,0,2,2,0,0,0,4,0,0,0,0,1,0,0,0,0,6,0,2,0,0,0,0,0,0,2,0,0,0,0,0,0,1,0,0,7,0,0,0,0,0,0,0,0,0,0,0,0,0,0,0,0,0,0,0,0,0,0,0,0,1,1,0,0,1,0,0,0,0,0,0,0,0,0,0,0,CHEMBL3112796,Cl.O=C(c1cnccc1C(F)(F)F)N1CCCC(Oc2ccc(C(F)(F)F)cc2)(C(=O)N2CCN(Cc3ccccc3)CC2)C1,39000.0,4.5910646070264995,CHEMBL1907611,Tumour suppressor p53/oncoprotein Mdm2,4,Large-Nonpolar-Aromatic-Rigid-Hydrophobic,Large-Nonpolar-Aromatic-Rigid-Hydrophobic
15.581124555338327,15.581124555338327,0.0899931423743714,-0.3729031603628761,0.4217278729172679,17.05263157894737,540.0430000000001,508.7950000000003,539.2211791320001,200,0,0.2533526379391492,-0.3932126189661752,0.3932126189661752,0.2533526379391492,1.0789473684210529,1.763157894736842,2.4473684210526314,35.49569767683325,10.00026136117758,2.236420280472498,-2.3507931427734614,2.373940682546116,-2.442942022802141,6.319280910112171,0.0546306275385261,2.9247125168769763,1.4639799551360697,1307.5234163391144,26.81082583001261,21.20046548168108,21.956394427699532,18.29573409108168,12.67693212903125,13.054896602040476,9.792013116897971,10.150026204348288,7.21224189560511,7.513431966270266,4.838219107046243,4.97136595695602,-3.4699999999999993,398427081.61351293,26.149637160051835,11.103086137431776,5.52164623030822,225.58139981810083,30.85671266856065,17.831927190493996,10.97097259472782,0.0,5.907179729351506,0.0,4.794537184071822,14.358372089569237,0.0,0.0,23.733674027155736,49.718234994072645,50.39544141886944,17.478738937115427,14.291479626587348,40.38814122146974,0.0,19.76777650359537,0.0,18.94560963360032,62.26657623017163,59.25930463516988,0.0,11.126902983393991,15.950365812018994,27.270436649560533,0.0,11.600939890232516,83.20166043368852,0.0,5.817220841045894,23.19963192162084,42.725522485534206,5.153109816892792,11.126902983393991,0.0,110.85,0.0,9.901064578912528,4.39041504767482,28.668863049722056,59.81414585997031,26.1790256236503,12.393687143226153,35.23174507315853,0.0,32.13223709027889,17.3346073673947,15.581124555338327,6.105126297281292,27.136117050318735,13.095785978324889,9.194504572340804,-0.1244424324989812,10.192770282908755,2.118967351905123,4.2488499450784705,2.062307510113695,0.3703703703703703,38,4,9,0,2,2,1,2,1,3,0,0,8,3,11,3,5,0,2,2,0,0,7.640570364490588,5,3.6106000000000016,147.42739999999986,0,1,1,1,0,2,0,0,0,0,1,1,0,0,0,5,1,1,0,1,1,0,0,0,0,0,0,1,0,4,0,0,0,0,2,0,0,0,0,0,0,0,0,0,2,0,0,0,0,0,0,0,0,0,0,0,0,0,0,0,0,0,0,0,0,0,0,0,0,1,1,0,0,0,0,0,0,0,0,0,0,0,0,0,0,CHEMBL5088364,CN1CCN(c2cc(F)c(-c3ccc(C(=O)N4CCC(O)CC4)cc3)cc2Nc2ncnc(Cl)c2N)CC1,33000.0,4.518513939877887,CHEMBL3883320,Histone-lysine N-methyltransferase 2A/WDR5,4,Large-Polar-Aromatic-Rigid-Hydrophobic,Large-Polar-Aromatic-Rigid-Hydrophobic
15.2184107762546,15.2184107762546,0.1554113530980392,-1.3483812919223412,0.2272489274918631,23.70689655172414,791.9729999999996,737.5409999999999,791.4282794280001,306,0,0.2584592115296401,-0.4958311656461858,0.4958311656461858,0.2584592115296401,0.9482758620689656,1.6896551724137931,2.396551724137931,19.14715982951858,9.88337802715882,2.4183704422911494,-2.4240132318905596,2.419528540918838,-2.520263135710278,6.064915208490189,-0.1364608593427805,3.743995185508217,0.8050275548356501,2204.4051940112795,40.29358901420853,33.96915097025155,33.96915097025155,27.934006543381937,20.877037203958412,20.877037203958412,17.5261155405789,17.5261155405789,12.991367406732993,12.991367406732993,10.049864405737884,10.049864405737884,-5.079999999999999,14378894883433.268,38.43876393871342,15.261432702883887,7.291489639787573,338.4477291201225,24.42057066729869,17.460112481177543,0.0,17.762698739689505,5.907179729351506,0.0,29.50021961792275,14.358372089569237,0.0,0.0,18.19910120538483,75.63204125725453,117.673215010285,18.71508986212249,23.510889553690333,40.26018967580563,0.0,34.96845335939939,5.917906046161393,83.21435842580406,69.26766825027909,76.73962351563226,0.0,5.749511833283905,19.853471019507335,16.026140603344878,5.749511833283905,0.0,124.59349420906732,22.554652396982227,5.917906046161393,85.23861006563214,48.79188955399581,0.0,10.902924932081056,0.0,130.24,17.617780377245143,14.383611552215466,4.39041504767482,30.318862739924946,36.741203805893456,99.04901696169485,10.949675706161791,25.85718167150926,18.46005421168776,67.15597859035412,14.704819995694464,20.93175759977693,0.0,62.32941490944115,3.610737057334304,5.527827777534881,0.929213153207983,11.762875870719435,7.458560333816925,12.623166301468835,1.576446996699553,0.5227272727272727,58,2,13,0,5,5,3,2,2,4,3,0,10,2,14,7,9,0,3,3,0,1,10.114320845391635,9,4.850200000000004,219.8618999999993,0,0,0,0,0,3,1,0,0,0,3,3,0,0,0,7,2,0,0,0,0,1,0,0,0,1,0,3,0,2,0,0,0,0,2,0,4,0,0,0,0,1,0,0,1,0,0,0,1,0,0,0,0,0,0,1,0,0,0,0,0,0,0,0,1,0,0,0,0,2,1,0,0,0,0,0,0,0,0,0,0,0,0,0,0,CHEMBL4789907,COc1cc(N2CCN(CC3CCN(c4ncc([C@@H]5c6[nH]c7ccccc7c6C[C@@H](C)N5CC(C)(C)F)cn4)CC3)CC2)cc2c1C(=O)N(C1CCC(=O)NC1=O)C2,0.7,-0.1549019599857432,CHEMBL4523681,Protein cereblon/Estrogen receptor,4,Large-Polar-Aromatic-Flexible-Hydrophobic,Large-Polar-Aromatic-Flexible-Hydrophobic
13.234413811136882,13.234413811136882,0.0477021321891637,-1.0352511603298302,0.0974847812192588,15.24561403508772,783.8390000000002,738.479,783.3227906400001,300,0,0.2639041945727122,-0.4962577115099613,0.4962577115099613,0.2639041945727122,0.9298245614035088,1.649122807017544,2.3508771929824563,16.522105860318565,9.98632449054459,2.451738891001724,-2.2741643070425654,2.376415105129991,-2.5379791918123455,6.251561774614402,-0.1359431910920594,3.453873742588925,0.9007102650738698,2232.632552573371,40.63888847582927,32.21590779040019,32.21590779040019,27.51447810609508,18.39745554581296,18.39745554581296,13.588517029656956,13.588517029656956,9.715724358322266,9.715724358322266,6.968577616812894,6.968577616812894,-6.170000000000001,3850608542543.766,40.49175760202418,18.18524590850686,8.954523336821698,327.75627090224333,34.148128671004216,17.54086449571577,0.0,17.721539188054518,17.373626353755018,0.0,48.86780969108543,0.0,0.0,0.0,6.06636706846161,54.75000465407304,62.9441313045607,69.26845803607509,42.9201377355593,45.99573335037068,0.0,29.98447483845218,7.04767198267719,25.428240480912553,72.64585274502798,82.0328916798237,0.0,22.6259266499618,30.983358614671097,5.687386274683562,11.49902366656781,0.0,122.2577012473667,37.44976584840533,0.0,39.121072089086645,59.78327030968071,0.0,21.899351412323583,0.0,199.73,29.67055974655398,28.76722310443093,0.0,55.19351318858794,55.42066730247972,26.97648842040626,10.633466716252965,51.9905319169947,30.1466829189125,20.9343443329662,18.947451815200196,24.28422124327885,0.0,82.49139515712585,9.440544772651725,3.072995075856048,-1.2755329659373975,9.42027000741676,5.117089216775446,2.2862153288144675,6.662802164018247,0.375,57,3,17,0,2,2,5,2,2,4,1,0,14,3,17,4,18,0,1,1,0,1,12.918466127376522,6,1.7122000000000035,208.10909999999947,0,0,0,0,0,2,0,0,0,0,5,5,0,0,0,4,3,0,0,1,0,0,0,0,0,0,0,5,0,1,1,0,0,0,2,0,2,0,0,0,0,4,0,0,0,0,0,0,2,0,0,0,0,0,0,2,0,0,0,0,0,0,0,0,0,0,0,0,0,1,0,0,0,2,0,0,0,0,0,0,0,0,0,0,0,CHEMBL5267184,COc1cc(-c2cn(C)c(=O)c3cnccc23)cc(OC)c1CN(C)CC(=O)NCCOCCOCCNc1cccc2c1C(=O)N(C1CCC(=O)NC1=O)C2=O,4.872,0.6877072796248189,CHEMBL614489,EOL1,4,Large-Polar-Aromatic-Flexible-Hydrophilic,Other
12.704786216764308,12.704786216764308,0.0579509613044129,-0.0579509613044129,0.266007545211706,16.6,565.122,527.8260000000002,564.2728001040001,212,0,0.2507795339052034,-0.3932126189662964,0.3932126189662964,0.2507795339052034,1.0,1.725,2.475,35.49569776290602,10.014487361416514,2.1919170279953493,-2.349942565331004,2.35520494931125,-2.442279579038685,6.319275985629082,0.0373779859698399,2.9858340031435926,1.2851129303949247,1291.6915299854168,27.898765978752643,22.9048560471954,23.660784993213852,19.474366886035764,13.770112383234844,14.14807685624407,10.214830873120558,10.572843960570877,7.4496767667128285,7.750866837377985,4.98555014509463,5.118696995004407,-3.4399999999999995,1329208834.9272466,28.101778026757547,13.276708445950677,7.001737736926451,240.0149223048867,30.90392710067585,12.014706349448105,10.97097259472782,0.0,5.907179729351506,0.0,9.6944469149223,9.967957041894415,0.0,0.0,29.800041095617345,55.4056212687562,51.376746333085016,24.58853647839296,9.53140013787187,40.38814122146974,0.0,25.0845651076017,0.0,6.4208216229260096,88.56985297102263,59.508450862585605,0.0,11.126902983393991,21.267154416025324,22.880021601885716,0.0,11.600939890232516,98.2944433919505,4.736862953800049,0.0,16.77881029869483,48.791889553995816,5.153109816892792,11.126902983393991,0.0,111.88,0.0,4.794537184071822,0.0,11.0602895462443,23.61345695012816,87.94955592610098,6.3273200747645415,0.0,24.26546827384644,60.54803663052053,22.071470321194752,5.389308922738742,6.156220610690564,28.036252708579045,6.645067056416637,11.08159135427484,0.407944005547165,14.017615607610892,2.3136161411755367,8.925992574991488,2.137502129086202,0.4137931034482758,40,4,10,0,2,2,1,2,1,3,0,0,9,3,11,3,9,0,2,2,0,0,9.327477841852076,5,3.3267,160.5342999999997,0,0,0,1,0,2,0,0,0,0,1,1,0,0,0,5,2,1,0,1,0,0,0,0,0,0,0,1,0,4,0,0,0,0,2,0,0,0,0,0,0,1,0,0,1,0,0,0,0,0,0,0,0,0,0,0,1,0,0,0,0,0,0,0,0,0,0,0,0,0,1,0,0,0,0,0,0,0,0,0,0,0,0,0,0,CHEMBL5073808,CN1CCN(c2ccc(-c3ccc(C(=O)NCCCN4CCOCC4)cc3)cc2Nc2ncnc(Cl)c2N)CC1,160.0,2.204119982655925,CHEMBL3883320,Histone-lysine N-methyltransferase 2A/WDR5,4,Large-Polar-Aromatic-Flexible-Hydrophobic,Large-Polar-Aromatic-Flexible-Hydrophobic
12.81829470966591,12.81829470966591,0.2263116204044892,-4.228902903429761,0.4545876786603636,19.11111111111111,519.6370000000002,487.3810000000002,519.227966304,194,0,0.3933283894768193,-0.4903299838357868,0.4903299838357868,0.3933283894768193,1.0555555555555556,1.8333333333333333,2.5833333333333335,32.13353968526968,10.036406013485555,2.291121529193574,-2.3259670675658626,2.329037354921361,-2.384295657337587,7.18246605110077,-0.1261392211920298,3.2383727261447173,1.1375618749439915,1153.9323170209166,25.122745096813752,20.42911434733772,21.24561092826545,17.30377758804614,12.538031148649212,13.354527729576938,9.908419995886309,11.023619867175553,6.956511711650394,7.999560730326884,5.004472498613177,6.030831923110424,-2.43,158221191.86343288,25.229257435096397,10.900816144035652,6.657456622828655,213.02702934639515,14.953561288656855,28.829057493252343,0.0,0.0,0.0,6.176298517443475,4.899909730850477,9.967957041894415,13.17124514302446,11.336785877934735,12.13273413692322,56.493511171463055,43.64277005241213,11.807045837390806,17.908108096824506,27.371269289855128,0.0,19.76777650359537,0.0,56.97097025488236,38.54348621033382,47.09975410247088,0.0,5.749511833283905,10.05365155780638,18.98910792085949,5.749511833283905,11.336785877934735,71.31657984426259,12.965578028838586,0.0,36.12388517710233,36.65915541707259,0.0,10.216620634085364,0.0,53.52,12.597120140369483,13.17124514302446,0.0,10.91898802284926,22.13844979966869,75.49336623248556,11.890771566461538,6.06636706846161,6.06636706846161,50.33133829566372,4.736862953800049,44.706538333960744,1.0822517562826122,14.134670700341903,4.138183682848048,1.2498266520415902,1.577703954167803,10.23298024829199,0.5639524642495023,4.910922765830099,2.1529694419857073,0.5384615384615384,36,1,6,0,2,2,0,1,2,3,0,0,7,1,10,4,7,0,2,2,0,0,7.639430465292509,5,5.3456000000000055,136.68469999999996,0,0,0,0,0,2,0,0,0,0,0,0,0,0,0,4,1,0,0,0,2,0,0,0,0,3,0,0,0,1,0,0,0,0,1,0,1,0,0,0,0,1,0,0,3,0,0,0,0,0,0,0,0,0,0,0,0,0,0,0,0,0,0,0,0,0,0,0,0,2,0,0,0,0,0,0,0,0,0,0,0,0,1,0,0,CHEMBL4588943,CN1CCC(Oc2cccc(CN3CCC(Nc4ncnc5sc(CC(F)(F)F)cc45)CC3)c2)CC1,2350.0,3.3710678622717363,CHEMBL2093861,Menin/Histone-lysine N-methyltransferase MLL,4,Large-Polar-Aromatic-Flexible-Hydrophobic,Large-Polar-Aromatic-Flexible-Hydrophobic
14.273663594538917,14.273663594538917,0.2043297944924362,-1.2760398916074491,0.1148155646413218,27.625,778.9999999999993,716.5039999999999,778.4853797040001,308,0,0.2459060810221354,-0.3701604379834824,0.3701604379834824,0.2459060810221354,0.75,1.375,2.017857142857143,16.175844739850813,9.750752385094138,2.492851105974385,-2.427048526514594,2.335804869395209,-2.672204515701101,5.988696905705081,-0.146134283501519,3.866903119679218,1.369797387908886,1554.752577470353,40.080564254627326,32.62136256897609,32.62136256897609,26.985708666966936,20.683238196320016,20.683238196320016,15.871368344341755,15.871368344341755,11.744874568769966,11.744874568769966,8.333273999457573,8.333273999457573,-4.7299999999999995,1740599640820.8535,42.41330921293691,20.438648993144454,11.193748370026722,329.4193536468644,47.851097436056975,29.70628856897519,5.959554568743835,35.443078376109035,0.0,0.0,34.17650671022245,0.0,0.0,0.0,62.435943456938105,76.19248934388312,32.59984724657631,6.041840829147961,28.76722310443093,41.40263294485287,5.409283605791522,36.38376248173261,11.46733495432437,144.90209698786535,26.1790256236503,35.89528683400505,0.0,0.0,38.051277974356026,0.0,0.0,0.0,113.12960742832728,35.18804472735694,5.409283605791522,108.2965974585132,30.33183534230805,0.0,0.0,0.0,244.94,53.46966858617766,28.76722310443093,0.0,36.52273700265037,83.96642022998441,44.08838122925306,4.899909730850477,4.899909730850477,30.33183534230805,26.583943020031658,16.876618560115894,0.0,0.0,86.48066524850498,22.07267452802645,11.381247386930076,-2.5194565950415733,5.177123584556343,10.154426769055142,1.5033190779685754,0.0,0.675,56,10,16,1,3,4,6,1,0,1,5,0,8,8,16,3,6,1,3,4,1,0,15.479834636444952,5,0.6706700000000101,210.6569999999994,0,0,0,0,0,0,0,0,0,0,6,6,0,0,0,2,6,2,0,0,0,0,0,0,0,0,0,6,0,0,0,0,0,0,1,0,2,0,0,0,0,0,0,1,0,0,0,0,0,0,0,0,0,0,0,0,0,0,0,0,0,0,0,0,0,0,0,0,0,0,0,0,0,0,0,0,0,0,0,0,0,0,0,0,0,CHEMBL2314569,N=C(N)NCCC[C@@H]1NC(=O)C2(CCC2)NC(=O)[C@@H]2CCCN2C(=O)[C@H](Cc2ccccc2)NC(=O)[C@@H](N)CCCCCCCCNC(=O)[C@@H]2CCCN2C1=O,102.0,2.0086001717619175,CHEMBL1615381,Menin,4,Large-Polar-Aliphatic-Flexible-Hydrophilic,Other
16.242737376944177,16.242737376944177,0.0231975919708324,-0.4334576393013092,0.3590901353382371,16.743589743589745,554.07,520.8060000000003,553.2368291960001,206,0,0.2241512700328807,-0.3932126102384892,0.3932126102384892,0.2241512700328807,1.1025641025641026,1.8205128205128205,2.5384615384615383,35.495697728116724,9.959923407188114,2.233101909048661,-2.3511274606153902,2.3886620976260176,-2.443152193421188,6.319296789825535,-0.1172596051928637,2.936675164196652,1.3977433601617704,1310.0088821046866,27.35479590438263,21.92139336233157,22.677322308350025,18.88505048855873,13.157805923890908,13.535770396900135,10.048714876860576,10.406727964310893,7.33722729092431,7.638417361589466,4.968548109762434,5.101694959672211,-3.47,699534630.8854829,27.110325720717036,12.148026042913644,6.405097359129077,232.05568192321297,30.90392710067585,17.702092624131666,16.788193435773714,5.907179729351506,0.0,0.0,4.794537184071822,14.358372089569237,0.0,0.0,23.733674027155736,55.63614104023405,57.0644489419827,5.687386274683562,13.92181518554669,46.0755274961533,0.0,14.867866772744891,5.917906046161393,19.26246486877803,67.70761595137864,53.695853143472895,0.0,11.126902983393991,21.267154416025324,32.9578229242441,0.0,11.600939890232516,67.21550803744971,9.53140013787187,11.735126887207286,19.26246486877803,42.725522485534206,5.153109816892792,11.126902983393991,0.0,108.64,5.817220841045894,4.794537184071822,4.39041504767482,28.252924873446453,42.366780856190786,44.70805514418588,6.3273200747645415,30.33183534230805,6.06636706846161,37.44902569428521,22.071470321194752,21.616057304506576,6.095553666941602,24.969702354171066,6.141685489882534,8.986851188520115,0.1263796552960292,10.882820182440366,3.559601038090375,4.662209273565983,2.0702509576964685,0.3928571428571428,39,4,9,0,2,2,1,2,1,3,0,0,8,3,11,3,7,0,2,2,0,0,8.444536997106209,5,4.768900000000003,153.0727999999998,0,0,0,1,0,2,0,0,0,0,1,1,0,0,0,4,2,1,0,1,0,0,0,0,0,0,0,1,0,5,0,0,0,0,2,0,0,0,0,0,0,1,0,0,2,0,0,0,0,0,0,0,0,0,0,0,0,0,0,0,0,0,0,0,0,0,0,0,0,0,1,0,0,0,0,0,0,0,0,0,0,0,0,0,0,CHEMBL5080804,CN1CCN(c2ccc(-c3ccc(NC(=O)CC4CCOCC4)cc3)c(F)c2Nc2ncnc(Cl)c2N)CC1,85000.0,4.929418925714293,CHEMBL3883320,Histone-lysine N-methyltransferase 2A/WDR5,4,Large-Polar-Aromatic-Flexible-Hydrophobic,Large-Polar-Aromatic-Flexible-Hydrophobic
14.58489794413943,14.58489794413943,0.0433981234612033,-1.343264402732616,0.0379195178715675,23.464788732394368,980.1409999999996,914.6209999999996,979.50282066,380,0,0.2456755447164284,-0.3701604379834824,0.3701604379834824,0.2456755447164284,0.8309859154929577,1.5492957746478873,2.2816901408450705,16.18103390029582,10.016184710655912,2.4146254178582085,-2.3078336168508096,2.2326191764730763,-2.594303656407451,5.98521745008687,-0.1429331230284363,4.129383661908852,1.2942223621021076,2496.359783915147,51.19093023970704,39.96275588277154,39.96275588277154,33.99701914923733,24.012948897012084,24.012948897012084,18.188601656895084,18.188601656895084,12.922042927787674,12.922042927787674,9.24819845860794,9.24819845860794,-7.780000000000001,2561270961074377.0,52.58853529130107,24.67206064109925,14.162996813781692,410.6327337087669,63.46865316501685,48.33472663318368,5.959554568743835,53.16461756416355,0.0,0.0,48.56011826243792,0.0,0.0,0.0,60.68297676136064,75.48358023495432,56.49941816697449,0.0,43.1508346566464,70.02709706498845,5.409283605791522,52.00131821069248,11.46733495432437,126.39041726182504,19.634269217737724,84.07309038482934,0.0,0.0,48.68485518236869,0.0,0.0,0.0,141.87696596647697,55.992477902498415,5.409283605791522,76.34095036618332,72.94618740143534,0.0,10.902924932081056,0.0,335.99999999999994,101.49934419734724,43.1508346566464,0.0,70.53957514696364,24.825916360475023,16.466376423778055,23.647293861082204,42.61435205912728,30.33183534230805,42.201498748991526,16.876618560115894,0.0,0.0,130.1696769867856,27.23453352393107,13.228716026535476,-6.095961891701482,7.192232185684828,6.472323537465513,3.2984796312990228,0.0,0.4693877551020408,71,13,22,0,3,3,9,2,1,3,8,0,10,11,22,4,15,0,2,2,0,0,18.27419058779673,6,-1.0177300000000036,261.27009999999956,0,0,0,0,0,1,1,0,0,0,9,9,0,0,0,2,9,2,0,0,1,1,0,0,0,0,0,9,0,0,0,0,0,0,2,0,2,0,0,0,0,0,0,1,0,0,0,0,0,0,0,0,0,0,0,0,0,0,0,0,0,0,0,0,1,0,0,0,0,0,0,1,0,0,0,0,0,0,0,0,0,0,0,0,0,CHEMBL4789846,CC(=O)N[C@@H](Cc1c[nH]c2ccccc12)C(=O)N[C@H]1C/C=C\C[C@@H](C(=O)N2CCC[C@H]2C(=O)N[C@@H](CCCNC(=N)N)C(N)=O)NC(=O)[C@H](C)NC(=O)[C@@H]2CCCN2C(=O)[C@H](Cc2ccccc2)NC1=O,77730.0,4.8905886677054875,CHEMBL2093861,Menin/Histone-lysine N-methyltransferase MLL,4,Large-Polar-Aromatic-Flexible-Hydrophilic,Other
12.776716838856771,12.776716838856771,0.2923515261310625,-4.207450152862337,0.5680795129365779,22.225806451612904,446.54200000000014,421.3420000000002,446.17520246,164,0,0.3933283894807131,-0.3559581479980869,0.3933283894807131,0.3559581479980869,1.096774193548387,1.870967741935484,2.6129032258064515,32.13353933137053,9.962527199505196,2.3786545084910697,-2.3283292049947084,2.406915947526701,-2.3794607919708466,7.182472806809387,-0.1261373993318637,3.4230423769639513,1.159644423545509,1028.227662099025,21.424074484064487,17.107032656193514,17.92352923712124,14.960440995145614,10.795487803090316,11.611984384018044,8.618814325641225,9.734014196930472,6.335036136587519,7.378085155264012,4.585788435922351,5.60676037057037,-2.1899999999999995,19768973.41015434,20.698209348830897,8.390290571407741,4.849081804490285,183.05882410349503,10.216698334856808,16.975579272220138,0.0,0.0,0.0,6.176298517443475,0.0,9.967957041894415,13.17124514302446,11.336785877934735,30.33183534230805,43.35494588101061,29.926406880835803,11.807045837390806,13.17124514302446,27.371269289855128,0.0,15.284745645900744,5.917906046161393,43.81933188445687,24.5341789485882,53.1661211709325,0.0,0.0,10.216698334856808,18.98910792085949,0.0,11.336785877934735,41.820365606223575,6.4208216229260096,5.917906046161393,35.620969600337716,42.725522485534206,0.0,10.216620634085364,0.0,41.05,12.597120140369483,13.17124514302446,0.0,0.0,27.585196534792612,55.0167853338243,18.311593189387544,6.06636706846161,0.0,50.51649071905926,0.0,38.33015051657031,1.1116563527558694,11.739587011007742,4.477752181951559,1.4196786911251442,2.0290383709622457,12.872744074882876,-0.3284140329243297,2.7644735003352428,0.0,0.4782608695652174,31,1,4,1,1,2,0,1,2,3,2,0,5,1,8,3,6,1,1,2,0,0,5.602064217565142,5,5.158200000000004,117.70170000000005,0,0,0,0,0,2,0,0,0,0,0,0,0,0,0,3,1,0,0,0,0,0,0,0,0,3,0,0,0,1,0,0,0,0,1,0,1,0,0,0,0,0,0,0,3,0,0,0,0,0,0,0,0,0,0,0,0,0,0,0,0,0,0,0,0,0,0,0,0,1,0,0,0,0,0,0,0,0,0,0,0,0,1,0,0,CHEMBL4569986,FC(F)(F)Cc1cc2c(N3CCC(CN[C@H]4C[C@@H]4c4ccccc4)CC3)ncnc2s1,61.04,1.785614524946824,CHEMBL6136,Lysine-specific histone demethylase 1,4,Large-Nonpolar-Aromatic-Rigid-Hydrophobic,Large-Nonpolar-Aromatic-Rigid-Hydrophobic
16.278602655462386,16.278602655462386,0.0927504715454312,-0.4482620436678528,0.2578467191998186,16.51219512195122,583.112,546.8240000000002,582.2633782920001,218,0,0.2507795340085707,-0.3932126102384892,0.3932126102384892,0.2507795340085707,1.048780487804878,1.7804878048780488,2.5121951219512195,35.495697835767615,10.005401407945447,2.231422121829855,-2.3511169935421448,2.38634439956744,-2.443153712628515,6.31929956056051,0.0373779584241783,2.9940565385665785,1.3267015468451857,1345.3883174710045,28.769009466755723,23.205470251015,23.961399197033455,19.901887240964328,13.881744350549832,14.25970882355906,10.304133741066288,10.662146828516605,7.541094848786055,7.842284919451211,5.043274134531245,5.176420984441022,-3.5099999999999993,1975216368.508164,28.99855099228829,13.43453438842312,7.04582080945901,244.180457707813,30.90392710067585,17.702092624131666,16.788193435773714,0.0,5.907179729351506,0.0,9.6944469149223,14.358372089569237,0.0,0.0,23.733674027155736,49.842169777059205,56.94019782478201,18.9011502037094,13.92181518554669,40.38814122146974,0.0,25.0845651076017,0.0,6.4208216229260096,88.56985297102263,59.25930463516989,0.0,11.126902983393991,21.267154416025324,27.270436649560533,0.0,11.600939890232516,98.2944433919505,4.736862953800049,5.817220841045894,16.77881029869483,42.725522485534206,5.153109816892792,11.126902983393991,0.0,111.88,5.817220841045894,4.794537184071822,4.39041504767482,28.252924873446453,28.922497155687125,65.44788039333986,6.3273200747645415,30.33183534230805,6.06636706846161,42.34893542513569,22.071470321194752,21.65181493468261,6.1022594428901105,27.492935439089617,6.1556687507980925,8.768299593125935,-0.3649736503655854,10.628362622968195,2.15004074591183,8.124733510331517,2.0686363883454617,0.4137931034482758,41,4,10,0,2,2,1,2,1,3,0,0,9,3,12,3,9,0,2,2,0,0,9.502000744398496,5,3.4658000000000007,160.4922999999997,0,0,0,1,0,2,0,0,0,0,1,1,0,0,0,5,2,1,0,1,0,0,0,0,0,0,0,1,0,4,0,0,0,0,2,0,0,0,0,0,0,1,0,0,2,0,0,0,0,0,0,0,0,0,0,0,1,0,0,0,0,0,0,0,0,0,0,0,0,0,1,0,0,0,0,0,0,0,0,0,0,0,0,0,0,CHEMBL5091482,CN1CCN(c2ccc(-c3ccc(C(=O)NCCCN4CCOCC4)cc3)c(F)c2Nc2ncnc(Cl)c2N)CC1,69000.0,4.838849090737256,CHEMBL3883320,Histone-lysine N-methyltransferase 2A/WDR5,4,Large-Polar-Aromatic-Flexible-Hydrophobic,Large-Polar-Aromatic-Flexible-Hydrophobic
14.088949304163048,14.088949304163048,0.0190192116919212,-0.9947531915963828,0.4188770134014887,44.48648648648648,518.6910000000004,472.3230000000003,518.3243538119999,208,0,0.3061557061178896,-0.4810242278197746,0.4810242278197746,0.3061557061178896,0.972972972972973,1.5945945945945943,2.189189189189189,16.36676835973064,9.420212977914384,2.6951307510054257,-2.6208165090592095,2.7128956865992255,-2.605928780353032,5.998990874363822,-0.143342422350871,2.985577508440583,1.7359502262815698,1028.9472726729211,27.877950698581344,23.504798606024632,23.504798606024632,16.923134717362164,13.994840702776944,13.994840702776944,14.127323966158912,14.127323966158912,11.802297464051728,11.802297464051728,9.388684188881166,9.388684188881166,-1.5699999999999998,63669807.930459626,28.438352219624154,8.98785247332983,3.894095396358275,220.27114600794536,20.426109579362823,5.783244946364939,5.783244946364939,0.0,0.0,5.969305287951848,14.383611552215466,0.0,0.0,0.0,48.46616039783436,65.25508056844781,30.25055986824407,24.2298052094063,34.809721131578286,17.535795180681728,0.0,0.0,45.33158606223268,111.72381092156134,0.0,11.146209060138531,0.0,0.0,0.0,0.0,0.0,0.0,56.27380392328945,14.383611552215466,45.33158606223268,93.41191175831644,11.146209060138531,0.0,0.0,0.0,132.13,51.85907237494526,34.809721131578286,0.0,48.58267289999208,36.82949555184257,0.0,6.923737199690624,0.0,34.61868599845312,6.923737199690624,0.0,0.0,0.0,38.02921197027403,43.25806585743573,-1.0347935340815884,-2.1688688873250843,0.0,0.3910628987620039,13.691988361601576,0.0,0.8333333333333334,37,4,7,4,0,4,0,0,0,0,10,0,6,4,7,0,6,2,0,2,0,0,6.908100387420914,4,3.9233000000000033,138.4252,1,3,3,0,0,0,0,0,1,1,3,2,0,0,0,0,0,0,0,0,0,0,0,0,0,0,1,0,0,0,0,0,0,0,0,0,4,0,0,0,0,0,0,0,0,0,0,0,0,0,0,2,2,0,0,0,0,0,0,0,0,0,0,0,0,0,0,0,0,0,0,0,0,0,0,0,0,0,0,0,0,0,0,0,0,CHEMBL1922174,C[C@H](CC(=O)C[C@@H](C)[C@H]1C[C@H](O)[C@@]2(C)C3=C(C(=O)C[C@]12C)[C@@]1(C)CC[C@H](O)C(C)(C)[C@@H]1C[C@@H]3O)C(=O)O,7250.0,3.8603380065709936,CHEMBL614909,SGC-7901,4,Large-Polar-Aliphatic-Flexible-Hydrophobic,Other
13.485604713123152,13.485604713123152,0.1882504888306206,-4.251282259179985,0.4269994810863909,25.363636363636363,482.5220000000002,459.33800000000014,482.156358836,176,0,0.3933283894768193,-0.3666989213385345,0.3933283894768193,0.3666989213385345,0.9696969696969696,1.7272727272727273,2.4545454545454546,32.13353953160616,9.9064919403458,2.3996692210824064,-2.3006051349769647,2.420364433484269,-2.381117588310668,7.182462085869057,-0.126138825176565,3.3924053916390102,1.144618425295005,1139.572445215189,23.164561460070644,17.631290956335835,18.44778753726356,15.74813469538032,11.026785384565736,11.843281965493464,8.927556384840397,10.042756256129644,6.435174058990457,7.478223077666947,4.6962867111608775,5.722646135658125,-2.33,38415218.705516286,22.461625669327407,8.791162250247277,5.267467103503454,191.17992342275215,10.633577208012662,16.975579272220138,11.634441682091788,0.0,0.0,6.176298517443475,0.0,18.748787137244054,13.17124514302446,11.336785877934735,6.06636706846161,55.866660811711874,28.920575727306577,11.807045837390806,21.9520752383741,27.371269289855128,0.0,15.284745645900744,0.0,68.74465678860481,5.316788604006331,52.66782871610106,0.0,0.0,10.633577208012662,27.76993801620913,0.0,11.336785877934735,34.269778046781774,6.4208216229260096,11.634441682091788,48.46261284618974,30.59278834861098,0.0,10.216620634085364,0.0,49.84,24.231561822461273,21.9520752383741,0.0,22.878734898158612,22.076324241068352,49.004345484261776,24.52642128014937,6.06636706846161,0.0,20.601534249907075,0.0,64.87316507184163,1.0490455791662954,9.185841561850106,7.678730594986838,0.8288762219893417,-0.8279202634964951,6.480369539423604,0.8152250275720208,0.0,0.0,0.4782608695652174,33,2,4,2,0,2,0,1,2,3,2,0,5,2,10,2,6,2,0,2,0,0,5.983751383738677,5,5.943100000000004,117.48040000000006,0,0,0,0,0,2,0,0,0,0,0,0,0,0,0,2,2,0,0,0,0,0,0,0,0,3,0,0,0,1,0,0,0,0,1,0,1,0,0,0,0,0,0,0,5,0,0,0,0,0,0,0,0,0,0,0,0,0,0,0,0,0,0,0,0,0,0,0,0,0,0,0,0,0,0,0,0,0,0,0,0,0,1,0,0,CHEMBL4589914,Fc1ccc([C@@H]2C[C@H]2N[C@H]2CC[C@H](Nc3ncnc4sc(CC(F)(F)F)cc34)CC2)cc1F,146.35,2.1653927267698108,CHEMBL6136,Lysine-specific histone demethylase 1,4,Large-Polar-Aromatic-Rigid-Hydrophobic,Large-Polar-Aromatic-Rigid-Hydrophobic
13.524387879606737,13.524387879606737,0.0933941416852917,-1.0334270115123232,0.162344781870094,18.083333333333332,664.8080000000001,616.4240000000001,664.3696812559999,260,0,0.2455241897321382,-0.350903295282632,0.350903295282632,0.2455241897321382,0.9583333333333334,1.6875,2.3541666666666665,16.1733508722288,9.947594995305527,2.448952854722536,-2.3222978340745706,2.308968529364876,-2.605405705889688,5.963485601973601,-0.141003696016904,3.850682743592733,1.2888550035266606,1424.222812957637,34.68322302912881,27.972944487921,27.972944487921,22.96887191456133,16.759891495390825,16.759891495390825,13.122715416056996,13.122715416056996,8.805279397220469,8.805279397220469,6.233607307088439,6.233607307088439,-4.750000000000001,37773339113.30623,36.09242512783053,16.885486854274014,9.878338614757809,280.5074734688846,36.46783127182934,23.664447739827224,0.0,35.443078376109035,0.0,0.0,28.76722310443093,4.983978520947208,0.0,0.0,57.02095298754132,44.088381229253045,32.127999629290244,18.566004475525578,28.76722310443093,35.443078376109035,0.0,41.45180979277655,5.917906046161393,102.34698872821976,13.08951281182515,54.11337847523112,0.0,0.0,26.583943020031658,0.0,0.0,0.0,87.06490570050632,41.73280113326951,5.917906046161393,76.97434244609941,42.85599898868567,0.0,0.0,0.0,194.49,41.38598692788174,28.76722310443093,0.0,43.025844885980504,44.46672729837765,18.405094737549017,18.15096700530564,6.196843571613076,44.179309741689295,36.55190006192607,0.0,0.0,0.0,86.91142529292176,13.859698694557665,0.489364719127056,-2.4088550869654197,6.813505240581086,7.155718330768028,5.595809475676481,0.0,0.5588235294117647,48,6,14,1,1,2,6,1,1,2,3,0,7,6,14,2,15,1,1,2,0,0,12.69662854239274,4,0.8404000000000069,176.65719999999956,0,0,0,0,0,2,1,0,0,0,6,6,0,0,0,2,6,0,0,0,1,1,0,0,0,0,0,6,0,0,0,0,0,0,1,0,0,0,0,0,0,0,0,0,0,0,0,1,0,0,0,0,0,0,0,0,0,0,0,0,0,0,0,0,0,0,0,0,0,0,0,0,0,0,0,0,0,0,0,0,0,0,0,0,0,CHEMBL1793898,CC(C)CC(=O)N[C@@H](Cc1c[nH]cn1)C(=O)N[C@@H](C)C(=O)NCC(=O)N1CCC[C@H]1C(=O)NC1(C(=O)NCc2ccccc2)CCCC1,90000.0,4.954242509439325,CHEMBL1949,Cyclophilin A,4,Large-Polar-Aromatic-Flexible-Hydrophilic,Other
12.831046999656952,12.831046999656952,0.1654160102146664,-4.250593755166901,0.3511089989834187,15.444444444444445,514.5770000000001,489.3770000000002,514.1762650800001,188,0,0.3933283894768193,-0.4963337174558104,0.4963337174558104,0.3933283894768193,1.2222222222222223,2.0,2.6944444444444446,32.13353968302624,9.996404847646112,2.2919692220828924,-2.329875685110269,2.3443826409036155,-2.3858560080026527,7.1824729114959975,-0.1261390242801183,3.444690660345461,1.267397056708011,1446.2786634150714,25.449018510446816,19.86863641502266,20.685132995950383,17.23482790282484,11.621351601339512,12.437848182267237,9.078961571924417,10.194161443213662,6.68334639413118,7.726395412807671,4.856638599116784,5.882998023614031,-3.359999999999999,155184747.2398777,24.339528994489047,9.594884563960266,4.963838005759924,209.4616051207494,15.037630078753589,34.48824041314478,0.0,0.0,0.0,6.176298517443475,4.899909730850477,9.967957041894415,18.433136697762947,11.336785877934735,0.0,37.46156607416286,47.56930001521038,24.4335440962846,17.908108096824506,38.274194221936185,5.261891554738487,19.8518452936921,0.0,44.94909782097267,25.516098957109016,46.22439945209312,0.0,11.81873314607618,10.05365155780638,18.98910792085949,5.749511833283905,11.336785877934735,52.269294993386225,12.965578028838586,18.254850067221383,34.53962141779577,24.52642128014937,0.0,21.11954556616642,0.0,89.86,12.597120140369483,18.433136697762947,0.0,10.91898802284926,21.728411406768853,71.59203809028344,6.3273200747645415,13.176164609739144,12.13273413692322,38.16159241018133,4.736862953800049,44.15954680877434,1.0591356302779888,14.760353784094727,14.342756083687837,3.606884674851374,1.3832679442116882,7.690041029375837,-2.0626256008232855,4.4897797203115495,1.6541932585712815,0.4,36,2,7,0,1,1,0,1,3,4,0,0,7,2,11,4,6,0,1,1,0,0,6.487082528980174,5,5.542600000000005,133.39839999999998,0,0,0,0,0,3,1,0,0,0,0,0,0,0,0,4,2,0,0,0,1,1,0,0,0,3,0,0,0,1,1,0,0,0,1,0,2,0,0,0,0,1,0,0,3,0,0,0,0,0,0,0,0,0,0,1,0,1,0,0,0,0,0,0,0,0,0,0,0,1,0,0,0,0,0,0,0,0,0,0,0,0,1,0,0,CHEMBL3781456,COc1cc2[nH]c(C#N)cc2c(C)c1CN1CCC(Nc2ncnc3sc(CC(F)(F)F)cc23)CC1,40.0,1.6020599913279625,CHEMBL2093861,Menin/Histone-lysine N-methyltransferase MLL,4,Large-Polar-Aromatic-Rigid-Hydrophobic,Large-Polar-Aromatic-Rigid-Hydrophobic
14.817013793784056,14.817013793784056,0.0304344056199665,-5.044306494692691,0.1525379638727531,19.60377358490566,772.7649999999998,734.4609999999998,772.236539876,288,0,0.425230616209443,-0.4926925914637005,0.4926925914637005,0.425230616209443,1.018867924528302,1.7358490566037736,2.3773584905660377,32.13347787673675,9.792600479928163,2.5606860350671425,-2.5047914690876616,2.4343220104227825,-2.688627953113753,7.099056148983015,-0.1593112361457268,3.591666276464177,1.472591097472438,1779.5306545305402,38.55346651713189,28.581991950783483,29.398488531711212,25.06255305125281,16.952838355053895,17.832491166308788,12.69014855613195,13.601379482550428,9.217046336597546,10.170445323974809,6.840647699260987,7.517748361333369,-4.739999999999999,298980300669.55835,39.467165913199466,16.098923555377777,8.737678987409332,304.26562045556125,34.38650988983294,21.939622351966104,0.0,11.48103914741906,11.814359458703011,18.3219023228388,14.383611552215466,4.983978520947208,26.34249028604892,11.336785877934735,25.477292959539852,37.46156607416286,63.20869868595548,23.899560560041436,60.4128825355459,34.807836899273155,0.0,14.783797982648164,0.0,69.44415561226529,44.230573724926266,63.97915892994394,0.0,17.37901200300318,14.373635638450576,32.02987656073248,17.37901200300318,11.336785877934735,93.75407315319188,21.941671403030593,0.0,66.2472542984138,47.97510875284865,0.0,0.0,0.0,132.74,63.66319193520412,45.832629233105095,0.0,70.76346231906373,47.87853787182891,16.346339569778003,4.899909730850477,25.122838405075452,10.966276799312087,4.983978520947208,14.580253302440804,95.30439111040216,0.3544356222754981,46.77603409726723,20.477345747550352,-3.8274019143583335,-3.753149490972732,7.1776468629002075,-8.487969318274923,2.562000616543888,0.0,0.4857142857142857,53,2,11,0,2,2,2,1,2,3,2,0,9,2,18,4,12,0,2,2,0,0,11.98828088649075,5,6.701200000000007,180.15009999999953,1,0,0,0,0,1,0,1,1,1,3,2,0,0,0,4,0,0,0,0,1,0,0,0,0,6,0,2,0,1,0,0,0,0,1,0,0,0,0,0,0,2,0,0,6,0,0,0,0,0,0,0,0,0,0,0,0,0,0,0,0,0,0,0,2,0,0,0,0,1,1,0,0,1,0,0,0,0,0,0,0,0,1,0,0,CHEMBL5179820,CCC[C@H]1N(C(=O)c2c(C(F)(F)F)ccnc2O)CCC[C@@]1(Oc1csc(C(F)(F)F)c1)C(=O)N1CCN(c2ccccc2OCCCC(=O)O)CC1,11.0,1.0413926851582251,CHEMBL1907611,Tumour suppressor p53/oncoprotein Mdm2,4,Large-Polar-Aromatic-Flexible-Hydrophobic,Large-Polar-Aromatic-Flexible-Hydrophobic
12.96232498404566,12.96232498404566,0.0326341130723546,-0.5349985294087025,0.3832685193949634,26.424242424242426,455.55100000000033,422.28700000000026,455.230787776,178,0,0.3302611107890308,-0.504042290004205,0.504042290004205,0.3302611107890308,1.3333333333333333,2.121212121212121,2.8181818181818183,16.53230952389849,9.527648041792814,2.5655150833484948,-2.5641795047909146,2.580591128930526,-2.599814591377006,5.960762065745927,-0.137330893359661,2.79854644637463,1.834999804244333,1012.5247498889912,23.750347897697548,19.849517726762816,19.849517726762816,15.855739580057875,11.632658932288514,11.632658932288514,9.243595215675644,9.243595215675644,7.510346195589639,7.510346195589639,5.801871124681831,5.801871124681831,-2.8000000000000003,23396696.25126516,23.361271592393663,9.214539451754732,3.9238540841755,194.5512931934805,24.21702598709133,0.0,23.041433484588925,0.0,0.0,5.969305287951848,4.794537184071822,4.794537184071822,0.0,0.0,13.344558822616634,62.20020352289115,35.43503056616302,20.826477047067986,28.906190624384493,17.82857034115067,0.0,4.899909730850477,5.917906046161393,50.4846766128654,34.41890543565775,40.667926628876536,0.0,11.49902366656781,4.736862953800049,0.0,11.49902366656781,0.0,62.21973362481367,30.89861236806653,5.917906046161393,49.29737816648566,23.977572153785548,0.0,6.076020106833881,0.0,85.3,11.384295757348628,14.69560176298435,0.0,29.91332527788421,24.536380292379008,42.49757574978158,20.295615189388947,12.142387175295491,12.999757306524504,11.947581713527669,14.210588861400147,16.15376155015813,0.0,27.48441521990513,11.283050158457772,2.001957009107082,0.4139319802094525,1.915317180948494,8.594887205882676,3.2641532852160324,5.1385264101152295,0.5384615384615384,33,1,7,2,1,3,0,1,0,1,3,2,7,1,7,1,7,0,1,1,0,0,6.523132082765712,4,3.374600000000002,124.18280000000006,0,0,0,0,0,0,0,1,0,0,2,2,0,0,0,1,0,0,0,1,1,0,0,0,0,0,1,0,0,0,0,0,0,0,1,0,1,0,0,0,1,3,0,0,0,0,0,0,0,0,0,1,1,0,0,2,0,0,0,0,0,0,0,0,0,1,1,0,0,1,0,0,0,0,0,0,0,0,0,0,0,0,0,1,0,CHEMBL2337623,CCCCOC(=O)/C=C/c1cc(OC)c(O)c2c1C[C@@H]1[C@@H]3C=C(OC)C(=O)C[C@]23CCN1C,79960.0,4.902872785446079,CHEMBL614822,NIH3T3,4,Large-Polar-Aliphatic-Flexible-Hydrophobic,Other
