MaxAbsEStateIndex,MaxEStateIndex,MinAbsEStateIndex,MinEStateIndex,qed,SPS,MolWt,HeavyAtomMolWt,ExactMolWt,NumValenceElectrons,NumRadicalElectrons,MaxPartialCharge,MinPartialCharge,MaxAbsPartialCharge,MinAbsPartialCharge,FpDensityMorgan1,FpDensityMorgan2,FpDensityMorgan3,BCUT2D_MWHI,BCUT2D_MWLOW,BCUT2D_CHGHI,BCUT2D_CHGLO,BCUT2D_LOGPHI,BCUT2D_LOGPLOW,BCUT2D_MRHI,BCUT2D_MRLOW,AvgIpc,BalabanJ,BertzCT,Chi0,Chi0n,Chi0v,Chi1,Chi1n,Chi1v,Chi2n,Chi2v,Chi3n,Chi3v,Chi4n,Chi4v,HallKierAlpha,Ipc,Kappa1,Kappa2,Kappa3,LabuteASA,PEOE_VSA1,PEOE_VSA10,PEOE_VSA11,PEOE_VSA12,PEOE_VSA13,PEOE_VSA14,PEOE_VSA2,PEOE_VSA3,PEOE_VSA4,PEOE_VSA5,PEOE_VSA6,PEOE_VSA7,PEOE_VSA8,PEOE_VSA9,SMR_VSA1,SMR_VSA10,SMR_VSA2,SMR_VSA3,SMR_VSA4,SMR_VSA5,SMR_VSA6,SMR_VSA7,SMR_VSA8,SMR_VSA9,SlogP_VSA1,SlogP_VSA10,SlogP_VSA11,SlogP_VSA12,SlogP_VSA2,SlogP_VSA3,SlogP_VSA4,SlogP_VSA5,SlogP_VSA6,SlogP_VSA7,SlogP_VSA8,SlogP_VSA9,TPSA,EState_VSA1,EState_VSA10,EState_VSA11,EState_VSA2,EState_VSA3,EState_VSA4,EState_VSA5,EState_VSA6,EState_VSA7,EState_VSA8,EState_VSA9,VSA_EState1,VSA_EState10,VSA_EState2,VSA_EState3,VSA_EState4,VSA_EState5,VSA_EState6,VSA_EState7,VSA_EState8,VSA_EState9,FractionCSP3,HeavyAtomCount,NHOHCount,NOCount,NumAliphaticCarbocycles,NumAliphaticHeterocycles,NumAliphaticRings,NumAmideBonds,NumAromaticCarbocycles,NumAromaticHeterocycles,NumAromaticRings,NumAtomStereoCenters,NumBridgeheadAtoms,NumHAcceptors,NumHDonors,NumHeteroatoms,NumHeterocycles,NumRotatableBonds,NumSaturatedCarbocycles,NumSaturatedHeterocycles,NumSaturatedRings,NumSpiroAtoms,NumUnspecifiedAtomStereoCenters,Phi,RingCount,MolLogP,MolMR,fr_Al_COO,fr_Al_OH,fr_Al_OH_noTert,fr_ArN,fr_Ar_COO,fr_Ar_N,fr_Ar_NH,fr_Ar_OH,fr_COO,fr_COO2,fr_C_O,fr_C_O_noCOO,fr_C_S,fr_HOCCN,fr_Imine,fr_NH0,fr_NH1,fr_NH2,fr_N_O,fr_Ndealkylation1,fr_Ndealkylation2,fr_Nhpyrrole,fr_SH,fr_aldehyde,fr_alkyl_carbamate,fr_alkyl_halide,fr_allylic_oxid,fr_amide,fr_amidine,fr_aniline,fr_aryl_methyl,fr_azide,fr_azo,fr_barbitur,fr_benzene,fr_benzodiazepine,fr_bicyclic,fr_diazo,fr_dihydropyridine,fr_epoxide,fr_ester,fr_ether,fr_furan,fr_guanido,fr_halogen,fr_hdrzine,fr_hdrzone,fr_imidazole,fr_imide,fr_isocyan,fr_isothiocyan,fr_ketone,fr_ketone_Topliss,fr_lactam,fr_lactone,fr_methoxy,fr_morpholine,fr_nitrile,fr_nitro,fr_nitro_arom,fr_nitro_arom_nonortho,fr_nitroso,fr_oxazole,fr_oxime,fr_para_hydroxylation,fr_phenol,fr_phenol_noOrthoHbond,fr_phos_acid,fr_phos_ester,fr_piperdine,fr_piperzine,fr_priamide,fr_prisulfonamd,fr_pyridine,fr_quatN,fr_sulfide,fr_sulfonamd,fr_sulfone,fr_term_acetylene,fr_tetrazole,fr_thiazole,fr_thiocyan,fr_thiophene,fr_unbrch_alkane,fr_urea,chembl_id,smiles,ic50_value,log_ic50,target_chembl_id,target_name,KMeansCluster,ChemicalClassRaw,ChemicalClass
11.408341836734694,11.408341836734694,0.2728703703703707,-0.9413832199546476,0.7544781729103532,10.789473684210526,334.194,326.13,332.945911596,94,0,0.3359560048000077,-0.4776216495966012,0.4776216495966012,0.3359560048000077,1.263157894736842,2.1052631578947367,2.789473684210526,79.91873111401958,10.074817786177729,2.1312517450211876,-2.0574390000337193,2.2882579316734093,-1.9951015204152829,9.103022740630893,0.0698756688030853,2.9081171377709683,2.3381687083174234,768.4669419022703,13.405412915006313,9.630340129264251,12.032833249306682,9.147867045540844,5.524479122777621,7.197130203589868,3.998981499589241,5.862351221379805,2.7747658186945725,4.1603899414521965,1.9254720389778608,2.972750902809605,-1.7199999999999993,36046.11192267115,12.320787865222709,4.752720761670025,2.2655150794508705,121.21841868093192,5.106527394840706,0.0,0.0,0.0,0.0,5.969305287951848,0.0,9.778515705019029,0.0,11.336785877934735,21.99631096641096,35.711898112773966,9.85894373029721,21.651227397863018,9.901064578912528,44.13895999591699,0.0,4.983978520947208,0.0,0.0,0.0,51.81443618876499,0.0,10.57107518854976,0.0,0.0,0.0,27.266729775884084,16.059811203739763,0.0,0.0,10.357988675768818,46.25098469706799,0.0,21.47400012063082,0.0,50.19,5.969305287951848,9.901064578912528,0.0,5.563451491696996,16.596852926929518,9.349866709533714,0.0,23.469520014857956,29.645531044312353,20.91392241889655,0.0,0.8409014917695476,4.8977351426681786,16.90155364229025,11.944574410010915,1.6559467120181417,-0.9413832199546476,10.950671821197616,0.0,0.0,0.0,0.0,19,1,3,0,0,0,0,1,2,3,0,0,3,1,5,2,2,0,0,0,0,0,3.081961278272425,3,4.424000000000001,79.71530000000003,0,0,0,0,1,1,0,0,1,1,1,0,0,0,0,1,0,0,0,0,0,0,0,0,0,0,0,0,0,0,0,0,0,0,1,0,1,0,0,0,0,0,0,0,1,0,0,0,0,0,0,0,0,0,0,0,0,0,0,0,0,0,0,0,0,0,0,0,0,0,0,0,0,1,0,0,0,0,0,0,0,0,1,0,0,CHEMBL450135,O=C(O)c1cc(-c2cccs2)nc2ccc(Br)cc12,394.71,2.5962781294099675,CHEMBL2096976,Peroxisome proliferator-activated receptor gamma/Nuclear receptor corepressor 2,0,Medium-Nonpolar-Aromatic-Rigid-Hydrophobic,Medium-Nonpolar-Aromatic-Rigid-Hydrophobic
6.158273697747302,6.158273697747302,0.645556297141344,0.645556297141344,0.4370619139153661,11.538461538461538,363.8920000000001,341.71600000000007,363.150225384,132,0,0.0963490314795576,-0.3604417318346754,0.3604417318346754,0.0963490314795576,1.1153846153846154,1.9230769230769231,2.6923076923076925,35.49569164491919,10.033692301173362,2.1799633554344107,-2.1136796804057223,2.362021031128226,-2.020303273491217,6.309517450129344,0.5183107201470234,3.2321705322240315,1.8985161318420227,1028.170897755983,18.095647359318303,15.037458187468124,15.79338713348658,12.631030293135236,9.007837949784015,9.385802422793244,7.075980790087753,7.512416570559738,4.73122949349483,4.966326596282569,3.3330503561314755,3.505153380084343,-2.519999999999999,1492797.3533308622,16.92211900219969,7.004783779461532,3.150006024942254,158.20317317179536,9.551078168738565,0.0,0.0,0.0,0.0,0.0,0.0,4.983978520947208,0.0,0.0,61.84661670038342,24.471461806010623,39.79406120674202,17.715176064461463,0.0,22.503864822313577,0.0,14.53505668968577,5.917906046161393,26.813052428219834,0.0,66.07773350781183,0.0,22.514758973090913,0.0,0.0,0.0,11.600939890232516,14.53505668968577,6.544756405912575,5.917906046161393,20.268296022307258,61.0551001940705,5.022633313741326,33.41768390517197,0.0,33.61,0.0,0.0,0.0,0.0,5.917906046161393,51.40589524775188,0.0,0.0,24.52642128014937,59.92723148204093,16.58491841117972,2.2773351284958427,6.158273697747302,8.130178317726267,1.9031262369885211,5.518181619355563,0.645556297141344,16.37251354136951,5.149697219422748,5.4562490528640115,0.0,0.2272727272727272,26,1,3,0,0,0,0,2,2,4,0,0,2,1,4,2,5,0,0,0,0,0,4.559068642335621,4,6.397900000000004,109.42070000000002,0,0,0,0,0,3,1,0,0,0,0,0,0,0,0,2,1,0,0,0,0,1,0,0,0,0,0,0,0,0,1,0,0,0,2,0,1,0,0,0,0,0,0,0,1,0,0,1,0,0,0,0,0,0,0,0,0,0,0,0,0,0,0,0,0,0,0,0,0,0,0,0,0,0,0,0,0,0,0,0,0,0,0,0,0,CHEMBL2024321,CC(C)CCn1cnc(-c2ccccc2)c1-c1c[nH]c2cc(Cl)ccc12,900.0,2.9542425094393248,CHEMBL1907611,Tumour suppressor p53/oncoprotein Mdm2,0,Medium-Nonpolar-Aromatic-Rigid-Hydrophobic,Medium-Nonpolar-Aromatic-Rigid-Hydrophobic
4.623490173847316,4.623490173847316,1.0494192491811545,1.0494192491811545,0.3815645950204968,10.93103448275862,375.475,354.3070000000001,375.173547672,140,0,0.076485264360799,-0.357535418425159,0.357535418425159,0.076485264360799,0.6551724137931034,1.2413793103448276,1.896551724137931,15.27678471707168,9.951323445421195,2.217406590871222,-2.1145365207466735,2.420264928301094,-1.9909824849871185,5.942652235741232,0.8871964803263876,3.395012850481459,1.796631846619395,1233.3851497439236,19.631181265251033,16.209381767223558,16.209381767223558,14.326499840494924,9.759471760744145,9.759471760744145,7.070851695431209,7.070851695431209,5.212060172083924,5.212060172083924,3.9275832357156335,3.9275832357156335,-3.8499999999999983,11624958.561693378,17.26216014640074,7.28490626174103,3.0674841704049527,169.84111593612485,4.983978520947208,0.0,0.0,0.0,0.0,0.0,0.0,4.681802935145184,5.098681808301038,0.0,78.86277189000094,36.249741388469445,16.82083097824245,23.27208583599356,0.0,0.0,0.0,14.764463264393427,0.0,6.923737199690624,0.0,108.95264466184732,0.0,39.329048231168464,0.0,0.0,0.0,0.0,14.764463264393427,0.0,6.923737199690624,5.693927994848461,103.25871666699886,0.0,39.329048231168464,0.0,33.61,0.0,0.0,0.0,0.0,0.0,22.769170259228943,22.253805966787983,0.0,35.144114780604696,89.8028023504782,0.0,2.011296296296296,0.0,3.6538915658856137,4.623490173847316,9.116886442848749,0.0,33.42550317040397,1.8668027210884357,2.135462962962963,0.0,0.0384615384615384,29,1,3,0,0,0,0,3,2,5,0,0,2,1,3,2,4,0,0,0,0,0,4.3363178807479725,5,6.509820000000006,118.9597,0,0,0,0,0,3,1,0,0,0,0,0,0,0,0,2,1,0,0,0,0,1,0,0,0,0,0,0,0,0,1,0,0,0,3,0,0,0,0,0,0,0,0,0,0,0,0,0,0,0,0,0,0,0,0,0,0,0,0,0,0,0,0,0,1,0,0,0,0,0,0,0,0,0,0,0,0,0,0,0,0,0,0,0,0,CHEMBL3291218,Cc1[nH]c(-c2ccccc2)c(-c2ccccc2)c1-c1ccnn1-c1ccccc1,970.0,2.9867717342662448,CHEMBL5023,p53-binding protein Mdm-2,0,Medium-Nonpolar-Aromatic-Rigid-Hydrophobic,Medium-Nonpolar-Aromatic-Rigid-Hydrophobic
12.685480150661428,12.685480150661428,0.0275693394641807,-3.379743493848157,0.616907897877713,16.17391304347826,345.44500000000005,330.3250000000001,345.04933534,118,0,0.1789304488938583,-0.3793440483024017,0.3793440483024017,0.1789304488938583,1.0869565217391304,1.7391304347826086,2.260869565217391,32.22788482883562,9.8034199563977,2.4398107244687757,-2.4123465193903644,2.3580345189997276,-2.511569284732335,7.910905618842632,-0.0480377539753682,2.530726325910197,1.9084446156482977,835.1670350781595,16.338652525367095,12.305927814085551,13.938920975941004,11.05640864599631,7.097531602430292,9.15804511921431,5.595231854837261,7.767381448265294,3.979764905607975,5.994076723748691,2.698922210134546,4.603616010100989,-1.8499999999999996,145243.44529663803,16.02354048393191,6.336233758995388,3.2562129557068906,140.3004230883733,4.736862953800049,0.0,9.837253136417502,0.0,0.0,0.0,0.0,8.417796984328938,4.992404732635668,0.0,30.33183534230805,42.04679320859013,0.0,40.125739607496286,13.154659938128988,32.90377470627331,0.0,0.0,4.992404732635668,10.310473944914554,18.966617535772624,60.160755107851486,0.0,0.0,0.0,5.687386274683562,0.0,12.217873443046695,32.54567637222711,19.989106559614328,0.0,5.563451491696996,64.48519182430793,0.0,0.0,0.0,55.73,15.25224360581428,8.417796984328938,0.0,5.752853606746789,23.796633679227178,5.563451491696996,0.0,30.33183534230805,24.26546827384644,22.37154002780791,4.736862953800049,30.70621626945085,4.5841315790509825,4.252098962270093,2.3176617447155934,1.1304120005759166,0.0275693394641807,15.899669208885758,0.0,0.7953177227681203,-3.379743493848157,0.2352941176470588,23,0,4,0,1,1,0,2,0,2,0,0,5,0,6,1,5,0,1,1,0,0,4.414299919692116,3,3.1628000000000016,92.11980000000004,0,0,0,0,0,0,0,0,0,0,0,0,1,0,1,1,0,0,0,0,0,0,0,0,0,0,0,0,0,0,0,0,0,0,2,0,0,0,0,0,0,1,0,0,0,0,0,0,0,0,1,0,0,0,0,0,0,0,0,0,0,0,0,0,0,0,0,0,0,0,0,0,0,0,0,0,0,1,0,0,0,0,0,0,0,CHEMBL4444437,O=S(=O)(CC1(c2ccc(N=C=S)cc2)COC1)c1ccccc1,39810.72,4.600000032123142,CHEMBL3038498,Keap1/Nrf2,0,Medium-Nonpolar-Aromatic-Rigid-Hydrophobic,Medium-Nonpolar-Aromatic-Rigid-Hydrophobic
11.15445743575208,11.15445743575208,0.1814351851851856,-0.9911451247165524,0.915218650181117,10.473684210526317,261.27699999999993,246.15699999999995,261.10010796,100,0,0.3353403128534405,-0.4938396342717128,0.4938396342717128,0.3353403128534405,1.368421052631579,2.1052631578947367,2.6315789473684212,16.476863650892312,10.010248959023146,2.151085391864572,-2.0789036725140586,2.3059793576724603,-1.9955596758886465,5.901240065722035,0.0696125842503144,2.687324615351692,2.591967421559038,596.4036796989744,13.991199352633217,11.058329651146932,11.058329651146932,9.024075805453151,5.969992940381047,5.969992940381047,4.1834010980859855,4.1834010980859855,2.7865265051250976,2.7865265051250976,2.0119910908635177,2.0119910908635177,-2.2999999999999994,20861.700988975183,13.139209677934184,5.136509258277945,2.594663156319065,110.34784253008335,14.366485285614104,11.509759252158346,0.0,0.0,0.0,5.969305287951848,0.0,4.794537184071822,0.0,0.0,5.156663257125445,44.5337642961537,5.563451491696996,17.864261451058375,19.161022469685925,5.969305287951848,0.0,5.156663257125445,0.0,20.771211599071872,6.606881964512918,35.21672811080473,0.0,16.876414816677897,4.736862953800049,0.0,5.749511833283905,0.0,22.83937790443092,0.0,13.847474399381248,28.735901289182344,22.72219614235818,0.0,11.126902983393991,0.0,72.56,5.969305287951848,4.794537184071822,0.0,5.563451491696996,18.116641216671265,16.82083097824245,6.06636706846161,19.056471336613843,13.847474399381248,5.156663257125445,14.366485285614104,10.512418745275887,0.0,11.15445743575208,13.022912572436384,2.451009542705972,0.1893060279667435,4.896201814058957,0.0,5.940360528470647,0.0,0.2857142857142857,19,1,5,0,0,0,0,1,1,2,0,0,4,1,5,1,4,0,0,0,0,0,3.552088008271795,2,3.055340000000001,69.54130000000002,0,0,0,0,1,1,0,0,1,1,1,0,0,0,0,1,0,0,0,0,0,0,0,0,0,0,0,0,0,0,2,0,0,0,1,0,0,0,0,0,0,1,0,0,0,0,0,0,0,0,0,0,0,0,0,0,0,0,0,0,0,0,0,0,0,0,0,0,0,0,0,0,0,0,0,0,0,0,0,0,0,0,0,0,0,CHEMBL1828984,CCOc1cc(C(=O)O)cc(-c2c(C)noc2C)c1,28200.0,4.450249108319361,CHEMBL1293289,Bromodomain-containing protein 2,0,Medium-Nonpolar-Aromatic-Rigid-Hydrophobic,Medium-Nonpolar-Aromatic-Rigid-Hydrophobic
13.612944591416811,13.612944591416811,0.0641208427815569,-4.697954695767196,0.4099246630080045,12.0,375.28100000000006,366.2090000000001,375.063089408,136,0,0.4179451752880802,-0.2929828060544544,0.4179451752880802,0.2929828060544544,1.0,1.7037037037037035,2.3703703703703702,19.413204915304124,10.044528461396942,2.344635098216985,-2.204102377526135,2.3761696173680993,-2.274218596053835,5.896610333122561,-0.1360182053188889,2.5965818326808674,2.2941799956860076,1256.9770708956264,19.344570503761737,13.341583817481558,13.341583817481558,12.75303876106338,7.6749456353240495,7.6749456353240495,5.805692810477839,5.805692810477839,4.106146366483311,4.106146366483311,3.0100064801628954,3.0100064801628954,-3.489999999999999,1144760.2257376793,16.9505644098346,5.763338207440752,2.765964612698279,147.42532429911978,0.0,5.817220841045894,5.824404497999927,0.0,5.559266895052007,11.86604191564695,14.345615352810384,9.184952231746642,18.155223663971668,0.0,12.13273413692322,36.39820241076966,11.073610489148358,16.643603701010253,17.56166019069928,10.902924932081056,0.0,14.53505668968577,0.0,6.176298517443475,0.0,80.7496935418349,0.0,17.075242264380485,11.24901029325548,17.56166019069928,0.0,0.0,14.53505668968577,6.176298517443475,5.817220841045894,5.563451491696996,58.12001091583653,0.0,27.97816719646154,0.0,67.75,28.80598114344184,27.15073455884292,0.0,27.97816719646154,0.0,22.766200853176183,30.33183534230805,0.0,4.983978520947208,4.983978520947208,0.0,55.201146331989584,0.0,29.561238071617534,0.1181472033257751,-2.970659118585705,-0.8381337527294876,9.37621596014949,-4.697954695767196,0.0,0.0,0.0555555555555555,27,1,5,0,2,2,0,2,0,2,0,0,4,1,9,2,1,0,0,0,0,0,3.6182161296624136,4,3.336700000000002,89.54270000000001,0,0,0,0,0,3,1,0,0,0,0,0,0,0,0,2,1,0,0,0,0,1,0,0,0,3,0,0,0,0,0,0,0,0,2,0,2,0,0,0,0,0,0,0,4,0,0,0,0,0,0,0,0,0,0,0,0,0,0,0,0,0,0,0,1,0,0,0,0,0,0,0,0,1,0,0,0,0,0,0,0,0,0,0,0,CHEMBL223723,O=c1nc2n(-c3ccc(F)cc3)c3c(C(F)(F)F)cccc3cc-2c(=O)[nH]1,13100.0,4.117271295655764,CHEMBL5023,p53-binding protein Mdm-2,0,Medium-Nonpolar-Aromatic-Rigid-Hydrophobic,Medium-Nonpolar-Aromatic-Rigid-Hydrophobic
12.50865693499622,12.50865693499622,0.1260031914000168,-0.926244664660069,0.8328736588483048,14.346153846153848,351.4460000000002,326.2460000000001,351.18344366,136,0,0.3052871434438911,-0.4811645992398137,0.4811645992398137,0.3052871434438911,1.0384615384615383,1.7307692307692308,2.423076923076923,16.365422323523184,9.896597713192424,2.185364632965415,-2.1893463507997355,2.2276111194530106,-2.3101759224347727,5.79731743961597,-0.1373528315118043,2.610489943153284,1.6899565586324126,795.5347011220716,18.518297090128673,15.12515301706398,15.12515301706398,12.50804039084698,9.194621677592204,9.194621677592204,7.115592201143334,7.115592201143334,4.9712697761375075,4.9712697761375075,3.553096863714594,3.553096863714594,-2.619999999999999,754442.0355310717,18.1794791230041,8.172592161786385,4.71885860976189,153.79922745188944,10.423315998847038,0.0,0.0,5.907179729351506,0.0,5.969305287951848,9.589074368143644,0.0,0.0,0.0,48.02802097092827,54.86082965818265,0.0,18.88348407499998,14.69560176298435,11.876485017303354,0.0,5.316788604006331,0.0,51.49050776639466,0.0,70.28182693771626,0.0,0.0,5.316788604006331,0.0,0.0,0.0,16.98301241214406,28.85153923692167,6.923737199690624,53.12156315641097,42.46456947923127,0.0,0.0,0.0,66.4,12.011146117099807,14.69560176298435,0.0,18.748822975203524,0.0,29.531997720943007,23.968546229246012,0.0,37.255572541998674,17.449522740929552,0.0,0.0,0.0,23.707615080303015,12.076418207567892,5.6454821583005215,-1.071999813942004,13.376978233897075,4.788667571032185,1.97683856284131,0.0,0.3636363636363636,26,2,4,1,0,1,1,2,0,2,1,0,2,2,4,0,6,0,0,0,0,1,5.714364176385482,3,3.7485200000000023,101.10350000000004,1,0,0,0,0,0,0,0,1,1,2,1,0,0,0,0,1,0,0,0,0,0,0,0,0,0,0,1,0,0,3,0,0,0,2,0,1,0,0,0,0,0,0,0,0,0,0,0,0,0,0,0,0,0,0,0,0,0,0,0,0,0,0,0,0,0,0,0,0,0,0,0,0,0,0,0,0,0,0,0,0,0,0,0,0,CHEMBL5266194,Cc1ccc(C(CC(=O)O)NC(=O)Cc2ccc3c(c2)CCCC3)cc1,40000.0,4.6020599913279625,CHEMBL3038498,Keap1/Nrf2,0,Medium-Nonpolar-Aromatic-Rigid-Hydrophobic,Medium-Nonpolar-Aromatic-Rigid-Hydrophobic
10.4400155010734,10.4400155010734,0.0905666309733772,-0.8133410281263813,0.93471151293591,10.411764705882351,295.132,284.04400000000004,293.989156312,88,0,0.3032988609211749,-0.4812204969651189,0.4812204969651189,0.3032988609211749,1.1764705882352942,1.8823529411764703,2.5294117647058822,79.91873107648004,10.162019896863484,2.0594714337876288,-1.9712419076917795,2.238949240882589,-1.95516197817463,9.102994290479232,-0.1365444749992616,2.7585866809686292,2.1208195513502353,513.715774290226,12.25071237662706,9.019989826947764,10.605986366062467,8.147867045540842,5.214119058705813,6.007117328263165,3.666590586841683,4.582266115633373,2.375656089238401,2.904321602276635,1.5117121020913489,1.7760448586104665,-1.5499999999999996,9997.118131830312,11.921540359013688,5.186563806727151,3.201512466007484,107.20095639070878,9.523678331894054,11.520494837748885,0.0,0.0,0.0,5.969305287951848,4.794537184071822,0.0,0.0,0.0,28.06267803487257,24.26546827384644,16.456992630455417,6.4208216229260096,14.318215515965877,21.8992491859012,0.0,0.0,0.0,12.84164324585202,0.0,46.631169345476515,0.0,11.323698910571435,0.0,0.0,0.0,15.929943897949348,11.075832682792557,11.21535880699783,0.0,12.181069041800452,45.28807286365542,0.0,11.323698910571435,0.0,50.44,5.969305287951848,4.794537184071822,0.0,6.4208216229260096,12.181069041800452,15.79641842640385,0.0,0.0,36.39820241076966,15.929943897949348,9.523678331894054,6.594201299959327,3.368123692735435,10.4400155010734,8.582285020374847,0.9812731481481484,0.6479622362349191,11.456424306605358,0.5130481282018982,0.0,0.0,0.1538461538461538,17,1,3,0,0,0,0,1,1,2,0,0,2,1,4,1,4,0,0,0,0,0,3.6371664556763177,2,3.726300000000002,67.80080000000002,1,0,0,0,0,0,0,0,1,1,1,0,0,0,0,0,0,0,0,0,0,0,0,0,0,0,0,0,0,0,1,0,0,0,1,0,0,0,0,0,0,0,1,0,1,0,0,0,0,0,0,0,0,0,0,0,0,0,0,0,0,0,0,0,0,0,0,0,0,0,0,0,0,0,0,0,0,0,0,0,0,0,0,0,0,CHEMBL1370669,O=C(O)CCc1ccc(-c2ccc(Br)cc2)o1,4402.0,3.64365003821733,CHEMBL2096976,Peroxisome proliferator-activated receptor gamma/Nuclear receptor corepressor 2,0,Medium-Nonpolar-Aromatic-Rigid-Hydrophobic,Medium-Nonpolar-Aromatic-Rigid-Hydrophobic
13.371219617500628,13.371219617500628,0.3858904425967917,-1.3911075680272105,0.7288194970330467,13.695652173913045,329.40000000000003,313.27200000000005,329.0998113520001,118,0,0.1321984171019282,-0.378926312836059,0.378926312836059,0.1321984171019282,1.173913043478261,1.9565217391304348,2.6956521739130435,32.16654989829736,9.92937208184883,2.2901114273515386,-2.2040019183236614,2.2791257917180063,-2.2309879148243215,7.979427426595379,0.0968662923126268,3.036180037202162,1.7537729408763387,789.2972814403856,16.286246282559798,12.555676618555731,13.372173199483456,11.05368002394561,7.124147709759006,8.109746269412494,5.312298656710682,6.3305772018436866,3.53083160021985,4.529971157740585,2.1811136468195484,2.938215778681468,-2.1799999999999993,245529.80724846444,15.705680027590848,6.51727032126559,3.5987443213279295,137.51863206161445,5.106527394840706,17.112199646878043,0.0,0.0,0.0,0.0,0.0,9.072217982820003,0.0,16.860566757692155,35.54522043796292,36.75265696523406,4.895483475517775,12.073631961346432,9.496942442515524,11.761884949391115,0.0,14.99386983910109,0.0,23.297059875925445,0.0,77.86874751535893,0.0,0.0,0.0,4.39041504767482,0.0,11.761884949391115,20.100397233941795,11.477839200717044,5.817220841045894,18.18111668623608,65.68963066328534,0.0,0.0,0.0,50.94,11.41827165202958,9.496942442515524,0.0,0.0,17.134167876278813,4.895483475517775,12.13273413692322,41.69700279276322,30.33183534230805,10.312066903955904,0.0,15.024758449700174,1.6145724678760391,1.1263339373602723,18.761798875427125,-0.5605296855120985,0.1859035587985462,15.831973904286452,1.6813936130007558,1.5837948790627363,0.0,0.1764705882352941,23,1,4,0,0,0,0,2,1,3,1,0,5,1,6,1,5,0,0,0,0,0,4.450354883439633,3,3.4228000000000023,87.39380000000004,0,1,0,0,0,3,0,0,0,0,0,0,0,0,0,3,0,0,0,0,0,0,0,0,0,0,0,0,0,0,0,0,0,0,2,0,0,0,0,0,0,0,0,0,1,0,0,0,0,0,0,0,0,0,0,0,0,0,0,0,0,0,0,0,0,0,0,0,0,0,0,0,0,0,0,1,0,0,0,0,0,0,0,0,0,CHEMBL5287696,C[C@](O)(c1cccc(F)c1)c1cn(CSc2ccccc2)nn1,1.28,0.1072099696478683,CHEMBL1907611,Tumour suppressor p53/oncoprotein Mdm2,0,Medium-Nonpolar-Aromatic-Rigid-Hydrophobic,Medium-Nonpolar-Aromatic-Rigid-Hydrophobic
11.550787375802326,11.550787375802326,0.3029222687952844,-0.3029222687952844,0.6394751467478432,12.545454545454543,332.8120000000001,319.70799999999997,332.03862633600005,112,0,0.3384493821159308,-0.4571850395164949,0.4571850395164949,0.3384493821159308,1.181818181818182,1.8636363636363635,2.590909090909091,35.49569198338041,10.10130373873796,2.206357323753226,-2.1152558375702335,2.237626984135705,-2.1882872757426064,7.803897167788017,0.0534843159029129,2.8412283988680005,1.7043939006242192,776.7362775062579,15.689869965382488,11.77391774072512,13.3463432676713,10.524877143252588,6.669650940813666,7.455863704286757,4.991146037157165,5.806594454361634,3.376117632154672,3.98744190412721,2.15519861084078,2.5714435014650365,-2.109999999999999,124454.32755561502,14.811777373933085,5.944886953142569,3.052357645110883,137.9792728004715,15.370440161812713,6.606881964512918,5.112436884724758,0.0,0.0,5.969305287951848,0.0,4.794537184071822,0.0,0.0,23.733674027155736,48.97053040828075,21.960857354805448,5.563451491696996,9.53140013787187,46.275328055322944,0.0,0.0,0.0,13.530619164203545,10.633577208012662,58.11119019960197,0.0,0.0,10.633577208012662,11.374772549367124,0.0,23.81881333327921,11.081742172676606,11.343744918312968,6.923737199690624,21.48489165916281,36.39820241076966,5.022633313741326,0.0,0.0,50.36,0.0,4.794537184071822,0.0,5.969305287951848,22.305403654676,22.501675532761116,0.0,6.06636706846161,37.255572541998674,10.633577208012662,28.555676287079255,4.973444110471007,11.352488668493958,11.550787375802326,7.197872284308072,3.9964180013909463,-0.3029222687952844,11.07385748561915,0.0,2.269165453820938,0.0,0.125,22,2,4,0,1,1,0,2,0,2,0,0,3,2,6,1,2,0,0,0,0,0,4.002470093779413,3,4.127720000000002,91.59390000000002,0,0,0,0,0,0,0,0,0,0,1,1,1,0,0,0,2,0,0,0,0,0,0,0,0,0,0,0,0,2,1,0,0,0,2,0,1,0,0,0,1,1,0,0,1,0,0,0,0,0,0,0,0,0,1,0,0,0,0,0,0,0,0,0,0,0,0,0,0,0,0,0,0,0,0,0,0,0,0,0,0,0,0,0,0,CHEMBL492070,Cc1ccc(NC(=S)Nc2ccc3c(c2)C(=O)OC3)cc1Cl,590.0,2.770852011642144,CHEMBL1949,Cyclophilin A,0,Medium-Nonpolar-Aromatic-Rigid-Hydrophobic,Medium-Nonpolar-Aromatic-Rigid-Hydrophobic
6.385065700148371,6.385065700148371,0.4381900352733687,0.4381900352733687,0.6634881818264521,13.08695652173913,343.21700000000004,331.121,342.043901744,114,0,0.1588744327428707,-0.2809619715976761,0.2809619715976761,0.1588744327428707,1.0,1.826086956521739,2.652173913043478,35.49678424785408,10.001237498506375,2.222892328341468,-2.1326504154155717,2.295866976682027,-2.0837293830478365,6.359495019860385,0.8615116433681458,2.821626551789749,2.0274961737508224,943.5164678122118,15.97432701575866,12.293341993532216,13.805199885569127,11.147867045540844,7.154770557021424,7.910699503039878,5.305003403138377,6.1486393103509664,3.854067243527103,4.418752567354888,2.833355286507282,3.2306949579029305,-2.169999999999999,280153.6570741006,14.424029889645306,5.476836017977725,2.3467292305180467,142.96332309881646,0.0,12.3691609039125,5.824404497999927,0.0,0.0,0.0,9.559504380427022,0.0,0.0,10.197363616602075,41.40098098584986,31.18920547353706,21.172169610876644,11.399071277454263,0.0,28.913564783235735,0.0,14.76446326439343,4.992404732635668,13.4684936056032,0.0,75.28554808610777,0.0,5.687386274683562,0.0,0.0,0.0,23.20187978046503,20.476148267164135,6.544756405912575,6.923737199690624,22.775711979393844,47.45697421186694,10.045266627482652,5.687386274683562,0.0,43.07,0.0,0.0,0.0,0.0,16.590023033395227,34.17478325684811,0.0,0.0,53.955406326713245,10.197363616602075,28.194284513100698,2.0129037540942303,12.61988431174939,4.741635802469135,9.698746203213796,3.585526266061981,1.6178769316368524,13.414823983091178,0.0,2.364158303238991,0.0,0.1176470588235294,23,0,4,0,1,1,0,2,1,3,0,0,4,0,6,2,1,0,0,0,0,0,3.4346976706085512,4,4.233520000000002,91.90100000000002,0,0,0,0,0,3,0,0,0,0,0,0,0,0,1,4,0,0,0,0,0,0,0,0,0,0,0,0,0,0,1,0,0,0,2,0,3,0,0,0,0,0,0,0,2,0,0,0,0,0,0,0,0,0,0,0,0,0,0,0,0,0,0,0,0,0,0,0,0,0,0,0,0,0,0,0,0,0,0,0,0,0,0,0,0,CHEMBL646,Cc1nnc2n1-c1ccc(Cl)cc1C(c1ccccc1Cl)=NC2,1.54,0.187520720836463,CHEMBL612545,Unchecked,0,Medium-Nonpolar-Aromatic-Rigid-Hydrophobic,Medium-Nonpolar-Aromatic-Rigid-Hydrophobic
5.569865307501941,5.569865307501941,0.8577833417317546,0.8577833417317546,0.4425411368365653,11.521739130434783,340.4770000000001,324.3490000000001,340.081638512,116,0,0.180022682929629,-0.3329040465537386,0.3329040465537386,0.180022682929629,1.0869565217391304,1.826086956521739,2.652173913043478,32.16657215734253,10.292172511533323,2.07896629332156,-2.0270722164274773,2.2119831040211135,-2.0133450964947963,7.986769545770798,0.7456488172161194,3.0929887925208126,1.5531690033675007,1008.5492469808636,15.81119030894213,12.691153083317705,14.324146245173155,11.237183443017884,7.456706111454598,8.850552961571948,5.389510211983532,6.8382803397793035,3.9730391480049225,5.3207714733200815,2.810637330967314,3.9108544980479816,-2.0499999999999994,376150.7390136261,14.536464494140104,5.864985847347834,2.5763260257254244,142.70610278190364,14.118177816529917,0.0,9.927502252410864,0.0,0.0,0.0,0.0,4.983978520947208,0.0,0.0,36.027353223237554,36.483341716893136,19.345281995336553,22.066802870465047,0.0,46.04656126290285,0.0,19.10215633747713,7.04767198267719,11.70119288773328,5.752853606746789,53.30200231828304,0.0,0.0,0.0,0.0,0.0,23.97975839243781,24.855009944223912,13.592428388589765,4.771065770590158,0.0,53.68737302951359,0.0,22.066802870465047,0.0,38.54,0.0,0.0,0.0,0.0,0.0,33.25851370030275,11.033401435232523,11.761884949391115,37.37950732498524,37.301257542861954,12.217873443046695,5.118540013227513,7.29432557772114,7.95093537414966,0.9564398568069205,4.449062679594336,0.9187859032501888,16.42752850908244,0.0,0.8629946145124716,2.021387471655329,0.1764705882352941,23,1,4,0,0,0,0,2,2,4,0,0,5,1,6,2,4,0,0,0,0,0,3.706789501243739,4,4.3778900000000025,98.56070000000004,0,0,0,0,0,4,1,0,0,0,0,0,0,0,0,3,1,0,0,0,0,1,0,0,0,0,0,0,0,0,2,0,0,0,2,0,2,0,0,0,0,0,0,0,0,0,0,2,0,0,0,0,0,0,0,0,0,0,0,0,0,0,0,0,4,0,0,0,0,0,0,0,0,0,0,1,0,0,0,0,0,0,0,0,0,CHEMBL1738777,Cn1c(=S)n(CCSc2nc3ccccc3[nH]2)c2ccccc21,28000.0,4.447158031342219,CHEMBL1293289,Bromodomain-containing protein 2,0,Medium-Nonpolar-Aromatic-Rigid-Hydrophobic,Medium-Nonpolar-Aromatic-Rigid-Hydrophobic
4.709185405643739,4.709185405643739,0.018344671201814,0.018344671201814,0.7793131063246088,15.521739130434783,304.39700000000005,284.237,304.16879664,116,0,0.1468228669112697,-0.3776611796629308,0.3776611796629308,0.1468228669112697,1.0434782608695652,1.7826086956521738,2.5217391304347827,15.378191078251344,10.035821081272456,2.2548704264158377,-2.291120353286197,2.3795912242086756,-2.252431651040789,5.783129322012752,0.5709745670451218,2.95644617816851,1.811528913736011,846.0611023034808,15.97432701575866,13.615143478396137,13.615143478396137,11.131030293135236,7.82686448661181,7.82686448661181,6.193946074678356,6.193946074678356,4.322929072721034,4.322929072721034,3.1347162039920917,3.1347162039920917,-2.7499999999999996,314423.96394057735,13.881633714880332,5.159863688949248,2.268489641345511,135.91645814645452,10.216698334856808,6.165775612134527,0.0,0.0,0.0,0.0,0.0,4.681802935145184,5.098681808301038,0.0,30.33183534230805,36.75265696523406,31.0335680064185,11.387855989696922,0.0,11.374772549367124,0.0,9.78048474344622,0.0,13.089512811825152,24.312042300211186,65.85468310269995,0.0,11.257379486545457,10.216698334856808,11.374772549367124,0.0,0.0,23.8758287088006,0.0,6.923737199690624,17.423155098679985,54.59730361615449,0.0,11.257379486545457,0.0,33.09,0.0,0.0,0.0,6.165775612134527,0.0,11.381314269532025,22.508217252926013,0.0,6.923737199690624,83.59114885151088,5.098681808301038,2.085648148148148,0.0,2.1080032228940957,8.327514487276392,6.957482048374907,0.0,19.185258986310576,0.018344671201814,2.0418004115226336,4.10928135760477,0.2105263157894736,23,1,4,0,1,1,0,2,1,3,1,0,4,1,4,2,2,0,0,0,0,1,3.1142320760306386,4,3.8969200000000024,94.93070000000004,0,0,0,0,0,2,0,0,0,0,0,0,0,0,0,3,1,0,0,0,0,0,0,0,0,0,0,0,0,2,1,0,0,0,2,0,3,0,0,0,0,0,0,0,0,0,0,0,0,0,0,0,0,0,0,0,0,0,0,0,0,0,0,0,1,0,0,0,0,0,0,0,0,0,0,0,0,0,0,0,0,0,0,0,0,CHEMBL1544951,Cc1cc2n(n1)C(c1ccc(N(C)C)cc1)Nc1ccccc1-2,48300.0,4.683947130751513,CHEMBL2093862,Runt-related transcription factor 1/Core-binding factor subunit beta,0,Medium-Nonpolar-Aromatic-Rigid-Hydrophobic,Medium-Nonpolar-Aromatic-Rigid-Hydrophobic
12.606202881358303,12.606202881358303,0.0252144746787601,-0.4406873932700634,0.7141129937235607,20.115384615384617,392.282,373.1300000000001,391.074198828,136,0,0.3248846101750487,-0.467692374721213,0.467692374721213,0.3248846101750487,1.1153846153846154,1.8461538461538465,2.5,35.49678438532686,9.795525929232864,2.3830393141381045,-2.409939092021948,2.4318162178901375,-2.444761725723554,6.304380743207412,-0.1504880187828901,2.636276520881512,2.049093818880563,806.9585223365082,18.681433796945203,14.322710448365903,15.834568340402816,12.49040230064194,8.36539173694807,9.121320682966523,6.2943348408706665,7.167206401814637,4.721929990240405,5.2090034083676295,3.501351387256698,3.826066999341514,-2.0399999999999987,757338.9738127572,18.742227487589066,8.105365997638726,4.024686658977317,162.20515864076577,9.636772684650529,6.544756405912575,0.0,5.907179729351506,0.0,5.969305287951848,9.589074368143644,0.0,0.0,0.0,47.46734805431147,41.81319288016644,22.383994296570055,13.151638370425497,14.325937321943693,35.07836479776839,0.0,4.899909730850477,0.0,24.801390121161372,13.65455394719011,69.70310615856953,0.0,0.0,0.0,0.0,0.0,23.20187978046503,30.43094869534394,14.325937321943693,0.0,35.928293104555365,48.53093654769288,10.045266627482652,0.0,0.0,46.61,5.969305287951848,9.589074368143644,0.0,24.411683010573437,22.886909873334673,11.126902983393991,7.109797541277533,17.032643867773697,36.39820241076966,0.0,27.938742734265084,4.789630679432266,12.202795926132412,26.103065231236528,1.2671143287561943,1.9686522108843547,-0.4769284174575166,14.738326566516651,1.057941765698049,-0.0836387471655324,1.3219293448554812,0.3,26,0,4,0,1,1,1,2,0,2,2,0,3,0,6,1,4,0,1,1,0,0,5.842792822996703,3,4.613700000000004,101.34900000000002,0,0,0,0,0,0,0,0,0,0,2,2,0,0,0,1,0,0,0,0,1,0,0,0,0,0,0,1,0,0,0,0,0,0,2,0,0,0,0,0,1,1,0,0,2,0,0,0,0,0,0,0,0,0,0,1,0,0,0,0,0,0,0,0,0,0,0,0,0,1,0,0,0,0,0,0,0,0,0,0,0,0,0,0,0,CHEMBL2177202,COC(=O)CN1C(=O)CC[C@H](c2cccc(Cl)c2)[C@H]1c1ccc(Cl)cc1,5500.0,3.740362689494244,CHEMBL1907611,Tumour suppressor p53/oncoprotein Mdm2,3,Medium-Nonpolar-Aromatic-Rigid-Hydrophobic,Medium-Nonpolar-Aromatic-Rigid-Hydrophobic
14.394764791719156,14.394764791719156,0.4461720521541947,-3.761477820294784,0.8379009438811258,13.76,347.3610000000001,328.20900000000006,347.13329990799997,132,0,0.3492663773888404,-0.4809679535451822,0.4809679535451822,0.3492663773888404,1.04,1.6,2.12,19.285410543410812,9.92974399201151,2.4247291161957545,-2.2553883510634853,2.3049295155528675,-2.4293052111174704,5.854753542083584,-0.1495882428235116,2.6001242926515395,2.3104392626633974,745.0243388895046,18.612519696192855,13.870492083532024,13.870492083532024,11.73008793884866,7.768579375099344,7.768579375099344,5.929147466488955,5.929147466488955,4.034109402804471,4.034109402804471,2.4238166058698862,2.4238166058698862,-2.76,291505.1346977494,18.5768280103448,7.421778976329812,4.205264115437706,144.0413030680813,10.423315998847038,0.0,0.0,0.0,5.907179729351506,11.891834456046425,9.589074368143644,0.0,8.78083009534964,0.0,60.160755107851486,19.410925891078243,5.563451491696996,11.959746875309351,23.47643185833399,11.876485017303354,0.0,5.316788604006331,5.917906046161393,25.811844396623787,0.0,71.28765809124549,0.0,0.0,5.316788604006331,8.78083009534964,0.0,0.0,16.98301241214406,15.51160353623822,12.841643245852016,29.65593250392957,54.59730361615449,0.0,0.0,0.0,66.4,35.32221255240428,23.47643185833399,0.0,0.0,5.563451491696996,17.696185628620217,19.056471336613846,30.33183534230805,6.923737199690624,5.316788604006331,0.0,28.789529583438313,0.0,23.532259892784783,11.465113784724174,0.9465424729541349,-7.548971416498696,12.347923011899384,0.0,3.217602670697909,0.0,0.2631578947368421,25,2,4,0,0,0,1,2,0,2,2,0,2,2,6,0,6,0,0,0,0,0,5.514924462962872,2,3.665020000000002,89.19850000000004,1,0,0,0,0,0,0,0,1,1,2,1,0,0,0,0,1,0,0,0,0,0,0,0,0,2,0,1,0,0,1,0,0,0,2,0,0,0,0,0,0,0,0,0,2,0,0,0,0,0,0,0,0,0,0,0,0,0,0,0,0,0,0,0,0,0,0,0,0,0,0,0,0,0,0,0,0,0,0,0,0,0,0,0,0,CHEMBL5289954,Cc1ccc([C@@H](NC(=O)C(F)(F)c2ccccc2)[C@@H](C)C(=O)O)cc1,8900.0,3.949390006644913,CHEMBL3038498,Keap1/Nrf2,0,Medium-Nonpolar-Aromatic-Rigid-Hydrophobic,Medium-Nonpolar-Aromatic-Rigid-Hydrophobic
12.72063548067426,12.72063548067426,0.0329629393207131,-0.1527464586657707,0.4627167707056382,11.142857142857142,390.8740000000001,371.7220000000001,390.124738908,140,0,0.253194002298755,-0.3497974567159161,0.3497974567159161,0.253194002298755,1.0,1.8214285714285712,2.607142857142857,35.49569201516599,10.034235852793625,2.162819370839749,-2.147045537026248,2.3307018590515884,-2.298692014297197,6.330192970266488,0.0944390867249482,2.686502064752113,1.9562123459729683,1189.7099809282663,19.67299762850792,15.531492915558896,16.28742186157735,13.541713895658196,9.032144237273767,9.410108710282996,6.816417993321827,7.223618120062433,4.417319025093455,4.7469072461335005,3.177510358560775,3.3604892932671304,-3.1799999999999993,2737854.5517198495,18.195795203942776,7.4443543372620224,3.365291385592944,167.31540350265234,10.633577208012662,5.817862777835028,0.0,0.0,5.907179729351506,0.0,9.778515705019029,4.983978520947208,0.0,0.0,35.866408164078955,38.112942673227685,34.5942006157685,21.790171797738147,4.794537184071822,50.68874203311326,0.0,15.284745645900744,0.0,19.88931522852921,5.316788604006331,71.51070849635735,0.0,0.0,10.633577208012662,11.50524905251859,0.0,11.600939890232516,21.91697760039388,0.0,0.0,24.205463075150064,60.924623690919034,5.022633313741326,21.67537336101065,0.0,66.91,0.0,4.794537184071822,0.0,11.949020558499466,21.920648300889617,21.84605891807795,0.0,18.46005421168776,56.31204387861251,15.61755572895987,16.58491841117972,0.0,6.315817413351082,21.799794754980695,9.551071149202464,1.896395581380701,0.474843299459702,15.027022671803817,3.518062956664147,3.861436617601841,0.0,0.1363636363636363,28,2,5,0,0,0,1,2,2,4,0,0,4,2,6,2,4,0,0,0,0,0,4.837712390942961,4,5.318200000000004,114.38090000000004,0,0,0,0,0,2,0,0,0,0,1,1,0,0,0,2,2,0,0,0,0,0,0,0,0,0,0,1,0,2,0,0,0,0,2,0,3,0,0,0,0,0,0,0,1,0,0,0,0,0,0,0,0,0,0,0,0,0,0,0,0,0,0,0,2,0,0,0,0,0,0,0,0,2,0,0,0,0,0,0,0,0,0,0,0,CHEMBL1915647,CC(C)NC(=O)c1cccc2c1nc(Nc1ccccc1Cl)c1ccncc12,2.0,0.3010299956639812,CHEMBL4523,Serine/threonine-protein kinase PIM2,0,Medium-Nonpolar-Aromatic-Rigid-Hydrophobic,Medium-Nonpolar-Aromatic-Rigid-Hydrophobic
11.95418288611741,11.95418288611741,0.0862150415721845,-0.3712363525657169,0.5201344323537005,11.136363636363637,288.34999999999997,272.222,288.12626313199996,108,0,0.2616975184773901,-0.3473397677932062,0.3473397677932062,0.2616975184773901,1.0454545454545454,1.681818181818182,2.3181818181818183,16.149199211380928,10.153339542223026,2.063108055915946,-2.031108767512696,2.03042652820283,-2.233886330246184,5.9712075949237855,-0.1167927315587805,2.5831922285855806,1.9545279959905468,710.1053325033507,15.62310957574327,12.068122166615508,12.068122166615508,10.792024997884274,6.950221865070669,6.950221865070669,4.630221654534665,4.630221654534665,3.0121104307228763,3.0121104307228763,1.8567540382003247,1.8567540382003247,-3.119999999999999,122629.30147541469,15.27229339821626,8.230223839703893,4.76773657772545,129.7678500270893,5.316788604006331,11.64232584286154,0.0,0.0,5.907179729351506,0.0,4.794537184071822,0.0,5.261891554738487,0.0,72.81571089828387,17.202923090227873,6.544756405912575,0.0,4.794537184071822,11.983199836185388,5.261891554738487,5.316788604006331,0.0,6.544756405912575,0.0,89.51571841174714,0.0,6.069221312792274,5.316788604006331,0.0,0.0,0.0,5.907179729351506,11.339293589984395,11.33111286753076,11.126902983393991,78.38881542835314,0.0,6.076020106833881,0.0,52.89,0.0,4.794537184071822,0.0,11.480284259420772,6.544756405912575,11.126902983393991,6.076020106833881,6.076020106833881,72.80891210424227,5.316788604006331,5.261891554738487,0.0,0.0,11.95418288611741,11.812851316452509,2.094271485338856,-0.3712363525657169,21.198205391022853,5.074529950869237,0.4038619894315238,0.0,0.0526315789473684,22,1,3,0,0,0,1,2,0,2,0,0,2,1,3,0,5,0,0,0,0,0,5.713381509679629,2,3.466180000000002,87.46070000000003,0,0,0,0,0,0,0,0,0,0,1,1,0,0,0,1,1,0,0,0,0,0,0,0,0,0,2,1,0,0,0,0,0,0,2,0,0,0,0,0,0,0,0,0,0,0,0,0,0,0,0,0,0,0,0,0,0,1,0,0,0,0,0,0,0,0,0,0,0,0,0,0,0,0,0,0,0,0,0,0,0,0,0,0,0,CHEMBL2333148,N#C/C(=C\C=C\c1ccccc1)C(=O)NCc1ccccc1,380.0,2.57978359661681,CHEMBL614997,NCI-H23,0,Medium-Nonpolar-Aromatic-Rigid-Hydrophobic,Medium-Nonpolar-Aromatic-Rigid-Hydrophobic
12.908774232944207,12.908774232944207,0.1246781279086479,-0.7645216749251131,0.6182536651122711,13.68,354.7890000000001,339.6690000000001,354.06588664000003,126,0,0.342078560140241,-0.4622800266432912,0.4622800266432912,0.342078560140241,0.96,1.56,2.16,35.49569161400526,9.813628448296656,2.3572499622686665,-2.1981534213759084,2.2918766652705385,-2.282232640521983,6.351760435207296,-0.1376519593374577,2.613410097289095,2.1166250428498627,894.1671021838661,17.97432701575866,13.543973350754785,14.29990229677324,12.024075805453151,7.857084988635792,8.23504946164502,5.581098519493824,6.017534299965808,3.992957306430962,4.244933621770447,2.82113243881557,2.9471205964853135,-2.7199999999999993,476759.177228255,17.114375992335443,7.031538710722385,3.2571989374262107,149.61397781154025,4.736862953800049,5.5731045300692665,5.783244946364939,5.783244946364939,0.0,5.969305287951848,9.589074368143644,4.794537184071822,0.0,0.0,47.99914230100217,24.61992282831084,28.143462450130592,6.606881964512918,19.120474506015512,29.13673507091424,0.0,0.0,0.0,13.344558822616634,6.606881964512918,81.39013339666373,0.0,0.0,0.0,0.0,0.0,11.600939890232516,24.142677145194643,15.95222176079788,0.0,33.203166042925254,59.67714560783141,5.022633313741326,0.0,0.0,60.440000000000005,11.752550234316788,14.383611552215466,0.0,35.52060908563939,10.586084805438322,5.563451491696996,0.0,55.4546737473835,0.0,0.0,16.337802844032566,5.011228557781136,5.886384456003262,38.054399967806056,0.5692022922831008,1.2977992812351289,-1.5646914979983746,13.421968326369932,0.1569683799445704,1.777851347686305,0.0,0.15,25,0,4,1,0,1,0,2,0,2,0,0,4,0,5,0,4,0,0,0,0,0,4.81361589199858,3,3.8214000000000024,93.91800000000003,0,0,0,0,0,0,0,0,0,0,3,3,0,0,0,0,0,0,0,0,0,0,0,0,0,0,1,0,0,0,0,0,0,0,2,0,1,0,0,0,1,1,0,0,1,0,0,0,0,0,0,2,2,0,0,0,0,0,0,0,0,0,0,0,0,0,0,0,0,0,0,0,0,0,0,0,0,0,0,0,0,0,0,0,0,CHEMBL1370183,CCOC(=O)C1=C(Cc2ccc(Cl)cc2)C(=O)c2ccccc2C1=O,4296.5,3.633114816128496,CHEMBL1293267,G-protein coupled receptor 35,0,Medium-Nonpolar-Aromatic-Rigid-Hydrophobic,Medium-Nonpolar-Aromatic-Rigid-Hydrophobic
13.037711447747824,13.037711447747824,0.2148148148148148,-1.5576372748173344,0.7019736885539968,18.884615384615383,384.26200000000006,369.14200000000017,383.04798408,130,0,0.2569164272985422,-0.3629560743662279,0.3629560743662279,0.2569164272985422,0.8461538461538461,1.4230769230769231,2.076923076923077,35.49678436040737,9.934107007329422,2.4905089499752844,-2.346696623760592,2.4277270541056732,-2.4371610468506018,6.303959017744795,-0.05424155738085,2.870838959480486,1.8400224214517924,970.0610673783724,18.311190308942127,13.693914438944294,15.205772330981205,12.497055696919675,8.14277484738267,8.898703793401125,6.24245419532206,7.115325756266031,4.669528415865345,5.173481046544316,3.3635908182681065,3.615567133607592,-2.329999999999999,1126792.808240253,17.10232939527104,6.436073542323931,2.6897238142497897,160.9567086974921,5.106527394840706,0.0,5.724985593970254,0.0,5.907179729351506,0.0,9.6944469149223,0.0,0.0,0.0,65.66644925969631,35.89528683400505,33.28037750848622,0.0,9.901064578912528,29.10905950981654,0.0,4.899909730850477,0.0,12.269741999882829,0.0,105.09547741580998,0.0,0.0,0.0,0.0,0.0,23.20187978046503,15.91361685504269,12.269741999882829,0.0,27.048343150859804,72.79640482153933,10.045266627482652,0.0,0.0,40.54,5.724985593970254,9.901064578912528,0.0,12.45193613526408,26.73562110257364,5.563451491696996,4.899909730850477,54.59730361615449,18.19910120538483,0.0,23.20187978046503,0.0,11.953235032222,14.514043647294308,12.879330365891212,0.9815365130105552,-0.2148148148148148,21.271779721879227,0.0,0.2537784234063995,0.0,0.0952380952380952,26,1,3,0,1,1,1,3,0,3,1,0,2,1,5,1,3,0,0,0,0,1,4.233532682038953,4,4.842800000000002,102.2183,0,1,0,0,0,0,0,0,0,0,1,1,0,0,0,1,0,0,0,0,0,0,0,0,0,0,0,1,0,0,0,0,0,0,3,0,1,0,0,0,0,0,0,0,2,0,0,0,0,0,0,0,0,0,0,0,0,0,0,0,0,0,0,0,0,0,0,0,0,0,0,0,0,0,0,0,0,0,0,0,0,0,0,0,0,CHEMBL1688139,O=C1c2ccccc2C(O)(c2ccc(Cl)cc2)N1Cc1ccc(Cl)cc1,4200.0,3.6232492903979,CHEMBL5023,p53-binding protein Mdm-2,3,Medium-Nonpolar-Aromatic-Rigid-Hydrophobic,Medium-Nonpolar-Aromatic-Rigid-Hydrophobic
11.441264959687578,11.441264959687578,0.208660241874528,-0.9860851284958424,0.7613708210937679,10.9,332.153,322.0730000000001,330.98440528,100,0,0.3359575527758436,-0.4776216410221661,0.4776216410221661,0.3359575527758436,1.25,2.05,2.7,79.91873112397538,10.07189508894724,2.1436959980303985,-2.0550534757184855,2.276300734454065,-1.9969366087913851,9.103022105862395,0.0698752404058725,2.837131259396999,2.3081443888408497,823.0967321348244,14.27565640300939,10.552989860074629,12.13898639918933,9.541713895658194,5.9482428088755155,6.741241078432868,4.43197666548079,5.347652194272481,2.9939506459766467,3.4872022846936863,2.0733546647321477,2.4344399251896287,-2.1399999999999992,48764.61208651562,12.871765135404022,4.756465263886079,2.2042772231661796,122.73732678899388,9.523678331894054,11.454175413722902,5.7602474188744415,0.0,0.0,5.969305287951848,0.0,9.778515705019029,0.0,0.0,15.929943897949348,43.32193961046029,9.85894373029721,11.080152209313258,14.318215515965877,32.802174117982254,0.0,4.983978520947208,0.0,6.923737199690624,0.0,52.19462083717351,0.0,11.454175413722902,0.0,0.0,0.0,15.929943897949348,16.059811203739763,0.0,6.923737199690624,16.118236094643258,45.28807286365542,0.0,22.357100345803957,0.0,63.33,5.969305287951848,9.901064578912528,0.0,5.563451491696996,22.357100345803957,10.232966934706855,6.06636706846161,18.19910120538483,19.056471336613843,20.91392241889655,4.417150937053347,6.327877876459225,3.3432378643032052,15.906311255983873,9.972798721340387,1.349841269841271,0.3374304374527599,10.512734368438734,0.0,1.8331015395138772,0.0,0.0666666666666666,20,1,4,0,0,0,0,1,2,3,0,0,3,1,5,2,2,0,0,0,0,0,3.061205187572456,3,4.263920000000002,78.84130000000002,0,0,0,0,1,1,0,0,1,1,1,0,0,0,0,1,0,0,0,0,0,0,0,0,0,0,0,0,0,0,1,0,0,0,1,0,1,0,0,0,0,0,1,0,1,0,0,0,0,0,0,0,0,0,0,0,0,0,0,0,0,0,0,0,0,0,0,0,0,0,0,0,0,1,0,0,0,0,0,0,0,0,0,0,0,CHEMBL1330042,Cc1ccc(-c2cc(C(=O)O)c3cc(Br)ccc3n2)o1,2983.82,3.474772620622145,CHEMBL4361,Induced myeloid leukemia cell differentiation protein Mcl-1,0,Medium-Nonpolar-Aromatic-Rigid-Hydrophobic,Medium-Nonpolar-Aromatic-Rigid-Hydrophobic
12.7847123803225,12.7847123803225,0.2806126648190143,-3.6013875897581253,0.7164966301770009,11.653846153846152,370.4740000000001,348.2980000000002,370.135113564,136,0,0.2403567528860242,-0.3607842423470584,0.3607842423470584,0.2403567528860242,1.0384615384615383,1.7692307692307692,2.423076923076923,32.23327176051605,10.028960440953918,2.193287318278998,-2.112748595271555,2.294967439132238,-2.262738239203962,7.891647657953482,0.3933785243112222,2.9470995945820144,1.838932711683375,989.290490016632,18.733840039752497,15.113222473245514,15.92971905417324,12.381847280265069,8.457711008036254,9.94087425563065,6.312819688847662,8.048194804456477,4.348288909643786,5.951309247406353,2.9923959366302917,4.292727153308022,-2.439999999999999,783621.9938009793,18.35404439154489,7.433364703800864,3.8648943001609464,153.6462737304238,4.523094936973348,5.7602474188744415,0.0,10.023291153407584,0.0,0.0,0.0,13.139891848781026,0.0,0.0,47.62123273635672,49.94875476555048,12.10820789760957,10.589411470366237,12.940891921302285,10.023291153407584,0.0,9.878758121577532,0.0,32.08751669751565,6.544756405912575,71.11201494480979,0.0,11.126902983393991,4.722094864452088,0.0,0.0,0.0,20.11921664736696,16.444112776333593,20.771211599071872,22.581078397116897,57.949514960184,0.0,11.126902983393991,0.0,72.2,10.023291153407584,8.417796984328938,0.0,4.895483475517775,24.289276939410023,22.384282469939446,0.0,12.990104268152232,56.31204387861252,9.878758121577532,4.523094936973348,33.47316943435075,0.0,0.2806126648190143,3.9499173315422698,4.163771102727147,0.672905374957108,15.19362102936846,0.64154284244562,5.809181142881089,-3.6013875897581253,0.25,26,1,5,0,0,0,0,2,1,3,0,0,4,1,6,1,6,0,0,0,0,0,5.247396375080923,3,3.787860000000002,101.48450000000004,0,0,0,0,0,1,0,0,0,0,0,0,0,0,0,1,1,0,0,0,0,0,0,0,0,0,0,0,0,0,3,0,0,0,2,0,0,0,0,0,0,0,0,0,0,0,0,0,0,0,0,0,0,0,0,0,0,0,0,0,0,0,0,0,0,0,0,0,0,0,0,0,0,0,0,0,1,0,0,0,0,0,0,0,0,CHEMBL2181738,Cc1ccc(-c2c(C)noc2C)cc1S(=O)(=O)NCCc1ccccc1,3300.0,3.5185139398778875,CHEMBL1795186,Bromodomain-containing protein 3,0,Medium-Nonpolar-Aromatic-Rigid-Hydrophobic,Medium-Nonpolar-Aromatic-Rigid-Hydrophobic
6.47893336552728,6.47893336552728,0.0032520786092211,0.0032520786092211,0.5119564856409683,16.333333333333332,397.30500000000006,379.1610000000002,396.079618556,136,0,0.1274815278912212,-0.4960653773370648,0.4960653773370648,0.1274815278912212,0.9629629629629628,1.7407407407407407,2.5185185185185186,35.49678467400073,9.974776675267618,2.3157680143841346,-2.245287729830944,2.405729020580944,-2.1839207483026315,6.329699231864439,0.4136150085739278,3.131031074983282,1.8161146796673533,1002.8627675334516,18.80275414050485,14.77126470813392,16.28312260017083,13.169035095596024,8.672293953029262,9.428222899047716,6.317886061565056,7.161521968777647,4.660962252274685,5.215671883323014,3.3892475051652764,3.8102997861089016,-2.489999999999999,2456716.5675195074,17.900591782427092,7.631142435738842,3.5301324084127663,168.34489869525092,4.736862953800049,5.749511833283905,0.0,0.0,0.0,0.0,5.008912523954531,0.0,5.101407525739722,0.0,59.60008219123469,41.96165390246666,17.00690642836433,29.573342961621087,4.736862953800049,34.600951057919296,0.0,0.0,5.101407525739722,12.462662452073973,12.118710065232063,93.968574432416,0.0,5.749511833283905,9.74577547775458,5.687386274683562,5.749511833283905,23.20187978046503,12.821482544048235,0.0,0.0,23.58956543546796,77.89781234727906,10.045266627482652,0.0,0.0,24.83,0.0,0.0,0.0,6.041840829147961,10.045266627482652,34.69630771705817,0.0,7.109797541277533,71.73895027703225,6.06636706846161,33.0401502600048,5.535960761876767,12.726272456955776,0.0,8.277335837112624,3.906513605442177,0.8075025020296184,23.565296066250703,0.728113819601915,0.0,1.6752271729526418,0.1363636363636363,27,0,3,0,1,1,0,3,0,3,1,0,3,0,5,1,4,0,0,0,0,1,5.059332058359903,4,6.357700000000004,112.27200000000002,0,0,0,0,0,0,0,0,0,0,0,0,0,0,0,2,0,0,0,0,0,0,0,0,0,0,0,0,0,1,0,0,0,0,3,0,0,0,0,0,0,1,0,0,2,0,1,0,0,0,0,0,0,0,0,1,0,0,0,0,0,0,0,0,2,0,0,0,0,0,0,0,0,0,0,0,0,0,0,0,0,0,0,0,0,CHEMBL3093514,COc1ccccc1C1=NN(c2ccccc2Cl)C(c2cccc(Cl)c2)C1,1900.0,3.278753600952829,CHEMBL394,HCT-116,0,Medium-Nonpolar-Aromatic-Rigid-Hydrophobic,Medium-Nonpolar-Aromatic-Rigid-Hydrophobic
4.485925925925926,4.485925925925926,0.9803458049886624,0.9803458049886624,0.7546578210555973,16.22222222222222,371.07600000000025,357.97200000000015,368.9476216160001,94,0,0.1394591740108204,-0.3560059064008032,0.3560059064008032,0.1394591740108204,1.0,1.7777777777777777,2.5555555555555554,79.9197636013052,10.1104954186276,2.160216589499831,-2.280867342762129,2.321655807911565,-2.298977706652476,9.108561403736434,0.5743382035301605,2.388558265303142,2.159708199978379,579.7032193483041,12.535169427003234,9.865154446019943,13.037147524249354,8.75402019542349,6.102338716166415,7.688335255281118,4.528763326891634,6.298775754857846,3.2915330796060434,4.353859097266143,2.436181299704667,3.7637968266878112,-0.68,19347.32194895545,12.358733073569692,5.1318776648538345,2.2555971184012664,122.8661719130651,4.899909730850477,12.14518285259957,0.0,0.0,0.0,0.0,0.0,9.967957041894415,0.0,0.0,15.929943897949348,47.325142903650594,27.421176057954774,5.516700717616262,0.0,48.58067550581479,0.0,9.967957041894415,0.0,19.26246486877803,17.989422542675626,27.405493243352588,0.0,0.0,4.899909730850477,5.817862777835028,0.0,31.859887795898697,23.057469853719567,0.0,0.0,19.26246486877803,27.405493243352588,0.0,10.902924932081056,0.0,29.020000000000003,0.0,0.0,0.0,0.0,0.0,38.755739553406066,19.26246486877803,6.3273200747645415,6.06636706846161,52.79412163710519,0.0,2.057841553287982,7.104414840010078,11.225240693499622,1.1117129629629632,0.9803458049886624,1.05712962962963,4.124354528848576,5.4852978552532115,2.1869954648526075,0.0,0.3846153846153846,18,0,3,0,1,1,0,1,1,2,0,0,3,0,5,2,1,0,1,1,0,0,3.5235281236745934,3,4.145100000000002,81.00200000000002,0,0,0,0,0,2,0,0,0,0,0,0,0,0,0,3,0,0,0,0,0,0,0,0,0,0,0,0,0,1,0,0,0,0,1,0,1,0,0,0,0,0,0,0,2,0,0,0,0,0,0,0,0,0,0,0,0,0,0,0,0,0,0,0,0,0,0,0,0,1,0,0,0,0,0,0,0,0,0,0,0,0,0,0,0,CHEMBL1543331,Brc1cc(Br)c2ncnc(N3CCCCC3)c2c1,1382.0,3.14050804303818,CHEMBL4869,Prion protein,0,Medium-Nonpolar-Aromatic-Rigid-Hydrophobic,Medium-Nonpolar-Aromatic-Rigid-Hydrophobic
12.898137282690854,12.898137282690854,0.2470342025699166,-0.2470342025699166,0.5280759780986668,11.391304347826088,322.3890000000001,308.27700000000004,322.07759868799997,114,0,0.3020737481381877,-0.44856990054793,0.44856990054793,0.3020737481381877,1.0869565217391304,1.8695652173913044,2.652173913043478,32.09199937237553,10.103758554695304,2.1432096512595664,-2.080525489566065,2.247742484627737,-2.195411223427493,7.710008044116148,0.6558195341472748,2.8988772632037727,2.120020331286317,1181.2799423950423,16.13746372257519,12.71341035121893,13.529906932146655,11.058550648063804,7.302701115079874,7.710949405543737,5.641622821617867,6.028321152684853,4.176527024951287,4.461163283402309,2.775965751467474,3.0663484255061446,-2.6599999999999993,276216.62114710826,13.96568315038891,4.9258965454678165,2.04384818320657,136.54560967763845,9.401129458000554,11.099720859258504,4.771065770590158,5.583020141642242,0.0,5.559266895052007,9.361636831863176,0.0,0.0,0.0,18.19910120538483,61.45771909966837,5.386224214464796,5.687386274683562,4.417150937053347,34.28683865841224,0.0,9.551078168738565,0.0,13.847474399381248,0.0,68.71634231233925,0.0,5.687386274683562,5.559266895052007,0.0,0.0,12.217873443046695,9.551078168738565,0.0,18.618540169971407,11.126902983393991,51.67625760035643,0.0,27.756351490049106,0.0,50.93,0.0,4.794537184071822,0.0,11.142287036694247,15.87078662984866,16.637061980845353,10.13055113948835,0.0,56.31204387861251,4.983978520947208,16.63502438010004,7.580718065003778,5.419755291005291,16.036864370748297,0.8592006277819771,4.371965346578894,0.0,13.355093552598062,0.0,4.0430694129503655,0.0,0.1111111111111111,23,1,4,0,0,0,0,2,2,4,0,0,4,1,5,2,1,0,0,0,0,0,2.9910221906782097,4,4.411330000000003,93.97570000000005,0,0,0,0,0,2,1,0,0,0,0,0,0,0,0,1,1,0,0,0,0,1,0,0,0,0,0,0,0,0,2,0,0,0,2,0,3,0,0,0,0,0,1,0,0,0,0,0,0,0,0,0,0,0,0,0,0,0,0,0,0,0,0,0,1,0,0,0,0,0,0,0,0,0,0,0,0,0,0,0,0,0,0,0,0,CHEMBL1536665,Cc1ccc(-n2c(=S)[nH]c3c(oc4ccccc43)c2=O)cc1C,4111.0,3.61394747678035,CHEMBL4374,Photoreceptor-specific nuclear receptor,0,Medium-Nonpolar-Aromatic-Rigid-Hydrophobic,Medium-Nonpolar-Aromatic-Rigid-Hydrophobic
12.735662819410807,12.735662819410807,0.0348636831275723,-4.54687854554618,0.7471243642363995,11.384615384615383,380.75699999999995,368.66099999999994,380.065173344,134,0,0.4174441865817645,-0.3450986406001659,0.4174441865817645,0.3450986406001659,1.1923076923076923,2.0,2.6538461538461537,35.495692005617805,10.24568610158643,2.315275000955483,-2.122518201993203,2.317843855886769,-2.2531160876514367,6.318331652903987,-0.1373641788459579,3.08949309086642,1.8310857115250665,925.257464764288,18.733840039752504,13.165006172893827,13.920935118912285,12.35919191094603,7.446226072319066,7.824190545328293,5.294364908770148,5.701565035510754,3.5148930983874966,3.793032894451197,2.2777070466420843,2.5351033180672333,-2.869999999999999,840675.7859694798,17.93715179593769,7.166886217103287,3.8547140545882352,151.01010246362964,5.316788604006331,5.693927994848461,5.817862777835028,0.0,5.907179729351506,6.176298517443475,14.345615352810384,4.983978520947208,13.17124514302446,0.0,17.667306958694127,30.33183534230805,18.59053071483923,22.82476920619936,17.96578232709628,17.508119619584022,0.0,19.8518452936921,0.0,12.72105492335605,0.0,76.96267392074412,0.0,5.817862777835028,5.316788604006331,13.17124514302446,0.0,11.600939890232516,20.442236419037275,12.72105492335605,0.0,21.74584466546574,54.98873312560888,5.022633313741326,5.817862777835028,0.0,59.81,17.646929738491977,17.96578232709628,0.0,23.07918049233739,11.890771566461538,6.06636706846161,16.83031028786604,30.462311845459517,0.0,15.284745645900744,11.600939890232516,39.53659446730271,5.951460905277493,20.265235082365106,2.480334092097711,-0.097876778473253,-0.3971570163559239,9.18026042748799,-0.7651067325938468,0.2073666640031182,0.0,0.1176470588235294,26,1,5,0,0,0,1,0,3,3,0,0,4,1,9,3,4,0,0,0,0,0,4.944366383861358,3,3.869500000000002,88.98320000000002,0,0,0,0,0,3,0,0,0,0,1,1,0,0,0,3,1,0,0,0,0,0,0,0,0,3,0,1,0,0,0,0,0,0,0,0,0,0,0,0,0,0,0,0,4,0,0,0,0,0,0,0,0,0,0,0,0,0,0,0,0,0,0,0,0,0,0,0,0,0,0,0,0,2,0,0,0,0,0,0,0,0,0,0,0,CHEMBL1359865,O=C(NCc1ccccn1)c1cccn1-c1ncc(C(F)(F)F)cc1Cl,9961.0,3.998302940098541,CHEMBL2096976,Peroxisome proliferator-activated receptor gamma/Nuclear receptor corepressor 2,0,Medium-Nonpolar-Aromatic-Rigid-Hydrophobic,Medium-Nonpolar-Aromatic-Rigid-Hydrophobic
12.322055224867723,12.322055224867723,0.107318594104308,-0.107318594104308,0.903113955500825,13.714285714285714,318.829,303.70900000000006,318.05936178,108,0,0.2552368176820743,-0.3728333510424818,0.3728333510424818,0.2552368176820743,1.238095238095238,2.0,2.761904761904762,35.4956917264301,10.139102768900695,2.1628260949087155,-2.268169074743215,2.3413170289372127,-2.244547598265001,7.991397347407067,0.1022053164360487,2.4952837045931755,1.8141560182522516,672.4772359089943,14.819626477379408,11.597340096137389,13.16976562308357,10.131030293135236,6.682354897588569,8.045917930251283,4.913538010166617,6.4867236213247255,3.4187265458783975,4.713626412852184,2.2284433752314987,3.466404970217308,-1.649999999999999,76375.64363018791,14.294117501878477,5.996773366191794,3.1679776514484908,132.84002883572032,10.216698334856808,0.0,0.0,0.0,5.907179729351506,0.0,4.794537184071822,0.0,0.0,11.761884949391115,11.600939890232516,42.46456947923127,40.51423655097621,5.687386274683562,4.794537184071822,40.64477711834226,0.0,0.0,0.0,4.895483475517775,29.56198033019336,53.05065428466959,0.0,0.0,10.216698334856808,11.374772549367124,0.0,23.36282483962363,25.252461724688057,0.0,0.0,10.357988675768818,47.36005295474904,5.022633313741326,0.0,0.0,32.34,0.0,4.794537184071822,0.0,5.907179729351506,10.586084805438322,23.67238256202649,4.895483475517775,24.26546827384644,29.960986154775945,17.264370317534,11.600939890232516,0.0,7.670529899843166,15.73598753307312,3.5373389789289864,2.525839264718234,0.9758339966575138,12.943997819938778,0.0,0.9999240036158328,2.0549929476688136,0.1875,21,1,3,0,1,1,1,2,0,2,0,0,3,1,5,1,2,0,0,0,0,0,4.081837291832421,3,4.1342000000000025,89.84120000000003,0,0,0,0,0,0,0,0,0,0,1,1,0,0,0,1,1,0,0,0,0,0,0,0,0,0,0,1,0,2,0,0,0,0,2,0,1,0,0,0,0,0,0,0,1,0,0,0,0,0,0,0,0,0,0,0,0,0,0,0,0,0,0,0,0,0,0,0,0,0,0,0,0,0,0,1,0,0,0,0,0,0,0,0,0,CHEMBL1431253,CN1CCSc2ccc(C(=O)Nc3ccc(Cl)cc3)cc21,8589.0,3.933942602741261,CHEMBL2096976,Peroxisome proliferator-activated receptor gamma/Nuclear receptor corepressor 2,0,Medium-Nonpolar-Aromatic-Rigid-Hydrophobic,Medium-Nonpolar-Aromatic-Rigid-Hydrophobic
12.857486378810783,12.857486378810783,0.1851108591584782,-3.7912381897203313,0.7145262474884108,11.52,376.865,359.72900000000016,376.064841084,130,0,0.2617245222712596,-0.360784242336854,0.360784242336854,0.2617245222712596,1.08,1.8,2.44,35.49569230683251,10.02896076596692,2.2056909399551916,-2.1270516787950475,2.3119072000139167,-2.143317262336078,7.923984623268533,0.3933790869954702,2.888322346768461,2.0751519452827245,1022.7247849417378,18.189869965382485,13.99962311469202,15.5720486416382,11.792530882788029,7.6062531300209875,9.467380850624608,5.764791912568339,7.822816165554878,3.9178855259002807,5.754972053874392,2.683948927453119,4.274462468647361,-2.309999999999999,419517.26757873193,17.51101903210995,6.536244034206525,3.405751768430562,151.21965572851232,4.523094936973348,5.7602474188744415,0.0,0.0,10.023291153407584,0.0,4.722094864452088,8.417796984328938,0.0,0.0,41.0230714212044,50.09721578785069,5.563451491696996,21.299431058791125,12.940891921302285,27.311617318323663,0.0,5.156663257125445,0.0,25.666695074589647,4.722094864452088,64.5048296983925,0.0,11.126902983393991,4.722094864452088,5.687386274683562,0.0,11.600939890232516,13.574460241454382,10.023291153407584,20.771211599071872,17.0176269054199,51.883147891722395,5.022633313741326,11.126902983393991,0.0,72.2,10.023291153407584,8.417796984328938,0.0,4.895483475517775,27.727646493844787,11.126902983393991,0.0,50.245676810150904,12.990104268152232,9.878758121577532,16.124034827205865,33.44587404572073,6.064003168437391,0.1851108591584782,4.267163339790054,3.2228829166686923,0.6423740948271974,11.958385103641838,0.0,5.366555772587068,-3.7912381897203313,0.1666666666666666,25,1,5,0,0,0,0,2,1,3,0,0,4,1,7,1,4,0,0,0,0,0,4.578251747260222,3,4.721060000000003,98.4105,0,0,0,0,0,1,0,0,0,0,0,0,0,0,0,1,1,0,0,0,0,0,0,0,0,0,0,0,0,1,3,0,0,0,2,0,0,0,0,0,0,0,0,0,1,0,0,0,0,0,0,0,0,0,0,0,0,0,0,0,0,0,0,0,1,0,0,0,0,0,0,0,0,0,0,0,1,0,0,0,0,0,0,0,0,CHEMBL2181726,Cc1ccc(-c2c(C)noc2C)cc1S(=O)(=O)Nc1ccccc1Cl,1800.0,3.255272505103306,CHEMBL1293289,Bromodomain-containing protein 2,0,Medium-Nonpolar-Aromatic-Rigid-Hydrophobic,Medium-Nonpolar-Aromatic-Rigid-Hydrophobic
5.691541733212007,5.691541733212007,0.2751925763163136,0.2751925763163136,0.3653699108271046,14.76,332.33500000000015,318.223,332.0917343480899,122,0,0.2308409657295758,-0.4535719915385255,0.4535719915385255,0.2308409657295758,0.72,1.48,2.4,16.700936664728545,9.999028439314714,2.2354803281334372,-2.080958441603812,2.4245791522418334,-2.2823038230692214,6.147939650264793,-0.6422745876203955,3.2751480801513657,1.7932999160675818,1215.3925419163916,16.54324111651101,13.535872204055888,13.535872204055888,12.29282633568371,8.16495928032406,8.16495928032406,6.388924501046957,6.388924501046957,5.027817521743817,5.027817521743817,3.910298178943093,3.910298178943093,-3.21,1824221.4540154291,13.122626914072248,4.446942405999047,1.6454517905910593,142.44336113640333,18.947451815200196,7.04767198267719,29.194890904748693,19.102585329815916,0.0,0.0,0.0,0.0,4.567099647791355,0.0,6.06636706846161,35.71805955677285,5.386224214464796,16.158672643394386,23.51455146299155,32.44782178994024,0.0,0.0,7.04767198267719,0.0,13.585884612199656,42.595045982382736,0.0,22.99804733313562,23.51455146299155,0.0,22.99804733313562,0.0,13.585884612199656,7.04767198267719,0.0,0.0,42.595045982382736,0.0,32.44782178994024,0.0,40.8,0.0,0.0,0.0,13.585884612199656,0.0,50.05964490861106,5.386224214464796,0.0,12.13273413692322,42.077083475928056,18.947451815200196,24.43712077593255,0.0,0.0,5.655495979255901,1.1547826908541197,3.223366168730527,12.477929684219369,2.106352513227513,0.5550726526326275,2.056546201814059,0.15,25,0,5,0,2,2,0,3,1,4,0,0,4,0,5,3,0,0,0,0,0,0,2.3342226440916916,6,3.4281000000000015,92.38200000000006,0,0,0,0,0,1,0,0,0,0,0,0,0,0,0,1,0,0,0,0,0,0,0,0,0,0,0,0,0,0,1,0,0,0,3,0,8,0,0,0,0,4,0,0,0,0,0,0,0,0,0,0,0,0,0,0,0,0,0,0,0,0,0,0,0,0,0,0,0,0,0,0,0,1,0,0,0,0,0,0,0,0,0,0,0,CHEMBL417799,C[n+]1cc2c3c(ccc2c2ccc4cc5c(cc4c21)OCO5)OCO3,264.6,2.422589839851482,CHEMBL612545,Unchecked,0,Medium-Nonpolar-Aromatic-Rigid-Hydrophobic,Medium-Nonpolar-Aromatic-Rigid-Hydrophobic
12.824212490551776,12.824212490551776,0.1167968159486019,-0.8742357690576483,0.7950878472841194,18.035714285714285,377.48400000000015,350.26800000000014,377.199093724,146,0,0.3115894213329301,-0.4807552194403331,0.4807552194403331,0.3115894213329301,1.0357142857142858,1.7142857142857142,2.357142857142857,16.369083895129904,9.883181202711423,2.567545114722587,-2.2561142751889385,2.547890362511566,-2.384882322170988,5.8316513078675385,-0.1446196458644373,3.487925490520708,1.525504550371546,896.5663221332234,19.72540387131522,16.332259798250526,16.332259798250526,13.476000860295423,10.178601912316427,10.178601912316427,8.359448169582025,8.359448169582025,6.260784052156179,6.260784052156179,4.354261656316336,4.354261656316336,-2.6199999999999997,4260487.034969082,18.729847359975683,7.419947119936232,3.683956794472615,165.52328052715342,10.423315998847038,0.0,0.0,5.907179729351506,0.0,5.969305287951848,9.589074368143644,0.0,0.0,0.0,48.02802097092827,67.70247290403468,0.0,17.877652921470748,14.69560176298435,11.876485017303354,0.0,5.316788604006331,5.414990469396779,57.91132938932067,0.0,70.28182693771626,0.0,0.0,5.316788604006331,0.0,0.0,0.0,16.98301241214406,28.85153923692167,12.338727669087405,59.542384779336984,42.46456947923127,0.0,0.0,0.0,66.4,17.426136586496586,14.69560176298435,0.0,12.328001352277514,12.84164324585202,29.531997720943007,23.968546229246012,0.0,37.255572541998674,17.449522740929552,0.0,0.0,0.0,24.73844841363635,12.819473763123447,4.8617930608436115,-0.9435044435716328,13.646952763060597,6.129270839249992,1.9975656036576368,0.0,0.4166666666666667,28,2,4,2,0,2,1,2,0,2,1,0,2,2,4,0,6,1,0,1,0,1,4.9633741776963145,4,4.138620000000003,108.15350000000004,1,0,0,0,0,0,0,0,1,1,2,1,0,0,0,0,1,0,0,0,0,0,0,0,0,0,0,1,0,0,3,0,0,0,2,0,1,0,0,0,0,0,0,0,0,0,0,0,0,0,0,0,0,0,0,0,0,0,0,0,0,0,0,0,0,0,0,0,0,0,0,0,0,0,0,0,0,0,0,0,0,0,0,0,0,CHEMBL5274849,Cc1ccc(C(NC(=O)Cc2ccc3c(c2)CCCC3)C2(C(=O)O)CC2)cc1,54000.0,4.732393759822968,CHEMBL3038498,Keap1/Nrf2,0,Medium-Nonpolar-Aromatic-Rigid-Hydrophobic,Medium-Nonpolar-Aromatic-Rigid-Hydrophobic
12.587407354234353,12.587407354234353,0.197076667086588,-4.430812401778748,0.622539265706338,10.964285714285714,387.36100000000016,371.2330000000002,387.119461412,144,0,0.4159120646067603,-0.4850170323722791,0.4850170323722791,0.4159120646067603,0.9285714285714286,1.6428571428571428,2.3214285714285716,19.41318230895482,10.17527475949593,2.295081167992382,-2.1246317002818667,2.29576708586986,-2.203785675801515,5.994391150314743,-0.1371194543427207,2.6762631128854077,1.622777216538926,929.430878507068,19.98491689530906,14.532913606917424,14.532913606917424,13.414834803611855,8.286621821493286,8.286621821493286,5.778652145343713,5.778652145343713,3.7098847730399513,3.7098847730399513,2.3486451898144036,2.3486451898144036,-3.5499999999999994,1928793.530508965,19.218221954609938,8.426978650661939,5.227901637435926,158.73146376130677,10.05365155780638,6.606881964512918,11.567374611118932,0.0,0.0,12.207413029781549,5.316788604006331,9.778515705019029,13.17124514302446,0.0,30.33183534230805,41.96165390246666,11.884229846296638,5.563451491696996,22.70264528089633,17.536363564856664,0.0,4.983978520947208,0.0,12.783180481956393,10.633577208012662,84.0537843080848,0.0,5.749511833283905,15.370440161812713,29.471031379614875,5.749511833283905,0.0,11.01509303328528,12.783180481956393,0.0,11.126902983393991,72.9268813246908,0.0,0.0,0.0,63.25,17.770864521478543,17.96578232709628,0.0,11.50524905251859,12.356393797796825,17.696185628620217,18.3295777085363,12.13273413692322,30.33183534230805,15.61755572895987,4.736862953800049,43.45969040334509,0.0,16.22343736411129,4.988879609522872,0.3745152457930658,0.5664492659884077,16.285248878712363,-2.9416104643462906,0.2933896968731924,0.0,0.1,28,2,5,0,0,0,2,2,1,3,0,0,3,2,8,1,5,0,0,0,0,0,5.783983789827874,3,5.323400000000002,99.0964,0,0,0,0,0,1,0,0,0,0,1,1,0,0,0,1,2,0,0,0,0,0,0,0,0,3,0,2,0,2,0,0,0,0,2,0,0,0,0,0,0,1,0,0,3,0,0,0,0,0,0,0,0,0,0,0,0,0,0,0,0,0,0,0,0,0,0,0,0,0,0,0,0,1,0,0,0,0,0,0,0,0,0,0,1,CHEMBL382465,O=C(Nc1ccc(C(F)(F)F)cc1)Nc1ncccc1OCc1ccccc1,499.0,2.6981005456233897,CHEMBL1949,Cyclophilin A,0,Medium-Nonpolar-Aromatic-Rigid-Hydrophobic,Medium-Nonpolar-Aromatic-Rigid-Hydrophobic
12.331554852673698,12.331554852673698,0.2943187982518784,-0.4696800843590167,0.5230460209804627,10.703703703703704,376.799,363.6950000000001,376.06146995600005,132,0,0.343736829327902,-0.4222778942351076,0.4222778942351076,0.343736829327902,1.0,1.851851851851852,2.6296296296296298,35.49569196014534,10.052768444948908,2.127636193035355,-2.087949698494693,2.299373412865333,-2.1170860847319415,6.333531150596593,0.1021747805383832,2.6841115254424204,1.6719992352951585,1202.938231745318,18.802754140504845,13.978126170176289,14.734055116194742,13.114193540729628,8.158627942874793,8.53659241588402,5.875808349157393,6.283008475897999,4.082270321406922,4.394979329895221,2.7613323019050102,3.0436749638189027,-3.439999999999999,1906170.1138003927,16.99798083901873,7.052816067216476,3.452030330198843,158.7928355932896,9.733939541059678,5.583020141642242,0.0,0.0,5.907179729351506,5.625586319077987,9.778515705019029,4.794537184071822,0.0,0.0,35.866408164078955,36.39820241076966,29.030749124071505,16.149536297135317,9.211688121125167,34.164750250374624,0.0,4.983978520947208,0.0,0.0,5.316788604006331,94.0635661364304,0.0,11.126902983393991,10.94237492308432,5.687386274683562,0.0,11.600939890232516,10.891158250298712,0.0,0.0,10.357988675768818,82.26904594896742,5.022633313741326,22.09614733950103,0.0,72.2,5.625586319077987,9.589074368143644,0.0,5.907179729351506,32.98339420515812,5.386224214464796,6.196843571613076,54.72778011930596,12.13273413692322,10.300767124953538,16.018090827285864,5.363941604349183,6.372336440749139,28.474438211857123,3.8946941844253913,1.9032472592481344,-0.2943187982518784,17.324184151875095,3.0725880568589248,0.0,0.0,0.0,27,1,5,0,0,0,1,2,2,4,0,0,4,1,6,2,3,0,0,0,0,0,4.44013453228404,4,4.760700000000003,105.1202,0,0,0,0,0,1,0,0,0,0,1,1,0,0,0,1,1,0,0,0,0,0,0,0,0,0,0,1,0,1,0,0,0,0,2,0,1,0,0,0,0,0,0,0,1,0,0,0,0,0,0,0,0,0,0,0,0,0,0,0,0,0,0,0,1,0,0,0,0,0,0,0,0,1,0,0,0,0,0,0,0,0,0,0,0,CHEMBL1337717,O=C(Nc1ccc(-c2cc3ccccc3oc2=O)c(Cl)c1)c1cccnc1,3989.0,3.6008640363098396,CHEMBL5469,Protein tyrosine kinase 2 beta,0,Medium-Nonpolar-Aromatic-Rigid-Hydrophobic,Medium-Nonpolar-Aromatic-Rigid-Hydrophobic
9.38840584845049,9.38840584845049,0.506669501133787,0.506669501133787,0.8039488799863058,13.947368421052632,270.35699999999997,256.24499999999995,270.082684068,96,0,0.1355333610791367,-0.4613399248625482,0.4613399248625482,0.1355333610791367,1.3157894736842106,2.1052631578947367,2.789473684210526,32.11692106433222,9.89065928373247,2.2288286038901624,-2.1914702612913253,2.3607028008317656,-2.0926754750090444,7.79838077864288,0.5452242653977791,2.8309750779575045,2.312508087345235,682.1845132275647,13.405412915006313,10.73301674008918,11.627443931089095,9.202708600407233,6.420465865173287,6.867679460673244,4.839864330544757,5.263471128294736,3.553510986215457,3.877117783965436,2.6752036171308555,2.9577176941244994,-1.7299999999999998,35591.01868008175,12.311302830963806,4.74694292579426,2.0430182208754917,117.2339424483052,4.417150937053347,22.6156761292104,0.0,0.0,0.0,0.0,0.0,4.983978520947208,5.261891554738487,12.628789148012991,0.0,50.303209320014886,11.257379486545457,5.563451491696996,4.417150937053347,12.628789148012991,5.261891554738487,4.983978520947208,0.0,37.63298367006391,0.0,34.713812534040116,0.0,17.39292022336371,0.0,0.0,0.0,12.628789148012991,4.983978520947208,12.84164324585202,18.254850067221383,35.42272164296891,21.575845052645807,0.0,11.323698910571435,0.0,49.82,0.0,5.261891554738487,0.0,0.0,10.589411470366237,54.02461230769538,0.0,0.0,19.056471336613843,23.681988981752472,4.417150937053347,5.720291635172586,4.363295068027211,4.477487874779541,9.895075349584278,3.650820735701688,1.6026627456538174,6.068009652935248,4.203712915721844,1.907532911312673,0.0,0.3333333333333333,19,0,3,1,0,1,0,0,2,2,0,0,4,1,4,2,1,0,0,0,0,0,3.075844835829183,3,3.6892000000000023,75.28500000000003,0,0,0,0,0,1,0,0,0,0,0,0,0,0,0,2,0,0,0,0,0,0,1,0,0,0,0,0,0,0,2,0,0,0,0,0,1,0,0,0,0,0,1,0,0,0,0,0,0,0,0,0,0,0,0,0,0,1,0,0,0,0,0,0,0,0,0,0,0,0,0,0,0,1,0,0,0,0,0,0,0,0,0,0,0,CHEMBL1566010,Cc1ccc(-c2c(C#N)c(S)nc3c2CCCC3)o1,1090.0,3.037426497940624,CHEMBL4374,Photoreceptor-specific nuclear receptor,0,Medium-Nonpolar-Aromatic-Rigid-Hydrophobic,Medium-Nonpolar-Aromatic-Rigid-Hydrophobic
13.791630343495424,13.791630343495424,0.1199381141345432,-3.755398885634501,0.9068726871965228,20.136363636363637,348.367,337.279,348.010170872,118,0,0.2811856900250897,-0.3819919300516995,0.3819919300516995,0.2811856900250897,1.2727272727272727,1.8636363636363635,2.409090909090909,32.24325635997866,10.077257525873902,2.5090276306972843,-2.1427057143531427,2.5257197035261547,-2.2207980893131687,7.924790504238486,-0.0974727783415121,2.8645142994828787,2.2702308979007735,838.9631710460466,16.28409257144667,11.30795830351777,12.94095146537322,10.110008898075858,6.284923914176086,8.992832033162065,5.230275774558087,8.46189422133623,3.5430153578930756,6.68625174752772,2.560337422066979,5.139578994892407,-1.3800000000000003,78567.8982062164,15.513202653927069,4.806409550045915,2.3478911829866687,128.499036242791,5.106527394840706,16.130366406316277,9.837253136417502,0.0,5.922529168094576,0.0,0.0,21.589042127353395,0.0,11.336785877934735,12.13273413692322,23.259637120317212,23.11718949183571,0.0,26.695569522194106,21.17403901435224,0.0,0.0,0.0,22.65649635629097,6.255769183511404,41.20959209828632,0.0,10.440598685398296,0.0,13.17124514302446,0.0,11.336785877934735,25.702622730775623,16.25807475934351,5.817220841045894,17.230869371142294,28.47464745136852,0.0,10.440598685398296,0.0,54.370000000000005,34.10179115623228,26.695569522194106,0.0,15.336082160916073,10.440598685398296,17.59255506144614,24.26546827384644,0.0,0.0,0.0,0.0,64.01368320630722,0.8285941043083895,0.3256018518518522,9.789865100361132,0.34148904006047,-3.8907313318846057,5.141742252456538,-1.9615120044931569,0.0,-3.755398885634501,0.2857142857142857,22,1,3,1,0,1,0,1,1,2,1,0,4,1,8,1,2,0,0,0,0,0,3.389218426710577,3,3.182500000000002,76.43360000000001,0,1,1,0,0,0,0,0,0,0,0,0,0,0,0,0,0,0,0,0,0,0,0,0,0,2,0,0,0,0,0,0,0,0,1,0,1,0,0,0,0,0,0,0,3,0,0,0,0,0,0,0,0,0,0,0,0,0,0,0,0,0,0,0,0,0,0,0,0,0,0,0,0,0,0,0,0,1,0,0,0,0,1,0,0,CHEMBL5420728,CS(=O)(=O)c1sc(-c2ccc(F)cc2)c2c1[C@H](O)C(F)(F)C2,440.0,2.643452676486187,CHEMBL3885518,Aryl hydrocarbon receptor nuclear translocator/Endothelial PAS domain-containing protein 1,0,Medium-Nonpolar-Aromatic-Rigid-Hydrophobic,Medium-Nonpolar-Aromatic-Rigid-Hydrophobic
12.662821869488535,12.662821869488535,0.1988742441421014,-0.5732242588393384,0.4928941902618936,10.964285714285714,373.4080000000002,354.2560000000001,373.131408088,140,0,0.3404111909957371,-0.4653973916435215,0.4653973916435215,0.3404111909957371,0.8928571428571429,1.5714285714285714,2.25,16.529709016020426,9.930258938851624,2.315674391242627,-2.1889363516988687,2.430032202691024,-2.112773275888651,6.1204340922867235,0.0556772444008097,3.1364543304225303,2.2332213947719253,1174.361267184252,19.83613433532446,15.853709449251673,15.853709449251673,13.578917360319547,8.86511465340997,8.86511465340997,6.500364029910373,6.500364029910373,5.0365598566852885,5.0365598566852885,3.8181478808877776,3.8181478808877776,-3.599999999999999,3573023.6815827033,17.79591880228036,6.850325561856756,2.552096249340724,162.01762203805734,13.874420513861892,0.0,0.0,0.0,0.0,11.938610575903695,0.0,9.589074368143644,0.0,0.0,36.39820241076966,41.81319288016644,17.276995780926335,31.04042606079752,19.06280027574374,17.45531129351996,0.0,4.400694606261793,0.0,6.923737199690624,14.219595082555069,77.48450166285855,0.0,22.38428246993945,0.0,0.0,0.0,0.0,30.558900264720556,9.473725907600098,6.923737199690624,26.27942884323463,60.79414718776757,0.0,27.900983187555713,0.0,57.010000000000005,11.938610575903695,9.589074368143644,0.0,11.126902983393991,5.693927994848461,27.770506684404246,14.219595082555069,6.06636706846161,66.05221192525838,0.0,9.473725907600098,11.86218466553288,0.0,25.116651706979088,0.0,5.821724773242631,-1.144570683211556,17.479205115688252,1.8818839758125472,2.0414063681027965,2.6081807445200305,0.1304347826086956,28,0,5,1,1,2,0,1,1,2,0,0,5,0,5,2,3,0,0,0,0,0,4.3538513381424435,4,4.592720000000004,106.87100000000004,0,0,0,0,0,1,0,0,0,0,2,2,0,0,0,1,0,0,0,0,0,0,0,0,0,0,0,0,0,0,1,0,0,0,1,0,3,0,0,0,2,2,0,0,0,0,0,0,0,0,0,0,0,0,0,2,0,0,0,0,0,0,0,0,0,0,0,0,0,0,0,0,0,2,0,0,0,0,0,0,0,0,0,0,0,CHEMBL1312189,COC(=O)c1cc2c(-c3ccccc3)c(C)c3ccccn3c-2c1C(=O)OC,1308.0,3.1166077439882485,CHEMBL2096976,Peroxisome proliferator-activated receptor gamma/Nuclear receptor corepressor 2,0,Medium-Nonpolar-Aromatic-Rigid-Hydrophobic,Medium-Nonpolar-Aromatic-Rigid-Hydrophobic
12.398108952335145,12.398108952335145,0.0615486163601242,-0.588575959641074,0.6069034467138313,18.185185185185187,378.45300000000015,360.30900000000014,378.103813436,136,0,0.3440683740415362,-0.4622279827275064,0.4622279827275064,0.3440683740415362,1.1851851851851851,2.0,2.7777777777777777,32.166492435792684,9.990937259143742,2.393396806326681,-2.2946234229197713,2.453147734571854,-2.32036732412465,7.989076365025207,-0.139239565053824,3.1822655004757388,1.7332361132477097,1064.5263192669493,18.543241116511005,14.94970560473624,15.766202185663966,13.202708600407236,9.143481084329649,10.298181622708896,6.695836107680464,7.920580979072053,5.287421898669741,6.229920539529478,4.165435722791581,5.068531833352888,-2.599999999999999,3153523.278475442,16.564749057726644,6.233506763787723,2.35897648125809,160.63519002784608,9.636772684650529,5.5731045300692665,0.0,0.0,5.907179729351506,5.969305287951848,4.794537184071822,9.786941916707493,11.761884949391115,0.0,24.26546827384644,18.55355575984923,52.19161075069814,12.31856696728362,14.325937321943693,51.3829942031476,0.0,0.0,4.992404732635668,6.923737199690624,36.10201172068212,47.03184285577131,0.0,0.0,4.899909730850477,5.687386274683562,0.0,11.761884949391115,48.7902720099057,14.325937321943693,0.0,18.050640183084617,40.89734460501298,0.0,16.34555295899886,0.0,58.97,11.876485017303354,9.589074368143644,0.0,12.179986494582185,11.28478953283997,46.494571437642314,5.687386274683562,6.923737199690624,29.960986154775945,22.025048600409367,4.736862953800049,5.116477399614574,1.9821280274202695,31.409698000412288,2.2300304180314106,4.342342713319897,1.164363036464756,10.23788803329974,0.0,4.01707237143707,0.0,0.2857142857142857,27,0,5,1,2,3,1,2,0,2,0,0,5,0,6,2,3,0,1,1,0,0,3.8243138996957535,5,3.0526000000000018,108.58300000000004,0,0,0,0,0,0,0,0,0,0,2,2,0,0,1,2,0,0,0,0,0,0,0,0,0,0,1,1,0,1,0,0,0,0,2,0,3,0,0,0,1,1,0,0,0,0,0,0,0,0,0,0,0,0,0,0,0,0,0,0,0,0,0,0,0,0,0,0,0,0,0,0,0,0,0,1,0,0,0,0,0,0,0,0,0,CHEMBL2312468,CCOC(=O)C1=C2C(=NC1=O)c1cccc3c(N4CCSCC4)ccc2c13,2200.0,3.342422680822206,CHEMBL4860,Apoptosis regulator Bcl-2,0,Medium-Nonpolar-Aromatic-Rigid-Hydrophobic,Medium-Nonpolar-Aromatic-Rigid-Hydrophobic
12.012016292335764,12.012016292335764,0.1008926896949986,-0.470499836020253,0.7059388239637813,14.22222222222222,352.3490000000001,340.2530000000001,352.084792244,128,0,0.2884444189556369,-0.4966244095339559,0.4966244095339559,0.2884444189556369,1.0,1.8148148148148149,2.6296296296296298,16.486050909721808,10.006880746559116,2.357628854421174,-2.1116855953264575,2.4539858243569515,-1.9359795420927468,6.496587211874254,-0.1132689271518344,3.1835653791800493,1.7049880004663296,1262.278302145713,18.543241116511005,14.31532448509814,14.31532448509814,13.207039898056808,8.371633008066699,8.371633008066699,6.247804152533428,6.247804152533428,4.81991897706648,4.81991897706648,3.66579393163595,3.66579393163595,-3.9099999999999993,3124637.5840114267,15.353145107410988,5.5461424988404335,2.1043939583659297,154.3350639308195,9.473725907600098,28.890861342713254,0.0,0.0,5.907179729351506,0.0,4.794537184071822,4.992404732635668,5.261891554738487,0.0,24.26546827384644,29.828919765543436,27.975371519157463,12.821482544048235,14.26826309167192,27.964417691121064,5.261891554738487,0.0,4.992404732635668,0.0,7.109797541277533,71.29731112961775,0.0,23.31775681264399,9.473725907600098,0.0,17.248535499851716,0.0,18.728662273399745,4.794537184071822,11.33111286753076,11.126902983393991,65.16281287885943,0.0,16.34555295899886,0.0,71.68,5.907179729351506,10.056428738810308,0.0,5.5731045300692665,28.533325032691685,21.899351412323583,0.0,7.109797541277533,60.66652492894677,4.992404732635668,9.473725907600098,11.348838054710445,0.0,16.11475617050313,11.233735272980852,3.007601175813659,1.5963532434933605,18.92157731309947,0.0,0.0,1.6104721027324118,0.0454545454545454,27,0,5,1,1,2,1,3,0,3,0,0,4,0,5,1,3,0,0,0,0,0,3.153730761891709,5,4.260780000000004,101.09300000000005,0,0,0,0,0,0,0,0,0,0,1,1,0,0,1,2,0,0,0,0,0,0,0,0,0,0,1,1,0,0,0,0,0,0,3,0,3,0,0,0,0,2,0,0,0,0,0,0,0,0,0,0,0,0,0,1,0,1,0,0,0,0,0,0,0,0,0,0,0,0,0,0,0,0,0,0,0,0,0,0,0,0,0,0,0,CHEMBL1824189,COc1cccc(Oc2ccc3c4c(cccc24)C2=NC(=O)C(C#N)=C23)c1,6400.0,3.806179973983887,CHEMBL387,MCF7,0,Medium-Nonpolar-Aromatic-Rigid-Hydrophobic,Medium-Nonpolar-Aromatic-Rigid-Hydrophobic
5.9697741491957625,5.9697741491957625,0.7949622559399591,0.7949622559399591,0.6856239315700734,15.84,372.9250000000001,351.75700000000006,372.1175453520001,130,0,0.1403628467746608,-0.3534094087254731,0.3534094087254731,0.1403628467746608,1.08,1.84,2.56,35.495691920640674,10.163034799794143,2.2042444503108416,-2.3518145978995633,2.3058445676287165,-2.4584865137539262,7.182331276837692,0.2492717274871047,3.076438812128691,1.4475199040932545,853.4915255574557,17.225403871315223,14.281809447729966,15.854234974676148,12.224677988261847,8.678518566405565,9.872979620342518,6.372031525297048,7.923667177058282,4.699139452208509,6.138502353521889,3.284991526056475,4.340456984345953,-1.6899999999999995,971416.3193177554,16.760991966237132,7.278065698870882,3.6358903919136054,156.62151830413617,4.899909730850477,16.975579272220138,0.0,0.0,0.0,0.0,4.899909730850477,9.967957041894415,0.0,11.336785877934735,30.657411226846357,30.183374320007832,42.6235625370055,5.386224214464796,0.0,38.97220918008764,0.0,14.867866772744891,0.0,19.88931522852921,31.07893535450078,52.12238741621221,0.0,0.0,4.899909730850477,5.817862777835028,0.0,22.93772576816725,41.046892396395194,12.965578028838586,0.0,17.36433588508892,36.65915541707259,5.022633313741326,10.216620634085364,0.0,32.260000000000005,0.0,0.0,0.0,0.0,0.0,54.81549616368581,15.826822899863089,17.664105952699277,12.13273413692322,44.89061490867083,11.600939890232516,0.0,7.749695152652362,16.390130827974026,1.9991300773895269,1.3126839948304596,1.0899008604564162,10.412020577050374,2.7530039972101727,7.237878956881106,0.0,0.3684210526315789,25,0,4,0,1,1,0,1,2,3,0,0,5,0,6,3,4,0,1,1,0,0,4.879504028340835,4,4.229300000000003,105.73500000000006,0,0,0,0,0,2,0,0,0,0,0,0,0,0,0,4,0,0,0,0,0,0,0,0,0,0,0,0,0,1,1,0,0,0,1,0,1,0,0,0,0,0,0,0,1,0,0,0,0,0,0,0,0,0,0,0,0,0,0,0,0,0,0,0,0,0,0,0,0,0,1,0,0,0,0,0,0,0,0,0,0,0,1,0,0,CHEMBL3696177,CCc1cc2c(N3CCN(Cc4ccc(Cl)cc4)CC3)ncnc2s1,14000.0,4.146128035678238,CHEMBL2093861,Menin/Histone-lysine N-methyltransferase MLL,0,Medium-Nonpolar-Aromatic-Rigid-Hydrophobic,Medium-Nonpolar-Aromatic-Rigid-Hydrophobic
13.082562541775204,13.082562541775204,0.3059874029322982,-0.3443738734142776,0.6582615086440045,12.523809523809524,302.33000000000004,291.242,302.05252681200005,106,0,0.3384493821159308,-0.4571850395164949,0.4571850395164949,0.3384493821159308,1.1428571428571428,1.9047619047619049,2.6666666666666665,32.09204686421726,10.101389261451631,2.206137547695351,-2.1066899785074735,2.230614034186292,-2.1885041171434985,7.803892277720148,0.0534838468883531,2.800131897848442,1.7058262761985594,733.3635987239825,14.819626477379408,10.851268009914746,11.667764590842472,10.114193540729628,6.252984274146999,6.661232564610861,4.537530351229772,4.945778641693635,3.0289015704936073,3.233025715725539,2.050820866965671,2.2865231273611872,-2.469999999999999,82741.09744952362,13.510186765284027,5.492887816106243,3.001702857981845,125.47659986211946,15.37044016181271,12.424102805558812,5.112436884724758,0.0,0.0,5.969305287951848,0.0,9.184952231746642,0.0,0.0,12.13273413692322,42.549708785354746,16.93822404106412,5.563451491696996,13.92181518554669,34.67438816509043,0.0,0.0,0.0,6.606881964512918,10.633577208012662,59.40869330367116,0.0,0.0,10.633577208012662,15.765187597041944,0.0,12.217873443046695,11.081742172676606,11.343744918312968,5.817220841045894,15.921440167465814,42.46456947923127,0.0,0.0,0.0,50.36,0.0,9.184952231746642,0.0,11.786526128997744,28.65754289030179,5.563451491696996,12.13273413692322,24.26546827384644,6.06636706846161,10.633577208012662,16.954736396846744,18.017809924946917,5.157882180650038,11.491880589331435,6.136488331443688,2.608968836999141,-0.6798757259255095,11.29419179295532,0.0,0.3059874029322982,0.0,0.0666666666666666,21,2,4,0,1,1,0,2,0,2,0,0,3,2,6,1,2,0,0,0,0,0,3.5338066798261165,3,3.3050000000000015,81.80490000000002,0,0,0,0,0,0,0,0,0,0,1,1,1,0,0,0,2,0,0,0,0,0,0,0,0,0,0,0,0,2,0,0,0,0,2,0,1,0,0,0,1,1,0,0,1,0,0,0,0,0,0,0,0,0,1,0,0,0,0,0,0,0,0,0,0,0,0,0,0,0,0,0,0,0,0,0,0,0,0,0,0,0,0,0,0,CHEMBL490848,O=C1OCc2ccc(NC(=S)Nc3cccc(F)c3)cc21,740.0,2.869231719730976,CHEMBL1949,Cyclophilin A,0,Medium-Nonpolar-Aromatic-Rigid-Hydrophobic,Medium-Nonpolar-Aromatic-Rigid-Hydrophobic
13.823808159066097,13.823808159066097,0.1669224773242632,-3.8754769515831025,0.8084474868263298,20.0,380.3840000000001,368.28800000000007,380.016399124,130,0,0.277493526596467,-0.3820058704325846,0.3820058704325846,0.277493526596467,1.25,1.9166666666666667,2.5,32.243256667826614,9.87087503611068,2.4721228739357257,-2.2850703131157215,2.505788349682536,-2.317204629953844,7.924782253426043,-0.1219195995496428,2.860351673539273,2.2874492630291132,919.040650139,17.861442840636293,12.31567928852392,13.94867245037937,11.020692500598816,6.8905728173473655,9.598480936333344,5.675494017658283,8.907112464436427,3.9142451634186175,7.057481553053258,2.765150018316266,5.365169063463859,-1.4500000000000002,188339.85594419343,17.37553166777971,5.534637863166906,2.738964474678762,139.02951376011384,5.106527394840706,10.313145565270382,21.47169481850929,0.0,5.922529168094576,0.0,0.0,25.979457175028216,0.0,11.336785877934735,6.06636706846161,29.68045874324322,23.11718949183571,0.0,31.085984569868927,21.17403901435224,0.0,0.0,0.0,29.07731797921698,6.255769183511404,40.96044587087061,0.0,10.440598685398296,0.0,17.56166019069928,0.0,11.336785877934735,25.702622730775623,16.25807475934351,11.634441682091788,23.651690994068304,22.40828038290691,0.0,10.440598685398296,0.0,54.370000000000005,39.919011997278176,31.085984569868927,0.0,32.197502469240376,11.336785877934735,18.388503320434623,6.06636706846161,0.0,0.0,0.0,0.0,77.75582421317293,0.6839644746787601,0.2489583333333338,9.950382075669774,0.0887107898715051,-5.643456081506677,3.0070522722978077,-2.2159591259343254,0.0,-3.8754769515831025,0.3333333333333333,24,1,3,1,0,1,0,1,1,2,1,0,4,1,9,1,2,0,0,0,0,0,4.006969810881217,3,3.7117000000000018,81.0086,0,1,1,0,0,0,0,0,0,0,0,0,0,0,0,0,0,0,0,0,0,0,0,0,0,2,0,0,0,0,0,0,0,0,1,0,1,0,0,0,0,0,0,0,4,0,0,0,0,0,0,0,0,0,0,0,0,0,0,0,0,0,0,0,0,0,0,0,0,0,0,0,0,0,0,0,0,1,0,0,0,0,1,0,0,CHEMBL5397307,CS(=O)(=O)c1sc(-c2ccc(F)c(F)c2)c2c1[C@H](O)C(F)(F)CC2,7.0,0.8450980400142568,CHEMBL3885518,Aryl hydrocarbon receptor nuclear translocator/Endothelial PAS domain-containing protein 1,0,Medium-Nonpolar-Aromatic-Rigid-Hydrophobic,Medium-Nonpolar-Aromatic-Rigid-Hydrophobic
12.32935941043084,12.32935941043084,0.004537037037037,-0.6941666666666666,0.7590052108710422,23.444444444444443,254.314,244.23399999999995,254.05138394,88,0,0.2653487907924682,-0.3580664443071961,0.3580664443071961,0.2653487907924682,0.9444444444444444,1.6666666666666667,2.5,32.16681880892288,10.077750080176964,2.510206411730551,-2.206859846777882,2.5495246495399804,-2.3539690579356165,8.012634379813498,-0.1168774962183942,2.9025659401109407,1.901802391207175,643.3484970075722,12.164925939000156,9.435298734444734,10.25179531537246,8.794460309943371,5.767072974075047,6.583569555002773,4.404115635177533,5.660438621732706,3.335130030317989,4.724596098660276,2.4961975751812657,3.794376162291664,-1.9399999999999995,32851.241310175625,10.026507709128628,3.2947135403179018,1.1303782885092586,108.59107573992088,10.633577208012662,0.0,4.870957236204125,0.0,5.907179729351506,0.0,4.794537184071822,0.0,0.0,0.0,42.09372029169917,18.19910120538483,21.833707516581896,0.0,4.794537184071822,29.043837228109744,0.0,0.0,0.0,9.7664407117219,10.633577208012662,54.09438803938988,0.0,0.0,10.633577208012662,11.374772549367124,0.0,11.761884949391115,5.907179729351506,9.665494420275948,0.0,5.563451491696996,53.42642002321065,0.0,0.0,0.0,41.13,4.870957236204125,4.794537184071822,0.0,5.907179729351506,0.0,21.833707516581896,0.0,11.761884949391115,48.53093654769288,10.633577208012662,0.0,0.0,1.5737499999999995,12.750334467120185,6.309435941043084,2.9313510959939535,0.004537037037037,15.847258125472411,0.0,0.0,0.0,0.0714285714285714,18,2,3,0,2,2,1,2,0,2,1,0,3,2,4,2,0,0,0,0,1,1,1.8352483728537732,4,3.0093000000000014,72.67140000000002,0,0,0,0,0,0,0,0,0,0,1,1,0,0,0,0,2,0,0,0,0,0,0,0,0,0,0,1,0,2,0,0,0,0,2,0,3,0,0,0,0,0,0,0,0,0,0,0,0,0,0,0,0,0,0,0,0,0,0,0,0,0,0,0,2,0,0,0,0,0,0,0,0,0,0,1,0,0,0,0,0,0,0,0,0,CHEMBL1359561,O=C1Nc2ccccc2C12Nc1ccccc1S2,8950.0,3.951823035315912,CHEMBL2093862,Runt-related transcription factor 1/Core-binding factor subunit beta,0,Medium-Nonpolar-Aromatic-Rigid-Hydrophobic,Medium-Nonpolar-Aromatic-Rigid-Hydrophobic
4.348946085635901,4.348946085635901,0.7067217025699171,0.7067217025699171,0.8453745965243934,14.941176470588236,265.407,250.287,265.07073948,90,0,0.1878985118924532,-0.3025094341671642,0.3025094341671642,0.1878985118924532,1.3529411764705883,2.176470588235294,3.0,32.133552604713884,9.95505521160736,2.2010225302735256,-2.1239542168761547,2.356012833774324,-2.0272081439051437,7.79645028646559,0.682070522587638,2.917679418973538,2.1167467285872728,541.9382880837544,11.828062645816686,9.80998684758606,11.520910619513703,8.30886175028988,6.026976857362089,7.353843264116942,4.326079630638804,5.690283431256581,3.3497437921691455,4.769202840109448,2.4666411282358274,3.871749655924459,-0.81,16374.016899279495,11.29007945572376,4.459144724843171,1.811957672120922,110.294630230132,4.567099647791355,0.0,10.980840979820634,0.0,0.0,0.0,0.0,0.0,0.0,34.162938642549804,0.0,38.17047518309165,22.365417861776784,0.0,0.0,23.96557502594773,0.0,14.76446326439343,0.0,44.308216579127944,0.0,15.820661455864208,0.0,11.387855989696924,0.0,0.0,0.0,23.96557502594773,14.76446326439343,19.386399651764595,0.0,30.20597913094094,10.53649925228662,0.0,11.387855989696924,0.0,30.71,0.0,0.0,0.0,0.0,5.156436481820707,12.3691609039125,41.68733666879933,0.0,11.336785877934735,39.69705238256296,0.0,2.069494205089443,6.218172276112091,1.5394605064247924,11.296687295288486,2.774104938271605,0.983240740740741,0.0,5.03830070196803,2.969428224993701,0.0,0.5,17,0,3,1,0,1,0,0,2,2,0,0,5,1,5,2,2,0,0,0,0,0,2.9614175440029915,3,3.1940000000000017,72.90300000000003,0,0,0,0,0,3,0,0,0,0,0,0,0,0,0,3,0,0,0,0,0,0,1,0,0,0,0,0,0,0,1,0,0,0,0,0,1,0,0,0,0,0,0,0,0,0,0,0,0,0,0,0,0,0,0,0,0,0,0,0,0,0,0,0,0,0,0,0,0,0,0,0,0,0,0,0,0,0,0,0,0,0,1,0,0,CHEMBL1367791,CCn1c(S)nnc1-c1csc2c1CCCC2,25181.0,4.401072973025948,CHEMBL4374,Photoreceptor-specific nuclear receptor,0,Medium-Nonpolar-Aromatic-Rigid-Hydrophobic,Medium-Nonpolar-Aromatic-Rigid-Hydrophobic
11.692807421579742,11.692807421579742,0.2562962962962967,-0.9576587301587296,0.7362045887647805,10.761904761904765,342.19200000000006,330.09600000000006,341.00514072399994,104,0,0.3377015116432634,-0.4775748684518814,0.4775748684518814,0.3377015116432634,1.1428571428571428,1.8571428571428572,2.5238095238095237,79.91873113853289,9.94267551841997,2.1918327367822306,-2.1294800861080883,2.3387168499541486,-2.0555299211482017,9.103023130331255,0.0696402360973826,2.466762279738965,2.500250162744042,844.2830771832214,14.98276318419594,11.299442107990014,12.88543864710472,10.075387400469408,6.462644249222026,7.255642518779378,4.779862566867067,5.695538095658757,3.404227462456101,3.897479101173141,2.5244936143018477,2.8855788747593287,-2.1999999999999993,68418.11859083993,13.768010355029586,5.295867768595041,2.425753340903136,129.9429975249171,5.106527394840706,0.0,0.0,0.0,0.0,5.969305287951848,4.983978520947208,4.794537184071822,0.0,0.0,46.2617792402574,30.686289896772447,15.422395221994204,16.774080204161717,9.901064578912528,32.802174117982254,0.0,4.983978520947208,0.0,6.923737199690624,0.0,64.26103555007074,0.0,11.126902983393991,0.0,0.0,0.0,15.929943897949348,16.059811203739763,0.0,6.923737199690624,16.051916670617278,53.00365606352529,0.0,22.02982791547505,0.0,50.19,5.969305287951848,9.901064578912528,0.0,5.563451491696996,11.257379486545457,20.939095939610468,0.0,6.923737199690624,48.53093654769288,20.91392241889655,0.0,0.8973823696145126,3.444048681972789,16.115267266628873,10.416869212962965,3.164748677248678,-0.9576587301587296,15.269165958049886,0.0,1.7335098970143612,0.0,0.0588235294117647,21,1,3,0,0,0,0,2,1,3,0,0,2,1,4,1,2,0,0,0,0,0,3.472074394137331,3,4.670920000000003,86.57530000000004,0,0,0,0,1,1,0,0,1,1,1,0,0,0,0,1,0,0,0,0,0,0,0,0,0,0,0,0,0,0,1,0,0,0,2,0,1,0,0,0,0,0,0,0,1,0,0,0,0,0,0,0,0,0,0,0,0,0,0,0,0,0,0,0,0,0,0,0,0,0,0,0,0,1,0,0,0,0,0,0,0,0,0,0,0,CHEMBL1407788,Cc1nc2ccc(Br)cc2c(-c2ccccc2)c1C(=O)O,934.0,2.9703468762300935,CHEMBL2096976,Peroxisome proliferator-activated receptor gamma/Nuclear receptor corepressor 2,0,Medium-Nonpolar-Aromatic-Rigid-Hydrophobic,Medium-Nonpolar-Aromatic-Rigid-Hydrophobic
11.875865422589811,11.875865422589811,0.1334567901234569,0.1334567901234569,0.5210719134306007,10.6,318.44800000000004,308.368,317.99552594000005,100,0,0.1825409041010856,-0.2923279239745096,0.2923279239745096,0.1825409041010856,1.05,1.9,2.55,32.166642614470064,10.318379490812909,2.084946624963664,-1.9975133890374832,2.2383762031932877,-1.9964772347849364,7.994967133848782,0.1021460602971216,3.175455853413002,1.62596640363568,675.8044229098458,13.7862462825598,10.353329287558925,12.802819030342103,9.826499840494924,5.898710427452722,8.643614609616,3.923265722559767,6.814280823977708,2.5608465906411717,5.28414903415134,1.6005744314375796,3.744228753034352,-1.4999999999999998,85724.6062187374,13.481558596073766,6.3,3.1455068438801823,128.24858395694795,0.0,10.719887973517702,5.783244946364939,0.0,0.0,0.0,4.794537184071822,0.0,0.0,32.87093537247155,23.894619086314336,35.02559381477827,0.0,15.507147994149388,4.794537184071822,40.21870165162553,0.0,10.197363616602075,0.0,5.025959978669241,5.752853606746789,52.035475145402785,0.0,10.57107518854976,0.0,0.0,0.0,34.435456705260584,21.733462169713803,0.0,0.0,9.671684377773122,52.18428793037072,0.0,10.57107518854976,0.0,42.85,0.0,4.794537184071822,0.0,5.783244946364939,5.752853606746789,20.474182360920302,23.09867082732585,11.336785877934735,47.15832795170149,10.197363616602075,0.0,0.0,4.525331493836182,13.768806939212784,13.048340766977132,0.869382716049383,0.5298278061224488,11.591643611135405,0.0,0.0,0.0,0.0714285714285714,20,0,3,0,0,0,0,0,3,3,0,0,6,0,6,3,5,0,0,0,0,0,4.246690957763237,3,4.241600000000002,84.71850000000002,0,0,0,0,0,2,0,0,0,0,1,1,0,0,0,2,0,0,0,0,0,0,0,0,0,0,0,0,0,0,0,0,0,0,0,0,0,0,0,0,0,0,0,0,0,0,0,0,0,0,0,1,1,0,0,0,0,0,0,0,0,0,0,0,0,0,0,0,0,0,0,0,0,0,0,1,0,0,0,0,0,0,2,0,0,CHEMBL1508525,O=C(CSc1ccc(-c2cccs2)nn1)c1cccs1,2276.0,3.3571722577230334,CHEMBL5113,Orexin receptor 1,0,Medium-Nonpolar-Aromatic-Rigid-Hydrophobic,Medium-Nonpolar-Aromatic-Rigid-Hydrophobic
9.1917976005399,9.1917976005399,0.1084757355906345,-0.1084757355906345,0.6230405339950118,11.173913043478262,304.34900000000005,288.221,304.12117775199994,114,0,0.1548106828706385,-0.4569032617156264,0.4569032617156264,0.1548106828706385,0.9130434782608696,1.6956521739130437,2.4782608695652173,16.361117706262956,10.15247531880631,2.147806708674392,-2.0274122978348967,2.2931042650511855,-2.0084597236564847,5.916040465117645,0.2483827758887961,3.2086867678026305,1.826682315921016,938.3353597104988,15.6480536021256,12.51495560042272,12.51495560042272,11.347667890550102,7.543741673419588,7.543741673419588,5.433076439887434,5.433076439887434,3.884008166178434,3.884008166178434,2.7764630983213525,2.7764630983213525,-2.849999999999999,457597.2373298687,13.788296582061772,5.7405693986609645,2.533574229490279,133.15293676538718,9.523678331894054,18.06105737823582,5.7602474188744415,0.0,0.0,0.0,4.681802935145184,0.0,5.098681808301038,0.0,48.53093654769288,23.762552697081823,5.386224214464796,12.061457123528836,9.523678331894054,10.902924932081056,0.0,9.78048474344622,0.0,13.151638370425491,0.0,78.05373666364916,0.0,11.454175413722902,0.0,0.0,0.0,0.0,14.887012138286927,13.151638370425491,0.0,11.323698910571435,71.14718869013106,0.0,22.35710034580396,0.0,51.190000000000005,0.0,5.106527394840706,0.0,6.606881964512918,18.065251243661457,16.596852926929518,5.563451491696996,6.06636706846161,47.14637241437645,18.19910120538483,9.515832745354384,7.651911848072563,0.0,0.0,14.979333976201277,3.062340587469556,1.2210668280933437,21.99052978978262,0.0,0.594816970380643,0.0,0.1052631578947368,23,1,4,0,0,0,0,2,2,4,0,0,4,1,4,2,4,0,0,0,0,0,3.4414205834193643,4,3.836900000000002,88.90180000000004,0,1,1,0,0,2,0,0,0,0,0,0,0,0,0,2,0,0,0,0,0,0,0,0,0,0,0,0,0,0,0,0,0,0,2,0,1,0,0,0,0,0,1,0,0,0,0,0,0,0,0,0,0,0,0,0,0,0,0,0,0,0,0,0,1,0,0,0,0,0,0,0,0,0,0,0,0,0,0,0,0,0,0,0,0,CHEMBL333985,OCc1ccc(-c2nn(Cc3ccccc3)c3ccccc23)o1,300.0,2.4771212547196626,CHEMBL614519,ACHN,0,Medium-Nonpolar-Aromatic-Rigid-Hydrophobic,Medium-Nonpolar-Aromatic-Rigid-Hydrophobic
12.61012920445956,12.61012920445956,0.2777083333333334,-3.588946523053665,0.9403886374218302,12.636363636363637,322.43000000000006,300.2540000000001,322.135113564,120,0,0.2408255314472025,-0.3607842423470584,0.3607842423470584,0.2408255314472025,1.1363636363636365,1.7727272727272727,2.272727272727273,32.23327283605678,10.028936650418409,2.2434419593581745,-2.2111689217803026,2.2985140737866647,-2.402517628708524,7.892138113650488,0.393375893603517,2.6680339760195504,2.5774157326318803,779.7837910450543,16.70674230225704,13.812257564924288,14.628754145852014,10.010655799466752,7.089920624326749,8.573083871921142,6.534945634512732,8.185769760758664,3.2402577139982696,5.140215253814409,2.398306076677587,4.088487183729445,-1.6599999999999997,48595.57083922009,16.70609927719987,5.516384769930622,3.388642316216964,131.31906375315302,4.523094936973348,5.7602474188744415,0.0,10.023291153407584,0.0,0.0,0.0,13.139891848781026,0.0,0.0,17.289397394048667,58.73569324999934,11.102376744080342,10.589411470366237,12.940891921302285,10.023291153407584,0.0,9.878758121577532,0.0,51.97683192604485,0.0,35.21672811080473,0.0,11.126902983393991,4.722094864452088,0.0,0.0,0.0,19.113385493837725,10.023291153407584,20.771211599071872,37.78883850449177,27.61767961787595,0.0,11.126902983393991,0.0,72.2,15.56221640579093,8.417796984328938,0.0,4.895483475517775,11.323698910571435,16.82083097824245,0.0,19.056471336613843,40.68505306691473,9.878758121577532,4.523094936973348,33.078690476190474,0.0,0.2777083333333334,3.9261592183169567,2.5358329002897455,0.6745199908667171,5.367412603930461,0.0,10.895289666792644,-3.588946523053665,0.4375,22,1,5,0,0,0,0,1,1,2,0,0,4,1,6,1,3,0,0,0,0,0,4.188966891713378,2,3.3436600000000016,86.22450000000005,0,0,0,0,0,1,0,0,0,0,0,0,0,0,0,1,1,0,0,0,0,0,0,0,0,0,0,0,0,0,3,0,0,0,1,0,0,0,0,0,0,0,0,0,0,0,0,0,0,0,0,0,0,0,0,0,0,0,0,0,0,0,0,0,0,0,0,0,0,0,0,0,0,0,0,0,1,0,0,0,0,0,0,0,0,CHEMBL2181742,Cc1ccc(-c2c(C)noc2C)cc1S(=O)(=O)NC(C)(C)C,1800.0,3.255272505103306,CHEMBL1795186,Bromodomain-containing protein 3,0,Medium-Nonpolar-Aromatic-Rigid-Hydrophobic,Medium-Nonpolar-Aromatic-Rigid-Hydrophobic
13.04784347792615,13.04784347792615,0.1819490635760476,-1.521752291194256,0.6781752623643165,18.59259259259259,378.859,359.7070000000001,378.113505528,136,0,0.2566210861771563,-0.3987285623124711,0.3987285623124711,0.2566210861771563,0.9629629629629628,1.6296296296296295,2.3333333333333335,35.495691708927545,9.93425071418812,2.488106377237053,-2.346656617294243,2.4192560250371424,-2.4527279080703077,6.30108247090148,-0.049327603407588,2.904101226929652,1.728792186782704,985.954433276578,19.01829709012867,14.60040701631124,15.356335962329696,12.997055696919674,8.742467745472869,9.120432218482096,6.673062553160961,7.1094983336329465,5.019387610301783,5.2713639256412685,3.5935408857766173,3.71952904344636,-2.819999999999999,1852723.6515418564,17.586695937637565,6.724559345825585,2.969035712927413,162.35827528201975,15.740104602853368,0.0,5.724985593970254,0.0,5.907179729351506,0.0,4.794537184071822,0.0,0.0,0.0,54.06550936946378,42.316108456931055,33.94513046942845,0.0,9.901064578912528,23.195505894267583,0.0,4.899909730850477,0.0,12.145807216896262,12.27842388307476,100.07284410206866,0.0,0.0,5.733667477162185,5.687386274683562,0.0,11.600939890232516,22.458373260955263,12.145807216896262,0.0,27.048343150859804,72.79640482153933,5.022633313741326,0.0,0.0,66.56,5.724985593970254,9.901064578912528,0.0,5.907179729351506,40.365952092354455,5.563451491696996,4.899909730850477,36.39820241076966,36.39820241076966,0.0,17.3346073673947,0.0,6.010594228286731,14.57290489138042,12.277194344252184,7.688071903542824,-0.1819490635760476,21.682324397662,0.6070519004927074,0.3715851757369617,0.0,0.1363636363636363,27,3,4,0,1,1,1,3,0,3,1,0,3,2,5,1,4,0,0,0,0,1,4.38010298257902,4,3.8141000000000025,106.4877,0,1,0,1,0,0,0,0,0,0,1,1,0,0,0,1,0,1,0,0,0,0,0,0,0,0,0,1,0,1,0,0,0,0,3,0,1,0,0,0,0,0,0,0,1,0,0,0,0,0,0,0,0,0,0,0,0,0,0,0,0,0,0,0,0,0,0,0,0,0,0,0,0,0,0,0,0,0,0,0,0,0,0,0,0,CHEMBL1688151,Nc1ccc(CCN2C(=O)c3ccccc3C2(O)c2ccc(Cl)cc2)cc1,6200.0,3.792391689498254,CHEMBL5023,p53-binding protein Mdm-2,0,Medium-Nonpolar-Aromatic-Rigid-Hydrophobic,Medium-Nonpolar-Aromatic-Rigid-Hydrophobic
12.843858217155171,12.843858217155171,0.2262866031186134,-0.2262866031186134,0.5821835600774146,10.68,393.2950000000001,379.18300000000016,392.015304048,128,0,0.2884825984713994,-0.4936735019552553,0.4936735019552553,0.2884825984713994,1.12,1.88,2.56,35.49826278542505,10.23219974978588,2.140487784785862,-2.1071343008568766,2.300411065723594,-2.225752563398834,7.982240064209527,0.3971193026614629,2.6359342310165115,1.9380423424709363,945.551257305609,17.811190308942127,13.27836021230314,15.60671468526778,12.096555450524589,7.383618818434448,9.125146324106392,5.131709935198263,6.931708748332963,3.4887259726057516,5.36990617635127,2.239121946167579,3.538613464850418,-1.9499999999999988,540018.5740398907,17.859638208612715,7.953105610285692,4.004221490918495,158.89790658599054,4.736862953800049,4.895483475517775,5.749511833283905,0.0,5.559266895052007,0.0,4.794537184071822,0.0,9.78048474344622,11.761884949391115,47.46734805431147,29.828919765543436,5.752853606746789,29.039294015056825,4.736862953800049,34.963764729856145,0.0,9.78048474344622,0.0,10.648337082264565,7.109797541277533,80.69030231760944,0.0,11.436898107967467,10.296129848852056,0.0,5.749511833283905,34.963764729856145,16.890282284723753,5.752853606746789,0.0,5.563451491696996,64.41780077889555,10.045266627482652,5.687386274683562,0.0,44.120000000000005,0.0,4.794537184071822,0.0,5.559266895052007,32.13050181771469,5.563451491696996,23.553485425813832,18.329577708536295,36.39820241076966,5.098681808301038,27.938742734265084,6.665266194955348,13.36259232593353,13.336844800677472,5.180073771802634,1.4361827044697422,1.0033571988466168,14.670343518976551,1.547195644718793,0.0,1.520366061841531,0.1111111111111111,25,0,4,0,0,0,0,2,1,3,0,0,5,0,7,1,5,0,0,0,0,0,5.68158355338362,3,4.840200000000003,102.40900000000003,0,0,0,0,0,2,0,0,0,0,0,0,0,0,0,2,0,0,0,0,0,0,0,0,0,0,0,0,0,0,0,0,0,0,2,0,0,0,0,0,0,1,0,0,2,0,0,0,0,0,0,0,0,0,0,1,0,0,0,0,0,0,0,0,1,0,0,0,0,0,0,0,0,0,0,1,0,0,0,0,0,0,0,0,0,CHEMBL1364102,COc1cnn(-c2ccccc2)c(=O)c1SCc1ccc(Cl)c(Cl)c1,4996.0,3.6986224297020978,CHEMBL4374,Photoreceptor-specific nuclear receptor,0,Medium-Nonpolar-Aromatic-Rigid-Hydrophobic,Medium-Nonpolar-Aromatic-Rigid-Hydrophobic
4.554080215419502,4.554080215419502,0.7371867388930882,0.7371867388930882,0.3375145415263074,10.789473684210526,284.40900000000005,272.313,284.044190384,94,0,0.1890195156057241,-0.2224299097613523,0.2224299097613523,0.1890195156057241,0.8947368421052632,1.631578947368421,2.473684210526316,32.166585940136876,10.237947426260936,2.048376906909475,-2.042614499998066,2.2453015666658223,-1.9076364987013144,7.979412511855801,0.9333553605406684,2.4630819704213556,1.85454048770934,698.8381169736316,13.079139501373252,10.15314828085692,11.864072052784564,9.326499840494924,5.952420530882499,7.385232686035945,4.12121053401719,5.487315972626904,2.773352954191618,4.032699774153144,1.825750743341092,2.9841641074941223,-1.5199999999999996,35773.80253839977,12.510594217625403,5.632006644700213,2.9064296596163883,121.25257662235282,0.0,5.025959978669241,5.156436481820707,0.0,0.0,0.0,0.0,9.967957041894415,0.0,12.628789148012991,60.29282149708399,11.629818560158606,11.139077821211584,5.516700717616262,0.0,35.293599029485165,0.0,9.967957041894415,0.0,15.935250067236735,0.0,60.160755107851486,0.0,0.0,0.0,0.0,0.0,24.39067409740411,9.967957041894415,5.752853606746789,0.0,5.563451491696996,64.77970007664443,0.0,10.902924932081056,0.0,25.78,0.0,0.0,0.0,0.0,0.0,26.838174999317793,5.563451491696996,11.761884949391115,42.46456947923127,34.729480326830625,0.0,0.0,6.067242133478906,8.986524628369867,2.5033418367346947,2.211143130091543,0.8674583490803728,18.253178811133505,0.0,0.0,0.0,0.0666666666666666,19,0,2,0,0,0,0,2,1,3,0,0,4,1,4,1,3,0,0,0,0,0,3.708407882253386,3,4.2108000000000025,82.79300000000003,0,0,0,0,0,2,0,0,0,0,0,0,0,0,0,2,0,0,0,0,0,0,1,0,0,0,0,0,0,0,0,0,0,0,2,0,1,0,0,0,0,0,0,0,0,0,0,0,0,0,0,0,0,0,0,0,0,0,0,0,0,0,0,0,1,0,0,0,0,0,0,0,0,0,0,1,0,0,0,0,0,0,0,0,0,CHEMBL1306480,Sc1nc(SCc2ccccc2)nc2ccccc12,2478.0,3.394101302040045,CHEMBL2096976,Peroxisome proliferator-activated receptor gamma/Nuclear receptor corepressor 2,0,Medium-Nonpolar-Aromatic-Rigid-Hydrophobic,Medium-Nonpolar-Aromatic-Rigid-Hydrophobic
12.4275212585034,12.4275212585034,0.2606841563786009,-0.5634945830183911,0.7022540219896274,12.192307692307692,362.8160000000001,347.69600000000014,362.0822054,128,0,0.3219657786531167,-0.3268284285331738,0.3268284285331738,0.3219657786531167,0.7692307692307693,1.3076923076923077,1.9230769230769231,35.495691898890385,10.060520825009965,2.2914470807498013,-2.159494360889015,2.42387518789762,-2.407714634295301,6.337147975659824,0.0963463233137942,2.962552359501355,1.567615692969664,970.6527331214996,18.0956473593183,13.700014553402092,14.455943499420547,12.647867045540844,8.195306738321793,8.573271211331019,6.014945735007848,6.422145861748455,4.454737129958447,4.7843253509984915,3.2940460462733863,3.5156008184702645,-3.1099999999999985,1359787.832592246,16.363387497778955,6.653856508133134,2.845716546089622,155.36062151547088,5.316788604006331,0.0,0.0,0.0,5.907179729351506,6.031114512338072,10.111325788078153,4.794537184071822,0.0,0.0,72.26461057484862,34.386540103711205,0.0,16.627925634586283,9.589074368143644,23.539234131922093,0.0,10.633577208012662,0.0,6.041840829147961,0.0,94.50939261037166,0.0,11.126902983393991,10.633577208012662,4.794537184071822,0.0,11.600939890232516,11.938294241689578,0.0,0.0,27.526732488310767,72.79640482153933,5.022633313741326,11.126902983393991,0.0,58.2,11.938294241689578,9.589074368143644,0.0,11.605292320844956,5.022633313741326,22.253805966787983,0.0,24.26546827384644,48.53093654769288,10.633577208012662,11.600939890232516,0.0,6.014199525344606,24.711983024691357,5.5498910940383706,4.454893132405159,-0.5345673763332492,21.581378377631538,0.0,0.0,0.0,0.0476190476190476,26,2,4,1,0,1,3,3,0,3,0,0,2,2,5,0,2,0,0,0,0,0,4.18767816912311,4,4.549400000000003,101.17090000000002,0,0,0,0,0,0,0,0,0,0,2,2,0,0,0,0,2,0,0,0,0,0,0,0,0,0,0,3,0,0,0,0,0,0,3,0,3,0,0,0,0,0,0,0,1,0,0,0,1,0,0,0,0,0,0,0,0,0,0,0,0,0,0,0,0,0,0,0,0,0,0,0,0,0,0,0,0,0,0,0,0,0,0,0,1,CHEMBL560173,O=C(NC(=O)c1ccccc1Cl)NC1c2ccccc2-c2ccccc21,103.0,2.012837224705172,CHEMBL1949,Cyclophilin A,0,Medium-Nonpolar-Aromatic-Rigid-Hydrophobic,Medium-Nonpolar-Aromatic-Rigid-Hydrophobic
12.510218814007594,12.510218814007594,0.1504316438509558,-0.1504316438509558,0.4954376689693813,10.88888888888889,376.847,359.71100000000007,376.109088844,134,0,0.2529889981833145,-0.3522488617645286,0.3522488617645286,0.2529889981833145,1.037037037037037,1.8888888888888888,2.7037037037037037,35.49569196402978,10.036197352302729,2.153690908891689,-2.138346390928897,2.330190619758993,-2.2266380848030836,6.3301850360818435,0.0957076209324341,2.694002187040851,1.980085329231232,1159.4120385677338,18.802754140504845,14.661249427555816,15.417178373574272,13.18587184800163,8.649428736079525,9.027393209088752,6.0477099735350786,6.454910100275685,4.334883368344719,4.664471589384764,3.093352944003757,3.276331878710112,-3.1799999999999993,2005485.2720900725,17.244693916023135,7.209648149519533,3.174661506677873,160.95046138825575,10.633577208012662,5.817862777835028,0.0,0.0,5.907179729351506,0.0,9.778515705019029,4.983978520947208,0.0,0.0,35.866408164078955,31.18920547353706,35.097116192533115,21.790171797738147,4.794537184071822,50.68874203311326,0.0,15.284745645900744,0.0,6.923737199690624,11.861545009918906,71.51070849635735,0.0,0.0,10.633577208012662,11.50524905251859,0.0,11.600939890232516,22.419893177158496,0.0,0.0,17.28172587545944,60.924623690919034,5.022633313741326,21.67537336101065,0.0,66.91,0.0,4.794537184071822,0.0,5.907179729351506,28.46540470680219,21.84605891807795,0.0,18.46005421168776,49.38830667892189,15.61755572895987,16.58491841117972,0.0,6.299779509055602,21.552282682250365,9.451651198996078,1.903180560804569,0.4789650870636326,14.971725567463151,3.5137921233308136,2.4397343821469004,0.0,0.0952380952380952,27,2,5,0,0,0,1,2,2,4,0,0,4,2,6,2,4,0,0,0,0,0,4.604747243729146,4,4.929700000000003,109.78590000000004,0,0,0,0,0,2,0,0,0,0,1,1,0,0,0,2,2,0,0,0,0,0,0,0,0,0,0,1,0,2,0,0,0,0,2,0,3,0,0,0,0,0,0,0,1,0,0,0,0,0,0,0,0,0,0,0,0,0,0,0,0,0,0,0,2,0,0,0,0,0,0,0,0,2,0,0,0,0,0,0,0,0,0,0,0,CHEMBL1915646,CCNC(=O)c1cccc2c1nc(Nc1ccccc1Cl)c1ccncc12,2.0,0.3010299956639812,CHEMBL4523,Serine/threonine-protein kinase PIM2,0,Medium-Nonpolar-Aromatic-Rigid-Hydrophobic,Medium-Nonpolar-Aromatic-Rigid-Hydrophobic
10.182061602418743,10.182061602418743,0.0724102418745278,0.0724102418745278,0.6173002370567693,17.157894736842106,272.373,256.245,272.098334132,98,0,0.2185829830883064,-0.4929496234931232,0.4929496234931232,0.2185829830883064,1.263157894736842,2.0,2.736842105263158,32.11693021811202,9.760993667533238,2.30897205928397,-2.293328666298771,2.4455578455442484,-2.1778348630908257,7.796272425700638,0.4081379158475988,2.368646493508672,2.306054262200193,640.0378552690481,13.568549621822845,10.960062778324136,11.854489969324051,9.07538740046941,6.457501743054037,6.904715338553994,5.321276736440957,5.721276736440958,3.8015682930425054,4.001568293042506,2.8301602817792424,3.0248816413292388,-1.5500000000000005,24408.902115606867,12.482110546454225,4.52743549684222,1.9991828921731964,117.69597312150556,5.106527394840706,0.0,5.156436481820707,5.879988336435371,0.0,0.0,0.0,4.983978520947208,4.983978520947208,12.628789148012991,38.112942673227685,23.82008520694579,11.126902983393991,5.693927994848461,5.106527394840706,12.628789148012991,0.0,9.967957041894415,5.917906046161393,31.34263855028936,0.0,35.392371257240434,0.0,17.137367822980828,0.0,0.0,5.879988336435371,12.628789148012991,15.07448443673512,6.4208216229260096,5.917906046161393,30.89228342893663,29.42190475566715,0.0,11.257379486545457,0.0,46.010000000000005,0.0,5.106527394840706,0.0,11.797894382596764,11.0743425279821,23.24165260116846,5.563451491696996,0.0,18.19910120538483,42.510587657750264,0.0,0.0,4.178775667674477,8.442706758629377,10.497301587301587,4.061558641975309,0.7448239480977573,8.217162383471905,0.9203155706727136,4.32624433106576,0.0,0.3333333333333333,19,1,3,1,0,1,0,1,1,2,1,0,4,2,4,1,1,0,0,0,0,1,2.974313177027658,3,3.433600000000003,77.66780000000001,0,0,0,0,0,2,0,1,0,0,0,0,0,0,0,2,0,0,0,0,0,0,1,0,0,0,0,0,0,0,0,0,0,0,1,0,3,0,0,0,0,0,0,0,0,0,0,0,0,0,0,0,0,0,0,0,0,0,0,0,0,0,0,0,0,0,0,0,0,0,0,0,0,0,0,0,0,0,0,0,0,0,0,0,0,CHEMBL1329797,CC(C)C1Cc2ccccc2-c2nc(S)nc(O)c21,4664.0,3.668758541750958,CHEMBL2096976,Peroxisome proliferator-activated receptor gamma/Nuclear receptor corepressor 2,0,Medium-Nonpolar-Aromatic-Rigid-Hydrophobic,Medium-Nonpolar-Aromatic-Rigid-Hydrophobic
13.8634789409591,13.8634789409591,0.1062438717771063,-3.836347198601663,0.8262087838102565,20.0,396.8390000000001,384.7430000000001,395.986848584,130,0,0.2774935265965699,-0.3820058704325324,0.3820058704325324,0.2774935265965699,1.3333333333333333,2.0,2.5833333333333335,35.49569234703214,9.870946493347295,2.472151553791881,-2.285178194849508,2.5075391618376437,-2.3171981152317755,7.924786089216751,-0.1219196212157746,2.8178786039489716,2.3103671069405034,902.0357626368364,17.861442840636293,12.31567928852392,14.704601396397823,11.00385574819321,6.884589753203659,9.970462345198868,5.7047296713896625,9.372783898639788,3.8571995598968543,7.218653839767487,2.8127088018822106,5.6253939655555625,-1.09,174559.12587882695,17.724026440589572,5.723892704119872,2.9608815228149954,145.16724458406927,5.106527394840706,16.130366406316277,9.837253136417502,0.0,5.922529168094576,0.0,0.0,21.589042127353395,0.0,11.336785877934735,11.600939890232516,35.74682581170483,28.139822805577033,0.0,26.695569522194106,32.774978904584756,0.0,0.0,0.0,29.07731797921698,6.255769183511404,40.16585834356604,0.0,10.440598685398296,0.0,13.17124514302446,0.0,22.93772576816725,25.702622730775623,16.25807475934351,5.817220841045894,23.651690994068304,22.40828038290691,5.022633313741326,10.440598685398296,0.0,54.370000000000005,34.10179115623228,26.695569522194106,0.0,21.216085605886413,16.00405017709529,29.72528919836936,6.06636706846161,0.0,0.0,0.0,11.600939890232516,65.01451851239467,6.581503654188011,0.3346064814814817,10.101038670354974,0.3224228395061741,-4.035257862146916,3.677285249748047,-2.048659235813668,0.0,-3.836347198601663,0.3333333333333333,24,1,3,1,0,1,0,1,1,2,1,0,4,1,9,1,2,0,0,0,0,0,4.227101067954932,3,4.226000000000002,86.06060000000002,0,1,1,0,0,0,0,0,0,0,0,0,0,0,0,0,0,0,0,0,0,0,0,0,0,2,0,0,0,0,0,0,0,0,1,0,1,0,0,0,0,0,0,0,4,0,0,0,0,0,0,0,0,0,0,0,0,0,0,0,0,0,0,0,0,0,0,0,0,0,0,0,0,0,0,0,0,1,0,0,0,0,1,0,0,CHEMBL5417823,CS(=O)(=O)c1sc(-c2cc(F)cc(Cl)c2)c2c1[C@H](O)C(F)(F)CC2,1.0,0.0,CHEMBL3885518,Aryl hydrocarbon receptor nuclear translocator/Endothelial PAS domain-containing protein 1,0,Medium-Nonpolar-Aromatic-Rigid-Hydrophobic,Medium-Nonpolar-Aromatic-Rigid-Hydrophobic
13.325856953892668,13.325856953892668,0.0898192239858903,-0.8897376543209874,0.63190830821382,18.11111111111111,398.289,381.15300000000013,397.0636341440001,136,0,0.2394357701751371,-0.4967571446331513,0.4967571446331513,0.2394357701751371,0.9629629629629628,1.7407407407407407,2.5185185185185186,35.49678447311594,9.709426034126382,2.48025478264903,-2.2868007192118616,2.463145025214304,-2.3764513325021577,6.310211045340263,-0.1190671171055381,2.9304732917181284,1.946283648422728,1034.326293112333,19.018297090128673,14.630385269218614,16.142243161255525,13.024042363888285,8.532336116927924,9.28826506294638,6.58801302145152,7.46088458239549,4.998077647636114,5.468271853211591,3.749173750844362,4.134161825358479,-2.489999999999999,1805177.4086449505,17.900591782427092,6.913502948005728,3.071521427398985,167.4309908026043,10.05365155780638,11.164502302680685,0.0,5.907179729351506,0.0,0.0,4.794537184071822,0.0,0.0,0.0,53.53371512277308,59.509378508786654,15.732652902166215,7.109797541277533,9.53140013787187,34.7964457845001,0.0,0.0,0.0,11.835812092322788,12.426586145283864,93.46565885565136,0.0,5.749511833283905,10.05365155780638,5.687386274683562,5.749511833283905,23.20187978046503,13.016977270629038,16.63034927639461,0.0,16.690354475090988,66.73003775307771,10.045266627482652,0.0,0.0,38.33,5.414990469396779,4.794537184071822,0.0,5.907179729351506,22.215600083692568,22.37774074977455,0.0,13.176164609739144,60.6636706846161,5.316788604006331,27.938742734265084,5.39714296212312,12.338876470490074,13.325856953892668,4.22618478101117,2.574284926933738,0.6122017160773778,20.741336998055523,0.4734060846560846,0.0,1.6162646623157988,0.1363636363636363,27,1,3,0,1,1,1,3,0,3,1,0,2,1,5,1,4,0,0,0,0,0,4.5835479281058085,4,5.482900000000003,109.0117,0,0,0,0,0,0,0,0,0,0,1,1,0,0,0,0,1,0,0,0,0,0,0,0,0,0,0,1,0,1,0,0,0,0,3,0,1,0,0,0,0,1,0,0,2,0,0,0,0,0,0,0,0,0,0,1,0,0,0,0,0,0,0,0,0,0,0,0,0,0,0,0,0,0,0,0,0,0,0,0,0,0,0,0,0,CHEMBL3220704,COc1cccc([C@]2(Cc3cccc(Cl)c3)C(=O)Nc3cc(Cl)ccc32)c1,280.0,2.447158031342219,CHEMBL1907611,Tumour suppressor p53/oncoprotein Mdm2,3,Medium-Nonpolar-Aromatic-Rigid-Hydrophobic,Medium-Nonpolar-Aromatic-Rigid-Hydrophobic
6.091907162063036,6.091907162063036,0.5078168304358779,0.5078168304358779,0.6624769013998676,24.291666666666668,362.3440000000001,337.14400000000006,361.13640516,128,0,0.0405686990677899,-0.3117608943105074,0.3117608943105074,0.0405686990677899,0.7916666666666666,1.2916666666666667,1.7916666666666667,35.49678411740634,9.703365143025277,2.322214623515949,-2.3789026652945804,2.441437762924356,-2.393488933119215,6.303784768511052,0.292655939252812,2.558442700346897,1.879645307934901,648.5438916717574,17.10408352775558,14.30545251985361,15.81731041189052,11.524877143252588,8.796426455048353,9.552355401066809,7.147431751416621,8.020303312360591,5.015637045137433,5.519589675816404,3.980662868116726,4.23263918345621,-1.02,291253.1170074907,17.791826402675383,7.906768902658092,4.329981108863201,154.9235398389726,5.316788604006331,0.0,0.0,0.0,0.0,0.0,0.0,0.0,0.0,0.0,61.31482245369272,66.49064821834124,22.128948285778577,0.0,0.0,23.20187978046503,0.0,5.316788604006331,0.0,57.02943301877799,0.0,69.70310615856953,0.0,0.0,5.316788604006331,0.0,0.0,23.20187978046503,12.08368165829592,0.0,0.0,56.07265434387605,48.53093654769288,10.045266627482652,0.0,0.0,12.03,0.0,0.0,0.0,0.0,23.919493750618702,16.46608825040866,23.96854622924601,0.0,24.26546827384644,43.42973127723402,23.20187978046503,0.0,12.16909427359268,0.0,5.3299165628865905,2.7749565381708248,1.0436079617031997,17.88367341487321,3.5714091850732066,4.449564285922511,0.0,0.4285714285714285,24,1,1,1,0,1,0,2,0,2,3,0,1,1,3,0,4,1,0,1,0,0,5.861494155090205,3,6.411300000000005,104.29670000000004,0,0,0,0,0,0,0,0,0,0,0,0,0,0,0,0,1,0,0,0,0,0,0,0,0,0,0,0,0,0,0,0,0,0,2,0,0,0,0,0,0,0,0,0,2,0,0,0,0,0,0,0,0,0,0,0,0,0,0,0,0,0,0,0,0,0,0,0,0,0,0,0,0,0,0,0,0,0,0,0,0,0,0,0,0,CHEMBL2347397,CC(C)N[C@@H]1CC[C@H](c2ccc(Cl)cc2)[C@H](c2ccc(Cl)cc2)C1,14100.0,4.14921911265538,CHEMBL5023,p53-binding protein Mdm-2,0,Medium-Nonpolar-Aromatic-Rigid-Hydrophobic,Medium-Nonpolar-Aromatic-Rigid-Hydrophobic
14.13060657596372,14.13060657596372,0.0309148242630388,-1.9019543388342992,0.3374211394584298,11.318181818181818,310.25,300.17,310.07292581999997,114,0,0.199261785529992,-0.3945459971053637,0.3945459971053637,0.199261785529992,0.9545454545454546,1.6363636363636365,2.363636363636364,19.174069044325496,10.061665827985038,2.244312040567719,-2.1379921851128336,2.3532976929858136,-2.0911328690882356,6.07406186863517,0.3108895385464899,2.545356429836024,2.5147287322550698,882.6604712802998,15.853006672199015,11.129899722168425,11.129899722168425,10.557749310264368,6.45027396731815,6.45027396731815,4.633871694123914,4.633871694123914,3.3115385214927566,3.3115385214927566,2.355404285186003,2.355404285186003,-2.4099999999999997,112914.55658395588,14.524056539393357,5.415547230079499,2.0505237951008732,121.75050194021608,10.423315998847038,5.516700717616262,23.268883364183576,0.0,0.0,0.0,0.0,22.54563871164649,0.0,0.0,18.19910120538483,6.06636706846161,11.93098062037737,23.19719317127754,22.668187585539982,27.49323613884567,0.0,4.983978520947208,0.0,0.0,18.468426974431825,47.53435163803002,0.0,0.0,5.316788604006331,23.24904646538284,0.0,0.0,23.242144286213406,0.0,23.268883364183576,0.0,24.26546827384644,0.0,21.805849864162113,0.0,45.15,34.171808296264636,17.56166019069928,0.0,18.839024645109056,10.902924932081056,0.0,6.06636706846161,18.19910120538483,0.0,10.300767124953538,5.106527394840706,55.022209230914584,0.0,3.884570578231292,11.550722526664986,-0.2497798563869986,-6.866376579952969,6.399642935878055,0.0,-0.2409888353489533,0.0,0.1333333333333333,22,2,3,0,0,0,0,2,1,3,0,0,3,2,7,1,3,0,0,0,0,0,3.5752597346104413,3,3.348600000000001,74.65650000000001,0,1,1,0,0,1,0,0,0,0,0,0,0,0,0,1,1,0,0,0,0,0,0,0,0,0,0,0,0,1,0,0,0,0,2,0,2,0,0,0,0,0,0,0,4,0,0,0,0,0,0,0,0,0,0,0,0,0,0,0,0,0,0,0,1,0,0,0,0,0,0,0,0,1,0,0,0,0,0,0,0,0,0,0,0,CHEMBL1418079,OCCNc1c2ccccc2nc2c(F)c(F)c(F)c(F)c12,2270.0,3.3560258571931225,CHEMBL1293246,Beta Lactamase,0,Medium-Nonpolar-Aromatic-Rigid-Hydrophobic,Medium-Nonpolar-Aromatic-Rigid-Hydrophobic
13.717841732448516,13.717841732448516,0.4623451541110277,-1.1364192281851018,0.7169041359778455,12.22222222222222,364.3510000000001,350.23900000000015,364.102334128,134,0,0.321967869688406,-0.3268284141701894,0.3268284141701894,0.321967869688406,0.7407407407407407,1.2592592592592593,1.8148148148148149,19.1455313148856,10.0603610175081,2.295949612333072,-2.1597234540534065,2.423876800819703,-2.4126990944377296,6.0441149444254245,0.0955086296300733,2.9583332266642133,1.577959639767896,999.8021866252552,18.965890847321376,14.000628757221694,14.000628757221694,13.058550648063802,8.300955641493072,8.300955641493072,6.13175814135087,6.13175814135087,4.526078674341513,4.526078674341513,3.358596904654497,3.358596904654497,-3.5399999999999987,1935246.9302204752,16.90315725786409,6.642858863280749,2.949437943897159,153.38842609444168,5.316788604006331,17.197893173788785,0.0,0.0,5.907179729351506,6.031114512338072,10.111325788078153,13.575367279421462,0.0,0.0,54.59730361615449,34.386540103711205,0.0,6.041840829147961,18.369904463493285,11.938294241689578,0.0,10.633577208012662,0.0,6.041840829147961,0.0,95.05483391026053,0.0,11.126902983393991,10.633577208012662,13.575367279421462,0.0,0.0,11.938294241689578,0.0,11.634441682091788,27.526732488310767,66.73003775307771,0.0,11.126902983393991,0.0,58.2,35.178028244626326,18.369904463493285,0.0,0.0,0.0,40.452907172172814,0.0,0.0,53.84772515169921,5.316788604006331,0.0,27.435683464897032,0.0,24.44674681909801,4.712487008692365,2.9642261228029643,-3.1977939751045827,16.971983892947552,0.0,0.0,0.0,0.0476190476190476,27,2,4,1,0,1,3,3,0,3,0,0,2,2,6,0,2,0,0,0,0,0,4.158714370660399,4,4.174200000000003,96.0769,0,0,0,0,0,0,0,0,0,0,2,2,0,0,0,0,2,0,0,0,0,0,0,0,0,0,0,3,0,0,0,0,0,0,3,0,3,0,0,0,0,0,0,0,2,0,0,0,1,0,0,0,0,0,0,0,0,0,0,0,0,0,0,0,0,0,0,0,0,0,0,0,0,0,0,0,0,0,0,0,0,0,0,0,1,CHEMBL525897,O=C(NC(=O)c1c(F)cccc1F)NC1c2ccccc2-c2ccccc21,263.0,2.419955748489758,CHEMBL1949,Cyclophilin A,0,Medium-Nonpolar-Aromatic-Rigid-Hydrophobic,Medium-Nonpolar-Aromatic-Rigid-Hydrophobic
11.975985213529857,11.975985213529857,0.3316970584530108,-0.3684599395313681,0.7878454243980242,10.476190476190476,289.331,270.179,289.131408088,112,0,0.3377692052394164,-0.4938396335900474,0.4938396335900474,0.3377692052394164,1.1904761904761905,1.9523809523809523,2.5238095238095237,16.532702477433684,10.009628878425683,2.161684411569369,-2.096008415963007,2.308792371139208,-2.054326279961346,5.916625944267268,0.0525630710570005,2.7824011218769287,2.5238365882729994,626.2216878802402,15.405412915006313,12.726471127297383,12.726471127297383,10.062080607913938,6.94629220364436,6.94629220364436,4.598718714134986,4.598718714134986,3.0507101064942628,3.0507101064942628,2.2207946156065215,2.2207946156065215,-2.2999999999999994,58427.64115829363,15.09578448298075,6.433490596775664,3.2392199808447604,123.39703823618744,13.996820844573444,11.509759252158346,0.0,0.0,0.0,5.969305287951848,0.0,4.794537184071822,0.0,0.0,5.156663257125445,51.45750149584432,5.563451491696996,24.471143415571294,18.791358028645263,5.969305287951848,0.0,5.156663257125445,0.0,27.694948798762496,13.213763929025836,35.21672811080473,0.0,16.876414816677897,4.736862953800049,0.0,5.749511833283905,0.0,24.33973247410313,4.736862953800049,13.847474399381248,35.659638488872965,22.72219614235818,0.0,11.126902983393991,0.0,61.56,0.0,4.794537184071822,0.0,5.969305287951848,30.28697467288118,16.82083097824245,0.0,19.056471336613843,26.83757866753348,5.156663257125445,13.996820844573444,15.78521620685311,0.0,11.975985213529857,3.9470523116654066,2.9408443825060897,0.9593274701856056,5.328350340136055,0.0,8.229890741790543,0.0,0.375,21,0,5,0,0,0,0,1,1,2,0,0,5,0,5,1,5,0,0,0,0,0,4.624694643914697,2,3.5338400000000023,78.53850000000003,0,0,0,0,0,1,0,0,0,0,1,1,0,0,0,1,0,0,0,0,0,0,0,0,0,0,0,0,0,0,2,0,0,0,1,0,0,0,0,0,1,2,0,0,0,0,0,0,0,0,0,0,0,0,0,0,0,0,0,0,0,0,0,0,0,0,0,0,0,0,0,0,0,0,0,0,0,0,0,0,0,0,0,0,0,CHEMBL1828983,CCOC(=O)c1cc(OCC)cc(-c2c(C)noc2C)c1,3300.0,3.5185139398778875,CHEMBL1293289,Bromodomain-containing protein 2,0,Medium-Nonpolar-Aromatic-Rigid-Hydrophobic,Medium-Nonpolar-Aromatic-Rigid-Hydrophobic
12.767821948223734,12.767821948223734,0.2481769652305365,-3.6294349962207098,0.7556642229535303,11.64,356.44700000000006,336.28700000000015,356.1194635,130,0,0.2406522417941461,-0.3607842423470584,0.3607842423470584,0.2406522417941461,1.04,1.76,2.4,32.23327169254647,10.028960813588345,2.1946938628286468,-2.112701929082051,2.295746685579864,-2.2361563687987234,7.891401120847439,0.3933786390602625,2.9321169626546744,1.9435312579185224,973.2636074885124,18.02673325856595,14.406115692058966,15.222612272986693,11.881847280265069,7.957711008036255,9.440874255630648,5.989596384144298,7.724971499753113,4.108844631313641,5.652078391141684,2.7921907171712412,4.0784177024635015,-2.439999999999999,486590.67418646853,17.385207694511355,6.818402003361283,3.646722910673323,147.28133161602722,4.523094936973348,5.7602474188744415,0.0,10.023291153407584,0.0,0.0,0.0,13.139891848781026,0.0,0.0,47.62123273635672,43.52793314262447,12.10820789760957,10.589411470366237,12.940891921302285,10.023291153407584,0.0,9.878758121577532,0.0,32.21145148050222,0.0,71.11201494480979,0.0,11.126902983393991,4.722094864452088,0.0,0.0,0.0,13.574460241454382,16.56804755932016,20.771211599071872,22.581078397116897,57.949514960184,0.0,11.126902983393991,0.0,72.2,10.023291153407584,8.417796984328938,0.0,11.440239881430353,11.323698910571435,22.384282469939446,0.0,19.056471336613843,50.245676810150904,9.878758121577532,4.523094936973348,33.39864015352194,0.0,0.2647510393046111,3.94274110616924,3.9491381942405575,0.6684682965243031,14.797671436366835,0.0,5.6913581034265555,-3.6294349962207098,0.2105263157894736,25,1,5,0,0,0,0,2,1,3,0,0,4,1,6,1,5,0,0,0,0,0,4.741573398924328,3,3.7453600000000025,96.61750000000002,0,0,0,0,0,1,0,0,0,0,0,0,0,0,0,1,1,0,0,0,0,0,0,0,0,0,0,0,0,0,3,0,0,0,2,0,0,0,0,0,0,0,0,0,0,0,0,0,0,0,0,0,0,0,0,0,0,0,0,0,0,0,0,0,0,0,0,0,0,0,0,0,0,0,0,0,1,0,0,0,0,0,0,0,0,CHEMBL2181736,Cc1ccc(-c2c(C)noc2C)cc1S(=O)(=O)NCc1ccccc1,3800.0,3.57978359661681,CHEMBL1795186,Bromodomain-containing protein 3,0,Medium-Nonpolar-Aromatic-Rigid-Hydrophobic,Medium-Nonpolar-Aromatic-Rigid-Hydrophobic
12.880304860136905,12.880304860136905,0.575733549592677,-4.329233471673618,0.7983326516185295,15.076923076923077,380.4390000000001,361.287,380.128252268,138,0,0.4159854203217974,-0.3679696698461141,0.4159854203217974,0.3679696698461141,1.1153846153846154,1.8461538461538465,2.5,32.09204762897741,10.141214450224131,2.307895111440898,-2.3710879577258392,2.314371359971705,-2.496849982946026,7.80048666112347,-0.1371058478160984,2.6114724805934943,1.596205826034149,786.0008277600331,18.733840039752497,14.253661505064992,15.070158085992718,12.325518406134815,8.235727143973913,8.643975434437776,6.170768524260499,6.557466855327486,4.255952804501251,4.6162137668643775,2.8398206672474284,3.1269639646401264,-2.3499999999999996,650664.0373747527,18.441354604835674,7.489521065803188,4.430129779298414,155.1818249337529,15.116608065707286,5.817862777835028,5.112436884724758,0.0,0.0,6.176298517443475,0.0,4.983978520947208,13.17124514302446,0.0,6.06636706846161,55.03689747674236,38.06325546994694,5.563451491696996,13.17124514302446,28.835559380290043,0.0,9.883888251797686,0.0,13.100035717134098,36.39572395850711,53.721948965776726,0.0,0.0,10.216698334856808,24.67649419554305,0.0,12.217873443046695,41.17535076017274,6.176298517443475,6.923737199690624,11.126902983393991,42.595045982382736,0.0,0.0,0.0,31.40000000000001,11.73975000914047,13.17124514302446,0.0,0.0,42.79671156089365,11.629818560158606,12.13273413692322,12.263210640074686,28.8562907983148,10.300767124953538,12.217873443046695,38.64091458041071,5.431719306894271,8.174526163766801,3.690777436114738,1.0402852113497032,0.690099975915272,9.252038772281376,-2.615089914020445,4.444728467287574,0.0,0.3333333333333333,26,1,4,0,1,1,0,1,1,2,0,0,3,1,8,2,2,0,1,1,0,0,5.312188992110131,3,3.9278200000000023,100.42470000000004,0,0,0,0,0,1,0,0,0,0,0,0,1,0,0,3,1,0,0,0,0,0,0,0,0,3,0,0,0,2,1,0,0,0,1,0,0,0,0,0,0,0,0,0,3,0,0,0,0,0,0,0,0,0,0,0,0,0,0,0,0,0,0,0,0,0,0,0,0,0,1,0,0,1,0,0,0,0,0,0,0,0,0,0,0,CHEMBL1471788,Cc1ccnc(NC(=S)N2CCN(c3cccc(C(F)(F)F)c3)CC2)c1,300.0,2.4771212547196626,CHEMBL612545,Unchecked,0,Medium-Nonpolar-Aromatic-Rigid-Hydrophobic,Medium-Nonpolar-Aromatic-Rigid-Hydrophobic
10.978396516702794,10.978396516702794,0.1618229166666669,-0.4898091458805742,0.6252631623559584,10.235294117647058,315.148,308.09200000000004,313.936075184,88,0,0.3760043251231532,-0.4605401479549592,0.4605401479549592,0.3760043251231532,1.3529411764705883,2.0588235294117645,2.7058823529411766,79.91873108423297,10.208947672390533,2.1271335510965637,-1.9410422794053992,2.245377446656079,-1.891696587323771,9.102996613770324,0.1996857629403343,2.780828002523035,2.1763240784683564,526.6022096771866,12.25071237662706,8.714785902623099,11.117279022665532,8.185871848001627,4.540556198905943,6.1500510493910205,2.9362013988715403,4.738575258730217,1.834941741690932,3.036544005739467,1.0730905845555536,1.7655844464530772,-1.3399999999999996,10533.776473557258,12.125780549915044,5.327403085949946,3.0711217244413493,109.68618530928605,9.154013890853395,0.0,0.0,5.890723922025908,5.222755905846688,5.3013372717726295,0.0,4.794537184071822,0.0,10.197363616602075,15.929943897949348,24.26546827384644,10.03617100752941,18.871682490668647,13.948551074925216,32.99316611911309,0.0,10.197363616602075,0.0,5.222755905846688,7.109797541277533,28.738187789678857,0.0,11.454175413722904,0.0,4.794537184071822,0.0,27.691828847340464,22.608498429652236,4.736862953800049,0.0,0.0,38.37809463257889,0.0,11.454175413722904,0.0,65.22,5.3013372717726295,4.794537184071822,0.0,5.222755905846688,5.890723922025908,21.798055956920525,7.109797541277533,0.0,24.26546827384644,30.864170468351475,4.417150937053347,10.744428267289468,4.084892727522598,10.978396516702794,7.251557775888133,0.789273904006047,0.3647250566893427,7.410400447215923,0.0,0.0,1.292991971352361,0.1,17,0,5,0,0,0,0,1,1,2,0,0,6,0,7,1,2,0,0,0,0,0,3.799936513009955,2,3.3576000000000015,65.69600000000001,0,0,0,0,0,2,0,0,0,0,1,1,0,0,0,2,0,0,0,0,0,0,0,0,0,0,0,0,0,0,0,0,0,0,1,0,0,0,0,0,0,1,0,0,1,0,0,0,0,0,0,0,0,0,0,1,0,0,0,0,0,0,0,0,0,0,0,0,0,0,0,0,0,0,0,1,0,0,0,0,0,0,0,0,0,CHEMBL1464821,COC(=O)Sc1nnc(-c2ccc(Br)cc2)o1,3526.0,3.5472823079633033,CHEMBL2096976,Peroxisome proliferator-activated receptor gamma/Nuclear receptor corepressor 2,0,Medium-Nonpolar-Aromatic-Rigid-Hydrophobic,Medium-Nonpolar-Aromatic-Rigid-Hydrophobic
12.832122307256236,12.832122307256236,0.1990513983371127,-3.759694979843787,0.7145262474884108,11.52,376.865,359.7290000000001,376.064841084,130,0,0.2616766545157368,-0.360784242336854,0.360784242336854,0.2616766545157368,1.08,1.84,2.48,35.49569200835065,10.02896083355769,2.199775391392789,-2.121195951492021,2.3052003402569223,-2.1402107232846723,7.923868715235772,0.3933790774409978,2.8629724760016173,2.0554331420508456,1022.7247849417378,18.189869965382485,13.99962311469202,15.5720486416382,11.77569413038242,7.600270065877281,9.4613977864809,5.795292983037487,7.882552889755405,3.876540140850454,5.634924608154051,2.7023313651486065,4.213882269262254,-2.309999999999999,398897.95508130535,17.51101903210995,6.536244034206525,3.547083688763915,151.21965572851232,4.523094936973348,5.7602474188744415,0.0,0.0,10.023291153407584,0.0,4.722094864452088,8.417796984328938,0.0,0.0,34.95670435274279,56.1635828563123,10.586084805438322,16.276797745049798,12.940891921302285,27.311617318323663,0.0,5.156663257125445,0.0,25.666695074589647,4.722094864452088,64.5048296983925,0.0,11.126902983393991,4.722094864452088,5.687386274683562,0.0,11.600939890232516,13.574460241454382,10.023291153407584,20.771211599071872,17.0176269054199,51.883147891722395,5.022633313741326,11.126902983393991,0.0,72.2,10.023291153407584,8.417796984328938,0.0,4.895483475517775,27.727646493844787,11.126902983393991,0.0,50.245676810150904,12.990104268152232,9.878758121577532,16.124034827205865,33.41542036440124,5.9264020352810025,0.1990513983371127,4.3891511610383365,3.3191724560534697,0.6458346260655063,11.849473267889271,0.0,5.376300781888955,-3.759694979843787,0.1666666666666666,25,1,5,0,0,0,0,2,1,3,0,0,4,1,7,1,4,0,0,0,0,0,4.578251747260222,3,4.721060000000003,98.4105,0,0,0,0,0,1,0,0,0,0,0,0,0,0,0,1,1,0,0,0,0,0,0,0,0,0,0,0,0,1,3,0,0,0,2,0,0,0,0,0,0,0,0,0,1,0,0,0,0,0,0,0,0,0,0,0,0,0,0,0,0,0,0,0,0,0,0,0,0,0,0,0,0,0,0,0,1,0,0,0,0,0,0,0,0,CHEMBL2181728,Cc1ccc(-c2c(C)noc2C)cc1S(=O)(=O)Nc1cccc(Cl)c1,1900.0,3.278753600952829,CHEMBL1795186,Bromodomain-containing protein 3,0,Medium-Nonpolar-Aromatic-Rigid-Hydrophobic,Medium-Nonpolar-Aromatic-Rigid-Hydrophobic
13.397618890148651,13.397618890148651,0.1339699336524731,-0.64572373393802,0.8882708325052827,21.142857142857142,377.4440000000002,354.26000000000016,377.173941596,144,0,0.2650146848012594,-0.4459076492351043,0.4459076492351043,0.2650146848012594,1.2142857142857142,2.0,2.75,16.479385046689945,9.931837999273467,2.380894251099366,-2.3523966226978104,2.3218224996663404,-2.500461884780637,5.821145065816634,-0.1268205905542608,2.957487272131006,1.8920093222914296,1007.6773137464932,19.67299762850792,15.961588855040114,15.961588855040114,13.596555450524589,9.603925272971106,9.603925272971106,7.246797473990049,7.246797473990049,5.449890054937233,5.449890054937233,3.682335165952484,3.682335165952484,-3.15,3176861.8480285956,18.224379933537257,7.4623681438945075,3.149895548277702,163.11265338858414,10.05365155780638,17.42969681884488,0.0,11.787168065786876,5.559266895052007,0.0,14.156174015934996,0.0,4.983978520947208,0.0,56.67615147144919,23.63339775152615,6.4208216229260096,12.303921277568753,9.53140013787187,11.983199836185388,0.0,14.867866772744891,5.917906046161393,38.77279930352918,0.0,76.05106756491435,0.0,5.879988336435371,15.612918452858388,0.0,5.879988336435371,0.0,15.458257898090068,11.21535880699783,5.917906046161393,49.303285161997096,53.540493188468425,0.0,6.076020106833881,0.0,73.22,6.041840829147961,9.589074368143644,0.0,29.30618183614823,17.808677612622933,11.984273114623004,6.26208044842079,22.795159968292996,37.255572541998674,17.224504324644162,4.736862953800049,7.1271838729752695,0.0,31.092691247795415,3.090503826530612,1.1104991286638122,0.8225275573192246,8.735071048863887,7.918300948657189,4.103222369194592,0.0,0.3181818181818182,28,1,6,0,2,2,1,1,1,2,3,0,5,1,6,3,4,0,0,0,0,1,4.857036866366384,4,3.163400000000002,106.82070000000007,0,0,0,0,0,2,0,0,0,0,1,1,0,0,0,2,1,0,0,0,0,0,0,0,0,0,2,1,0,0,0,0,0,0,1,0,2,0,0,0,0,1,0,0,0,0,0,0,0,0,0,0,0,0,0,0,0,0,0,0,0,0,0,0,0,0,0,0,0,0,0,0,0,0,0,0,0,0,0,0,0,0,0,0,0,CHEMBL1802135,CCC(C)[C@@H]1NC(=O)[C@@H](Cc2ccccc2)n2c1nc1c(c2=O)C=CC=CO1,75000.0,4.8750612633917,CHEMBL383,HL-60,0,Medium-Nonpolar-Aromatic-Rigid-Hydrophobic,Medium-Nonpolar-Aromatic-Rigid-Hydrophobic
12.182729793338108,12.182729793338108,0.0662943320374775,-0.0662943320374775,0.6126165195152228,10.72,329.359,314.23900000000003,329.11642672000005,122,0,0.2282949154671228,-0.4360898873339278,0.4360898873339278,0.2282949154671228,1.0,1.8,2.6,16.3480212086009,10.134815162962903,2.098074682326391,-2.0449675931880424,2.2540607858268316,-2.1367502244129266,5.938093929372161,-0.1151189338649591,3.064402730711327,1.5377422336592688,1010.997808105413,17.062267164498692,13.346233783389703,13.346233783389703,12.275989583278102,7.925825001968461,7.925825001968461,5.647962239203673,5.647962239203673,3.806101081941155,3.806101081941155,2.6095896543461428,2.6095896543461428,-3.4699999999999993,1035915.2143115026,15.080885136281625,6.567502991015255,3.400513375207654,143.9021498017751,9.733939541059678,5.516700717616262,5.583020141642242,11.797903651377414,0.0,0.0,9.778515705019029,4.983978520947208,0.0,0.0,30.33183534230805,35.89528683400505,23.644524909606712,6.4208216229260096,9.211688121125167,22.69428686329357,0.0,9.967957041894415,0.0,6.4208216229260096,5.316788604006331,78.62080931953926,0.0,11.454175413722904,5.316788604006331,5.687386274683562,0.0,0.0,15.87513677124592,11.21535880699783,0.0,5.563451491696996,77.47450876489562,0.0,22.553896272981405,0.0,68.02000000000001,0.0,4.794537184071822,0.0,5.907179729351506,29.098652678893984,11.126902983393991,0.0,12.393687143226153,60.6636706846161,15.284745645900744,4.417150937053347,5.758117562235077,0.0,20.66091272080937,2.9009686004031243,3.906068600406,0.4662631557188741,18.75327949726109,3.7210565298331346,0.0,0.0,0.05,25,1,5,0,0,0,1,2,2,4,0,0,4,1,5,2,4,0,0,0,0,0,3.961750329587482,4,4.071000000000002,96.0157,0,0,0,0,0,2,0,0,0,0,1,1,0,0,0,2,1,0,0,0,0,0,0,0,0,0,0,1,0,1,0,0,0,0,2,0,1,0,0,0,0,0,0,0,0,0,0,0,0,0,0,0,0,0,0,0,0,0,0,0,0,0,1,0,0,0,0,0,0,0,0,0,0,1,0,0,0,0,0,0,0,0,0,0,0,CHEMBL1543662,O=C(Cc1ccccc1)Nc1ccc2oc(-c3ccncc3)nc2c1,6312.0,3.800166990201364,CHEMBL4374,Photoreceptor-specific nuclear receptor,0,Medium-Nonpolar-Aromatic-Rigid-Hydrophobic,Medium-Nonpolar-Aromatic-Rigid-Hydrophobic
12.083689496663885,12.083689496663885,0.211882716049383,0.211882716049383,0.8112105295874075,15.142857142857142,319.4550000000002,302.3190000000001,319.081304164,110,0,0.232489729977192,-0.3419760733724026,0.3419760733724026,0.232489729977192,1.1904761904761905,2.047619047619047,2.7142857142857144,32.16658865221885,10.133203488566968,2.1620873272827543,-2.2594208186395353,2.235271706674775,-2.3625237283419787,7.99438648332911,-0.1287052985686337,3.082496062033165,1.5423175902694704,577.4760152012507,14.493353063746348,11.69577769095888,13.328770852814332,10.326499840494924,7.10960455034745,8.974855921255832,4.964234841426323,6.907555749845392,3.465997505145338,5.263156664675641,2.3230101456511716,3.7302596599732665,-1.4,133262.4697538178,14.533641975308644,7.043786982248522,3.826193675535251,132.12983956912964,4.899909730850477,10.719887973517702,0.0,5.907179729351506,0.0,0.0,4.794537184071822,0.0,0.0,21.534149494536813,17.828252017852726,42.84162884462877,13.08951281182515,10.630000800448087,4.794537184071822,29.00585055667736,0.0,15.097273347452552,0.0,24.28842484744727,18.842366418571935,29.645531044312357,0.0,10.57107518854976,0.0,0.0,0.0,23.09867082732585,39.846819495376,4.794537184071822,0.0,19.26246486877803,34.67149102298159,0.0,10.57107518854976,0.0,46.09,0.0,4.794537184071822,0.0,5.907179729351506,5.752853606746789,41.52819122489617,18.182706572317123,11.336785877934735,34.54544077516283,10.197363616602075,0.0,0.0,3.1155335947665836,15.160237411998777,11.257878890813249,0.8858398590279907,0.6633000283446713,7.936256181006291,3.503994536642826,1.8102928307329464,0.0,0.4,21,0,4,0,1,1,1,0,2,2,0,0,5,0,6,3,4,0,1,1,0,0,4.874851340492368,3,3.309700000000002,86.50000000000004,0,0,0,0,0,2,0,0,0,0,1,1,0,0,0,3,0,0,0,0,1,0,0,0,0,0,0,1,0,0,0,0,0,0,0,0,0,0,0,0,0,0,0,0,0,0,0,0,0,0,0,0,0,0,0,0,0,0,0,0,0,0,0,0,0,0,0,0,0,1,0,0,0,0,0,1,0,0,0,0,0,0,1,0,0,CHEMBL1391254,O=C(CSc1ccc(-c2cccs2)nn1)N1CCCCC1,2636.0,3.420945405921972,CHEMBL4374,Photoreceptor-specific nuclear receptor,0,Medium-Nonpolar-Aromatic-Rigid-Hydrophobic,Medium-Nonpolar-Aromatic-Rigid-Hydrophobic
12.774958176122707,12.774958176122707,0.0092685610745681,-4.49246072032253,0.622539265706338,10.964285714285714,387.3610000000001,371.2330000000002,387.119461412,144,0,0.4159855244060124,-0.4850170323722791,0.4850170323722791,0.4159855244060124,0.9642857142857144,1.75,2.5,19.41318267102286,10.169780108899849,2.3004229043726983,-2.1284902604703517,2.304236557801538,-2.206433080118895,5.994965898460924,-0.1370978883904677,2.674625456046403,1.6593158835258155,946.680878507068,19.98491689530906,14.532913606917424,14.532913606917424,13.414834803611855,8.286621821493286,8.286621821493286,5.782106469037662,5.782106469037662,3.687555673670691,3.687555673670691,2.3793796089142347,2.3793796089142347,-3.55,1915309.9875766537,19.218221954609938,8.426978650661939,5.227901637435926,158.73146376130677,10.05365155780638,6.606881964512918,11.567374611118932,0.0,0.0,12.207413029781549,5.316788604006331,9.778515705019029,13.17124514302446,0.0,36.39820241076966,35.89528683400505,11.884229846296638,5.563451491696996,22.70264528089633,17.536363564856664,0.0,4.983978520947208,0.0,12.783180481956393,10.633577208012662,84.0537843080848,0.0,5.749511833283905,15.370440161812713,29.471031379614875,5.749511833283905,0.0,11.01509303328528,12.783180481956393,0.0,11.126902983393991,72.9268813246908,0.0,0.0,0.0,63.25,17.770864521478543,17.96578232709628,0.0,18.11213101703151,5.749511833283905,17.696185628620217,18.3295777085363,12.13273413692322,30.33183534230805,15.61755572895987,4.736862953800049,44.00920947275808,0.0,16.222724115510914,4.844385443801029,0.0932869066420938,0.4939374028932566,16.337126063387338,-3.0249355675719083,0.2742661625792035,0.0,0.1,28,2,5,0,0,0,2,2,1,3,0,0,3,2,8,1,5,0,0,0,0,0,5.783983789827874,3,5.323400000000003,99.0964,0,0,0,0,0,1,0,0,0,0,1,1,0,0,0,1,2,0,0,0,0,0,0,0,0,3,0,2,0,2,0,0,0,0,2,0,0,0,0,0,0,1,0,0,3,0,0,0,0,0,0,0,0,0,0,0,0,0,0,0,0,0,0,0,0,0,0,0,0,0,0,0,0,1,0,0,0,0,0,0,0,0,0,0,1,CHEMBL202414,O=C(Nc1cccc(C(F)(F)F)c1)Nc1ncccc1OCc1ccccc1,303.0,2.481442628502305,CHEMBL1949,Cyclophilin A,0,Medium-Nonpolar-Aromatic-Rigid-Hydrophobic,Medium-Nonpolar-Aromatic-Rigid-Hydrophobic
9.791725929977645,9.791725929977645,0.6882808956916099,0.6882808956916099,0.6154693363428843,13.038461538461538,339.40200000000016,322.2660000000001,339.148395544,126,0,0.1573289250017573,-0.3667597900354323,0.3667597900354323,0.1573289250017573,1.1153846153846154,2.0,2.8461538461538463,15.121362265208536,10.057238278086183,2.250641178830038,-2.1598260503151128,2.360017442730636,-2.094582204519628,5.860494045454304,0.9083869820257452,3.3083807672281766,1.7668348164110816,1168.1646812527335,17.509860921691395,14.236083660263034,14.236083660263034,12.86450464295571,8.843619333413208,8.843619333413208,6.620432042533662,6.620432042533662,5.108011858844107,5.108011858844107,3.962593826606381,3.962593826606381,-3.3899999999999992,2571233.831720532,14.911466151084015,5.850608875184908,2.1574692330116507,150.48893949793217,5.316788604006331,11.8870840906273,5.647177220767728,0.0,0.0,0.0,9.384673127209002,4.983978520947208,5.261891554738487,0.0,18.19910120538483,54.15192054925386,18.93844354913873,16.59685292692952,0.0,22.498441433835275,5.261891554738487,14.36865164815621,0.0,25.807221274690605,5.316788604006331,71.04569552078381,0.0,6.069221312792274,5.316788604006331,5.817862777835028,0.0,0.0,14.36865164815621,19.386399651764595,11.33111286753076,28.674627589713992,48.791889553995816,0.0,16.68057865600025,0.0,66.01,0.0,5.261891554738487,0.0,0.0,6.544756405912575,58.451260777704306,5.563451491696996,6.196843571613076,30.462311845459514,32.90341718093083,4.983978520947208,2.119452947845805,0.0,8.964120193595754,13.399158847589137,6.95316302910053,1.0593083900226756,14.480602497350333,6.669246532137494,0.6882808956916099,0.0,0.1904761904761904,26,1,5,1,0,1,0,1,3,4,0,0,5,1,5,3,3,0,0,0,0,0,3.3554290848289035,5,3.854980000000003,101.00170000000004,0,0,0,0,0,3,0,0,0,0,0,0,0,0,0,4,1,0,0,0,0,0,0,0,0,0,0,0,0,1,0,0,0,0,1,0,4,0,0,0,0,0,0,0,0,0,0,1,0,0,0,0,0,0,0,0,0,1,0,0,0,0,0,0,2,0,0,0,0,0,0,0,0,2,0,0,0,0,0,0,0,0,0,0,0,CHEMBL1582936,N#Cc1c2c(c(NCc3cccnc3)n3c1nc1ccccc13)CCC2,53500.0,4.7283537820212285,CHEMBL2093862,Runt-related transcription factor 1/Core-binding factor subunit beta,0,Medium-Nonpolar-Aromatic-Rigid-Hydrophobic,Medium-Nonpolar-Aromatic-Rigid-Hydrophobic
6.468113671675178,6.468113671675178,0.0284274743848151,0.0284274743848151,0.5119564856409683,16.333333333333332,397.3050000000002,379.1610000000002,396.079618556,136,0,0.1184028055495449,-0.4967678060777601,0.4967678060777601,0.1184028055495449,0.9629629629629628,1.7407407407407407,2.4444444444444446,35.49678467398333,9.97915469026756,2.306104245215525,-2.245285784479011,2.397342370446347,-2.1838418465779967,6.329617572162228,0.4145372937508825,3.134712461822641,1.7591818071117509,985.6127675334512,18.802754140504845,14.771264708133922,16.28312260017083,13.152198343190411,8.666310888885555,9.42223983490401,6.346104039056358,7.189739946268949,4.666328033130597,5.221037664178926,3.3013667549368,3.722419035880425,-2.4899999999999984,2442655.7222011327,17.900591782427092,7.631142435738839,3.6608428469699583,168.34489869525092,4.736862953800049,5.749511833283905,0.0,0.0,0.0,0.0,5.008912523954531,0.0,5.101407525739722,0.0,47.46734805431147,59.65783953108687,11.443454936667337,29.573342961621087,4.736862953800049,34.600951057919296,0.0,0.0,5.101407525739722,12.462662452073973,12.118710065232063,93.968574432416,0.0,5.749511833283905,9.74577547775458,5.687386274683562,5.749511833283905,23.20187978046503,12.821482544048235,0.0,0.0,23.58956543546796,77.89781234727906,10.045266627482652,0.0,0.0,24.83,0.0,0.0,0.0,6.041840829147961,10.045266627482652,34.69630771705817,0.0,7.109797541277533,71.73895027703225,6.06636706846161,33.0401502600048,5.259219422719603,12.70726965620942,0.0,8.29071461692268,4.057652956244227,0.82564636261606,23.656818402696075,0.7617998078861173,0.0,1.663100996928038,0.1363636363636363,27,0,3,0,1,1,0,3,0,3,1,0,3,0,5,1,4,0,0,0,0,1,5.059332058359901,4,6.357700000000005,112.27200000000002,0,0,0,0,0,0,0,0,0,0,0,0,0,0,0,2,0,0,0,0,0,0,0,0,0,0,0,0,0,1,0,0,0,0,3,0,0,0,0,0,0,1,0,0,2,0,1,0,0,0,0,0,0,0,0,1,0,0,0,0,0,0,0,0,1,0,0,0,0,0,0,0,0,0,0,0,0,0,0,0,0,0,0,0,0,CHEMBL3093533,COc1ccc(C2=NN(c3ccccc3Cl)C(c3cccc(Cl)c3)C2)cc1,1500.0,3.1760912590556813,CHEMBL394,HCT-116,0,Medium-Nonpolar-Aromatic-Rigid-Hydrophobic,Medium-Nonpolar-Aromatic-Rigid-Hydrophobic
12.763906131897205,12.763906131897205,0.2396787603930461,-3.684293745275886,0.7756399778527434,11.458333333333334,342.42,324.2760000000001,342.103813436,124,0,0.2616758514732158,-0.360784242336854,0.360784242336854,0.2616758514732158,1.0,1.7083333333333333,2.3333333333333335,32.23327193752882,10.02896088621227,2.1974547603509715,-2.118246534907,2.302270550928466,-2.1393276813643274,7.923856226816347,0.3933790941333444,2.8730400094483124,2.063388405633373,957.2534041142274,17.319626477379405,13.699008910872418,14.515505491800145,11.381847280265069,7.500604226849707,8.9837674744441,5.650971038297171,7.301795164543104,3.82571169469677,5.348999059212631,2.656557812014108,3.986936684633656,-2.599999999999999,287143.11070430215,16.264562787639715,6.126706884994737,3.0507134363852564,140.91638950163062,4.523094936973348,5.7602474188744415,0.0,0.0,10.023291153407584,0.0,4.722094864452088,8.417796984328938,0.0,0.0,35.4884985994335,50.09721578785069,11.250837766380558,10.589411470366237,12.940891921302285,15.710677428091143,0.0,5.156663257125445,0.0,25.666695074589647,4.722094864452088,65.54856345311278,0.0,11.126902983393991,4.722094864452088,5.687386274683562,0.0,0.0,13.574460241454382,10.023291153407584,20.771211599071872,17.0176269054199,57.949514960184,0.0,11.126902983393991,0.0,72.2,10.023291153407584,8.417796984328938,0.0,4.895483475517775,17.011085185255,16.82083097824245,0.0,43.32193961046029,25.980208536304467,9.878758121577532,4.523094936973348,33.32408813101815,0.0,0.2396787603930461,3.934488555459425,3.5284728182671916,0.6627033129341933,14.157228606063384,0.0,5.420966894473839,-3.684293745275886,0.1666666666666666,24,1,5,0,0,0,0,2,1,3,0,0,4,1,6,1,4,0,0,0,0,0,4.152008700519226,3,4.067660000000003,93.40050000000002,0,0,0,0,0,1,0,0,0,0,0,0,0,0,0,1,1,0,0,0,0,0,0,0,0,0,0,0,0,1,3,0,0,0,2,0,0,0,0,0,0,0,0,0,0,0,0,0,0,0,0,0,0,0,0,0,0,0,0,0,0,0,0,0,1,0,0,0,0,0,0,0,0,0,0,0,1,0,0,0,0,0,0,0,0,CHEMBL2181724,Cc1ccc(-c2c(C)noc2C)cc1S(=O)(=O)Nc1ccccc1,1000.0,3.0,CHEMBL1795186,Bromodomain-containing protein 3,0,Medium-Nonpolar-Aromatic-Rigid-Hydrophobic,Medium-Nonpolar-Aromatic-Rigid-Hydrophobic
12.005532965934854,12.005532965934854,0.1030766391953816,-0.468784780577675,0.7059388239637813,14.22222222222222,352.3490000000001,340.2530000000001,352.084792244,128,0,0.2884444189556369,-0.4967638004399159,0.4967638004399159,0.2884444189556369,0.9629629629629628,1.7407407407407407,2.4814814814814814,16.482550513944833,10.006893773190216,2.3575420977708332,-2.108576609849754,2.453320767777142,-1.935248471557521,6.496585289125845,-0.1132688984876384,3.1877924952071943,1.6777513076369388,1245.028302145713,18.543241116511005,14.31532448509814,14.31532448509814,13.207039898056808,8.371633008066699,8.371633008066699,6.244349828839479,6.244349828839479,4.838150610356676,4.838150610356676,3.6448853569995014,3.6448853569995014,-3.9099999999999993,3163896.8026631214,15.353145107410988,5.5461424988404335,2.1043939583659297,154.3350639308195,9.473725907600098,28.890861342713254,0.0,0.0,5.907179729351506,0.0,4.794537184071822,4.992404732635668,5.261891554738487,0.0,18.19910120538483,41.96165390246666,21.909004450695853,12.821482544048235,14.26826309167192,27.964417691121064,5.261891554738487,0.0,4.992404732635668,0.0,7.109797541277533,71.29731112961775,0.0,23.31775681264399,9.473725907600098,0.0,17.248535499851716,0.0,18.728662273399745,4.794537184071822,11.33111286753076,11.126902983393991,65.16281287885943,0.0,16.34555295899886,0.0,71.68,5.907179729351506,10.056428738810308,0.0,5.5731045300692665,22.783813199407778,27.648863245607487,0.0,7.109797541277533,60.66652492894677,4.992404732635668,9.473725907600098,11.255292491197594,0.0,16.107327056207133,11.241329957103316,3.0230366217599824,1.6841310363797948,18.903531068091752,0.0,0.0,1.6186851025937634,0.0454545454545454,27,0,5,1,1,2,1,3,0,3,0,0,4,0,5,1,3,0,0,0,0,0,3.153730761891709,5,4.260780000000004,101.09300000000002,0,0,0,0,0,0,0,0,0,0,1,1,0,0,1,2,0,0,0,0,0,0,0,0,0,0,1,1,0,0,0,0,0,0,3,0,3,0,0,0,0,2,0,0,0,0,0,0,0,0,0,0,0,0,0,1,0,1,0,0,0,0,0,0,0,0,0,0,0,0,0,0,0,0,0,0,0,0,0,0,0,0,0,0,0,CHEMBL1672070,COc1ccc(Oc2ccc3c4c(cccc24)C2=NC(=O)C(C#N)=C23)cc1,1900.0,3.278753600952829,CHEMBL383,HL-60,0,Medium-Nonpolar-Aromatic-Rigid-Hydrophobic,Medium-Nonpolar-Aromatic-Rigid-Hydrophobic
6.507670597266555,6.507670597266555,0.0279620181405897,-0.0279620181405897,0.5119564856409683,16.333333333333332,397.30500000000006,379.1610000000002,396.079618556,136,0,0.1190240006952511,-0.4967446821219044,0.4967446821219044,0.1190240006952511,0.925925925925926,1.6666666666666667,2.407407407407407,35.49678487098388,9.977368445782442,2.317479565990214,-2.2505281228230936,2.4124528715158515,-2.1875774754027724,6.3313611113152755,0.414467766701863,3.135066770122368,1.8021858453797657,1002.8627675334516,18.80275414050485,14.77126470813392,16.28312260017083,13.16903509559602,8.672293953029262,9.428222899047716,6.316065760209304,7.1304660136905165,4.676821559679439,5.340640135845765,3.334658141428828,3.8186630221660542,-2.489999999999999,2488073.6355719045,17.900591782427092,7.631142435738842,3.5301324084127663,168.34489869525092,4.736862953800049,5.749511833283905,0.0,0.0,0.0,0.0,5.008912523954531,0.0,5.101407525739722,0.0,65.6664492596963,35.89528683400505,17.00690642836433,29.573342961621087,4.736862953800049,34.600951057919296,0.0,0.0,5.101407525739722,12.462662452073973,12.118710065232063,93.968574432416,0.0,5.749511833283905,9.74577547775458,5.687386274683562,5.749511833283905,23.20187978046503,12.821482544048235,0.0,0.0,23.58956543546796,77.89781234727906,10.045266627482652,0.0,0.0,24.83,0.0,0.0,0.0,6.041840829147961,5.022633313741326,39.7189410307995,0.0,7.109797541277533,77.80531734549386,0.0,33.0401502600048,5.364775069373734,12.98200786119978,0.0,8.266971004451163,3.891121871588142,0.8061917009602197,23.521980288119053,0.7243294910556816,0.0,1.6648449354744448,0.1363636363636363,27,0,3,0,1,1,0,3,0,3,1,0,3,0,5,1,4,0,0,0,0,1,5.059332058359903,4,6.357700000000005,112.27200000000002,0,0,0,0,0,0,0,0,0,0,0,0,0,0,0,2,0,0,0,0,0,0,0,0,0,0,0,0,0,1,0,0,0,0,3,0,0,0,0,0,0,1,0,0,2,0,1,0,0,0,0,0,0,0,0,1,0,0,0,0,0,0,0,0,1,0,0,0,0,0,0,0,0,0,0,0,0,0,0,0,0,0,0,0,0,CHEMBL3093545,COc1cccc(C2=NN(c3ccccc3Cl)C(c3ccccc3Cl)C2)c1,2500.0,3.3979400086720375,CHEMBL394,HCT-116,0,Medium-Nonpolar-Aromatic-Rigid-Hydrophobic,Medium-Nonpolar-Aromatic-Rigid-Hydrophobic
12.236467274441662,12.236467274441662,0.2185493827160496,0.2185493827160496,0.8004930400541025,15.545454545454543,333.48200000000026,314.3300000000001,333.096954228,116,0,0.2324897299125826,-0.3419760920874287,0.3419760920874287,0.2324897299125826,1.1363636363636365,1.9545454545454544,2.590909090909091,32.16658872424761,10.20986420193096,2.1543687630655617,-2.192435372662342,2.235376122031486,-2.3270075503489225,7.994387087704166,-0.1278055400149007,2.952256514872981,1.5339383103210769,590.3632964667001,15.200459844932896,12.402884472145429,14.03587763400088,10.826499840494924,7.60960455034745,9.474855921255832,5.317788232019597,7.261109140438666,3.715997505145338,5.513156664675641,2.499786840947809,3.907036355269903,-1.4,179934.13006847844,15.49396193907119,7.739243973703434,4.0753282028067,138.49478168352624,4.899909730850477,10.719887973517702,0.0,5.907179729351506,0.0,0.0,4.794537184071822,0.0,0.0,21.534149494536813,30.669895263704746,36.420807221702766,13.08951281182515,10.630000800448087,4.794537184071822,29.00585055667736,0.0,15.097273347452552,0.0,30.70924647037328,18.842366418571935,29.645531044312357,0.0,10.57107518854976,0.0,0.0,0.0,23.09867082732585,39.846819495376,4.794537184071822,0.0,25.68328649170404,34.67149102298159,0.0,10.57107518854976,0.0,46.09,0.0,4.794537184071822,0.0,5.907179729351506,5.752853606746789,41.52819122489617,24.603528195243133,11.336785877934735,34.54544077516283,10.197363616602075,0.0,0.0,3.1243087024427902,15.34542259718396,11.296552596406595,0.8872172694963102,0.6699666950113379,7.952938620802285,4.7466340212571065,1.8102928307329464,0.0,0.4375,22,0,4,0,1,1,1,0,2,2,0,0,5,0,6,3,4,0,1,1,0,0,5.450525071170322,3,3.6998000000000024,91.11700000000005,0,0,0,0,0,2,0,0,0,0,1,1,0,0,0,3,0,0,0,0,1,0,0,0,0,0,0,1,0,0,0,0,0,0,0,0,0,0,0,0,0,0,0,0,0,0,0,0,0,0,0,0,0,0,0,0,0,0,0,0,0,0,0,0,0,0,0,0,0,0,0,0,0,0,0,1,0,0,0,0,0,0,1,0,0,CHEMBL1580310,O=C(CSc1ccc(-c2cccs2)nn1)N1CCCCCC1,4733.0,3.6751365044679942,CHEMBL4374,Photoreceptor-specific nuclear receptor,0,Medium-Nonpolar-Aromatic-Rigid-Hydrophobic,Medium-Nonpolar-Aromatic-Rigid-Hydrophobic
12.251385144592817,12.251385144592817,0.3701596749811033,-0.4639689538366778,0.5899668672975877,10.625,378.2800000000001,365.17600000000016,377.004405016,122,0,0.3410183214565453,-0.4653231676238443,0.4653231676238443,0.3410183214565453,0.9583333333333334,1.4583333333333333,1.9583333333333333,35.4967847903509,9.979086974080914,2.245329844530748,-2.079346213823124,2.449415943803124,-2.042181230565623,7.199722447701239,0.0603097919891212,2.926011353606375,2.273560162869654,886.6322717162687,17.26722023457211,12.676826240116675,15.005180713081314,11.507239053047543,7.034118889087467,8.606544416033646,5.0508046614178355,6.9758750636850495,3.5643071107490263,5.13624764033303,2.449979563488608,3.7852357293224816,-2.009999999999999,338668.2581118163,16.834088677354625,6.850939650335731,3.130121702613863,153.13732951115642,10.470530430962237,10.564533468384862,0.0,0.0,0.0,5.969305287951848,0.0,4.794537184071822,0.0,11.336785877934735,47.46734805431147,35.392371257240434,20.485865312880943,7.109797541277533,9.53140013787187,45.50905292303949,0.0,0.0,0.0,0.0,12.84346501843972,64.13965466687253,0.0,21.56750166879229,5.733667477162185,5.001081976687867,0.0,34.538665658399765,13.07910282922938,4.736862953800049,0.0,10.357988675768818,48.53093654769288,10.045266627482652,21.56750166879229,0.0,52.32,5.969305287951848,4.794537184071822,0.0,0.0,20.609800095867516,21.56750166879229,18.446583419212267,24.26546827384644,24.26546827384644,0.0,33.67241021142727,4.911855272458777,13.29598448062012,13.13276395537639,1.676736008516763,9.000211290277427,-0.4639689538366778,14.6616509021304,0.0,0.0,1.3403226000123547,0.0555555555555555,24,2,3,0,0,0,0,2,1,3,0,0,4,1,6,1,3,0,0,0,0,0,4.805388566539858,3,5.757700000000003,100.9629,0,0,0,1,0,0,0,0,0,0,1,1,0,0,0,0,0,1,0,0,0,0,0,0,0,0,0,0,0,1,0,0,0,0,2,0,0,0,0,0,1,1,0,0,2,0,0,0,0,0,0,0,0,0,0,1,0,0,0,0,0,0,0,0,0,0,0,0,0,0,0,0,0,0,0,0,0,0,0,0,0,0,1,0,0,CHEMBL2385517,COC(=O)c1c(N)sc(-c2ccc(Cl)cc2)c1-c1ccc(Cl)cc1,1660.0,3.220108088040055,CHEMBL394,HCT-116,0,Medium-Nonpolar-Aromatic-Rigid-Hydrophobic,Medium-Nonpolar-Aromatic-Rigid-Hydrophobic
13.056317644379964,13.056317644379964,0.1936342592592592,-0.3782295492806857,0.5417427903609358,11.318181818181818,312.325,303.25300000000004,312.03687674800005,108,0,0.3020736148318869,-0.4485699005533076,0.4485699005533076,0.3020736148318869,1.0909090909090908,1.818181818181818,2.590909090909091,32.091999344520836,10.218033988267228,2.140068235657113,-2.051066042204009,2.24479796780228,-2.193221543762716,7.710006836392688,0.6266875702185393,2.883320387864328,2.1282911291696887,1123.0066749395978,15.267220234572113,11.168725093417782,11.985221674345508,10.647867045540842,6.575016684917822,6.983264975381685,4.849477740772014,5.236176071839002,3.512661375154789,3.79729763360581,2.501443772980236,2.791826447018907,-2.729999999999999,188776.75243425329,12.969354918581985,4.639754627957032,1.8090462617837415,127.98126085177148,9.401129458000554,16.9169417003044,4.771065770590158,5.583020141642242,0.0,5.559266895052007,9.361636831863176,4.39041504767482,0.0,0.0,12.13273413692322,48.616075853816355,5.386224214464796,5.687386274683562,8.807565984728168,34.286838658412236,0.0,9.551078168738565,0.0,0.0,0.0,69.47302723845276,0.0,5.687386274683562,5.559266895052007,4.39041504767482,0.0,12.217873443046695,9.551078168738565,0.0,10.588286611636052,0.0,57.742624668818046,0.0,27.756351490049106,0.0,50.93,0.0,9.184952231746642,0.0,21.730573648330303,16.787107133942065,5.386224214464796,28.832567921637793,6.06636706846161,18.19910120538483,4.983978520947208,16.63502438010004,20.21869836055532,5.282732426303855,15.7186009542706,0.7981075207860925,1.4831084131183343,-0.3782295492806857,12.876981874246486,0.0,0.0,0.0,0.0,22,1,4,0,0,0,0,2,2,4,0,0,4,1,6,2,1,0,0,0,0,0,2.735210204777639,4,3.9335900000000015,84.45970000000003,0,0,0,0,0,2,1,0,0,0,0,0,0,0,0,1,1,0,0,0,0,1,0,0,0,0,0,0,0,0,0,0,0,0,2,0,3,0,0,0,0,0,1,0,1,0,0,0,0,0,0,0,0,0,0,0,0,0,0,0,0,0,0,0,1,0,0,0,0,0,0,0,0,0,0,0,0,0,0,0,0,0,0,0,0,CHEMBL1336910,O=c1c2oc3ccccc3c2[nH]c(=S)n1-c1ccc(F)cc1,2092.0,3.3205616801952367,CHEMBL4374,Photoreceptor-specific nuclear receptor,0,Medium-Nonpolar-Aromatic-Rigid-Hydrophobic,Medium-Nonpolar-Aromatic-Rigid-Hydrophobic
6.1882270583130365,6.1882270583130365,0.4965542328042329,0.4965542328042329,0.691129049070368,13.095238095238097,294.745,283.657,294.06722403200007,102,0,0.1586624472388726,-0.283340622417486,0.283340622417486,0.1586624472388726,1.0476190476190477,1.9047619047619049,2.761904761904762,35.49569139819936,10.004295687150044,2.1915147313482386,-2.1111855357872353,2.262620328020608,-2.0631006624644583,6.311175402509635,0.8703201580561287,2.916570804900923,1.996146541198481,836.4931314625338,14.233840039752504,11.070078058902242,11.826007004920696,10.326499840494924,6.6183058378445105,6.996270310853737,4.809501133040283,5.245936913512267,3.517431469731819,3.752528572519558,2.5537273747074583,2.7258303986603254,-2.46,141955.3342161377,12.293555605558616,4.823665918890326,2.0424224024052173,126.29511475753816,0.0,12.872076480677116,5.824404497999927,0.0,0.0,0.0,9.559504380427022,0.0,0.0,10.197363616602075,41.93277523254056,18.19910120538483,16.149536297135317,11.399071277454263,0.0,17.312624893003218,0.0,14.76446326439343,4.992404732635668,6.544756405912575,0.0,76.83219741759267,0.0,5.687386274683562,0.0,0.0,0.0,11.600939890232516,20.47614826716413,6.544756405912575,0.0,16.95130748139392,59.850661355093095,5.022633313741326,5.687386274683562,0.0,43.07,0.0,0.0,0.0,0.0,11.5673897196539,28.35037875884818,0.0,6.3273200747645415,40.965302058561015,22.330097753525298,16.593344622868184,1.963395061728395,6.1882270583130365,4.724135802469136,8.803148620559336,3.990816641471404,0.8236144179894183,15.90740502785476,1.7138142479213907,0.4965542328042329,0.0,0.0625,21,0,4,0,1,1,0,2,1,3,0,0,4,0,5,2,1,0,0,0,0,0,2.823809771262677,4,3.2717000000000027,82.15400000000002,0,0,0,0,0,3,0,0,0,0,0,0,0,0,1,4,0,0,0,0,0,0,0,0,0,0,0,0,0,0,0,0,0,0,2,0,3,0,0,0,0,0,0,0,1,0,0,0,0,0,0,0,0,0,0,0,0,0,0,0,0,0,0,0,0,0,0,0,0,0,0,0,0,0,0,0,0,0,0,0,0,0,0,0,0,CHEMBL285674,Clc1ccc2c(c1)C(c1ccccc1)=NCc1nncn1-2,46.6,1.66838591669,CHEMBL612545,Unchecked,0,Medium-Nonpolar-Aromatic-Rigid-Hydrophobic,Medium-Nonpolar-Aromatic-Rigid-Hydrophobic
13.608829365079366,13.608829365079366,0.0280347694633409,-4.619829695767196,0.5321486508465388,11.961538461538462,357.29100000000005,347.21100000000007,357.07251121999997,130,0,0.4179451752878495,-0.2929863018770014,0.4179451752878495,0.2929863018770014,0.9615384615384616,1.6923076923076923,2.3846153846153846,19.413185678998268,10.044826813418757,2.344183889244493,-2.203382704014674,2.375313647209049,-2.2740398504892094,5.896535233999185,-0.1360173700432208,2.5928763937879795,2.3212320552289145,1210.4293872528274,18.474327015758657,13.040969613661956,13.040969613661956,12.35919191094603,7.575279796296477,7.575279796296477,5.664825189431473,5.664825189431473,4.035713764369125,4.035713764369125,2.9969097055071683,2.9969097055071683,-3.419999999999999,806934.2482635446,16.0703648948767,5.55032093296778,2.464591005069072,143.2597888961935,0.0,0.0,5.824404497999927,0.0,5.559266895052007,11.86604191564695,14.345615352810384,4.794537184071822,18.155223663971668,0.0,30.33183534230805,24.26546827384644,11.073610489148358,16.643603701010253,13.17124514302446,10.902924932081056,0.0,14.53505668968577,0.0,6.176298517443475,0.0,80.99883976925062,0.0,17.075242264380485,11.24901029325548,13.17124514302446,0.0,0.0,14.53505668968577,6.176298517443475,0.0,5.563451491696996,64.18637798429813,0.0,27.97816719646154,0.0,67.75,22.988760302395953,22.760319511168102,0.0,22.29078092177798,5.687386274683562,6.06636706846161,22.766200853176183,30.33183534230805,4.983978520947208,4.983978520947208,0.0,42.02502976190476,0.0,29.695214671516755,0.2103028155706729,-2.287893518518518,-0.1304166666666668,13.190925965293523,-4.619829695767196,0.0,0.0,0.0555555555555555,26,1,5,0,2,2,0,2,0,2,0,0,4,1,8,2,1,0,0,0,0,0,3.430603179864027,4,3.1976000000000013,89.58470000000001,0,0,0,0,0,3,1,0,0,0,0,0,0,0,0,2,1,0,0,0,0,1,0,0,0,3,0,0,0,0,0,0,0,0,2,0,2,0,0,0,0,0,0,0,3,0,0,0,0,0,0,0,0,0,0,0,0,0,0,0,0,0,0,0,2,0,0,0,0,0,0,0,0,1,0,0,0,0,0,0,0,0,0,0,0,CHEMBL2440448,O=c1nc2n(-c3ccccc3)c3c(C(F)(F)F)cccc3cc-2c(=O)[nH]1,17500.0,4.243038048686294,CHEMBL5023,p53-binding protein Mdm-2,0,Medium-Nonpolar-Aromatic-Rigid-Hydrophobic,Medium-Nonpolar-Aromatic-Rigid-Hydrophobic
12.996837819489937,12.996837819489937,0.1834230914588057,-1.5197351347946588,0.7698709110075969,19.12,349.81700000000006,333.68900000000014,349.08695643199997,124,0,0.256916427249594,-0.3629560743662939,0.3629560743662939,0.256916427249594,0.88,1.52,2.24,35.495691602224895,9.934123087389736,2.490299104243636,-2.346500946682922,2.426824575172801,-2.4371212737797596,6.3010746072805865,-0.0542422510225982,2.8635748590476817,1.8653532787178224,924.1407914618702,17.440946820939047,13.393300235124691,14.149229181143149,12.103208846802325,8.043109008355097,8.421073481364326,6.101586574275692,6.538022354747677,4.599095813751161,4.851072129090646,3.357194979570182,3.4831831372399247,-2.619999999999999,791171.3706565659,15.88152667631668,6.028456332427353,2.5261847160119713,150.65344247061043,5.106527394840706,0.0,5.724985593970254,0.0,5.907179729351506,0.0,9.6944469149223,0.0,0.0,0.0,72.26461057484862,23.762552697081823,28.25774419474489,0.0,9.901064578912528,17.508119619584022,0.0,4.899909730850477,0.0,12.269741999882829,0.0,106.13921117053027,0.0,0.0,0.0,0.0,0.0,11.600939890232516,15.91361685504269,12.269741999882829,0.0,27.048343150859804,78.86277189000094,5.022633313741326,0.0,0.0,40.54,5.724985593970254,9.901064578912528,0.0,5.907179729351506,28.25774419474489,5.563451491696996,4.899909730850477,36.39820241076966,42.46456947923127,0.0,11.600939890232516,0.0,5.996622837334266,14.50699466000392,12.242108494760007,1.1712930769015435,-0.1834230914588057,23.81453917929958,0.0,0.312975954270597,0.0,0.0952380952380952,25,1,3,0,1,1,1,3,0,3,1,0,2,1,4,1,3,0,0,0,0,1,3.829643602418209,4,4.189400000000003,97.2083,0,1,0,0,0,0,0,0,0,0,1,1,0,0,0,1,0,0,0,0,0,0,0,0,0,0,0,1,0,0,0,0,0,0,3,0,1,0,0,0,0,0,0,0,1,0,0,0,0,0,0,0,0,0,0,0,0,0,0,0,0,0,0,0,0,0,0,0,0,0,0,0,0,0,0,0,0,0,0,0,0,0,0,0,0,CHEMBL1688137,O=C1c2ccccc2C(O)(c2ccc(Cl)cc2)N1Cc1ccccc1,74000.0,4.869231719730976,CHEMBL5023,p53-binding protein Mdm-2,0,Medium-Nonpolar-Aromatic-Rigid-Hydrophobic,Medium-Nonpolar-Aromatic-Rigid-Hydrophobic
12.808058862433864,12.808058862433864,0.0275390526581005,-0.592654320987654,0.8376721056522967,26.272727272727273,333.21799999999996,319.10600000000005,332.048318428,112,0,0.2365972918731228,-0.3249053025540399,0.3249053025540399,0.2365972918731228,1.0909090909090908,1.9090909090909092,2.727272727272727,35.49678396209475,9.70323329068966,2.5488669935283927,-2.2860230486936177,2.4938327544526975,-2.4044386053850086,6.309998801550167,-0.12022422687144,3.030530081924695,1.88027830261963,777.0042967071657,15.319626477379408,11.69719295237242,13.209050844409331,10.609027463715751,7.187748426432973,7.943677372451428,5.853874787928089,6.726746348872059,4.713823590389975,5.184017795965453,3.723331812980363,4.094162291348304,-1.5499999999999994,189647.5419967655,14.068468728547336,4.983302850175277,1.8949225538631995,138.1693245115088,10.633577208012662,0.0,0.0,5.907179729351506,0.0,0.0,4.794537184071822,0.0,0.0,0.0,41.40098098584986,35.392371257240434,34.74007176015276,5.414990469396779,4.794537184071822,34.7964457845001,0.0,5.316788604006331,0.0,11.332896515558172,18.40630141583148,63.63673909010791,0.0,0.0,10.633577208012662,5.687386274683562,0.0,23.20187978046503,18.996692541176657,10.2095276534686,0.0,17.044809029555385,42.46456947923127,10.045266627482652,0.0,0.0,41.13,5.414990469396779,4.794537184071822,0.0,11.8250857755129,16.590023033395227,23.359045663990127,0.0,0.0,42.46456947923127,10.633577208012662,23.20187978046503,0.0,12.193363983160008,12.808058862433864,7.676457572226422,2.3106360229276905,0.0771923028470646,13.37826510057225,0.0,1.3615817113882591,0.0,0.2352941176470588,22,2,3,0,2,2,1,2,0,2,2,0,2,2,5,2,1,0,1,1,1,0,3.186701832389623,4,3.5703000000000022,88.82240000000003,0,0,0,0,0,0,0,0,0,0,1,1,0,0,0,0,2,0,0,0,0,0,0,0,0,0,0,1,0,1,0,0,0,0,2,0,2,0,0,0,0,0,0,0,2,0,0,0,0,0,0,0,0,0,0,0,0,0,0,0,0,0,0,0,0,0,0,0,0,0,0,0,0,0,0,0,0,0,0,0,0,0,0,0,0,CHEMBL4779524,O=C1Nc2cc(Cl)ccc2[C@]12CNC[C@@H]2c1cccc(Cl)c1,36000.0,4.556302500767287,CHEMBL1907611,Tumour suppressor p53/oncoprotein Mdm2,0,Medium-Nonpolar-Aromatic-Rigid-Hydrophobic,Medium-Nonpolar-Aromatic-Rigid-Hydrophobic
12.234671403315431,12.234671403315431,0.106921694093411,-0.106921694093411,0.5690611741859066,10.807692307692308,363.8040000000001,349.6920000000001,363.077454368,128,0,0.2282949292840439,-0.4360898873339278,0.4360898873339278,0.2282949292840439,1.0384615384615383,1.8076923076923077,2.576923076923077,35.495691659123395,10.133224185190809,2.099876436599198,-2.0488567858941873,2.25495435000552,-2.1371720324182792,6.301052454738235,-0.1151192230866433,3.07604494875584,1.5153768092150717,1059.5712683695183,17.932510652501772,13.646847987209304,14.40277693322776,12.669836433395457,8.025490840996033,8.403455314005262,5.788829860250038,6.2252656407220215,3.876533684055343,4.1285099993948275,2.6159854930440676,2.7419736507138097,-3.1799999999999993,1479306.9283960685,16.297187296189254,6.9766771831547745,3.576587726769195,154.20541602865677,9.733939541059678,5.516700717616262,5.583020141642242,11.797903651377414,0.0,0.0,9.778515705019029,4.983978520947208,0.0,0.0,23.733674027155736,48.02802097092827,28.667158223348036,6.4208216229260096,9.211688121125167,34.29522675352609,0.0,9.967957041894415,0.0,6.4208216229260096,5.316788604006331,77.57707556481897,0.0,11.454175413722904,5.316788604006331,5.687386274683562,0.0,11.600939890232516,15.87513677124592,11.21535880699783,0.0,5.563451491696996,71.408141696434,5.022633313741326,22.553896272981405,0.0,68.02000000000001,0.0,4.794537184071822,0.0,12.328001352277514,27.7004643697093,11.126902983393991,0.0,42.725522485534206,24.26546827384644,15.284745645900744,16.018090827285864,5.756816334972311,5.85987305377788,20.705350510548996,3.5313416436490934,3.762565719505216,0.4134864401674332,16.266681835447166,3.648328906376345,0.0,0.0,0.05,26,1,5,0,0,0,1,2,2,4,0,0,4,1,6,2,4,0,0,0,0,0,4.373085183035516,4,4.724400000000003,101.0257,0,0,0,0,0,2,0,0,0,0,1,1,0,0,0,2,1,0,0,0,0,0,0,0,0,0,0,1,0,1,0,0,0,0,2,0,1,0,0,0,0,0,0,0,1,0,0,0,0,0,0,0,0,0,0,0,0,0,0,0,0,0,1,0,0,0,0,0,0,0,0,0,0,1,0,0,0,0,0,0,0,0,0,0,0,CHEMBL1531523,O=C(Cc1ccc(Cl)cc1)Nc1ccc2oc(-c3ccncc3)nc2c1,4294.0,3.63286204010023,CHEMBL4374,Photoreceptor-specific nuclear receptor,0,Medium-Nonpolar-Aromatic-Rigid-Hydrophobic,Medium-Nonpolar-Aromatic-Rigid-Hydrophobic
12.763135996682625,12.763135996682625,0.2737621777105901,-0.4072355469894042,0.5649235531285244,10.807692307692308,345.3540000000001,330.2340000000001,345.10010796,128,0,0.3356903459163631,-0.4959006881286528,0.4959006881286528,0.3356903459163631,0.9230769230769232,1.6923076923076923,2.4615384615384617,16.466273372660698,10.050608612924394,2.140452906909981,-2.1120254242216596,2.2695046658640923,-2.129122973505722,6.088081275131376,0.1019404283712005,2.6657104657784827,1.703535609384165,1193.4469027781597,18.0956473593183,13.98384612294134,13.98384612294134,12.635361590784807,8.059637298427944,8.059637298427944,5.860802718023643,5.860802718023643,4.1896251160728815,4.1896251160728815,2.913781522889196,2.913781522889196,-3.599999999999999,1156225.257426759,15.900403000806005,6.366942148760334,2.906078820269801,148.37297905503613,14.470802494859726,11.332531974926148,0.0,0.0,5.907179729351506,5.625586319077987,4.794537184071822,4.794537184071822,0.0,0.0,24.26546827384644,47.17065083969925,17.139977557609967,12.673249032974528,13.948551074925216,33.3362587890717,0.0,0.0,0.0,0.0,12.426586145283864,82.71361274792454,0.0,5.749511833283905,15.679237876884368,5.687386274683562,5.749511833283905,0.0,13.016977270629038,0.0,0.0,10.357988675768818,75.94172587420289,0.0,21.74169278503663,0.0,68.53999999999999,5.625586319077987,9.589074368143644,0.0,5.907179729351506,22.583369741306704,16.158672643394386,6.06636706846161,31.37526581512397,36.39820241076966,5.316788604006331,9.154013890853395,10.487820052473662,0.0,24.021627888325913,5.553847388275495,1.11705694958529,0.2336321431694812,19.545413457109053,0.0,0.0,1.5406021210611065,0.0476190476190476,26,1,5,0,0,0,1,3,1,4,0,0,4,1,5,1,3,0,0,0,0,0,3.8937286941579625,4,4.207100000000002,100.93720000000005,0,0,0,0,0,0,0,0,0,0,1,1,0,0,0,0,1,0,0,0,0,0,0,0,0,0,0,1,0,1,0,0,0,0,3,0,2,0,0,0,0,1,0,0,0,0,0,0,0,0,0,0,0,0,0,1,0,0,0,0,0,0,0,0,0,0,0,0,0,0,0,0,0,0,0,0,0,0,0,0,0,0,0,0,0,CHEMBL1562444,COc1cc2ccccc2cc1C(=O)Nc1ccc2oc(=O)ccc2c1,2280.0,3.357934847000454,CHEMBL4374,Photoreceptor-specific nuclear receptor,0,Medium-Nonpolar-Aromatic-Rigid-Hydrophobic,Medium-Nonpolar-Aromatic-Rigid-Hydrophobic
12.072578026581002,12.072578026581002,0.1539602229780796,-0.1539602229780796,0.7454818793572044,10.7,369.265,360.193,367.92888162800006,102,0,0.2670491026366217,-0.4944377852964487,0.4944377852964487,0.2670491026366217,1.3,2.15,2.85,79.91873218004913,10.29877953257201,2.129969618386175,-1.9828658095175085,2.322678743331912,-2.090275446944413,9.108492341883338,0.1025799648770252,3.0324086815985942,1.894649533995439,781.623056305369,14.11251969619286,10.344922576312769,13.563912277282924,9.66903509559602,5.673889532239277,8.09988096365208,3.883916013755979,7.377579384957949,2.619336066109007,5.177799508279403,1.7364997008769114,3.8963023549603153,-1.44,61466.923976003505,13.53881875577223,5.511074944929786,2.561928186798974,131.09289772665898,4.736862953800049,11.266212550900168,5.131558479839333,0.0,5.907179729351506,0.0,10.111325788078153,4.983978520947208,0.0,11.336785877934735,17.403152946396347,40.19541217179579,0.0,20.473279869284653,9.53140013787187,59.85887449709502,0.0,4.983978520947208,0.0,0.0,12.426586145283864,38.99539775384607,0.0,5.749511833283905,10.05365155780638,5.131558479839333,5.749511833283905,38.60351565381882,18.000955791576246,0.0,0.0,9.671684377773122,34.118250560144766,0.0,10.216620634085364,0.0,51.22,0.0,4.794537184071822,0.0,5.907179729351506,15.758217506824538,14.00303585192208,22.67357175586947,13.176164609739144,24.26546827384644,26.230711022902888,4.736862953800049,7.164424881675964,6.154719608235346,17.124608987885278,3.3833267195767194,0.7663519883261947,0.552629624380617,9.330574693414247,0.0,0.0,1.6066968298389654,0.0769230769230769,20,1,4,0,0,0,1,1,2,3,0,0,5,1,7,2,3,0,0,0,0,0,3.73067224144409,3,4.3812000000000015,86.14420000000001,0,0,0,0,0,1,0,0,0,0,1,1,0,0,0,1,1,0,0,0,0,0,0,0,0,0,0,1,0,1,0,0,0,0,1,0,1,0,0,0,0,1,0,0,1,0,0,0,0,0,0,0,0,0,0,1,0,0,0,0,0,0,0,0,1,0,0,0,0,0,0,0,0,0,0,0,0,0,0,0,1,0,1,0,0,CHEMBL1539438,COc1cccc2sc(NC(=O)c3ccc(Br)s3)nc12,2947.0,3.469380135849925,CHEMBL2096976,Peroxisome proliferator-activated receptor gamma/Nuclear receptor corepressor 2,0,Medium-Nonpolar-Aromatic-Rigid-Hydrophobic,Medium-Nonpolar-Aromatic-Rigid-Hydrophobic
12.786837207105064,12.786837207105064,0.2511082766439907,-0.2511082766439907,0.5385242371636231,11.318181818181818,308.3620000000001,296.266,308.06194862399997,108,0,0.3020735921749896,-0.4485699005534935,0.4485699005534935,0.3020735921749896,1.0909090909090908,1.818181818181818,2.590909090909091,32.09199931242699,10.19541441294438,2.1386914630229623,-2.0570270179639327,2.244930101574572,-2.192981815549911,7.710007087208009,0.6558486145732049,2.883320387864328,2.128291129169689,1117.519806638342,15.267220234572113,11.790760620408555,12.607257201336282,10.647867045540844,6.886034448413207,7.29428273887707,5.208610119725647,5.5953084507926345,3.7200065508183817,4.004642809269402,2.605116360812032,2.895499034850703,-2.6599999999999993,188776.75243425329,13.034332481892523,4.676241544946573,1.826950476923783,130.18066756324183,9.401129458000554,11.099720859258504,4.771065770590158,5.583020141642242,0.0,5.559266895052007,9.361636831863176,0.0,0.0,0.0,29.828919765543436,43.40707891658376,5.386224214464796,5.687386274683562,4.417150937053347,34.28683865841224,0.0,9.551078168738565,0.0,6.923737199690624,0.0,69.21925788910386,0.0,5.687386274683562,5.559266895052007,0.0,0.0,12.217873443046695,9.551078168738565,0.0,11.694802970280785,5.563451491696996,57.742624668818046,0.0,27.756351490049106,0.0,50.93,0.0,4.794537184071822,0.0,11.142287036694247,15.87078662984866,16.637061980845353,4.567099647791355,0.0,55.4546737473835,4.983978520947208,16.63502438010004,7.525570436507936,5.376482426303855,15.906100954270595,0.8581075207860923,3.19515191750356,0.0,15.14282209463216,0.0,1.9957646499958008,0.0,0.0588235294117647,22,1,4,0,0,0,0,2,2,4,0,0,4,1,5,2,1,0,0,0,0,0,2.7705312301123817,4,4.102910000000003,89.23870000000004,0,0,0,0,0,2,1,0,0,0,0,0,0,0,0,1,1,0,0,0,0,1,0,0,0,0,0,0,0,0,1,0,0,0,2,0,3,0,0,0,0,0,1,0,0,0,0,0,0,0,0,0,0,0,0,0,0,0,0,0,0,0,0,0,1,0,0,0,0,0,0,0,0,0,0,0,0,0,0,0,0,0,0,0,0,CHEMBL1501734,Cc1ccc(-n2c(=S)[nH]c3c(oc4ccccc43)c2=O)cc1,4746.0,3.67632773388132,CHEMBL4374,Photoreceptor-specific nuclear receptor,0,Medium-Nonpolar-Aromatic-Rigid-Hydrophobic,Medium-Nonpolar-Aromatic-Rigid-Hydrophobic
10.271589662124924,10.271589662124924,0.0182320612154669,-0.8388822615496287,0.6832594370477352,15.125,380.3000000000002,365.1800000000002,379.03128846,124,0,0.2230274976317453,-0.4927151292140547,0.4927151292140547,0.2230274976317453,1.2083333333333333,2.0,2.75,35.539169392580014,10.04458923104494,2.2484930197619386,-2.263473202796871,2.391605205210717,-2.285970530565172,7.184698345204726,0.2490358487541632,2.933320099565862,1.6523696410728368,882.423081663843,16.681433796945207,12.745560358366095,15.073914831330733,11.614193540729628,7.67142026663385,9.360788408505544,5.8363068648653185,8.016193280536823,4.22168821190838,5.7227073694710695,3.11895260369477,4.577695569261976,-1.4,482495.9565373895,16.0892578125,6.483544590312358,2.9722132083408455,153.22930038421725,5.106527394840706,4.830396419620566,10.66067418824998,5.879988336435371,0.0,0.0,4.899909730850477,4.983978520947208,4.983978520947208,11.336785877934735,53.53371512277308,17.54772460632,24.511416411439026,5.386224214464796,5.106527394840706,44.75528629248513,0.0,14.867866772744891,0.0,24.346604125001218,6.544756405912575,52.16029001740326,0.0,5.879988336435371,0.0,0.0,5.879988336435371,34.538665658399765,26.519150573498173,19.51033443475116,0.0,26.664724365345272,30.33183534230805,0.0,10.216620634085364,0.0,49.25000000000001,4.836269690250055,5.106527394840706,0.0,11.704392834435298,0.0,41.83516296644609,10.440598685398296,11.336785877934735,6.06636706846161,39.133335046591334,23.20187978046503,0.0,13.272445804762398,12.015071013571426,11.028158592166076,2.461263571085,0.2346123376016051,10.446539203545218,0.8785834750566893,2.7188815577671397,0.0,0.2941176470588235,24,1,4,0,1,1,0,1,2,3,0,0,5,1,7,3,3,0,0,0,0,0,4.3464758521823015,4,4.431400000000004,97.7868,0,0,0,0,0,2,0,1,0,0,0,0,0,0,0,3,0,0,0,0,0,0,0,0,0,2,0,0,0,0,0,0,0,0,1,0,3,0,0,0,0,0,0,0,2,0,0,0,0,0,0,0,0,0,0,0,0,0,0,0,0,0,0,0,0,0,0,0,0,0,0,0,0,0,0,0,0,0,0,0,0,0,1,0,0,CHEMBL1348645,Oc1nc(C(Cl)Cl)nc2sc3c(c12)CCN(Cc1ccccc1)C3,2890.0,3.460897842756548,CHEMBL2093862,Runt-related transcription factor 1/Core-binding factor subunit beta,0,Medium-Nonpolar-Aromatic-Rigid-Hydrophobic,Medium-Nonpolar-Aromatic-Rigid-Hydrophobic
12.721393298059963,12.721393298059963,0.1988742441421014,-0.5713464243722177,0.4928941902618937,10.964285714285714,373.4080000000002,354.25600000000014,373.131408088,140,0,0.3389516197120794,-0.4653974126485869,0.4653974126485869,0.3389516197120794,0.8571428571428571,1.5357142857142858,2.2142857142857144,16.529684035199242,9.912299742511738,2.3180483086941885,-2.1911545518317403,2.435255495629183,-2.104487006386575,6.131724808707388,0.0557132372944454,3.1377022874600504,2.2530986974928924,1174.361267184252,19.83613433532446,15.85370944925167,15.85370944925167,13.578917360319547,8.865114653409968,8.865114653409968,6.498322508611559,6.498322508611559,5.042454489762889,5.042454489762889,3.811925082933362,3.811925082933362,-3.5999999999999988,3583758.0446453714,17.79591880228036,6.850325561856756,2.552096249340724,162.01762203805737,13.874420513861892,0.0,0.0,0.0,0.0,11.938610575903695,0.0,9.589074368143644,0.0,0.0,36.39820241076966,41.81319288016644,17.276995780926335,31.04042606079752,19.06280027574374,17.45531129351996,0.0,4.400694606261793,0.0,6.923737199690624,14.219595082555069,77.48450166285856,0.0,22.384282469939446,0.0,0.0,0.0,0.0,30.558900264720556,9.473725907600098,6.923737199690624,26.27942884323463,60.79414718776757,0.0,27.900983187555703,0.0,57.010000000000005,11.938610575903695,9.589074368143644,0.0,11.126902983393991,5.563451491696996,27.900983187555703,14.219595082555069,6.06636706846161,66.05221192525838,0.0,9.473725907600098,11.940068263416478,0.0,25.175223135550517,0.0,5.716548091458806,-1.1381406420592923,17.42567733266146,1.918212396069539,2.0168464191232047,2.6122316704459565,0.1304347826086956,28,0,5,1,1,2,0,1,1,2,0,0,5,0,5,2,3,0,0,0,0,0,4.3538513381424435,4,4.5927200000000035,106.87100000000004,0,0,0,0,0,1,0,0,0,0,2,2,0,0,0,1,0,0,0,0,0,0,0,0,0,0,0,0,0,0,1,0,0,0,1,0,3,0,0,0,2,2,0,0,0,0,0,0,0,0,0,0,0,0,0,2,0,0,0,0,0,0,0,0,0,0,0,0,0,0,0,0,0,2,0,0,0,0,0,0,0,0,0,0,0,CHEMBL1326814,COC(=O)c1cc2n3ccccc3c(C)c(-c3ccccc3)c-2c1C(=O)OC,185.5,2.268343913951065,CHEMBL4374,Photoreceptor-specific nuclear receptor,0,Medium-Nonpolar-Aromatic-Rigid-Hydrophobic,Medium-Nonpolar-Aromatic-Rigid-Hydrophobic
5.168992882468261,5.168992882468261,0.4821787603930463,0.4821787603930463,0.5134229553427173,11.3,287.38800000000003,270.25199999999995,287.10923316400005,104,0,0.1643510275532737,-0.4966877352375866,0.4966877352375866,0.1643510275532737,1.25,2.05,2.75,32.11695393132028,10.233711902146307,1.9993528143671335,-2.0679215860831808,2.1825767677769945,-2.0394224012233537,7.968343822097454,0.414807743789533,2.369967761953903,2.1741991220729786,620.5157944113673,14.535169427003234,11.713990692101492,12.608417883101408,9.562881945713372,6.206474167870862,6.65368776337082,4.436441796832808,4.8600485945827865,2.630561938011335,2.8423653368863246,1.8436786804657677,2.0752345118083064,-2.01,29484.768926468507,14.400182349791374,6.430988713064975,3.994834555833384,123.88171032647072,10.05365155780638,5.749511833283905,10.98551454741308,0.0,0.0,0.0,0.0,9.976383253582876,0.0,12.628789148012991,6.06636706846161,43.67639416492469,17.447681337993632,7.109797541277533,4.736862953800049,29.30168997010963,0.0,4.983978520947208,4.992404732635668,13.847474399381248,12.426586145283864,47.65558189731512,0.0,5.749511833283905,10.05365155780638,11.50524905251859,5.749511833283905,12.628789148012991,17.26142783180279,0.0,13.847474399381248,11.257379486545457,41.390607143405326,0.0,0.0,0.0,46.51,0.0,0.0,0.0,0.0,10.98551454741308,22.69427759451293,0.0,7.109797541277533,50.245676810150904,27.921961005602196,4.736862953800049,5.168992882468261,4.342831160241875,8.697548185941043,3.580368165784833,2.923613300513553,1.4199578241790545,11.496321286804692,0.0,3.9594025677304896,1.6331868485584211,0.2,20,1,4,0,0,0,0,1,1,2,0,0,3,2,5,1,3,0,0,0,0,0,4.63037050787929,2,3.7364400000000018,86.40870000000002,0,0,0,0,0,1,0,0,0,0,0,0,0,0,1,2,1,0,0,0,0,0,1,0,0,0,0,0,1,1,2,0,0,0,1,0,0,0,0,0,0,1,0,0,0,0,0,0,0,0,0,0,0,0,0,1,0,0,0,0,0,0,0,0,0,0,0,0,0,0,0,0,0,1,0,0,0,0,0,0,0,0,0,0,0,CHEMBL1379684,COc1cccc(NC(S)=Nc2cc(C)cc(C)n2)c1,1607.0,3.2060158767633444,CHEMBL2096976,Peroxisome proliferator-activated receptor gamma/Nuclear receptor corepressor 2,0,Medium-Nonpolar-Aromatic-Rigid-Hydrophobic,Medium-Nonpolar-Aromatic-Rigid-Hydrophobic
12.796434712774,12.796434712774,0.1567968159486019,-1.1242357690576483,0.782434615996579,14.821428571428571,379.5000000000001,350.26800000000014,379.214743788,148,0,0.3110187032207309,-0.4807705627314012,0.4807705627314012,0.3110187032207309,1.0357142857142858,1.6785714285714286,2.3214285714285716,16.368133912286243,9.797994459488914,2.384901872706849,-2.3153032358516974,2.338033695728059,-2.425520724362349,5.813157349543174,-0.1487678892667138,2.66391549179743,1.7900485543439917,867.9190411860823,20.311190308942127,16.91804623587743,16.91804623587743,13.26889407910888,9.97149513112988,9.97149513112988,8.424996757714515,8.424996757714515,5.766490388963215,5.766490388963215,3.856958834201123,3.856958834201123,-2.6199999999999997,1626981.058784297,20.122972455408043,8.173161596826187,4.435846113215311,166.52911168068266,10.423315998847038,0.0,0.0,5.907179729351506,0.0,5.969305287951848,9.589074368143644,0.0,0.0,0.0,48.02802097092827,68.7083040575639,0.0,17.877652921470748,14.69560176298435,11.876485017303354,0.0,5.316788604006331,5.414990469396779,58.917160542849885,0.0,70.28182693771626,0.0,0.0,5.316788604006331,0.0,0.0,0.0,16.98301241214406,28.85153923692167,12.338727669087405,60.5482159328662,42.46456947923127,0.0,0.0,0.0,66.4,17.426136586496586,14.69560176298435,0.0,12.328001352277514,0.0,29.531997720943007,23.968546229246012,13.847474399381248,37.255572541998674,17.449522740929552,0.0,0.0,0.0,24.648170635858577,12.694473763123447,4.486131055300654,-1.094615554682744,13.356690417381584,4.873572150045712,5.285577532972776,0.0,0.4166666666666667,28,2,4,1,0,1,1,2,0,2,1,0,2,2,4,0,6,0,0,0,0,1,5.873868060233292,3,4.3846200000000035,110.26750000000008,1,0,0,0,0,0,0,0,1,1,2,1,0,0,0,0,1,0,0,0,0,0,0,0,0,0,0,1,0,0,3,0,0,0,2,0,1,0,0,0,0,0,0,0,0,0,0,0,0,0,0,0,0,0,0,0,0,0,0,0,0,0,0,0,0,0,0,0,0,0,0,0,0,0,0,0,0,0,0,0,0,0,0,0,0,CHEMBL5271230,Cc1ccc(C(NC(=O)Cc2ccc3c(c2)CCCC3)C(C)(C)C(=O)O)cc1,17000.0,4.230448921378274,CHEMBL3038498,Keap1/Nrf2,0,Medium-Nonpolar-Aromatic-Rigid-Hydrophobic,Medium-Nonpolar-Aromatic-Rigid-Hydrophobic
12.199342088687326,12.199342088687326,0.0847468925841938,-0.0847468925841938,0.4363531852292007,11.08,349.4150000000001,334.29500000000013,349.08849772,124,0,0.2342955461061969,-0.4514886785666655,0.4514886785666655,0.2342955461061969,1.16,2.04,2.92,32.16654593647029,10.200102925522986,2.1409316374205143,-2.053251834112838,2.318222764084353,-2.1367972189492224,7.996553327580438,-0.1133573110748621,2.991542831465253,1.5355246586635387,1074.5969831247585,17.225403871315223,13.522431266284688,14.338927847212414,12.20350993820667,7.821053955345637,8.806652514999126,5.661105138373684,6.625153738630295,3.7671550472206112,4.737922985472413,2.659273958213855,3.390367246205723,-2.859999999999999,886307.3862210419,15.655142884809266,6.565194832002093,3.207144631247196,148.0147722672081,9.733939541059678,22.45300091269229,5.583020141642242,5.907179729351506,0.0,0.0,4.794537184071822,9.967957041894415,0.0,0.0,36.027353223237554,36.75265696523406,11.073610489148358,5.752853606746789,9.211688121125167,45.42541616879173,0.0,9.967957041894415,0.0,11.949697178359866,11.06964221075312,60.42170811415441,0.0,0.0,5.316788604006331,5.687386274683562,0.0,11.761884949391115,21.62799037799271,4.794537184071822,6.923737199690624,5.563451491696996,64.30136753818002,0.0,22.068965215365544,0.0,68.02000000000001,0.0,4.794537184071822,0.0,11.660033336098294,10.608980120311482,27.736782840103857,18.089205024155657,0.0,55.4546737473835,15.284745645900744,4.417150937053347,5.872326221007228,1.3397945011337864,20.788517994267902,4.511039165793856,4.056221578463573,0.1623765957000089,15.441658612116385,1.505046768707483,1.989685229476445,0.0,0.1052631578947368,25,1,5,0,0,0,1,2,2,4,0,0,5,1,6,2,4,0,0,0,0,0,4.111162526464165,4,4.415220000000002,99.8427,0,0,0,0,0,2,0,0,0,0,1,1,0,0,0,2,1,0,0,0,0,0,0,0,0,0,0,1,0,1,1,0,0,0,2,0,3,0,0,0,0,0,1,0,0,0,0,0,0,0,0,0,0,0,0,0,0,0,0,0,0,0,0,0,1,0,0,0,0,0,0,0,0,0,0,1,0,0,0,0,0,0,0,0,0,CHEMBL1431571,Cc1cccc(NC(=O)CSc2ncnc3c2oc2ccccc23)c1,3354.0,3.525563058270067,CHEMBL2096976,Peroxisome proliferator-activated receptor gamma/Nuclear receptor corepressor 2,0,Medium-Nonpolar-Aromatic-Rigid-Hydrophobic,Medium-Nonpolar-Aromatic-Rigid-Hydrophobic
12.598924669806705,12.598924669806705,0.0015437686144754,-0.6209740821514809,0.4544422778683781,10.733333333333333,398.4620000000001,376.2860000000002,398.163042564,150,0,0.3432602295979705,-0.4622460883396533,0.4622460883396533,0.3432602295979705,0.8333333333333334,1.4666666666666666,2.066666666666667,16.53244916808657,9.94847262697727,2.209391383092298,-2.097651827150654,2.4080372767389373,-2.1944089905359054,5.948216099818301,0.0524050208039247,3.118435012254415,1.9292312411686745,1238.6363264283589,21.087211190881018,16.86005488285365,16.86005488285365,14.596555450524589,9.84020515904603,9.84020515904603,6.9423287357812535,6.9423287357812535,4.986602963721944,4.986602963721944,3.665578083616047,3.665578083616047,-3.859999999999999,9496507.774118124,19.456155788753694,8.249939093792946,3.5738566402371847,173.9278520268307,14.704819995694464,5.563451491696996,0.0,0.0,5.559266895052007,5.969305287951848,4.794537184071822,4.794537184071822,0.0,0.0,60.6636706846161,37.10711151969846,16.82083097824245,17.99473795420984,9.53140013787187,5.969305287951848,0.0,9.967957041894415,0.0,13.847474399381248,6.606881964512918,94.40758838720863,0.0,33.6416619564849,5.559266895052007,0.0,0.0,0.0,22.54414429435918,4.736862953800049,6.923737199690624,22.9756538703079,77.59094200561115,0.0,33.6416619564849,0.0,74.95,11.528572183003856,9.589074368143644,0.0,12.170333456209914,5.693927994848461,33.6416619564849,6.06636706846161,12.990104268152232,67.58740788430673,9.967957041894415,4.736862953800049,4.967958243807741,0.0,30.969232294263023,0.0,6.0541286054647365,-0.6209740821514809,23.391368632504474,0.0,3.904952972778169,0.0,0.12,30,2,5,0,0,0,0,2,2,4,0,0,3,2,5,2,5,0,0,0,0,0,5.350403341885502,4,5.189120000000004,118.41490000000002,0,0,0,0,0,2,2,0,0,0,1,1,0,0,0,0,2,0,0,0,0,2,0,0,0,0,0,0,0,0,1,0,0,0,2,0,0,0,0,0,1,1,0,0,0,0,0,0,0,0,0,0,0,0,0,0,0,0,0,0,0,0,0,0,0,0,0,0,0,0,0,0,0,1,0,0,0,0,0,0,0,0,0,0,0,CHEMBL3291438,CCOC(=O)c1ccc(-c2c(C)[nH]c(-c3ccccc3)c2-c2ccccc2)[nH]c1=O,550.0,2.7403626894942437,CHEMBL5023,p53-binding protein Mdm-2,0,Medium-Nonpolar-Aromatic-Rigid-Hydrophobic,Medium-Nonpolar-Aromatic-Rigid-Hydrophobic
12.654212490551778,12.654212490551778,0.148671815948602,-0.9216150350304384,0.8132025126411542,15.48148148148148,365.47300000000007,338.2570000000001,365.199093724,142,0,0.3081576250211859,-0.4809679536332573,0.4809679536332573,0.3081576250211859,1.037037037037037,1.7037037037037035,2.3703703703703702,16.366694014331674,9.894656790116656,2.265178288732743,-2.232730708104936,2.2446479541684616,-2.360194067999944,5.802030313769248,-0.1420241614023091,2.659543571435273,1.7378329028406334,826.0171469521639,19.388540578131753,15.995396505067058,15.995396505067058,12.935560745775549,9.63217873365284,9.63217873365284,7.569727358141199,7.569727358141199,5.420071850771753,5.420071850771753,3.7199855398254305,3.7199855398254305,-2.6199999999999997,1196464.8237430148,19.15019199763646,8.380811585838725,4.760688829133731,160.164169566286,10.423315998847038,0.0,0.0,5.907179729351506,0.0,5.969305287951848,9.589074368143644,0.0,0.0,0.0,48.02802097092827,61.78456685787327,0.0,18.380568498235363,14.69560176298435,11.876485017303354,0.0,5.316788604006331,5.917906046161393,51.993423343159265,0.0,70.28182693771626,0.0,0.0,5.316788604006331,0.0,0.0,0.0,16.98301241214406,28.85153923692167,12.841643245852016,53.62447873317558,42.46456947923127,0.0,0.0,0.0,66.4,17.9290521632612,14.69560176298435,0.0,12.328001352277514,0.0,29.531997720943007,23.968546229246012,6.923737199690624,37.255572541998674,17.449522740929552,0.0,0.0,0.0,24.184189154377098,12.394705244604928,5.6360343807327045,-1.7784450941508123,13.388144380911438,4.897480212148219,3.611225054709765,0.0,0.391304347826087,27,2,4,1,0,1,1,2,0,2,2,0,2,2,4,0,6,0,0,0,0,0,5.944227813512136,3,3.994520000000003,105.65050000000004,1,0,0,0,0,0,0,0,1,1,2,1,0,0,0,0,1,0,0,0,0,0,0,0,0,0,0,1,0,0,3,0,0,0,2,0,1,0,0,0,0,0,0,0,0,0,0,0,0,0,0,0,0,0,0,0,0,0,0,0,0,0,0,0,0,0,0,0,0,0,0,0,0,0,0,0,0,0,0,0,0,0,0,0,0,CHEMBL5283445,Cc1ccc([C@@H](NC(=O)Cc2ccc3c(c2)CCCC3)[C@H](C)C(=O)O)cc1,51000.0,4.707570176097937,CHEMBL3038498,Keap1/Nrf2,0,Medium-Nonpolar-Aromatic-Rigid-Hydrophobic,Medium-Nonpolar-Aromatic-Rigid-Hydrophobic
12.189569475938525,12.189569475938525,0.134718915343915,-0.134718915343915,0.7599847833574668,10.333333333333334,314.797,303.70899999999995,314.0280616520001,104,0,0.26524750620203,-0.321297478501626,0.321297478501626,0.26524750620203,1.0476190476190477,1.8571428571428572,2.5714285714285716,35.49569170916162,10.268284923899516,2.105880308139684,-2.026473714937993,2.2659292780032296,-2.0918757531308088,7.169963909993644,0.1025805508763128,3.0044508687285836,1.7667477051556453,753.4628581779308,14.656489770562878,10.915177341333171,12.487602868279351,10.220346690612274,6.303886301861239,7.4983473557981934,4.339892016780258,5.860104753739068,2.849222765498432,4.207724642505858,1.8320073599188451,2.8361284530679383,-2.169999999999999,111284.86017770674,13.796676031583202,6.076175235863615,3.293894880227336,130.7851954079131,5.316788604006331,0.0,0.0,0.0,5.907179729351506,0.0,9.778515705019029,0.0,0.0,11.336785877934735,17.667306958694127,48.53093654769288,16.906863160037965,15.44822238225106,4.794537184071822,34.53229177220232,0.0,4.983978520947208,0.0,0.0,5.316788604006331,70.69392769521019,0.0,10.57107518854976,5.316788604006331,5.687386274683562,0.0,22.93772576816725,10.891158250298712,0.0,0.0,9.671684377773122,60.79414718776757,5.022633313741326,10.57107518854976,0.0,41.99,0.0,4.794537184071822,0.0,5.907179729351506,9.899780507442625,16.258461463233324,11.336785877934735,36.52867891392113,24.26546827384644,10.300767124953538,11.600939890232516,0.0,7.234667602277618,18.08234770400355,3.4829807017667425,1.588175037411149,-0.134718915343915,16.45239253751486,1.738599776814444,0.0,0.0,0.0,21,1,3,0,0,0,1,1,2,3,0,0,3,1,5,2,3,0,0,0,0,0,3.991953392397092,3,4.715800000000002,86.95520000000003,0,0,0,0,0,1,0,0,0,0,1,1,0,0,0,1,1,0,0,0,0,0,0,0,0,0,0,1,0,1,0,0,0,0,1,0,0,0,0,0,0,0,0,0,1,0,0,0,0,0,0,0,0,0,0,0,0,0,0,0,0,0,0,0,0,0,0,0,0,0,0,0,0,1,0,0,0,0,0,0,0,0,1,0,0,CHEMBL1431688,O=C(Nc1ccc(Cl)cc1)c1ccc(-c2ccccn2)s1,8836.0,3.946255707199397,CHEMBL4374,Photoreceptor-specific nuclear receptor,0,Medium-Nonpolar-Aromatic-Rigid-Hydrophobic,Medium-Nonpolar-Aromatic-Rigid-Hydrophobic
12.180660588309395,12.180660588309395,0.0482583401180083,-0.1799574829931969,0.8600397059211707,10.428571428571429,299.39500000000004,282.259,299.097999784,108,0,0.2551895717578398,-0.3209440866875706,0.3209440866875706,0.2551895717578398,0.9523809523809524,1.5714285714285714,2.238095238095238,32.166617136926554,10.17978660851027,2.1363689702442383,-2.107278259118869,2.2936717880180315,-2.1237237101520323,8.13386483873011,-0.1129915471939768,2.495471194508502,2.1695518295089125,638.2481846370233,15.242276208189782,11.998247563287851,12.814744144215576,10.075387400469408,6.747906125614376,7.564402706542102,4.892107171239465,5.938426649161026,2.853192240737791,4.101690394175317,1.6691436010736835,2.4972298187458297,-2.0699999999999994,57216.163547690936,15.321334547987698,7.086332056442077,4.1959314049835985,128.30922430660488,5.316788604006331,0.0,5.11527693018572,0.0,5.907179729351506,0.0,9.589074368143644,0.0,0.0,0.0,44.179309741689295,36.027353223237554,16.376841013376165,5.687386274683562,9.589074368143644,28.4717278836119,0.0,0.0,5.917906046161393,18.742957874899023,5.316788604006331,60.160755107851486,0.0,0.0,5.316788604006331,5.687386274683562,0.0,11.761884949391115,11.022456659537228,4.794537184071822,5.917906046161393,24.205463075150064,59.49278709167226,0.0,0.0,0.0,46.17,0.0,9.589074368143644,0.0,16.940362705698618,11.250837766380558,16.65736842490889,0.0,18.19910120538483,50.245676810150904,5.316788604006331,0.0,0.0,1.161857258335433,24.815473233676695,2.9391212102124804,1.2480020681111954,-0.2282158231112052,16.340553960896674,0.0,3.723208091878727,0.0,0.1764705882352941,21,1,3,0,0,0,1,2,0,2,0,0,3,1,4,0,4,0,0,0,0,0,5.170098293089462,2,4.213600000000003,86.53920000000004,0,0,0,0,0,0,0,0,0,0,2,2,0,0,0,0,1,0,0,0,0,0,0,0,0,0,0,1,0,1,0,0,0,0,2,0,0,0,0,0,0,0,0,0,0,0,0,0,0,0,0,0,0,0,0,0,0,0,0,0,0,0,0,0,1,0,0,0,0,0,0,0,0,0,0,1,0,0,0,0,0,0,0,0,0,CHEMBL3775936,CC(C)C(=O)Sc1ccccc1NC(=O)c1ccccc1,4600.0,3.662757831681574,CHEMBL2221344,Tumour suppressor protein p53/Mdm4,0,Medium-Nonpolar-Aromatic-Rigid-Hydrophobic,Medium-Nonpolar-Aromatic-Rigid-Hydrophobic
12.97472472425184,12.97472472425184,0.0607379062736206,-0.2025714915595873,0.7516496578189645,16.541666666666668,337.81000000000006,321.682,337.098189812,120,0,0.2770169676908218,-0.2952531831003663,0.2952531831003663,0.2770169676908218,1.0416666666666667,1.7083333333333333,2.375,35.495691551520494,9.986728771509297,2.4138388418814554,-2.260561191827836,2.418843193936008,-2.288644427424978,6.301218316507015,0.098849949513451,3.0852775497674636,1.8945019348099204,912.789888386036,16.844570503761737,13.37679237717964,14.132721323198096,11.558550648063802,7.765817141765085,8.143781614774312,6.062483821551078,6.498919602023063,4.4567227025316845,4.70869901787117,3.2380182008295133,3.364006358499256,-2.589999999999999,489744.6171398881,14.9681152310463,5.494379575938145,2.222161712951495,144.62141280317653,0.0,5.693927994848461,0.0,0.0,5.907179729351506,0.0,14.793128723223337,0.0,5.098681808301038,0.0,41.42985965577595,43.67639416492468,16.273471080121883,11.735768823996422,4.794537184071822,23.195505894267583,0.0,10.197363616602075,0.0,19.88931522852921,4.899909730850477,81.63178032622213,0.0,0.0,4.899909730850477,5.687386274683562,0.0,11.600939890232516,16.10454334595358,0.0,13.847474399381248,38.91458847800769,48.53093654769288,5.022633313741326,0.0,0.0,48.99,0.0,4.794537184071822,0.0,11.949020558499466,10.716561308589789,28.071668744623008,0.0,0.0,67.27832067792461,10.197363616602075,11.600939890232516,0.0,6.0291499079991135,14.792705638839898,7.791357824635993,5.374783623746918,-0.0607379062736206,15.399100389126843,0.0,3.951418299702631,0.0,0.1578947368421052,24,1,4,0,1,1,1,2,1,3,1,0,2,1,5,2,2,0,0,0,0,1,3.426687775656228,4,4.429740000000003,94.6082,0,0,0,0,0,2,1,0,0,0,1,1,0,0,0,2,1,0,0,0,0,1,0,0,0,0,0,1,0,1,2,0,0,0,2,0,1,0,0,0,0,0,0,0,1,0,0,0,0,0,0,0,0,0,0,0,0,0,0,0,0,0,0,0,0,0,0,0,0,0,0,0,0,0,0,0,0,0,0,0,0,0,0,0,0,CHEMBL1333839,Cc1ccc(N2C(=O)c3[nH]nc(C)c3C2c2ccc(Cl)cc2)cc1,1500.0,3.1760912590556813,CHEMBL1907611,Tumour suppressor p53/oncoprotein Mdm2,0,Medium-Nonpolar-Aromatic-Rigid-Hydrophobic,Medium-Nonpolar-Aromatic-Rigid-Hydrophobic
13.232810876798691,13.232810876798691,0.2825308641975308,-0.2825308641975308,0.5918946296082208,10.96,330.3660000000001,315.24600000000004,330.12807470000007,122,0,0.1653681176191375,-0.3830135483273456,0.3830135483273456,0.1653681176191375,0.88,1.56,2.28,19.14214308544522,9.987991047671146,2.1323033234550173,-2.109951517237582,2.3323052594756937,-1.9839426025580411,6.004220779971825,0.6277919651780667,2.6220319538052492,2.01068417536676,1057.4734687625664,17.388540578131753,13.570458220594988,13.570458220594988,12.11419354072963,7.858567020875129,7.858567020875129,5.885491092809472,5.885491092809472,4.135893512888487,4.135893512888487,2.817180502109743,2.817180502109743,-3.34,701026.4631693715,15.203127655333953,5.941723295025522,2.803000821840221,143.75656822053529,5.733667477162185,17.962403693645463,5.647177220767728,0.0,0.0,0.0,0.0,19.34235061051644,0.0,0.0,29.828919765543436,48.382475525392664,5.563451491696996,11.080152209313257,4.39041504767482,16.85126421306755,0.0,14.951935562841625,0.0,6.923737199690624,5.733667477162185,72.30529602366194,0.0,22.384282469939446,5.733667477162185,10.208277825509848,0.0,0.0,14.951935562841625,0.0,12.74095804073652,5.563451491696996,60.924623690919034,0.0,33.41768390517197,0.0,64.69,0.0,4.39041504767482,0.0,5.817220841045894,17.158967993451217,22.076578689555785,24.023505703384757,12.13273413692322,37.255572541998674,14.951935562841625,5.733667477162185,13.232810876798691,0.0,12.961418615655628,0.7196432770639121,11.212836160686088,0.1051831380700429,16.32973255193313,1.4008230452674897,2.0375523345250146,0.0,0.05,25,2,4,0,0,0,0,2,2,4,0,0,4,1,5,2,2,0,0,0,0,0,3.6133111098777793,4,4.388520000000002,97.3124,0,0,0,1,0,3,0,0,0,0,0,0,0,0,0,3,0,1,0,0,0,0,0,0,0,0,0,0,0,1,1,0,0,0,2,0,1,0,0,0,0,0,0,0,1,0,0,0,0,0,0,0,0,0,0,0,0,0,0,0,0,0,0,0,0,0,0,0,0,0,0,0,0,1,0,0,0,0,0,0,0,0,0,0,0,CHEMBL1384281,Cc1ccc(-c2cc(-c3ccc(F)cc3)nc3ncnc(N)c23)cc1,177.87,2.2501027050646263,CHEMBL4374,Photoreceptor-specific nuclear receptor,0,Medium-Nonpolar-Aromatic-Rigid-Hydrophobic,Medium-Nonpolar-Aromatic-Rigid-Hydrophobic
11.51139242698406,11.51139242698406,0.053859580091091,-3.2435596807593563,0.8017336881136432,11.666666666666666,319.41100000000006,306.307,319.04491865600005,108,0,0.2319455176319066,-0.2835668246188227,0.2835668246188227,0.2319455176319066,1.1904761904761905,1.9523809523809523,2.619047619047619,32.23324362103901,10.193155141795351,2.0874262463006654,-2.055250794094607,2.2896276254621553,-2.1382432702862677,7.921778847441671,0.6021245252973259,2.9134429545298635,1.898620385968494,837.6303284375247,14.872032720186706,11.2759790183693,12.908972180224753,10.071611424142256,6.397215974114985,8.865977781362867,4.429533763627978,7.418024737622571,2.951658720089185,5.286680032668878,1.8259007739477904,3.378323163049177,-1.99,86890.52267589865,13.968746554585984,5.418995714627846,3.0335033300803453,126.29034339441704,0.0,15.354720834089594,0.0,10.023291153407584,0.0,0.0,4.722094864452088,18.385754026223353,0.0,0.0,11.336785877934735,43.32193961046029,17.447681337993636,5.752853606746789,8.417796984328938,37.394560443262705,0.0,9.967957041894415,0.0,6.923737199690624,10.474948471198877,42.595045982382736,0.0,10.57107518854976,4.722094864452088,5.687386274683562,0.0,11.336785877934735,24.138607632970142,10.023291153407584,0.0,6.923737199690624,42.595045982382736,0.0,20.91817232578659,0.0,71.95,10.023291153407584,8.417796984328938,0.0,5.752853606746789,5.687386274683562,20.91817232578659,11.336785877934735,25.25331490822692,24.26546827384644,14.690051906346504,0.0,25.538848251549375,1.5130014251070796,9.68148523636957,0.8690728405559757,2.3662452158064537,0.053859580091091,10.95939553535423,1.7429758017889332,1.602009127469986,-3.2435596807593563,0.1428571428571428,21,1,5,0,0,0,0,1,2,3,0,0,5,1,7,2,4,0,0,0,0,0,3.604598938953521,3,3.1199000000000012,85.93450000000001,0,0,0,0,0,2,0,0,0,0,0,0,0,0,0,2,1,0,0,0,0,0,0,0,0,0,0,0,0,1,0,0,0,0,1,0,1,0,0,0,0,0,0,0,0,0,0,0,0,0,0,0,0,0,0,0,0,0,0,0,0,0,0,0,0,0,0,0,0,0,0,0,0,1,0,0,1,0,0,0,1,0,0,0,0,CHEMBL1453190,CCS(=O)(=O)Nc1ccc(-c2nc3cccnc3s2)cc1,12809.0,4.107515225651465,CHEMBL2093862,Runt-related transcription factor 1/Core-binding factor subunit beta,0,Medium-Nonpolar-Aromatic-Rigid-Hydrophobic,Medium-Nonpolar-Aromatic-Rigid-Hydrophobic
12.026109097622095,12.026109097622095,0.1370902446375586,-0.4427431139110085,0.6766795279269342,14.37037037037037,368.41700000000014,356.3210000000001,368.061948624,128,0,0.2884444188040181,-0.4967671782580816,0.4967671782580816,0.2884444188040181,1.037037037037037,1.851851851851852,2.592592592592593,32.16658009127448,10.013580765828776,2.3557011597478184,-2.0905901497685404,2.4563008029067954,-1.9296382612782033,7.992113252054851,-0.1132686942753106,3.1877924952071943,1.6777513076369388,1247.7831896478765,18.543241116511005,14.31532448509814,15.131821066025866,13.207039898056808,8.371633008066699,9.188129588994425,6.244349828839479,7.359704900489891,4.838150610356676,5.921927566843503,3.6448853569995014,4.58712759691588,-3.359999999999999,3163896.8026631214,15.860768993949495,5.831181284738235,2.2385080662680603,159.34462872667785,4.736862953800049,17.391837676145446,0.0,0.0,5.907179729351506,0.0,4.794537184071822,4.992404732635668,5.261891554738487,0.0,36.027353223237554,41.281511048469845,26.313747187266607,12.821482544048235,9.53140013787187,39.72630264051218,5.261891554738487,0.0,4.992404732635668,9.79096695103555,7.109797541277533,71.29731112961775,0.0,11.81873314607618,4.736862953800049,0.0,5.749511833283905,11.761884949391115,18.728662273399745,4.794537184071822,11.33111286753076,11.126902983393991,74.95377982989498,0.0,16.34555295899886,0.0,62.45,5.907179729351506,10.056428738810308,0.0,5.5731045300692665,11.28478953283997,37.43983019664304,0.0,18.871682490668647,54.600157860485155,11.05877180109728,4.736862953800049,5.2196885134954005,1.673197935038213,18.389617200659977,11.55125794064241,3.282976153128085,0.382472295723038,20.0147579199436,0.0,0.0,1.6526987080359403,0.0454545454545454,27,0,4,1,1,2,1,3,0,3,0,0,4,0,5,1,3,0,0,0,0,0,3.425445159965733,5,4.619680000000004,105.14200000000002,0,0,0,0,0,0,0,0,0,0,1,1,0,0,1,2,0,0,0,0,0,0,0,0,0,0,1,1,0,0,0,0,0,0,3,0,3,0,0,0,0,1,0,0,0,0,0,0,0,0,0,0,0,0,0,1,0,1,0,0,0,0,0,0,0,0,0,0,0,0,0,0,0,0,0,0,0,0,0,0,0,0,0,0,0,CHEMBL1672077,COc1ccc(Sc2ccc3c4c(cccc24)C2=NC(=O)C(C#N)=C23)cc1,388.0,2.5888317255942073,CHEMBL4361,Induced myeloid leukemia cell differentiation protein Mcl-1,0,Medium-Nonpolar-Aromatic-Rigid-Hydrophobic,Medium-Nonpolar-Aromatic-Rigid-Hydrophobic
12.113419154698915,12.113419154698915,0.1027119289073652,-0.1027119289073652,0.8788486956179424,14.761904761904765,281.31100000000004,266.191,281.10519334,106,0,0.2558883180057354,-0.4966240390213545,0.4966240390213545,0.2558883180057354,1.0476190476190477,1.8571428571428572,2.619047619047619,16.47584381719491,10.03316149460798,2.2323108450366864,-2.077472517989237,2.3463143567335223,-2.0324182263752144,6.34519136282584,-0.1103254833772541,2.83453355316918,2.082349778590907,734.5651214919948,14.819626477379408,11.843547024908595,11.843547024908595,10.223876650462412,6.571603426715358,6.571603426715358,4.6656013186362575,4.6656013186362575,3.450545870121472,3.450545870121472,2.3754288902377954,2.3754288902377954,-2.7499999999999996,95778.8887615866,13.243141289437586,5.324074074074074,2.3576584022038567,122.55624845449611,14.790514511606428,11.49902366656781,0.0,0.0,5.907179729351506,0.0,4.794537184071822,0.0,0.0,0.0,18.19910120538483,24.27512131221871,28.45376085660843,14.219595082555069,14.26826309167192,23.243690640938215,0.0,0.0,0.0,0.0,19.536383686561397,53.59147246262526,0.0,11.49902366656781,14.790514511606428,5.687386274683562,11.49902366656781,0.0,20.12677481190657,4.794537184071822,0.0,11.126902983393991,42.46456947923127,0.0,11.649124636903148,0.0,47.56,0.0,4.794537184071822,0.0,5.907179729351506,17.072128196637077,16.814289258077554,0.0,20.285962151016676,42.47422251760354,5.316788604006331,9.473725907600098,10.544097269506722,0.0,12.113419154698915,2.8550154320987655,3.2044625272948686,1.2762739355001265,13.139212915678462,1.8327777777777776,0.0,3.201407654111027,0.1176470588235294,21,1,4,0,1,1,1,2,0,2,0,0,3,1,4,1,3,0,0,0,0,0,3.3574983427806933,3,3.1965000000000012,82.48870000000004,0,0,0,0,0,0,0,0,0,0,1,1,0,0,0,0,1,0,0,0,0,0,0,0,0,0,0,1,0,1,0,0,0,0,2,0,1,0,0,0,0,2,0,0,0,0,0,0,0,0,0,0,0,0,0,2,0,0,0,0,0,0,0,0,1,0,0,0,0,0,0,0,0,0,0,0,0,0,0,0,0,0,0,0,0,CHEMBL514709,COc1ccc(/C=C2/C(=O)Nc3ccccc32)c(OC)c1,3300.0,3.5185139398778875,CHEMBL387,MCF7,0,Medium-Nonpolar-Aromatic-Rigid-Hydrophobic,Medium-Nonpolar-Aromatic-Rigid-Hydrophobic
14.466579979213904,14.466579979213904,0.0477102229780803,-4.7483255385487535,0.4099246630080045,12.0,375.28100000000006,366.2090000000001,375.063089408,136,0,0.417945192263956,-0.2900062583990656,0.417945192263956,0.2900062583990656,1.0,1.7407407407407407,2.4444444444444446,19.413205206943587,10.043736619377045,2.3474695035170714,-2.206802841685439,2.379491677583717,-2.2761915834169586,5.897102118179557,-0.1360211135647058,2.595437105062526,2.3439172284348886,1274.2270708956262,19.344570503761737,13.341583817481558,13.341583817481558,12.76987551346899,7.680928699467756,7.680928699467756,5.780687585001457,5.780687585001457,4.11467690484664,4.11467690484664,3.0360767257491204,3.0360767257491204,-3.489999999999999,1161045.4300157754,16.9505644098346,5.763338207440752,2.673787663668236,147.42532429911975,0.0,5.817220841045894,5.824404497999927,0.0,5.559266895052007,11.86604191564695,14.345615352810384,9.184952231746642,18.155223663971668,0.0,24.26546827384644,24.26546827384644,5.386224214464796,22.330989975693814,17.56166019069928,10.902924932081056,0.0,14.53505668968577,0.0,6.176298517443475,0.0,80.7496935418349,0.0,17.075242264380485,11.24901029325548,17.56166019069928,0.0,0.0,14.53505668968577,6.176298517443475,5.817220841045894,5.563451491696996,58.12001091583653,0.0,27.97816719646154,0.0,67.75,34.32268186105811,27.15073455884292,0.0,22.46146647884528,0.0,16.699833784714574,36.39820241076966,0.0,4.983978520947208,4.983978520947208,0.0,56.174054941421005,0.0,29.472879779226503,0.0477102229780803,-3.705933956916099,-1.1936498488284193,9.703264400667674,-4.7483255385487535,0.0,0.0,0.0555555555555555,27,1,5,0,2,2,0,2,0,2,0,0,4,1,9,2,1,0,0,0,0,0,3.6182161296624136,4,3.336700000000002,89.54270000000001,0,0,0,0,0,3,1,0,0,0,0,0,0,0,0,2,1,0,0,0,0,1,0,0,0,3,0,0,0,0,0,0,0,0,2,0,2,0,0,0,0,0,0,0,4,0,0,0,0,0,0,0,0,0,0,0,0,0,0,0,0,0,0,0,2,0,0,0,0,0,0,0,0,1,0,0,0,0,0,0,0,0,0,0,0,CHEMBL225454,O=c1nc2n(-c3ccccc3F)c3c(C(F)(F)F)cccc3cc-2c(=O)[nH]1,19600.0,4.292256071356476,CHEMBL5023,p53-binding protein Mdm-2,0,Medium-Nonpolar-Aromatic-Rigid-Hydrophobic,Medium-Nonpolar-Aromatic-Rigid-Hydrophobic
12.255246371326818,12.255246371326818,0.2471882611069116,-0.2471882611069116,0.6111426307851455,11.041666666666666,338.38800000000003,324.27600000000007,338.072513308,120,0,0.2869084427565809,-0.4966855425602675,0.4966855425602675,0.2869084427565809,1.25,2.1666666666666665,2.9583333333333335,32.13347372712474,10.155093435420827,2.1369624812450136,-2.00948908211209,2.2526570853481327,-2.211103280822443,7.094349383541856,0.0925173502010448,3.257133950965963,1.638767690329802,1021.54239566974,16.518297090128677,12.906115692058966,13.722612272986693,11.724677988261847,7.416967865058859,8.296620676313754,5.314072955733728,6.346318138095481,3.7378525019952114,4.614239866686823,2.5121226205523928,3.1566868830585606,-2.859999999999999,648218.5132514911,14.714631276130884,5.975026266184956,2.7177176007728465,141.42592276081476,14.470802494859726,5.749511833283905,5.7602474188744415,5.713496644793708,5.907179729351506,0.0,4.794537184071822,4.983978520947208,0.0,11.336785877934735,6.06636706846161,35.711898112773966,21.7159626910925,19.17125466480637,13.948551074925216,39.2466113986258,0.0,10.300767124953538,0.0,6.544756405912575,7.109797541277533,58.482026862272924,0.0,5.749511833283905,10.05365155780638,0.0,5.749511833283905,11.336785877934735,18.000955791576246,6.544756405912575,0.0,15.431931796647564,52.261783186750534,0.0,22.00264579133956,0.0,64.36,0.0,4.794537184071822,0.0,11.667427148225949,12.258253050706283,26.915808173531055,0.0,24.512950487673876,41.778265181235575,10.300767124953538,9.154013890853395,10.83214424895532,1.6006431457633723,17.822996120634524,6.597887943977446,1.2071948071902985,0.7446151863020765,13.261212701496444,0.0,0.4862581429112813,1.6137143694359048,0.1111111111111111,24,1,5,0,0,0,1,1,3,4,0,0,5,1,6,3,4,0,0,0,0,0,3.663346182171195,4,3.981100000000003,93.55620000000005,0,0,0,0,0,1,0,0,0,0,1,1,0,0,0,1,1,0,0,0,0,0,0,0,0,0,0,1,0,0,0,0,0,0,1,0,2,0,0,0,0,1,1,0,0,0,0,0,0,0,0,0,0,0,0,1,0,0,0,0,0,0,0,0,0,0,0,0,0,0,0,0,0,1,0,0,0,0,0,0,0,0,1,0,0,CHEMBL1376894,COc1ccc2cc3cc(C(=O)NCc4cccs4)oc3nc2c1,10691.0,4.029018329546481,CHEMBL4374,Photoreceptor-specific nuclear receptor,0,Medium-Nonpolar-Aromatic-Rigid-Hydrophobic,Medium-Nonpolar-Aromatic-Rigid-Hydrophobic
12.520911359914336,12.520911359914336,0.0226915627362058,-4.423642518722942,0.6986390031308142,13.16,369.3680000000001,355.25600000000014,369.0758823480001,132,0,0.4220666871121063,-0.6086940396422965,0.6086940396422965,0.4220666871121063,1.24,2.0,2.72,32.22788276740322,10.192365047516128,2.2883855448774044,-2.1358482061763353,2.252793758458623,-2.196721980796748,7.90023735331338,-0.1530928026156139,2.988021819464695,1.7731962752944586,849.4325983042299,18.02673325856595,13.13138065893004,13.947877239857766,11.832318457408352,7.304696737135415,8.623628630122237,5.333599388923824,6.700016916242618,3.5012010016891044,4.661481821643061,2.250194648732407,3.350261551780102,-2.26,462333.6281039528,17.559419292901637,6.927854211900839,4.232158038627393,143.9829291516583,9.289612827490412,5.749511833283905,12.359735571259709,0.0,0.0,11.332734999264185,9.967957041894415,0.0,18.155223663971668,0.0,12.13273413692322,25.122838405075452,22.93614953669536,16.727329430080985,22.46085797051487,22.209255908617813,0.0,14.951935562841625,0.0,24.009325805701593,6.606881964512918,47.78605840046659,0.0,5.749511833283905,4.736862953800049,13.17124514302446,5.749511833283905,0.0,32.28786591848838,16.928708080132076,6.923737199690624,11.257379486545457,41.68511539574183,0.0,11.033401435232523,0.0,73.86,23.95903495534168,17.723995016714824,0.0,11.502365440030694,21.930516685982425,5.516700717616262,12.263210640074686,12.990104268152232,18.19910120538483,14.951935562841625,4.736862953800049,54.224850193478126,-1.5135515216889226,11.348480677471477,0.2953823643654996,2.282647949292972,0.0957758303938867,8.622884192931332,-3.0864628135075227,0.2022153494853711,0.0,0.25,25,1,5,0,0,0,0,1,2,3,1,0,4,1,9,2,5,0,0,0,0,0,4.865963876274458,3,3.515220000000001,86.73010000000004,0,0,0,0,0,3,1,0,0,0,0,0,0,0,0,2,1,0,0,0,0,1,0,0,0,3,0,0,0,0,0,0,0,0,1,0,1,0,0,0,0,1,0,0,3,0,0,1,0,0,0,0,0,0,0,0,0,0,0,0,0,0,0,0,2,0,0,0,0,0,0,0,0,1,0,0,0,0,0,0,0,0,0,0,0,CHEMBL1201863,Cc1c(OCC(F)(F)F)ccnc1C[S@@+]([O-])c1nc2ccccc2[nH]1,3300.0,3.5185139398778875,CHEMBL4523350,NAD(+) hydrolase SARM1,0,Medium-Nonpolar-Aromatic-Rigid-Hydrophobic,Medium-Nonpolar-Aromatic-Rigid-Hydrophobic
11.645679012345678,11.645679012345678,0.2468865740740742,-0.2468865740740742,0.7751408171936265,16.894736842105264,257.3329999999999,238.18099999999995,257.141578848,100,0,0.3360209161753072,-0.4227094912374102,0.4227094912374102,0.3360209161753072,1.1578947368421053,1.9473684210526316,2.736842105263158,16.39198476256102,10.054524659355664,2.130935439064874,-2.2620403487344065,2.210184740937535,-2.290383702608044,5.8036342093529365,0.221041191717615,2.4061207651298413,2.004073013432895,638.7292587703481,13.242276208189782,11.315751940305477,11.315751940305477,9.220346690612276,6.979993265241794,6.979993265241794,5.427095426199307,5.427095426199307,3.826284433362678,3.826284433362678,2.8308454318732688,2.8308454318732688,-1.61,29826.273004549512,12.42515659805608,5.174544530806688,2.7098135880805345,112.38800389273538,4.417150937053347,5.583020141642242,0.0,0.0,0.0,5.625586319077987,4.899909730850477,4.794537184071822,0.0,0.0,18.050640183084617,50.551078885988005,17.997347688838982,0.0,4.417150937053347,10.969244356107035,0.0,4.899909730850477,0.0,32.730958474381225,13.08951281182515,45.81249476039024,0.0,0.0,5.625586319077987,0.0,0.0,0.0,17.989422542675626,6.544756405912575,6.923737199690624,30.389367852172025,33.47715639497161,0.0,10.969244356107035,0.0,33.45,0.0,4.794537184071822,0.0,5.625586319077987,5.583020141642242,30.58394492389952,24.825916360475023,6.06636706846161,12.13273413692322,17.89001399900271,4.417150937053347,5.27238882590073,0.0,14.07628086419753,1.074234693877551,2.7421898883010005,0.0,7.634573648904006,3.851276271310993,5.182389140841521,0.0,0.4375,19,0,3,0,1,1,0,1,1,2,0,0,3,0,3,2,2,0,1,1,0,0,3.38392242730988,3,3.087320000000002,76.34900000000003,0,0,0,0,0,0,0,0,0,0,0,0,0,0,0,1,0,0,0,0,1,0,0,0,0,0,0,0,0,0,1,0,0,0,1,0,1,0,0,0,0,0,0,0,0,0,0,0,0,0,0,0,0,0,0,0,0,0,0,0,0,0,0,0,0,0,0,0,0,1,0,0,0,0,0,0,0,0,0,0,0,0,0,0,0,CHEMBL1398736,Cc1ccc2oc(=O)cc(CN3CCCCC3)c2c1,7542.0,3.8774865280696016,CHEMBL4374,Photoreceptor-specific nuclear receptor,0,Medium-Nonpolar-Aromatic-Rigid-Hydrophobic,Medium-Nonpolar-Aromatic-Rigid-Hydrophobic
11.374328231292516,11.374328231292516,0.2062037037037041,-0.987679516250944,0.7767603771437814,10.789473684210526,318.12600000000003,310.062,316.968755216,94,0,0.3359575527670446,-0.4776216410221773,0.4776216410221773,0.3359575527670446,1.263157894736842,2.1052631578947367,2.789473684210526,79.91873110833245,10.07196575813193,2.13827510914382,-2.053418912909974,2.2685541267548124,-1.99667737526721,9.103021734752543,0.0698754268629659,2.9081171377709683,2.3381687083174234,765.7120544001068,13.405412915006313,9.630340129264251,11.216336668378958,9.147867045540844,5.524479122777621,6.317477392334974,3.998981499589241,4.914657028380931,2.7747658186945725,3.2680174574116125,1.9254720389778608,2.286557299435342,-2.1399999999999992,36046.11192267115,11.922863157563292,4.512098560693943,2.125535800844382,116.37238467459728,9.523678331894054,5.693927994848461,5.7602474188744415,0.0,0.0,5.969305287951848,0.0,9.778515705019029,0.0,0.0,15.929943897949348,36.39820241076966,9.85894373029721,17.34331520495231,14.318215515965877,32.802174117982254,0.0,4.983978520947208,0.0,0.0,0.0,52.69753641393813,0.0,11.454175413722902,0.0,0.0,0.0,15.929943897949348,16.059811203739763,0.0,0.0,10.357988675768818,51.55123585929448,0.0,22.35710034580396,0.0,63.33,5.969305287951848,9.901064578912528,0.0,5.563451491696996,22.35710034580396,4.472719515832414,12.329530064100666,24.26546827384644,6.06636706846161,20.91392241889655,4.417150937053347,6.077095983455111,3.333706183862434,15.7982634164777,9.91661328420257,1.337428193499623,-0.4392362292139069,10.361811276979928,1.5309845574032082,0.0,0.0,0.0,19,1,4,0,0,0,0,1,2,3,0,0,3,1,5,2,2,0,0,0,0,0,2.8314280890837984,3,3.9555000000000016,74.10430000000002,0,0,0,0,1,1,0,0,1,1,1,0,0,0,0,1,0,0,0,0,0,0,0,0,0,0,0,0,0,0,0,0,0,0,1,0,1,0,0,0,0,0,1,0,1,0,0,0,0,0,0,0,0,0,0,0,0,0,0,0,0,0,0,0,0,0,0,0,0,0,0,0,0,1,0,0,0,0,0,0,0,0,0,0,0,CHEMBL1393131,O=C(O)c1cc(-c2ccco2)nc2ccc(Br)cc12,1382.0,3.14050804303818,CHEMBL2096976,Peroxisome proliferator-activated receptor gamma/Nuclear receptor corepressor 2,0,Medium-Nonpolar-Aromatic-Rigid-Hydrophobic,Medium-Nonpolar-Aromatic-Rigid-Hydrophobic
12.192022742369062,12.192022742369062,0.1078543795336726,-0.3788214915595869,0.5517566183886297,10.51851851851852,351.40900000000005,334.273,351.137162164,130,0,0.2658290063503874,-0.3575365272932063,0.3575365272932063,0.2658290063503874,0.7777777777777778,1.4074074074074074,2.0,16.138157928206923,9.948786756809511,2.198086745263695,-2.0914363112161976,2.407553054607248,-2.0994104481247904,5.938860428422196,1.1999817546676657,3.061675075255885,2.0293878659221862,1196.1047157901276,18.80275414050485,14.783665116239334,14.783665116239334,13.185871848001629,8.659781750550788,8.659781750550788,6.333661954198758,6.333661954198758,4.611709266737513,4.611709266737513,3.384034014231943,3.384034014231943,-3.8399999999999994,2448850.1921926667,16.618911988328705,6.813721064128088,2.960072148213043,156.31548014995562,9.967957041894415,11.63267280448927,0.0,0.0,5.559266895052007,0.0,4.794537184071822,0.0,5.261891554738487,0.0,60.6636706846161,30.183374320007832,16.82083097824245,11.387855989696922,0.0,0.0,5.261891554738487,9.967957041894415,0.0,6.923737199690624,0.0,94.40758838720862,0.0,39.710883269277176,5.559266895052007,0.0,0.0,0.0,9.967957041894415,0.0,18.254850067221383,11.257379486545457,77.59094200561115,0.0,33.6416619564849,0.0,72.44,0.0,4.794537184071822,0.0,11.122718386749003,5.693927994848461,33.6416619564849,0.0,12.13273413692322,49.39116092325256,34.23342531574085,5.261891554738487,0.0,0.0,18.54040071855954,9.043692414046363,6.456129133879857,0.0,25.468970304060974,0.0,1.9908074294532627,0.0,0.0434782608695652,27,2,4,0,0,0,0,2,2,4,0,0,2,2,4,2,3,0,0,0,0,0,4.193949284361707,4,4.884100000000004,107.17340000000004,0,0,0,0,0,2,2,0,0,0,0,0,0,0,0,1,2,0,0,0,0,2,0,0,0,0,0,0,0,0,1,0,0,0,2,0,0,0,0,0,0,0,0,0,0,0,0,0,0,0,0,0,0,0,0,0,0,1,0,0,0,0,0,0,0,0,0,0,0,0,0,0,0,1,0,0,0,0,0,0,0,0,0,0,0,CHEMBL3291437,Cc1[nH]c(-c2ccccc2)c(-c2ccccc2)c1-c1ccc(C#N)c(=O)[nH]1,570.0,2.7558748556724915,CHEMBL5023,p53-binding protein Mdm-2,0,Medium-Nonpolar-Aromatic-Rigid-Hydrophobic,Medium-Nonpolar-Aromatic-Rigid-Hydrophobic
6.111876305312453,6.111876305312453,0.4461196145124722,0.4461196145124722,0.6007372721818915,10.875,312.37600000000003,296.24800000000005,312.13749651200004,116,0,0.1653681174991157,-0.3830135483273611,0.3830135483273611,0.1653681174991157,0.8333333333333334,1.5833333333333333,2.3333333333333335,14.955732034730826,9.993679978816344,2.128347492449204,-2.1074987058954555,2.329405985180542,-1.98266681219354,6.003862322087808,1.188790319920091,2.622626964182135,2.0281577802780135,1008.8950446625396,16.518297090128677,13.269844016775387,13.269844016775387,11.720346690612276,7.758901181847556,7.758901181847556,5.744623471763105,5.744623471763105,4.065460910774299,4.065460910774299,2.8054447416532255,2.8054447416532255,-3.2699999999999996,495697.477246137,14.330389548880872,5.738429803057256,2.4794903695671824,139.59103281760906,5.733667477162185,12.14518285259957,5.647177220767728,0.0,0.0,0.0,0.0,14.951935562841625,0.0,0.0,60.160755107851486,24.117007251546223,5.563451491696996,11.080152209313257,0.0,16.85126421306755,0.0,14.951935562841625,0.0,6.923737199690624,5.733667477162185,72.55444225107765,0.0,22.384282469939446,5.733667477162185,5.817862777835028,0.0,0.0,14.951935562841625,0.0,6.923737199690624,5.563451491696996,66.99099075938065,0.0,33.41768390517197,0.0,64.69,0.0,0.0,0.0,0.0,11.465039998602755,27.770506684404243,11.890771566461538,0.0,18.19910120538483,59.3562637208163,10.717645998109392,0.0,0.0,13.154866409144006,0.7912608129671622,11.930555987189289,0.4461196145124722,20.483463542696946,1.456707818930041,2.070359147893419,0.0,0.05,24,2,4,0,0,0,0,2,2,4,0,0,4,1,4,2,2,0,0,0,0,0,3.426413936529926,4,4.249420000000003,97.3544,0,0,0,1,0,3,0,0,0,0,0,0,0,0,0,3,0,1,0,0,0,0,0,0,0,0,0,0,0,1,1,0,0,0,2,0,1,0,0,0,0,0,0,0,0,0,0,0,0,0,0,0,0,0,0,0,0,0,0,0,0,0,0,0,0,0,0,0,0,0,0,0,0,1,0,0,0,0,0,0,0,0,0,0,0,CHEMBL1575389,Cc1ccc(-c2cc(-c3ccccc3)c3c(N)ncnc3n2)cc1,177.89,2.2501515351166117,CHEMBL4374,Photoreceptor-specific nuclear receptor,0,Medium-Nonpolar-Aromatic-Rigid-Hydrophobic,Medium-Nonpolar-Aromatic-Rigid-Hydrophobic
13.01407870621976,13.01407870621976,0.1230005196523058,-4.694270863265722,0.7626864027090241,11.36,347.296,335.2000000000001,347.08816128399997,128,0,0.4511738195111444,-0.4381597880136831,0.4511738195111444,0.4381597880136831,1.08,1.84,2.56,19.4132660406544,10.209320369381052,2.354703334980056,-2.118419751891774,2.3314161098122823,-2.1151040483891848,5.885715505331706,-0.1444821775841284,2.5339258741185744,2.045341452703969,941.8145443972106,18.02673325856595,12.963619344472333,12.963619344472333,11.825518406134815,7.222463810445096,7.222463810445096,5.17835429653309,5.17835429653309,3.1907349318137395,3.1907349318137395,2.2042953713643847,2.2042953713643847,-3.1599999999999997,362688.4121402139,16.689201612539975,6.386237244897959,3.8487386448398953,140.0258198843164,10.05365155780638,5.749511833283905,0.0,17.6115725637868,0.0,6.176298517443475,4.794537184071822,4.983978520947208,18.155223663971668,0.0,18.19910120538483,24.26546827384644,18.677490542835795,10.902924932081056,22.702645280896327,22.49749093611613,0.0,9.967957041894415,0.0,13.100035717134098,5.316788604006331,54.3553410456928,0.0,11.629500169719275,10.05365155780638,18.858631417708025,11.629500169719275,0.0,15.87513677124592,10.970835701515297,0.0,12.748141697690553,48.53093654769288,0.0,10.902924932081056,0.0,64.11,12.000703015443404,17.96578232709628,0.0,23.053380616687043,11.073610489148358,0.0,19.056471336613843,36.39820241076966,0.0,15.284745645900744,4.736862953800049,44.58952164398052,0.0,18.160012382031685,2.9196971581842615,0.5807843469177802,-1.5237623293246476,12.536403326603317,-4.694270863265722,1.3482810015394793,0.0,0.1176470588235294,25,1,5,0,0,0,1,2,1,3,0,0,4,1,8,1,3,0,0,0,0,0,4.263248037024555,3,4.399300000000002,85.35970000000002,0,0,0,0,0,2,0,0,0,0,1,1,0,0,0,2,1,0,0,0,0,0,0,0,0,3,0,1,0,1,0,0,0,0,2,0,1,0,0,0,0,1,0,0,3,0,0,0,0,0,0,0,0,0,0,0,0,0,0,0,0,0,0,0,1,0,0,0,0,0,0,0,0,0,0,0,0,0,0,0,0,0,0,0,0,CHEMBL1320035,CC(=O)Nc1cccc(Oc2nc(C(F)(F)F)nc3ccccc23)c1,18672.0,4.271190838701295,CHEMBL4374,Photoreceptor-specific nuclear receptor,0,Medium-Nonpolar-Aromatic-Rigid-Hydrophobic,Medium-Nonpolar-Aromatic-Rigid-Hydrophobic
12.60082873169844,12.60082873169844,0.046414871504157,-0.2395134164777024,0.7479227068369124,23.76,376.2830000000002,357.13100000000014,375.0792842080001,130,0,0.2487276371613259,-0.3611787236901047,0.3611787236901047,0.2487276371613259,1.0,1.76,2.44,35.49678427511295,9.922078546992545,2.40546744783526,-2.414833561597841,2.4274948469888673,-2.46095517919192,6.3043109634526955,-0.1585375324065297,3.4153567328356904,1.7442529807146303,773.5205504674377,17.388540578131753,13.698919208278216,15.210777100315129,12.114193540729628,8.536215741345124,9.29214468736358,6.7724747909388165,7.645346351882786,4.869813560936228,5.356886979063452,3.4244419160746102,3.7491575281594263,-1.5499999999999996,1136029.6179027387,16.893676945122408,6.986799011094744,3.688761945267616,157.03780538719278,9.636772684650529,12.71084835226122,0.0,5.907179729351506,0.0,0.0,4.794537184071822,0.0,0.0,0.0,47.46734805431147,54.151920549253845,16.590023033395227,6.041840829147961,9.53140013787187,29.10905950981654,0.0,4.899909730850477,5.917906046161393,24.98745046274828,13.151638370425491,69.70310615856953,0.0,0.0,0.0,0.0,0.0,23.20187978046503,23.95872783062748,9.53140013787187,5.917906046161393,36.114353446142275,48.53093654769288,10.045266627482652,0.0,0.0,29.54,0.0,4.794537184071822,0.0,24.65986891076069,15.963172673644046,17.671659389306566,12.84164324585202,0.0,53.43084627854336,0.0,27.938742734265084,5.977940365961199,12.239326424720996,14.582947968281962,1.3485665207441009,2.0174281934996228,0.6546199889420783,15.196307533594844,2.148992084488116,0.8894264753226397,0.0,0.35,25,0,3,1,1,2,1,2,0,2,2,0,2,0,5,1,4,1,1,2,0,0,4.721309014957413,4,5.044600000000004,98.77500000000003,0,0,0,0,0,0,0,0,0,0,1,1,0,0,0,1,0,0,0,0,0,0,0,0,0,0,0,1,0,0,0,0,0,0,2,0,0,0,0,0,0,1,0,0,2,0,0,0,0,0,0,0,0,0,0,0,1,0,0,0,0,0,0,0,0,0,0,0,0,0,0,0,0,0,0,0,0,0,0,0,0,0,0,0,0,CHEMBL2347385,O=C1CO[C@@H](c2cccc(Cl)c2)[C@@H](c2ccc(Cl)cc2)N1CC1CC1,1800.0,3.255272505103306,CHEMBL5023,p53-binding protein Mdm-2,3,Medium-Nonpolar-Aromatic-Rigid-Hydrophobic,Medium-Nonpolar-Aromatic-Rigid-Hydrophobic
12.184130326143311,12.184130326143311,0.3360969387755106,-0.4478137860082298,0.6811503610951133,10.12,353.8090000000001,337.6810000000001,353.093104432,126,0,0.3244974681089874,-0.4850170323722444,0.4850170323722444,0.3244974681089874,0.96,1.72,2.52,35.49569186726823,10.219754480388785,2.1027135338155603,-2.12311228016044,2.236711465172779,-2.2040780715157813,6.333385570185819,0.2612999814909686,2.636721119894143,1.6597594838733056,856.0527586590256,17.484916895309066,13.276984660898972,14.032913606917424,12.220346690612276,7.664640412627768,8.042604885636994,5.183389085167058,5.590589211907664,3.361846402920554,3.6914346239605993,2.1599010120333206,2.3428799467396773,-3.0499999999999994,623384.1540498529,16.795446105970598,8.168232713967686,4.713775432682592,150.17318166501312,10.05365155780638,6.606881964512918,11.567374611118932,0.0,0.0,6.031114512338072,5.316788604006331,9.778515705019029,0.0,0.0,54.06550936946378,29.828919765543436,6.196843571613076,10.710019588424888,9.53140013787187,29.137303455089175,0.0,4.983978520947208,0.0,6.606881964512918,10.633577208012662,83.51296613012913,0.0,5.749511833283905,15.370440161812713,16.299786236590414,5.749511833283905,11.600939890232516,11.01509303328528,6.606881964512918,0.0,5.563451491696996,72.9268813246908,5.022633313741326,0.0,0.0,63.25,6.031114512338072,4.794537184071822,0.0,0.0,28.88427616405674,5.563451491696996,0.0,42.595045982382736,30.33183534230805,15.61755572895987,16.337802844032566,5.766953717701073,6.037319517467563,16.349201502762106,5.81746421990872,1.543679332231822,0.8228207147056359,19.80756912070995,1.5838154901878447,0.382287495436395,0.0,0.0526315789473684,25,2,5,0,0,0,2,2,1,3,0,0,3,2,6,1,5,0,0,0,0,0,5.487564493138809,3,4.958000000000003,99.1044,0,0,0,0,0,1,0,0,0,0,1,1,0,0,0,1,2,0,0,0,0,0,0,0,0,0,0,2,0,2,0,0,0,0,2,0,0,0,0,0,0,1,0,0,1,0,0,0,0,0,0,0,0,0,0,0,0,0,0,0,0,0,0,0,1,0,0,0,0,0,0,0,0,1,0,0,0,0,0,0,0,0,0,0,1,CHEMBL201450,O=C(Nc1ccccc1Cl)Nc1ncccc1OCc1ccccc1,592.0,2.77232170672292,CHEMBL1949,Cyclophilin A,0,Medium-Nonpolar-Aromatic-Rigid-Hydrophobic,Medium-Nonpolar-Aromatic-Rigid-Hydrophobic
13.825109424428208,13.825109424428208,0.0782095616024185,-3.6267175689720337,0.8863653936924627,21.136363636363637,364.82200000000006,353.7340000000001,363.980620332,118,0,0.1847894518430833,-0.3852629298932347,0.3852629298932347,0.1847894518430833,1.3636363636363635,2.0454545454545454,2.636363636363636,35.49569222276702,10.075876803807192,2.3940688814737925,-2.0692387449957814,2.4834111223297155,-2.0885256976726927,7.924791766097536,0.0909927542196378,2.8685797163476288,2.2894335749680654,840.9631710460467,16.231686328639373,11.30795830351777,13.696880411391676,10.180559115991947,6.3241962690395335,9.41006886103474,5.206116588835691,8.874170816085815,3.5128857692819637,6.874340049152598,2.637684687844666,5.449872745525584,-1.02,82167.59739506147,15.859752401338886,5.263251057900124,2.5576317897772793,134.63676706674642,5.106527394840706,22.30204180182657,9.837253136417502,0.0,0.0,0.0,0.0,17.198627079678577,0.0,11.336785877934735,11.600939890232516,29.32600418877882,28.139822805577033,0.0,22.305154474519284,32.774978904584756,0.0,0.0,0.0,22.905642583706683,6.255769183511404,40.16585834356604,0.0,10.440598685398296,0.0,8.78083009534964,0.0,22.93772576816725,25.951768958191337,16.25807475934351,5.817220841045894,17.230869371142294,22.40828038290691,5.022633313741326,10.440598685398296,0.0,54.370000000000005,27.93011576072199,22.305154474519284,0.0,21.216085605886413,16.00405017709529,23.65892212990775,12.13273413692322,0.0,0.0,0.0,11.600939890232516,51.08509612255395,6.7331818949287525,0.4268750000000005,10.091090622462978,0.8795605001259772,-0.5686115835222985,3.825305138259007,-2.1513356813919,0.0,-3.6267175689720337,0.2857142857142857,22,1,3,1,0,1,0,1,1,2,2,0,4,1,8,1,2,0,0,0,0,0,3.794266300199133,3,3.538700000000002,81.39260000000002,0,1,1,0,0,0,0,0,0,0,0,0,0,0,0,0,0,0,0,0,0,0,0,0,0,1,0,0,0,0,0,0,0,0,1,0,1,0,0,0,0,0,0,0,3,0,0,0,0,0,0,0,0,0,0,0,0,0,0,0,0,0,0,0,0,0,0,0,0,0,0,0,0,0,0,0,0,1,0,0,0,0,1,0,0,CHEMBL5395791,CS(=O)(=O)c1sc(-c2cc(F)cc(Cl)c2)c2c1[C@H](O)[C@@H](F)C2,660.0,2.8195439355418688,CHEMBL3885518,Aryl hydrocarbon receptor nuclear translocator/Endothelial PAS domain-containing protein 1,0,Medium-Nonpolar-Aromatic-Rigid-Hydrophobic,Medium-Nonpolar-Aromatic-Rigid-Hydrophobic
13.067601708378824,13.067601708378824,0.2066947751322752,-1.5911056390148652,0.7514190288000053,18.25925925925926,374.827,359.7070000000001,374.0822054,132,0,0.2569164272906899,-0.3629560743662386,0.3629560743662386,0.2569164272906899,1.0,1.6666666666666667,2.3333333333333335,35.49569170686051,9.933783228291148,2.4905644368471487,-2.346686303411404,2.427329422628022,-2.4372118750552083,6.3010820427375,-0.0542425767230492,2.920002146121128,1.81720120329437,1054.9209304663882,19.01829709012867,14.263163561435023,15.01909250745348,13.035060499380458,8.427399408628036,8.805363881637263,6.424714838555871,6.861150619027856,4.8393063697358505,5.091282685075336,3.45846567201656,3.5844538296863027,-3.1299999999999986,1952850.7152914724,17.292166771076165,6.5486903445604945,2.779025593535172,161.41096426647576,5.106527394840706,0.0,5.724985593970254,0.0,5.907179729351506,0.0,9.6944469149223,0.0,5.261891554738487,0.0,54.06550936946378,35.89528683400505,28.257744194744888,11.63267280448927,9.901064578912528,17.508119619584022,5.261891554738487,4.899909730850477,0.0,12.269741999882829,0.0,105.63629559376568,0.0,6.069221312792274,0.0,0.0,0.0,11.600939890232516,15.913616855042688,12.269741999882829,11.33111286753076,32.6117946425568,72.79640482153933,5.022633313741326,0.0,0.0,64.33,5.724985593970254,9.901064578912528,0.0,12.45193613526408,27.27643928052931,5.563451491696996,4.899909730850477,72.79640482153933,0.0,6.069221312792274,16.862831444971,0.0,5.998833665781358,14.514313726519411,21.223802697055763,1.3660237106673956,-0.243139146090535,22.961248348712104,0.0,0.2066947751322752,0.0,0.0909090909090909,27,1,4,0,1,1,1,3,0,3,1,0,3,1,5,1,3,0,0,0,0,1,4.1941127988991225,4,4.061080000000003,101.9233,0,1,0,0,0,0,0,0,0,0,1,1,0,0,0,2,0,0,0,0,0,0,0,0,0,0,0,1,0,0,0,0,0,0,3,0,1,0,0,0,0,0,0,0,1,0,0,0,0,0,0,0,0,0,0,0,0,1,0,0,0,0,0,0,0,0,0,0,0,0,0,0,0,0,0,0,0,0,0,0,0,0,0,0,0,CHEMBL1688143,N#Cc1ccc(CN2C(=O)c3ccccc3C2(O)c2ccc(Cl)cc2)cc1,6000.0,3.7781512503836434,CHEMBL5023,p53-binding protein Mdm-2,0,Medium-Nonpolar-Aromatic-Rigid-Hydrophobic,Medium-Nonpolar-Aromatic-Rigid-Hydrophobic
9.818645124716554,9.818645124716554,0.0669048143948933,-0.0669048143948938,0.7040716661898213,10.545454545454543,290.362,272.21799999999996,290.130679816,110,0,0.157195454643337,-0.5042529334741527,0.5042529334741527,0.157195454643337,0.5454545454545454,0.9090909090909092,1.2727272727272727,16.302932983997437,9.943680848541163,2.0986570954269723,-2.119624902574471,2.3055600460472756,-1.972783756536139,5.481550757042637,0.4024019539844256,2.5410669470296257,1.9524646127886929,682.9208370248771,15.363596551749426,12.236843983648525,12.236843983648525,10.720346690612276,7.337494901298223,7.337494901298223,5.434383282238969,5.434383282238969,3.771587436619913,3.771587436619913,2.6240200869446877,2.6240200869446877,-2.7399999999999993,140226.23840488287,14.207946359590396,6.353802517229506,3.286973273070033,129.86394326481027,10.213054789681411,0.0,11.49902366656781,0.0,0.0,0.0,0.0,0.0,0.0,0.0,60.6636706846161,47.22818334956322,0.0,0.0,10.213054789681411,0.0,0.0,0.0,0.0,12.84164324585202,0.0,95.05021078832732,0.0,11.49902366656781,0.0,0.0,11.49902366656781,0.0,10.213054789681411,12.84164324585202,0.0,22.253805966787983,72.79640482153933,0.0,0.0,0.0,40.46,0.0,10.213054789681411,0.0,11.49902366656781,0.0,23.96854622924601,11.126902983393991,12.13273413692322,36.39820241076966,24.26546827384644,0.0,0.0,0.0,0.0,19.637290249433107,4.43010099101369,-0.1338096287897872,23.600452307466195,1.465966080876795,0.0,0.0,0.1,22,2,2,0,0,0,0,3,0,3,0,0,2,2,2,0,4,0,0,0,0,0,4.1033856974648755,3,4.279400000000003,88.26760000000004,0,0,0,0,0,0,0,2,0,0,0,0,0,0,0,0,0,0,0,0,0,0,0,0,0,0,0,0,0,0,0,0,0,0,3,0,0,0,0,0,0,0,0,0,0,0,0,0,0,0,0,0,0,0,0,0,0,0,0,0,0,0,0,0,0,2,2,0,0,0,0,0,0,0,0,0,0,0,0,0,0,0,0,0,0,CHEMBL481409,Oc1cc(Cc2ccccc2)c(Cc2ccccc2)cc1O,600.0,2.7781512503836434,CHEMBL612545,Unchecked,0,Medium-Nonpolar-Aromatic-Rigid-Hydrophobic,Medium-Nonpolar-Aromatic-Rigid-Hydrophobic
14.30244457042076,14.30244457042076,0.2929596560846559,-0.2929596560846559,0.654885085071007,13.08695652173913,325.77400000000006,312.66999999999996,325.07820331600004,114,0,0.1321006152553699,-0.2983705020788849,0.2983705020788849,0.1321006152553699,1.1304347826086956,1.9565217391304348,2.782608695652174,35.495691516895576,9.99725369716973,2.217744010930393,-2.1355102213236856,2.2888026920599693,-2.0938677545745863,6.311332801429217,0.6249752927082103,2.821626551789749,2.0274961737508224,943.1897985853424,15.97432701575866,12.423478667221884,13.179407613240338,11.147867045540844,7.278037783613419,7.656002256622646,5.438311999982631,5.874747780454614,3.993996020046735,4.229093122834474,2.9534561817997314,3.125559205752598,-2.459999999999999,280153.6570741006,14.152613321456492,5.317520490200393,2.2630539582639715,137.6374907255098,0.0,11.64162533904582,0.0,0.0,0.0,0.0,9.559504380427022,9.374393568622027,0.0,0.0,23.733674027155736,37.255572541998674,16.149536297135317,29.834599249828376,4.39041504767482,17.312624893003218,0.0,9.551078168738565,4.992404732635668,13.4684936056032,0.0,82.14650268187395,0.0,5.687386274683562,0.0,4.39041504767482,0.0,11.600939890232516,15.262763171509263,6.544756405912575,12.74095804073652,22.645235476242377,53.653817783480015,5.022633313741326,5.687386274683562,0.0,30.18,0.0,4.39041504767482,0.0,5.817220841045894,22.8425262141216,22.769170259228943,6.06636706846161,12.13273413692322,41.9531486929415,9.976383253582876,11.600939890232516,16.347094356261024,6.18967972271213,9.011775163769212,0.5916737528344673,3.786895156210633,0.5760737381372304,12.252464289213629,1.8070545162509448,2.3817337490551775,0.0,0.1111111111111111,23,0,3,0,1,1,0,2,1,3,0,0,3,0,5,2,1,0,0,0,0,0,3.272035275075128,4,4.324220000000002,89.05400000000004,0,0,0,0,0,2,0,0,0,0,0,0,0,0,1,3,0,0,0,0,0,0,0,0,0,0,0,0,0,0,1,0,0,0,2,0,3,0,0,0,0,0,0,0,2,0,0,1,0,0,0,0,0,0,0,0,0,0,0,0,0,0,0,0,0,0,0,0,0,0,0,0,0,0,0,0,0,0,0,0,0,0,0,0,0,CHEMBL655,Cc1ncc2n1-c1ccc(Cl)cc1C(c1ccccc1F)=NC2,61.8,1.790988475088816,CHEMBL340,Cytochrome P450 3A4,0,Medium-Nonpolar-Aromatic-Rigid-Hydrophobic,Medium-Nonpolar-Aromatic-Rigid-Hydrophobic
10.260321948223734,10.260321948223734,0.0,-0.0379934334845046,0.7341888957437872,19.38095238095238,303.78899999999993,285.6449999999999,303.10260649599996,110,0,0.1652122593273758,-0.5042440066336673,0.5042440066336673,0.1652122593273758,1.0952380952380951,1.9047619047619049,2.7142857142857144,35.45300096216618,9.76734975059624,2.3349299834688217,-2.3940722240924894,2.492947057663064,-2.3502205697917753,5.853347449500001,0.2276692604592586,2.4631265003213434,1.322499301183712e-06,714.176562926493,13.853006672199015,11.835311035661135,12.651807616588863,9.664703797946451,7.027584591388392,7.027584591388392,5.796320610555605,5.796320610555605,4.7210801572903,4.7210801572903,3.674353573309836,3.674353573309836,-1.71,59831.80581930575,14.236666634308785,4.9337382114321455,1.9190778942463795,129.8029400176304,10.213054789681411,0.0,11.49902366656781,0.0,0.0,0.0,4.899909730850477,0.0,0.0,12.407033161179976,24.26546827384644,48.2094882637788,18.150048726757532,0.0,10.213054789681411,12.407033161179976,0.0,4.899909730850477,0.0,18.88348407499998,13.592428388589765,47.02218981739904,0.0,22.6259266499618,0.0,0.0,11.49902366656781,12.407033161179976,28.70539290912165,12.84164324585202,0.0,22.732195304238942,30.33183534230805,0.0,11.126902983393991,0.0,43.7,0.0,10.213054789681411,0.0,23.906056827747783,6.041840829147961,36.07675412685558,11.126902983393991,6.06636706846161,6.06636706846161,30.146682918912497,0.0,0.0,0.0,2.387577475434618,20.059119583018393,5.707817460317461,-0.0217188681027962,10.195637518896447,1.9392568972033255,1.069959372637944,2.162350560594608,0.2941176470588235,21,2,3,1,1,2,0,2,0,2,1,0,3,2,4,1,0,0,0,0,0,0,3.344761246529063,4,3.271700000000003,85.23460000000001,0,0,0,0,0,0,0,2,0,0,0,0,0,0,0,1,0,0,0,1,0,0,0,0,0,0,0,0,0,0,0,0,0,0,2,0,2,0,0,0,0,0,0,0,1,0,0,0,0,0,0,0,0,0,0,0,0,0,0,0,0,0,0,0,0,2,2,0,0,0,0,0,0,0,0,0,0,0,0,0,0,0,0,0,0,CHEMBL1380684,CN1CCc2cccc3c2[C@@H]1Cc1ccc(O)c(O)c1-3.Cl,3103.0,3.491781775584166,CHEMBL1293263,M18 aspartyl aminopeptidase,0,Medium-Nonpolar-Aromatic-Rigid-Hydrophobic,Medium-Nonpolar-Aromatic-Rigid-Hydrophobic
13.819692932728646,13.819692932728646,0.0435286753590324,-3.771602589338204,0.8885700348777072,20.304347826086957,362.39400000000006,349.29,362.025820936,124,0,0.2774935265962605,-0.3820058704326892,0.3820058704326892,0.2774935265962605,1.2608695652173914,1.8695652173913044,2.4347826086956523,32.2432564806144,9.871133350107518,2.4715660117861904,-2.285008835276793,2.504676016609382,-2.3171624709295293,7.92478114065504,-0.1219192728791993,2.839276530418047,2.2699248542319417,854.8374166056764,16.991199352633217,12.015065084704318,13.648058246559769,10.610008898075858,6.784923914176086,9.492832033162063,5.55349907926145,8.785117526039594,3.838865772826281,6.982102162460926,2.7290445978905913,5.338179459683283,-1.3800000000000003,128323.94206877406,16.476813461230996,5.321843856444541,2.7899969762538364,134.8639783571876,5.106527394840706,16.130366406316277,9.837253136417502,0.0,5.922529168094576,0.0,0.0,21.589042127353395,0.0,11.336785877934735,12.13273413692322,29.68045874324322,23.11718949183571,0.0,26.695569522194106,21.17403901435224,0.0,0.0,0.0,29.07731797921698,6.255769183511404,41.20959209828632,0.0,10.440598685398296,0.0,13.17124514302446,0.0,11.336785877934735,25.702622730775623,16.25807475934351,5.817220841045894,23.651690994068304,28.47464745136852,0.0,10.440598685398296,0.0,54.370000000000005,34.10179115623228,26.695569522194106,0.0,16.193452292145086,16.00405017709529,17.59255506144614,24.26546827384644,0.0,0.0,0.0,0.0,64.3653784276056,0.8419274376417231,0.4814583333333337,9.969865100361131,0.730092120181407,-3.8174082866171153,5.3651986489040056,-1.8315758587385575,0.0,-3.771602589338204,0.3333333333333333,23,1,3,1,0,1,0,1,1,2,1,0,4,1,8,1,2,0,0,0,0,0,3.812479499671083,3,3.572600000000002,81.05060000000002,0,1,1,0,0,0,0,0,0,0,0,0,0,0,0,0,0,0,0,0,0,0,0,0,0,2,0,0,0,0,0,0,0,0,1,0,1,0,0,0,0,0,0,0,3,0,0,0,0,0,0,0,0,0,0,0,0,0,0,0,0,0,0,0,0,0,0,0,0,0,0,0,0,0,0,0,0,1,0,0,0,0,1,0,0,CHEMBL5433232,CS(=O)(=O)c1sc(-c2ccc(F)cc2)c2c1[C@H](O)C(F)(F)CC2,110.0,2.041392685158225,CHEMBL3885518,Aryl hydrocarbon receptor nuclear translocator/Endothelial PAS domain-containing protein 1,0,Medium-Nonpolar-Aromatic-Rigid-Hydrophobic,Medium-Nonpolar-Aromatic-Rigid-Hydrophobic
12.126273935500128,12.126273935500128,0.1112906273620557,-0.269971182917611,0.7896174338883407,10.523809523809524,296.351,284.255,296.061948624,104,0,0.2569427927266513,-0.2977182262616205,0.2977182262616205,0.2569427927266513,1.0952380952380951,1.8095238095238095,2.5714285714285716,32.133540402160484,10.139015162489814,2.091484923841586,-2.044481684374586,2.1534999532592662,-2.1327326867466,7.132973581744888,0.1022078842313938,2.476931132596602,1.9266124836956529,869.3294137670871,14.819626477379408,11.290760620408555,12.107257201336282,10.131030293135234,6.412427650663229,7.228924231590955,4.643774121914948,5.605387410112464,3.069551810948008,3.8615587507780176,1.946442280058543,2.692338883695069,-2.5299999999999994,74833.04337800854,13.452934264138138,5.456571264837257,2.8250696517678504,124.64345128107522,0.0,0.0,5.131558479839333,4.742486093904846,5.907179729351506,0.0,14.905862972149976,4.983978520947208,0.0,0.0,41.16570564347817,31.18920547353706,5.563451491696996,10.902924932081056,4.794537184071822,33.27844901920663,0.0,4.983978520947208,0.0,6.923737199690624,5.316788604006331,69.19486280906354,0.0,0.0,10.059274697911178,5.131558479839333,0.0,11.336785877934735,10.891158250298712,0.0,6.923737199690624,15.921440167465814,53.3254737317647,0.0,10.902924932081056,0.0,59.06,0.0,9.589074368143644,0.0,10.649665823256353,21.597934903617386,16.900237369631732,0.0,30.33183534230805,25.122838405075452,10.300767124953538,0.0,-0.1112906273620557,0.9343456842613588,28.421345619668138,3.5542136114980636,2.204352597775668,-0.269971182917611,14.31030382806627,0.0,1.9567004690101732,0.0,0.0625,21,1,4,0,0,0,1,2,1,3,0,0,4,1,5,1,2,0,0,0,0,0,3.49556640635432,3,3.217220000000001,85.02220000000001,0,0,0,0,0,1,0,0,0,0,1,1,0,0,0,1,1,0,0,0,0,0,0,0,0,0,0,1,0,1,1,0,0,0,2,0,1,0,0,0,0,0,0,0,0,0,0,0,0,0,0,0,0,0,0,0,0,0,0,0,0,0,0,0,1,0,0,0,0,0,0,0,0,0,0,0,0,0,0,0,0,0,0,0,0,CHEMBL1600749,Cc1ccc(C(=O)Nc2nc3ccccc3c(=O)s2)cc1,2710.0,3.432969290874406,CHEMBL2096976,Peroxisome proliferator-activated receptor gamma/Nuclear receptor corepressor 2,0,Medium-Nonpolar-Aromatic-Rigid-Hydrophobic,Medium-Nonpolar-Aromatic-Rigid-Hydrophobic
9.3764361782187,9.3764361782187,0.462576601755895,0.462576601755895,0.4688025072291772,10.89655172413793,375.43500000000006,358.29900000000004,375.1483955440001,138,0,0.1731045225688186,-0.3575354112382607,0.3575354112382607,0.1731045225688186,0.896551724137931,1.5862068965517242,2.2758620689655173,15.251445860014904,9.951023254014007,2.217580788125543,-2.1026562643893616,2.415942619270238,-1.971982214955924,5.943233261103634,0.94652739386485,3.354380529173777,1.866287520662934,1355.4505446753335,19.794317972067567,15.794407881464972,15.794407881464972,14.275188245478668,9.342875778063116,9.342875778063116,6.842586757461363,6.842586757461363,5.090262551532424,5.090262551532424,3.819680318480128,3.819680318480128,-4.169999999999999,10387523.602214552,16.96428341700466,6.77079580621311,2.7019634538666604,167.46021999447544,4.983978520947208,11.63267280448927,5.647177220767728,0.0,0.0,0.0,0.0,9.49937641456283,10.360573363039524,0.0,60.6636706846161,24.117007251546223,23.017674549855528,17.584699561309996,0.0,5.647177220767728,5.261891554738487,19.582036743811074,0.0,6.923737199690624,0.0,90.38110438284932,0.0,39.710883269277176,0.0,0.0,0.0,0.0,19.582036743811074,0.0,18.254850067221383,11.257379486545457,79.12372489630386,0.0,39.28883917725263,0.0,69.77,0.0,5.261891554738487,0.0,0.0,11.210628712464723,39.33558995133336,0.0,16.909085036841773,42.46456947923127,52.32506563652479,0.0,1.745972222222222,0.0,7.948441459534533,13.817935611325275,8.394666076434657,0.0,24.73198398485469,3.2963383408919125,2.0646623047367094,0.0,0.0416666666666666,29,1,5,0,0,0,0,2,3,5,0,0,4,1,5,3,3,0,0,0,0,0,3.960748241905715,5,5.238500000000005,113.09770000000002,0,0,0,0,0,4,1,0,0,0,0,0,0,0,0,4,1,0,0,0,0,1,0,0,0,0,0,0,0,0,1,0,0,0,2,0,1,0,0,0,0,0,0,0,0,0,0,0,0,0,0,0,0,0,0,0,0,1,0,0,0,0,0,0,0,0,0,0,0,0,0,0,0,0,0,0,0,0,0,0,0,0,0,0,0,CHEMBL3291220,Cc1[nH]c(-c2ccccc2)c(-c2ccccc2)c1-c1ccnc2c(C#N)cnn12,910.0,2.9590413923210934,CHEMBL5023,p53-binding protein Mdm-2,0,Medium-Nonpolar-Aromatic-Rigid-Hydrophobic,Medium-Nonpolar-Aromatic-Rigid-Hydrophobic
11.88945452254976,11.88945452254976,0.1776234567901231,-0.1776234567901231,0.7913186212611362,10.0,263.74899999999997,253.66899999999995,263.01716262,86,0,0.255191023381709,-0.3209663306500627,0.3209663306500627,0.255191023381709,1.0588235294117647,1.7058823529411764,2.3529411764705883,35.49569148121349,10.177795434998991,2.0649481242786365,-2.0685085333619937,2.193486643635676,-2.1148791052885123,7.800803553929866,0.1021851034371139,2.3269703846177507,2.1730659798791327,539.3706554225114,12.25071237662706,8.852228512490056,10.502584649508428,8.164703797946446,5.015430653722069,5.840608722231255,3.47816622849661,4.396407696465735,2.258660526861978,2.9006108844500194,1.3750880503290652,1.7175798032686826,-1.4499999999999995,8311.938213854606,12.018779949069469,5.253497032954607,3.019306754589083,110.02315661389282,5.316788604006331,0.0,0.0,0.0,5.907179729351506,0.0,4.794537184071822,0.0,0.0,12.628789148012991,23.733674027155736,36.39820241076966,15.481568280956097,5.687386274683562,4.794537184071822,35.824295042280575,0.0,0.0,0.0,4.895483475517775,5.316788604006331,59.1170213531312,0.0,0.0,5.316788604006331,5.687386274683562,0.0,24.22972903824551,5.907179729351506,0.0,0.0,10.357988675768818,53.42642002321065,5.022633313741326,0.0,0.0,29.1,0.0,4.794537184071822,0.0,5.907179729351506,16.273471080121883,4.895483475517775,0.0,30.33183534230805,18.19910120538483,17.94557775201932,11.600939890232516,0.0,10.0232920454343,12.62076334649086,3.3950788576747573,1.2516386369362564,-0.1776234567901231,14.053517236920616,0.0,0.0,0.0,0.0,17,1,2,0,0,0,1,2,0,2,0,0,2,2,4,0,2,0,0,0,0,0,3.7141544001276934,2,3.881000000000001,73.09920000000002,0,0,0,0,0,0,0,0,0,0,1,1,0,0,0,0,1,0,0,0,0,0,1,0,0,0,0,1,0,1,0,0,0,0,2,0,0,0,0,0,0,0,0,0,1,0,0,0,0,0,0,0,0,0,0,0,0,0,0,0,0,0,0,0,1,0,0,0,0,0,0,0,0,0,0,0,0,0,0,0,0,0,0,0,0,CHEMBL3775808,O=C(Nc1ccccc1S)c1ccc(Cl)cc1,3400.0,3.531478917042255,CHEMBL2221344,Tumour suppressor protein p53/Mdm4,0,Medium-Nonpolar-Aromatic-Rigid-Hydrophobic,Medium-Nonpolar-Aromatic-Rigid-Hydrophobic
5.065861678004535,5.065861678004535,0.8470223922902496,0.8470223922902496,0.5566486576547288,10.826086956521738,300.361,284.23299999999995,300.126263132,112,0,0.1239601453724826,-0.3641459559870558,0.3641459559870558,0.1239601453724826,0.782608695652174,1.434782608695652,2.0434782608695654,16.45175242497028,9.95415441651409,2.2024827243955256,-2.069698954857477,2.409344893159065,-1.847332688514855,5.937232103596995,0.4220453234888524,3.234745262557559,2.0319418158189246,907.2071852700722,15.6480536021256,12.783665116239334,12.783665116239334,11.34333659290053,7.585258916954615,7.585258916954615,5.491736997025949,5.491736997025949,4.006390550129334,4.006390550129334,3.001491771056468,3.001491771056468,-3.0699999999999994,472945.6353480156,13.583147513365256,5.612130118189583,2.3618356421530473,134.14212182389264,9.507073457920557,11.95709099048752,0.0,0.0,0.0,0.0,0.0,0.0,0.0,0.0,65.82033394174155,18.050640183084617,22.88719804670406,5.693927994848461,4.523094936973348,0.0,0.0,10.140641778072652,0.0,6.923737199690624,0.0,78.68712874356524,0.0,33.6416619564849,0.0,0.0,0.0,0.0,10.140641778072652,0.0,6.923737199690624,5.693927994848461,77.51629568569011,0.0,33.6416619564849,0.0,41.82,0.0,0.0,0.0,0.0,0.0,39.33558995133336,0.0,6.263162995639057,18.19910120538483,65.59531552545616,4.523094936973348,5.065861678004535,0.0,3.5346485260770972,4.1454829617032,7.591291099773244,0.0,22.647209309649785,1.6098582766439908,2.0723148148148147,0.0,0.05,23,1,3,0,0,0,0,2,2,4,0,0,2,1,3,2,3,0,0,0,0,0,3.31436483737257,4,5.312120000000004,91.89870000000002,0,0,0,0,0,2,1,0,0,0,0,0,0,0,0,1,1,0,0,0,0,1,0,0,0,0,0,0,0,0,1,0,0,0,2,0,0,0,0,0,0,0,0,0,0,0,0,0,0,0,0,0,0,0,0,0,0,0,0,0,0,0,0,0,0,0,0,0,0,0,0,0,0,0,0,0,0,0,0,0,0,0,0,0,0,CHEMBL3291219,Cc1[nH]c(-c2ccccc2)c(-c2ccccc2)c1-c1ccon1,940.0,2.9731278535996988,CHEMBL5023,p53-binding protein Mdm-2,0,Medium-Nonpolar-Aromatic-Rigid-Hydrophobic,Medium-Nonpolar-Aromatic-Rigid-Hydrophobic
10.229492157974304,10.229492157974304,0.0637528344671203,-0.1297145061728397,0.6178522705050914,20.789473684210527,272.373,256.245,272.098334132,98,0,0.2188548536280655,-0.4929423598921785,0.4929423598921785,0.2188548536280655,1.3157894736842106,2.0526315789473686,2.789473684210526,32.11693021848542,9.691223038141803,2.3717393375387026,-2.352879052804615,2.4663779835328348,-2.2922907133726795,7.796272973631358,0.3830638582804163,2.3759251455714456,2.374441391872073,656.5889883747349,13.62095586463014,11.012469021131432,11.906896212131349,9.048660601927535,6.43675800865587,6.883971604155827,5.318957706133538,5.718957706133538,4.115099308437928,4.315099308437929,2.9040691558365133,3.0987905153865096,-1.5500000000000005,23457.50896222688,12.482110546454225,4.2349498895872255,1.8193742129161856,117.69597312150556,5.106527394840706,0.0,5.156436481820707,5.879988336435371,0.0,0.0,0.0,4.983978520947208,4.983978520947208,12.628789148012991,38.112942673227685,18.405094737549017,16.54189345279077,5.693927994848461,5.106527394840706,12.628789148012991,0.0,9.967957041894415,0.0,37.26054459645075,0.0,35.392371257240434,0.0,17.137367822980828,0.0,0.0,5.879988336435371,12.628789148012991,15.07448443673512,11.835812092322788,0.0,31.395199005701247,29.42190475566715,0.0,11.257379486545457,0.0,46.010000000000005,0.0,5.106527394840706,0.0,11.29497880583215,5.156436481820707,29.66247422409447,5.563451491696996,0.0,18.19910120538483,42.510587657750264,0.0,0.0,4.183535210380448,8.464234536407155,10.540979308390025,3.8951080246913583,0.0637528344671203,8.212024911816577,1.826075207860922,4.286512188208617,0.0,0.3333333333333333,19,1,3,1,0,1,0,1,1,2,1,0,4,2,4,1,1,0,0,0,0,1,2.7821638252906244,3,3.3617000000000026,77.73180000000002,0,0,0,0,0,2,0,1,0,0,0,0,0,0,0,2,0,0,0,0,0,0,1,0,0,0,0,0,0,0,0,0,0,0,1,0,3,0,0,0,0,0,0,0,0,0,0,0,0,0,0,0,0,0,0,0,0,0,0,0,0,0,0,0,0,0,0,0,0,0,0,0,0,0,0,0,0,0,0,0,0,0,0,0,0,CHEMBL1343308,CCC1(C)Cc2ccccc2-c2nc(S)nc(O)c21,2930.0,3.4668676203541096,CHEMBL4869,Prion protein,0,Medium-Nonpolar-Aromatic-Rigid-Hydrophobic,Medium-Nonpolar-Aromatic-Rigid-Hydrophobic
12.202823496682624,12.202823496682624,0.2422893046107335,-0.7068360173287422,0.5299149066101895,11.25,358.1840000000001,349.11200000000014,357.007181888,118,0,0.3493581083142232,-0.2920871422790743,0.3493581083142232,0.2920871422790743,1.0,1.75,2.5,35.49678433720122,10.095360804312032,2.188547668291838,-2.179726938298608,2.317687908853475,-2.269617545919009,6.349267818797309,0.9595885272662534,2.547386618693873,2.2749647101358703,1163.2295624794942,16.844570503761737,12.085654871463104,13.597512763500012,11.541713895658194,7.046981162314823,7.802910108333277,5.242196237508101,6.085832144720692,3.751508589354479,4.308479606088864,2.7382592822661422,3.130611107272063,-2.629999999999999,364327.2342055977,14.930540221711883,5.47273065796769,2.2948458997536436,145.00477302678158,0.0,0.0,5.824404497999927,0.0,5.559266895052007,5.689743398203474,14.345615352810384,4.794537184071822,4.983978520947208,0.0,35.33461391738825,36.39820241076966,16.096243802889685,16.10278552305458,0.0,34.10480471254609,0.0,14.53505668968577,0.0,0.0,0.0,79.41428783657466,0.0,17.075242264380485,11.24901029325548,0.0,0.0,23.20187978046503,14.53505668968577,0.0,0.0,0.0,58.12001091583653,10.045266627482652,27.97816719646154,0.0,67.75,11.24901029325548,9.589074368143644,0.0,5.824404497999927,26.812805111479474,5.386224214464796,0.0,47.031669127022624,6.06636706846161,9.967957041894415,23.20187978046503,1.6944135802469136,12.34596162796394,30.108978961955152,1.8195269064415909,0.4607517811651423,0.2422893046107335,14.050300059838747,0.0,0.0,0.0,0.0,24,1,5,0,2,2,0,2,0,2,0,0,4,1,7,2,1,0,0,0,0,0,3.404617717140931,4,3.4856000000000016,94.60270000000004,0,0,0,0,0,3,1,0,0,0,0,0,0,0,0,2,1,0,0,0,0,1,0,0,0,0,0,0,0,0,0,0,0,0,2,0,2,0,0,0,0,0,0,0,2,0,0,0,0,0,0,0,0,0,0,0,0,0,0,0,0,0,0,0,1,0,0,0,0,0,0,0,0,1,0,0,0,0,0,0,0,0,0,0,0,CHEMBL2443387,O=c1nc2n(-c3ccc(Cl)cc3)c3c(Cl)cccc3cc-2c(=O)[nH]1,15000.0,4.176091259055681,CHEMBL5023,p53-binding protein Mdm-2,0,Medium-Nonpolar-Aromatic-Rigid-Hydrophobic,Medium-Nonpolar-Aromatic-Rigid-Hydrophobic
12.58240896461465,12.58240896461465,0.1343518518518516,-1.4223456790123463,0.9436944689805152,20.714285714285715,301.773,285.645,301.08695643199997,108,0,0.2566100142701948,-0.3629639988221001,0.3629639988221001,0.2566100142701948,1.1428571428571428,1.8095238095238095,2.4761904761904763,35.49569139908377,9.935914409134105,2.485750020059278,-2.3432618217065326,2.4179786789061515,-2.44593337433223,6.301058481711269,-0.049765905738227,2.7185617983471557,2.2052943165779344,683.4443929864826,15.035169427003234,11.71365567036311,12.469584616381566,10.08557075659728,6.985978796425413,7.363943269434641,5.181480929363765,5.61791670983575,3.8627966783301546,4.114772993669639,2.8919407972076776,3.01792895487742,-1.8399999999999992,78979.65736558157,14.112237163246272,5.1703308086433495,2.044681184534386,128.32623249333963,10.006437125691182,0.0,5.724985593970254,0.0,5.907179729351506,0.0,4.794537184071822,0.0,0.0,0.0,48.856512432231185,24.61992282831084,28.257744194744888,0.0,9.901064578912528,17.508119619584022,0.0,4.899909730850477,0.0,19.069544416586886,6.544756405912575,70.2439243365252,0.0,0.0,0.0,0.0,0.0,11.600939890232516,22.458373260955263,5.724985593970254,0.0,34.82945048177944,48.53093654769288,5.022633313741326,0.0,0.0,40.540000000000006,5.724985593970254,9.901064578912528,0.0,5.907179729351506,28.257744194744888,6.4208216229260096,4.899909730850477,36.39820241076966,19.056471336613843,0.0,11.600939890232516,0.0,5.928014447033957,14.111084323647152,11.928039624800538,0.4182306626354246,-0.1343518518518516,14.192617490411802,0.7734407893815963,2.4773689583858234,0.0,0.2352941176470588,21,1,3,0,1,1,1,2,0,2,1,0,2,1,4,1,3,0,0,0,0,1,3.474520694476849,3,3.399200000000002,82.22030000000004,0,1,0,0,0,0,0,0,0,0,1,1,0,0,0,1,0,0,0,0,0,0,0,0,0,0,0,1,0,0,0,0,0,0,2,0,1,0,0,0,0,0,0,0,1,0,0,0,0,0,0,0,0,0,0,0,0,0,0,0,0,0,0,0,0,0,0,0,0,0,0,0,0,0,0,0,0,0,0,0,0,0,0,0,0,CHEMBL1688136,CCCN1C(=O)c2ccccc2C1(O)c1ccc(Cl)cc1,69000.0,4.838849090737256,CHEMBL5023,p53-binding protein Mdm-2,0,Medium-Nonpolar-Aromatic-Rigid-Hydrophobic,Medium-Nonpolar-Aromatic-Rigid-Hydrophobic
12.73338396006551,12.73338396006551,0.1346223859914339,-0.6056723723439987,0.7330140946960315,14.583333333333334,382.63000000000005,372.5500000000002,380.97262622,122,0,0.2771760724321067,-0.4967678180909632,0.4967678180909632,0.2771760724321067,0.875,1.5416666666666667,2.125,35.49898931421387,10.06271394293916,2.388876813182259,-2.151816463329327,2.366635487681923,-2.306209322424357,6.599802980395644,-0.1193586245287379,2.8000049514135736,2.015647853350982,875.149547599666,17.430356941388638,12.347303770246612,14.615090608301976,11.434759407976111,6.817788905681939,7.951682324709623,4.961610820548798,6.153975547039238,3.567380686079161,4.657059301775687,2.3695309819825265,2.936320615511361,-2.0099999999999993,294930.1215422945,16.834088677354625,6.475515295108758,2.77263499016781,152.72399549227333,4.736862953800049,10.781798185397502,0.0,0.0,11.814359458703011,0.0,9.589074368143644,4.899909730850477,0.0,0.0,46.93555380762077,35.89528683400505,0.0,28.415554973513014,14.325937321943693,57.87766993415339,0.0,0.0,0.0,0.0,12.009707272128011,63.10557395052451,0.0,5.749511833283905,9.636772684650529,5.687386274683562,5.749511833283905,34.802819670697545,18.924156999980543,9.589074368143644,0.0,5.563451491696996,47.49685583134487,10.045266627482652,5.5731045300692665,0.0,46.61,11.814359458703011,9.589074368143644,0.0,15.62802419592419,22.02298291340579,4.899909730850477,25.30889874666236,24.26546827384644,0.0,0.0,39.5396826244976,5.082946770043492,17.967112732986706,26.143430650037793,0.4249735514395172,0.970522521765909,-0.4925797444398623,11.197729658353156,0.0,0.0,1.5391971931466233,0.0588235294117647,24,0,4,0,1,1,2,2,0,2,0,0,3,0,7,1,3,0,0,0,0,0,4.54205827955946,3,4.525300000000002,94.722,0,0,0,0,0,0,0,0,0,0,2,2,0,0,0,1,0,0,0,0,0,0,0,0,0,0,0,2,0,1,0,0,0,0,2,0,0,0,0,0,0,1,0,0,3,0,0,0,1,0,0,0,0,0,0,1,0,0,0,0,0,0,0,0,0,0,0,0,0,0,0,0,0,0,0,0,0,0,0,0,0,0,0,0,0,CHEMBL2316739,COc1ccc(C2=C(Cl)C(=O)N(c3ccc(Cl)c(Cl)c3)C2=O)cc1,5290.0,3.7234556720351857,CHEMBL2034807,DNA repair protein RAD51 homolog 1,0,Medium-Nonpolar-Aromatic-Rigid-Hydrophobic,Medium-Nonpolar-Aromatic-Rigid-Hydrophobic
6.042965363193537,6.042965363193537,0.0642749100669075,0.0642749100669075,0.5735862851711778,18.217391304347824,391.7400000000001,371.5800000000001,390.04983842,120,0,0.0827946816986615,-0.2577027941143361,0.2577027941143361,0.0827946816986615,1.0434782608695652,1.6521739130434785,2.217391304347826,79.91873117702286,9.855838916795292,2.337542435082591,-2.238540701951113,2.3924386519980905,-2.1922365485991673,9.102997574217731,0.5787009351410842,2.9394736739910896,2.001617867666514,714.5299868783145,16.612519696192862,13.553615340911554,15.895540826044714,10.84235515854042,7.726588184000134,8.897550926566714,6.889153400616535,8.241264709880209,4.1220518260411305,4.902693654418852,2.741848909150755,3.132169823339616,-1.3199999999999998,180319.0730573094,16.534724023009495,6.291454081119668,3.61474736092087,150.8333669816295,0.0,0.0,0.0,0.0,0.0,0.0,5.008912523954531,0.0,5.101407525739722,0.0,60.434829524176955,41.96165390246666,27.04284992466723,11.729227103831525,0.0,38.92995506563613,0.0,0.0,10.5163979951365,33.23387405114585,5.008912523954531,63.58974086896361,0.0,0.0,5.008912523954531,5.687386274683562,0.0,27.530883788181864,5.711685002770702,0.0,5.414990469396779,38.79732554284284,58.105063589265015,5.022633313741326,0.0,0.0,15.6,0.0,0.0,0.0,11.456831298544738,0.0,21.60356072718331,11.2751364944677,0.0,12.13273413692322,78.10827043174542,16.702347415972238,1.0726984401364363,9.53961501492368,0.0,7.8392075908582495,3.62731889154839,0.0,16.61292077839366,0.9317423705593346,6.654274691358025,0.0,0.3157894736842105,23,0,2,0,1,1,0,2,0,2,1,0,2,0,4,1,2,0,0,0,0,1,4.522932910206544,3,6.456000000000005,102.32100000000004,0,0,0,0,0,0,0,0,0,0,0,0,0,0,0,2,0,0,0,0,0,0,0,0,0,0,0,0,0,1,0,0,0,0,2,0,0,0,0,0,0,0,0,0,2,0,1,0,0,0,0,0,0,0,0,0,0,0,0,0,0,0,0,0,0,0,0,0,0,0,0,0,0,0,0,0,0,0,0,0,0,0,0,0,0,CHEMBL3093526,CC(C)(C)C1=NN(c2ccc(Br)cc2)C(c2ccc(Cl)cc2)C1,4300.0,3.633468455579586,CHEMBL394,HCT-116,0,Medium-Nonpolar-Aromatic-Rigid-Hydrophobic,Medium-Nonpolar-Aromatic-Rigid-Hydrophobic
13.226470298644728,13.226470298644728,0.2188200404894129,-0.9876459377496534,0.3690525659167893,10.966666666666669,394.4450000000001,375.2930000000002,394.136908068,146,0,0.3357941439375695,-0.4776235342839151,0.4776235342839151,0.3357941439375695,0.6666666666666666,1.3,2.033333333333333,19.142144547225968,9.974954057824888,2.0973818434882134,-2.0716505843506594,2.2548934988844596,-1.99239918500097,5.944029962112158,0.0696436852252302,2.7852554677463033,1.692473727459123,1209.3281721547396,20.924074484064484,16.125731204386316,16.125731204386316,14.597356788324024,9.568848666336864,9.568848666336864,6.938896755727669,6.938896755727669,4.908621417453903,4.908621417453903,3.3557927333403783,3.3557927333403783,-3.979999999999998,8641511.332185939,19.341363483725903,8.579105320423784,4.361887718029484,174.1292003038606,5.106527394840706,5.817220841045894,0.0,0.0,0.0,5.969305287951848,0.0,9.184952231746642,0.0,0.0,78.88207796674548,63.71254429249002,0.0,5.563451491696996,14.291479626587348,18.12134550161961,0.0,0.0,0.0,0.0,0.0,119.5694484115227,0.0,22.253805966787983,0.0,4.39041504767482,0.0,0.0,11.075832682792557,0.0,5.817220841045894,21.48489165916281,97.0618730953858,0.0,34.40584618045575,0.0,37.3,5.969305287951848,14.291479626587348,0.0,11.38067233274289,5.563451491696996,27.817257458484978,12.13273413692322,30.34148838068032,48.54058958606515,18.19910120538483,0.0,13.226470298644728,0.0,11.681200364038638,9.5700129954878,5.658282434869946,-1.293828061217841,29.44631618628373,3.711545781893004,0.0,0.0,0.0,30,1,2,0,0,0,0,4,0,4,0,0,1,1,3,0,5,0,0,0,0,0,5.5310531455827725,4,7.028300000000005,119.6013,0,0,0,0,1,0,0,0,1,1,1,0,0,0,0,0,0,0,0,0,0,0,0,0,0,0,0,0,0,0,0,0,0,0,4,0,0,0,0,0,0,0,0,0,1,0,0,0,0,0,0,0,0,0,0,0,0,0,0,0,0,0,0,0,0,0,0,0,0,0,0,0,0,0,0,0,0,0,0,0,0,0,0,0,0,CHEMBL485891,O=C(O)c1ccc(-c2ccc(F)cc2)cc1/C=C/c1cccc(-c2ccccc2)c1,6900.0,3.838849090737255,CHEMBL3817,Bcl2-antagonist of cell death (BAD),0,Medium-Nonpolar-Aromatic-Rigid-Hydrophobic,Medium-Nonpolar-Aromatic-Rigid-Hydrophobic
12.060563082148008,12.060563082148008,0.1174084485134547,-0.4565954091025894,0.5792039065881835,15.344827586206897,378.43100000000015,360.2870000000001,378.136827816,140,0,0.2884444189556369,-0.4567266632801937,0.4567266632801937,0.2884444189556369,1.0689655172413792,1.862068965517241,2.586206896551724,16.48090728594495,9.986627689911106,2.3577437638712295,-2.125577771987506,2.4536485607028293,-1.939663853317886,6.496598180961736,-0.1132691249244346,3.2390392486209856,1.6014817585984278,1290.888167218182,20.120591385700628,16.19153324501045,16.19153324501045,14.117723500579768,9.740641047805752,9.740641047805752,7.447152617299835,7.447152617299835,5.840223705627726,5.840223705627726,4.101221370245853,4.101221370245853,-3.709999999999999,7757110.315737426,17.3926242909901,6.423353900315431,2.513659970213934,168.31634504450244,4.736862953800049,23.14134950942935,0.0,0.0,5.907179729351506,0.0,4.794537184071822,4.992404732635668,5.261891554738487,0.0,44.179309741689295,47.73109892632783,21.909004450695853,5.711685002770702,9.53140013787187,27.964417691121064,5.261891554738487,0.0,4.992404732635668,26.18620206846865,0.0,76.86076262131476,0.0,17.568244979360085,4.736862953800049,0.0,11.49902366656781,0.0,11.618864732122208,4.794537184071822,11.33111286753076,42.87655654355964,65.16281287885943,0.0,16.34555295899886,0.0,62.45,5.907179729351506,10.056428738810308,0.0,5.5731045300692665,17.20269557900136,39.81919670181741,5.563451491696996,0.0,48.533790792023545,30.972613268940137,4.736862953800049,6.206339285714286,0.0,16.19138124917788,11.346248642297525,4.410910264353212,1.5847222732672004,19.9291930637073,1.099212502709804,4.398659385439464,0.0,0.16,29,0,4,1,1,2,1,3,0,3,1,0,3,0,4,1,4,0,0,0,0,1,3.8523786578017982,5,5.765680000000006,113.24700000000004,0,0,0,0,0,0,0,0,0,0,1,1,0,0,1,2,0,0,0,0,0,0,0,0,0,0,1,1,0,0,0,0,0,0,3,0,3,0,0,0,0,1,0,0,0,0,0,0,0,0,0,0,0,0,0,0,0,1,0,0,0,0,0,0,0,0,0,0,0,0,0,0,0,0,0,0,0,0,0,0,0,0,0,0,0,CHEMBL1824190,CCC(C)c1ccc(Oc2ccc3c4c(cccc24)C2=NC(=O)C(C#N)=C23)cc1,20.0,1.3010299956639813,CHEMBL387,MCF7,0,Medium-Nonpolar-Aromatic-Rigid-Hydrophobic,Medium-Nonpolar-Aromatic-Rigid-Hydrophobic
12.654212490551778,12.654212490551778,0.148671815948602,-0.9216150350304384,0.8132025126411542,15.48148148148148,365.47300000000007,338.2570000000001,365.199093724,142,0,0.3081576250211859,-0.4809679536332573,0.4809679536332573,0.3081576250211859,1.037037037037037,1.7037037037037035,2.3703703703703702,16.366694014331674,9.894656790116656,2.265178288732743,-2.232730708104936,2.2446479541684616,-2.360194067999944,5.802030313769248,-0.1420241614023091,2.659543571435273,1.7378329028406334,826.0171469521639,19.388540578131753,15.995396505067058,15.995396505067058,12.935560745775549,9.63217873365284,9.63217873365284,7.569727358141199,7.569727358141199,5.420071850771753,5.420071850771753,3.7199855398254305,3.7199855398254305,-2.6199999999999997,1196464.8237430148,19.15019199763646,8.380811585838725,4.760688829133731,160.164169566286,10.423315998847038,0.0,0.0,5.907179729351506,0.0,5.969305287951848,9.589074368143644,0.0,0.0,0.0,48.02802097092827,61.78456685787327,0.0,18.380568498235363,14.69560176298435,11.876485017303354,0.0,5.316788604006331,5.917906046161393,51.993423343159265,0.0,70.28182693771626,0.0,0.0,5.316788604006331,0.0,0.0,0.0,16.98301241214406,28.85153923692167,12.841643245852016,53.62447873317558,42.46456947923127,0.0,0.0,0.0,66.4,17.9290521632612,14.69560176298435,0.0,12.328001352277514,0.0,29.531997720943007,23.968546229246012,6.923737199690624,37.255572541998674,17.449522740929552,0.0,0.0,0.0,24.184189154377098,12.394705244604928,5.6360343807327045,-1.7784450941508123,13.388144380911438,4.897480212148219,3.611225054709765,0.0,0.391304347826087,27,2,4,1,0,1,1,2,0,2,2,0,2,2,4,0,6,0,0,0,0,0,5.944227813512136,3,3.994520000000003,105.65050000000004,1,0,0,0,0,0,0,0,1,1,2,1,0,0,0,0,1,0,0,0,0,0,0,0,0,0,0,1,0,0,3,0,0,0,2,0,1,0,0,0,0,0,0,0,0,0,0,0,0,0,0,0,0,0,0,0,0,0,0,0,0,0,0,0,0,0,0,0,0,0,0,0,0,0,0,0,0,0,0,0,0,0,0,0,0,CHEMBL5284304,Cc1ccc([C@@H](NC(=O)Cc2ccc3c(c2)CCCC3)[C@@H](C)C(=O)O)cc1,2800.0,3.447158031342219,CHEMBL3038498,Keap1/Nrf2,0,Medium-Nonpolar-Aromatic-Rigid-Hydrophobic,Medium-Nonpolar-Aromatic-Rigid-Hydrophobic
13.063774547884998,13.063774547884998,0.1818287037037036,-1.5246511637062237,0.7439930436710087,18.884615384615383,363.8440000000001,345.70000000000005,363.102606496,130,0,0.2569164272591182,-0.3629560743662811,0.3629560743662811,0.2569164272591182,0.9615384615384616,1.6153846153846154,2.3076923076923075,35.495691653257715,9.933805203281944,2.490458708220169,-2.3468497827020873,2.427273910525558,-2.4372020032984785,6.301078098993901,-0.0542423256847578,2.870838959480486,1.840022421451792,966.192237646706,18.311190308942123,14.315949965935069,15.071878911953522,12.497055696919675,8.453792610878057,8.831757083887284,6.601586574275694,7.038022354747679,4.876873591528936,5.128849906868421,3.4672634060999004,3.593251563769643,-2.6199999999999988,1126792.808240253,16.82732523605254,6.273976024203942,2.605480810477151,157.01838458500703,5.106527394840706,0.0,5.724985593970254,0.0,5.907179729351506,0.0,9.6944469149223,0.0,0.0,0.0,71.76169499808401,30.686289896772447,28.257744194744888,0.0,9.901064578912528,17.508119619584022,0.0,4.899909730850477,0.0,19.193479199573453,0.0,105.63629559376568,0.0,0.0,0.0,0.0,0.0,11.600939890232516,15.913616855042688,12.269741999882829,6.923737199690624,32.6117946425568,72.79640482153933,5.022633313741326,0.0,0.0,40.540000000000006,5.724985593970254,9.901064578912528,0.0,5.907179729351506,28.257744194744888,11.126902983393991,4.899909730850477,36.39820241076966,43.32193961046029,0.0,11.600939890232516,0.0,6.011429433871632,14.583190647658242,12.29713955026455,2.3278485563464075,-0.1818287037037036,22.159037654743223,0.0,2.3309606385974293,0.0,0.1363636363636363,26,1,3,0,1,1,1,3,0,3,1,0,2,1,4,1,3,0,0,0,0,1,4.060547503172137,4,4.4978200000000035,101.94530000000002,0,1,0,0,0,0,0,0,0,0,1,1,0,0,0,1,0,0,0,0,0,0,0,0,0,0,0,1,0,0,1,0,0,0,3,0,1,0,0,0,0,0,0,0,1,0,0,0,0,0,0,0,0,0,0,0,0,0,0,0,0,0,0,0,0,0,0,0,0,0,0,0,0,0,0,0,0,0,0,0,0,0,0,0,0,CHEMBL1688142,Cc1ccc(CN2C(=O)c3ccccc3C2(O)c2ccc(Cl)cc2)cc1,15000.0,4.176091259055681,CHEMBL5023,p53-binding protein Mdm-2,0,Medium-Nonpolar-Aromatic-Rigid-Hydrophobic,Medium-Nonpolar-Aromatic-Rigid-Hydrophobic
12.800569605558785,12.800569605558785,0.1092752162593437,0.1092752162593437,0.3082997591372994,11.89655172413793,397.5030000000001,378.3510000000001,397.1248832280001,142,0,0.1911709584982687,-0.3051745499200246,0.3051745499200246,0.1911709584982687,0.9310344827586208,1.6896551724137931,2.5517241379310347,32.1665557804427,10.019925811500954,2.1972393131310666,-2.056830874562116,2.365285178178807,-2.0436315055163217,7.9938827246029955,0.1017591707025853,3.318582426871498,1.311964169626521,1214.0402072975207,19.794317972067564,16.00055416007621,16.817050741003936,14.20350993820667,9.52529212676354,10.510890686417032,7.148924846372759,8.091423487232495,5.314909594766182,6.335145686151269,3.81119230384252,4.6167301629112165,-3.1799999999999993,9563676.678374188,17.88728859632195,7.333993910193582,3.2751952329447316,173.1681366050626,4.567099647791355,0.0,16.764085926185572,0.0,0.0,0.0,4.794537184071822,0.0,0.0,10.197363616602075,78.49192270246884,34.7409946581756,18.17457496607118,5.752853606746789,4.794537184071822,17.545129895756055,0.0,14.76446326439343,7.04767198267719,11.577258104746717,5.752853606746789,89.48675929663034,0.0,22.514758973090913,0.0,0.0,0.0,11.761884949391115,26.30056181750516,13.4684936056032,0.0,21.48489165916281,77.95284130336005,0.0,22.514758973090913,0.0,47.78,0.0,4.794537184071822,0.0,5.783244946364939,5.752853606746789,28.528565586140637,34.015690916179096,0.0,54.07934110969981,40.52919895891013,0.0,1.937116769547325,1.4259180786512131,12.800569605558785,9.295521291241648,6.850418344246045,1.2507626468294974,24.44837069774282,0.8923524598767065,0.0,1.9323034396392984,0.125,29,0,4,1,0,1,0,3,1,4,0,0,5,0,5,1,5,0,0,0,0,0,4.523629849493114,5,5.028300000000004,116.1775,0,0,0,0,0,3,0,0,0,0,1,1,0,0,0,3,0,0,0,0,0,0,0,0,0,0,0,0,0,0,0,0,0,0,3,0,3,0,0,0,0,0,0,0,0,0,0,0,0,0,0,1,1,0,0,0,0,0,0,0,0,0,0,0,0,0,0,0,0,0,0,0,0,0,0,1,0,0,0,0,0,0,0,0,0,CHEMBL1584932,Cn1c(SCC(=O)c2ccc3c(c2)Cc2ccccc2-3)nnc1-c1ccccc1,3820.0,3.582063362911709,CHEMBL4374,Photoreceptor-specific nuclear receptor,0,Medium-Nonpolar-Aromatic-Rigid-Hydrophobic,Medium-Nonpolar-Aromatic-Rigid-Hydrophobic
11.598901880196523,11.598901880196523,0.0088548752834469,0.0088548752834469,0.7876557667709478,10.526315789473683,259.30499999999995,242.16899999999995,259.120843404,100,0,0.1594578685804411,-0.4938420484107493,0.4938420484107493,0.1594578685804411,1.3157894736842106,2.0526315789473686,2.5789473684210527,16.47664267924666,9.996773049323606,2.1423703403896153,-2.084623230358394,2.3071999509817456,-1.9752443668895423,5.95648977531457,0.1012530038990532,2.687324615351692,2.591967421559038,594.3484021714896,13.991199352633217,11.611116055646972,11.611116055646972,9.024075805453151,6.246386142631068,6.246386142631068,4.434434751525399,4.434434751525399,2.9461021948463295,2.9461021948463295,2.091778935724134,2.091778935724134,-2.0999999999999996,20861.700988975183,13.334443369432917,5.2622337174460725,2.673174615605503,111.91855089228396,9.259957890773396,11.509759252158346,5.783244946364939,0.0,0.0,0.0,4.794537184071822,0.0,0.0,0.0,5.156663257125445,51.45750149584432,11.126902983393991,12.30080995936138,14.054495074845216,5.783244946364939,0.0,5.156663257125445,0.0,27.694948798762496,6.606881964512918,35.21672811080473,0.0,16.876414816677897,4.736862953800049,0.0,5.749511833283905,0.0,17.5467901680033,0.0,13.847474399381248,35.659638488872965,22.72219614235818,0.0,11.126902983393991,0.0,52.33,0.0,4.794537184071822,0.0,5.783244946364939,17.919845289493818,22.581078397116897,0.0,12.990104268152232,32.903945735995094,5.156663257125445,9.259957890773396,10.686029856386998,0.0,11.598901880196523,3.9419712931468887,3.248197751322752,1.4309386810279672,5.507312925170067,0.0,7.75331427941547,0.0,0.3333333333333333,19,0,4,0,0,0,0,1,1,2,0,0,4,0,4,1,4,0,0,0,0,0,3.693103026421321,2,3.5597400000000023,72.58650000000002,0,0,0,0,0,1,0,0,0,0,1,1,0,0,0,1,0,0,0,0,0,0,0,0,0,0,0,0,0,0,2,0,0,0,1,0,0,0,0,0,0,1,0,0,0,0,0,0,0,0,0,1,1,0,0,0,0,0,0,0,0,0,0,0,0,0,0,0,0,0,0,0,0,0,0,0,0,0,0,0,0,0,0,0,0,CHEMBL1828985,CCOc1cc(C(C)=O)cc(-c2c(C)noc2C)c1,2300.0,3.361727836017593,CHEMBL1293289,Bromodomain-containing protein 2,0,Medium-Nonpolar-Aromatic-Rigid-Hydrophobic,Medium-Nonpolar-Aromatic-Rigid-Hydrophobic
12.419707420005038,12.419707420005038,0.0140887188208616,-0.6515722369194592,0.4621182641880537,10.88,330.3430000000001,316.23100000000005,330.1004423079999,122,0,0.34870588495363,-0.4221247971762582,0.4221247971762582,0.34870588495363,1.0,1.84,2.68,16.393118526803878,10.045479553562586,2.145033322556801,-2.0639820335982035,2.2439337122204903,-2.276691673140093,6.073993276805263,0.0946657751256292,2.6593999893915483,1.7325094382851944,1133.9216972321317,17.225403871315226,13.229918209163982,13.229918209163982,12.220346690612278,7.859468325108438,7.859468325108438,5.649794438201225,5.649794438201225,4.04276651863338,4.04276651863338,2.7985902706112453,2.7985902706112453,-3.4699999999999993,813616.8327544503,15.080885136281625,6.2030177080467555,2.8734466093126794,142.47908180647576,9.733939541059678,11.14647163333924,0.0,0.0,5.907179729351506,5.625586319077987,9.778515705019029,4.794537184071822,0.0,0.0,36.39820241076966,35.03791670277603,11.583067786077873,12.238684400761036,9.211688121125167,27.648872514388135,0.0,10.300767124953538,0.0,6.544756405912575,0.0,88.53801724592445,0.0,0.0,10.94237492308432,0.0,0.0,0.0,10.891158250298712,6.544756405912575,0.0,16.051916670617278,76.07220237735436,0.0,21.74169278503663,0.0,72.2,11.532766048429494,9.589074368143644,0.0,12.10820789760957,11.276948136490702,16.158672643394386,0.0,30.462311845459517,36.39820241076966,10.300767124953538,4.417150937053347,5.342054988662131,0.0,28.739989465317297,5.394344611684078,0.5116101196115632,-0.4775581065759635,18.42934002985951,1.650806334752042,0.2427458900226757,0.0,0.05,25,1,5,0,0,0,1,2,2,4,0,0,4,1,5,2,3,0,0,0,0,0,3.741879902134961,4,3.271200000000001,95.39720000000004,0,0,0,0,0,1,0,0,0,0,1,1,0,0,0,1,1,0,0,0,0,0,0,0,0,0,0,1,0,0,0,0,0,0,2,0,3,0,0,0,0,0,0,0,0,0,0,0,0,0,0,0,0,0,0,0,0,0,0,0,0,0,0,0,0,0,0,0,0,0,0,0,0,1,0,0,0,0,0,0,0,0,0,0,0,CHEMBL1424123,O=C(NCc1ccccn1)c1cc2c(ccc3ccccc32)oc1=O,1330.0,3.123851640967086,CHEMBL2093862,Runt-related transcription factor 1/Core-binding factor subunit beta,0,Medium-Nonpolar-Aromatic-Rigid-Hydrophobic,Medium-Nonpolar-Aromatic-Rigid-Hydrophobic
13.82459005207021,13.82459005207021,0.0565428949357524,-3.897111087490553,0.8084474868263298,20.0,380.3840000000001,368.28800000000007,380.016399124,130,0,0.277493526596673,-0.3820058704324803,0.3820058704324803,0.277493526596673,1.2083333333333333,1.7916666666666667,2.3333333333333335,32.24325666802566,9.87077839733147,2.472255266128231,-2.2850900331766355,2.5061138065656294,-2.3172216076476406,7.924782405443112,-0.1219199369695237,2.8178786039489716,2.3103671069405034,898.7906501389999,17.861442840636293,12.31567928852392,13.94867245037937,11.00385574819321,6.884589753203659,9.59249787218964,5.7047296713896625,8.936348118167805,3.8571995598968543,7.000435949531495,2.8127088018822106,5.403612030384704,-1.4500000000000002,174559.12587882695,17.37553166777971,5.534637863166906,2.8441985386578508,139.02951376011384,5.106527394840706,21.947587247362172,9.837253136417502,0.0,5.922529168094576,0.0,0.0,25.979457175028216,0.0,11.336785877934735,0.0,29.68045874324322,29.18355656029732,0.0,31.085984569868927,21.17403901435224,0.0,0.0,0.0,29.07731797921698,6.255769183511404,40.96044587087061,0.0,10.440598685398296,0.0,17.56166019069928,0.0,11.336785877934735,25.702622730775623,16.25807475934351,11.634441682091788,23.651690994068304,22.40828038290691,0.0,10.440598685398296,0.0,54.370000000000005,44.128191174800264,31.085984569868927,0.0,27.988323291718295,17.403152946396347,18.388503320434623,0.0,0.0,0.0,0.0,0.0,78.06903987675317,0.6425925925925924,0.1790509259259263,9.946783824640969,-0.1080224867724857,-5.19230274208449,2.6575321633282947,-2.2975630668934244,0.0,-3.897111087490553,0.3333333333333333,24,1,3,1,0,1,0,1,1,2,1,0,4,1,9,1,2,0,0,0,0,0,4.006969810881217,3,3.7117000000000018,81.0086,0,1,1,0,0,0,0,0,0,0,0,0,0,0,0,0,0,0,0,0,0,0,0,0,0,2,0,0,0,0,0,0,0,0,1,0,1,0,0,0,0,0,0,0,4,0,0,0,0,0,0,0,0,0,0,0,0,0,0,0,0,0,0,0,0,0,0,0,0,0,0,0,0,0,0,0,0,1,0,0,0,0,1,0,0,CHEMBL5439202,CS(=O)(=O)c1sc(-c2cc(F)cc(F)c2)c2c1[C@H](O)C(F)(F)CC2,33.0,1.5185139398778875,CHEMBL3885518,Aryl hydrocarbon receptor nuclear translocator/Endothelial PAS domain-containing protein 1,0,Medium-Nonpolar-Aromatic-Rigid-Hydrophobic,Medium-Nonpolar-Aromatic-Rigid-Hydrophobic
12.102899344923156,12.102899344923156,0.0998827370454358,0.0998827370454358,0.3156968395210298,11.272727272727272,326.402,316.322,326.01836956000005,108,0,0.1855466236481647,-0.4514886871621675,0.4514886871621675,0.1855466236481647,1.181818181818182,2.090909090909091,2.9545454545454546,32.166596513017375,10.22495026360626,2.1483588141152694,-1.9917021981463408,2.3218345142568766,-1.994072977081604,7.996920322122766,0.1021472481397442,3.199518321259084,1.6825762530770616,960.778384447888,14.940946820939052,11.353329287558925,12.986322449414375,10.826499840494924,6.644854957188646,8.510106328097029,4.64392683108868,6.555669624344164,3.2613234955855117,5.142996595393352,2.2477337151004724,3.818018151341459,-2.179999999999999,278268.50743654504,13.48067405546283,5.548273547921354,2.2998359792134746,133.740331239615,4.417150937053347,22.45300091269229,11.366265088007182,0.0,0.0,0.0,4.794537184071822,9.967957041894415,0.0,11.336785877934735,29.960986154775945,23.579163975850747,5.386224214464796,10.630000800448087,9.211688121125167,50.95088098905634,0.0,9.967957041894415,0.0,5.025959978669241,5.752853606746789,52.98273244970141,0.0,0.0,0.0,0.0,0.0,23.09867082732585,21.504055595006143,0.0,0.0,9.671684377773122,57.548696171722696,0.0,22.068965215365544,0.0,55.99,0.0,4.794537184071822,0.0,5.783244946364939,16.361833727058272,21.3630922674246,29.42599090209039,0.0,41.778265181235575,9.967957041894415,4.417150937053347,5.8520396352985635,2.838287895532664,21.439676555807512,3.567111887965063,2.2164680702527932,0.4368588330393892,11.466774384008785,1.5161160714285713,0.0,0.0,0.0625,22,0,4,0,0,0,0,1,3,4,0,0,6,0,6,3,4,0,0,0,0,0,3.399748512276095,4,4.412500000000002,88.68350000000001,0,0,0,0,0,2,0,0,0,0,1,1,0,0,0,2,0,0,0,0,0,0,0,0,0,0,0,0,0,0,0,0,0,0,1,0,3,0,0,0,0,0,1,0,0,0,0,0,0,0,0,1,1,0,0,0,0,0,0,0,0,0,0,0,1,0,0,0,0,0,0,0,0,0,0,1,0,0,0,0,0,0,1,0,0,CHEMBL1347130,O=C(CSc1ncnc2c1oc1ccccc12)c1cccs1,15294.0,4.184521085852911,CHEMBL2096976,Peroxisome proliferator-activated receptor gamma/Nuclear receptor corepressor 2,0,Medium-Nonpolar-Aromatic-Rigid-Hydrophobic,Medium-Nonpolar-Aromatic-Rigid-Hydrophobic
12.818549855127236,12.818549855127236,0.1169671201814055,-0.5863500986814472,0.7141478686798323,14.52,395.67300000000006,382.5690000000001,394.004260696,128,0,0.2771760723686577,-0.3776609052188904,0.3776609052188904,0.2771760723686577,0.84,1.48,2.04,35.49898944599806,10.05612844671004,2.388956097374204,-2.157514664927342,2.3668446170972337,-2.3063083612397026,6.599862147264877,-0.1193583078493447,2.79870227441464,2.0005173762288257,905.0372390513248,18.30060042939172,13.386269075282703,15.654055913338071,11.807438208038285,7.32345045873604,8.457343877763721,5.674410495668426,6.866775222158865,3.8610646401899986,4.9507432558865245,2.5380848330005583,3.104874466529393,-2.0099999999999993,416737.9634694376,17.80151308062241,6.712920739244981,3.129413693333416,159.7352260473664,4.899909730850477,5.032286352113597,0.0,0.0,11.814359458703011,0.0,9.589074368143644,4.899909730850477,0.0,0.0,46.93555380762077,35.89528683400505,19.782730240037942,21.30575743223548,9.589074368143644,63.56505620883695,0.0,0.0,0.0,0.0,23.895163427055333,63.10557395052451,0.0,0.0,9.799819461700954,11.374772549367124,0.0,34.802819670697545,25.90970342405739,9.589074368143644,0.0,5.563451491696996,47.49685583134487,10.045266627482652,5.5731045300692665,0.0,40.620000000000005,11.814359458703011,9.589074368143644,0.0,15.62802419592419,16.273471080121883,10.58729600553404,12.13273413692322,18.19910120538483,31.12798783312807,0.0,34.802819670697545,0.0,18.05916849621476,28.25448534542052,0.4689036224830996,2.0422235837844314,-1.0808017867640871,11.760959685901364,0.0,0.0,3.8283943862932466,0.1111111111111111,25,0,4,0,1,1,2,2,0,2,0,0,3,0,7,1,3,0,0,0,0,0,4.78000585395404,3,4.582700000000003,102.497,0,0,0,0,0,0,0,0,0,0,2,2,0,0,0,2,0,0,0,0,0,0,0,0,0,0,0,2,0,2,0,0,0,0,2,0,0,0,0,0,0,0,0,0,3,0,0,0,1,0,0,0,0,0,0,0,0,0,0,0,0,0,0,0,0,0,0,0,0,0,0,0,0,0,0,0,0,0,0,0,0,0,0,0,0,CHEMBL2316719,CN(C)c1ccc(C2=C(Cl)C(=O)N(c3ccc(Cl)c(Cl)c3)C2=O)cc1,15620.0,4.193681029541281,CHEMBL2034807,DNA repair protein RAD51 homolog 1,0,Medium-Nonpolar-Aromatic-Rigid-Hydrophobic,Medium-Nonpolar-Aromatic-Rigid-Hydrophobic
11.983780248631438,11.983780248631438,0.1709467645082725,-0.4145510163304167,0.8059013609952294,18.875,331.4000000000001,318.2960000000001,331.077933036,116,0,0.2884444188624389,-0.369377597572166,0.369377597572166,0.2884444188624389,1.125,1.9583333333333333,2.75,32.16649220598508,9.995562058786096,2.359232789446971,-2.294494082443568,2.449245731554152,-2.3203118122233466,7.989073733975989,-0.1132678980027377,3.1123919394915425,1.8021703384592245,1022.8190308952758,16.258784066134833,12.873315838121922,13.689812419049648,11.792024997884278,7.963057675834402,9.117758214213652,6.087169326097969,7.311914197489559,4.919669236267812,5.862167877127548,3.876523777320776,4.779619887882084,-2.579999999999999,811935.9100390377,13.822285196426243,4.955881906106326,1.6911453999793242,143.02281815097092,4.899909730850477,11.64232584286154,0.0,0.0,5.907179729351506,0.0,4.794537184071822,4.992404732635668,17.0237765041296,0.0,24.26546827384644,11.629818560158606,52.19161075069814,5.711685002770702,4.794537184071822,45.41368891519574,5.261891554738487,0.0,4.992404732635668,0.0,29.49512975616921,47.03184285577131,0.0,6.069221312792274,4.899909730850477,5.687386274683562,0.0,11.761884949391115,36.214084757440936,4.794537184071822,11.33111286753076,11.126902983393991,40.89734460501298,0.0,16.34555295899886,0.0,56.46,5.907179729351506,10.056428738810308,0.0,5.5731045300692665,5.711685002770702,46.68145175324678,11.073610489148358,0.0,29.96384039910661,28.091415668870976,0.0,0.0,1.9926374471454735,18.563372321571727,11.677167548761162,4.7413874716553295,1.8788595993953143,12.378886542016051,0.0,2.101022402788276,0.0,0.2105263157894736,24,0,4,1,2,3,1,2,0,2,0,0,4,0,5,2,1,0,1,1,0,0,2.854233879417089,5,3.0130800000000013,97.56300000000005,0,0,0,0,0,0,0,0,0,0,1,1,0,0,1,3,0,0,0,0,0,0,0,0,0,0,1,1,0,1,0,0,0,0,2,0,3,0,0,0,0,0,0,0,0,0,0,0,0,0,0,0,0,0,0,0,0,1,0,0,0,0,0,0,0,0,0,0,0,0,0,0,0,0,0,1,0,0,0,0,0,0,0,0,0,CHEMBL595134,N#CC1=C2C(=NC1=O)c1cccc3c(N4CCSCC4)ccc2c13,35.0,1.5440680443502757,CHEMBL4361,Induced myeloid leukemia cell differentiation protein Mcl-1,0,Medium-Nonpolar-Aromatic-Rigid-Hydrophobic,Medium-Nonpolar-Aromatic-Rigid-Hydrophobic
12.750476426681782,12.750476426681782,0.0575187914672035,-3.514664115646258,0.9287960994617072,16.130434782608695,334.44100000000014,312.2650000000001,334.135113564,124,0,0.2405997926021355,-0.3607842423470584,0.3607842423470584,0.2405997926021355,1.173913043478261,1.8695652173913044,2.4782608695652173,32.23327225422259,10.028955877747508,2.2476969659236095,-2.1483860475316665,2.3023678543781263,-2.3259927889452716,7.891892163910648,0.3933781165323491,3.095689514386741,2.0051012054428203,798.8591801515753,16.61251969619286,13.718034958860104,14.534531539787832,10.881847280265069,7.945092339849288,9.42825558744368,6.2821151675293745,7.9645174089388915,4.47669611866208,6.139187036760758,3.266797349209646,4.842337037887692,-1.6599999999999997,196180.03590571653,16.2067005901362,6.091591860971229,3.1859397048219704,136.67817471402043,4.523094936973348,5.7602474188744415,0.0,10.023291153407584,0.0,0.0,0.0,13.139891848781026,0.0,0.0,30.13104063990069,50.806124896779494,11.605292320844956,10.589411470366237,12.940891921302285,10.023291153407584,0.0,9.878758121577532,0.0,57.39182239544165,0.0,35.21672811080473,0.0,11.126902983393991,4.722094864452088,0.0,0.0,0.0,19.616301070602344,10.023291153407584,20.771211599071872,42.70091339712394,27.61767961787595,0.0,11.126902983393991,0.0,72.2,10.023291153407584,8.417796984328938,0.0,6.041840829147961,10.655730894392216,48.06756896164349,0.0,6.06636706846161,32.903945735995094,9.878758121577532,4.523094936973348,33.546136187512445,0.0,0.3350925925925925,3.9499238001623462,3.185577391450408,0.6930121462165115,5.529772350298143,4.01413095212067,5.511018695293136,-3.514664115646258,0.4705882352941176,23,1,5,1,0,1,0,1,1,2,0,0,4,1,6,1,4,1,0,1,0,0,4.292374148177013,3,3.4877600000000015,88.72750000000005,0,0,0,0,0,1,0,0,0,0,0,0,0,0,0,1,1,0,0,0,0,0,0,0,0,0,0,0,0,0,3,0,0,0,1,0,0,0,0,0,0,0,0,0,0,0,0,0,0,0,0,0,0,0,0,0,0,0,0,0,0,0,0,0,0,0,0,0,0,0,0,0,0,0,0,0,1,0,0,0,0,0,0,0,0,CHEMBL2181721,Cc1ccc(-c2c(C)noc2C)cc1S(=O)(=O)NC1CCCC1,125.89,2.0999912335446846,CHEMBL613107,PBMC,0,Medium-Nonpolar-Aromatic-Rigid-Hydrophobic,Medium-Nonpolar-Aromatic-Rigid-Hydrophobic
13.67396267461428,13.67396267461428,0.2429269547325105,-0.6409607082298281,0.6832156649390793,10.761904761904765,303.33700000000005,292.24899999999997,303.064174792,106,0,0.1351356231030606,-0.2415798461175183,0.2415798461175183,0.1351356231030606,1.0476190476190477,1.8571428571428572,2.619047619047619,32.16654978199268,10.141652373278696,2.099346512301464,-2.0022919143386617,2.2268438829856043,-1.9405983754243683,7.979428393364125,0.5849963483616024,2.947382947871574,1.740723364255054,743.6844729700213,14.656489770562878,10.909077226875374,11.7255738078031,10.220346690612276,6.256189815180308,7.241788374833795,4.353905935481889,5.372184480614895,2.852426640579692,3.8515661981004254,1.8395124135179903,2.596614545379911,-2.2099999999999995,104396.30401361117,13.758455946810924,6.05053824746421,3.277031624063791,124.16004948355148,0.0,17.328369676940248,0.0,0.0,0.0,0.0,0.0,13.462633030494825,0.0,16.860566757692155,23.4124863010397,24.26546827384644,16.52530203567638,12.073631961346432,8.78083009534964,11.761884949391115,0.0,14.99386983910109,0.0,10.772271865251131,0.0,66.36222180139775,0.0,11.257379486545457,0.0,8.78083009534964,0.0,11.761884949391115,14.99386983910109,5.876788389733356,11.634441682091788,0.0,59.62326359482373,0.0,11.257379486545457,0.0,30.71,11.634441682091788,8.78083009534964,0.0,5.563451491696996,11.570716384581818,10.961850543979384,12.13273413692322,22.640531456149375,30.33183534230805,10.312066903955904,0.0,28.18712390209223,1.5954025205761315,1.1134377231915114,7.882990992693374,0.6328914714033769,-0.6797665378162657,13.289489277821849,1.6450973167044596,0.0,0.0,0.0666666666666666,21,0,3,0,0,0,0,2,1,3,0,0,4,0,6,1,4,0,0,0,0,0,3.9640982824871864,3,3.9731000000000023,77.67300000000002,0,0,0,0,0,3,0,0,0,0,0,0,0,0,0,3,0,0,0,0,0,0,0,0,0,0,0,0,0,0,0,0,0,0,2,0,0,0,0,0,0,0,0,0,2,0,0,0,0,0,0,0,0,0,0,0,0,0,0,0,0,0,0,0,0,0,0,0,0,0,0,0,0,0,0,1,0,0,0,0,0,0,0,0,0,CHEMBL5279138,Fc1ccc(-c2cn(CSc3ccccc3)nn2)c(F)c1,1.49,0.173186268412274,CHEMBL1907611,Tumour suppressor p53/oncoprotein Mdm2,0,Medium-Nonpolar-Aromatic-Rigid-Hydrophobic,Medium-Nonpolar-Aromatic-Rigid-Hydrophobic
13.12390731982623,13.12390731982623,0.5064260387797097,-4.700652717500887,0.6464105778980603,12.79310344827586,396.3680000000001,381.24800000000016,396.10856238,146,0,0.4166858819964537,-0.3268284322696473,0.4166858819964537,0.3268284322696473,0.7586206896551724,1.2758620689655171,1.862068965517241,19.413187548216595,10.056201265885877,2.3533175339703196,-2.168095722691093,2.4249084455764596,-2.4124782974665586,6.050721221908066,-0.1374788749400548,3.013323503799369,1.5666519246069963,1063.46155817329,20.595647359318296,14.955943499420544,14.955943499420544,13.859191910946032,8.82327121133102,8.82327121133102,6.578442307977587,6.578442307977587,4.813345231475915,4.813345231475915,3.577004533208108,3.577004533208108,-3.6099999999999985,4287163.828501499,18.73939287866469,7.087497907384857,3.4665170205332485,163.91890361176456,5.316788604006331,0.0,0.0,0.0,5.907179729351506,12.207413029781549,10.111325788078153,4.794537184071822,13.17124514302446,0.0,60.6636706846161,34.386540103711205,0.0,17.16874381254195,22.760319511168102,11.938294241689578,0.0,10.633577208012662,0.0,12.218139346591435,0.0,95.05021078832732,0.0,11.126902983393991,10.633577208012662,17.96578232709628,0.0,0.0,11.938294241689578,6.176298517443475,0.0,33.090183980007765,72.79640482153933,0.0,11.126902983393991,0.0,58.2,35.283336571675,22.760319511168102,0.0,0.0,0.0,34.386540103711205,12.13273413692322,0.0,53.84772515169921,5.316788604006331,0.0,39.37172195947869,0.0,24.754609158478207,4.70624858276644,1.923609532936735,-1.1157479318888048,17.9768780823963,-4.700652717500887,0.0,0.0,0.0909090909090909,29,2,4,1,0,1,3,3,0,3,0,0,2,2,7,0,2,0,0,0,0,0,4.57984164873099,4,4.914800000000003,101.1629,0,0,0,0,0,0,0,0,0,0,2,2,0,0,0,0,2,0,0,0,0,0,0,0,0,3,0,3,0,0,0,0,0,0,3,0,3,0,0,0,0,0,0,0,3,0,0,0,1,0,0,0,0,0,0,0,0,0,0,0,0,0,0,0,0,0,0,0,0,0,0,0,0,0,0,0,0,0,0,0,0,0,0,0,1,CHEMBL560850,O=C(NC(=O)c1ccccc1C(F)(F)F)NC1c2ccccc2-c2ccccc21,364.0,2.561101383649056,CHEMBL1949,Cyclophilin A,0,Medium-Nonpolar-Aromatic-Rigid-Hydrophobic,Medium-Nonpolar-Aromatic-Rigid-Hydrophobic
13.614507756830434,13.614507756830434,0.1466805129995061,-0.8734056185761074,0.7039449335073116,10.23076923076923,355.3440000000001,340.22400000000016,355.11323316,132,0,0.3245380041893227,-0.4850170323722134,0.4850170323722134,0.3245380041893227,1.0,1.8076923076923077,2.576923076923077,19.14547132807073,10.219729150766014,2.1157549506442006,-2.1218510654626868,2.2256782410534273,-2.2094525650671546,5.995078848239102,0.2611757170022832,2.6409495856634484,1.6621071078859728,904.29589931515,18.355160383312143,13.577598864718572,13.577598864718572,12.614193540729628,7.7643062516553405,7.7643062516553405,5.327711029907373,5.327711029907373,3.4191213090445385,3.4191213090445385,2.188170567094386,2.188170567094386,-3.479999999999999,880524.2832552217,17.34650511351389,8.06471380317952,4.535469945537772,148.20098624398392,10.05365155780638,18.241323646604705,11.567374611118932,0.0,0.0,6.031114512338072,5.316788604006331,18.559345800368668,0.0,0.0,30.33183534230805,29.828919765543436,12.263210640074686,5.687386274683562,18.312230233221513,17.536363564856664,0.0,4.983978520947208,0.0,6.606881964512918,10.633577208012662,84.05840743001798,0.0,5.749511833283905,15.370440161812713,25.080616331940053,5.749511833283905,0.0,11.01509303328528,6.606881964512918,11.634441682091788,5.563451491696996,66.86051425622918,0.0,0.0,0.0,63.25,17.66555619442986,13.575367279421462,0.0,11.50524905251859,18.422760866258432,17.696185628620217,6.196843571613076,12.13273413692322,30.33183534230805,15.61755572895987,4.736862953800049,32.21418155703565,0.0,16.12570586994108,4.79019184969672,0.8117804588527622,-1.0499662543909605,14.984207574211393,1.489551072724774,0.3010145385952563,0.0,0.0526315789473684,26,2,5,0,0,0,2,2,1,3,0,0,3,2,7,1,5,0,0,0,0,0,5.380561508687677,3,4.582800000000002,94.01040000000002,0,0,0,0,0,1,0,0,0,0,1,1,0,0,0,1,2,0,0,0,0,0,0,0,0,0,0,2,0,2,0,0,0,0,2,0,0,0,0,0,0,1,0,0,2,0,0,0,0,0,0,0,0,0,0,0,0,0,0,0,0,0,0,0,0,0,0,0,0,0,0,0,0,1,0,0,0,0,0,0,0,0,0,0,1,CHEMBL198293,O=C(Nc1ccc(F)cc1F)Nc1ncccc1OCc1ccccc1,458.0,2.660865478003869,CHEMBL1949,Cyclophilin A,0,Medium-Nonpolar-Aromatic-Rigid-Hydrophobic,Medium-Nonpolar-Aromatic-Rigid-Hydrophobic
13.697008399115182,13.697008399115182,0.171414609053498,-0.777622931888805,0.7358153204399475,12.192307692307692,346.3610000000001,331.2410000000001,346.11175594,128,0,0.3219664696147735,-0.3268284237806039,0.3268284237806039,0.3219664696147735,0.7692307692307693,1.3076923076923077,1.9230769230769231,19.14219427240949,10.06046469320415,2.291977842775492,-2.1585773971203093,2.423721275158219,-2.409477014857106,6.042226486657815,0.095939085399285,2.962552359501355,1.567615692969664,970.6527331214996,18.0956473593183,13.700014553402092,13.700014553402092,12.647867045540844,8.195306738321793,8.195306738321793,6.014945735007848,6.014945735007848,4.454737129958447,4.454737129958447,3.2940460462733863,3.2940460462733863,-3.4699999999999984,1359787.832592246,16.02313979590381,6.442653871928659,2.7327439983564252,149.2228906915155,5.316788604006331,5.817220841045894,0.0,0.0,5.907179729351506,6.031114512338072,10.111325788078153,9.184952231746642,0.0,0.0,60.6636706846161,34.386540103711205,0.0,11.605292320844956,13.979489415818463,11.938294241689578,0.0,10.633577208012662,0.0,6.041840829147961,0.0,95.30398013767622,0.0,11.126902983393991,10.633577208012662,9.184952231746642,0.0,0.0,11.938294241689578,0.0,5.817220841045894,27.526732488310767,72.79640482153933,0.0,11.126902983393991,0.0,58.2,17.75551508273547,13.979489415818463,0.0,11.605292320844956,0.0,22.253805966787983,18.19910120538483,6.06636706846161,48.53093654769288,10.633577208012662,0.0,13.697008399115182,0.0,24.47706238977072,5.0146393140589565,3.8489946413214815,-1.4495140090522485,20.078475931452576,0.0,0.0,0.0,0.0476190476190476,26,2,4,1,0,1,3,3,0,3,0,0,2,2,5,0,2,0,0,0,0,0,3.9704439864051486,4,4.035100000000003,96.1189,0,0,0,0,0,0,0,0,0,0,2,2,0,0,0,0,2,0,0,0,0,0,0,0,0,0,0,3,0,0,0,0,0,0,3,0,3,0,0,0,0,0,0,0,1,0,0,0,1,0,0,0,0,0,0,0,0,0,0,0,0,0,0,0,0,0,0,0,0,0,0,0,0,0,0,0,0,0,0,0,0,0,0,0,1,CHEMBL551508,O=C(NC(=O)c1ccccc1F)NC1c2ccccc2-c2ccccc21,159.0,2.2013971243204513,CHEMBL1949,Cyclophilin A,0,Medium-Nonpolar-Aromatic-Rigid-Hydrophobic,Medium-Nonpolar-Aromatic-Rigid-Hydrophobic
10.934815153580104,10.934815153580104,0.0473892119851719,-0.4199054357739422,0.4842617604200926,10.136363636363637,335.81600000000003,321.70400000000006,335.049525368,114,0,0.2738728383859199,-0.3324371905622988,0.3324371905622988,0.2738728383859199,1.0909090909090908,1.6363636363636365,2.1818181818181817,35.49569198349455,10.160951903088922,2.1118143495391557,-2.114076833089801,2.2305228711427447,-2.187221944356293,7.803895854679548,-0.3849422742431951,2.444151663875479,2.100457030505939,749.562573088626,16.275656403009393,12.014024555038532,13.586450081984712,10.363081100704113,6.457929294581806,7.244142058054897,4.801462779599543,5.616911196804012,3.093403488172294,3.704727760144832,1.8479004238573569,2.2641453144816133,-2.1799999999999997,66705.78721048958,16.19501810957284,6.7207809432045,3.929239665665008,137.99807023255326,10.633577208012662,0.0,5.112436884724758,0.0,5.687386274683562,0.0,10.114318268765572,0.0,0.0,0.0,23.733674027155736,49.82790053950976,28.027224423267057,4.923311048817671,4.923311048817671,45.99340904205466,0.0,0.0,0.0,13.847474399381248,10.633577208012662,62.66205697667055,0.0,0.0,10.633577208012662,17.062158824050687,0.0,23.81881333327921,10.035747933542428,0.0,23.96179266814682,11.126902983393991,36.39820241076966,5.022633313741326,0.0,0.0,67.2,4.923311048817671,10.114318268765572,0.0,5.687386274683562,21.38590796484664,11.250837766380558,6.06636706846161,25.122838405075456,19.056471336613843,10.633577208012662,23.81881333327921,0.0,11.252653348691108,10.514909717806162,17.81165717546181,2.9110165755160353,0.0,10.3560877002231,0.0,3.598119926746231,0.0,0.1333333333333333,22,2,5,0,0,0,0,2,0,2,0,0,3,2,7,0,3,0,0,0,0,0,4.9474167766213135,2,4.673940000000003,93.8658,0,0,0,0,0,0,0,0,0,0,0,0,1,0,0,1,2,0,0,0,0,0,0,0,0,0,0,0,0,2,2,0,0,0,2,0,0,0,0,0,0,0,0,0,1,0,0,0,0,0,0,0,0,0,0,0,0,0,1,1,0,0,0,0,0,0,0,0,0,0,0,0,0,0,0,0,0,0,0,0,0,0,0,0,0,CHEMBL489822,Cc1ccc(NC(=S)Nc2ccc(C)c([N+](=O)[O-])c2)cc1Cl,460.0,2.662757831681574,CHEMBL1949,Cyclophilin A,0,Medium-Nonpolar-Aromatic-Rigid-Hydrophobic,Medium-Nonpolar-Aromatic-Rigid-Hydrophobic
12.278968814007596,12.278968814007596,0.1851538660731781,-0.1851538660731781,0.5249552630411513,10.846153846153848,362.8200000000001,347.70000000000005,362.09343878,128,0,0.2527401432128466,-0.3550433647425454,0.3550433647425454,0.2527401432128466,1.0,1.8461538461538465,2.6538461538461537,35.49569191308368,10.036976768945236,2.149715295392207,-2.1358182329710065,2.3298981355188917,-2.1806888155872444,6.330178155276512,0.0964330372130173,2.685866129915595,2.0171229655087797,1143.116964355999,18.0956473593183,13.954142646369268,14.710071592387722,12.68587184800163,8.088768564299704,8.46673303730893,5.767379887645167,6.174580014385773,4.224611614367027,4.554199835407071,2.9722393862232965,3.155218320929652,-3.1799999999999993,1261650.698268162,16.297187296189254,6.612613624446675,2.721510179379139,154.58551927385915,10.633577208012662,5.817862777835028,0.0,0.0,5.907179729351506,0.0,9.778515705019029,4.983978520947208,0.0,0.0,35.866408164078955,24.26546827384644,35.60003176929773,21.790171797738147,4.794537184071822,50.68874203311326,0.0,15.284745645900744,0.0,0.0,12.36446058668352,71.51070849635735,0.0,0.0,10.633577208012662,11.50524905251859,0.0,11.600939890232516,22.92280875392311,0.0,0.0,10.357988675768818,60.924623690919034,5.022633313741326,21.67537336101065,0.0,66.91,0.0,4.794537184071822,0.0,5.907179729351506,21.920648300889617,21.84605891807795,0.0,25.507726194364952,42.46456947923127,15.61755572895987,16.58491841117972,0.0,6.280986783823484,21.27056279059,9.239085935108664,1.871683647224322,0.4392471165420906,14.904723072403298,3.5009796233308137,0.0,1.6038421420884443,0.05,26,2,5,0,0,0,1,2,2,4,0,0,4,2,6,2,3,0,0,0,0,0,4.144884721343859,4,4.539600000000003,105.16890000000002,0,0,0,0,0,2,0,0,0,0,1,1,0,0,0,2,2,0,0,0,0,0,0,0,0,0,0,1,0,2,0,0,0,0,2,0,3,0,0,0,0,0,0,0,1,0,0,0,0,0,0,0,0,0,0,0,0,0,0,0,0,0,0,0,2,0,0,0,0,0,0,0,0,2,0,0,0,0,0,0,0,0,0,0,0,CHEMBL1915644,CNC(=O)c1cccc2c1nc(Nc1ccccc1Cl)c1ccncc12,1.0,0.0,CHEMBL4523,Serine/threonine-protein kinase PIM2,0,Medium-Nonpolar-Aromatic-Rigid-Hydrophobic,Medium-Nonpolar-Aromatic-Rigid-Hydrophobic
12.93668357313261,12.93668357313261,0.2431228105975578,-0.2431228105975578,0.6305918550772673,11.136363636363637,293.30500000000006,281.20900000000006,293.10767360399996,108,0,0.2034899313060052,-0.3628218315579528,0.3628218315579528,0.2034899313060052,1.0454545454545454,1.8636363636363635,2.727272727272727,19.142142505324973,10.193959605668269,2.091495441814748,-2.086577198338258,2.197517697014991,-2.0441767519729357,5.818944890642055,0.6268841003500566,3.040321103163543,1.7319995738525198,945.7412368876096,14.940946820939052,11.570078058902242,11.570078058902242,10.809663088089318,6.879238260170925,6.879238260170925,4.9536932968511165,4.9536932968511165,3.506294520673903,3.506294520673903,2.412258987033342,2.412258987033342,-3.0199999999999996,249817.104404742,12.700482099286225,5.068834836970105,2.1431488408167567,124.99605946468373,5.316788604006331,12.144540915810436,5.817862777835028,5.647177220767728,0.0,0.0,4.400694606261793,9.374393568622027,0.0,10.197363616602075,24.26546827384644,29.828919765543436,6.544756405912575,11.033401435232523,4.39041504767482,22.49844143383528,0.0,19.582036743811077,0.0,6.544756405912575,5.316788604006331,66.23892895520031,0.0,0.0,5.316788604006331,10.208277825509848,0.0,0.0,19.582036743811077,6.544756405912575,5.817220841045894,5.563451491696996,54.858256622457425,0.0,16.68057865600025,0.0,55.11,0.0,4.39041504767482,0.0,5.817220841045894,18.00979640451533,16.59685292692952,12.13273413692322,18.46005421168776,28.666162880108235,20.498130741555613,0.0,14.834826577247837,0.0,4.599689783320736,11.329966003746668,3.4454388044882283,0.410141078291331,14.17501654601565,1.6690677960807832,0.5358534108087679,0.0,0.0625,22,1,5,0,0,0,0,2,2,4,0,0,5,1,6,2,3,0,0,0,0,0,2.9262111868716913,4,3.0287000000000006,82.0147,0,0,0,0,0,4,0,0,0,0,0,0,0,0,0,4,1,0,0,0,0,0,0,0,0,0,0,0,0,1,0,0,0,0,2,0,3,0,0,0,0,0,0,0,1,0,0,0,0,0,0,0,0,0,0,0,0,0,0,0,0,0,0,0,2,0,0,0,0,0,0,0,0,0,0,0,0,0,0,0,0,0,0,0,0,CHEMBL1485768,Fc1ccc(CNc2nc3ccccc3n3cnnc23)cc1,1422.0,3.1528995963937474,CHEMBL2096976,Peroxisome proliferator-activated receptor gamma/Nuclear receptor corepressor 2,0,Medium-Nonpolar-Aromatic-Rigid-Hydrophobic,Medium-Nonpolar-Aromatic-Rigid-Hydrophobic
12.72582873169844,12.72582873169844,0.0533179012345677,0.0533179012345677,0.6573415757064257,23.76,374.31100000000015,353.1430000000001,373.10001965200007,130,0,0.2226338467330378,-0.3347618855669366,0.3347618855669366,0.2226338467330378,0.92,1.68,2.36,35.496784252199944,9.794220617644465,2.3958855580847036,-2.4189178932085067,2.4515954286417965,-2.4269296660901065,6.304346300467294,-0.1374116836878748,3.4153567328356904,1.7442529807146303,769.7204464868311,17.388540578131753,13.9977776990009,15.50963559103781,12.114193540729628,8.92008663681866,9.676015582837111,7.186038203511291,8.058909764455262,5.346634273376659,5.833707691503883,3.905167779431656,4.229883391516472,-1.5099999999999996,1136029.6179027387,16.931600432993154,7.010782020629235,3.703928809608794,158.2892022720825,4.899909730850477,0.0,0.0,5.907179729351506,0.0,0.0,4.794537184071822,0.0,0.0,0.0,47.46734805431147,60.57274217217986,28.92875070248263,6.041840829147961,4.794537184071822,29.10905950981654,0.0,4.899909730850477,5.917906046161393,37.64303336701339,6.544756405912575,69.70310615856953,0.0,0.0,0.0,0.0,0.0,23.20187978046503,17.35184586611456,4.794537184071822,5.917906046161393,48.76993635040739,48.53093654769288,10.045266627482652,0.0,0.0,20.31,0.0,4.794537184071822,0.0,17.86692660466086,12.338727669087405,28.57429614801823,18.405094737549017,0.0,30.33183534230805,23.09901093623531,23.20187978046503,0.0,12.32613198027655,14.83294796828196,1.469382847274713,2.3646504157218446,1.192884350242154,16.075196422483728,3.930083651773467,0.8642779195011339,0.0,0.3809523809523809,25,0,2,1,1,2,1,2,0,2,2,0,1,0,4,1,4,1,1,2,0,0,4.748150395844263,4,5.850700000000005,102.05700000000006,0,0,0,0,0,0,0,0,0,0,1,1,0,0,0,1,0,0,0,0,1,0,0,0,0,0,0,1,0,0,0,0,0,0,2,0,0,0,0,0,0,0,0,0,2,0,0,0,0,0,0,0,0,0,0,0,0,0,0,0,0,0,0,0,0,0,0,0,0,1,0,0,0,0,0,0,0,0,0,0,0,0,0,0,0,CHEMBL2177192,O=C1CC[C@H](c2cccc(Cl)c2)[C@@H](c2ccc(Cl)cc2)N1CC1CC1,820.0,2.9138138523837167,CHEMBL1907611,Tumour suppressor p53/oncoprotein Mdm2,3,Medium-Nonpolar-Aromatic-Rigid-Hydrophobic,Medium-Nonpolar-Aromatic-Rigid-Hydrophobic
12.090550079229732,12.090550079229732,0.3708693415637858,-0.3708693415637858,0.7365511094753912,10.0,319.364,302.228,319.132076784,120,0,0.3244521423656945,-0.4850170323722791,0.4850170323722791,0.3244521423656945,0.875,1.5833333333333333,2.3333333333333335,16.478490513206022,10.219758943437716,2.0896423625938443,-2.1182904870159,2.219752526940113,-2.201335566820609,5.993910891291601,0.2613007437854363,2.6250887927784516,1.640603914222453,791.9768703105933,16.61467340730599,12.976370457079373,12.976370457079373,11.809663088089316,7.558991509456488,7.558991509456488,5.06956821089589,5.06956821089589,3.2714468265748513,3.2714468265748513,2.1275879383548095,2.1275879383548095,-3.3399999999999994,427784.46967117646,15.551687939991696,7.781521091589145,4.330201604874446,139.86991543813147,10.05365155780638,6.606881964512918,11.567374611118932,0.0,0.0,6.031114512338072,5.316788604006331,9.778515705019029,0.0,0.0,48.53093654769288,29.828919765543436,11.884229846296638,0.0,9.53140013787187,17.536363564856664,0.0,4.983978520947208,0.0,6.606881964512918,10.633577208012662,84.55669988484941,0.0,5.749511833283905,15.370440161812713,16.299786236590414,5.749511833283905,0.0,11.01509303328528,6.606881964512918,0.0,5.563451491696996,78.99324839315241,0.0,0.0,0.0,63.25,0.0,4.794537184071822,0.0,6.031114512338072,23.861642850315413,5.563451491696996,0.0,18.329577708536295,60.6636706846161,15.61755572895987,4.736862953800049,5.7692899659863945,0.0,16.266179645871205,5.454928480460136,1.74881962403878,0.8948398001175784,22.1903221796575,1.6046702569916855,0.4042833802100576,0.0,0.0526315789473684,24,2,5,0,0,0,2,2,1,3,0,0,3,2,5,1,5,0,0,0,0,0,5.04232448811908,3,4.304600000000002,94.09440000000002,0,0,0,0,0,1,0,0,0,0,1,1,0,0,0,1,2,0,0,0,0,0,0,0,0,0,0,2,0,2,0,0,0,0,2,0,0,0,0,0,0,1,0,0,0,0,0,0,0,0,0,0,0,0,0,0,0,0,0,0,0,0,0,0,1,0,0,0,0,0,0,0,0,1,0,0,0,0,0,0,0,0,0,0,1,CHEMBL202880,O=C(Nc1ccccc1)Nc1ncccc1OCc1ccccc1,754.0,2.877371345869774,CHEMBL1949,Cyclophilin A,0,Medium-Nonpolar-Aromatic-Rigid-Hydrophobic,Medium-Nonpolar-Aromatic-Rigid-Hydrophobic
13.33291901122589,13.33291901122589,0.1889035336356763,-1.560306870433359,0.50462152392408,18.275862068965516,399.8770000000001,381.73300000000023,399.102606496,142,0,0.2569167774259071,-0.3629560723372209,0.3629560723372209,0.2569167774259071,0.8275862068965517,1.5172413793103448,2.3448275862068964,35.495691806372676,9.931427897000912,2.4918361210145177,-2.3490579509327656,2.432077298510535,-2.4376415456114913,6.30112033987609,-0.0540684122415509,2.9733161275620783,1.6790064289955828,1229.7724030420454,20.00986092169139,15.548000773503944,16.3039297195224,14.086372094396715,9.453792610878056,9.831757083887284,7.254260294160764,7.690696074632749,5.623976948635906,5.875953263975391,4.191912046282127,4.317900203951869,-3.139999999999999,7151943.253650761,17.924669731351802,6.729362166924155,2.7398042794613136,173.3351070023456,5.106527394840706,0.0,5.724985593970254,0.0,5.907179729351506,0.0,9.6944469149223,0.0,0.0,0.0,84.39734471177185,34.535001126011416,21.712987788832315,6.544756405912575,9.901064578912528,28.280568048513615,0.0,4.899909730850477,0.0,12.269741999882829,0.0,118.2719453074535,0.0,0.0,0.0,0.0,0.0,11.600939890232516,15.91361685504269,12.269741999882829,0.0,27.048343150859804,90.99550602692418,5.022633313741326,10.772448428929591,0.0,40.54,5.724985593970254,9.901064578912528,0.0,12.45193613526408,21.712987788832315,16.335899920626588,0.0,35.23174507315853,60.6636706846161,0.0,11.600939890232516,0.0,6.061970960246491,14.87724251840654,14.678444262767856,1.1432367733616091,-0.1889035336356763,28.33674602754555,0.0,0.2857074357520783,0.0,0.08,29,1,3,0,1,1,1,4,0,4,1,0,2,1,4,1,3,0,0,0,0,1,4.159365322233426,5,5.342600000000004,114.7143,0,1,0,0,0,0,0,0,0,0,1,1,0,0,0,1,0,0,0,0,0,0,0,0,0,0,0,1,0,0,0,0,0,0,4,0,2,0,0,0,0,0,0,0,1,0,0,0,0,0,0,0,0,0,0,0,0,0,0,0,0,0,0,0,0,0,0,0,0,0,0,0,0,0,0,0,0,0,0,0,0,0,0,0,0,CHEMBL1688152,O=C1c2ccccc2C(O)(c2ccc(Cl)cc2)N1Cc1cccc2ccccc12,47000.0,4.672097857935717,CHEMBL5023,p53-binding protein Mdm-2,3,Medium-Nonpolar-Aromatic-Rigid-Hydrophobic,Medium-Nonpolar-Aromatic-Rigid-Hydrophobic
12.556997841224032,12.556997841224032,0.0722893571008649,-0.5706592929744072,0.5892684621574981,17.964285714285715,392.4800000000002,372.32000000000016,392.11946350000005,142,0,0.3440782959624087,-0.4619448242725584,0.4619448242725584,0.3440782959624087,1.1785714285714286,2.0,2.7857142857142856,32.16649250286354,9.990856231259365,2.394005713505305,-2.294628735620524,2.4533548417234456,-2.320369000061983,7.989076981116139,-0.1397550172487397,3.221187600365739,1.6853685864929435,1080.623559013303,19.25034789769755,15.656812385922786,16.47330896685051,13.702708600407234,9.643481084329643,10.798181622708896,7.111285118317582,8.33602998970917,5.449270549220231,6.391769190079967,4.229101149634614,5.132197260195921,-2.599999999999999,5208299.576780159,17.49519181822389,6.777282688093502,2.5095721760541707,167.00013214224265,9.636772684650529,5.5731045300692665,0.0,0.0,5.907179729351506,5.969305287951848,4.794537184071822,9.786941916707493,11.761884949391115,0.0,31.18920547353706,18.050640183084617,52.19161075069814,12.31856696728362,14.325937321943693,51.3829942031476,0.0,0.0,4.992404732635668,13.344558822616634,36.10201172068212,47.03184285577131,0.0,0.0,4.899909730850477,5.687386274683562,0.0,11.761884949391115,48.7902720099057,14.325937321943693,0.0,24.471461806010623,40.89734460501298,0.0,16.34555295899886,0.0,58.97,11.876485017303354,9.589074368143644,0.0,5.5731045300692665,24.312493120278894,46.494571437642314,5.687386274683562,0.0,36.884723354466566,22.025048600409367,4.736862953800049,5.26578295517013,1.9839383070876924,31.68687728397144,2.236567197866801,4.376103571185642,1.1901809898788636,10.268046212312086,0.7118516173814693,4.280651865145879,0.0,0.3181818181818182,28,0,5,1,2,3,1,2,0,2,0,0,5,0,6,2,4,0,1,1,0,0,4.234637879804423,5,3.442700000000002,113.20000000000005,0,0,0,0,0,0,0,0,0,0,2,2,0,0,1,2,0,0,0,0,0,0,0,0,0,0,1,1,0,1,0,0,0,0,2,0,3,0,0,0,1,1,0,0,0,0,0,0,0,0,0,0,0,0,0,0,0,0,0,0,0,0,0,0,0,0,0,0,0,0,0,0,0,0,0,1,0,0,0,0,0,0,0,0,0,CHEMBL2312467,CCCOC(=O)C1=C2C(=NC1=O)c1cccc3c(N4CCSCC4)ccc2c13,2100.0,3.322219294733919,CHEMBL4860,Apoptosis regulator Bcl-2,0,Medium-Nonpolar-Aromatic-Rigid-Hydrophobic,Medium-Nonpolar-Aromatic-Rigid-Hydrophobic
12.95801317852244,12.95801317852244,0.117762345679012,-0.2620524691358028,0.7171068891915061,16.541666666666668,358.2280000000001,345.124,357.04356739599996,120,0,0.2770177705874728,-0.2951997217263197,0.2951997217263197,0.2770177705874728,1.0833333333333333,1.8333333333333333,2.5416666666666665,35.49678416243256,9.987668049521476,2.414866961842481,-2.260581387392196,2.422965766820173,-2.288700541316297,6.30805988052919,0.0988517773462962,3.07363663104652,1.9140239063656188,933.6918611155024,16.844570503761737,12.754756850188867,14.266614742225778,11.558550648063804,7.4547993782696995,8.210728324288155,5.70680576629139,6.57967732723536,4.230952043779018,4.718025461906241,3.1586227853700604,3.469139322267432,-2.2999999999999994,480802.83092134504,15.240756281860056,5.65223353432445,2.3023682442707267,148.55973691566163,0.0,5.693927994848461,0.0,0.0,5.907179729351506,0.0,14.793128723223337,0.0,5.098681808301038,0.0,41.40098098584986,42.81902403369567,21.29610439386321,11.735768823996422,4.794537184071822,34.7964457845001,0.0,10.197363616602075,0.0,12.965578028838586,4.899909730850477,81.09096214826644,0.0,0.0,4.899909730850477,5.687386274683562,0.0,23.20187978046503,16.10454334595358,0.0,6.923737199690624,33.3511369863107,48.53093654769288,10.045266627482652,0.0,0.0,48.99,0.0,4.794537184071822,0.0,11.949020558499466,15.739194622331112,22.508217252926013,0.0,17.032643867773697,43.32193961046029,10.197363616602075,23.20187978046503,0.0,12.141493182370557,14.699049648666051,8.30192906483581,3.935163926681785,-0.117762345679012,14.533178649325082,0.0,1.8958367626886143,0.0,0.1111111111111111,24,1,4,0,1,1,1,2,1,3,1,0,2,1,6,2,2,0,0,0,0,1,3.5893464060331435,4,4.774720000000002,94.88120000000004,0,0,0,0,0,2,1,0,0,0,1,1,0,0,0,2,1,0,0,0,0,1,0,0,0,0,0,1,0,1,1,0,0,0,2,0,1,0,0,0,0,0,0,0,2,0,0,0,0,0,0,0,0,0,0,0,0,0,0,0,0,0,0,0,0,0,0,0,0,0,0,0,0,0,0,0,0,0,0,0,0,0,0,0,0,CHEMBL4573478,Cc1n[nH]c2c1C(c1ccc(Cl)cc1)N(c1cccc(Cl)c1)C2=O,350.0,2.5440680443502757,CHEMBL1907611,Tumour suppressor p53/oncoprotein Mdm2,0,Medium-Nonpolar-Aromatic-Rigid-Hydrophobic,Medium-Nonpolar-Aromatic-Rigid-Hydrophobic
13.651833480305704,13.651833480305704,0.0033569538926681,-4.649943721830297,0.501066170479105,12.0,391.7360000000001,382.66400000000016,391.0335388680001,136,0,0.4179451752879651,-0.2929845453850425,0.4179451752879651,0.2929845453850425,1.037037037037037,1.7407407407407407,2.407407407407407,35.495691775232416,10.044729256892827,2.3445511426746384,-2.2046728950691654,2.3774019436298683,-2.27410975713657,6.301437856210118,-0.1360175045795608,2.5965818326808674,2.2941799956860076,1260.222183393463,19.344570503761737,13.341583817481558,14.097512763500012,12.75303876106338,7.6749456353240495,8.052910108333275,5.805692810477839,6.242128590949824,4.106146366483311,4.358122681822795,3.0100064801628954,3.135994637832637,-3.129999999999999,1144760.2257376793,17.292166771076165,5.951915593271635,2.874239748950632,153.56305512307523,0.0,0.0,5.824404497999927,0.0,5.559266895052007,11.86604191564695,14.345615352810384,4.794537184071822,18.155223663971668,0.0,23.733674027155736,36.39820241076966,16.096243802889685,16.643603701010253,13.17124514302446,22.503864822313577,0.0,14.53505668968577,0.0,6.176298517443475,0.0,79.95510601453033,0.0,17.075242264380485,11.24901029325548,13.17124514302446,0.0,11.600939890232516,14.53505668968577,6.176298517443475,0.0,5.563451491696996,58.12001091583653,5.022633313741326,27.97816719646154,0.0,67.75,22.988760302395953,22.760319511168102,0.0,27.97816719646154,5.022633313741326,10.633466716252965,42.46456947923127,0.0,4.983978520947208,4.983978520947208,11.600939890232516,42.108733465608466,5.880030444276475,29.738668627173094,0.5634086697950798,-2.518188758013493,-0.1710440287226002,10.909446412824389,-4.649943721830297,0.0,0.0,0.0555555555555555,27,1,5,0,2,2,0,2,0,2,0,0,4,1,9,2,1,0,0,0,0,0,3.811908038748957,4,3.8510000000000018,94.59470000000002,0,0,0,0,0,3,1,0,0,0,0,0,0,0,0,2,1,0,0,0,0,1,0,0,0,3,0,0,0,0,0,0,0,0,2,0,2,0,0,0,0,0,0,0,4,0,0,0,0,0,0,0,0,0,0,0,0,0,0,0,0,0,0,0,1,0,0,0,0,0,0,0,0,1,0,0,0,0,0,0,0,0,0,0,0,CHEMBL2440444,O=c1nc2n(-c3ccc(Cl)cc3)c3c(C(F)(F)F)cccc3cc-2c(=O)[nH]1,11900.0,4.075546961392531,CHEMBL5023,p53-binding protein Mdm-2,0,Medium-Nonpolar-Aromatic-Rigid-Hydrophobic,Medium-Nonpolar-Aromatic-Rigid-Hydrophobic
13.0137282515887,13.0137282515887,0.1583508125472408,-1.493010007243639,0.7530870300141287,18.846153846153847,363.8440000000001,345.70000000000016,363.102606496,130,0,0.2566210861770217,-0.362963864894978,0.362963864894978,0.2566210861770217,0.8846153846153846,1.5384615384615383,2.269230769230769,35.49569165313982,9.934322851699738,2.4880141709656476,-2.3465606093727143,2.418953869961354,-2.4527021822883333,6.301075775771038,-0.0493271534344289,2.8989417504628654,1.7566911196290538,939.8707763896454,18.148053602125593,14.10040701631124,14.856335962329696,12.603208846802325,8.543109008355097,8.921073481364324,6.417079489017253,6.853515269489238,4.882493076127469,5.134469391466954,3.553914081048629,3.679902238718371,-2.619999999999999,1302853.997260023,16.82732523605254,6.596659388629395,2.697087103508242,157.018384585007,10.006437125691182,0.0,5.724985593970254,0.0,5.907179729351506,0.0,4.794537184071822,0.0,0.0,0.0,72.26461057484862,30.183374320007836,28.25774419474489,0.0,9.901064578912528,17.508119619584022,0.0,4.899909730850477,0.0,12.145807216896262,6.544756405912575,106.13921117053027,0.0,0.0,0.0,0.0,0.0,11.600939890232516,22.458373260955263,12.145807216896262,0.0,27.048343150859804,78.86277189000094,5.022633313741326,0.0,0.0,40.54,5.724985593970254,9.901064578912528,0.0,5.907179729351506,34.6785658176709,5.563451491696996,0.0,35.23174507315853,48.53093654769288,0.0,11.600939890232516,0.0,6.008054948274924,14.563236943954536,12.264571009214317,1.4110360371000257,-0.1583508125472408,24.19605364886976,0.6631630116038183,0.4133463246409676,0.0,0.1363636363636363,26,1,3,0,1,1,1,3,0,3,1,0,2,1,4,1,4,0,0,0,0,1,4.269389730920245,4,4.231900000000003,102.0753,0,1,0,0,0,0,0,0,0,0,1,1,0,0,0,1,0,0,0,0,0,0,0,0,0,0,0,1,0,0,0,0,0,0,3,0,1,0,0,0,0,0,0,0,1,0,0,0,0,0,0,0,0,0,0,0,0,0,0,0,0,0,0,0,0,0,0,0,0,0,0,0,0,0,0,0,0,0,0,0,0,0,0,0,0,CHEMBL1688149,O=C1c2ccccc2C(O)(c2ccc(Cl)cc2)N1CCc1ccccc1,7200.0,3.857332496431269,CHEMBL5023,p53-binding protein Mdm-2,0,Medium-Nonpolar-Aromatic-Rigid-Hydrophobic,Medium-Nonpolar-Aromatic-Rigid-Hydrophobic
12.158766254588766,12.158766254588766,0.345332577475435,-0.4254372427983537,0.6811503610951133,10.12,353.8090000000001,337.6810000000001,353.093104432,126,0,0.3244529470442037,-0.4850170323722791,0.4850170323722791,0.3244529470442037,1.0,1.84,2.64,35.49569161271145,10.219756428201102,2.093718652236409,-2.1198329599417725,2.224395396399078,-2.2018910437842325,6.304755536358485,0.2613013937456516,2.616582687174948,1.6468532170354546,856.0527586590256,17.484916895309066,13.276984660898972,14.032913606917424,12.203509938206668,7.658657348484061,8.036621821493288,5.213890155636206,5.650325936108191,3.322275272728535,3.5573723755162736,2.172337124969543,2.3626249731087436,-3.0499999999999994,594550.3845106404,16.795446105970598,8.168232713967686,4.958924907842416,150.17318166501312,10.05365155780638,6.606881964512918,11.567374611118932,0.0,0.0,6.031114512338072,5.316788604006331,9.778515705019029,0.0,0.0,47.99914230100217,35.89528683400505,16.906863160037965,0.0,9.53140013787187,29.137303455089175,0.0,4.983978520947208,0.0,6.606881964512918,10.633577208012662,83.51296613012913,0.0,5.749511833283905,15.370440161812713,16.299786236590414,5.749511833283905,11.600939890232516,11.01509303328528,6.606881964512918,0.0,5.563451491696996,72.9268813246908,5.022633313741326,0.0,0.0,63.25,6.031114512338072,4.794537184071822,0.0,0.0,28.88427616405674,5.563451491696996,0.0,42.595045982382736,30.33183534230805,15.61755572895987,16.337802844032566,5.767294081212732,5.909126966427489,16.325886733438743,5.931696418294924,1.6188583955927034,0.8384780836202799,19.74605877743317,1.587674372218023,0.3860372828730511,0.0,0.0526315789473684,25,2,5,0,0,0,2,2,1,3,0,0,3,2,6,1,5,0,0,0,0,0,5.487564493138809,3,4.958000000000003,99.1044,0,0,0,0,0,1,0,0,0,0,1,1,0,0,0,1,2,0,0,0,0,0,0,0,0,0,0,2,0,2,0,0,0,0,2,0,0,0,0,0,0,1,0,0,1,0,0,0,0,0,0,0,0,0,0,0,0,0,0,0,0,0,0,0,0,0,0,0,0,0,0,0,0,1,0,0,0,0,0,0,0,0,0,0,1,CHEMBL199968,O=C(Nc1cccc(Cl)c1)Nc1ncccc1OCc1ccccc1,316.0,2.499687082618404,CHEMBL1949,Cyclophilin A,0,Medium-Nonpolar-Aromatic-Rigid-Hydrophobic,Medium-Nonpolar-Aromatic-Rigid-Hydrophobic
13.197420871126226,13.197420871126226,0.053172608549592,-3.647117819349962,0.8113956012641607,15.88,364.4670000000002,340.2750000000001,364.145678248,136,0,0.2462760557337713,-0.4953371402671858,0.4953371402671858,0.2462760557337713,1.24,1.92,2.48,32.23342749312924,10.04295665856251,2.322286741077461,-2.2444949392114815,2.356436937109693,-2.349360777219942,7.888453473639348,0.3650756441879876,3.236070345017618,2.0910764181330888,847.696380273226,18.18986996538248,15.073496844823929,15.889993425751651,11.857409138786489,8.452652166800513,9.892715495601152,6.524338215044752,8.490264182676516,4.981623465487998,6.912872992208582,3.548170330096596,5.1432615132834725,-1.86,554128.5055290917,17.946842066290348,6.8018367623600735,3.180192791454646,148.36663354451923,9.259957890773396,16.40524272767612,0.0,10.023291153407584,0.0,0.0,0.0,8.417796984328938,4.305215991296233,0.0,24.064673571439076,44.38530327385348,18.652964303522147,12.803725536125995,17.677754875102334,10.023291153407584,0.0,9.461879248421678,0.0,50.46808519575103,14.157469523954724,29.653276619107732,0.0,16.876414816677897,4.736862953800049,0.0,5.749511833283905,0.0,38.07898658585329,10.023291153407584,13.847474399381248,37.137461905426946,27.61767961787595,0.0,11.126902983393991,0.0,72.64,10.023291153407584,8.417796984328938,0.0,10.937324304665736,11.509759252158346,42.50411746994649,11.415013532573766,19.18040611960041,19.913841467842857,5.156663257125445,9.259957890773396,38.44164662779967,0.0,0.1823148148148148,3.9589901581870377,2.3131775426219874,1.0097402263374486,5.236398389602754,3.949171894423518,3.660002775036144,-0.5014424288233803,0.5,25,0,6,1,0,1,0,1,1,2,0,0,5,0,7,1,5,1,0,1,0,0,4.882859605390556,3,3.530140000000002,95.16980000000004,0,0,0,0,0,1,0,0,0,0,0,0,0,0,0,2,0,0,0,0,0,0,0,0,0,0,0,0,0,0,2,0,0,0,1,0,0,0,0,0,0,1,0,0,0,0,0,0,0,0,0,0,0,0,0,1,0,0,0,0,0,0,0,0,0,0,0,0,0,0,0,0,0,0,0,0,1,0,0,0,0,0,0,0,0,CHEMBL2181703,COc1ccc(-c2c(C)noc2C)cc1S(=O)(=O)N(C)C1CCCC1,700.0,2.845098040014257,CHEMBL1795186,Bromodomain-containing protein 3,0,Medium-Nonpolar-Aromatic-Rigid-Hydrophobic,Medium-Nonpolar-Aromatic-Rigid-Hydrophobic
12.986587537792891,12.986587537792891,0.3860185185185187,-3.4496641156462577,0.86234621241387,16.652173913043477,334.4410000000002,312.2650000000001,334.135113564,124,0,0.242850812693574,-0.3607842423470504,0.3607842423470504,0.242850812693574,1.0869565217391304,1.7826086956521738,2.391304347826087,32.23342718595682,10.02893912523819,2.2769552299278355,-2.2635466267317965,2.313270026573616,-2.3548502001282845,7.887928825495589,0.3462657542746347,2.876114446958203,2.077259068673193,798.8591801515753,16.61251969619286,13.795005066356984,14.611501647284712,10.908720733802744,7.950826196963549,9.390889525764187,6.144192568808569,8.050549433586653,4.4430463726506355,6.483670165704149,3.1729629874210454,4.940870536616645,-1.6599999999999997,189846.56241481708,16.2067005901362,6.091591860971229,2.9277657038673612,136.88814620061575,4.523094936973348,5.7602474188744415,0.0,10.023291153407584,0.0,0.0,0.0,8.417796984328938,4.305215991296233,0.0,23.710219016974676,50.806124896779494,18.652964303522147,10.589411470366237,12.940891921302285,10.023291153407584,0.0,9.461879248421678,0.0,44.92915994336768,13.08951281182515,35.21672811080473,0.0,11.126902983393991,0.0,0.0,0.0,0.0,30.969189044575767,10.023291153407584,20.771211599071872,36.28009177419793,27.61767961787595,0.0,11.126902983393991,0.0,63.41,10.023291153407584,8.417796984328938,0.0,0.0,23.74524370621737,41.646747338717475,0.0,10.371583059757842,32.903945735995094,5.156663257125445,4.523094936973348,32.79214534348327,0.0,0.3860185185185187,3.961800511297264,3.2511905549256745,0.7015495611824978,5.542598340262031,2.966062022209659,6.764965930434004,-3.4496641156462577,0.4705882352941176,23,0,5,0,1,1,0,1,1,2,0,0,4,0,6,2,3,0,1,1,0,0,4.292374148177013,3,3.441460000000002,88.75980000000004,0,0,0,0,0,1,0,0,0,0,0,0,0,0,0,2,0,0,0,0,0,0,0,0,0,0,0,0,0,0,3,0,0,0,1,0,0,0,0,0,0,0,0,0,0,0,0,0,0,0,0,0,0,0,0,0,0,0,0,0,0,0,0,0,0,0,0,0,0,1,0,0,0,0,0,0,1,0,0,0,0,0,0,0,0,CHEMBL2181706,Cc1ccc(-c2c(C)noc2C)cc1S(=O)(=O)N1CCCCC1,800.0,2.903089986991944,CHEMBL1795186,Bromodomain-containing protein 3,0,Medium-Nonpolar-Aromatic-Rigid-Hydrophobic,Medium-Nonpolar-Aromatic-Rigid-Hydrophobic
14.373931458385824,14.373931458385824,0.2366983182161761,-1.847089579659024,0.8510363968353962,14.458333333333334,329.3710000000001,309.211,329.14272171999994,126,0,0.3081576410538651,-0.4809679535909321,0.4809679535909321,0.3081576410538651,1.0,1.5833333333333333,2.125,19.14429327012121,9.931523074354017,2.2954516138753314,-2.237817313582466,2.2517222796546226,-2.3700449246332105,5.830362501264991,-0.1422888903151449,2.594292916557035,2.2288934130538944,700.311656543799,17.689869965382485,13.569877879712424,13.569877879712424,11.396754605515328,7.686183061515736,7.686183061515736,5.797094703202274,5.797094703202274,3.946175274439301,3.946175274439301,2.41317886136185,2.41317886136185,-2.6899999999999995,213852.75369762955,17.660547207646786,7.725175166459064,4.189410093769004,139.87576766515508,10.423315998847038,0.0,0.0,6.171675395510292,5.907179729351506,5.969305287951848,9.589074368143644,4.39041504767482,0.0,0.0,60.160755107851486,24.97437738277524,0.0,11.959746875309351,19.086016810659167,11.876485017303354,0.0,5.316788604006331,5.917906046161393,26.0609906240395,0.0,71.28765809124549,0.0,0.0,5.316788604006331,4.39041504767482,0.0,0.0,16.98301241214406,9.589074368143644,12.841643245852016,35.82760789943986,54.59730361615449,0.0,0.0,0.0,66.4,30.007907288123,19.086016810659167,0.0,5.563451491696996,5.563451491696996,5.563451491696996,19.056471336613846,30.33183534230805,19.056471336613843,5.316788604006331,0.0,14.373931458385824,0.0,23.59942495325342,11.829153845192806,1.878892652995288,-2.795834488116233,14.398146462390692,-1.847089579659024,3.3967080288905684,0.0,0.2631578947368421,24,2,4,0,0,0,1,2,0,2,3,0,2,2,5,0,6,0,0,0,0,0,5.684617529774623,2,3.583820000000002,89.15350000000004,1,0,0,0,0,0,0,0,1,1,2,1,0,0,0,0,1,0,0,0,0,0,0,0,0,1,0,1,0,0,1,0,0,0,2,0,0,0,0,0,0,0,0,0,1,0,0,0,0,0,0,0,0,0,0,0,0,0,0,0,0,0,0,0,0,0,0,0,0,0,0,0,0,0,0,0,0,0,0,0,0,0,0,0,0,CHEMBL5286321,Cc1ccc([C@@H](NC(=O)[C@H](F)c2ccccc2)[C@@H](C)C(=O)O)cc1,90000.0,4.954242509439325,CHEMBL3038498,Keap1/Nrf2,0,Medium-Nonpolar-Aromatic-Rigid-Hydrophobic,Medium-Nonpolar-Aromatic-Rigid-Hydrophobic
13.84594275776154,13.84594275776154,0.0227700617283954,-3.82014349489796,0.8582689331085654,19.82608695652174,382.81200000000007,372.7320000000001,381.97119852,124,0,0.2811856901086828,-0.3819919300515424,0.3819919300515424,0.2811856901086828,1.3478260869565215,2.0,2.5652173913043477,35.49569229605328,10.075122033234935,2.509601858646991,-2.1430804320197647,2.5282625012027617,-2.220822862855645,7.924795452793318,-0.0974726114464475,2.838335371808482,2.3119230192465747,885.9815803299822,17.154336059449747,11.608572507337373,13.997494615211275,10.50385574819321,6.384589753203659,9.470462345198868,5.381506366686299,9.049560593936423,3.5613491449636494,6.922803424834282,2.6440016260585977,5.4267935007646875,-1.09,106633.42158347288,16.756807901021556,5.203949785915831,2.7748213842839076,138.80230246967264,5.106527394840706,16.130366406316277,9.837253136417502,0.0,5.922529168094576,0.0,0.0,21.589042127353395,0.0,11.336785877934735,11.600939890232516,29.32600418877882,28.139822805577033,0.0,26.695569522194106,32.774978904584756,0.0,0.0,0.0,22.65649635629097,6.255769183511404,40.16585834356604,0.0,10.440598685398296,0.0,13.17124514302446,0.0,22.93772576816725,25.702622730775623,16.25807475934351,5.817220841045894,17.230869371142294,22.40828038290691,5.022633313741326,10.440598685398296,0.0,54.370000000000005,34.10179115623228,26.695569522194106,0.0,30.79931416005569,0.0,29.72528919836936,6.06636706846161,0.0,0.0,0.0,11.600939890232516,64.66886260008118,6.518510041362223,0.1787500000000006,9.878092228661012,-0.0661802406147633,-4.13416654856387,3.512264817964223,-2.124878292880939,0.0,-3.82014349489796,0.2857142857142857,23,1,3,1,0,1,0,1,1,2,1,0,4,1,9,1,2,0,0,0,0,0,3.791373343006689,3,3.8359000000000014,81.44360000000002,0,1,1,0,0,0,0,0,0,0,0,0,0,0,0,0,0,0,0,0,0,0,0,0,0,2,0,0,0,0,0,0,0,0,1,0,1,0,0,0,0,0,0,0,4,0,0,0,0,0,0,0,0,0,0,0,0,0,0,0,0,0,0,0,0,0,0,0,0,0,0,0,0,0,0,0,0,1,0,0,0,0,1,0,0,CHEMBL5414407,CS(=O)(=O)c1sc(-c2cc(F)cc(Cl)c2)c2c1[C@H](O)C(F)(F)C2,3.0,0.4771212547196624,CHEMBL3885518,Aryl hydrocarbon receptor nuclear translocator/Endothelial PAS domain-containing protein 1,0,Medium-Nonpolar-Aromatic-Rigid-Hydrophobic,Medium-Nonpolar-Aromatic-Rigid-Hydrophobic
12.037356509476218,12.037356509476218,0.0433073507180652,-0.2615041572184435,0.8198817510435847,21.954545454545453,336.2180000000001,321.09800000000007,335.04798408,114,0,0.2484594640246624,-0.3611791709306234,0.3611791709306234,0.2484594640246624,1.0454545454545454,1.7727272727272727,2.4545454545454546,35.49678396019356,9.930010100289437,2.3611915932482295,-2.3911214325492987,2.3944424990875612,-2.426985353812123,6.3042908592141265,-0.1552206345895537,2.5083141756001517,2.025274714737614,687.3132227181493,15.689869965382488,12.000248595528946,13.512106487565855,10.558550648063802,6.942456699436656,7.698385645455111,5.28764255078336,6.1605141117273305,3.872517047605176,4.3595904657324,2.7326897493653624,3.0574053614501784,-1.5499999999999994,113747.03123511568,15.34969791816509,6.287571610703676,2.975826942863839,138.94881019753214,9.636772684650529,12.71084835226122,0.0,5.907179729351506,0.0,0.0,4.794537184071822,0.0,0.0,0.0,47.46734805431147,35.392371257240434,17.09293861015984,6.041840829147961,9.53140013787187,29.10905950981654,0.0,4.899909730850477,0.0,12.145807216896262,13.654553947190108,69.70310615856953,0.0,0.0,0.0,0.0,0.0,23.20187978046503,24.461643407392092,9.53140013787187,0.0,23.272710200290256,48.53093654769288,10.045266627482652,0.0,0.0,29.540000000000003,0.0,4.794537184071822,0.0,24.65986891076069,10.045266627482652,11.126902983393991,0.0,11.947581713527669,48.53093654769288,0.0,27.938742734265084,5.816122527714789,12.050669874652408,13.757901671985667,1.3095112381372307,1.9275236205593351,-0.0433073507180652,14.804745243555368,-0.2615041572184435,0.0672318891548391,1.793327664399093,0.2352941176470588,22,0,3,0,1,1,1,2,0,2,2,0,2,0,5,1,2,0,1,1,0,0,4.3869238574150975,3,4.264400000000004,87.10800000000003,0,0,0,0,0,0,0,0,0,0,1,1,0,0,0,1,0,0,0,1,0,0,0,0,0,0,0,1,0,0,0,0,0,0,2,0,0,0,0,0,0,1,0,0,2,0,0,0,0,0,0,0,0,0,0,0,1,0,0,0,0,0,0,0,0,0,0,0,0,0,0,0,0,0,0,0,0,0,0,0,0,0,0,0,0,CHEMBL2347384,CN1C(=O)CO[C@@H](c2cccc(Cl)c2)[C@H]1c1ccc(Cl)cc1,11700.0,4.068185861746161,CHEMBL5023,p53-binding protein Mdm-2,0,Medium-Nonpolar-Aromatic-Rigid-Hydrophobic,Medium-Nonpolar-Aromatic-Rigid-Hydrophobic
11.137234365410842,11.137234365410842,0.1175151696481058,-0.1175151696481058,0.7120569570955229,10.636363636363637,293.326,278.206,293.11642672,110,0,0.2207486047671055,-0.3262587590146817,0.3262587590146817,0.2207486047671055,0.7727272727272727,1.2272727272727273,1.6363636363636365,16.15007311849728,10.101269132808689,2.0401081616792243,-2.07046826697056,2.242525549524732,-2.054921901028507,5.980887132493717,-0.1146012697780164,2.4345675001248237,2.103282994248829,831.9340178646399,15.689869965382488,12.305162060755068,12.305162060755068,10.50804039084698,6.908879898578618,6.908879898578618,5.165703230267542,5.165703230267542,3.253517933598728,3.253517933598728,2.384440819802624,2.384440819802624,-2.9499999999999997,95707.71756490709,14.007002048058858,5.442554214930466,2.880264557897965,126.89691718880394,10.633577208012662,0.0,0.0,11.814359458703011,0.0,0.0,9.589074368143644,4.983978520947208,0.0,0.0,12.13273413692322,30.33183534230805,35.994695377677964,11.033401435232523,9.589074368143644,44.994981872232245,0.0,4.983978520947208,0.0,13.847474399381248,10.633577208012662,42.46456947923127,0.0,0.0,10.633577208012662,11.374772549367124,0.0,0.0,16.79833797965022,9.589074368143644,0.0,13.847474399381248,42.46456947923127,0.0,21.805849864162113,0.0,71.09,0.0,9.589074368143644,0.0,11.814359458703011,11.374772549367124,21.805849864162113,13.847474399381248,0.0,42.46456947923127,15.61755572895987,0.0,0.0,0.0,26.885445677155772,7.481724223614556,3.00664918745276,-0.2350303392962116,13.254618483935763,0.0,2.9399261004706947,0.0,0.1176470588235294,22,2,5,0,0,0,2,2,1,3,0,0,3,2,5,1,2,0,0,0,0,0,3.4651758197819276,3,3.304800000000001,87.85640000000002,0,0,0,0,0,1,0,0,0,0,2,2,0,0,0,1,2,0,0,0,0,0,0,0,0,0,0,2,0,2,0,0,0,0,2,0,2,0,0,0,0,0,0,0,0,0,0,0,0,0,0,0,0,0,0,0,0,0,0,0,0,0,0,0,0,0,0,0,0,0,0,0,0,1,0,0,0,0,0,0,0,0,0,0,0,CHEMBL244683,CC(=O)Nc1ccc2cc3ccc(NC(C)=O)cc3nc2c1,4500.0,3.653212513775343,CHEMBL612848,Leishmania infantum,0,Medium-Nonpolar-Aromatic-Rigid-Hydrophobic,Medium-Nonpolar-Aromatic-Rigid-Hydrophobic
14.94394822898295,14.94394822898295,0.3229483182161758,-1.8322501994625016,0.7737889363407302,16.535714285714285,383.4630000000002,357.2550000000001,383.18967191199994,148,0,0.3081576410538651,-0.4809679535909321,0.4809679535909321,0.3081576410538651,1.0,1.6071428571428572,2.25,19.14429467528015,9.891149410029213,2.300942538938223,-2.243168863821444,2.284217246897135,-2.370671258410465,5.8320330012258355,-0.1422899159911891,2.706988809863321,1.8045355989535852,862.6511995752988,20.258784066134833,16.24360446607936,16.24360446607936,13.363081100704116,9.72064011189191,9.72064011189191,7.621665598148552,7.621665598148552,5.519154196306441,5.519154196306441,3.702188751046659,3.702188751046659,-2.6899999999999995,1900728.43477839,20.05481511420539,8.54797844281679,4.40694250739759,164.3297049692123,10.423315998847038,0.0,0.0,6.171675395510292,5.907179729351506,5.969305287951848,9.589074368143644,4.39041504767482,0.0,0.0,48.02802097092827,61.78456685787327,0.0,11.959746875309351,19.086016810659167,11.876485017303354,0.0,5.316788604006331,5.917906046161393,51.74427711574354,0.0,70.28182693771626,0.0,0.0,5.316788604006331,4.39041504767482,0.0,0.0,16.98301241214406,22.43071761399566,12.841643245852016,59.79615412868587,42.46456947923127,0.0,0.0,0.0,66.4,30.007907288123,19.086016810659167,0.0,0.0,11.126902983393991,36.81018947509803,12.48718869138762,24.26546827384644,25.122838405075452,5.316788604006331,0.0,14.94394822898295,0.0,24.12798403343983,12.041625123667664,4.316977024765626,-2.743622720757009,11.773012105779165,2.2712795528721608,3.4354633179162817,0.0,0.391304347826087,28,2,4,1,0,1,1,2,0,2,3,0,2,2,5,0,6,0,0,0,0,0,6.122433116818001,3,4.462620000000003,105.79550000000005,1,0,0,0,0,0,0,0,1,1,2,1,0,0,0,0,1,0,0,0,0,0,0,0,0,1,0,1,0,0,3,0,0,0,2,0,1,0,0,0,0,0,0,0,1,0,0,0,0,0,0,0,0,0,0,0,0,0,0,0,0,0,0,0,0,0,0,0,0,0,0,0,0,0,0,0,0,0,0,0,0,0,0,0,0,CHEMBL5284493,Cc1ccc([C@@H](NC(=O)[C@@H](F)c2ccc3c(c2)CCCC3)[C@@H](C)C(=O)O)cc1,89.0,1.9493900066449128,CHEMBL3038498,Keap1/Nrf2,0,Medium-Nonpolar-Aromatic-Rigid-Hydrophobic,Medium-Nonpolar-Aromatic-Rigid-Hydrophobic
13.759132233140171,13.759132233140171,0.0544510582010586,-3.819681936046024,0.9076600019742952,19.60869565217391,364.3660000000001,353.278,364.005085492,124,0,0.2813079323800728,-0.4462360554276319,0.4462360554276319,0.2813079323800728,1.391304347826087,2.0869565217391304,2.6956521739130435,32.24325948700923,10.185019459443325,2.5152584101125814,-2.1424276984306534,2.5357702350064937,-2.220581209697184,7.924505033030318,-0.0975618025647549,2.8608516329145197,2.1178188667296625,874.1426941331611,16.991199352633217,11.716206593981632,13.349199755837086,10.593172145670252,6.443172204639949,9.151080323625928,5.241152630002038,8.435313598214917,3.406183270137687,6.378321993427517,2.416905490771021,4.840156608622314,-1.58,121240.03135128444,16.2838525248297,5.217223812753693,2.8368051542776835,133.61258147229788,9.843390348640757,21.87987823960018,14.900460671705712,0.0,5.922529168094576,0.0,0.0,21.589042127353395,0.0,0.0,17.403152946396347,12.13273413692322,29.869860858293013,0.0,31.432432475994155,21.17403901435224,0.0,0.0,0.0,22.65649635629097,6.255769183511404,41.20959209828633,0.0,10.812719368572116,4.736862953800049,13.17124514302446,10.812719368572116,11.336785877934735,25.702622730775623,16.25807475934351,5.817220841045894,17.230869371142294,28.47464745136852,0.0,0.0,0.0,63.60000000000001,34.10179115623228,26.695569522194106,0.0,26.148801529488185,11.336785877934735,12.322136251973014,18.19910120538483,0.0,0.0,0.0,4.736862953800049,69.35655467897035,0.6481094104308385,0.0,9.6722419585118,-0.3832506613756608,-3.9988786533131777,5.027343002015621,-2.1691044658604195,0.0,-3.819681936046024,0.2857142857142857,23,1,4,1,0,1,0,1,1,2,1,0,5,1,9,1,3,0,0,0,0,0,3.6937610067787334,3,3.307800000000001,77.51360000000001,0,1,1,0,0,0,0,0,0,0,0,0,0,0,0,0,0,0,0,0,0,0,0,0,0,2,0,0,0,0,0,0,0,0,1,0,1,0,0,0,0,1,0,0,3,0,0,0,0,0,0,0,0,0,0,0,0,0,0,0,0,0,0,0,0,0,0,0,0,0,0,0,0,0,0,0,0,1,0,0,0,0,1,0,0,CHEMBL5412171,CS(=O)(=O)c1sc(Oc2cccc(F)c2)c2c1[C@H](O)C(F)(F)C2,3900.0,3.591064607026499,CHEMBL3885518,Aryl hydrocarbon receptor nuclear translocator/Endothelial PAS domain-containing protein 1,0,Medium-Nonpolar-Aromatic-Rigid-Hydrophobic,Medium-Nonpolar-Aromatic-Rigid-Hydrophobic
12.698050953920664,12.698050953920664,0.0133179012345676,0.0133179012345676,0.6316877418018746,21.0,376.3270000000001,353.14300000000014,375.115669716,132,0,0.2226335182685614,-0.3347830811836859,0.3347830811836859,0.2226335182685614,1.04,1.76,2.4,35.496784243103164,9.79244594084408,2.373116589599587,-2.4248832774463636,2.435239865123192,-2.433846210669268,6.3043422290669575,-0.1377758634231463,2.569748411112536,2.0500211930797603,741.8161985147724,17.974327015758657,14.583564136627803,16.095422028664714,11.952397498181153,8.758290594270184,9.51421954028864,7.136509380654579,8.009380941598549,4.756660330240931,5.2437337483681565,3.719964516538224,4.04468012862304,-1.5099999999999991,427379.9977489481,18.286149106388848,7.800358439200431,4.1866729172760655,159.2950334256117,4.899909730850477,0.0,0.0,5.907179729351506,0.0,0.0,4.794537184071822,0.0,0.0,0.0,61.31482245369272,47.73109892632783,28.92875070248263,6.041840829147961,4.794537184071822,29.10905950981654,0.0,4.899909730850477,5.917906046161393,38.64886452054262,6.544756405912575,69.70310615856953,0.0,0.0,0.0,0.0,0.0,23.20187978046503,17.35184586611456,4.794537184071822,5.917906046161393,49.775767503936606,48.53093654769288,10.045266627482652,0.0,0.0,20.31,0.0,4.794537184071822,0.0,17.86692660466086,17.361360982828728,23.551662834276907,5.563451491696996,0.0,47.36447921008175,19.913841467842857,23.20187978046503,0.0,12.30613198027655,14.742670190504183,1.4446914892500216,2.316464474678761,0.8751065724643762,15.909534416940776,1.41175955670334,5.049196874737549,0.0,0.3809523809523809,25,0,2,0,1,1,1,2,0,2,2,0,1,0,4,1,4,0,1,1,0,0,5.705540700099907,3,6.096700000000005,104.17100000000003,0,0,0,0,0,0,0,0,0,0,1,1,0,0,0,1,0,0,0,0,1,0,0,0,0,0,0,1,0,0,0,0,0,0,2,0,0,0,0,0,0,0,0,0,2,0,0,0,0,0,0,0,0,0,0,0,0,0,0,0,0,0,0,0,0,0,0,0,0,1,0,0,0,0,0,0,0,0,0,0,0,0,0,0,0,CHEMBL2177195,CC(C)CN1C(=O)CC[C@H](c2cccc(Cl)c2)[C@H]1c1ccc(Cl)cc1,2300.0,3.361727836017593,CHEMBL1907611,Tumour suppressor p53/oncoprotein Mdm2,3,Medium-Nonpolar-Aromatic-Rigid-Hydrophobic,Medium-Nonpolar-Aromatic-Rigid-Hydrophobic
5.5189207766439905,5.5189207766439905,0.7734344293272865,0.7734344293272865,0.7346360353495455,15.875,317.3920000000001,298.24000000000007,317.152812228,120,0,0.1462966848766186,-0.4944097385126169,0.4944097385126169,0.1462966848766186,1.0833333333333333,1.9166666666666667,2.625,16.469163610241132,10.187033489527758,2.180816787879866,-2.0082350918556533,2.2658851086119185,-1.9300267647893643,6.125523915378099,0.3026241744989304,3.2414967045470755,1.7673677305522877,981.6149746608694,16.681433796945207,13.974264039480827,13.974264039480827,11.635361590784807,7.946337377143883,7.946337377143883,6.058635527123072,6.058635527123072,4.257748365678275,4.257748365678275,3.067725287918618,3.067725287918618,-3.0099999999999993,560811.3448536895,14.573958579378898,5.565433915799371,2.459353842762952,140.13185011196694,14.704819995694464,11.456204184712009,0.0,0.0,0.0,0.0,0.0,4.992404732635668,0.0,0.0,18.19910120538483,43.68604720329695,28.36680102861186,18.515410538896695,4.736862953800049,22.690630041685637,0.0,9.967957041894415,4.992404732635668,13.847474399381248,7.109797541277533,76.57566217855793,0.0,0.0,0.0,0.0,0.0,0.0,22.78943958594265,4.736862953800049,13.847474399381248,22.645235476242377,58.92283143495122,0.0,16.978945038914937,0.0,53.169999999999995,0.0,0.0,0.0,0.0,0.0,39.76637388964435,10.949675706161791,7.109797541277533,24.284774350590983,48.0808997151221,9.729267686435715,5.5189207766439905,0.0,11.53221319044912,1.176697759478243,7.215402718823986,0.7734344293272865,12.459507545174482,4.008926681783825,4.1381551182737155,1.6767417800453512,0.15,24,2,4,0,1,1,0,1,2,3,0,0,2,2,4,3,3,0,0,0,0,0,3.3796001402137725,4,4.486940000000003,98.17140000000002,0,0,0,0,0,2,2,0,0,0,0,0,0,0,1,1,2,0,0,0,0,2,0,0,0,0,1,0,0,0,2,0,0,0,1,0,1,0,0,0,0,1,0,0,0,0,0,0,0,0,0,0,0,0,0,1,0,0,0,0,0,0,0,0,1,0,0,0,0,0,0,0,0,0,0,0,0,0,0,0,0,0,0,0,0,CHEMBL408194,COC1=CC(c2cc3ccccc3[nH]2)=N/C1=C\c1[nH]c(C)cc1C,1110.0,3.0453229787866576,CHEMBL4860,Apoptosis regulator Bcl-2,0,Medium-Nonpolar-Aromatic-Rigid-Hydrophobic,Medium-Nonpolar-Aromatic-Rigid-Hydrophobic
6.0335132026997105,6.0335132026997105,0.0474710691889928,0.0474710691889928,0.6181845374691127,18.217391304347824,347.2890000000001,327.1290000000001,346.100354,120,0,0.0827946857172206,-0.2577023625600189,0.2577023625600189,0.0827946857172206,0.9130434782608696,1.434782608695652,1.9565217391304348,35.49678402465913,9.855837118591396,2.337604229103183,-2.2383385821658472,2.392264950394658,-2.1922115302676786,6.304441691636509,0.5787015767276501,2.9394736739910896,2.001617867666514,712.5299868783145,16.612519696192862,13.553615340911554,15.065473232948465,10.84235515854042,7.726588184000134,8.482517130018588,6.889153400616535,7.762024961560505,4.1220518260411305,4.626004456720102,2.741848909150755,2.993825224490241,-1.5099999999999991,180319.0730573094,16.351375754580495,6.17950428811278,3.5390848027097257,147.26908560286984,0.0,0.0,0.0,0.0,0.0,0.0,5.008912523954531,0.0,5.101407525739722,0.0,56.10582551646012,41.96165390246666,27.592763722576144,11.729227103831525,0.0,34.600951057919296,0.0,0.0,10.5163979951365,33.23387405114585,5.008912523954531,64.13965466687253,0.0,0.0,5.008912523954531,5.687386274683562,0.0,23.20187978046503,5.711685002770702,0.0,5.414990469396779,38.79732554284284,53.6323440734326,10.045266627482652,0.0,0.0,15.6,0.0,0.0,0.0,11.456831298544738,0.0,22.153474525092225,11.2751364944677,0.0,36.39820241076966,37.91285825994962,28.30328730620475,0.0,12.054938584159814,0.0,8.49479298130588,3.5135358840038085,0.0,16.051705071946476,0.9104750094482236,6.613441358024691,0.0,0.3157894736842105,23,0,2,0,1,1,0,2,0,2,1,0,2,0,4,1,2,0,0,0,0,1,4.393191156172762,3,6.346900000000005,99.63100000000004,0,0,0,0,0,0,0,0,0,0,0,0,0,0,0,2,0,0,0,0,0,0,0,0,0,0,0,0,0,1,0,0,0,0,2,0,0,0,0,0,0,0,0,0,2,0,1,0,0,0,0,0,0,0,0,0,0,0,0,0,0,0,0,0,0,0,0,0,0,0,0,0,0,0,0,0,0,0,0,0,0,0,0,0,0,CHEMBL3093523,CC(C)(C)C1=NN(c2ccc(Cl)cc2)C(c2ccc(Cl)cc2)C1,17300.0,4.238046103128795,CHEMBL394,HCT-116,0,Medium-Nonpolar-Aromatic-Rigid-Hydrophobic,Medium-Nonpolar-Aromatic-Rigid-Hydrophobic
12.552495398365108,12.552495398365108,0.0295679012345675,0.0295679012345675,0.6680079106471826,21.125,362.30000000000007,341.13200000000006,361.100019652,126,0,0.2226240013585638,-0.3350508319727783,0.3350508319727783,0.2226240013585638,1.0416666666666667,1.7916666666666667,2.4583333333333335,35.49678414092579,9.794920683009408,2.3666073973074937,-2.4165676871955335,2.432598168698415,-2.419797580725198,6.304337513421694,-0.1370986180481307,2.5747400685021846,2.0435911992566806,713.8337174014799,17.10408352775558,13.713320648624729,15.225178540661638,11.596555450524583,8.402448546613616,9.158377492632074,6.2836951424521486,7.156566703396119,4.659325251812896,5.146398669940121,3.615880261747325,3.940595873832141,-1.5099999999999991,311450.85764629825,17.317480854428297,7.584622037171557,3.601194218755473,152.93009131121514,4.899909730850477,0.0,0.0,5.907179729351506,0.0,0.0,4.794537184071822,0.0,0.0,0.0,54.39108525400209,48.234014503092446,28.92875070248263,6.041840829147961,4.794537184071822,29.10905950981654,0.0,4.899909730850477,0.0,38.145948943778,6.544756405912575,69.70310615856953,0.0,0.0,0.0,0.0,0.0,23.20187978046503,17.35184586611456,4.794537184071822,0.0,49.27285192717199,48.53093654769288,10.045266627482652,0.0,0.0,20.31,0.0,4.794537184071822,0.0,17.86692660466086,11.443454936667337,29.972484457202917,5.563451491696996,0.0,47.36447921008175,12.990104268152232,23.20187978046503,0.0,12.259794531716878,14.578596116430113,1.4477136085915854,2.3212301587301596,0.4761144179894179,15.89825793566925,2.36711138930881,2.8734040637860083,0.0,0.35,24,0,2,0,1,1,1,2,0,2,2,0,1,0,4,1,4,0,1,1,0,0,5.472772788199724,3,5.850700000000004,99.62400000000004,0,0,0,0,0,0,0,0,0,0,1,1,0,0,0,1,0,0,0,0,1,0,0,0,0,0,0,1,0,0,0,0,0,0,2,0,0,0,0,0,0,0,0,0,2,0,0,0,0,0,0,0,0,0,0,0,0,0,0,0,0,0,0,0,0,0,0,0,0,1,0,0,0,0,0,0,0,0,0,0,0,0,0,0,0,CHEMBL2177194,CCCN1C(=O)CC[C@H](c2cccc(Cl)c2)[C@H]1c1ccc(Cl)cc1,1900.0,3.278753600952829,CHEMBL1907611,Tumour suppressor p53/oncoprotein Mdm2,3,Medium-Nonpolar-Aromatic-Rigid-Hydrophobic,Medium-Nonpolar-Aromatic-Rigid-Hydrophobic
4.117564247921391,4.117564247921391,1.0275779478458051,1.0275779478458051,0.5461800292776661,10.826086956521738,299.37699999999995,282.24099999999993,299.14224754400004,112,0,0.0674071361369453,-0.3575357588671294,0.3575357588671294,0.0674071361369453,0.7391304347826086,1.391304347826087,2.0,15.100322793588113,9.954153470816792,2.193661796194132,-2.0756601563315864,2.4077636761906285,-1.8517206023790609,5.9377310954249705,1.0924736287213452,3.234745262557559,2.0319418158189246,904.4522977679088,15.6480536021256,12.87541682577547,12.87541682577547,11.34333659290053,7.675181360471205,7.675181360471205,5.577366651078914,5.577366651078914,4.08250498266204,4.08250498266204,3.0716091748405643,3.0716091748405643,-3.0699999999999994,472945.6353480156,13.583147513365256,5.612130118189583,2.3618356421530473,134.5740502434655,4.983978520947208,0.0,0.0,0.0,0.0,0.0,5.098681808301038,0.0,5.098681808301038,0.0,60.6636706846161,24.117007251546223,23.017674549855528,11.387855989696922,0.0,0.0,0.0,15.181342137549285,0.0,6.923737199690624,0.0,78.62080931953925,0.0,33.6416619564849,0.0,0.0,0.0,0.0,15.181342137549285,0.0,6.923737199690624,5.693927994848461,72.92688132469078,0.0,33.6416619564849,0.0,44.47,0.0,0.0,0.0,0.0,0.0,17.081783984545382,22.253805966787983,6.196843571613076,18.19910120538483,70.63601588493277,0.0,0.0,0.0,3.568537414965986,7.216787210254472,8.053022959183675,0.0,22.931701546359285,1.7904138321995464,2.1062037037037036,0.0,0.05,23,2,3,0,0,0,0,2,2,4,0,0,1,2,3,2,3,0,0,0,0,0,3.31436483737257,4,5.047220000000004,93.98340000000002,0,0,0,0,0,3,2,0,0,0,0,0,0,0,0,1,2,0,0,0,0,2,0,0,0,0,0,0,0,0,1,0,0,0,2,0,0,0,0,0,0,0,0,0,0,0,0,0,0,0,0,0,0,0,0,0,0,0,0,0,0,0,0,0,0,0,0,0,0,0,0,0,0,0,0,0,0,0,0,0,0,0,0,0,0,CHEMBL3291217,Cc1[nH]c(-c2ccccc2)c(-c2ccccc2)c1-c1ccn[nH]1,990.0,2.99563519459755,CHEMBL5023,p53-binding protein Mdm-2,0,Medium-Nonpolar-Aromatic-Rigid-Hydrophobic,Medium-Nonpolar-Aromatic-Rigid-Hydrophobic
12.66941854164888,12.66941854164888,0.1931705089443183,-4.4135259589947085,0.6441952048832582,11.238095238095235,313.706,302.618,313.048126312,110,0,0.4159855059202015,-0.3549198209626538,0.4159855059202015,0.3549198209626538,1.0952380952380951,1.8095238095238095,2.4761904761904763,35.495663543521694,10.09095932413296,2.299450886659234,-2.1253309508136167,2.314483620967976,-2.0682371254662524,6.307524080741037,-0.1370957279521447,2.4630799399953345,2.330665260270849,655.3621439954974,15.457819157813608,10.746015117204326,11.501944063222782,9.91403346581242,6.040602961487015,6.575125445311864,4.305954400075139,4.573215641987565,2.817746505903899,3.060486071978107,1.8360338704937609,1.9800008559529128,-2.01,45980.776319832905,15.380190092545025,6.179046882624536,3.756991442702652,124.094580388063,5.316788604006331,0.0,5.783244946364939,0.0,0.0,6.176298517443475,4.794537184071822,0.0,13.17124514302446,11.600939890232516,18.19910120538483,30.33183534230805,16.93822404106412,11.443454936667337,17.96578232709628,28.758957385964575,0.0,0.0,0.0,6.176298517443475,11.19679204897667,59.65783953108687,0.0,0.0,5.316788604006331,24.546017692391587,0.0,11.600939890232516,11.663248391335278,6.176298517443475,0.0,15.921440167465814,48.53093654769288,0.0,0.0,0.0,29.1,11.73975000914047,17.96578232709628,0.0,17.35063466601884,11.250837766380558,12.13273413692322,12.13273413692322,24.26546827384644,0.0,5.316788604006331,11.600939890232516,38.00825562494664,5.520462968457797,11.698718978332074,2.8207561728395065,0.2506339845609033,-0.4924828750944814,11.301625549396714,-4.4135259589947085,0.0,0.0,0.1333333333333333,21,1,2,0,0,0,0,2,0,2,0,0,2,1,6,0,4,0,0,0,0,0,4.525472173595863,2,4.870500000000002,76.21920000000001,0,0,0,0,0,0,0,0,0,0,1,1,0,0,0,0,1,0,0,0,0,0,0,0,0,4,0,0,0,2,0,0,0,0,2,0,0,0,0,0,0,0,0,0,4,0,0,0,0,0,0,1,1,0,0,0,0,0,0,0,0,0,0,0,1,0,0,0,0,0,0,0,0,0,0,0,0,0,0,0,0,0,0,0,0,CHEMBL4763473,O=C(CCl)c1ccccc1Nc1cccc(C(F)(F)F)c1,800.0,2.903089986991944,CHEMBL4295828,Transcriptional enhancer factor TEF-3,0,Medium-Nonpolar-Aromatic-Rigid-Hydrophobic,Medium-Nonpolar-Aromatic-Rigid-Hydrophobic
6.240834886925555,6.240834886925555,0.0611819727891154,0.0611819727891154,0.5119564856409683,16.333333333333332,397.30500000000006,379.1610000000001,396.079618556,136,0,0.1190240006951437,-0.4967446821219045,0.4967446821219045,0.1190240006951437,0.925925925925926,1.7037037037037035,2.4444444444444446,35.49678445775909,9.978566817861353,2.297698776815708,-2.237953522270631,2.375800654736396,-2.179415490623936,6.3051290918888965,0.4144678233132678,3.1400374807086484,1.756161175176952,985.6127675334512,18.802754140504845,14.77126470813392,16.28312260017083,13.135361590784806,8.660327824741847,9.416256770760302,6.374563588226691,7.247435149170661,4.637941986171114,5.125015404298337,3.292754147124617,3.617469759209433,-2.489999999999999,2399754.8044067,17.900591782427092,7.631142435738842,3.798949740547696,168.34489869525092,4.736862953800049,5.749511833283905,0.0,0.0,0.0,0.0,5.008912523954531,0.0,5.101407525739722,0.0,47.46734805431147,54.09438803938988,22.02953974210566,24.55070964787976,4.736862953800049,34.600951057919296,0.0,0.0,5.101407525739722,12.462662452073973,12.118710065232063,93.968574432416,0.0,5.749511833283905,9.74577547775458,5.687386274683562,5.749511833283905,23.20187978046503,12.821482544048235,0.0,0.0,23.58956543546796,77.89781234727906,10.045266627482652,0.0,0.0,24.83,0.0,0.0,0.0,6.041840829147961,5.022633313741326,39.7189410307995,0.0,7.109797541277533,65.67258320857063,12.13273413692322,33.0401502600048,5.365560660980033,12.305628958927038,0.0,8.39158510567782,4.174106338008455,0.8189337822671157,23.72147263667736,0.773944712144117,0.0,1.6709900275402827,0.1363636363636363,27,0,3,0,1,1,0,3,0,3,1,0,3,0,5,1,4,0,0,0,0,1,5.059332058359903,4,6.357700000000005,112.27200000000002,0,0,0,0,0,0,0,0,0,0,0,0,0,0,0,2,0,0,0,0,0,0,0,0,0,0,0,0,0,1,0,0,0,0,3,0,0,0,0,0,0,1,0,0,2,0,1,0,0,0,0,0,0,0,0,1,0,0,0,0,0,0,0,0,0,0,0,0,0,0,0,0,0,0,0,0,0,0,0,0,0,0,0,0,0,CHEMBL3093544,COc1cccc(C2=NN(c3ccc(Cl)cc3)C(c3cccc(Cl)c3)C2)c1,18500.0,4.267171728403014,CHEMBL394,HCT-116,0,Medium-Nonpolar-Aromatic-Rigid-Hydrophobic,Medium-Nonpolar-Aromatic-Rigid-Hydrophobic
12.142491689207056,12.142491689207056,0.3517543076901546,-0.4114967036197192,0.6811503610951133,10.12,353.80900000000014,337.6810000000001,353.093104432,126,0,0.3244521548038915,-0.4850170323722791,0.4850170323722791,0.3244521548038915,0.96,1.72,2.48,35.49569160747381,10.219756713568165,2.09218989917156,-2.1193008177018187,2.222843846445961,-2.2016118915105265,6.3020025496816485,0.2613003644770192,2.636549812805462,1.6348120804668655,838.8027586590256,17.484916895309066,13.276984660898972,14.032913606917427,12.203509938206668,7.658657348484061,8.036621821493288,5.210435831942258,5.646871612414242,3.341879428689038,3.5938557440285233,2.1393236988113267,2.2653118564810697,-3.0499999999999994,611215.5238038134,16.795446105970598,8.168232713967686,4.958924907842416,150.17318166501312,10.05365155780638,6.606881964512918,11.567374611118932,0.0,0.0,6.031114512338072,5.316788604006331,9.778515705019029,0.0,0.0,41.93277523254056,41.96165390246666,16.906863160037965,0.0,9.53140013787187,29.137303455089175,0.0,4.983978520947208,0.0,6.606881964512918,10.633577208012662,83.51296613012913,0.0,5.749511833283905,15.370440161812713,16.299786236590414,5.749511833283905,11.600939890232516,11.01509303328528,6.606881964512918,0.0,5.563451491696996,72.9268813246908,5.022633313741326,0.0,0.0,63.25,6.031114512338072,4.794537184071822,0.0,0.0,28.88427616405674,5.563451491696996,0.0,42.595045982382736,30.33183534230805,15.61755572895987,16.337802844032566,5.767572794269222,5.8291891951034245,16.311125371074866,6.009103047677113,1.6597258260988286,0.8495405888692931,19.70539241186141,1.590556391059638,0.3889054850973139,0.0,0.0526315789473684,25,2,5,0,0,0,2,2,1,3,0,0,3,2,6,1,5,0,0,0,0,0,5.487564493138809,3,4.958000000000003,99.1044,0,0,0,0,0,1,0,0,0,0,1,1,0,0,0,1,2,0,0,0,0,0,0,0,0,0,0,2,0,2,0,0,0,0,2,0,0,0,0,0,0,1,0,0,1,0,0,0,0,0,0,0,0,0,0,0,0,0,0,0,0,0,0,0,0,0,0,0,0,0,0,0,0,1,0,0,0,0,0,0,0,0,0,0,1,CHEMBL200133,O=C(Nc1ccc(Cl)cc1)Nc1ncccc1OCc1ccccc1,640.0,2.806179973983887,CHEMBL1949,Cyclophilin A,0,Medium-Nonpolar-Aromatic-Rigid-Hydrophobic,Medium-Nonpolar-Aromatic-Rigid-Hydrophobic
6.246245984432612,6.246245984432612,0.0297026958931718,0.0297026958931718,0.5119564856409683,16.333333333333332,397.30500000000006,379.1610000000002,396.079618556,136,0,0.1274815278612369,-0.4960653773371222,0.4960653773371222,0.1274815278612369,0.925925925925926,1.6666666666666667,2.407407407407407,35.496784463194096,9.974864398409258,2.3079606720125634,-2.2389684632146554,2.387981770971707,-2.1800388599169604,6.306768497502608,0.4136150148294517,3.1313380524828944,1.7998038704231591,1002.8627675334516,18.80275414050485,14.77126470813392,16.28312260017083,13.152198343190417,8.666310888885555,9.42223983490401,6.346345610735389,7.219217171679359,4.634431088555856,5.104625294131333,3.386270814591607,3.769526648234309,-2.489999999999999,2396140.585154593,17.900591782427092,7.631142435738842,3.660842846969959,168.34489869525092,4.736862953800049,5.749511833283905,0.0,0.0,0.0,0.0,5.008912523954531,0.0,5.101407525739722,0.0,53.53371512277308,48.02802097092827,22.02953974210566,24.55070964787976,4.736862953800049,34.600951057919296,0.0,0.0,5.101407525739722,12.462662452073973,12.118710065232063,93.968574432416,0.0,5.749511833283905,9.74577547775458,5.687386274683562,5.749511833283905,23.20187978046503,12.821482544048235,0.0,0.0,23.58956543546796,77.89781234727906,10.045266627482652,0.0,0.0,24.83,0.0,0.0,0.0,6.041840829147961,10.045266627482652,34.69630771705817,0.0,7.109797541277533,71.73895027703225,6.06636706846161,33.0401502600048,5.536301125388427,12.473289398948369,0.0,8.338477646202513,4.016161186696902,0.813924232244338,23.622676813081455,0.7432826278659612,0.0,1.6781091917942568,0.1363636363636363,27,0,3,0,1,1,0,3,0,3,1,0,3,0,5,1,4,0,0,0,0,1,5.059332058359903,4,6.357700000000005,112.27200000000002,0,0,0,0,0,0,0,0,0,0,0,0,0,0,0,2,0,0,0,0,0,0,0,0,0,0,0,0,0,1,0,0,0,0,3,0,0,0,0,0,0,1,0,0,2,0,1,0,0,0,0,0,0,0,0,1,0,0,0,0,0,0,0,0,1,0,0,0,0,0,0,0,0,0,0,0,0,0,0,0,0,0,0,0,0,CHEMBL3093515,COc1ccccc1C1=NN(c2cccc(Cl)c2)C(c2cccc(Cl)c2)C1,1600.0,3.204119982655925,CHEMBL394,HCT-116,0,Medium-Nonpolar-Aromatic-Rigid-Hydrophobic,Medium-Nonpolar-Aromatic-Rigid-Hydrophobic
14.0846235199518,14.0846235199518,0.2331648400100781,-0.3785282816830426,0.5498524005205246,10.846153846153848,346.36500000000007,331.24500000000006,346.12298932000004,128,0,0.2527401432128912,-0.3550433647425453,0.3550433647425453,0.2527401432128912,1.0,1.8461538461538465,2.6538461538461537,19.142210535648353,10.036865033788144,2.1514372003415816,-2.132591249851162,2.319124182839616,-2.1808032960152417,6.1539516028381644,0.0964323284693453,2.685866129915595,2.0171229655087797,1143.116964355999,18.0956473593183,13.954142646369268,13.954142646369268,12.68587184800163,8.088768564299704,8.088768564299704,5.767379887645167,5.767379887645167,4.224611614367027,4.224611614367027,2.9722393862232965,2.9722393862232965,-3.539999999999999,1261650.698268162,15.957042015292538,6.401849059712457,2.6123780572425512,148.44778844990373,10.633577208012662,11.635083618880923,0.0,0.0,5.907179729351506,0.0,9.778515705019029,9.374393568622027,0.0,0.0,24.26546827384644,24.26546827384644,35.60003176929773,16.76753848399682,9.184952231746642,39.08780214288074,0.0,15.284745645900744,0.0,0.0,12.36446058668352,72.30529602366192,0.0,0.0,10.633577208012662,15.89566410019341,0.0,0.0,22.92280875392311,0.0,5.817220841045894,10.357988675768818,60.924623690919034,0.0,21.67537336101065,0.0,66.91,0.0,9.184952231746642,0.0,11.7244005703974,22.585401261831848,16.158672643394386,6.06636706846161,43.706827399749784,18.19910120538483,20.601534249907075,0.0,14.0846235199518,0.0,21.07563823640618,8.115293890513046,1.299455913538255,-0.1428476946334074,13.616681724176765,3.379451845553036,0.0,1.5717025644943212,0.05,26,2,5,0,0,0,1,2,2,4,0,0,4,2,6,2,3,0,0,0,0,0,3.929022093130488,4,4.025300000000002,100.11690000000002,0,0,0,0,0,2,0,0,0,0,1,1,0,0,0,2,2,0,0,0,0,0,0,0,0,0,0,1,0,2,0,0,0,0,2,0,3,0,0,0,0,0,0,0,1,0,0,0,0,0,0,0,0,0,0,0,0,0,0,0,0,0,0,0,2,0,0,0,0,0,0,0,0,2,0,0,0,0,0,0,0,0,0,0,0,CHEMBL1915650,CNC(=O)c1cccc2c1nc(Nc1ccccc1F)c1ccncc12,4.0,0.6020599913279624,CHEMBL4523,Serine/threonine-protein kinase PIM2,0,Medium-Nonpolar-Aromatic-Rigid-Hydrophobic,Medium-Nonpolar-Aromatic-Rigid-Hydrophobic
12.495737433862432,12.495737433862432,0.0724125514403293,-0.6503081170739902,0.6244102242859584,12.22222222222222,397.26100000000014,383.1490000000002,396.043233048,134,0,0.3219664793998721,-0.3268284237317265,0.3268284237317265,0.3219664793998721,0.7407407407407407,1.2592592592592593,1.8148148148148149,35.496836397156635,10.060493534520328,2.2940554602725474,-2.161988034240884,2.4243366109089712,-2.408859220462668,6.396005119234627,0.0963616323091227,2.9583332266642133,1.577959639767896,999.8021866252552,18.965890847321376,14.000628757221694,15.512486649258603,13.058550648063802,8.300955641493072,9.056884587511528,6.13175814135087,6.946158394832082,4.526078674341513,5.156019462690224,3.358596904654497,3.927684379353651,-2.819999999999999,1935246.9302204752,17.586695937637565,7.063446343123441,3.1803655546245415,165.6638877423526,5.316788604006331,0.0,0.0,0.0,5.907179729351506,6.031114512338072,10.111325788078153,4.794537184071822,0.0,0.0,77.79918339661954,34.386540103711205,0.0,21.65055894832761,9.589074368143644,35.14017402215461,0.0,10.633577208012662,0.0,6.041840829147961,0.0,93.46565885565136,0.0,11.126902983393991,10.633577208012662,4.794537184071822,0.0,23.20187978046503,11.938294241689578,0.0,0.0,27.526732488310767,66.73003775307771,10.045266627482652,11.126902983393991,0.0,58.2,11.938294241689578,9.589074368143644,0.0,21.65055894832761,0.0,22.253805966787983,0.0,18.19910120538483,48.53093654769288,10.633577208012662,23.20187978046503,0.0,12.070065717355876,24.91658808893928,5.551509087169712,4.176023104970317,-0.6503081170739902,19.49167767419436,0.0,0.0,0.0,0.0476190476190476,27,2,4,1,0,1,3,3,0,3,0,0,2,2,6,0,2,0,0,0,0,0,4.600840115123331,4,5.2028000000000025,106.1809,0,0,0,0,0,0,0,0,0,0,2,2,0,0,0,0,2,0,0,0,0,0,0,0,0,0,0,3,0,0,0,0,0,0,3,0,3,0,0,0,0,0,0,0,2,0,0,0,1,0,0,0,0,0,0,0,0,0,0,0,0,0,0,0,0,0,0,0,0,0,0,0,0,0,0,0,0,0,0,0,0,0,0,0,1,CHEMBL560851,O=C(NC(=O)c1c(Cl)cccc1Cl)NC1c2ccccc2-c2ccccc21,2.59,0.4132997640812518,CHEMBL1949,Cyclophilin A,0,Medium-Nonpolar-Aromatic-Rigid-Hydrophobic,Medium-Nonpolar-Aromatic-Rigid-Hydrophobic
13.325856953892668,13.325856953892668,0.0898192239858903,-0.8897376543209874,0.63190830821382,18.11111111111111,398.289,381.15300000000013,397.0636341440001,136,0,0.2394357701751371,-0.4967571446331513,0.4967571446331513,0.2394357701751371,0.9629629629629628,1.7407407407407407,2.5185185185185186,35.49678447311594,9.709426034126382,2.48025478264903,-2.2868007192118616,2.463145025214304,-2.3764513325021577,6.310211045340263,-0.1190671171055381,2.9304732917181284,1.946283648422728,1034.326293112333,19.018297090128673,14.630385269218614,16.142243161255525,13.024042363888285,8.532336116927924,9.28826506294638,6.58801302145152,7.46088458239549,4.998077647636114,5.468271853211591,3.749173750844362,4.134161825358479,-2.489999999999999,1805177.4086449505,17.900591782427092,6.913502948005728,3.071521427398985,167.4309908026043,10.05365155780638,11.164502302680685,0.0,5.907179729351506,0.0,0.0,4.794537184071822,0.0,0.0,0.0,53.53371512277308,59.509378508786654,15.732652902166215,7.109797541277533,9.53140013787187,34.7964457845001,0.0,0.0,0.0,11.835812092322788,12.426586145283864,93.46565885565136,0.0,5.749511833283905,10.05365155780638,5.687386274683562,5.749511833283905,23.20187978046503,13.016977270629038,16.63034927639461,0.0,16.690354475090988,66.73003775307771,10.045266627482652,0.0,0.0,38.33,5.414990469396779,4.794537184071822,0.0,5.907179729351506,22.215600083692568,22.37774074977455,0.0,13.176164609739144,60.6636706846161,5.316788604006331,27.938742734265084,5.39714296212312,12.338876470490074,13.325856953892668,4.22618478101117,2.574284926933738,0.6122017160773778,20.741336998055523,0.4734060846560846,0.0,1.6162646623157988,0.1363636363636363,27,1,3,0,1,1,1,3,0,3,1,0,2,1,5,1,4,0,0,0,0,1,4.5835479281058085,4,5.482900000000003,109.0117,0,0,0,0,0,0,0,0,0,0,1,1,0,0,0,0,1,0,0,0,0,0,0,0,0,0,0,1,0,1,0,0,0,0,3,0,1,0,0,0,0,1,0,0,2,0,0,0,0,0,0,0,0,0,0,1,0,0,0,0,0,0,0,0,0,0,0,0,0,0,0,0,0,0,0,0,0,0,0,0,0,0,0,0,0,CHEMBL3220690,COc1cccc(C2(Cc3cccc(Cl)c3)C(=O)Nc3cc(Cl)ccc32)c1,460.0,2.662757831681574,CHEMBL1907611,Tumour suppressor p53/oncoprotein Mdm2,3,Medium-Nonpolar-Aromatic-Rigid-Hydrophobic,Medium-Nonpolar-Aromatic-Rigid-Hydrophobic
11.544605290907288,11.544605290907288,0.2984426351810356,-0.2984426351810356,0.6701640873236757,12.318181818181818,314.3660000000001,300.254,314.072513308,112,0,0.3384493821159308,-0.4967658884062616,0.4967658884062616,0.3384493821159308,1.1363636363636365,1.818181818181818,2.5454545454545454,32.09204690832707,10.101385370338642,2.2061020876814768,-2.111119933249733,2.2324649386755877,-2.1873736957196632,7.803893180440897,0.0534839670942132,2.889410886458247,1.6629552050257312,728.6708195249172,15.526733258565956,11.881551827369384,12.698048408297108,10.652198343190411,6.67637447333818,7.084622763802043,4.755684542927277,5.16393283339114,3.2943025926678393,3.498426737899771,2.158937507204515,2.3946397676000304,-2.5999999999999996,148342.3549107664,14.342003668442658,6.027943213296398,3.0147027751294795,132.7895518030967,20.10730311561276,12.356393797796825,5.112436884724758,0.0,0.0,5.969305287951848,0.0,4.794537184071822,0.0,0.0,6.06636706846161,48.616075853816355,16.93822404106412,12.673249032974528,14.26826309167192,34.67438816509043,0.0,0.0,0.0,6.606881964512918,17.743374749290194,53.59147246262526,0.0,5.749511833283905,15.37044016181271,11.374772549367124,5.749511833283905,12.217873443046695,18.19153971395414,11.343744918312968,0.0,15.921440167465814,42.46456947923127,0.0,0.0,0.0,59.59,0.0,4.794537184071822,0.0,5.969305287951848,17.282770340934672,22.687735874348025,0.0,13.176164609739144,36.39820241076966,10.633577208012662,21.691599350646793,10.076193192912235,5.267041314982784,11.544605290907288,6.56097938712522,3.059547069118193,0.4807815606701444,12.889352318623605,0.0,0.3363009457645722,1.6185322532292925,0.125,22,2,5,0,1,1,0,2,0,2,0,0,4,2,6,1,3,0,0,0,0,0,3.929671985375498,3,3.174500000000001,88.39890000000001,0,0,0,0,0,0,0,0,0,0,1,1,1,0,0,0,2,0,0,0,0,0,0,0,0,0,0,0,0,2,0,0,0,0,2,0,1,0,0,0,1,2,0,0,0,0,0,0,0,0,0,0,0,0,1,1,0,0,0,0,0,0,0,0,0,0,0,0,0,0,0,0,0,0,0,0,0,0,0,0,0,0,0,0,0,CHEMBL489821,COc1ccc(NC(=S)Nc2ccc3c(c2)C(=O)OC3)cc1,920.0,2.963787827345555,CHEMBL1949,Cyclophilin A,0,Medium-Nonpolar-Aromatic-Rigid-Hydrophobic,Medium-Nonpolar-Aromatic-Rigid-Hydrophobic
6.084018683435689,6.084018683435689,0.0518588811553428,0.0518588811553428,0.4864841764041521,17.615384615384617,362.9040000000001,339.72000000000014,362.154976416,132,0,0.0828147799180021,-0.2577019986827875,0.2577019986827875,0.0828147799180021,0.9230769230769232,1.6153846153846154,2.3076923076923075,35.49569163841998,9.85310464617592,2.3391540475356583,-2.241740216184251,2.397303484346004,-2.192718984229294,6.3017462859859075,0.5787391216624278,3.0754875696868527,1.776718372640669,967.4144192372456,18.311190308942127,15.407701675471206,16.16363062148966,12.414834803611855,9.031622883351812,9.40958735636104,7.944190192993992,8.380625973465976,5.025568607996141,5.277544923335626,3.4719863668968105,3.5979745245665535,-2.319999999999999,1136294.241397062,17.111817824221323,6.441688464249354,3.217624294544477,159.64748390772334,0.0,0.0,0.0,0.0,0.0,0.0,5.008912523954531,0.0,5.101407525739722,0.0,68.77035390007404,46.667735262934634,22.570130408834817,11.729227103831525,0.0,33.77245959661637,0.0,0.0,10.5163979951365,33.23387405114585,5.008912523954531,77.31612255851604,0.0,0.0,5.008912523954531,5.687386274683562,0.0,11.600939890232516,5.711685002770702,0.0,5.414990469396779,38.79732554284284,71.83144527881744,5.022633313741326,10.772448428929591,0.0,15.6,0.0,0.0,0.0,11.456831298544738,0.0,17.130841211350898,22.04758492339729,0.0,24.26546827384644,68.24469360225767,16.702347415972238,0.0,6.084018683435689,0.0,10.43996128766015,3.64821743074802,0.0,23.394860578755782,0.9349867724867724,6.692399691358025,0.0,0.2608695652173913,26,0,2,0,1,1,0,3,0,3,1,0,2,0,3,1,2,0,0,0,0,1,4.239576903100883,4,6.8467000000000064,112.12700000000004,0,0,0,0,0,0,0,0,0,0,0,0,0,0,0,2,0,0,0,0,0,0,0,0,0,0,0,0,0,1,0,0,0,0,3,0,1,0,0,0,0,0,0,0,1,0,1,0,0,0,0,0,0,0,0,0,0,0,0,0,0,0,0,0,0,0,0,0,0,0,0,0,0,0,0,0,0,0,0,0,0,0,0,0,0,CHEMBL3093521,CC(C)(C)C1=NN(c2ccc(Cl)cc2)C(c2ccc3ccccc3c2)C1,12700.0,4.103803720955957,CHEMBL394,HCT-116,0,Medium-Nonpolar-Aromatic-Rigid-Hydrophobic,Medium-Nonpolar-Aromatic-Rigid-Hydrophobic
10.9922443074452,10.9922443074452,0.2968518518518521,-0.9035440287225992,0.8782880132473035,10.8,268.11,258.03,266.98949066,78,0,0.3521203862277721,-0.476559265751506,0.476559265751506,0.3521203862277721,1.5333333333333334,2.2666666666666666,2.8666666666666667,79.91873104483761,10.090766073494493,2.14670162617729,-1.9588398023924112,2.2572522347339636,-1.9959707785729044,9.103019823087717,0.0690149250166478,2.5501111326679724,2.7942683640385413,530.6125976760256,10.999635521070497,8.172583947728473,9.758580486843178,7.130228955335799,4.6654072229789305,5.458405492536283,3.3271650723180555,4.242840601109744,2.4355989424628435,2.928850581179883,1.7697040146824592,2.13078927513994,-1.2899999999999996,3259.0420275496685,10.235362076049029,3.697768289378795,1.6516544378674096,95.24035787331742,10.090505915787912,5.693927994848461,0.0,0.0,0.0,5.969305287951848,0.0,4.794537184071822,0.0,0.0,22.85368109763997,30.183374320007832,15.375644447913473,0.0,9.901064578912528,32.802174117982254,0.0,4.983978520947208,0.0,13.344558822616634,0.0,33.9292002077627,0.0,0.0,0.0,0.0,0.0,15.929943897949348,16.059811203739763,6.4208216229260096,0.0,22.9756538703079,22.671820721217244,0.0,10.902924932081056,0.0,53.09,5.969305287951848,4.794537184071822,0.0,0.0,12.114749617774471,20.939095939610468,0.0,0.0,25.122838405075452,20.91392241889655,5.106527394840706,0.958924792139078,3.380736725245654,13.91363319633409,10.000316869803475,2.024861111111112,-0.9035440287225992,5.714312641723356,0.7064351851851853,1.95432350718065,0.0,0.1818181818181818,15,2,3,0,0,0,0,1,1,2,0,0,1,2,4,1,2,0,0,0,0,0,2.5231998210082947,2,3.1910000000000007,62.33600000000002,0,0,0,0,1,1,1,0,1,1,1,0,0,0,0,0,1,0,0,0,0,1,0,0,0,0,0,0,0,0,1,0,0,0,1,0,1,0,0,0,0,0,0,0,1,0,0,0,0,0,0,0,0,0,0,0,0,0,0,0,0,0,0,0,0,0,0,0,0,0,0,0,0,0,0,0,0,0,0,0,0,0,0,0,0,CHEMBL1462380,CCc1c(C(=O)O)[nH]c2ccc(Br)cc12,5952.0,3.7746629225378223,CHEMBL4869,Prion protein,0,Medium-Nonpolar-Aromatic-Rigid-Hydrophobic,Medium-Nonpolar-Aromatic-Rigid-Hydrophobic
12.50865693499622,12.50865693499622,0.1260031914000168,-0.926244664660069,0.8328736588483048,14.346153846153848,351.4460000000002,326.2460000000001,351.18344366,136,0,0.3052871434438911,-0.4811645992398137,0.4811645992398137,0.3052871434438911,1.0384615384615383,1.7307692307692308,2.423076923076923,16.365422323523184,9.896597713192424,2.185364632965415,-2.1893463507997355,2.2276111194530106,-2.3101759224347727,5.79731743961597,-0.1373528315118043,2.610489943153284,1.6899565586324126,795.5347011220716,18.518297090128673,15.12515301706398,15.12515301706398,12.50804039084698,9.194621677592204,9.194621677592204,7.115592201143334,7.115592201143334,4.9712697761375075,4.9712697761375075,3.553096863714594,3.553096863714594,-2.619999999999999,754442.0355310717,18.1794791230041,8.172592161786385,4.71885860976189,153.79922745188944,10.423315998847038,0.0,0.0,5.907179729351506,0.0,5.969305287951848,9.589074368143644,0.0,0.0,0.0,48.02802097092827,54.86082965818265,0.0,18.88348407499998,14.69560176298435,11.876485017303354,0.0,5.316788604006331,0.0,51.49050776639466,0.0,70.28182693771626,0.0,0.0,5.316788604006331,0.0,0.0,0.0,16.98301241214406,28.85153923692167,6.923737199690624,53.12156315641097,42.46456947923127,0.0,0.0,0.0,66.4,12.011146117099807,14.69560176298435,0.0,18.748822975203524,0.0,29.531997720943007,23.968546229246012,0.0,37.255572541998674,17.449522740929552,0.0,0.0,0.0,23.707615080303015,12.076418207567892,5.6454821583005215,-1.071999813942004,13.376978233897075,4.788667571032185,1.97683856284131,0.0,0.3636363636363636,26,2,4,1,0,1,1,2,0,2,1,0,2,2,4,0,6,0,0,0,0,0,5.714364176385482,3,3.7485200000000023,101.10350000000004,1,0,0,0,0,0,0,0,1,1,2,1,0,0,0,0,1,0,0,0,0,0,0,0,0,0,0,1,0,0,3,0,0,0,2,0,1,0,0,0,0,0,0,0,0,0,0,0,0,0,0,0,0,0,0,0,0,0,0,0,0,0,0,0,0,0,0,0,0,0,0,0,0,0,0,0,0,0,0,0,0,0,0,0,0,CHEMBL5286485,Cc1ccc([C@H](CC(=O)O)NC(=O)Cc2ccc3c(c2)CCCC3)cc1,39000.0,4.5910646070264995,CHEMBL3038498,Keap1/Nrf2,0,Medium-Nonpolar-Aromatic-Rigid-Hydrophobic,Medium-Nonpolar-Aromatic-Rigid-Hydrophobic
5.659793997271902,5.659793997271902,0.2294544921835681,0.2294544921835681,0.4968891632823757,11.8,336.3950000000001,316.23500000000007,336.15862588,128,0,0.1982571468346843,-0.461090078354705,0.461090078354705,0.1982571468346843,1.04,1.84,2.56,16.484149575281066,10.283360263475618,2.17072733561403,-2.0947363218695423,2.2490146293837654,-2.0825302210356926,5.839863940145145,0.0750200885326865,3.2413718681316013,1.7784262295138111,989.4318169000318,17.225403871315226,14.34547346000421,14.34547346000421,12.220346690612278,8.506678557464802,8.506678557464802,6.196983300067661,6.196983300067661,3.976384881872744,3.976384881872744,2.8458855475534772,2.8458855475534772,-2.7299999999999995,1010763.4723832136,15.777737017966151,6.643238985341762,3.1254542688499405,145.02742941944393,13.721113538644753,0.0,22.87900635840982,0.0,0.0,0.0,0.0,14.951935562841625,0.0,0.0,12.13273413692322,44.5337642961537,13.151638370425491,23.400530818619885,9.154013890853395,22.327755876767977,0.0,19.51903521063298,0.0,32.917018815968135,6.606881964512918,42.66136540640871,0.0,11.584651916874368,0.0,0.0,0.0,0.0,32.2298835628942,11.281619359712623,0.0,20.268296022307258,47.07851634346206,0.0,33.912407793642345,0.0,65.97,0.0,0.0,0.0,6.103966387748303,18.014306604155088,35.470561182838765,0.0,6.263162995639057,50.245676810150904,14.53505668968577,14.137992411800605,13.288230893635388,0.0,14.10939124569581,0.0,3.1100798223074566,1.4661917884437723,11.598900472289722,2.7474173764113337,5.513121734549855,0.0,0.3157894736842105,25,0,6,0,0,0,0,1,3,4,0,0,6,0,6,3,6,0,0,0,0,0,4.192611106328905,4,4.054600000000003,96.23600000000006,0,0,0,0,0,4,0,0,0,0,0,0,0,0,0,4,0,0,0,0,0,0,0,0,0,0,0,0,0,0,1,0,0,0,1,0,2,0,0,0,0,1,1,0,0,0,0,1,0,0,0,0,0,0,0,0,0,0,0,0,0,0,0,0,2,0,0,0,0,0,0,0,0,0,0,0,0,0,0,0,0,0,0,0,0,CHEMBL1382392,CC(C)OCCCn1c(-c2ccco2)nc2nc3ccccc3nc21,7070.0,3.849419413796899,CHEMBL2093862,Runt-related transcription factor 1/Core-binding factor subunit beta,0,Medium-Nonpolar-Aromatic-Rigid-Hydrophobic,Medium-Nonpolar-Aromatic-Rigid-Hydrophobic
12.22500574766944,12.22500574766944,0.0274985827664397,-0.0274985827664397,0.717334641929745,10.9,301.43600000000004,286.316,301.0595061,102,0,0.2653001532460456,-0.3212981446299118,0.3212981446299118,0.2653001532460456,1.15,1.9,2.55,32.16759341166309,10.199823603535224,2.121334906572436,-2.0291278625921216,2.335925087749993,-2.092993870767923,7.386447101812592,0.1025856460042425,2.9878975335833946,1.8079720545256384,720.978772641203,14.11251969619286,11.395953267715893,13.028946429571343,9.652198343190411,6.55734864136465,8.190341803220102,4.739865112101359,7.18723216031353,3.1469240509091354,5.68099408484728,2.0064522206536246,4.332694795251206,-1.6499999999999997,58395.46939635387,13.338475632210278,5.384170224251167,2.619411802702414,125.62204113935742,5.316788604006331,0.0,0.0,0.0,5.907179729351506,0.0,4.794537184071822,0.0,0.0,22.67357175586947,24.61992282831084,37.61002709646307,15.950757682849655,8.890762812174703,4.794537184071822,43.66797759284274,0.0,0.0,0.0,20.268296022307258,5.316788604006331,51.71594828986925,0.0,0.0,5.316788604006331,5.687386274683562,0.0,22.67357175586947,5.907179729351506,6.4208216229260096,6.923737199690624,27.03602026286204,36.39820241076966,0.0,9.3998398329382,0.0,29.1,0.0,4.794537184071822,0.0,5.907179729351506,0.0,16.985355091310872,19.840438518336494,22.67357175586947,37.255572541998674,18.306892872158564,0.0,1.2323204837490551,3.352740519110919,14.36965464117746,4.126912163013354,2.0262343667925933,-0.0274985827664397,12.01522276464917,1.052542520632521,4.1852044569747004,0.0,0.1875,20,1,2,0,0,0,1,1,2,3,0,0,3,1,4,2,3,0,0,0,0,0,3.5908311667923174,3,5.085920000000002,88.21220000000004,0,0,0,0,0,0,0,0,0,0,1,1,0,0,0,0,1,0,0,0,0,0,0,0,0,0,0,1,0,1,2,0,0,0,1,0,1,0,0,0,0,0,0,0,0,0,0,0,0,0,0,0,0,0,0,0,0,0,0,0,0,0,0,0,0,0,0,0,0,0,0,0,0,0,0,0,0,0,0,0,0,0,2,0,0,CHEMBL1343936,CCc1cc2cc(C(=O)Nc3ccc(C)cc3)sc2s1,1345.0,3.128722284338427,CHEMBL612545,Unchecked,0,Medium-Nonpolar-Aromatic-Rigid-Hydrophobic,Medium-Nonpolar-Aromatic-Rigid-Hydrophobic
13.6620486723496,13.6620486723496,0.0125925925925924,-4.657731835789872,0.501066170479105,12.0,391.7360000000001,382.66400000000016,391.0335388680001,136,0,0.417945175319839,-0.2929324301767436,0.417945175319839,0.2929324301767436,1.037037037037037,1.7777777777777777,2.4814814814814814,35.49569178061,10.044683314561706,2.3448313132683545,-2.205447935598849,2.3786749999282226,-2.2741905784863032,6.303099243422165,-0.1360173711005723,2.584388671049886,2.31779121856593,1277.4721833934627,19.344570503761737,13.341583817481558,14.097512763500012,12.753038761063385,7.6749456353240495,8.052910108333275,5.809147134171789,6.245582914643773,4.087720883394235,4.322817986181974,3.0350560627948324,3.2195844420224606,-3.129999999999999,1122666.1918700836,17.292166771076165,5.951915593271635,2.874239748950632,153.5630551230752,0.0,0.0,5.824404497999927,0.0,5.559266895052007,11.86604191564695,14.345615352810384,4.794537184071822,18.155223663971668,0.0,29.800041095617345,30.33183534230805,16.096243802889685,16.643603701010253,13.17124514302446,22.503864822313577,0.0,14.53505668968577,0.0,6.176298517443475,0.0,79.95510601453033,0.0,17.075242264380485,11.24901029325548,13.17124514302446,0.0,11.600939890232516,14.53505668968577,6.176298517443475,0.0,5.563451491696996,58.12001091583653,5.022633313741326,27.97816719646154,0.0,67.75,22.988760302395953,22.760319511168102,0.0,33.00080051020287,0.0,10.633466716252965,30.33183534230805,12.13273413692322,4.983978520947208,4.983978520947208,11.600939890232516,42.12107657260435,6.003749138287001,29.748863523032668,0.449148006424793,-2.6022403313177116,-0.1849845679012347,10.983230605771116,-4.657731835789872,0.0,0.0,0.0555555555555555,27,1,5,0,2,2,0,2,0,2,0,0,4,1,9,2,1,0,0,0,0,0,3.811908038748957,4,3.8510000000000018,94.59470000000002,0,0,0,0,0,3,1,0,0,0,0,0,0,0,0,2,1,0,0,0,0,1,0,0,0,3,0,0,0,0,0,0,0,0,2,0,2,0,0,0,0,0,0,0,4,0,0,0,0,0,0,0,0,0,0,0,0,0,0,0,0,0,0,0,1,0,0,0,0,0,0,0,0,1,0,0,0,0,0,0,0,0,0,0,0,CHEMBL2440443,O=c1nc2n(-c3cccc(Cl)c3)c3c(C(F)(F)F)cccc3cc-2c(=O)[nH]1,1500.0,3.1760912590556813,CHEMBL5023,p53-binding protein Mdm-2,0,Medium-Nonpolar-Aromatic-Rigid-Hydrophobic,Medium-Nonpolar-Aromatic-Rigid-Hydrophobic
13.117889774222446,13.117889774222446,0.0195617647090995,-1.5996897439531377,0.670777291240488,18.25,391.854,373.71000000000015,391.097521116,140,0,0.2569164272700374,-0.3629560743662665,0.3629560743662665,0.2569164272700374,1.0,1.6428571428571428,2.2857142857142856,35.495691764118284,9.933546552173594,2.490686347794731,-2.3468756454807953,2.4275084902689485,-2.4372723734798902,6.301106679618523,-0.0542490836748715,2.918547341784935,1.7892926102549138,1059.9653638484604,19.88854057813175,15.22419825639893,15.980127202417384,13.407739299442634,8.907916756109987,9.285881229119216,6.869097657528778,7.305533438000763,5.1167331896548385,5.368709504994324,3.6186381211772103,3.7446262788469538,-2.949999999999999,2758237.3733953717,18.41501854023087,6.894624663270028,2.910747584055644,167.54484879944744,5.106527394840706,0.0,11.508230540335193,0.0,5.907179729351506,0.0,14.48898409899412,0.0,0.0,0.0,66.19824350638702,30.686289896772447,33.82119568644188,0.0,14.69560176298435,23.29136456594896,0.0,4.899909730850477,0.0,19.193479199573453,0.0,105.63629559376568,0.0,0.0,0.0,0.0,0.0,11.600939890232516,21.69686180140763,12.269741999882829,0.0,44.33006902631925,72.79640482153933,5.022633313741326,0.0,0.0,57.61,5.724985593970254,14.69560176298435,0.0,18.23518108162902,27.27643928052931,5.563451491696996,11.823646930541102,72.79640482153933,0.0,0.0,11.600939890232516,0.0,6.009433566491149,26.06828995790962,12.300039019424704,1.4047852847414697,-0.2661409828160954,20.969952867476614,0.0,1.7080847312169811,0.0,0.1304347826086956,28,1,4,0,1,1,1,3,0,3,1,0,3,1,5,1,4,0,0,0,0,1,4.534451464358949,4,4.392000000000004,107.2128,0,1,0,0,0,0,0,0,0,0,2,2,0,0,0,1,0,0,0,0,0,0,0,0,0,0,0,1,0,0,0,0,0,0,3,0,1,0,0,0,0,0,0,0,1,0,0,0,0,0,0,1,1,0,0,0,0,0,0,0,0,0,0,0,0,0,0,0,0,0,0,0,0,0,0,0,0,0,0,0,0,0,0,0,0,CHEMBL1688161,CC(=O)c1ccc(CN2C(=O)c3ccccc3C2(O)c2ccc(Cl)cc2)cc1,88000.0,4.944482672150168,CHEMBL5023,p53-binding protein Mdm-2,0,Medium-Nonpolar-Aromatic-Rigid-Hydrophobic,Medium-Nonpolar-Aromatic-Rigid-Hydrophobic
