MaxAbsEStateIndex,MaxEStateIndex,MinAbsEStateIndex,MinEStateIndex,qed,SPS,MolWt,HeavyAtomMolWt,ExactMolWt,NumValenceElectrons,NumRadicalElectrons,MaxPartialCharge,MinPartialCharge,MaxAbsPartialCharge,MinAbsPartialCharge,FpDensityMorgan1,FpDensityMorgan2,FpDensityMorgan3,BCUT2D_MWHI,BCUT2D_MWLOW,BCUT2D_CHGHI,BCUT2D_CHGLO,BCUT2D_LOGPHI,BCUT2D_LOGPLOW,BCUT2D_MRHI,BCUT2D_MRLOW,AvgIpc,BalabanJ,BertzCT,Chi0,Chi0n,Chi0v,Chi1,Chi1n,Chi1v,Chi2n,Chi2v,Chi3n,Chi3v,Chi4n,Chi4v,HallKierAlpha,Ipc,Kappa1,Kappa2,Kappa3,LabuteASA,PEOE_VSA1,PEOE_VSA10,PEOE_VSA11,PEOE_VSA12,PEOE_VSA13,PEOE_VSA14,PEOE_VSA2,PEOE_VSA3,PEOE_VSA4,PEOE_VSA5,PEOE_VSA6,PEOE_VSA7,PEOE_VSA8,PEOE_VSA9,SMR_VSA1,SMR_VSA10,SMR_VSA2,SMR_VSA3,SMR_VSA4,SMR_VSA5,SMR_VSA6,SMR_VSA7,SMR_VSA8,SMR_VSA9,SlogP_VSA1,SlogP_VSA10,SlogP_VSA11,SlogP_VSA12,SlogP_VSA2,SlogP_VSA3,SlogP_VSA4,SlogP_VSA5,SlogP_VSA6,SlogP_VSA7,SlogP_VSA8,SlogP_VSA9,TPSA,EState_VSA1,EState_VSA10,EState_VSA11,EState_VSA2,EState_VSA3,EState_VSA4,EState_VSA5,EState_VSA6,EState_VSA7,EState_VSA8,EState_VSA9,VSA_EState1,VSA_EState10,VSA_EState2,VSA_EState3,VSA_EState4,VSA_EState5,VSA_EState6,VSA_EState7,VSA_EState8,VSA_EState9,FractionCSP3,HeavyAtomCount,NHOHCount,NOCount,NumAliphaticCarbocycles,NumAliphaticHeterocycles,NumAliphaticRings,NumAmideBonds,NumAromaticCarbocycles,NumAromaticHeterocycles,NumAromaticRings,NumAtomStereoCenters,NumBridgeheadAtoms,NumHAcceptors,NumHDonors,NumHeteroatoms,NumHeterocycles,NumRotatableBonds,NumSaturatedCarbocycles,NumSaturatedHeterocycles,NumSaturatedRings,NumSpiroAtoms,NumUnspecifiedAtomStereoCenters,Phi,RingCount,MolLogP,MolMR,fr_Al_COO,fr_Al_OH,fr_Al_OH_noTert,fr_ArN,fr_Ar_COO,fr_Ar_N,fr_Ar_NH,fr_Ar_OH,fr_COO,fr_COO2,fr_C_O,fr_C_O_noCOO,fr_C_S,fr_HOCCN,fr_Imine,fr_NH0,fr_NH1,fr_NH2,fr_N_O,fr_Ndealkylation1,fr_Ndealkylation2,fr_Nhpyrrole,fr_SH,fr_aldehyde,fr_alkyl_carbamate,fr_alkyl_halide,fr_allylic_oxid,fr_amide,fr_amidine,fr_aniline,fr_aryl_methyl,fr_azide,fr_azo,fr_barbitur,fr_benzene,fr_benzodiazepine,fr_bicyclic,fr_diazo,fr_dihydropyridine,fr_epoxide,fr_ester,fr_ether,fr_furan,fr_guanido,fr_halogen,fr_hdrzine,fr_hdrzone,fr_imidazole,fr_imide,fr_isocyan,fr_isothiocyan,fr_ketone,fr_ketone_Topliss,fr_lactam,fr_lactone,fr_methoxy,fr_morpholine,fr_nitrile,fr_nitro,fr_nitro_arom,fr_nitro_arom_nonortho,fr_nitroso,fr_oxazole,fr_oxime,fr_para_hydroxylation,fr_phenol,fr_phenol_noOrthoHbond,fr_phos_acid,fr_phos_ester,fr_piperdine,fr_piperzine,fr_priamide,fr_prisulfonamd,fr_pyridine,fr_quatN,fr_sulfide,fr_sulfonamd,fr_sulfone,fr_term_acetylene,fr_tetrazole,fr_thiazole,fr_thiocyan,fr_thiophene,fr_unbrch_alkane,fr_urea,chembl_id,smiles,ic50_value,log_ic50,target_chembl_id,target_name,KMeansCluster,ChemicalClassRaw,ChemicalClass
13.394902805772514,13.394902805772514,0.1998895345175109,-3.830608819916855,0.6790877182195109,24.517241379310345,456.3910000000002,433.20700000000016,455.0724845759999,156,0,0.3042164544053248,-0.4811977730158987,0.4811977730158987,0.3042164544053248,1.103448275862069,1.7586206896551724,2.310344827586207,35.496785490616425,9.821936867046716,2.4884256214633425,-2.4578491218202645,2.4797795851266473,-2.516736928781683,7.893967817571695,-0.1366981861645358,2.624755528557811,2.1972185047463757,991.99561581917,21.344570503761737,16.12576609152243,18.454120564487067,13.607098036560403,9.360119788028276,11.61926829317454,7.582070253120505,10.573189352712497,5.2868096934742335,8.21193315364418,4.134752284544861,6.780381630460341,-1.5999999999999996,1991171.041030298,22.093461057892544,8.639834429023617,4.608481891536874,180.8500430702228,5.106527394840706,0.0,0.0,10.023291153407584,0.0,5.969305287951848,4.794537184071822,8.417796984328938,4.305215991296233,0.0,47.46734805431147,55.66066727954768,22.005013502792007,17.712600482056146,18.318861563241462,39.19447622182446,0.0,4.305215991296233,0.0,49.94064337967277,0.0,69.70310615856953,0.0,0.0,0.0,0.0,0.0,23.20187978046503,35.09062451754786,14.817828337479405,0.0,49.77576750393662,48.53093654769288,10.045266627482652,0.0,0.0,74.68,33.70519692341558,18.318861563241462,0.0,18.380568498235363,10.045266627482652,11.126902983393991,4.305215991296233,32.046575604766076,30.33183534230805,0.0,23.20187978046503,28.24706373701744,12.256460326729234,11.399377798461492,9.427911593632794,1.6933465608465617,-1.3729456968908025,13.611199994437202,-0.2346770544637606,3.608427115702248,-3.830608819916855,0.3809523809523809,29,1,5,0,1,1,0,2,0,2,3,0,3,1,8,1,5,0,1,1,0,0,6.582201569112847,3,5.1055000000000055,114.93860000000006,1,0,0,0,0,0,0,0,1,1,1,0,0,0,0,1,0,0,0,0,0,0,0,0,0,0,0,0,0,0,0,0,0,0,2,0,0,0,0,0,0,0,0,0,2,0,0,0,0,0,0,0,0,0,0,0,0,0,0,0,0,0,0,0,0,0,0,0,0,0,0,0,0,0,0,0,1,0,0,0,0,0,0,0,0,CHEMBL3908460,CC(C)N1[C@H](c2ccc(Cl)cc2)[C@@H](c2cccc(Cl)c2)C[C@@H](CC(=O)O)S1(=O)=O,650.0,2.8129133566428557,CHEMBL1907611,Tumour suppressor p53/oncoprotein Mdm2,3,Large-Nonpolar-Aromatic-Rigid-Hydrophobic,Large-Nonpolar-Aromatic-Rigid-Hydrophobic
4.707900486583522,4.707900486583522,0.8190819344713192,0.8190819344713192,0.4208963954622613,11.125,444.13000000000005,432.0340000000001,441.942870584,118,0,0.1180317201280773,-0.2396161171056956,0.2396161171056956,0.1180317201280773,0.9166666666666666,1.7083333333333333,2.4583333333333335,79.91976166392189,10.090195433009312,2.136264667258551,-2.024850838925227,2.2900831444785794,-1.941431710275135,9.104493253317074,0.8901559191593692,3.017685291145229,1.936153234404409,1038.7647955596108,16.681433796945207,12.74093575072492,15.91292882895433,11.614193540729628,7.362000098442954,8.94799663755766,5.456731998812735,7.288083056396114,3.8012867118141256,4.8232038635694,2.6157842651712397,3.2793554291808236,-2.05,515903.4773741884,15.476098288761891,6.107183115097202,2.7597703977711023,155.34227637629812,0.0,11.210628712464722,0.0,0.0,0.0,0.0,0.0,4.681802935145184,10.197363616602075,5.098681808301038,43.99262193282192,43.32193961046029,20.705734094974897,16.76753848399682,0.0,42.76281272797975,0.0,19.9778483600483,0.0,6.923737199690624,0.0,69.36714714581925,0.0,16.944765761229018,0.0,0.0,0.0,31.859887795898697,19.9778483600483,0.0,6.923737199690624,5.693927994848461,63.67321915097079,0.0,27.84769069331008,0.0,43.6,0.0,0.0,0.0,0.0,0.0,42.48705771982337,0.0,0.0,66.33332025414177,42.057251412500776,5.098681808301038,3.919182314256945,6.972294175548785,0.0,14.390297330351894,4.522210910598808,0.0,16.089433584100377,2.0104062736205592,1.9295087448559671,0.0,0.0555555555555555,24,0,4,0,0,0,0,2,2,4,0,0,4,0,6,2,2,0,0,0,0,0,3.938140256529639,4,5.315920000000003,102.23300000000005,0,0,0,0,0,4,0,0,0,0,0,0,0,0,0,4,0,0,0,0,0,0,0,0,0,0,0,0,0,0,1,0,0,0,2,0,1,0,0,0,0,0,0,0,2,0,0,0,0,0,0,0,0,0,0,0,0,0,0,0,0,0,0,0,0,0,0,0,0,0,0,0,0,0,0,0,0,0,0,0,0,0,0,0,0,CHEMBL1431953,Cc1nnc(-c2cccc(Br)c2)c2cn(-c3ccc(Br)cc3)nc12,893.0,2.9508514588885464,CHEMBL1075322,G-protein coupled receptor 55,0,Large-Nonpolar-Aromatic-Rigid-Hydrophobic,Large-Nonpolar-Aromatic-Rigid-Hydrophobic
15.791507378215998,15.791507378215998,0.0521003101041979,-1.24046984448432,0.4752044876518111,24.974358974358974,574.5240000000001,540.2520000000001,573.196125528,208,0,0.2471147127006345,-0.3787927180120614,0.3787927180120614,0.2471147127006345,1.205128205128205,1.948717948717949,2.6666666666666665,35.496786061446,9.608090546272685,2.6248047479010235,-2.3878951244608446,2.6121913605682585,-2.4607355798437394,6.311457073497237,-0.1225167596608717,3.3486668371500574,1.6063317545779072,1319.0161772805145,27.94901851044682,22.451751776931705,23.963609668968612,18.5187296318786,13.375343452744534,14.131272398762988,11.79230452115872,12.63594042837131,7.987401044990138,8.514405995128499,6.3842081350574675,6.7381594008736645,-2.449999999999999,498012338.97555226,28.092143249189252,10.846286711637886,5.220503042888769,238.4185742156314,15.37044016181271,5.817220841045894,0.0,11.814359458703011,0.0,0.0,14.48898409899412,4.39041504767482,0.0,0.0,68.24821269175563,47.079722327263,48.380055788305846,23.651387712163935,18.716352369618512,40.703625513851605,0.0,10.216698334856808,11.332896515558172,38.52492973755605,44.70957815668247,75.03671749959534,0.0,0.0,10.633577208012662,10.077801322358384,0.0,23.20187978046503,56.10705874222962,19.74092779134047,17.150117356604067,44.23684225155326,48.04732704767281,10.045266627482652,0.0,0.0,70.67,17.150117356604063,9.589074368143644,4.39041504767482,33.7333407796995,54.57067397396814,13.08951281182515,6.06636706846161,24.26546827384644,12.142387175295491,36.30469853793501,27.938742734265084,21.20445747412084,12.546911076283044,30.229799749486645,6.479593088598286,0.4858678823266553,-2.4544122715363392,10.042414964359631,2.4953822593852353,10.358874665864892,0.0,0.4666666666666667,39,2,6,1,2,3,2,2,0,2,3,0,4,2,9,2,6,0,1,1,1,0,7.812703590387419,5,5.547000000000005,151.82439999999977,0,0,0,0,0,0,0,0,0,0,2,2,0,0,0,1,2,0,0,0,0,0,0,0,0,0,1,2,0,1,0,0,0,0,2,0,2,0,0,0,0,1,0,0,3,0,0,0,0,0,0,0,0,0,0,0,1,0,0,0,0,0,0,0,0,0,0,0,0,0,0,0,0,0,0,0,0,0,0,0,0,0,0,0,0,CHEMBL4205549,CC(C)(C)C[C@@H]1C=C(C(=O)NCCN2CCOCC2)[C@@H](c2cccc(Cl)c2F)[C@]12C(=O)Nc1cc(Cl)ccc12,3384.5,3.5294945184332773,CHEMBL1907611,Tumour suppressor p53/oncoprotein Mdm2,3,Large-Nonpolar-Aromatic-Rigid-Hydrophobic,Large-Nonpolar-Aromatic-Rigid-Hydrophobic
12.933560090702946,12.933560090702946,0.0734413580246915,-0.1220370370370367,0.568938382393165,11.045454545454543,424.088,411.992,421.9153184439999,112,0,0.1967552721524891,-0.5055807816002578,0.5055807816002578,0.1967552721524891,1.181818181818182,1.818181818181818,2.4545454545454546,79.9197637359109,9.991271215148297,2.218035727761317,-2.0567157430085072,2.352916838597116,-2.0341636748029455,9.108922616678193,0.1033404238956852,2.894291071568224,2.207612444438483,857.7365897543922,15.853006672199015,11.69084751877044,14.86284059699985,10.524075805453151,6.7566546858037,8.342651224918404,4.8675743560918985,6.57624815444094,3.495653392528215,4.704629899056724,2.434972469946293,3.6214287051469705,-1.59,129479.00537767608,15.311239944158608,5.8935932727369975,2.482626690271749,143.75016852808537,9.523678331894054,17.092779393800587,5.783244946364939,0.0,0.0,0.0,4.794537184071822,0.0,0.0,0.0,25.122838405075452,50.05898900128353,17.3704973290878,14.508890523361824,14.318215515965877,48.61237709837067,0.0,0.0,0.0,13.344558822616634,0.0,62.23079184470292,0.0,5.749511833283905,0.0,0.0,5.749511833283905,31.859887795898697,10.889772341205646,6.4208216229260096,0.0,28.605424786030877,49.76079237948784,0.0,10.969244356107035,0.0,50.44,0.0,9.901064578912528,0.0,11.532756779648844,37.836431198501515,5.386224214464796,0.0,12.13273413692322,31.18920547353706,31.859887795898697,4.417150937053347,6.718685962039135,6.5163057445200305,12.933560090702946,10.601931675460715,1.7777801660787778,0.6241079302091214,10.73702888870322,0.6350954270597128,1.9555041152263375,0.0,0.1176470588235294,22,1,3,0,0,0,0,2,1,3,0,0,3,1,5,1,3,0,0,0,0,0,4.101737306007053,3,5.456800000000003,92.53130000000002,0,0,0,0,0,0,0,1,0,0,1,1,0,0,0,0,0,0,0,0,0,0,0,0,0,0,0,0,0,0,1,0,0,0,2,0,1,0,0,0,0,0,1,0,2,0,0,0,0,0,0,1,0,0,0,0,0,0,0,0,0,0,0,0,1,1,1,0,0,0,0,0,0,0,0,0,0,0,0,0,0,0,0,0,0,CHEMBL388590,CCc1oc2ccccc2c1C(=O)c1cc(Br)c(O)c(Br)c1,16.0,1.2041199826559248,CHEMBL3397,Cytochrome P450 2C9,0,Large-Nonpolar-Aromatic-Rigid-Hydrophobic,Large-Nonpolar-Aromatic-Rigid-Hydrophobic
14.632390667172622,14.632390667172622,0.2463370417611499,-0.4387472836356774,0.2600073713631815,18.794117647058822,582.2710000000002,563.1190000000001,579.990963648,170,0,0.2285036260243218,-0.4803309511047466,0.4803309511047466,0.2285036260243218,0.9411764705882352,1.588235294117647,2.264705882352941,79.91976198383455,9.836353494002664,2.429087476455627,-2.4197634652688156,2.5238514463458177,-2.3668996764376904,9.10449056572845,0.2205878505112659,3.3132901623820517,1.6720201327198692,1446.9144897098568,23.55974897445605,18.33654959095652,21.508542669185925,16.41872399336994,10.77514605773299,12.361142596847694,8.468655878581925,10.300006936165303,6.403905033197725,7.461236059274195,4.812220360803431,5.340885873841666,-2.9699999999999993,93621917.2075452,21.55578859831628,8.06135708290181,3.3084391816345184,212.69196403665256,9.636772684650529,30.039859965990605,0.0,5.948339280986494,0.0,0.0,0.0,9.072217982820003,10.082660329248244,0.0,56.12535606974514,53.94592701708966,33.19603410456989,5.697039313055833,9.127278001474869,43.50526638994103,0.0,14.764463264393427,0.0,19.069544416586886,11.947581713527669,109.58056112894864,0.0,5.749511833283905,9.636772684650529,10.338754328661311,5.749511833283905,31.859887795898697,21.81213524707062,0.0,12.74095804073652,34.399613183684245,81.50953432111474,0.0,5.697039313055833,0.0,43.18,6.103966387748303,4.39041504767482,0.0,11.859061670193856,11.3129633249809,42.85427663086741,6.06636706846161,13.251057274455166,59.09395412790412,54.07528226207016,4.736862953800049,25.106509552636204,7.069172429414601,6.5876596216233665,4.603269072289409,5.441984300722126,0.9478130773914512,19.36613970727945,1.1331350150954669,1.7720155312660724,1.972301692281851,0.1538461538461538,34,0,5,0,2,2,0,3,1,4,2,0,5,0,8,3,2,0,0,0,0,2,5.1108502674873835,6,6.834820000000004,136.27399999999992,0,0,0,0,0,3,0,0,0,0,0,0,0,0,0,4,0,0,0,0,0,0,0,0,0,0,0,0,0,1,1,0,0,0,3,0,3,0,0,0,0,1,0,0,3,0,0,0,0,0,0,0,0,0,0,0,0,0,0,0,0,0,0,0,0,0,0,0,0,0,0,0,0,0,0,0,0,0,0,0,0,0,0,0,0,CHEMBL584512,Cc1cc2c(cc1F)OC(c1ccc(Br)cc1)C1=C2N(C)c2ncnn2C1c1ccc(Br)cc1,480.0,2.681241237375587,CHEMBL1907611,Tumour suppressor p53/oncoprotein Mdm2,3,Large-Nonpolar-Aromatic-Rigid-Hydrophobic,Large-Nonpolar-Aromatic-Rigid-Hydrophobic
13.384763916883625,13.384763916883625,0.0221556122448982,-0.4402694875181641,0.7034626026747647,24.551724137931036,431.36300000000017,407.17100000000016,430.121483368,152,0,0.2262701008741799,-0.3696579479378243,0.3696579479378243,0.2262701008741799,1.0344827586206895,1.7586206896551724,2.3793103448275863,35.49678468745587,9.7449364591681,2.4453913268311553,-2.4488129501676665,2.47475195297884,-2.48078163470901,6.3044127198610465,-0.1453032134381416,3.494024287094469,1.7837351687524243,911.3487832066336,20.543241116511,16.060726527844015,17.572584419880926,13.91872399336994,10.018057632167942,10.773986578186395,8.19492486709521,9.06779642803918,5.9754358474955485,6.462509265622772,4.448483849932659,4.773199462017475,-2.0399999999999996,6270571.650979811,20.241637644139672,8.369094710138508,4.593443240279005,180.5204992979322,10.633577208012662,0.0,0.0,11.814359458703011,0.0,0.0,9.589074368143644,0.0,0.0,0.0,47.46734805431147,60.57274217217986,34.84665674864402,6.041840829147961,9.589074368143644,35.016239239168044,0.0,4.899909730850477,17.56947956948497,37.64303336701339,6.544756405912575,69.70310615856953,0.0,0.0,5.733667477162185,0.0,0.0,23.20187978046503,23.259025595466063,9.589074368143644,11.835812092322788,48.76993635040739,48.53093654769288,10.045266627482652,0.0,0.0,63.400000000000006,11.8250857755129,9.589074368143644,0.0,24.287748227586867,28.92875070248263,23.968546229246012,0.0,0.0,53.43084627854336,0.0,28.935547257627213,0.0,12.401813121653788,27.01683335681652,1.324064529979935,7.586546176219699,-0.2694593023329794,15.372439824474156,2.916518198328714,0.7067996504157217,0.0,0.391304347826087,29,2,4,1,1,2,2,2,0,2,3,0,2,1,6,1,6,1,1,2,0,0,5.841523535589994,4,4.952200000000005,114.74140000000006,0,0,0,0,0,0,0,0,0,0,2,2,0,0,0,1,0,1,0,0,1,0,0,0,0,0,0,2,0,0,0,0,0,0,2,0,0,0,0,0,0,0,0,0,2,0,0,0,0,0,0,0,0,0,0,0,0,0,0,0,0,0,0,0,0,0,0,0,0,1,0,1,0,0,0,0,0,0,0,0,0,0,0,0,0,CHEMBL2177183,NC(=O)C[C@H]1C[C@H](c2cccc(Cl)c2)[C@@H](c2ccc(Cl)cc2)N(CC2CC2)C1=O,270.0,2.4313637641589874,CHEMBL1907611,Tumour suppressor p53/oncoprotein Mdm2,3,Large-Nonpolar-Aromatic-Rigid-Hydrophobic,Large-Nonpolar-Aromatic-Rigid-Hydrophobic
12.671436895669402,12.671436895669402,0.037399691358025,-1.0520293603552529,0.5022064591263106,37.38709677419355,460.401,433.1850000000001,459.1367990840001,164,0,0.3097002071847851,-0.4177834108837931,0.4177834108837931,0.3097002071847851,1.096774193548387,1.8387096774193548,2.5161290322580645,35.49678492142595,9.659914152991831,2.727810777764204,-2.5461360655819876,2.6487299399981437,-2.621353586092799,6.304344454909471,-0.3230909541605805,3.150725379661655,1.7333641180516326,1012.0816262142856,21.965890847321376,17.977410986745156,19.489268878782067,14.776624330943182,10.968533040608625,11.72446198662708,9.361189280150883,10.234060841094854,7.391986341618278,7.879059759745502,6.110649699902575,6.435365311987392,-1.5899999999999994,12378443.842599526,21.26593786789635,7.48245560681394,3.142372345405126,192.97023003515343,9.473725907600098,0.0,0.0,0.0,5.911045935557164,5.969305287951848,4.794537184071822,4.899909730850477,0.0,0.0,61.31482245369272,55.157751702783074,28.04685433193997,17.93977848007109,14.26826309167192,29.17118506841688,0.0,4.899909730850477,5.414990469396779,70.05027649561268,0.0,69.70310615856953,0.0,0.0,0.0,0.0,0.0,23.20187978046503,28.926068171255753,14.26826309167192,5.414990469396779,63.12032632655324,48.53093654769288,10.045266627482652,0.0,0.0,38.77,11.326036404953944,4.794537184071822,0.0,30.074859380157463,16.466088250408664,23.96854622924601,0.0,0.0,30.33183534230805,43.87022253530718,32.67560568806513,12.64622426233868,12.621396114813471,15.019528354475144,1.4120074457252043,1.8370112337630529,-1.1274888239760916,16.159861889750882,1.9394023823521176,6.3809460296464255,0.0,0.48,31,0,4,0,3,3,0,2,0,2,6,0,4,0,6,3,3,0,3,3,1,0,5.132949549477353,5,6.328300000000006,121.01500000000004,0,0,0,0,0,0,0,0,0,0,1,1,0,0,0,1,0,0,0,0,0,0,0,0,0,0,0,0,0,0,0,0,0,0,2,0,0,0,0,0,1,2,0,0,2,0,0,0,0,0,0,0,0,0,0,0,0,0,0,0,0,0,0,0,0,0,0,0,0,1,0,0,0,0,0,0,0,0,0,0,0,0,0,0,0,CHEMBL3891247,CC[C@H]1[C@H](C)O[C@]23OC(=O)C[C@@]2(C)C[C@H](c2cccc(Cl)c2)[C@@H](c2ccc(Cl)cc2)N13,1.8,0.255272505103306,CHEMBL1907611,Tumour suppressor p53/oncoprotein Mdm2,3,Large-Nonpolar-Aromatic-Rigid-Hydrophobic,Large-Nonpolar-Aromatic-Rigid-Hydrophobic
13.553698157246435,13.553698157246435,0.0385846560846558,-0.936154261180716,0.5480505109041015,24.516129032258064,460.4010000000003,433.1850000000002,459.136799084,164,0,0.3036504604474493,-0.4812120697653071,0.4812120697653071,0.3036504604474493,1.0,1.7096774193548387,2.3548387096774195,35.49678490261185,9.743251860310114,2.4400556954211323,-2.455608456093813,2.469236976642,-2.4850889263909743,6.304412312860006,-0.1500415318603971,3.244280702181666,1.7806758819029544,940.0382198921268,21.957454678884098,17.344803416527444,18.856661308564348,14.91872399336994,10.952989295323109,11.708918241341564,8.829457348778012,9.702328909721984,6.726693256548232,7.213766674675455,5.308930061280089,5.633645673364904,-2.0399999999999996,12968765.541637843,22.164572047976115,9.620926631626547,5.070568179469693,192.7047265819087,10.006437125691182,0.0,0.0,5.907179729351506,0.0,5.969305287951848,9.589074368143644,0.0,0.0,0.0,60.3089913001635,60.57274217217986,28.425835125718017,12.462662452073973,14.69560176298435,35.07836479776839,0.0,4.899909730850477,11.835812092322788,50.484676612865414,6.544756405912575,69.70310615856953,0.0,0.0,0.0,0.0,0.0,23.20187978046503,28.427678548907114,9.589074368143644,11.835812092322788,61.61157959625942,48.53093654769288,10.045266627482652,0.0,0.0,57.61,11.887211334113244,14.69560176298435,0.0,24.287748227586867,28.92875070248263,23.968546229246012,12.84164324585202,0.0,53.43084627854336,0.0,23.20187978046503,0.0,12.45424195544626,27.057989819401552,10.751407348930798,2.056720521541951,-1.0985328515057349,15.224687343469512,4.943058094386107,0.6659833238851095,0.0,0.44,31,1,4,1,1,2,1,2,0,2,3,0,2,1,6,1,6,1,1,2,0,0,6.878829725644476,4,6.331700000000005,122.41680000000004,1,0,0,0,0,0,0,0,1,1,2,1,0,0,0,1,0,0,0,0,1,0,0,0,0,0,0,1,0,0,0,0,0,0,2,0,0,0,0,0,0,0,0,0,2,0,0,0,0,0,0,0,0,0,0,0,0,0,0,0,0,0,0,0,0,0,0,0,0,1,0,0,0,0,0,0,0,0,0,0,0,0,0,0,0,CHEMBL3978255,O=C(O)C[C@H]1C[C@H](c2cccc(Cl)c2)[C@@H](c2ccc(Cl)cc2)N(CC2CCCC2)C1=O,190.0,2.278753600952829,CHEMBL1907611,Tumour suppressor p53/oncoprotein Mdm2,3,Large-Nonpolar-Aromatic-Rigid-Hydrophobic,Large-Nonpolar-Aromatic-Rigid-Hydrophobic
13.412259109662385,13.412259109662385,0.0378817082388514,-0.6984608843537419,0.5443307404100919,16.866666666666667,469.3350000000001,448.16700000000014,468.068469252,154,0,0.289564235594803,-0.5026744587969535,0.5026744587969535,0.289564235594803,1.1666666666666667,1.9333333333333331,2.6333333333333333,79.91873128210548,9.947913513717072,2.439581725047572,-2.275577215506575,2.3961379853887936,-2.362174091962023,9.103005192900108,-0.1291018372103236,3.255279248561327,1.7945144063985927,1131.7293139531976,21.41348460451408,16.63206638517005,18.21806292428475,14.363081100704116,9.541192038327848,10.3341903078852,7.499247377233895,8.414922906025584,5.150135421089988,5.643387059807029,3.6737062428650846,4.090651587516151,-2.899999999999999,7579868.901086321,20.375924106797935,8.084159369914603,3.6614161105683385,182.05802886356065,19.323497793595006,5.583020141642242,11.519412290530616,5.783244946364939,5.907179729351506,0.0,9.589074368143644,0.0,0.0,0.0,46.2617792402574,43.92426373089781,22.94845654212236,11.614945359217227,19.112752700037696,38.589612929772834,0.0,9.799819461700954,0.0,6.041840829147961,27.18485677717953,81.72599144428379,0.0,0.0,0.0,0.0,0.0,15.929943897949348,53.78162830943763,4.794537184071822,0.0,22.16007692379122,74.8194434707657,0.0,10.969244356107035,0.0,73.99000000000001,23.491430376520583,14.69560176298435,0.0,11.333351948943708,18.672532953467393,15.422395221994204,4.899909730850477,12.13273413692322,61.45982317543612,15.929943897949348,4.417150937053347,6.5462922656181135,3.4531165307606053,29.80257377488032,11.487222482612315,1.3515159260699494,-1.4723524633618836,15.646671958843225,0.0,0.9579514317269096,3.8103414261837782,0.217391304347826,30,1,6,0,1,1,1,2,1,3,1,0,5,1,7,2,6,0,0,0,0,1,5.490740592954646,4,4.335200000000003,117.34930000000004,0,1,1,0,0,0,0,0,0,0,2,2,0,0,0,2,0,0,0,1,0,0,0,0,0,0,0,1,0,0,0,0,0,0,2,0,1,0,0,0,0,0,1,0,1,0,0,0,0,0,0,1,1,0,0,0,0,0,0,0,0,0,0,0,1,0,0,0,0,0,0,0,0,0,0,0,0,0,0,0,0,0,0,0,0,CHEMBL1573867,CN(C)CCN1C(=O)C(O)=C(C(=O)c2cc3ccccc3o2)C1c1cccc(Br)c1,2252.0,3.3525683861793087,CHEMBL2096976,Peroxisome proliferator-activated receptor gamma/Nuclear receptor corepressor 2,0,Large-Nonpolar-Aromatic-Rigid-Hydrophobic,Large-Nonpolar-Aromatic-Rigid-Hydrophobic
14.138125240579772,14.138125240579772,0.0563065756137846,-4.356624339557015,0.4374043999905356,27.35135135135135,557.4400000000002,528.2080000000002,556.150732808,200,0,0.4008387702419286,-0.481204488331577,0.481204488331577,0.4008387702419286,1.108108108108108,1.8108108108108107,2.4324324324324325,35.49678565862652,9.665404609928684,2.526622307699473,-2.5309105498919164,2.521745169495129,-2.595813210224758,6.30446529457233,-0.1656054052699527,2.796254800218881,1.8344897558979856,1144.4614297906642,26.957454678884098,20.348560161865457,21.860418053902364,17.359811009280712,12.207830592411204,12.96375953842966,10.351954229805072,11.22482579074904,7.408743584044541,7.895817002171766,5.936253100577247,6.260968712662063,-2.2899999999999996,97055185.49075876,27.736972370266155,10.829731569732695,6.411548728261693,223.691050689684,10.006437125691182,0.0,0.0,5.907179729351506,0.0,12.145603805395323,14.48898409899412,0.0,13.17124514302446,0.0,54.39108525400209,61.19959253193104,28.549769908704583,24.422409327383324,27.86684690600881,35.07836479776839,0.0,9.799819461700954,5.414990469396779,56.78490991329546,19.634269217737724,69.70310615856953,0.0,0.0,0.0,13.17124514302446,0.0,23.20187978046503,58.63524043817417,9.589074368143644,5.414990469396779,55.69367355009801,48.53093654769288,10.045266627482652,0.0,0.0,60.85,36.189032339000605,27.86684690600881,0.0,37.75624183319007,22.88690987333467,11.126902983393991,4.899909730850477,42.15548227284915,18.19910120538483,0.0,23.20187978046503,39.722619471331384,12.468304243984534,28.996325297997902,10.709296224567014,0.3807299627670004,-1.7918203606286067,13.277821388424826,-3.4697973242858846,0.9287433180640554,0.0,0.4814814814814814,37,1,5,0,2,2,1,2,0,2,4,0,3,1,10,2,6,0,2,2,0,0,8.118485549380404,4,6.558300000000005,135.72579999999996,1,0,0,0,0,0,0,0,1,1,2,1,0,0,0,2,0,0,0,0,2,0,0,0,0,3,0,1,0,0,0,0,0,0,2,0,0,0,0,0,0,0,0,0,5,0,0,0,0,0,0,0,0,0,0,0,0,0,0,0,0,0,0,0,0,0,0,0,0,2,0,0,0,0,0,0,0,0,0,0,0,0,0,0,0,CHEMBL3926199,C[C@]1(CC(=O)O)C[C@H](c2cccc(Cl)c2)[C@@H](c2ccc(Cl)cc2)N([C@H]2CCCN(CC(F)(F)F)C2)C1=O,40.0,1.6020599913279625,CHEMBL1907611,Tumour suppressor p53/oncoprotein Mdm2,3,Large-Nonpolar-Aromatic-Rigid-Hydrophobic,Large-Nonpolar-Aromatic-Rigid-Hydrophobic
13.999368118083986,13.999368118083986,0.0175950934654034,-0.0913007566971657,0.3089664070272797,15.564102564102564,518.6610000000002,484.3890000000003,518.268176328,198,0,0.2785447838054269,-0.333909925265534,0.333909925265534,0.2785447838054269,0.8461538461538461,1.5384615384615383,2.3333333333333335,16.156235122370706,9.931845749524069,2.302452609994028,-2.336490726502837,2.2961352823851997,-2.4156248765001385,6.051764031870193,0.0734136942443977,3.3879636927326526,1.3149021986380651,1486.5970546009737,26.769009466755723,22.422459250264325,22.422459250264325,19.09735678832402,14.006881270950682,14.006881270950682,10.647867909451138,10.647867909451138,8.080063855095739,8.080063855095739,6.0465870693673915,6.0465870693673915,-4.189999999999999,1469108331.1136029,25.107877995081008,10.89059713175608,4.9889245931908,229.42027380084505,9.799819461700954,0.0,5.693927994848461,0.0,11.814359458703011,0.0,9.589074368143644,4.681802935145184,5.098681808301038,0.0,73.85976848493253,67.64494039417069,30.512667910505137,11.250837766380558,9.589074368143644,17.501745733386574,0.0,14.680394474296698,0.0,58.03526417230723,11.444666136763052,113.00734942325047,0.0,5.687386274683562,4.899909730850477,5.687386274683562,0.0,0.0,39.08135116806024,12.965578028838586,6.923737199690624,69.77139294756161,84.92913895846256,0.0,5.687386274683562,0.0,58.440000000000005,0.0,9.589074368143644,0.0,17.85620028785097,30.03427857305417,43.48542238416208,17.54772460632,4.681802935145184,83.45359441446931,18.19910120538483,5.098681808301038,1.7523841017888635,0.0,31.611420959476447,4.8000585755167275,5.914160235228813,-0.1088958501625692,27.83065764966508,6.317612234558995,3.215935427260977,0.0,0.303030303030303,39,0,6,1,1,2,2,3,1,4,0,0,4,0,6,2,5,1,0,1,0,0,7.011276514813098,6,6.358720000000006,153.3119999999997,0,0,0,0,0,2,0,0,0,0,2,2,0,0,0,4,0,0,0,0,0,0,0,0,0,0,0,2,0,1,1,0,0,0,3,0,1,0,0,0,0,0,0,0,0,0,0,0,0,0,0,0,0,0,0,0,0,0,0,0,0,0,0,0,2,0,0,0,0,0,0,0,0,0,0,0,0,0,0,0,0,0,0,0,0,CHEMBL516633,Cc1cc(C(=O)N(c2ccccc2)C2CCCCC2)nn1-c1ccccc1C(=O)N1CCc2ccccc2C1,1400.0,3.146128035678238,CHEMBL4860,Apoptosis regulator Bcl-2,3,Large-Nonpolar-Aromatic-Rigid-Hydrophobic,Large-Nonpolar-Aromatic-Rigid-Hydrophobic
14.629168787311375,14.629168787311375,0.0216439944893263,-0.6319220814471744,0.3561599419516618,29.113636363636363,654.7080000000001,613.3800000000001,653.2358019119999,234,0,0.2629659053796722,-0.3380667748844298,0.3380667748844298,0.2629659053796722,0.9545454545454546,1.5909090909090908,2.2045454545454546,35.49678693257329,9.808226309030731,2.541651922968054,-2.4003192371226723,2.562263936359898,-2.5675761065336045,8.17778061218111,-0.1444208203372222,3.637293494975987,1.3829875175737782,1510.5182644572888,31.498906563211467,26.257829200307715,28.586183673272348,20.900610353708537,15.546375189597128,17.118800716543305,13.112484374008506,14.962876742318384,9.825119022013045,11.387512074299153,7.209808203738335,8.813082136558593,-2.519999999999999,7380450679.008382,31.46208620071632,12.010426297092234,5.355264710641663,274.79164004187487,19.59963892340191,16.48590259542135,5.1676517695780495,5.907179729351506,5.907179729351506,0.0,9.589074368143644,4.992404732635668,0.0,0.0,61.31482245369272,93.73268908039404,47.46025681657213,6.041840829147961,9.589074368143644,51.94577595813721,0.0,19.59963892340191,10.91031077879706,77.16661781328033,26.681941200414915,80.3052819855154,0.0,0.0,0.0,0.0,0.0,34.963764729856145,81.38911383954176,15.127999620526989,5.917906046161393,64.62907305684708,64.12551710727443,10.045266627482652,0.0,0.0,59.46000000000001,11.580766081531303,9.589074368143644,0.0,29.815947163160327,40.50257840527182,34.95717209486646,11.761884949391115,0.0,46.19802187247061,63.59891157975448,28.194284513100698,0.0,14.045170977913148,42.938686074174974,2.142915444768537,2.4239117002730595,0.0518306468388096,15.420832531558686,1.5012073557105954,12.84911816189468,2.098549329089728,0.5,44,0,7,0,4,4,2,2,0,2,5,0,6,0,10,4,5,0,2,2,0,0,8.5880242606015,6,6.777900000000009,179.72799999999944,0,0,0,0,0,0,0,0,0,0,2,2,0,0,1,5,0,0,0,1,1,0,0,0,0,0,1,2,1,0,0,0,0,0,2,0,1,0,0,0,0,0,0,0,2,0,0,0,0,0,0,0,0,0,0,0,0,0,0,0,0,0,0,0,0,0,0,0,0,0,1,0,0,0,0,1,0,0,0,0,0,0,0,0,0,CHEMBL2398247,CC(C)C1=C(C(=O)N2[C@H](C)CC[C@H]2C(=O)N2CCN(C)[C@@H](C)C2)SC2=N[C@@](C)(c3ccc(Cl)cc3)[C@@H](c3ccc(Cl)cc3)N21,16.0,1.2041199826559248,CHEMBL1907611,Tumour suppressor p53/oncoprotein Mdm2,3,Large-Nonpolar-Aromatic-Rigid-Hydrophobic,Large-Nonpolar-Aromatic-Rigid-Hydrophobic
14.56483622558298,14.56483622558298,0.0146286883668771,-0.6286416190320965,0.3794485611699721,27.767441860465116,640.681,601.3690000000001,639.2201518479999,228,0,0.2629659053740689,-0.3383424108832432,0.3383424108832432,0.2629659053740689,0.9534883720930232,1.558139534883721,2.1627906976744184,35.49678683007401,9.808226762545372,2.541085673822922,-2.3775817901583816,2.5621345571241796,-2.5431643135545348,8.177779659852021,-0.1437008018656161,3.6274628250354786,1.3888724197151892,1469.1155594203108,30.62866307520839,25.38758571230464,27.71594018526927,20.489926751185575,15.118805506213317,16.691231033159493,12.627163905811928,14.477556274121806,9.368714334779895,10.931107387066003,6.988028141049571,8.59130207386983,-2.519999999999999,5051269958.85521,30.50379543445117,11.768347391842676,5.3853680732102225,268.42669792747824,19.59963892340191,16.48590259542135,5.1676517695780495,5.907179729351506,5.907179729351506,0.0,9.589074368143644,4.992404732635668,0.0,0.0,61.31482245369272,86.8089518807034,47.96317239333674,6.041840829147961,9.589074368143644,51.94577595813721,0.0,19.59963892340191,10.91031077879706,64.20103978444175,33.22669760632749,80.3052819855154,0.0,0.0,0.0,0.0,0.0,34.963764729856145,81.89202941630637,15.127999620526989,5.917906046161393,57.705335857156456,64.12551710727443,10.045266627482652,0.0,0.0,59.46000000000001,11.580766081531303,9.589074368143644,0.0,29.815947163160327,34.46073757612386,41.50192850077904,11.761884949391115,0.0,46.19802187247061,56.67517438006386,28.194284513100698,0.0,14.02973163070398,42.655505680167565,2.1450673025019205,2.429997349011334,0.0603972615012036,15.143267163201614,1.511192947169401,11.583698744060664,2.0800308105712095,0.4848484848484848,43,0,7,0,4,4,2,2,0,2,4,0,6,0,10,4,5,0,2,2,0,0,8.348354917263395,6,6.389400000000008,175.13299999999947,0,0,0,0,0,0,0,0,0,0,2,2,0,0,1,5,0,0,0,1,1,0,0,0,0,0,1,2,1,0,0,0,0,0,2,0,1,0,0,0,0,0,0,0,2,0,0,0,0,0,0,0,0,0,0,0,0,0,0,0,0,0,0,0,0,0,0,0,0,0,1,0,0,0,0,1,0,0,0,0,0,0,0,0,0,CHEMBL2398344,CC(C)C1=C(C(=O)N2[C@H](C)CC[C@H]2C(=O)N2CCN(C)CC2)SC2=N[C@@](C)(c3ccc(Cl)cc3)[C@@H](c3ccc(Cl)cc3)N21,16.0,1.2041199826559248,CHEMBL1907611,Tumour suppressor p53/oncoprotein Mdm2,3,Large-Nonpolar-Aromatic-Rigid-Hydrophobic,Large-Nonpolar-Aromatic-Rigid-Hydrophobic
14.14631241951513,14.14631241951513,0.0782192897735221,-0.3863051146384479,0.27126668664775,15.055555555555555,520.4600000000002,493.2440000000003,519.1480324639999,184,0,0.2795351970815014,-0.4944945720452915,0.4944945720452915,0.2795351970815014,0.9166666666666666,1.6111111111111112,2.3055555555555554,35.496785414124815,9.9139547115857,2.4549379186090508,-2.2984006218035247,2.4745280954912174,-2.308679579085446,6.3092543573809285,0.0987747645691864,3.359634708261258,1.8299014358009125,1492.1202426861107,25.722885681272587,20.842269543721567,22.35412743575848,17.222453108210814,11.8448378872125,12.600766833230953,9.395284961061025,10.268156522004997,6.729656431590507,7.1998506371659845,5.106172481771529,5.499173533324691,-3.279999999999999,148372636.1425874,24.41598824763505,9.304716748792972,3.871331686241011,220.76505840981093,4.736862953800049,11.436898107967467,5.693927994848461,0.0,5.907179729351506,0.0,9.6944469149223,4.681802935145184,5.098681808301038,0.0,61.31482245369273,72.85393733140329,21.29610439386321,18.845566365273957,9.53140013787187,34.7964457845001,0.0,9.78048474344622,0.0,39.654695674071846,12.009707272128011,104.35059926858366,0.0,11.436898107967467,9.636772684650529,5.687386274683562,5.749511833283905,23.20187978046503,22.797462014075258,0.0,13.847474399381248,64.24342041524733,60.6636706846161,10.045266627482652,5.687386274683562,0.0,47.36,0.0,4.794537184071822,0.0,17.866926604660858,21.48870645561502,39.32250651100357,0.0,7.109797541277533,84.09285774999302,13.847474399381248,33.03742454256612,7.507268714091255,12.728139492365658,15.973260407043474,6.133863483520471,6.799010764540318,0.6060455107373699,18.76117939316699,0.0,8.241479002154206,1.638642121269147,0.2413793103448276,36,0,5,0,1,1,1,3,1,4,1,0,4,0,7,2,5,0,0,0,0,0,6.310662632947283,5,7.677740000000007,145.2354999999998,0,0,0,0,0,2,0,0,0,0,1,1,0,0,0,3,0,0,0,0,0,0,0,0,0,0,0,1,0,1,2,0,0,0,3,0,1,0,0,0,0,1,0,0,2,0,0,0,0,0,0,0,0,0,0,1,0,0,0,0,0,0,0,0,2,0,0,0,0,0,0,0,0,0,0,0,0,0,0,0,0,0,0,0,0,CHEMBL3691738,COc1ccccc1-n1nc2c(c1C(C)C)[C@@H](c1ccc(Cl)cc1C)N(c1cc(Cl)ccc1C)C2=O,505.8,2.703978825008386,CHEMBL5023,p53-binding protein Mdm-2,3,Large-Nonpolar-Aromatic-Rigid-Hydrophobic,Large-Nonpolar-Aromatic-Rigid-Hydrophobic
3.6016172624830287,3.6016172624830287,1.0321683734201774,1.0321683734201774,0.3078746446907314,10.916666666666666,442.15400000000005,428.04200000000014,439.95127548818,116,0,0.2532085481949853,-0.1544891288233751,0.2532085481949853,0.1544891288233751,0.5416666666666666,1.0,1.4166666666666667,79.91976176005599,10.08819864409802,2.13584536775925,-2.0275671872153693,2.196472282604068,-2.3154007627363185,9.10318711883826,-0.6075194977474084,2.6164576385503744,1.819966552848065,959.6450446625396,16.518297090128677,12.733259905673137,15.905252983902544,11.720346690612278,7.592207456118262,9.178203995232964,5.50248481403806,7.127439557537727,3.984032411305702,5.276840077240182,2.783452490803711,3.734606617512523,-2.039999999999999,492974.6330521917,15.485517751479293,6.457627446637655,2.8746987726289923,156.8215902097266,0.0,0.0,12.393687143226153,11.374772549367124,9.20639203796776,0.0,0.0,0.0,9.13419929558271,0.0,0.0,35.03791670277603,80.39082434359159,0.0,9.13419929558271,42.632336224828286,0.0,0.0,0.0,0.0,0.0,94.39648400273326,0.0,11.374772549367124,9.13419929558271,0.0,0.0,31.859887795898697,0.0,0.0,0.0,0.0,94.39648400273326,0.0,22.147220978296716,0.0,7.76,0.0,0.0,0.0,0.0,0.0,20.58116458733488,10.772448428929591,0.0,36.39820241076966,89.78597664547723,0.0,6.306172641692122,7.203234524966057,0.0,2.429919690098262,2.2708698664651052,0.0,25.185533304326665,4.104269972451791,0.0,0.0,0.0,24,0,2,0,0,0,0,2,2,4,0,0,0,0,4,2,2,0,0,0,0,0,4.166654352389471,4,4.918200000000002,102.41200000000003,0,0,0,0,0,2,0,0,0,0,0,0,0,0,0,2,0,0,0,0,0,0,0,0,0,0,0,0,0,0,0,0,0,0,2,0,1,0,0,0,0,0,0,0,2,0,0,0,0,0,0,0,0,0,0,0,0,0,0,0,0,0,0,0,0,0,0,0,0,0,0,0,0,2,0,0,0,0,0,0,0,0,0,0,0,CHEMBL340270,Brc1cccc[n+]1-c1ccc2cc(-[n+]3ccccc3Br)ccc2c1,11700.0,4.068185861746161,CHEMBL4860,Apoptosis regulator Bcl-2,0,Large-Nonpolar-Aromatic-Rigid-Hydrophobic,Large-Nonpolar-Aromatic-Rigid-Hydrophobic
13.804705827804373,13.804705827804373,0.0310915497886394,-0.4754254850088184,0.2802619067465972,15.08108108108108,535.4750000000001,507.2510000000003,534.158931496,190,0,0.3279588198106241,-0.4959924011261281,0.4959924011261281,0.3279588198106241,0.972972972972973,1.6756756756756757,2.3783783783783785,35.49678552642705,9.940423215969796,2.4113549308241384,-2.382760455880698,2.4621845015299426,-2.441784945122992,6.308603556735618,0.2539643380248849,3.2397575150177604,1.849175767197292,1512.0301496650927,26.429992462459133,21.342269543721567,22.85412743575848,17.70561635580521,12.087968440114825,12.843897386133278,9.467701146691873,10.340572707635843,6.730813566108872,7.20100777168435,5.0644793477460865,5.457480399299249,-3.479999999999999,223452762.6702859,25.181374061765503,9.765291230866543,4.342487971770821,226.34646702501425,9.303962601591405,17.615757160431794,5.817862777835028,0.0,0.0,6.031114512338072,10.216698334856808,9.778515705019029,0.0,0.0,47.46734805431147,80.78350568462314,16.087107456630612,24.05456330250655,9.53140013787187,40.73824334532169,0.0,9.551078168738565,0.0,39.77863045705841,17.32649587613434,93.09321978203822,0.0,17.137367822980828,14.953561288656855,16.29978623659041,5.749511833283905,23.20187978046503,22.691990222354168,0.0,13.847474399381248,48.315438527616614,60.6636706846161,10.045266627482652,11.387855989696924,0.0,59.39,6.041840829147961,4.794537184071822,0.0,12.072955341486033,21.612641238601583,39.459524734319935,0.0,12.009707272128011,74.51114508399735,23.731362651178937,32.92272125521229,7.849129104337888,12.763387490741962,20.53943596728815,4.24553644900296,5.30247873506186,1.952554234597284,18.39243282252227,0.0,8.19839510192745,1.6455389834090648,0.2413793103448276,37,1,6,0,1,1,2,3,1,4,1,0,4,1,8,2,5,0,0,0,0,1,6.6460392245007816,5,8.204740000000008,150.31869999999975,0,0,0,0,0,2,0,0,0,0,1,1,0,0,0,3,1,0,0,0,0,0,0,0,0,0,0,2,0,2,2,0,0,0,3,0,1,0,0,0,0,1,0,0,2,0,0,1,0,0,0,0,0,0,0,1,0,0,0,0,0,0,0,0,1,0,0,0,0,0,0,0,0,0,0,0,0,0,0,0,0,0,0,0,1,CHEMBL3982177,COc1ccccc1-c1nc2c(n1C(C)C)C(c1ccc(Cl)cc1C)N(c1cc(Cl)ccc1C)C(=O)N2,1.8,0.255272505103306,CHEMBL1907611,Tumour suppressor p53/oncoprotein Mdm2,3,Large-Nonpolar-Aromatic-Rigid-Hydrophobic,Large-Nonpolar-Aromatic-Rigid-Hydrophobic
14.104031618305758,14.104031618305758,0.0333435076705574,-0.4850088183421517,0.2735257083751579,14.75,516.4280000000002,493.24400000000026,515.116732336,180,0,0.2606647662258878,-0.4960551334016093,0.4960551334016093,0.2606647662258878,0.9444444444444444,1.6388888888888888,2.3055555555555554,35.496785404295316,10.016468000398044,2.437498268408385,-2.2955501011872155,2.4767994009096284,-2.303095602479526,6.309529065326206,0.0993251382532269,3.3936832331398614,1.8144235927061292,1516.7591185563383,25.559748974456053,19.99697008210082,21.508827974137727,17.349774308148643,11.525045244887805,12.280974190906258,8.895044359714936,9.767915920658904,6.467328784633658,6.954402202760882,4.978637706907995,5.270969419619035,-3.7199999999999993,177021983.5436881,23.99564664881377,9.385175912758832,3.834506246264401,219.60459442753177,9.303962601591405,17.86057397522414,0.0,0.0,5.907179729351506,0.0,9.6944469149223,0.0,5.261891554738487,0.0,47.46734805431147,67.94186243877112,21.65055894832761,35.31194278905201,9.53140013787187,34.7964457845001,5.261891554738487,4.567099647791355,0.0,25.93115605767717,12.009707272128011,105.22595391896144,0.0,23.076112632621633,9.636772684650529,5.687386274683562,5.749511833283905,23.20187978046503,17.584076918420394,0.0,11.33111286753076,53.109975711688435,72.79640482153933,10.045266627482652,11.257379486545457,0.0,58.26,6.041840829147961,10.056428738810308,0.0,11.949020558499466,26.859555885560205,28.264270806374817,0.0,30.20880847751284,54.59730361615449,24.483795359964876,27.938742734265084,7.82811646644935,12.544326452440306,15.77389627250077,10.89236751762809,4.943944933166616,0.5312908121620246,23.89098433218643,0.0,4.177275657176451,1.6400197785121888,0.1724137931034483,36,0,5,0,1,1,1,3,1,4,1,0,4,0,7,2,5,0,0,0,0,1,6.255649026097755,5,7.672880000000005,143.07649999999984,0,0,0,0,0,1,0,0,0,0,1,1,0,0,0,3,0,0,0,0,0,0,0,0,0,0,0,1,0,1,0,0,0,0,3,0,1,0,0,0,0,1,0,0,2,0,0,0,0,0,0,0,0,0,0,1,0,1,0,0,0,0,0,0,1,0,0,0,0,0,0,0,0,0,0,0,0,0,0,0,0,0,0,0,0,CHEMBL3984231,COc1ccccc1-c1cc2c(n1C(C)C)C(c1ccc(Cl)cc1)N(c1cc(Cl)ccc1C#N)C2=O,1.949,0.2898118391176214,CHEMBL1907611,Tumour suppressor p53/oncoprotein Mdm2,3,Large-Nonpolar-Aromatic-Rigid-Hydrophobic,Large-Nonpolar-Aromatic-Rigid-Hydrophobic
13.959447401388536,13.959447401388536,0.2136687452758883,-1.1178876702429936,0.4535495202200499,22.90909090909091,483.3950000000001,459.20300000000026,482.116397988,170,0,0.3039262000198636,-0.4812044870202562,0.4812044870202562,0.3039262000198636,1.0909090909090908,1.818181818181818,2.4545454545454546,35.496785107044666,9.671969358321064,2.5117451827057877,-2.4813089540391675,2.5184319876231114,-2.52741682682068,6.3046399264125075,-0.1453982020360717,2.753302116562721,1.9568950744970808,1198.151205764878,23.750347897697548,18.33383337528429,19.8456912673212,15.675359597413202,10.668722945943584,11.42465189196204,8.859732264670416,9.732603825614383,6.242420973260254,6.729494391387478,4.740140141824975,5.064855753909791,-2.889999999999999,20262144.98904224,23.27430948119541,9.160413775385631,4.750362621201997,202.527531464862,5.106527394840706,5.817862777835028,0.0,5.907179729351506,0.0,5.969305287951848,14.48898409899412,4.983978520947208,0.0,0.0,54.39108525400209,66.43311570847727,22.16001624525712,17.877652921470748,14.69560176298435,40.89622757560341,0.0,4.983978520947208,5.414990469396779,38.64886452054262,4.899909730850477,93.59613535880284,0.0,0.0,4.899909730850477,5.817862777835028,0.0,23.20187978046503,21.966990933091267,9.589074368143644,12.338727669087405,48.41548179594298,66.86051425622918,10.045266627482652,0.0,0.0,70.5,17.42613658649659,14.69560176298435,0.0,18.24590739843891,22.283951028243692,16.690354475090988,0.0,36.21959170753901,49.38830667892189,4.983978520947208,23.20187978046503,0.0,12.486972009138317,31.90301440227997,10.818377526662388,1.6553496061490456,-1.003198069444762,18.218140235369223,1.7371413611741,3.656425150893946,0.0,0.2692307692307692,33,1,5,0,1,1,1,2,1,3,3,0,3,1,7,2,5,0,1,1,0,0,6.460675914670631,4,6.439620000000005,129.82279999999997,1,0,0,0,0,1,0,0,1,1,2,1,0,0,0,2,0,0,0,0,0,0,0,0,0,0,0,1,0,1,1,0,0,0,2,0,0,0,0,0,0,0,0,0,2,0,0,0,0,0,0,0,0,0,0,0,0,0,0,0,0,0,0,0,0,0,0,0,0,1,0,0,0,1,0,0,0,0,0,0,0,0,0,0,0,CHEMBL4112858,Cc1ccnc(N2C(=O)[C@@](C)(CC(=O)O)C[C@H](c3cccc(Cl)c3)[C@H]2c2ccc(Cl)cc2)c1,30.0,1.4771212547196624,CHEMBL1907611,Tumour suppressor p53/oncoprotein Mdm2,3,Large-Nonpolar-Aromatic-Rigid-Hydrophobic,Large-Nonpolar-Aromatic-Rigid-Hydrophobic
13.665559868494723,13.665559868494723,0.0620847505668935,-1.0805221718316953,0.6066241913535015,25.096774193548388,433.93500000000006,409.74300000000017,433.1444713080001,158,0,0.2569215366060773,-0.3930273613123763,0.3930273613123763,0.2569215366060773,0.967741935483871,1.6774193548387095,2.3870967741935485,35.49569192422464,9.924478358091,2.532058471816407,-2.411847403290882,2.4789972578196036,-2.4785722880414665,6.301098984231273,-0.1469398471522365,3.301353971133035,1.6856297352400889,1085.3209203814258,21.424074484064484,17.077569407527452,17.833498353545906,15.075353958904538,10.65052066783518,11.02848514084441,8.280126648651144,8.716562429123131,6.260890859657796,6.5128671749972815,4.795997107096266,4.921985264766008,-2.6599999999999993,20825680.35319672,20.254281201320687,8.11739648938896,3.5481911094485707,186.5858671185711,9.843390348640757,0.0,5.724985593970254,0.0,5.907179729351506,0.0,9.6944469149223,0.0,0.0,0.0,72.26461057484862,43.025017565859855,28.25774419474489,12.207932775496603,14.637927532712576,17.508119619584022,0.0,4.899909730850477,0.0,43.74013964415746,0.0,106.13921117053027,0.0,0.0,0.0,0.0,0.0,11.600939890232516,28.121549630539295,17.006604953682878,0.0,46.31080801963783,78.86277189000094,5.022633313741326,0.0,0.0,49.77,5.724985593970254,9.901064578912528,0.0,18.115112504848113,29.972484457202917,23.11117609801699,0.0,0.0,83.76268162085142,0.0,16.337802844032566,6.8399681122448985,6.193796139476605,15.485935907799334,10.76200926867278,2.2770168370846298,-0.0620847505668935,25.124818336786984,1.497336444797964,0.4089814814814814,0.0,0.2692307692307692,31,1,4,1,1,2,1,3,0,3,3,0,3,1,5,1,5,1,0,1,0,3,5.303613907054754,5,5.127100000000004,119.7203,0,1,1,0,0,0,0,0,0,0,1,1,0,0,0,1,0,0,0,0,0,0,0,0,0,0,0,1,0,0,0,0,0,0,3,0,1,0,0,0,0,1,0,0,1,0,0,0,0,0,0,0,0,0,0,0,0,0,0,0,0,0,0,0,0,0,0,0,0,0,0,0,0,0,0,0,0,0,0,0,0,0,0,0,0,CHEMBL1688170,O=C1c2ccccc2C(OC2CCC(O)C2)(c2ccc(Cl)cc2)N1Cc1ccccc1,3000.0,3.4771212547196626,CHEMBL5023,p53-binding protein Mdm-2,3,Large-Nonpolar-Aromatic-Rigid-Hydrophobic,Large-Nonpolar-Aromatic-Rigid-Hydrophobic
11.08087305844332,11.08087305844332,0.3370047903833217,-0.8782020505032444,0.63788333050495,19.516129032258064,438.99900000000025,407.75100000000026,438.207405912,164,0,0.3351808374207519,-0.4776392361930088,0.4776392361930088,0.3351808374207519,1.0,1.6451612903225807,2.2580645161290325,35.495691917355906,9.725061507632264,2.290165888273006,-2.3937630522279965,2.4242207910556473,-2.469089783430392,6.301385240819748,0.0696632435132401,2.7479539146518936,1.445764470298733,955.9064140259366,22.00986092169139,18.40350995298235,19.159438899000804,14.804463569510569,11.081960170378895,11.459924643388122,9.545212683462628,9.981648463934611,6.629339403791215,6.881315719130699,4.812705812256172,4.9386939699259145,-2.2999999999999994,9562879.62298859,21.91406323080138,9.054584596196962,5.309697912464556,189.67511100739895,10.006437125691182,0.0,0.0,0.0,0.0,5.969305287951848,4.899909730850477,4.794537184071822,0.0,0.0,43.15425295660625,72.21221377071073,43.43380161798776,5.563451491696996,9.901064578912528,28.830735982937192,0.0,4.899909730850477,5.414990469396779,33.10993926815928,37.62369176041335,70.25357737489747,0.0,0.0,4.899909730850477,5.687386274683562,0.0,11.600939890232516,48.6995244432059,0.0,5.414990469396779,49.03137943562509,54.10404107776215,5.022633313741326,5.5731045300692665,0.0,43.78,5.969305287951848,4.794537184071822,0.0,0.0,10.978441961093775,56.27544486383978,17.55737764469227,17.705838666992488,24.26546827384644,35.78002799800542,16.70746728507322,0.0,6.118177840779035,15.993765267925912,9.886100815387314,6.166618589007324,-0.8782020505032444,15.539011042482954,3.4823978299386917,9.719908442759792,0.0,0.4230769230769231,31,1,4,1,1,2,0,2,0,2,0,0,3,1,5,1,5,0,1,1,0,0,6.400733528054851,4,5.824100000000007,128.05830000000006,0,0,0,0,1,0,0,0,1,1,1,0,0,0,0,2,0,0,0,0,0,0,0,0,0,0,1,0,0,1,0,0,0,0,2,0,0,0,0,0,0,0,0,0,1,0,0,0,0,0,0,0,0,0,0,0,0,0,0,0,0,0,0,0,0,0,0,0,0,0,1,0,0,0,0,0,0,0,0,0,0,0,0,0,0,CHEMBL3126114,CC1(C)CCC(c2ccc(Cl)cc2)=C(CN2CCN(c3ccc(C(=O)O)cc3)CC2)C1,22000.0,4.342422680822207,CHEMBL4625,Apoptosis regulator Bcl-X,3,Large-Nonpolar-Aromatic-Rigid-Hydrophobic,Large-Nonpolar-Aromatic-Rigid-Hydrophobic
12.727893882045215,12.727893882045215,0.0645352718936769,-4.091911760589006,0.3264219981405222,11.090909090909092,498.38700000000017,481.25100000000026,497.025534384,166,0,0.2645193854735642,-0.4573831369900921,0.4573831369900921,0.2645193854735642,0.7575757575757576,1.4242424242424243,2.1515151515151514,35.498263933368726,10.027721835749368,2.1940658050268342,-2.1037796057930103,2.333668059797962,-2.3008115716099975,7.896989459402781,0.0981160753416901,2.815683147708057,1.513842016756236,1406.2880255682032,23.424074484064487,17.034774705371788,19.363129178336425,15.831337023048247,9.779353480973308,12.018445674586156,7.003325146247234,9.47089198740658,4.7273631877078355,6.893157869895576,3.106059827246439,4.489858686110267,-3.319999999999998,27623383.41064839,22.859045647194197,9.66582271068871,5.366140844928262,201.1598657114228,4.736862953800049,11.49902366656781,0.0,0.0,15.930470882759089,0.0,4.794537184071822,13.139891848781026,0.0,0.0,65.66644925969631,60.160755107851486,11.126902983393991,14.940750103000427,17.949197122200808,39.13235066322412,0.0,4.722094864452088,0.0,4.895483475517775,0.0,112.67059121456543,0.0,22.6259266499618,9.458957818252138,0.0,11.49902366656781,23.20187978046503,14.324976713680442,10.023291153407584,0.0,10.357988675768818,101.95735657090356,10.045266627482652,11.126902983393991,0.0,72.47,15.930470882759089,13.212334168400758,0.0,10.45893496721477,32.67119327744445,0.0,30.33183534230805,48.53093654769288,18.19910120538483,4.722094864452088,27.938742734265084,33.21920827794254,12.349290937083786,12.63858878202019,0.7300440519093796,1.4322116150797028,0.3317496326123292,26.529707352829973,0.0,0.0,-4.091911760589006,0.0,33,1,5,0,0,0,1,4,0,4,0,0,4,1,8,0,6,0,0,0,0,0,6.695499471555139,4,6.571400000000004,129.50799999999998,0,0,0,0,0,0,0,0,0,0,1,1,0,0,0,0,1,0,0,0,0,0,0,0,0,0,0,1,0,0,0,0,0,0,4,0,0,0,0,0,0,1,0,0,2,0,0,0,0,0,0,0,0,0,0,0,0,0,0,0,0,0,0,0,1,0,0,0,0,0,0,0,0,0,0,0,1,0,0,0,0,0,0,0,0,CHEMBL1824819,O=C(NS(=O)(=O)c1ccc(Oc2ccccc2)cc1)c1cccc(-c2cccc(Cl)c2Cl)c1,4080.0,3.61066016308988,CHEMBL4625,Apoptosis regulator Bcl-X,0,Large-Nonpolar-Aromatic-Rigid-Hydrophobic,Large-Nonpolar-Aromatic-Rigid-Hydrophobic
9.270198920130827,9.270198920130827,0.1983338319895862,-0.3508428996598645,0.3670058329429621,18.636363636363637,496.3680000000001,478.22400000000016,495.0694722960001,160,0,0.2285036246829896,-0.4804418214585356,0.4804418214585356,0.2285036246829896,0.9696969696969696,1.696969696969697,2.4545454545454546,79.91873132791075,9.838293132859809,2.424703680603941,-2.418145668806545,2.518188065013626,-2.365527999894671,9.102999893977564,0.22166518279155,3.3459764612142444,1.6398767624283397,1432.7961185717377,22.52636877963644,17.68253477881727,19.268531317931973,16.152198343190417,10.54343811328411,11.336436382841462,8.049524567454082,8.965200096245768,6.199907555012353,6.728573068050589,4.726315845145334,4.990648601664451,-3.8899999999999992,78344566.6096886,19.76971724260096,7.608126665537572,3.0620467725248472,199.05146070955365,9.636772684650529,24.222639124944713,0.0,5.948339280986494,0.0,0.0,0.0,4.681802935145184,15.344551883986732,0.0,52.328146308719006,47.52510539416365,22.656947520275864,17.329712117545103,4.736862953800049,27.57532249199168,5.261891554738487,14.764463264393427,0.0,12.145807216896262,11.947581713527669,111.42335490899356,0.0,11.81873314607618,9.636772684650529,5.948339280986494,5.749511833283905,15.929943897949348,21.812135247070614,0.0,11.33111286753076,34.399613183684245,89.16954894220555,0.0,5.697039313055833,0.0,66.97,0.0,5.261891554738487,0.0,12.145807216896262,5.563451491696996,44.131068948318905,0.0,6.3273200747645415,66.32677853397686,55.18083647622517,4.736862953800049,9.607406491332808,3.5496111557368355,6.665927551384803,13.879505365307358,5.867887390295625,1.594380924552507,25.98651175003705,1.2460041773251995,0.0,2.0194318606944868,0.1153846153846153,33,0,6,0,2,2,0,3,1,4,2,0,6,0,7,3,2,0,0,0,0,2,4.557894331017282,6,5.496480000000004,128.59400000000002,0,0,0,0,0,3,0,0,0,0,0,0,0,0,0,5,0,0,0,0,0,0,0,0,0,0,0,0,0,1,0,0,0,0,3,0,3,0,0,0,0,1,0,0,1,0,0,0,0,0,0,0,0,0,0,0,0,1,0,0,0,0,0,0,1,0,0,0,0,0,0,0,0,0,0,0,0,0,0,0,0,0,0,0,0,CHEMBL566560,CN1C2=C(C(c3ccc(C#N)cc3)Oc3ccccc32)C(c2ccc(Br)cc2)n2ncnc21,2080.0,3.3180633349627615,CHEMBL1907611,Tumour suppressor p53/oncoprotein Mdm2,3,Large-Nonpolar-Aromatic-Rigid-Hydrophobic,Large-Nonpolar-Aromatic-Rigid-Hydrophobic
14.323932577163095,14.323932577163095,0.0,-4.492432950003269,0.3282879366558354,21.318181818181817,649.541,616.2770000000002,648.188180936,234,0,0.4159140545948612,-0.4755444432456587,0.4755444432456587,0.4159140545948612,0.8181818181818182,1.5,2.090909090909091,35.49571828087743,9.872805143638452,2.560775752217838,-2.4580581485195943,2.5025810878852615,-2.645339032928,6.301289323629668,-0.1576367718715409,3.831945851186567,3.839989507229875e-06,1462.8138762616763,30.24406544037339,23.93297647803318,25.505402004979356,20.59473923680017,14.468041310854026,14.846005783863252,11.504935402186478,11.941371182658465,8.72310445628844,8.975080771627926,6.224523548876492,6.350511706546236,-3.4999999999999987,7950647307.73261,31.910175482893575,12.477782513719433,6.3276113951789625,264.89093389634724,19.43659214635148,11.567374611118932,0.0,11.508230540335196,5.907179729351506,6.176298517443475,9.589074368143644,4.983978520947208,13.17124514302446,12.407033161179976,29.800041095617345,79.77767453109392,43.94325891491727,17.52319836700635,27.497182464968148,41.64019528795053,0.0,14.783797982648164,0.0,42.875626289527986,44.16844816632592,89.07641762182612,0.0,5.749511833283905,9.636772684650529,18.98910792085949,5.749511833283905,24.007973051412492,71.4677466878103,21.180363354983896,0.0,36.81018947509803,72.9268813246908,5.022633313741326,0.0,0.0,65.98,22.755791289520936,22.760319511168102,0.0,36.51566085907947,63.42970183500823,23.51404840645524,12.13273413692322,28.12939717023725,30.33183534230805,9.883888251797686,16.337802844032566,46.087820670661586,6.089111878763155,38.318917402501825,0.5858050309228333,-2.014186484601642,0.6554531677336147,17.350989411765823,-0.5220854531884108,2.4759521532189908,0.0,0.40625,44,0,7,1,2,3,2,2,1,3,1,0,5,0,12,3,6,1,2,3,0,1,9.049277946594726,6,5.996200000000006,163.2589999999996,0,0,0,0,0,1,0,0,0,0,2,2,0,0,0,4,0,0,0,0,1,0,0,0,0,3,0,2,0,1,0,0,0,0,2,0,0,0,0,0,0,1,0,0,5,0,0,0,0,0,0,0,0,0,0,0,0,0,0,0,0,0,0,0,0,0,0,0,0,1,1,0,0,1,0,0,0,0,0,0,0,0,0,0,0,CHEMBL3112822,Cl.O=C(N1CCN(c2ccccn2)CC1)C1(Oc2ccc(C(F)(F)F)cc2)CCCN(C(=O)C2(c3ccc(Cl)cc3)CC2)C1,1900.0,3.278753600952829,CHEMBL1907611,Tumour suppressor p53/oncoprotein Mdm2,4,Large-Nonpolar-Aromatic-Rigid-Hydrophobic,Large-Nonpolar-Aromatic-Rigid-Hydrophobic
12.814973544973544,12.814973544973544,0.0106026392038298,-0.6870871651129578,0.4352929652829678,11.03448275862069,407.8530000000002,389.70900000000023,407.0924357359999,146,0,0.3398696888083078,-0.4653810131291707,0.4653810131291707,0.3398696888083078,0.8620689655172413,1.4827586206896552,2.1379310344827585,35.49569234268731,9.912176893583217,2.360663488710854,-2.1936013037478683,2.481160822146468,-2.1064887150752516,6.3894090384576545,0.0557227332667335,3.061399568451789,2.310869455690097,1227.0249103718468,20.706377823327536,16.154323653071273,16.910252599089727,14.006437715248111,8.976746620724956,9.354711093734185,6.592658429927956,6.970622902937183,5.115696413943266,5.483685194173037,3.875774837125219,4.232961464994731,-3.309999999999999,5090262.536054432,19.025899030525583,7.259172588181755,2.7742209912093716,172.320888264939,13.874420513861892,0.0,0.0,0.0,0.0,11.938610575903695,0.0,9.589074368143644,0.0,0.0,47.99914230100217,35.74682581170483,17.276995780926335,36.063059374538845,19.06280027574374,29.056251183752472,0.0,4.400694606261793,0.0,6.923737199690624,14.219595082555069,76.44076790813827,0.0,22.384282469939446,0.0,0.0,0.0,11.600939890232516,30.558900264720556,9.473725907600098,6.923737199690624,26.27942884323463,54.727780119305955,5.022633313741326,27.900983187555703,0.0,57.010000000000005,11.938610575903695,9.589074368143644,0.0,16.149536297135317,11.257379486545457,22.207055192707248,14.219595082555069,0.0,66.05221192525838,0.0,21.074665797832616,11.837907769589318,6.698288156826516,25.405192271352984,0.1579917800453516,4.845498708742758,-1.3308258272444768,15.45967013451471,1.854601284958428,1.983021778155707,2.5330983875031494,0.1304347826086956,29,0,5,1,1,2,0,1,1,2,0,0,5,0,6,2,3,0,0,0,0,0,4.762492576134661,4,5.246120000000004,111.88100000000004,0,0,0,0,0,1,0,0,0,0,2,2,0,0,0,1,0,0,0,0,0,0,0,0,0,0,0,0,0,0,1,0,0,0,1,0,3,0,0,0,2,2,0,0,1,0,0,0,0,0,0,0,0,0,0,2,0,0,0,0,0,0,0,0,0,0,0,0,0,0,0,0,0,2,0,0,0,0,0,0,0,0,0,0,0,CHEMBL1544403,COC(=O)c1c(Cl)c2n3ccccc3c(C)c(-c3ccccc3)c-2c1C(=O)OC,55.52,1.7444494574467986,CHEMBL2096976,Peroxisome proliferator-activated receptor gamma/Nuclear receptor corepressor 2,0,Large-Nonpolar-Aromatic-Rigid-Hydrophobic,Large-Nonpolar-Aromatic-Rigid-Hydrophobic
15.3335069693881,15.3335069693881,0.0271047843005518,-0.6393191306893804,0.2695981984317859,15.055555555555555,524.4230000000002,500.2310000000003,523.122960588,184,0,0.2607182826129914,-0.4959363861578884,0.4959363861578884,0.2607182826129914,1.0833333333333333,1.8611111111111112,2.5555555555555554,35.49678572034448,9.975330561168054,2.4450977983035784,-2.3011999385533377,2.4821164869505803,-2.3089267619839036,6.310397762560967,0.0992416590775427,3.363187202763135,1.8304517047340911,1498.3957537271974,25.722885681272587,20.220234016730796,21.732091908767707,17.239289860616424,11.512801527280471,12.268730473298923,9.019747391812174,9.863383299024768,6.553010937892351,7.08001588803071,5.03454271209657,5.43075169064919,-3.3499999999999988,153073410.62638322,24.349085594531065,9.264774295020056,3.7603299120209015,218.59719812993575,9.303962601591405,11.791352662431866,5.817220841045894,0.0,5.907179729351506,0.0,14.678425435869508,4.39041504767482,0.0,0.0,35.33461391738825,68.29631699323552,23.45816128611544,40.334576102793335,13.921815185546691,34.7964457845001,0.0,9.551078168738565,0.0,32.85489325736779,12.009707272128011,99.17139362938704,0.0,17.00689131982936,9.636772684650529,10.077801322358384,5.749511833283905,23.20187978046503,22.5680554393676,0.0,12.74095804073652,53.109975711688435,60.92462369091903,10.045266627482652,11.257379486545457,0.0,47.36,11.859061670193856,4.794537184071822,4.39041504767482,22.659040146924355,16.335596638722226,28.078210464787908,10.966276799312087,43.76895295835013,38.9703128044567,9.551078168738565,27.938742734265084,23.036233663205618,12.402041241336851,19.807010849088467,0.5391585549891833,4.6760877967442145,-0.3045862581760241,13.217293420531156,3.385911890874775,6.028688201618096,1.6010495286765545,0.2142857142857142,36,0,5,0,1,1,1,2,2,4,1,0,4,0,8,3,5,0,0,0,0,1,6.266355064540403,5,7.643720000000006,140.85149999999987,0,0,0,0,0,2,0,0,0,0,1,1,0,0,0,3,0,0,0,0,0,0,0,0,0,0,0,1,0,1,1,0,0,0,2,0,1,0,0,0,0,1,0,0,3,0,0,0,0,0,0,0,0,0,0,1,0,0,0,0,0,0,0,0,0,0,0,0,0,0,0,0,0,1,0,0,0,0,0,0,0,0,0,0,0,CHEMBL3975972,COc1ccncc1-c1cc2c(n1C(C)C)C(c1ccc(Cl)cc1C)N(c1cccc(Cl)c1F)C2=O,0.172,-0.7644715530924511,CHEMBL1907611,Tumour suppressor p53/oncoprotein Mdm2,3,Large-Nonpolar-Aromatic-Rigid-Hydrophobic,Large-Nonpolar-Aromatic-Rigid-Hydrophobic
13.555405414914446,13.555405414914446,0.0682316381705183,-0.3674174468783822,0.4325914856191015,12.82857142857143,468.5320000000003,443.33200000000033,468.19615426,176,0,0.2780242781026334,-0.333909925265534,0.333909925265534,0.2780242781026334,0.9428571428571428,1.6285714285714286,2.4,19.14214689934839,9.98849514377483,2.252686452420293,-2.291692327035248,2.2426680417980354,-2.3607643884398177,6.042836303747183,0.0734156521648791,3.284610950695352,1.4337201506185264,1410.7418235759624,24.52636877963644,19.610189278961567,19.610189278961567,16.91872399336994,11.479065234803327,11.479065234803327,8.685916289015932,8.685916289015932,6.40561644779836,6.40561644779836,4.4552243450817315,4.4552243450817315,-4.259999999999999,127942402.2434738,22.52818289595313,9.17617406111166,4.325210854528835,202.76692978531747,9.799819461700954,5.817220841045894,5.693927994848461,0.0,11.814359458703011,0.0,9.589074368143644,9.072217982820003,5.098681808301038,0.0,36.39820241076966,66.9360312852419,31.51849906403437,11.250837766380558,13.979489415818463,17.501745733386574,0.0,14.680394474296698,0.0,19.88931522852921,18.49233811944024,112.75820319583477,0.0,5.687386274683562,4.899909730850477,10.077801322358384,0.0,0.0,40.08718232158947,12.965578028838586,12.74095804073652,37.66728483293155,78.86277189000094,0.0,5.687386274683562,0.0,58.440000000000005,0.0,13.979489415818463,0.0,23.32550829459737,30.027736852889273,17.678201109471466,22.59609535947069,35.99494319166881,42.15548227284915,17.231415945224256,0.0,14.91448702097109,0.0,29.926407757768064,4.548876523992415,5.122403028820637,-0.7598126535374492,22.91726920492843,0.8186985086299746,3.0577101615654727,1.620627113528032,0.1785714285714285,35,0,6,0,1,1,2,3,1,4,0,0,4,0,7,2,4,0,0,0,0,0,5.906357929537843,5,4.794920000000004,132.32099999999997,0,0,0,0,0,2,0,0,0,0,2,2,0,0,0,4,0,0,0,0,0,0,0,0,0,0,0,2,0,1,1,0,0,0,3,0,1,0,0,0,0,0,0,0,1,0,0,0,0,0,0,0,0,0,0,0,0,0,0,0,0,0,0,0,1,0,0,0,0,0,0,0,0,0,0,0,0,0,0,0,0,0,0,0,0,CHEMBL469305,Cc1cc(C(=O)N(C)c2ccc(F)cc2)nn1-c1ccccc1C(=O)N1CCc2ccccc2C1,10700.0,4.02938377768521,CHEMBL4860,Apoptosis regulator Bcl-2,0,Large-Nonpolar-Aromatic-Rigid-Hydrophobic,Large-Nonpolar-Aromatic-Rigid-Hydrophobic
13.87471762058733,13.87471762058733,0.0555295729402869,-0.9679235734931836,0.5561754844331829,26.93548387096774,460.4010000000003,433.18500000000023,459.136799084,164,0,0.3039259574797884,-0.4812044883316134,0.4812044883316134,0.3039259574797884,1.064516129032258,1.7419354838709675,2.3548387096774195,35.496784903461624,9.667100652651968,2.521422905776619,-2.5106561495734256,2.526905040267972,-2.5515411382057285,6.304444024072939,-0.1599692447971012,3.241424965287352,1.8731420646902155,970.9873269648326,22.17299762850792,17.56034636615127,19.072204258188176,14.78151274729585,10.838647194253577,11.594576140272032,9.14388991799542,10.016761478939388,6.849910588493076,7.336984006620301,5.463345246710602,5.788060858795418,-2.0399999999999996,11037440.977799268,22.164572047976115,8.83524493931209,4.465339777111797,192.7047265819087,10.006437125691182,0.0,0.0,5.907179729351506,0.0,5.969305287951848,9.589074368143644,0.0,0.0,0.0,67.23272849985412,54.654836126018466,22.005013502792007,17.877652921470748,14.69560176298435,35.07836479776839,0.0,4.899909730850477,5.414990469396779,63.45025464170401,0.0,69.70310615856953,0.0,0.0,0.0,0.0,0.0,23.20187978046503,27.9247629721425,9.589074368143644,5.414990469396779,68.53531679595004,48.53093654769288,10.045266627482652,0.0,0.0,57.61,11.384295757348628,14.69560176298435,0.0,30.32958905673483,16.466088250408664,36.81018947509803,0.0,6.923737199690624,53.43084627854336,0.0,23.20187978046503,0.0,12.490315928126172,27.608915272916295,10.890560381285717,1.079818301034406,-1.069849513973191,15.337049901529667,4.328831210982337,1.8065807403208196,0.0,0.44,31,1,4,1,1,2,1,2,0,2,3,0,2,1,6,1,5,1,1,2,0,0,6.317078161899975,4,6.474200000000005,122.46480000000004,1,0,0,0,0,0,0,0,1,1,2,1,0,0,0,1,0,0,0,0,1,0,0,0,0,0,0,1,0,0,0,0,0,0,2,0,0,0,0,0,0,0,0,0,2,0,0,0,0,0,0,0,0,0,0,0,0,0,0,0,0,0,0,0,0,0,0,0,0,1,0,0,0,0,0,0,0,0,0,0,0,0,0,0,0,CHEMBL3929164,C[C@]1(CC(=O)O)C[C@H](c2cccc(Cl)c2)[C@@H](c2ccc(Cl)cc2)N(C2CCCC2)C1=O,5.0,0.6989700043360189,CHEMBL1907611,Tumour suppressor p53/oncoprotein Mdm2,3,Large-Nonpolar-Aromatic-Rigid-Hydrophobic,Large-Nonpolar-Aromatic-Rigid-Hydrophobic
15.48093227723188,15.48093227723188,0.0118003065423697,-1.1938811728395056,0.6738907457702096,29.28125,476.37900000000013,452.18700000000024,475.122960588,168,0,0.249850669624681,-0.3513236714401295,0.3513236714401295,0.249850669624681,1.28125,2.03125,2.71875,35.496785327470015,9.731498205019909,2.6643909910152095,-2.389501745338778,2.5808620163936995,-2.5187333863984525,6.310591242085222,-0.1276386981226405,3.466828550361097,1.7930403236796817,1122.418325746018,22.78372809251716,17.792426630911272,19.30428452294818,15.244961822534052,10.840066472092884,11.595995418111338,9.09377524361625,9.937411150828838,7.098462091422692,7.625467041561051,5.624824217923663,5.97877548373986,-2.1499999999999986,24183958.070865747,21.68296278437542,7.716578902674216,3.148936758770849,195.8049793319292,10.633577208012662,11.356146093429238,0.0,11.814359458703011,0.0,0.0,14.48898409899412,4.39041504767482,0.0,0.0,41.40098098584986,49.44583918878586,41.70171156103443,11.064474142889289,13.979489415818463,40.703625513851605,0.0,10.216698334856808,5.917906046161393,50.22963060207393,11.861545009918906,63.387592862692195,0.0,0.0,10.633577208012662,10.077801322358384,0.0,23.20187978046503,35.342707253761986,15.127999620526989,11.735126887207286,43.73392667478865,36.39820241076966,10.045266627482652,0.0,0.0,61.440000000000005,23.315892968738595,9.589074368143644,4.39041504767482,22.878833601592294,28.73613353219585,18.405094737549017,12.990104268152232,24.26546827384644,12.990104268152232,15.533486938863138,23.20187978046503,15.48093227723188,12.394492966944114,28.252699974460583,6.51022406287618,0.4888805429579256,-1.2387006592760557,9.443459462782156,2.185298616360124,4.121601644551982,0.0,0.4166666666666667,32,2,5,1,2,3,2,2,0,2,4,0,3,2,8,2,4,1,1,2,1,0,5.228696661543173,5,4.682500000000004,122.4074,0,0,0,0,0,0,0,0,0,0,2,2,0,0,0,1,2,0,0,0,1,0,0,0,0,0,0,2,0,1,0,0,0,0,2,0,2,0,0,0,0,0,0,0,3,0,0,0,0,0,0,0,0,0,0,0,0,0,0,0,0,0,0,0,0,0,0,0,0,0,0,0,0,0,0,0,0,0,0,0,0,0,0,0,0,CHEMBL4744488,CC(=O)N[C@@H]1[C@H](C)N(CC2CC2)[C@@]2(C(=O)Nc3cc(Cl)ccc32)[C@H]1c1cccc(Cl)c1F,229.0,2.359835482339888,CHEMBL1907611,Tumour suppressor p53/oncoprotein Mdm2,3,Large-Nonpolar-Aromatic-Rigid-Hydrophobic,Large-Nonpolar-Aromatic-Rigid-Hydrophobic
15.34177143219802,15.34177143219802,0.0006729934772258,-0.6293191306893806,0.2640594897952436,15.055555555555555,523.4350000000002,498.2350000000003,522.12771162,184,0,0.2607182747494191,-0.4960551334016093,0.4960551334016093,0.2607182747494191,0.9722222222222222,1.7222222222222223,2.4166666666666665,35.4967857103384,9.975262024686144,2.444656784117291,-2.301630838247976,2.4829898664916197,-2.3088814877331245,6.310405200266242,0.0992418099541036,3.363187202763135,1.8304517047340911,1494.8751301882742,25.722885681272587,20.350370690420466,21.862228582457373,17.239289860616424,11.663070414452816,12.418999360471268,9.14407239606504,9.98770830327763,6.659001865444051,7.1860068155824095,5.138734482958833,5.534943461511454,-3.279999999999999,153073410.62638322,24.41598824763505,9.304716748792972,3.780479847630053,219.3775501489893,9.303962601591405,11.791352662431866,5.817220841045894,0.0,5.907179729351506,0.0,9.6944469149223,4.39041504767482,0.0,0.0,47.46734805431147,74.36268406169714,16.627925634586283,34.77112461109634,13.921815185546691,34.7964457845001,0.0,4.567099647791355,0.0,32.85489325736779,12.009707272128011,104.97680769154572,0.0,17.00689131982936,9.636772684650529,10.077801322358384,5.749511833283905,23.20187978046503,17.584076918420394,0.0,12.74095804073652,53.109975711688435,66.73003775307771,10.045266627482652,11.257379486545457,0.0,34.47,11.859061670193856,4.794537184071822,4.39041504767482,22.659040146924355,16.335596638722226,28.078210464787908,10.966276799312087,25.30889874666236,49.38830667892189,18.414574047172604,27.938742734265084,23.12449812601553,12.41593013022574,15.549093740376808,0.555687480609018,4.945570821435571,-0.2116780949107181,19.301454850533897,0.0,6.079504528148708,1.6288273064543322,0.2068965517241379,36,0,4,0,1,1,1,3,1,4,1,0,3,0,7,2,5,0,0,0,0,1,6.310662632947283,5,8.248720000000004,143.05649999999983,0,0,0,0,0,1,0,0,0,0,1,1,0,0,0,2,0,0,0,0,0,0,0,0,0,0,0,1,0,1,1,0,0,0,3,0,1,0,0,0,0,1,0,0,3,0,0,0,0,0,0,0,0,0,0,1,0,0,0,0,0,0,0,0,1,0,0,0,0,0,0,0,0,0,0,0,0,0,0,0,0,0,0,0,0,CHEMBL3971119,COc1ccccc1-c1cc2c(n1C(C)C)C(c1ccc(Cl)cc1C)N(c1cccc(Cl)c1F)C2=O,9.5,0.9777236052888476,CHEMBL1907611,Tumour suppressor p53/oncoprotein Mdm2,3,Large-Nonpolar-Aromatic-Rigid-Hydrophobic,Large-Nonpolar-Aromatic-Rigid-Hydrophobic
12.66768131870134,12.66768131870134,0.0273373669179943,-4.02985329008146,0.4535050021169859,10.96774193548387,429.4970000000001,410.34500000000025,429.103479088,154,0,0.2645193784901028,-0.4573831369900921,0.4573831369900921,0.2645193784901028,0.6451612903225806,1.2258064516129032,1.903225806451613,32.23327223155937,10.031029401655868,2.1892078295064885,-2.096316670644488,2.2318070522389344,-2.3007704099130613,7.8969826000980445,0.0981163415425274,2.8042584189044364,1.489210513472065,1286.4552046536155,21.683587508058327,16.433546297732583,17.25004287866031,15.009969818002329,9.568055674630749,11.05121892222514,6.767972125201327,8.450374366610847,4.571885270478997,5.918777382542104,3.021944374460131,3.996106802105737,-3.899999999999998,13134877.225340163,20.375924106797935,8.851837037914311,4.993113000286561,180.55333325765943,4.736862953800049,11.49902366656781,0.0,0.0,15.930470882759089,0.0,4.794537184071822,13.139891848781026,0.0,0.0,60.6636706846161,59.65783953108687,5.563451491696996,4.895483475517775,17.949197122200808,15.930470882759089,0.0,4.722094864452088,0.0,4.895483475517775,0.0,114.75805872400603,0.0,22.6259266499618,9.458957818252138,0.0,11.49902366656781,0.0,14.324976713680442,10.023291153407584,0.0,10.357988675768818,114.0900907078268,0.0,11.126902983393991,0.0,72.47,15.930470882759089,13.212334168400758,0.0,10.45893496721477,11.49902366656781,11.126902983393991,12.13273413692322,42.46456947923127,54.59730361615449,4.722094864452088,4.736862953800049,33.13399686493017,0.0,12.58297144876066,0.0,2.0241044092344014,0.4436479871491918,31.42846591334037,0.0,0.0,-4.02985329008146,0.0,31,1,5,0,0,0,1,4,0,4,0,0,4,1,6,0,6,0,0,0,0,0,5.818205151299518,4,5.264600000000004,119.488,0,0,0,0,0,0,0,0,0,0,1,1,0,0,0,0,1,0,0,0,0,0,0,0,0,0,0,1,0,0,0,0,0,0,4,0,0,0,0,0,0,1,0,0,0,0,0,0,0,0,0,0,0,0,0,0,0,0,0,0,0,0,0,0,1,0,0,0,0,0,0,0,0,0,0,0,1,0,0,0,0,0,0,0,0,CHEMBL1824816,O=C(NS(=O)(=O)c1ccc(Oc2ccccc2)cc1)c1cccc(-c2ccccc2)c1,3240.0,3.510545010206612,CHEMBL4361,Induced myeloid leukemia cell differentiation protein Mcl-1,0,Large-Nonpolar-Aromatic-Rigid-Hydrophobic,Large-Nonpolar-Aromatic-Rigid-Hydrophobic
14.285901040397794,14.285901040397794,0.0287398514620604,-0.6270357354722293,0.4089419770808641,26.195121951219512,613.6110000000002,579.3390000000003,612.172867308,216,0,0.2627249697549201,-0.377774190529173,0.377774190529173,0.2627249697549201,1.0,1.6341463414634143,2.268292682926829,35.49678663675692,9.80824687059606,2.53647238713045,-2.37065137688917,2.560745275861341,-2.5081471727113525,8.177774782295646,-0.1443493958219315,3.6640030938317767,1.387672601620931,1405.4462654260776,28.888176099202237,23.478376919265465,25.8067313922301,19.68539629854526,14.188916964485497,15.761342491431677,11.43824152939638,13.288633897706257,8.4871489249537,10.049541977239802,6.456043056169198,8.071162083756775,-2.519999999999999,2520977640.2294416,28.592699300675633,11.285666697076726,5.068648967709822,255.05052525798857,19.43659214635148,16.48590259542135,5.1676517695780495,5.907179729351506,5.907179729351506,0.0,9.589074368143644,4.992404732635668,0.0,0.0,61.31482245369272,72.8375426983356,35.37657515827621,19.255604758173796,14.325937321943693,51.94577595813721,0.0,14.69972919255143,10.91031077879706,51.235461755603154,32.84803314676356,80.3052819855154,0.0,0.0,0.0,0.0,0.0,34.963764729856145,70.57161439674401,19.86486257432704,5.917906046161393,50.781598657465835,64.12551710727443,10.045266627482652,0.0,0.0,65.45,11.580766081531303,9.589074368143644,0.0,23.77410633401237,54.219257911062265,28.41241568895388,11.761884949391115,4.899909730850477,53.43084627854336,25.67112132992235,32.93114746690075,5.440659944224848,13.966481977355745,39.612158949106075,2.1300434207906864,2.4113907868199536,-0.003225523458612,15.08629793480177,1.497748912147985,9.163999153767104,0.0,0.4516129032258064,41,0,7,0,4,4,2,2,0,2,3,0,6,0,10,4,5,0,2,2,0,0,7.870431079930829,6,6.085700000000007,163.85999999999953,0,0,0,0,0,0,0,0,0,0,2,2,0,0,1,4,0,0,0,0,1,0,0,0,0,0,1,2,1,0,0,0,0,0,2,0,1,0,0,0,0,1,0,0,2,0,0,0,0,0,0,0,0,0,0,0,1,0,0,0,0,0,0,0,0,0,0,0,0,0,0,0,0,0,0,1,0,0,0,0,0,0,0,0,0,CHEMBL2315848,CC(C)C1=C(C(=O)N2CCC[C@H]2C(=O)N2CCOCC2)SC2=N[C@@](C)(c3ccc(Cl)cc3)[C@@H](c3ccc(Cl)cc3)N21,26.0,1.414973347970818,CHEMBL1907611,Tumour suppressor p53/oncoprotein Mdm2,3,Large-Nonpolar-Aromatic-Rigid-Hydrophobic,Large-Nonpolar-Aromatic-Rigid-Hydrophobic
14.081887343929342,14.081887343929342,0.0709913986170596,-0.3557873519778283,0.2815899088991553,15.114285714285714,506.4330000000003,481.23300000000023,505.1323824,178,0,0.2606316633356816,-0.4959363861578884,0.4959363861578884,0.2606316633356816,0.9714285714285714,1.6857142857142855,2.371428571428571,35.49678530700942,10.017289193535962,2.4346376116114063,-2.299716610301978,2.475469679159127,-2.3022557882558243,6.309106727773361,0.0993153903225636,3.362423830251839,1.8015696011144104,1426.8955988260718,24.852642193269507,19.919619812911193,21.431477704948104,16.811769505687856,11.40116955996548,12.157098505983935,8.92825352388449,9.801125084828458,6.452290251627205,6.939363669754429,4.9178800446305,5.21021175734154,-3.279999999999999,104160842.62085378,23.461333928564713,9.062053965322669,3.888908957145847,214.43166272700955,9.303962601591405,11.791352662431866,0.0,0.0,5.907179729351506,0.0,14.678425435869508,0.0,0.0,0.0,41.40098098584986,68.29631699323552,34.168180874540326,29.624556514368447,9.53140013787187,34.7964457845001,0.0,9.551078168738565,0.0,32.85489325736779,12.009707272128011,99.42053985680276,0.0,17.00689131982936,9.636772684650529,5.687386274683562,5.749511833283905,23.20187978046503,22.5680554393676,0.0,6.923737199690624,53.109975711688435,66.99099075938064,10.045266627482652,11.257379486545457,0.0,47.36,0.0,4.794537184071822,0.0,17.990861387647428,21.358229952463553,33.76559673947147,0.0,19.50348468450369,66.4209505466956,23.39855256811981,27.938742734265084,7.842313890598072,12.603485857249062,20.252015657358072,1.2233049079748224,6.027467362199959,0.6295656914433975,16.807476957699723,3.479036890874775,6.21817214481446,1.6393828620098878,0.2142857142857142,35,0,5,0,1,1,1,2,2,4,1,0,4,0,7,3,5,0,0,0,0,1,6.07451069026026,5,7.504620000000006,140.89349999999985,0,0,0,0,0,2,0,0,0,0,1,1,0,0,0,3,0,0,0,0,0,0,0,0,0,0,0,1,0,1,1,0,0,0,2,0,1,0,0,0,0,1,0,0,2,0,0,0,0,0,0,0,0,0,0,1,0,0,0,0,0,0,0,0,0,0,0,0,0,0,0,0,0,1,0,0,0,0,0,0,0,0,0,0,0,CHEMBL3917871,COc1ccncc1-c1cc2c(n1C(C)C)C(c1ccc(Cl)cc1)N(c1cc(Cl)ccc1C)C2=O,0.176,-0.7544873321858502,CHEMBL1907611,Tumour suppressor p53/oncoprotein Mdm2,3,Large-Nonpolar-Aromatic-Rigid-Hydrophobic,Large-Nonpolar-Aromatic-Rigid-Hydrophobic
12.681538847536649,12.681538847536649,0.2687686686188881,-4.212680719372675,0.60098823991734,16.379310344827587,420.50400000000013,397.32000000000016,420.159552396,154,0,0.3933283894768109,-0.3691520138954515,0.3933283894768109,0.3691520138954515,1.103448275862069,1.862068965517241,2.586206896551724,32.133539192387346,9.96113882236773,2.287856810156782,-2.317313216556395,2.323274863815475,-2.3499279126881407,7.182451218829427,-0.1261370379771418,3.0914634393004796,1.3194052153495055,933.9992439066876,20.269373945685235,15.952332117814263,16.768828698741988,13.960440995145614,9.764481978499768,10.580978559427493,7.531793140344255,8.646993011633501,5.269462146581867,6.312511165258356,3.762316033818564,4.788675458315805,-2.1899999999999995,4838758.575193111,20.097816238840625,8.66864219386946,5.451043035774153,171.33477102823113,5.316788604006331,16.975579272220138,0.0,0.0,0.0,6.176298517443475,4.899909730850477,9.967957041894415,13.17124514302446,11.336785877934735,30.33183534230805,43.478880663997174,17.96666000552645,11.807045837390806,13.17124514302446,27.371269289855128,0.0,14.867866772744891,5.917906046161393,31.98351979213408,24.951057821744055,53.1661211709325,0.0,0.0,5.316788604006331,18.98910792085949,0.0,11.336785877934735,40.6784345079261,12.965578028838586,5.917906046161393,23.282241931250315,42.725522485534206,0.0,10.216620634085364,0.0,41.05,12.597120140369483,13.17124514302446,0.0,4.877147193701299,21.952389458081782,50.35745474743705,11.890771566461538,6.06636706846161,6.06636706846161,44.45012365059766,0.0,38.044616542609944,1.0831412883843092,11.72988257018796,4.032802361338131,1.3329366326753318,1.1589903371306691,12.046833788066108,-1.5297619417881707,3.850558421395726,0.0,0.4285714285714285,29,1,4,0,1,1,0,1,2,3,0,0,5,1,8,3,6,0,1,1,0,0,6.007613029401676,4,5.120200000000003,110.10670000000005,0,0,0,0,0,2,0,0,0,0,0,0,0,0,0,3,1,0,0,0,1,0,0,0,0,3,0,0,0,1,0,0,0,0,1,0,1,0,0,0,0,0,0,0,3,0,0,0,0,0,0,0,0,0,0,0,0,0,0,0,0,0,0,0,0,0,0,0,0,1,0,0,0,0,0,0,0,0,0,0,0,0,1,0,0,CHEMBL4542017,FC(F)(F)Cc1cc2c(NCC3CCN(Cc4ccccc4)CC3)ncnc2s1,2240.0,3.3502480183341627,CHEMBL2093861,Menin/Histone-lysine N-methyltransferase MLL,0,Large-Nonpolar-Aromatic-Rigid-Hydrophobic,Large-Nonpolar-Aromatic-Rigid-Hydrophobic
13.650967620587329,13.650967620587329,0.0641893424036281,-0.9616735734931838,0.5974839227151524,26.633333333333333,446.37400000000025,421.1740000000002,445.12114902,158,0,0.3039259559387681,-0.4812044883356953,0.4812044883356953,0.3039259559387681,1.1,1.8,2.4,35.49678480153963,9.671589441817282,2.5097575492170043,-2.4893204861868914,2.5182253813023103,-2.5267286791650383,6.304434735747047,-0.1574635419012761,3.499141648505177,1.8313182337990703,957.1783316239284,21.465890847321376,16.853239584964722,18.36509747700163,14.264675994890242,10.304924360987116,11.060853307005573,8.894076645633351,9.766948206577322,6.346087850626382,6.8331612687536065,4.7407500051877705,5.065465617272586,-2.0399999999999996,8445304.337766591,21.201912545319793,8.23897315196666,4.352150784301569,186.3397844675121,10.006437125691182,0.0,0.0,5.907179729351506,0.0,5.969305287951848,9.589074368143644,0.0,0.0,0.0,54.39108525400209,60.57274217217986,22.50792907955662,17.877652921470748,14.69560176298435,35.07836479776839,0.0,4.899909730850477,11.332896515558172,44.56677056670402,6.544756405912575,69.70310615856953,0.0,0.0,0.0,0.0,0.0,23.20187978046503,28.427678548907114,9.589074368143644,11.332896515558172,55.69367355009801,48.53093654769288,10.045266627482652,0.0,0.0,57.61,11.384295757348628,14.69560176298435,0.0,24.287748227586867,28.92875070248263,23.968546229246012,0.0,6.923737199690624,53.43084627854336,0.0,23.20187978046503,0.0,12.424750941843593,27.21972687533504,10.81264796631973,1.0689849677010723,-0.6077295250311123,15.132304242463572,2.4796902819769886,2.441846471613337,0.0,0.4166666666666667,30,1,4,1,1,2,1,2,0,2,3,0,2,1,6,1,6,1,1,2,0,0,5.822732941041163,4,5.941600000000005,117.79980000000006,1,0,0,0,0,0,0,0,1,1,2,1,0,0,0,1,0,0,0,0,1,0,0,0,0,0,0,1,0,0,0,0,0,0,2,0,0,0,0,0,0,0,0,0,2,0,0,0,0,0,0,0,0,0,0,0,0,0,0,0,0,0,0,0,0,0,0,0,0,1,0,0,0,0,0,0,0,0,0,0,0,0,0,0,0,CHEMBL3927443,C[C@]1(CC(=O)O)C[C@H](c2cccc(Cl)c2)[C@@H](c2ccc(Cl)cc2)N(CC2CC2)C1=O,60.0,1.7781512503836436,CHEMBL1907611,Tumour suppressor p53/oncoprotein Mdm2,3,Large-Nonpolar-Aromatic-Rigid-Hydrophobic,Large-Nonpolar-Aromatic-Rigid-Hydrophobic
6.668461907911312,6.668461907911312,0.1920569964096752,-0.3099793320105826,0.2535788479996106,18.96969696969697,584.699,567.563,581.9457630439999,164,0,0.228503631097747,-0.4804399885799456,0.4804399885799456,0.228503631097747,0.9090909090909092,1.5757575757575757,2.272727272727273,79.91976196545137,9.83977165022434,2.426676843082842,-2.4188665676467065,2.5236922233260684,-2.3657803002330056,9.104490810170832,0.2216584590802663,3.3026776618036404,1.6638825622316185,1398.9414569949624,22.689505486452973,17.413899860146138,21.341821884394,16.008040390846983,10.358479391066318,12.32244040319025,8.011585868960587,10.279372707015948,6.084679563857074,7.377107692721281,4.656426873298533,5.357195410289637,-2.609999999999999,63895240.17337348,20.958912615500427,8.007413455645274,3.411768799357146,212.46475274621136,9.636772684650529,24.222639124944713,0.0,5.948339280986494,0.0,0.0,0.0,4.681802935145184,10.082660329248244,0.0,67.72629595997766,53.59147246262526,32.152300349849604,5.697039313055833,4.736862953800049,55.106206280173545,0.0,14.764463264393427,0.0,12.145807216896262,11.947581713527669,109.28888917840868,0.0,5.749511833283905,9.636772684650529,5.948339280986494,5.749511833283905,43.46082768613121,21.812135247070614,0.0,0.0,28.83616169198725,87.57590138957636,5.022633313741326,5.697039313055833,0.0,43.18,0.0,0.0,0.0,12.145807216896262,5.022633313741326,48.603788464151314,0.0,6.3273200747645415,54.194044397053645,71.10792612984386,16.337802844032566,10.6760735754612,13.544682178216403,6.665741317264586,5.282279343379106,5.2424436518434545,1.5597134826152688,22.165621184451823,1.291724640245939,0.0,2.0161650709666583,0.12,33,0,5,0,2,2,0,3,1,4,2,0,5,0,8,3,2,0,0,0,0,2,5.085656936153079,6,7.040700000000005,136.58899999999988,0,0,0,0,0,3,0,0,0,0,0,0,0,0,0,4,0,0,0,0,0,0,0,0,0,0,0,0,0,1,0,0,0,0,3,0,3,0,0,0,0,1,0,0,3,0,0,0,0,0,0,0,0,0,0,0,0,0,0,0,0,0,0,0,0,0,0,0,0,0,0,0,0,0,0,0,0,0,0,0,0,0,0,0,0,CHEMBL565896,CN1C2=C(C(c3ccc(Br)cc3)Oc3ccc(Cl)cc32)C(c2ccc(Br)cc2)n2ncnc21,1400.0,3.146128035678238,CHEMBL1907611,Tumour suppressor p53/oncoprotein Mdm2,3,Large-Nonpolar-Aromatic-Rigid-Hydrophobic,Large-Nonpolar-Aromatic-Rigid-Hydrophobic
13.933162302987036,13.933162302987036,0.041887335180986,-4.661099110139204,0.2391851527350322,16.61111111111111,536.9340000000001,519.7980000000002,536.0584539640001,186,0,0.4159862899857537,-0.4672206082425171,0.4672206082425171,0.4159862899857537,1.0833333333333333,1.7222222222222223,2.3055555555555554,35.49569255750123,9.975094823403149,2.432385201343394,-2.356475654268015,2.403778057296567,-2.4377034709124024,7.802964164222475,-0.1463837453588808,2.9387541310393597,1.957984598797752,1330.6261419457544,26.19794165489025,18.475582621866685,20.048008148812865,17.006257618687435,10.445129451342636,11.231342214815726,7.8911305630798125,8.767392749179242,5.670301877615654,6.247600651107807,3.984566845190429,4.470157057369477,-3.4999999999999982,79087375.01400247,25.58867288236461,9.86545745307634,4.9132537368688975,213.16482854806935,14.953561288656855,16.847563771932045,6.041840829147961,0.0,5.907179729351506,12.145603805395323,4.794537184071822,9.184952231746642,13.17124514302446,0.0,48.084281607125654,53.59147246262526,5.022633313741326,23.924086799355084,31.887597512642976,46.37118672700432,0.0,4.899909730850477,0.0,18.259980175739397,12.426586145283864,99.82369787465294,0.0,0.0,5.316788604006331,23.24904646538284,0.0,23.81881333327921,28.874694391169555,15.707698655315344,5.817220841045894,39.13202480915572,66.73003775307771,5.022633313741326,0.0,0.0,58.64,41.517137525785635,27.150734558842927,0.0,21.802791359815743,10.586084805438322,42.34154261443606,12.13273413692322,24.26546827384644,0.0,5.316788604006331,28.555676287079255,58.77774214655015,11.5713590269558,28.059277571229828,3.1484753876808353,-0.6346526978496223,-2.20939254329949,11.185812927794574,-4.661099110139204,0.0,1.12358840218824,0.16,36,1,5,0,1,1,1,3,0,3,2,0,4,1,11,1,4,0,0,0,0,2,7.012332322268232,4,6.348600000000004,129.18419999999998,0,0,0,0,0,0,0,0,0,0,2,2,1,0,0,1,1,0,0,0,0,0,0,0,0,3,0,1,0,1,0,0,0,0,3,0,1,0,0,0,1,1,0,0,5,0,0,0,0,0,0,0,0,0,0,1,0,0,0,0,0,0,0,0,0,0,0,0,0,0,0,0,0,0,0,0,0,0,0,0,0,0,0,0,0,CHEMBL2089204,COC(=O)C(c1ccc(F)cc1)N1C(=O)c2ccc(C(F)(F)F)cc2NC(=S)C1c1ccc(Cl)cc1,9440.0,3.974971994298069,CHEMBL392,A549,3,Large-Nonpolar-Aromatic-Rigid-Hydrophobic,Large-Nonpolar-Aromatic-Rigid-Hydrophobic
14.027202835866856,14.027202835866856,0.32166675415022,-1.0942162960863369,0.3396849944648467,16.235294117647058,515.4180000000002,495.25800000000027,514.0520834800001,174,0,0.3328262750594542,-0.4967681936756211,0.4967681936756211,0.3328262750594542,1.0,1.6470588235294117,2.264705882352941,35.496785817302374,9.97606529359352,2.4241243312374334,-2.3568305618461665,2.393472993163715,-2.4375570335456613,7.802965911706135,-0.1463288096238424,2.936705829841066,1.9463189317535905,1248.775411098534,24.4050484360768,18.249937493302863,20.578291966267503,16.332937555743037,10.240555177524588,11.404732414006906,7.544522765069813,8.857220731641227,5.550818342887228,6.363214219167119,3.9215901461577505,4.579283382289664,-3.129999999999999,42991775.780901775,24.00914427670222,10.010368245989802,4.593452553085307,211.91949839275296,19.690424242456903,16.779854764170057,6.041840829147961,0.0,5.907179729351506,5.969305287951848,4.794537184071822,4.794537184071822,0.0,0.0,59.68522149735817,53.59147246262526,10.045266627482652,25.470432848935623,19.06280027574374,57.97212661723684,0.0,4.899909730850477,0.0,12.08368165829592,19.536383686561397,93.46565885565136,0.0,5.749511833283905,10.05365155780638,5.687386274683562,5.749511833283905,35.41975322351173,35.984491932447085,9.53140013787187,0.0,33.56857331745873,66.73003775307771,10.045266627482652,0.0,0.0,67.87,23.960166675599275,9.589074368143644,0.0,0.0,43.161021312279296,0.0,12.009707272128011,73.83983529435525,0.0,5.316788604006331,44.893479131111825,10.405003575037709,18.029279766028708,28.935948496827223,4.0948182593844225,2.0051914315108768,-0.3833375094800324,16.790968318792846,0.0,0.0,2.844349884120472,0.16,34,1,6,0,1,1,1,3,0,3,2,0,5,1,9,1,5,0,0,0,0,2,7.068834572967285,4,5.852700000000005,135.7861999999999,0,0,0,0,0,0,0,0,0,0,2,2,1,0,0,1,1,0,0,0,0,0,0,0,0,0,0,1,0,1,0,0,0,0,3,0,1,0,0,0,1,2,0,0,2,0,0,0,0,0,0,0,0,0,0,2,0,0,0,0,0,0,0,0,0,0,0,0,0,0,0,0,0,0,0,0,0,0,0,0,0,0,0,0,0,CHEMBL2089320,COC(=O)C(c1ccc(Cl)cc1)N1C(=O)c2ccc(Cl)cc2NC(=S)C1c1ccc(OC)cc1,33900.0,4.5301996982030825,CHEMBL615023,U2OS,3,Large-Nonpolar-Aromatic-Rigid-Hydrophobic,Large-Nonpolar-Aromatic-Rigid-Hydrophobic
14.16827623281823,14.16827623281823,0.0113022451779061,-0.4044188030150331,0.2629038854223017,14.702702702702704,530.4550000000002,505.2550000000003,529.1323824,186,0,0.2606316554951286,-0.4960535786053707,0.4960535786053707,0.2606316554951286,0.945945945945946,1.648648648648649,2.297297297297298,35.49678550644346,10.016573407965632,2.4348825768479734,-2.3003708747782965,2.4782209288412824,-2.302256013210164,6.3091384743141345,0.0993150483157122,3.405573046991718,1.8143174452670148,1565.1803044463438,26.42999246245913,20.919619812911193,22.431477704948104,17.74362115826599,11.935728847410765,12.69165779342922,9.379161116111478,10.252032677055448,6.77988415235588,7.266957570483104,5.143520715653258,5.4358524283642975,-3.7199999999999984,254372222.397693,24.9516093499604,9.626335554445868,4.166738196564484,225.9695365419284,9.303962601591405,11.791352662431866,0.0,0.0,5.907179729351506,0.0,9.6944469149223,0.0,5.261891554738487,0.0,41.40098098584986,80.42905113015874,27.33794522301117,35.693777827160716,9.53140013787187,34.7964457845001,5.261891554738487,4.567099647791355,0.0,32.85489325736779,12.009707272128011,104.72303834219684,0.0,23.076112632621637,9.636772684650529,5.687386274683562,5.749511833283905,23.20187978046503,17.584076918420394,0.0,18.254850067221383,58.67342720338543,66.73003775307771,10.045266627482652,11.257379486545457,0.0,58.26,6.041840829147961,10.056428738810308,0.0,11.949020558499466,26.92168144416055,33.76559673947147,0.0,19.242531678200752,66.4209505466956,24.483795359964876,27.938742734265084,7.8302163849291375,12.621796403032134,15.9884263808404,10.735027999482297,6.2181510314180795,0.5198874297066038,22.229585538171705,0.0,6.142081903894258,1.6037158174142716,0.2,37,0,5,0,1,1,1,3,1,4,1,0,4,0,7,2,5,0,0,0,0,1,6.491690925031561,5,7.981300000000006,147.81349999999978,0,0,0,0,0,1,0,0,0,0,1,1,0,0,0,3,0,0,0,0,0,0,0,0,0,0,0,1,0,1,1,0,0,0,3,0,1,0,0,0,0,1,0,0,2,0,0,0,0,0,0,0,0,0,0,1,0,1,0,0,0,0,0,0,0,0,0,0,0,0,0,0,0,0,0,0,0,0,0,0,0,0,0,0,0,CHEMBL3932259,COc1ccc(C#N)cc1-c1cc2c(n1C(C)C)C(c1ccc(Cl)cc1)N(c1cc(Cl)ccc1C)C2=O,0.281,-0.5512936800949201,CHEMBL1907611,Tumour suppressor p53/oncoprotein Mdm2,3,Large-Nonpolar-Aromatic-Rigid-Hydrophobic,Large-Nonpolar-Aromatic-Rigid-Hydrophobic
15.6677000398925,15.6677000398925,0.011704512051734,-1.1800187389770715,0.6351147290988564,30.558823529411764,504.3890000000003,480.19700000000034,503.117875208,178,0,0.317213890549579,-0.480285690119724,0.480285690119724,0.317213890549579,1.2058823529411764,2.0,2.735294117647059,35.496785562630045,9.730662034433095,2.6921818941297726,-2.4054428745736964,2.6087476634459623,-2.528275726685497,6.310593932570844,-0.138150514789228,3.364171693146931,1.6172384424424653,1205.9234957441658,23.775291924079877,18.308174165470824,19.82003205750773,16.317441467605484,11.600103968896391,12.35603291491485,9.837694273284315,10.681330180496904,7.966222859122139,8.493227809260498,6.593723275529025,6.947674541345222,-2.1899999999999995,75400285.28883179,22.28514328850524,7.916136815820641,3.137073921557697,206.16829553158792,10.423315998847038,11.356146093429238,0.0,5.907179729351506,0.0,5.969305287951848,19.3888938298446,4.39041504767482,0.0,0.0,41.40098098584986,48.94292361202125,47.36457159640434,11.5673897196539,19.08601681065917,40.76575107245195,0.0,9.799819461700954,5.917906046161393,42.8029778256187,24.951057821744055,63.387592862692195,0.0,0.0,5.316788604006331,10.077801322358384,0.0,23.20187978046503,58.50078274987865,15.127999620526989,11.735126887207286,36.30727389833341,36.39820241076966,10.045266627482652,0.0,0.0,72.88,23.243357427542485,14.69560176298435,4.39041504767482,29.558251107301327,41.70171156103443,18.405094737549017,6.06636706846161,24.26546827384644,10.966276799312087,10.216698334856808,23.20187978046503,15.6677000398925,12.48148945000406,29.92264127617768,13.130732089629548,0.5450992588393395,-1.8902625850658257,9.772864145951718,2.89235329882982,1.1162719146300502,0.0,0.44,34,2,6,1,3,4,1,2,0,2,4,0,4,2,9,3,5,1,2,3,1,0,5.188595389175724,6,4.316800000000003,126.74250000000002,1,0,0,0,0,0,0,0,1,1,2,1,0,0,0,2,1,0,0,0,2,0,0,0,0,0,0,1,0,1,0,0,0,0,2,0,3,0,0,0,0,0,0,0,3,0,0,0,0,0,0,0,0,0,0,0,0,0,0,0,0,0,0,0,0,0,0,0,0,0,0,0,0,0,0,0,0,0,0,0,0,0,0,0,0,CHEMBL4753559,O=C(O)CN1CC[C@H]2[C@@H]1[C@H](c1cccc(Cl)c1F)[C@]1(C(=O)Nc3cc(Cl)ccc31)N2CC1CC1,39.0,1.591064607026499,CHEMBL1907611,Tumour suppressor p53/oncoprotein Mdm2,3,Large-Nonpolar-Aromatic-Rigid-Hydrophobic,Large-Nonpolar-Aromatic-Rigid-Hydrophobic
14.17856429866185,14.17856429866185,0.0602326187676722,-1.0399805152364394,0.2663900603349408,14.763157894736842,549.4540000000002,523.2460000000002,548.1269626720001,194,0,0.3352062900236644,-0.496054306324528,0.496054306324528,0.3352062900236644,0.9473684210526316,1.631578947368421,2.263157894736842,35.496785642009975,10.01641674476688,2.435368363838312,-2.3005015166288776,2.478570973279612,-2.3023084729547816,6.309196239501145,0.0696324609035911,3.4051385670834997,1.811185589449136,1574.1164379354193,27.30023595046221,21.32786810337506,22.839725995411964,18.116299958328167,12.139852992642696,12.895781938661152,9.57251028164497,10.44538184258894,6.897735282553636,7.3848087006808605,5.207004189074686,5.4993359017857255,-3.7399999999999984,359823825.45900124,25.89058819221608,9.856612353347948,4.236657954864887,230.53271271269944,14.410489996432108,11.791352662431866,0.0,0.0,5.907179729351506,5.969305287951848,9.6944469149223,4.794537184071822,0.0,0.0,41.40098098584986,80.42905113015874,27.33794522301117,29.624556514368447,19.4324647167844,40.76575107245195,0.0,4.567099647791355,0.0,32.85489325736779,12.009707272128011,104.72303834219684,0.0,17.00689131982936,9.636772684650529,5.687386274683562,5.749511833283905,23.20187978046503,28.65990960121295,0.0,6.923737199690624,63.46796438745725,66.73003775307771,10.045266627482652,11.257379486545457,0.0,71.77000000000001,12.011146117099807,14.69560176298435,0.0,17.51247205019646,32.615609439009006,22.508217252926013,6.06636706846161,30.20880847751284,63.235781078303134,4.567099647791355,27.938742734265084,7.703043293470332,12.602179877921104,27.747307406564307,10.780707924969914,5.31623484228147,-0.6877306884104939,19.030347259965627,0.0,6.0208680186579375,1.5425976201353602,0.2,38,1,6,0,1,1,1,3,1,4,1,0,4,1,8,2,6,0,0,0,0,0,6.715618195022147,5,7.807820000000006,150.05779999999973,0,0,0,0,1,1,0,0,1,1,2,1,0,0,0,2,0,0,0,0,0,0,0,0,0,0,0,1,0,1,1,0,0,0,3,0,1,0,0,0,0,1,0,0,2,0,0,0,0,0,0,0,0,0,0,1,0,0,0,0,0,0,0,0,0,0,0,0,0,0,0,0,0,0,0,0,0,0,0,0,0,0,0,0,0,CHEMBL3893972,COc1ccc(C(=O)O)cc1-c1cc2c(n1C(C)C)[C@H](c1ccc(Cl)cc1)N(c1cc(Cl)ccc1C)C2=O,0.08,-1.0969100130080565,CHEMBL1907611,Tumour suppressor p53/oncoprotein Mdm2,3,Large-Nonpolar-Aromatic-Rigid-Hydrophobic,Large-Nonpolar-Aromatic-Rigid-Hydrophobic
13.549972909886328,13.549972909886328,0.0724545817204542,-0.1323067838246412,0.6398462418734745,24.294117647058822,513.4500000000002,491.2740000000003,512.084052304,174,0,0.2625730451616921,-0.3527826641303974,0.3527826641303974,0.2625730451616921,1.0,1.6470588235294117,2.264705882352941,35.496785897323136,9.928066617089268,2.504028847792181,-2.3071370103121236,2.566316851634001,-2.498123965431202,8.17774789862552,-0.1345313023129007,3.5095329286844943,1.4196712367280002,1224.4816837500416,23.396612267639515,18.20870147092854,20.537055943893176,16.491203638441373,11.35343806578875,12.925863592734933,8.941814149132426,10.792206517442295,6.625289632182989,8.201804846890507,4.849075439082528,6.346145905763553,-2.479999999999999,113327366.62189788,22.01373477180653,8.628162595819248,3.8945278482283943,211.5373558555067,15.116608065707286,10.946977343038007,5.1676517695780495,5.907179729351506,5.907179729351506,0.0,14.581479100779312,0.0,0.0,0.0,47.46734805431147,59.99589945248356,34.74972479852503,12.586597235060536,9.589074368143644,51.94577595813721,0.0,15.116608065707286,10.91031077879706,24.925324904147946,19.634269217737724,80.3052819855154,0.0,0.0,5.316788604006331,0.0,0.0,34.963764729856145,46.41609990771973,9.589074368143644,5.917906046161393,36.05222788754193,64.12551710727443,10.045266627482652,0.0,0.0,65.01,0.0,9.589074368143644,0.0,30.44279752291151,33.95782199935925,34.83323731187989,11.761884949391115,4.899909730850477,48.53093654769288,10.216698334856808,28.194284513100698,0.0,13.796240428975008,35.22529825024002,4.998231273350115,3.2144624874573178,0.142719518852773,15.472097100081765,2.1029540869250467,1.1035524096735108,0.0,0.32,34,1,6,1,3,4,2,2,0,2,2,0,5,1,9,3,4,1,1,2,0,0,5.586414204481961,6,4.774200000000005,134.59069999999994,0,0,0,0,0,0,0,0,0,0,2,2,0,0,1,3,1,0,0,0,0,0,0,0,0,0,1,2,1,0,0,0,0,0,2,0,1,0,0,0,0,0,0,0,2,0,0,0,0,0,0,0,0,0,0,0,0,0,0,0,0,0,0,0,0,0,0,0,0,0,1,0,0,0,0,1,0,0,0,0,0,0,0,0,0,CHEMBL2152322,O=C1CN(C(=O)C2=C(C3CC3)N3C(=N[C@@H](c4ccc(Cl)cc4)[C@H]3c3ccc(Cl)cc3)S2)CCN1,9500.0,3.977723605288848,CHEMBL5023,p53-binding protein Mdm-2,3,Large-Nonpolar-Aromatic-Rigid-Hydrophobic,Large-Nonpolar-Aromatic-Rigid-Hydrophobic
13.900552925340223,13.900552925340223,0.0434470048349915,-0.2447266826230916,0.2754394972256985,12.58974358974359,512.6130000000003,484.3890000000003,512.221226136,192,0,0.2828428827074051,-0.333909925265534,0.333909925265534,0.2828428827074051,0.7435897435897436,1.3333333333333333,2.0256410256410255,16.156062912032798,9.988494976064343,2.2651625485190174,-2.2917544278132373,2.2833155809252816,-2.3607527197952356,6.095730181894311,0.0734153518545526,3.3879636927326526,1.343821385146659,1603.6627090817926,26.769009466755723,21.69632642109009,21.69632642109009,19.09735678832402,13.066476200548731,13.066476200548731,9.656991029156371,9.656991029156371,7.118931644843452,7.118931644843452,5.153707961333974,5.153707961333974,-4.969999999999998,1469108331.1136029,24.37148508715285,10.418752175341144,4.726358951106113,227.29354647405864,4.899909730850477,0.0,5.693927994848461,0.0,11.814359458703011,0.0,14.48898409899412,4.681802935145184,5.098681808301038,0.0,72.79640482153933,66.9360312852419,30.158213356040736,11.250837766380558,9.589074368143644,23.189132008070136,0.0,14.680394474296698,0.0,19.88931522852921,11.444666136763052,143.33918476555854,0.0,5.687386274683562,4.899909730850477,11.374772549367124,0.0,0.0,33.03951033891229,12.965578028838586,6.923737199690624,37.66728483293155,115.26097430077064,0.0,5.687386274683562,0.0,58.440000000000005,0.0,9.589074368143644,0.0,11.814359458703011,30.03427857305417,23.48952216714159,11.126902983393991,15.648079734457273,108.88552002592692,12.13273413692322,5.098681808301038,1.7009188397581254,0.0,31.192659681349536,4.73072680114031,6.261688876253063,-0.2881736874580831,36.59733797540721,0.8316810441614456,3.1398271360550747,0.0,0.1212121212121212,39,0,6,0,1,1,2,4,1,5,0,0,4,0,6,2,5,0,0,0,0,0,6.51078110943764,6,6.357720000000008,152.54099999999968,0,0,0,0,0,2,0,0,0,0,2,2,0,0,0,4,0,0,0,0,0,0,0,0,0,0,0,2,0,2,1,0,0,0,4,0,1,0,0,0,0,0,0,0,0,0,0,0,0,0,0,0,0,0,0,0,0,0,0,0,0,0,0,0,3,0,0,0,0,0,0,0,0,0,0,0,0,0,0,0,0,0,0,0,0,CHEMBL517577,Cc1cc(C(=O)N(c2ccccc2)c2ccccc2)nn1-c1ccccc1C(=O)N1CCc2ccccc2C1,800.0,2.903089986991944,CHEMBL4860,Apoptosis regulator Bcl-2,3,Large-Nonpolar-Aromatic-Rigid-Hydrophobic,Large-Nonpolar-Aromatic-Rigid-Hydrophobic
14.130225838575406,14.130225838575406,0.0385927045715408,-1.1857295603426568,0.3506559448891692,16.484848484848484,503.38200000000006,486.2460000000002,502.032096984,168,0,0.3328262751168339,-0.4672206082806143,0.4672206082806143,0.3328262751168339,1.0606060606060606,1.6666666666666667,2.272727272727273,35.496785730357544,9.977031100197586,2.4247787011431576,-2.3566308349510146,2.3882867908961103,-2.437760370765334,7.802963019752781,-0.1463278461866247,2.9024890652903568,1.9651360757063117,1187.9616705657463,23.697941654890258,17.21965367584823,19.548008148812865,15.794932753282252,9.817164978333407,10.981342214815726,7.322914249678357,8.635612216249772,5.3050214766735,6.134296565505137,3.7764915078738546,4.388069877722645,-2.9999999999999987,25092180.50882279,23.168044077134983,9.46938775510204,4.572015570934256,204.60654645177573,14.953561288656855,16.847563771932045,6.041840829147961,0.0,5.907179729351506,5.969305287951848,4.794537184071822,9.184952231746642,0.0,0.0,59.68522149735816,53.59147246262526,10.045266627482652,18.36063530765809,18.716352369618512,57.97212661723683,0.0,4.899909730850477,0.0,12.08368165829592,12.426586145283864,99.28287969669726,0.0,0.0,5.316788604006331,10.077801322358384,0.0,35.41975322351173,28.874694391169555,9.53140013787187,5.817220841045894,33.56857331745873,66.73003775307771,10.045266627482652,0.0,0.0,58.64,29.77738751664517,13.979489415818463,0.0,10.551953593435186,26.859555885560205,6.06636706846161,24.14244140905123,48.53093654769288,0.0,5.316788604006331,40.156616177311776,19.195202034300607,17.774660040647895,28.503500199462497,4.00007993509617,1.4508118823661165,-1.879387665232571,14.94617287355969,0.0,0.0,1.231182922021817,0.125,33,1,5,0,1,1,1,3,0,3,2,0,4,1,9,1,4,0,0,0,0,2,6.648096754354134,4,5.983200000000004,129.19219999999996,0,0,0,0,0,0,0,0,0,0,2,2,1,0,0,1,1,0,0,0,0,0,0,0,0,0,0,1,0,1,0,0,0,0,3,0,1,0,0,0,1,1,0,0,3,0,0,0,0,0,0,0,0,0,0,1,0,0,0,0,0,0,0,0,0,0,0,0,0,0,0,0,0,0,0,0,0,0,0,0,0,0,0,0,0,CHEMBL2089208,COC(=O)C(c1ccc(Cl)cc1)N1C(=O)c2cc(F)ccc2NC(=S)C1c1ccc(Cl)cc1,7530.0,3.876794976200701,CHEMBL615023,U2OS,3,Large-Nonpolar-Aromatic-Rigid-Hydrophobic,Large-Nonpolar-Aromatic-Rigid-Hydrophobic
15.401499461550172,15.401499461550172,0.0588526443360495,-0.6547009794803202,0.2658387385848237,14.921052631578949,553.4610000000002,526.2450000000002,552.138276304,196,0,0.2607182747548497,-0.4960547547825036,0.4960547547825036,0.2607182747548497,1.0526315789473684,1.8157894736842104,2.473684210526316,35.496785935362695,9.975142051950115,2.4452794313673465,-2.3021423759999338,2.484880455542639,-2.3089411554619392,6.310421534846056,0.0992402338723208,3.406212264924703,1.832833277875506,1563.5860271907616,27.30023595046221,21.427340797917346,22.939198689954253,18.171141513194556,12.243535173585885,12.99946411960434,9.636538624041645,10.480174531254235,6.998490665414186,7.525495615552545,5.336141083803648,5.73235006235627,-3.3199999999999985,373807673.280226,26.29361645789866,10.099004125667545,4.1706238727315,230.5367260155819,14.410489996432108,11.791352662431866,5.817220841045894,0.0,5.907179729351506,0.0,9.6944469149223,4.39041504767482,0.0,0.0,41.40098098584986,79.92613555339413,16.627925634586283,41.378006575609255,19.028342580387395,34.7964457845001,0.0,4.567099647791355,0.0,39.461775221880714,12.009707272128011,104.47389211478112,0.0,17.00689131982936,9.636772684650529,10.077801322358384,5.749511833283905,23.20187978046503,22.690604313261098,6.606881964512918,12.74095804073652,58.67342720338543,60.6636706846161,10.045266627482652,11.257379486545457,0.0,54.7,11.859061670193856,9.901064578912528,4.39041504767482,29.265922111437273,16.335596638722226,33.6416619564849,10.966276799312087,37.441632883585584,45.03667987291831,4.567099647791355,27.938742734265084,23.147684205254308,12.43218610664655,15.603584481117547,10.30980017552008,5.239589799090914,-0.3740213687037572,16.753782323064602,0.0,5.857159186219061,1.5857906473462444,0.2333333333333333,38,1,5,0,1,1,1,3,1,4,1,0,4,1,8,2,6,0,0,0,0,1,6.987877397027332,5,7.741020000000007,148.97929999999977,0,1,1,0,0,1,0,0,0,0,1,1,0,0,0,2,0,0,0,0,0,0,0,0,0,0,0,1,0,1,1,0,0,0,3,0,1,0,0,0,0,1,0,0,3,0,0,0,0,0,0,0,0,0,0,1,0,0,0,0,0,0,0,0,0,0,0,0,0,0,0,0,0,0,0,0,0,0,0,0,0,0,0,0,0,CHEMBL3961756,COc1ccc(CO)cc1-c1cc2c(n1C(C)C)C(c1ccc(Cl)cc1C)N(c1cccc(Cl)c1F)C2=O,0.286,-0.543633966870957,CHEMBL1907611,Tumour suppressor p53/oncoprotein Mdm2,3,Large-Nonpolar-Aromatic-Rigid-Hydrophobic,Large-Nonpolar-Aromatic-Rigid-Hydrophobic
14.622876683590242,14.622876683590242,0.0512931744643783,-0.8025572498155455,0.6588957897702512,16.03125,439.4620000000001,416.2780000000002,439.1707480360001,166,0,0.2755988377372426,-0.380817262892874,0.380817262892874,0.2755988377372426,1.1875,1.90625,2.5625,19.14553364446303,9.922189816024886,2.212275029162604,-2.226362173777398,2.2779229859770447,-2.3179481791167764,5.915274706742628,0.0802501128220839,2.792307974868048,1.533274690890298,1165.834094969592,22.66456146007064,17.606787337049333,17.606787337049333,15.435560745775549,10.43939633271358,10.43939633271358,7.80577729991467,7.80577729991467,5.544088835267004,5.544088835267004,3.8184576277835105,3.8184576277835105,-3.3899999999999992,18393714.476688795,21.82738352414916,9.39801234703864,4.597922152006165,183.3945407292166,10.05365155780638,11.634441682091788,5.693927994848461,5.428790391900541,5.907179729351506,0.0,9.589074368143644,13.462633030494825,5.098681808301038,0.0,18.19910120538483,49.59430021108608,36.39329097159395,12.29426823919648,18.312230233221513,5.907179729351506,0.0,15.097273347452552,0.0,32.22804289761661,13.213763929025836,92.90346477884798,0.0,5.687386274683562,10.745578995906872,8.78083009534964,0.0,0.0,28.90142840182357,11.281619359712623,18.558178881782418,46.06884544917615,53.3254737317647,0.0,5.687386274683562,0.0,73.22,29.515168209256412,18.369904463493285,0.0,17.17528553270685,30.158529690254856,12.84164324585202,22.880904140530017,19.056471336613843,18.19910120538483,10.415470412307368,4.736862953800049,36.11166136698581,0.0,24.95544770462658,6.58058622516047,0.5857451731407999,-2.345636903793676,12.90892653293558,1.6503180559045725,2.3862851783732077,0.0,0.2916666666666667,32,1,6,0,1,1,1,2,1,3,1,0,5,1,8,2,5,0,1,1,0,1,6.410438120734423,4,3.6431200000000024,114.89320000000002,0,0,0,0,0,2,0,0,0,0,1,1,0,0,0,2,1,0,0,0,0,0,0,0,0,0,0,1,0,0,1,0,0,0,2,0,0,0,0,0,0,1,0,0,2,0,0,0,0,0,0,0,0,0,0,0,0,0,0,0,0,0,0,0,1,0,0,0,0,0,0,0,0,0,0,0,0,0,0,0,0,0,0,0,0,CHEMBL5435031,Cc1cc(=O)c(C(=O)NCc2c(F)cc(C3CCCOC3)cc2F)nn1-c1ccccc1,3830.0,3.583198773968623,CHEMBL5465553,WDR5-MYC,0,Large-Nonpolar-Aromatic-Rigid-Hydrophobic,Large-Nonpolar-Aromatic-Rigid-Hydrophobic
12.981187479047328,12.981187479047328,0.0081964008948143,-0.548029966616276,0.5200996689614971,22.774193548387096,474.4570000000001,449.25700000000023,473.10953878,162,0,0.2615233463141613,-0.3442537921546633,0.3442537921546633,0.2615233463141613,1.064516129032258,1.6129032258064515,2.129032258064516,35.49678554561231,9.80828809209747,2.5268180060591967,-2.3678504914183516,2.557412784174665,-2.359681708122419,8.17775066611355,-0.1236177380906076,3.208109725979329,1.909043980285236,1077.0081863723383,22.499271042140983,18.187569005342315,20.515923478306952,14.629753405879445,10.17445733045752,11.746882857403705,8.54358984484919,10.393982213159058,5.771850061441528,7.33424311372763,4.2676905119091675,5.948129375225532,-1.949999999999999,9122991.454839746,22.251321063762983,8.193307242208341,3.770684158057409,197.47269176451672,9.799819461700954,10.444061766273393,5.1676517695780495,0.0,5.907179729351506,0.0,4.794537184071822,4.992404732635668,0.0,0.0,61.31482245369272,59.99589945248356,29.837649905892867,6.041840829147961,4.794537184071822,46.03859622878571,0.0,9.799819461700954,10.91031077879706,32.35197768060318,14.09534396535438,80.3052819855154,0.0,0.0,0.0,0.0,0.0,34.963764729856145,34.96999492598489,10.333462436455168,5.917906046161393,37.93995541161382,64.12551710727443,10.045266627482652,0.0,0.0,35.910000000000004,5.538925252383345,4.794537184071822,0.0,17.86692660466086,10.045266627482652,26.89673057991792,11.761884949391115,18.995253696204855,48.53093654769288,25.67112132992235,28.194284513100698,0.0,13.825390371221436,22.81317083068135,2.235028570248629,2.633389296562247,0.1623334456304037,15.67270684611293,0.0,6.392926001234082,3.570610193864474,0.3333333333333333,31,0,4,0,2,2,1,2,0,2,2,0,4,0,7,2,4,0,0,0,0,2,5.881029355497815,4,6.324100000000007,130.42,0,0,0,0,0,0,0,0,0,0,1,1,0,0,1,3,0,0,0,1,0,0,0,0,0,0,1,1,1,0,0,0,0,0,2,0,1,0,0,0,0,0,0,0,2,0,0,0,0,0,0,0,0,0,0,0,0,0,0,0,0,0,0,0,0,0,0,0,0,0,0,0,0,0,0,1,0,0,0,0,0,0,0,0,0,CHEMBL2315838,CC(C)C1=C(C(=O)N(C)C)SC2=NC(C)(c3ccc(Cl)cc3)C(c3ccc(Cl)cc3)N21,42.0,1.6232492903979006,CHEMBL1907611,Tumour suppressor p53/oncoprotein Mdm2,3,Large-Nonpolar-Aromatic-Rigid-Hydrophobic,Large-Nonpolar-Aromatic-Rigid-Hydrophobic
14.09384211157765,14.09384211157765,0.072713066193556,-0.5651038272981606,0.2665237744440139,14.615384615384617,566.4600000000002,540.2520000000003,565.133525272,200,0,0.2606224643546411,-0.4960543242594059,0.4960543242594059,0.2606224643546411,1.0,1.7179487179487178,2.3333333333333335,35.49678603966581,10.02288080010109,2.4322151593029404,-2.291722908716797,2.4736055741682748,-2.2965450401952667,6.3098693702172195,0.0960805896315782,3.448235976544553,1.781465503728617,1597.9880885916166,28.007342731648755,21.75861898088433,23.270476872921236,18.654304760788953,12.35522843139733,13.111157377415786,9.514085010376812,10.3577209175894,6.890670852212346,7.432293629216395,5.170196471582669,5.470967790569581,-3.8099999999999983,628383531.5279877,26.78347610755982,10.395967639551788,4.555146708711842,235.45387654703765,14.620751205597736,17.60857350347776,0.0,0.0,11.814359458703011,0.0,14.48898409899412,4.39041504767482,0.0,0.0,35.33461391738825,74.00822950723274,34.92643538364403,29.08373833641278,18.716352369618512,40.703625513851605,0.0,9.883888251797686,0.0,25.93115605767717,19.0573792548052,104.97680769154572,0.0,17.00689131982936,14.953561288656855,10.077801322358384,5.749511833283905,23.20187978046503,30.53892863044909,0.0,5.817220841045894,57.904512895760256,66.73003775307771,10.045266627482652,11.257379486545457,0.0,63.57,11.859061670193856,13.979489415818463,0.0,22.878833601592294,33.14988589679978,16.95130748139392,12.13273413692322,55.455581665574854,32.046575604766076,9.883888251797686,27.938742734265084,21.804012579499975,12.329188079222234,28.173959360194907,3.1417295924060697,4.435557711570161,-0.4848570480761198,17.96247170888718,0.0,4.054917422177523,3.1385761496736286,0.2,39,1,6,0,1,1,2,3,1,4,1,0,4,1,9,2,6,0,0,0,0,1,7.139491048433344,5,7.299900000000006,151.7096999999997,0,0,0,0,0,1,0,0,0,0,2,2,0,0,0,2,1,0,0,0,0,0,0,0,0,0,0,2,0,1,0,0,0,0,3,0,1,0,0,0,0,1,0,0,3,0,0,0,0,0,0,0,0,0,0,1,0,0,0,0,0,0,0,0,0,0,0,0,0,0,0,0,0,0,0,0,0,0,0,0,0,0,0,0,0,CHEMBL3902175,CNC(=O)c1ccc(OC)c(-c2cc3c(n2C(C)C)C(c2ccc(Cl)cc2)N(c2ccc(F)c(Cl)c2)C3=O)c1,0.323,-0.4907974776688971,CHEMBL1907611,Tumour suppressor p53/oncoprotein Mdm2,3,Large-Nonpolar-Aromatic-Rigid-Hydrophobic,Large-Nonpolar-Aromatic-Rigid-Hydrophobic
12.889444468698777,12.889444468698777,0.0302015955489216,-0.285449997900395,0.2078389269050816,11.514285714285714,482.97100000000023,459.78700000000026,482.150953656,174,0,0.259504766047349,-0.3306683671777767,0.3306683671777767,0.259504766047349,0.9428571428571428,1.542857142857143,2.1714285714285713,35.49569212084966,10.096554077167973,2.129920412095542,-2.1372441626172676,2.2159013926964106,-2.2457111722655747,6.3013927409612736,-0.121021121106639,3.147965454798304,1.400871475733157,1603.0893556501003,24.52636877963644,19.32611239027814,20.08204133629659,16.935560745775547,11.208944507035232,11.58690898004446,8.381043852842435,8.817479633314418,6.128653679546993,6.380629994886478,4.505809134543605,4.631797292213348,-4.159999999999998,112955044.61183636,22.62328748380327,9.235477299573237,4.241836303260015,206.62401365890227,9.13419929558271,6.544756405912575,5.428790391900541,0.0,5.907179729351506,0.0,9.589074368143644,5.425791397110385,5.101407525739722,0.0,35.866408164078955,68.44477801553573,38.4337754987484,17.24800201476784,4.794537184071822,45.52857006328146,0.0,14.559990692693097,5.101407525739722,20.392230805293824,0.0,111.06004026110855,0.0,5.687386274683562,10.854581789010926,0.0,0.0,11.600939890232516,21.255979604469537,11.339293589984395,13.847474399381248,16.95130748139392,88.7587165998125,5.022633313741326,27.49323613884567,0.0,68.39,0.0,9.589074368143644,0.0,17.880726527164622,26.82848317790344,22.63869375607748,0.0,18.347334716458537,85.14461180025033,15.094298570641463,11.600939890232516,3.95975718853421,6.024296209793876,25.73334999051916,6.050055540915232,7.961938410607427,-0.285449997900395,24.301915503794906,1.6470973831919598,4.051484214988072,0.0,0.1071428571428571,35,1,6,0,0,0,1,3,2,5,0,0,5,1,7,2,5,0,0,0,0,0,5.969624514239556,5,5.365940000000005,141.70369999999983,0,0,0,0,0,2,0,0,0,0,1,1,0,0,0,3,1,0,0,0,0,0,0,0,0,0,0,1,0,0,1,0,0,0,3,0,2,0,0,0,0,0,0,0,1,0,1,0,0,0,0,0,0,0,0,0,0,0,0,0,0,0,0,0,2,0,0,0,0,0,0,0,0,1,0,0,0,0,0,0,0,0,0,0,0,CHEMBL3209562,Cc1cc(/C=N/NC(=O)Cn2c3ccccc3c(=O)c3ccccc32)c(C)n1-c1ccc(Cl)cc1,4690.0,3.6711728427150834,CHEMBL2093862,Runt-related transcription factor 1/Core-binding factor subunit beta,0,Large-Nonpolar-Aromatic-Rigid-Hydrophobic,Large-Nonpolar-Aromatic-Rigid-Hydrophobic
14.354419558916312,14.354419558916312,0.0563928454591025,-0.6219865264395039,0.4077711727871406,26.357142857142858,626.6540000000001,589.3580000000002,625.204501784,222,0,0.2627249697159713,-0.3383426014021837,0.3383426014021837,0.2627249697159713,0.9523809523809524,1.5714285714285714,2.1904761904761907,35.496786727584144,9.808246750214249,2.5366463383663063,-2.373108515208598,2.56079676066934,-2.533928099552107,8.177775838938024,-0.1425481001544903,3.663779326813883,1.369356555087797,1435.806201034087,29.758419587205314,24.51734222430156,26.84569669726619,20.079243148662613,14.691235822829505,16.26366134977568,12.129145018984197,13.979537387294071,8.979340966040626,10.54173401832673,6.699141112238151,8.314260139825727,-2.519999999999999,3564817305.829894,29.54729400652141,11.526746031312785,5.142960179125636,262.0617558130817,19.59963892340191,16.48590259542135,5.1676517695780495,5.907179729351506,5.907179729351506,0.0,9.589074368143644,4.992404732635668,0.0,0.0,61.31482245369272,79.88521468101278,48.46608797010136,6.041840829147961,9.589074368143644,51.94577595813721,0.0,19.59963892340191,10.91031077879706,51.235461755603154,39.77145401224006,80.3052819855154,0.0,0.0,0.0,0.0,0.0,34.963764729856145,82.394944993071,15.127999620526989,5.917906046161393,50.781598657465835,64.12551710727443,10.045266627482652,0.0,0.0,59.46000000000001,11.580766081531303,9.589074368143644,0.0,23.77410633401237,41.005493982036434,41.50192850077904,11.761884949391115,0.0,58.33075600939383,37.61870304345002,28.194284513100698,0.0,14.00228823618641,42.227856634438155,2.148992777487585,2.4420318140319095,0.0746045555299264,15.17452259189833,1.5378133175397712,10.119472431040975,2.077973197402485,0.46875,42,0,7,0,4,4,2,2,0,2,3,0,6,0,10,4,5,0,2,2,0,0,8.109146522040538,6,6.000900000000008,170.5379999999995,0,0,0,0,0,0,0,0,0,0,2,2,0,0,1,5,0,0,0,1,1,0,0,0,0,0,1,2,1,0,0,0,0,0,2,0,1,0,0,0,0,0,0,0,2,0,0,0,0,0,0,0,0,0,0,0,0,0,0,0,0,0,0,0,0,0,0,0,0,0,1,0,0,0,0,1,0,0,0,0,0,0,0,0,0,CHEMBL2315851,CC(C)C1=C(C(=O)N2CCC[C@H]2C(=O)N2CCN(C)CC2)SC2=N[C@@](C)(c3ccc(Cl)cc3)[C@@H](c3ccc(Cl)cc3)N21,23.0,1.3617278360175928,CHEMBL1907611,Tumour suppressor p53/oncoprotein Mdm2,3,Large-Nonpolar-Aromatic-Rigid-Hydrophobic,Large-Nonpolar-Aromatic-Rigid-Hydrophobic
12.70127726280925,12.70127726280925,0.2701678455736205,-4.213814479108075,0.614943026233336,16.379310344827587,420.50400000000013,397.32000000000016,420.159552396,154,0,0.3933283894768193,-0.3666015765249414,0.3933283894768193,0.3666015765249414,1.103448275862069,1.862068965517241,2.586206896551724,32.133539192446264,10.037168191747206,2.289495710076168,-2.322560562022287,2.3262991378528457,-2.396767338569851,7.182455273894317,-0.1261371622120811,3.0973987390944537,1.3351290916930811,933.9992439066876,20.269373945685235,15.952332117814263,16.768828698741988,13.960440995145614,9.791355432037442,10.607852012965168,7.441620803128891,8.556820674418137,5.2430744615685425,6.286123480245032,3.731306596121131,4.757666020618374,-2.1899999999999995,4866583.34048538,20.097816238840625,8.66864219386946,5.451043035774153,171.33477102823113,10.216698334856808,16.975579272220138,0.0,0.0,0.0,6.176298517443475,0.0,9.967957041894415,13.17124514302446,11.336785877934735,30.33183534230805,30.892283428936633,30.553257240586987,11.807045837390806,13.17124514302446,27.371269289855128,0.0,14.867866772744891,0.0,37.901425838295474,24.951057821744055,53.1661211709325,0.0,0.0,5.316788604006331,18.98910792085949,0.0,11.336785877934735,46.72027533707406,12.84164324585202,0.0,23.282241931250315,42.725522485534206,0.0,10.216620634085364,0.0,41.05,12.597120140369483,13.17124514302446,0.0,10.91898802284926,16.03448341192039,50.23351996445049,11.890771566461538,6.06636706846161,6.06636706846161,44.45012365059766,0.0,38.10383178842775,1.085884212714535,11.772395345076797,4.125574233976075,1.3502268821084384,0.6411204129264196,12.323268986373828,-0.697136317905644,3.0448344563018086,0.0,0.4285714285714285,29,1,4,0,1,1,0,1,2,3,0,0,5,1,8,3,6,0,1,1,0,0,6.007613029401676,4,4.915100000000003,110.40470000000003,0,0,0,0,0,2,0,0,0,0,0,0,0,0,0,3,1,0,0,0,1,0,0,0,0,3,0,0,0,1,0,0,0,0,1,0,1,0,0,0,0,0,0,0,3,0,0,0,0,0,0,0,0,0,0,0,0,0,0,0,0,0,0,0,0,0,0,0,0,1,0,0,0,0,0,0,0,0,0,0,0,0,1,0,0,CHEMBL4580563,FC(F)(F)Cc1cc2c(NC3CCN(CCc4ccccc4)CC3)ncnc2s1,1800.0,3.255272505103306,CHEMBL2093861,Menin/Histone-lysine N-methyltransferase MLL,0,Large-Nonpolar-Aromatic-Rigid-Hydrophobic,Large-Nonpolar-Aromatic-Rigid-Hydrophobic
6.727103883219955,6.727103883219955,0.1489730961829178,-0.2668954317838252,0.2721794914670414,18.96969696969697,564.281,544.1210000000001,562.0003854600001,164,0,0.2285036259250691,-0.4804414712111904,0.4804414712111904,0.2285036259250691,0.8787878787878788,1.5454545454545454,2.242424242424242,79.91976194894707,9.836958790386412,2.426025322566213,-2.41951305211137,2.5212883731340496,-2.366105164612142,9.104489985967945,0.2216025773809047,3.3026776618036404,1.6638825622316185,1392.8264290676625,22.689505486452976,18.035935387136913,21.207928465366315,16.008040390846983,10.669497154561704,12.255493693676408,8.370718247914223,10.202069305497597,6.278135246427277,7.335466272503749,4.798046261952844,5.326711774991078,-2.8999999999999995,63895240.17337348,20.688940024837464,7.850749109098302,3.3309379193610993,208.5264286337263,9.636772684650529,24.222639124944713,0.0,5.948339280986494,0.0,0.0,0.0,4.681802935145184,10.082660329248244,0.0,67.75517462990375,54.44884259385427,27.12966703610828,5.697039313055833,4.736862953800049,43.50526638994103,0.0,14.764463264393427,0.0,19.069544416586886,11.947581713527669,109.82970735636437,0.0,5.749511833283905,9.636772684650529,5.948339280986494,5.749511833283905,31.859887795898697,21.812135247070614,0.0,6.923737199690624,34.399613183684245,87.57590138957636,0.0,5.697039313055833,0.0,43.18,0.0,0.0,0.0,12.145807216896262,0.0,48.603788464151314,5.563451491696996,6.3273200747645415,4.681802935145184,127.54390479144296,4.736862953800049,10.802596060411718,7.137977799775915,6.75736940368434,4.649153845951961,6.770413113605304,1.6872418272864704,22.998482176585306,1.3608716406098704,2.1099784942290354,2.0592489711934157,0.1538461538461538,33,0,5,0,2,2,0,3,1,4,2,0,5,0,7,3,2,0,0,0,0,2,4.921929620247907,6,6.695720000000006,136.31599999999992,0,0,0,0,0,3,0,0,0,0,0,0,0,0,0,4,0,0,0,0,0,0,0,0,0,0,0,0,0,1,1,0,0,0,3,0,3,0,0,0,0,1,0,0,2,0,0,0,0,0,0,0,0,0,0,0,0,0,0,0,0,0,0,0,0,0,0,0,0,0,0,0,0,0,0,0,0,0,0,0,0,0,0,0,0,CHEMBL583413,Cc1ccc2c(c1)C1=C(C(c3ccc(Br)cc3)O2)C(c2ccc(Br)cc2)n2ncnc2N1C,440.0,2.643452676486187,CHEMBL1907611,Tumour suppressor p53/oncoprotein Mdm2,3,Large-Nonpolar-Aromatic-Rigid-Hydrophobic,Large-Nonpolar-Aromatic-Rigid-Hydrophobic
13.931406962990955,13.931406962990955,0.1184887566137569,-1.0285811698650655,0.6004774173250457,28.53125,476.4000000000003,449.18400000000025,475.131713704,170,0,0.3039259575305662,-0.4812044883315488,0.4812044883315488,0.3039259575305662,1.15625,1.90625,2.53125,35.49678502813314,9.666262898041024,2.521425878759653,-2.520275988252872,2.519921338928287,-2.573314174689964,6.3044463870834315,-0.1632516447627689,2.7598090964062147,1.871011111783756,989.6913563312436,22.880104409694468,17.96859465661513,19.48045254865204,15.28151274729585,10.915997463443205,11.671926409461658,9.076576349937865,9.949447910881831,6.6614758473959546,7.1485492655231795,5.224023544451627,5.548739156536442,-2.0799999999999996,14550066.811817903,23.09077520673115,9.42011532837834,4.656194651946462,197.81827181141557,14.743300079491233,0.0,0.0,5.907179729351506,0.0,5.969305287951848,9.589074368143644,0.0,0.0,0.0,54.39108525400209,54.654836126018466,22.570054638156964,30.52637571513163,19.4324647167844,35.07836479776839,0.0,4.899909730850477,5.414990469396779,50.60861139585198,13.213763929025836,69.70310615856953,0.0,0.0,0.0,0.0,0.0,23.20187978046503,41.13852690116833,14.325937321943693,5.414990469396779,55.69367355009801,48.53093654769288,10.045266627482652,0.0,0.0,66.84,11.384295757348628,14.69560176298435,0.0,30.32958905673483,29.6798521794345,23.968546229246012,0.0,6.923737199690624,53.43084627854336,0.0,27.93874273426508,5.743871750860839,12.493474789466852,27.59091325729523,10.864819640544974,0.9287943497872404,-1.23336918727461,14.817905961354882,1.8716944251980632,2.8941172349887476,0.0,0.44,32,1,5,0,2,2,1,2,0,2,4,0,3,1,7,2,5,0,2,2,0,1,6.797430170908331,4,5.710600000000005,124.04980000000003,1,0,0,0,0,0,0,0,1,1,2,1,0,0,0,1,0,0,0,0,1,0,0,0,0,0,0,1,0,0,0,0,0,0,2,0,0,0,0,0,0,1,0,0,2,0,0,0,0,0,0,0,0,0,0,0,0,0,0,0,0,0,0,0,0,0,0,0,0,1,0,0,0,0,0,0,0,0,0,0,0,0,0,0,0,CHEMBL4113463,C[C@]1(CC(=O)O)C[C@H](c2cccc(Cl)c2)[C@@H](c2ccc(Cl)cc2)N(C2CCCOC2)C1=O,210.0,2.322219294733919,CHEMBL1907611,Tumour suppressor p53/oncoprotein Mdm2,3,Large-Nonpolar-Aromatic-Rigid-Hydrophobic,Large-Nonpolar-Aromatic-Rigid-Hydrophobic
9.581979424061856,9.581979424061856,0.2320938444822378,-0.3500161800831449,0.2825955012813576,18.470588235294116,575.264,558.128,572.9799843640001,166,0,0.228503630086463,-0.4804402671529146,0.4804402671529146,0.228503630086463,0.9411764705882352,1.6176470588235294,2.2941176470588234,79.91976198077856,9.83678501835062,2.4270885185277606,-2.418822731808017,2.5214522974524747,-2.3661854186595495,9.10449072966552,0.2216323701723596,3.3470257426277334,1.668932182031277,1485.1173702522071,23.39661226763952,17.98314898263687,21.155142060866275,16.546045193307766,10.643103952311684,12.229100491426388,8.193846512194396,10.025197569777772,6.2517325743188215,7.309063600395289,4.75375347248086,5.282418985519096,-3.4099999999999997,110670718.21407712,21.14527956028197,8.11609435334716,3.2692165593616664,212.91900831519507,9.636772684650529,24.222639124944713,0.0,5.948339280986494,0.0,0.0,0.0,4.681802935145184,15.344551883986732,0.0,56.12535606974514,53.59147246262526,27.129667036108277,17.329712117545103,4.736862953800049,43.50526638994103,5.261891554738487,14.764463264393427,0.0,12.145807216896262,11.947581713527669,109.82970735636437,0.0,11.81873314607618,9.636772684650529,5.948339280986494,5.749511833283905,31.859887795898697,21.812135247070614,0.0,11.33111286753076,34.399613183684245,87.57590138957636,0.0,5.697039313055833,0.0,66.97,0.0,5.261891554738487,0.0,12.145807216896262,5.563451491696996,48.603788464151314,0.0,12.393687143226153,53.02758705944251,72.27723771178566,4.736862953800049,10.612041899315075,7.092571816869932,6.616998324697188,14.194960430507646,5.594032780607908,1.468959041950114,24.035646097020333,1.231578052804378,0.0,1.9865448895607625,0.1153846153846153,34,0,6,0,2,2,0,3,1,4,2,0,6,0,8,3,2,0,0,0,0,2,5.0475612952691655,6,6.258980000000005,136.2939999999999,0,0,0,0,0,3,0,0,0,0,0,0,0,0,0,5,0,0,0,0,0,0,0,0,0,0,0,0,0,1,0,0,0,0,3,0,3,0,0,0,0,1,0,0,2,0,0,0,0,0,0,0,0,0,0,0,0,1,0,0,0,0,0,0,0,0,0,0,0,0,0,0,0,0,0,0,0,0,0,0,0,0,0,0,0,CHEMBL566551,CN1C2=C(C(c3ccc(Br)cc3)Oc3ccc(C#N)cc32)C(c2ccc(Br)cc2)n2ncnc21,3060.0,3.48572142648158,CHEMBL1907611,Tumour suppressor p53/oncoprotein Mdm2,3,Large-Nonpolar-Aromatic-Rigid-Hydrophobic,Large-Nonpolar-Aromatic-Rigid-Hydrophobic
13.402561255983876,13.402561255983876,0.2736913398917371,-0.4027335285966236,0.6899733000177913,17.344827586206897,433.2910000000001,415.14700000000016,432.064362416,150,0,0.2819686914890331,-0.4967678180637416,0.4967678180637416,0.2819686914890331,0.9310344827586208,1.6206896551724137,2.2413793103448274,35.498262585953626,10.035799442732708,2.4244797056357505,-2.293205453228543,2.369507182992056,-2.400103728719748,6.461067076257888,-0.1205514682460025,3.007408439956404,1.8104306389720113,998.2407283170064,20.543241116511,15.653228307947396,17.165086199984305,14.007239053047549,9.062219268150606,9.818148214169062,6.59565597675673,7.4100562302379425,4.926814613147177,5.665843891885194,3.475006052709284,3.767337765420323,-2.539999999999999,5091759.022253869,19.76246680576238,8.06476767016192,3.591786014519033,177.74804546915914,14.373635638450576,11.446551146339738,0.0,0.0,11.814359458703011,0.0,9.589074368143644,4.899909730850477,0.0,0.0,35.33461391738825,35.89528683400505,13.08951281182515,41.62931890253885,19.06280027574374,46.27673004392087,0.0,4.899909730850477,0.0,0.0,38.312984012978994,63.770326911466746,0.0,5.749511833283905,9.636772684650529,5.687386274683562,5.749511833283905,23.20187978046503,50.12734347168201,14.325937321943693,0.0,5.563451491696996,48.161608792287105,10.045266627482652,5.5731045300692665,0.0,59.080000000000005,5.907179729351506,9.589074368143644,0.0,10.929813043092832,59.596403497381864,4.899909730850477,6.06636706846161,43.50799995204719,4.899909730850477,0.0,32.67560568806513,10.61555675595705,12.12281260741238,29.834242077489435,0.6267018653801324,1.7472576093194492,-0.1235749048497052,11.776796488789037,0.0,2.049321633297403,1.5731080894270482,0.238095238095238,29,0,6,0,2,2,2,2,0,2,0,0,5,0,8,2,4,0,1,1,0,0,5.495851840612433,4,3.6187000000000022,111.261,0,0,0,0,0,0,0,0,0,0,2,2,0,0,0,2,0,0,0,0,0,0,0,0,0,0,0,2,0,1,0,0,0,0,2,0,0,0,0,0,0,2,0,0,2,0,0,0,1,0,0,0,0,0,0,1,1,0,0,0,0,0,0,0,0,0,0,0,0,0,0,0,0,0,0,0,0,0,0,0,0,0,0,0,0,CHEMBL2316726,COc1ccc(C2=C(N3CCOCC3)C(=O)N(c3ccc(Cl)c(Cl)c3)C2=O)cc1,44170.0,4.645127399258391,CHEMBL2034807,DNA repair protein RAD51 homolog 1,3,Large-Nonpolar-Aromatic-Rigid-Hydrophobic,Large-Nonpolar-Aromatic-Rigid-Hydrophobic
13.233051811259482,13.233051811259482,0.0059384535707294,0.0059384535707294,0.5510225692513895,13.925925925925926,417.3610000000003,399.21700000000016,416.051689556,138,0,0.256994343891559,-0.3898928085702584,0.3898928085702584,0.256994343891559,0.8888888888888888,1.4074074074074074,1.962962962962963,35.49678509396988,9.971298565073315,2.286069743156374,-2.1674095136719425,2.4544174317528107,-2.2782807880935763,7.199852862676226,0.0794813376462383,3.306830568982343,1.908680255228244,974.6662508029408,18.965890847321376,14.544218669898964,16.872573142863597,13.041713895658196,8.777808783175328,10.350234310121508,6.558530542482443,8.483600944749655,4.781928688724404,6.3538692183084065,3.4359239247514592,4.775156970377429,-2.0099999999999993,2350177.712698027,18.357813569920665,7.546617769725996,3.571769239383187,171.87261314151354,10.633577208012662,0.0,0.0,0.0,5.907179729351506,0.0,4.794537184071822,0.0,0.0,11.336785877934735,47.46734805431147,48.23401450309245,33.5753781247061,10.564533468384862,4.794537184071822,45.44692736443914,0.0,4.899909730850477,0.0,12.84164324585202,18.823180288987334,64.13965466687253,0.0,21.56750166879229,5.733667477162185,5.001081976687867,0.0,34.538665658399765,23.896602272027135,0.0,0.0,23.19963192162084,48.53093654769288,10.045266627482652,21.56750166879229,0.0,46.330000000000005,0.0,4.794537184071822,0.0,5.907179729351506,20.609800095867513,47.49865772646945,11.336785877934735,0.0,53.43084627854336,0.0,28.935547257627213,0.0,13.562503656089511,16.09208639525769,1.8693532265727435,9.74272971431371,0.0059384535707294,15.142948615660256,2.075598505931298,1.5643969881596145,0.0,0.1904761904761904,27,2,3,0,1,1,1,2,1,3,0,0,3,1,6,2,3,0,1,1,0,0,5.13108896666964,4,6.207100000000005,114.76090000000003,0,0,0,1,0,0,0,0,0,0,1,1,0,0,0,1,0,1,0,0,1,0,0,0,0,0,0,1,0,1,0,0,0,0,2,0,0,0,0,0,0,0,0,0,2,0,0,0,0,0,0,0,0,0,0,0,0,0,0,0,0,0,0,0,0,0,0,0,0,0,0,0,0,0,0,0,0,0,0,0,0,0,1,0,0,CHEMBL2385523,Nc1sc(-c2ccc(Cl)cc2)c(-c2ccc(Cl)cc2)c1C(=O)N1CCCC1,890.0,2.949390006644913,CHEMBL392,A549,0,Large-Nonpolar-Aromatic-Rigid-Hydrophobic,Large-Nonpolar-Aromatic-Rigid-Hydrophobic
14.05040800058928,14.05040800058928,0.0298712596490509,-0.6185143665924688,0.4220076589218927,24.789473684210527,571.5740000000001,539.3180000000002,570.162302624,200,0,0.2627249668141653,-0.3470318996443448,0.3470318996443448,0.2627249668141653,1.0526315789473684,1.6578947368421053,2.236842105263158,35.496786298688065,9.808247394957217,2.535325920847431,-2.3695038884300037,2.5604631455272773,-2.455583323362088,8.177771865761837,-0.1395691404874692,3.5652697323464784,1.6063138628006053,1323.093360749932,27.3526421932695,22.24170150405541,24.570055977020044,18.02360025599679,12.873538354262111,14.445963881208291,10.733248125433729,12.583640493743603,7.605164485630599,9.167557537916702,5.759600200929071,7.3747192285166525,-2.479999999999999,359280616.4429651,27.10070940353063,10.248166044091514,4.5239966357446235,238.21292695321767,14.69972919255143,16.48590259542135,5.1676517695780495,5.907179729351506,5.907179729351506,0.0,9.589074368143644,4.992404732635668,0.0,0.0,61.31482245369272,72.8375426983356,36.38240631180544,6.041840829147961,9.589074368143644,51.94577595813721,0.0,14.69972919255143,10.91031077879706,51.235461755603154,20.640100371266954,80.3052819855154,0.0,0.0,0.0,0.0,0.0,34.963764729856145,58.3636816212474,15.127999620526989,5.917906046161393,50.781598657465835,64.12551710727443,10.045266627482652,0.0,0.0,56.220000000000006,11.580766081531303,9.589074368143644,0.0,23.77410633401237,27.915981170211285,28.41241568895388,11.761884949391115,23.895163427055333,48.53093654769288,25.67112132992235,28.194284513100698,0.0,13.908472501536856,38.42816414033673,2.1306910458104413,2.4192110217679907,-0.0588773096934607,15.06991612841325,1.5020374609008196,6.922643782548964,3.483296783933959,0.4137931034482758,38,0,6,0,3,3,2,2,0,2,3,0,5,0,9,3,5,0,1,1,0,2,7.308751838948795,5,6.315100000000007,155.15499999999963,0,0,0,0,0,0,0,0,0,0,2,2,0,0,1,4,0,0,0,1,1,0,0,0,0,0,1,2,1,0,0,0,0,0,2,0,1,0,0,0,0,0,0,0,2,0,0,0,0,0,0,0,0,0,0,0,0,0,0,0,0,0,0,0,0,0,0,0,0,0,0,0,0,0,0,1,0,0,0,0,0,0,0,0,0,CHEMBL2315842,CC(C)C1=C(C(=O)N2CCC[C@H]2C(=O)N(C)C)SC2=NC(C)(c3ccc(Cl)cc3)C(c3ccc(Cl)cc3)N21,59.0,1.7708520116421442,CHEMBL1907611,Tumour suppressor p53/oncoprotein Mdm2,3,Large-Nonpolar-Aromatic-Rigid-Hydrophobic,Large-Nonpolar-Aromatic-Rigid-Hydrophobic
14.419713556144831,14.419713556144831,0.0220471855749766,-0.6264966196788888,0.3558348907373069,26.025,599.6280000000002,563.3400000000003,598.1936027520001,212,0,0.2629754072154416,-0.3470317075892676,0.3470317075892676,0.2629754072154416,1.05,1.65,2.2,35.49678650317221,9.808219707756022,2.540843669297463,-2.3718802008194872,2.562309297454717,-2.485282852565791,8.177776933449088,-0.1411264739138357,3.5837496509269102,1.6269254660709331,1372.7091106898758,28.92999246245912,23.819051773245036,26.14740624620967,18.972288660980535,13.839112840106711,15.411538367052891,11.444317442944168,13.29470981125404,8.299761890319761,9.862154942605867,6.313444555068009,7.916718487888272,-2.479999999999998,878045671.6144624,29.02750294214827,11.068479515283643,4.839556170562458,250.9428111820109,14.69972919255143,16.48590259542135,5.1676517695780495,5.907179729351506,5.907179729351506,0.0,9.589074368143644,4.992404732635668,0.0,0.0,68.23855965338335,79.2583643212616,35.879490735040825,6.041840829147961,9.589074368143644,51.94577595813721,0.0,14.69972919255143,10.91031077879706,70.62186140736775,14.09534396535438,80.3052819855154,0.0,0.0,0.0,0.0,0.0,34.963764729856145,57.86076604448279,15.127999620526989,5.917906046161393,64.12615748008247,64.12551710727443,10.045266627482652,0.0,0.0,56.220000000000006,11.580766081531303,9.589074368143644,0.0,29.815947163160327,21.37122476429871,34.83323731187989,11.761884949391115,18.995253696204855,53.43084627854336,32.59485852961298,28.194284513100698,0.0,13.972066715794988,39.23857505933397,2.134519054368095,2.418020249290241,-0.0446397813487897,15.124897439017392,2.321097102159997,8.461388843814474,3.5129642064585247,0.4516129032258064,40,0,6,0,3,3,2,2,0,2,4,0,5,0,9,3,6,0,1,1,0,0,8.032258042375094,5,7.093700000000008,164.3669999999995,0,0,0,0,0,0,0,0,0,0,2,2,0,0,1,4,0,0,0,1,1,0,0,0,0,0,1,2,1,0,0,0,0,0,2,0,1,0,0,0,0,0,0,0,2,0,0,0,0,0,0,0,0,0,0,0,0,0,0,0,0,0,0,0,0,0,0,0,0,0,0,0,0,0,0,1,0,0,0,0,0,0,0,0,0,CHEMBL2398343,CC[C@@H]1CC[C@@H](C(=O)N(C)C)N1C(=O)C1=C(C(C)C)N2C(=N[C@@](C)(c3ccc(Cl)cc3)[C@H]2c2ccc(Cl)cc2)S1,18.0,1.255272505103306,CHEMBL1907611,Tumour suppressor p53/oncoprotein Mdm2,3,Large-Nonpolar-Aromatic-Rigid-Hydrophobic,Large-Nonpolar-Aromatic-Rigid-Hydrophobic
12.040253037428965,12.040253037428965,0.054541446208113,-1.1176530612244886,0.4359811856249719,10.785714285714286,409.27200000000016,395.16000000000014,408.043233048,138,0,0.3563061332873653,-0.4764500243043166,0.4764500243043166,0.3563061332873653,0.8214285714285714,1.4642857142857142,2.107142857142857,35.49678457439386,10.096382723921,2.2496225631660525,-2.133594447043615,2.346509872282903,-2.029447760423998,6.307632207079584,0.0691769092320312,3.0955313403360134,2.111613446395121,1170.3876421181512,19.672997628507925,14.51137152244733,16.02322941448424,13.541713895658196,8.477147417355829,9.233076363374284,6.129430409144676,7.002301970088646,4.276437069740028,4.746631275315504,3.1188309193160797,3.4936471466829087,-3.0799999999999983,3366167.45435891,18.29108890731603,7.504454898048695,3.399115564051876,171.1686960466449,5.106527394840706,5.824404497999927,5.693927994848461,0.0,0.0,5.969305287951848,4.567099647791355,9.778515705019029,0.0,0.0,71.73281632815791,30.33183534230805,26.859555885560205,5.693927994848461,9.901064578912528,29.17118506841688,0.0,9.551078168738565,0.0,0.0,0.0,94.60196651233208,0.0,28.33262175092594,0.0,0.0,0.0,23.20187978046503,20.62691085153112,0.0,0.0,10.488465178920285,78.86277189000094,10.045266627482652,28.33262175092594,0.0,55.12,5.969305287951848,9.901064578912528,0.0,5.693927994848461,32.8144368867116,5.563451491696996,0.0,34.898934990099406,48.53093654769288,4.983978520947208,23.20187978046503,1.8019135802469135,12.390694361298916,16.50951418633297,10.896715849920216,2.53829050138574,-0.608169564121944,23.693263307159413,0.0,0.0,0.0,0.0,28,1,4,0,0,0,0,3,1,4,0,0,3,1,6,1,4,0,0,0,0,0,4.902308990755428,4,6.211300000000003,111.4153,0,0,0,0,1,2,0,0,1,1,1,0,0,0,0,2,0,0,0,0,0,0,0,0,0,0,0,0,0,0,0,0,0,0,3,0,0,0,0,0,0,0,0,0,2,0,0,1,0,0,0,0,0,0,0,0,0,0,0,0,0,0,0,0,0,0,0,0,0,0,0,0,0,0,0,0,0,0,0,0,0,0,0,0,0,CHEMBL3260809,O=C(O)c1nc(-c2ccccc2)n(-c2cccc(Cl)c2)c1-c1cccc(Cl)c1,120.0,2.0791812460476247,CHEMBL5023,p53-binding protein Mdm-2,0,Large-Nonpolar-Aromatic-Rigid-Hydrophobic,Large-Nonpolar-Aromatic-Rigid-Hydrophobic
13.39920836132807,13.39920836132807,0.0045357772738721,-0.0242760735981637,0.4846494633422959,25.0,414.3760000000002,389.17600000000016,413.13131978,146,0,0.2260612631501224,-0.3345110066893194,0.3345110066893194,0.2260612631501224,1.0357142857142858,1.7857142857142858,2.4285714285714284,35.49678455547606,9.745867982263276,2.437232132505272,-2.4496362607071123,2.475429371215412,-2.4716449749353777,6.304377562274649,-0.1430871104560825,3.499076990313098,1.7853971980635834,859.1637995516292,19.672997628507925,15.8595850185667,17.37144291060361,13.562881945713372,9.98820154267565,10.744130488694106,8.048865274126511,8.921736835070481,5.979036207582176,6.4661096257094,4.433215831774108,4.757931443858924,-1.7699999999999998,4574385.338360197,19.542276822525096,8.305808542341314,4.135382320377022,176.69442558308802,4.899909730850477,0.0,0.0,5.907179729351506,0.0,0.0,4.794537184071822,0.0,0.0,6.578935683598497,53.54336816114535,66.99356379510586,28.425835125718017,6.041840829147961,4.794537184071822,29.109059509816536,0.0,4.899909730850477,11.835812092322788,37.64303336701339,6.544756405912575,82.35806194900191,0.0,0.0,0.0,0.0,0.0,23.20187978046503,17.35184586611456,4.794537184071822,11.835812092322788,48.76993635040739,61.18589233812526,10.045266627482652,0.0,0.0,20.31,0.0,4.794537184071822,0.0,23.784832650822253,17.361360982828728,23.551662834276907,18.405094737549017,0.0,36.407855449141934,29.677946619833804,23.20187978046503,0.0,12.460838136108094,15.528318338652332,1.446053761520934,2.3289238473167053,1.0521556122448976,16.047381088016607,5.815206185648256,4.710011919381057,0.0,0.375,28,0,2,1,1,2,1,2,0,2,3,0,1,0,4,1,6,1,1,2,0,0,5.796943206047415,4,6.652900000000006,115.74400000000004,0,0,0,0,0,0,0,0,0,0,1,1,0,0,0,1,0,0,0,0,1,0,0,0,0,0,1,1,0,0,0,0,0,0,2,0,0,0,0,0,0,0,0,0,2,0,0,0,0,0,0,0,0,0,0,0,0,0,0,0,0,0,0,0,0,0,0,0,0,1,0,0,0,0,0,0,0,0,0,0,0,0,0,0,0,CHEMBL2177112,C=CC[C@H]1C[C@H](c2cccc(Cl)c2)[C@@H](c2ccc(Cl)cc2)N(CC2CC2)C1=O,6500.0,3.812913356642856,CHEMBL1907611,Tumour suppressor p53/oncoprotein Mdm2,3,Large-Nonpolar-Aromatic-Rigid-Hydrophobic,Large-Nonpolar-Aromatic-Rigid-Hydrophobic
6.734603883219955,6.734603883219955,0.2050842072940291,-0.3230065428949362,0.2811651253553333,18.647058823529413,580.28,560.1200000000001,577.99530008,170,0,0.2285058010520142,-0.495908493209879,0.495908493209879,0.2285058010520142,0.9117647058823528,1.588235294117647,2.264705882352941,79.91976198224698,9.837040956954535,2.436682285435564,-2.421174903881573,2.540050362842052,-2.3673893564950124,9.104490630700967,0.2200647524254116,3.3458300824859952,1.6807815834061457,1413.7535974879445,23.39661226763952,18.444183677600773,21.61617675583018,16.562881945713375,10.787852654401206,12.37384919351591,8.204513615238648,10.035864672822022,6.332663496044949,7.389994522121421,4.854964459701919,5.383629972740154,-3.0999999999999996,111934558.04308435,21.434430986724184,8.285566073105263,3.2733857555064376,213.63997386323317,14.373635638450576,29.972150958228617,0.0,5.948339280986494,0.0,0.0,0.0,4.681802935145184,10.082660329248244,0.0,62.19172313820675,47.52510539416365,21.56621554441129,18.37028834603036,9.473725907600098,43.50526638994103,0.0,14.764463264393427,0.0,12.145807216896262,19.0573792548052,104.26625586466736,0.0,11.49902366656781,14.373635638450576,5.948339280986494,11.49902366656781,31.859887795898697,28.92193278834815,0.0,0.0,28.83616169198725,87.57590138957636,0.0,5.697039313055833,0.0,52.41,0.0,0.0,0.0,12.145807216896262,0.0,54.353300297435226,0.0,13.437117616042077,42.06131026013042,83.24066026676708,9.473725907600098,16.54353783315183,7.126738130354427,6.697121860222509,4.642935733707064,5.191909512261695,2.2999988189720333,22.337835450876348,1.2829174172538615,0.0,3.7103385765335615,0.1538461538461538,34,0,6,0,2,2,0,3,1,4,2,0,6,0,8,3,3,0,0,0,0,2,5.223423358232885,6,6.395900000000005,138.1309999999999,0,0,0,0,0,3,0,0,0,0,0,0,0,0,0,4,0,0,0,0,0,0,0,0,0,0,0,0,0,1,0,0,0,0,3,0,3,0,0,0,0,2,0,0,2,0,0,0,0,0,0,0,0,0,0,1,0,0,0,0,0,0,0,0,0,0,0,0,0,0,0,0,0,0,0,0,0,0,0,0,0,0,0,0,0,CHEMBL582438,COc1cccc2c1C1=C(C(c3ccc(Br)cc3)O2)C(c2ccc(Br)cc2)n2ncnc2N1C,300.0,2.4771212547196626,CHEMBL1907611,Tumour suppressor p53/oncoprotein Mdm2,3,Large-Nonpolar-Aromatic-Rigid-Hydrophobic,Large-Nonpolar-Aromatic-Rigid-Hydrophobic
13.592653533635676,13.592653533635676,0.0053588006704738,-0.877677469135802,0.7488536466342364,27.285714285714285,418.3680000000001,393.1680000000002,417.13746778,148,0,0.2498180879512954,-0.3259519189862085,0.3259519189862085,0.2498180879512954,1.1785714285714286,1.8928571428571428,2.5714285714285716,35.496784585441524,9.735625055324148,2.624166143281175,-2.4043088815257665,2.549388298765589,-2.518529871292646,6.309967432420504,-0.1271991168137012,3.008391306757787,1.9532161207437613,939.6193758300728,20.26722023457211,16.29910708625163,17.810964978288542,13.12488278176125,9.503370641696746,10.2592995877152,9.04812511197836,9.920996672922328,5.6678495985505135,6.138043804125991,4.875535883409047,5.24636636177699,-1.5899999999999994,1815657.413758834,19.71458694573698,6.735972620733092,3.033218152120266,175.54389726709988,11.050456081168516,5.538925252383345,0.0,5.907179729351506,0.0,0.0,9.6944469149223,0.0,0.0,0.0,62.17219258492174,35.243910234940216,46.34536408099771,0.0,4.794537184071822,34.7964457845001,0.0,4.899909730850477,11.148657946558965,38.26988372676457,18.40630141583148,63.63673909010791,0.0,0.0,11.050456081168516,5.687386274683562,0.0,23.20187978046503,29.938443101175093,10.333462436455168,5.414990469396779,37.81602062862726,42.46456947923127,10.045266627482652,0.0,0.0,58.36,5.538925252383345,4.794537184071822,0.0,23.28191707405764,16.590023033395227,23.359045663990127,0.0,0.0,42.46456947923127,30.98790993392868,28.935547257627213,0.0,12.498770702946688,15.840976473922902,4.30780315675653,8.48780288118334,-0.2611873267825646,13.117021438755671,0.0,7.897701562106324,0.0,0.4090909090909091,28,3,4,0,2,2,1,2,0,2,3,0,3,2,6,2,2,0,1,1,1,0,4.742747067698083,4,4.6136000000000035,114.95610000000003,0,0,0,0,0,0,0,0,0,0,1,1,0,0,0,1,1,1,0,0,1,0,0,0,0,0,0,1,0,1,0,0,0,0,2,0,2,0,0,0,0,0,0,0,2,0,0,0,0,0,0,0,0,0,0,0,0,0,0,0,0,0,0,0,0,0,0,0,0,0,0,0,0,0,0,0,0,0,0,0,0,0,0,0,0,CHEMBL4785458,CC(C)(C)CN1C[C@@H](N)[C@H](c2cccc(Cl)c2)[C@]12C(=O)Nc1cc(Cl)ccc12,819.0,2.913283901760418,CHEMBL1907611,Tumour suppressor p53/oncoprotein Mdm2,3,Large-Nonpolar-Aromatic-Rigid-Hydrophobic,Large-Nonpolar-Aromatic-Rigid-Hydrophobic
14.366186688297226,14.366186688297226,0.0181217543601805,-0.4294432371714118,0.2550821463155929,14.575,576.5240000000001,545.2760000000003,575.1742472120001,206,0,0.2606318174133078,-0.4960543242594059,0.4960543242594059,0.2606318174133078,0.925,1.625,2.275,35.496785840418134,9.971749352589525,2.440544427143569,-2.308983849929976,2.4851199056522857,-2.3070093985799875,6.309604048969422,0.0960798781510176,3.442816207211507,1.82667622287536,1657.5965367601882,28.877586219651835,23.30330423868547,24.81516213072238,19.064988363311908,13.082912861559384,13.838841807577838,10.295840599586189,11.16871216053016,7.4807267509008915,7.950920956476369,5.639828212389438,6.0328292639426015,-3.7399999999999984,885264593.088325,27.812810359094108,10.676743088190426,4.550623649648584,244.0182253729047,14.620751205597736,11.791352662431866,0.0,0.0,11.814359458703011,0.0,14.48898409899412,0.0,0.0,0.0,35.33461391738825,92.91623982154636,39.94906869738536,24.061105022671452,14.325937321943693,40.703625513851605,0.0,9.883888251797686,0.0,39.77863045705841,19.0573792548052,104.2201227654322,0.0,17.00689131982936,14.953561288656855,5.687386274683562,5.749511833283905,23.20187978046503,30.53892863044909,0.0,13.847474399381248,69.03141587915425,60.6636706846161,10.045266627482652,11.257379486545457,0.0,63.57,6.041840829147961,9.589074368143644,0.0,17.85620028785097,26.92168144416055,39.329048231168464,0.0,26.290203660877943,67.27832067792461,23.731362651178937,27.938742734265084,7.901786495998255,12.79320880698244,28.729629061580766,3.871743627721608,7.12931632098025,0.2862740123627856,18.156240912483245,0.0,8.154475601937978,3.1995473821748934,0.25,40,1,6,0,1,1,2,3,1,4,1,0,4,1,8,2,6,0,0,0,0,0,7.423755769115227,5,7.777640000000007,161.22569999999962,0,0,0,0,0,1,0,0,0,0,2,2,0,0,0,2,1,0,0,0,0,0,0,0,0,0,0,2,0,1,2,0,0,0,3,0,1,0,0,0,0,1,0,0,2,0,0,0,0,0,0,0,0,0,0,1,0,0,0,0,0,0,0,0,0,0,0,0,0,0,0,0,0,0,0,0,0,0,0,0,0,0,0,0,0,CHEMBL3937629,CNC(=O)c1ccc(OC)c(-c2cc3c(n2C(C)C)[C@H](c2ccc(Cl)cc2C)N(c2cc(Cl)ccc2C)C3=O)c1,0.5,-0.3010299956639812,CHEMBL1907611,Tumour suppressor p53/oncoprotein Mdm2,3,Large-Nonpolar-Aromatic-Rigid-Hydrophobic,Large-Nonpolar-Aromatic-Rigid-Hydrophobic
15.473836937845498,15.473836937845498,0.0045339674899,-1.2580396904132023,0.4590479189869524,25.65714285714286,514.4280000000002,488.22000000000025,513.138610652,182,0,0.249840671977469,-0.4938786314966314,0.4938786314966314,0.249840671977469,1.1428571428571428,1.9142857142857144,2.6857142857142855,35.49678562692307,9.734340352478572,2.6504041255063977,-2.38970244935318,2.572140536349487,-2.5075804309948273,6.310556085075179,-0.1276775682692677,3.220953344752973,1.721108049698891,1303.1680427097854,24.9050484360768,19.394720926483227,20.906578818520135,16.78296662499483,11.580682310860364,12.336611256878818,9.057399905242203,9.901035812454795,7.202180622760104,7.729185572898463,5.7094732399613495,6.063424505777546,-2.639999999999999,91346900.37358332,24.072038640607733,9.099920948218417,3.7100464211775432,213.51512999120035,15.787319034968563,17.105657926713143,0.0,5.907179729351506,0.0,0.0,9.6944469149223,4.39041504767482,0.0,0.0,53.53371512277308,55.30621272508328,40.81981519049177,11.629515278254244,13.921815185546691,34.7964457845001,0.0,4.899909730850477,5.733667477162185,43.93274376213448,11.923670568519247,93.21651262823563,0.0,5.749511833283905,15.787319034968563,10.077801322358384,5.749511833283905,23.20187978046503,29.49765308301082,16.87821884236774,5.817220841045894,36.455734920633624,60.6636706846161,10.045266627482652,0.0,0.0,67.59,23.315892968738595,4.794537184071822,4.39041504767482,16.971653872240793,29.425109450547374,16.876414816677897,6.06636706846161,24.26546827384644,44.179309741689295,10.216698334856808,33.67241021142727,21.158264784346308,12.43607272650196,16.048394939396022,3.4861565635789336,8.154553273731441,-0.7630622013412709,17.094958851919355,0.0,4.8568832840894745,0.0,0.2962962962962963,35,3,5,0,2,2,1,3,0,3,4,0,4,2,8,2,5,0,1,1,1,0,6.258675676913985,5,5.694000000000004,136.50209999999993,0,0,0,0,0,0,0,0,0,0,1,1,0,0,0,1,1,1,0,0,1,0,0,0,0,0,0,1,0,1,0,0,0,0,3,0,2,0,0,0,0,1,0,0,3,0,0,0,0,0,0,0,0,0,0,0,0,0,0,0,0,0,0,0,0,0,0,0,0,0,0,0,0,0,0,0,0,0,0,0,0,0,0,0,0,CHEMBL4756922,CCOc1cccc(CN2[C@@H](C)[C@@H](N)[C@H](c3cccc(Cl)c3F)[C@]23C(=O)Nc2cc(Cl)ccc23)c1,34.0,1.5314789170422551,CHEMBL1907611,Tumour suppressor p53/oncoprotein Mdm2,3,Large-Nonpolar-Aromatic-Rigid-Hydrophobic,Large-Nonpolar-Aromatic-Rigid-Hydrophobic
13.50236222963683,13.50236222963683,0.0367683814802317,-0.2921340900304989,0.5071671899653943,12.818181818181818,436.5150000000003,412.32300000000026,436.189926008,164,0,0.2756797878997282,-0.333909925265534,0.333909925265534,0.2756797878997282,0.8787878787878788,1.5757575757575757,2.393939393939394,16.15435347028174,9.98849540528814,2.245931449776125,-2.2916409624833793,2.2369697652832317,-2.3606119070724336,6.028285033083699,0.0734169796147131,3.2523216920878544,1.423820724277977,1326.9729955584096,22.78588180363029,18.362361479642008,18.362361479642008,16.09735678832402,10.98497220477584,10.98497220477584,8.165479499265718,8.165479499265718,5.932234605796134,5.932234605796134,4.224512361652102,4.224512361652102,-4.189999999999999,57803461.39633037,20.698209348830897,8.7449459472785,4.1504391828336935,192.0264807813993,10.216698334856808,0.0,5.693927994848461,0.0,11.814359458703011,0.0,9.589074368143644,4.681802935145184,5.098681808301038,0.0,54.59730361615449,54.80329714831868,24.470827081357175,11.250837766380558,9.589074368143644,17.501745733386574,0.0,14.680394474296698,0.0,19.88931522852921,11.861545009918906,113.00734942325047,0.0,5.687386274683562,5.316788604006331,5.687386274683562,0.0,0.0,33.03951033891229,12.965578028838586,6.923737199690624,37.66728483293155,84.92913895846256,0.0,5.687386274683562,0.0,67.23,0.0,9.589074368143644,0.0,11.814359458703011,35.72166484773773,12.114749617774471,11.126902983393991,10.748170003606797,78.55368468361883,22.548204549230583,0.0,1.671659580498866,0.0,28.11220638072661,7.392913122187666,5.491557245549522,-0.3289024715107307,26.675902903336073,0.8419476429657567,3.1427155962462323,0.0,0.1481481481481481,33,1,6,0,1,1,2,3,1,4,0,0,4,1,6,2,4,0,0,0,0,0,5.484991574575174,5,4.631520000000003,127.58270000000005,0,0,0,0,0,2,0,0,0,0,2,2,0,0,0,3,1,0,0,0,0,0,0,0,0,0,0,2,0,1,1,0,0,0,3,0,1,0,0,0,0,0,0,0,0,0,0,0,0,0,0,0,0,0,0,0,0,0,0,0,0,0,0,0,2,0,0,0,0,0,0,0,0,0,0,0,0,0,0,0,0,0,0,0,0,CHEMBL464440,Cc1cc(C(=O)Nc2ccccc2)nn1-c1ccccc1C(=O)N1CCc2ccccc2C1,50000.0,4.698970004336019,CHEMBL4860,Apoptosis regulator Bcl-2,0,Large-Nonpolar-Aromatic-Rigid-Hydrophobic,Large-Nonpolar-Aromatic-Rigid-Hydrophobic
14.245527836497644,14.245527836497644,0.0734732824293866,-0.564631474549872,0.2247718124706442,16.627906976744185,622.5240000000001,592.2840000000002,621.1597400200001,222,0,0.2606224643546411,-0.496054324251622,0.496054324251622,0.2606224643546411,0.9767441860465116,1.697674418604651,2.3488372093023258,35.49678648085257,10.02251905015632,2.4331985451324925,-2.294316729774375,2.4745394329109116,-2.402152496721822,6.309898645180097,0.0302635025770908,3.536055183180919,1.5379401977077856,1714.0530510928638,30.41312012558457,23.94250799159434,25.454365883631247,20.6887796033996,14.038641030370616,14.794569976389068,10.839534024515922,11.683169931728512,7.946667869251236,8.488290646255289,5.9666666384208495,6.267437957407763,-3.8499999999999983,6222521114.447208,29.23206092429161,11.676700594184345,5.175240510317075,258.8663884528005,18.94073528624193,17.60857350347776,0.0,0.0,11.814359458703011,0.0,14.48898409899412,4.39041504767482,0.0,0.0,35.33461391738825,74.00822950723274,40.96827621279199,42.29750226543861,23.45321532341856,40.703625513851605,0.0,9.467009378641832,0.0,25.93115605767717,38.312984012978994,104.97680769154572,0.0,17.00689131982936,9.636772684650529,10.077801322358384,5.749511833283905,23.20187978046503,54.694443119473355,4.736862953800049,5.817220841045894,57.904512895760256,66.73003775307771,10.045266627482652,11.257379486545457,0.0,64.00999999999999,11.859061670193856,13.979489415818463,0.0,22.878833601592294,59.45316263765076,16.95130748139392,12.13273413692322,47.24145234528653,38.11294267322769,4.567099647791355,32.67560568806513,27.436046475354757,12.406972194774774,31.084875566665144,0.4923519964951632,4.533738045311081,-0.3248788560826336,18.206245352317097,0.0,6.136552855034177,1.5836519256860029,0.2727272727272727,43,0,7,0,2,2,2,3,1,4,1,0,5,0,10,3,6,0,1,1,0,1,7.938000538695552,6,7.412700000000007,165.0419999999996,0,0,0,0,0,1,0,0,0,0,2,2,0,0,0,3,0,0,0,0,0,0,0,0,0,0,0,2,0,1,0,0,0,0,3,0,1,0,0,0,0,2,0,0,3,0,0,0,0,0,0,0,0,0,0,1,1,0,0,0,0,0,0,0,0,0,0,0,0,0,0,0,0,0,0,0,0,0,0,0,0,0,0,0,0,CHEMBL3962088,COc1ccc(C(=O)N2CCOCC2)cc1-c1cc2c(n1C(C)C)C(c1ccc(Cl)cc1)N(c1ccc(F)c(Cl)c1)C2=O,0.287,-0.5421181032660077,CHEMBL1907611,Tumour suppressor p53/oncoprotein Mdm2,3,Large-Nonpolar-Aromatic-Rigid-Hydrophobic,Large-Nonpolar-Aromatic-Rigid-Hydrophobic
13.329208361328073,13.329208361328073,0.0317819349962207,-0.940269487518165,0.6511809163796765,24.551724137931036,432.3470000000002,409.1630000000001,431.105498956,152,0,0.3036504604474493,-0.4812120697653071,0.4812120697653071,0.3036504604474493,1.0344827586206895,1.7586206896551724,2.3793103448275863,35.49678469888915,9.745685296370777,2.447354609312624,-2.4479643058657703,2.4751451994200844,-2.4774679653666665,6.3044057751037395,-0.1496608143897644,3.494024287094469,1.7837351687524243,910.59389570447,20.543241116511,15.930589854154348,17.442447746191256,13.91872399336994,9.952989295323109,10.708918241341564,8.122350567591466,8.995222128535437,5.948871810215318,6.435945228342542,4.416418220396001,4.741133832480816,-2.0399999999999996,6270571.650979811,20.241637644139672,8.369094710138508,4.593443240279005,179.97484235311546,10.006437125691182,0.0,0.0,5.907179729351506,0.0,5.969305287951848,9.589074368143644,0.0,0.0,0.0,47.46734805431147,60.57274217217986,28.425835125718017,12.462662452073973,14.69560176298435,35.07836479776839,0.0,4.899909730850477,11.835812092322788,37.64303336701339,6.544756405912575,69.70310615856953,0.0,0.0,0.0,0.0,0.0,23.20187978046503,28.427678548907114,9.589074368143644,11.835812092322788,48.76993635040739,48.53093654769288,10.045266627482652,0.0,0.0,57.61,11.887211334113244,14.69560176298435,0.0,24.287748227586867,28.92875070248263,23.968546229246012,0.0,0.0,53.43084627854336,0.0,23.20187978046503,0.0,12.3679242327649,26.683500023483187,10.654740682264132,2.0447094671201818,-1.0612648578885355,15.13504942386947,2.56491326005711,0.6659833238851095,0.0,0.391304347826087,29,1,4,1,1,2,1,2,0,2,3,0,2,1,6,1,6,1,1,2,0,0,5.841523535589994,4,5.551500000000004,113.18280000000004,1,0,0,0,0,0,0,0,1,1,2,1,0,0,0,1,0,0,0,0,1,0,0,0,0,0,0,1,0,0,0,0,0,0,2,0,0,0,0,0,0,0,0,0,2,0,0,0,0,0,0,0,0,0,0,0,0,0,0,0,0,0,0,0,0,0,0,0,0,1,0,0,0,0,0,0,0,0,0,0,0,0,0,0,0,CHEMBL2347378,O=C(O)C[C@H]1C[C@@H](c2cccc(Cl)c2)[C@H](c2ccc(Cl)cc2)N(CC2CC2)C1=O,2900.0,3.462397997898956,CHEMBL5023,p53-binding protein Mdm-2,3,Large-Nonpolar-Aromatic-Rigid-Hydrophobic,Large-Nonpolar-Aromatic-Rigid-Hydrophobic
13.487495398365104,13.487495398365104,0.1395134164777025,-1.0357013512709612,0.7176382925183354,24.75862068965517,435.3510000000001,411.1590000000001,434.116397988,154,0,0.3039269162591875,-0.4812044830228885,0.4812044830228885,0.3039269162591875,1.137931034482759,1.793103448275862,2.3448275862068964,35.49678470193652,9.67811782938714,2.5112644377833546,-2.505147070374151,2.50895542846981,-2.5659259037719204,6.30442130595001,-0.17508363018944,2.6322145105305657,2.1818672183201335,916.5283250837608,21.34457050376173,16.60178256771541,18.11364045975232,13.619716704747376,9.358378914578608,10.114307860597062,7.990122367318641,8.862993928262608,5.500132805674466,5.98720622380169,4.2404743629073165,4.5651899749921325,-2.0799999999999987,2024320.3626105944,21.624619410822817,8.34461703843053,4.420793626568177,180.3457010826864,5.106527394840706,0.0,0.0,5.907179729351506,0.0,5.969305287951848,14.597986892098174,5.008912523954531,0.0,0.0,54.39108525400209,41.81319288016644,30.058516638998427,17.877652921470748,14.69560176298435,35.07836479776839,0.0,10.017825047909062,5.414990469396779,31.725127320852,14.09534396535438,69.70310615856953,0.0,0.0,0.0,0.0,0.0,23.20187978046503,41.0961814254075,9.589074368143644,5.414990469396779,42.852030304245986,48.53093654769288,10.045266627482652,0.0,0.0,60.85000000000001,11.384295757348628,14.69560176298435,0.0,24.28774822758687,16.466088250408664,11.126902983393991,0.0,49.23600741833889,30.33183534230805,0.0,23.20187978046503,0.0,12.340346792323702,25.04847608798306,14.08597221886025,0.8598674317978227,-1.3362993439051642,14.657408619090766,0.1633785010917954,1.7317281326110692,3.5880104490355813,0.3636363636363636,29,1,5,0,1,1,1,2,0,2,3,0,3,1,7,1,5,0,1,1,0,0,6.222385089142333,3,5.008200000000004,113.89580000000004,1,0,0,0,0,0,0,0,1,1,2,1,0,0,0,2,0,0,0,0,0,0,0,0,0,0,0,1,0,0,0,0,0,0,2,0,0,0,0,0,0,0,0,0,2,1,0,0,0,0,0,0,0,0,0,0,0,0,0,0,0,0,0,0,0,0,0,0,0,1,0,0,0,0,0,0,0,0,0,0,0,0,0,0,0,CHEMBL4108536,CN(C)N1C(=O)[C@@](C)(CC(=O)O)C[C@H](c2cccc(Cl)c2)[C@H]1c1ccc(Cl)cc1,20.0,1.3010299956639813,CHEMBL1907611,Tumour suppressor p53/oncoprotein Mdm2,3,Large-Nonpolar-Aromatic-Rigid-Hydrophobic,Large-Nonpolar-Aromatic-Rigid-Hydrophobic
13.60202081238066,13.60202081238066,0.0649399075473804,-0.6106354192911732,0.592097116596179,24.11428571428571,529.493,503.2850000000004,528.115352432,182,0,0.2625726680692765,-0.3527826641303973,0.3527826641303973,0.2625726680692765,1.1142857142857143,1.7428571428571429,2.342857142857143,35.49678599103568,9.80825448309296,2.5302002826500707,-2.369715482009183,2.5584761005866277,-2.4988237525831347,8.177765473498733,-0.1345425661725322,3.3203548937098053,1.6221135776062838,1243.0030278017382,24.905048436076797,19.717137639365824,22.045492112330457,16.68539629854527,11.573716597909762,13.146142124855944,9.420670928881128,11.271063297191,6.691238874465791,8.253631926751892,5.020142205068365,6.64710632742326,-2.479999999999999,90035699.56004447,24.22486786336824,9.19075017191993,4.236540697093336,218.90812912343256,15.116608065707286,10.444061766273393,5.1676517695780495,5.907179729351506,5.907179729351506,0.0,9.589074368143644,4.992404732635668,0.0,0.0,61.31482245369272,59.99589945248356,28.83181875236364,12.586597235060536,9.589074368143644,51.94577595813721,0.0,15.116608065707286,10.91031077879706,32.35197768060318,19.634269217737724,80.3052819855154,0.0,0.0,5.316788604006331,0.0,0.0,34.963764729856145,46.41609990771974,15.127999620526989,5.917906046161393,37.93995541161382,64.12551710727443,10.045266627482652,0.0,0.0,65.01,5.538925252383345,9.589074368143644,0.0,30.318862739924946,28.039915953197852,21.991594066027872,11.761884949391115,4.899909730850477,48.53093654769288,30.98790993392868,28.194284513100698,0.0,13.816603139256548,35.26357902359925,4.906517573790094,2.408627238234171,-0.1848830993550043,15.42917397712888,0.0,7.332604369568274,0.0,0.3461538461538461,35,1,6,0,3,3,2,2,0,2,2,0,5,1,9,3,4,0,1,1,0,2,6.361277385142551,5,5.1943000000000055,141.3156999999998,0,0,0,0,0,0,0,0,0,0,2,2,0,0,1,3,1,0,0,0,0,0,0,0,0,0,1,2,1,0,0,0,0,0,2,0,1,0,0,0,0,0,0,0,2,0,0,0,0,0,0,0,0,0,0,0,0,0,0,0,0,0,0,0,0,0,0,0,0,0,1,0,0,0,0,1,0,0,0,0,0,0,0,0,0,CHEMBL2315833,CC(C)C1=C(C(=O)N2CCNC(=O)C2)SC2=NC(C)(c3ccc(Cl)cc3)C(c3ccc(Cl)cc3)N21,410.0,2.6127838567197355,CHEMBL1907611,Tumour suppressor p53/oncoprotein Mdm2,3,Large-Nonpolar-Aromatic-Rigid-Hydrophobic,Large-Nonpolar-Aromatic-Rigid-Hydrophobic
13.444135627502028,13.444135627502028,0.09804012345679,-0.2841820987654322,0.5542854299135072,16.178571428571427,414.3360000000001,393.1680000000001,413.106167652,144,0,0.2770275413258592,-0.2949194171984127,0.2949194171984127,0.2770275413258592,1.0357142857142858,1.7142857142857142,2.392857142857143,35.49678457580456,9.917351884872764,2.436760740920064,-2.2901560955372027,2.457364512039353,-2.3023605036298895,6.30914404344152,0.0988294777438074,3.170824685577288,1.9971619999862735,1087.3810746139638,20.162407748957516,16.17740658099924,17.689264473036154,13.290601455632682,9.2315083845771,9.987437330595554,7.561632723003915,8.434504283947884,5.301776386608803,5.771970592184281,3.942446520339867,4.335447571893029,-2.2999999999999994,2468341.159786382,19.035453872209203,6.943502544930407,2.91736990843484,174.01950537324808,0.0,5.693927994848461,0.0,0.0,5.907179729351506,0.0,14.793128723223337,0.0,5.098681808301038,0.0,49.1820883167695,60.72120319448007,21.29610439386321,11.735768823996422,4.794537184071822,34.7964457845001,0.0,10.197363616602075,0.0,39.654695674071846,4.899909730850477,80.08513099473721,0.0,0.0,4.899909730850477,5.687386274683562,0.0,23.20187978046503,16.10454334595358,0.0,13.847474399381248,64.24342041524731,36.39820241076966,10.045266627482652,0.0,0.0,48.99,0.0,4.794537184071822,0.0,17.866926604660858,15.739194622331112,33.635120236320006,0.0,0.0,55.14558654100138,24.044838015983323,23.20187978046503,0.0,12.476149389503616,15.269709134682678,8.704455257411608,6.226619670501948,0.0855844951149182,11.125519726702535,0.0,8.167517881638252,0.0,0.2727272727272727,28,1,4,0,1,1,1,2,1,3,1,0,2,1,6,2,3,0,0,0,0,1,4.720454371628214,4,6.206540000000004,113.7072,0,0,0,0,0,2,1,0,0,0,1,1,0,0,0,2,1,0,0,0,0,1,0,0,0,0,0,1,0,1,2,0,0,0,2,0,1,0,0,0,0,0,0,0,2,0,0,0,0,0,0,0,0,0,0,0,0,0,0,0,0,0,0,0,0,0,0,0,0,0,0,0,0,0,0,0,0,0,0,0,0,0,0,0,0,CHEMBL4465041,Cc1cc(Cl)ccc1C1c2c(C(C)C)n[nH]c2C(=O)N1c1cc(Cl)ccc1C,4.2,0.6232492903979004,CHEMBL1907611,Tumour suppressor p53/oncoprotein Mdm2,0,Large-Nonpolar-Aromatic-Rigid-Hydrophobic,Large-Nonpolar-Aromatic-Rigid-Hydrophobic
15.101250192463816,15.101250192463816,0.0160890652557321,-0.7604693405139831,0.5093693575773282,14.8,450.31600000000014,431.16400000000016,449.087324028,156,0,0.2690902811569267,-0.3641885096313604,0.3641885096313604,0.2690902811569267,1.0666666666666669,1.8,2.466666666666667,35.496785390663,9.883254283496097,2.299091165501684,-2.231070625174066,2.3917595813313115,-2.1332022660677867,6.30940463808995,0.0996190703242849,3.132841448383733,2.057306986993085,1123.810704592875,21.41348460451408,15.968869432950434,17.480727324987345,14.379917853109724,9.703984737686511,10.459913683704968,7.403642381395479,8.21804263487669,5.472229059741102,6.053783368756286,4.06261190957559,4.412706021845087,-2.439999999999999,7563230.636493246,20.817503906142928,8.359539204252458,3.699052804687609,182.17215112410048,5.733667477162185,11.64162533904582,11.511148835894357,0.0,5.907179729351506,0.0,9.361636831863176,13.764808616296849,0.0,0.0,48.53071171770467,43.173478588160066,11.48135753785839,21.426580897014677,13.575367279421462,29.10905950981654,0.0,9.551078168738565,5.733667477162185,38.02201416079144,0.0,69.59624321319248,0.0,16.944765761229018,5.733667477162185,8.78083009534964,0.0,23.20187978046503,15.458257898090068,0.0,11.634441682091788,54.33488383771166,36.39820241076966,10.045266627482652,16.944765761229018,0.0,60.91,17.541621411443295,9.184952231746642,4.39041504767482,33.03841493802453,11.387855989696924,32.10410811463005,24.26546827384644,16.699833784714574,0.0,4.983978520947208,28.935547257627213,30.47208910363281,12.034449441273631,16.84879013745416,-0.1796661977548215,6.447527303616921,-1.4339246702405062,8.665690362288336,4.867266741951687,0.0,0.0,0.2727272727272727,30,2,4,1,0,1,1,2,1,3,0,0,3,1,8,1,4,1,0,1,0,0,5.800824667936016,4,6.270900000000005,113.27990000000004,0,0,0,0,0,2,0,0,0,0,1,1,0,0,0,2,0,1,0,0,0,0,0,0,0,0,0,1,0,0,0,0,0,0,2,0,0,0,0,0,0,0,0,0,4,0,0,1,0,0,0,0,0,0,0,0,0,0,0,0,0,0,0,0,0,0,0,0,0,0,0,1,0,0,0,0,0,0,0,0,0,0,0,0,0,CHEMBL3260815,NC(=O)c1nc(C2CCCCC2)n(-c2cccc(Cl)c2F)c1-c1ccc(F)c(Cl)c1,18.0,1.255272505103306,CHEMBL5023,p53-binding protein Mdm-2,0,Large-Nonpolar-Aromatic-Rigid-Hydrophobic,Large-Nonpolar-Aromatic-Rigid-Hydrophobic
6.627522264564262,6.627522264564262,0.2037029163517261,-0.3216252519526332,0.3582653623437422,19.15625,461.3520000000001,443.20800000000014,460.08576655600007,158,0,0.2285036246951086,-0.4804418191665256,0.4804418191665256,0.2285036246951086,0.84375,1.5,2.21875,35.49678499387889,9.839819869968498,2.4245964163761475,-2.4181229572081255,2.518669738105265,-2.365438376637228,6.3039807701727355,0.2216779110713125,3.301698647821049,1.6542175822825045,1345.1367688585085,21.819261998449893,17.11328565632654,18.625143548363447,15.614193540729632,10.258813552038744,11.0147424980572,7.867263924220272,8.74013548516424,6.030129601141849,6.534082231820818,4.631440991396879,4.883417306736365,-3.2799999999999994,45295660.37279759,19.408669089803823,7.398592384838581,2.9262592427678276,195.0329237618103,9.636772684650529,24.222639124944713,0.0,5.948339280986494,0.0,0.0,0.0,4.681802935145184,10.082660329248244,0.0,59.60008219123469,47.52510539416365,28.229494631926105,5.697039313055833,4.736862953800049,34.84725837450736,0.0,14.764463264393427,0.0,12.145807216896262,11.947581713527669,111.4324505289468,0.0,5.749511833283905,9.636772684650529,5.948339280986494,5.749511833283905,23.20187978046503,21.812135247070614,0.0,0.0,28.83616169198725,84.69682942637314,10.045266627482652,5.697039313055833,0.0,43.18,0.0,0.0,0.0,12.145807216896262,10.045266627482652,39.65834943248649,0.0,6.3273200747645415,78.4595126709001,21.048937128560333,27.938742734265084,8.574231745681812,12.392305864018224,6.659947974470882,5.973502816377547,5.2782856547969,1.607528344671202,23.607438205088513,1.2728807940718712,0.0,2.022767489711934,0.12,32,0,5,0,2,2,0,3,1,4,2,0,5,0,7,3,2,0,0,0,0,2,4.48740097898983,6,6.169100000000005,126.19899999999998,0,0,0,0,0,3,0,0,0,0,0,0,0,0,0,4,0,0,0,0,0,0,0,0,0,0,0,0,0,1,0,0,0,0,3,0,3,0,0,0,0,1,0,0,2,0,0,0,0,0,0,0,0,0,0,0,0,0,0,0,0,0,0,0,1,0,0,0,0,0,0,0,0,0,0,0,0,0,0,0,0,0,0,0,0,CHEMBL584299,CN1C2=C(C(c3ccc(Cl)cc3)Oc3ccccc32)C(c2ccc(Cl)cc2)n2ncnc21,1210.0,3.0827853703164503,CHEMBL1907611,Tumour suppressor p53/oncoprotein Mdm2,3,Large-Nonpolar-Aromatic-Rigid-Hydrophobic,Large-Nonpolar-Aromatic-Rigid-Hydrophobic
6.672103883219955,6.672103883219955,0.1446269132653066,-0.2625492488662133,0.2905119210548603,19.15625,550.2540000000001,532.1100000000002,547.9847353960001,158,0,0.2285036246829896,-0.4804418227307989,0.4804418227307989,0.2285036246829896,0.84375,1.5,2.21875,79.919761917651,9.839947944409396,2.424511682180658,-2.4181840776021004,2.51874059778941,-2.3654602701362375,9.104489227467102,0.2216544867498719,3.301698647821049,1.6542175822825038,1345.1367688585085,21.819261998449893,17.11328565632654,20.28527873455595,15.61419354072963,10.258813552038744,11.844810091153454,7.867263924220272,9.69861498180365,6.03012960114185,7.087460627218319,4.631440991396877,5.160106504435111,-2.899999999999999,45295660.37279759,19.760451836499513,7.602728032979544,3.026552681236998,202.16148651932969,9.636772684650529,24.222639124944703,0.0,5.948339280986494,0.0,0.0,0.0,4.681802935145184,10.082660329248244,0.0,68.25809020666836,47.52510539416365,27.129667036108277,5.697039313055833,4.736862953800049,43.50526638994103,0.0,14.764463264393427,0.0,12.145807216896262,11.947581713527669,110.33262293312896,0.0,5.749511833283905,9.636772684650529,5.948339280986494,5.749511833283905,31.859887795898697,21.812135247070614,0.0,0.0,28.83616169198725,93.642268458038,0.0,5.697039313055833,0.0,43.18000000000001,0.0,0.0,0.0,12.145807216896262,0.0,48.603788464151314,0.0,6.3273200747645415,23.86220905474559,107.50612854061352,4.736862953800049,10.739636314529893,7.12205149123597,6.721608349262571,4.631599833606282,5.552480184975225,1.6772852891156464,24.812006001812776,1.360009490194149,0.0,2.049989711934156,0.12,32,0,5,0,2,2,0,3,1,4,2,0,5,0,7,3,2,0,0,0,0,0,4.69479191005303,6,6.387300000000003,131.57899999999995,0,0,0,0,0,3,0,0,0,0,0,0,0,0,0,4,0,0,0,0,0,0,0,0,0,0,0,0,0,1,0,0,0,0,3,0,3,0,0,0,0,1,0,0,2,0,0,0,0,0,0,0,0,0,0,0,0,0,0,0,0,0,0,0,1,0,0,0,0,0,0,0,0,0,0,0,0,0,0,0,0,0,0,0,0,CHEMBL1771706,CN1C2=C([C@H](c3ccc(Br)cc3)n3ncnc31)[C@@H](c1ccc(Br)cc1)Oc1ccccc12,1400.0,3.146128035678238,CHEMBL1907611,Tumour suppressor p53/oncoprotein Mdm2,0,Large-Nonpolar-Aromatic-Rigid-Hydrophobic,Large-Nonpolar-Aromatic-Rigid-Hydrophobic
13.329208361328073,13.329208361328073,0.0317819349962207,-0.940269487518165,0.6511809163796765,24.551724137931036,432.3470000000002,409.1630000000001,431.105498956,152,0,0.3036504604474493,-0.4812120697653071,0.4812120697653071,0.3036504604474493,1.0344827586206895,1.7586206896551724,2.3793103448275863,35.49678469888915,9.745685296370777,2.447354609312624,-2.4479643058657703,2.4751451994200844,-2.4774679653666665,6.3044057751037395,-0.1496608143897644,3.494024287094469,1.7837351687524243,910.59389570447,20.543241116511,15.930589854154348,17.442447746191256,13.91872399336994,9.952989295323109,10.708918241341564,8.122350567591466,8.995222128535437,5.948871810215318,6.435945228342542,4.416418220396001,4.741133832480816,-2.0399999999999996,6270571.650979811,20.241637644139672,8.369094710138508,4.593443240279005,179.97484235311546,10.006437125691182,0.0,0.0,5.907179729351506,0.0,5.969305287951848,9.589074368143644,0.0,0.0,0.0,47.46734805431147,60.57274217217986,28.425835125718017,12.462662452073973,14.69560176298435,35.07836479776839,0.0,4.899909730850477,11.835812092322788,37.64303336701339,6.544756405912575,69.70310615856953,0.0,0.0,0.0,0.0,0.0,23.20187978046503,28.427678548907114,9.589074368143644,11.835812092322788,48.76993635040739,48.53093654769288,10.045266627482652,0.0,0.0,57.61,11.887211334113244,14.69560176298435,0.0,24.287748227586867,28.92875070248263,23.968546229246012,0.0,0.0,53.43084627854336,0.0,23.20187978046503,0.0,12.3679242327649,26.683500023483187,10.654740682264132,2.0447094671201818,-1.0612648578885355,15.13504942386947,2.56491326005711,0.6659833238851095,0.0,0.391304347826087,29,1,4,1,1,2,1,2,0,2,3,0,2,1,6,1,6,1,1,2,0,1,5.841523535589994,4,5.551500000000004,113.18280000000004,1,0,0,0,0,0,0,0,1,1,2,1,0,0,0,1,0,0,0,0,1,0,0,0,0,0,0,1,0,0,0,0,0,0,2,0,0,0,0,0,0,0,0,0,2,0,0,0,0,0,0,0,0,0,0,0,0,0,0,0,0,0,0,0,0,0,0,0,0,1,0,0,0,0,0,0,0,0,0,0,0,0,0,0,0,CHEMBL3905949,O=C(O)C[C@@H]1CC(c2cccc(Cl)c2)[C@@H](c2ccc(Cl)cc2)N(CC2CC2)C1=O,320.0,2.505149978319906,CHEMBL1907611,Tumour suppressor p53/oncoprotein Mdm2,3,Large-Nonpolar-Aromatic-Rigid-Hydrophobic,Large-Nonpolar-Aromatic-Rigid-Hydrophobic
6.668492772108843,6.668492772108843,0.1812269699546487,-0.326376409360041,0.2535788479996106,18.96969696969697,584.699,567.563,581.9457630439999,164,0,0.2285036247325892,-0.4803860741605767,0.4803860741605767,0.2285036247325892,0.9090909090909092,1.5757575757575757,2.272727272727273,79.91976196545127,9.8398190968508,2.4263889068342155,-2.418793553134575,2.5235913940101717,-2.36570077723011,9.104490809585531,0.2216730544002123,3.3004150765002547,1.6588382160812327,1398.9414569949624,22.689505486452973,17.413899860146138,21.341821884394,16.008040390846983,10.358479391066318,12.32244040319025,8.011585868960587,10.279372707015948,6.086728296896606,7.379156425760813,4.655709234713622,5.3464668394644645,-2.609999999999999,63642405.58324604,20.958912615500427,8.007413455645274,3.411768799357146,212.46475274621136,9.636772684650529,24.222639124944713,0.0,5.948339280986494,0.0,0.0,0.0,4.681802935145184,10.082660329248244,0.0,67.72629595997766,53.59147246262526,32.152300349849604,5.697039313055833,4.736862953800049,55.106206280173545,0.0,14.764463264393427,0.0,12.145807216896262,11.947581713527669,109.28888917840868,0.0,5.749511833283905,9.636772684650529,5.948339280986494,5.749511833283905,43.46082768613121,21.812135247070614,0.0,0.0,28.83616169198725,87.57590138957636,5.022633313741326,5.697039313055833,0.0,43.18,0.0,0.0,0.0,12.145807216896262,5.022633313741326,48.603788464151314,0.0,6.3273200747645415,42.061310260130426,83.24066026676708,16.337802844032566,10.680620730802609,13.467320179400282,6.679274620503577,5.262053033404721,5.3147431220430565,1.530152825018897,22.207287166433165,1.279186444926659,0.0,2.023806321911481,0.12,33,0,5,0,2,2,0,3,1,4,2,0,5,0,8,3,2,0,0,0,0,2,5.085656936153079,6,7.040700000000005,136.58899999999988,0,0,0,0,0,3,0,0,0,0,0,0,0,0,0,4,0,0,0,0,0,0,0,0,0,0,0,0,0,1,0,0,0,0,3,0,3,0,0,0,0,1,0,0,3,0,0,0,0,0,0,0,0,0,0,0,0,0,0,0,0,0,0,0,0,0,0,0,0,0,0,0,0,0,0,0,0,0,0,0,0,0,0,0,0,CHEMBL584497,CN1C2=C(C(c3ccc(Br)cc3)Oc3cc(Cl)ccc32)C(c2ccc(Br)cc2)n2ncnc21,15100.0,4.17897694729317,CHEMBL1907611,Tumour suppressor p53/oncoprotein Mdm2,3,Large-Nonpolar-Aromatic-Rigid-Hydrophobic,Large-Nonpolar-Aromatic-Rigid-Hydrophobic
13.644972091601254,13.644972091601254,0.0742977683625227,-0.4197816494665642,0.4325914856191015,12.82857142857143,468.5320000000003,443.33200000000033,468.19615426,176,0,0.27802585204891,-0.333909925265534,0.333909925265534,0.27802585204891,0.9428571428571428,1.6857142857142855,2.4857142857142858,19.14214879685986,9.98849515079895,2.2531197349972127,-2.29169240575789,2.243226468815811,-2.360766518422132,6.04292930538823,0.0734155242617288,3.279791823872407,1.440663979263355,1427.9918235759624,24.52636877963644,19.61018927896157,19.61018927896157,16.91872399336994,11.479065234803327,11.479065234803327,8.689370612709881,8.689370612709881,6.387190964709284,6.387190964709284,4.475280989307068,4.475280989307068,-4.259999999999999,126152384.33043836,22.52818289595313,9.17617406111166,4.325210854528835,202.76692978531747,9.799819461700954,5.817220841045894,5.693927994848461,0.0,11.814359458703011,0.0,9.589074368143644,9.072217982820003,5.098681808301038,0.0,42.46456947923127,60.86966421678028,31.51849906403437,11.250837766380558,13.979489415818463,17.501745733386574,0.0,14.680394474296698,0.0,19.88931522852921,18.49233811944024,112.75820319583477,0.0,5.687386274683562,4.899909730850477,10.077801322358384,0.0,0.0,40.08718232158947,12.965578028838586,12.74095804073652,37.66728483293155,78.86277189000094,0.0,5.687386274683562,0.0,58.440000000000005,5.817220841045894,13.979489415818463,0.0,17.50828745355147,35.72166484773773,11.984273114623004,22.59609535947069,35.99494319166881,42.15548227284915,17.231415945224256,0.0,15.26776593135938,0.0,29.85322682316543,4.534074306809245,4.930680693817732,-0.8608431374892154,23.00578561371916,0.8154194435317131,3.0400734912259493,1.5804835005272762,0.1785714285714285,35,0,6,0,1,1,2,3,1,4,0,0,4,0,7,2,4,0,0,0,0,0,5.906357929537843,5,4.794920000000004,132.32099999999997,0,0,0,0,0,2,0,0,0,0,2,2,0,0,0,4,0,0,0,0,0,0,0,0,0,0,0,2,0,1,1,0,0,0,3,0,1,0,0,0,0,0,0,0,1,0,0,0,0,0,0,0,0,0,0,0,0,0,0,0,0,0,0,0,1,0,0,0,0,0,0,0,0,0,0,0,0,0,0,0,0,0,0,0,0,CHEMBL518858,Cc1cc(C(=O)N(C)c2cccc(F)c2)nn1-c1ccccc1C(=O)N1CCc2ccccc2C1,2300.0,3.361727836017593,CHEMBL4860,Apoptosis regulator Bcl-2,0,Large-Nonpolar-Aromatic-Rigid-Hydrophobic,Large-Nonpolar-Aromatic-Rigid-Hydrophobic
12.360393321680524,12.360393321680524,0.1323411517384731,-0.3063289451583098,0.6971132278044544,10.68,418.31600000000014,402.1880000000002,417.014659852,128,0,0.2667536823101353,-0.3242214030040343,0.3242214030040343,0.2667536823101353,1.2,2.0,2.72,79.91873121445087,10.0881713483763,2.111279918034767,-2.121560019898184,2.2554255865325112,-2.290468986515743,9.103226036681257,-0.116523021414082,3.1186399160238203,1.8066477964136645,980.4814126870932,17.97432701575866,13.745695200914664,16.148188320957097,11.952397498181154,7.630760691013392,9.30341177182564,5.584884388621576,7.386915480794966,3.928788541864355,5.680242484592067,2.3667104008909483,3.4867418328414965,-2.2499999999999996,576387.0292795225,17.569100091827366,7.327289843024109,3.881773856844634,157.003898265853,5.316788604006331,12.238684400761036,0.0,5.907179729351506,5.559266895052007,0.0,9.589074368143644,4.681802935145184,5.098681808301038,11.336785877934735,21.99631096641096,54.619908427087594,16.226472858977587,4.877147193701299,4.794537184071822,38.86129577991915,0.0,9.78048474344622,0.0,20.392230805293824,5.316788604006331,67.7316917595858,0.0,10.57107518854976,10.87605549905834,5.687386274683562,0.0,27.266729775884084,15.687664472797728,11.339293589984395,13.847474399381248,11.126902983393991,51.045521881139805,0.0,10.57107518854976,0.0,63.99,0.0,9.589074368143644,0.0,18.01120303031609,5.693927994848461,26.164155967611265,22.08495588154153,6.06636706846161,43.493005443693605,26.34541431025672,0.0,2.1762556003112667,5.003480135093556,25.32504421371778,9.09028242189411,3.1467998944297655,-0.2891184807256233,10.6764556768909,0.0,3.787467205054913,0.0,0.1666666666666666,25,1,5,0,0,0,1,1,2,3,0,0,5,1,7,2,4,0,0,0,0,0,5.149355546156824,3,3.9898400000000023,104.05570000000002,0,0,0,0,0,2,0,0,0,0,1,1,0,0,0,2,1,0,0,0,0,0,0,0,0,0,0,1,0,1,0,0,0,0,1,0,0,0,0,0,0,0,0,0,1,0,0,0,0,0,0,0,0,0,0,0,0,0,0,0,0,0,0,0,0,0,0,0,0,0,0,0,0,0,0,0,0,0,0,0,0,0,1,0,0,CHEMBL1370199,Cc1c(Br)ccc(NC(=O)Cn2nc(-c3cccs3)ccc2=O)c1C,7419.0,3.87034537108096,CHEMBL4374,Photoreceptor-specific nuclear receptor,0,Large-Nonpolar-Aromatic-Rigid-Hydrophobic,Large-Nonpolar-Aromatic-Rigid-Hydrophobic
14.066262343929342,14.066262343929342,0.0432136208392817,-0.3761955152431344,0.294937569328716,15.114285714285714,507.4210000000002,483.2290000000002,506.127631368,178,0,0.2606316718839125,-0.4804297909786756,0.4804297909786756,0.2606316718839125,1.0,1.7142857142857142,2.4,35.49678531705186,10.017400622831609,2.435359529133817,-2.299132657686547,2.4737849004210792,-2.3023272847596936,6.3090970240446005,0.0993150689743457,3.362423830251839,1.8015696011144104,1429.8744615874346,24.852642193269507,19.789483139221527,21.301341031258435,16.811769505687856,11.260966779534476,12.01689572555293,8.797986951726696,9.670858512670662,6.320354952021425,6.807428370148649,4.822581088453878,5.114912801164917,-3.3499999999999988,104160842.62085378,23.394598903552343,9.021931839393831,3.86786215455715,213.65131070795607,9.303962601591405,12.3691609039125,0.0,5.879988336435371,5.907179729351506,0.0,9.6944469149223,9.967957041894415,0.0,0.0,41.40098098584986,62.229949924773905,27.971337302927253,29.624556514368447,9.53140013787187,34.7964457845001,0.0,14.53505668968577,0.0,32.85489325736779,12.009707272128011,93.48464929149262,0.0,17.137367822980828,9.636772684650529,5.687386274683562,5.879988336435371,23.20187978046503,27.55203396031481,0.0,6.923737199690624,53.109975711688435,61.0551001940705,10.045266627482652,11.257379486545457,0.0,60.25000000000001,0.0,4.794537184071822,0.0,17.990861387647428,21.48870645561502,33.76559673947147,6.3273200747645415,13.30664111289061,60.35458347823398,28.38253108906702,27.938742734265084,7.691202779486959,12.589596968360173,24.38484876103623,1.2067759823549875,5.760330016520945,0.3591575281780916,14.81779907792624,3.166536890874775,6.169091355473931,1.5768828620098878,0.2222222222222222,35,0,6,0,1,1,1,2,2,4,1,0,5,0,8,3,5,0,0,0,0,1,6.030413620508771,5,6.899620000000006,138.68849999999986,0,0,0,0,0,3,0,0,0,0,1,1,0,0,0,4,0,0,0,0,0,0,0,0,0,0,0,1,0,1,1,0,0,0,2,0,1,0,0,0,0,1,0,0,2,0,0,0,0,0,0,0,0,0,0,1,0,0,0,0,0,0,0,0,0,0,0,0,0,0,0,0,0,0,0,0,0,0,0,0,0,0,0,0,0,CHEMBL3954470,COc1ncncc1-c1cc2c(n1C(C)C)C(c1ccc(Cl)cc1)N(c1cc(Cl)ccc1C)C2=O,0.308,-0.5114492834995558,CHEMBL1907611,Tumour suppressor p53/oncoprotein Mdm2,3,Large-Nonpolar-Aromatic-Rigid-Hydrophobic,Large-Nonpolar-Aromatic-Rigid-Hydrophobic
14.538865203998403,14.538865203998403,0.0850665611876708,-1.0258979731843636,0.6586639208528827,15.75,442.441,421.2730000000002,442.1616605720001,166,0,0.2755988378064148,-0.3683407546227188,0.3683407546227188,0.2755988378064148,1.125,1.8125,2.4375,19.146971749496476,10.132150440702492,2.241212786933993,-2.1867073905930794,2.258866636121993,-2.3183389815654376,5.9154355948880895,0.0941980957614783,3.19688681001692,1.5354698637724329,1190.6036422660866,22.82769816688717,17.316610333908105,17.316610333908105,15.3294075958929,10.147651148948787,10.147651148948787,7.648548465416866,7.648548465416866,5.370711233973906,5.370711233973906,3.6808714395816233,3.6808714395816233,-3.619999999999999,18881056.46335749,21.605951666307167,8.85771163500944,4.366840061549146,181.8414224584427,10.216698334856808,17.80611707760208,5.693927994848461,5.428790391900541,5.907179729351506,0.0,9.589074368143644,17.853048078169643,5.098681808301038,0.0,18.19910120538483,37.61002709646307,42.64540204742835,5.687386274683562,17.96578232709628,11.594566004035068,0.0,15.097273347452552,0.0,26.0609906240395,17.989422542675626,87.34001328715097,0.0,5.687386274683562,15.64548872675735,18.858631417708025,0.0,0.0,34.94885268013317,6.544756405912575,18.558178881782418,28.16666628839175,53.3254737317647,0.0,5.687386274683562,0.0,67.23,35.6868436047667,22.760319511168102,0.0,23.48952216714159,24.346892298370605,12.13273413692322,10.748170003606797,36.08911520438754,6.06636706846161,10.415470412307368,0.0,43.91767122333477,0.0,26.465015888533692,6.498647845345106,0.1000105857418018,-2.565081823005704,12.457350763977534,-0.7152761080970913,1.6749949575032306,0.0,0.2608695652173913,32,1,6,0,1,1,1,2,1,3,1,0,5,1,9,2,5,0,1,1,0,0,5.980602795628144,4,3.297320000000002,113.8252,0,0,0,0,0,2,0,0,0,0,1,1,0,0,0,3,1,0,0,0,0,0,0,0,0,1,0,1,0,1,1,0,0,0,2,0,0,0,0,0,0,0,0,0,3,0,0,0,0,0,0,0,0,0,0,0,0,0,0,0,0,0,0,0,1,0,0,0,0,0,0,0,0,0,0,0,0,0,0,0,0,0,0,0,0,CHEMBL5406028,Cc1cc(=O)c(C(=O)NCc2c(F)cc(N3CC[C@H](F)C3)cc2F)nn1-c1ccccc1,1200.0,3.0791812460476247,CHEMBL5465553,WDR5-MYC,0,Large-Nonpolar-Aromatic-Rigid-Hydrophobic,Large-Nonpolar-Aromatic-Rigid-Hydrophobic
12.60291596665507,12.60291596665507,0.1877707101261678,-4.456270594543278,0.3896349861572651,11.0,468.26200000000017,454.1500000000002,467.041516708,160,0,0.4159120646067603,-0.3219189985666639,0.4159120646067603,0.3219189985666639,0.7096774193548387,1.2580645161290325,1.8387096774193548,35.4968364613711,10.168587172959604,2.295006081801261,-2.1111332504072617,2.295265772861367,-2.1946192782968503,6.348979877978726,-0.1371221186090144,2.6681162893930828,1.6306674678893684,1099.3479749107537,22.595647359318296,15.557171907059749,17.069029799096658,14.596375353963913,8.727944690647647,9.483873636666102,6.347285838538718,7.220157399482688,3.9731480607489633,4.409583841220948,2.598878887160816,3.1249213673867615,-3.229999999999999,5350106.78349101,22.45509789925652,9.279490149064136,6.372150983578516,184.71618728826857,15.950365812018994,0.0,0.0,0.0,5.907179729351506,12.207413029781549,4.794537184071822,4.794537184071822,13.17124514302446,0.0,29.268246848926644,60.6636706846161,32.67087694323033,5.563451491696996,22.760319511168102,52.202332846205294,0.0,0.0,0.0,6.176298517443475,15.950365812018994,87.90220736395437,0.0,0.0,15.950365812018994,35.02794115114697,0.0,23.20187978046503,11.938294241689578,6.176298517443475,0.0,15.921440167465814,66.73003775307771,10.045266627482652,0.0,0.0,70.23,23.678044250830048,22.760319511168102,0.0,11.250837766380558,21.420039176849777,24.26546827384644,24.26546827384644,18.19910120538483,0.0,15.950365812018994,23.20187978046503,37.80874789996521,11.805010001439252,24.515615631493937,8.262450163482397,0.380888494931785,-0.4483741378524721,14.104154763305385,-4.456270594543278,0.0,0.0,0.0476190476190476,31,3,5,0,0,0,3,3,0,3,0,0,2,3,10,0,4,0,0,0,0,0,6.721672895239408,3,6.908500000000002,114.9426,0,0,0,0,0,0,0,0,0,0,2,2,0,0,0,0,3,0,0,0,0,0,0,0,0,3,0,3,0,3,0,0,0,0,3,0,0,0,0,0,0,0,0,0,5,0,0,0,0,0,0,0,0,0,0,0,0,0,0,0,0,0,0,0,0,0,0,0,0,0,0,0,0,0,0,0,0,0,0,0,0,0,0,0,1,CHEMBL441409,O=C(Nc1ccc(C(F)(F)F)cc1)Nc1cccc(NC(=O)c2cc(Cl)cc(Cl)c2)c1,940.0,2.9731278535996988,CHEMBL2780,Cyclophilin A,0,Large-Nonpolar-Aromatic-Rigid-Hydrophobic,Large-Nonpolar-Aromatic-Rigid-Hydrophobic
13.677009946923366,13.677009946923366,0.0175547971769798,-0.1515255710232264,0.5755465731626231,22.314285714285713,529.493,503.2850000000004,528.115352432,182,0,0.2621161914016141,-0.3542678179030239,0.3542678179030239,0.2621161914016141,1.0285714285714285,1.6571428571428573,2.2857142857142856,35.496785990176896,9.921750635321793,2.4722464799811665,-2.315919626700139,2.5311470289054627,-2.3534560019999806,8.17773627881832,-0.1260176445798505,3.2938642530818294,1.5588606381462735,1210.862522775392,24.689505486452973,19.501594689741996,21.829949162706633,16.829407595892903,11.691642023240275,13.26406755018646,9.137733908004932,10.988126276314803,6.482430805322516,8.058946020030035,4.808703008719735,6.374809069129609,-2.479999999999999,97798729.60927516,24.22486786336824,9.87742118638001,4.691038447423728,218.90812912343256,15.116608065707286,10.946977343038007,5.1676517695780495,5.907179729351506,5.907179729351506,0.0,14.581479100779312,0.0,0.0,0.0,61.31482245369272,53.072162252792936,41.79739678120222,6.041840829147961,9.589074368143644,51.94577595813721,0.0,15.116608065707286,10.91031077879706,32.35197768060318,19.634269217737724,80.3052819855154,0.0,0.0,5.316788604006331,0.0,0.0,34.963764729856145,46.41609990771974,9.589074368143644,5.917906046161393,43.47888066399717,64.12551710727443,10.045266627482652,0.0,0.0,65.01,0.0,9.589074368143644,0.0,29.815947163160327,41.005493982036434,21.991594066027872,11.761884949391115,4.899909730850477,48.53093654769288,24.064172734238056,28.194284513100698,0.0,13.799346859635342,35.3093103733025,5.016929070205725,3.105325845146072,0.0424934118279092,15.36842028080378,0.3168649238660477,5.59686479076818,0.0,0.3461538461538461,35,1,6,0,3,3,2,2,0,2,2,0,5,1,9,3,4,0,1,1,0,0,6.836549230596849,5,5.4103000000000065,141.3216999999998,0,0,0,0,0,0,0,0,0,0,2,2,0,0,1,3,1,0,0,0,0,0,0,0,0,0,1,2,1,0,0,0,0,0,2,0,1,0,0,0,0,0,0,0,2,0,0,0,0,0,0,0,0,0,0,0,0,0,0,0,0,0,0,0,0,0,0,0,0,0,0,0,0,0,0,1,0,0,0,0,0,0,0,0,0,CHEMBL2152327,CC(C)C1=C(C(=O)N2CCNC(=O)CC2)SC2=N[C@@H](c3ccc(Cl)cc3)[C@@H](c3ccc(Cl)cc3)N21,1100.0,3.041392685158225,CHEMBL5023,p53-binding protein Mdm-2,3,Large-Nonpolar-Aromatic-Rigid-Hydrophobic,Large-Nonpolar-Aromatic-Rigid-Hydrophobic
13.204208361328073,13.204208361328073,0.2800666099773239,-1.065269487518165,0.7034427562188249,24.551724137931036,434.3190000000002,413.1510000000002,433.08476351200005,152,0,0.3060395928220198,-0.4811478772067936,0.4811478772067936,0.3060395928220198,1.0689655172413792,1.793103448275862,2.413793103448276,35.49678472189507,9.90636647125758,2.4574182736116237,-2.4450686075977406,2.4477968752155945,-2.5156896459184197,6.3043714564735165,-0.1788861673528065,3.494024287094469,1.7837351687524243,913.2832125859244,20.543241116511,15.631731363431664,17.143589255468573,13.91872399336994,9.607897235186416,10.36382618120487,7.628557075779851,8.501428636723821,5.3925073992816515,5.8795808174088755,3.8303393100311416,4.155054922115957,-2.0799999999999996,6270571.650979811,20.20327947610741,8.34461703843053,4.577491694770534,178.72344546822575,14.743300079491233,12.207932775496603,0.0,0.0,5.907179729351506,5.969305287951848,9.589074368143644,0.0,0.0,0.0,47.46734805431147,54.151920549253845,16.590023033395227,12.462662452073973,19.4324647167844,35.07836479776839,0.0,4.899909730850477,5.917906046161393,37.5122384734226,6.544756405912575,69.70310615856953,0.0,0.0,0.0,0.0,0.0,23.20187978046503,34.53164493665542,14.325937321943693,5.917906046161393,42.53517506906829,48.53093654769288,10.045266627482652,0.0,0.0,66.84,18.177238063448456,14.69560176298435,0.0,18.369842181425476,22.507929079556614,23.968546229246012,0.0,29.16537800469692,24.26546827384644,0.0,27.938742734265084,6.1164125881834215,12.281118677209346,26.353500023483186,10.45392435573352,1.69748724489796,-0.9033549974422994,14.25616053498058,0.2143238046247295,0.5859833238851097,0.0,0.3636363636363636,29,1,5,1,1,2,1,2,0,2,3,0,3,1,7,1,6,1,1,2,0,0,5.8134010396034395,4,4.887900000000005,109.94880000000006,1,0,0,0,0,0,0,0,1,1,2,1,0,0,0,1,0,0,0,0,0,0,0,0,0,0,0,1,0,0,0,0,0,0,2,0,0,0,0,0,0,1,0,0,2,0,0,0,0,0,0,0,0,0,0,0,1,0,0,0,0,0,0,0,0,0,0,0,0,0,0,0,0,0,0,0,0,0,0,0,0,0,0,0,0,CHEMBL2347389,O=C(O)C[C@@H]1O[C@@H](c2cccc(Cl)c2)[C@@H](c2ccc(Cl)cc2)N(CC2CC2)C1=O,100.0,2.0,CHEMBL5023,p53-binding protein Mdm-2,3,Large-Nonpolar-Aromatic-Rigid-Hydrophobic,Large-Nonpolar-Aromatic-Rigid-Hydrophobic
6.644326105442177,6.644326105442177,0.1658942743764173,-0.3003578908415223,0.3216000616293318,19.15625,505.8030000000001,487.65900000000016,504.035250976,158,0,0.2285036246829897,-0.4804418191665521,0.4804418191665521,0.2285036246829897,0.9375,1.65625,2.4375,79.91873132024712,9.839887532115062,2.4245519152202286,-2.418154581960835,2.5187050515727596,-2.3654511089764325,9.102999933573535,0.2216752241934335,3.301698647821049,1.6542175822825045,1347.1367688585085,21.819261998449893,17.11328565632654,19.455211141459696,15.614193540729632,10.258813552038744,11.429776294605324,7.867263924220272,9.219375233483944,6.030129601141849,6.810771429519569,4.631440991396879,5.0217619055857385,-3.0899999999999994,45295660.37279759,19.584486326104248,7.500412937407298,2.976200018415254,198.59720514057005,9.636772684650529,24.222639124944713,0.0,5.948339280986494,0.0,0.0,0.0,4.681802935145184,10.082660329248244,0.0,63.92908619895152,47.52510539416365,27.67958083401719,5.697039313055833,4.736862953800049,39.176262382224195,0.0,14.764463264393427,0.0,12.145807216896262,11.947581713527669,110.88253673103787,0.0,5.749511833283905,9.636772684650529,5.948339280986494,5.749511833283905,27.530883788181864,21.812135247070614,0.0,0.0,28.83616169198725,89.16954894220555,5.022633313741326,5.697039313055833,0.0,43.18,0.0,0.0,0.0,12.145807216896262,5.022633313741326,44.131068948318905,0.0,6.3273200747645415,54.194044397053645,61.24434930035612,16.337802844032566,9.648151666143791,9.752652533575752,6.693555656226712,5.315161813953977,5.415382919886062,1.6424068168934245,24.213135774214113,1.310951996060897,0.0,2.036378600823045,0.12,32,0,5,0,2,2,0,3,1,4,2,0,5,0,7,3,2,0,0,0,0,2,4.590366706649645,6,6.278200000000004,128.889,0,0,0,0,0,3,0,0,0,0,0,0,0,0,0,4,0,0,0,0,0,0,0,0,0,0,0,0,0,1,0,0,0,0,3,0,3,0,0,0,0,1,0,0,2,0,0,0,0,0,0,0,0,0,0,0,0,0,0,0,0,0,0,0,1,0,0,0,0,0,0,0,0,0,0,0,0,0,0,0,0,0,0,0,0,CHEMBL567636,CN1C2=C(C(c3ccc(Cl)cc3)Oc3ccccc32)C(c2ccc(Br)cc2)n2ncnc21,890.0,2.949390006644913,CHEMBL1907611,Tumour suppressor p53/oncoprotein Mdm2,3,Large-Nonpolar-Aromatic-Rigid-Hydrophobic,Large-Nonpolar-Aromatic-Rigid-Hydrophobic
12.800045981355506,12.800045981355506,0.202556641190299,-1.074032638103705,0.54480577940991,16.96153846153846,448.36300000000006,434.251,446.959847408,132,0,0.3267190911926339,-0.4796930479994329,0.4796930479994329,0.3267190911926339,1.1923076923076923,1.8461538461538465,2.4615384615384617,79.91873123096566,10.048291275380492,2.3996813697249335,-2.227609195089564,2.3446747468781544,-2.4477878556771255,9.103002617302636,-0.1447075059812901,2.8909058236613374,1.8623555773420113,881.4170631642606,18.681433796945207,13.46334456813703,16.682334269107187,12.452397498181154,7.748500138071824,9.766243279020763,5.647022154607708,8.238463272595553,3.8599241679471024,5.71898756301149,2.585270908920209,4.206386631939297,-1.9599999999999993,817455.657945069,18.81990613519081,8.157624283361866,4.227630901531543,168.57420744132216,5.106527394840706,10.362374914706932,0.0,0.0,5.907179729351506,5.969305287951848,9.6944469149223,4.794537184071822,0.0,0.0,82.37427176961843,29.335657227151092,10.893541138758422,4.905136513890047,14.69560176298435,62.18274150008337,0.0,4.899909730850477,0.0,12.462662452073973,0.0,75.10206262927096,0.0,0.0,0.0,0.0,0.0,39.90970229038716,32.24529705770147,16.00989599106965,0.0,11.126902983393991,63.97515964587695,0.0,6.076020106833881,0.0,57.61,12.011146117099807,14.69560176298435,0.0,16.648535437836486,4.905136513890047,27.361507448617523,4.899909730850477,6.076020106833881,54.59730361615449,15.929943897949348,12.217873443046695,1.206198173504201,9.799255650747508,26.23283117672638,9.649614952347637,1.6893273576137935,-1.4432457191694643,15.684128811635263,1.931889596594683,0.0,0.0,0.1052631578947368,26,1,4,0,1,1,1,2,0,2,1,0,4,1,7,1,5,0,1,1,0,0,5.904835511500904,3,4.346200000000002,110.72380000000004,1,0,0,0,0,0,0,0,1,1,2,1,1,0,0,1,0,0,0,0,0,0,0,0,0,0,0,1,0,0,0,0,0,0,2,0,0,0,0,0,0,0,0,0,1,0,0,0,0,0,0,0,0,0,0,0,0,0,0,0,0,0,0,0,0,0,0,0,0,0,0,0,0,0,0,1,0,0,0,0,0,0,0,0,0,CHEMBL243190,O=C(O)[C@H](Cc1ccccc1)N1C(=O)/C(=C/c2ccc(Br)cc2)SC1=S,11700.0,4.068185861746161,CHEMBL379,Hepatitis C virus,0,Large-Nonpolar-Aromatic-Rigid-Hydrophobic,Large-Nonpolar-Aromatic-Rigid-Hydrophobic
15.310644482587271,15.310644482587271,0.0029957080568849,-0.569139240572772,0.3733605813325313,14.75,475.33000000000015,457.18600000000015,474.093806376,164,0,0.1998388711988359,-0.2922617684380784,0.2922617684380784,0.1998388711988359,1.0,1.8125,2.53125,35.49678560795492,9.883254034183706,2.299086393712475,-2.231198971734552,2.4134457036003027,-2.1272934211363896,6.309213552779699,0.4247647756391205,3.462102075687092,1.8541791959641176,1265.9192351647423,22.241911729260273,16.824911659796825,18.336769551833733,15.541713895658198,10.308399053359723,11.06432799937818,7.789244527009311,8.603644780490521,5.808483788301339,6.390038097316522,4.31539688800167,4.6654910002711665,-2.839999999999999,35969308.71343065,21.029249651868845,8.5954463365335,3.6705687773888167,192.1363554877794,0.0,17.335553333894282,11.64162533904582,0.0,0.0,0.0,4.567099647791355,18.863490424597884,0.0,5.098681808301038,48.53071171770467,53.6002487794698,11.48135753785839,21.426580897014677,8.78083009534964,23.20187978046503,0.0,30.175211976650377,0.0,38.02201416079144,0.0,63.90231521834402,0.0,28.46309825407741,0.0,8.78083009534964,0.0,23.20187978046503,30.175211976650377,0.0,11.634441682091788,43.84641865879136,36.39820241076966,10.045266627482652,28.46309825407741,0.0,72.28,11.634441682091788,4.39041504767482,4.39041504767482,21.65055894832761,28.600116477393776,32.10410811463005,18.19910120538483,22.766200853176183,0.0,20.62413380791181,28.18585830141224,31.013829072768615,12.237945240313415,4.8945592403628115,14.045070546737216,1.7373095395565643,-0.0009505531245239,9.160750437244245,5.133708698363881,0.0,0.0,0.2727272727272727,32,1,6,1,0,1,0,2,2,4,0,0,5,1,10,2,4,1,0,1,0,0,5.648618340006389,5,6.352100000000004,117.9337,0,0,0,0,0,6,1,0,0,0,0,0,0,0,0,5,1,0,0,0,0,1,0,0,0,0,0,0,0,0,0,0,0,0,2,0,0,0,0,0,0,0,0,0,4,0,0,1,0,0,0,0,0,0,0,0,0,0,0,0,0,0,0,0,0,0,0,0,0,0,0,0,0,0,0,0,0,0,0,1,0,0,0,0,0,CHEMBL3260816,Fc1ccc(-c2c(-c3nnn[nH]3)nc(C3CCCCC3)n2-c2cccc(Cl)c2F)cc1Cl,3.0,0.4771212547196624,CHEMBL5023,p53-binding protein Mdm-2,0,Large-Nonpolar-Aromatic-Rigid-Hydrophobic,Large-Nonpolar-Aromatic-Rigid-Hydrophobic
14.22782355792111,14.22782355792111,0.0709681629853595,-3.473548114040677,0.2356372882089635,15.23076923076923,583.5370000000001,555.3130000000002,582.114683736,202,0,0.2606316554933848,-0.4960536777454172,0.4960536777454172,0.2606316554933848,0.8974358974358975,1.564102564102564,2.1794871794871793,35.496786510980215,10.01706545750621,2.4356603039854368,-2.3006080874531953,2.4799156157704116,-2.3022974099572706,7.903128683925116,0.0993123488823937,3.40068470882602,1.8214453436455953,1709.727439386292,28.22288568127258,22.197151088802823,24.52550556176746,18.416941221210394,12.407827818689912,15.055168302766626,9.9865503700131,12.875157505699905,7.050401887468508,8.647713899532224,5.2837238852962445,6.223218159610777,-3.259999999999999,464699266.9956037,27.312311114341863,10.046873680298766,4.728771354290243,238.20235524224623,9.303962601591405,11.791352662431866,9.837253136417502,0.0,5.907179729351506,0.0,9.6944469149223,8.417796984328938,0.0,0.0,41.40098098584986,80.42905113015874,33.59371440652257,28.956588498189227,17.949197122200808,44.6336989209176,0.0,4.567099647791355,0.0,37.75037673288557,18.265476455639416,99.15958685049984,0.0,17.00689131982936,9.636772684650529,5.687386274683562,5.749511833283905,23.20187978046503,32.257643086260735,9.837253136417502,6.923737199690624,53.109975711688435,71.62552122859549,10.045266627482652,11.257379486545457,0.0,68.61000000000001,15.879093965565463,13.212334168400758,0.0,16.84450403401724,32.615609439009006,22.508217252926013,12.322136251973014,30.20880847751284,63.235781078303134,4.567099647791355,27.938742734265084,32.575004555466556,12.6223934860468,16.18041185738486,1.1255826273417022,5.147491805683095,0.3404706344391142,19.054580955740715,1.1719836707057818,6.018905334203265,-1.9312693714563371,0.2333333333333333,39,0,6,0,1,1,1,3,1,4,1,0,5,0,9,2,6,0,0,0,0,1,7.0359830687900695,5,7.513120000000007,156.20829999999964,0,0,0,0,0,1,0,0,0,0,1,1,0,0,0,2,0,0,0,0,0,0,0,0,0,0,0,1,0,1,1,0,0,0,3,0,1,0,0,0,0,1,0,0,2,0,0,0,0,0,0,0,0,0,0,1,0,0,0,0,0,0,0,0,0,0,0,0,0,0,0,0,0,0,0,0,0,1,0,0,0,0,0,0,0,CHEMBL3945906,COc1ccc(S(C)(=O)=O)cc1-c1cc2c(n1C(C)C)C(c1ccc(Cl)cc1)N(c1cc(Cl)ccc1C)C2=O,0.184,-0.7351821769904635,CHEMBL1907611,Tumour suppressor p53/oncoprotein Mdm2,3,Large-Nonpolar-Aromatic-Rigid-Hydrophobic,Large-Nonpolar-Aromatic-Rigid-Hydrophobic
14.153157596371884,14.153157596371884,0.0,-4.538390132614732,0.2999714780812833,19.953488372093023,629.0450000000003,597.7970000000004,628.203973232,232,0,0.4162233928638046,-0.4760704921700446,0.4760704921700446,0.4162233928638046,0.8372093023255814,1.5116279069767442,2.13953488372093,35.45300212740308,9.893035130211944,2.4770177322654945,-2.4537556979147133,2.3611794143178155,-2.6320350879177776,5.863100613814704,-0.1542559715078922,2.9694733876435646,4.2319888373639645e-06,1365.559331677331,29.959608389997214,23.073550352401227,23.89004693332895,19.944256782639556,13.636932280448615,13.636932280448615,10.554788868508693,10.554788868508693,7.675472151147494,7.675472151147494,5.624806003920876,5.624806003920876,-3.509999999999998,1907224055.147165,32.40481107151817,13.007506094852893,7.531700305062747,251.19869870293655,14.536682415501003,11.567374611118932,5.601050810983688,0.0,5.907179729351506,12.35259703488695,9.6944469149223,4.983978520947208,26.34249028604892,12.407033161179976,24.26546827384644,67.41442062269286,45.46538200708852,11.126902983393991,35.87389042392079,24.13207566836651,0.0,14.783797982648164,0.0,37.34004749763523,44.16844816632592,89.6172357997818,0.0,5.749511833283905,9.636772684650529,32.16035306388395,5.749511833283905,12.407033161179976,65.5605669584588,23.691890624871345,0.0,29.531997720943004,72.9268813246908,0.0,0.0,0.0,48.91,29.080550829264627,31.137027470120746,0.0,49.137510650263536,39.14460365248888,24.016963983219856,30.33183534230805,15.996663033314032,18.19910120538483,9.883888251797686,4.736862953800049,86.79942178720171,0.0,23.97778016957808,0.0,-3.0123353626511404,0.5327561301738526,14.993885244839165,-6.664059379089915,2.122551409948267,0.0,0.4,43,0,6,0,2,2,1,2,1,3,1,0,5,0,13,3,6,0,2,2,0,1,9.802459942216954,5,6.303400000000005,151.03599999999977,0,0,0,0,0,1,0,0,0,0,1,1,0,0,0,4,0,0,0,0,1,0,0,0,0,6,0,1,0,1,0,0,0,0,2,0,0,0,0,0,0,1,0,0,7,0,0,0,0,0,0,0,0,0,0,0,0,0,0,0,0,0,0,0,0,0,0,0,0,1,1,0,0,1,0,0,0,0,0,0,0,0,0,0,0,CHEMBL3112816,Cl.O=C(N1CCN(c2ccccn2)CC1)C1(Oc2ccc(C(F)(F)F)cc2)CCCN(Cc2ccccc2C(F)(F)F)C1,14000.0,4.146128035678238,CHEMBL1907611,Tumour suppressor p53/oncoprotein Mdm2,4,Large-Nonpolar-Aromatic-Rigid-Hydrophobic,Large-Nonpolar-Aromatic-Rigid-Hydrophobic
13.716662065031771,13.716662065031771,0.1651673122952885,-3.9301458569538927,0.6267780610491286,26.6,470.41800000000023,445.2180000000002,469.0881346399999,162,0,0.3044949062416214,-0.4811900862856167,0.4811900862856167,0.3044949062416214,1.1333333333333333,1.7666666666666666,2.3,35.49678559592532,9.78933874633849,2.556128105038889,-2.498845483026328,2.5208913798427988,-2.5722588906124177,7.9017803797988675,-0.1374126655738984,2.6306098457581295,2.25931473454299,1039.3579906890825,22.26722023457211,17.048415822332803,19.376770295297437,13.959033102224412,9.719151873123511,11.915144147942604,8.311136695622144,11.541376517231702,5.72978408497627,8.977218764366356,4.4220439753972896,7.074507340888149,-1.5999999999999996,2720019.013195757,23.071312326869805,8.499663515462265,4.237335429748529,187.21498518461945,5.106527394840706,0.0,0.0,10.023291153407584,0.0,5.969305287951848,4.794537184071822,8.417796984328938,4.305215991296233,0.0,47.46734805431147,62.5844044792383,22.005013502792007,17.209684905291528,18.318861563241462,39.19447622182446,0.0,4.305215991296233,0.0,56.36146500259878,0.0,69.70310615856953,0.0,0.0,0.0,0.0,0.0,23.20187978046503,34.587708940783244,14.817828337479405,0.0,56.69950470362724,48.53093654769288,10.045266627482652,0.0,0.0,74.68,33.20228134665096,18.318861563241462,0.0,18.380568498235363,10.045266627482652,11.126902983393991,11.228953190986855,18.19910120538483,44.179309741689295,0.0,23.20187978046503,27.454417941302033,12.313287035807928,11.604586131794823,10.590511617953222,1.6792956349206358,-1.416927178372284,13.586996479697977,-0.3041214989082053,5.144321914979984,-3.9301458569538927,0.4090909090909091,30,1,5,0,1,1,0,2,0,2,3,0,3,1,8,1,5,0,1,1,0,0,6.53661305461767,3,5.495600000000006,119.55560000000008,1,0,0,0,0,0,0,0,1,1,1,0,0,0,0,1,0,0,0,0,0,0,0,0,0,0,0,0,0,0,0,0,0,0,2,0,0,0,0,0,0,0,0,0,2,0,0,0,0,0,0,0,0,0,0,0,0,0,0,0,0,0,0,0,0,0,0,0,0,0,0,0,0,0,0,0,1,0,0,0,0,0,0,0,0,CHEMBL4111356,CC(C)N1[C@H](c2ccc(Cl)cc2)[C@@H](c2cccc(Cl)c2)C[C@](C)(CC(=O)O)S1(=O)=O,120.0,2.0791812460476247,CHEMBL1907611,Tumour suppressor p53/oncoprotein Mdm2,3,Large-Nonpolar-Aromatic-Rigid-Hydrophobic,Large-Nonpolar-Aromatic-Rigid-Hydrophobic
12.192117486912462,12.192117486912462,0.048010833963215,-1.113602135298563,0.3808708237950743,10.933333333333334,437.32600000000014,419.1820000000002,436.074533176,150,0,0.3563061350202756,-0.476450024299705,0.476450024299705,0.3563061350202756,0.9,1.6,2.3,35.49678477891153,10.07782355661489,2.258799847947741,-2.158962432290143,2.360562664914678,-2.04469641606674,6.307937798618494,0.069175991875447,3.104215139051369,2.154768485544406,1278.1936311554196,21.41348460451408,16.356670984068078,17.86852887610499,14.346244348298509,9.304497686545457,10.06042663256391,7.083822199633118,7.956693760577088,4.866407224211739,5.336601429787215,3.507158438519751,3.863789841700248,-3.0799999999999983,6880474.230416525,20.20327947610741,7.977220157493802,3.7188485601159127,183.89858027543812,5.106527394840706,5.824404497999927,5.693927994848461,0.0,0.0,5.969305287951848,4.567099647791355,9.778515705019029,0.0,0.0,65.1635336829317,49.7427612333863,21.172169610876644,11.381314269532025,9.901064578912528,29.17118506841688,0.0,9.551078168738565,0.0,13.847474399381248,0.0,93.59613535880284,0.0,28.33262175092594,0.0,0.0,0.0,23.20187978046503,20.62691085153112,0.0,13.847474399381248,21.615368162314272,66.73003775307771,10.045266627482652,28.33262175092594,0.0,55.12,5.969305287951848,9.901064578912528,0.0,5.693927994848461,27.127050612028036,22.37774074977455,0.0,24.26546827384644,60.87914352640387,4.983978520947208,23.20187978046503,1.852283950617284,12.539947973458672,16.74360085803869,11.031579008146467,4.612779020044233,-0.5891186381960183,20.428689177095865,0.0,3.935794206350363,0.0,0.0833333333333333,30,1,4,0,0,0,0,3,1,4,0,0,3,1,6,1,4,0,0,0,0,0,5.372200276142829,4,6.828140000000004,120.8893,0,0,0,0,1,2,0,0,1,1,1,0,0,0,0,2,0,0,0,0,0,0,0,0,0,0,0,0,0,0,2,0,0,0,3,0,0,0,0,0,0,0,0,0,2,0,0,1,0,0,0,0,0,0,0,0,0,0,0,0,0,0,0,0,0,0,0,0,0,0,0,0,0,0,0,0,0,0,0,0,0,0,0,0,0,CHEMBL3260812,Cc1cccc(-c2nc(C(=O)O)c(-c3cccc(Cl)c3)n2-c2cc(Cl)ccc2C)c1,8.0,0.9030899869919436,CHEMBL5023,p53-binding protein Mdm-2,0,Large-Nonpolar-Aromatic-Rigid-Hydrophobic,Large-Nonpolar-Aromatic-Rigid-Hydrophobic
14.80954335025691,14.80954335025691,0.0515057594983918,-0.7279765730902097,0.5862440842530064,15.93939393939394,453.4890000000002,428.2890000000002,453.1863981000001,172,0,0.2779441098412675,-0.3808172628928739,0.3808172628928739,0.2779441098412675,1.181818181818182,1.878787878787879,2.515151515151515,19.14553479891488,9.921617327232376,2.238164216426314,-2.234688326228753,2.2830637526873474,-2.334881911068242,5.91455441295962,0.0772496658622535,2.816640519533344,1.5860825160038936,1198.3070590798034,23.53480494807372,18.55400093254929,18.55400093254929,15.846244348298509,10.82289110138708,10.82289110138708,8.284314658281605,8.284314658281605,5.847848524279592,5.847848524279592,4.02885628017708,4.02885628017708,-3.3899999999999992,27603122.157675084,22.79147987971925,9.621755308492862,4.852975790763057,189.96945433020855,9.636772684650529,11.634441682091788,5.693927994848461,5.428790391900541,5.907179729351506,0.0,9.589074368143644,13.462633030494825,5.098681808301038,0.0,18.19910120538483,49.59430021108608,36.89620654835856,18.839024645109056,18.312230233221513,5.907179729351506,0.0,14.6803944742967,0.0,32.22804289761661,20.261435911703025,92.90346477884798,0.0,5.687386274683562,5.428790391900541,8.78083009534964,0.0,0.0,40.849010115351234,11.281619359712623,18.558178881782418,46.06884544917615,53.3254737317647,0.0,5.687386274683562,0.0,64.43,22.970411803343836,18.369904463493285,0.0,23.720041938619424,30.158529690254856,17.741552976702497,29.9285761232072,19.056471336613843,18.19910120538483,5.098681808301038,4.736862953800049,36.52616753982531,0.0,26.57890654186518,4.236403653983851,0.6943647876532719,-2.222053192531394,13.01113253570706,1.6531305559045726,2.468441133539174,1.386839777386314,0.32,33,0,6,0,1,1,1,2,1,3,1,0,5,0,8,2,5,0,1,1,0,1,6.645274015790816,4,3.9853200000000033,119.52050000000004,0,0,0,0,0,2,0,0,0,0,1,1,0,0,0,3,0,0,0,0,0,0,0,0,0,0,0,1,0,0,1,0,0,0,2,0,0,0,0,0,0,1,0,0,2,0,0,0,0,0,0,0,0,0,0,0,0,0,0,0,0,0,0,0,1,0,0,0,0,0,0,0,0,0,0,0,0,0,0,0,0,0,0,0,0,CHEMBL5412190,Cc1cc(=O)c(C(=O)N(C)Cc2c(F)cc(C3CCCOC3)cc2F)nn1-c1ccccc1,43450.0,4.637989780784685,CHEMBL5465553,WDR5-MYC,0,Large-Nonpolar-Aromatic-Rigid-Hydrophobic,Large-Nonpolar-Aromatic-Rigid-Hydrophobic
14.330884308842911,14.330884308842911,0.3382838876291256,-1.350131172839506,0.5168265246687015,21.75,467.32700000000017,450.1910000000002,466.065111364,160,0,0.2443641749191412,-0.3439319347670314,0.3439319347670314,0.2443641749191412,0.96875,1.75,2.53125,35.496785038887126,9.632134388876176,2.5797521713670566,-2.4181927701872037,2.55625000503132,-2.5192952818684375,6.315896499212733,-0.1220134112345257,3.024946094519182,1.870230400426037,1337.26724903663,22.620591385700628,16.87859323023092,18.39045112226783,15.300604715199878,9.96600562142286,10.721934567441314,7.962913624252007,8.835785185195974,6.120602254665688,6.590796460241166,4.753936302472871,5.116327174564941,-3.149999999999999,20258112.394132476,20.73602313453755,7.468205471796193,3.0379291507804256,193.59375741715175,10.633577208012662,11.232211310442672,0.0,11.814359458703011,0.0,0.0,9.589074368143644,4.39041504767482,0.0,0.0,47.46734805431147,71.14885010731753,21.808673009000096,6.041840829147961,13.979489415818463,46.27673004392087,0.0,5.316788604006331,0.0,18.380568498235363,5.316788604006331,104.85598422676654,0.0,0.0,10.633577208012662,10.077801322358384,0.0,23.20187978046503,11.814359458703011,15.004064837540422,12.74095804073652,28.29564679593594,66.73969079144999,10.045266627482652,5.5731045300692665,0.0,58.2,17.274052139590633,13.979489415818463,0.0,11.814359458703011,37.996111907326465,5.563451491696996,18.208754243757102,48.53093654769288,6.923737199690624,10.633577208012662,23.20187978046503,14.330884308842911,12.449480542255165,26.659029562442264,6.78011440224238,2.2196099108367644,-1.1734065220738492,15.635362110983053,1.416745874275636,1.821068699084572,0.0,0.12,32,2,4,0,2,2,2,3,0,3,2,0,2,2,7,2,2,0,0,0,1,0,4.839402544895182,5,5.585520000000003,123.2094,0,0,0,0,0,0,0,0,0,0,2,2,0,0,0,0,2,0,0,0,0,0,0,0,0,0,0,2,0,1,1,0,0,0,3,0,2,0,0,0,0,0,0,0,3,0,0,0,0,0,0,0,0,0,0,0,0,0,0,0,0,0,0,0,0,0,0,0,0,0,0,0,0,0,0,0,0,0,0,0,0,0,0,0,0,CHEMBL3220689,Cc1ccc(F)cc1[C@H]1NC(=O)C=C(c2cccc(Cl)c2)[C@]12C(=O)Nc1cc(Cl)ccc12,66.0,1.8195439355418688,CHEMBL1907611,Tumour suppressor p53/oncoprotein Mdm2,3,Large-Nonpolar-Aromatic-Rigid-Hydrophobic,Large-Nonpolar-Aromatic-Rigid-Hydrophobic
13.488297902494333,13.488297902494333,0.0432016880826402,-0.8528858024691357,0.8054407557942668,27.40740740740741,404.34100000000007,381.1570000000001,403.121817716,142,0,0.2498179132831922,-0.3259519203672592,0.3259519203672592,0.2498179132831922,1.2222222222222223,1.962962962962963,2.6666666666666665,35.49678448285981,9.73863158866749,2.6202572950883956,-2.3852004437365766,2.5449348800046887,-2.507646884226587,6.309958310881995,-0.1267754385730951,3.0188629446685433,1.949736814682617,900.745500065837,19.344570503761737,15.376457355441255,16.888315247478168,12.834278220011091,9.212766079946586,9.968695025965044,7.905772093142532,8.7786436540865,5.588182518607276,6.058376724182754,4.773005047290896,5.143835525658839,-1.5899999999999994,1433733.483996708,18.75848483158993,6.7828007647719355,2.865254440251641,169.17895515270325,11.050456081168516,5.538925252383345,0.0,5.907179729351506,0.0,0.0,9.6944469149223,0.0,0.0,0.0,55.24845538523111,35.74682581170483,46.34536408099771,0.0,4.794537184071822,34.7964457845001,0.0,4.899909730850477,11.651573523323576,31.346146527073948,18.40630141583148,63.63673909010791,0.0,0.0,11.050456081168516,5.687386274683562,0.0,23.20187978046503,29.938443101175093,10.333462436455168,5.917906046161393,30.89228342893663,42.46456947923127,10.045266627482652,0.0,0.0,58.36,5.538925252383345,4.794537184071822,0.0,17.866926604660858,22.50792907955662,23.359045663990127,0.0,0.0,42.46456947923127,24.064172734238056,28.935547257627213,0.0,12.45449086755574,15.727361583522296,4.300910546317294,8.47900634430727,0.1593094573220234,13.12075819811991,0.0,5.730385225077685,0.0,0.3809523809523809,27,3,4,0,2,2,1,2,0,2,3,0,3,2,6,2,3,0,1,1,1,0,4.712409824506331,4,4.223500000000002,110.33910000000002,0,0,0,0,0,0,0,0,0,0,1,1,0,0,0,1,1,1,0,0,1,0,0,0,0,0,0,1,0,1,0,0,0,0,2,0,2,0,0,0,0,0,0,0,2,0,0,0,0,0,0,0,0,0,0,0,0,0,0,0,0,0,0,0,0,0,0,0,0,0,0,0,0,0,0,0,0,0,0,0,0,0,0,0,0,CHEMBL4755387,CC(C)CN1C[C@@H](N)[C@H](c2cccc(Cl)c2)[C@]12C(=O)Nc1cc(Cl)ccc12,944.0,2.974971994298069,CHEMBL1907611,Tumour suppressor p53/oncoprotein Mdm2,3,Large-Nonpolar-Aromatic-Rigid-Hydrophobic,Large-Nonpolar-Aromatic-Rigid-Hydrophobic
12.435655387812812,12.435655387812812,0.3423869726132744,-0.3648152399415021,0.4370201621073875,10.310344827586206,428.3190000000002,409.16700000000014,427.085432208,148,0,0.3231890129352451,-0.3219189985666639,0.3231890129352451,0.3219189985666639,0.7931034482758621,1.4482758620689655,2.1379310344827585,35.49683612561882,10.121572943254268,2.0997125704329855,-2.1193376209820207,2.2152032352773157,-2.2005841853985975,6.348978961950793,0.1022051596903484,2.6752215560192183,1.672641967947221,1033.482299422233,20.802754140504845,15.630385269218614,17.142243161255525,13.939892043425118,8.977641217057334,9.73357016307579,6.2828769461136025,7.155748507057573,4.149517971100153,4.585953751572136,2.798107913155613,3.324150393381559,-3.0199999999999987,2972786.449695236,20.7075440795299,9.453815491545438,5.730229227441404,178.58452319388647,15.950365812018994,0.0,0.0,0.0,5.907179729351506,6.031114512338072,4.794537184071822,4.794537184071822,0.0,0.0,54.39108525400209,54.44884259385427,32.67087694323033,0.0,9.589074368143644,52.202332846205294,0.0,0.0,0.0,13.344558822616634,15.950365812018994,87.90220736395437,0.0,0.0,15.950365812018994,21.85669600812251,0.0,23.20187978046503,11.938294241689578,6.4208216229260096,0.0,22.845177367156435,66.73003775307771,10.045266627482652,0.0,0.0,70.23,0.0,9.589074368143644,0.0,11.938294241689578,26.983490668546775,17.671659389306566,12.13273413692322,30.33183534230805,31.18920547353706,15.950365812018994,23.20187978046503,0.0,11.897726511427416,24.776717401129513,9.1317486900071,3.212666134662877,-0.3538197314049582,18.720716716777797,0.8110010226968961,2.025465476925579,0.0,0.0909090909090909,29,3,5,0,0,0,3,3,0,3,0,0,2,3,7,0,5,0,0,0,0,0,6.750527621066199,3,6.452100000000003,119.3186,0,0,0,0,0,0,0,0,0,0,2,2,0,0,0,0,3,0,0,0,0,0,0,0,0,0,0,3,0,3,1,0,0,0,3,0,0,0,0,0,0,0,0,0,2,0,0,0,0,0,0,0,0,0,0,0,0,0,0,0,0,0,0,0,1,0,0,0,0,0,0,0,0,0,0,0,0,0,0,0,0,0,0,0,1,CHEMBL13436,CCc1ccccc1NC(=O)Nc1cccc(NC(=O)c2cc(Cl)cc(Cl)c2)c1,1410.0,3.1492191126553797,CHEMBL2780,Cyclophilin A,0,Large-Nonpolar-Aromatic-Rigid-Hydrophobic,Large-Nonpolar-Aromatic-Rigid-Hydrophobic
14.05366430111139,14.05366430111139,0.3552314814814814,-1.06328058075082,0.3446984747987774,16.484848484848484,499.4190000000001,479.25900000000024,498.05716886,168,0,0.3328262750647623,-0.4672206082806808,0.4672206082806808,0.3328262750647623,1.0303030303030305,1.6363636363636365,2.242424242424242,35.496785686975855,9.975174868991598,2.423620119126282,-2.3568910606040783,2.388791752568738,-2.437711685106452,7.802963468216052,-0.1463277180891041,2.9024890652903568,1.9651360757063117,1181.904365838686,23.697941654890258,17.841689202839007,20.17004367580364,15.794932753282252,10.128182741828796,11.292359978311111,7.682046628631991,8.994744595203404,5.498477159243703,6.327752248075341,3.9181108965281615,4.529689266376952,-2.929999999999999,25092180.50882279,23.235664753975517,9.512567271942874,4.597376188266517,206.80595316324607,14.953561288656855,11.030342930886151,6.041840829147961,0.0,5.907179729351506,5.969305287951848,4.794537184071822,4.794537184071822,0.0,0.0,71.31504005751678,54.44884259385427,10.045266627482652,18.36063530765809,14.325937321943693,57.97212661723683,0.0,4.899909730850477,0.0,19.007418857986547,12.426586145283864,99.02911034734836,0.0,0.0,5.316788604006331,5.687386274683562,0.0,35.41975322351173,28.874694391169555,9.53140013787187,6.923737199690624,39.13202480915572,66.73003775307771,10.045266627482652,0.0,0.0,58.64,18.05298694624777,9.589074368143644,0.0,5.907179729351506,37.41150947899539,5.563451491696996,12.009707272128011,54.59730361615449,19.056471336613843,5.316788604006331,40.156616177311776,5.139050269799277,17.951743373981227,29.033356586461743,4.265920155481844,3.1568510318923684,-0.949176814758824,17.43570046237299,0.0,1.897594234969776,1.291182922021817,0.16,33,1,5,0,1,1,1,3,0,3,2,0,4,1,8,1,4,0,0,0,0,2,6.697903760015275,4,6.152520000000004,133.97119999999993,0,0,0,0,0,0,0,0,0,0,2,2,1,0,0,1,1,0,0,0,0,0,0,0,0,0,0,1,0,1,1,0,0,0,3,0,1,0,0,0,1,1,0,0,2,0,0,0,0,0,0,0,0,0,0,1,0,0,0,0,0,0,0,0,0,0,0,0,0,0,0,0,0,0,0,0,0,0,0,0,0,0,0,0,0,CHEMBL2089207,COC(=O)C(c1ccc(Cl)cc1)N1C(=O)c2cc(C)ccc2NC(=S)C1c1ccc(Cl)cc1,25500.0,4.4065401804339555,CHEMBL614894,SAOS-2,3,Large-Nonpolar-Aromatic-Rigid-Hydrophobic,Large-Nonpolar-Aromatic-Rigid-Hydrophobic
13.394902805772514,13.394902805772514,0.1998895345175109,-3.830608819916855,0.6790877182195109,24.517241379310345,456.3910000000002,433.20700000000016,455.0724845759999,156,0,0.3042164544053248,-0.4811977730158987,0.4811977730158987,0.3042164544053248,1.103448275862069,1.7586206896551724,2.310344827586207,35.496785490616425,9.821936867046716,2.4884256214633425,-2.4578491218202645,2.4797795851266473,-2.516736928781683,7.893967817571695,-0.1366981861645358,2.624755528557811,2.1972185047463757,991.99561581917,21.344570503761737,16.12576609152243,18.454120564487067,13.607098036560403,9.360119788028276,11.61926829317454,7.582070253120505,10.573189352712497,5.2868096934742335,8.21193315364418,4.134752284544861,6.780381630460341,-1.5999999999999996,1991171.041030298,22.093461057892544,8.639834429023617,4.608481891536874,180.8500430702228,5.106527394840706,0.0,0.0,10.023291153407584,0.0,5.969305287951848,4.794537184071822,8.417796984328938,4.305215991296233,0.0,47.46734805431147,55.66066727954768,22.005013502792007,17.712600482056146,18.318861563241462,39.19447622182446,0.0,4.305215991296233,0.0,49.94064337967277,0.0,69.70310615856953,0.0,0.0,0.0,0.0,0.0,23.20187978046503,35.09062451754786,14.817828337479405,0.0,49.77576750393662,48.53093654769288,10.045266627482652,0.0,0.0,74.68,33.70519692341558,18.318861563241462,0.0,18.380568498235363,10.045266627482652,11.126902983393991,4.305215991296233,32.046575604766076,30.33183534230805,0.0,23.20187978046503,28.24706373701744,12.256460326729234,11.399377798461492,9.427911593632794,1.6933465608465617,-1.3729456968908025,13.611199994437202,-0.2346770544637606,3.608427115702248,-3.830608819916855,0.3809523809523809,29,1,5,0,1,1,0,2,0,2,3,0,3,1,8,1,5,0,1,1,0,0,6.582201569112847,3,5.1055000000000055,114.93860000000006,1,0,0,0,0,0,0,0,1,1,1,0,0,0,0,1,0,0,0,0,0,0,0,0,0,0,0,0,0,0,0,0,0,0,2,0,0,0,0,0,0,0,0,0,2,0,0,0,0,0,0,0,0,0,0,0,0,0,0,0,0,0,0,0,0,0,0,0,0,0,0,0,0,0,0,0,1,0,0,0,0,0,0,0,0,CHEMBL4111242,CC(C)N1[C@H](c2ccc(Cl)cc2)[C@@H](c2cccc(Cl)c2)C[C@H](CC(=O)O)S1(=O)=O,710.0,2.8512583487190755,CHEMBL1907611,Tumour suppressor p53/oncoprotein Mdm2,3,Large-Nonpolar-Aromatic-Rigid-Hydrophobic,Large-Nonpolar-Aromatic-Rigid-Hydrophobic
14.366186688297226,14.366186688297226,0.0181217543601805,-0.4294432371714118,0.2550821463155929,14.575,576.5240000000001,545.2760000000003,575.1742472120001,206,0,0.2606318174133078,-0.4960543242594059,0.4960543242594059,0.2606318174133078,0.925,1.625,2.275,35.496785840418134,9.971749352589525,2.440544427143569,-2.308983849929976,2.4851199056522857,-2.3070093985799875,6.309604048969422,0.0960798781510176,3.442816207211507,1.82667622287536,1657.5965367601882,28.877586219651835,23.30330423868547,24.81516213072238,19.064988363311908,13.082912861559384,13.838841807577838,10.295840599586189,11.16871216053016,7.4807267509008915,7.950920956476369,5.639828212389438,6.0328292639426015,-3.7399999999999984,885264593.088325,27.812810359094108,10.676743088190426,4.550623649648584,244.0182253729047,14.620751205597736,11.791352662431866,0.0,0.0,11.814359458703011,0.0,14.48898409899412,0.0,0.0,0.0,35.33461391738825,92.91623982154636,39.94906869738536,24.061105022671452,14.325937321943693,40.703625513851605,0.0,9.883888251797686,0.0,39.77863045705841,19.0573792548052,104.2201227654322,0.0,17.00689131982936,14.953561288656855,5.687386274683562,5.749511833283905,23.20187978046503,30.53892863044909,0.0,13.847474399381248,69.03141587915425,60.6636706846161,10.045266627482652,11.257379486545457,0.0,63.57,6.041840829147961,9.589074368143644,0.0,17.85620028785097,26.92168144416055,39.329048231168464,0.0,26.290203660877943,67.27832067792461,23.731362651178937,27.938742734265084,7.901786495998255,12.79320880698244,28.729629061580766,3.871743627721608,7.12931632098025,0.2862740123627856,18.156240912483245,0.0,8.154475601937978,3.1995473821748934,0.25,40,1,6,0,1,1,2,3,1,4,1,0,4,1,8,2,6,0,0,0,0,1,7.423755769115227,5,7.777640000000007,161.22569999999962,0,0,0,0,0,1,0,0,0,0,2,2,0,0,0,2,1,0,0,0,0,0,0,0,0,0,0,2,0,1,2,0,0,0,3,0,1,0,0,0,0,1,0,0,2,0,0,0,0,0,0,0,0,0,0,1,0,0,0,0,0,0,0,0,0,0,0,0,0,0,0,0,0,0,0,0,0,0,0,0,0,0,0,0,0,CHEMBL3961529,CNC(=O)c1ccc(OC)c(-c2cc3c(n2C(C)C)C(c2ccc(Cl)cc2C)N(c2cc(Cl)ccc2C)C3=O)c1,0.184,-0.7351821769904635,CHEMBL1907611,Tumour suppressor p53/oncoprotein Mdm2,3,Large-Nonpolar-Aromatic-Rigid-Hydrophobic,Large-Nonpolar-Aromatic-Rigid-Hydrophobic
6.669393424036281,6.669393424036281,0.1736424739648949,-0.3100265731292524,0.3395777199793344,18.636363636363637,495.3800000000001,476.2280000000001,494.0742233280002,160,0,0.2285036246829896,-0.4804418215342978,0.4804418215342978,0.2285036246829896,0.9696969696969696,1.696969696969697,2.4545454545454546,79.91873132744286,9.838201026097051,2.4246000768788245,-2.418199754214727,2.518187516086027,-2.365528062798328,9.103000006861832,0.2216661851782783,3.3459764612142444,1.63987676242834,1430.235229159429,22.52636877963644,17.81267145250694,19.398667991621643,16.152198343190417,10.608506450128948,11.401504719686296,8.082058735876497,8.997734264668184,6.237474776805436,6.766140289843672,4.748005290760279,5.012338047279395,-3.819999999999999,78344566.6096886,19.83458637899859,7.645955112187212,3.0806990763688495,200.02304853434083,9.636772684650529,24.222639124944713,0.0,5.948339280986494,0.0,0.0,0.0,4.681802935145184,10.082660329248244,6.423349895620259,58.24858062757465,47.52510539416365,28.220399011972862,5.697039313055833,4.736862953800049,27.57532249199168,0.0,14.764463264393427,0.0,12.145807216896262,11.947581713527669,111.42335490899356,0.0,18.093296047759807,9.636772684650529,5.948339280986494,5.749511833283905,15.929943897949348,21.812135247070614,0.0,12.343784214475903,34.399613183684245,89.16954894220557,0.0,5.697039313055833,0.0,43.18,0.0,0.0,0.0,12.145807216896262,0.0,49.6945204400159,0.0,6.3273200747645415,54.19404439705364,67.16478361921176,11.160212849420308,9.670490810859436,3.559815237369489,6.6998164402736915,4.625835370796365,6.241606526098094,4.333288291021513,24.35129839438326,6.898554809550497,0.0,2.0359607863143214,0.1111111111111111,33,0,5,0,2,2,0,3,1,4,2,0,5,0,6,3,2,0,0,0,0,2,4.595586579473428,6,5.606100000000005,131.814,0,0,0,0,0,3,0,0,0,0,0,0,0,0,0,4,0,0,0,0,0,0,0,0,0,0,0,0,0,1,0,0,0,0,3,0,3,0,0,0,0,1,0,0,1,0,0,0,0,0,0,0,0,0,0,0,0,0,0,0,0,0,0,0,1,0,0,0,0,0,0,0,0,0,0,0,0,0,1,0,0,0,0,0,0,CHEMBL584501,C#Cc1ccc(C2Oc3ccccc3C3=C2C(c2ccc(Br)cc2)n2ncnc2N3C)cc1,2470.0,3.392696953259666,CHEMBL1907611,Tumour suppressor p53/oncoprotein Mdm2,0,Large-Nonpolar-Aromatic-Rigid-Hydrophobic,Large-Nonpolar-Aromatic-Rigid-Hydrophobic
13.165073258727356,13.165073258727356,0.0286883415917811,-0.5494182693653598,0.5219034509669267,21.96551724137931,426.3430000000001,405.1750000000002,425.094934272,148,0,0.2519411084765256,-0.3575797879125704,0.3575797879125704,0.2519411084765256,0.8275862068965517,1.3793103448275863,1.9655172413793105,35.496784667484356,9.90941871579524,2.4173991860616866,-2.428857337562358,2.4166565931030957,-2.491814008201616,6.303873035424824,-0.1707050292408268,2.73564058375849,1.7070968940983946,974.0272026717404,20.38010440969447,15.964350210666703,17.476208102703612,14.024877143252588,9.497090852818996,10.253019798837451,7.232130528360587,8.105002089304557,5.311950567802845,5.8159031984818155,3.812164437561591,4.064140752901076,-2.3299999999999987,4687968.785325909,19.96363681316865,8.580624201109789,4.324366374650243,180.3708465179928,9.636772684650529,12.207932775496603,0.0,0.0,5.907179729351506,0.0,4.794537184071822,0.0,0.0,0.0,77.79918339661953,40.95582274893743,23.513760233085858,6.041840829147961,9.53140013787187,29.10905950981654,0.0,4.899909730850477,0.0,24.670595227570576,7.04767198267719,105.5983929925746,0.0,0.0,0.0,0.0,0.0,23.20187978046503,23.95872783062747,15.95222176079788,0.0,28.83616169198725,78.86277189000094,10.045266627482652,0.0,0.0,29.540000000000003,6.103966387748303,4.794537184071822,0.0,18.05298694624777,16.466088250408664,16.690354475090988,0.0,4.899909730850477,85.91044387267814,0.0,27.938742734265084,6.428969907407408,12.1626694456499,14.95636152403348,1.3215957071250746,3.0223813341273664,-0.0286883415917811,24.855761060478745,-0.3351606285518336,0.0,1.8383322135438536,0.2083333333333333,29,0,3,0,1,1,1,3,0,3,3,0,2,0,5,1,4,0,1,1,0,0,5.906912592456594,4,5.875700000000005,116.175,0,0,0,0,0,0,0,0,0,0,1,1,0,0,0,1,0,0,0,1,0,0,0,0,0,0,0,1,0,0,0,0,0,0,3,0,0,0,0,0,0,1,0,0,2,0,0,0,0,0,0,0,0,0,0,0,1,0,0,0,0,0,0,0,0,0,0,0,0,0,0,0,0,0,0,0,0,0,0,0,0,0,0,0,0,CHEMBL2347401,CN1C(=O)[C@H](Cc2ccccc2)O[C@@H](c2ccc(Cl)cc2)[C@H]1c1ccc(Cl)cc1,1800.0,3.255272505103306,CHEMBL5023,p53-binding protein Mdm-2,3,Large-Nonpolar-Aromatic-Rigid-Hydrophobic,Large-Nonpolar-Aromatic-Rigid-Hydrophobic
14.141066546989164,14.141066546989164,0.0,-4.815522175055218,0.2848311577028214,19.09090909090909,640.024,611.8000000000001,639.1723387559999,234,0,0.4167980742778372,-0.475544030524569,0.475544030524569,0.4167980742778372,0.8636363636363636,1.568181818181818,2.1818181818181817,35.45300217603438,9.886177367937806,2.488979746060331,-2.440352960766464,2.3641119413731344,-2.622128446669652,5.9651659508261,-0.1519739069278075,3.001651521461788,4.417988383355059e-06,1512.5284147624104,30.82985187800029,23.197721754181657,24.01421833510938,20.371777137568124,13.579230445947372,13.579230445947372,10.46432424935511,10.46432424935511,7.624562220444693,7.624562220444693,5.472914786488167,5.472914786488167,-4.059999999999999,2991437645.7438307,32.845499794017236,12.89118125143684,7.00971579448651,255.27572621498928,14.536682415501003,5.749511833283905,0.0,5.601050810983688,11.814359458703011,12.35259703488695,14.57305288909085,0.0,26.34249028604892,12.407033161179976,36.407855449141934,60.73085623285233,32.02795636096388,23.235110881003564,40.66842760799261,29.794497149952253,0.0,14.783797982648164,0.0,37.216112714648666,26.1790256236503,101.38718390146414,0.0,5.749511833283905,4.736862953800049,26.34249028604892,5.749511833283905,12.407033161179976,58.37823387598515,17.147134218958772,0.0,46.31080801963783,79.13337793467615,0.0,5.5731045300692665,0.0,62.74000000000001,53.00311818557721,35.93156465419256,0.0,44.08770105214105,19.031945097300195,52.69562116968933,4.899909730850477,0.0,36.407855449141934,4.983978520947208,4.736862953800049,86.68423004186407,0.0,33.92385426599274,0.0,-2.427256622489008,-1.5145854147599624,14.133654369007273,-4.897648217706174,0.1810849114244161,0.0,0.3225806451612903,44,0,6,0,2,2,2,2,1,3,1,0,4,0,13,3,5,0,1,1,0,1,9.623120253152443,5,6.910700000000006,152.0434999999997,0,0,0,0,0,1,0,0,0,0,2,2,0,0,0,3,0,0,0,0,1,0,0,0,0,6,0,2,0,0,0,0,0,0,2,0,0,0,0,0,0,1,0,0,7,0,0,0,0,0,0,0,0,0,0,0,0,0,0,0,0,0,0,0,0,0,0,0,0,1,0,0,0,1,0,0,0,0,0,0,0,0,0,0,0,CHEMBL3112797,Cl.O=C(c1cnccc1C(F)(F)F)N1CCCC(Oc2ccc(C(F)(F)F)cc2)(C(=O)N2CC=C(c3ccccc3)CC2)C1,1400.0,3.146128035678238,CHEMBL1907611,Tumour suppressor p53/oncoprotein Mdm2,4,Large-Nonpolar-Aromatic-Rigid-Hydrophobic,Large-Nonpolar-Aromatic-Rigid-Hydrophobic
4.740042303575853,4.740042303575853,0.7079377676996725,0.7079377676996725,0.3674881656057349,11.387096774193548,400.48500000000007,380.3250000000001,400.16879664,148,0,0.234784182939823,-0.3575362536825984,0.3575362536825984,0.234784182939823,0.7096774193548387,1.3870967741935485,2.161290322580645,15.100491613688854,9.949961802941235,2.218541302932676,-2.112144598543891,2.4213767072379424,-1.95720619264982,5.955488047069917,1.1336679248521877,3.377325767728951,1.738585293557156,1525.9979229053513,20.78588180363029,17.07924509353389,17.07924509353389,15.309663088089318,10.370565618410724,10.370565618410724,7.67305645904008,7.67305645904008,5.774968510566512,5.774968510566512,4.44157173452281,4.44157173452281,-4.179999999999999,36715259.66286127,17.65919485825556,6.9556968948627755,2.7627297416337973,179.41590916194056,4.983978520947208,0.0,0.0,5.777653723919194,0.0,0.0,4.400694606261793,9.967957041894415,0.0,0.0,72.79640482153933,36.249741388469445,23.017674549855528,22.421257424929443,0.0,16.811055159151717,0.0,19.352630169103417,0.0,6.923737199690624,0.0,102.88627759338571,0.0,33.6416619564849,0.0,0.0,0.0,0.0,19.352630169103417,0.0,6.923737199690624,5.693927994848461,97.19234959853723,0.0,50.45271711563662,0.0,45.98,0.0,0.0,0.0,0.0,5.777653723919194,33.678636911474904,16.690354475090988,0.0,30.462311845459514,88.02242660092455,4.983978520947208,2.1594444444444445,0.0,12.960648508638227,0.0,10.007940463349918,0.7079377676996725,31.345035996517776,1.8471730914588056,2.138486394557823,0.0,0.037037037037037,31,1,4,0,0,0,0,3,3,6,0,0,3,1,4,3,3,0,0,0,0,0,3.9623228013337064,6,6.520020000000005,125.8887,0,0,0,0,0,4,1,0,0,0,0,0,0,0,0,3,1,0,0,0,0,1,0,0,0,0,0,0,0,0,1,0,0,0,3,0,3,0,0,0,0,0,0,0,0,0,0,1,0,0,0,0,0,0,0,0,0,0,0,0,0,0,0,0,2,0,0,0,0,0,0,0,0,0,0,0,0,0,0,0,0,0,0,0,0,CHEMBL3286447,Cc1[nH]c(-c2ccccc2)c(-c2ccccc2)c1-c1ccnc2nc3ccccc3n12,360.0,2.5563025007672873,CHEMBL5023,p53-binding protein Mdm-2,0,Large-Nonpolar-Aromatic-Rigid-Hydrophobic,Large-Nonpolar-Aromatic-Rigid-Hydrophobic
6.672103883219954,6.672103883219954,0.1446269132653064,-0.2625492488662138,0.2905119210548603,19.15625,550.254,532.1100000000001,547.9847353960001,158,0,0.2285036246829896,-0.4804418227307989,0.4804418227307989,0.2285036246829896,0.84375,1.5,2.21875,79.91976191765096,9.839947944409388,2.42451168218066,-2.418184077602099,2.5187405977894164,-2.3654602701362393,9.104489227467091,0.2216544867498724,3.301698647821049,1.6542175822825045,1345.1367688585085,21.819261998449893,17.11328565632654,20.285278734555945,15.614193540729632,10.258813552038744,11.844810091153448,7.867263924220272,9.698614981803647,6.030129601141849,7.087460627218317,4.631440991396879,5.160106504435114,-2.8999999999999995,45295660.37279759,19.760451836499513,7.602728032979544,3.026552681236998,202.16148651932969,9.636772684650529,24.222639124944713,0.0,5.948339280986494,0.0,0.0,0.0,4.681802935145184,10.082660329248244,0.0,68.25809020666836,47.52510539416365,27.129667036108277,5.697039313055833,4.736862953800049,43.50526638994103,0.0,14.764463264393427,0.0,12.145807216896262,11.947581713527669,110.33262293312896,0.0,5.749511833283905,9.636772684650529,5.948339280986494,5.749511833283905,31.859887795898697,21.812135247070614,0.0,0.0,28.83616169198725,93.64226845803798,0.0,5.697039313055833,0.0,43.18,0.0,0.0,0.0,12.145807216896262,0.0,48.603788464151314,0.0,6.3273200747645415,23.86220905474559,107.50612854061352,4.736862953800049,10.739636314529893,7.12205149123597,6.721608349262571,4.631599833606282,5.552480184975226,1.6772852891156464,24.812006001812776,1.3600094901941486,0.0,2.049989711934156,0.12,32,0,5,0,2,2,0,3,1,4,2,0,5,0,7,3,2,0,0,0,0,2,4.69479191005303,6,6.387300000000004,131.57899999999995,0,0,0,0,0,3,0,0,0,0,0,0,0,0,0,4,0,0,0,0,0,0,0,0,0,0,0,0,0,1,0,0,0,0,3,0,3,0,0,0,0,1,0,0,2,0,0,0,0,0,0,0,0,0,0,0,0,0,0,0,0,0,0,0,1,0,0,0,0,0,0,0,0,0,0,0,0,0,0,0,0,0,0,0,0,CHEMBL568530,CN1C2=C(C(c3ccc(Br)cc3)Oc3ccccc32)C(c2ccc(Br)cc2)n2ncnc21,1170.0,3.0681858617461617,CHEMBL1907611,Tumour suppressor p53/oncoprotein Mdm2,3,Large-Nonpolar-Aromatic-Rigid-Hydrophobic,Large-Nonpolar-Aromatic-Rigid-Hydrophobic
14.040408000589276,14.040408000589276,0.0368157040934953,-0.6810143665924688,0.4297193116405716,24.789473684210527,572.5620000000001,541.3140000000002,571.157551592,200,0,0.2627249668142858,-0.3470318996443448,0.3470318996443448,0.2627249668142858,1.131578947368421,1.8421052631578947,2.4473684210526314,35.49678901363539,9.814823060705278,2.536898268515487,-2.3674409414110698,2.559489176991934,-2.4555956498349385,8.177771439891552,-0.1395691412240838,3.5652697323464784,1.6063138628006053,1325.759231316582,27.3526421932695,22.11156483036574,24.439919303330377,18.02360025599679,12.733335573831104,14.305761100777286,10.595952940409326,12.397158269428914,7.488329851805233,9.022324753716449,5.647501255066408,7.248421207466544,-2.5499999999999994,359280616.4429651,27.033400399343964,10.207930299826344,4.5022525205625055,237.4325749341642,14.69972919255143,21.639012412314145,5.1676517695780495,5.907179729351506,5.907179729351506,0.0,9.589074368143644,9.976383253582876,0.0,0.0,55.24845538523111,61.20772413817698,43.120068061374184,6.041840829147961,9.589074368143644,51.94577595813721,0.0,19.68370771349864,10.91031077879706,51.235461755603154,20.640100371266954,74.49986792335673,0.0,0.0,0.0,0.0,0.0,34.963764729856145,63.347660142194606,15.127999620526989,5.917906046161393,50.781598657465835,58.18962654196428,10.175743130634118,0.0,0.0,69.11,11.580766081531303,9.589074368143644,0.0,23.77410633401237,28.04645767336275,28.41241568895388,11.761884949391115,36.15837406713002,30.33183534230805,30.65509985086956,28.194284513100698,0.0,13.766953227160435,42.6476361501604,1.840567589020318,2.1974139696137964,-0.0937924331502506,10.8633692723177,3.260627116417483,6.849687961714356,3.473092702301306,0.4285714285714285,38,0,7,0,3,3,2,1,1,2,3,0,6,0,10,4,5,0,1,1,0,0,7.261975448521075,5,5.710100000000007,152.94999999999965,0,0,0,0,0,1,0,0,0,0,2,2,0,0,1,5,0,0,0,1,1,0,0,0,0,0,1,2,1,0,0,0,0,0,1,0,1,0,0,0,0,0,0,0,2,0,0,0,0,0,0,0,0,0,0,0,0,0,0,0,0,0,0,0,0,0,0,0,0,0,0,0,0,1,0,1,0,0,0,0,0,0,0,0,0,CHEMBL3217786,CC(C)C1=C(C(=O)N2CCC[C@H]2C(=O)N(C)C)SC2=N[C@@](C)(c3ccc(Cl)nc3)[C@@H](c3ccc(Cl)cc3)N21,14.0,1.146128035678238,CHEMBL1907611,Tumour suppressor p53/oncoprotein Mdm2,3,Large-Nonpolar-Aromatic-Rigid-Hydrophobic,Large-Nonpolar-Aromatic-Rigid-Hydrophobic
13.716662065031771,13.716662065031771,0.1651673122952885,-3.9301458569538927,0.6267780610491286,26.6,470.41800000000023,445.2180000000002,469.0881346399999,162,0,0.3044949062416214,-0.4811900862856167,0.4811900862856167,0.3044949062416214,1.1333333333333333,1.7666666666666666,2.3,35.49678559592532,9.78933874633849,2.556128105038889,-2.498845483026328,2.5208913798427988,-2.5722588906124177,7.9017803797988675,-0.1374126655738984,2.6306098457581295,2.25931473454299,1039.3579906890825,22.26722023457211,17.048415822332803,19.376770295297437,13.959033102224412,9.719151873123511,11.915144147942604,8.311136695622144,11.541376517231702,5.72978408497627,8.977218764366356,4.4220439753972896,7.074507340888149,-1.5999999999999996,2720019.013195757,23.071312326869805,8.499663515462265,4.237335429748529,187.21498518461945,5.106527394840706,0.0,0.0,10.023291153407584,0.0,5.969305287951848,4.794537184071822,8.417796984328938,4.305215991296233,0.0,47.46734805431147,62.5844044792383,22.005013502792007,17.209684905291528,18.318861563241462,39.19447622182446,0.0,4.305215991296233,0.0,56.36146500259878,0.0,69.70310615856953,0.0,0.0,0.0,0.0,0.0,23.20187978046503,34.587708940783244,14.817828337479405,0.0,56.69950470362724,48.53093654769288,10.045266627482652,0.0,0.0,74.68,33.20228134665096,18.318861563241462,0.0,18.380568498235363,10.045266627482652,11.126902983393991,11.228953190986855,18.19910120538483,44.179309741689295,0.0,23.20187978046503,27.454417941302033,12.313287035807928,11.604586131794823,10.590511617953222,1.6792956349206358,-1.416927178372284,13.586996479697977,-0.3041214989082053,5.144321914979984,-3.9301458569538927,0.4090909090909091,30,1,5,0,1,1,0,2,0,2,3,0,3,1,8,1,5,0,1,1,0,0,6.53661305461767,3,5.495600000000006,119.55560000000008,1,0,0,0,0,0,0,0,1,1,1,0,0,0,0,1,0,0,0,0,0,0,0,0,0,0,0,0,0,0,0,0,0,0,2,0,0,0,0,0,0,0,0,0,2,0,0,0,0,0,0,0,0,0,0,0,0,0,0,0,0,0,0,0,0,0,0,0,0,0,0,0,0,0,0,0,1,0,0,0,0,0,0,0,0,CHEMBL4113101,CC(C)N1[C@H](c2ccc(Cl)cc2)[C@@H](c2cccc(Cl)c2)C[C@@](C)(CC(=O)O)S1(=O)=O,560.0,2.7481880270062,CHEMBL1907611,Tumour suppressor p53/oncoprotein Mdm2,3,Large-Nonpolar-Aromatic-Rigid-Hydrophobic,Large-Nonpolar-Aromatic-Rigid-Hydrophobic
14.049615439797318,14.049615439797318,0.095938715128969,-0.4004037016040991,0.4110328335104865,17.055555555555557,500.9860000000003,475.7860000000003,500.16151834,182,0,0.2606725353814827,-0.3385398298244473,0.3385398298244473,0.2606725353814827,0.9166666666666666,1.6388888888888888,2.2777777777777777,35.49569219164959,10.027515802622752,2.450257650329967,-2.283289364591306,2.495261634263259,-2.3142086916786044,6.301309823853061,0.0993199012790814,3.552961442384004,1.6073626395686675,1631.5342297697996,25.30023595046221,20.233980519049258,20.98990946506771,17.240091198415858,11.928166673943954,12.30613114695318,9.72084512304676,10.157280903518746,7.166494718999508,7.418471034338993,5.221886230681965,5.347874388351708,-3.8399999999999994,226934639.55318496,22.61307001637234,8.098485198000771,3.4545779439948494,212.33659738571308,13.701298943374065,6.041840829147961,0.0,0.0,17.025713519455522,0.0,19.28352128306594,0.0,0.0,0.0,23.733674027155736,55.66066727954768,60.44070329817387,16.944765761229018,4.794537184071822,23.195505894267583,0.0,13.701298943374065,14.09534396535438,31.84906210383857,4.899909730850477,109.03914763284747,0.0,11.257379486545457,16.01844352095449,5.687386274683562,0.0,11.600939890232516,19.60847867272557,14.09534396535438,6.923737199690624,52.104144558159206,70.51369805906268,5.022633313741326,11.257379486545457,0.0,69.24000000000001,6.041840829147961,14.383611552215466,0.0,23.06755434860348,21.83692257181888,35.35640221894293,9.13419929558271,50.445412176044854,36.39820241076966,4.567099647791355,11.600939890232516,5.294725190226147,6.2076768891903065,40.64681438956252,0.6168466401046324,5.160891657004897,-0.1319605589149239,14.643633058059464,5.495303132787431,1.759142990832135,3.4180377222585014,0.25,36,0,7,1,1,2,1,1,3,4,1,0,6,0,8,4,4,1,0,1,0,1,5.086989244692957,6,4.599020000000004,139.90449999999987,0,0,0,0,0,3,0,0,0,0,1,1,0,0,0,4,0,0,0,0,0,0,0,0,0,0,0,1,0,1,3,0,0,0,1,0,1,0,0,0,0,0,0,0,1,0,0,0,0,0,0,0,0,0,0,0,0,0,0,0,0,0,0,0,0,0,0,0,0,0,0,0,0,2,0,0,0,0,0,0,0,0,0,0,0,CHEMBL3900710,Cc1cc(N2C(=O)c3cc(-c4ccn(C)c(=O)c4)n(C4CC4)c3C2c2ccc(Cl)cc2)cn(C)c1=O,2044.3,3.310544628636955,CHEMBL1907611,Tumour suppressor p53/oncoprotein Mdm2,3,Large-Nonpolar-Aromatic-Rigid-Hydrophobic,Large-Nonpolar-Aromatic-Rigid-Hydrophobic
13.054515288625735,13.054515288625735,0.1935474537037036,-1.5363699137062232,0.6409391161424349,18.884615384615383,428.7130000000001,413.5930000000002,426.9974685,130,0,0.2569164272865334,-0.3629560743662442,0.3629560743662442,0.2569164272865334,0.9615384615384616,1.6153846153846154,2.3076923076923075,79.91873122535793,9.934117345224012,2.49049694872886,-2.346731102649691,2.4277690069675164,-2.4371675696592443,9.10299725506774,-0.0542434553716508,2.870838959480486,1.8400224214517924,972.0610673783724,18.311190308942127,13.693914438944294,16.035839924077454,12.497055696919675,8.14277484738267,9.31373758994925,6.24245419532206,7.594565504585735,4.669528415865345,5.450170244243067,3.3635908182681065,3.753911732456967,-2.1399999999999992,1126792.808240253,17.28267148430764,6.5430436367008,2.74560622145836,164.5209900762518,5.106527394840706,0.0,5.724985593970254,0.0,5.907179729351506,0.0,9.6944469149223,0.0,0.0,0.0,69.99545326741314,35.89528683400505,32.730463710577304,0.0,9.901064578912528,33.43806351753337,0.0,4.899909730850477,0.0,12.269741999882829,0.0,104.54556361790108,0.0,0.0,0.0,0.0,0.0,27.530883788181864,15.91361685504269,12.269741999882829,0.0,27.048343150859804,77.26912433737175,5.022633313741326,0.0,0.0,40.54,5.724985593970254,9.901064578912528,0.0,5.907179729351506,28.25774419474489,10.03617100752941,4.899909730850477,36.39820241076966,36.39820241076966,15.929943897949348,11.600939890232516,0.963192187368775,9.42376131426238,14.55862526595,12.282671957671958,1.1076598411998555,-0.1935474537037036,21.843827599646808,0.0,0.2915870653817081,0.0,0.0952380952380952,26,1,3,0,1,1,1,3,0,3,1,0,2,1,5,1,3,0,0,0,0,1,4.349279756945749,4,4.951900000000002,104.9083,0,1,0,0,0,0,0,0,0,0,1,1,0,0,0,1,0,0,0,0,0,0,0,0,0,0,0,1,0,0,0,0,0,0,3,0,1,0,0,0,0,0,0,0,2,0,0,0,0,0,0,0,0,0,0,0,0,0,0,0,0,0,0,0,0,0,0,0,0,0,0,0,0,0,0,0,0,0,0,0,0,0,0,0,0,CHEMBL1688140,O=C1c2ccccc2C(O)(c2ccc(Cl)cc2)N1Cc1ccc(Br)cc1,4500.0,3.653212513775343,CHEMBL5023,p53-binding protein Mdm-2,0,Large-Nonpolar-Aromatic-Rigid-Hydrophobic,Large-Nonpolar-Aromatic-Rigid-Hydrophobic
14.102624996500657,14.102624996500657,0.3289630749419112,-1.060719639707736,0.3341418583370172,16.38235294117647,533.8640000000001,514.7120000000002,532.018196508,174,0,0.3328260399488694,-0.4672206096103971,0.4672206096103971,0.3328260399488694,0.9705882352941176,1.5588235294117647,2.1470588235294117,35.497879221583446,9.979114924550773,2.422960342988549,-2.361994969371292,2.4186474915665364,-2.4328734889257873,8.130162425309392,-0.1463256125450762,2.9476349130005715,2.0065286862212424,1263.4024315332686,24.4050484360768,18.166867271348192,21.25115069033128,16.332937555743037,10.172626864297229,12.5312651547165,7.459393968114177,9.59522604622456,5.450665607237164,6.922539265388673,3.872124506526431,4.952985482592123,-2.509999999999999,42845311.90630085,24.609405400366068,10.40150609940586,4.817310613195223,216.2190094705402,9.636772684650529,11.085557815739442,6.041840829147961,0.0,5.907179729351506,5.969305287951848,4.794537184071822,9.786941916707493,0.0,11.761884949391115,59.06828794454399,59.847241646136666,15.067899941223978,18.36063530765809,14.325937321943693,69.17229289866707,0.0,4.899909730850477,4.992404732635668,12.08368165829592,13.365566724788938,98.4882921693927,0.0,0.0,0.0,5.687386274683562,0.0,46.56470462008866,35.18567845953425,9.53140013787187,0.0,33.56857331745873,71.72244248571339,15.067899941223978,0.0,0.0,58.97,18.05298694624777,9.589074368143644,0.0,5.907179729351506,36.92590618589301,5.563451491696996,23.77159222151913,54.59730361615449,18.388503320434623,0.0,44.53208735713327,5.1639759175275035,19.83267927722563,33.61961479241902,2.1244069251344397,2.062375335936845,-0.9747507068671064,17.007487118372158,1.87042417716585,0.0,1.293787163085654,0.16,34,0,5,0,1,1,1,3,0,3,2,0,5,0,9,1,4,0,0,0,0,2,7.528672952195858,4,7.1512000000000056,138.63349999999986,0,0,0,0,0,0,0,0,0,0,2,2,0,0,1,2,0,0,0,0,0,0,0,0,0,0,0,1,0,0,0,0,0,0,3,0,1,0,0,0,1,1,0,0,3,0,0,0,0,0,0,0,0,0,0,1,0,0,0,0,0,0,0,0,0,0,0,0,0,0,0,0,0,0,0,1,0,0,0,0,0,0,0,0,0,CHEMBL2089321,COC(=O)C(c1ccc(Cl)cc1)N1C(=O)c2ccc(Cl)cc2N=C(SC)C1c1ccc(Cl)cc1,67600.0,4.8299466959416355,CHEMBL615023,U2OS,3,Large-Nonpolar-Aromatic-Rigid-Hydrophobic,Large-Nonpolar-Aromatic-Rigid-Hydrophobic
13.27370014379134,13.27370014379134,0.0827727518476528,-0.638142229885782,0.3981694215924762,21.666666666666668,533.2350000000001,513.0750000000002,530.9844813,154,0,0.2519411085782081,-0.3575797913077864,0.3575797913077864,0.2519411085782081,0.8666666666666667,1.4,1.9666666666666663,79.91976185666508,9.909594293580858,2.4176447823106497,-2.4289607334197836,2.417220486286527,-2.4918713482902803,9.1044865087125,-0.170707414241243,2.742979301455709,1.6933913897776638,1018.5813952983068,21.250347897697548,16.264964414486304,19.436957492715713,14.41872399336994,9.596756691846569,11.182753230961271,7.372998149406952,9.20434920699033,5.382383169917032,6.4397141959935045,3.818560276259516,4.34722578929775,-2.0199999999999987,6681634.252333167,21.221143101965865,9.00080466176262,4.506206523659492,191.66494467843836,9.636772684650529,18.025153616542497,0.0,0.0,5.907179729351506,0.0,4.794537184071822,4.39041504767482,0.0,0.0,68.25809020666836,53.08855688586065,22.413932637268022,6.041840829147961,13.921815185546691,37.767067525250205,0.0,4.899909730850477,0.0,24.670595227570576,7.04767198267719,104.24941916934104,0.0,0.0,0.0,4.39041504767482,0.0,31.859887795898697,23.95872783062747,15.95222176079788,5.817220841045894,28.83616169198725,81.74184385320416,0.0,0.0,0.0,29.540000000000003,6.103966387748303,9.184952231746642,0.0,23.870207787293666,6.4208216229260096,25.635793506755817,12.13273413692322,17.032643867773697,55.57860853037007,31.859887795898697,4.736862953800049,21.64735330923745,6.952069397413168,14.959818528491644,0.0,2.8579385370488373,-0.3792555799863248,21.880425465559572,-0.5722016329680033,0.0,1.8205186418703283,0.2083333333333333,30,0,3,0,1,1,1,3,0,3,3,0,2,0,6,1,4,0,1,1,0,0,6.366912125336867,4,6.233000000000004,121.51300000000003,0,0,0,0,0,0,0,0,0,0,1,1,0,0,0,1,0,0,0,1,0,0,0,0,0,0,0,1,0,0,0,0,0,0,3,0,0,0,0,0,0,1,0,0,3,0,0,0,0,0,0,0,0,0,0,0,1,0,0,0,0,0,0,0,0,0,0,0,0,0,0,0,0,0,0,0,0,0,0,0,0,0,0,0,0,CHEMBL2347380,CN1C(=O)[C@H](Cc2ccc(F)cc2)O[C@@H](c2ccc(Br)cc2)[C@H]1c1ccc(Br)cc1,1800.0,3.255272505103306,CHEMBL5023,p53-binding protein Mdm-2,3,Large-Nonpolar-Aromatic-Rigid-Hydrophobic,Large-Nonpolar-Aromatic-Rigid-Hydrophobic
13.522195132108552,13.522195132108552,0.0781323388976849,-0.1600845616024191,0.6213947711142422,22.264705882352946,515.466,491.2740000000003,514.0997023680001,176,0,0.2625726647129238,-0.3527826641303973,0.3527826641303973,0.2625726647129238,1.0588235294117647,1.6764705882352942,2.264705882352941,35.49678588821136,9.921714805955906,2.473661998407798,-2.320057909187269,2.531022258312296,-2.4984378253101815,8.177738356929147,-0.1345399086648962,3.358447740751059,1.5776051611896935,1194.4012937350842,23.982398705266423,18.79448790855545,21.122842381520083,16.3294075958929,11.191642023240275,12.76406755018646,8.822240993263375,10.672633361573244,6.20811505626835,7.784630270975869,4.650572680241169,6.216678740651042,-2.479999999999999,67061860.63346411,23.27069495170846,9.285066661304269,4.210090513681413,212.54318700903593,15.116608065707286,10.946977343038007,5.1676517695780495,5.907179729351506,5.907179729351506,0.0,14.581479100779312,0.0,0.0,0.0,61.31482245369272,53.072162252792936,28.83181875236364,12.586597235060536,9.589074368143644,51.94577595813721,0.0,15.116608065707286,10.91031077879706,25.93115605767717,19.634269217737724,80.3052819855154,0.0,0.0,5.316788604006331,0.0,0.0,34.963764729856145,46.41609990771974,9.589074368143644,5.917906046161393,37.05805904107116,64.12551710727443,10.045266627482652,0.0,0.0,65.01,0.0,9.589074368143644,0.0,36.3607035690729,28.039915953197852,21.991594066027872,11.761884949391115,4.899909730850477,48.53093654769288,24.064172734238056,28.194284513100698,0.0,13.73797596616509,35.004619237894346,4.9235399153254225,3.0551654353031226,-0.1629054811472272,15.276311637748684,0.0,5.220848844266122,0.0,0.32,34,1,6,0,3,3,2,2,0,2,2,0,5,1,9,3,4,0,1,1,0,0,6.354998643573228,5,5.020200000000004,136.70469999999986,0,0,0,0,0,0,0,0,0,0,2,2,0,0,1,3,1,0,0,0,0,0,0,0,0,0,1,2,1,0,0,0,0,0,2,0,1,0,0,0,0,0,0,0,2,0,0,0,0,0,0,0,0,0,0,0,0,0,0,0,0,0,0,0,0,0,0,0,0,0,1,0,0,0,0,1,0,0,0,0,0,0,0,0,0,CHEMBL2152320,CC(C)C1=C(C(=O)N2CCNC(=O)C2)SC2=N[C@@H](c3ccc(Cl)cc3)[C@@H](c3ccc(Cl)cc3)N21,260.0,2.4149733479708178,CHEMBL5023,p53-binding protein Mdm-2,3,Large-Nonpolar-Aromatic-Rigid-Hydrophobic,Large-Nonpolar-Aromatic-Rigid-Hydrophobic
13.163148183141567,13.163148183141567,0.2545245093922339,-0.2545245093922339,0.3526523297443484,10.689655172413794,439.36700000000013,423.2390000000002,438.036039492,144,0,0.2588030109758808,-0.3898927319238156,0.3898927319238156,0.2588030109758808,0.7931034482758621,1.3448275862068966,1.9310344827586208,35.496785286440975,9.973109230867674,2.2429026967562247,-2.1010268652582473,2.450185001241038,-2.1332960504479437,7.20004408376418,0.1023835575598468,3.0687763395812135,1.8666023371843476,1154.2194384141558,20.380104409694468,15.155329295600945,17.48368376856558,14.024877143252588,8.83243005591463,10.404855582860815,6.379372586637009,8.304442988904224,4.433507304137793,6.005447833721796,3.0857707832938193,4.430391318769007,-2.7899999999999987,5329752.545741785,19.52313684177463,8.293382963343502,4.149341990692836,182.26579855692495,11.050456081168516,0.0,0.0,0.0,5.907179729351506,0.0,4.794537184071822,0.0,0.0,11.336785877934735,65.66644925969631,47.52510539416365,26.173251587564508,10.564533468384862,4.794537184071822,51.1343136391227,0.0,0.0,0.0,0.0,11.050456081168516,94.4714900091806,0.0,21.56750166879229,11.050456081168516,10.688468251371429,0.0,34.538665658399765,5.907179729351506,0.0,0.0,10.357988675768818,78.86277189000094,10.045266627482652,21.56750166879229,0.0,55.120000000000005,0.0,4.794537184071822,0.0,5.907179729351506,26.29718637055107,21.56750166879229,11.336785877934735,12.13273413692322,66.73003775307771,5.316788604006331,28.935547257627213,0.0,13.50139159963495,14.065648918003417,4.659098655320814,10.077139897017542,-0.2545245093922339,24.17346766163773,0.0,0.0,0.0,0.0,29,3,3,0,0,0,1,3,1,4,0,0,3,2,6,1,4,0,0,0,0,0,5.583201740503364,4,7.223400000000005,124.0186,0,0,0,1,0,0,0,0,0,0,1,1,0,0,0,0,1,1,0,0,0,0,0,0,0,0,0,1,0,2,0,0,0,0,3,0,0,0,0,0,0,0,0,0,2,0,0,0,0,0,0,0,0,0,0,0,0,0,0,0,0,0,0,0,1,0,0,0,0,0,0,0,0,0,0,0,0,0,0,0,0,0,1,0,0,CHEMBL2385336,Nc1sc(-c2ccc(Cl)cc2)c(-c2ccc(Cl)cc2)c1C(=O)Nc1ccccc1,14470.0,4.1604685311190375,CHEMBL394,HCT-116,0,Large-Nonpolar-Aromatic-Rigid-Hydrophobic,Large-Nonpolar-Aromatic-Rigid-Hydrophobic
14.655206595953349,14.655206595953349,0.0210901902339455,-0.6350179885586491,0.3449303119339119,27.27906976744186,641.6650000000002,603.3610000000003,640.2041674360001,228,0,0.2629754101578743,-0.3777741905291458,0.3777741905291458,0.2629754101578743,1.0232558139534884,1.6511627906976745,2.255813953488372,35.49678684130427,9.808219168707614,2.542386886066715,-2.3745863527592457,2.5626308644067946,-2.524984615436882,8.17777985569344,-0.1456467043614574,3.6761237066434385,1.4156377816110766,1455.496100335863,30.46552636839186,25.05572718845509,27.384081661419724,20.634084703529012,15.154491450330095,16.72691697727627,12.149310846906817,13.999703215216693,9.181746329642865,10.744139381928973,7.009887410308134,8.613161343128397,-2.5199999999999987,6149285160.936491,30.50379543445117,12.109540141768662,5.3853680732102225,267.7804094867818,19.436592146351483,16.48590259542135,5.1676517695780495,5.907179729351506,5.907179729351506,0.0,9.589074368143644,4.992404732635668,0.0,0.0,68.23855965338335,79.2583643212616,34.873659581511596,19.255604758173796,14.325937321943693,51.94577595813721,0.0,14.69972919255143,10.91031077879706,70.62186140736775,26.303276740850983,80.3052819855154,0.0,0.0,0.0,0.0,0.0,34.963764729856145,70.06869881997939,19.86486257432703,5.917906046161393,64.12615748008247,64.12551710727443,10.045266627482652,0.0,0.0,65.45,11.580766081531303,9.589074368143644,0.0,29.815947163160327,47.67450150514969,34.83323731187989,11.761884949391115,0.0,58.33075600939383,32.59485852961298,32.93114746690075,5.482955468916206,14.03007619161388,40.42256986810331,2.133871429348341,2.4102000143422035,0.0110120048860595,15.128400135428585,2.312525358647777,10.707278417602527,0.0,0.4848484848484848,43,0,7,0,4,4,2,2,0,2,4,0,6,0,10,4,6,0,2,2,0,0,8.590393843948513,6,6.864300000000008,173.07199999999946,0,0,0,0,0,0,0,0,0,0,2,2,0,0,1,4,0,0,0,0,1,0,0,0,0,0,1,2,1,0,0,0,0,0,2,0,1,0,0,0,0,1,0,0,2,0,0,0,0,0,0,0,0,0,0,0,1,0,0,0,0,0,0,0,0,0,0,0,0,0,0,0,0,0,0,1,0,0,0,0,0,0,0,0,0,CHEMBL2398245,CC[C@@H]1CC[C@@H](C(=O)N2CCOCC2)N1C(=O)C1=C(C(C)C)N2C(=N[C@@](C)(c3ccc(Cl)cc3)[C@H]2c2ccc(Cl)cc2)S1,68.0,1.8325089127062364,CHEMBL1907611,Tumour suppressor p53/oncoprotein Mdm2,3,Large-Nonpolar-Aromatic-Rigid-Hydrophobic,Large-Nonpolar-Aromatic-Rigid-Hydrophobic
13.639635657246435,13.639635657246435,0.0411888227513224,-0.9344875945140496,0.5056379116126051,24.5,474.42800000000034,445.1960000000002,473.152449148,170,0,0.3036504604474493,-0.4812120697653071,0.4812120697653071,0.3036504604474493,0.96875,1.6875,2.34375,35.49678500448744,9.73952161357104,2.439100632023545,-2.4615764602629717,2.468334109845157,-2.488645060087986,6.304415652683133,-0.1502156015264757,2.7739845040513136,1.7694953591267708,955.7992811013124,22.66456146007064,18.05191019771399,19.563768089750894,15.41872399336994,11.452989295323109,12.208918241341564,9.183010739371284,10.055882300315256,6.976693256548232,7.463766674675455,5.485706756576725,5.81042236866154,-2.0399999999999996,17199236.530142922,23.12940804976907,10.266365343370994,5.293636603468949,199.0696686963053,10.006437125691182,0.0,0.0,5.907179729351506,0.0,5.969305287951848,9.589074368143644,0.0,0.0,0.0,66.72981292308951,60.57274217217986,28.425835125718017,12.462662452073973,14.69560176298435,35.07836479776839,0.0,4.899909730850477,11.835812092322788,56.90549823579143,6.544756405912575,69.70310615856953,0.0,0.0,0.0,0.0,0.0,23.20187978046503,28.427678548907114,9.589074368143644,11.835812092322788,68.03240121918543,48.53093654769288,10.045266627482652,0.0,0.0,57.61,11.887211334113244,14.69560176298435,0.0,24.287748227586867,28.92875070248263,23.968546229246012,19.26246486877803,0.0,53.43084627854336,0.0,23.20187978046503,0.0,12.490507387545025,27.203270753744988,10.791352252512066,2.061382301377342,-1.1090898242948504,15.261236115564818,6.190913245221056,0.6659833238851095,0.0,0.4615384615384615,32,1,4,1,1,2,1,2,0,2,3,0,2,1,6,1,6,1,1,2,0,0,7.420467287963602,4,6.721800000000005,127.03380000000006,1,0,0,0,0,0,0,0,1,1,2,1,0,0,0,1,0,0,0,0,1,0,0,0,0,0,0,1,0,0,0,0,0,0,2,0,0,0,0,0,0,0,0,0,2,0,0,0,0,0,0,0,0,0,0,0,0,0,0,0,0,0,0,0,0,0,0,0,0,1,0,0,0,0,0,0,0,0,0,0,0,0,0,0,0,CHEMBL3904258,O=C(O)C[C@H]1C[C@H](c2cccc(Cl)c2)[C@@H](c2ccc(Cl)cc2)N(CC2CCCCC2)C1=O,170.0,2.230448921378274,CHEMBL1907611,Tumour suppressor p53/oncoprotein Mdm2,3,Large-Nonpolar-Aromatic-Rigid-Hydrophobic,Large-Nonpolar-Aromatic-Rigid-Hydrophobic
13.84814732580275,13.84814732580275,0.2093225623582768,-1.1118408070532744,0.4880875945685647,23.21875,469.36800000000017,447.19200000000023,468.100747924,164,0,0.3039262000198551,-0.4812044870202562,0.4812044870202562,0.3039262000198551,1.0625,1.8125,2.4375,35.49678500492447,9.6721094440494,2.5111266887712267,-2.480692679867628,2.5173787940330272,-2.527095486273596,6.304629860054287,-0.145397615443332,2.7598090964062147,1.9391424166622,1137.438670116917,22.880104409694468,17.411183644473912,18.923041536510823,15.28151274729585,10.258039343420622,11.01396828943908,8.356277940976472,9.22914950192044,5.990696968032753,6.477770386159978,4.5844250637708805,4.909140675855696,-2.8899999999999992,14550066.811817903,22.309163456434455,8.925841424857753,4.359612313280732,196.16258935046537,5.106527394840706,5.817862777835028,0.0,5.907179729351506,0.0,5.969305287951848,14.48898409899412,4.983978520947208,0.0,0.0,60.4574523224637,53.94592701708966,22.16001624525712,17.877652921470748,14.69560176298435,40.89622757560341,0.0,4.983978520947208,5.414990469396779,31.725127320852,4.899909730850477,94.09905093556743,0.0,0.0,4.899909730850477,5.817862777835028,0.0,23.20187978046503,21.966990933091267,9.589074368143644,5.414990469396779,42.852030304245986,72.92688132469078,10.045266627482652,0.0,0.0,70.5,17.42613658649659,14.69560176298435,0.0,18.24590739843891,22.283951028243692,11.126902983393991,0.0,48.35232584446223,36.39820241076966,4.983978520947208,23.20187978046503,0.0,12.445410943940884,31.65593243369007,10.772698514316708,0.7059818497872401,-1.0202227713008127,19.826347014994653,1.702123881960192,1.717283688166625,0.0,0.24,32,1,5,0,1,1,1,2,1,3,3,0,3,1,7,2,5,0,1,1,0,0,6.222751729167669,4,6.131200000000004,125.08580000000002,1,0,0,0,0,1,0,0,1,1,2,1,0,0,0,2,0,0,0,0,0,0,0,0,0,0,0,1,0,1,0,0,0,0,2,0,0,0,0,0,0,0,0,0,2,0,0,0,0,0,0,0,0,0,0,0,0,0,0,0,0,0,0,0,0,0,0,0,0,1,0,0,0,1,0,0,0,0,0,0,0,0,0,0,0,CHEMBL3329618,C[C@]1(CC(=O)O)C[C@H](c2cccc(Cl)c2)[C@@H](c2ccc(Cl)cc2)N(c2ccccn2)C1=O,13.0,1.1139433523068367,CHEMBL1907611,Tumour suppressor p53/oncoprotein Mdm2,3,Large-Nonpolar-Aromatic-Rigid-Hydrophobic,Large-Nonpolar-Aromatic-Rigid-Hydrophobic
13.46062506606333,13.46062506606333,0.2212747024428394,-4.244799338015651,0.4755922365703101,21.666666666666668,482.5220000000002,459.33800000000014,482.156358836,176,0,0.3933283894807132,-0.3559581479980869,0.3933283894807132,0.3559581479980869,1.0606060606060606,1.8484848484848484,2.5757575757575757,32.13353953281111,9.962480972743156,2.384998265869276,-2.3283348879792896,2.412793215554393,-2.3794957649647275,7.1824752259250175,-0.1261386815652865,3.432871558488012,1.1475032059450778,1139.572445215189,23.164561460070644,17.708261063832715,18.52475764476044,15.764971447785928,11.000802545289176,11.817299126216902,8.881676885084422,9.996876756373668,6.479120967447058,7.522169986123548,4.628572817701093,5.6495447523491205,-2.33,40821154.51709992,22.461625669327407,8.791162250247277,5.110636052793131,191.38989490934753,10.216698334856808,16.975579272220138,11.634441682091788,0.0,0.0,6.176298517443475,0.0,18.748787137244054,13.17124514302446,11.336785877934735,6.06636706846161,55.48768001793382,29.926406880835803,11.807045837390806,21.9520752383741,27.371269289855128,0.0,15.284745645900744,5.917906046161393,43.81933188445687,24.5341789485882,52.66782871610106,0.0,0.0,10.216698334856808,27.76993801620913,0.0,11.336785877934735,41.820365606223575,6.4208216229260096,17.55234772825318,35.620969600337716,30.59278834861098,0.0,10.216620634085364,0.0,41.05,24.231561822461273,21.9520752383741,0.0,16.836894069010654,21.952389458081782,55.79697145614749,18.46005421168776,12.13273413692322,0.0,20.184655376751223,0.0,64.9272429252668,1.0690134289605342,11.49580270236257,4.2388437578817335,0.828382394828848,-0.2223512815291554,5.969870153189413,-0.9659397363707452,2.4091356554100054,0.0,0.4782608695652174,33,1,4,1,1,2,0,1,2,3,2,0,5,1,10,3,6,1,1,2,0,0,5.983751383738677,5,5.436400000000004,117.61770000000006,0,0,0,0,0,2,0,0,0,0,0,0,0,0,0,3,1,0,0,0,0,0,0,0,0,3,0,0,0,1,0,0,0,0,1,0,1,0,0,0,0,0,0,0,5,0,0,0,0,0,0,0,0,0,0,0,0,0,0,0,0,0,0,0,0,0,0,0,0,1,0,0,0,0,0,0,0,0,0,0,0,0,1,0,0,CHEMBL4593261,Fc1ccc([C@@H]2C[C@H]2NCC2CCN(c3ncnc4sc(CC(F)(F)F)cc34)CC2)cc1F,252.33,2.4019688876951997,CHEMBL6136,Lysine-specific histone demethylase 1,4,Large-Nonpolar-Aromatic-Rigid-Hydrophobic,Large-Nonpolar-Aromatic-Rigid-Hydrophobic
12.457780694598114,12.457780694598114,0.165553103702454,-0.165553103702454,0.4959942040616542,10.689655172413794,404.4910000000001,384.3310000000002,404.1194635,146,0,0.2511876420709729,-0.4928695078262129,0.4928695078262129,0.2511876420709729,0.9655172413793104,1.7241379310344829,2.4482758620689653,32.13353979795265,10.119235527890352,2.1081351676467492,-2.099810244558307,2.3000113003942895,-2.223000398984885,7.212094611113035,0.095023026226958,3.2126522909042805,1.4291723441463675,1119.4766595876822,20.21696770287794,16.138166499627843,16.95466308055557,14.173366393245592,9.12818902972202,9.944685610649746,6.436106223311853,7.466755105238219,4.593569965869657,5.679042674133156,3.0227241691864406,3.993817400630452,-3.3799999999999986,6815037.856522741,18.95902345049056,8.324688601904358,4.072032923362297,172.48551051497026,14.790514511606428,5.007623696852765,11.49902366656781,0.0,5.907179729351506,0.0,4.794537184071822,4.983978520947208,0.0,11.336785877934735,36.39820241076966,35.89528683400505,17.671659389306566,24.43621571664043,14.26826309167192,27.4605862413716,0.0,10.300767124953538,0.0,6.544756405912575,14.219595082555069,77.85694073647171,0.0,22.07009885511757,14.790514511606428,0.0,11.49902366656781,11.336785877934735,25.11075333285378,6.544756405912575,0.0,15.921440167465814,66.73003775307771,0.0,20.78769582263512,0.0,60.45,0.0,4.794537184071822,0.0,5.907179729351506,23.60723156417738,21.651227397863018,4.6999199164691,43.755482165874625,42.46456947923127,16.367134193415147,9.473725907600098,11.637815006394746,1.6752371432900623,17.141399479565514,3.929127988547181,3.622555984140217,0.9546542327842632,21.321524472895288,0.0,0.4378002173091457,3.113218808406919,0.1304347826086956,29,1,5,0,0,0,1,3,1,4,0,0,5,1,6,1,6,0,0,0,0,0,5.442343669708144,4,4.910500000000004,115.77220000000004,0,0,0,0,0,1,0,0,0,0,1,1,0,0,0,1,1,0,0,0,0,0,0,0,0,0,0,1,0,0,0,0,0,0,3,0,1,0,0,0,0,2,0,0,0,0,0,0,0,0,0,0,0,0,0,2,0,0,0,0,0,0,0,0,1,0,0,0,0,0,0,0,0,0,0,0,0,0,0,0,1,0,0,0,0,CHEMBL1345305,COc1ccc(C(=O)NCc2ccc(-c3nc4ccccc4s3)cc2)cc1OC,5826.0,3.765370480291649,CHEMBL4374,Photoreceptor-specific nuclear receptor,0,Large-Nonpolar-Aromatic-Rigid-Hydrophobic,Large-Nonpolar-Aromatic-Rigid-Hydrophobic
14.209815873365804,14.209815873365804,0.0136713522857712,-0.5680002834467124,0.4072367332697568,19.805555555555557,524.4480000000002,497.2320000000004,523.142947084,186,0,0.2340231923791995,-0.4931864534518959,0.4931864534518959,0.2340231923791995,0.9722222222222222,1.6111111111111112,2.2777777777777777,35.49678543181831,9.849489123766062,2.4622359089385935,-2.3336078783176606,2.431972947809888,-2.4685679270562324,6.3051735479229265,-0.1373828255191413,3.302750408271694,1.680828158961062,1241.6545539725375,25.070338854006454,19.940752278497413,21.452610170534324,17.562881945713375,12.040263179874083,12.796192125892542,8.647116506323622,9.51998806726759,6.4436405168803494,6.94759314755932,4.7504360934342955,5.002412408773779,-3.059999999999999,235063246.36949992,24.626326676162257,10.909570586855924,4.938516667617519,220.56362122785535,14.373635638450576,11.6674178794453,0.0,5.907179729351506,0.0,0.0,9.803449708026353,0.0,5.101407525739722,0.0,47.46734805431147,61.0181252390805,28.6982309310048,37.26155800014098,14.26826309167192,40.5081307872708,0.0,4.899909730850477,11.019313571901115,12.965578028838586,37.91907122931843,93.968574432416,0.0,5.749511833283905,9.74577547775458,5.687386274683562,5.749511833283905,23.20187978046503,49.428933168336584,9.53140013787187,5.917906046161393,24.092481012232575,77.89781234727906,10.045266627482652,0.0,0.0,54.370000000000005,5.917906046161393,4.794537184071822,0.0,11.949020558499466,54.41662216890115,16.814289258077554,0.0,0.0,89.62896427603498,0.0,37.77701321380485,11.476831108341614,12.419218324926574,16.08606362503849,8.276448990089865,3.253191942414827,0.145985642199267,22.479184824203468,0.0,4.585297765008124,0.0,0.2857142857142857,36,0,6,0,2,2,1,3,0,3,2,0,5,0,8,2,6,0,1,1,0,2,7.462851365793475,5,5.832700000000006,143.16099999999983,0,0,0,0,0,0,0,0,0,0,1,1,0,0,0,3,0,0,0,0,0,0,0,0,0,0,0,1,0,1,0,0,0,0,3,0,0,0,0,0,0,2,0,0,2,0,1,0,0,0,0,0,0,0,0,0,1,0,0,0,0,0,0,0,1,0,0,0,0,0,0,0,0,0,0,0,0,0,0,0,0,0,0,0,0,CHEMBL3093510,CCOc1ccccc1C1=NN(c2ccc(Cl)cc2)C(c2ccc(Cl)cc2)C1C(=O)N1CCOCC1,8000.0,3.903089986991944,CHEMBL394,HCT-116,3,Large-Nonpolar-Aromatic-Rigid-Hydrophobic,Large-Nonpolar-Aromatic-Rigid-Hydrophobic
14.043874874023684,14.043874874023684,0.040997050054589,-0.930852072310405,0.6638777112304411,31.09090909090909,486.39900000000034,461.1990000000003,485.12729702,172,0,0.3172138904959367,-0.4802856901197925,0.4802856901197925,0.3172138904959367,1.121212121212121,1.9090909090909092,2.636363636363636,35.49678515386115,9.732820422842494,2.687594835436041,-2.405053440065936,2.6050605623273886,-2.52680032883956,6.3100766084208395,-0.1381493570137137,3.3396126391692507,1.592423999193296,1153.467106517431,22.9050484360768,18.007559961651225,19.519417853688132,15.88992111267692,11.488472001581409,12.244400947599862,9.749654729050578,10.622526289994545,7.857487402497039,8.327681608072517,6.562458017071108,6.933288495439051,-2.119999999999999,49600868.68770596,21.41576581917429,7.702927237444143,3.2237057228211974,202.0027601286617,10.423315998847038,5.538925252383345,0.0,5.907179729351506,0.0,5.969305287951848,19.3888938298446,0.0,0.0,0.0,41.40098098584986,55.00929068048286,52.38720491014567,6.544756405912575,14.69560176298435,40.76575107245195,0.0,9.799819461700954,5.917906046161393,42.8029778256187,24.951057821744055,63.63673909010791,0.0,0.0,5.316788604006331,5.687386274683562,0.0,23.20187978046503,58.50078274987865,15.127999620526989,5.917906046161393,36.30727389833341,42.46456947923127,10.045266627482652,0.0,0.0,72.88,11.508230540335196,14.69560176298435,0.0,30.45352383972139,22.507929079556614,29.779867286916136,12.84164324585202,0.0,42.46456947923127,15.116608065707286,23.20187978046503,0.0,12.722281631074017,30.247594192529405,13.946552090469387,1.6972213298899823,-0.6010690784450701,13.307364474889878,3.1658242612888774,1.486453320525742,0.0,0.44,33,2,6,1,3,4,1,2,0,2,4,0,4,2,8,3,5,1,2,3,1,0,4.99891169209827,6,4.177700000000002,126.78450000000004,1,0,0,0,0,0,0,0,1,1,2,1,0,0,0,2,1,0,0,0,2,0,0,0,0,0,0,1,0,1,0,0,0,0,2,0,3,0,0,0,0,0,0,0,2,0,0,0,0,0,0,0,0,0,0,0,0,0,0,0,0,0,0,0,0,0,0,0,0,0,0,0,0,0,0,0,0,0,0,0,0,0,0,0,0,CHEMBL4739921,O=C(O)CN1CC[C@H]2[C@@H]1[C@H](c1cccc(Cl)c1)[C@]1(C(=O)Nc3cc(Cl)ccc31)N2CC1CC1,80.0,1.9030899869919435,CHEMBL1907611,Tumour suppressor p53/oncoprotein Mdm2,3,Large-Nonpolar-Aromatic-Rigid-Hydrophobic,Large-Nonpolar-Aromatic-Rigid-Hydrophobic
12.814663258452038,12.814663258452038,0.1354316438509557,-0.1354316438509557,0.4267886211047162,11.172413793103448,404.9010000000001,383.7330000000002,404.140388972,146,0,0.2530079172826356,-0.351713705760269,0.351713705760269,0.2530079172826356,1.0344827586206895,1.862068965517241,2.6551724137931036,35.4956920660865,10.034090558768945,2.1600675823222524,-2.144397232947619,2.3306558131770787,-2.2715603887851428,6.330192793456595,0.0950261827339407,2.730847110737674,1.8953620216119145,1206.0685473563972,20.38010440969447,16.23859969674544,16.994528642763896,14.041713895658196,9.505270783736092,9.88323525674532,7.292127578291087,7.699327705031693,4.66841703612791,4.998005257167955,3.229617660913316,3.412596595619671,-3.1799999999999993,4598473.44977117,19.150134973544183,8.052249711306295,3.866133822675868,173.68034561704897,10.633577208012662,5.817862777835028,0.0,0.0,5.907179729351506,0.0,9.778515705019029,4.983978520947208,0.0,0.0,49.7138825634602,30.183374320007832,35.097116192533115,21.790171797738147,4.794537184071822,50.68874203311326,0.0,15.284745645900744,5.917906046161393,13.847474399381248,11.861545009918906,71.51070849635735,0.0,0.0,10.633577208012662,11.50524905251859,0.0,11.600939890232516,22.419893177158496,0.0,5.917906046161393,24.205463075150064,60.924623690919034,5.022633313741326,21.67537336101065,0.0,66.91,0.0,4.794537184071822,0.0,5.907179729351506,34.38331075296358,21.84605891807795,0.0,18.46005421168776,42.46456947923127,29.465030128341116,16.58491841117972,0.0,6.329392702130335,21.92477816115818,9.6142745134989,1.9173988100877537,0.8613048931723082,15.039646535799951,3.527532217878989,4.730116610718023,0.0,0.1739130434782608,29,2,5,0,0,0,1,2,2,4,0,0,4,2,6,2,5,0,0,0,0,0,5.317298924558543,4,5.565800000000005,118.94990000000004,0,0,0,0,0,2,0,0,0,0,1,1,0,0,0,2,2,0,0,0,0,0,0,0,0,0,0,1,0,2,0,0,0,0,2,0,3,0,0,0,0,0,0,0,1,0,0,0,0,0,0,0,0,0,0,0,0,0,0,0,0,0,0,0,2,0,0,0,0,0,0,0,0,2,0,0,0,0,0,0,0,0,0,0,0,CHEMBL1915648,CC(C)CNC(=O)c1cccc2c1nc(Nc1ccccc1Cl)c1ccncc12,5.0,0.6989700043360189,CHEMBL4523,Serine/threonine-protein kinase PIM2,0,Large-Nonpolar-Aromatic-Rigid-Hydrophobic,Large-Nonpolar-Aromatic-Rigid-Hydrophobic
13.647846363908842,13.647846363908842,0.0315073218094499,-0.1717637196601285,0.3841028529443897,12.944444444444445,478.5960000000003,448.35600000000034,478.2368762,182,0,0.2785253640519508,-0.333909925265534,0.333909925265534,0.2785253640519508,0.8888888888888888,1.5555555555555556,2.3055555555555554,16.15617119586629,9.988494983498295,2.2671050897021394,-2.291926299069553,2.2495260934737376,-2.3707516725205617,6.050482890811359,0.0734142340952328,3.2956924398866496,1.465094675135845,1407.4883254863323,25.23347556082299,20.88692534433159,20.88692534433159,17.435560745775547,12.34508522840221,12.34508522840221,9.449782010900716,9.449782010900716,6.656617792245066,6.656617792245066,4.86335935636859,4.86335935636859,-4.189999999999999,207924286.87302604,23.54715397774456,9.817102272472612,4.421088240813814,211.3312786111844,9.799819461700954,0.0,5.693927994848461,0.0,11.814359458703011,0.0,9.589074368143644,4.681802935145184,5.098681808301038,0.0,54.59730361615449,68.65077154769992,30.512667910505137,11.250837766380558,9.589074368143644,17.501745733386574,0.0,14.680394474296698,0.0,39.77863045705842,11.444666136763052,113.00734942325047,0.0,5.687386274683562,4.899909730850477,5.687386274683562,0.0,0.0,39.08135116806024,12.965578028838586,6.923737199690624,51.5147592323128,84.92913895846256,0.0,5.687386274683562,0.0,58.440000000000005,0.0,9.589074368143644,0.0,17.85620028785097,30.03427857305417,17.802135892458033,11.126902983393991,15.648079734457273,92.40115908300008,17.231415945224256,0.0,1.7101780990173847,0.0,30.824644177317545,4.687618807943032,5.699306082136258,-0.2032710414695784,27.133256666778475,0.8413201220148091,7.14028041959541,0.0,0.2333333333333333,36,0,6,0,1,1,2,3,1,4,0,0,4,0,6,2,5,0,0,0,0,0,6.421244967366073,5,5.434420000000005,141.57499999999987,0,0,0,0,0,2,0,0,0,0,2,2,0,0,0,4,0,0,0,0,0,0,0,0,0,0,0,2,0,1,1,0,0,0,3,0,1,0,0,0,0,0,0,0,0,0,0,0,0,0,0,0,0,0,0,0,0,0,0,0,0,0,0,0,2,0,0,0,0,0,0,0,0,0,0,0,0,0,0,0,0,0,0,0,0,CHEMBL480010,Cc1cc(C(=O)N(c2ccccc2)C(C)C)nn1-c1ccccc1C(=O)N1CCc2ccccc2C1,7700.0,3.886490725172482,CHEMBL4860,Apoptosis regulator Bcl-2,0,Large-Nonpolar-Aromatic-Rigid-Hydrophobic,Large-Nonpolar-Aromatic-Rigid-Hydrophobic
13.721939842809553,13.721939842809553,0.0621962396069535,-0.9609791290487388,0.6053707057963892,27.033333333333335,446.37400000000025,421.1740000000002,445.12114902,158,0,0.3039259574797884,-0.4812044883316134,0.4812044883316134,0.3039259574797884,1.1,1.8,2.3666666666666667,35.49678480159546,9.659429969752445,2.525812264321107,-2.5347620993092765,2.5302663173710593,-2.571918510617411,6.304440898042354,-0.1621657311571748,2.6417912095015263,1.8586656377442072,957.1783316239284,21.465890847321376,16.853239584964722,18.36509747700163,14.28151274729585,10.338647194253577,11.094576140272032,8.790336527402147,9.663208088346115,6.599910588493076,7.086984006620301,4.9457815554555005,5.2704971675403165,-2.0399999999999996,3769434.5036948337,21.201912545319793,8.23897315196666,3.9534562760261753,186.3397844675121,10.006437125691182,0.0,0.0,5.907179729351506,0.0,5.969305287951848,9.589074368143644,0.0,0.0,0.0,54.39108525400209,61.07565774894448,22.005013502792007,17.877652921470748,14.69560176298435,35.07836479776839,0.0,4.899909730850477,5.414990469396779,57.02943301877799,0.0,69.70310615856953,0.0,0.0,0.0,0.0,0.0,23.20187978046503,27.9247629721425,9.589074368143644,5.414990469396779,62.114495173024025,48.53093654769288,10.045266627482652,0.0,0.0,57.61,11.384295757348628,14.69560176298435,0.0,30.32958905673483,16.466088250408664,30.389367852172025,0.0,6.923737199690624,53.43084627854336,0.0,23.20187978046503,0.0,12.43809370590395,27.356986260570615,10.830889599392712,1.078731755305003,-1.0744907176768943,15.299404083943374,3.2462308760952947,1.7963766586881666,0.0,0.4166666666666667,30,1,4,1,1,2,1,2,0,2,3,0,2,1,6,1,5,1,1,2,0,0,5.822732941041163,4,6.084100000000005,117.84780000000003,1,0,0,0,0,0,0,0,1,1,2,1,0,0,0,1,0,0,0,0,1,0,0,0,0,0,0,1,0,0,0,0,0,0,2,0,0,0,0,0,0,0,0,0,2,0,0,0,0,0,0,0,0,0,0,0,0,0,0,0,0,0,0,0,0,0,0,0,0,1,0,0,0,0,0,0,0,0,0,0,0,0,0,0,0,CHEMBL3941435,C[C@]1(CC(=O)O)C[C@H](c2cccc(Cl)c2)[C@@H](c2ccc(Cl)cc2)N(C2CCC2)C1=O,70.0,1.845098040014257,CHEMBL1907611,Tumour suppressor p53/oncoprotein Mdm2,3,Large-Nonpolar-Aromatic-Rigid-Hydrophobic,Large-Nonpolar-Aromatic-Rigid-Hydrophobic
13.144212088272033,13.144212088272033,0.1608059334845049,-1.625708262471656,0.6642487040078524,17.896551724137932,407.85300000000007,389.7090000000002,407.092435736,146,0,0.3373417849903151,-0.4654175212734914,0.4654175212734914,0.3373417849903151,1.0344827586206895,1.6896551724137931,2.3448275862068964,35.495691826443995,9.933721702704018,2.4908130426905193,-2.3468364697890545,2.427579222263694,-2.4372928144164847,6.301104477742946,-0.0542536553247382,2.969383166457359,1.7557334116513,1078.7917913004892,20.595647359318296,15.632446546862791,16.38837549288125,13.945744101903417,9.020289191805782,9.39825366481501,6.804493063478078,7.240928843950063,5.1313045912070825,5.383280906546568,3.637863966452279,3.7638521241220215,-3.1499999999999986,4792156.839486208,19.17881184877256,7.351296921582725,3.182562921245652,172.6583940289543,9.843390348640757,0.0,5.724985593970254,0.0,5.907179729351506,5.969305287951848,9.6944469149223,4.794537184071822,0.0,0.0,54.06550936946378,35.89528683400505,28.257744194744888,12.673249032974528,19.432464716784395,23.47742490753587,0.0,4.899909730850477,0.0,12.269741999882829,7.109797541277533,105.63629559376568,0.0,0.0,0.0,0.0,0.0,11.600939890232516,28.992719684272068,17.006604953682878,0.0,37.40633182662862,72.79640482153933,5.022633313741326,0.0,0.0,66.84,11.694290881922102,14.69560176298435,0.0,12.45193613526408,27.27643928052931,5.563451491696996,12.009707272128011,72.79640482153933,0.0,0.0,16.337802844032566,4.715223079165144,6.011163221316043,26.21700810529254,12.307520450747294,1.0895329156579308,-0.7000298717049847,20.571199423950446,0.0,0.1608059334845049,1.3220211865355265,0.1304347826086956,29,1,5,0,1,1,1,3,0,3,1,0,4,1,6,1,4,0,0,0,0,1,4.861694500120553,4,3.976000000000002,108.5478,0,1,0,0,0,0,0,0,0,0,2,2,0,0,0,1,0,0,0,0,0,0,0,0,0,0,0,1,0,0,0,0,0,0,3,0,1,0,0,0,1,1,0,0,1,0,0,0,0,0,0,0,0,0,0,1,0,0,0,0,0,0,0,0,0,0,0,0,0,0,0,0,0,0,0,0,0,0,0,0,0,0,0,0,0,CHEMBL1688159,COC(=O)c1ccc(CN2C(=O)c3ccccc3C2(O)c2ccc(Cl)cc2)cc1,11000.0,4.041392685158225,CHEMBL5023,p53-binding protein Mdm-2,3,Large-Nonpolar-Aromatic-Rigid-Hydrophobic,Large-Nonpolar-Aromatic-Rigid-Hydrophobic
6.716605017006803,6.716605017006803,0.1431454317838247,-0.2610677673847323,0.2754986720081647,18.939393939393938,564.281,544.1210000000001,562.0003854600001,164,0,0.2287584203612166,-0.4804418189931219,0.4804418189931219,0.2287584203612166,0.8787878787878788,1.5454545454545454,2.242424242424242,79.91976194893914,9.83827670233984,2.4308477834379394,-2.4276662918583276,2.522579409009633,-2.3830931892013765,9.10448990544472,0.2214299500056027,3.3254071643672387,1.6676420669737977,1361.8245625451818,22.52636877963644,17.820392437513085,20.99238551574249,16.152198343190417,10.834934503742172,12.420931042856877,8.05250586075399,9.883856918337363,6.222285808654436,7.279616834730906,4.810965495329674,5.33963100836791,-2.8999999999999995,76043335.98067945,20.688940024837464,8.14923021268899,3.3309379193610993,208.5264286337263,9.636772684650529,24.222639124944713,0.0,5.948339280986494,0.0,0.0,0.0,4.681802935145184,10.082660329248244,0.0,68.25809020666836,54.44884259385427,26.626751459343662,5.697039313055833,4.736862953800049,43.50526638994103,0.0,14.764463264393427,0.0,19.069544416586886,11.444666136763052,110.33262293312896,0.0,5.749511833283905,9.636772684650529,5.948339280986494,5.749511833283905,31.859887795898697,21.309219670306003,0.0,0.0,35.75989889167788,93.64226845803798,0.0,5.697039313055833,0.0,43.18,0.0,0.0,0.0,12.145807216896262,0.0,55.14854487006389,0.0,6.3273200747645415,16.814537072068404,114.42986574030417,4.736862953800049,10.82106646066242,7.144448185450846,6.91785834926257,4.67937761138406,5.637208076131688,1.7227482520786097,24.9435356692353,1.38149097167563,2.918933090785544,0.0,0.1538461538461538,33,0,5,0,2,2,0,3,1,4,2,0,5,0,7,3,3,0,0,0,0,2,5.1090586399671505,6,6.777400000000005,136.1959999999999,0,0,0,0,0,3,0,0,0,0,0,0,0,0,0,4,0,0,0,0,0,0,0,0,0,0,0,0,0,1,0,0,0,0,3,0,3,0,0,0,0,1,0,0,2,0,0,0,0,0,0,0,0,0,0,0,0,0,0,0,0,0,0,0,1,0,0,0,0,0,0,0,0,0,0,0,0,0,0,0,0,0,0,0,0,CHEMBL1771708,CCN1C2=C(C(c3ccc(Br)cc3)Oc3ccccc32)C(c2ccc(Br)cc2)n2ncnc21,1800.0,3.255272505103306,CHEMBL1907611,Tumour suppressor p53/oncoprotein Mdm2,3,Large-Nonpolar-Aromatic-Rigid-Hydrophobic,Large-Nonpolar-Aromatic-Rigid-Hydrophobic
12.059901948433694,12.059901948433694,0.0011855814856804,-0.1694671201814068,0.7105620673311824,21.954545454545453,425.12000000000006,410.0000000000001,422.94695292,114,0,0.248459463948324,-0.3611800798446011,0.3611800798446011,0.248459463948324,0.9545454545454546,1.4545454545454546,2.0,79.91976160289738,9.930532424768092,2.3599052047806124,-2.3910061126583764,2.3919267551928955,-2.426919186784445,9.10448048696388,-0.1552240217726522,2.5192421042106723,2.0034606367649435,670.0632227181492,15.689869965382488,12.000248595528946,15.172241673758355,10.558550648063802,6.942456699436656,8.528453238551359,5.284188227089412,7.115539284672791,3.893848365412653,4.9511793914891244,2.7015831201866276,3.2302486332248637,-1.1699999999999997,115804.52104635618,15.715307215590524,6.5235138501825345,3.116090519710148,146.07737295505152,9.636772684650529,12.71084835226122,0.0,5.907179729351506,0.0,0.0,4.794537184071822,0.0,0.0,0.0,56.12535606974514,35.392371257240434,15.993111014342016,6.041840829147961,9.53140013787187,37.767067525250205,0.0,4.899909730850477,0.0,12.145807216896262,13.654553947190108,68.6032785627517,0.0,0.0,0.0,0.0,0.0,31.859887795898697,24.461643407392092,9.53140013787187,0.0,23.272710200290256,57.47637557935771,0.0,0.0,0.0,29.540000000000003,0.0,4.794537184071822,0.0,24.65986891076069,0.0,20.07234201505882,0.0,4.899909730850477,55.57860853037007,31.859887795898697,4.736862953800049,7.906181687238461,6.8957648305661925,13.837133500776854,0.0,2.126979166666667,0.0011855814856804,15.950158940119255,-0.1694671201814068,0.1153359237213407,1.836727489606954,0.2352941176470588,22,0,3,0,1,1,1,2,0,2,2,0,2,0,5,1,2,0,1,1,0,0,4.659955649126287,3,4.482600000000003,92.48800000000004,0,0,0,0,0,0,0,0,0,0,1,1,0,0,0,1,0,0,0,1,0,0,0,0,0,0,0,1,0,0,0,0,0,0,2,0,0,0,0,0,0,1,0,0,2,0,0,0,0,0,0,0,0,0,0,0,1,0,0,0,0,0,0,0,0,0,0,0,0,0,0,0,0,0,0,0,0,0,0,0,0,0,0,0,0,CHEMBL2347398,CN1C(=O)CO[C@@H](c2ccc(Br)cc2)[C@H]1c1ccc(Br)cc1,5400.0,3.7323937598229686,CHEMBL5023,p53-binding protein Mdm-2,0,Large-Nonpolar-Aromatic-Rigid-Hydrophobic,Large-Nonpolar-Aromatic-Rigid-Hydrophobic
15.294733821239952,15.294733821239952,0.0440874590576976,-0.7312040186444946,0.3006197070627873,15.13888888888889,526.3990000000002,504.2230000000002,525.1134585240001,184,0,0.3280473980351549,-0.4958733526632803,0.4958733526632803,0.3280473980351549,1.1111111111111112,1.8611111111111112,2.5555555555555554,35.496785735707924,9.98303653849362,2.411845672494165,-2.370710966439568,2.453827948050812,-2.440414967982955,6.309221064930998,0.2537531633045796,3.2450758575231524,1.820577950648444,1455.4725642920594,25.559748974456053,19.667447612230756,21.179305504267663,17.31176950568786,11.215998186924136,11.971927132942591,8.536152536131155,9.379788443343744,6.0441607782073925,6.588044940897498,4.51883856425241,4.8143782039629075,-3.619999999999999,161866382.73998308,24.0911390033913,9.443273660911494,3.95964253998714,217.0017661800937,9.303962601591405,17.615757160431794,11.635083618880923,0.0,0.0,6.031114512338072,15.200676855804016,14.16893075269385,0.0,0.0,41.40098098584986,49.74276123338629,23.45816128611544,29.07719661624788,13.921815185546691,40.73824334532169,0.0,14.53505668968577,0.0,25.93115605767717,17.32649587613434,88.04449064599305,0.0,17.137367822980828,14.953561288656855,20.690201284265232,5.749511833283905,23.20187978046503,27.675968743301375,0.0,5.817220841045894,37.188535544222624,60.92462369091903,10.045266627482652,11.387855989696924,0.0,72.28,17.890176182531928,4.794537184071822,4.39041504767482,16.75186041757285,33.67179190940564,5.563451491696996,17.032643867773697,43.76895295835013,30.547308184095822,10.300767124953538,32.92272125521229,22.859378609455717,12.274955563444296,23.92624348710252,3.3027268166559898,2.1008212343579418,0.8228931306988672,12.049158911068934,3.2974856237629924,4.0157976400436715,1.572761205631287,0.1923076923076923,36,1,7,0,1,1,2,2,2,4,1,0,5,1,10,3,5,0,0,0,0,1,6.319422733668962,5,7.122000000000005,138.5976999999999,0,0,0,0,0,3,0,0,0,0,1,1,0,0,0,4,1,0,0,0,0,0,0,0,0,0,0,2,0,2,0,0,0,0,2,0,1,0,0,0,0,1,0,0,3,0,0,1,0,0,0,0,0,0,0,1,0,0,0,0,0,0,0,0,0,0,0,0,0,0,0,0,0,1,0,0,0,0,0,0,0,0,0,0,1,CHEMBL3962130,COc1ccncc1-c1nc2c(n1C(C)C)C(c1ccc(Cl)cc1)N(c1cccc(Cl)c1F)C(=O)N2,8.5,0.9294189257142929,CHEMBL1907611,Tumour suppressor p53/oncoprotein Mdm2,3,Large-Nonpolar-Aromatic-Rigid-Hydrophobic,Large-Nonpolar-Aromatic-Rigid-Hydrophobic
14.005836701450123,14.005836701450123,0.0304672409087094,-0.2368879388175022,0.4408897899121857,18.11428571428571,490.0030000000002,461.7790000000003,489.18191943599993,180,0,0.2563918569835734,-0.4960535786053927,0.4960535786053927,0.2563918569835734,1.0857142857142856,1.8,2.4285714285714284,35.49569213791321,9.992866490111195,2.4523444333325743,-2.3675993625124225,2.4692641377261215,-2.4217484029150724,6.301094818585331,0.024237941264332,3.3964012356584283,1.740469887081948,1300.2170839268194,24.68950548645297,20.123630216732764,20.879559162751217,16.939090705625684,11.937151681308098,12.315116154317328,9.32916655641523,9.765602336887213,6.969062747392041,7.221039062731526,5.423212271677789,5.549200429347532,-3.269999999999999,124283179.02716447,23.470868498689008,9.408463350937952,3.990159755593037,210.17665864254676,18.94073528624193,5.749511833283905,0.0,0.0,5.907179729351506,0.0,4.794537184071822,0.0,5.261891554738487,0.0,23.733674027155736,68.65077154769993,35.88353039276008,41.735618656308674,14.26826309167192,17.508119619584022,5.261891554738487,9.467009378641832,0.0,44.814640132677155,20.32356147030337,75.93785233137366,0.0,23.076112632621637,4.736862953800049,0.0,5.749511833283905,11.600939890232516,41.73959140744467,4.736862953800049,11.33111286753076,65.95161895754046,48.53093654769288,5.022633313741326,11.257379486545457,0.0,67.49000000000001,0.0,10.056428738810308,0.0,24.032702216795386,35.11281205944506,35.35640221894293,0.0,13.176164609739144,47.36447921008175,24.483795359964876,21.074665797832616,13.478128649207708,6.217622868404725,16.049505367990815,10.183928952114863,4.911810269762261,0.696069813306917,17.2921884386332,1.6243597042598967,5.536692583102631,1.6208044643280934,0.3571428571428571,35,0,6,0,2,2,1,2,1,3,1,0,5,0,7,3,5,0,1,1,0,1,6.3092801738457025,5,5.993880000000006,134.82549999999995,0,0,0,0,0,1,0,0,0,0,1,1,0,0,0,3,0,0,0,0,0,0,0,0,0,0,0,1,0,0,0,0,0,0,2,0,1,0,0,0,0,2,0,0,1,0,0,0,0,0,0,0,0,0,0,1,0,1,0,0,0,0,0,0,0,0,0,0,0,0,0,0,0,0,0,0,0,0,0,0,0,0,0,0,0,CHEMBL3925643,COc1ccc(C#N)cc1-c1cc2c(n1C(C)C)C(c1ccc(Cl)cc1)N(C1CCOCC1)C2=O,1.509,0.1786892397755898,CHEMBL1907611,Tumour suppressor p53/oncoprotein Mdm2,3,Large-Nonpolar-Aromatic-Rigid-Hydrophobic,Large-Nonpolar-Aromatic-Rigid-Hydrophobic
15.371480387937066,15.371480387937066,0.0054931360404237,-0.5728292968421933,0.2974142622682379,14.696969696969695,489.3530000000002,469.19300000000015,488.0982230599999,170,0,0.2680644106323201,-0.4195461626996004,0.4195461626996004,0.2680644106323201,1.0,1.7878787878787878,2.484848484848485,35.496785712131,9.8832550880715,2.306275258384858,-2.231068504073237,2.418878283274241,-2.1272904534162285,6.309213653039682,0.4246104330859165,3.418414633168968,1.8604095059470216,1328.2481219913975,23.11215521726335,17.785946354760725,19.297804246797636,15.93556074577555,10.766647343823587,11.522576289842045,8.165624284208237,8.980024537689447,5.967442113027352,6.548996422042536,4.432185044803662,4.782279157073159,-2.769999999999999,49605927.41313403,22.04357248132168,8.875684576364627,4.041532074104867,198.9299113274826,4.417150937053347,11.64162533904582,11.511148835894357,5.890723922025908,5.890723922025908,0.0,4.567099647791355,13.764808616296849,0.0,10.197363616602075,48.53071171770467,43.173478588160066,18.405094737549017,21.426580897014677,13.197981032402986,23.20187978046503,0.0,19.74844178534064,0.0,44.94575136048206,0.0,69.79303914036993,0.0,28.52941767810339,0.0,8.78083009534964,0.0,23.20187978046503,19.74844178534064,0.0,18.558178881782418,49.73714258081728,40.81535334782301,10.045266627482652,28.52941767810339,0.0,56.74,11.634441682091788,4.39041504767482,4.39041504767482,27.541282870353516,28.666435901419753,32.10410811463005,18.19910120538483,29.689938052866808,0.0,10.197363616602075,32.60300923846559,36.82853390868301,12.278327110360689,4.913170351473923,8.031900361482041,1.66223159171076,0.2205303334687958,9.162290550203007,5.110740593103207,1.6811640884034462,0.0,0.2916666666666667,33,0,5,1,0,1,0,2,2,4,0,0,5,0,9,2,4,1,0,1,0,0,5.9288423115285624,5,7.530420000000004,122.79100000000004,0,0,0,0,0,4,0,0,0,0,0,0,0,0,0,4,0,0,0,0,0,0,0,0,0,0,0,0,0,0,1,0,0,0,2,0,0,0,0,0,0,0,0,0,4,0,0,1,0,0,0,0,0,0,0,0,0,0,0,0,0,0,0,0,0,0,0,0,0,0,0,0,0,0,0,0,0,0,0,0,0,0,0,0,0,CHEMBL3260817,Cc1nnc(-c2nc(C3CCCCC3)n(-c3cccc(Cl)c3F)c2-c2ccc(F)c(Cl)c2)o1,25.0,1.3979400086720375,CHEMBL5023,p53-binding protein Mdm-2,3,Large-Nonpolar-Aromatic-Rigid-Hydrophobic,Large-Nonpolar-Aromatic-Rigid-Hydrophobic
14.00036954802497,14.00036954802497,0.2145077475434622,-1.1193408070532738,0.4535495202200499,22.90909090909091,483.3950000000001,459.2030000000002,482.116397988,170,0,0.303926200024487,-0.4812044870202503,0.4812044870202503,0.303926200024487,1.0909090909090908,1.818181818181818,2.4545454545454546,35.49678510706048,9.671396841752726,2.51402721820835,-2.483866244371564,2.521497582822557,-2.529280583598456,6.304650333266562,-0.1454000007602575,2.7617029933832913,1.9709105985428688,1198.151205764878,23.750347897697548,18.33383337528429,19.8456912673212,15.69219634981881,10.674706010087291,11.430634956105749,8.81224846114163,9.6851200220856,6.30460112441952,6.791674542546744,4.7991184476996125,5.123834059784429,-2.889999999999999,20925003.802010205,23.27430948119541,9.160413775385631,4.61189573246194,202.527531464862,5.106527394840706,5.817862777835028,0.0,5.907179729351506,0.0,5.969305287951848,14.48898409899412,4.983978520947208,0.0,0.0,60.4574523224637,60.366748640015665,22.16001624525712,17.877652921470748,14.69560176298435,40.89622757560341,0.0,4.983978520947208,5.414990469396779,38.64886452054262,4.899909730850477,93.59613535880284,0.0,0.0,4.899909730850477,5.817862777835028,0.0,23.20187978046503,21.966990933091267,9.589074368143644,12.338727669087405,48.41548179594298,66.86051425622918,10.045266627482652,0.0,0.0,70.5,17.42613658649659,14.69560176298435,0.0,18.24590739843891,22.283951028243692,16.690354475090988,0.0,36.21959170753901,49.38830667892189,4.983978520947208,23.20187978046503,0.0,12.495863618838005,32.01166545838143,10.829475777691192,1.533005624317629,-0.9700172724346008,18.22970956783472,1.7210675705467378,3.6214518770471154,0.0,0.2692307692307692,33,1,5,0,1,1,1,2,1,3,3,0,3,1,7,2,5,0,1,1,0,0,6.460675914670631,4,6.439620000000005,129.82279999999997,1,0,0,0,0,1,0,0,1,1,2,1,0,0,0,2,0,0,0,0,0,0,0,0,0,0,0,1,0,1,1,0,0,0,2,0,0,0,0,0,0,0,0,0,2,0,0,0,0,0,0,0,0,0,0,0,0,0,0,0,0,0,0,0,0,0,0,0,0,1,0,0,0,1,0,0,0,0,0,0,0,0,0,0,0,CHEMBL4110794,Cc1cccnc1N1C(=O)[C@@](C)(CC(=O)O)C[C@H](c2cccc(Cl)c2)[C@H]1c1ccc(Cl)cc1,30.0,1.4771212547196624,CHEMBL1907611,Tumour suppressor p53/oncoprotein Mdm2,3,Large-Nonpolar-Aromatic-Rigid-Hydrophobic,Large-Nonpolar-Aromatic-Rigid-Hydrophobic
13.60202081238066,13.60202081238066,0.0649399075473804,-0.6106354192911732,0.592097116596179,24.11428571428571,529.493,503.2850000000004,528.115352432,182,0,0.2625726680692765,-0.3527826641303973,0.3527826641303973,0.2625726680692765,1.1142857142857143,1.7428571428571429,2.342857142857143,35.49678599103568,9.80825448309296,2.5302002826500707,-2.369715482009183,2.5584761005866277,-2.4988237525831347,8.177765473498733,-0.1345425661725322,3.3203548937098053,1.6221135776062838,1243.0030278017382,24.905048436076797,19.717137639365824,22.045492112330457,16.68539629854527,11.573716597909762,13.146142124855944,9.420670928881128,11.271063297191,6.691238874465791,8.253631926751892,5.020142205068365,6.64710632742326,-2.479999999999999,90035699.56004447,24.22486786336824,9.19075017191993,4.236540697093336,218.90812912343256,15.116608065707286,10.444061766273393,5.1676517695780495,5.907179729351506,5.907179729351506,0.0,9.589074368143644,4.992404732635668,0.0,0.0,61.31482245369272,59.99589945248356,28.83181875236364,12.586597235060536,9.589074368143644,51.94577595813721,0.0,15.116608065707286,10.91031077879706,32.35197768060318,19.634269217737724,80.3052819855154,0.0,0.0,5.316788604006331,0.0,0.0,34.963764729856145,46.41609990771974,15.127999620526989,5.917906046161393,37.93995541161382,64.12551710727443,10.045266627482652,0.0,0.0,65.01,5.538925252383345,9.589074368143644,0.0,30.318862739924946,28.039915953197852,21.991594066027872,11.761884949391115,4.899909730850477,48.53093654769288,30.98790993392868,28.194284513100698,0.0,13.816603139256548,35.26357902359925,4.906517573790094,2.408627238234171,-0.1848830993550043,15.42917397712888,0.0,7.332604369568274,0.0,0.3461538461538461,35,1,6,0,3,3,2,2,0,2,2,0,5,1,9,3,4,0,1,1,0,0,6.361277385142551,5,5.1943000000000055,141.3156999999998,0,0,0,0,0,0,0,0,0,0,2,2,0,0,1,3,1,0,0,0,0,0,0,0,0,0,1,2,1,0,0,0,0,0,2,0,1,0,0,0,0,0,0,0,2,0,0,0,0,0,0,0,0,0,0,0,0,0,0,0,0,0,0,0,0,0,0,0,0,0,1,0,0,0,0,1,0,0,0,0,0,0,0,0,0,CHEMBL2315834,CC(C)C1=C(C(=O)N2CCNC(=O)C2)SC2=N[C@@](C)(c3ccc(Cl)cc3)[C@@H](c3ccc(Cl)cc3)N21,92.0,1.9637878273455551,CHEMBL1907611,Tumour suppressor p53/oncoprotein Mdm2,3,Large-Nonpolar-Aromatic-Rigid-Hydrophobic,Large-Nonpolar-Aromatic-Rigid-Hydrophobic
13.522195132108552,13.522195132108552,0.0781323388976849,-0.1600845616024191,0.6213947711142422,22.264705882352946,515.466,491.2740000000003,514.0997023680001,176,0,0.2625726647129238,-0.3527826641303973,0.3527826641303973,0.2625726647129238,1.0588235294117647,1.6764705882352942,2.264705882352941,35.49678588821136,9.921714805955906,2.473661998407798,-2.320057909187269,2.531022258312296,-2.4984378253101815,8.177738356929147,-0.1345399086648962,3.358447740751059,1.5776051611896935,1194.4012937350842,23.982398705266423,18.79448790855545,21.122842381520083,16.3294075958929,11.191642023240275,12.76406755018646,8.822240993263375,10.672633361573244,6.20811505626835,7.784630270975869,4.650572680241169,6.216678740651042,-2.479999999999999,67061860.63346411,23.27069495170846,9.285066661304269,4.210090513681413,212.54318700903593,15.116608065707286,10.946977343038007,5.1676517695780495,5.907179729351506,5.907179729351506,0.0,14.581479100779312,0.0,0.0,0.0,61.31482245369272,53.072162252792936,28.83181875236364,12.586597235060536,9.589074368143644,51.94577595813721,0.0,15.116608065707286,10.91031077879706,25.93115605767717,19.634269217737724,80.3052819855154,0.0,0.0,5.316788604006331,0.0,0.0,34.963764729856145,46.41609990771974,9.589074368143644,5.917906046161393,37.05805904107116,64.12551710727443,10.045266627482652,0.0,0.0,65.01,0.0,9.589074368143644,0.0,36.3607035690729,28.039915953197852,21.991594066027872,11.761884949391115,4.899909730850477,48.53093654769288,24.064172734238056,28.194284513100698,0.0,13.73797596616509,35.004619237894346,4.9235399153254225,3.0551654353031226,-0.1629054811472272,15.276311637748684,0.0,5.220848844266122,0.0,0.32,34,1,6,0,3,3,2,2,0,2,2,0,5,1,9,3,4,0,1,1,0,2,6.354998643573228,5,5.020200000000004,136.70469999999986,0,0,0,0,0,0,0,0,0,0,2,2,0,0,1,3,1,0,0,0,0,0,0,0,0,0,1,2,1,0,0,0,0,0,2,0,1,0,0,0,0,0,0,0,2,0,0,0,0,0,0,0,0,0,0,0,0,0,0,0,0,0,0,0,0,0,0,0,0,0,1,0,0,0,0,1,0,0,0,0,0,0,0,0,0,CHEMBL2152331,CC(C)C1=C(C(=O)N2CCNC(=O)C2)SC2=NC(c3ccc(Cl)cc3)C(c3ccc(Cl)cc3)N21,160.0,2.204119982655925,CHEMBL5023,p53-binding protein Mdm-2,3,Large-Nonpolar-Aromatic-Rigid-Hydrophobic,Large-Nonpolar-Aromatic-Rigid-Hydrophobic
13.977784632484862,13.977784632484862,0.1648890008678372,-1.1562983434114396,0.3506559448891692,16.484848484848484,503.38200000000006,486.2460000000002,502.032096984,168,0,0.3328262750593501,-0.4672206082806878,0.4672206082806878,0.3328262750593501,1.0606060606060606,1.6666666666666667,2.272727272727273,35.49678573035751,9.977165515148448,2.4242186618629207,-2.356628864679852,2.388270431804845,-2.4375632002605667,7.802963241917013,-0.1463286607065212,2.8940038903502505,1.9591768178303468,1235.4616705657463,23.697941654890258,17.21965367584823,19.548008148812865,15.794932753282252,9.817164978333407,10.981342214815726,7.322914249678357,8.635612216249772,5.3050214766735,6.134296565505137,3.7804600797606898,4.39203844960948,-2.9999999999999987,24840138.32008999,23.168044077134983,9.46938775510204,4.572015570934256,204.60654645177573,14.953561288656855,16.847563771932045,6.041840829147961,0.0,5.907179729351506,5.969305287951848,4.794537184071822,9.184952231746642,0.0,0.0,59.68522149735816,53.59147246262526,10.045266627482652,18.36063530765809,18.716352369618512,57.97212661723683,0.0,4.899909730850477,0.0,12.08368165829592,12.426586145283864,99.28287969669726,0.0,0.0,5.316788604006331,10.077801322358384,0.0,35.41975322351173,28.874694391169555,9.53140013787187,5.817220841045894,33.56857331745873,66.73003775307771,10.045266627482652,0.0,0.0,58.64,29.77738751664517,13.979489415818463,0.0,16.239339868118748,21.172169610876644,0.0,30.20880847751284,48.53093654769288,0.0,5.316788604006331,40.156616177311776,19.052223276769737,17.759944527862743,28.50559177374653,3.948139316791915,1.469986527532825,-1.7257317156192795,14.971254262979553,0.0,0.0,1.2408142521581975,0.125,33,1,5,0,1,1,1,3,0,3,2,0,4,1,9,1,4,0,0,0,0,2,6.648096754354134,4,5.983200000000004,129.19219999999996,0,0,0,0,0,0,0,0,0,0,2,2,1,0,0,1,1,0,0,0,0,0,0,0,0,0,0,1,0,1,0,0,0,0,3,0,1,0,0,0,1,1,0,0,3,0,0,0,0,0,0,0,0,0,0,1,0,0,0,0,0,0,0,0,0,0,0,0,0,0,0,0,0,0,0,0,0,0,0,0,0,0,0,0,0,CHEMBL2089152,COC(=O)C(c1ccc(Cl)cc1)N1C(=O)c2ccc(F)cc2NC(=S)C1c1ccc(Cl)cc1,6590.0,3.8188854145940097,CHEMBL614894,SAOS-2,3,Large-Nonpolar-Aromatic-Rigid-Hydrophobic,Large-Nonpolar-Aromatic-Rigid-Hydrophobic
15.791507378215998,15.791507378215998,0.0521003101041979,-1.24046984448432,0.4752044876518111,24.974358974358974,574.5240000000001,540.2520000000001,573.196125528,208,0,0.2471147127006345,-0.3787927180120614,0.3787927180120614,0.2471147127006345,1.205128205128205,1.948717948717949,2.6666666666666665,35.496786061446,9.608090546272685,2.6248047479010235,-2.3878951244608446,2.6121913605682585,-2.4607355798437394,6.311457073497237,-0.1225167596608717,3.3486668371500574,1.6063317545779072,1319.0161772805145,27.94901851044682,22.451751776931705,23.963609668968612,18.5187296318786,13.375343452744534,14.131272398762988,11.79230452115872,12.63594042837131,7.987401044990138,8.514405995128499,6.3842081350574675,6.7381594008736645,-2.449999999999999,498012338.97555226,28.092143249189252,10.846286711637886,5.220503042888769,238.4185742156314,15.37044016181271,5.817220841045894,0.0,11.814359458703011,0.0,0.0,14.48898409899412,4.39041504767482,0.0,0.0,68.24821269175563,47.079722327263,48.380055788305846,23.651387712163935,18.716352369618512,40.703625513851605,0.0,10.216698334856808,11.332896515558172,38.52492973755605,44.70957815668247,75.03671749959534,0.0,0.0,10.633577208012662,10.077801322358384,0.0,23.20187978046503,56.10705874222962,19.74092779134047,17.150117356604067,44.23684225155326,48.04732704767281,10.045266627482652,0.0,0.0,70.67,17.150117356604063,9.589074368143644,4.39041504767482,33.7333407796995,54.57067397396814,13.08951281182515,6.06636706846161,24.26546827384644,12.142387175295491,36.30469853793501,27.938742734265084,21.20445747412084,12.546911076283044,30.229799749486645,6.479593088598286,0.4858678823266553,-2.4544122715363392,10.042414964359631,2.4953822593852353,10.358874665864892,0.0,0.4666666666666667,39,2,6,1,2,3,2,2,0,2,3,0,4,2,9,2,6,0,1,1,1,3,7.812703590387419,5,5.547000000000005,151.82439999999977,0,0,0,0,0,0,0,0,0,0,2,2,0,0,0,1,2,0,0,0,0,0,0,0,0,0,1,2,0,1,0,0,0,0,2,0,2,0,0,0,0,1,0,0,3,0,0,0,0,0,0,0,0,0,0,0,1,0,0,0,0,0,0,0,0,0,0,0,0,0,0,0,0,0,0,0,0,0,0,0,0,0,0,0,0,CHEMBL4207959,CC(C)(C)CC1C=C(C(=O)NCCN2CCOCC2)C(c2cccc(Cl)c2F)C12C(=O)Nc1cc(Cl)ccc12,23.7,1.3747483460101038,CHEMBL1907611,Tumour suppressor p53/oncoprotein Mdm2,3,Large-Nonpolar-Aromatic-Rigid-Hydrophobic,Large-Nonpolar-Aromatic-Rigid-Hydrophobic
12.601184965160432,12.601184965160432,0.0257709377496531,-4.014654790514049,0.4535050021169859,10.96774193548387,429.4970000000001,410.34500000000025,429.103479088,154,0,0.2644978450878716,-0.4573831369900921,0.4573831369900921,0.2644978450878716,0.6129032258064516,1.1290322580645162,1.7419354838709675,32.23327223153135,10.040328887627592,2.1862379657417628,-2.092732383687385,2.22917088553264,-2.3002646186674336,7.896981138661652,0.0981154230769067,2.804376759089691,1.4462656148072923,1269.205204653616,21.683587508058327,16.433546297732583,17.25004287866031,15.009969818002329,9.568055674630749,11.05121892222514,6.764517801507379,8.446920042916899,4.594214369848258,5.9411064819113655,2.996000165800643,3.9701625934462497,-3.899999999999998,13206864.604214773,20.375924106797935,8.851837037914311,4.993113000286561,180.55333325765943,4.736862953800049,11.49902366656781,0.0,0.0,15.930470882759089,0.0,4.794537184071822,13.139891848781026,0.0,0.0,60.6636706846161,59.65783953108687,5.563451491696996,4.895483475517775,17.949197122200808,15.930470882759089,0.0,4.722094864452088,0.0,4.895483475517775,0.0,114.75805872400603,0.0,22.6259266499618,9.458957818252138,0.0,11.49902366656781,0.0,14.324976713680442,10.023291153407584,0.0,10.357988675768818,114.0900907078268,0.0,11.126902983393991,0.0,72.47,15.930470882759089,13.212334168400758,0.0,10.45893496721477,11.49902366656781,11.126902983393991,12.13273413692322,48.53093654769288,48.53093654769288,4.722094864452088,4.736862953800049,32.974004615594254,0.0,12.448805955530412,0.0,2.209435472055268,0.4468153479226282,31.51892673274482,0.0,0.0,-4.014654790514049,0.0,31,1,5,0,0,0,1,4,0,4,0,0,4,1,6,0,6,0,0,0,0,0,5.818205151299518,4,5.264600000000004,119.488,0,0,0,0,0,0,0,0,0,0,1,1,0,0,0,0,1,0,0,0,0,0,0,0,0,0,0,1,0,0,0,0,0,0,4,0,0,0,0,0,0,1,0,0,0,0,0,0,0,0,0,0,0,0,0,0,0,0,0,0,0,0,0,0,1,0,0,0,0,0,0,0,0,0,0,0,1,0,0,0,0,0,0,0,0,CHEMBL1824806,O=C(NS(=O)(=O)c1ccc(Oc2ccccc2)cc1)c1ccc(-c2ccccc2)cc1,3560.0,3.5514499979728753,CHEMBL4361,Induced myeloid leukemia cell differentiation protein Mcl-1,0,Large-Nonpolar-Aromatic-Rigid-Hydrophobic,Large-Nonpolar-Aromatic-Rigid-Hydrophobic
14.17856429866185,14.17856429866185,0.0602326187676722,-1.0399805152364394,0.2663900603349408,14.763157894736842,549.4540000000002,523.2460000000002,548.1269626720001,194,0,0.3352062900236644,-0.496054306324528,0.496054306324528,0.3352062900236644,0.9473684210526316,1.631578947368421,2.263157894736842,35.496785642009975,10.01641674476688,2.435368363838312,-2.3005015166288776,2.478570973279612,-2.3023084729547816,6.309196239501145,0.0696324609035911,3.4051385670834997,1.811185589449136,1574.1164379354193,27.30023595046221,21.32786810337506,22.839725995411964,18.116299958328167,12.139852992642696,12.895781938661152,9.57251028164497,10.44538184258894,6.897735282553636,7.3848087006808605,5.207004189074686,5.4993359017857255,-3.7399999999999984,359823825.45900124,25.89058819221608,9.856612353347948,4.236657954864887,230.53271271269944,14.410489996432108,11.791352662431866,0.0,0.0,5.907179729351506,5.969305287951848,9.6944469149223,4.794537184071822,0.0,0.0,41.40098098584986,80.42905113015874,27.33794522301117,29.624556514368447,19.4324647167844,40.76575107245195,0.0,4.567099647791355,0.0,32.85489325736779,12.009707272128011,104.72303834219684,0.0,17.00689131982936,9.636772684650529,5.687386274683562,5.749511833283905,23.20187978046503,28.65990960121295,0.0,6.923737199690624,63.46796438745725,66.73003775307771,10.045266627482652,11.257379486545457,0.0,71.77000000000001,12.011146117099807,14.69560176298435,0.0,17.51247205019646,32.615609439009006,22.508217252926013,6.06636706846161,30.20880847751284,63.235781078303134,4.567099647791355,27.938742734265084,7.703043293470332,12.602179877921104,27.747307406564307,10.780707924969914,5.31623484228147,-0.6877306884104939,19.030347259965627,0.0,6.0208680186579375,1.5425976201353602,0.2,38,1,6,0,1,1,1,3,1,4,1,0,4,1,8,2,6,0,0,0,0,0,6.715618195022147,5,7.807820000000006,150.05779999999973,0,0,0,0,1,1,0,0,1,1,2,1,0,0,0,2,0,0,0,0,0,0,0,0,0,0,0,1,0,1,1,0,0,0,3,0,1,0,0,0,0,1,0,0,2,0,0,0,0,0,0,0,0,0,0,1,0,0,0,0,0,0,0,0,0,0,0,0,0,0,0,0,0,0,0,0,0,0,0,0,0,0,0,0,0,CHEMBL4110383,COc1ccc(C(=O)O)cc1-c1cc2c(n1C(C)C)[C@@H](c1ccc(Cl)cc1)N(c1cc(Cl)ccc1C)C2=O,6.21,0.7930916001765802,CHEMBL1907611,Tumour suppressor p53/oncoprotein Mdm2,3,Large-Nonpolar-Aromatic-Rigid-Hydrophobic,Large-Nonpolar-Aromatic-Rigid-Hydrophobic
6.779105017006803,6.779105017006803,0.2052967923280426,-0.3232191279289498,0.2608126368252245,18.457142857142856,594.3069999999998,572.1310000000001,592.010950144,176,0,0.2285058010604877,-0.4930299985325605,0.4930299985325605,0.2285058010604877,0.9428571428571428,1.6285714285714286,2.3142857142857145,79.91976201353728,9.83696595188978,2.437243902040594,-2.421766294111115,2.5407677384113394,-2.3677990549465626,9.104491288533346,0.2191884579346341,3.354996665857329,1.6713872154420182,1430.5790554252285,24.10371904882607,19.15129045878732,22.323283537016728,17.06288194571337,11.375386279718704,12.961382818833409,8.433402171898935,10.26475322948231,6.412589977510669,7.469921003587141,4.9606444284051845,5.489309941443419,-3.0999999999999996,178455600.81364387,22.3694295723445,8.84050838290968,3.6663189477228255,220.00491597762985,14.373635638450576,29.972150958228617,0.0,5.948339280986494,0.0,0.0,0.0,4.681802935145184,10.082660329248244,0.0,62.19172313820675,54.44884259385427,21.56621554441129,17.867372769265746,9.473725907600098,43.50526638994103,0.0,14.764463264393427,0.0,19.069544416586886,18.554463678040584,104.26625586466736,0.0,11.49902366656781,14.373635638450576,5.948339280986494,11.49902366656781,31.859887795898697,28.419017211583537,0.0,0.0,35.75989889167788,87.57590138957636,0.0,5.697039313055833,0.0,52.41,0.0,0.0,0.0,12.145807216896262,6.606881964512918,54.353300297435226,0.0,6.3273200747645415,48.98504745982105,83.24066026676708,9.473725907600098,16.891152966785633,7.142558314443842,6.731168928123744,4.659108573213236,5.235047634794659,2.3504575302343165,22.447453112755923,1.2888776717260209,2.555648141022489,2.031860460233476,0.1851851851851851,35,0,6,0,2,2,0,3,1,4,2,0,6,0,8,3,4,0,0,0,0,2,5.650203704434836,6,6.786000000000005,142.74799999999982,0,0,0,0,0,3,0,0,0,0,0,0,0,0,0,4,0,0,0,0,0,0,0,0,0,0,0,0,0,1,0,0,0,0,3,0,3,0,0,0,0,2,0,0,2,0,0,0,0,0,0,0,0,0,0,0,0,0,0,0,0,0,0,0,0,0,0,0,0,0,0,0,0,0,0,0,0,0,0,0,0,0,0,0,0,CHEMBL583626,CCOc1cccc2c1C1=C(C(c3ccc(Br)cc3)O2)C(c2ccc(Br)cc2)n2ncnc2N1C,910.0,2.9590413923210934,CHEMBL1907611,Tumour suppressor p53/oncoprotein Mdm2,3,Large-Nonpolar-Aromatic-Rigid-Hydrophobic,Large-Nonpolar-Aromatic-Rigid-Hydrophobic
15.344526253134656,15.344526253134656,0.0770761421852694,-0.6783273951521902,0.2544212479219643,15.0,541.4250000000002,517.2330000000002,540.118289808,190,0,0.2607182748041339,-0.4960514848684942,0.4960514848684942,0.2607182748041339,0.972972972972973,1.7297297297297298,2.4054054054054053,35.49678585588859,9.975249208155391,2.4453427779017245,-2.301716488344021,2.484275083068067,-2.308931799761509,6.310411122160937,0.0992412630518782,3.363958809835437,1.838179259762749,1547.3964805348498,26.593129169275663,20.650984894240068,22.162842786276975,17.633136710733773,11.762736253480387,12.51866519949884,9.288394340805354,10.132030248017946,6.713551828159278,7.240556778297637,5.162856783937001,5.559065762489622,-3.3499999999999988,216062125.97232085,25.305882005400267,9.508118405818903,4.085140607513961,223.5430855519155,9.303962601591405,17.60857350347776,5.817220841045894,0.0,5.907179729351506,0.0,9.6944469149223,8.78083009534964,0.0,0.0,35.33461391738825,80.42905113015875,16.627925634586283,34.77112461109634,18.31223023322151,34.7964457845001,0.0,4.567099647791355,0.0,32.85489325736779,12.009707272128011,104.72766146413,0.0,17.00689131982936,9.636772684650529,14.468216370033202,5.749511833283905,23.20187978046503,17.584076918420394,0.0,18.558178881782418,53.109975711688435,60.6636706846161,10.045266627482652,11.257379486545457,0.0,34.47,17.676282511239748,9.184952231746642,4.39041504767482,22.659040146924355,33.28690412011614,11.126902983393991,30.20880847751284,30.33183534230805,37.471045383786446,0.0,27.938742734265084,37.23550411699619,12.374537406140709,15.473090653957057,0.4732341595193334,3.922872461227291,-1.0098671402462278,15.21118978504003,0.0,5.859356526799408,1.5156375861217546,0.2068965517241379,37,0,4,0,1,1,1,3,1,4,1,0,3,0,8,2,5,0,0,0,0,1,6.5030087154331815,5,8.387820000000003,143.01449999999983,0,0,0,0,0,1,0,0,0,0,1,1,0,0,0,2,0,0,0,0,0,0,0,0,0,0,0,1,0,1,1,0,0,0,3,0,1,0,0,0,0,1,0,0,4,0,0,0,0,0,0,0,0,0,0,1,0,0,0,0,0,0,0,0,0,0,0,0,0,0,0,0,0,0,0,0,0,0,0,0,0,0,0,0,0,CHEMBL3909154,COc1ccc(F)cc1-c1cc2c(n1C(C)C)C(c1ccc(Cl)cc1C)N(c1cccc(Cl)c1F)C2=O,6.0,0.7781512503836436,CHEMBL1907611,Tumour suppressor p53/oncoprotein Mdm2,3,Large-Nonpolar-Aromatic-Rigid-Hydrophobic,Large-Nonpolar-Aromatic-Rigid-Hydrophobic
6.681363142479214,6.681363142479214,0.1237935799319729,-0.2508304988662142,0.3529973516491981,19.15625,485.3850000000001,464.21700000000016,484.0898733920002,158,0,0.2285036246553229,-0.4804418227308594,0.4804418227308594,0.2285036246553229,0.90625,1.625,2.40625,79.91873131199472,9.838195472183376,2.4243724683501853,-2.418289531590611,2.5181261120393685,-2.365532917256309,9.10299950162864,0.2216550951150034,3.301698647821049,1.6542175822825038,1341.0217409312077,21.819261998449896,17.73532118331731,19.321317722432013,15.614193540729632,10.569831315534136,11.362829585091486,8.226396303173905,9.142071831965591,6.237474776805438,6.766140289843674,4.735113579228673,4.99944633574779,-3.379999999999999,45295660.37279759,19.316194051797027,7.34520254637014,2.9001404127867176,194.65888102808492,9.636772684650529,24.222639124944713,0.0,5.948339280986494,0.0,0.0,0.0,4.681802935145184,10.082660329248244,0.0,70.02433193733923,42.316108456931055,22.656947520275867,5.697039313055833,4.736862953800049,27.57532249199168,0.0,14.764463264393427,0.0,19.069544416586886,11.947581713527669,111.42335490899356,0.0,5.749511833283905,9.636772684650529,5.948339280986494,5.749511833283905,15.929943897949348,21.81213524707062,0.0,6.923737199690624,34.399613183684245,89.16954894220557,0.0,5.697039313055833,0.0,43.18,0.0,0.0,0.0,12.145807216896262,0.0,44.131068948318905,5.563451491696996,6.3273200747645415,16.814537072068404,105.547593825032,4.736862953800049,9.730619567271354,3.561775862609387,6.740126867781088,4.643318583606282,6.854314038242837,1.6965040391156463,25.145757723575866,1.3809874994534077,2.10577277307665,2.0574897119341564,0.1538461538461538,32,0,5,0,2,2,0,3,1,4,2,0,5,0,6,3,2,0,0,0,0,2,4.4337924292324775,6,5.933220000000004,128.616,0,0,0,0,0,3,0,0,0,0,0,0,0,0,0,4,0,0,0,0,0,0,0,0,0,0,0,0,0,1,1,0,0,0,3,0,3,0,0,0,0,1,0,0,1,0,0,0,0,0,0,0,0,0,0,0,0,0,0,0,0,0,0,0,1,0,0,0,0,0,0,0,0,0,0,0,0,0,0,0,0,0,0,0,0,CHEMBL568519,Cc1ccc(C2C3=C(c4ccccc4OC3c3ccc(Br)cc3)N(C)c3ncnn32)cc1,4740.0,3.675778341674085,CHEMBL1907611,Tumour suppressor p53/oncoprotein Mdm2,0,Large-Nonpolar-Aromatic-Rigid-Hydrophobic,Large-Nonpolar-Aromatic-Rigid-Hydrophobic
13.700807000783852,13.700807000783852,0.0620978206097253,-0.193489036561127,0.5766214542002106,23.870967741935484,456.37700000000024,433.19300000000027,455.127965716,160,0,0.2262055025654693,-0.3345089377314156,0.3345089377314156,0.2262055025654693,1.032258064516129,1.8387096774193548,2.5161290322580645,35.496784904675074,9.744849484067675,2.444989010392206,-2.4493439798690373,2.473727382314736,-2.479209780676925,6.3043881110537985,-0.1432677105824445,3.4374927576542302,1.5657066936301225,1052.0934958566131,21.37166824125719,16.9167687546904,18.42862664672731,15.080520035918411,10.622471947841156,11.378400893859611,8.576552119523143,9.449423680467111,6.356810888220808,6.843884306348032,4.704275698628295,5.02899131071311,-2.439999999999999,22620682.341193244,20.461988542037684,8.595114424982016,4.456902516950036,190.48470366161112,4.899909730850477,5.824404497999927,0.0,5.907179729351506,0.0,0.0,4.794537184071822,5.098681808301038,0.0,5.098681808301038,47.46734805431147,70.99951236348959,34.84665674864402,6.041840829147961,4.794537184071822,29.10905950981654,0.0,25.52404353876229,11.835812092322788,37.64303336701339,6.544756405912575,75.52751065656945,0.0,0.0,0.0,0.0,0.0,23.20187978046503,37.97597967402637,11.21535880699783,11.835812092322788,48.1735192254813,48.53093654769288,10.045266627482652,0.0,0.0,74.77,0.0,4.794537184071822,0.0,23.784832650822256,34.62922041749599,17.671659389306566,12.84164324585202,0.0,42.46456947923127,31.590410607223895,23.20187978046503,0.0,12.526522282927637,15.788545096021949,15.566017071367972,2.2403697142437227,1.2951227974822546,15.81421059989482,3.5525984452422943,0.7721695483749058,0.0,0.391304347826087,31,1,6,1,1,2,1,2,1,3,3,0,4,1,8,2,6,1,1,2,0,0,5.673326867144673,5,4.832600000000005,118.81170000000002,0,0,0,0,0,4,1,0,0,0,1,1,0,0,0,4,1,0,0,0,1,1,0,0,0,0,0,1,0,0,0,0,0,0,2,0,0,0,0,0,0,0,0,0,2,0,0,0,0,0,0,0,0,0,0,0,0,0,0,0,0,0,0,0,0,0,0,0,0,1,0,0,0,0,0,0,0,0,0,1,0,0,0,0,0,CHEMBL2177185,O=C1[C@@H](Cc2nnn[nH]2)C[C@H](c2cccc(Cl)c2)[C@@H](c2ccc(Cl)cc2)N1CC1CC1,14.0,1.146128035678238,CHEMBL1907611,Tumour suppressor p53/oncoprotein Mdm2,3,Large-Nonpolar-Aromatic-Rigid-Hydrophobic,Large-Nonpolar-Aromatic-Rigid-Hydrophobic
13.253165679852188,13.253165679852188,0.0007415018476528,-0.530999372742925,0.3308787796652864,21.666666666666668,594.1410000000001,573.9810000000002,590.90441518,154,0,0.2519411085076163,-0.3575797913784318,0.3575797913784318,0.2519411085076163,0.7666666666666667,1.2333333333333334,1.7666666666666666,79.92079239419468,9.909683169679464,2.4175653740173786,-2.4289985438207307,2.417620533641793,-2.4918475922513768,9.10597384627342,-0.1707073506999538,2.742979301455709,1.6933913897776638,1015.8265077961432,21.250347897697548,16.264964414486304,21.022954031830416,14.41872399336994,9.596756691846569,11.975751500518625,7.372998149406952,10.120024735782016,5.382383169917032,6.968379709031739,3.818560276259516,4.611558545816867,-1.4699999999999989,6681634.252333167,21.750350153584872,9.34728341057074,4.719516749848501,201.3669568811535,9.636772684650529,12.207932775496603,0.0,0.0,5.907179729351506,0.0,4.794537184071822,0.0,0.0,0.0,84.18803410461771,53.08855688586065,26.88665215310044,6.041840829147961,9.53140013787187,53.697011423199555,0.0,4.899909730850477,0.0,24.670595227570576,7.04767198267719,102.90491784412755,0.0,0.0,0.0,0.0,0.0,47.78983169384804,23.95872783062747,15.95222176079788,0.0,28.83616169198725,86.21456336903657,0.0,0.0,0.0,29.540000000000003,6.103966387748303,4.794537184071822,0.0,18.05298694624777,6.4208216229260096,30.108513022588227,0.0,0.0,72.61125239814378,59.92256583077127,4.736862953800049,9.52955239035055,10.465390136469768,15.089448158121272,0.0,3.163826966800903,-0.0007415018476528,24.050582502578493,-0.2544106276769983,0.0,1.8730186418703283,0.2083333333333333,30,0,3,0,1,1,1,3,0,3,3,0,2,0,6,1,4,0,1,1,0,0,6.776889572156953,4,6.856400000000005,129.255,0,0,0,0,0,0,0,0,0,0,1,1,0,0,0,1,0,0,0,1,0,0,0,0,0,0,0,1,0,0,0,0,0,0,3,0,0,0,0,0,0,1,0,0,3,0,0,0,0,0,0,0,0,0,0,0,1,0,0,0,0,0,0,0,0,0,0,0,0,0,0,0,0,0,0,0,0,0,0,0,0,0,0,0,0,CHEMBL2347403,CN1C(=O)[C@H](Cc2ccc(Br)cc2)O[C@@H](c2ccc(Br)cc2)[C@H]1c1ccc(Br)cc1,1500.0,3.1760912590556813,CHEMBL5023,p53-binding protein Mdm-2,3,Large-Nonpolar-Aromatic-Rigid-Hydrophobic,Large-Nonpolar-Aromatic-Rigid-Hydrophobic
14.254886612711438,14.254886612711438,0.0137755714425691,-0.4248136075417823,0.2652818195451094,14.615384615384617,562.4970000000002,533.2650000000002,561.158597148,200,0,0.2606316554836315,-0.4960543242594059,0.4960543242594059,0.2606316554836315,0.9487179487179488,1.641025641025641,2.282051282051282,35.496785733351786,10.01622873659514,2.4353993092168857,-2.300638326023796,2.478626402702858,-2.3024178397618096,6.309222897872791,0.0960806896551432,3.445404057395838,1.7996591693040085,1591.614720837879,28.007342731648755,22.3806545078751,23.892512399912007,18.65430476078895,12.666246194892716,13.422175140911172,9.84648186246842,10.719353423412388,7.140035477593427,7.627108895720651,5.3595501540197175,5.651881866730758,-3.7399999999999984,621426030.5111692,26.850750846856354,10.43694977919006,4.577077209770344,237.65328325850805,14.620751205597736,11.791352662431866,0.0,0.0,11.814359458703011,0.0,14.48898409899412,0.0,0.0,0.0,41.40098098584986,80.42905113015874,39.94906869738536,24.061105022671452,14.325937321943693,40.703625513851605,0.0,9.883888251797686,0.0,32.85489325736779,19.0573792548052,104.72303834219684,0.0,17.00689131982936,14.953561288656855,5.687386274683562,5.749511833283905,23.20187978046503,30.53892863044909,0.0,6.923737199690624,63.46796438745725,66.73003775307771,10.045266627482652,11.257379486545457,0.0,63.57,6.041840829147961,9.589074368143644,0.0,17.85620028785097,26.92168144416055,33.76559673947147,0.0,26.290203660877943,66.4209505466956,23.731362651178937,27.938742734265084,7.869337936327475,12.656659595734157,28.560018609502784,3.847718493103942,6.087784340087699,0.2805283188961323,19.931611196960674,0.0,6.127997830915955,3.1938992340267456,0.2258064516129032,39,1,6,0,1,1,2,3,1,4,1,0,4,1,8,2,6,0,0,0,0,1,7.185639439030377,5,7.469220000000006,156.48869999999965,0,0,0,0,0,1,0,0,0,0,2,2,0,0,0,2,1,0,0,0,0,0,0,0,0,0,0,2,0,1,1,0,0,0,3,0,1,0,0,0,0,1,0,0,2,0,0,0,0,0,0,0,0,0,0,1,0,0,0,0,0,0,0,0,0,0,0,0,0,0,0,0,0,0,0,0,0,0,0,0,0,0,0,0,0,CHEMBL3925236,CNC(=O)c1ccc(OC)c(-c2cc3c(n2C(C)C)C(c2ccc(Cl)cc2)N(c2cc(Cl)ccc2C)C3=O)c1,0.116,-0.9355420107730816,CHEMBL1907611,Tumour suppressor p53/oncoprotein Mdm2,3,Large-Nonpolar-Aromatic-Rigid-Hydrophobic,Large-Nonpolar-Aromatic-Rigid-Hydrophobic
14.054133659122083,14.054133659122083,0.0416012289689533,-0.4544513731418496,0.3007970238803802,15.02777777777778,522.4320000000002,497.23200000000026,521.12729702,184,0,0.2686821818794662,-0.4960551334016093,0.4960551334016093,0.2686821818794662,0.9444444444444444,1.6388888888888888,2.2777777777777777,35.496785590480286,10.025621576176604,2.4329410536618843,-2.291939764273857,2.468239793052973,-2.312129114579913,6.306978896211884,0.0993190370309662,3.3771846202830105,1.7987103029805729,1510.6279742803076,25.722885681272587,20.327868103375057,21.839725995411964,17.222453108210818,11.562573407438707,12.318502353457164,9.084067853697489,9.927703760910076,6.530912073156465,7.053664434067844,4.983919310883554,5.355006980155873,-3.4799999999999995,153759541.3846186,24.22486786336824,9.19075017191993,3.8127318668252097,218.80315631364869,13.87106224938276,16.813985976173193,0.0,0.0,11.466446624403511,0.0,14.48898409899412,0.0,0.0,0.0,47.46734805431147,55.8091283018479,29.87244118887655,29.748491297355013,9.53140013787187,34.7964457845001,0.0,9.13419929558271,7.04767198267719,25.93115605767717,12.009707272128011,104.08041594107812,0.0,17.00689131982936,15.196039579702534,5.687386274683562,5.749511833283905,23.20187978046503,22.15117656621175,7.04767198267719,0.0,47.54652421999144,71.655051440301,10.045266627482652,11.257379486545457,0.0,56.47,6.041840829147961,9.589074368143644,0.0,22.5309207672928,16.273471080121883,28.264270806374817,4.567099647791355,31.320589894879888,54.59730361615449,18.414574047172604,27.938742734265084,9.225303241350632,12.4612393177803,28.02934030684299,0.6570709990199537,4.371591788688432,0.5583113872525851,18.332826571789624,1.6406362153915064,4.183226708089623,3.262675686016581,0.2142857142857142,36,0,6,0,1,1,1,2,2,4,1,0,5,0,8,3,5,0,0,0,0,1,6.184575235555258,5,6.499900000000006,143.60249999999985,0,0,0,0,0,2,0,0,0,0,1,1,0,0,0,3,0,0,0,0,0,0,0,0,0,0,0,1,0,1,1,0,0,0,2,0,1,0,0,0,0,1,0,0,2,0,0,0,0,0,0,0,0,0,0,1,0,0,0,0,0,0,0,0,1,0,0,0,0,0,0,0,0,1,0,0,0,0,0,0,0,0,0,0,0,CHEMBL3969509,COc1ccccc1-c1cc2c(n1C(C)C)C(c1ccc(Cl)cc1)N(c1cc(Cl)c(=O)n(C)c1)C2=O,0.203,-0.6925039620867871,CHEMBL1907611,Tumour suppressor p53/oncoprotein Mdm2,3,Large-Nonpolar-Aromatic-Rigid-Hydrophobic,Large-Nonpolar-Aromatic-Rigid-Hydrophobic
12.889444468698777,12.889444468698777,0.0302015955489216,-0.285449997900395,0.2078389269050816,11.514285714285714,482.97100000000023,459.78700000000026,482.150953656,174,0,0.259504766047349,-0.3306683671777767,0.3306683671777767,0.259504766047349,0.9428571428571428,1.542857142857143,2.1714285714285713,35.49569212084966,10.096554077167973,2.129920412095542,-2.1372441626172676,2.2159013926964106,-2.2457111722655747,6.3013927409612736,-0.121021121106639,3.147965454798304,1.400871475733157,1603.0893556501003,24.52636877963644,19.32611239027814,20.08204133629659,16.935560745775547,11.208944507035232,11.58690898004446,8.381043852842435,8.817479633314418,6.128653679546993,6.380629994886478,4.505809134543605,4.631797292213348,-4.159999999999998,112955044.61183636,22.62328748380327,9.235477299573237,4.241836303260015,206.62401365890227,9.13419929558271,6.544756405912575,5.428790391900541,0.0,5.907179729351506,0.0,9.589074368143644,5.425791397110385,5.101407525739722,0.0,35.866408164078955,68.44477801553573,38.4337754987484,17.24800201476784,4.794537184071822,45.52857006328146,0.0,14.559990692693097,5.101407525739722,20.392230805293824,0.0,111.06004026110855,0.0,5.687386274683562,10.854581789010926,0.0,0.0,11.600939890232516,21.255979604469537,11.339293589984395,13.847474399381248,16.95130748139392,88.7587165998125,5.022633313741326,27.49323613884567,0.0,68.39,0.0,9.589074368143644,0.0,17.880726527164622,26.82848317790344,22.63869375607748,0.0,18.347334716458537,85.14461180025033,15.094298570641463,11.600939890232516,3.95975718853421,6.024296209793876,25.73334999051916,6.050055540915232,7.961938410607427,-0.285449997900395,24.301915503794906,1.6470973831919598,4.051484214988072,0.0,0.1071428571428571,35,1,6,0,0,0,1,3,2,5,0,0,5,1,7,2,5,0,0,0,0,0,5.969624514239556,5,5.365940000000005,141.70369999999983,0,0,0,0,0,2,0,0,0,0,1,1,0,0,0,3,1,0,0,0,0,0,0,0,0,0,0,1,0,0,1,0,0,0,3,0,2,0,0,0,0,0,0,0,1,0,1,0,0,0,0,0,0,0,0,0,0,0,0,0,0,0,0,0,2,0,0,0,0,0,0,0,0,1,0,0,0,0,0,0,0,0,0,0,0,CHEMBL1483506,Cc1cc(C=NNC(=O)Cn2c3ccccc3c(=O)c3ccccc32)c(C)n1-c1ccc(Cl)cc1,3575.7,3.5533610744946875,CHEMBL2093862,Runt-related transcription factor 1/Core-binding factor subunit beta,0,Large-Nonpolar-Aromatic-Rigid-Hydrophobic,Large-Nonpolar-Aromatic-Rigid-Hydrophobic
6.7896038832199554,6.7896038832199554,0.2094303902116405,-0.3273527258125477,0.2643619660194972,18.485714285714284,594.3069999999998,572.1310000000001,592.010950144,176,0,0.2285058023935958,-0.4956286335150157,0.4956286335150157,0.2285058023935958,0.9142857142857144,1.5714285714285714,2.2285714285714286,79.91976201354522,9.833256107602317,2.4396356315873957,-2.4231781359404017,2.545980260336582,-2.3682341100703903,9.104491403346683,0.2199462213649397,3.351784792851718,1.6960603208650316,1461.791997034038,24.2668557556426,19.366833408411143,22.538826486640552,16.973565548236333,11.204519321067872,12.790515860182577,8.659949602521792,10.491300660105168,6.645201821055447,7.702532847131919,5.096527951074458,5.625193464112693,-3.0999999999999996,162590950.90237203,22.3694295723445,8.532500517356938,3.4975814528358895,220.00491597762985,14.373635638450576,29.972150958228617,0.0,5.948339280986494,0.0,0.0,0.0,4.681802935145184,10.082660329248244,0.0,62.19172313820675,53.94592701708966,21.56621554441129,18.37028834603036,9.473725907600098,43.50526638994103,0.0,14.764463264393427,0.0,19.069544416586886,19.0573792548052,103.76334028790276,0.0,11.49902366656781,14.373635638450576,5.948339280986494,11.49902366656781,31.859887795898697,28.92193278834815,0.0,6.923737199690624,34.399613183684245,81.50953432111474,0.0,5.697039313055833,0.0,52.41,0.0,0.0,0.0,12.145807216896262,0.0,59.91675178913222,0.0,13.437117616042077,35.99494319166881,90.16439746645771,9.473725907600098,16.73728461607069,7.142664438894372,6.732882914644278,4.660489746052742,6.268638737188072,2.3562516534391533,20.52431162564888,1.2837795676695831,2.053265531266072,3.740431169126155,0.1851851851851851,35,0,6,0,2,2,0,3,1,4,2,0,6,0,8,3,3,0,0,0,0,2,5.453347697114544,6,6.7043200000000045,142.86799999999982,0,0,0,0,0,3,0,0,0,0,0,0,0,0,0,4,0,0,0,0,0,0,0,0,0,0,0,0,0,1,1,0,0,0,3,0,3,0,0,0,0,2,0,0,2,0,0,0,0,0,0,0,0,0,0,1,0,0,0,0,0,0,0,0,0,0,0,0,0,0,0,0,0,0,0,0,0,0,0,0,0,0,0,0,0,CHEMBL565254,COc1c(C)ccc2c1C1=C(C(c3ccc(Br)cc3)O2)C(c2ccc(Br)cc2)n2ncnc2N1C,3940.0,3.595496221825574,CHEMBL1907611,Tumour suppressor p53/oncoprotein Mdm2,3,Large-Nonpolar-Aromatic-Rigid-Hydrophobic,Large-Nonpolar-Aromatic-Rigid-Hydrophobic
13.412611139105849,13.412611139105849,0.1097619047619051,-0.9657442607607948,0.6546054198487483,24.75862068965517,434.36300000000006,409.16300000000024,433.12114902,154,0,0.3036504648884646,-0.4812120697535225,0.4812120697535225,0.3036504648884646,1.1724137931034482,1.827586206896552,2.3793103448275863,35.496784690722215,9.659939198639618,2.5191963814858753,-2.5420445405383703,2.5094504835207143,-2.597622673404587,6.304474872502604,-0.1572256998030045,2.6362027680855373,2.2126518824875276,912.59389570447,21.34457050376173,16.731919241405077,18.243777133441988,13.63979010701151,9.70699066071058,10.462919606729034,8.094483152450563,8.967354713394531,5.902986842071828,6.390060260199052,4.692135717768317,5.016851329853133,-2.0399999999999987,2093492.976625304,21.6636758645951,8.369094710138508,4.145291417315791,180.98067350664468,10.006437125691182,0.0,0.0,5.907179729351506,0.0,5.969305287951848,9.589074368143644,0.0,0.0,0.0,47.46734805431147,62.58440447923832,27.9229195489534,11.959746875309357,14.69560176298435,35.07836479776839,0.0,4.899909730850477,5.917906046161393,51.11152697261659,0.0,69.70310615856953,0.0,0.0,0.0,0.0,0.0,23.20187978046503,27.924762972142496,15.127999620526989,5.917906046161393,50.65766387447927,48.53093654769288,10.045266627482652,0.0,0.0,57.61,17.42613658649659,14.69560176298435,0.0,24.287748227586867,16.466088250408664,11.126902983393991,0.0,0.0,67.27832067792461,6.923737199690624,23.20187978046503,0.0,12.395150846661489,26.70796163220075,10.618785361864369,1.2790685626102305,-1.7951790645176895,15.035452679307449,0.2536099825732771,5.977372221522353,0.0,0.391304347826087,29,1,4,0,1,1,1,2,0,2,3,0,2,1,6,1,5,0,1,1,0,0,6.251908795880626,3,5.7240000000000055,115.33880000000003,1,0,0,0,0,0,0,0,1,1,2,1,0,0,0,1,0,0,0,0,1,0,0,0,0,0,0,1,0,0,0,0,0,0,2,0,0,0,0,0,0,0,0,0,2,0,0,0,0,0,0,0,0,0,0,0,0,0,0,0,0,0,0,0,0,0,0,0,0,1,0,0,0,0,0,0,0,0,0,0,0,0,0,0,0,CHEMBL3958512,CC(C)N1C(=O)[C@H](CC(=O)O)C[C@H](c2cccc(Cl)c2)[C@@]1(C)c1ccc(Cl)cc1,18.3,1.2624510897304295,CHEMBL1907611,Tumour suppressor p53/oncoprotein Mdm2,3,Large-Nonpolar-Aromatic-Rigid-Hydrophobic,Large-Nonpolar-Aromatic-Rigid-Hydrophobic
14.180621911830574,14.180621911830574,0.0317104084432122,-0.3887938030150333,0.2766804655247306,14.972972972972974,535.4710000000002,507.24700000000024,534.147698116,190,0,0.2606316554775406,-0.4960547547825036,0.4960547547825036,0.2606316554775406,0.945945945945946,1.648648648648649,2.297297297297298,35.496785521979184,10.016505087959905,2.434825154546542,-2.300669801959025,2.4784721855700087,-2.302272191071938,6.309130297845821,0.0993139502658767,3.405573046991718,1.8046848422858592,1491.699993153373,26.42999246245913,21.126726594097743,22.63858448613465,17.74362115826599,12.131903206270897,12.887832152289352,9.545044756113956,10.417916317057928,6.89776997914904,7.384843397276264,5.219478416337578,5.511810129048618,-3.2499999999999987,254372222.397693,25.401681943774395,9.899078915312682,4.311437857310675,226.37119061265565,14.410489996432108,11.791352662431866,0.0,0.0,5.907179729351506,0.0,9.6944469149223,0.0,0.0,0.0,47.46734805431147,79.92613555339412,27.33794522301117,30.66798698718437,14.637927532712578,34.7964457845001,0.0,4.567099647791355,0.0,39.461775221880714,12.009707272128011,104.72303834219684,0.0,17.00689131982936,9.636772684650529,5.687386274683562,5.749511833283905,23.20187978046503,22.690604313261098,6.606881964512918,6.923737199690624,58.67342720338543,66.73003775307771,10.045266627482652,11.257379486545457,0.0,54.7,0.0,9.901064578912528,0.0,24.597743352160343,21.358229952463553,39.329048231168464,0.0,7.109797541277533,78.55368468361881,18.414574047172604,27.938742734265084,7.885771940484693,12.63363072255876,16.01311773886509,10.998916888371184,6.642077499770954,0.5755124297066039,20.425493914343292,0.0,6.090243774108729,1.624123980679578,0.2333333333333333,37,1,5,0,1,1,1,3,1,4,1,0,4,1,7,2,6,0,0,0,0,1,6.796033895759351,5,7.601920000000007,149.02129999999977,0,1,1,0,0,1,0,0,0,0,1,1,0,0,0,2,0,0,0,0,0,0,0,0,0,0,0,1,0,1,1,0,0,0,3,0,1,0,0,0,0,1,0,0,2,0,0,0,0,0,0,0,0,0,0,1,0,0,0,0,0,0,0,0,0,0,0,0,0,0,0,0,0,0,0,0,0,0,0,0,0,0,0,0,0,CHEMBL3926314,COc1ccc(CO)cc1-c1cc2c(n1C(C)C)C(c1ccc(Cl)cc1)N(c1cc(Cl)ccc1C)C2=O,0.113,-0.9469215565165804,CHEMBL1907611,Tumour suppressor p53/oncoprotein Mdm2,3,Large-Nonpolar-Aromatic-Rigid-Hydrophobic,Large-Nonpolar-Aromatic-Rigid-Hydrophobic
13.95395994050319,13.95395994050319,0.0457618196498064,-0.2460024027877005,0.2546645329054645,14.45,526.6400000000003,496.4000000000004,526.2368762,198,0,0.2828428827074051,-0.3312041283041367,0.3312041283041367,0.2828428827074051,0.775,1.35,2.025,16.156229620940998,9.938512175113718,2.296951988258281,-2.35013178568619,2.292571272172244,-2.4248473587041945,6.095784787585218,0.0657745765513152,3.3873114016077905,1.3572418281176644,1637.5400394436367,27.639252954758803,22.56656990909317,22.56656990909317,19.508040390846975,13.494045883932548,13.494045883932548,10.166482692634643,10.166482692634643,7.468389386458378,7.468389386458378,5.419665530247053,5.419665530247053,-4.969999999999998,2104531967.0754144,25.315869909334175,10.654511194573724,4.686818039703983,233.65848858845524,4.899909730850477,0.0,5.693927994848461,0.0,11.814359458703011,0.0,14.48898409899412,4.681802935145184,5.098681808301038,0.0,72.79640482153933,73.85976848493252,29.65529777927612,11.250837766380558,9.589074368143644,23.189132008070136,0.0,14.680394474296698,0.0,32.85489325736779,4.899909730850477,143.33918476555854,0.0,5.687386274683562,4.899909730850477,11.374772549367124,0.0,0.0,32.53659476214767,12.965578028838586,6.923737199690624,44.59102203262218,115.26097430077064,0.0,5.687386274683562,0.0,58.440000000000005,0.0,9.589074368143644,0.0,17.85620028785097,23.48952216714159,23.48952216714159,11.126902983393991,15.648079734457273,102.81915295746528,25.122838405075456,5.098681808301038,1.705548469387755,0.0,31.48939866206579,4.749753161684529,6.245755294359435,-0.291764222437507,36.72423550535691,0.8177921552725567,4.5592809743105285,0.0,0.1470588235294117,40,0,6,0,1,1,2,4,1,5,1,0,4,0,6,2,5,0,0,0,0,0,6.743205483734327,6,6.746220000000008,157.13599999999963,0,0,0,0,0,2,0,0,0,0,2,2,0,0,0,4,0,0,0,0,0,0,0,0,0,0,0,2,0,2,1,0,0,0,4,0,1,0,0,0,0,0,0,0,0,0,0,0,0,0,0,0,0,0,0,0,0,0,0,0,0,0,0,0,3,0,0,0,0,0,0,0,0,0,0,0,0,0,0,0,0,0,0,0,0,CHEMBL514298,Cc1cc(C(=O)N(c2ccccc2)c2ccccc2)nn1-c1ccccc1C(=O)N1Cc2ccccc2C[C@H]1C,110.0,2.041392685158225,CHEMBL4860,Apoptosis regulator Bcl-2,3,Large-Nonpolar-Aromatic-Rigid-Hydrophobic,Large-Nonpolar-Aromatic-Rigid-Hydrophobic
14.041977697232175,14.041977697232175,0.0357987248397306,-0.55105472113367,0.2625617685194306,14.81578947368421,554.4530000000002,528.2450000000003,553.1447586520001,196,0,0.2606224807550683,-0.4803855203305696,0.4803855203305696,0.2606224807550683,1.0526315789473684,1.763157894736842,2.3684210526315788,35.496785941022274,10.024060477689286,2.433054588178767,-2.290597059047037,2.470502108581223,-2.2965830565866416,6.309777043054387,0.0993274865833144,3.407198370149643,1.7609919025091565,1535.2387095862482,27.30023595046221,21.537310938541086,23.04916883057799,18.116299958328167,11.99879882079462,12.754727766813076,9.50727943717208,10.350915344384669,6.536363705869433,7.077986482873482,4.8806565151837225,5.181427834170634,-3.6199999999999983,363457761.7093645,26.00570287362518,9.925665488480323,4.273230539407042,229.94162189548223,14.203872332441884,11.859061670193856,0.0,11.828327617421866,5.907179729351506,0.0,9.6944469149223,9.374393568622027,4.983978520947208,0.0,35.33461391738825,55.8091283018479,37.044047954540304,34.647189828109774,13.921815185546691,40.74478506548659,0.0,14.53505668968577,0.0,25.93115605767717,31.00496096833287,87.41109856607696,0.0,17.137367822980828,14.536682415501003,16.026140603344878,5.879988336435371,23.20187978046503,41.64737792566919,0.0,5.817220841045894,47.54652421999144,54.727780119305955,10.045266627482652,11.257379486545457,0.0,63.49,11.859061670193856,9.184952231746642,0.0,16.971653872240793,33.665250189240744,16.95130748139392,12.13273413692322,41.305561779976394,46.14191957012046,14.53505668968577,27.938742734265084,21.776099675350807,12.3251430393347,26.52670133922532,0.5226863758915743,4.079778420861425,0.1320791728108035,12.954653695125977,1.7121362160566709,4.09548179607523,5.264129158156381,0.25,38,0,7,0,1,1,1,2,2,4,1,0,6,0,10,3,6,0,0,0,0,1,6.792734408326711,5,6.796300000000006,148.23649999999975,0,0,0,0,0,3,0,0,0,0,1,1,0,0,0,5,0,0,0,0,0,0,0,0,0,0,0,1,0,2,0,0,0,0,2,0,1,0,0,0,0,1,0,0,3,0,0,0,0,0,0,0,0,0,0,1,0,0,0,0,0,0,0,0,0,0,0,0,0,0,0,0,0,0,0,0,0,0,0,0,0,0,0,0,0,CHEMBL3932419,COc1nc(N(C)C)ncc1-c1cc2c(n1C(C)C)C(c1ccc(Cl)cc1)N(c1ccc(F)c(Cl)c1)C2=O,0.458,-0.3391345219961308,CHEMBL1907611,Tumour suppressor p53/oncoprotein Mdm2,3,Large-Nonpolar-Aromatic-Rigid-Hydrophobic,Large-Nonpolar-Aromatic-Rigid-Hydrophobic
13.0336674953986,13.0336674953986,0.2236008589478009,-4.2323606501685225,0.5333452353235986,16.266666666666666,438.4940000000002,416.31800000000015,438.150130584,160,0,0.393328389476811,-0.3691520138954515,0.393328389476811,0.3691520138954515,1.1,1.8333333333333333,2.533333333333333,32.1335392930595,9.961037014105994,2.2879725297209608,-2.3174226264853073,2.3234710625012096,-2.350090812187398,7.182452405912082,-0.1261377307933158,3.100927033974044,1.3083135491379767,978.8302004440036,21.13961743368831,16.25294632163386,17.069442902561587,14.354287845262965,9.86414781752734,10.680644398455067,7.672660761390617,8.787860632679866,5.339894748696049,6.382943767372539,3.768711872516483,4.795071297013726,-2.26,6901720.895807894,20.99043970692131,8.850881546966137,5.455224262043228,175.50030643115724,5.316788604006331,22.79280011326603,0.0,0.0,0.0,6.176298517443475,4.899909730850477,14.358372089569237,13.17124514302446,11.336785877934735,12.13273413692322,55.61161480092038,17.96666000552645,11.807045837390806,17.56166019069928,27.371269289855128,0.0,14.867866772744891,5.917906046161393,31.98351979213408,24.951057821744055,52.91697494351678,0.0,0.0,5.316788604006331,23.37952296853431,0.0,11.336785877934735,40.67843450792609,12.965578028838586,11.735126887207286,23.282241931250315,36.65915541707259,0.0,10.216620634085364,0.0,41.05,12.597120140369483,17.56166019069928,0.0,10.694368034747193,21.952389458081782,55.92090623913405,18.46005421168776,6.06636706846161,12.13273413692322,20.184655376751223,0.0,51.08137045776163,1.0605342281991237,11.525399694115112,3.967022199248029,1.100436632675332,0.837677507500812,8.146469266367435,-1.745674285620041,3.4434309664192453,0.0,0.4285714285714285,30,1,4,0,1,1,0,1,2,3,0,0,5,1,9,3,6,0,1,1,0,0,6.192796515489837,4,5.259300000000004,110.06470000000004,0,0,0,0,0,2,0,0,0,0,0,0,0,0,0,3,1,0,0,0,1,0,0,0,0,3,0,0,0,1,0,0,0,0,1,0,1,0,0,0,0,0,0,0,4,0,0,0,0,0,0,0,0,0,0,0,0,0,0,0,0,0,0,0,0,0,0,0,0,1,0,0,0,0,0,0,0,0,0,0,0,0,1,0,0,CHEMBL4473880,Fc1ccc(CN2CCC(CNc3ncnc4sc(CC(F)(F)F)cc34)CC2)cc1,1170.0,3.0681858617461617,CHEMBL2093861,Menin/Histone-lysine N-methyltransferase MLL,0,Large-Nonpolar-Aromatic-Rigid-Hydrophobic,Large-Nonpolar-Aromatic-Rigid-Hydrophobic
14.642128384270514,14.642128384270514,0.0096297523136659,-2.9250606700979596,0.5684050695071784,15.264705882352942,474.4580000000001,452.28200000000015,474.167888824,178,0,0.2755988378064148,-0.365327475557895,0.365327475557895,0.2755988378064148,1.088235294117647,1.7647058823529411,2.411764705882353,19.285294287710997,10.054726943583177,2.3527341281087772,-2.3385180706278907,2.311332141613474,-2.423360125538795,5.915445841171698,-0.0116622386617519,2.7795152051262937,1.528059315730089,1254.704848758165,24.45745467888409,18.324331318914258,18.324331318914258,16.142667526962093,10.698007931980843,10.698007931980843,8.197635639323114,8.197635639323114,5.632722270445407,5.632722270445407,3.915018365166328,3.915018365166328,-3.689999999999999,32832056.08926296,23.467580044848567,9.280832241415094,4.950213179732595,192.37189997576556,10.216698334856808,11.634441682091788,5.693927994848461,5.428790391900541,11.829708897446082,0.0,9.589074368143644,22.243463125844464,5.098681808301038,0.0,18.19910120538483,37.61002709646307,42.52146726444178,12.232142680596136,22.3561973747711,11.594566004035068,0.0,15.097273347452552,0.0,32.2326660195498,17.989422542675626,87.34001328715097,0.0,5.687386274683562,15.64548872675735,23.24904646538284,0.0,0.0,34.69970645271746,6.544756405912575,18.558178881782418,34.58748791131776,53.3254737317647,0.0,5.687386274683562,0.0,67.23,53.23983326980902,27.150734558842927,0.0,25.073785926448156,11.381314269532025,12.13273413692322,15.648079734457273,37.255572541998674,0.0,10.415470412307368,0.0,58.05333755323754,0.0,26.18591613334752,6.434545296461574,-0.3681115256748279,-5.787344397740633,12.034567537908568,-0.0598143127590162,0.7569037152192799,0.0,0.2916666666666667,34,1,6,0,1,1,1,2,1,3,0,0,5,1,10,2,5,0,1,1,0,0,6.405843338477061,4,3.984620000000003,118.49320000000002,0,0,0,0,0,2,0,0,0,0,1,1,0,0,0,3,1,0,0,0,0,0,0,0,0,2,0,1,0,1,1,0,0,0,2,0,0,0,0,0,0,0,0,0,4,0,0,0,0,0,0,0,0,0,0,0,0,0,0,0,0,0,0,0,1,0,0,0,0,1,0,0,0,0,0,0,0,0,0,0,0,0,0,0,0,CHEMBL5429554,Cc1cc(=O)c(C(=O)NCc2c(F)cc(N3CCCC(F)(F)C3)cc2F)nn1-c1ccccc1,820.0,2.9138138523837167,CHEMBL5465553,WDR5-MYC,0,Large-Nonpolar-Aromatic-Rigid-Hydrophobic,Large-Nonpolar-Aromatic-Rigid-Hydrophobic
14.529964779121528,14.529964779121528,0.1437929806696334,-0.833152662299488,0.2940630596361124,19.31578947368421,664.3710000000003,636.147,663.055245116,198,0,0.2569710383904246,-0.3787927179815868,0.3787927179815868,0.2569710383904246,0.9210526315789472,1.5526315789473684,2.210526315789474,126.91270454969846,9.98324727595211,2.426365836468086,-2.3614289139424147,2.400725402377997,-2.4655558081579656,14.111919866426543,-0.123449762078014,3.0089293009152525,1.620979166467653,1313.6485629309918,26.81082583001261,20.948473263503573,24.617829446716797,18.3294075958929,12.578818460757429,14.413496552364045,9.49939488205493,11.617898662185702,7.191376116542517,8.366319850547574,5.1030557744198415,5.846231668820721,-2.1699999999999995,411401611.7404612,27.39890107082643,11.919309184328036,5.721521110820973,246.13275349794077,14.536682415501003,6.041840829147961,0.0,0.0,11.814359458703011,0.0,14.48898409899412,0.0,0.0,0.0,47.46734805431147,83.10608028938395,39.79447452219835,30.506442524554355,14.325937321943693,63.29449614091966,0.0,9.799819461700954,0.0,19.007418857986547,44.29269928352661,97.03584112671678,0.0,0.0,4.899909730850477,5.687386274683562,0.0,45.79275040753309,61.00696847308009,9.53140013787187,3.5701822710653963,40.49231051714935,66.73003775307771,10.045266627482652,0.0,0.0,53.09000000000001,12.08368165829592,9.589074368143644,0.0,11.814359458703011,53.16283262641119,22.223146574587545,0.0,34.06528773554739,49.38830667892189,27.490780357918535,27.938742734265084,6.426974492332702,14.574487891698356,34.69706263056034,1.1834428559776482,2.762821356028043,-0.3353314013465462,19.088567919001385,0.0,6.110863144636968,0.0,0.3103448275862069,38,0,6,0,2,2,2,3,0,3,2,0,4,0,9,2,6,0,1,1,0,0,8.59410455721044,5,6.221500000000006,159.00049999999965,0,0,0,0,0,0,0,0,0,0,2,2,0,0,0,3,0,0,0,0,0,0,0,0,0,0,0,2,0,1,0,0,0,0,3,0,1,0,0,0,0,1,0,0,3,0,0,0,0,0,0,0,0,0,0,0,1,0,0,0,0,0,0,0,0,0,0,0,0,0,0,0,0,0,0,0,0,0,0,0,0,0,0,0,0,CHEMBL378851,C[C@H](c1ccc(Cl)cc1)N1C(=O)c2cc(I)ccc2N(CCN2CCOCC2)C(=O)[C@H]1c1ccc(Cl)cc1,6250.0,3.795880017344075,CHEMBL5023,p53-binding protein Mdm-2,3,Large-Nonpolar-Aromatic-Rigid-Hydrophobic,Large-Nonpolar-Aromatic-Rigid-Hydrophobic
13.063837518546514,13.063837518546514,0.0102333711262279,-0.6341553287981865,0.54159447863064,20.41379310344828,434.36300000000006,409.1630000000001,433.12114902,154,0,0.3283533796215838,-0.4644538517375468,0.4644538517375468,0.3283533796215838,1.103448275862069,1.827586206896552,2.4482758620689653,35.496784691396456,9.78615578872969,2.4288349287064297,-2.4447962961150265,2.447505495946006,-2.5101237712669624,6.304408166335113,-0.1592560270956461,2.702997359135266,2.1042966366953957,868.6815981185489,20.965890847321376,16.60716749874208,18.11902539077899,13.95592745803129,9.945373301647844,10.701302247666296,7.1736652812577635,8.046536842201734,5.407512145910952,5.894585564038176,4.137047401421454,4.461763013506269,-2.0399999999999987,3106608.9248013436,21.6636758645951,9.639931640625,4.759078888678271,181.2999849839555,9.636772684650529,6.041840829147961,0.0,5.907179729351506,0.0,5.969305287951848,4.794537184071822,4.794537184071822,0.0,0.0,54.39108525400209,55.157751702783074,22.383994296570055,12.64872279366088,14.325937321943693,35.07836479776839,0.0,4.899909730850477,0.0,51.11152697261659,6.606881964512918,69.70310615856953,0.0,0.0,0.0,0.0,0.0,23.20187978046503,29.42511754181471,14.325937321943693,0.0,56.19658912686262,48.53093654769288,10.045266627482652,0.0,0.0,46.61,6.041840829147961,9.589074368143644,0.0,30.443113857125628,29.307731496260683,11.126902983393991,0.0,11.823646930541102,55.4546737473835,0.0,27.938742734265084,5.2848158646174515,12.352283811438902,27.471440609165477,1.2753852886297878,1.9896628821281608,-0.3951474272836701,14.255775281922617,1.5380277882758049,3.94997812332769,0.0,0.391304347826087,29,0,4,0,1,1,1,2,0,2,3,0,3,0,6,1,6,0,1,1,0,0,7.201253600667396,3,5.782400000000005,115.17800000000004,0,0,0,0,0,0,0,0,0,0,2,2,0,0,0,1,0,0,0,0,1,0,0,0,0,0,0,1,0,0,0,0,0,0,2,0,0,0,0,0,1,1,0,0,2,0,0,0,0,0,0,0,0,0,0,0,0,0,0,0,0,0,0,0,0,0,0,0,0,1,0,0,0,0,0,0,0,0,0,0,0,0,0,0,0,CHEMBL2177198,CCOC(=O)[C@H](CC)N1C(=O)CC[C@H](c2cccc(Cl)c2)[C@H]1c1ccc(Cl)cc1,940.0,2.9731278535996988,CHEMBL1907611,Tumour suppressor p53/oncoprotein Mdm2,3,Large-Nonpolar-Aromatic-Rigid-Hydrophobic,Large-Nonpolar-Aromatic-Rigid-Hydrophobic
14.146699884316376,14.146699884316376,0.0079317225861532,-0.4044028197698834,0.2674821465998376,14.864864864864863,537.4470000000001,511.23900000000026,536.138196052,190,0,0.3189287506171682,-0.480352395297989,0.480352395297989,0.3189287506171682,0.945945945945946,1.648648648648649,2.297297297297298,35.49678554397786,10.01739834810565,2.436108400071017,-2.299298730009029,2.475650326637825,-2.3023599313073615,6.309110437281658,0.0993138945986808,3.404370518347394,1.7870898697399162,1498.3007732040155,26.42999246245913,21.12038116049576,22.63223905253267,17.74362115826599,11.804155031235902,12.560083977254358,9.13194742933076,10.004818990274728,6.558915664294842,7.045989082422066,4.946416376805026,5.238748089516065,-3.5499999999999994,253969989.73851687,25.11434640936469,9.724693777689914,4.218810199104645,225.12979805185952,14.040825555391454,6.041840829147961,0.0,5.879988336435371,5.907179729351506,6.010464839586836,9.6944469149223,4.983978520947208,4.983978520947208,0.0,41.40098098584986,62.229949924773905,27.971337302927253,36.73435405564598,14.26826309167192,34.7964457845001,0.0,14.53505668968577,0.0,32.85489325736779,19.119504813405545,87.15732921672806,0.0,23.147832662567662,14.373635638450576,5.687386274683562,11.890453176022207,23.20187978046503,34.661831501592346,0.0,6.923737199690624,53.109975711688435,54.727780119305955,10.045266627482652,11.257379486545457,0.0,69.48,6.041840829147961,4.794537184071822,0.0,17.9594853980863,27.052157947312015,28.202145247774475,7.109797541277533,13.30664111289061,60.35458347823398,28.38253108906702,32.67560568806513,12.912968257479232,12.618543001298878,24.634957083316273,1.1863079989749163,5.559203794717831,0.247519153692495,14.881934496198877,1.6614132881241468,6.135910060273405,3.0501317548128375,0.25,37,0,7,0,1,1,1,2,2,4,1,0,6,0,9,3,6,0,0,0,0,1,6.600792655618861,5,6.908220000000006,145.2404999999998,0,0,0,0,0,3,0,0,0,0,1,1,0,0,0,4,0,0,0,0,0,0,0,0,0,0,0,1,0,1,1,0,0,0,2,0,1,0,0,0,0,2,0,0,2,0,0,0,0,0,0,0,0,0,0,2,0,0,0,0,0,0,0,0,0,0,0,0,0,0,0,0,0,0,0,0,0,0,0,0,0,0,0,0,0,CHEMBL3945756,COc1ncc(-c2cc3c(n2C(C)C)C(c2ccc(Cl)cc2)N(c2cc(Cl)ccc2C)C3=O)c(OC)n1,0.068,-1.1674910872937636,CHEMBL1907611,Tumour suppressor p53/oncoprotein Mdm2,3,Large-Nonpolar-Aromatic-Rigid-Hydrophobic,Large-Nonpolar-Aromatic-Rigid-Hydrophobic
13.090545412151734,13.090545412151734,0.001959467528829,-5.072524923599932,0.2158106074002362,12.195121951219512,634.3810000000001,619.2610000000001,633.0003036400001,214,0,0.4160606209129648,-0.4573502042845933,0.4573502042845933,0.4160606209129648,0.6829268292682927,1.2682926829268293,1.829268292682927,35.49826481654838,10.029462856511502,2.3694652251619956,-2.146428740769855,2.390040220554275,-2.3007939057868865,7.896996088707492,-0.1427813085274895,2.890347104663341,1.5218936564086676,1691.2588570119367,30.164561460070633,20.1478610050479,22.476215478012534,19.02484370168772,11.2286310409032,13.46772323451605,8.459365524622015,10.956168019512734,5.535672033516137,7.621593424317255,3.5638053904961744,4.83605899976439,-3.739999999999998,538327344.7871504,30.22392820733785,11.265073781789104,7.318278203908409,238.88296235777335,4.736862953800049,11.49902366656781,0.0,0.0,15.930470882759089,12.35259703488695,4.794537184071822,13.139891848781026,26.34249028604892,0.0,41.40098098584986,77.85694073647171,5.563451491696996,26.06765308639442,44.291687408249736,39.13235066322412,0.0,4.722094864452088,0.0,17.248080510404723,0.0,111.66476006103622,0.0,22.6259266499618,9.458957818252138,26.34249028604892,11.49902366656781,23.20187978046503,14.324976713680442,22.37588818829453,0.0,21.48489165916281,89.82462243398034,10.045266627482652,11.126902983393991,0.0,72.47,50.05496620984171,39.55482445444969,0.0,22.40196370718384,28.28227043405854,24.26546827384644,18.19910120538483,24.26546827384644,4.722094864452088,0.0,27.938742734265084,111.13863094858036,11.96101097637816,12.308529472190926,0.6070229300514065,-1.9758744815324083,-1.9806932208740915,15.489070870205554,-10.145049847199864,0.0,-4.430425425577837,0.074074074074074,41,1,5,0,0,0,1,4,0,4,0,0,4,1,14,0,6,0,0,0,0,0,8.304262956857507,4,8.609,139.51199999999983,0,0,0,0,0,0,0,0,0,0,1,1,0,0,0,0,1,0,0,0,0,0,0,0,0,6,0,1,0,0,0,0,0,0,4,0,0,0,0,0,0,1,0,0,8,0,0,0,0,0,0,0,0,0,0,0,0,0,0,0,0,0,0,0,0,0,0,0,0,0,0,0,0,0,0,0,1,0,0,0,0,0,0,0,0,CHEMBL1824830,O=C(NS(=O)(=O)c1ccc(Oc2cc(C(F)(F)F)cc(C(F)(F)F)c2)cc1)c1cccc(-c2ccc(Cl)c(Cl)c2)c1,2940.0,3.4683473304121573,CHEMBL4625,Apoptosis regulator Bcl-X,2,Large-Nonpolar-Aromatic-Rigid-Hydrophobic,Large-Nonpolar-Aromatic-Rigid-Hydrophobic
6.7113494425548,6.7113494425548,0.1617906221130429,-0.2898309948979596,0.3113472758002091,18.264705882352946,509.4070000000001,488.23900000000015,508.0898733920002,166,0,0.2285036246829896,-0.4804418215342804,0.4804418215342804,0.2285036246829896,0.9411764705882352,1.6764705882352942,2.4411764705882355,79.91873134308489,9.838142682184875,2.424654345542286,-2.4182041770800264,2.51824890211069,-2.3655302183281512,9.10300035733524,0.2216661808050436,3.353433737637341,1.6166442294160883,1475.3325055806995,23.23347556082299,18.73532118331731,20.321317722432017,16.652198343190413,11.069831315534136,11.862829585091484,8.312721168579092,9.228396697370778,6.340145677436175,6.868811190474411,4.879451146526081,5.143783903045198,-3.819999999999999,124524584.14547174,20.76338421004492,8.193521527645082,3.2382307294245214,206.38799064873743,9.636772684650529,24.222639124944713,0.0,5.948339280986494,0.0,0.0,0.0,4.681802935145184,10.082660329248244,5.920434318855644,58.24858062757465,54.44884259385427,28.220399011972862,5.697039313055833,4.736862953800049,27.57532249199168,0.0,14.764463264393427,0.0,19.069544416586886,11.947581713527669,111.42335490899356,0.0,17.590380470995193,9.636772684650529,5.948339280986494,5.749511833283905,15.929943897949348,21.812135247070614,0.0,11.840868637711289,41.323350383374866,89.16954894220557,0.0,5.697039313055833,0.0,43.18,0.0,0.0,0.0,12.145807216896262,0.0,49.6945204400159,0.0,6.3273200747645415,36.85231332289782,97.35068621191388,4.736862953800049,9.734621888750816,3.5708016319273117,6.731150266703672,4.645176509455686,6.481301621984118,7.757691200474337,24.766487023094616,1.33132163764266,1.8497574061042537,2.0483574805291975,0.1428571428571428,34,0,5,0,2,2,0,3,1,4,2,0,5,0,6,3,2,0,0,0,0,2,5.003683397404971,6,5.996200000000004,136.43099999999993,0,0,0,0,0,3,0,0,0,0,0,0,0,0,0,4,0,0,0,0,0,0,0,0,0,0,0,0,0,1,0,0,0,0,3,0,3,0,0,0,0,1,0,0,1,0,0,0,0,0,0,0,0,0,0,0,0,0,0,0,0,0,0,0,1,0,0,0,0,0,0,0,0,0,0,0,0,0,0,0,0,0,0,0,0,CHEMBL582243,CC#Cc1ccc(C2Oc3ccccc3C3=C2C(c2ccc(Br)cc2)n2ncnc2N3C)cc1,9070.0,3.957607287060095,CHEMBL1907611,Tumour suppressor p53/oncoprotein Mdm2,0,Large-Nonpolar-Aromatic-Rigid-Hydrophobic,Large-Nonpolar-Aromatic-Rigid-Hydrophobic
13.994915499636068,13.994915499636068,0.061933106575964,-0.271343255607464,0.4714022348409255,22.352941176470587,479.02000000000027,447.7720000000003,478.202320532,178,0,0.2563891233859616,-0.4960551334016313,0.4960551334016313,0.2563891233859616,1.0,1.6764705882352942,2.323529411764706,35.495692083429,9.902483450965937,2.455076149147825,-2.3786187453429286,2.472820910359419,-2.4183392598601063,6.301087994594113,0.0457701625813055,3.3541978561228367,1.7007771574001267,1192.860334997962,23.982398705266423,19.870082464648153,20.626011410666607,16.401085903164898,12.05020648252042,12.42817095552965,9.621385308199857,10.057821088671842,7.222862892769094,7.4748392081085795,5.674843195317461,5.8008313529872035,-2.76,72105003.47799268,23.003970361819263,9.12137749702099,3.809334144638072,205.46476748376716,19.310399727282583,5.749511833283905,0.0,0.0,5.907179729351506,0.0,4.794537184071822,0.0,0.0,0.0,35.866408164078955,75.42604772509034,22.669766463734245,36.206912239567714,14.637927532712578,17.508119619584022,0.0,9.467009378641832,0.0,63.76024976627748,7.109797541277533,76.44076790813828,0.0,17.00689131982936,4.736862953800049,0.0,5.749511833283905,11.600939890232516,39.73632126100784,0.0,0.0,73.22981071169549,54.59730361615449,5.022633313741326,11.257379486545457,0.0,54.7,0.0,9.901064578912528,0.0,30.136668604543686,5.022633313741326,59.51100878977586,0.0,7.109797541277533,54.59730361615449,23.31448377802308,16.337802844032566,7.959766644399545,6.220201092095169,16.055104227905154,10.75286918694879,4.787779551235691,0.8482197928401036,17.873153234912262,2.7940615410593574,4.309960870125011,1.676661636256694,0.3928571428571428,34,1,5,1,1,2,1,2,1,3,1,0,4,1,6,2,5,1,0,1,0,1,6.171408752954001,5,6.246700000000008,134.53230000000002,0,1,1,0,0,1,0,0,0,0,1,1,0,0,0,2,0,0,0,0,0,0,0,0,0,0,0,1,0,0,0,0,0,0,2,0,1,0,0,0,0,1,0,0,1,0,0,0,0,0,0,0,0,0,0,1,0,0,0,0,0,0,0,0,1,0,0,0,0,0,0,0,0,0,0,0,0,0,0,0,0,0,0,0,0,CHEMBL3979783,COc1ccccc1-c1cc2c(n1C(C)C)C(c1ccc(Cl)cc1)N([C@H]1CC[C@H](O)CC1)C2=O,8.132,0.910197369966001,CHEMBL1907611,Tumour suppressor p53/oncoprotein Mdm2,3,Large-Nonpolar-Aromatic-Rigid-Hydrophobic,Large-Nonpolar-Aromatic-Rigid-Hydrophobic
13.242055539808517,13.242055539808517,0.2494000377928944,-0.2494000377928944,0.5426458394344723,10.555555555555555,432.2700000000002,414.12600000000026,431.0368347759999,140,0,0.2127539505558832,-0.4928465441302168,0.4928465441302168,0.2127539505558832,0.8518518518518519,1.4074074074074074,2.037037037037037,79.91873124140403,10.010966097355766,2.2085561259622337,-2.1308315456137135,2.365299628002993,-2.0697013375033926,9.103323977655489,0.1030086235371186,2.7075940869386184,2.191543651239227,1018.9149710766608,19.551677284948283,15.330521135966258,16.91651767508096,13.031937062952862,8.005811356703514,8.798809626260866,5.604047884702833,6.458384783877355,4.201490251411187,4.857577583196369,2.836009243496673,3.3384436986733608,-2.8,1298383.4228860235,18.975304469436512,7.835508895041253,3.422012182314639,164.6977710339384,18.947451815200196,5.693927994848461,22.99804733313562,5.783244946364939,0.0,0.0,9.778515705019029,0.0,0.0,0.0,0.0,51.64800345472219,21.61923879360728,28.439190165110137,23.741988999272017,32.48563727324388,0.0,4.983978520947208,0.0,0.0,28.439190165110137,52.25877791629899,0.0,22.99804733313562,18.947451815200196,0.0,22.99804733313562,15.929943897949348,39.20641363242228,0.0,0.0,16.051916670617278,41.001398429753536,0.0,10.772448428929591,0.0,66.88000000000001,0.0,4.794537184071822,0.0,5.783244946364939,44.11437054997829,5.386224214464796,14.219595082555069,38.615539859552975,12.13273413692322,20.91392241889655,18.947451815200196,21.877217334068742,3.4353488861810924,17.556531084656083,1.4902166792642986,0.7257480106240035,1.8497382884321485,8.712685106449987,1.5933959278155707,0.0,6.175785349174737,0.2,27,0,6,0,0,0,0,2,1,3,0,0,6,0,7,1,6,0,0,0,0,0,5.506709887273549,3,4.262700000000004,105.52550000000002,0,0,0,0,0,1,0,0,0,0,1,1,0,0,0,1,0,0,0,0,0,0,0,0,0,0,0,0,0,0,0,0,0,0,2,0,1,0,0,0,0,4,0,0,1,0,0,0,0,0,0,1,0,0,0,4,0,0,0,0,0,0,0,0,0,0,0,0,0,0,0,0,0,1,0,0,0,0,0,0,0,0,0,0,0,CHEMBL1598762,COc1cc(Br)c(C(=O)c2nccc3cc(OC)c(OC)cc23)cc1OC,269.81,2.431058041942025,CHEMBL612545,Unchecked,0,Large-Nonpolar-Aromatic-Rigid-Hydrophobic,Large-Nonpolar-Aromatic-Rigid-Hydrophobic
13.954773455627532,13.954773455627532,0.116878026930937,-1.2643230347694645,0.3913045191351927,16.484848484848484,486.92700000000013,469.79100000000017,486.0616475240001,168,0,0.3328262894747055,-0.4672206082425171,0.4672206082425171,0.3328262894747055,1.0606060606060606,1.696969696969697,2.3333333333333335,35.495692360115044,9.97655793598295,2.4244172397002033,-2.3564144540626883,2.386534671853685,-2.43768420793058,7.802961369907256,-0.1463321029784028,2.8940038903502505,1.9591768178303468,1235.4616705657463,23.697941654890258,17.21965367584823,18.79207920279441,15.794932753282252,9.817164978333407,10.6033777418065,7.322914249678357,8.199176435777789,5.3050214766735,5.8823202501656535,3.7804600797606898,4.266050291939738,-3.3599999999999985,24840138.32008999,22.820435409457904,9.248301051765928,4.4425697670311495,198.46881562782028,14.953561288656855,22.66478461297794,6.041840829147961,0.0,5.907179729351506,5.969305287951848,4.794537184071822,13.575367279421462,0.0,0.0,48.084281607125654,53.59147246262526,5.022633313741326,18.36063530765809,23.106767417293337,46.37118672700432,0.0,4.899909730850477,0.0,12.08368165829592,12.426586145283864,100.07746722400184,0.0,0.0,5.316788604006331,14.4682163700332,0.0,23.81881333327921,28.874694391169555,9.53140013787187,11.634441682091788,33.56857331745873,66.73003775307771,5.022633313741326,0.0,0.0,58.64,35.594608357691065,18.369904463493285,0.0,16.239339868118748,16.149536297135317,12.13273413692322,42.34154261443606,24.26546827384644,0.0,5.316788604006331,28.555676287079255,32.586372144726774,11.658887455486976,28.269440857618765,3.412968041491671,1.17952013521458,-2.3958128653631277,13.206932063714168,0.0,0.0,1.1928032782212976,0.125,33,1,5,0,1,1,1,3,0,3,2,0,4,1,9,1,4,0,0,0,0,2,6.395462327243817,4,5.468900000000003,124.1402,0,0,0,0,0,0,0,0,0,0,2,2,1,0,0,1,1,0,0,0,0,0,0,0,0,0,0,1,0,1,0,0,0,0,3,0,1,0,0,0,1,1,0,0,3,0,0,0,0,0,0,0,0,0,0,1,0,0,0,0,0,0,0,0,0,0,0,0,0,0,0,0,0,0,0,0,0,0,0,0,0,0,0,0,0,CHEMBL2089209,COC(=O)C(c1ccc(F)cc1)N1C(=O)c2ccc(F)cc2NC(=S)C1c1ccc(Cl)cc1,19400.0,4.2878017299302265,CHEMBL392,A549,3,Large-Nonpolar-Aromatic-Rigid-Hydrophobic,Large-Nonpolar-Aromatic-Rigid-Hydrophobic
13.792360148792026,13.792360148792026,0.0033137720108618,-0.4958336482741245,0.2851771643691847,15.08108108108108,536.4630000000002,509.2470000000003,535.154180464,190,0,0.3279588198371583,-0.4958733526632803,0.4958733526632803,0.3279588198371583,1.027027027027027,1.7567567567567568,2.4594594594594597,35.496785536432945,9.94053111159102,2.411913903598843,-2.382699292686366,2.461255042160282,-2.441787960129364,6.308597924905724,0.2539640983130067,3.2397575150177604,1.849175767197292,1514.6960202317428,26.429992462459133,21.2121328700319,22.723990762068812,17.70561635580521,11.93769955294248,12.693628498960935,9.34337614243901,10.216247703382978,6.624822638557173,7.095016844132651,4.962732013525781,5.355733065078944,-3.5499999999999994,223452762.6702859,25.11434640936469,9.724693777689914,4.320525901245746,225.5661150059607,9.303962601591405,17.615757160431794,5.817862777835028,0.0,0.0,6.031114512338072,15.200676855804016,9.778515705019029,0.0,0.0,35.33461391738825,74.71713861616152,28.480794599856768,24.05456330250655,9.53140013787187,40.73824334532169,0.0,14.53505668968577,0.0,39.77863045705841,17.32649587613434,87.28780571987953,0.0,17.137367822980828,14.953561288656855,16.29978623659041,5.749511833283905,23.20187978046503,27.675968743301375,0.0,13.847474399381248,48.315438527616614,54.85825662245742,10.045266627482652,11.387855989696924,0.0,72.28,6.041840829147961,4.794537184071822,0.0,12.072955341486033,33.12443201128507,27.94773396163644,0.0,30.469761483815773,50.24567681015091,28.71534117212614,32.92272125521229,7.769129104337887,12.749498601853077,24.787162988409833,4.2085993601178195,5.113273488148279,1.7997764568195065,12.296679413887958,3.407693957096326,8.139314312586919,1.617761205631287,0.25,37,1,7,0,1,1,2,2,2,4,1,0,5,1,9,3,5,0,0,0,0,1,6.600792655618861,5,7.599740000000007,148.11369999999977,0,0,0,0,0,3,0,0,0,0,1,1,0,0,0,4,1,0,0,0,0,0,0,0,0,0,0,2,0,2,2,0,0,0,2,0,1,0,0,0,0,1,0,0,2,0,0,1,0,0,0,0,0,0,0,1,0,0,0,0,0,0,0,0,0,0,0,0,0,0,0,0,0,1,0,0,0,0,0,0,0,0,0,0,1,CHEMBL3911189,COc1ccncc1-c1nc2c(n1C(C)C)C(c1ccc(Cl)cc1C)N(c1cc(Cl)ccc1C)C(=O)N2,3.1,0.4913616938342727,CHEMBL1907611,Tumour suppressor p53/oncoprotein Mdm2,3,Large-Nonpolar-Aromatic-Rigid-Hydrophobic,Large-Nonpolar-Aromatic-Rigid-Hydrophobic
15.403551005138306,15.403551005138306,0.0605072121441172,-0.7154254850088184,0.2793622042842802,15.08108108108108,539.4380000000001,514.2380000000003,538.13385962,190,0,0.3280475592576145,-0.4959924011261281,0.4959924011261281,0.3280475592576145,1.0810810810810811,1.837837837837838,2.5405405405405403,35.49678583275108,9.9447421885767,2.4169700622028523,-2.3769140346697233,2.462222787814773,-2.4428957550525943,6.309536835150026,0.253737186908345,3.243564372349127,1.849705239352286,1518.3056607061794,26.429992462459133,20.720234016730796,22.232091908767707,17.722453108210814,11.782933740763148,12.5388626867816,9.10983627750179,9.95347218471438,6.490842979066555,7.017847929204914,4.900863956842437,5.297072935395057,-3.549999999999999,230580975.69760647,25.11434640936469,9.724693777689914,4.218810199104645,224.14706031354385,9.303962601591405,17.615757160431794,11.635083618880923,0.0,0.0,6.031114512338072,10.216698334856808,14.16893075269385,0.0,0.0,47.46734805431147,68.29631699323552,11.064474142889289,29.07719661624788,13.921815185546691,40.73824334532169,0.0,9.551078168738565,0.0,32.85489325736779,17.32649587613434,93.34698913138712,0.0,17.137367822980828,14.953561288656855,20.690201284265232,5.749511833283905,23.20187978046503,22.691990222354168,0.0,12.74095804073652,42.75198703591962,60.6636706846161,10.045266627482652,11.387855989696924,0.0,59.39,17.890176182531928,4.794537184071822,4.39041504767482,16.75186041757285,28.10834041770865,16.690354475090988,10.966276799312087,25.30889874666236,57.16941400984153,9.883888251797686,32.92272125521229,23.08064435302485,12.425393663581469,19.90401930062148,3.3769253378918487,3.1752326100193176,0.9957511658882514,16.34301707933488,0.0,5.984033061784384,1.603872316742398,0.2142857142857142,37,1,6,0,1,1,2,3,1,4,1,0,4,1,9,2,5,0,0,0,0,1,6.600792655618861,5,8.035420000000007,145.5396999999998,0,0,0,0,0,2,0,0,0,0,1,1,0,0,0,3,1,0,0,0,0,0,0,0,0,0,0,2,0,2,1,0,0,0,3,0,1,0,0,0,0,1,0,0,3,0,0,1,0,0,0,0,0,0,0,1,0,0,0,0,0,0,0,0,1,0,0,0,0,0,0,0,0,0,0,0,0,0,0,0,0,0,0,0,1,CHEMBL3963661,COc1ccccc1-c1nc2c(n1C(C)C)C(c1ccc(Cl)cc1C)N(c1cccc(Cl)c1F)C(=O)N2,2.1,0.3222192947339193,CHEMBL1907611,Tumour suppressor p53/oncoprotein Mdm2,3,Large-Nonpolar-Aromatic-Rigid-Hydrophobic,Large-Nonpolar-Aromatic-Rigid-Hydrophobic
13.48454145768384,13.48454145768384,0.1967396934644263,-4.251156316966513,0.5236788121791778,21.96875,468.4950000000002,447.32700000000017,468.140708772,170,0,0.3933283894807132,-0.3558603885470158,0.3933283894807132,0.3558603885470158,1.0625,1.84375,2.5625,32.13353946739545,10.038751323670672,2.3998711243976354,-2.3329890961623176,2.4186159252460184,-2.4347050959368963,7.182474158686942,-0.1261385605954722,3.3755649811316264,1.198357958238908,1123.1969331390007,22.457454678884098,17.00115428264617,17.817650863573895,15.264971447785928,10.527675998826853,11.344172579754575,8.470993282561462,9.58619315385071,6.140611284748484,7.183660303424975,4.480951700739875,5.501923635387903,-2.33,24311534.613885973,21.512292754083667,8.221841271045813,4.563742770081982,185.0249527949509,10.216698334856808,16.975579272220138,11.634441682091788,0.0,0.0,6.176298517443475,0.0,18.748787137244054,13.17124514302446,11.336785877934735,6.06636706846161,43.025017565859855,35.968247709983764,11.807045837390806,21.9520752383741,27.371269289855128,0.0,15.284745645900744,0.0,49.86117271360483,17.989422542675626,52.66782871610106,0.0,0.0,10.216698334856808,27.76993801620913,0.0,11.336785877934735,41.31745002945896,6.4208216229260096,11.634441682091788,35.620969600337716,30.59278834861098,0.0,10.216620634085364,0.0,41.05,24.231561822461273,21.9520752383741,0.0,16.836894069010654,22.076324241068352,49.25221505023491,18.46005421168776,12.13273413692322,0.0,20.184655376751223,0.0,64.93722363973991,1.0592219469224666,11.422030599075775,4.286071970912131,0.814196789515846,-0.7663019546109947,6.200263008599469,-1.1685668571874488,1.4658608570328449,0.0,0.4545454545454545,32,1,4,1,1,2,0,1,2,3,2,0,5,1,10,3,5,1,1,2,0,0,5.527208012510778,5,5.188800000000004,113.04870000000004,0,0,0,0,0,2,0,0,0,0,0,0,0,0,0,3,1,0,0,0,0,0,0,0,0,3,0,0,0,1,0,0,0,0,1,0,1,0,0,0,0,0,0,0,5,0,0,0,0,0,0,0,0,0,0,0,0,0,0,0,0,0,0,0,0,0,0,0,0,1,0,0,0,0,0,0,0,0,0,0,0,0,1,0,0,CHEMBL4440500,Fc1ccc([C@@H]2C[C@H]2NC2CCN(c3ncnc4sc(CC(F)(F)F)cc34)CC2)cc1F,240.5,2.3811150807098507,CHEMBL6136,Lysine-specific histone demethylase 1,4,Large-Nonpolar-Aromatic-Rigid-Hydrophobic,Large-Nonpolar-Aromatic-Rigid-Hydrophobic
13.483687479047328,13.483687479047328,0.097481261022928,-0.5385778061224489,0.4603414288832473,24.666666666666668,500.49500000000006,473.2790000000003,499.125188844,172,0,0.2620403072670799,-0.3381332906733672,0.3381332906733672,0.2620403072670799,1.0303030303030305,1.606060606060606,2.1818181818181817,35.4967857586825,9.808273608587536,2.5295091823810423,-2.368288873215922,2.5590167806903703,-2.362632222609469,8.177759619870512,-0.1249898691631542,3.4924797803580643,1.6450693480135672,1137.1318998701356,23.327698166887178,19.015996130088507,21.344350603053144,15.79154944842792,11.412485671491282,12.984911198437464,9.343317594302588,11.19370996261246,6.758944735522145,8.321337787808247,5.128428053233527,6.755392175588425,-1.949999999999999,42495711.65192612,22.823093664848052,8.68051222828761,3.881185433211271,209.1967448397807,9.799819461700954,10.444061766273393,5.1676517695780495,0.0,5.907179729351506,0.0,4.794537184071822,4.992404732635668,0.0,0.0,61.31482245369272,72.8375426983356,28.83181875236364,6.041840829147961,4.794537184071822,46.03859622878571,0.0,9.799819461700954,10.91031077879706,45.1936209264552,13.08951281182515,80.3052819855154,0.0,0.0,0.0,0.0,0.0,34.963764729856145,33.96416377245566,10.333462436455168,5.917906046161393,50.781598657465835,64.12551710727443,10.045266627482652,0.0,0.0,35.910000000000004,5.538925252383345,4.794537184071822,0.0,17.86692660466086,10.045266627482652,52.827886637595086,11.761884949391115,0.0,29.165378004696915,49.93658960376879,28.194284513100698,0.0,13.954315208085834,23.868084379434187,2.2891051777717895,2.7275199549984612,0.3152529467641909,15.836073699817987,2.1535652386785977,8.161638950004509,0.0,0.3846153846153846,33,0,4,0,3,3,1,2,0,2,2,0,4,0,7,3,4,0,1,1,0,2,6.003519504395969,5,6.858300000000007,137.53999999999985,0,0,0,0,0,0,0,0,0,0,1,1,0,0,1,3,0,0,0,0,1,0,0,0,0,0,1,1,1,0,0,0,0,0,2,0,1,0,0,0,0,0,0,0,2,0,0,0,0,0,0,0,0,0,0,0,0,0,0,0,0,0,0,0,0,0,0,0,0,0,0,0,0,0,0,1,0,0,0,0,0,0,0,0,0,CHEMBL2315840,CC(C)C1=C(C(=O)N2CCCC2)SC2=NC(C)(c3ccc(Cl)cc3)C(c3ccc(Cl)cc3)N21,200.0,2.3010299956639813,CHEMBL1907611,Tumour suppressor p53/oncoprotein Mdm2,3,Large-Nonpolar-Aromatic-Rigid-Hydrophobic,Large-Nonpolar-Aromatic-Rigid-Hydrophobic
13.900760704487556,13.900760704487556,0.0021650604686318,-0.6652846846042946,0.5689590020939905,24.06451612903226,458.39300000000014,433.1930000000001,457.14361578,162,0,0.2292544898963753,-0.3321270470934616,0.3321270470934616,0.2292544898963753,1.1290322580645162,1.870967741935484,2.4838709677419355,35.49678489641781,9.667570307212287,2.5039010651748237,-2.506152622121117,2.510518403670939,-2.5468915355957247,6.304409325687694,-0.1532579309628626,3.22638950735256,1.8450564482670364,1054.093495856613,22.17299762850792,17.718098141941134,19.22995603397804,14.78151274729585,10.346333804223152,11.102262750241607,8.75355896196994,9.626430522913909,6.093593610774846,6.58066702890207,4.7331406355346,5.057856247619417,-2.4399999999999986,11086106.647307929,21.77923597758148,8.595114424982016,4.319901742651428,191.4905348151403,4.899909730850477,5.824404497999927,0.0,5.907179729351506,0.0,0.0,4.794537184071822,5.098681808301038,0.0,5.098681808301038,54.39108525400209,66.08743747085742,28.425835125718017,11.456831298544738,4.794537184071822,29.10905950981654,0.0,25.52404353876229,5.414990469396779,51.61444254938121,0.0,75.52751065656945,0.0,0.0,0.0,0.0,0.0,23.20187978046503,37.473064097261755,11.21535880699783,5.414990469396779,56.10308757870115,48.53093654769288,10.045266627482652,0.0,0.0,74.77000000000001,5.414990469396779,4.794537184071822,0.0,23.908767433808823,28.7113143713346,11.126902983393991,0.0,0.0,54.28821640977237,40.53797527575467,23.20187978046503,0.0,12.519778175819772,15.902850651577504,15.559794458094268,1.4942776789213632,0.7428956674327045,15.56423844590977,1.0792118344251285,6.109175310041712,0.0,0.391304347826087,31,1,6,0,1,1,1,2,1,3,3,0,4,1,8,2,5,0,1,1,0,0,6.0385492037418675,4,5.221100000000005,120.9737,0,0,0,0,0,4,1,0,0,0,1,1,0,0,0,4,1,0,0,0,1,1,0,0,0,0,0,1,0,0,0,0,0,0,2,0,0,0,0,0,0,0,0,0,2,0,0,0,0,0,0,0,0,0,0,0,0,0,0,0,0,0,0,0,0,0,0,0,0,1,0,0,0,0,0,0,0,0,0,1,0,0,0,0,0,CHEMBL4107290,CC(C)N1C(=O)[C@@](C)(Cc2nnn[nH]2)C[C@H](c2cccc(Cl)c2)[C@H]1c1ccc(Cl)cc1,10.0,1.0,CHEMBL1907611,Tumour suppressor p53/oncoprotein Mdm2,3,Large-Nonpolar-Aromatic-Rigid-Hydrophobic,Large-Nonpolar-Aromatic-Rigid-Hydrophobic
14.060254909576996,14.060254909576996,0.3245760197082949,-1.0942162960863369,0.3396849944648468,16.235294117647058,515.4180000000001,495.25800000000027,514.0520834800001,174,0,0.3328262750594218,-0.4966869233748494,0.4966869233748494,0.3328262750594218,1.0,1.6176470588235294,2.2058823529411766,35.49678581171053,9.97704842410598,2.424493412264724,-2.3566469428361874,2.3947982259279863,-2.4375512770052357,7.802965206075749,-0.1463285437457371,2.9421239289163332,1.952976328604081,1248.775411098534,24.4050484360768,18.24993749330287,20.578291966267503,16.332937555743037,10.24055517752459,11.404732414006906,7.544522765069813,8.857220731641226,5.550142132518003,6.379417221349641,3.9143217705979807,4.525900140446771,-3.129999999999999,43228132.61074763,24.00914427670222,10.010368245989802,4.593452553085307,211.91949839275296,19.690424242456903,16.779854764170057,6.041840829147961,0.0,5.907179729351506,5.969305287951848,4.794537184071822,4.794537184071822,0.0,0.0,59.68522149735816,47.52510539416365,16.111633695944263,25.470432848935623,19.06280027574374,57.97212661723683,0.0,4.899909730850477,0.0,12.08368165829592,19.536383686561397,93.46565885565136,0.0,5.749511833283905,10.05365155780638,5.687386274683562,5.749511833283905,35.41975322351173,35.984491932447085,9.53140013787187,0.0,33.56857331745873,66.73003775307771,10.045266627482652,0.0,0.0,67.87,23.960166675599275,9.589074368143644,0.0,0.0,43.16102131227929,0.0,19.119504813405545,66.73003775307771,0.0,5.316788604006331,44.893479131111825,10.449038260473456,17.958962904937437,28.97190983609544,4.206181086922845,2.027063430825006,-0.467349251522529,16.76149765473223,0.0,0.0,2.8149182997583324,0.16,34,1,6,0,1,1,1,3,0,3,2,0,5,1,9,1,5,0,0,0,0,2,7.068834572967285,4,5.852700000000004,135.78619999999992,0,0,0,0,0,0,0,0,0,0,2,2,1,0,0,1,1,0,0,0,0,0,0,0,0,0,0,1,0,1,0,0,0,0,3,0,1,0,0,0,1,2,0,0,2,0,0,0,0,0,0,0,0,0,0,2,0,0,0,0,0,0,0,0,0,0,0,0,0,0,0,0,0,0,0,0,0,0,0,0,0,0,0,0,0,CHEMBL2089205,COC(=O)C(c1ccc(Cl)cc1)N1C(=O)c2ccc(OC)cc2NC(=S)C1c1ccc(Cl)cc1,20000.0,4.301029995663981,CHEMBL614894,SAOS-2,3,Large-Nonpolar-Aromatic-Rigid-Hydrophobic,Large-Nonpolar-Aromatic-Rigid-Hydrophobic
13.27420836132807,13.27420836132807,0.032433390022676,-0.5242760735981637,0.5417122001128166,25.0,416.3480000000002,393.16400000000016,415.110584336,146,0,0.2521852837793879,-0.3576025722609802,0.3576025722609802,0.2521852837793879,1.0714285714285714,1.8214285714285712,2.4642857142857144,35.49678457847873,9.90641064316214,2.4470839086064684,-2.446780315608359,2.4479650224435763,-2.5087299338866593,6.304343282400902,-0.1739407118217283,3.499076990313098,1.7853971980635834,863.1609745796256,19.672997628507925,15.560726527844016,17.072584419880926,13.562881945713372,9.643109482538955,10.399038428557413,7.555071782314895,8.427943343258866,5.413234408810854,5.900307826938078,3.8440652915856344,4.1687809036704495,-1.81,4574385.338360197,19.50399798675228,8.280963176829435,4.120209521941755,175.4430286981983,9.636772684650529,12.207932775496603,0.0,0.0,5.907179729351506,0.0,4.794537184071822,0.0,0.0,6.578935683598497,53.54336816114535,54.151920549253845,23.01084465632124,6.041840829147961,9.53140013787187,29.109059509816536,0.0,4.899909730850477,5.917906046161393,37.5122384734226,6.544756405912575,82.35806194900191,0.0,0.0,0.0,0.0,0.0,23.20187978046503,23.45581225386286,9.53140013787187,5.917906046161393,42.53517506906829,61.18589233812526,10.045266627482652,0.0,0.0,29.54,6.103966387748303,4.794537184071822,0.0,18.052986946247767,22.38399429657006,17.671659389306566,12.84164324585202,6.076020106833881,53.43084627854336,6.578935683598497,27.938742734265084,6.355579254850088,12.37403258055254,15.278318338652332,1.3252374349903215,1.981701625094483,0.6030284356540971,15.16849219912772,3.752487100586247,4.550011919381057,0.0,0.3478260869565217,28,0,3,1,1,2,1,2,0,2,3,0,2,0,5,1,6,1,1,2,0,0,5.76828175461611,4,5.989300000000005,112.51000000000006,0,0,0,0,0,0,0,0,0,0,1,1,0,0,0,1,0,0,0,0,0,0,0,0,0,0,0,1,0,0,0,0,0,0,2,0,0,0,0,0,0,1,0,0,2,0,0,0,0,0,0,0,0,0,0,0,1,0,0,0,0,0,0,0,0,0,0,0,0,0,0,0,0,0,0,0,0,0,0,0,0,0,0,0,0,CHEMBL2347387,C=CC[C@@H]1O[C@@H](c2cccc(Cl)c2)[C@@H](c2ccc(Cl)cc2)N(CC2CC2)C1=O,1400.0,3.146128035678238,CHEMBL5023,p53-binding protein Mdm-2,3,Large-Nonpolar-Aromatic-Rigid-Hydrophobic,Large-Nonpolar-Aromatic-Rigid-Hydrophobic
13.073327111856322,13.073327111856322,0.060931468102491,-4.061089784392225,0.4293672629189898,11.03125,447.48700000000014,429.34300000000025,447.094057276,160,0,0.2644978450878719,-0.4573831369900921,0.4573831369900921,0.2644978450878719,0.6875,1.21875,1.8125,32.23327235181102,10.03829770310127,2.186719321019418,-2.093057899811535,2.2313618430132474,-2.3002670951732433,7.896981913249243,0.0981146147013423,2.803910407568042,1.4415262354379774,1319.8527052459574,22.553830996061407,16.734160501552186,17.550657082479912,15.40381666811968,9.66772151365832,11.150884761252714,6.905385422553747,8.587787663963262,4.664646971962444,6.01153908402555,3.0077359262571592,3.9818983539027655,-3.969999999999998,18673594.68873795,21.269223651100592,9.032136409763392,5.014055353967256,184.71886866058568,4.736862953800049,17.316244507613703,0.0,0.0,15.930470882759089,0.0,4.794537184071822,17.530306896455848,0.0,0.0,42.46456947923127,71.7905736680101,5.563451491696996,4.895483475517775,22.33961216987563,15.930470882759089,0.0,4.722094864452088,0.0,4.895483475517775,0.0,114.50891249659033,0.0,22.6259266499618,9.458957818252138,4.39041504767482,11.49902366656781,0.0,14.324976713680442,10.023291153407584,5.817220841045894,10.357988675768818,108.0237236393652,0.0,11.126902983393991,0.0,72.47,15.930470882759089,17.60274921607558,0.0,16.276155808260665,11.49902366656781,11.126902983393991,48.53093654769288,36.39820241076966,18.19910120538483,4.722094864452088,4.736862953800049,45.98373697450964,0.0,12.408714295700992,0.0,1.741361912384486,0.0076261941499176,27.169650407647197,0.0,0.0,-4.061089784392225,0.0,32,1,5,0,0,0,1,4,0,4,0,0,4,1,7,0,6,0,0,0,0,0,6.003329042078323,4,5.403700000000003,119.446,0,0,0,0,0,0,0,0,0,0,1,1,0,0,0,0,1,0,0,0,0,0,0,0,0,0,0,1,0,0,0,0,0,0,4,0,0,0,0,0,0,1,0,0,1,0,0,0,0,0,0,0,0,0,0,0,0,0,0,0,0,0,0,0,1,0,0,0,0,0,0,0,0,0,0,0,1,0,0,0,0,0,0,0,0,CHEMBL1824807,O=C(NS(=O)(=O)c1ccc(Oc2ccccc2)cc1)c1ccc(-c2ccc(F)cc2)cc1,17790.0,4.250175948083925,CHEMBL4361,Induced myeloid leukemia cell differentiation protein Mcl-1,0,Large-Nonpolar-Aromatic-Rigid-Hydrophobic,Large-Nonpolar-Aromatic-Rigid-Hydrophobic
14.017519797528063,14.017519797528063,0.093162624902898,-1.0707610599405608,0.2664963550214781,14.763157894736842,553.4170000000001,530.2330000000003,552.101890796,194,0,0.3352062900236644,-0.496054306324528,0.496054306324528,0.3352062900236644,1.0,1.7105263157894737,2.3157894736842106,35.49678594831218,10.023103798417626,2.432184745717885,-2.291549293601694,2.4735488246546646,-2.2964172116562382,6.309843614226691,0.0696317745335183,3.408003855579502,1.792011495647012,1580.4417069449753,27.30023595046221,20.70583257638429,22.217690468421193,18.116299958328167,11.82883522914731,12.584764175165766,9.240113429553364,10.083749336765951,6.648370657172555,7.189993434176604,5.017650506637637,5.31842182562455,-3.8099999999999983,363859525.8214642,25.823451518334792,9.816406307759932,4.215391978568142,228.33330600122903,14.410489996432108,17.60857350347776,0.0,0.0,5.907179729351506,5.969305287951848,9.6944469149223,9.184952231746642,0.0,0.0,35.33461391738825,74.00822950723274,22.315311909269845,34.647189828109774,23.822879764459216,40.76575107245195,0.0,4.567099647791355,0.0,25.93115605767717,12.009707272128011,104.97680769154572,0.0,17.00689131982936,9.636772684650529,10.077801322358384,5.749511833283905,23.20187978046503,28.65990960121295,0.0,5.817220841045894,57.904512895760256,66.73003775307771,10.045266627482652,11.257379486545457,0.0,71.77000000000001,17.828366958145704,19.08601681065917,0.0,22.535105363937788,38.9742903947997,5.563451491696996,31.37526581512397,35.23174507315853,30.547308184095822,0.0,27.938742734265084,21.598724881087275,12.274708361409182,27.361248157256433,10.069564520656,3.6863413827317184,-1.4694917167584076,17.05475935919372,0.0,3.968497669091104,1.5112029408885332,0.1724137931034483,38,1,6,0,1,1,1,3,1,4,1,0,4,1,9,2,6,0,0,0,0,1,6.6708813782293275,5,7.638500000000005,145.2787999999998,0,0,0,0,1,1,0,0,1,1,2,1,0,0,0,2,0,0,0,0,0,0,0,0,0,0,0,1,0,1,0,0,0,0,3,0,1,0,0,0,0,1,0,0,3,0,0,0,0,0,0,0,0,0,0,1,0,0,0,0,0,0,0,0,0,0,0,0,0,0,0,0,0,0,0,0,0,0,0,0,0,0,0,0,0,CHEMBL3928665,COc1ccc(C(=O)O)cc1-c1cc2c(n1C(C)C)C(c1ccc(Cl)cc1)N(c1ccc(F)c(Cl)c1)C2=O,0.351,-0.4546928835341759,CHEMBL1907611,Tumour suppressor p53/oncoprotein Mdm2,3,Large-Nonpolar-Aromatic-Rigid-Hydrophobic,Large-Nonpolar-Aromatic-Rigid-Hydrophobic
11.18916487533343,11.18916487533343,0.2673559948415653,-0.7093475628441357,0.6926632655148584,15.346153846153848,412.28700000000015,394.1430000000001,411.0582389160001,132,0,0.3061257948641663,-0.4810247959943531,0.4810247959943531,0.3061257948641663,1.0769230769230769,1.8076923076923077,2.5,79.9187312181962,9.9724567810239,2.2597957101831954,-2.301089228371234,2.3103652632662364,-2.369000677504886,9.103024682157988,-0.1418881150521259,2.6770022250823597,1.7736350090380943,953.9324513445528,18.0956473593183,14.099646692925749,15.685643232040452,12.614193540729628,8.621091890028179,9.41409015958553,6.49926952396253,7.41494505275422,4.820241852003409,5.313493490720449,3.372322461126191,3.733407721583673,-2.469999999999999,1198311.8600180668,16.96952987102625,7.034791551495126,3.2885702751637145,159.3764164801241,10.006437125691182,0.0,0.0,5.948339280986494,0.0,5.969305287951848,4.794537184071822,9.967957041894415,0.0,0.0,46.2617792402574,31.040744451236847,28.511908033819356,17.128534758626117,9.901064578912528,38.75051339896875,0.0,9.967957041894415,5.917906046161393,12.84164324585202,17.989422542675626,53.0036560635253,0.0,11.257379486545457,4.899909730850477,5.948339280986494,0.0,15.929943897949348,34.13330253651212,4.794537184071822,5.917906046161393,12.84164324585202,53.0036560635253,0.0,22.160304418626517,0.0,66.32,5.969305287951848,9.901064578912528,0.0,5.917906046161393,31.879495338663663,26.63302393445893,0.0,0.0,48.53093654769288,20.829853628799825,9.967957041894415,0.9868552112202909,3.5328069378332136,22.874787867585887,10.19611479325446,2.8234639812715217,-0.3077088486909919,16.07826407323067,1.2455131435290163,1.319902840765936,0.0,0.25,26,1,5,0,1,1,0,2,1,3,0,0,4,1,6,2,3,0,1,1,0,0,4.591427129597679,4,4.360300000000003,105.24680000000004,1,0,0,0,0,2,0,0,1,1,1,0,0,0,0,3,0,0,0,0,0,0,0,0,0,0,0,0,0,1,0,0,0,0,2,0,1,0,0,0,0,0,0,0,1,0,0,0,0,0,0,0,0,0,0,0,0,0,0,0,0,0,0,0,0,0,0,0,0,1,0,0,0,0,0,0,0,0,0,0,0,0,0,0,0,CHEMBL1413474,O=C(O)C1CCN(c2nc(-c3ccccc3)c3cc(Br)ccc3n2)CC1,2325.0,3.3664229572259727,CHEMBL2096976,Peroxisome proliferator-activated receptor gamma/Nuclear receptor corepressor 2,0,Large-Nonpolar-Aromatic-Rigid-Hydrophobic,Large-Nonpolar-Aromatic-Rigid-Hydrophobic
13.301430583550292,13.301430583550292,0.0595597127739988,-0.9558944875181644,0.6255388691989622,22.17241379310345,434.36300000000006,409.1630000000001,433.12114902,154,0,0.3036504604474273,-0.4812120697653071,0.4812120697653071,0.3036504604474273,1.103448275862069,1.793103448275862,2.3793103448275863,35.496784689788726,9.744322605274968,2.432947684339514,-2.4529338120347535,2.461771358595826,-2.4824656987768283,6.304401563022463,-0.1499123388495322,2.648466342427886,2.1107078815261104,881.946614757329,21.129027554137902,16.516376291781253,18.028234183818164,13.756927950821463,9.791193252774637,10.547122198793092,8.072821744734755,8.945693305678724,5.358897867079595,5.845971285206819,4.23121495750257,4.555930569587385,-2.0399999999999987,2376543.00611813,21.6636758645951,9.185924912827234,5.11840248466728,180.98067350664468,10.006437125691182,0.0,0.0,5.907179729351506,0.0,5.969305287951848,9.589074368143644,0.0,0.0,0.0,61.31482245369272,47.73109892632783,28.425835125718017,12.462662452073973,14.69560176298435,35.07836479776839,0.0,4.899909730850477,11.835812092322788,38.64886452054262,6.544756405912575,69.70310615856953,0.0,0.0,0.0,0.0,0.0,23.20187978046503,28.42767854890711,9.589074368143644,11.835812092322788,49.775767503936606,48.53093654769288,10.045266627482652,0.0,0.0,57.61,11.887211334113244,14.69560176298435,0.0,30.205654273748262,23.01084465632124,11.126902983393991,0.0,0.0,53.43084627854336,13.847474399381248,23.20187978046503,0.0,12.3479242327649,26.580876566693064,10.617703645227094,1.9965235260770984,-1.4224454134440914,14.969387418326512,0.2968214338204427,4.668764146090536,0.0,0.391304347826087,29,1,4,0,1,1,1,2,0,2,3,0,2,1,6,1,6,0,1,1,0,1,6.8620999940689025,3,5.797500000000006,115.29680000000003,1,0,0,0,0,0,0,0,1,1,2,1,0,0,0,1,0,0,0,0,1,0,0,0,0,0,0,1,0,0,0,0,0,0,2,0,0,0,0,0,0,0,0,0,2,0,0,0,0,0,0,0,0,0,0,0,0,0,0,0,0,0,0,0,0,0,0,0,0,1,0,0,0,0,0,0,0,0,0,0,0,0,0,0,0,CHEMBL3942905,CC(C)CN1C(=O)[C@H](CC(=O)O)CC(c2cccc(Cl)c2)[C@H]1c1ccc(Cl)cc1,450.0,2.6532125137753435,CHEMBL1907611,Tumour suppressor p53/oncoprotein Mdm2,3,Large-Nonpolar-Aromatic-Rigid-Hydrophobic,Large-Nonpolar-Aromatic-Rigid-Hydrophobic
15.791507378215998,15.791507378215998,0.0521003101041979,-1.24046984448432,0.4752044876518111,24.974358974358974,574.5240000000001,540.2520000000001,573.196125528,208,0,0.2471147127006345,-0.3787927180120614,0.3787927180120614,0.2471147127006345,1.205128205128205,1.948717948717949,2.6666666666666665,35.496786061446,9.608090546272685,2.6248047479010235,-2.3878951244608446,2.6121913605682585,-2.4607355798437394,6.311457073497237,-0.1225167596608717,3.3486668371500574,1.6063317545779072,1319.0161772805145,27.94901851044682,22.451751776931705,23.963609668968612,18.5187296318786,13.375343452744534,14.131272398762988,11.79230452115872,12.63594042837131,7.987401044990138,8.514405995128499,6.3842081350574675,6.7381594008736645,-2.449999999999999,498012338.97555226,28.092143249189252,10.846286711637886,5.220503042888769,238.4185742156314,15.37044016181271,5.817220841045894,0.0,11.814359458703011,0.0,0.0,14.48898409899412,4.39041504767482,0.0,0.0,68.24821269175563,47.079722327263,48.380055788305846,23.651387712163935,18.716352369618512,40.703625513851605,0.0,10.216698334856808,11.332896515558172,38.52492973755605,44.70957815668247,75.03671749959534,0.0,0.0,10.633577208012662,10.077801322358384,0.0,23.20187978046503,56.10705874222962,19.74092779134047,17.150117356604067,44.23684225155326,48.04732704767281,10.045266627482652,0.0,0.0,70.67,17.150117356604063,9.589074368143644,4.39041504767482,33.7333407796995,54.57067397396814,13.08951281182515,6.06636706846161,24.26546827384644,12.142387175295491,36.30469853793501,27.938742734265084,21.20445747412084,12.546911076283044,30.229799749486645,6.479593088598286,0.4858678823266553,-2.4544122715363392,10.042414964359631,2.4953822593852353,10.358874665864892,0.0,0.4666666666666667,39,2,6,1,2,3,2,2,0,2,3,0,4,2,9,2,6,0,1,1,1,0,7.812703590387419,5,5.547000000000005,151.82439999999977,0,0,0,0,0,0,0,0,0,0,2,2,0,0,0,1,2,0,0,0,0,0,0,0,0,0,1,2,0,1,0,0,0,0,2,0,2,0,0,0,0,1,0,0,3,0,0,0,0,0,0,0,0,0,0,0,1,0,0,0,0,0,0,0,0,0,0,0,0,0,0,0,0,0,0,0,0,0,0,0,0,0,0,0,0,CHEMBL4217905,CC(C)(C)C[C@@H]1C=C(C(=O)NCCN2CCOCC2)[C@H](c2cccc(Cl)c2F)[C@]12C(=O)Nc1cc(Cl)ccc12,33.03,1.5189085736914143,CHEMBL1907611,Tumour suppressor p53/oncoprotein Mdm2,3,Large-Nonpolar-Aromatic-Rigid-Hydrophobic,Large-Nonpolar-Aromatic-Rigid-Hydrophobic
15.791507378215998,15.791507378215998,0.0521003101041979,-1.24046984448432,0.4752044876518111,24.974358974358974,574.5240000000001,540.2520000000001,573.196125528,208,0,0.2471147127006345,-0.3787927180120614,0.3787927180120614,0.2471147127006345,1.205128205128205,1.948717948717949,2.6666666666666665,35.496786061446,9.608090546272685,2.6248047479010235,-2.3878951244608446,2.6121913605682585,-2.4607355798437394,6.311457073497237,-0.1225167596608717,3.3486668371500574,1.6063317545779072,1319.0161772805145,27.94901851044682,22.451751776931705,23.963609668968612,18.5187296318786,13.375343452744534,14.131272398762988,11.79230452115872,12.63594042837131,7.987401044990138,8.514405995128499,6.3842081350574675,6.7381594008736645,-2.449999999999999,498012338.97555226,28.092143249189252,10.846286711637886,5.220503042888769,238.4185742156314,15.37044016181271,5.817220841045894,0.0,11.814359458703011,0.0,0.0,14.48898409899412,4.39041504767482,0.0,0.0,68.24821269175563,47.079722327263,48.380055788305846,23.651387712163935,18.716352369618512,40.703625513851605,0.0,10.216698334856808,11.332896515558172,38.52492973755605,44.70957815668247,75.03671749959534,0.0,0.0,10.633577208012662,10.077801322358384,0.0,23.20187978046503,56.10705874222962,19.74092779134047,17.150117356604067,44.23684225155326,48.04732704767281,10.045266627482652,0.0,0.0,70.67,17.150117356604063,9.589074368143644,4.39041504767482,33.7333407796995,54.57067397396814,13.08951281182515,6.06636706846161,24.26546827384644,12.142387175295491,36.30469853793501,27.938742734265084,21.20445747412084,12.546911076283044,30.229799749486645,6.479593088598286,0.4858678823266553,-2.4544122715363392,10.042414964359631,2.4953822593852353,10.358874665864892,0.0,0.4666666666666667,39,2,6,1,2,3,2,2,0,2,3,0,4,2,9,2,6,0,1,1,1,0,7.812703590387419,5,5.547000000000005,151.82439999999977,0,0,0,0,0,0,0,0,0,0,2,2,0,0,0,1,2,0,0,0,0,0,0,0,0,0,1,2,0,1,0,0,0,0,2,0,2,0,0,0,0,1,0,0,3,0,0,0,0,0,0,0,0,0,0,0,1,0,0,0,0,0,0,0,0,0,0,0,0,0,0,0,0,0,0,0,0,0,0,0,0,0,0,0,0,CHEMBL4214609,CC(C)(C)C[C@H]1C=C(C(=O)NCCN2CCOCC2)[C@@H](c2cccc(Cl)c2F)[C@]12C(=O)Nc1cc(Cl)ccc12,3680.0,3.5658478186735176,CHEMBL1907611,Tumour suppressor p53/oncoprotein Mdm2,3,Large-Nonpolar-Aromatic-Rigid-Hydrophobic,Large-Nonpolar-Aromatic-Rigid-Hydrophobic
14.723725114471868,14.723725114471868,0.0362972375590482,-0.6299687795259237,0.3440301498284242,27.40909090909091,654.7080000000001,613.3800000000002,653.235801912,234,0,0.2629754101189027,-0.3383424093245767,0.3383424093245767,0.2629754101189027,0.9772727272727272,1.5909090909090908,2.1818181818181817,35.496786932148474,9.808219045682463,2.5425962517471965,-2.3797189059174135,2.562686738039851,-2.545379389531196,8.17778091437439,-0.1439453736791583,3.6759431456645233,1.4002228296970742,1485.9925258660846,31.33576985639494,26.094692493491184,28.423046966455814,21.02793155364637,15.656810308674102,17.229235835620276,12.840214336494633,14.69060670480451,9.67393837072979,11.236331423015905,7.252985466377087,8.85625939919735,-2.5199999999999987,8695431159.900461,31.46208620071632,12.348826934813989,5.4592682002979736,274.7916400418749,19.59963892340191,16.48590259542135,5.1676517695780495,5.907179729351506,5.907179729351506,0.0,9.589074368143644,4.992404732635668,0.0,0.0,68.23855965338335,86.3060363039388,47.96317239333674,6.041840829147961,9.589074368143644,51.94577595813721,0.0,19.59963892340191,10.91031077879706,70.62186140736775,33.22669760632749,80.3052819855154,0.0,0.0,0.0,0.0,0.0,34.963764729856145,81.89202941630637,15.127999620526989,5.917906046161393,64.12615748008247,64.12551710727443,10.045266627482652,0.0,0.0,59.46000000000001,11.580766081531303,9.589074368143644,0.0,29.815947163160327,34.46073757612386,47.92275012370504,11.761884949391115,0.0,46.19802187247061,56.675174380063865,28.194284513100698,0.0,14.065882450444544,43.047044559608224,2.1528207860452393,2.44084104155416,0.0888420838745978,15.231831839850258,2.3661082825580824,11.660487034382577,2.0850308105712094,0.5,44,0,7,0,4,4,2,2,0,2,4,0,6,0,10,4,6,0,2,2,0,0,8.829996761382844,6,6.779500000000009,179.74999999999943,0,0,0,0,0,0,0,0,0,0,2,2,0,0,1,5,0,0,0,1,1,0,0,0,0,0,1,2,1,0,0,0,0,0,2,0,1,0,0,0,0,0,0,0,2,0,0,0,0,0,0,0,0,0,0,0,0,0,0,0,0,0,0,0,0,0,0,0,0,0,1,0,0,0,0,1,0,0,0,0,0,0,0,0,0,CHEMBL2398346,CC[C@@H]1CC[C@@H](C(=O)N2CCN(C)CC2)N1C(=O)C1=C(C(C)C)N2C(=N[C@@](C)(c3ccc(Cl)cc3)[C@H]2c2ccc(Cl)cc2)S1,30.0,1.4771212547196624,CHEMBL1907611,Tumour suppressor p53/oncoprotein Mdm2,3,Large-Nonpolar-Aromatic-Rigid-Hydrophobic,Large-Nonpolar-Aromatic-Rigid-Hydrophobic
14.594361235744437,14.594361235744437,0.2976595513473219,-0.8142434935661831,0.5090031363737751,10.71875,431.44200000000006,412.2900000000002,431.1445332880001,160,0,0.2755988377488381,-0.3462165977568668,0.3462165977568668,0.2755988377488381,0.90625,1.5,2.125,19.145532202959433,10.026630306880053,2.177526581943449,-2.120640338292571,2.239795795385704,-2.3172460812655986,5.915580323271239,0.0941994156053161,2.792307974868048,1.5752516030607846,1313.6458913551803,22.66456146007064,17.179512998597783,17.179512998597783,15.435560745775549,9.91755795052437,9.91755795052437,7.213077597583296,7.213077597583296,4.997181030703753,4.997181030703753,3.3568084978835535,3.3568084978835535,-4.129999999999999,18393714.476688795,21.115386858524246,8.93199322123606,4.318584242141001,182.51921028732,5.316788604006331,11.634441682091788,5.693927994848461,5.428790391900541,5.907179729351506,0.0,9.589074368143644,13.462633030494825,5.098681808301038,0.0,48.53093654769288,42.316108456931055,23.86850296091964,5.687386274683562,13.575367279421462,5.907179729351506,0.0,15.097273347452552,0.0,13.4684936056032,0.0,117.67184862945903,0.0,16.814289258077554,10.745578995906872,8.78083009534964,0.0,0.0,15.687664472797726,6.544756405912575,18.558178881782418,21.74584466546574,83.65730907407277,0.0,16.814289258077554,0.0,63.99,29.515168209256412,18.369904463493285,0.0,11.257379486545457,22.508217252926013,0.0,22.880904140530017,55.4546737473835,12.13273413692322,10.415470412307368,0.0,30.65314112462506,0.0,24.939791592850895,6.557892251503918,1.0500569969316529,-2.392549247456353,21.586477523170064,0.0,1.2718564250414348,0.0,0.08,32,1,5,0,0,0,1,3,1,4,0,0,4,1,7,1,5,0,0,0,0,0,5.893827883878612,4,4.416120000000003,117.5352,0,0,0,0,0,2,0,0,0,0,1,1,0,0,0,2,1,0,0,0,0,0,0,0,0,0,0,1,0,0,1,0,0,0,3,0,0,0,0,0,0,0,0,0,2,0,0,0,0,0,0,0,0,0,0,0,0,0,0,0,0,0,0,0,1,0,0,0,0,0,0,0,0,0,0,0,0,0,0,0,0,0,0,0,0,CHEMBL5415193,Cc1cc(=O)c(C(=O)NCc2c(F)cc(-c3ccccc3)cc2F)nn1-c1ccccc1,15800.0,4.198657086954422,CHEMBL5465553,WDR5-MYC,0,Large-Nonpolar-Aromatic-Rigid-Hydrophobic,Large-Nonpolar-Aromatic-Rigid-Hydrophobic
6.724417517006803,6.724417517006803,0.1771590372260016,-0.295081372826909,0.2471015683158028,18.58823529411765,576.292,556.1320000000002,574.0003854600001,168,0,0.2290681350420767,-0.480441814971993,0.480441814971993,0.2290681350420767,0.9117647058823528,1.588235294117647,2.2941176470588234,79.91976197995501,9.83800937193235,2.432309283332327,-2.427901225560504,2.5232197146165483,-2.384949320409626,9.104490762783051,0.2215016281953355,3.3437147428947767,1.6730121913067058,1409.337955103363,23.23347556082299,18.104849487889258,21.276842566118667,16.652198343190413,10.94432430348335,12.530320842598057,8.20752741516702,10.038878472750396,6.217731673346234,7.275062699422703,4.813466451967826,5.342131965006062,-3.1599999999999993,122334057.07395837,21.37843969228316,8.56207895718755,3.420433160865831,214.20176771593864,9.636772684650529,24.222639124944713,0.0,5.948339280986494,0.0,0.0,0.0,4.681802935145184,10.082660329248244,6.578935683598497,74.33411031350224,47.52510539416365,26.626751459343662,5.697039313055833,4.736862953800049,43.50526638994103,0.0,14.764463264393427,0.0,12.145807216896262,11.444666136763052,122.98757872356136,0.0,5.749511833283905,9.636772684650529,5.948339280986494,5.749511833283905,31.859887795898697,21.309219670306003,0.0,0.0,28.83616169198725,106.29722424847036,0.0,5.697039313055833,0.0,43.18,0.0,0.0,0.0,12.145807216896262,6.544756405912575,48.603788464151314,0.0,6.3273200747645415,28.956924247363897,108.01869715575042,4.736862953800049,10.779062615391531,7.140975963228624,6.85535834926257,4.67937761138406,5.468134002057615,1.6422040343915347,24.756135505466087,3.2261842245507015,4.619234360933946,0.0,0.1111111111111111,34,0,5,0,2,2,0,3,1,4,2,0,5,0,7,3,4,0,0,0,0,2,5.383643783141197,6,6.943500000000006,140.71899999999985,0,0,0,0,0,3,0,0,0,0,0,0,0,0,0,4,0,0,0,0,0,0,0,0,0,0,0,0,0,1,0,0,0,0,3,0,3,0,0,0,0,1,0,0,2,0,0,0,0,0,0,0,0,0,0,0,0,0,0,0,0,0,0,0,1,0,0,0,0,0,0,0,0,0,0,0,0,0,0,0,0,0,0,0,0,CHEMBL1771707,C=CCN1C2=C(C(c3ccc(Br)cc3)Oc3ccccc32)C(c2ccc(Br)cc2)n2ncnc21,2400.0,3.380211241711606,CHEMBL1907611,Tumour suppressor p53/oncoprotein Mdm2,3,Large-Nonpolar-Aromatic-Rigid-Hydrophobic,Large-Nonpolar-Aromatic-Rigid-Hydrophobic
14.51954811245486,14.51954811245486,0.0365006497063675,-1.0702359956328211,0.3220954425755899,19.025641025641026,678.3540000000002,652.1460000000001,677.034509672,202,0,0.2607905356616309,-0.3787922353221133,0.3787922353221133,0.2607905356616309,0.9743589743589745,1.5897435897435896,2.230769230769231,126.91270455899512,9.983045737207773,2.447804693403493,-2.3566928947775554,2.402787996161385,-2.495400324595896,14.111920012179167,-0.1301922002239652,3.017496640988934,1.6613048806420396,1394.646536364991,27.681069318015687,21.14961477278089,24.81897095599411,18.740091198415858,12.543875028315776,14.378553119922392,9.511412744519884,11.629916524650657,7.064273568000855,8.239217302005912,5.019036174161219,5.762212068562099,-2.4999999999999996,596294608.3779228,28.04397195549459,11.93527999435068,5.8534251606978875,250.29427559798452,9.636772684650529,6.041840829147961,0.0,5.907179729351506,11.814359458703011,0.0,19.28352128306594,4.899909730850477,0.0,0.0,47.46734805431147,83.10608028938395,26.7049617103732,37.05119893046693,19.120474506015515,69.20167587027116,0.0,9.799819461700954,0.0,19.007418857986547,37.74794287761404,97.03584112671678,0.0,0.0,4.899909730850477,5.687386274683562,0.0,45.79275040753309,60.369391796519025,14.325937321943693,3.5701822710653963,40.49231051714935,66.73003775307771,10.045266627482652,0.0,0.0,70.16,23.898041116998932,14.383611552215466,0.0,18.13932240994764,47.475446351727626,9.133633762762392,4.899909730850477,59.497213347004966,23.95638106746432,22.590870627068057,27.938742734265084,6.237443124229905,14.442450890233143,47.462191720279066,1.0692512662589118,1.9456699954838248,-1.2335557683473672,17.620506956962245,0.0,4.131597370455819,0.0,0.2758620689655172,39,0,7,0,2,2,3,3,0,3,2,0,5,0,10,2,5,0,1,1,0,0,8.582375831860158,5,5.748100000000005,159.14049999999966,0,0,0,0,0,0,0,0,0,0,3,3,0,0,0,3,0,0,0,0,0,0,0,0,0,0,0,3,0,1,0,0,0,0,3,0,1,0,0,0,0,1,0,0,3,0,0,0,1,0,0,0,0,0,0,0,1,0,0,0,0,0,0,0,0,0,0,0,0,0,0,0,0,0,0,0,0,0,0,0,0,0,0,0,0,CHEMBL207541,C[C@H](c1ccc(Cl)cc1)N1C(=O)c2cc(I)ccc2N(C(=O)CN2CCOCC2)C(=O)[C@@H]1c1ccc(Cl)cc1,5400.0,3.7323937598229686,CHEMBL5023,p53-binding protein Mdm-2,3,Large-Nonpolar-Aromatic-Rigid-Hydrophobic,Large-Nonpolar-Aromatic-Rigid-Hydrophobic
13.261963375885331,13.261963375885331,0.101098583466308,-0.101098583466308,0.4528490994592233,14.689655172413794,445.4150000000003,423.2390000000002,444.082989684,150,0,0.2546383925088833,-0.3898929126288603,0.3898929126288603,0.2546383925088833,0.896551724137931,1.4482758620689655,2.0344827586206895,35.49678529688318,9.939066659770738,2.261424459929596,-2.227332476649929,2.449149185822344,-2.3603566964245544,7.1998608448908765,0.0929428543432825,3.0687763395812135,1.798165772113849,1006.6071431120992,20.380104409694468,15.88146212477518,18.20981659773981,14.024877143252588,9.77691816891421,11.349343695860393,7.367618616178101,9.29268901844531,5.3422398416858154,6.914180371269819,3.875180682571239,5.219801218046429,-2.0099999999999993,5329752.545741785,20.270409019300757,8.782211694340706,4.44795677290752,184.3925258837114,11.050456081168516,0.0,0.0,0.0,5.907179729351506,0.0,4.794537184071822,0.0,0.0,11.336785877934735,66.72981292308951,48.23401450309245,26.527706142028908,10.564533468384862,4.794537184071822,45.44692736443914,0.0,5.316788604006331,0.0,38.14594894377801,5.733667477162185,64.13965466687253,0.0,21.56750166879229,11.050456081168516,5.001081976687867,0.0,34.538665658399765,11.949020558499466,0.0,0.0,42.462096790398874,48.53093654769288,10.045266627482652,21.56750166879229,0.0,55.120000000000005,0.0,4.794537184071822,0.0,11.949020558499466,20.609800095867513,47.25078816049633,17.757607500860743,0.0,48.53093654769288,5.316788604006331,28.935547257627213,0.0,13.5925251276876,14.215929372777918,5.052727605980616,9.681324999650068,-0.101098583466308,15.346124025274158,5.601356340984838,0.0,0.0,0.2608695652173913,29,3,3,1,0,1,1,2,1,3,0,0,3,2,6,1,4,1,0,1,0,0,6.1385870047714635,4,7.033600000000005,123.96260000000004,0,0,0,1,0,0,0,0,0,0,1,1,0,0,0,0,1,1,0,0,0,0,0,0,0,0,0,1,0,1,0,0,0,0,2,0,0,0,0,0,0,0,0,0,2,0,0,0,0,0,0,0,0,0,0,0,0,0,0,0,0,0,0,0,0,0,0,0,0,0,0,0,0,0,0,0,0,0,0,0,0,0,1,0,0,CHEMBL2385521,Nc1sc(-c2ccc(Cl)cc2)c(-c2ccc(Cl)cc2)c1C(=O)NC1CCCCC1,590.0,2.770852011642144,CHEMBL394,HCT-116,0,Large-Nonpolar-Aromatic-Rigid-Hydrophobic,Large-Nonpolar-Aromatic-Rigid-Hydrophobic
12.627709311124717,12.627709311124717,0.1375438869558636,-0.3438593432758641,0.3616749075022531,10.64516129032258,449.3370000000001,431.1930000000001,448.07453317599993,154,0,0.255265989878019,-0.3257300952889343,0.3257300952889343,0.255265989878019,0.7096774193548387,1.3548387096774193,2.129032258064516,35.49683631958837,10.01869967378224,2.1052948505231037,-2.103496997878247,2.2222534806898535,-2.153360112206695,6.349014519581481,-0.1151047273268879,2.7333426061757984,1.4533857400357963,1262.0115428013935,21.794317972067567,16.362436076787493,17.874293968824404,14.974366886035767,9.618104762320351,10.374033708338809,7.056277665119731,7.929149226063702,4.75988428991501,5.196320070386995,3.3876960074727944,3.913738487698741,-3.339999999999999,10814311.487463389,20.913569545664014,9.208862456717451,5.233110263807168,189.35138342761704,10.633577208012662,0.0,0.0,5.907179729351506,5.907179729351506,0.0,9.589074368143644,0.0,0.0,0.0,71.73281632815791,52.73410233139624,26.983490668546775,6.4208216229260096,9.589074368143644,57.16346021746476,0.0,0.0,0.0,6.4208216229260096,10.633577208012662,106.1013085693392,0.0,0.0,10.633577208012662,11.374772549367124,0.0,23.20187978046503,11.814359458703011,11.21535880699783,0.0,15.921440167465814,84.92913895846256,10.045266627482652,10.772448428929591,0.0,58.2,0.0,9.589074368143644,0.0,18.23518108162902,26.983490668546775,16.335899920626588,0.0,42.46456947923127,42.46456947923127,10.633577208012662,23.20187978046503,0.0,11.941236739865197,25.129648973440663,8.602846318229929,2.44167477128737,-0.4814032302317277,25.505923421226708,0.2489618950707515,0.0,0.0,0.04,31,2,4,0,0,0,2,4,0,4,0,0,2,2,6,0,5,0,0,0,0,0,6.212586626613381,4,6.5801000000000025,127.13890000000002,0,0,0,0,0,0,0,0,0,0,2,2,0,0,0,0,2,0,0,0,0,0,0,0,0,0,0,2,0,2,0,0,0,0,4,0,1,0,0,0,0,0,0,0,2,0,0,0,0,0,0,0,0,0,0,0,0,0,0,0,0,0,0,0,0,0,0,0,0,0,0,0,0,0,0,0,0,0,0,0,0,0,0,0,0,CHEMBL13598,O=C(Cc1cccc2ccccc12)Nc1cccc(NC(=O)c2cc(Cl)cc(Cl)c2)c1,1120.0,3.0492180226701815,CHEMBL2780,Cyclophilin A,0,Large-Nonpolar-Aromatic-Rigid-Hydrophobic,Large-Nonpolar-Aromatic-Rigid-Hydrophobic
14.146699884316376,14.146699884316376,0.0079317225861532,-0.4044028197698834,0.2674821465998376,14.864864864864863,537.4470000000001,511.23900000000026,536.138196052,190,0,0.3189287506171682,-0.480352395297989,0.480352395297989,0.3189287506171682,0.945945945945946,1.648648648648649,2.297297297297298,35.49678554397786,10.01739834810565,2.436108400071017,-2.299298730009029,2.475650326637825,-2.3023599313073615,6.309110437281658,0.0993138945986808,3.404370518347394,1.7870898697399162,1498.3007732040155,26.42999246245913,21.12038116049576,22.63223905253267,17.74362115826599,11.804155031235902,12.560083977254358,9.13194742933076,10.004818990274728,6.558915664294842,7.045989082422066,4.946416376805026,5.238748089516065,-3.5499999999999994,253969989.73851687,25.11434640936469,9.724693777689914,4.218810199104645,225.12979805185952,14.040825555391454,6.041840829147961,0.0,5.879988336435371,5.907179729351506,6.010464839586836,9.6944469149223,4.983978520947208,4.983978520947208,0.0,41.40098098584986,62.229949924773905,27.971337302927253,36.73435405564598,14.26826309167192,34.7964457845001,0.0,14.53505668968577,0.0,32.85489325736779,19.119504813405545,87.15732921672806,0.0,23.147832662567662,14.373635638450576,5.687386274683562,11.890453176022207,23.20187978046503,34.661831501592346,0.0,6.923737199690624,53.109975711688435,54.727780119305955,10.045266627482652,11.257379486545457,0.0,69.48,6.041840829147961,4.794537184071822,0.0,17.9594853980863,27.052157947312015,28.202145247774475,7.109797541277533,13.30664111289061,60.35458347823398,28.38253108906702,32.67560568806513,12.912968257479232,12.618543001298878,24.634957083316273,1.1863079989749163,5.559203794717831,0.247519153692495,14.881934496198877,1.6614132881241468,6.135910060273405,3.0501317548128375,0.25,37,0,7,0,1,1,1,2,2,4,1,0,6,0,9,3,6,0,0,0,0,0,6.600792655618861,5,6.908220000000006,145.2404999999998,0,0,0,0,0,3,0,0,0,0,1,1,0,0,0,4,0,0,0,0,0,0,0,0,0,0,0,1,0,1,1,0,0,0,2,0,1,0,0,0,0,2,0,0,2,0,0,0,0,0,0,0,0,0,0,2,0,0,0,0,0,0,0,0,0,0,0,0,0,0,0,0,0,0,0,0,0,0,0,0,0,0,0,0,0,CHEMBL3901716,COc1ncc(-c2cc3c(n2C(C)C)[C@H](c2ccc(Cl)cc2)N(c2cc(Cl)ccc2C)C3=O)c(OC)n1,0.065,-1.1870866433571443,CHEMBL1907611,Tumour suppressor p53/oncoprotein Mdm2,3,Large-Nonpolar-Aromatic-Rigid-Hydrophobic,Large-Nonpolar-Aromatic-Rigid-Hydrophobic
14.05040800058928,14.05040800058928,0.0298712596490509,-0.6185143665924688,0.4220076589218927,24.789473684210527,571.5740000000001,539.3180000000002,570.162302624,200,0,0.2627249668141653,-0.3470318996443448,0.3470318996443448,0.2627249668141653,1.0526315789473684,1.6578947368421053,2.236842105263158,35.496786298688065,9.808247394957217,2.535325920847431,-2.3695038884300037,2.5604631455272773,-2.455583323362088,8.177771865761837,-0.1395691404874692,3.5652697323464784,1.6063138628006053,1323.093360749932,27.3526421932695,22.24170150405541,24.570055977020044,18.02360025599679,12.873538354262111,14.445963881208291,10.733248125433729,12.583640493743603,7.605164485630599,9.167557537916702,5.759600200929071,7.3747192285166525,-2.479999999999999,359280616.4429651,27.10070940353063,10.248166044091514,4.5239966357446235,238.21292695321767,14.69972919255143,16.48590259542135,5.1676517695780495,5.907179729351506,5.907179729351506,0.0,9.589074368143644,4.992404732635668,0.0,0.0,61.31482245369272,72.8375426983356,36.38240631180544,6.041840829147961,9.589074368143644,51.94577595813721,0.0,14.69972919255143,10.91031077879706,51.235461755603154,20.640100371266954,80.3052819855154,0.0,0.0,0.0,0.0,0.0,34.963764729856145,58.3636816212474,15.127999620526989,5.917906046161393,50.781598657465835,64.12551710727443,10.045266627482652,0.0,0.0,56.220000000000006,11.580766081531303,9.589074368143644,0.0,23.77410633401237,27.915981170211285,28.41241568895388,11.761884949391115,23.895163427055333,48.53093654769288,25.67112132992235,28.194284513100698,0.0,13.908472501536856,38.42816414033673,2.1306910458104413,2.4192110217679907,-0.0588773096934607,15.06991612841325,1.5020374609008196,6.922643782548964,3.483296783933959,0.4137931034482758,38,0,6,0,3,3,2,2,0,2,3,0,5,0,9,3,5,0,1,1,0,0,7.308751838948795,5,6.315100000000007,155.15499999999963,0,0,0,0,0,0,0,0,0,0,2,2,0,0,1,4,0,0,0,1,1,0,0,0,0,0,1,2,1,0,0,0,0,0,2,0,1,0,0,0,0,0,0,0,2,0,0,0,0,0,0,0,0,0,0,0,0,0,0,0,0,0,0,0,0,0,0,0,0,0,0,0,0,0,0,1,0,0,0,0,0,0,0,0,0,CHEMBL2315843,CC(C)C1=C(C(=O)N2CCC[C@H]2C(=O)N(C)C)SC2=N[C@@](C)(c3ccc(Cl)cc3)[C@@H](c3ccc(Cl)cc3)N21,8.3,0.919078092376074,CHEMBL1907611,Tumour suppressor p53/oncoprotein Mdm2,3,Large-Nonpolar-Aromatic-Rigid-Hydrophobic,Large-Nonpolar-Aromatic-Rigid-Hydrophobic
12.762720492572653,12.762720492572653,0.3098453510895584,-0.3708786550917675,0.2671083548520774,10.8,458.56100000000015,432.3530000000003,458.1994280720001,172,0,0.3398464448164277,-0.4623341924507237,0.4623341924507237,0.3398464448164277,0.7428571428571429,1.3142857142857145,1.9142857142857144,16.53222887856547,9.941773939506469,2.2275451320109796,-2.1281275098258177,2.419332433137957,-2.0792415439637733,5.98480728175146,0.0526650901385628,3.2671020974904077,1.7612781235456572,1456.6648885688917,24.200095366003374,19.785771533837877,19.785771533837877,17.16903509559602,11.743978211837018,11.743978211837018,8.286205467409895,8.286205467409895,6.006384530293233,6.006384530293233,4.448013959123163,4.448013959123163,-4.439999999999999,163459233.9525716,22.357062542866945,9.816535478310833,4.3845213826123945,204.8234241328509,9.720841474747257,0.0,0.0,0.0,0.0,5.969305287951848,0.0,9.778515705019029,0.0,0.0,90.99550602692418,37.10711151969846,22.384282469939446,29.2521174407553,9.53140013787187,5.969305287951848,0.0,9.967957041894415,0.0,13.847474399381248,6.606881964512918,114.38561965039288,0.0,44.89904144303035,0.0,0.0,0.0,0.0,22.54414429435918,4.736862953800049,6.923737199690624,22.9756538703079,103.1282401638474,0.0,44.89904144303035,0.0,54.98,0.0,4.794537184071822,0.0,5.969305287951848,17.864261451058375,44.89904144303036,0.0,0.0,85.78650908969158,36.17318399448427,9.720841474747257,5.3292869002703265,0.0,21.42421848046539,0.0,9.103159622447594,-0.3708786550917675,34.163057762778564,0.0,4.1844892224632275,0.0,0.0967741935483871,35,1,4,0,0,0,0,3,2,5,0,0,3,1,4,2,6,0,0,0,0,0,6.270539932653359,5,7.5628200000000065,141.0251999999998,0,0,0,0,0,2,1,0,0,0,1,1,0,0,0,1,1,0,0,0,0,1,0,0,0,0,0,0,0,0,1,0,0,0,3,0,0,0,0,0,1,1,0,0,0,0,0,0,0,0,0,0,0,0,0,0,0,0,0,0,0,0,0,0,0,0,0,0,0,0,0,0,0,1,0,0,0,0,0,0,0,0,0,0,0,CHEMBL3291436,CCOC(=O)c1ccc(-c2c(C)[nH]c(-c3ccccc3)c2-c2ccccc2)nc1-c1ccccc1,610.0,2.785329835010767,CHEMBL5023,p53-binding protein Mdm-2,0,Large-Nonpolar-Aromatic-Rigid-Hydrophobic,Large-Nonpolar-Aromatic-Rigid-Hydrophobic
12.873692041229994,12.873692041229994,0.217385676492819,-4.212589071060379,0.5452844813379485,22.612903225806452,446.54200000000014,421.3420000000002,446.17520246,164,0,0.3933283894807131,-0.3553717741095221,0.3933283894807131,0.3553717741095221,1.032258064516129,1.870967741935484,2.6774193548387095,32.133539332497776,9.789021664646192,2.4158359013647264,-2.4092850544469164,2.419686760640189,-2.448427370280848,7.182473953777618,-0.1261374186994311,3.3021671938567554,1.3411490336191016,1051.9062448053255,21.47648072687178,17.23640900649769,18.052905587425418,14.891491309924314,10.70645960867165,11.522956189599377,8.892132347218547,10.007332218507797,6.4614185577027055,7.504467576379193,5.155756692661675,6.176728627309697,-2.1899999999999995,15966440.685704552,20.698209348830897,8.056780528505813,4.549875454479748,183.2687955900904,4.899909730850477,16.975579272220138,0.0,0.0,0.0,6.176298517443475,4.899909730850477,9.967957041894415,13.17124514302446,11.336785877934735,30.33183534230805,37.43703983484921,36.47116328674838,11.807045837390806,13.17124514302446,27.371269289855128,0.0,14.867866772744891,5.414990469396779,38.40434141506009,31.07893535450078,53.1661211709325,0.0,0.0,4.899909730850477,18.98910792085949,0.0,11.336785877934735,47.223190913838664,12.965578028838586,5.414990469396779,29.70306355417632,42.725522485534206,0.0,10.216620634085364,0.0,32.260000000000005,12.597120140369483,13.17124514302446,0.0,5.414990469396779,9.707543613321866,68.10629814564945,18.311593189387544,6.06636706846161,6.06636706846161,44.03324477744181,0.0,38.62107612368998,1.1216808910175262,14.49526334832036,0.7527209420269487,1.5508964796639968,0.7872767256326061,12.187299384573103,-0.2277322465858282,4.878185018327965,0.0,0.4782608695652174,31,0,4,0,2,2,0,1,2,3,1,0,5,0,8,4,4,0,2,2,1,1,5.379384840535411,5,5.288600000000004,117.39000000000006,0,0,0,0,0,2,0,0,0,0,0,0,0,0,0,4,0,0,0,0,1,0,0,0,0,3,0,0,0,1,0,0,0,0,1,0,1,0,0,0,0,0,0,0,3,0,0,0,0,0,0,0,0,0,0,0,0,0,0,0,0,0,0,0,0,0,0,0,0,1,0,0,0,0,0,0,0,0,0,0,0,0,1,0,0,CHEMBL4217156,FC(F)(F)Cc1cc2c(N3CCCC4(CCN(Cc5ccccc5)C4)C3)ncnc2s1,140.0,2.146128035678238,CHEMBL2093861,Menin/Histone-lysine N-methyltransferase MLL,4,Large-Nonpolar-Aromatic-Rigid-Hydrophobic,Large-Nonpolar-Aromatic-Rigid-Hydrophobic
15.534315792215777,15.534315792215777,0.026589436185997,-1.6791976883345932,0.4088664658772317,20.6,532.7860000000002,515.6500000000003,531.0319526640001,178,0,0.3547727904461257,-0.4614404785568541,0.4614404785568541,0.3547727904461257,1.1142857142857143,1.8285714285714283,2.5428571428571427,35.49787871966275,9.724835958300645,2.6424989629295417,-2.3692907566046406,2.55645495464599,-2.509429408257843,6.416236661463342,-0.1347679853882738,3.3187718346845636,1.856773733944182,1396.4495729794526,24.9050484360768,18.18898969670085,20.456776534756216,16.782966624994835,10.654347107144783,11.788240526172467,7.9803998129241664,9.26047150060874,6.067878505414794,6.846859770892637,4.676658795616769,5.156598219102708,-3.1299999999999977,96817150.12416954,23.60437845007476,8.823679642349058,3.5720850677869125,214.775601898415,10.05365155780638,5.817220841045894,11.250610255154047,0.0,5.907179729351506,5.969305287951848,4.794537184071822,14.193864755701172,5.101407525739722,0.0,53.00192087608238,49.38830667892189,26.859555885560205,23.2348075990992,18.716352369618512,63.76576224013873,0.0,0.0,5.101407525739722,18.380568498235363,16.93258309247378,92.67569445027998,0.0,0.0,10.325701127960862,15.765187597041944,0.0,34.802819670697545,24.195051984586975,19.86486257432704,5.817220841045894,23.96854622924601,65.76507821035582,15.067899941223978,0.0,0.0,71.0,29.15053715689399,9.589074368143644,4.39041504767482,22.90465177272194,26.98349066854677,0.0,17.14164666087775,55.4546737473835,0.0,10.418196129746054,39.5396826244976,20.804606902487045,18.416840565750498,27.080481395747597,9.533275453708503,-0.4410490240334808,-3.2480263185521103,15.891933201723363,0.0,1.7119378231685831,0.0,0.16,35,1,6,0,2,2,1,3,0,3,2,0,5,1,10,2,4,0,0,0,1,2,5.950784960006498,5,6.156400000000003,133.90969999999993,0,0,0,0,0,0,0,0,0,0,2,2,0,0,0,2,1,0,0,0,0,0,0,0,0,0,0,1,0,2,0,0,0,0,3,0,2,0,0,0,1,1,0,0,4,0,1,0,0,0,0,0,0,0,0,0,0,0,0,0,0,0,0,0,0,0,0,0,0,0,0,0,0,0,0,0,0,0,0,0,0,0,0,0,0,CHEMBL5180348,CCOC(=O)C1=NN(c2ccc(Cl)cc2)C2(C(=O)Nc3cc(Cl)ccc32)C1c1cccc(Cl)c1F,70.7,1.8494194137968991,CHEMBL1907611,Tumour suppressor p53/oncoprotein Mdm2,3,Large-Nonpolar-Aromatic-Rigid-Hydrophobic,Large-Nonpolar-Aromatic-Rigid-Hydrophobic
12.365120323615162,12.365120323615162,0.3404471308569992,-0.3830559806822433,0.5111717764112254,10.148148148148149,400.2650000000001,385.145,399.05413208,136,0,0.3231796208587165,-0.3219189985666639,0.3231796208587165,0.3219189985666639,0.6296296296296297,1.1851851851851851,1.851851851851852,35.49683592167984,10.169975831926108,2.0932691206261,-2.101298231632547,2.2103672248729267,-2.19188346454465,6.348960163337849,0.1022055380607844,2.6161322027810443,1.660198702918171,957.7206613903704,19.225403871315223,14.000628757221692,15.512486649258603,12.991203638441371,8.000314378610847,8.756243324629303,5.638201904090895,6.511073465034865,3.5347101142838633,3.971145894755848,2.3778216357012236,2.903864115927169,-3.019999999999999,1186143.8762121145,18.76164585655692,8.575966630834682,5.475555303894309,165.85463896509324,15.950365812018994,0.0,0.0,0.0,5.907179729351506,6.031114512338072,4.794537184071822,4.794537184071822,0.0,0.0,47.46734805431147,48.53093654769288,32.67087694323033,0.0,9.589074368143644,52.202332846205294,0.0,0.0,0.0,0.0,15.950365812018994,88.40512294071898,0.0,0.0,15.950365812018994,21.85669600812251,0.0,23.20187978046503,11.938294241689578,0.0,0.0,10.357988675768818,72.79640482153933,10.045266627482652,0.0,0.0,70.23,0.0,9.589074368143644,0.0,11.938294241689578,32.67087694323033,0.0,12.13273413692322,42.46456947923127,18.19910120538483,15.950365812018994,23.20187978046503,0.0,11.854622218784431,24.438030409494225,8.939966511999204,2.0730944016897537,-0.3562156603917967,20.10605767397974,0.0,0.0,0.0,0.0,27,3,5,0,0,0,3,3,0,3,0,0,2,3,7,0,4,0,0,0,0,0,5.959231437235922,3,5.889700000000002,109.94060000000002,0,0,0,0,0,0,0,0,0,0,2,2,0,0,0,0,3,0,0,0,0,0,0,0,0,0,0,3,0,3,0,0,0,0,3,0,0,0,0,0,0,0,0,0,2,0,0,0,0,0,0,0,0,0,0,0,0,0,0,0,0,0,0,0,1,0,0,0,0,0,0,0,0,0,0,0,0,0,0,0,0,0,0,0,1,CHEMBL13423,O=C(Nc1ccccc1)Nc1cccc(NC(=O)c2cc(Cl)cc(Cl)c2)c1,1180.0,3.0718820073061255,CHEMBL2780,Cyclophilin A,0,Large-Nonpolar-Aromatic-Rigid-Hydrophobic,Large-Nonpolar-Aromatic-Rigid-Hydrophobic
12.40340013375006,12.40340013375006,0.3199147560258675,-0.38009301771928,0.4555666893866823,10.428571428571429,454.1400000000001,442.04400000000015,451.965288344,142,0,0.2552659898822433,-0.3219190053316004,0.3219190053316004,0.2552659898822433,0.5714285714285714,0.9285714285714286,1.2857142857142858,35.49902128786444,10.157906228885215,2.109999180086121,-2.0977592392008773,2.226747770413991,-2.13759683202195,6.355589832015702,0.101472402110057,2.5999460783943413,1.7450079330962267,948.571378362898,20.25878406613483,14.101857164860894,17.125572948934714,13.295734091081684,7.949646056665992,9.461503948702903,5.805300117265474,7.551043239153414,3.6277965973583983,4.500668158302367,2.4510874167944583,3.5031723772463494,-2.239999999999999,1484161.019228861,20.493126261325983,8.842005109125582,5.39588040706043,180.91130923524852,10.633577208012662,0.0,0.0,0.0,11.814359458703011,0.0,9.589074368143644,0.0,0.0,0.0,52.47012662939168,54.59730361615449,42.59220878772642,0.0,9.589074368143644,69.5928915690002,0.0,0.0,0.0,0.0,10.633577208012662,91.8811069229754,0.0,0.0,10.633577208012662,11.374772549367124,0.0,46.40375956093006,11.814359458703011,0.0,0.0,20.715977351537635,60.6636706846161,20.090533254965305,0.0,0.0,58.2,0.0,9.589074368143644,0.0,11.814359458703011,42.59220878772642,0.0,36.39820241076966,24.26546827384644,0.0,10.633577208012662,46.40375956093006,0.0,23.71755863312436,24.80680026750012,6.909273575617371,1.6176525713165937,-0.7601860354385601,15.820012098991224,0.0,0.0,0.0,0.0,28,2,4,0,0,0,2,3,0,3,0,0,2,2,8,0,4,0,0,0,0,0,6.471440253735714,3,6.804800000000002,115.2724,0,0,0,0,0,0,0,0,0,0,2,2,0,0,0,0,2,0,0,0,0,0,0,0,0,0,0,2,0,2,0,0,0,0,3,0,0,0,0,0,0,0,0,0,4,0,0,0,0,0,0,0,0,0,0,0,0,0,0,0,0,0,0,0,0,0,0,0,0,0,0,0,0,0,0,0,0,0,0,0,0,0,0,0,0,CHEMBL13413,O=C(Nc1cccc(NC(=O)c2cc(Cl)cc(Cl)c2)c1)c1cc(Cl)cc(Cl)c1,930.0,2.9684829485539352,CHEMBL2780,Cyclophilin A,0,Large-Nonpolar-Aromatic-Rigid-Hydrophobic,Large-Nonpolar-Aromatic-Rigid-Hydrophobic
12.900234315948602,12.900234315948602,0.3016697635844461,-0.5607698541104009,0.4373927779535496,11.87878787878788,434.4950000000001,412.31900000000024,434.163042564,162,0,0.3219669167583637,-0.4880729836427506,0.4880729836427506,0.3219669167583637,0.696969696969697,1.2727272727272727,1.9696969696969695,16.477851470907392,10.060368741861998,2.2932086665696465,-2.165746173314097,2.424306818622476,-2.408096250354228,6.056829387676917,0.0958849261790074,3.1701765774183404,1.300441681039325,1272.048464119276,22.622745096813755,17.824156497991407,17.824156497991407,16.203509938206672,10.76336077476016,10.76336077476016,7.805532568699572,7.805532568699572,5.705103231964155,5.705103231964155,4.1641055013886445,4.1641055013886445,-4.379999999999998,61110656.95627691,20.51866327639567,9.005238888456391,4.210265399010735,191.5929368385567,10.05365155780638,12.356393797796825,0.0,0.0,5.907179729351506,6.031114512338072,10.111325788078153,4.794537184071822,0.0,0.0,90.99550602692418,39.9499915954082,0.0,11.605292320844956,14.325937321943693,11.938294241689578,0.0,10.633577208012662,0.0,12.64872279366088,0.0,125.3820461306354,0.0,16.876414816677897,15.37044016181271,4.794537184071822,5.749511833283905,0.0,11.938294241689578,6.606881964512918,0.0,33.090183980007765,103.1282401638474,0.0,11.126902983393991,0.0,67.43,11.938294241689578,9.589074368143644,0.0,6.041840829147961,17.919845289493818,27.817257458484978,0.0,24.26546827384644,78.86277189000094,10.633577208012662,4.736862953800049,5.859771358408173,0.0,25.709375201501373,5.411881059139807,5.480904634828281,-0.0982040653216698,31.643244131959037,0.0,0.3263610128183396,0.0,0.0714285714285714,33,2,5,1,0,1,3,4,0,4,0,0,3,2,5,0,5,0,0,0,0,0,5.599256499264859,5,5.475000000000004,126.9349,0,0,0,0,0,0,0,0,0,0,2,2,0,0,0,0,2,0,0,0,0,0,0,0,0,0,0,3,0,0,0,0,0,0,4,0,3,0,0,0,0,1,0,0,0,0,0,0,1,0,0,0,0,0,0,0,0,0,0,0,0,0,0,0,1,0,0,0,0,0,0,0,0,0,0,0,0,0,0,0,0,0,0,0,1,CHEMBL560115,O=C(NC(=O)c1ccccc1OCc1ccccc1)NC1c2ccccc2-c2ccccc21,12.1,1.08278537031645,CHEMBL1949,Cyclophilin A,0,Large-Nonpolar-Aromatic-Rigid-Hydrophobic,Large-Nonpolar-Aromatic-Rigid-Hydrophobic
13.438938964474678,13.438938964474678,0.0199603174603171,-0.7512654320987653,0.7883412612983464,24.035714285714285,417.3360000000002,395.1600000000002,416.105833304,146,0,0.2353110220541154,-0.3426176833915774,0.3426176833915774,0.2353110220541154,1.2142857142857142,2.0,2.75,35.496784592095835,9.645457569646204,2.5269947830210584,-2.419935520260913,2.484983736171082,-2.513661221302879,6.309765942286588,-0.1331921952030302,2.9306817848413305,1.823732421257599,945.8840383365632,19.88854057813175,15.673975181895884,17.185833073932795,13.396721163950456,9.513954666724334,10.26988361274279,7.72626527556347,8.599136836507439,6.051251302387531,6.5214455079630085,4.7245037581775895,5.109491832691706,-2.039999999999999,2558526.2277114694,19.283982784408295,7.41485804366779,3.290089884933782,174.3655286701309,10.216698334856808,0.0,0.0,11.814359458703011,0.0,0.0,9.589074368143644,0.0,0.0,0.0,41.40098098584986,60.57274217217985,35.74590291368199,5.414990469396779,9.589074368143644,40.703625513851605,0.0,4.899909730850477,5.917906046161393,31.601192537865433,18.40630141583148,63.63673909010791,0.0,0.0,5.316788604006331,5.687386274683562,0.0,23.20187978046503,29.80378200137864,21.424886460466432,5.917906046161393,30.892283428936633,42.46456947923127,10.045266627482652,0.0,0.0,49.41,5.414990469396779,9.589074368143644,0.0,17.732265504864404,23.01084465632124,36.20068890984215,0.0,12.990104268152232,41.29811214162014,5.316788604006331,23.20187978046503,0.0,12.386763576102652,27.323969286780283,4.284443972033259,1.972949892920132,0.0454088981271525,13.24039860557868,2.307554449763445,2.9107335409166217,0.0,0.3636363636363636,28,1,4,0,2,2,2,2,0,2,2,0,2,1,6,2,3,0,1,1,0,1,5.10671410224718,4,4.684500000000004,111.89370000000004,0,0,0,0,0,0,0,0,0,0,2,2,0,0,0,1,1,0,0,0,1,0,0,0,0,0,0,2,0,1,0,0,0,0,2,0,1,0,0,0,0,0,0,0,2,0,0,0,0,0,0,0,0,0,0,0,0,0,0,0,0,0,0,0,0,0,0,0,0,1,0,0,0,0,0,0,0,0,0,0,0,0,0,0,0,CHEMBL3354604,CC(=O)N1CCCC([C@]2(Cc3cccc(Cl)c3)C(=O)Nc3cc(Cl)ccc32)C1,3900.0,3.591064607026499,CHEMBL1907611,Tumour suppressor p53/oncoprotein Mdm2,3,Large-Nonpolar-Aromatic-Rigid-Hydrophobic,Large-Nonpolar-Aromatic-Rigid-Hydrophobic
13.87169453372105,13.87169453372105,0.0224494981914651,-0.1443194638695668,0.4176583690972272,21.710526315789473,571.5740000000001,539.3180000000002,570.162302624,200,0,0.2620410200802126,-0.3485815774636988,0.3485815774636988,0.2620410200802126,0.9473684210526316,1.5,2.026315789473684,35.49678629777145,9.920177409388756,2.4749003717284355,-2.336478702687735,2.532411715825272,-2.428218652748221,8.177738666903492,-0.1369190504671138,3.4509816432629195,1.4737556696358,1282.6613302782798,27.13709924364567,22.026158554431586,24.354513027396216,18.150774800938816,12.957740946326169,14.530166473272349,10.544719430735364,12.395111799045235,7.45472939419764,9.031244608905162,5.533314825354077,7.099420885763957,-2.479999999999999,406741862.2822122,27.10070940353063,10.948458130997803,5.081876568899461,238.21292695321767,14.69972919255143,10.946977343038007,5.1676517695780495,5.907179729351506,5.907179729351506,0.0,14.581479100779312,0.0,0.0,0.0,61.31482245369272,65.91380549864496,48.84506876387941,6.041840829147961,9.589074368143644,51.94577595813721,0.0,14.69972919255143,16.828216824958453,38.77279930352918,27.18485677717953,80.3052819855154,0.0,0.0,0.0,0.0,0.0,34.963764729856145,58.866597198012016,9.589074368143644,11.835812092322788,49.89970228692317,64.12551710727443,10.045266627482652,0.0,0.0,56.220000000000006,0.0,9.589074368143644,0.0,35.73385320932172,35.976422685159825,26.89673057991792,11.761884949391115,18.995253696204855,53.43084627854336,18.74738413023173,28.194284513100698,0.0,13.888162000327906,38.016723186074174,2.205566602105189,3.158037342290081,0.2633825060951869,15.48173329451889,1.3778039218061693,5.4199221112309415,3.5775579244403533,0.4137931034482758,38,0,6,0,3,3,2,2,0,2,2,0,5,0,9,3,5,0,1,1,0,0,7.808183742760358,5,6.388600000000007,155.11299999999963,0,0,0,0,0,0,0,0,0,0,2,2,0,0,1,4,0,0,0,0,1,0,0,0,0,0,1,2,1,0,0,0,0,0,2,0,1,0,0,0,0,0,0,0,2,0,0,0,0,0,0,0,0,0,0,0,0,0,0,0,0,0,0,0,0,0,0,0,0,1,0,0,0,0,0,1,0,0,0,0,0,0,0,0,0,CHEMBL2152325,CC(C)C1=C(C(=O)N2CCC(C(=O)N(C)C)CC2)SC2=N[C@@H](c3ccc(Cl)cc3)[C@@H](c3ccc(Cl)cc3)N21,4400.0,3.643452676486187,CHEMBL5023,p53-binding protein Mdm-2,3,Large-Nonpolar-Aromatic-Rigid-Hydrophobic,Large-Nonpolar-Aromatic-Rigid-Hydrophobic
15.30299828404987,15.30299828404987,0.0564331380700431,-0.7107958553791887,0.2902144250456853,15.13888888888889,525.4110000000002,502.2270000000002,524.118209556,184,0,0.3280473980086206,-0.4959924011261281,0.4959924011261281,0.3280473980086206,1.0277777777777777,1.75,2.4444444444444446,35.49678572570161,9.982794377554027,2.4112940198183077,-2.370782341013618,2.4548542095596817,-2.440411977995128,6.30922632886079,0.2537533990095426,3.2450758575231524,1.820577950648444,1452.911674879751,25.559748974456053,19.797584285920426,21.309442177957333,17.31176950568786,11.36626707409648,12.122196020114934,8.660477540384019,9.504113447596607,6.150151705759091,6.6940358684491965,4.620585898472716,4.9161255381832145,-3.549999999999999,161866382.73998308,24.157997689301357,9.484013046790707,3.980849123901839,217.7821181991472,9.303962601591405,17.615757160431794,11.635083618880923,0.0,0.0,6.031114512338072,10.216698334856808,14.16893075269385,0.0,0.0,53.53371512277308,55.809128301847906,11.064474142889289,29.07719661624788,13.921815185546691,40.73824334532169,0.0,9.551078168738565,0.0,25.93115605767717,17.32649587613434,93.84990470815173,0.0,17.137367822980828,14.953561288656855,20.690201284265232,5.749511833283905,23.20187978046503,22.691990222354168,0.0,5.817220841045894,37.188535544222624,66.73003775307771,10.045266627482652,11.387855989696924,0.0,59.39,17.890176182531928,4.794537184071822,4.39041504767482,16.75186041757285,28.10834041770865,11.126902983393991,17.032643867773697,25.30889874666236,54.81277645794226,5.316788604006331,32.92272125521229,22.947643072265635,12.288844452333183,19.742218469177793,3.339663905541131,2.2676808022591763,0.9856709084766448,17.993347662185307,0.0,4.056613966574284,1.6005389834090646,0.1851851851851851,36,1,6,0,1,1,2,3,1,4,1,0,4,1,9,2,5,0,0,0,0,1,6.364299035268718,5,7.727000000000006,140.80269999999987,0,0,0,0,0,2,0,0,0,0,1,1,0,0,0,3,1,0,0,0,0,0,0,0,0,0,0,2,0,2,0,0,0,0,3,0,1,0,0,0,0,1,0,0,3,0,0,1,0,0,0,0,0,0,0,1,0,0,0,0,0,0,0,0,1,0,0,0,0,0,0,0,0,0,0,0,0,0,0,0,0,0,0,0,1,CHEMBL3904825,COc1ccccc1-c1nc2c(n1C(C)C)C(c1ccc(Cl)cc1)N(c1cccc(Cl)c1F)C(=O)N2,2.0,0.3010299956639812,CHEMBL1907611,Tumour suppressor p53/oncoprotein Mdm2,3,Large-Nonpolar-Aromatic-Rigid-Hydrophobic,Large-Nonpolar-Aromatic-Rigid-Hydrophobic
13.947011351865848,13.947011351865848,0.2336372861901965,-1.2143891723356022,0.3506559448891692,16.484848484848484,503.38200000000006,486.2460000000002,502.032096984,168,0,0.3328262895034035,-0.4672206082424803,0.4672206082424803,0.3328262895034035,1.0606060606060606,1.696969696969697,2.3333333333333335,35.49678573565668,9.97661694684472,2.424402409580817,-2.3565359055674633,2.3907049101451636,-2.4377475573725182,7.802963815732114,-0.1463311274850402,2.9024890652903568,1.9651360757063117,1187.9616705657463,23.697941654890258,17.21965367584823,19.54800814881287,15.794932753282252,9.817164978333407,10.981342214815726,7.322914249678357,8.635612216249772,5.3050214766735,6.1174173529533915,3.7764915078738546,4.43418474400577,-2.9999999999999987,25092180.50882279,23.168044077134983,9.46938775510204,4.572015570934256,204.60654645177573,14.953561288656855,16.847563771932045,6.041840829147961,0.0,5.907179729351506,5.969305287951848,4.794537184071822,9.184952231746642,0.0,0.0,59.68522149735816,53.59147246262526,10.045266627482652,18.36063530765809,18.716352369618512,57.97212661723683,0.0,4.899909730850477,0.0,12.08368165829592,12.426586145283864,99.28287969669726,0.0,0.0,5.316788604006331,10.077801322358384,0.0,35.41975322351173,28.874694391169555,9.53140013787187,5.817220841045894,33.56857331745873,66.73003775307771,10.045266627482652,0.0,0.0,58.64,29.77738751664517,13.979489415818463,0.0,10.551953593435186,26.859555885560205,0.0,42.34154261443606,36.39820241076966,0.0,5.316788604006331,40.156616177311776,18.697593393437803,17.939590164741276,28.61077471935276,3.9564763268203937,1.680484378936761,-1.6853243735425651,14.80056677550199,0.0,0.0,1.222060836973806,0.125,33,1,5,0,1,1,1,3,0,3,2,0,4,1,9,1,4,0,0,0,0,2,6.648096754354134,4,5.983200000000004,129.1922,0,0,0,0,0,0,0,0,0,0,2,2,1,0,0,1,1,0,0,0,0,0,0,0,0,0,0,1,0,1,0,0,0,0,3,0,1,0,0,0,1,1,0,0,3,0,0,0,0,0,0,0,0,0,0,1,0,0,0,0,0,0,0,0,0,0,0,0,0,0,0,0,0,0,0,0,0,0,0,0,0,0,0,0,0,CHEMBL2089201,COC(=O)C(c1ccc(F)cc1)N1C(=O)c2cc(Cl)ccc2NC(=S)C1c1ccc(Cl)cc1,6480.0,3.8115750058705937,CHEMBL614894,SAOS-2,3,Large-Nonpolar-Aromatic-Rigid-Hydrophobic,Large-Nonpolar-Aromatic-Rigid-Hydrophobic
14.629168787311375,14.629168787311375,0.0216439944893263,-0.6319220814471744,0.3561599419516618,29.113636363636363,654.7080000000001,613.3800000000001,653.2358019119999,234,0,0.2629659053796722,-0.3380667748844298,0.3380667748844298,0.2629659053796722,0.9545454545454546,1.5909090909090908,2.2045454545454546,35.49678693257329,9.808226309030731,2.541651922968054,-2.4003192371226723,2.562263936359898,-2.5675761065336045,8.17778061218111,-0.1444208203372222,3.637293494975987,1.3829875175737782,1510.5182644572888,31.498906563211467,26.257829200307715,28.586183673272348,20.900610353708537,15.546375189597128,17.118800716543305,13.112484374008506,14.962876742318384,9.825119022013045,11.387512074299153,7.209808203738335,8.813082136558593,-2.519999999999999,7380450679.008382,31.46208620071632,12.010426297092234,5.355264710641663,274.79164004187487,19.59963892340191,16.48590259542135,5.1676517695780495,5.907179729351506,5.907179729351506,0.0,9.589074368143644,4.992404732635668,0.0,0.0,61.31482245369272,93.73268908039404,47.46025681657213,6.041840829147961,9.589074368143644,51.94577595813721,0.0,19.59963892340191,10.91031077879706,77.16661781328033,26.681941200414915,80.3052819855154,0.0,0.0,0.0,0.0,0.0,34.963764729856145,81.38911383954176,15.127999620526989,5.917906046161393,64.62907305684708,64.12551710727443,10.045266627482652,0.0,0.0,59.46000000000001,11.580766081531303,9.589074368143644,0.0,29.815947163160327,40.50257840527182,34.95717209486646,11.761884949391115,0.0,46.19802187247061,63.59891157975448,28.194284513100698,0.0,14.045170977913148,42.938686074174974,2.142915444768537,2.4239117002730595,0.0518306468388096,15.420832531558686,1.5012073557105954,12.84911816189468,2.098549329089728,0.5,44,0,7,0,4,4,2,2,0,2,5,0,6,0,10,4,5,0,2,2,0,0,8.5880242606015,6,6.777900000000009,179.72799999999944,0,0,0,0,0,0,0,0,0,0,2,2,0,0,1,5,0,0,0,1,1,0,0,0,0,0,1,2,1,0,0,0,0,0,2,0,1,0,0,0,0,0,0,0,2,0,0,0,0,0,0,0,0,0,0,0,0,0,0,0,0,0,0,0,0,0,0,0,0,0,1,0,0,0,0,1,0,0,0,0,0,0,0,0,0,CHEMBL2398246,CC(C)C1=C(C(=O)N2[C@H](C)CC[C@H]2C(=O)N2CCN(C)[C@H](C)C2)SC2=N[C@@](C)(c3ccc(Cl)cc3)[C@@H](c3ccc(Cl)cc3)N21,15.0,1.1760912590556811,CHEMBL1907611,Tumour suppressor p53/oncoprotein Mdm2,3,Large-Nonpolar-Aromatic-Rigid-Hydrophobic,Large-Nonpolar-Aromatic-Rigid-Hydrophobic
13.008508375114696,13.008508375114696,0.1176446484879019,-4.1359561537348295,0.309293428536329,11.147058823529411,516.3770000000002,500.2490000000003,515.016112572,172,0,0.2645193785161511,-0.4573795247639706,0.4573795247639706,0.2645193785161511,0.7647058823529411,1.3823529411764706,2.0294117647058822,35.49826388129984,10.029462897289436,2.191523996547602,-2.0996492990471287,2.289216858957597,-2.300780176817354,7.896989926274805,0.0981153180641538,2.823434084443346,1.4875195186928254,1457.50317726013,24.294317972067564,17.335388909191387,19.663743382156024,16.208347120759992,9.873036255857173,12.112128449470022,7.171702305690894,9.66850480058162,4.7881298652997035,6.874051256100826,3.0811354605758385,4.353389069844054,-3.3899999999999983,38747318.60170389,23.75763027714953,9.847719481051175,5.563694352116925,205.32540111434903,4.736862953800049,17.316244507613703,0.0,0.0,15.930470882759089,0.0,4.794537184071822,17.530306896455848,0.0,0.0,41.40098098584986,83.92330780493333,5.563451491696996,14.940750103000427,22.33961216987563,39.13235066322412,0.0,4.722094864452088,0.0,4.895483475517775,0.0,112.42144498714973,0.0,22.6259266499618,9.458957818252138,4.39041504767482,11.49902366656781,23.20187978046503,14.324976713680442,10.023291153407584,5.817220841045894,10.357988675768818,95.89098950244195,10.045266627482652,11.126902983393991,0.0,72.47,21.747691723804984,17.60274921607558,0.0,10.45893496721477,27.10774178574746,5.563451491696996,54.59730361615449,36.39820241076966,0.0,4.722094864452088,27.938742734265084,46.05847084527503,12.021409570736049,12.56341225644642,0.766616225292202,1.5536765876452203,-0.4315181383756128,22.40944436227108,0.0,0.0,-4.1359561537348295,0.0,34,1,5,0,0,0,1,4,0,4,0,0,4,1,9,0,6,0,0,0,0,0,6.881131720702843,4,6.710500000000003,129.46599999999998,0,0,0,0,0,0,0,0,0,0,1,1,0,0,0,0,1,0,0,0,0,0,0,0,0,0,0,1,0,0,0,0,0,0,4,0,0,0,0,0,0,1,0,0,3,0,0,0,0,0,0,0,0,0,0,0,0,0,0,0,0,0,0,0,0,0,0,0,0,0,0,0,0,0,0,0,1,0,0,0,0,0,0,0,0,CHEMBL1824831,O=C(NS(=O)(=O)c1ccc(Oc2ccc(F)cc2)cc1)c1cccc(-c2ccc(Cl)c(Cl)c2)c1,2870.0,3.4578818967339924,CHEMBL4625,Apoptosis regulator Bcl-X,0,Large-Nonpolar-Aromatic-Rigid-Hydrophobic,Large-Nonpolar-Aromatic-Rigid-Hydrophobic
13.441453259287254,13.441453259287254,0.035183295540438,-0.9382118743494404,0.5974839227151524,24.533333333333335,446.37400000000025,421.17400000000015,445.12114902,158,0,0.3036504604474493,-0.4812120697653071,0.4812120697653071,0.3036504604474493,1.0333333333333334,1.7666666666666666,2.3666666666666667,35.49678480074574,9.735334852032556,2.44217971001086,-2.467759894925415,2.4710726815747814,-2.49327678883898,6.304409000010182,-0.150452438725086,2.670695574518525,1.7791040384051784,926.3032139799186,21.250347897697548,16.637696635340898,18.1495545273778,14.41872399336994,10.452989295323109,11.208918241341564,8.47590395818474,9.34877551912871,6.476693256548232,6.963766674675455,4.7913663700249876,5.116081982109803,-2.0399999999999996,4576375.743107366,21.201912545319793,8.988281366750673,4.498529800387272,186.3397844675121,10.006437125691182,0.0,0.0,5.907179729351506,0.0,5.969305287951848,9.589074368143644,0.0,0.0,0.0,53.888169677237485,60.57274217217986,28.425835125718017,12.462662452073973,14.69560176298435,35.07836479776839,0.0,4.899909730850477,11.835812092322788,44.0638549899394,6.544756405912575,69.70310615856953,0.0,0.0,0.0,0.0,0.0,23.20187978046503,28.427678548907114,9.589074368143644,11.835812092322788,55.190757973333405,48.53093654769288,10.045266627482652,0.0,0.0,57.61,11.887211334113244,14.69560176298435,0.0,24.287748227586867,28.92875070248263,23.968546229246012,6.4208216229260096,0.0,53.43084627854336,0.0,23.20187978046503,0.0,12.41108309410558,26.87074492144237,10.703074015597466,2.0507149943310665,-1.079898854697135,15.179868383669488,3.7539856772216087,0.6659833238851095,0.0,0.4166666666666667,30,1,4,1,1,2,1,2,0,2,3,0,2,1,6,1,6,1,1,2,0,1,6.352291849019175,4,5.941600000000005,117.79980000000003,1,0,0,0,0,0,0,0,1,1,2,1,0,0,0,1,0,0,0,0,1,0,0,0,0,0,0,1,0,0,0,0,0,0,2,0,0,0,0,0,0,0,0,0,2,0,0,0,0,0,0,0,0,0,0,0,0,0,0,0,0,0,0,0,0,0,0,0,0,1,0,0,0,0,0,0,0,0,0,0,0,0,0,0,0,CHEMBL3918513,O=C(O)C[C@@H]1CC(c2cccc(Cl)c2)[C@@H](c2ccc(Cl)cc2)N(CC2CCC2)C1=O,1970.0,3.294466226161593,CHEMBL1907611,Tumour suppressor p53/oncoprotein Mdm2,3,Large-Nonpolar-Aromatic-Rigid-Hydrophobic,Large-Nonpolar-Aromatic-Rigid-Hydrophobic
13.819972909886332,13.819972909886332,0.0698963844797182,-0.1105783887629128,0.5073554935418728,26.428571428571427,529.537,499.2970000000003,528.15173794,184,0,0.2621500030509099,-0.3350299047955056,0.3350299047955056,0.2621500030509099,0.9714285714285714,1.5142857142857142,2.057142857142857,35.49678597295466,9.921550173174134,2.474802503902429,-2.364587915149562,2.5315737733334815,-2.5560492677719804,8.17773605692078,-0.1277332979335662,3.3515576504754967,1.5671011788733795,1168.6723507328063,24.852642193269503,20.33383337528429,22.662187848248927,16.723254446010255,12.078958485318402,13.651384012264584,9.924477460916318,11.774869829226189,6.727289814357282,8.303805029064803,5.331266579755745,6.897372640165622,-1.989999999999999,92942501.01717646,24.69327553526395,9.812011787817749,4.737149699827957,221.11154913778535,15.116608065707286,10.946977343038007,5.1676517695780495,0.0,5.907179729351506,0.0,9.786941916707493,0.0,0.0,0.0,61.31482245369272,66.91963665217419,40.915500410659554,6.041840829147961,4.794537184071822,46.03859622878571,0.0,15.116608065707286,10.91031077879706,51.86231211535433,13.08951281182515,80.3052819855154,0.0,0.0,5.316788604006331,0.0,0.0,34.963764729856145,46.04784543075158,4.794537184071822,5.917906046161393,50.9055334404524,64.12551710727443,10.045266627482652,0.0,0.0,47.940000000000005,0.0,4.794537184071822,0.0,35.99244909210474,23.134779439307803,26.89673057991792,11.761884949391115,0.0,41.29811214162014,50.04438127054252,28.194284513100698,0.0,13.92390002853604,24.079907807879643,5.800625512878053,3.2606994187158937,0.2634995926447647,16.239177676702628,0.0,9.98774551819854,0.0,0.4074074074074074,35,1,5,0,3,3,1,2,0,2,4,0,5,1,8,3,4,0,1,1,0,0,6.922591732338329,5,6.270600000000007,145.7546999999998,0,0,0,0,0,0,0,0,0,0,1,1,0,0,1,3,1,0,0,0,0,0,0,0,0,0,1,1,1,0,0,0,0,0,2,0,1,0,0,0,0,0,0,0,2,0,0,0,0,0,0,0,0,0,0,0,0,0,0,0,0,0,0,0,0,0,0,0,0,0,1,0,0,0,0,1,0,0,0,0,0,0,0,0,0,CHEMBL2152330,CC(C)C1=C(C(=O)N2C[C@@H](C)N[C@@H](C)C2)SC2=N[C@@H](c3ccc(Cl)cc3)[C@@H](c3ccc(Cl)cc3)N21,140.0,2.146128035678238,CHEMBL5023,p53-binding protein Mdm-2,3,Large-Nonpolar-Aromatic-Rigid-Hydrophobic,Large-Nonpolar-Aromatic-Rigid-Hydrophobic
14.203185778367056,14.203185778367056,0.0232045929823843,-0.6210143665924688,0.3918435791248709,24.76923076923077,585.6010000000001,551.3290000000002,584.177952688,206,0,0.2627249465633538,-0.3470319080108566,0.3470319080108566,0.2627249465633538,1.0256410256410255,1.641025641025641,2.230769230769231,35.49678640069408,9.80816936654187,2.534244768230462,-2.3800610118326624,2.56030477713056,-2.5149738516222144,8.177772360763344,-0.1433153275227947,3.409861623922275,1.6083121100922433,1339.735912568891,28.05974897445605,22.948808285241956,25.27716275820659,18.52360025599679,13.373538354262111,14.945963881208291,11.086801516027002,12.937193884336876,7.855164485630598,9.417557537916702,5.924454074183941,7.53957310177152,-2.479999999999999,549296082.0578609,28.06323995365286,10.82870674167376,4.9801317242750756,244.5778690676143,14.69972919255143,16.48590259542135,5.1676517695780495,5.907179729351506,5.907179729351506,0.0,9.589074368143644,4.992404732635668,0.0,0.0,61.31482245369272,79.2583643212616,36.38240631180544,6.041840829147961,9.589074368143644,51.94577595813721,0.0,14.69972919255143,10.91031077879706,57.65628337852917,20.640100371266954,80.3052819855154,0.0,0.0,0.0,0.0,0.0,34.963764729856145,58.3636816212474,15.127999620526989,5.917906046161393,57.20242028039185,64.12551710727443,10.045266627482652,0.0,0.0,56.220000000000006,11.580766081531303,9.589074368143644,0.0,23.77410633401237,27.915981170211285,34.83323731187989,11.761884949391115,23.895163427055333,48.53093654769288,25.67112132992235,28.194284513100698,0.0,13.940202156361748,38.80981923292933,2.135131745907048,2.423156459447195,-0.048148143026794,15.08551236003998,2.5170551037315176,6.9391216929662685,3.5037049471992656,0.4333333333333333,39,0,6,0,3,3,2,2,0,2,3,0,5,0,9,3,5,0,1,1,0,2,7.792015273828953,5,6.7052000000000085,159.77199999999957,0,0,0,0,0,0,0,0,0,0,2,2,0,0,1,4,0,0,0,1,1,0,0,0,0,0,1,2,1,0,0,0,0,0,2,0,1,0,0,0,0,0,0,0,2,0,0,0,0,0,0,0,0,0,0,0,0,0,0,0,0,0,0,0,0,0,0,0,0,1,0,0,0,0,0,1,0,0,0,0,0,0,0,0,0,CHEMBL2315845,CC(C)C1=C(C(=O)N2CCCC[C@H]2C(=O)N(C)C)SC2=NC(C)(c3ccc(Cl)cc3)C(c3ccc(Cl)cc3)N21,170.0,2.230448921378274,CHEMBL1907611,Tumour suppressor p53/oncoprotein Mdm2,3,Large-Nonpolar-Aromatic-Rigid-Hydrophobic,Large-Nonpolar-Aromatic-Rigid-Hydrophobic
13.777298576056,13.777298576056,0.2737095376998872,-0.3445804988662138,0.3591102194045349,19.15625,489.3480000000001,471.20400000000024,488.0648015160001,158,0,0.2285036247442928,-0.4804418227306647,0.4804418227306647,0.2285036247442928,0.9375,1.65625,2.4375,79.91873131378978,9.83967453910627,2.4247321808511964,-2.418041189183387,2.518036937523696,-2.3655800384614545,9.10299941014388,0.2216435999079886,3.301698647821049,1.6542175822825045,1347.1367688585085,21.819261998449893,17.11328565632654,18.69928219544124,15.614193540729632,10.258813552038744,11.051811821596097,7.867263924220272,8.782939453011958,6.030129601141849,6.558795114180081,4.631440991396879,4.895773747915997,-3.4499999999999993,45295660.37279759,19.251486537210077,7.307912096492722,2.881925369169701,192.45947431661455,9.636772684650529,30.03985996599061,0.0,5.948339280986494,0.0,0.0,0.0,9.072217982820003,10.082660329248244,0.0,52.328146308719006,47.52510539416365,22.656947520275864,5.697039313055833,9.127278001474869,27.57532249199168,0.0,14.764463264393427,0.0,12.145807216896262,11.947581713527669,111.67712425834245,0.0,5.749511833283905,9.636772684650529,10.338754328661311,5.749511833283905,15.929943897949348,21.812135247070614,0.0,5.817220841045894,28.83616169198725,89.16954894220557,0.0,5.697039313055833,0.0,43.18,0.0,4.39041504767482,0.0,17.963028057942157,0.0,44.1310689483189,12.13273413692322,18.46005421168776,42.061310260130426,49.1116151634329,4.736862953800049,23.269728422994778,3.526272904029505,6.591978719632941,4.549568583606282,5.023676448202738,1.2690445014157594,22.47574394947118,1.2131634253793335,0.0,1.9974897119341564,0.12,32,0,5,0,2,2,0,3,1,4,2,0,5,0,7,3,2,0,0,0,0,2,4.3965053543982595,6,5.763900000000004,123.83700000000002,0,0,0,0,0,3,0,0,0,0,0,0,0,0,0,4,0,0,0,0,0,0,0,0,0,0,0,0,0,1,0,0,0,0,3,0,3,0,0,0,0,1,0,0,2,0,0,0,0,0,0,0,0,0,0,0,0,0,0,0,0,0,0,0,1,0,0,0,0,0,0,0,0,0,0,0,0,0,0,0,0,0,0,0,0,CHEMBL565916,CN1C2=C(C(c3ccc(Br)cc3)Oc3ccccc32)C(c2ccc(F)cc2)n2ncnc21,1880.0,3.27415784926368,CHEMBL1907611,Tumour suppressor p53/oncoprotein Mdm2,3,Large-Nonpolar-Aromatic-Rigid-Hydrophobic,Large-Nonpolar-Aromatic-Rigid-Hydrophobic
13.56628842277652,13.56628842277652,0.1001648715041574,-0.4452669648106149,0.4759314924568877,14.709677419354838,409.4450000000001,390.2930000000002,409.1426414680001,152,0,0.295650729062845,-0.2831676414528459,0.295650729062845,0.2831676414528459,0.7419354838709677,1.3225806451612905,1.903225806451613,16.180831803890655,9.907601380970188,2.387814891527945,-2.264385868621804,2.3907974337896913,-2.4283059939202354,6.359596243414358,0.0892668247214255,3.2955448931338887,1.6066876986591043,1450.289949954529,21.438428630896407,17.176751642971194,17.176751642971194,14.986071002992372,10.29038440645105,10.29038440645105,8.150337991295363,8.150337991295363,6.611376300315005,6.611376300315005,5.033287208634999,5.033287208634999,-3.9299999999999993,23733354.288547885,17.888437101021125,6.0433054243027,2.188793502310203,177.46685135657228,0.0,5.687386274683562,0.0,0.0,17.373626353755018,0.0,19.06541448736065,9.58171266599566,0.0,0.0,30.33183534230805,60.54397591724788,23.560799180535977,11.381314269532025,9.589074368143644,28.274194162316164,0.0,9.363605870290368,7.04767198267719,19.765380445542643,4.899909730850477,92.89884165691478,0.0,5.687386274683562,10.459176625902485,5.687386274683562,0.0,0.0,21.17796532899338,19.88931522852921,6.923737199690624,37.53680832978009,59.39184080022631,0.0,16.459834703613154,0.0,64.31,17.373626353755018,14.383611552215466,0.0,5.687386274683562,22.508217252926013,28.514001405632087,15.808705918539175,30.785946254436215,42.46456947923127,0.0,0.0,3.162427458637776,0.0,41.66366601578903,1.7625455649048725,4.223189636526509,-0.8905339296212298,16.738893359120908,1.8357918888742923,1.7521859515411102,1.751834054226731,0.16,31,0,6,1,1,2,2,3,1,4,0,0,5,0,6,2,2,0,0,0,0,0,3.487267385964472,6,3.5368200000000023,118.24300000000002,0,0,0,0,0,2,0,0,0,0,2,2,0,0,0,3,0,0,0,0,0,0,0,0,0,0,0,2,0,1,2,0,0,0,3,0,0,0,0,0,0,0,0,0,0,0,0,0,1,0,0,0,0,0,0,0,0,0,0,0,0,0,0,0,1,0,0,0,0,0,0,0,0,0,0,0,0,0,0,0,0,0,0,0,0,CHEMBL1313195,Cc1c(N2C(=O)c3ccc4c5c(ccc(c35)C2=O)CC4)c(=O)n(-c2ccccc2)n1C,1170.0,3.0681858617461617,CHEMBL2219,Protein-tyrosine phosphatase LC-PTP,0,Large-Nonpolar-Aromatic-Rigid-Hydrophobic,Large-Nonpolar-Aromatic-Rigid-Hydrophobic
13.204208361328073,13.204208361328073,0.2800666099773239,-1.065269487518165,0.7034427562188249,24.551724137931036,434.3190000000002,413.1510000000002,433.08476351200005,152,0,0.3060395928220198,-0.4811478772067936,0.4811478772067936,0.3060395928220198,1.0689655172413792,1.793103448275862,2.413793103448276,35.49678472189507,9.90636647125758,2.4574182736116237,-2.4450686075977406,2.4477968752155945,-2.5156896459184197,6.3043714564735165,-0.1788861673528065,3.494024287094469,1.7837351687524243,913.2832125859244,20.543241116511,15.631731363431664,17.143589255468573,13.91872399336994,9.607897235186416,10.36382618120487,7.628557075779851,8.501428636723821,5.3925073992816515,5.8795808174088755,3.8303393100311416,4.155054922115957,-2.0799999999999996,6270571.650979811,20.20327947610741,8.34461703843053,4.577491694770534,178.72344546822575,14.743300079491233,12.207932775496603,0.0,0.0,5.907179729351506,5.969305287951848,9.589074368143644,0.0,0.0,0.0,47.46734805431147,54.151920549253845,16.590023033395227,12.462662452073973,19.4324647167844,35.07836479776839,0.0,4.899909730850477,5.917906046161393,37.5122384734226,6.544756405912575,69.70310615856953,0.0,0.0,0.0,0.0,0.0,23.20187978046503,34.53164493665542,14.325937321943693,5.917906046161393,42.53517506906829,48.53093654769288,10.045266627482652,0.0,0.0,66.84,18.177238063448456,14.69560176298435,0.0,18.369842181425476,22.507929079556614,23.968546229246012,0.0,29.16537800469692,24.26546827384644,0.0,27.938742734265084,6.1164125881834215,12.281118677209346,26.353500023483186,10.45392435573352,1.69748724489796,-0.9033549974422994,14.25616053498058,0.2143238046247295,0.5859833238851097,0.0,0.3636363636363636,29,1,5,1,1,2,1,2,0,2,3,0,3,1,7,1,6,1,1,2,0,0,5.8134010396034395,4,4.887900000000005,109.94880000000006,1,0,0,0,0,0,0,0,1,1,2,1,0,0,0,1,0,0,0,0,0,0,0,0,0,0,0,1,0,0,0,0,0,0,2,0,0,0,0,0,0,1,0,0,2,0,0,0,0,0,0,0,0,0,0,0,1,0,0,0,0,0,0,0,0,0,0,0,0,0,0,0,0,0,0,0,0,0,0,0,0,0,0,0,0,CHEMBL2347376,O=C(O)C[C@H]1O[C@H](c2cccc(Cl)c2)[C@@H](c2ccc(Cl)cc2)N(CC2CC2)C1=O,290.0,2.462397997898956,CHEMBL5023,p53-binding protein Mdm-2,3,Large-Nonpolar-Aromatic-Rigid-Hydrophobic,Large-Nonpolar-Aromatic-Rigid-Hydrophobic
12.133965256825109,12.133965256825109,0.1111740817726261,-0.5654087931468883,0.6535509715250835,23.58620689655172,446.4030000000001,425.2350000000002,445.078238652,150,0,0.2568884287771429,-0.3650816385877981,0.3650816385877981,0.2568884287771429,1.103448275862069,1.6551724137931034,2.1724137931034484,35.49678533966647,9.808342290948596,2.5235941256994883,-2.366698322774892,2.554624267411102,-2.3578034218752464,8.177742023134787,-0.1135555826181947,3.1580181140157793,1.917239770817888,1031.0278341773633,20.92192077295136,16.317705679031985,18.64606015199662,13.719069803356485,9.34509847630244,10.91752400324862,7.708260859551924,9.558653227861791,5.395218180707818,6.98417527027415,4.087907696103376,5.599054392224801,-1.949999999999999,3719640.0554123456,20.327958809637845,7.384208187414523,3.3515084961693984,184.3228645625329,10.633577208012662,5.538925252383345,5.1676517695780495,0.0,5.907179729351506,0.0,4.794537184071822,4.992404732635668,0.0,0.0,61.31482245369272,59.99589945248356,15.742305940538486,10.946977343038007,4.794537184071822,46.03859622878571,0.0,4.899909730850477,16.643978255959247,32.35197768060318,0.0,80.3052819855154,0.0,0.0,5.733667477162185,0.0,0.0,34.963764729856145,15.974741229780031,10.333462436455168,5.917906046161393,37.93995541161382,64.12551710727443,10.045266627482652,0.0,0.0,58.690000000000005,11.446104981734852,4.794537184071822,0.0,11.959746875309351,14.9504031413727,21.991594066027872,11.761884949391115,0.0,48.53093654769288,25.67112132992235,33.92795199026288,0.0,13.629001338946622,19.980917977213675,2.1471574346502207,8.161372615068203,-0.306555443258486,15.443096742812353,0.0,6.250564890122971,0.0,0.2727272727272727,29,2,4,0,2,2,1,2,0,2,2,0,4,1,7,2,4,0,0,0,0,2,5.17606482329493,4,5.721200000000004,120.9204,0,0,0,0,0,0,0,0,0,0,1,1,0,0,1,2,0,1,0,0,0,0,0,0,0,0,1,1,1,0,0,0,0,0,2,0,1,0,0,0,0,0,0,0,2,0,0,0,0,0,0,0,0,0,0,0,0,0,0,0,0,0,0,0,0,0,0,0,0,0,0,1,0,0,0,1,0,0,0,0,0,0,0,0,0,CHEMBL2315836,CC(C)C1=C(C(N)=O)SC2=NC(C)(c3ccc(Cl)cc3)C(c3ccc(Cl)cc3)N21,780.0,2.8920946026904804,CHEMBL1907611,Tumour suppressor p53/oncoprotein Mdm2,3,Large-Nonpolar-Aromatic-Rigid-Hydrophobic,Large-Nonpolar-Aromatic-Rigid-Hydrophobic
14.220353630135584,14.220353630135584,0.2419908588435377,-0.4344011007180657,0.2762269945835389,18.96969696969697,568.2439999999999,551.1080000000001,565.9753135840001,164,0,0.2285036247819737,-0.4803313153358269,0.4803313153358269,0.2285036247819737,0.9090909090909092,1.5757575757575757,2.272727272727273,79.91976195253724,9.839568253892152,2.4269272557802237,-2.418331278354566,2.520783358721938,-2.366082109235874,9.104489801880224,0.2206883695550047,3.3004150765002547,1.6588382160812327,1398.9414569949624,22.689505486452973,17.413899860146138,20.585892938375544,16.008040390846983,10.358479391066318,11.944475930181024,8.011585868960587,9.842936926543963,6.086728296896606,7.144059322973074,4.655709234713622,5.184374747751857,-2.97,63642405.58324604,20.623820931921735,7.813098441790125,3.3115665979562303,206.32702192225597,9.636772684650529,30.03985996599061,0.0,5.948339280986494,0.0,0.0,0.0,9.072217982820003,10.082660329248244,0.0,56.12535606974514,47.52510539416365,33.19603410456989,5.697039313055833,9.127278001474869,43.50526638994103,0.0,14.764463264393427,0.0,12.145807216896262,11.947581713527669,110.08347670571324,0.0,5.749511833283905,9.636772684650529,10.338754328661311,5.749511833283905,31.859887795898697,21.812135247070614,0.0,5.817220841045894,28.83616169198725,87.57590138957636,0.0,5.697039313055833,0.0,43.18,6.103966387748303,4.39041504767482,0.0,11.859061670193856,11.6978511142704,36.905937349880915,12.13273413692322,12.393687143226153,53.02758705944251,54.07528226207016,4.736862953800049,24.631512769717343,7.053246120874656,6.551898567201597,4.58571505994373,4.844421742462417,0.891560242924331,20.67966353250692,1.1322728646797453,0.0,1.9630424330225915,0.12,33,0,5,0,2,2,0,3,1,4,2,0,5,0,8,3,2,0,0,0,0,2,4.882907369301705,6,6.526400000000004,131.53699999999998,0,0,0,0,0,3,0,0,0,0,0,0,0,0,0,4,0,0,0,0,0,0,0,0,0,0,0,0,0,1,0,0,0,0,3,0,3,0,0,0,0,1,0,0,3,0,0,0,0,0,0,0,0,0,0,0,0,0,0,0,0,0,0,0,0,0,0,0,0,0,0,0,0,0,0,0,0,0,0,0,0,0,0,0,0,CHEMBL567435,CN1C2=C(C(c3ccc(Br)cc3)Oc3cc(F)ccc32)C(c2ccc(Br)cc2)n2ncnc21,990.0,2.99563519459755,CHEMBL1907611,Tumour suppressor p53/oncoprotein Mdm2,3,Large-Nonpolar-Aromatic-Rigid-Hydrophobic,Large-Nonpolar-Aromatic-Rigid-Hydrophobic
12.71770631615058,12.71770631615058,0.0584265414920173,-4.080749542164582,0.3264219981405222,11.090909090909092,498.38700000000017,481.2510000000003,497.025534384,166,0,0.2645193785161511,-0.4573831369900921,0.4573831369900921,0.2645193785161511,0.696969696969697,1.3636363636363635,2.060606060606061,35.498263735738284,10.029462897311662,2.1910927942800633,-2.0991226849894,2.288660452391792,-2.300778983454386,7.896989148531372,0.0981161617001319,2.815525960095037,1.4984811408794665,1406.2880255682032,23.424074484064487,17.034774705371785,19.363129178336425,15.81450027064264,9.7733704168296,12.012462610442448,7.030834684644528,9.527637179535253,4.717697263185517,6.803618653986638,3.0670340269755787,4.339287636243794,-3.319999999999998,27170185.902239997,22.859045647194197,9.66582271068871,5.544465088913215,201.1598657114228,4.736862953800049,11.49902366656781,0.0,0.0,15.930470882759089,0.0,4.794537184071822,13.139891848781026,0.0,0.0,59.6000821912347,71.7905736680101,5.563451491696996,14.940750103000427,17.949197122200808,39.13235066322412,0.0,4.722094864452088,0.0,4.895483475517775,0.0,112.67059121456543,0.0,22.6259266499618,9.458957818252138,0.0,11.49902366656781,23.20187978046503,14.324976713680442,10.023291153407584,0.0,10.357988675768818,101.95735657090356,10.045266627482652,11.126902983393991,0.0,72.47,15.930470882759089,13.212334168400758,0.0,10.45893496721477,27.10774178574746,5.563451491696996,30.33183534230805,48.53093654769288,18.19910120538483,4.722094864452088,27.938742734265084,33.20544800735041,12.038193440742448,12.62576001767086,0.7980412506561314,1.6278877929582618,0.3524001530809202,26.57190776859444,0.0,0.0,-4.080749542164582,0.0,33,1,5,0,0,0,1,4,0,4,0,0,4,1,8,0,6,0,0,0,0,0,6.695499471555139,4,6.571400000000004,129.50799999999998,0,0,0,0,0,0,0,0,0,0,1,1,0,0,0,0,1,0,0,0,0,0,0,0,0,0,0,1,0,0,0,0,0,0,4,0,0,0,0,0,0,1,0,0,2,0,0,0,0,0,0,0,0,0,0,0,0,0,0,0,0,0,0,0,1,0,0,0,0,0,0,0,0,0,0,0,1,0,0,0,0,0,0,0,0,CHEMBL1824821,O=C(NS(=O)(=O)c1ccc(Oc2ccccc2)cc1)c1cccc(-c2ccc(Cl)c(Cl)c2)c1,1970.0,3.294466226161593,CHEMBL4625,Apoptosis regulator Bcl-X,0,Large-Nonpolar-Aromatic-Rigid-Hydrophobic,Large-Nonpolar-Aromatic-Rigid-Hydrophobic
13.571057203835537,13.571057203835537,0.0,-4.825899966812372,0.3163340667070525,17.390243902439025,622.3930000000001,599.2090000000002,621.102066276,220,0,0.4167980742778372,-0.4755526422729575,0.4755526422729575,0.4167980742778372,0.975609756097561,1.6341463414634143,2.2439024390243905,35.495718173013834,9.89987890518728,2.4692657364203288,-2.4134311258988985,2.351945400851513,-2.6104333963886197,6.300943881036985,-0.1417964572855165,2.9133955629416266,4.622489145751445e-06,1368.4496722178342,29.131181265251023,21.05955853093858,22.63198405788476,18.78246074009108,11.97946392072589,12.357428393735116,9.17691189727749,9.613347677749475,6.374014684144029,6.625990999483514,4.375885930410351,4.501874088080094,-3.5099999999999985,452767588.0480567,32.01023774125417,12.560840273108788,7.61695520190507,241.6046866834027,14.953561288656855,5.749511833283905,0.0,5.601050810983688,11.814359458703011,12.35259703488695,14.57305288909085,0.0,26.34249028604892,12.407033161179976,23.733674027155736,60.86966421678028,30.50583326879263,23.235110881003564,40.66842760799261,35.8223325101155,0.0,15.200676855804016,0.0,37.34004749763523,13.08951281182515,94.26743003990995,0.0,5.749511833283905,10.05365155780638,26.34249028604892,5.749511833283905,24.007973051412492,40.38881133330953,23.69189062487135,0.0,39.889986396711826,66.99099075938064,5.022633313741326,0.0,0.0,71.53,53.00311818557721,35.93156465419256,0.0,44.08770105214105,16.65245187389993,41.55906514792307,0.0,24.26546827384644,0.0,10.300767124953538,16.337802844032566,85.80542291238721,5.893199660122626,31.51583400285824,3.181348652667386,-3.933972742994541,-1.782962698993994,10.906240351148917,-7.489878174301773,-0.4007875184496297,0.0,0.2962962962962963,41,1,6,0,1,1,2,2,1,3,1,0,4,1,14,2,6,0,1,1,0,1,9.806719106637372,4,6.564600000000004,139.7261999999999,0,0,0,0,0,1,0,0,0,0,2,2,0,0,0,2,1,0,0,0,1,0,0,0,0,6,0,2,0,0,0,0,0,0,2,0,0,0,0,0,0,1,0,0,8,0,0,0,0,0,0,0,0,0,0,0,0,0,0,0,0,0,0,0,0,0,0,0,0,1,0,0,0,1,0,0,0,0,0,0,0,0,0,0,0,CHEMBL3112800,Cl.O=C(c1cnccc1C(F)(F)F)N1CCCC(Oc2ccc(C(F)(F)F)cc2)(C(=O)NCc2ccc(Cl)cc2)C1,1500.0,3.1760912590556813,CHEMBL1907611,Tumour suppressor p53/oncoprotein Mdm2,4,Large-Nonpolar-Aromatic-Rigid-Hydrophobic,Large-Nonpolar-Aromatic-Rigid-Hydrophobic
13.729719225079071,13.729719225079071,0.0156491597761443,-0.1430965841851486,0.4928812764009681,21.833333333333332,543.52,515.2960000000004,542.131002496,188,0,0.2621651165617145,-0.3393893289905985,0.3393893289905985,0.2621651165617145,0.8888888888888888,1.4166666666666667,1.9444444444444444,35.49678609346491,9.921703522718488,2.4734547212051323,-2.3479220315314513,2.5313484878900043,-2.498977040797897,8.177737024462159,-0.1354131062717949,3.4089298137347797,1.516743806304622,1235.4248923738423,25.55974897445605,20.448808285241952,22.777162758206583,17.240091198415854,12.090597571837383,13.663023098783569,9.543847072664498,11.394239440974369,6.894754925965101,8.471270140672619,5.063071051915063,6.629177112324939,-2.479999999999998,166425153.4498264,25.181374061765503,10.11389983516723,4.643041063281097,225.48304272442445,14.69972919255143,10.946977343038007,5.1676517695780495,5.907179729351506,5.907179729351506,0.0,14.581479100779312,0.0,0.0,0.0,61.31482245369272,53.07216225279294,48.84506876387941,6.041840829147961,9.589074368143644,51.94577595813721,0.0,14.69972919255143,10.91031077879706,32.85489325736779,26.1790256236503,80.3052819855154,0.0,0.0,0.0,0.0,0.0,34.963764729856145,57.86076604448279,9.589074368143644,5.917906046161393,43.98179624076178,64.12551710727443,10.045266627482652,0.0,0.0,56.220000000000006,0.0,9.589074368143644,0.0,29.815947163160327,36.22429225113295,26.89673057991792,11.761884949391115,11.823646930541102,53.43084627854336,18.74738413023173,28.194284513100698,0.0,13.843884252433783,37.233958797020634,2.1982244153336787,3.1462683919596923,0.1775920287739487,15.446557632171508,0.0,8.009070037862314,0.0,0.3703703703703703,36,0,6,0,3,3,2,2,0,2,2,0,5,0,9,3,4,0,1,1,0,0,7.074497082571513,5,5.752500000000006,145.94899999999978,0,0,0,0,0,0,0,0,0,0,2,2,0,0,1,4,0,0,0,0,0,0,0,0,0,0,1,2,1,0,0,0,0,0,2,0,1,0,0,0,0,0,0,0,2,0,0,0,0,0,0,0,0,0,0,0,0,0,0,0,0,0,0,0,0,0,0,0,0,0,1,0,0,0,0,1,0,0,0,0,0,0,0,0,0,CHEMBL2152324,CC(=O)N1CCN(C(=O)C2=C(C(C)C)N3C(=N[C@@H](c4ccc(Cl)cc4)[C@H]3c3ccc(Cl)cc3)S2)CC1,840.0,2.9242792860618816,CHEMBL5023,p53-binding protein Mdm-2,3,Large-Nonpolar-Aromatic-Rigid-Hydrophobic,Large-Nonpolar-Aromatic-Rigid-Hydrophobic
6.119369587171091,6.119369587171091,0.0203550805589041,-0.1227371766607881,0.4542667602574112,17.93548387096774,455.38500000000016,431.1930000000002,454.121483368,160,0,0.1338000840910299,-0.4966239950881052,0.4966239950881052,0.1338000840910299,0.8709677419354839,1.4838709677419355,2.064516129032258,35.49678488273639,9.947489646853516,2.3264133973364656,-2.202537980920982,2.390634735620566,-2.254903436264447,6.304038767394692,0.240470236045812,3.19114323907812,1.7695382090124072,1079.6810608065623,21.957454678884098,17.602542891100903,19.114400783137818,14.939892043425118,10.146796559131056,10.902725505149512,7.676350265539806,8.549221826483777,5.123361551807505,5.627314182486475,3.663800959743756,3.915777275083242,-2.689999999999999,13113505.322646238,21.538583311036103,9.20821120459021,4.809803494139507,192.37316276111733,14.790514511606428,23.37648428147304,0.0,0.0,0.0,0.0,4.992404732635668,0.0,0.0,0.0,47.46734805431147,61.3725797935449,16.111633695944263,24.81905624987079,9.473725907600098,29.0374995662223,0.0,5.316788604006331,4.992404732635668,32.03512244542547,7.109797541277533,93.46565885565136,0.0,11.49902366656781,14.790514511606428,0.0,11.49902366656781,23.20187978046503,19.049383714783104,0.0,0.0,42.62151053276816,71.72244248571339,10.045266627482652,0.0,0.0,42.849999999999994,0.0,0.0,0.0,18.187648046044224,10.045266627482652,34.02499792741607,0.0,7.109797541277533,80.57751215245897,5.316788604006331,37.6680104207008,11.46995172787082,12.236347592709528,5.070540910808767,5.011749137691529,3.069033621679125,2.242513647434283,21.289258720331652,0.0203550805589041,4.00034109516405,1.6454640213068938,0.24,31,1,4,0,1,1,0,3,0,3,2,0,4,1,6,1,6,0,0,0,0,2,6.397800779860722,4,6.621600000000006,126.8167,0,0,0,0,0,0,0,0,0,0,0,0,0,0,1,1,1,0,0,0,0,0,0,0,0,0,0,0,1,0,0,0,0,0,3,0,0,0,0,0,0,2,0,0,2,0,0,0,0,0,0,0,0,0,0,1,0,0,0,0,0,0,0,0,0,0,0,0,0,0,0,0,0,0,0,0,0,0,0,0,0,0,0,0,0,CHEMBL515487,COc1ccc(C2=NC(c3ccc(Cl)cc3)C(c3ccc(Cl)cc3)N2)c(OC(C)C)c1,90.0,1.954242509439325,CHEMBL5023,p53-binding protein Mdm-2,3,Large-Nonpolar-Aromatic-Rigid-Hydrophobic,Large-Nonpolar-Aromatic-Rigid-Hydrophobic
13.688416915119957,13.688416915119957,0.1175694444444444,-1.1696743118543709,0.5015436359848223,24.21875,466.36400000000015,445.19600000000014,465.0898488920001,162,0,0.256921689573455,-0.3889326432734692,0.3889326432734692,0.256921689573455,0.9375,1.59375,2.25,35.496785001611904,9.924743487750606,2.5292234489379917,-2.4094124819998175,2.474377575229779,-2.4780748642122536,6.304002772492722,-0.1365272494734133,3.307238567350294,1.682927416394287,1176.436199826049,22.294317972067564,17.118670587353208,18.63052847939012,15.46920080902189,10.433689925935028,11.189618871953485,8.05851154105526,8.931383101999227,5.980908526424578,6.484861157103548,4.490512796365072,4.7424891117045584,-2.629999999999999,29639789.535495806,21.228055030685905,8.376546986092867,3.633941333369891,196.19953031326853,9.843390348640757,0.0,5.724985593970254,0.0,5.907179729351506,0.0,9.6944469149223,0.0,0.0,0.0,77.81848947336407,35.89528683400505,39.701199131412224,12.207932775496603,14.637927532712576,29.10905950981654,0.0,4.899909730850477,0.0,30.898496398305447,0.0,117.24751762947776,0.0,0.0,0.0,0.0,0.0,23.20187978046503,28.121549630539295,17.006604953682878,0.0,33.46916477378581,84.9484450352071,10.045266627482652,0.0,0.0,49.77,11.828951981718555,9.901064578912528,0.0,12.011146117099807,28.57429614801823,16.690354475090988,0.0,23.10866397460758,66.73969079144999,0.0,27.938742734265084,6.7508263084040205,12.259677860055774,15.44107942456818,11.29482243472042,1.926122943261668,-0.1175694444444444,22.33425489556517,3.090650153329025,0.3256909800957421,0.0,0.1923076923076923,32,1,4,1,1,2,1,3,0,3,3,0,3,1,6,1,5,0,0,0,0,1,5.556806262122048,5,5.556500000000005,124.6363,0,1,1,0,0,0,0,0,0,0,1,1,0,0,0,1,0,0,0,0,0,0,0,0,0,0,0,1,0,0,0,0,0,0,3,0,1,0,0,0,0,1,0,0,2,0,0,0,0,0,0,0,0,0,0,0,0,0,0,0,0,0,0,0,0,0,0,0,0,0,0,0,0,0,0,0,0,0,0,0,0,0,0,0,0,CHEMBL1688255,O=C1c2ccccc2C(O[C@H]2C=C[C@@H](O)C2)(c2ccc(Cl)cc2)N1Cc1ccc(Cl)cc1,1500.0,3.1760912590556813,CHEMBL5023,p53-binding protein Mdm-2,3,Large-Nonpolar-Aromatic-Rigid-Hydrophobic,Large-Nonpolar-Aromatic-Rigid-Hydrophobic
15.070000192463816,15.070000192463816,0.0278685857058873,-1.260469340513983,0.4710992513205513,14.8,451.30000000000007,433.1560000000001,450.071339616,156,0,0.3562930318648487,-0.4764501713279014,0.4764501713279014,0.3562930318648487,1.0666666666666669,1.8,2.466666666666667,35.496785402101416,9.883255810375436,2.3052803091444796,-2.2309245041931542,2.392811319784343,-2.1273576223963833,6.309331402565256,0.0691412369949068,3.132841448383733,2.057306986993085,1124.5655920950385,21.41348460451408,15.838732759260768,17.350590651297676,14.379917853109724,9.638916400841676,10.394845346860132,7.344544175692832,8.158944429174044,5.441412253093104,6.022966562108287,4.039928645033196,4.390022757302693,-2.439999999999999,7563230.636493246,20.817503906142928,8.359539204252458,3.699052804687609,181.62649417928375,5.106527394840706,11.64162533904582,11.511148835894357,0.0,0.0,5.969305287951848,4.567099647791355,18.559345800368668,0.0,0.0,48.53071171770467,43.173478588160066,11.48135753785839,21.426580897014677,18.681894674262168,29.17118506841688,0.0,9.551078168738565,0.0,38.02201416079144,0.0,69.59624321319248,0.0,16.944765761229018,0.0,8.78083009534964,0.0,23.20187978046503,20.62691085153112,0.0,11.634441682091788,54.33488383771166,36.39820241076966,10.045266627482652,16.944765761229018,0.0,55.12,17.603746970043638,14.291479626587348,4.39041504767482,33.03841493802453,11.387855989696924,38.17047518309166,28.832567921637793,6.06636706846161,0.0,4.983978520947208,23.20187978046503,30.33614774560812,11.978508083248942,16.501567915231938,9.603375010498029,0.3287220490047882,-2.141546552326674,8.417005240091308,4.698442730865771,0.0,0.0,0.2727272727272727,30,1,4,1,0,1,0,2,1,3,0,0,3,1,8,1,4,1,0,1,0,0,5.800824667936016,4,6.870200000000004,111.72130000000004,0,0,0,0,1,2,0,0,1,1,1,0,0,0,0,2,0,0,0,0,0,0,0,0,0,0,0,0,0,0,0,0,0,0,2,0,0,0,0,0,0,0,0,0,4,0,0,1,0,0,0,0,0,0,0,0,0,0,0,0,0,0,0,0,0,0,0,0,0,0,0,0,0,0,0,0,0,0,0,0,0,0,0,0,0,CHEMBL3260814,O=C(O)c1nc(C2CCCCC2)n(-c2cccc(Cl)c2F)c1-c1ccc(F)c(Cl)c1,4.0,0.6020599913279624,CHEMBL5023,p53-binding protein Mdm-2,0,Large-Nonpolar-Aromatic-Rigid-Hydrophobic,Large-Nonpolar-Aromatic-Rigid-Hydrophobic
14.260824667255944,14.260824667255944,0.0169566257146562,-0.6251694591850614,0.3919193270360449,26.384615384615383,585.6010000000001,551.3290000000002,584.177952688,206,0,0.2629659024707317,-0.3470317091476941,0.3470317091476941,0.2629659024707317,1.0256410256410255,1.6153846153846154,2.1794871794871793,35.49678640113779,9.808227420253814,2.5394384340698277,-2.371097773117522,2.5617699772782503,-2.4796445289448057,8.177775681612946,-0.1408517883559024,3.5319350266943452,1.6217644921620409,1356.022170971435,28.22288568127258,23.111944992058486,25.440299465023124,18.43428385851975,13.301108037645925,14.873533564592105,11.23126701226146,13.081659380571336,7.994537854369871,9.556930906655976,6.048487229740493,7.651761162560755,-2.479999999999999,509429411.47322464,28.06323995365286,10.490436332950532,4.764846936280505,244.5778690676143,14.69972919255143,16.48590259542135,5.1676517695780495,5.907179729351506,5.907179729351506,0.0,9.589074368143644,4.992404732635668,0.0,0.0,61.31482245369272,79.76127989802622,35.879490735040825,6.041840829147961,9.589074368143644,51.94577595813721,0.0,14.69972919255143,10.91031077879706,64.20103978444175,14.09534396535438,80.3052819855154,0.0,0.0,0.0,0.0,0.0,34.963764729856145,57.86076604448279,15.127999620526989,5.917906046161393,57.705335857156456,64.12551710727443,10.045266627482652,0.0,0.0,56.220000000000006,11.580766081531303,9.589074368143644,0.0,29.815947163160327,21.37122476429871,28.41241568895388,11.761884949391115,23.895163427055333,55.4546737473835,25.67112132992235,28.194284513100698,0.0,13.935915896054423,38.85320901939947,2.126765570824777,2.407176556747415,-0.0730846037221835,15.036332762368747,1.4754170905304491,8.384600553492565,3.4925560431932183,0.4333333333333333,39,0,6,0,3,3,2,2,0,2,4,0,5,0,9,3,5,0,1,1,0,0,7.548605949489974,5,6.703600000000008,159.74999999999957,0,0,0,0,0,0,0,0,0,0,2,2,0,0,1,4,0,0,0,1,1,0,0,0,0,0,1,2,1,0,0,0,0,0,2,0,1,0,0,0,0,0,0,0,2,0,0,0,0,0,0,0,0,0,0,0,0,0,0,0,0,0,0,0,0,0,0,0,0,0,0,0,0,0,0,1,0,0,0,0,0,0,0,0,0,CHEMBL2398342,CC(C)C1=C(C(=O)N2[C@H](C)CC[C@H]2C(=O)N(C)C)SC2=N[C@@](C)(c3ccc(Cl)cc3)[C@@H](c3ccc(Cl)cc3)N21,14.0,1.146128035678238,CHEMBL1907611,Tumour suppressor p53/oncoprotein Mdm2,3,Large-Nonpolar-Aromatic-Rigid-Hydrophobic,Large-Nonpolar-Aromatic-Rigid-Hydrophobic
13.553698157246435,13.553698157246435,0.0385846560846558,-0.936154261180716,0.5480505109041015,24.516129032258064,460.4010000000003,433.1850000000002,459.136799084,164,0,0.3036504604474493,-0.4812120697653071,0.4812120697653071,0.3036504604474493,1.0,1.7096774193548387,2.3548387096774195,35.49678490261185,9.743251860310114,2.4400556954211323,-2.455608456093813,2.469236976642,-2.4850889263909743,6.304412312860006,-0.1500415318603971,3.244280702181666,1.7806758819029544,940.0382198921268,21.957454678884098,17.344803416527444,18.856661308564348,14.91872399336994,10.952989295323109,11.708918241341564,8.829457348778012,9.702328909721984,6.726693256548232,7.213766674675455,5.308930061280089,5.633645673364904,-2.0399999999999996,12968765.541637843,22.164572047976115,9.620926631626547,5.070568179469693,192.7047265819087,10.006437125691182,0.0,0.0,5.907179729351506,0.0,5.969305287951848,9.589074368143644,0.0,0.0,0.0,60.3089913001635,60.57274217217986,28.425835125718017,12.462662452073973,14.69560176298435,35.07836479776839,0.0,4.899909730850477,11.835812092322788,50.484676612865414,6.544756405912575,69.70310615856953,0.0,0.0,0.0,0.0,0.0,23.20187978046503,28.427678548907114,9.589074368143644,11.835812092322788,61.61157959625942,48.53093654769288,10.045266627482652,0.0,0.0,57.61,11.887211334113244,14.69560176298435,0.0,24.287748227586867,28.92875070248263,23.968546229246012,12.84164324585202,0.0,53.43084627854336,0.0,23.20187978046503,0.0,12.45424195544626,27.057989819401552,10.751407348930798,2.056720521541951,-1.0985328515057349,15.224687343469512,4.943058094386107,0.6659833238851095,0.0,0.44,31,1,4,1,1,2,1,2,0,2,3,0,2,1,6,1,6,1,1,2,0,1,6.878829725644476,4,6.331700000000005,122.41680000000004,1,0,0,0,0,0,0,0,1,1,2,1,0,0,0,1,0,0,0,0,1,0,0,0,0,0,0,1,0,0,0,0,0,0,2,0,0,0,0,0,0,0,0,0,2,0,0,0,0,0,0,0,0,0,0,0,0,0,0,0,0,0,0,0,0,0,0,0,0,1,0,0,0,0,0,0,0,0,0,0,0,0,0,0,0,CHEMBL3891537,O=C(O)C[C@@H]1CC(c2cccc(Cl)c2)[C@@H](c2ccc(Cl)cc2)N(CC2CCCC2)C1=O,550.0,2.7403626894942437,CHEMBL1907611,Tumour suppressor p53/oncoprotein Mdm2,3,Large-Nonpolar-Aromatic-Rigid-Hydrophobic,Large-Nonpolar-Aromatic-Rigid-Hydrophobic
13.500693622099046,13.500693622099046,0.0240570672713531,-0.3993223698944603,0.5398870774184267,24.033333333333335,446.37400000000025,421.1740000000002,445.12114902,158,0,0.3058127209648765,-0.4689771175857342,0.4689771175857342,0.3058127209648765,1.0666666666666669,1.8,2.433333333333333,35.496784802587705,9.74556598804629,2.4486369003066333,-2.448596574666463,2.4758438275538497,-2.4780869834404977,6.3044124480470005,-0.1511602165051575,3.5542768949485093,1.7683593718489197,926.3032139799186,21.25034789769755,16.89162454911825,18.40348244115516,14.456728795830726,10.341754933268923,11.09768387928738,8.304744637528191,9.177616198472162,6.168588951261863,6.655662369389088,4.490150516599326,4.814866128684142,-2.0399999999999996,11025253.191269638,21.201912545319793,8.988281366750673,4.652419854594059,186.65909594482295,9.636772684650529,0.0,0.0,5.907179729351506,0.0,5.969305287951848,9.589074368143644,0.0,0.0,0.0,47.46734805431147,60.57274217217986,28.425835125718017,19.572459993351504,14.325937321943693,35.07836479776839,0.0,4.899909730850477,11.835812092322788,37.64303336701339,13.65455394719011,69.70310615856953,0.0,0.0,0.0,0.0,0.0,23.20187978046503,30.43094869534394,14.325937321943693,11.835812092322788,48.76993635040739,48.53093654769288,10.045266627482652,0.0,0.0,46.61,5.917906046161393,9.589074368143644,0.0,30.25705351553872,28.92875070248263,23.968546229246012,7.109797541277533,0.0,47.36447921008175,6.06636706846161,27.938742734265084,4.8692388692289486,12.440224324863944,27.514707506476388,1.3287214527429183,2.1254688156126655,-0.1663067712588211,15.42137075795866,2.9492805440077268,0.7091912320483749,1.3636588238747536,0.4166666666666667,30,0,4,1,1,2,1,2,0,2,3,0,3,0,6,1,6,1,1,2,0,0,6.352291849019175,4,5.639900000000005,117.56300000000006,0,0,0,0,0,0,0,0,0,0,2,2,0,0,0,1,0,0,0,0,1,0,0,0,0,0,0,1,0,0,0,0,0,0,2,0,0,0,0,0,1,1,0,0,2,0,0,0,0,0,0,0,0,0,0,1,0,0,0,0,0,0,0,0,0,0,0,0,0,1,0,0,0,0,0,0,0,0,0,0,0,0,0,0,0,CHEMBL2177182,COC(=O)C[C@H]1C[C@H](c2cccc(Cl)c2)[C@@H](c2ccc(Cl)cc2)N(CC2CC2)C1=O,790.0,2.8976270912904414,CHEMBL1907611,Tumour suppressor p53/oncoprotein Mdm2,3,Large-Nonpolar-Aromatic-Rigid-Hydrophobic,Large-Nonpolar-Aromatic-Rigid-Hydrophobic
14.167262875612442,14.167262875612442,0.0184393808963911,-1.2830935059208877,0.3312341190076194,16.38235294117647,521.3720000000001,505.24400000000026,520.022675172,174,0,0.3328262751170549,-0.4672206082806142,0.4672206082806142,0.3328262751170549,1.0294117647058822,1.588235294117647,2.176470588235294,35.49678587595921,9.97684565078363,2.427761632226305,-2.356622881808214,2.391823152629287,-2.4378017205700737,7.802963991697777,-0.1463287249689844,2.9078981152081296,1.9786539587061596,1286.6256041316624,24.56818514289333,17.520267879667834,19.848622352632468,16.205616355805212,9.922813881504688,11.086991117987006,7.44490918807519,8.757607154646603,5.383855190959784,6.21313027979142,3.801272197223117,4.4128505670719065,-3.0699999999999985,36711585.59850975,24.06720373484391,9.657311318334274,4.485701656720825,208.77208185470195,14.953561288656855,11.030342930886151,17.676282511239748,0.0,5.907179729351506,5.969305287951848,4.794537184071822,13.575367279421462,0.0,0.0,59.68522149735816,41.45873832570204,16.111633695944263,18.36063530765809,23.106767417293337,57.97212661723683,0.0,4.899909730850477,0.0,12.08368165829592,12.426586145283864,99.03373346928156,0.0,0.0,5.316788604006331,14.4682163700332,0.0,35.41975322351173,28.874694391169555,9.53140013787187,11.634441682091788,33.56857331745873,60.6636706846161,10.045266627482652,0.0,0.0,58.64,35.594608357691065,18.369904463493285,0.0,16.239339868118748,21.172169610876644,12.13273413692322,12.009707272128011,48.53093654769288,0.0,5.316788604006331,40.156616177311776,33.206175967197,17.65053621181211,28.21068420886873,3.71067834342185,0.6943790067467328,-3.8875889190786665,12.11909459142549,0.0,0.0,1.184929478495646,0.125,34,1,5,0,1,1,1,3,0,3,2,0,4,1,10,1,4,0,0,0,0,2,6.836014089093089,4,6.122300000000004,129.15019999999998,0,0,0,0,0,0,0,0,0,0,2,2,1,0,0,1,1,0,0,0,0,0,0,0,0,0,0,1,0,1,0,0,0,0,3,0,1,0,0,0,1,1,0,0,4,0,0,0,0,0,0,0,0,0,0,1,0,0,0,0,0,0,0,0,0,0,0,0,0,0,0,0,0,0,0,0,0,0,0,0,0,0,0,0,0,CHEMBL2089153,COC(=O)C(c1ccc(Cl)cc1)N1C(=O)c2cc(F)c(F)cc2NC(=S)C1c1ccc(Cl)cc1,2610.0,3.416640507338281,CHEMBL615023,U2OS,3,Large-Nonpolar-Aromatic-Rigid-Hydrophobic,Large-Nonpolar-Aromatic-Rigid-Hydrophobic
14.148527966742254,14.148527966742254,0.0,-4.778806799281401,0.3224305156879627,19.272727272727273,643.0279999999999,613.7959999999999,642.1832377879999,236,0,0.4166857687637481,-0.4755442221942469,0.4755442221942469,0.4166857687637481,0.7727272727272727,1.431818181818182,2.0454545454545454,35.453002182566706,9.891298179735871,2.490994228894482,-2.4527832473475697,2.361656834183163,-2.639627876496992,5.967196579348011,-0.152732208618717,3.001651521461788,4.417988130966531e-06,1447.6311473329756,30.82985187800029,23.27469186167853,24.091188442606253,20.371777137568124,13.644882066820411,13.644882066820411,10.45927844719447,10.45927844719447,7.629786295154705,7.629786295154705,5.489066990641416,5.489066990641416,-3.999999999999999,2991437645.7438307,32.90427257977285,12.928374655647383,7.033802055164954,255.3602208029803,19.436592146351483,11.567374611118932,0.0,5.601050810983688,11.814359458703011,12.35259703488695,9.589074368143644,4.983978520947208,26.34249028604892,12.407033161179976,18.19910120538483,61.3725797935449,38.92062560117595,23.235110881003564,40.66842760799261,30.039255397718016,0.0,14.783797982648162,0.0,30.795291091722657,44.16844816632592,89.6172357997818,0.0,5.749511833283905,9.636772684650529,32.160353063883946,5.749511833283905,12.407033161179976,71.4677466878103,17.147134218958772,0.0,34.32653490501483,72.92688132469078,0.0,0.0,0.0,65.98,46.458361779664635,35.93156465419256,0.0,57.177213863966195,13.08951281182515,47.11597491945517,12.13273413692322,17.163120370925164,17.032643867773697,4.983978520947208,4.736862953800049,86.77556733357451,0.0,36.65611179973254,0.0,-4.294254086930974,-0.6972102557941026,13.711420756596494,-7.37426769091536,1.1392988104035564,0.0,0.3666666666666666,44,0,7,0,2,2,2,2,1,3,1,0,5,0,14,3,5,0,2,2,0,1,9.66815372006474,5,5.943600000000006,151.6624999999997,0,0,0,0,0,1,0,0,0,0,2,2,0,0,0,4,0,0,0,0,1,0,0,0,0,6,0,2,0,1,0,0,0,0,2,0,0,0,0,0,0,1,0,0,7,0,0,0,0,0,0,0,0,0,0,0,0,0,0,0,0,0,0,0,0,0,0,0,0,1,1,0,0,1,0,0,0,0,0,0,0,0,0,0,0,CHEMBL3112815,Cl.O=C(c1ccccc1C(F)(F)F)N1CCCC(Oc2ccc(C(F)(F)F)cc2)(C(=O)N2CCN(c3ccccn3)CC2)C1,6500.0,3.812913356642856,CHEMBL1907611,Tumour suppressor p53/oncoprotein Mdm2,4,Large-Nonpolar-Aromatic-Rigid-Hydrophobic,Large-Nonpolar-Aromatic-Rigid-Hydrophobic
12.11741891581427,12.11741891581427,0.2547404536911559,-0.2924758184926483,0.6513735695699914,14.185185185185183,427.302,408.1500000000001,426.0691379480001,138,0,0.2909149943596763,-0.4442014818726883,0.4442014818726883,0.2909149943596763,0.9629629629629628,1.7407407407407407,2.3703703703703702,79.91873138961664,10.110117875600595,2.1321133485488137,-2.2664882147596055,2.2268264387941765,-2.2976871758675528,9.101984818778622,0.099520904852805,3.1595385961988285,1.428392134641412,915.9145867891496,18.63961743368832,14.690437899886575,16.276434439001278,13.18667318580106,8.947365007575856,9.74036327713321,6.4597133059518566,7.241291258235292,4.5660512089739616,4.992254059436875,3.124196281388018,3.430753448931675,-2.6699999999999995,2693241.2520174207,17.72932997638731,7.917982661725803,4.190275608364096,165.27025741834655,14.633849271910154,0.0,16.24762563971933,0.0,5.907179729351506,0.0,4.794537184071822,0.0,0.0,10.197363616602075,12.13273413692322,71.59061117749704,24.340350578205708,5.693927994848461,9.211688121125167,33.34237267981945,0.0,10.197363616602075,0.0,19.26246486877803,23.30621114668196,58.96069940957719,0.0,11.257379486545457,10.216698334856808,11.50524905251859,0.0,15.929943897949348,29.194056157778732,0.0,0.0,29.817249471724292,57.617602927756096,0.0,11.257379486545457,0.0,71.26,0.0,4.794537184071822,0.0,11.667427148225949,10.356901717693422,30.164755076205637,19.26246486877803,12.13273413692322,36.39820241076966,36.344005849408234,4.417150937053347,5.7768446206518975,3.1890557673662987,14.40104908890068,11.552864706145073,2.4483387424197316,0.8992480984233685,14.827279597838949,3.7214663930898544,2.1005196518308145,0.0,0.25,27,1,6,0,1,1,1,1,2,3,0,0,5,1,7,3,4,0,1,1,0,0,5.19927879100186,4,4.741700000000003,107.89320000000004,0,0,0,0,0,2,0,0,0,0,1,1,0,0,0,3,1,0,0,0,0,0,0,0,0,0,0,1,0,2,0,0,0,0,1,0,0,0,0,0,0,0,1,0,1,0,0,0,0,0,0,0,0,0,0,0,0,0,0,0,0,0,0,0,0,0,0,0,0,1,0,0,0,0,0,0,0,0,0,0,0,0,0,0,0,CHEMBL1456706,O=C(Nc1ccc(-c2ccc(N3CCCCC3)nn2)cc1)c1ccc(Br)o1,6809.0,3.833083334178343,CHEMBL4374,Photoreceptor-specific nuclear receptor,0,Large-Nonpolar-Aromatic-Rigid-Hydrophobic,Large-Nonpolar-Aromatic-Rigid-Hydrophobic
12.774834144076642,12.774834144076642,0.260788454270597,-4.208022955357899,0.6242213444736486,19.20689655172414,418.4880000000001,397.32000000000016,418.143902332,152,0,0.3933283894807131,-0.3552973217386798,0.3933283894807131,0.3552973217386798,1.0689655172413792,1.862068965517241,2.6206896551724137,32.133539201646144,9.786357079529289,2.4746544944286555,-2.4784106760335955,2.42911848048414,-2.564265454362918,7.182472264543883,-0.126137187678873,3.24277420096606,1.2872228829980217,1011.6881549779732,20.06226716449869,15.822195444124596,16.638692025052322,13.891491309924314,9.706459608671652,10.52295618959938,8.223086041883713,9.338285913172964,5.838987121865849,6.882036140542337,4.659446208528247,5.680418143176267,-2.1899999999999995,4872203.381467486,18.814358992267735,6.950307921603333,3.829916522969481,170.5389113612972,4.899909730850477,16.975579272220138,0.0,0.0,0.0,6.176298517443475,4.899909730850477,9.967957041894415,13.17124514302446,11.336785877934735,30.33183534230805,18.050640183084617,43.01591969266095,11.807045837390806,13.17124514302446,27.371269289855128,0.0,14.867866772744891,5.414990469396779,25.56269816920807,31.07893535450078,53.1661211709325,0.0,0.0,4.899909730850477,18.98910792085949,0.0,11.336785877934735,47.223190913838664,12.965578028838586,5.414990469396779,16.861420308324305,42.725522485534206,0.0,10.216620634085364,0.0,32.260000000000005,12.597120140369483,13.17124514302446,0.0,5.414990469396779,9.707543613321866,61.68547652272344,11.890771566461538,6.06636706846161,6.06636706846161,44.03324477744181,0.0,38.32450243222993,1.1123573313467443,14.249666666746496,0.7446899518531014,1.5850284241084416,0.7759804293363098,12.086806451480063,-2.56100876434016,4.848643743905739,0.0,0.4285714285714285,29,0,4,0,2,2,0,1,2,3,0,0,5,0,8,4,4,0,2,2,1,0,4.509158218753356,5,4.5084000000000035,108.15600000000003,0,0,0,0,0,2,0,0,0,0,0,0,0,0,0,4,0,0,0,0,1,0,0,0,0,3,0,0,0,1,0,0,0,0,1,0,1,0,0,0,0,0,0,0,3,0,0,0,0,0,0,0,0,0,0,0,0,0,0,0,0,0,0,0,0,0,0,0,0,0,0,0,0,0,0,0,0,0,0,0,0,0,1,0,0,CHEMBL4205439,FC(F)(F)Cc1cc2c(N3CCC4(CN(Cc5ccccc5)C4)C3)ncnc2s1,56.0,1.7481880270062005,CHEMBL2093861,Menin/Histone-lysine N-methyltransferase MLL,4,Large-Nonpolar-Aromatic-Rigid-Hydrophobic,Large-Nonpolar-Aromatic-Rigid-Hydrophobic
14.040029438360216,14.040029438360216,0.1137374548584861,-0.3881528197698833,0.294816481972894,14.77777777777778,523.4200000000002,499.22800000000024,522.122545988,184,0,0.3189287506067086,-0.4803523962566531,0.4803523962566531,0.3189287506067086,0.9722222222222222,1.6944444444444444,2.361111111111111,35.49678544163275,10.021044624679313,2.429771926374352,-2.2893192890999865,2.465053840095684,-2.3002442279977293,6.309095760258906,0.0993151443499764,3.396673180722316,1.7551739101718364,1466.872860766033,25.559748974456053,20.250137672492688,21.761995564529595,17.370942358203816,11.414590150312875,12.170519096331333,8.412456022933329,9.285327583877296,6.421263076287266,6.90833649441449,4.7862648610169085,5.078596573727948,-3.549999999999999,180501658.428274,24.157997689301357,9.484013046790707,3.884870757991043,218.76485593746295,14.040825555391454,6.041840829147961,0.0,5.879988336435371,5.907179729351506,6.010464839586836,9.6944469149223,4.983978520947208,4.983978520947208,0.0,41.40098098584986,55.30621272508328,28.474252879691868,36.73435405564598,14.26826309167192,34.7964457845001,0.0,14.53505668968577,0.0,26.434071634441786,19.119504813405545,87.15732921672806,0.0,23.147832662567662,14.373635638450576,5.687386274683562,11.890453176022207,23.20187978046503,34.661831501592346,6.544756405912575,6.923737199690624,40.144397682849856,54.727780119305955,10.045266627482652,11.257379486545457,0.0,69.48,0.0,4.794537184071822,0.0,17.9594853980863,33.59691435322459,28.202145247774475,7.109797541277533,13.30664111289061,67.2783206779246,14.53505668968577,32.67560568806513,12.814937031099792,12.57220555273921,24.471544384903577,1.1893301183164795,5.576239414521307,0.2527043388776804,14.857517959007868,1.65474662145748,4.621657353532273,3.0446727810998953,0.2222222222222222,36,0,7,0,1,1,1,2,2,4,1,0,6,0,9,3,6,0,0,0,0,1,6.364299035268718,5,6.3472200000000045,140.52949999999987,0,0,0,0,0,3,0,0,0,0,1,1,0,0,0,4,0,0,0,0,0,0,0,0,0,0,0,1,0,1,1,0,0,0,2,0,1,0,0,0,0,2,0,0,2,0,0,0,0,0,0,0,0,0,0,2,0,0,0,0,0,0,0,0,0,0,0,0,0,0,0,0,0,0,0,0,0,0,0,0,0,0,0,0,0,CHEMBL3901889,CCn1c(-c2cnc(OC)nc2OC)cc2c1C(c1ccc(Cl)cc1)N(c1cc(Cl)ccc1C)C2=O,87.63,1.942652811693212,CHEMBL1907611,Tumour suppressor p53/oncoprotein Mdm2,3,Large-Nonpolar-Aromatic-Rigid-Hydrophobic,Large-Nonpolar-Aromatic-Rigid-Hydrophobic
13.792919781081157,13.792919781081157,0.345569946600039,-1.1980906714537676,0.3781540210409398,16.806451612903224,567.2100000000002,550.0740000000001,565.9660957640001,158,0,0.33065611765316,-0.4794521295956961,0.4794521295956961,0.33065611765316,1.032258064516129,1.6451612903225807,2.2580645161290325,126.91270448623288,9.979091877179442,2.3970344683197786,-2.350831684987285,2.3752869658935203,-2.4205177571232,14.11191893564067,-0.1430069702304597,2.8747971001270307,1.8937062431583471,1136.5634604896395,22.120591385700628,16.057477471607008,19.72683365482024,14.846244348298503,9.447401741617982,11.2820798332246,7.1429035680198805,9.261407348150652,5.22078254598286,6.395726279987918,3.760983452614151,4.504159347015029,-2.289999999999999,10022094.652086051,21.923695425102192,9.060758752733552,4.512585763200025,202.65981533098076,15.323225729697512,0.0,6.041840829147961,0.0,5.907179729351506,5.969305287951848,4.794537184071822,4.794537184071822,0.0,0.0,47.46734805431147,76.18234308969333,25.847591579144183,11.605292320844956,14.69560176298435,63.356621699520005,0.0,4.899909730850477,0.0,12.08368165829592,11.861545009918906,97.03584112671678,0.0,0.0,5.316788604006331,5.687386274683562,0.0,45.79275040753309,28.427678548907114,4.794537184071822,3.5701822710653963,33.56857331745873,66.73003775307771,10.045266627482652,0.0,0.0,69.64,18.05298694624777,14.69560176298435,0.0,5.907179729351506,33.40431229147278,9.133633762762392,4.899909730850477,42.46456947923127,24.26546827384644,27.907659231074387,23.20187978046503,0.8840378320239434,14.205062280790797,27.709129206209234,14.57181482331735,2.362925620083425,-1.4819166295736386,17.412265809437738,0.0,0.345569946600039,0.0,0.1304347826086956,31,2,5,0,1,1,1,3,0,3,2,0,3,2,8,1,4,0,0,0,0,0,6.40791339404062,4,6.032900000000004,129.83999999999995,1,0,0,0,0,0,0,0,1,1,2,1,0,0,0,1,1,0,0,0,0,0,0,0,0,0,0,1,0,1,0,0,0,0,3,0,1,0,0,0,0,0,0,0,3,0,0,0,0,0,0,0,0,0,0,0,0,0,0,0,0,0,0,0,0,0,0,0,0,0,0,0,0,0,0,0,0,0,0,0,0,0,0,0,0,CHEMBL180433,O=C(O)[C@H](c1ccc(Cl)cc1)N1C(=O)c2cc(I)ccc2NC[C@@H]1c1ccc(Cl)cc1,490.0,2.690196080028514,CHEMBL1907611,Tumour suppressor p53/oncoprotein Mdm2,3,Large-Nonpolar-Aromatic-Rigid-Hydrophobic,Large-Nonpolar-Aromatic-Rigid-Hydrophobic
13.95178111265082,13.95178111265082,0.0049381141345423,-0.7250069068265168,0.4878704922382435,23.6875,490.4560000000002,465.2560000000002,489.1044534,168,0,0.323066419382603,-0.3321270572881893,0.3321270572881893,0.323066419382603,1.125,1.84375,2.4375,35.49678564086995,9.667536130168202,2.503612343329218,-2.50654550702582,2.510933415890884,-2.5469936585088724,7.023486696136042,-0.1532491895635811,3.1405999763100634,1.8461661338190032,1174.2423656277747,23.043241116511,18.140167531868943,20.468522004833577,15.175359597413202,10.563549482772093,12.092875090924522,8.947344508395279,10.556155252907953,6.189483553191848,7.256115366811196,4.815952530285608,5.607421902811523,-2.149999999999999,14979342.835008953,23.02317542725687,9.004630390670508,4.4927365880701675,201.09934106736603,4.899909730850477,5.824404497999927,0.0,5.907179729351506,0.0,4.872962597056311,14.573052889090851,0.0,4.3735399814164495,0.0,54.39108525400209,55.66066727954769,39.958321737284685,11.456831298544738,4.794537184071822,40.641546121383215,0.0,14.257428233214137,5.414990469396779,51.61444254938121,0.0,85.19501043769759,0.0,0.0,4.872962597056311,0.0,0.0,34.73436639203171,26.2064487917136,11.21535880699783,5.414990469396779,56.10308757870115,53.3254737317647,10.045266627482652,0.0,0.0,66.06,5.414990469396779,9.589074368143644,0.0,28.78173003086513,28.7113143713346,22.659389594960665,0.0,0.0,68.13569080915362,15.423885570825266,23.20187978046503,4.225303160877656,13.402367033759631,30.145852211121717,1.3189821346735449,1.3853051994974952,0.6104197604032264,15.373024007757202,0.9726613809103892,6.038307333221354,0.0,0.375,32,1,5,0,1,1,1,2,1,3,3,0,4,1,8,2,5,0,1,1,0,0,6.47859953568799,4,5.8528000000000056,129.53069999999997,0,0,0,0,0,2,1,0,0,0,1,1,0,0,0,2,1,0,0,0,1,1,0,0,0,0,0,1,0,0,0,0,0,0,2,0,0,0,0,0,0,0,0,0,2,0,0,0,0,0,0,0,0,0,0,0,0,0,0,0,0,0,0,0,0,0,0,0,0,1,0,0,0,0,0,0,0,0,0,0,0,0,0,0,0,CHEMBL4114447,CC(C)N1C(=O)[C@@](C)(Cc2nsc(=O)[nH]2)C[C@H](c2cccc(Cl)c2)[C@H]1c1ccc(Cl)cc1,1980.0,3.296665190261531,CHEMBL1907611,Tumour suppressor p53/oncoprotein Mdm2,3,Large-Nonpolar-Aromatic-Rigid-Hydrophobic,Large-Nonpolar-Aromatic-Rigid-Hydrophobic
13.45583797871,13.45583797871,0.012667194192492,-0.9745526266061986,0.5920714351257218,18.483870967741936,417.55300000000017,386.30500000000023,417.241627232,162,0,0.2566151425964947,-0.346346259839253,0.346346259839253,0.2566151425964947,1.096774193548387,1.8064516129032255,2.4193548387096775,16.520404182292115,9.846189971669046,2.5145555896106395,-2.3938995723293313,2.458360880686719,-2.4690902932409995,6.000321083688481,-0.1175543571686204,3.265744964411325,1.8769985691837592,1078.5315767939496,22.22540387131522,19.02839653819392,19.02839653819392,14.785877486510293,10.940223254682792,10.940223254682792,9.228917792979688,9.228917792979688,6.09634849211244,6.09634849211244,4.3400835648369265,4.3400835648369265,-2.9199999999999995,11411505.69212235,21.317310117619,7.967735637498237,3.569431619944014,184.0178330381733,14.620751205597736,0.0,5.724985593970254,0.0,5.907179729351506,0.0,4.794537184071822,4.983978520947208,0.0,0.0,70.15951827799377,30.389367852172015,23.23511088100356,24.322058028974386,9.53140013787187,5.907179729351506,0.0,14.867866772744891,0.0,58.78636564925907,6.544756405912575,88.49991857894234,0.0,0.0,0.0,0.0,0.0,0.0,27.319802908008977,22.48372098168,6.923737199690624,72.55196956224522,54.85825662245742,0.0,0.0,0.0,58.22,5.724985593970254,4.794537184071822,0.0,11.322170198748283,18.71508986212249,28.935580596016923,5.563451491696996,6.3273200747645415,36.08911520438754,61.92837411450334,4.736862953800049,6.7232679043839765,0.0,22.804236650978623,0.0,4.700964205981341,0.012667194192492,16.325234539031662,2.518236565172442,11.582059606926128,0.0,0.3846153846153846,31,1,5,0,1,1,1,2,1,3,1,0,3,1,5,2,6,0,0,0,0,1,5.479054565153374,4,5.299320000000005,121.80520000000004,0,0,0,0,0,2,1,0,0,0,1,1,0,0,0,2,1,0,0,0,0,1,0,0,0,0,0,1,0,0,1,0,0,0,2,0,1,0,0,0,0,1,0,0,0,0,0,1,0,0,0,0,0,0,0,0,0,0,0,0,0,0,0,0,0,0,0,0,0,0,0,0,0,0,0,0,0,0,0,0,0,0,0,0,0,CHEMBL264505,CCCN1C(=O)c2ccccc2C1(OCc1[nH]cnc1C)c1ccc(C(C)(C)C)cc1,64300.0,4.808210972924222,CHEMBL1907611,Tumour suppressor p53/oncoprotein Mdm2,0,Large-Nonpolar-Aromatic-Rigid-Hydrophobic,Large-Nonpolar-Aromatic-Rigid-Hydrophobic
6.727103883219955,6.727103883219955,0.1489730961829181,-0.2668954317838248,0.272179491467041,18.96969696969697,564.2810000000002,544.1210000000002,562.0003854600002,164,0,0.2285036259250691,-0.4804414712111904,0.4804414712111904,0.2285036259250691,0.8787878787878788,1.5454545454545454,2.242424242424242,79.91976194894707,9.83695879038638,2.426025322566215,-2.419513052111368,2.52128837313405,-2.366105164612142,9.104489985967929,0.2216025773809054,3.3026776618036404,1.6638825622316185,1392.8264290676625,22.689505486452976,18.03593538713692,21.20792846536633,16.008040390846983,10.669497154561707,12.255493693676414,8.37071824791422,10.202069305497597,6.278135246427279,7.335466272503751,4.798046261952841,5.326711774991076,-2.899999999999999,63895240.17337348,20.688940024837464,7.850749109098302,3.3309379193610993,208.5264286337263,9.636772684650529,24.222639124944703,0.0,5.948339280986494,0.0,0.0,0.0,4.681802935145184,10.082660329248244,0.0,67.75517462990375,54.44884259385427,27.12966703610828,5.697039313055833,4.736862953800049,43.50526638994103,0.0,14.764463264393427,0.0,19.069544416586886,11.947581713527669,109.82970735636437,0.0,5.749511833283905,9.636772684650529,5.948339280986494,5.749511833283905,31.859887795898697,21.812135247070614,0.0,6.923737199690624,34.399613183684245,87.57590138957637,0.0,5.697039313055833,0.0,43.18000000000001,0.0,0.0,0.0,12.145807216896262,0.0,48.603788464151314,5.563451491696996,6.3273200747645415,4.681802935145184,127.54390479144296,4.736862953800049,10.802596060411716,7.137977799775915,6.75736940368434,4.649153845951961,6.770413113605304,1.6872418272864709,22.998482176585306,1.360871640609871,2.1099784942290354,2.0592489711934157,0.1538461538461538,33,0,5,0,2,2,0,3,1,4,2,0,5,0,7,3,2,0,0,0,0,0,4.921929620247907,6,6.695720000000005,136.31599999999997,0,0,0,0,0,3,0,0,0,0,0,0,0,0,0,4,0,0,0,0,0,0,0,0,0,0,0,0,0,1,1,0,0,0,3,0,3,0,0,0,0,1,0,0,2,0,0,0,0,0,0,0,0,0,0,0,0,0,0,0,0,0,0,0,0,0,0,0,0,0,0,0,0,0,0,0,0,0,0,0,0,0,0,0,0,CHEMBL1688305,Cc1ccc2c(c1)C1=C([C@H](c3ccc(Br)cc3)n3ncnc3N1C)[C@@H](c1ccc(Br)cc1)O2,16000.0,4.204119982655925,CHEMBL5023,p53-binding protein Mdm-2,3,Large-Nonpolar-Aromatic-Rigid-Hydrophobic,Large-Nonpolar-Aromatic-Rigid-Hydrophobic
13.888147325802748,13.888147325802748,0.1693225623582768,-1.0718408070532743,0.4514851000717579,23.21875,468.38000000000017,445.19600000000025,467.105498956,164,0,0.3039261933766805,-0.4812044870377293,0.4812044870377293,0.3039261933766805,0.96875,1.65625,2.28125,35.49678499488999,9.670659168089628,2.507082191876809,-2.4866693203626307,2.5203870866234586,-2.5245338401007187,6.304648480506562,-0.145372471234739,2.7598090964062147,1.9391424166622,1133.3236421896163,22.880104409694468,17.54132031816358,19.053178210200493,15.28151274729585,10.39824212385163,11.154171069870086,8.503890720666115,9.376762281610084,6.128960986505165,6.61603440463239,4.708089100972839,5.032804713057654,-2.819999999999999,14550066.811817903,22.37665600697753,8.968221008081464,4.384903342701181,196.94294136951888,10.006437125691182,0.0,0.0,5.907179729351506,0.0,5.969305287951848,9.589074368143644,0.0,0.0,0.0,72.59018645938693,53.94592701708966,21.650558948327607,17.877652921470748,14.69560176298435,40.76575107245195,0.0,0.0,5.414990469396779,31.725127320852,4.899909730850477,100.0349415008776,0.0,0.0,4.899909730850477,5.687386274683562,0.0,23.20187978046503,16.98301241214406,9.589074368143644,5.414990469396779,42.852030304245986,78.86277189000094,10.045266627482652,0.0,0.0,57.61,11.384295757348628,14.69560176298435,0.0,24.287748227586867,16.466088250408664,16.814289258077554,0.0,11.823646930541102,78.86277189000094,0.0,23.20187978046503,0.0,12.470102301965577,27.380627133586486,10.819573514316708,1.5367150319489942,-1.3702700124194829,24.090142278985027,0.1336038412278499,1.7450614659444024,0.0,0.2307692307692307,32,1,4,0,1,1,1,3,0,3,3,0,2,1,6,1,5,0,1,1,0,0,6.271212390387131,4,6.736200000000005,127.29080000000002,1,0,0,0,0,0,0,0,1,1,2,1,0,0,0,1,0,0,0,0,0,0,0,0,0,0,0,1,0,1,0,0,0,0,3,0,0,0,0,0,0,0,0,0,2,0,0,0,0,0,0,0,0,0,0,0,0,0,0,0,0,0,0,0,1,0,0,0,0,1,0,0,0,0,0,0,0,0,0,0,0,0,0,0,0,CHEMBL3329619,C[C@]1(CC(=O)O)C[C@H](c2cccc(Cl)c2)[C@@H](c2ccc(Cl)cc2)N(c2ccccc2)C1=O,4.0,0.6020599913279624,CHEMBL1907611,Tumour suppressor p53/oncoprotein Mdm2,3,Large-Nonpolar-Aromatic-Rigid-Hydrophobic,Large-Nonpolar-Aromatic-Rigid-Hydrophobic
13.384763916883625,13.384763916883625,0.0221556122448982,-0.4402694875181641,0.7034626026747647,24.551724137931036,431.36300000000017,407.17100000000016,430.121483368,152,0,0.2262701008741799,-0.3696579479378243,0.3696579479378243,0.2262701008741799,1.0344827586206895,1.7586206896551724,2.3793103448275863,35.49678468745587,9.7449364591681,2.4453913268311553,-2.4488129501676665,2.47475195297884,-2.48078163470901,6.3044127198610465,-0.1453032134381416,3.494024287094469,1.7837351687524243,911.3487832066336,20.543241116511,16.060726527844015,17.572584419880926,13.91872399336994,10.018057632167942,10.773986578186395,8.19492486709521,9.06779642803918,5.9754358474955485,6.462509265622772,4.448483849932659,4.773199462017475,-2.0399999999999996,6270571.650979811,20.241637644139672,8.369094710138508,4.593443240279005,180.5204992979322,10.633577208012662,0.0,0.0,11.814359458703011,0.0,0.0,9.589074368143644,0.0,0.0,0.0,47.46734805431147,60.57274217217986,34.84665674864402,6.041840829147961,9.589074368143644,35.016239239168044,0.0,4.899909730850477,17.56947956948497,37.64303336701339,6.544756405912575,69.70310615856953,0.0,0.0,5.733667477162185,0.0,0.0,23.20187978046503,23.259025595466063,9.589074368143644,11.835812092322788,48.76993635040739,48.53093654769288,10.045266627482652,0.0,0.0,63.400000000000006,11.8250857755129,9.589074368143644,0.0,24.287748227586867,28.92875070248263,23.968546229246012,0.0,0.0,53.43084627854336,0.0,28.935547257627213,0.0,12.401813121653788,27.01683335681652,1.324064529979935,7.586546176219699,-0.2694593023329794,15.372439824474156,2.916518198328714,0.7067996504157217,0.0,0.391304347826087,29,2,4,1,1,2,2,2,0,2,3,0,2,1,6,1,6,1,1,2,0,0,5.841523535589994,4,4.952200000000005,114.74140000000006,0,0,0,0,0,0,0,0,0,0,2,2,0,0,0,1,0,1,0,0,1,0,0,0,0,0,0,2,0,0,0,0,0,0,2,0,0,0,0,0,0,0,0,0,2,0,0,0,0,0,0,0,0,0,0,0,0,0,0,0,0,0,0,0,0,0,0,0,0,1,0,1,0,0,0,0,0,0,0,0,0,0,0,0,0,CHEMBL3947579,NC(=O)C[C@@H]1C[C@H](c2cccc(Cl)c2)[C@@H](c2ccc(Cl)cc2)N(CC2CC2)C1=O,870.0,2.9395192526186187,CHEMBL1907611,Tumour suppressor p53/oncoprotein Mdm2,3,Large-Nonpolar-Aromatic-Rigid-Hydrophobic,Large-Nonpolar-Aromatic-Rigid-Hydrophobic
13.063837518546514,13.063837518546514,0.0102333711262279,-0.6341553287981865,0.54159447863064,20.41379310344828,434.36300000000006,409.1630000000001,433.12114902,154,0,0.3283533796215838,-0.4644538517375468,0.4644538517375468,0.3283533796215838,1.103448275862069,1.827586206896552,2.4482758620689653,35.496784691396456,9.78615578872969,2.4288349287064297,-2.4447962961150265,2.447505495946006,-2.5101237712669624,6.304408166335113,-0.1592560270956461,2.702997359135266,2.1042966366953957,868.6815981185489,20.965890847321376,16.60716749874208,18.11902539077899,13.95592745803129,9.945373301647844,10.701302247666296,7.1736652812577635,8.046536842201734,5.407512145910952,5.894585564038176,4.137047401421454,4.461763013506269,-2.0399999999999987,3106608.9248013436,21.6636758645951,9.639931640625,4.759078888678271,181.2999849839555,9.636772684650529,6.041840829147961,0.0,5.907179729351506,0.0,5.969305287951848,4.794537184071822,4.794537184071822,0.0,0.0,54.39108525400209,55.157751702783074,22.383994296570055,12.64872279366088,14.325937321943693,35.07836479776839,0.0,4.899909730850477,0.0,51.11152697261659,6.606881964512918,69.70310615856953,0.0,0.0,0.0,0.0,0.0,23.20187978046503,29.42511754181471,14.325937321943693,0.0,56.19658912686262,48.53093654769288,10.045266627482652,0.0,0.0,46.61,6.041840829147961,9.589074368143644,0.0,30.443113857125628,29.307731496260683,11.126902983393991,0.0,11.823646930541102,55.4546737473835,0.0,27.938742734265084,5.2848158646174515,12.352283811438902,27.471440609165477,1.2753852886297878,1.9896628821281608,-0.3951474272836701,14.255775281922617,1.5380277882758049,3.94997812332769,0.0,0.391304347826087,29,0,4,0,1,1,1,2,0,2,3,0,3,0,6,1,6,0,1,1,0,0,7.201253600667396,3,5.782400000000005,115.17800000000004,0,0,0,0,0,0,0,0,0,0,2,2,0,0,0,1,0,0,0,0,1,0,0,0,0,0,0,1,0,0,0,0,0,0,2,0,0,0,0,0,1,1,0,0,2,0,0,0,0,0,0,0,0,0,0,0,0,0,0,0,0,0,0,0,0,0,0,0,0,1,0,0,0,0,0,0,0,0,0,0,0,0,0,0,0,CHEMBL2177199,CCOC(=O)[C@@H](CC)N1C(=O)CC[C@H](c2cccc(Cl)c2)[C@H]1c1ccc(Cl)cc1,3500.0,3.5440680443502757,CHEMBL1907611,Tumour suppressor p53/oncoprotein Mdm2,3,Large-Nonpolar-Aromatic-Rigid-Hydrophobic,Large-Nonpolar-Aromatic-Rigid-Hydrophobic
13.661407522885696,13.661407522885696,0.0655416456706141,-1.087064909297052,0.4493719455155936,17.375,421.4960000000001,398.3120000000002,421.167793596,158,0,0.2569215502882271,-0.5079548498376972,0.5079548498376972,0.2569215502882271,0.75,1.40625,2.15625,16.519995602691004,9.927759820585464,2.51583886955053,-2.3937592926474736,2.461521032180795,-2.4597863016917083,6.00014126293808,-0.1201048746992338,3.0759686168066516,1.6586581658167767,1239.78184785863,21.968044558434503,17.517442179714006,17.517442179714006,15.681507108787184,10.611163044793464,10.611163044793464,7.891100032128592,7.891100032128592,5.854690777947121,5.854690777947121,4.396464872158558,4.396464872158558,-3.889999999999999,35400904.47909587,20.03730318865555,8.327546237931331,3.446819262357558,186.88575779369629,9.843390348640757,5.749511833283905,5.724985593970254,0.0,5.907179729351506,0.0,9.6944469149223,0.0,0.0,0.0,90.99550602692418,29.32600418877882,23.235110881003564,6.606881964512918,14.637927532712576,5.907179729351506,0.0,4.899909730850477,0.0,18.876623964395748,0.0,137.011864690794,0.0,5.749511833283905,0.0,0.0,5.749511833283905,0.0,15.91361685504269,23.613486918195797,0.0,32.6117946425568,109.19460723230902,0.0,0.0,0.0,49.77,5.724985593970254,9.901064578912528,0.0,18.263573527148328,12.10820789760957,22.253805966787983,0.0,18.19910120538483,95.89541575777466,0.0,4.736862953800049,6.6934119897959174,0.0,15.472052836566723,9.912843963555057,3.118098597463678,0.1186261868409235,34.4632545651075,0.0,0.6383785273368607,0.0,0.1071428571428571,32,1,4,0,1,1,1,4,0,4,1,0,3,1,4,1,6,0,0,0,0,1,5.214424024593062,5,5.466100000000004,122.8753,0,0,0,0,0,0,0,1,0,0,1,1,0,0,0,1,0,0,0,0,0,0,0,0,0,0,0,1,0,0,0,0,0,0,4,0,1,0,0,0,0,1,0,0,0,0,0,0,0,0,0,0,0,0,0,0,0,0,0,0,0,0,0,0,0,1,1,0,0,0,0,0,0,0,0,0,0,0,0,0,0,0,0,0,0,CHEMBL214545,O=C1c2ccccc2C(OCc2cccc(O)c2)(c2ccccc2)N1Cc1ccccc1,58000.0,4.763427993562937,CHEMBL1907611,Tumour suppressor p53/oncoprotein Mdm2,3,Large-Nonpolar-Aromatic-Rigid-Hydrophobic,Large-Nonpolar-Aromatic-Rigid-Hydrophobic
14.151807287729907,14.151807287729907,0.0,-4.813704758465074,0.3224305156879627,19.272727272727273,643.028,613.796,642.183237788,236,0,0.4167980742778372,-0.4755442221612775,0.4755442221612775,0.4167980742778372,0.7954545454545454,1.4545454545454546,2.0681818181818183,35.45300218255132,9.892321612156808,2.491435956583998,-2.453968152382001,2.3602977507287948,-2.639423301338061,5.9644009725942935,-0.1527291976646435,3.001651521461788,4.417988130966531e-06,1447.6311473329756,30.82985187800029,23.274691861678537,24.091188442606256,20.371777137568124,13.634815960079075,13.634815960079075,10.482566222631249,10.482566222631249,7.671861920905343,7.671861920905343,5.511446209969316,5.511446209969316,-3.9999999999999982,2991437645.7438307,32.90427257977285,12.928374655647383,7.033802055164954,255.3602208029803,19.436592146351483,5.749511833283905,0.0,5.601050810983688,11.814359458703011,12.35259703488695,14.57305288909085,0.0,26.34249028604892,12.407033161179976,18.19910120538483,55.30621272508328,50.80485544747258,23.235110881003564,40.66842760799261,29.90877889456655,0.0,14.783797982648164,0.0,30.795291091722657,44.16844816632592,89.74771230293327,0.0,5.749511833283905,9.636772684650529,32.02987656073248,5.749511833283905,12.407033161179976,71.4677466878103,17.147134218958772,0.0,34.32653490501483,73.05735782784225,0.0,0.0,0.0,65.98,53.00311818557721,35.93156465419256,0.0,37.54294464622848,32.24539269211191,47.24645142260663,0.0,4.899909730850477,30.33183534230805,9.883888251797686,4.736862953800049,86.70031522347122,0.0,36.08109438573407,0.0,-3.4777637841438773,-1.4879757261314244,14.135860160083014,-7.307688063396759,1.2728244710504293,0.0,0.3666666666666666,44,0,7,0,2,2,2,2,1,3,1,0,5,0,14,3,5,0,2,2,0,1,9.66815372006474,5,5.943600000000005,151.6624999999997,0,0,0,0,0,1,0,0,0,0,2,2,0,0,0,4,0,0,0,0,1,0,0,0,0,6,0,2,0,1,0,0,0,0,2,0,0,0,0,0,0,1,0,0,7,0,0,0,0,0,0,0,0,0,0,0,0,0,0,0,0,0,0,0,1,0,0,0,0,1,1,0,0,1,0,0,0,0,0,0,0,0,0,0,0,CHEMBL3112790,Cl.O=C(c1cnccc1C(F)(F)F)N1CCCC(Oc2ccc(C(F)(F)F)cc2)(C(=O)N2CCN(c3ccccc3)CC2)C1,2800.0,3.447158031342219,CHEMBL1907611,Tumour suppressor p53/oncoprotein Mdm2,4,Large-Nonpolar-Aromatic-Rigid-Hydrophobic,Large-Nonpolar-Aromatic-Rigid-Hydrophobic
12.844162922370591,12.844162922370591,0.1190615464292708,-0.1190615464292708,0.5730747453737973,13.615384615384617,403.3340000000002,387.2060000000002,402.036039492,132,0,0.2546384123197442,-0.3898929126288601,0.3898929126288601,0.2546384123197442,0.9615384615384616,1.5,2.0384615384615383,35.49678499120259,9.973672408923536,2.2888210045659316,-2.0955332158037514,2.4498704644827054,-2.2570592998958765,7.199857092487956,0.0952746203233454,3.363937407422074,1.886068057182697,960.7263037469348,18.25878406613483,13.760141781215536,16.08849625418017,12.524877143252588,8.27691816891421,9.849343695860393,6.306958444398279,8.232028846665491,4.314418395352902,5.886358924936906,2.855925338888971,4.2005458743641615,-2.0099999999999993,1519100.3101932898,17.406137960061233,6.951629567181745,3.4503429752650354,165.2976995405216,11.050456081168516,0.0,0.0,0.0,5.907179729351506,0.0,4.794537184071822,0.0,0.0,11.336785877934735,47.46734805431147,48.23401450309245,26.527706142028908,10.564533468384862,4.794537184071822,45.44692736443914,0.0,5.316788604006331,0.0,18.88348407499998,5.733667477162185,64.13965466687253,0.0,21.56750166879229,11.050456081168516,5.001081976687867,0.0,34.538665658399765,11.949020558499466,0.0,0.0,23.19963192162084,48.53093654769288,10.045266627482652,21.56750166879229,0.0,55.120000000000005,0.0,4.794537184071822,0.0,11.949020558499466,20.609800095867513,34.4091449146443,11.336785877934735,0.0,48.53093654769288,5.316788604006331,28.935547257627213,0.0,13.482054722307248,13.79086297276112,4.871107481772767,9.53722045505445,-0.1190615464292708,15.278884075269056,2.0478207281535203,0.0,0.0,0.15,26,3,3,1,0,1,1,2,1,3,0,0,3,2,6,1,4,1,0,1,0,0,4.653885511292547,4,5.863300000000004,110.11160000000002,0,0,0,1,0,0,0,0,0,0,1,1,0,0,0,0,1,1,0,0,0,0,0,0,0,0,0,1,0,1,0,0,0,0,2,0,0,0,0,0,0,0,0,0,2,0,0,0,0,0,0,0,0,0,0,0,0,0,0,0,0,0,0,0,0,0,0,0,0,0,0,0,0,0,0,0,0,0,0,0,0,0,1,0,0,CHEMBL2385518,Nc1sc(-c2ccc(Cl)cc2)c(-c2ccc(Cl)cc2)c1C(=O)NC1CC1,240.0,2.380211241711606,CHEMBL394,HCT-116,0,Large-Nonpolar-Aromatic-Rigid-Hydrophobic,Large-Nonpolar-Aromatic-Rigid-Hydrophobic
13.700807000783852,13.700807000783852,0.0620978206097253,-0.193489036561127,0.5766214542002106,23.870967741935484,456.37700000000024,433.19300000000027,455.127965716,160,0,0.2262055025654693,-0.3345089377314156,0.3345089377314156,0.2262055025654693,1.032258064516129,1.8387096774193548,2.5161290322580645,35.496784904675074,9.744849484067675,2.444989010392206,-2.4493439798690373,2.473727382314736,-2.479209780676925,6.3043881110537985,-0.1432677105824445,3.4374927576542302,1.5657066936301225,1052.0934958566131,21.37166824125719,16.9167687546904,18.42862664672731,15.080520035918411,10.622471947841156,11.378400893859611,8.576552119523143,9.449423680467111,6.356810888220808,6.843884306348032,4.704275698628295,5.02899131071311,-2.439999999999999,22620682.341193244,20.461988542037684,8.595114424982016,4.456902516950036,190.48470366161112,4.899909730850477,5.824404497999927,0.0,5.907179729351506,0.0,0.0,4.794537184071822,5.098681808301038,0.0,5.098681808301038,47.46734805431147,70.99951236348959,34.84665674864402,6.041840829147961,4.794537184071822,29.10905950981654,0.0,25.52404353876229,11.835812092322788,37.64303336701339,6.544756405912575,75.52751065656945,0.0,0.0,0.0,0.0,0.0,23.20187978046503,37.97597967402637,11.21535880699783,11.835812092322788,48.1735192254813,48.53093654769288,10.045266627482652,0.0,0.0,74.77,0.0,4.794537184071822,0.0,23.784832650822256,34.62922041749599,17.671659389306566,12.84164324585202,0.0,42.46456947923127,31.590410607223895,23.20187978046503,0.0,12.526522282927637,15.788545096021949,15.566017071367972,2.2403697142437227,1.2951227974822546,15.81421059989482,3.5525984452422943,0.7721695483749058,0.0,0.391304347826087,31,1,6,1,1,2,1,2,1,3,3,0,4,1,8,2,6,1,1,2,0,0,5.673326867144673,5,4.832600000000005,118.81170000000002,0,0,0,0,0,4,1,0,0,0,1,1,0,0,0,4,1,0,0,0,1,1,0,0,0,0,0,1,0,0,0,0,0,0,2,0,0,0,0,0,0,0,0,0,2,0,0,0,0,0,0,0,0,0,0,0,0,0,0,0,0,0,0,0,0,0,0,0,0,1,0,0,0,0,0,0,0,0,0,1,0,0,0,0,0,CHEMBL3979952,O=C1[C@H](Cc2nnn[nH]2)C[C@H](c2cccc(Cl)c2)[C@@H](c2ccc(Cl)cc2)N1CC1CC1,160.0,2.204119982655925,CHEMBL1907611,Tumour suppressor p53/oncoprotein Mdm2,3,Large-Nonpolar-Aromatic-Rigid-Hydrophobic,Large-Nonpolar-Aromatic-Rigid-Hydrophobic
14.177949884316376,14.177949884316376,0.063487278141709,-0.3635864932392711,0.2505204816729132,14.864864864864863,535.4710000000002,507.2470000000003,534.147698116,190,0,0.2606316554723834,-0.496624016793762,0.496624016793762,0.2606316554723834,0.8378378378378378,1.5405405405405406,2.189189189189189,35.49678552385452,10.017024059778793,2.4347547911196217,-2.300418055701137,2.4801670164626586,-2.302221592866803,6.309132312139948,0.0993147287551196,3.404370518347394,1.7870898697399162,1491.699993153373,26.42999246245913,21.380654507875096,22.892512399912007,17.74362115826599,12.07449448535658,12.830423431375037,9.418508988269124,10.291380549213091,6.860000530778167,7.347073948905391,5.175947896982555,5.468279609693594,-3.4099999999999993,253969989.73851687,25.24841229077173,9.805945049401528,4.261919716894553,226.69050208996657,14.040825555391454,17.54086449571577,0.0,0.0,5.907179729351506,0.0,9.6944469149223,0.0,0.0,0.0,41.40098098584986,74.36268406169712,33.404312291472785,31.170902563948985,14.26826309167192,34.7964457845001,0.0,4.567099647791355,0.0,32.85489325736779,19.119504813405545,99.15958685049984,0.0,22.756403153113265,14.373635638450576,5.687386274683562,11.49902366656781,23.20187978046503,24.693874459697927,0.0,6.923737199690624,53.109975711688435,66.73003775307771,10.045266627482652,11.257379486545457,0.0,43.7,0.0,4.794537184071822,0.0,17.990861387647428,27.107741785747457,33.76559673947147,0.0,14.219595082555069,78.55368468361881,18.414574047172604,32.67560568806513,13.366301590812563,12.646320779076657,16.028179764848836,1.219365850214586,6.093478486075856,1.303166945334362,20.73259430098095,0.0,6.234071638954465,3.265409532590615,0.2333333333333333,37,0,5,0,1,1,1,3,1,4,1,0,4,0,7,2,6,0,0,0,0,1,6.691474148863289,5,8.118220000000006,149.65049999999974,0,0,0,0,0,1,0,0,0,0,1,1,0,0,0,2,0,0,0,0,0,0,0,0,0,0,0,1,0,1,1,0,0,0,3,0,1,0,0,0,0,2,0,0,2,0,0,0,0,0,0,0,0,0,0,2,0,0,0,0,0,0,0,0,0,0,0,0,0,0,0,0,0,0,0,0,0,0,0,0,0,0,0,0,0,CHEMBL3931214,COc1ccc(-c2cc3c(n2C(C)C)C(c2ccc(Cl)cc2)N(c2cc(Cl)ccc2C)C3=O)c(OC)c1,0.444,-0.3526170298853802,CHEMBL1907611,Tumour suppressor p53/oncoprotein Mdm2,3,Large-Nonpolar-Aromatic-Rigid-Hydrophobic,Large-Nonpolar-Aromatic-Rigid-Hydrophobic
13.995022325802749,13.995022325802749,0.2816482601270964,-1.1063644809775772,0.3149887580108327,16.484848484848484,519.8370000000001,502.70100000000025,518.002546444,168,0,0.3328262750880481,-0.4672206082806511,0.4672206082806511,0.3328262750880481,0.9696969696969696,1.5454545454545454,2.1515151515151514,35.49787895058698,9.977225180321918,2.424203583542781,-2.356750039929396,2.392341285857627,-2.437626627624659,7.802965691538411,-0.1463276832039916,2.9024890652903568,1.9651360757063117,1185.2067830635829,23.697941654890258,17.21965367584823,20.303937094831323,15.794932753282252,9.817164978333407,11.359306687824953,7.322914249678357,9.072047996721755,5.3050214766735,6.369393668292876,3.7764915078738546,4.560172901675512,-2.639999999999999,25092180.50882279,23.515909804530477,9.692107048010318,4.703099092300733,210.74427727573115,14.953561288656855,11.030342930886151,6.041840829147961,0.0,5.907179729351506,5.969305287951848,4.794537184071822,4.794537184071822,0.0,0.0,71.2861613875907,53.59147246262526,15.067899941223978,18.36063530765809,14.325937321943693,69.57306650746935,0.0,4.899909730850477,0.0,12.08368165829592,12.426586145283864,98.4882921693927,0.0,0.0,5.316788604006331,5.687386274683562,0.0,47.02069311374424,28.874694391169555,9.53140013787187,0.0,33.56857331745873,66.73003775307771,15.067899941223978,0.0,0.0,58.64,23.960166675599275,9.589074368143644,0.0,5.563451491696996,36.87069130103972,0.0,12.009707272128011,66.73003775307771,0.0,5.316788604006331,51.75755606754429,5.1129871696621025,24.0911045929357,28.846925635480524,4.548145153390915,1.9709507712550052,-1.0666073703143786,16.559755570012754,0.0,0.0,1.270071810910706,0.125,33,1,5,0,1,1,1,3,0,3,2,0,4,1,9,1,4,0,0,0,0,2,6.906627732026204,4,6.497500000000004,134.24419999999992,0,0,0,0,0,0,0,0,0,0,2,2,1,0,0,1,1,0,0,0,0,0,0,0,0,0,0,1,0,1,0,0,0,0,3,0,1,0,0,0,1,1,0,0,3,0,0,0,0,0,0,0,0,0,0,1,0,0,0,0,0,0,0,0,0,0,0,0,0,0,0,0,0,0,0,0,0,0,0,0,0,0,0,0,0,CHEMBL2089151,COC(=O)C(c1ccc(Cl)cc1)N1C(=O)c2cc(Cl)ccc2NC(=S)C1c1ccc(Cl)cc1,3500.0,3.5440680443502757,CHEMBL615023,U2OS,3,Large-Nonpolar-Aromatic-Rigid-Hydrophobic,Large-Nonpolar-Aromatic-Rigid-Hydrophobic
9.290657523218366,9.290657523218366,0.2329205640589573,-0.3162561675904936,0.3670058329429621,18.636363636363637,496.36800000000017,478.2240000000003,495.0694722960002,160,0,0.2285036246871842,-0.4804418227307899,0.4804418227307899,0.2285036246871842,0.9696969696969696,1.696969696969697,2.4545454545454546,79.91873132791068,9.838094894766158,2.4247187304526228,-2.4181428912220024,2.518193580539556,-2.3655544353924047,9.102999873334449,0.2216558524072497,3.3442098172677737,1.6432383818621954,1432.7961185717377,22.52636877963644,17.68253477881727,19.26853131793197,16.152198343190417,10.54343811328411,11.336436382841462,8.049524567454082,8.965200096245768,6.199907555012353,6.7285730680505855,4.726315845145335,4.990648601664453,-3.89,78257238.5992768,19.76971724260096,7.608126665537572,3.0620467725248472,199.0514607095537,9.636772684650529,24.222639124944713,0.0,5.948339280986494,0.0,0.0,0.0,4.681802935145184,15.344551883986732,0.0,52.328146308719006,47.52510539416365,22.656947520275864,17.329712117545103,4.736862953800049,27.57532249199168,5.261891554738487,14.764463264393427,0.0,12.145807216896262,11.947581713527669,111.42335490899356,0.0,11.81873314607618,9.636772684650529,5.948339280986494,5.749511833283905,15.929943897949348,21.812135247070614,0.0,11.33111286753076,34.399613183684245,89.16954894220557,0.0,5.697039313055833,0.0,66.97,0.0,5.261891554738487,0.0,12.145807216896262,5.563451491696996,44.1310689483189,0.0,6.3273200747645415,66.32677853397686,55.18083647622517,4.736862953800049,9.597629398269278,3.542235650074669,6.657781188768743,13.88912656978761,5.869226983359154,1.594380924552507,25.97746509993727,1.2693889912229552,0.0,2.0194318606944868,0.1153846153846153,33,0,6,0,2,2,0,3,1,4,2,0,6,0,7,3,2,0,0,0,0,2,4.557894331017282,6,5.4964800000000045,128.594,0,0,0,0,0,3,0,0,0,0,0,0,0,0,0,5,0,0,0,0,0,0,0,0,0,0,0,0,0,1,0,0,0,0,3,0,3,0,0,0,0,1,0,0,1,0,0,0,0,0,0,0,0,0,0,0,0,1,0,0,0,0,0,0,1,0,0,0,0,0,0,0,0,0,0,0,0,0,0,0,0,0,0,0,0,CHEMBL568499,CN1C2=C(C(c3ccc(Br)cc3)Oc3ccccc32)C(c2ccc(C#N)cc2)n2ncnc21,5840.0,3.7664128471124,CHEMBL1907611,Tumour suppressor p53/oncoprotein Mdm2,3,Large-Nonpolar-Aromatic-Rigid-Hydrophobic,Large-Nonpolar-Aromatic-Rigid-Hydrophobic
13.03960170397209,13.03960170397209,0.1296130952380949,-4.551477714631731,0.3781441869172937,11.821428571428571,403.3850000000001,391.2890000000001,403.060232284,142,0,0.4179032695240384,-0.4514886785666655,0.4514886785666655,0.4179032695240384,1.0714285714285714,1.8214285714285712,2.642857142857143,32.166546248424126,10.146938999456388,2.330925934004348,-2.1280583586326314,2.3508896582984495,-2.1768469697716677,7.9965564165245855,-0.1365042102578166,3.051497224849411,1.534353535973534,1173.9809119258969,19.725403871315223,14.156324685312368,14.972821266240096,13.431671556017465,8.143983729003185,9.129582288656673,5.834968261920641,6.799016862177252,3.971878596359896,4.942646534611696,2.7649830243667792,3.4960763123586487,-3.0699999999999985,2885450.0033592302,18.30062004404905,7.156506717469275,3.5252642713943887,160.51137847598685,9.733939541059678,22.45300091269229,5.583020141642242,5.907179729351506,0.0,6.176298517443475,4.794537184071822,9.967957041894415,13.17124514302446,0.0,36.027353223237554,24.26546827384644,5.386224214464796,17.003691373127346,22.382933264149628,45.42541616879173,0.0,9.967957041894415,0.0,11.202258496112716,11.06964221075312,60.42170811415441,0.0,0.0,5.316788604006331,18.858631417708025,0.0,11.761884949391115,21.62799037799271,10.970835701515297,0.0,5.563451491696996,64.30136753818,0.0,22.068965215365544,0.0,68.02,17.646929738491977,17.96578232709628,0.0,11.440239881430353,21.70870097956999,23.21447623231752,24.52642128014937,6.06636706846161,18.19910120538483,15.284745645900744,4.417150937053347,44.89044628377885,1.067697467876039,20.55567724091218,3.577412407960072,0.5312548316949484,-0.708711839674141,12.18979965761736,-3.1869093834986453,0.0,0.0,0.1052631578947368,28,1,5,0,0,0,1,2,2,4,0,0,5,1,9,2,4,0,0,0,0,0,4.6774467956817825,4,5.125600000000002,100.1077,0,0,0,0,0,2,0,0,0,0,1,1,0,0,0,2,1,0,0,0,0,0,0,0,0,3,0,1,0,1,0,0,0,0,2,0,3,0,0,0,0,0,1,0,3,0,0,0,0,0,0,0,0,0,0,0,0,0,0,0,0,0,0,0,2,0,0,0,0,0,0,0,0,0,0,1,0,0,0,0,0,0,0,0,0,CHEMBL1306166,O=C(CSc1ncnc2c1oc1ccccc12)Nc1ccccc1C(F)(F)F,1108.0,3.044539760392411,CHEMBL2096976,Peroxisome proliferator-activated receptor gamma/Nuclear receptor corepressor 2,0,Large-Nonpolar-Aromatic-Rigid-Hydrophobic,Large-Nonpolar-Aromatic-Rigid-Hydrophobic
14.106215575221857,14.106215575221857,0.0660071806500381,-0.2743653749490276,0.438736214850386,22.085714285714285,493.0470000000003,459.7830000000003,492.217970596,184,0,0.2563892843477133,-0.4960551334016313,0.4960551334016313,0.2563892843477133,1.0285714285714285,1.7428571428571429,2.4,35.49569213943514,9.895837600416591,2.4595596830703492,-2.382924508353593,2.479656591130128,-2.420183135878163,6.302082203683924,0.0457132316511539,3.351360874340621,1.729978326304441,1256.807963087695,24.852642193269507,20.792732195458523,21.548661141476977,16.81176950568786,12.466873149187087,12.844837622196316,10.070744045317628,10.507179825789612,7.563554166076558,7.798651268864297,5.954348843427584,6.181006339939451,-2.76,102702092.0471939,23.95745634938039,9.361970300357443,4.046932235238104,211.8297095981638,19.310399727282583,5.749511833283905,0.0,0.0,5.907179729351506,0.0,4.794537184071822,0.0,0.0,0.0,29.800041095617345,87.91323641647796,22.669766463734245,36.206912239567714,14.637927532712578,17.508119619584022,0.0,9.467009378641832,0.0,70.6839869659681,7.109797541277533,75.93785233137366,0.0,17.00689131982936,4.736862953800049,0.0,5.749511833283905,11.600939890232516,39.73632126100784,0.0,6.923737199690624,78.79326220339249,48.53093654769288,5.022633313741326,11.257379486545457,0.0,54.7,0.0,9.901064578912528,0.0,30.136668604543686,5.022633313741326,65.07446028147285,0.0,7.109797541277533,36.39820241076966,42.37095511463692,16.337802844032566,7.992215204070327,6.325478869872947,16.187237636824275,10.813188116989942,5.918535986525857,0.8533869739100626,15.997959336365188,2.787130219147877,6.389317131147939,1.6799949695900271,0.4137931034482758,35,1,5,1,1,2,1,2,1,3,1,0,4,1,6,2,5,1,0,1,0,1,6.408256994714544,5,6.555120000000008,139.26929999999996,0,1,1,0,0,1,0,0,0,0,1,1,0,0,0,2,0,0,0,0,0,0,0,0,0,0,0,1,0,0,1,0,0,0,2,0,1,0,0,0,0,1,0,0,1,0,0,0,0,0,0,0,0,0,0,1,0,0,0,0,0,0,0,0,1,0,0,0,0,0,0,0,0,0,0,0,0,0,0,0,0,0,0,0,0,CHEMBL3931174,COc1ccccc1-c1cc2c(n1C(C)C)C(c1ccc(Cl)cc1C)N([C@H]1CC[C@H](O)CC1)C2=O,27.0,1.4313637641589874,CHEMBL1907611,Tumour suppressor p53/oncoprotein Mdm2,3,Large-Nonpolar-Aromatic-Rigid-Hydrophobic,Large-Nonpolar-Aromatic-Rigid-Hydrophobic
14.14631241951513,14.14631241951513,0.0782192897735221,-0.3863051146384479,0.27126668664775,15.055555555555555,520.4600000000002,493.2440000000003,519.1480324639999,184,0,0.2795351970815014,-0.4944945720452915,0.4944945720452915,0.2795351970815014,0.9166666666666666,1.6111111111111112,2.3055555555555554,35.496785414124815,9.9139547115857,2.4549379186090508,-2.2984006218035247,2.4745280954912174,-2.308679579085446,6.3092543573809285,0.0987747645691864,3.359634708261258,1.8299014358009125,1492.1202426861107,25.722885681272587,20.842269543721567,22.35412743575848,17.222453108210814,11.8448378872125,12.600766833230953,9.395284961061025,10.268156522004997,6.729656431590507,7.1998506371659845,5.106172481771529,5.499173533324691,-3.279999999999999,148372636.1425874,24.41598824763505,9.304716748792972,3.871331686241011,220.76505840981093,4.736862953800049,11.436898107967467,5.693927994848461,0.0,5.907179729351506,0.0,9.6944469149223,4.681802935145184,5.098681808301038,0.0,61.31482245369273,72.85393733140329,21.29610439386321,18.845566365273957,9.53140013787187,34.7964457845001,0.0,9.78048474344622,0.0,39.654695674071846,12.009707272128011,104.35059926858366,0.0,11.436898107967467,9.636772684650529,5.687386274683562,5.749511833283905,23.20187978046503,22.797462014075258,0.0,13.847474399381248,64.24342041524733,60.6636706846161,10.045266627482652,5.687386274683562,0.0,47.36,0.0,4.794537184071822,0.0,17.866926604660858,21.48870645561502,39.32250651100357,0.0,7.109797541277533,84.09285774999302,13.847474399381248,33.03742454256612,7.507268714091255,12.728139492365658,15.973260407043474,6.133863483520471,6.799010764540318,0.6060455107373699,18.76117939316699,0.0,8.241479002154206,1.638642121269147,0.2413793103448276,36,0,5,0,1,1,1,3,1,4,1,0,4,0,7,2,5,0,0,0,0,0,6.310662632947283,5,7.677740000000007,145.2354999999998,0,0,0,0,0,2,0,0,0,0,1,1,0,0,0,3,0,0,0,0,0,0,0,0,0,0,0,1,0,1,2,0,0,0,3,0,1,0,0,0,0,1,0,0,2,0,0,0,0,0,0,0,0,0,0,1,0,0,0,0,0,0,0,0,2,0,0,0,0,0,0,0,0,0,0,0,0,0,0,0,0,0,0,0,0,CHEMBL3691737,COc1ccccc1-n1nc2c(c1C(C)C)[C@H](c1ccc(Cl)cc1C)N(c1cc(Cl)ccc1C)C2=O,0.13,-0.8860566476931632,CHEMBL5023,p53-binding protein Mdm-2,3,Large-Nonpolar-Aromatic-Rigid-Hydrophobic,Large-Nonpolar-Aromatic-Rigid-Hydrophobic
13.367682018280563,13.367682018280563,0.0012785283866636,-0.329097379692618,0.4268864766694539,15.548387096774194,456.3690000000002,433.1850000000002,455.105498956,160,0,0.2317660871745138,-0.4899800987957518,0.4899800987957518,0.2317660871745138,0.8709677419354839,1.4193548387096775,2.0,35.49678489395849,9.865262449929094,2.3555980352964165,-2.3787263507832996,2.433183042950404,-2.4065526653610476,6.304941863605527,-0.1183008274649131,2.7544197984186156,1.9116256550881563,1081.1712858022356,21.957454678884098,17.40006071755553,18.91191860959244,15.011570350697118,10.269205224362125,11.02513417038058,7.234804275428158,8.107675836372128,5.258937468142664,5.762890098821635,3.9616315057228566,4.21360782106234,-2.689999999999999,11077571.297771277,21.538583311036103,9.20821120459021,4.364769997605633,191.84933386189627,14.373635638450576,0.0,11.49902366656781,5.907179729351506,0.0,0.0,4.794537184071822,0.0,0.0,0.0,35.33461391738825,79.06876542216513,15.732652902166215,25.676426381099805,14.26826309167192,34.7964457845001,0.0,0.0,0.0,26.31013685145522,18.113673659876312,87.39929178718975,0.0,11.49902366656781,14.373635638450576,5.687386274683562,11.49902366656781,23.20187978046503,19.120943658377342,11.21535880699783,0.0,36.5796697036202,60.6636706846161,10.045266627482652,0.0,0.0,38.77,0.0,4.794537184071822,0.0,18.369842181425476,34.7580542230763,22.37774074977455,0.0,12.13273413692322,67.2783206779246,0.0,32.67560568806513,11.665676817303805,12.233539001284644,15.185119738739118,1.2661955240950211,3.6786528495142927,1.3329152724969526,18.515228696034075,0.2723499919515129,4.905877664136142,0.0,0.24,31,0,4,0,1,1,1,3,0,3,1,0,3,0,6,1,6,0,0,0,0,1,6.397800779860722,4,6.469500000000005,124.717,0,0,0,0,0,0,0,0,0,0,1,1,0,0,0,1,0,0,0,0,0,0,0,0,0,0,0,1,0,1,0,0,0,0,3,0,1,0,0,0,0,2,0,0,2,0,0,0,0,0,0,0,0,0,0,0,0,0,0,0,0,0,0,0,0,0,0,0,0,0,0,0,0,0,0,0,0,0,0,0,0,0,0,0,0,CHEMBL3604659,CCOc1cc2c(cc1OCC)C(c1ccc(Cl)cc1)N(c1ccc(Cl)cc1)C(=O)C2,1000.0,3.0,CHEMBL1907611,Tumour suppressor p53/oncoprotein Mdm2,3,Large-Nonpolar-Aromatic-Rigid-Hydrophobic,Large-Nonpolar-Aromatic-Rigid-Hydrophobic
14.152720677262677,14.152720677262677,0.0180344895159714,-0.4253485869656503,0.2817466047684063,14.972972972972974,536.4590000000002,509.2430000000002,535.142947084,190,0,0.2606316556087503,-0.494507404228749,0.494507404228749,0.2606316556087503,0.918918918918919,1.5945945945945943,2.243243243243243,35.49678552987703,10.0172132470309,2.4352804275651643,-2.3001860298529304,2.47521952517188,-2.302899396463451,6.309119385315872,0.0993150656762634,3.376193992367705,1.8199639461214063,1585.4226705894894,26.59312916927566,21.25051783418543,22.762375726222334,17.616299958328167,11.973257009961667,12.729185955980125,9.55692482787484,10.429796388818811,6.863021733554224,7.350095151681448,5.134118034643906,5.426449747354946,-3.479999999999998,216238715.90913424,25.181374061765503,9.43440074118061,4.141753148733639,225.16809842804523,13.87106224938276,11.791352662431866,0.0,0.0,11.466446624403511,0.0,14.48898409899412,0.0,0.0,0.0,41.40098098584986,62.229949924773905,46.64882784576304,24.061105022671452,9.53140013787187,34.7964457845001,0.0,9.13419929558271,7.04767198267719,32.85489325736779,12.009707272128011,103.57750036431352,0.0,17.00689131982936,15.196039579702532,5.687386274683562,5.749511833283905,23.20187978046503,22.15117656621175,7.04767198267719,6.923737199690624,53.109975711688435,65.58868437183939,10.045266627482652,11.257379486545457,0.0,56.47,6.041840829147961,9.589074368143644,0.0,17.50828745355147,26.92168144416055,28.202145247774475,4.567099647791355,31.320589894879888,55.45467374738351,18.414574047172604,27.938742734265084,9.24905786371907,12.609358291692924,28.581500642285945,1.1673246282183185,5.251873108403142,0.4184946827930238,16.09507202495471,1.6672398215994897,6.092640975046278,3.256326850175987,0.2413793103448276,37,0,6,0,1,1,1,2,2,4,1,0,5,0,8,3,5,0,0,0,0,1,6.420842543574774,5,6.808320000000006,148.33949999999976,0,0,0,0,0,2,0,0,0,0,1,1,0,0,0,3,0,0,0,0,0,0,0,0,0,0,0,1,0,1,2,0,0,0,2,0,1,0,0,0,0,1,0,0,2,0,0,0,0,0,0,0,0,0,0,1,0,0,0,0,0,0,0,0,0,0,0,0,0,0,0,0,0,1,0,0,0,0,0,0,0,0,0,0,0,CHEMBL3940794,COc1cn(C)c(=O)cc1-c1cc2c(n1C(C)C)C(c1ccc(Cl)cc1)N(c1cc(Cl)ccc1C)C2=O,0.11,-0.958607314841775,CHEMBL1907611,Tumour suppressor p53/oncoprotein Mdm2,3,Large-Nonpolar-Aromatic-Rigid-Hydrophobic,Large-Nonpolar-Aromatic-Rigid-Hydrophobic
13.29390642059293,13.29390642059293,0.016575478185101,-0.5567221618585709,0.38917028931212,21.225806451612904,545.2710000000001,522.0870000000003,543.004467796,160,0,0.2519411086161451,-0.4967682187317417,0.4967682187317417,0.2519411086161451,0.8709677419354839,1.4193548387096775,1.967741935483871,79.91976188637175,9.909522011487956,2.417720905492193,-2.429000659261578,2.417809116308544,-2.4918448309925174,9.104487310241488,-0.1707071506859233,2.786094533502083,1.671156260131048,1035.8720740865033,21.957454678884098,17.29524823194094,20.467241310170348,14.956728795830726,10.020146891037747,11.606143430152454,7.594606664798407,9.425957722381783,5.62818003613076,6.685511062207232,3.959690342656576,4.48835585569481,-2.1499999999999995,11561088.72119517,22.0585694077172,9.550697713967004,4.864821238699778,198.97789661941565,14.373635638450576,17.957444608780513,0.0,0.0,5.907179729351506,0.0,4.794537184071822,0.0,0.0,0.0,68.25809020666836,53.08855688586065,22.413932637268022,13.151638370425497,14.26826309167192,37.767067525250205,0.0,4.899909730850477,0.0,24.670595227570576,14.157469523954724,98.43219832829516,0.0,5.749511833283905,4.736862953800049,0.0,5.749511833283905,31.859887795898697,31.068525371905007,15.95222176079788,0.0,28.83616169198725,81.74184385320416,0.0,0.0,0.0,38.77,6.103966387748303,4.794537184071822,0.0,18.052986946247767,6.4208216229260096,31.38530534003972,0.0,7.109797541277533,72.61125239814378,43.99262193282192,9.473725907600098,13.748589895164658,7.001291601919971,15.120929639602757,0.0,3.1057997246827527,0.77490465663919,23.735050426845365,-0.3270967576845561,0.0,3.50719747949653,0.24,31,0,4,0,1,1,1,3,0,3,3,0,3,0,6,1,5,0,1,1,0,0,6.795958981150554,4,6.102500000000005,128.10700000000003,0,0,0,0,0,0,0,0,0,0,1,1,0,0,0,1,0,0,0,1,0,0,0,0,0,0,0,1,0,0,0,0,0,0,3,0,0,0,0,0,0,2,0,0,2,0,0,0,0,0,0,0,0,0,0,1,1,0,0,0,0,0,0,0,0,0,0,0,0,0,0,0,0,0,0,0,0,0,0,0,0,0,0,0,0,CHEMBL2347381,COc1ccc(C[C@@H]2O[C@@H](c3ccc(Br)cc3)[C@@H](c3ccc(Br)cc3)N(C)C2=O)cc1,1900.0,3.278753600952829,CHEMBL5023,p53-binding protein Mdm-2,3,Large-Nonpolar-Aromatic-Rigid-Hydrophobic,Large-Nonpolar-Aromatic-Rigid-Hydrophobic
13.43702081238066,13.43702081238066,0.062760910948741,-0.6104810983035189,0.6118968496169895,24.11764705882353,515.466,491.2740000000003,514.0997023680001,176,0,0.2639214766210657,-0.3368992600256475,0.3368992600256475,0.2639214766210657,1.1176470588235294,1.7352941176470589,2.2941176470588234,35.49678588907309,9.808275363353298,2.530898726143923,-2.3680436911139133,2.5584842554071954,-2.3645445583627045,8.17776513542863,-0.127264398407087,3.4608507831640445,1.6354160488670233,1226.4816837500416,24.19794165489025,19.01003085817927,21.33838533114391,16.18539629854527,11.073716597909762,12.646142124855944,9.10517801413957,10.95557038244944,6.4544354755908016,8.016828527876902,4.820572055585882,6.447536177940775,-2.479999999999999,58911432.63520633,23.27069495170846,8.628162595819248,3.797192835078884,212.54318700903593,15.116608065707286,16.988818172185965,5.1676517695780495,5.907179729351506,5.907179729351506,0.0,9.589074368143644,4.992404732635668,0.0,0.0,61.31482245369272,59.99589945248356,15.742305940538486,12.710532018047104,9.589074368143644,51.94577595813721,0.0,15.116608065707286,10.91031077879706,32.35197768060318,13.213447594811718,80.3052819855154,0.0,0.0,5.316788604006331,0.0,0.0,34.963764729856145,39.99527828479373,15.127999620526989,5.917906046161393,37.93995541161382,64.12551710727443,10.045266627482652,0.0,0.0,65.01,5.538925252383345,9.589074368143644,0.0,36.98755392882408,14.9504031413727,21.991594066027872,11.761884949391115,4.899909730850477,48.53093654769288,30.98790993392868,28.194284513100698,0.0,13.776031154600314,34.74747255786482,4.822825169148777,2.390885290827722,-0.226645429286977,15.389076040643513,0.0,6.572577438424057,0.0,0.32,34,1,6,0,3,3,2,2,0,2,2,0,5,1,9,3,4,0,1,1,0,2,5.905392345913257,5,5.151800000000006,136.4486999999999,0,0,0,0,0,0,0,0,0,0,2,2,0,0,1,3,1,0,0,0,0,0,0,0,0,0,1,2,1,0,0,0,0,0,2,0,1,0,0,0,0,0,0,0,2,0,0,0,0,0,0,0,0,0,0,0,0,0,0,0,0,0,0,0,0,0,0,0,0,0,0,0,0,0,0,1,0,0,0,0,0,0,0,0,0,CHEMBL2315841,CC(C)C1=C(C(=O)N2CNC(=O)C2)SC2=NC(C)(c3ccc(Cl)cc3)C(c3ccc(Cl)cc3)N21,940.0,2.9731278535996988,CHEMBL1907611,Tumour suppressor p53/oncoprotein Mdm2,3,Large-Nonpolar-Aromatic-Rigid-Hydrophobic,Large-Nonpolar-Aromatic-Rigid-Hydrophobic
15.20063890988494,15.20063890988494,0.0350746934576302,-1.0904089506172832,0.7479487795762936,31.344827586206897,434.3420000000002,412.16600000000017,433.112395904,152,0,0.2498298032325512,-0.3257263155958545,0.3257263155958545,0.2498298032325512,1.2758620689655171,2.0344827586206895,2.7586206896551726,35.4967850029012,9.734538362182748,2.6544576803486355,-2.3898135836554992,2.5755095582126653,-2.5186766237586933,6.3105114175433705,-0.127434981455349,3.421562498386089,1.7739781284602785,1011.5470518178008,20.499271042140983,15.961528609637032,17.47338650167394,13.8511149724167,9.93060052559947,10.686529471617924,8.444818304597364,9.288454211809954,6.791629835818556,7.318634785956916,5.232646435249789,5.586597701065985,-1.6599999999999997,6535074.881917481,19.3122140885176,6.674251523490088,2.677642589935721,178.70360151649686,11.050456081168516,11.356146093429238,0.0,5.907179729351506,0.0,0.0,9.6944469149223,4.39041504767482,0.0,0.0,41.40098098584986,49.44583918878587,40.819815190491774,5.022633313741326,9.184952231746642,34.7964457845001,0.0,4.899909730850477,11.651573523323576,43.305893402383305,11.861545009918906,63.387592862692195,0.0,0.0,11.050456081168516,10.077801322358384,0.0,23.20187978046503,29.43552752441048,10.333462436455168,11.735126887207286,36.81018947509803,36.39820241076966,10.045266627482652,0.0,0.0,58.36000000000001,23.315892968738595,4.794537184071822,4.39041504767482,16.971653872240793,22.19137712628328,24.94985114346159,6.06636706846161,24.26546827384644,12.990104268152232,10.216698334856808,28.935547257627213,15.20063890988494,12.298753424944952,15.833009731670446,3.5662485827664403,7.464844874163659,-0.7265941777945741,9.7786460652009,2.2774306080456874,2.779244203339772,0.0,0.4090909090909091,29,3,4,1,2,3,1,2,0,2,4,0,3,2,7,2,3,1,1,2,1,0,4.444640493181218,5,4.505100000000003,112.77810000000002,0,0,0,0,0,0,0,0,0,0,1,1,0,0,0,1,1,1,0,0,1,0,0,0,0,0,0,1,0,1,0,0,0,0,2,0,2,0,0,0,0,0,0,0,3,0,0,0,0,0,0,0,0,0,0,0,0,0,0,0,0,0,0,0,0,0,0,0,0,0,0,0,0,0,0,0,0,0,0,0,0,0,0,0,0,CHEMBL4783915,C[C@H]1[C@@H](N)[C@H](c2cccc(Cl)c2F)[C@]2(C(=O)Nc3cc(Cl)ccc32)N1CC1CC1,157.0,2.1958996524092336,CHEMBL1907611,Tumour suppressor p53/oncoprotein Mdm2,3,Large-Nonpolar-Aromatic-Rigid-Hydrophobic,Large-Nonpolar-Aromatic-Rigid-Hydrophobic
15.791507378215998,15.791507378215998,0.0521003101041979,-1.24046984448432,0.4752044876518111,24.974358974358974,574.5240000000001,540.2520000000001,573.196125528,208,0,0.2471147127006345,-0.3787927180120614,0.3787927180120614,0.2471147127006345,1.205128205128205,1.948717948717949,2.6666666666666665,35.496786061446,9.608090546272685,2.6248047479010235,-2.3878951244608446,2.6121913605682585,-2.4607355798437394,6.311457073497237,-0.1225167596608717,3.3486668371500574,1.6063317545779072,1319.0161772805145,27.94901851044682,22.451751776931705,23.963609668968612,18.5187296318786,13.375343452744534,14.131272398762988,11.79230452115872,12.63594042837131,7.987401044990138,8.514405995128499,6.3842081350574675,6.7381594008736645,-2.449999999999999,498012338.97555226,28.092143249189252,10.846286711637886,5.220503042888769,238.4185742156314,15.37044016181271,5.817220841045894,0.0,11.814359458703011,0.0,0.0,14.48898409899412,4.39041504767482,0.0,0.0,68.24821269175563,47.079722327263,48.380055788305846,23.651387712163935,18.716352369618512,40.703625513851605,0.0,10.216698334856808,11.332896515558172,38.52492973755605,44.70957815668247,75.03671749959534,0.0,0.0,10.633577208012662,10.077801322358384,0.0,23.20187978046503,56.10705874222962,19.74092779134047,17.150117356604067,44.23684225155326,48.04732704767281,10.045266627482652,0.0,0.0,70.67,17.150117356604063,9.589074368143644,4.39041504767482,33.7333407796995,54.57067397396814,13.08951281182515,6.06636706846161,24.26546827384644,12.142387175295491,36.30469853793501,27.938742734265084,21.20445747412084,12.546911076283044,30.229799749486645,6.479593088598286,0.4858678823266553,-2.4544122715363392,10.042414964359631,2.4953822593852353,10.358874665864892,0.0,0.4666666666666667,39,2,6,1,2,3,2,2,0,2,3,0,4,2,9,2,6,0,1,1,1,0,7.812703590387419,5,5.547000000000005,151.82439999999977,0,0,0,0,0,0,0,0,0,0,2,2,0,0,0,1,2,0,0,0,0,0,0,0,0,0,1,2,0,1,0,0,0,0,2,0,2,0,0,0,0,1,0,0,3,0,0,0,0,0,0,0,0,0,0,0,1,0,0,0,0,0,0,0,0,0,0,0,0,0,0,0,0,0,0,0,0,0,0,0,0,0,0,0,0,CHEMBL4210216,CC(C)(C)C[C@H]1C=C(C(=O)NCCN2CCOCC2)[C@H](c2cccc(Cl)c2F)[C@]12C(=O)Nc1cc(Cl)ccc12,738.8,2.868526886768204,CHEMBL1907611,Tumour suppressor p53/oncoprotein Mdm2,3,Large-Nonpolar-Aromatic-Rigid-Hydrophobic,Large-Nonpolar-Aromatic-Rigid-Hydrophobic
12.403937987432826,12.403937987432826,0.3161484238659844,-0.4921917831513791,0.3785202421781057,10.344827586206897,469.1550000000002,456.05100000000016,466.976187376,148,0,0.3231812304407312,-0.3219189985666639,0.3231812304407312,0.3219189985666639,0.5862068965517241,1.0689655172413792,1.6551724137931034,35.49902151283932,10.169967350675538,2.0979753864868744,-2.1061209446217446,2.2346491574801917,-2.193099184970164,6.354622255683062,0.1022053483801539,2.596681826237854,1.6692869432304749,1048.5715051655038,20.965890847321376,14.601857164860895,17.625572948934714,13.778897338676078,8.199646056665992,9.711503948702902,5.930300117265474,7.676043239153413,3.6234765034686225,4.49634806441259,2.482337416794458,3.5344223772463472,-2.439999999999999,2275807.256287816,21.273226467057416,9.371771296523232,6.272313108456337,186.4611714188566,15.950365812018994,0.0,0.0,0.0,5.907179729351506,6.031114512338072,4.794537184071822,4.794537184071822,0.0,0.0,52.47012662939167,54.59730361615449,42.71614357071298,0.0,9.589074368143644,75.40421262667033,0.0,0.0,0.0,0.0,15.950365812018994,86.31765543127841,0.0,0.0,15.950365812018994,21.85669600812251,0.0,46.40375956093006,11.938294241689578,0.0,0.0,10.357988675768818,60.6636706846161,20.090533254965305,0.0,0.0,70.23,6.031114512338072,9.589074368143644,0.0,5.907179729351506,42.71614357071298,0.0,18.19910120538483,42.46456947923127,0.0,15.950365812018994,46.40375956093006,0.0,23.700802757529058,24.613280424029952,9.551901636461244,1.7138723302912484,-0.3846566358024692,15.415910598602077,0.0,0.0,0.0,0.0,29,3,5,0,0,0,3,3,0,3,0,0,2,3,9,0,4,0,0,0,0,0,6.874752178910588,3,7.196500000000002,119.9606,0,0,0,0,0,0,0,0,0,0,2,2,0,0,0,0,3,0,0,0,0,0,0,0,0,0,0,3,0,3,0,0,0,0,3,0,0,0,0,0,0,0,0,0,4,0,0,0,0,0,0,0,0,0,0,0,0,0,0,0,0,0,0,0,0,0,0,0,0,0,0,0,0,0,0,0,0,0,0,0,0,0,0,0,1,CHEMBL276409,O=C(Nc1cc(Cl)cc(Cl)c1)Nc1cccc(NC(=O)c2cc(Cl)cc(Cl)c2)c1,690.0,2.838849090737255,CHEMBL2780,Cyclophilin A,0,Large-Nonpolar-Aromatic-Rigid-Hydrophobic,Large-Nonpolar-Aromatic-Rigid-Hydrophobic
14.301208926761024,14.301208926761024,0.0141935241174664,-0.4253074347022758,0.2353406860981908,14.575,576.5240000000001,545.2760000000003,575.1742472120001,206,0,0.2606316554836315,-0.4960543242516654,0.4960543242516654,0.2606316554836315,0.925,1.6,2.225,35.49678583655639,10.01611895359163,2.4356504358689475,-2.3008414252386293,2.4790121869154493,-2.3024703629497427,6.309231063115901,0.0827002381588309,3.4452589603677826,1.7929850060979118,1623.3575254573548,28.877586219651832,23.327868103375057,24.839725995411964,19.026983560851125,13.034280183642611,13.790209129661068,10.466937472644885,11.339809033588852,7.303916266138669,7.790989684265893,5.465203078821847,5.757534791532887,-3.7399999999999984,878736339.7337298,27.812810359094108,10.676743088190426,4.652015895778153,244.22819685950003,14.203872332441884,11.791352662431866,0.0,0.0,11.814359458703011,0.0,14.48898409899412,0.0,0.0,0.0,41.40098098584986,80.42905113015874,46.996740680062544,24.061105022671452,14.325937321943693,40.703625513851605,0.0,9.467009378641832,0.0,32.85489325736779,26.105051237482392,104.72303834219684,0.0,17.00689131982936,9.636772684650529,5.687386274683562,5.749511833283905,23.20187978046503,42.486510343976754,0.0,6.923737199690624,63.46796438745725,66.73003775307771,10.045266627482652,11.257379486545457,0.0,54.78,6.041840829147961,9.589074368143644,0.0,17.85620028785097,26.92168144416055,33.76559673947147,0.0,38.23778537440561,66.4209505466956,18.414574047172604,27.938742734265084,7.913183599592781,12.680527068649248,30.51943570536926,1.1714796103952791,6.153290449464174,0.3784169558323882,20.04759422852434,0.0,6.143302089809957,5.0483258479181305,0.25,40,0,6,0,1,1,2,3,1,4,1,0,4,0,8,2,6,0,0,0,0,1,7.423755769115227,5,7.811420000000007,161.11599999999956,0,0,0,0,0,1,0,0,0,0,2,2,0,0,0,3,0,0,0,0,0,0,0,0,0,0,0,2,0,1,1,0,0,0,3,0,1,0,0,0,0,1,0,0,2,0,0,0,0,0,0,0,0,0,0,1,0,0,0,0,0,0,0,0,0,0,0,0,0,0,0,0,0,0,0,0,0,0,0,0,0,0,0,0,0,CHEMBL3923310,COc1ccc(C(=O)N(C)C)cc1-c1cc2c(n1C(C)C)C(c1ccc(Cl)cc1)N(c1cc(Cl)ccc1C)C2=O,0.133,-0.8761483590329142,CHEMBL1907611,Tumour suppressor p53/oncoprotein Mdm2,3,Large-Nonpolar-Aromatic-Rigid-Hydrophobic,Large-Nonpolar-Aromatic-Rigid-Hydrophobic
13.995022325802749,13.995022325802749,0.2816482601270964,-1.1063644809775772,0.3149887580108327,16.484848484848484,519.8370000000001,502.70100000000025,518.002546444,168,0,0.3328262750891957,-0.4672206082806497,0.4672206082806497,0.3328262750891957,1.0,1.606060606060606,2.212121212121212,35.49787914331185,9.977256349947062,2.4269910939944097,-2.356586642453842,2.403803834861546,-2.4375426549646826,7.8029863203573875,-0.1463277560903509,2.9119207819873303,1.9724538280262427,1232.706783063583,23.697941654890258,17.21965367584823,20.303937094831323,15.81176950568786,9.823148042477117,11.36528975196866,7.295404711281063,9.015302804593082,5.3273477169163765,6.471593199922369,3.7939460521955177,4.619414780810046,-2.639999999999999,25794819.282959033,23.515909804530477,9.692107048010318,4.5684625423546175,210.74427727573115,14.953561288656855,11.030342930886151,6.041840829147961,0.0,5.907179729351506,5.969305287951848,4.794537184071822,4.794537184071822,0.0,0.0,77.3525284560523,47.52510539416365,10.045266627482652,23.383268621399417,14.325937321943693,69.57306650746935,0.0,4.899909730850477,0.0,12.08368165829592,12.426586145283864,98.4882921693927,0.0,0.0,5.316788604006331,5.687386274683562,0.0,47.02069311374424,28.874694391169555,9.53140013787187,0.0,33.56857331745873,66.73003775307771,15.067899941223978,0.0,0.0,58.64,23.960166675599275,9.589074368143644,0.0,5.563451491696996,36.87069130103972,0.0,12.009707272128011,66.73003775307771,0.0,5.316788604006331,51.75755606754429,5.1129871696621025,24.28590568830498,28.810608553092013,4.470960695432648,1.8503879720612535,-1.0666073703143786,16.59901881418401,0.0,0.0,1.270071810910706,0.125,33,1,5,0,1,1,1,3,0,3,2,0,4,1,9,1,4,0,0,0,0,2,6.906627732026204,4,6.497500000000003,134.24419999999995,0,0,0,0,0,0,0,0,0,0,2,2,1,0,0,1,1,0,0,0,0,0,0,0,0,0,0,1,0,1,0,0,0,0,3,0,1,0,0,0,1,1,0,0,3,0,0,0,0,0,0,0,0,0,0,1,0,0,0,0,0,0,0,0,1,0,0,0,0,0,0,0,0,0,0,0,0,0,0,0,0,0,0,0,0,CHEMBL2089150,COC(=O)C(c1ccc(Cl)cc1)N1C(=O)c2cccc(Cl)c2NC(=S)C1c1ccc(Cl)cc1,61800.0,4.790988475088816,CHEMBL614894,SAOS-2,3,Large-Nonpolar-Aromatic-Rigid-Hydrophobic,Large-Nonpolar-Aromatic-Rigid-Hydrophobic
12.89219679075334,12.89219679075334,0.0728631267321746,-0.6390364124044676,0.6922196298478718,14.26923076923077,412.6560000000001,400.56000000000023,410.983190904,134,0,0.2771760918509622,-0.492869558477175,0.492869558477175,0.2771760918509622,0.8076923076923077,1.5,2.1153846153846154,35.4989896437473,10.053748878053955,2.392235192263913,-2.1555772860006366,2.3875437294844986,-2.3063074903516982,6.599991695062064,-0.11935894975915,2.8576312973357663,2.0530666874626498,955.4475466558816,19.007707210578264,13.678201791520848,15.945988629576211,12.383447812959856,7.346828008044401,8.480721427072085,5.30287181290488,6.495236539395321,3.860902577566345,4.950581193262871,2.60357542676886,3.1703650602976947,-2.2099999999999995,731653.6292133629,18.577206477708444,7.191495722533687,3.02589243855172,164.20248283617684,9.473725907600098,5.032286352113597,11.49902366656781,0.0,11.814359458703011,0.0,9.589074368143644,4.899909730850477,0.0,0.0,40.86918673915916,35.89528683400505,0.0,35.52535251479055,19.06280027574374,57.87766993415339,0.0,0.0,0.0,0.0,19.119504813405545,57.0392068820629,0.0,11.49902366656781,14.373635638450576,5.687386274683562,11.49902366656781,34.802819670697545,26.033954541258076,9.589074368143644,0.0,5.563451491696996,41.43048876288326,10.045266627482652,5.5731045300692665,0.0,55.84,11.814359458703011,9.589074368143644,0.0,21.315410470607752,22.08510847200613,4.899909730850477,32.418696287939895,18.19910120538483,0.0,0.0,44.27654557829765,10.421518900073956,18.064364520716556,26.404109111237087,0.3494723131929691,0.7919252942946735,-0.2993177833703615,9.294427298535645,0.0,0.0,2.9735003453194753,0.1111111111111111,26,0,5,0,1,1,2,2,0,2,0,0,4,0,8,1,4,0,0,0,0,0,5.13838080465636,3,4.533900000000003,101.27400000000002,0,0,0,0,0,0,0,0,0,0,2,2,0,0,0,1,0,0,0,0,0,0,0,0,0,0,0,2,0,1,0,0,0,0,2,0,0,0,0,0,0,2,0,0,3,0,0,0,1,0,0,0,0,0,0,2,0,0,0,0,0,0,0,0,0,0,0,0,0,0,0,0,0,0,0,0,0,0,0,0,0,0,0,0,0,CHEMBL2316720,COc1ccc(C2=C(Cl)C(=O)N(c3ccc(Cl)c(Cl)c3)C2=O)cc1OC,2140.0,3.330413773349191,CHEMBL2034807,DNA repair protein RAD51 homolog 1,0,Large-Nonpolar-Aromatic-Rigid-Hydrophobic,Large-Nonpolar-Aromatic-Rigid-Hydrophobic
12.96692425324039,12.96692425324039,0.0581579113126735,-0.0581579113126735,0.4721437899853555,19.642857142857142,410.3440000000001,389.17600000000016,409.10001965200007,142,0,0.2229262906416443,-0.3307113752420443,0.3307113752420443,0.2229262906416443,0.8214285714285714,1.5714285714285714,2.2857142857142856,35.49678454725235,9.793602597632898,2.3721594318206396,-2.4181740605486004,2.4392112844942453,-2.4112528759703262,6.304366741830716,-0.1379180660985388,2.7085771195977184,1.7679096524288411,955.853873534336,19.50986092169139,15.39296521338631,16.90482310542322,13.614193540729628,9.459578758543303,10.21550770456176,7.203800787364078,8.07667234830805,5.390558492648632,5.877631910775856,4.077832517904235,4.402548129989049,-2.289999999999999,3112436.8024382167,19.045009009854972,8.381729648167768,4.08537938277836,175.25730128848588,4.899909730850477,0.0,0.0,5.907179729351506,0.0,0.0,4.794537184071822,0.0,0.0,0.0,77.79918339661954,47.376644371863435,28.92875070248263,6.041840829147961,4.794537184071822,29.10905950981654,0.0,4.899909730850477,0.0,31.346146527073948,0.0,105.5983929925746,0.0,0.0,0.0,0.0,0.0,23.20187978046503,10.807089460201984,11.339293589984395,0.0,41.49174459625236,78.86277189000094,10.045266627482652,0.0,0.0,20.31,0.0,4.794537184071822,0.0,17.86692660466086,17.988211342579913,28.13380941175832,0.0,0.0,65.56358041546657,18.19910120538483,23.20187978046503,0.0,12.3970113123175,14.974506452786876,1.415431847376743,3.3869684499314134,0.36423044217687,25.92425844790353,1.3391484613392683,0.5873334750566892,0.0,0.2083333333333333,28,0,2,0,1,1,1,3,0,3,2,0,1,0,4,1,4,0,1,1,0,0,5.701075595268704,4,6.640900000000006,114.61200000000002,0,0,0,0,0,0,0,0,0,0,1,1,0,0,0,1,0,0,0,0,1,0,0,0,0,0,0,1,0,0,0,0,0,0,3,0,0,0,0,0,0,0,0,0,2,0,0,0,0,0,0,0,0,0,0,0,0,0,0,0,0,0,0,0,0,0,0,0,0,1,0,0,0,0,0,0,0,0,0,0,0,0,0,0,0,CHEMBL2177197,O=C1CC[C@H](c2cccc(Cl)c2)[C@@H](c2ccc(Cl)cc2)N1Cc1ccccc1,5400.0,3.7323937598229686,CHEMBL1907611,Tumour suppressor p53/oncoprotein Mdm2,3,Large-Nonpolar-Aromatic-Rigid-Hydrophobic,Large-Nonpolar-Aromatic-Rigid-Hydrophobic
15.457581517975637,15.457581517975637,0.0725588582483074,-0.6707822580178926,0.2554726592484578,14.575,580.4870000000002,552.2630000000003,579.1491753360001,206,0,0.2607182747609406,-0.4960543242594059,0.4960543242594059,0.2607182747609406,1.05,1.8,2.45,35.49678614678281,9.975105644194905,2.445810116643846,-2.3021110395649567,2.4850326955842186,-2.30906798940482,6.310514804131136,0.096077509588705,3.4459209924927365,1.827080777881476,1664.016451138195,28.877586219651835,22.681268711694702,24.19312660373161,19.08182511571751,12.777878162207706,13.53380710822616,9.937975730396106,10.781611637608696,7.240756163858574,7.767761113996933,5.476212821485789,5.87242180003841,-3.8099999999999983,913169838.3427984,27.745407286897567,10.635951659740275,4.431451246224246,241.8188186614343,14.620751205597736,11.791352662431866,5.817220841045894,0.0,11.814359458703011,0.0,14.48898409899412,4.39041504767482,0.0,0.0,35.33461391738825,80.42905113015875,29.23904910896047,34.77112461109634,18.716352369618512,40.703625513851605,0.0,9.883888251797686,0.0,32.85489325736779,19.0573792548052,104.47389211478112,0.0,17.00689131982936,14.953561288656855,10.077801322358384,5.749511833283905,23.20187978046503,30.53892863044909,0.0,12.74095804073652,63.46796438745725,60.6636706846161,10.045266627482652,11.257379486545457,0.0,63.57,11.859061670193856,9.589074368143644,4.39041504767482,28.56621987627586,38.850355611813136,11.126902983393991,10.966276799312087,56.62203900318599,32.903945735995094,9.883888251797686,27.938742734265084,23.187332257522552,12.455214979821946,28.15245943633422,3.1342962246972825,4.6822449213122335,-0.7261749123217733,16.273962966563527,0.0,5.935617877681971,3.127268470610268,0.2258064516129032,40,1,6,0,1,1,2,3,1,4,1,0,4,1,9,2,6,0,0,0,0,0,7.377470267081203,5,7.608320000000007,156.44669999999965,0,0,0,0,0,1,0,0,0,0,2,2,0,0,0,2,1,0,0,0,0,0,0,0,0,0,0,2,0,1,1,0,0,0,3,0,1,0,0,0,0,1,0,0,3,0,0,0,0,0,0,0,0,0,0,1,0,0,0,0,0,0,0,0,0,0,0,0,0,0,0,0,0,0,0,0,0,0,0,0,0,0,0,0,0,CHEMBL3919782,CNC(=O)c1ccc(OC)c(-c2cc3c(n2C(C)C)[C@H](c2ccc(Cl)cc2C)N(c2cccc(Cl)c2F)C3=O)c1,0.119,-0.9244530386074692,CHEMBL1907611,Tumour suppressor p53/oncoprotein Mdm2,3,Large-Nonpolar-Aromatic-Rigid-Hydrophobic,Large-Nonpolar-Aromatic-Rigid-Hydrophobic
14.203022198365964,14.203022198365964,0.0231387699112561,-0.3925509679180314,0.2596637624314632,14.81578947368421,550.4900000000002,521.2580000000003,549.169830528,196,0,0.2606316718840589,-0.4803855203305696,0.4803855203305696,0.2606316718840589,1.0,1.6842105263157894,2.3157894736842106,35.49678563472105,10.017395768294794,2.4362114249533184,-2.2996769215404584,2.475759840134406,-2.3024548881618294,6.3091270882238195,0.0993144505305159,3.404327991354467,1.7795605669354897,1528.9631985451615,27.30023595046221,22.159346465531858,23.671204357568765,18.116299958328167,12.309816584290006,13.065745530308462,9.839676289263688,10.712547850207656,6.785728331250514,7.272801749377738,5.070010197620771,5.362341910331811,-3.5499999999999985,359425762.8762047,26.072866573886344,9.966021195129732,4.294632491492558,232.14102860695263,14.203872332441884,6.041840829147961,0.0,11.828327617421866,5.907179729351506,0.0,9.6944469149223,4.983978520947208,4.983978520947208,0.0,41.40098098584986,62.229949924773905,42.06668126828163,29.624556514368447,9.53140013787187,40.74478506548659,0.0,14.53505668968577,0.0,32.85489325736779,31.00496096833287,87.15732921672806,0.0,17.137367822980828,14.536682415501003,11.635725555670057,5.879988336435371,23.20187978046503,41.64737792566919,0.0,6.923737199690624,53.109975711688435,54.727780119305955,10.045266627482652,11.257379486545457,0.0,63.49,6.041840829147961,4.794537184071822,0.0,11.949020558499466,33.00049722829851,28.202145247774475,0.0,13.30664111289061,79.34983717443883,28.38253108906702,27.938742734265084,7.864628705412887,12.652614555846624,26.983134572228856,1.2006581177206397,5.714224366904223,0.8834154336185649,14.80984636446175,1.7551632881241468,6.181822836955413,5.3433806476157875,0.2758620689655172,38,0,7,0,1,1,1,2,2,4,1,0,6,0,9,3,6,0,0,0,0,1,6.837966865608969,5,6.965620000000006,153.0154999999997,0,0,0,0,0,3,0,0,0,0,1,1,0,0,0,5,0,0,0,0,0,0,0,0,0,0,0,1,0,2,1,0,0,0,2,0,1,0,0,0,0,1,0,0,2,0,0,0,0,0,0,0,0,0,0,1,0,0,0,0,0,0,0,0,0,0,0,0,0,0,0,0,0,0,0,0,0,0,0,0,0,0,0,0,0,CHEMBL3939933,COc1nc(N(C)C)ncc1-c1cc2c(n1C(C)C)C(c1ccc(Cl)cc1)N(c1cc(Cl)ccc1C)C2=O,0.225,-0.6478174818886375,CHEMBL1907611,Tumour suppressor p53/oncoprotein Mdm2,3,Large-Nonpolar-Aromatic-Rigid-Hydrophobic,Large-Nonpolar-Aromatic-Rigid-Hydrophobic
15.253926379965565,15.253926379965565,0.0061419753086422,-1.326936728395062,0.5723902931240312,24.838709677419356,462.3480000000001,440.1720000000002,461.096077144,162,0,0.3314274306390056,-0.4778651932892347,0.4778651932892347,0.3314274306390056,1.2258064516129032,1.935483870967742,2.5806451612903225,35.496785213082525,9.60866485320026,2.625780783837536,-2.385385216651001,2.6116828427927112,-2.450275931575324,6.311290052267112,-0.1326492650249005,3.1242130626259503,2.0582223906080497,1138.1297159233284,22.71481399176481,17.300862799348547,18.81272069138546,14.463086739212777,9.969363292661097,10.725292238679552,9.387543022842973,10.23117893005556,6.154869773913924,6.681874724052283,5.117810911572348,5.471762177388543,-2.369999999999999,6851430.488469335,21.84664411530372,7.35053530219887,3.3478693110231847,189.60574535165873,10.423315998847038,5.817220841045894,0.0,5.907179729351506,0.0,5.969305287951848,4.794537184071822,9.184952231746642,0.0,0.0,68.24821269175563,47.079722327263,22.20103016465555,10.437623783138104,19.08601681065917,40.76575107245195,0.0,0.0,11.332896515558172,38.52492973755605,5.316788604006331,75.03671749959534,0.0,0.0,5.316788604006331,10.077801322358384,0.0,23.20187978046503,16.98301241214406,15.004064837540422,17.150117356604067,44.23684225155326,48.04732704767281,10.045266627482652,0.0,0.0,66.39999999999999,29.03732869071731,14.69560176298435,4.39041504767482,27.481359534255873,22.694292703047893,0.0,12.13273413692322,30.34148838068032,20.771211599071872,5.316788604006331,23.20187978046503,15.253926379965565,12.206700308430856,26.00404137272193,13.265581931846812,-0.3172745373869707,-3.7764241447607834,9.522627559804912,2.1526121976568406,6.077097820609725,0.0,0.3333333333333333,31,2,4,1,1,2,1,2,0,2,3,0,2,2,7,1,3,0,0,0,1,0,5.18014609045533,4,6.183200000000005,119.1915,1,0,0,0,0,0,0,0,1,1,2,1,0,0,0,0,1,0,0,0,0,0,0,0,0,0,1,1,0,1,0,0,0,0,2,0,2,0,0,0,0,0,0,0,3,0,0,0,0,0,0,0,0,0,0,0,0,0,0,0,0,0,0,0,0,0,0,0,0,0,0,0,0,0,0,0,0,0,0,0,0,0,0,0,0,CHEMBL4218748,CC(C)(C)C[C@@H]1C=C(C(=O)O)[C@H](c2cccc(Cl)c2F)[C@]12C(=O)Nc1cc(Cl)ccc12,10.1,1.0043213737826426,CHEMBL1907611,Tumour suppressor p53/oncoprotein Mdm2,3,Large-Nonpolar-Aromatic-Rigid-Hydrophobic,Large-Nonpolar-Aromatic-Rigid-Hydrophobic
13.326118512219704,13.326118512219704,0.1723167044595617,-4.4837297208062905,0.4046599512577328,12.258064516129032,539.2910000000002,522.1550000000002,539.020526064,160,0,0.4159098550109067,-0.4794522366079141,0.4794522366079141,0.4159098550109067,0.935483870967742,1.5806451612903225,2.129032258064516,126.91270448304172,10.020177643865564,2.329635599499635,-2.295824420342501,2.3037646453394434,-2.382737493706766,14.111918685268908,-0.1425010593681687,2.728238468147714,2.0287225874324792,1069.4297366485137,22.595647359318296,16.012792213805863,18.170290504982187,14.66372236358634,9.17013916014397,10.24888830573213,6.789541531316417,8.035173750503224,4.627508861831548,5.298499965157638,3.154675971703147,3.69777689323066,-2.8799999999999986,6375304.000552088,22.79737020047301,9.505282370917854,5.632621097444604,190.00585805591732,10.006437125691182,0.0,6.041840829147961,0.0,5.907179729351506,12.145603805395323,4.794537184071822,4.794537184071822,13.17124514302446,0.0,48.53093654769288,64.0496089527701,15.678390168674968,5.563451491696996,27.86684690600881,34.46735564437141,0.0,4.899909730850477,0.0,18.76289575250401,0.0,104.68676012785434,0.0,0.0,0.0,13.17124514302446,0.0,22.590870627068057,21.882922142994538,17.51559210742787,3.5701822710653963,33.090183980007765,78.86277189000094,0.0,0.0,0.0,57.61,29.658075855591782,27.86684690600881,0.0,6.544756405912575,16.690354475090988,20.60282613883909,12.13273413692322,54.59730361615449,22.590870627068057,0.0,0.0,39.44169029735748,2.0454809656682538,26.660279257912737,9.93215930737666,0.2505789826388676,-1.7715215582220538,17.967379172533906,-4.4837297208062905,-0.1723167044595617,0.0,0.1304347826086956,31,1,4,0,0,0,1,3,0,3,1,0,2,1,8,0,6,0,0,0,0,1,6.9901755183820695,3,5.778300000000003,117.29530000000004,1,0,0,0,0,0,0,0,1,1,2,1,0,0,0,1,0,0,0,0,0,0,0,0,0,3,0,1,0,0,0,0,0,0,3,0,0,0,0,0,0,0,0,0,4,0,0,0,0,0,0,0,0,0,0,0,0,0,0,0,0,0,0,0,0,0,0,0,0,0,0,0,0,0,0,0,0,0,0,0,0,0,0,0,0,CHEMBL425528,O=C(O)C(c1ccccc1)N(Cc1ccc(C(F)(F)F)cc1)C(=O)c1cccc(I)c1,15000.0,4.176091259055681,CHEMBL5023,p53-binding protein Mdm-2,3,Large-Nonpolar-Aromatic-Rigid-Hydrophobic,Large-Nonpolar-Aromatic-Rigid-Hydrophobic
12.904948629657625,12.904948629657625,0.0087518896447464,-0.6850812547241125,0.6095007722596208,20.714285714285715,420.336,397.15200000000016,419.105498956,148,0,0.3280747640363191,-0.464461559829593,0.464461559829593,0.3280747640363191,1.1428571428571428,1.8571428571428572,2.5,35.49678458953053,9.788844708638017,2.4184716282482106,-2.437483380711692,2.443421810430948,-2.4993272539847724,6.304401762519819,-0.1580876056825966,2.6779009513159244,2.0750716194294947,853.1152995638969,20.25878406613483,15.900060717555531,17.41191860959244,13.417922655570504,9.407368499187056,10.163297445205512,6.925592684068887,7.798464245012857,5.1713237036899065,5.6583971218171305,3.8873055594758714,4.212021171560686,-2.0399999999999987,1863101.3846609308,20.68804803919763,8.973611208806405,4.337971547438429,174.93504286955897,9.636772684650529,6.041840829147961,0.0,5.907179729351506,0.0,5.969305287951848,4.794537184071822,4.794537184071822,0.0,0.0,47.46734805431147,55.66066727954769,22.383994296570055,12.64872279366088,14.325937321943693,35.07836479776839,0.0,4.899909730850477,0.0,44.690705349690575,6.606881964512918,69.70310615856953,0.0,0.0,0.0,0.0,0.0,23.20187978046503,29.42511754181471,14.325937321943693,0.0,49.775767503936606,48.53093654769288,10.045266627482652,0.0,0.0,46.61,12.011146117099807,9.589074368143644,0.0,24.47380856917378,22.886909873334673,11.126902983393991,0.0,30.880118267154945,36.39820241076966,0.0,27.938742734265084,5.193565864617451,12.297715910204335,27.02574616472103,1.2679907413046851,1.9718359735869664,-0.4492677976540398,14.117686578848792,1.0451674522689738,3.7517813343240225,0.0,0.3636363636363636,28,0,4,0,1,1,1,2,0,2,3,0,3,0,6,1,5,0,1,1,0,0,6.630232134745329,3,5.392300000000005,110.56100000000004,0,0,0,0,0,0,0,0,0,0,2,2,0,0,0,1,0,0,0,0,1,0,0,0,0,0,0,1,0,0,0,0,0,0,2,0,0,0,0,0,1,1,0,0,2,0,0,0,0,0,0,0,0,0,0,0,0,0,0,0,0,0,0,0,0,0,0,0,0,1,0,0,0,0,0,0,0,0,0,0,0,0,0,0,0,CHEMBL2177201,CCOC(=O)[C@H](C)N1C(=O)CC[C@H](c2cccc(Cl)c2)[C@H]1c1ccc(Cl)cc1,1700.0,3.230448921378274,CHEMBL1907611,Tumour suppressor p53/oncoprotein Mdm2,3,Large-Nonpolar-Aromatic-Rigid-Hydrophobic,Large-Nonpolar-Aromatic-Rigid-Hydrophobic
6.18300875678306,6.18300875678306,0.700990943702584,0.700990943702584,0.3332765696387453,11.241379310344827,418.32700000000006,401.1910000000001,417.079952904,142,0,0.0963608025138952,-0.3604417303162555,0.3604417303162555,0.0963608025138952,0.8620689655172413,1.6206896551724137,2.413793103448276,35.49678464370967,10.03548535455226,2.1821586176299332,-2.10571223452682,2.363654845966664,-2.004422677823027,6.310725439507402,0.8052612901806299,3.333371182268565,1.696323184859026,1285.2298624221569,19.794317972067567,15.440366686859685,16.952224578896594,14.186673185801062,9.308791953084707,10.064720899103165,6.954432071333884,7.827303632277856,5.05005242013152,5.537125838258742,3.672621502923211,3.97071268454582,-3.0099999999999985,9188904.335888818,18.046203907471217,7.43222464538506,3.437169314576781,178.10376514715463,9.551078168738565,0.0,0.0,0.0,0.0,0.0,0.0,4.983978520947208,0.0,0.0,71.73281632815792,29.828919765543436,44.81669452048335,17.715176064461463,0.0,34.10480471254609,0.0,14.53505668968577,0.0,6.544756405912575,0.0,100.9292865870966,0.0,22.514758973090913,0.0,0.0,0.0,23.20187978046503,14.53505668968577,6.544756405912575,0.0,5.563451491696996,85.32056846791696,10.045266627482652,33.41768390517197,0.0,33.61,0.0,0.0,0.0,0.0,11.5673897196539,44.003768710610295,0.0,0.0,67.12146726253211,27.75017937412339,28.18585830141224,2.1833253023431594,12.238359353395104,8.12889966078939,2.561461559428073,6.37415823007093,0.0,24.100666152364763,3.934361020128215,0.700990943702584,0.0,0.0416666666666666,29,1,3,0,0,0,0,3,2,5,0,0,2,1,5,2,4,0,0,0,0,0,4.624946256439715,5,7.053500000000003,120.5197,0,0,0,0,0,3,1,0,0,0,0,0,0,0,0,2,1,0,0,0,0,1,0,0,0,0,0,0,0,0,0,0,0,0,3,0,1,0,0,0,0,0,0,0,2,0,0,1,0,0,0,0,0,0,0,0,0,0,0,0,0,0,0,0,0,0,0,0,0,0,0,0,0,0,0,0,0,0,0,0,0,0,0,0,0,CHEMBL2024322,Clc1ccc(Cn2cnc(-c3ccccc3)c2-c2c[nH]c3cc(Cl)ccc23)cc1,200.0,2.3010299956639813,CHEMBL1907611,Tumour suppressor p53/oncoprotein Mdm2,0,Large-Nonpolar-Aromatic-Rigid-Hydrophobic,Large-Nonpolar-Aromatic-Rigid-Hydrophobic
13.204208361328073,13.204208361328073,0.2800666099773239,-1.065269487518165,0.7034427562188249,24.551724137931036,434.3190000000002,413.1510000000002,433.08476351200005,152,0,0.3060395928220198,-0.4811478772067936,0.4811478772067936,0.3060395928220198,1.0689655172413792,1.793103448275862,2.413793103448276,35.49678472189507,9.90636647125758,2.4574182736116237,-2.4450686075977406,2.4477968752155945,-2.5156896459184197,6.3043714564735165,-0.1788861673528065,3.494024287094469,1.7837351687524243,913.2832125859244,20.543241116511,15.631731363431664,17.143589255468573,13.91872399336994,9.607897235186416,10.36382618120487,7.628557075779851,8.501428636723821,5.3925073992816515,5.8795808174088755,3.8303393100311416,4.155054922115957,-2.0799999999999996,6270571.650979811,20.20327947610741,8.34461703843053,4.577491694770534,178.72344546822575,14.743300079491233,12.207932775496603,0.0,0.0,5.907179729351506,5.969305287951848,9.589074368143644,0.0,0.0,0.0,47.46734805431147,54.151920549253845,16.590023033395227,12.462662452073973,19.4324647167844,35.07836479776839,0.0,4.899909730850477,5.917906046161393,37.5122384734226,6.544756405912575,69.70310615856953,0.0,0.0,0.0,0.0,0.0,23.20187978046503,34.53164493665542,14.325937321943693,5.917906046161393,42.53517506906829,48.53093654769288,10.045266627482652,0.0,0.0,66.84,18.177238063448456,14.69560176298435,0.0,18.369842181425476,22.507929079556614,23.968546229246012,0.0,29.16537800469692,24.26546827384644,0.0,27.938742734265084,6.1164125881834215,12.281118677209346,26.353500023483186,10.45392435573352,1.69748724489796,-0.9033549974422994,14.25616053498058,0.2143238046247295,0.5859833238851097,0.0,0.3636363636363636,29,1,5,1,1,2,1,2,0,2,3,0,3,1,7,1,6,1,1,2,0,0,5.8134010396034395,4,4.887900000000005,109.94880000000006,1,0,0,0,0,0,0,0,1,1,2,1,0,0,0,1,0,0,0,0,0,0,0,0,0,0,0,1,0,0,0,0,0,0,2,0,0,0,0,0,0,1,0,0,2,0,0,0,0,0,0,0,0,0,0,0,1,0,0,0,0,0,0,0,0,0,0,0,0,0,0,0,0,0,0,0,0,0,0,0,0,0,0,0,0,CHEMBL2347392,O=C(O)C[C@H]1O[C@H](c2cccc(Cl)c2)[C@H](c2ccc(Cl)cc2)N(CC2CC2)C1=O,7400.0,3.869231719730976,CHEMBL5023,p53-binding protein Mdm-2,3,Large-Nonpolar-Aromatic-Rigid-Hydrophobic,Large-Nonpolar-Aromatic-Rigid-Hydrophobic
14.081887343929342,14.081887343929342,0.0709913986170596,-0.3557873519778283,0.2815899088991556,15.114285714285714,506.43300000000016,481.23300000000023,505.1323824,178,0,0.2606316639839098,-0.4805064228953736,0.4805064228953736,0.2606316639839098,0.9714285714285714,1.6857142857142855,2.371428571428571,35.49678530704569,10.017311751846163,2.434835497865505,-2.299532847228698,2.474578759311554,-2.302270417876657,6.309103785665725,0.0993152462981007,3.362423830251839,1.8015696011144104,1426.8955988260718,24.852642193269507,19.919619812911193,21.431477704948104,16.811769505687856,11.41123566670682,12.167164612725276,8.912534209411731,9.7854057703557,6.415811821676206,6.90288523980343,4.914242927258771,5.206574639969809,-3.279999999999999,104160842.62085378,23.461333928564713,9.062053965322669,3.888908957145847,214.43166272700955,9.303962601591405,6.041840829147961,0.0,5.879988336435371,5.907179729351506,0.0,9.6944469149223,4.983978520947208,0.0,0.0,41.40098098584986,74.36268406169712,27.971337302927253,29.624556514368447,9.53140013787187,34.7964457845001,0.0,9.551078168738565,0.0,32.85489325736779,12.009707272128011,99.29006335365128,0.0,17.137367822980828,9.636772684650529,5.687386274683562,5.879988336435371,23.20187978046503,22.5680554393676,0.0,6.923737199690624,53.109975711688435,66.86051425622918,10.045266627482652,11.257379486545457,0.0,47.36,0.0,4.794537184071822,0.0,17.990861387647428,21.48870645561502,33.76559673947147,0.0,13.30664111289061,72.4873176151572,23.39855256811981,27.938742734265084,7.77120277948696,12.603485857249062,20.313682324024736,1.2233049079748224,6.027467362199959,0.4420656914433976,18.819769875453495,1.6984106397876657,6.21817214481446,1.6046606397876657,0.2142857142857142,35,0,5,0,1,1,1,2,2,4,1,0,4,0,7,3,5,0,0,0,0,1,6.07451069026026,5,7.504620000000006,140.89349999999985,0,0,0,0,0,2,0,0,0,0,1,1,0,0,0,3,0,0,0,0,0,0,0,0,0,0,0,1,0,1,1,0,0,0,2,0,1,0,0,0,0,1,0,0,2,0,0,0,0,0,0,0,0,0,0,1,0,0,0,0,0,0,0,0,0,0,0,0,0,0,0,0,0,1,0,0,0,0,0,0,0,0,0,0,0,CHEMBL3898237,COc1ncccc1-c1cc2c(n1C(C)C)C(c1ccc(Cl)cc1)N(c1cc(Cl)ccc1C)C2=O,0.49,-0.3098039199714863,CHEMBL1907611,Tumour suppressor p53/oncoprotein Mdm2,3,Large-Nonpolar-Aromatic-Rigid-Hydrophobic,Large-Nonpolar-Aromatic-Rigid-Hydrophobic
12.701210768592649,12.701210768592649,0.2689878674095156,-4.213973791748684,0.5618253979078119,16.266666666666666,434.5310000000002,409.3310000000002,434.17520246,160,0,0.393328389476811,-0.3691520138954515,0.393328389476811,0.3691520138954515,1.1666666666666667,1.9666666666666663,2.7,32.1335392580175,9.960013558176524,2.2879606387383555,-2.3181216940547387,2.323530694368097,-2.3502257070163712,7.182453075771071,-0.1261373215964755,3.083529303491546,1.3148715604361514,993.4564832101736,21.139617433688315,16.874981848624635,17.691478429552358,14.354287845262968,10.175165581022728,10.991662161950456,8.035247464038198,9.150447335327447,5.509121767408588,6.552170786085078,3.989392979930238,5.015752404427481,-2.1900000000000004,6730345.406027714,21.057713867732847,8.894528586342961,5.48675475884938,177.69971314262764,5.316788604006331,16.975579272220138,0.0,0.0,0.0,6.176298517443475,4.899909730850477,9.967957041894415,13.17124514302446,11.336785877934735,29.828919765543436,50.40261786368779,17.96666000552645,11.807045837390806,13.17124514302446,27.371269289855128,0.0,14.867866772744891,5.917906046161393,38.90725699182471,24.951057821744055,52.66320559416788,0.0,0.0,5.316788604006331,18.98910792085949,0.0,11.336785877934735,40.67843450792609,12.965578028838586,12.841643245852016,28.84569342294731,36.65915541707259,0.0,10.216620634085364,0.0,41.05,12.597120140369483,13.17124514302446,0.0,4.877147193701299,21.952389458081782,50.35745474743705,17.454223058158533,6.06636706846161,0.0,51.37386085028829,0.0,38.10363230577795,1.084101227915677,11.758083907922265,4.0406103543034675,2.6357818661365218,1.1564082239109297,10.20486599725334,-1.5315738289180576,5.964756612364577,0.0,0.4545454545454545,30,1,4,0,1,1,0,1,2,3,0,0,5,1,8,3,6,0,1,1,0,0,6.2432812653193475,4,5.428620000000005,114.84370000000006,0,0,0,0,0,2,0,0,0,0,0,0,0,0,0,3,1,0,0,0,1,0,0,0,0,3,0,0,0,1,1,0,0,0,1,0,1,0,0,0,0,0,0,0,3,0,0,0,0,0,0,0,0,0,0,0,0,0,0,0,0,0,0,0,0,0,0,0,0,1,0,0,0,0,0,0,0,0,0,0,0,0,1,0,0,CHEMBL4449486,Cc1cccc(CN2CCC(CNc3ncnc4sc(CC(F)(F)F)cc34)CC2)c1,3800.0,3.57978359661681,CHEMBL2093861,Menin/Histone-lysine N-methyltransferase MLL,0,Large-Nonpolar-Aromatic-Rigid-Hydrophobic,Large-Nonpolar-Aromatic-Rigid-Hydrophobic
14.20881241951513,14.20881241951513,0.0506809019904255,-0.3400088183421517,0.2653143058539962,15.055555555555555,519.4720000000002,491.24800000000033,518.152783496,184,0,0.2606318174017863,-0.4960551334016093,0.4960551334016093,0.2606318174017863,0.8611111111111112,1.5555555555555556,2.25,35.4967854040302,9.971913813467598,2.439337916945321,-2.3085754312067572,2.4830789424192443,-2.306814340362986,6.309491379824826,0.0993140845072642,3.359634708261258,1.8299014358009125,1488.5498611787182,25.722885681272587,20.972406217411237,22.484264109448144,17.222453108210814,11.968105113804492,12.724034059822946,9.501937265255124,10.374808826199091,6.898972452486368,7.369166658061846,5.302349873862483,5.695350925415646,-3.209999999999999,148372636.1425874,24.482902149317468,9.344717319047158,3.8919415963570105,221.5769568604597,9.303962601591405,11.791352662431866,0.0,0.0,5.907179729351506,0.0,9.6944469149223,0.0,0.0,0.0,47.46734805431147,86.84987275308475,27.33794522301117,24.061105022671452,9.53140013787187,34.7964457845001,0.0,4.567099647791355,0.0,39.77863045705841,12.009707272128011,104.72303834219684,0.0,17.00689131982936,9.636772684650529,5.687386274683562,5.749511833283905,23.20187978046503,17.584076918420394,0.0,13.847474399381248,58.67342720338543,66.73003775307771,10.045266627482652,11.257379486545457,0.0,34.47,0.0,4.794537184071822,0.0,17.990861387647428,15.608718119179647,45.07856006445237,0.0,7.109797541277533,85.47742188330945,18.414574047172604,27.938742734265084,7.954762450268854,12.753923957386236,16.090760407043476,1.2576319250534624,7.384518571572596,0.7176410357786623,21.23331957331312,0.0,8.325836995351485,1.670493973120999,0.2333333333333333,36,0,4,0,1,1,1,3,1,4,1,0,3,0,6,2,5,0,0,0,0,1,6.355161103757329,5,8.418040000000005,147.83549999999977,0,0,0,0,0,1,0,0,0,0,1,1,0,0,0,2,0,0,0,0,0,0,0,0,0,0,0,1,0,1,2,0,0,0,3,0,1,0,0,0,0,1,0,0,2,0,0,0,0,0,0,0,0,0,0,1,0,0,0,0,0,0,0,0,1,0,0,0,0,0,0,0,0,0,0,0,0,0,0,0,0,0,0,0,0,CHEMBL3902934,COc1ccccc1-c1cc2c(n1C(C)C)C(c1ccc(Cl)cc1C)N(c1cc(Cl)ccc1C)C2=O,0.376,-0.4248121550723389,CHEMBL1907611,Tumour suppressor p53/oncoprotein Mdm2,3,Large-Nonpolar-Aromatic-Rigid-Hydrophobic,Large-Nonpolar-Aromatic-Rigid-Hydrophobic
14.469336944654406,14.469336944654406,0.1384197758321432,-0.8151896993365251,0.3053047296948945,18.473684210526315,664.3710000000003,636.147,663.055245116,198,0,0.2567665926277818,-0.3787927179815868,0.3787927179815868,0.2567665926277818,0.9210526315789472,1.631578947368421,2.3421052631578947,126.91270454969788,10.011117841345849,2.4051736134977126,-2.3320484401776365,2.368367059968047,-2.4601329461190744,14.111919868316583,-0.1229470175368467,2.984417484242943,1.6011323657294798,1345.395043290356,26.81082583001261,21.000879506310863,24.670235689524095,18.31257084348729,12.541041990502608,14.375720082109222,9.563308064999967,11.681811845130742,7.12689464208211,8.28495916353542,5.034276739801053,5.878121973044054,-2.1699999999999995,385908912.8004472,27.39890107082643,11.919309184328036,5.867602840180285,246.13275349794077,14.536682415501003,6.041840829147961,0.0,0.0,11.814359458703011,0.0,14.48898409899412,0.0,0.0,0.0,41.40098098584986,88.66953178108096,46.33923092811092,24.46460169540639,14.325937321943693,63.29449614091966,0.0,9.799819461700954,0.0,19.51033443475116,44.29269928352661,96.53292554995215,0.0,0.0,4.899909730850477,5.687386274683562,0.0,45.79275040753309,61.00696847308009,16.076156543784446,10.49391947075602,33.090183980007765,60.6636706846161,10.045266627482652,0.0,0.0,53.09000000000001,6.041840829147961,9.589074368143644,0.0,18.359115864615585,47.59938113471419,33.350049557981535,0.0,21.932553598624175,55.4546737473835,27.490780357918535,27.938742734265084,6.428072061464668,14.624204271207851,34.517350092767444,1.204828018067175,3.7813577905908464,-0.3235693076201673,17.702202348713033,0.0,6.407776947031373,0.0,0.3103448275862069,38,0,6,0,2,2,2,3,0,3,1,0,4,0,9,2,6,0,1,1,0,0,8.59410455721044,5,5.968920000000006,159.02649999999963,0,0,0,0,0,0,0,0,0,0,2,2,0,0,0,3,0,0,0,0,0,0,0,0,0,0,0,2,0,1,1,0,0,0,3,0,1,0,0,0,0,1,0,0,3,0,0,0,0,0,0,0,0,0,0,0,1,0,0,0,0,0,0,0,0,0,0,0,0,0,0,0,0,0,0,0,0,0,0,0,0,0,0,0,0,CHEMBL212568,Cc1cc(Cl)ccc1CN1C(=O)c2cc(I)ccc2N(CCN2CCOCC2)C(=O)[C@@H]1c1ccc(Cl)cc1,19000.0,4.278753600952829,CHEMBL5023,p53-binding protein Mdm-2,3,Large-Nonpolar-Aromatic-Rigid-Hydrophobic,Large-Nonpolar-Aromatic-Rigid-Hydrophobic
13.217750687664108,13.217750687664108,0.0800219836444724,-0.1497141912320487,0.6981287120083427,22.71875,487.4120000000001,467.25200000000024,486.06840224,164,0,0.2625505549298261,-0.3527826641304393,0.3527826641304393,0.2625505549298261,1.0625,1.6875,2.3125,35.496785683898366,9.932535975189367,2.454069729651622,-2.293534384301514,2.5145321776608274,-2.497545283860732,8.177702549149167,-0.1345150802661644,3.3113335210964414,1.5182161400719176,1147.591289115827,22.4050484360768,17.21713763936582,19.545492112330457,15.41872399336994,10.24826635026621,11.820691877212392,7.867710240463121,9.71810260877299,5.859026277856548,7.521814507598241,4.276184778043766,5.688307550823261,-2.479999999999999,28175527.645641737,21.370140407038004,8.462909497363603,3.78390703121481,199.81330278024268,15.116608065707286,6.041840829147961,5.1676517695780495,5.907179729351506,5.907179729351506,0.0,14.581479100779312,0.0,0.0,0.0,47.46734805431147,54.077993406322165,28.83181875236364,17.491733748950583,9.589074368143644,51.94577595813721,0.0,15.116608065707286,4.992404732635668,19.007418857986547,19.634269217737724,80.3052819855154,0.0,0.0,5.316788604006331,0.0,0.0,34.963764729856145,46.41609990771974,9.589074368143644,0.0,30.134321841380537,64.12551710727443,10.045266627482652,0.0,0.0,65.01,0.0,9.589074368143644,0.0,30.44279752291151,28.039915953197852,21.991594066027872,11.761884949391115,4.899909730850477,55.4546737473835,10.216698334856808,28.194284513100698,0.0,13.617628892737208,34.350930966289404,4.88202756964641,2.949511618220734,-0.261219349389997,15.186056535707866,0.0,2.9972859890105954,0.0,0.2608695652173913,32,1,6,0,3,3,2,2,0,2,2,0,5,1,9,3,3,0,1,1,0,0,5.651673881584863,5,4.384100000000004,127.5407,0,0,0,0,0,0,0,0,0,0,2,2,0,0,1,3,1,0,0,0,0,0,0,0,0,0,1,2,1,0,0,0,0,0,2,0,1,0,0,0,0,0,0,0,2,0,0,0,0,0,0,0,0,0,0,0,0,0,0,0,0,0,0,0,0,0,0,0,0,0,1,0,0,0,0,1,0,0,0,0,0,0,0,0,0,CHEMBL2152318,CC1=C(C(=O)N2CCNC(=O)C2)SC2=N[C@@H](c3ccc(Cl)cc3)[C@@H](c3ccc(Cl)cc3)N21,2700.0,3.4313637641589874,CHEMBL5023,p53-binding protein Mdm-2,3,Large-Nonpolar-Aromatic-Rigid-Hydrophobic,Large-Nonpolar-Aromatic-Rigid-Hydrophobic
15.457581517975637,15.457581517975637,0.0725588582483074,-0.6707822580178926,0.2554726592484578,14.575,580.4870000000002,552.2630000000003,579.1491753360001,206,0,0.2607182747609406,-0.4960543242594059,0.4960543242594059,0.2607182747609406,1.05,1.8,2.45,35.49678614678281,9.975105644194905,2.445810116643846,-2.3021110395649567,2.4850326955842186,-2.30906798940482,6.310514804131136,0.096077509588705,3.4459209924927365,1.827080777881476,1664.016451138195,28.877586219651835,22.681268711694702,24.19312660373161,19.08182511571751,12.777878162207706,13.53380710822616,9.937975730396106,10.781611637608696,7.240756163858574,7.767761113996933,5.476212821485789,5.87242180003841,-3.8099999999999983,913169838.3427984,27.745407286897567,10.635951659740275,4.431451246224246,241.8188186614343,14.620751205597736,11.791352662431866,5.817220841045894,0.0,11.814359458703011,0.0,14.48898409899412,4.39041504767482,0.0,0.0,35.33461391738825,80.42905113015875,29.23904910896047,34.77112461109634,18.716352369618512,40.703625513851605,0.0,9.883888251797686,0.0,32.85489325736779,19.0573792548052,104.47389211478112,0.0,17.00689131982936,14.953561288656855,10.077801322358384,5.749511833283905,23.20187978046503,30.53892863044909,0.0,12.74095804073652,63.46796438745725,60.6636706846161,10.045266627482652,11.257379486545457,0.0,63.57,11.859061670193856,9.589074368143644,4.39041504767482,28.56621987627586,38.850355611813136,11.126902983393991,10.966276799312087,56.62203900318599,32.903945735995094,9.883888251797686,27.938742734265084,23.187332257522552,12.455214979821946,28.15245943633422,3.1342962246972825,4.6822449213122335,-0.7261749123217733,16.273962966563527,0.0,5.935617877681971,3.127268470610268,0.2258064516129032,40,1,6,0,1,1,2,3,1,4,1,0,4,1,9,2,6,0,0,0,0,1,7.377470267081203,5,7.608320000000007,156.44669999999965,0,0,0,0,0,1,0,0,0,0,2,2,0,0,0,2,1,0,0,0,0,0,0,0,0,0,0,2,0,1,1,0,0,0,3,0,1,0,0,0,0,1,0,0,3,0,0,0,0,0,0,0,0,0,0,1,0,0,0,0,0,0,0,0,0,0,0,0,0,0,0,0,0,0,0,0,0,0,0,0,0,0,0,0,0,CHEMBL3896443,CNC(=O)c1ccc(OC)c(-c2cc3c(n2C(C)C)C(c2ccc(Cl)cc2C)N(c2cccc(Cl)c2F)C3=O)c1,0.757,-0.1209041204999272,CHEMBL1907611,Tumour suppressor p53/oncoprotein Mdm2,3,Large-Nonpolar-Aromatic-Rigid-Hydrophobic,Large-Nonpolar-Aromatic-Rigid-Hydrophobic
14.449962846998766,14.449962846998766,0.095703612720809,-0.5727894305870498,0.2703221273641063,15.026315789473683,553.4650000000003,526.2490000000003,552.1495096839999,196,0,0.3279588198107133,-0.4959887410648283,0.4959887410648283,0.3279588198107133,1.0,1.7105263157894737,2.3947368421052633,35.49678567197475,9.94040476756687,2.4122704614283528,-2.3827636859791315,2.463590762668136,-2.4417878718047037,6.308608689595598,0.2539637212826695,3.2407842009417296,1.8572011245838915,1566.666183702481,27.30023595046221,21.64288374754117,23.154741639578077,18.099463205922557,12.187634279142395,12.943563225160853,9.612023091432189,10.48489465237616,6.7853635288240985,7.255557734399576,5.090054566083455,5.483055617636618,-3.5499999999999994,315451815.51909655,26.072866573886344,9.966021195129732,4.395738682177206,230.51200242794044,9.303962601591405,23.43297800147769,5.817862777835028,0.0,0.0,6.031114512338072,10.216698334856808,14.16893075269385,0.0,0.0,35.33461391738825,86.84987275308475,16.087107456630612,24.05456330250655,13.921815185546691,40.73824334532169,0.0,9.551078168738565,0.0,39.77863045705841,17.32649587613434,92.8440735546225,0.0,17.137367822980828,14.953561288656855,20.690201284265232,5.749511833283905,23.20187978046503,22.691990222354168,0.0,19.664695240427143,48.315438527616614,54.59730361615449,10.045266627482652,11.387855989696924,0.0,59.39,11.859061670193856,9.184952231746642,0.0,12.072955341486033,38.68788350298207,22.384282469939446,19.242531678200752,23.099010936235302,56.5275167204003,5.316788604006331,32.92272125521229,22.034091951336652,12.721994766656932,20.3391298973293,4.0839483490017106,4.583264551811781,0.9531063106210418,14.368335210873528,0.0,7.939335254848121,1.5323492630764872,0.2413793103448276,38,1,6,0,1,1,2,3,1,4,1,0,4,1,9,2,5,0,0,0,0,1,6.837966865608969,5,8.343840000000005,150.27669999999972,0,0,0,0,0,2,0,0,0,0,1,1,0,0,0,3,1,0,0,0,0,0,0,0,0,0,0,2,0,2,2,0,0,0,3,0,1,0,0,0,0,1,0,0,3,0,0,1,0,0,0,0,0,0,0,1,0,0,0,0,0,0,0,0,0,0,0,0,0,0,0,0,0,0,0,0,0,0,0,0,0,0,0,0,1,CHEMBL3938216,COc1ccc(F)cc1-c1nc2c(n1C(C)C)C(c1ccc(Cl)cc1C)N(c1cc(Cl)ccc1C)C(=O)N2,531.0,2.725094521081469,CHEMBL1907611,Tumour suppressor p53/oncoprotein Mdm2,3,Large-Nonpolar-Aromatic-Rigid-Hydrophobic,Large-Nonpolar-Aromatic-Rigid-Hydrophobic
6.734603883219955,6.734603883219955,0.2050842072940291,-0.323006542894936,0.2811651253553333,18.647058823529413,580.2800000000002,560.1200000000001,577.9953000800001,170,0,0.2285058010520142,-0.495908493209879,0.495908493209879,0.2285058010520142,0.9117647058823528,1.588235294117647,2.264705882352941,79.919761982247,9.837040956954494,2.436682285435579,-2.4211749038815715,2.5400503628420545,-2.3673893564950106,9.104490630700957,0.2200647524254117,3.3458300824859952,1.680781583406146,1413.7535974879445,23.39661226763952,18.44418367760078,21.616176755830185,16.56288194571337,10.787852654401211,12.373849193515916,8.204513615238646,10.035864672822022,6.332663496044952,7.389994522121424,4.854964459701917,5.383629972740152,-3.099999999999999,111934558.04308435,21.43443098672419,8.285566073105267,3.2733857555064385,213.6399738632332,14.373635638450576,29.97215095822861,0.0,5.948339280986494,0.0,0.0,0.0,4.681802935145184,10.082660329248244,0.0,62.19172313820675,47.52510539416365,21.56621554441128,18.37028834603036,9.473725907600098,43.50526638994103,0.0,14.764463264393427,0.0,12.145807216896262,19.0573792548052,104.26625586466736,0.0,11.49902366656781,14.373635638450576,5.948339280986494,11.49902366656781,31.859887795898697,28.92193278834815,0.0,0.0,28.83616169198725,87.57590138957637,0.0,5.697039313055833,0.0,52.41,0.0,0.0,0.0,12.145807216896262,0.0,54.353300297435226,0.0,13.437117616042077,42.061310260130426,83.24066026676708,9.473725907600098,16.54353783315183,7.126738130354427,6.697121860222509,4.642935733707063,5.191909512261695,2.2999988189720333,22.337835450876348,1.282917417253862,0.0,3.7103385765335615,0.1538461538461538,34,0,6,0,2,2,0,3,1,4,2,0,6,0,8,3,3,0,0,0,0,0,5.223423358232888,6,6.395900000000005,138.1309999999999,0,0,0,0,0,3,0,0,0,0,0,0,0,0,0,4,0,0,0,0,0,0,0,0,0,0,0,0,0,1,0,0,0,0,3,0,3,0,0,0,0,2,0,0,2,0,0,0,0,0,0,0,0,0,0,1,0,0,0,0,0,0,0,0,0,0,0,0,0,0,0,0,0,0,0,0,0,0,0,0,0,0,0,0,0,CHEMBL2347394,COc1cccc2c1C1=C([C@H](c3ccc(Br)cc3)n3ncnc3N1C)[C@@H](c1ccc(Br)cc1)O2,70.0,1.845098040014257,CHEMBL5023,p53-binding protein Mdm-2,3,Large-Nonpolar-Aromatic-Rigid-Hydrophobic,Large-Nonpolar-Aromatic-Rigid-Hydrophobic
14.162324884316376,14.162324884316376,0.0357095003639313,-0.3839946565045773,0.2559459101891231,14.864864864864863,536.4590000000002,509.2430000000003,535.142947084,190,0,0.2606316639841718,-0.4809018419655599,0.4809018419655599,0.2606316639841718,0.8918918918918919,1.5945945945945943,2.243243243243243,35.49678553393321,10.017301307034382,2.435507234502016,-2.299740684442778,2.4770385201549843,-2.3022932494135615,6.309119131644157,0.0993142460983688,3.404370518347394,1.7870898697399162,1495.2703746607656,26.42999246245913,21.250517834185427,22.762375726222334,17.74362115826599,11.94435781166691,12.700286757685364,9.262745355070743,10.135616916014712,6.688517583107028,7.175591001234252,5.053534123850049,5.345865836561088,-3.4799999999999995,253969989.73851687,25.181374061765503,9.765291230866543,4.240339394938463,225.91015007091303,14.040825555391454,6.041840829147961,0.0,11.759976672870742,5.907179729351506,0.0,9.6944469149223,0.0,4.983978520947208,0.0,41.40098098584986,68.29631699323552,27.840860799775783,36.73435405564598,14.26826309167192,34.7964457845001,0.0,9.551078168738565,0.0,32.85489325736779,19.119504813405545,93.09321978203822,0.0,23.0173561594162,14.373635638450576,5.687386274683562,11.759976672870742,23.20187978046503,29.677852980645135,0.0,6.923737199690624,53.109975711688435,60.6636706846161,10.045266627482652,11.257379486545457,0.0,56.59,0.0,4.794537184071822,0.0,17.990861387647428,27.36869479205039,33.76559673947147,0.0,20.285962151016676,66.4209505466956,23.39855256811981,32.67560568806513,13.104079368590345,12.632431890187767,20.473512868526996,1.2028369245947512,5.826341140396844,0.7827587820690558,18.541527532318582,0.0,6.184990849613935,3.140409532590615,0.2413793103448276,37,0,6,0,1,1,1,2,2,4,1,0,5,0,8,3,6,0,0,0,0,1,6.6460392245007816,5,7.513220000000007,147.44549999999975,0,0,0,0,0,2,0,0,0,0,1,1,0,0,0,3,0,0,0,0,0,0,0,0,0,0,0,1,0,1,1,0,0,0,2,0,1,0,0,0,0,2,0,0,2,0,0,0,0,0,0,0,0,0,0,2,0,0,0,0,0,0,0,0,0,0,0,0,0,0,0,0,0,1,0,0,0,0,0,0,0,0,0,0,0,CHEMBL3953300,COc1ccc(-c2cc3c(n2C(C)C)C(c2ccc(Cl)cc2)N(c2cc(Cl)ccc2C)C3=O)c(OC)n1,0.323,-0.4907974776688971,CHEMBL1907611,Tumour suppressor p53/oncoprotein Mdm2,3,Large-Nonpolar-Aromatic-Rigid-Hydrophobic,Large-Nonpolar-Aromatic-Rigid-Hydrophobic
12.981187479047328,12.981187479047328,0.0081964008948143,-0.548029966616276,0.5200996689614971,22.774193548387096,474.4570000000001,449.25700000000023,473.10953878,162,0,0.2615233463141613,-0.3442537921546633,0.3442537921546633,0.2615233463141613,1.064516129032258,1.6129032258064515,2.129032258064516,35.49678554561231,9.80828809209747,2.5268180060591967,-2.3678504914183516,2.557412784174665,-2.359681708122419,8.17775066611355,-0.1236177380906076,3.208109725979329,1.909043980285236,1077.0081863723383,22.499271042140983,18.187569005342315,20.515923478306952,14.629753405879445,10.17445733045752,11.746882857403705,8.54358984484919,10.393982213159058,5.771850061441528,7.33424311372763,4.2676905119091675,5.948129375225532,-1.949999999999999,9122991.454839746,22.251321063762983,8.193307242208341,3.770684158057409,197.47269176451672,9.799819461700954,10.444061766273393,5.1676517695780495,0.0,5.907179729351506,0.0,4.794537184071822,4.992404732635668,0.0,0.0,61.31482245369272,59.99589945248356,29.837649905892867,6.041840829147961,4.794537184071822,46.03859622878571,0.0,9.799819461700954,10.91031077879706,32.35197768060318,14.09534396535438,80.3052819855154,0.0,0.0,0.0,0.0,0.0,34.963764729856145,34.96999492598489,10.333462436455168,5.917906046161393,37.93995541161382,64.12551710727443,10.045266627482652,0.0,0.0,35.910000000000004,5.538925252383345,4.794537184071822,0.0,17.86692660466086,10.045266627482652,26.89673057991792,11.761884949391115,18.995253696204855,48.53093654769288,25.67112132992235,28.194284513100698,0.0,13.825390371221436,22.81317083068135,2.235028570248629,2.633389296562247,0.1623334456304037,15.67270684611293,0.0,6.392926001234082,3.570610193864474,0.3333333333333333,31,0,4,0,2,2,1,2,0,2,2,0,4,0,7,2,4,0,0,0,0,0,5.881029355497815,4,6.324100000000007,130.42,0,0,0,0,0,0,0,0,0,0,1,1,0,0,1,3,0,0,0,1,0,0,0,0,0,0,1,1,1,0,0,0,0,0,2,0,1,0,0,0,0,0,0,0,2,0,0,0,0,0,0,0,0,0,0,0,0,0,0,0,0,0,0,0,0,0,0,0,0,0,0,0,0,0,0,1,0,0,0,0,0,0,0,0,0,CHEMBL2315839,CC(C)C1=C(C(=O)N(C)C)SC2=N[C@@](C)(c3ccc(Cl)cc3)[C@@H](c3ccc(Cl)cc3)N21,26.0,1.414973347970818,CHEMBL1907611,Tumour suppressor p53/oncoprotein Mdm2,3,Large-Nonpolar-Aromatic-Rigid-Hydrophobic,Large-Nonpolar-Aromatic-Rigid-Hydrophobic
13.501084020997444,13.501084020997444,0.070989491475603,-0.111360281767028,0.5208550082052098,22.75757575757576,502.467,477.26700000000034,501.10445340000007,172,0,0.2622011563071283,-0.3777737818585158,0.3777737818585158,0.2622011563071283,1.0,1.5757575757575757,2.1515151515151514,35.496785780634546,9.92174692161221,2.472035550531385,-2.320542017070052,2.531080879551562,-2.410350835643202,8.177733029088483,-0.1299781596534114,3.364490739404868,1.5803317173275762,1109.4768815217578,23.112155217263343,18.501594689741996,20.829949162706633,15.935560745775549,11.107761366011424,12.680186892957606,8.650153313194084,10.500545681503954,6.180842471737736,7.757357686445256,4.60507910517861,6.171185165588483,-1.989999999999999,48109525.98089809,22.7850263706432,9.336578337969929,4.298445301699956,207.945347954891,14.536682415501003,10.946977343038007,5.1676517695780495,0.0,5.907179729351506,0.0,9.786941916707493,0.0,0.0,0.0,61.31482245369272,53.072162252792936,28.83181875236364,19.255604758173796,9.53140013787187,46.03859622878571,0.0,9.799819461700954,10.91031077879706,25.93115605767717,26.303276740850983,80.3052819855154,0.0,0.0,0.0,0.0,0.0,34.963764729856145,47.177927701481494,9.53140013787187,5.917906046161393,37.05805904107116,64.12551710727443,10.045266627482652,0.0,0.0,45.14000000000001,0.0,4.794537184071822,0.0,23.908767433808823,36.34854336833364,26.89673057991792,11.761884949391115,0.0,41.29811214162014,30.880118267154945,32.93114746690075,5.4462873546989785,13.847508392767113,23.574216197902317,2.262245382982737,3.2311007244274452,0.2277385382229966,15.620975134693406,0.0,6.678817163193898,0.0,0.36,33,0,5,0,3,3,1,2,0,2,2,0,5,0,8,3,4,0,1,1,0,0,6.446490413400634,5,5.920600000000006,134.51399999999992,0,0,0,0,0,0,0,0,0,0,1,1,0,0,1,3,0,0,0,0,0,0,0,0,0,0,1,1,1,0,0,0,0,0,2,0,1,0,0,0,0,1,0,0,2,0,0,0,0,0,0,0,0,0,0,0,1,0,0,0,0,0,0,0,0,0,0,0,0,0,0,0,0,0,0,1,0,0,0,0,0,0,0,0,0,CHEMBL2152326,CC(C)C1=C(C(=O)N2CCOCC2)SC2=N[C@@H](c3ccc(Cl)cc3)[C@@H](c3ccc(Cl)cc3)N21,340.0,2.531478917042255,CHEMBL5023,p53-binding protein Mdm-2,3,Large-Nonpolar-Aromatic-Rigid-Hydrophobic,Large-Nonpolar-Aromatic-Rigid-Hydrophobic
14.254886612711438,14.254886612711438,0.0137755714425691,-0.4248136075417823,0.2652818195451094,14.615384615384617,562.4970000000002,533.2650000000002,561.158597148,200,0,0.2606316554836315,-0.4960543242594059,0.4960543242594059,0.2606316554836315,0.9487179487179488,1.641025641025641,2.282051282051282,35.496785733351786,10.01622873659514,2.4353993092168857,-2.300638326023796,2.478626402702858,-2.3024178397618096,6.309222897872791,0.0960806896551432,3.445404057395838,1.7996591693040085,1591.614720837879,28.007342731648755,22.3806545078751,23.892512399912007,18.65430476078895,12.666246194892716,13.422175140911172,9.84648186246842,10.719353423412388,7.140035477593427,7.627108895720651,5.3595501540197175,5.651881866730758,-3.7399999999999984,621426030.5111692,26.850750846856354,10.43694977919006,4.577077209770344,237.65328325850805,14.620751205597736,11.791352662431866,0.0,0.0,11.814359458703011,0.0,14.48898409899412,0.0,0.0,0.0,41.40098098584986,80.42905113015874,39.94906869738536,24.061105022671452,14.325937321943693,40.703625513851605,0.0,9.883888251797686,0.0,32.85489325736779,19.0573792548052,104.72303834219684,0.0,17.00689131982936,14.953561288656855,5.687386274683562,5.749511833283905,23.20187978046503,30.53892863044909,0.0,6.923737199690624,63.46796438745725,66.73003775307771,10.045266627482652,11.257379486545457,0.0,63.57,6.041840829147961,9.589074368143644,0.0,17.85620028785097,26.92168144416055,33.76559673947147,0.0,26.290203660877943,66.4209505466956,23.731362651178937,27.938742734265084,7.869337936327475,12.656659595734157,28.560018609502784,3.847718493103942,6.087784340087699,0.2805283188961323,19.931611196960674,0.0,6.127997830915955,3.1938992340267456,0.2258064516129032,39,1,6,0,1,1,2,3,1,4,1,0,4,1,8,2,6,0,0,0,0,0,7.185639439030377,5,7.469220000000006,156.48869999999965,0,0,0,0,0,1,0,0,0,0,2,2,0,0,0,2,1,0,0,0,0,0,0,0,0,0,0,2,0,1,1,0,0,0,3,0,1,0,0,0,0,1,0,0,2,0,0,0,0,0,0,0,0,0,0,1,0,0,0,0,0,0,0,0,0,0,0,0,0,0,0,0,0,0,0,0,0,0,0,0,0,0,0,0,0,CHEMBL4107457,CNC(=O)c1ccc(OC)c(-c2cc3c(n2C(C)C)[C@@H](c2ccc(Cl)cc2)N(c2cc(Cl)ccc2C)C3=O)c1,180.52,2.2565253248481083,CHEMBL1907611,Tumour suppressor p53/oncoprotein Mdm2,3,Large-Nonpolar-Aromatic-Rigid-Hydrophobic,Large-Nonpolar-Aromatic-Rigid-Hydrophobic
15.018534930433075,15.018534930433075,0.0029624905517762,-1.3298011148904,0.3908361738990564,10.933333333333334,445.2520000000002,433.1560000000001,444.024389424,150,0,0.3563061511779454,-0.476450024256966,0.476450024256966,0.3563061511779454,0.9,1.6333333333333333,2.3,35.496785391670954,10.091449726131192,2.2700350768936928,-2.1446432925884196,2.363585409402255,-2.051198245522989,6.309507861095037,0.0691742823045622,3.132841448383733,2.1466937795557177,1273.8752355627064,21.41348460451408,15.112599930086532,16.624457822123443,14.379917853109724,8.694428287842097,9.450357233860553,6.341043621451968,7.15544387493318,4.477136054998372,5.058690364013555,3.159540021976043,3.5096341342455384,-3.219999999999998,7563230.636493246,20.069059099616123,7.894367476867206,3.444736230226965,179.49976685249737,5.106527394840706,11.64162533904582,11.511148835894357,0.0,0.0,5.969305287951848,4.567099647791355,18.559345800368668,0.0,0.0,59.6000821912347,30.33183534230805,11.126902983393991,21.426580897014677,18.681894674262168,29.17118506841688,0.0,9.551078168738565,0.0,0.0,0.0,94.10367405750064,0.0,28.33262175092594,0.0,8.78083009534964,0.0,23.20187978046503,20.62691085153112,0.0,11.634441682091788,10.488465178920285,66.73003775307771,10.045266627482652,28.33262175092594,0.0,55.12,17.603746970043638,14.291479626587348,4.39041504767482,38.508364881560055,5.563451491696996,6.06636706846161,34.898934990099406,30.33183534230805,0.0,4.983978520947208,23.20187978046503,30.10540464628187,11.907048439397524,16.296676727275273,9.460671086335772,0.5174207399008994,-2.560972203568703,16.829306119932923,0.0,0.0,0.0,0.0,30,1,4,0,0,0,0,3,1,4,0,0,3,1,8,1,4,0,0,0,0,0,5.281084248244512,4,6.489500000000002,111.33130000000004,0,0,0,0,1,2,0,0,1,1,1,0,0,0,0,2,0,0,0,0,0,0,0,0,0,0,0,0,0,0,0,0,0,0,3,0,0,0,0,0,0,0,0,0,4,0,0,1,0,0,0,0,0,0,0,0,0,0,0,0,0,0,0,0,0,0,0,0,0,0,0,0,0,0,0,0,0,0,0,0,0,0,0,0,0,CHEMBL3260813,O=C(O)c1nc(-c2ccccc2)n(-c2cccc(Cl)c2F)c1-c1ccc(F)c(Cl)c1,3.0,0.4771212547196624,CHEMBL5023,p53-binding protein Mdm-2,0,Large-Nonpolar-Aromatic-Rigid-Hydrophobic,Large-Nonpolar-Aromatic-Rigid-Hydrophobic
12.675400851478155,12.675400851478155,0.1008430265110162,-4.515574212318024,0.5986938993589579,15.23076923076923,420.6010000000001,413.5450000000002,418.9494461640001,134,0,0.415910220043118,-0.2681057127720895,0.415910220043118,0.2681057127720895,0.8076923076923077,1.4230769230769231,1.9615384615384617,35.4989897691048,10.038250201122423,2.394749608122177,-2.153102463970399,2.3750831722143424,-2.306352683572785,6.599798777361148,-0.1371929089648774,2.7917226030455735,1.99872875916362,952.7157281347396,19.223250160202095,12.572948898810427,14.840735736865794,12.108079470920517,7.022363179499986,8.156256598527667,5.308218618558797,6.500583345049237,3.6895891642163465,4.779267779912873,2.437722406588542,3.004512040117376,-2.019999999999999,537339.5997437998,18.76164585655692,6.610913769313602,3.200583668045035,160.1070564715452,0.0,5.032286352113597,0.0,0.0,11.814359458703011,6.176298517443475,9.589074368143644,4.899909730850477,13.17124514302446,0.0,46.93555380762077,35.89528683400505,0.0,26.86920892393248,22.760319511168102,57.87766993415339,0.0,0.0,0.0,6.176298517443475,4.899909730850477,68.66902544222151,0.0,0.0,4.899909730850477,18.858631417708025,0.0,34.802819670697545,11.814359458703011,15.76537288558712,0.0,11.126902983393991,47.49685583134487,10.045266627482652,5.5731045300692665,0.0,37.38,23.55410946784348,22.760319511168102,0.0,31.901495276046074,0.0,29.16537800469692,18.19910120538483,0.0,0.0,0.0,34.802819670697545,38.02620255443446,17.709291473631247,25.840533273494582,-0.0266379851027132,-0.8139631131165515,-1.5665726962081132,7.930054038518445,-4.515574212318024,0.0,0.0,0.0588235294117647,26,0,3,0,1,1,2,2,0,2,0,0,2,0,9,1,2,0,0,0,0,0,4.770447035696062,3,5.535500000000002,93.172,0,0,0,0,0,0,0,0,0,0,2,2,0,0,0,1,0,0,0,0,0,0,0,0,0,3,0,2,0,1,0,0,0,0,2,0,0,0,0,0,0,0,0,0,6,0,0,0,1,0,0,0,0,0,0,0,0,0,0,0,0,0,0,0,0,0,0,0,0,0,0,0,0,0,0,0,0,0,0,0,0,0,0,0,0,CHEMBL2316723,O=C1C(Cl)=C(c2ccc(C(F)(F)F)cc2)C(=O)N1c1ccc(Cl)c(Cl)c1,810.0,2.90848501887865,CHEMBL2034807,DNA repair protein RAD51 homolog 1,0,Large-Nonpolar-Aromatic-Rigid-Hydrophobic,Large-Nonpolar-Aromatic-Rigid-Hydrophobic
14.17856429866185,14.17856429866185,0.0602326187676722,-1.0399805152364394,0.2663900603349408,14.763157894736842,549.4540000000002,523.2460000000002,548.1269626720001,194,0,0.3352062900236644,-0.496054306324528,0.496054306324528,0.3352062900236644,0.9473684210526316,1.631578947368421,2.263157894736842,35.496785642009975,10.01641674476688,2.435368363838312,-2.3005015166288776,2.478570973279612,-2.3023084729547816,6.309196239501145,0.0696324609035911,3.4051385670834997,1.811185589449136,1574.1164379354193,27.30023595046221,21.32786810337506,22.839725995411964,18.116299958328167,12.139852992642696,12.895781938661152,9.57251028164497,10.44538184258894,6.897735282553636,7.3848087006808605,5.207004189074686,5.4993359017857255,-3.7399999999999984,359823825.45900124,25.89058819221608,9.856612353347948,4.236657954864887,230.53271271269944,14.410489996432108,11.791352662431866,0.0,0.0,5.907179729351506,5.969305287951848,9.6944469149223,4.794537184071822,0.0,0.0,41.40098098584986,80.42905113015874,27.33794522301117,29.624556514368447,19.4324647167844,40.76575107245195,0.0,4.567099647791355,0.0,32.85489325736779,12.009707272128011,104.72303834219684,0.0,17.00689131982936,9.636772684650529,5.687386274683562,5.749511833283905,23.20187978046503,28.65990960121295,0.0,6.923737199690624,63.46796438745725,66.73003775307771,10.045266627482652,11.257379486545457,0.0,71.77000000000001,12.011146117099807,14.69560176298435,0.0,17.51247205019646,32.615609439009006,22.508217252926013,6.06636706846161,30.20880847751284,63.235781078303134,4.567099647791355,27.938742734265084,7.703043293470332,12.602179877921104,27.747307406564307,10.780707924969914,5.31623484228147,-0.6877306884104939,19.030347259965627,0.0,6.0208680186579375,1.5425976201353602,0.2,38,1,6,0,1,1,1,3,1,4,1,0,4,1,8,2,6,0,0,0,0,1,6.715618195022147,5,7.807820000000006,150.05779999999973,0,0,0,0,1,1,0,0,1,1,2,1,0,0,0,2,0,0,0,0,0,0,0,0,0,0,0,1,0,1,1,0,0,0,3,0,1,0,0,0,0,1,0,0,2,0,0,0,0,0,0,0,0,0,0,1,0,0,0,0,0,0,0,0,0,0,0,0,0,0,0,0,0,0,0,0,0,0,0,0,0,0,0,0,0,CHEMBL3959598,COc1ccc(C(=O)O)cc1-c1cc2c(n1C(C)C)C(c1ccc(Cl)cc1)N(c1cc(Cl)ccc1C)C2=O,0.169,-0.7721132953863264,CHEMBL1907611,Tumour suppressor p53/oncoprotein Mdm2,3,Large-Nonpolar-Aromatic-Rigid-Hydrophobic,Large-Nonpolar-Aromatic-Rigid-Hydrophobic
13.295875027994736,13.295875027994736,0.0705776014109349,-0.2673316291537193,0.6043910006159663,24.821428571428573,413.3480000000002,391.17200000000014,412.110918684,144,0,0.2267896288207308,-0.3344897676282453,0.3344897676282453,0.2267896288207308,1.0357142857142858,1.7857142857142858,2.4285714285714284,35.49678456345273,9.747076028535982,2.4407753386180686,-2.4464971214385867,2.474312048048653,-2.4719998278154214,6.304376790079306,-0.1430254540891316,3.499076990313098,1.788840648616439,901.56349716122,19.672997628507925,15.522341563690484,17.034199455727393,13.562881945713372,9.748865150091175,10.50479409610963,7.886725907376533,8.759597468320504,5.865538476881985,6.352611895009208,4.315825988630456,4.640541600715271,-2.0199999999999996,4574385.338360197,19.303108533478504,8.150906720480565,4.040949650139174,175.41166618234442,4.899909730850477,0.0,0.0,5.907179729351506,0.0,0.0,4.794537184071822,0.0,5.261891554738487,0.0,47.46734805431147,60.57274217217986,28.92875070248263,18.02896818810163,4.794537184071822,29.109059509816536,5.261891554738487,4.899909730850477,11.835812092322788,37.64303336701339,6.544756405912575,69.70310615856953,0.0,6.069221312792274,0.0,0.0,0.0,23.20187978046503,17.35184586611456,4.794537184071822,23.166924959853542,48.76993635040739,48.53093654769288,10.045266627482652,0.0,0.0,44.1,0.0,10.056428738810308,0.0,30.205654273748262,22.38399429657006,17.671659389306566,12.84164324585202,0.0,47.36447921008175,12.135588381253884,23.20187978046503,0.0,12.399699731863633,15.321651671985666,10.646085049760645,2.196731386999245,0.497437641723356,17.82683482588951,3.2453685069706895,0.7550800736961452,0.0,0.391304347826087,28,0,3,1,1,2,1,2,0,2,3,0,2,0,5,1,5,1,1,2,0,0,5.619208466846274,4,5.990480000000005,111.16000000000004,0,0,0,0,0,0,0,0,0,0,1,1,0,0,0,2,0,0,0,0,1,0,0,0,0,0,0,1,0,0,0,0,0,0,2,0,0,0,0,0,0,0,0,0,2,0,0,0,0,0,0,0,0,0,0,0,0,1,0,0,0,0,0,0,0,0,0,0,0,1,0,0,0,0,0,0,0,0,0,0,0,0,0,0,0,CHEMBL2177184,N#CC[C@H]1C[C@H](c2cccc(Cl)c2)[C@@H](c2ccc(Cl)cc2)N(CC2CC2)C1=O,2340.0,3.369215857410143,CHEMBL1907611,Tumour suppressor p53/oncoprotein Mdm2,3,Large-Nonpolar-Aromatic-Rigid-Hydrophobic,Large-Nonpolar-Aromatic-Rigid-Hydrophobic
12.732594162090916,12.732594162090916,0.0233219048000794,-4.0270417179855285,0.4139985315126178,11.4,456.35000000000014,441.23000000000025,455.0149697,150,0,0.2645193806422424,-0.2682140362052138,0.2682140362052138,0.2645193806422424,0.7,1.4333333333333331,2.2,35.49826340866922,10.029461596121278,2.1921322590608705,-2.0953982209647695,2.2871901532390657,-2.301028659598394,7.89709546424809,0.0981168495698308,2.7482633643754597,1.615418573936794,1384.3648523993086,21.302754140504845,15.471825876528673,17.80018034949331,14.331337023048247,8.94845545969907,11.18754765331192,6.653272504661355,9.150074999552078,4.635987908643378,6.703677666154303,3.0901397667654726,4.3973170582413,-2.859999999999998,6237136.984972911,20.414300994826625,8.107986566285485,4.188679820522975,183.67089080758709,0.0,0.0,0.0,0.0,15.930470882759089,0.0,4.794537184071822,13.139891848781026,0.0,0.0,71.73281632815791,58.29755382309324,5.563451491696996,14.940750103000427,13.212334168400758,49.90479909215371,0.0,4.722094864452088,0.0,4.895483475517775,0.0,100.53785707764222,0.0,11.126902983393991,4.722094864452088,0.0,0.0,23.20187978046503,14.324976713680442,10.023291153407584,0.0,10.357988675768818,89.82462243398034,10.045266627482652,21.899351412323583,0.0,63.24,15.930470882759089,13.212334168400758,0.0,10.45893496721477,15.608718119179647,16.335899920626588,12.13273413692322,48.53093654769288,24.26546827384644,4.722094864452088,23.20187978046503,27.60402977073988,12.026225495292516,12.68767489393812,2.5048493869868516,1.683974748821847,-0.717528624618571,23.87670493571378,0.0,0.0,-4.0270417179855285,0.0,30,1,4,0,0,0,1,4,0,4,0,0,3,1,7,0,4,0,0,0,0,0,5.5172959408720885,4,5.932300000000003,120.49800000000002,0,0,0,0,0,0,0,0,0,0,1,1,0,0,0,0,1,0,0,0,0,0,0,0,0,0,0,1,0,0,0,0,0,0,4,0,1,0,0,0,0,0,0,0,2,0,0,0,0,0,0,0,0,0,0,0,0,0,0,0,0,0,0,0,0,0,0,0,0,0,0,0,0,0,0,0,1,0,0,0,0,0,0,0,0,CHEMBL1824823,O=C(NS(=O)(=O)c1ccc2ccccc2c1)c1cccc(-c2ccc(Cl)c(Cl)c2)c1,10870.0,4.036229544086295,CHEMBL4625,Apoptosis regulator Bcl-X,0,Large-Nonpolar-Aromatic-Rigid-Hydrophobic,Large-Nonpolar-Aromatic-Rigid-Hydrophobic
13.996721448867612,13.996721448867612,0.0429301741272634,-0.3759829302091215,0.3165617723625183,15.294117647058824,491.41800000000023,467.2260000000002,490.121483368,172,0,0.2606316554683707,-0.5072524782215616,0.5072524782215616,0.2606316554683707,0.8823529411764706,1.5588235294117647,2.235294117647059,35.49678519326365,10.017100533902768,2.4337490938567417,-2.2994630115786663,2.4753643379183483,-2.3021052901945285,6.309106557665509,0.0993146195862691,3.315971416947604,1.803666335061347,1406.6808795810734,24.145535412082957,19.08872179163696,20.600579683673867,16.273764703227076,11.162672809192014,11.918601755210467,8.869444023840266,9.742315584784231,6.355357014338623,6.842430432465847,4.856060684759777,5.148392397470818,-3.209999999999998,60485918.366715185,22.5757318427049,8.533962780211453,3.581595679422171,208.5277611543556,9.67362704263206,11.791352662431866,0.0,0.0,5.907179729351506,0.0,9.6944469149223,0.0,0.0,0.0,53.53371512277308,74.36268406169714,27.33794522301117,16.95130748139392,9.901064578912528,34.7964457845001,0.0,4.567099647791355,0.0,32.85489325736779,4.899909730850477,105.22595391896144,0.0,17.00689131982936,4.899909730850477,5.687386274683562,5.749511833283905,23.20187978046503,15.580806771983568,0.0,6.923737199690624,53.109975711688435,72.79640482153933,10.045266627482652,11.257379486545457,0.0,45.470000000000006,0.0,9.901064578912528,0.0,23.740373220931332,21.172169610876644,28.202145247774475,0.0,12.13273413692322,72.48731761515721,18.414574047172604,23.20187978046503,2.1542072940287227,12.557668960470624,15.818773603062624,11.8024763213111,5.684736833132398,0.0786988169158087,21.98110943249728,0.0,6.144550960803667,0.0,0.1785714285714285,34,1,4,0,1,1,1,3,1,4,1,0,3,1,6,2,4,0,0,0,0,1,5.666483978872887,5,7.806620000000006,138.21129999999988,0,0,0,0,0,1,0,1,0,0,1,1,0,0,0,2,0,0,0,0,0,0,0,0,0,0,0,1,0,1,1,0,0,0,3,0,1,0,0,0,0,0,0,0,2,0,0,0,0,0,0,0,0,0,0,0,0,0,0,0,0,0,0,0,1,1,1,0,0,0,0,0,0,0,0,0,0,0,0,0,0,0,0,0,0,CHEMBL3930918,Cc1ccc(Cl)cc1N1C(=O)c2cc(-c3ccccc3O)n(C(C)C)c2C1c1ccc(Cl)cc1,0.306,-0.51427857351842,CHEMBL1907611,Tumour suppressor p53/oncoprotein Mdm2,3,Large-Nonpolar-Aromatic-Rigid-Hydrophobic,Large-Nonpolar-Aromatic-Rigid-Hydrophobic
14.05366430111139,14.05366430111139,0.3552314814814814,-1.06328058075082,0.3446984747987774,16.484848484848484,499.4190000000001,479.25900000000024,498.05716886,168,0,0.3328262750649858,-0.4672206082806805,0.4672206082806805,0.3328262750649858,1.0303030303030305,1.6363636363636365,2.242424242424242,35.49678568699072,9.97573551325197,2.425495082740461,-2.3566289259332227,2.393989191987901,-2.4375427018003664,7.8029716981919375,-0.1463278110991078,2.9119207819873303,1.9724538280262427,1229.404365838686,23.697941654890258,17.841689202839007,20.17004367580364,15.81176950568786,10.1341658059725,11.29834304245482,7.630479782505573,8.943177749076986,5.586529186495864,6.415804275327503,3.97644743693084,4.580131277988734,-2.929999999999999,25794819.282959033,23.235664753975517,9.512567271942874,4.465217635177017,206.80595316324607,14.953561288656855,11.030342930886151,6.041840829147961,0.0,5.907179729351506,5.969305287951848,4.794537184071822,4.794537184071822,0.0,0.0,71.81795563428139,53.94592701708966,10.045266627482652,18.36063530765809,14.325937321943693,57.97212661723683,0.0,4.899909730850477,0.0,19.007418857986547,12.426586145283864,99.02911034734836,0.0,0.0,5.316788604006331,5.687386274683562,0.0,35.41975322351173,28.874694391169555,9.53140013787187,6.923737199690624,39.13202480915572,66.73003775307771,10.045266627482652,0.0,0.0,58.64,18.05298694624777,9.589074368143644,0.0,5.907179729351506,37.41150947899539,5.563451491696996,12.009707272128011,60.6636706846161,12.990104268152232,5.316788604006331,40.156616177311776,5.139050269799277,17.98189383369067,29.038400048290917,4.307188350904081,3.155023206205416,-0.949176814758824,17.364148324836002,0.0,1.8945120812328604,1.291182922021817,0.16,33,1,5,0,1,1,1,3,0,3,2,0,4,1,8,1,4,0,0,0,0,2,6.697903760015275,4,6.152520000000004,133.97119999999993,0,0,0,0,0,0,0,0,0,0,2,2,1,0,0,1,1,0,0,0,0,0,0,0,0,0,0,1,0,1,1,0,0,0,3,0,1,0,0,0,1,1,0,0,2,0,0,0,0,0,0,0,0,0,0,1,0,0,0,0,0,0,0,0,1,0,0,0,0,0,0,0,0,0,0,0,0,0,0,0,0,0,0,0,0,CHEMBL2089206,COC(=O)C(c1ccc(Cl)cc1)N1C(=O)c2cccc(C)c2NC(=S)C1c1ccc(Cl)cc1,19100.0,4.281033367247727,CHEMBL614894,SAOS-2,3,Large-Nonpolar-Aromatic-Rigid-Hydrophobic,Large-Nonpolar-Aromatic-Rigid-Hydrophobic
13.974980613644632,13.974980613644632,0.0759184548304923,-4.554471203123835,0.282666879860795,16.61111111111111,553.3890000000001,536.2530000000002,552.0289034240001,186,0,0.4159098611135872,-0.467220608280688,0.467220608280688,0.4159098611135872,1.0277777777777777,1.6388888888888888,2.2222222222222223,35.49678613064024,9.969583961063249,2.428358919595243,-2.3573370124058073,2.399568334077515,-2.437846798117609,7.802966966692556,-0.1463652820926209,2.931280650536097,1.9398576541733628,1331.871254443591,26.197941654890258,18.475582621866693,20.803937094831326,17.006257618687435,10.445129451342636,11.609306687824954,7.8911305630798125,9.203828529651226,5.67302682102441,6.485422697304301,3.989781570763765,4.647474806895679,-3.1399999999999983,78416869.55529514,25.9381221761893,10.08151982263805,5.043789135980726,219.3025593720248,14.953561288656855,11.030342930886151,6.041840829147961,0.0,5.907179729351506,12.145603805395323,4.794537184071822,4.794537184071822,13.17124514302446,0.0,59.68522149735817,53.59147246262526,10.045266627482652,23.924086799355084,27.497182464968155,57.97212661723684,0.0,4.899909730850477,0.0,18.259980175739397,12.426586145283864,99.02911034734836,0.0,0.0,5.316788604006331,18.858631417708025,0.0,35.41975322351173,28.874694391169555,15.707698655315344,0.0,39.13202480915572,66.73003775307771,10.045266627482652,0.0,0.0,58.64,35.69991668473975,22.760319511168102,0.0,16.11540508513218,21.29610439386321,12.13273413692322,42.34154261443606,24.26546827384644,0.0,5.316788604006331,40.156616177311776,44.64805734161257,17.760484569773386,28.359030640152874,3.714234728952043,0.2332591266023818,-1.382349777616806,12.522377419744467,-4.554471203123835,0.0,1.17159937612514,0.16,36,1,5,0,1,1,1,3,0,3,2,0,4,1,11,1,4,0,0,0,0,2,7.263769246701667,4,6.862900000000004,134.23619999999994,0,0,0,0,0,0,0,0,0,0,2,2,1,0,0,1,1,0,0,0,0,0,0,0,0,3,0,1,0,1,0,0,0,0,3,0,1,0,0,0,1,1,0,0,5,0,0,0,0,0,0,0,0,0,0,1,0,0,0,0,0,0,0,0,0,0,0,0,0,0,0,0,0,0,0,0,0,0,0,0,0,0,0,0,0,CHEMBL2089211,COC(=O)C(c1ccc(Cl)cc1)N1C(=O)c2ccc(Cl)cc2NC(=S)C1c1ccc(C(F)(F)F)cc1,9230.0,3.965201701025912,CHEMBL614894,SAOS-2,3,Large-Nonpolar-Aromatic-Rigid-Hydrophobic,Large-Nonpolar-Aromatic-Rigid-Hydrophobic
13.529162065031771,13.529162065031771,0.097846749811036,-0.9940346846042942,0.6337691526577081,24.75862068965517,434.36300000000006,409.1630000000001,433.12114902,154,0,0.3039259574676925,-0.4812044883316287,0.4812044883316287,0.3039259574676925,1.137931034482759,1.793103448275862,2.3448275862068964,35.496784690633575,9.668765177495988,2.507909300704093,-2.504182256454378,2.513635355677919,-2.5442753329885477,6.304430324224179,-0.1592567435767424,2.6322145105305657,2.1818672183201335,912.59389570447,21.34457050376173,16.731919241405077,18.243777133441988,13.619716704747376,9.676851151705105,10.43278009772356,8.29935741003827,9.17222897098224,5.688163708052375,6.175237126179599,4.443677001495729,4.768392613580544,-2.0399999999999987,2024320.3626105944,21.6636758645951,8.369094710138508,4.436306688747053,180.98067350664468,10.006437125691182,0.0,0.0,5.907179729351506,0.0,5.969305287951848,9.589074368143644,0.0,0.0,0.0,54.39108525400209,55.66066727954769,22.005013502792007,17.877652921470748,14.69560176298435,35.07836479776839,0.0,4.899909730850477,5.414990469396779,51.61444254938121,0.0,69.70310615856953,0.0,0.0,0.0,0.0,0.0,23.20187978046503,27.924762972142496,9.589074368143644,5.414990469396779,56.69950470362723,48.53093654769288,10.045266627482652,0.0,0.0,57.61,11.384295757348628,14.69560176298435,0.0,30.32958905673483,16.466088250408664,11.126902983393991,0.0,6.923737199690624,67.27832067792461,0.0,23.20187978046503,0.0,12.361180125657036,26.938321137113824,10.724343817499708,0.9698674317978228,-1.2020400846459052,14.784099378727957,0.2167118344251288,5.67973858164665,0.0,0.391304347826087,29,1,4,0,1,1,1,2,0,2,3,0,2,1,6,1,5,0,1,1,0,0,6.251908795880626,3,5.940000000000006,115.34480000000003,1,0,0,0,0,0,0,0,1,1,2,1,0,0,0,1,0,0,0,0,1,0,0,0,0,0,0,1,0,0,0,0,0,0,2,0,0,0,0,0,0,0,0,0,2,0,0,0,0,0,0,0,0,0,0,0,0,0,0,0,0,0,0,0,0,0,0,0,0,1,0,0,0,0,0,0,0,0,0,0,0,0,0,0,0,CHEMBL3329620,CC(C)N1C(=O)[C@@](C)(CC(=O)O)C[C@H](c2cccc(Cl)c2)[C@H]1c1ccc(Cl)cc1,6.0,0.7781512503836436,CHEMBL1907611,Tumour suppressor p53/oncoprotein Mdm2,3,Large-Nonpolar-Aromatic-Rigid-Hydrophobic,Large-Nonpolar-Aromatic-Rigid-Hydrophobic
12.776716838856771,12.776716838856771,0.2923515261310625,-4.207450152862337,0.5680795129365779,22.225806451612904,446.54200000000014,421.3420000000002,446.17520246,164,0,0.3933283894807131,-0.3559581479980869,0.3933283894807131,0.3559581479980869,1.096774193548387,1.870967741935484,2.6129032258064515,32.13353933137053,9.962527199505196,2.3786545084910697,-2.3283292049947084,2.406915947526701,-2.3794607919708466,7.182472806809387,-0.1261373993318637,3.4230423769639513,1.159644423545509,1028.227662099025,21.424074484064487,17.107032656193514,17.92352923712124,14.960440995145614,10.795487803090316,11.611984384018044,8.618814325641225,9.734014196930472,6.335036136587519,7.378085155264012,4.585788435922351,5.60676037057037,-2.1899999999999995,19768973.41015434,20.698209348830897,8.390290571407741,4.849081804490285,183.05882410349503,10.216698334856808,16.975579272220138,0.0,0.0,0.0,6.176298517443475,0.0,9.967957041894415,13.17124514302446,11.336785877934735,30.33183534230805,43.35494588101061,29.926406880835803,11.807045837390806,13.17124514302446,27.371269289855128,0.0,15.284745645900744,5.917906046161393,43.81933188445687,24.5341789485882,53.1661211709325,0.0,0.0,10.216698334856808,18.98910792085949,0.0,11.336785877934735,41.820365606223575,6.4208216229260096,5.917906046161393,35.620969600337716,42.725522485534206,0.0,10.216620634085364,0.0,41.05,12.597120140369483,13.17124514302446,0.0,0.0,27.585196534792612,55.0167853338243,18.311593189387544,6.06636706846161,0.0,50.51649071905926,0.0,38.33015051657031,1.1116563527558694,11.739587011007742,4.477752181951559,1.4196786911251442,2.0290383709622457,12.872744074882876,-0.3284140329243297,2.7644735003352428,0.0,0.4782608695652174,31,1,4,1,1,2,0,1,2,3,2,0,5,1,8,3,6,1,1,2,0,0,5.602064217565142,5,5.158200000000004,117.70170000000005,0,0,0,0,0,2,0,0,0,0,0,0,0,0,0,3,1,0,0,0,0,0,0,0,0,3,0,0,0,1,0,0,0,0,1,0,1,0,0,0,0,0,0,0,3,0,0,0,0,0,0,0,0,0,0,0,0,0,0,0,0,0,0,0,0,0,0,0,0,1,0,0,0,0,0,0,0,0,0,0,0,0,1,0,0,CHEMBL4580675,FC(F)(F)Cc1cc2c(N3CCC(CN[C@@H]4C[C@H]4c4ccccc4)CC3)ncnc2s1,84.38,1.9262395210458625,CHEMBL6136,Lysine-specific histone demethylase 1,4,Large-Nonpolar-Aromatic-Rigid-Hydrophobic,Large-Nonpolar-Aromatic-Rigid-Hydrophobic
14.538865203998403,14.538865203998403,0.0850665611876708,-1.0258979731843636,0.6586639208528827,15.75,442.441,421.2730000000002,442.1616605720001,166,0,0.2755988378064148,-0.3683407546227188,0.3683407546227188,0.2755988378064148,1.125,1.8125,2.4375,19.146971749496476,10.132150440702492,2.241212786933993,-2.1867073905930794,2.258866636121993,-2.3183389815654376,5.9154355948880895,0.0941980957614783,3.19688681001692,1.5354698637724329,1190.6036422660866,22.82769816688717,17.316610333908105,17.316610333908105,15.3294075958929,10.147651148948787,10.147651148948787,7.648548465416866,7.648548465416866,5.370711233973906,5.370711233973906,3.6808714395816233,3.6808714395816233,-3.619999999999999,18881056.46335749,21.605951666307167,8.85771163500944,4.366840061549146,181.8414224584427,10.216698334856808,17.80611707760208,5.693927994848461,5.428790391900541,5.907179729351506,0.0,9.589074368143644,17.853048078169643,5.098681808301038,0.0,18.19910120538483,37.61002709646307,42.64540204742835,5.687386274683562,17.96578232709628,11.594566004035068,0.0,15.097273347452552,0.0,26.0609906240395,17.989422542675626,87.34001328715097,0.0,5.687386274683562,15.64548872675735,18.858631417708025,0.0,0.0,34.94885268013317,6.544756405912575,18.558178881782418,28.16666628839175,53.3254737317647,0.0,5.687386274683562,0.0,67.23,35.6868436047667,22.760319511168102,0.0,23.48952216714159,24.346892298370605,12.13273413692322,10.748170003606797,36.08911520438754,6.06636706846161,10.415470412307368,0.0,43.91767122333477,0.0,26.465015888533692,6.498647845345106,0.1000105857418018,-2.565081823005704,12.457350763977534,-0.7152761080970913,1.6749949575032306,0.0,0.2608695652173913,32,1,6,0,1,1,1,2,1,3,1,0,5,1,9,2,5,0,1,1,0,0,5.980602795628144,4,3.297320000000002,113.8252,0,0,0,0,0,2,0,0,0,0,1,1,0,0,0,3,1,0,0,0,0,0,0,0,0,1,0,1,0,1,1,0,0,0,2,0,0,0,0,0,0,0,0,0,3,0,0,0,0,0,0,0,0,0,0,0,0,0,0,0,0,0,0,0,1,0,0,0,0,0,0,0,0,0,0,0,0,0,0,0,0,0,0,0,0,CHEMBL5396819,Cc1cc(=O)c(C(=O)NCc2c(F)cc(N3CC[C@@H](F)C3)cc2F)nn1-c1ccccc1,780.0,2.8920946026904804,CHEMBL5465553,WDR5-MYC,0,Large-Nonpolar-Aromatic-Rigid-Hydrophobic,Large-Nonpolar-Aromatic-Rigid-Hydrophobic
13.006332566977408,13.006332566977408,0.1363752414546064,-0.1363752414546064,0.5084252844906462,10.964285714285714,435.3250000000001,416.17300000000006,434.074223328,140,0,0.2518168814249778,-0.3478219081694132,0.3478219081694132,0.2518168814249778,1.1428571428571428,1.9285714285714288,2.642857142857143,79.91873124855202,10.025511586207577,2.1452249987698453,-2.1087740573920457,2.2719247595710512,-2.22743664896766,9.103025242565105,0.0952266574365388,3.1091576558854532,1.7427233735271968,1165.0992717293564,19.67299762850792,15.608463023055773,17.194459562170476,13.491203638441371,8.925139748555086,9.71813801811244,6.787483298897724,7.703158827689414,4.574109689875378,5.067361328592417,3.0987909622950074,3.4598762227524884,-2.989999999999999,3183839.622779822,18.376880625206407,7.558678244480491,3.8212754942862226,171.09283784814713,5.316788604006331,0.0,0.0,0.0,5.907179729351506,0.0,9.476340119217006,4.983978520947208,5.098681808301038,0.0,45.75886366349278,31.18920547353706,40.77511867389404,22.970923775774793,4.794537184071822,32.74004855938191,0.0,20.08125186839976,7.04767198267719,13.4684936056032,0.0,82.08769768184244,0.0,11.257379486545457,5.316788604006331,0.0,0.0,15.929943897949348,20.671642993744932,13.592428388589765,6.923737199690624,21.48489165916281,65.39734320675146,0.0,22.160304418626517,0.0,59.81,0.0,4.794537184071822,0.0,5.907179729351506,12.10820789760957,32.19647542615592,5.563451491696996,10.87864650675826,68.69918930167377,26.34541431025671,4.983978520947208,2.62670183986791,3.4950610755219342,17.77308657375306,7.945313004459969,5.285836632523194,-0.1363752414546064,15.799679059500036,3.6374120265390104,2.46904622252814,1.8542388067613536,0.1363636363636363,28,1,5,0,0,0,1,2,2,4,0,0,4,1,6,2,4,0,0,0,0,0,4.960890277970097,4,4.636220000000003,113.99420000000002,0,0,0,0,0,3,0,0,0,0,1,1,0,0,0,3,1,0,0,0,0,0,0,0,0,0,0,1,0,0,2,0,0,0,2,0,1,0,0,0,0,0,0,0,1,0,0,0,0,0,0,0,0,0,0,0,0,0,0,0,0,0,0,0,0,0,0,0,0,0,0,0,0,1,0,0,0,0,0,0,0,0,0,0,0,CHEMBL1375116,Cc1ccc(-c2cc(C(=O)NCc3cnn(C)c3)c3cc(Br)ccc3n2)cc1,1560.0,3.1931245983544616,CHEMBL2096976,Peroxisome proliferator-activated receptor gamma/Nuclear receptor corepressor 2,0,Large-Nonpolar-Aromatic-Rigid-Hydrophobic,Large-Nonpolar-Aromatic-Rigid-Hydrophobic
13.845795391752509,13.845795391752509,0.0082975350634084,-0.582862750552896,0.456649245761623,24.79310344827586,434.38200000000006,408.17400000000015,433.137548032,154,0,0.2291097381878144,-0.3321291266739137,0.3321291266739137,0.2291097381878144,1.206896551724138,1.827586206896552,2.3793103448275863,35.49678495582087,9.668982669793229,2.4933728885114084,-2.5067976536413528,2.515501383847012,-2.537551426126942,6.305474056919941,-0.1529499654820655,2.66341980533356,2.193418692379806,911.5967206764736,21.344570503761737,16.961528609637032,18.473386501673943,13.674558259613766,9.817712302228925,10.57364124824738,8.34018206604791,9.1838179732605,5.836617838950057,6.378240615954105,4.457125146125799,4.772095540300155,-1.8399999999999996,2219012.2302948236,21.85899574929296,8.491822030560805,4.2190623585332725,181.86579213954352,4.899909730850477,5.817220841045894,0.0,5.907179729351506,0.0,0.0,4.794537184071822,4.39041504767482,0.0,6.578935683598497,54.40073829237436,62.081488902473694,16.98238018905068,16.479464612286066,9.184952231746642,29.109059509816536,0.0,4.899909730850477,5.414990469396779,51.61444254938121,0.0,82.10891572158619,0.0,0.0,0.0,4.39041504767482,0.0,23.20187978046503,16.848930289349944,4.794537184071822,11.232211310442672,56.69950470362723,55.11952526966365,10.045266627482652,0.0,0.0,20.31,11.232211310442672,9.184952231746642,0.0,28.931400747550143,17.864276559593346,11.126902983393991,6.06636706846161,18.208754243757102,49.93658960376878,6.578935683598497,23.20187978046503,13.845795391752509,12.223824158578848,15.549791841633771,0.7366963458235563,1.340598133800846,-0.3786587840804098,12.263013965874414,2.997886174310387,9.8932749945283,0.0,0.375,29,0,2,0,1,1,1,2,0,2,3,0,1,0,5,1,5,0,1,1,0,0,6.400782816199342,3,7.1805000000000065,117.86400000000005,0,0,0,0,0,0,0,0,0,0,1,1,0,0,0,1,0,0,0,0,1,0,0,0,0,0,1,1,0,0,0,0,0,0,2,0,0,0,0,0,0,0,0,0,3,0,0,0,0,0,0,0,0,0,0,0,0,0,0,0,0,0,0,0,0,0,0,0,0,1,0,0,0,0,0,0,0,0,0,0,0,0,0,0,0,CHEMBL4112399,C=CC[C@@]1(C)C[C@H](c2ccc(F)c(Cl)c2)[C@@H](c2ccc(Cl)cc2)N(C(C)C)C1=O,5.0,0.6989700043360189,CHEMBL1907611,Tumour suppressor p53/oncoprotein Mdm2,3,Large-Nonpolar-Aromatic-Rigid-Hydrophobic,Large-Nonpolar-Aromatic-Rigid-Hydrophobic
13.843186585963162,13.843186585963162,0.0486263297789271,-1.0865024250440911,0.2738888706565043,17.333333333333332,496.0500000000002,465.81000000000034,495.19650688,182,0,0.2569215503272267,-0.3422416073962515,0.3422416073962515,0.2569215503272267,0.7777777777777778,1.4166666666666667,2.0833333333333335,35.495692163752366,9.865677844610037,2.5168266046638847,-2.394613242844459,2.4648543404519967,-2.4599762683032895,6.301115816663729,-0.1200799777160164,3.1180155562302354,1.608340648097961,1358.188400415386,25.33828804643758,20.870842788033652,21.626771734052102,17.286678824309725,12.237222086071055,12.615186559080282,10.308989574328658,10.745425354800645,6.834519186407418,7.086495501746904,4.862919510694155,4.988907668363898,-3.399999999999999,160628188.2772458,24.301304906088568,9.57150768593758,4.452269104049315,217.85455872596833,4.736862953800049,0.0,5.724985593970254,0.0,5.907179729351506,0.0,9.6944469149223,0.0,0.0,0.0,117.301290447767,40.3044461498726,28.257744194744888,6.606881964512918,9.53140013787187,17.508119619584022,0.0,4.899909730850477,0.0,45.06282603286439,0.0,141.5315824277707,0.0,0.0,0.0,0.0,0.0,11.600939890232516,10.807089460201984,29.028477387592577,0.0,58.946457733325666,103.1282401638474,5.022633313741326,0.0,0.0,29.54,5.724985593970254,4.794537184071822,0.0,11.322170198748283,23.737723175863817,22.253805966787983,5.563451491696996,0.0,83.76268162085142,45.03667987291831,16.337802844032566,6.8718008314436885,6.261954689193331,15.690172130180848,0.6378583690942856,4.718968886163452,-0.0486263297789271,33.93375712319461,0.0,7.37855874495315,0.0,0.21875,36,0,3,0,1,1,1,4,0,4,1,0,2,0,4,1,6,0,0,0,0,1,6.46111463019276,5,7.711400000000008,144.9204999999998,0,0,0,0,0,0,0,0,0,0,1,1,0,0,0,1,0,0,0,0,0,0,0,0,0,0,0,1,0,0,0,0,0,0,4,0,1,0,0,0,0,1,0,0,1,0,0,0,0,0,0,0,0,0,0,0,0,0,0,0,0,0,0,0,0,0,0,0,0,0,0,0,0,0,0,0,0,0,0,0,0,0,0,0,0,CHEMBL180862,CC(C)(C)c1ccc(COC2(c3ccc(Cl)cc3)c3ccccc3C(=O)N2Cc2ccccc2)cc1,99000.0,4.99563519459755,CHEMBL1907611,Tumour suppressor p53/oncoprotein Mdm2,3,Large-Nonpolar-Aromatic-Rigid-Hydrophobic,Large-Nonpolar-Aromatic-Rigid-Hydrophobic
13.815297776518015,13.815297776518015,0.0,-4.798427729661688,0.5028353892376745,20.794871794871796,580.957,553.7410000000002,580.1675877240001,214,0,0.4167980742778372,-0.4755442280454639,0.4755442280454639,0.4167980742778372,0.8974358974358975,1.5384615384615383,2.128205128205128,35.453001948828486,9.892583878283956,2.489950528586017,-2.4486411572937294,2.3578444663416755,-2.6370444042422356,5.964053228598999,-0.1539920262739667,2.8751542196796,4.2024911867275005e-06,1169.633283381254,27.716967702877938,20.88794051573041,21.704437096658136,17.79929749249669,11.9477391553061,11.9477391553061,9.463244829711302,9.463244829711302,6.77412674680325,6.77412674680325,4.714434705274138,4.714434705274138,-3.0599999999999996,173848661.02493906,30.481000703327307,11.585807639523216,6.750605249612018,226.66806871131297,19.43659214635148,5.749511833283905,0.0,5.601050810983688,11.814359458703011,12.35259703488695,14.573052889090851,0.0,26.34249028604892,12.407033161179976,0.0,50.22115057083726,45.11746917278902,23.235110881003564,40.66842760799261,24.221392619882987,0.0,19.68370771349864,0.0,30.795291091722657,46.31621041815264,59.41587696062519,0.0,5.749511833283905,4.736862953800049,26.34249028604892,5.749511833283905,12.407033161179976,83.41532840133799,17.147134218958772,0.0,34.326534905014825,42.725522485534206,0.0,0.0,0.0,65.98,46.458361779664635,35.93156465419256,0.0,44.08770105214105,32.24539269211191,41.559065147923064,0.0,4.899909730850477,11.947581713527669,4.983978520947208,4.736862953800049,85.87965160320488,0.0,35.4619503073129,0.0,-4.397614881437186,-1.4499434284350403,4.523994083977364,-7.242258465098249,1.5819289577949844,1.8922918226803576,0.48,39,0,7,0,2,2,2,1,1,2,1,0,5,0,14,3,4,0,2,2,0,1,9.05505155920313,4,4.368800000000005,130.5045,0,0,0,0,0,1,0,0,0,0,2,2,0,0,0,4,0,0,0,1,1,0,0,0,0,6,0,2,0,0,0,0,0,0,1,0,0,0,0,0,0,1,0,0,7,0,0,0,0,0,0,0,0,0,0,0,0,0,0,0,0,0,0,0,0,0,0,0,0,1,1,0,0,1,0,0,0,0,0,0,0,0,0,0,0,CHEMBL3112795,CN1CCN(C(=O)C2(Oc3ccc(C(F)(F)F)cc3)CCCN(C(=O)c3cnccc3C(F)(F)F)C2)CC1.Cl,12000.0,4.079181246047625,CHEMBL1907611,Tumour suppressor p53/oncoprotein Mdm2,4,Large-Nonpolar-Aromatic-Rigid-Hydrophobic,Large-Nonpolar-Aromatic-Rigid-Hydrophobic
14.223993765256845,14.223993765256845,0.1961767762660622,-1.1225305273858517,0.5984431404693725,24.366666666666667,452.35300000000007,428.1610000000002,451.111727208,160,0,0.3039259574678,-0.4812044883316287,0.4812044883316287,0.3039259574678,1.1666666666666667,1.8,2.3333333333333335,35.496784842996725,9.668523602619372,2.509062697242081,-2.5041436974101665,2.51514915501223,-2.54442949879062,6.304571989833484,-0.1592596458222826,2.6235690211046867,2.2114317065716667,943.1706191497616,22.21481399176481,17.03253344522468,18.54439133726159,14.013563554864728,9.77651699073268,10.532445936751134,8.447133678472534,9.320005239416504,5.7243744892364745,6.194568694811952,4.49568964682901,4.851899345945483,-2.109999999999999,2801814.3003985393,22.57242863511699,8.558916465378259,4.471705743660227,185.14620890957093,10.006437125691182,5.817220841045894,0.0,5.907179729351506,0.0,5.969305287951848,9.589074368143644,4.39041504767482,0.0,0.0,42.258351117078874,61.7270343480093,22.005013502792007,17.877652921470748,19.086016810659167,35.07836479776839,0.0,4.899909730850477,5.414990469396779,51.61444254938121,0.0,69.4539599311538,0.0,0.0,0.0,4.39041504767482,0.0,23.20187978046503,27.924762972142496,9.589074368143644,11.232211310442672,56.69950470362723,42.46456947923127,10.045266627482652,0.0,0.0,57.61,23.243357427542485,19.086016810659167,0.0,35.731203164254204,10.586084805438322,5.563451491696996,12.13273413692322,30.02274813592593,25.980208536304467,0.0,23.20187978046503,14.223993765256845,12.197651659174024,26.812109297439683,10.290444640544974,0.3625828512989562,-2.084963050128394,10.927280070757853,-0.0452701667086579,5.455059821253604,0.0,0.391304347826087,30,1,4,0,1,1,1,2,0,2,3,0,2,1,7,1,5,0,1,1,0,0,6.439851036955949,3,6.079100000000005,115.30280000000002,1,0,0,0,0,0,0,0,1,1,2,1,0,0,0,1,0,0,0,0,1,0,0,0,0,0,0,1,0,0,0,0,0,0,2,0,0,0,0,0,0,0,0,0,3,0,0,0,0,0,0,0,0,0,0,0,0,0,0,0,0,0,0,0,0,0,0,0,0,1,0,0,0,0,0,0,0,0,0,0,0,0,0,0,0,CHEMBL4111372,CC(C)N1C(=O)[C@](C)(CC(=O)O)C[C@H](c2cc(F)cc(Cl)c2)[C@H]1c1ccc(Cl)cc1,123.0,2.089905111439398,CHEMBL1907611,Tumour suppressor p53/oncoprotein Mdm2,3,Large-Nonpolar-Aromatic-Rigid-Hydrophobic,Large-Nonpolar-Aromatic-Rigid-Hydrophobic
13.854811070518744,13.854811070518744,0.0911004906077666,-0.4074503968253968,0.6136662217218105,21.903225806451612,460.4050000000003,433.18900000000025,459.148032464,164,0,0.2336705404973513,-0.3777742074151401,0.3777742074151401,0.2336705404973513,0.967741935483871,1.5161290322580645,2.064516129032258,35.4967849013188,9.770754275514127,2.482160332312283,-2.3471056603990488,2.4420573416842855,-2.481906486784387,6.304808073953868,-0.1375630877967252,3.158608233425979,1.826932279990546,961.8140841738068,22.17299762850792,18.015996130088503,19.52785402212541,14.753038761063385,10.513006849671168,11.268935795689622,8.967944386932375,9.840815947876342,5.7492088912879105,6.253161521966881,4.185927788825872,4.437904104165356,-2.079999999999999,11009745.933893062,22.126022575235087,8.811136033623095,4.591048447605815,193.12286602107767,9.636772684650529,5.917906046161393,0.0,5.907179729351506,0.0,0.0,9.803449708026353,0.0,5.101407525739722,0.0,56.10582551646012,41.96165390246666,28.549769908704583,30.654676035628064,9.53140013787187,40.5081307872708,0.0,4.899909730850477,16.434304041297892,26.813052428219834,31.31218926480552,64.13965466687253,0.0,0.0,5.008912523954531,5.687386274683562,0.0,23.20187978046503,42.82205120382367,9.53140013787187,11.332896515558172,32.37650391991683,53.6323440734326,10.045266627482652,0.0,0.0,45.14,5.917906046161393,4.794537184071822,0.0,17.364011027896243,36.34854336833364,16.96252276915126,0.0,0.0,58.439758802497884,20.771211599071872,33.0401502600048,5.471218330408533,12.294602155965029,15.761265974496794,8.31267464226023,2.4810957096315907,-0.3163499062176302,14.992378425769177,0.0,8.642003556575165,0.0,0.4166666666666667,31,0,5,0,2,2,1,2,0,2,2,0,4,0,7,2,3,0,1,1,0,2,6.288883703013288,4,5.431800000000006,125.90300000000003,0,0,0,0,0,0,0,0,0,0,1,1,0,0,0,3,0,0,0,0,0,0,0,0,0,0,0,1,0,1,0,0,0,0,2,0,0,0,0,0,0,1,0,0,2,0,1,0,0,0,0,0,0,0,0,0,1,0,0,0,0,0,0,0,0,0,0,0,0,0,0,0,0,0,0,0,0,0,0,0,0,0,0,0,0,CHEMBL3093509,CC(C)(C)C1=NN(c2ccc(Cl)cc2)C(c2ccc(Cl)cc2)C1C(=O)N1CCOCC1,3500.0,3.5440680443502757,CHEMBL394,HCT-116,3,Large-Nonpolar-Aromatic-Rigid-Hydrophobic,Large-Nonpolar-Aromatic-Rigid-Hydrophobic
13.492569281768416,13.492569281768416,0.0860983725333612,-0.147949263038549,0.5974773406468242,22.08823529411765,515.466,491.2740000000003,514.0997023680001,176,0,0.2625617600881359,-0.3527826641304183,0.3527826641304183,0.2625617600881359,1.088235294117647,1.7352941176470589,2.3529411764705883,35.49678588782348,9.928368420395367,2.463728044043278,-2.3058398096015575,2.5252901838916832,-2.4978552672446717,8.17772536488402,-0.1345254421842772,3.3678715502785197,1.5609512782513306,1180.4067395562895,23.819261998449896,18.631351201738916,20.959705674703553,16.456728795830724,11.308926522046033,12.881352048992216,8.478994021018194,10.329386389328064,6.208765926085759,7.811767577892927,4.631953623708781,6.0895078096562445,-2.479999999999999,76609917.15821956,23.27069495170846,9.642014955025292,4.323840877914952,212.54318700903593,15.116608065707286,6.041840829147961,5.1676517695780495,5.907179729351506,5.907179729351506,0.0,14.581479100779312,0.0,0.0,0.0,60.811906876928106,53.57507782955755,28.83181875236364,17.491733748950583,9.589074368143644,51.94577595813721,0.0,15.116608065707286,4.992404732635668,31.84906210383857,19.634269217737724,80.3052819855154,0.0,0.0,5.316788604006331,0.0,0.0,34.963764729856145,46.41609990771974,9.589074368143644,0.0,42.97596508723255,64.12551710727443,10.045266627482652,0.0,0.0,65.01,0.0,9.589074368143644,0.0,30.44279752291151,28.039915953197852,34.83323731187989,11.761884949391115,4.899909730850477,48.53093654769288,17.140435534547432,28.194284513100698,0.0,13.748553670821076,35.006871458226925,4.947464621137754,3.1021056280468864,-0.2238689200207186,15.342109225302224,1.6254426554274737,3.1735438832806047,0.0,0.32,34,1,6,0,3,3,2,2,0,2,2,0,5,1,9,3,5,0,1,1,0,0,6.599305551123663,5,5.164300000000005,136.77469999999985,0,0,0,0,0,0,0,0,0,0,2,2,0,0,1,3,1,0,0,0,0,0,0,0,0,0,1,2,1,0,0,0,0,0,2,0,1,0,0,0,0,0,0,0,2,0,0,0,0,0,0,0,0,0,0,0,0,0,0,0,0,0,0,0,0,0,0,0,0,0,1,0,0,0,0,1,0,0,0,0,0,0,0,0,0,CHEMBL2152321,CCCC1=C(C(=O)N2CCNC(=O)C2)SC2=N[C@@H](c3ccc(Cl)cc3)[C@@H](c3ccc(Cl)cc3)N21,3100.0,3.4913616938342726,CHEMBL5023,p53-binding protein Mdm-2,3,Large-Nonpolar-Aromatic-Rigid-Hydrophobic,Large-Nonpolar-Aromatic-Rigid-Hydrophobic
15.637678308977913,15.637678308977913,0.0156940245233898,-1.1413811728395054,0.6770786804180645,30.60606060606061,488.3900000000002,464.1980000000002,487.122960588,172,0,0.2498509905367307,-0.3375979129408351,0.3375979129408351,0.2498509905367307,1.2121212121212122,2.0,2.727272727272727,35.49678543980775,9.730596613408869,2.6955327429365044,-2.4050954666127344,2.609180400123165,-2.5284213957592363,6.31062627975065,-0.1315091695500541,3.3177041831728693,1.6456231871872562,1186.237152793109,23.06818514289333,18.15385378878432,19.665711680821225,15.834278220011091,11.430322812286285,12.18625175830474,9.685892227248948,10.529528134461536,7.924281848451105,8.451286798589463,6.5096479924385005,6.863599258254697,-2.1499999999999995,47146062.77436054,21.387770697291717,7.423850949726181,2.932782594706513,201.3740617793919,10.216698334856808,11.356146093429238,0.0,11.814359458703011,0.0,0.0,14.48898409899412,4.39041504767482,0.0,0.0,41.40098098584986,48.94292361202125,48.24646796694701,11.064474142889289,13.979489415818463,40.703625513851605,0.0,9.799819461700954,5.917906046161393,49.72671502530932,18.40630141583148,63.387592862692195,0.0,0.0,5.316788604006331,10.077801322358384,0.0,23.20187978046503,46.78737339052503,15.127999620526989,11.735126887207286,43.23101109802404,36.39820241076966,10.045266627482652,0.0,0.0,52.650000000000006,17.27405213959063,9.589074368143644,4.39041504767482,28.92067443074026,28.73613353219585,31.3706727663876,6.06636706846161,31.18920547353706,10.966276799312087,10.216698334856808,23.20187978046503,15.637678308977913,12.491764949811335,30.81611344272855,3.5756807707650964,0.6751059775762167,-0.8826358444612403,9.969860634361895,2.977139821463565,2.8781808276655556,0.0,0.44,33,1,5,1,3,4,2,2,0,2,4,0,3,1,8,3,3,1,2,3,1,0,4.8115036910186335,6,4.778700000000004,124.92070000000004,0,0,0,0,0,0,0,0,0,0,2,2,0,0,0,2,1,0,0,0,2,0,0,0,0,0,0,2,0,1,0,0,0,0,2,0,3,0,0,0,0,0,0,0,3,0,0,0,0,0,0,0,0,0,0,0,0,0,0,0,0,0,0,0,0,0,0,0,0,0,0,0,0,0,0,0,0,0,0,0,0,0,0,0,0,CHEMBL4750228,CC(=O)N1CC[C@H]2[C@@H]1[C@H](c1cccc(Cl)c1F)[C@]1(C(=O)Nc3cc(Cl)ccc31)N2CC1CC1,212.0,2.326335860928751,CHEMBL1907611,Tumour suppressor p53/oncoprotein Mdm2,3,Large-Nonpolar-Aromatic-Rigid-Hydrophobic,Large-Nonpolar-Aromatic-Rigid-Hydrophobic
13.494429799697656,13.494429799697656,0.0054447147252434,-1.0624744897959189,0.5871803902562119,17.875,426.5600000000002,396.3200000000002,426.2307282,164,0,0.2561912822344433,-0.3213657045938211,0.3213657045938211,0.2561912822344433,0.90625,1.53125,2.15625,16.159953768313734,9.836671420306354,2.512322571521848,-2.403776919161815,2.427585381158614,-2.567280402403686,6.026138234228028,0.0519810549546375,3.030348973520296,1.9194015872899064,1130.0988978471046,22.932510652501765,19.18347723826592,19.18347723826592,15.28587748651029,11.18819750992571,11.18819750992571,9.360284323863969,9.360284323863969,6.143614539722097,6.143614539722097,4.476829748059495,4.476829748059495,-3.399999999999999,17108913.934243403,21.817753565133795,8.267987603515726,3.598678821508787,189.82192157596089,10.216698334856808,0.0,5.662860035369912,0.0,11.814359458703011,0.0,9.589074368143644,0.0,0.0,0.0,88.3586194833786,35.59836478940461,28.798562372700555,0.0,9.589074368143644,11.814359458703011,0.0,10.216698334856808,0.0,45.1936209264552,6.544756405912575,106.68002934848596,0.0,0.0,5.316788604006331,0.0,0.0,0.0,23.259025595466063,11.07785050476669,0.0,71.52210224831711,78.86277189000094,0.0,0.0,0.0,49.41,5.662860035369912,9.589074368143644,0.0,17.22934992809979,17.671659389306566,17.54772460632,5.563451491696996,12.13273413692322,66.4209505466956,38.22073434000142,0.0,0.0,0.0,28.7271271101033,3.2708458522297805,3.0252681959427985,-0.2714688576047703,25.03858286068355,0.7805165816326531,9.09579492367935,0.0,0.2857142857142857,32,1,4,0,1,1,2,3,0,3,1,0,2,1,4,1,5,0,0,0,0,1,5.637153625408977,4,5.481000000000005,127.59970000000004,0,0,0,0,0,0,0,0,0,0,2,2,0,0,0,1,1,0,0,0,0,0,0,0,0,0,0,2,0,0,0,0,0,0,3,0,1,0,0,0,0,0,0,0,0,0,0,0,0,0,0,0,0,0,0,0,0,0,0,0,0,0,0,0,0,0,0,0,0,0,0,0,0,0,0,0,0,0,0,0,0,0,0,0,0,CHEMBL360920,CCCN1C(=O)c2ccccc2C1(NC(=O)c1ccccc1)c1ccc(C(C)(C)C)cc1,66000.0,4.819543935541868,CHEMBL1907611,Tumour suppressor p53/oncoprotein Mdm2,3,Large-Nonpolar-Aromatic-Rigid-Hydrophobic,Large-Nonpolar-Aromatic-Rigid-Hydrophobic
14.419713556144831,14.419713556144831,0.0220471855749766,-0.6264966196788888,0.3558348907373069,26.025,599.6280000000002,563.3400000000003,598.1936027520001,212,0,0.2629754072154416,-0.3470317075892676,0.3470317075892676,0.2629754072154416,1.05,1.65,2.2,35.49678650317221,9.808219707756022,2.540843669297463,-2.3718802008194872,2.562309297454717,-2.485282852565791,8.177776933449088,-0.1411264739138357,3.5837496509269102,1.6269254660709331,1372.7091106898758,28.92999246245912,23.819051773245036,26.14740624620967,18.972288660980535,13.839112840106711,15.411538367052891,11.444317442944168,13.29470981125404,8.299761890319761,9.862154942605867,6.313444555068009,7.916718487888272,-2.479999999999998,878045671.6144624,29.02750294214827,11.068479515283643,4.839556170562458,250.9428111820109,14.69972919255143,16.48590259542135,5.1676517695780495,5.907179729351506,5.907179729351506,0.0,9.589074368143644,4.992404732635668,0.0,0.0,68.23855965338335,79.2583643212616,35.879490735040825,6.041840829147961,9.589074368143644,51.94577595813721,0.0,14.69972919255143,10.91031077879706,70.62186140736775,14.09534396535438,80.3052819855154,0.0,0.0,0.0,0.0,0.0,34.963764729856145,57.86076604448279,15.127999620526989,5.917906046161393,64.12615748008247,64.12551710727443,10.045266627482652,0.0,0.0,56.220000000000006,11.580766081531303,9.589074368143644,0.0,29.815947163160327,21.37122476429871,34.83323731187989,11.761884949391115,18.995253696204855,53.43084627854336,32.59485852961298,28.194284513100698,0.0,13.972066715794988,39.23857505933397,2.134519054368095,2.418020249290241,-0.0446397813487897,15.124897439017392,2.321097102159997,8.461388843814474,3.5129642064585247,0.4516129032258064,40,0,6,0,3,3,2,2,0,2,4,0,5,0,9,3,6,0,1,1,0,0,8.032258042375094,5,7.093700000000008,164.3669999999995,0,0,0,0,0,0,0,0,0,0,2,2,0,0,1,4,0,0,0,1,1,0,0,0,0,0,1,2,1,0,0,0,0,0,2,0,1,0,0,0,0,0,0,0,2,0,0,0,0,0,0,0,0,0,0,0,0,0,0,0,0,0,0,0,0,0,0,0,0,0,0,0,0,0,0,1,0,0,0,0,0,0,0,0,0,CHEMBL2398341,CC[C@H]1CC[C@@H](C(=O)N(C)C)N1C(=O)C1=C(C(C)C)N2C(=N[C@@](C)(c3ccc(Cl)cc3)[C@H]2c2ccc(Cl)cc2)S1,39.0,1.591064607026499,CHEMBL1907611,Tumour suppressor p53/oncoprotein Mdm2,3,Large-Nonpolar-Aromatic-Rigid-Hydrophobic,Large-Nonpolar-Aromatic-Rigid-Hydrophobic
13.935072812561238,13.935072812561238,0.0901832955404386,-0.1678483245149913,0.4563597972380194,18.75757575757576,464.9930000000003,435.76100000000025,464.186670468,172,0,0.2563918569605573,-0.4960551334016313,0.4960551334016313,0.2563918569605573,1.0303030303030305,1.7272727272727273,2.393939393939394,35.49569203319477,9.993273788856085,2.4517354543067267,-2.367551399097089,2.46721195739224,-2.421740504166008,6.301085430998804,0.0242382596894546,3.3524812985942716,1.7224940221624567,1162.609621523334,23.112155217263343,19.253766890422433,20.009695836440887,16.00723905304755,11.55286128103516,11.930825754044388,9.002583968441103,9.439019748913088,6.7474597742150655,6.999436089554551,5.3017633715172945,5.427751529187037,-2.76,50878275.34178144,22.053067735173386,8.881544802100724,3.732723315888745,199.41913684668145,18.94073528624193,5.749511833283905,0.0,0.0,5.907179729351506,0.0,4.794537184071822,0.0,0.0,0.0,35.866408164078955,62.58440447923832,35.88353039276008,30.102945851819413,14.26826309167192,17.508119619584022,0.0,9.467009378641832,0.0,44.814640132677155,20.32356147030337,76.44076790813828,0.0,17.00689131982936,4.736862953800049,0.0,5.749511833283905,11.600939890232516,41.73959140744467,4.736862953800049,0.0,60.38816746584346,54.59730361615449,5.022633313741326,11.257379486545457,0.0,43.7,0.0,4.794537184071822,0.0,24.032702216795386,18.23639724276716,46.66936554392383,0.0,7.109797541277533,42.46456947923127,35.4472179149463,21.074665797832616,13.574749282339331,6.2154120399576325,16.01970598527477,0.689691209230351,4.88898185766076,0.8886562383090165,18.087165323848076,1.6967219632130646,5.699111257909959,1.684249286701487,0.3703703703703703,33,0,5,0,2,2,1,2,1,3,1,0,4,0,6,3,5,0,1,1,0,1,5.935312397384981,5,6.1222000000000065,130.11050000000003,0,0,0,0,0,1,0,0,0,0,1,1,0,0,0,2,0,0,0,0,0,0,0,0,0,0,0,1,0,0,0,0,0,0,2,0,1,0,0,0,0,2,0,0,1,0,0,0,0,0,0,0,0,0,0,1,0,0,0,0,0,0,0,0,1,0,0,0,0,0,0,0,0,0,0,0,0,0,0,0,0,0,0,0,0,CHEMBL3981229,COc1ccccc1-c1cc2c(n1C(C)C)C(c1ccc(Cl)cc1)N(C1CCOCC1)C2=O,2.566,0.4092566520389096,CHEMBL1907611,Tumour suppressor p53/oncoprotein Mdm2,3,Large-Nonpolar-Aromatic-Rigid-Hydrophobic,Large-Nonpolar-Aromatic-Rigid-Hydrophobic
13.981173276923936,13.981173276923936,0.006123638755914,-4.638087933281873,0.282666879860795,16.61111111111111,553.3890000000001,536.2530000000002,552.028903424,186,0,0.4159862899857537,-0.467220608280688,0.467220608280688,0.4159862899857537,1.0277777777777777,1.6111111111111112,2.1666666666666665,35.49678612504754,9.975684169980678,2.432206704284048,-2.3566899746048855,2.405070108406668,-2.437582478985735,7.8029660403237475,-0.1463804955184878,2.9387541310393597,1.957984598797752,1331.871254443591,26.19794165489025,18.475582621866685,20.80393709483132,17.006257618687435,10.445129451342636,11.609306687824953,7.8911305630798125,9.203828529651224,5.670301877615654,6.49957696644729,3.984566845190429,4.596145215039218,-3.1399999999999983,79087375.01400247,25.9381221761893,10.08151982263805,5.043789135980726,219.30255937202477,14.953561288656855,11.030342930886151,6.041840829147961,0.0,5.907179729351506,12.145603805395323,4.794537184071822,4.794537184071822,13.17124514302446,0.0,59.68522149735816,53.59147246262526,10.045266627482652,23.924086799355084,27.497182464968155,57.97212661723683,0.0,4.899909730850477,0.0,18.259980175739397,12.426586145283864,99.02911034734836,0.0,0.0,5.316788604006331,18.858631417708025,0.0,35.41975322351173,28.874694391169555,15.707698655315344,0.0,39.13202480915572,66.73003775307771,10.045266627482652,0.0,0.0,58.64,35.69991668473974,22.760319511168102,0.0,16.239339868118748,21.172169610876644,18.19910120538483,12.009707272128011,48.53093654769288,0.0,5.316788604006331,40.156616177311776,45.24016508285721,17.652833118210125,28.295428487357594,3.61809562747812,-0.3171801326918717,-1.5007665308921905,12.950135127059957,-4.638087933281873,0.0,1.17159937612514,0.16,36,1,5,0,1,1,1,3,0,3,2,0,4,1,11,1,4,0,0,0,0,2,7.263769246701667,4,6.862900000000004,134.23619999999994,0,0,0,0,0,0,0,0,0,0,2,2,1,0,0,1,1,0,0,0,0,0,0,0,0,3,0,1,0,1,0,0,0,0,3,0,1,0,0,0,1,1,0,0,5,0,0,0,0,0,0,0,0,0,0,1,0,0,0,0,0,0,0,0,0,0,0,0,0,0,0,0,0,0,0,0,0,0,0,0,0,0,0,0,0,CHEMBL2089203,COC(=O)C(c1ccc(Cl)cc1)N1C(=O)c2ccc(C(F)(F)F)cc2NC(=S)C1c1ccc(Cl)cc1,5690.0,3.7551122663950713,CHEMBL615023,U2OS,3,Large-Nonpolar-Aromatic-Rigid-Hydrophobic,Large-Nonpolar-Aromatic-Rigid-Hydrophobic
6.610437216553288,6.610437216553288,0.1492102465986398,-0.2671325821995474,0.3241185571550472,19.032258064516128,536.2270000000001,520.0990000000002,533.9690853320001,152,0,0.2260670625116329,-0.4804420746598284,0.4804420746598284,0.2260670625116329,0.8387096774193549,1.5161290322580645,2.2580645161290325,79.91976188632191,9.84501917931986,2.4027925269616492,-2.385385446854071,2.5011781519689023,-2.3197641066240644,9.104488482685934,0.2227766775570934,3.266588948316225,1.6205861366695642,1312.1809377826794,20.949018510446816,16.166072060826583,19.338065139055992,15.186673185801062,9.864386361038832,11.450382900153537,7.483246929845325,9.3145979874287,5.679886319075771,6.737217345152241,4.295632832723159,4.8242983457613935,-2.899999999999999,29884323.66189202,18.836010076578347,7.354867510488006,3.1094266601831064,195.58657291833777,10.05365155780638,24.222639124944713,0.0,5.948339280986494,0.0,0.0,0.0,4.681802935145184,10.082660329248244,0.0,68.25809020666836,47.52510539416365,20.08199505343109,5.697039313055833,4.736862953800049,43.50526638994103,0.0,14.764463264393427,0.0,12.145807216896262,5.316788604006331,110.33262293312896,0.0,5.749511833283905,10.05365155780638,5.948339280986494,5.749511833283905,31.859887795898697,14.764463264393427,0.0,0.0,28.83616169198725,93.64226845803798,0.0,5.697039313055833,0.0,51.97,0.0,0.0,0.0,12.145807216896262,0.0,48.603788464151314,0.0,6.3273200747645415,35.01363827745323,89.72390620838455,4.736862953800049,10.61501954498257,7.094705812223625,4.473691682595904,8.088164616927017,5.373591296086337,1.5714056594860168,24.625911897504388,1.324176156860815,0.0,0.0,0.0833333333333333,31,1,5,0,2,2,0,3,1,4,2,0,5,1,7,3,2,0,0,0,0,2,4.468914791595187,6,6.363000000000003,126.7987,0,0,0,0,0,3,0,0,0,0,0,0,0,0,0,3,1,0,0,0,0,0,0,0,0,0,0,0,0,1,0,0,0,0,3,0,3,0,0,0,0,1,0,0,2,0,0,0,0,0,0,0,0,0,0,0,0,0,0,0,0,0,0,0,1,0,0,0,0,0,0,0,0,0,0,0,0,0,0,0,0,0,0,0,0,CHEMBL584303,Brc1ccc(C2Oc3ccccc3C3=C2C(c2ccc(Br)cc2)n2ncnc2N3)cc1,3880.0,3.5888317255942073,CHEMBL1907611,Tumour suppressor p53/oncoprotein Mdm2,0,Large-Nonpolar-Aromatic-Rigid-Hydrophobic,Large-Nonpolar-Aromatic-Rigid-Hydrophobic
15.286274686412671,15.286274686412671,0.3164787651171585,-0.4344011007180657,0.2762269945835389,18.96969696969697,568.2439999999999,551.1080000000001,565.9753135840001,164,0,0.22850527102202,-0.4803293719249685,0.4803293719249685,0.22850527102202,0.9090909090909092,1.5757575757575757,2.272727272727273,79.91976195253743,9.838229831706151,2.435493139338239,-2.418570728989503,2.52509667267155,-2.36951366008972,9.104489810910506,0.2201596906691089,3.304366384289358,1.6762773060301224,1398.9414569949624,22.689505486452973,17.413899860146138,20.585892938375544,16.024877143252592,10.364462455210026,11.950458994324729,7.984076330563294,9.815427388146668,6.100132035958462,7.157463062034931,4.674630327338623,5.2032958403768585,-2.97,65215133.56992122,20.623820931921735,7.813098441790125,3.230334155723585,206.32702192225597,9.636772684650529,30.03985996599061,0.0,5.948339280986494,0.0,0.0,0.0,9.072217982820003,10.082660329248244,0.0,62.19172313820675,47.52510539416365,21.56621554441128,11.260490804752829,9.127278001474869,43.50526638994103,0.0,14.764463264393427,0.0,12.145807216896262,11.947581713527669,110.08347670571324,0.0,5.749511833283905,9.636772684650529,10.338754328661311,5.749511833283905,31.859887795898697,21.812135247070614,0.0,5.817220841045894,28.83616169198725,87.57590138957636,0.0,5.697039313055833,0.0,43.18,6.103966387748303,0.0,4.39041504767482,11.859061670193856,17.261302605967394,31.342485858183917,12.393687143226153,6.06636706846161,71.22668826482735,41.94254812514694,4.736862953800049,25.63511839995155,7.041941298398505,6.409660125528632,4.560277554694718,4.100828635466533,0.8259219104308404,20.761718670831,1.101210359430732,0.0,1.896656378600823,0.12,33,0,5,0,2,2,0,3,1,4,2,0,5,0,8,3,2,0,0,0,0,2,4.882907369301705,6,6.526400000000004,131.53699999999998,0,0,0,0,0,3,0,0,0,0,0,0,0,0,0,4,0,0,0,0,0,0,0,0,0,0,0,0,0,1,0,0,0,0,3,0,3,0,0,0,0,1,0,0,3,0,0,0,0,0,0,0,0,0,0,0,0,0,0,0,0,0,0,0,0,0,0,0,0,0,0,0,0,0,0,0,0,0,0,0,0,0,0,0,0,CHEMBL565262,CN1C2=C(C(c3ccc(Br)cc3)Oc3cccc(F)c32)C(c2ccc(Br)cc2)n2ncnc21,1720.0,3.2355284469075487,CHEMBL1907611,Tumour suppressor p53/oncoprotein Mdm2,3,Large-Nonpolar-Aromatic-Rigid-Hydrophobic,Large-Nonpolar-Aromatic-Rigid-Hydrophobic
16.4580440952101,16.4580440952101,0.0591959561602422,-0.5812125220458555,0.2640594897952436,15.055555555555555,523.4350000000002,498.2350000000002,522.12771162,184,0,0.2636284504204252,-0.4960532191419469,0.4960532191419469,0.2636284504204252,0.9722222222222222,1.6388888888888888,2.3055555555555554,35.496785442565006,10.0168232139966,2.465611110681572,-2.300068166900083,2.492261683862698,-2.306196213101056,6.30917250409711,0.0989864036097507,3.3248483447553845,1.849119674738152,1477.6251301882744,25.722885681272583,20.350370690420466,21.862228582457373,17.239289860616424,11.663070414452813,12.418999360471268,9.14691444945375,10.019786010397718,6.628798837728436,7.11587225585566,5.076619860232844,5.368951572943883,-3.2799999999999994,151183460.9171296,24.41598824763505,9.304716748792972,3.780479847630053,219.3775501489893,9.303962601591405,11.791352662431866,5.817220841045894,0.0,5.907179729351506,0.0,9.6944469149223,4.39041504767482,0.0,0.0,53.53371512277308,68.29631699323552,27.33794522301117,24.061105022671452,13.921815185546691,34.7964457845001,0.0,4.567099647791355,0.0,32.85489325736779,12.009707272128011,104.97680769154572,0.0,17.00689131982936,9.636772684650529,10.077801322358384,5.749511833283905,23.20187978046503,17.584076918420394,0.0,12.74095804073652,53.109975711688435,66.73003775307771,10.045266627482652,11.257379486545457,0.0,34.47,17.76624139954536,4.794537184071822,4.39041504767482,11.605292320844956,38.43347221684404,11.126902983393991,0.0,42.34154261443606,61.73651365763288,0.0,27.938742734265084,23.930728356178538,12.539798442982942,15.72029366479102,1.0746972542715691,3.891093747939439,-0.4396144301937348,19.244281944887263,0.0,5.87363898857676,1.553970919455088,0.2068965517241379,36,0,4,0,1,1,1,3,1,4,1,0,3,0,7,2,5,0,0,0,0,1,6.310662632947283,5,8.248720000000004,143.05649999999983,0,0,0,0,0,1,0,0,0,0,1,1,0,0,0,2,0,0,0,0,0,0,0,0,0,0,0,1,0,1,1,0,0,0,3,0,1,0,0,0,0,1,0,0,3,0,0,0,0,0,0,0,0,0,0,1,0,0,0,0,0,0,0,0,1,0,0,0,0,0,0,0,0,0,0,0,0,0,0,0,0,0,0,0,0,CHEMBL3974082,COc1ccccc1-c1c(F)c2c(n1C(C)C)C(c1ccc(Cl)cc1)N(c1cc(Cl)ccc1C)C2=O,0.485,-0.3142582613977364,CHEMBL1907611,Tumour suppressor p53/oncoprotein Mdm2,3,Large-Nonpolar-Aromatic-Rigid-Hydrophobic,Large-Nonpolar-Aromatic-Rigid-Hydrophobic
14.173614295657044,14.173614295657044,0.0,-4.812716197496178,0.3076279124902249,19.511111111111113,657.055,625.807,656.198887852,242,0,0.4167980742778372,-0.4755442280454098,0.4755442280454098,0.4167980742778372,0.8222222222222222,1.488888888888889,2.111111111111111,35.453002229372984,9.892339487176027,2.49122901337154,-2.4517810751867364,2.359337623135081,-2.6382401209057074,5.964150450755164,-0.1542506220833571,3.005968421971938,4.607986774119675e-06,1464.6438837510605,31.536958659186837,23.98179864286508,24.7982952237928,20.85494038516252,14.080990318939207,14.080990318939207,10.92171533583949,10.92171533583949,7.892146562982656,7.892146562982656,5.655588660781664,5.655588660781664,-3.8399999999999985,4662950559.512794,34.04118304977946,13.65393073743873,7.877693065696264,261.7251629173769,14.536682415501003,5.749511833283905,0.0,5.601050810983688,11.814359458703011,12.35259703488695,19.472962619941327,0.0,26.34249028604892,12.407033161179976,30.33183534230805,48.73693007985706,51.662225578701594,23.235110881003564,40.66842760799261,24.221392619882987,0.0,19.68370771349864,0.0,37.34004749763523,39.26853843547545,95.31116379463026,0.0,5.749511833283905,4.736862953800049,26.34249028604892,5.749511833283905,12.407033161179976,76.36765641866079,23.69189062487135,0.0,39.889986396711826,73.05735782784225,0.0,0.0,0.0,65.98,46.458361779664635,35.93156465419256,0.0,44.08770105214105,38.790149098024486,47.122516639620066,0.0,4.899909730850477,30.33183534230805,9.883888251797686,4.736862953800049,86.80099897370313,0.0,36.22457568951979,0.0,-3.3314936630622833,-1.4692488938828363,14.371682186458065,-7.291001402564965,2.1111537764957795,0.0,0.3870967741935484,45,0,7,0,2,2,2,2,1,3,1,0,5,0,14,3,6,0,2,2,0,1,10.328799012936935,5,5.939200000000007,154.72649999999967,0,0,0,0,0,1,0,0,0,0,2,2,0,0,0,4,0,0,0,0,1,0,0,0,0,6,0,2,0,0,0,0,0,0,2,0,0,0,0,0,0,1,0,0,7,0,0,0,0,0,0,0,0,0,0,0,0,0,0,0,0,0,0,0,0,0,0,0,0,1,1,0,0,1,0,0,0,0,0,0,0,0,0,0,0,CHEMBL3112796,Cl.O=C(c1cnccc1C(F)(F)F)N1CCCC(Oc2ccc(C(F)(F)F)cc2)(C(=O)N2CCN(Cc3ccccc3)CC2)C1,39000.0,4.5910646070264995,CHEMBL1907611,Tumour suppressor p53/oncoprotein Mdm2,4,Large-Nonpolar-Aromatic-Rigid-Hydrophobic,Large-Nonpolar-Aromatic-Rigid-Hydrophobic
15.457581517975637,15.457581517975637,0.0725588582483074,-0.6707822580178926,0.2554726592484578,14.575,580.4870000000002,552.2630000000003,579.1491753360001,206,0,0.2607182747609406,-0.4960543242594059,0.4960543242594059,0.2607182747609406,1.05,1.8,2.45,35.49678614678281,9.975105644194905,2.445810116643846,-2.3021110395649567,2.4850326955842186,-2.30906798940482,6.310514804131136,0.096077509588705,3.4459209924927365,1.827080777881476,1664.016451138195,28.877586219651835,22.681268711694702,24.19312660373161,19.08182511571751,12.777878162207706,13.53380710822616,9.937975730396106,10.781611637608696,7.240756163858574,7.767761113996933,5.476212821485789,5.87242180003841,-3.8099999999999983,913169838.3427984,27.745407286897567,10.635951659740275,4.431451246224246,241.8188186614343,14.620751205597736,11.791352662431866,5.817220841045894,0.0,11.814359458703011,0.0,14.48898409899412,4.39041504767482,0.0,0.0,35.33461391738825,80.42905113015875,29.23904910896047,34.77112461109634,18.716352369618512,40.703625513851605,0.0,9.883888251797686,0.0,32.85489325736779,19.0573792548052,104.47389211478112,0.0,17.00689131982936,14.953561288656855,10.077801322358384,5.749511833283905,23.20187978046503,30.53892863044909,0.0,12.74095804073652,63.46796438745725,60.6636706846161,10.045266627482652,11.257379486545457,0.0,63.57,11.859061670193856,9.589074368143644,4.39041504767482,28.56621987627586,38.850355611813136,11.126902983393991,10.966276799312087,56.62203900318599,32.903945735995094,9.883888251797686,27.938742734265084,23.187332257522552,12.455214979821946,28.15245943633422,3.1342962246972825,4.6822449213122335,-0.7261749123217733,16.273962966563527,0.0,5.935617877681971,3.127268470610268,0.2258064516129032,40,1,6,0,1,1,2,3,1,4,1,0,4,1,9,2,6,0,0,0,0,0,7.377470267081203,5,7.608320000000007,156.44669999999965,0,0,0,0,0,1,0,0,0,0,2,2,0,0,0,2,1,0,0,0,0,0,0,0,0,0,0,2,0,1,1,0,0,0,3,0,1,0,0,0,0,1,0,0,3,0,0,0,0,0,0,0,0,0,0,1,0,0,0,0,0,0,0,0,0,0,0,0,0,0,0,0,0,0,0,0,0,0,0,0,0,0,0,0,0,CHEMBL4113211,CNC(=O)c1ccc(OC)c(-c2cc3c(n2C(C)C)[C@@H](c2ccc(Cl)cc2C)N(c2cccc(Cl)c2F)C3=O)c1,49.03,1.6904618932461783,CHEMBL1907611,Tumour suppressor p53/oncoprotein Mdm2,3,Large-Nonpolar-Aromatic-Rigid-Hydrophobic,Large-Nonpolar-Aromatic-Rigid-Hydrophobic
14.05040800058928,14.05040800058928,0.0298712596490509,-0.6185143665924688,0.4220076589218927,24.789473684210527,571.5740000000001,539.3180000000002,570.162302624,200,0,0.2627249668141653,-0.3470318996443448,0.3470318996443448,0.2627249668141653,1.0526315789473684,1.6578947368421053,2.236842105263158,35.496786298688065,9.808247394957217,2.535325920847431,-2.3695038884300037,2.5604631455272773,-2.455583323362088,8.177771865761837,-0.1395691404874692,3.5652697323464784,1.6063138628006053,1323.093360749932,27.3526421932695,22.24170150405541,24.570055977020044,18.02360025599679,12.873538354262111,14.445963881208291,10.733248125433729,12.583640493743603,7.605164485630599,9.167557537916702,5.759600200929071,7.3747192285166525,-2.479999999999999,359280616.4429651,27.10070940353063,10.248166044091514,4.5239966357446235,238.21292695321767,14.69972919255143,16.48590259542135,5.1676517695780495,5.907179729351506,5.907179729351506,0.0,9.589074368143644,4.992404732635668,0.0,0.0,61.31482245369272,72.8375426983356,36.38240631180544,6.041840829147961,9.589074368143644,51.94577595813721,0.0,14.69972919255143,10.91031077879706,51.235461755603154,20.640100371266954,80.3052819855154,0.0,0.0,0.0,0.0,0.0,34.963764729856145,58.3636816212474,15.127999620526989,5.917906046161393,50.781598657465835,64.12551710727443,10.045266627482652,0.0,0.0,56.220000000000006,11.580766081531303,9.589074368143644,0.0,23.77410633401237,27.915981170211285,28.41241568895388,11.761884949391115,23.895163427055333,48.53093654769288,25.67112132992235,28.194284513100698,0.0,13.908472501536856,38.42816414033673,2.1306910458104413,2.4192110217679907,-0.0588773096934607,15.06991612841325,1.5020374609008196,6.922643782548964,3.483296783933959,0.4137931034482758,38,0,6,0,3,3,2,2,0,2,3,0,5,0,9,3,5,0,1,1,0,2,7.308751838948795,5,6.315100000000007,155.15499999999963,0,0,0,0,0,0,0,0,0,0,2,2,0,0,1,4,0,0,0,1,1,0,0,0,0,0,1,2,1,0,0,0,0,0,2,0,1,0,0,0,0,0,0,0,2,0,0,0,0,0,0,0,0,0,0,0,0,0,0,0,0,0,0,0,0,0,0,0,0,0,0,0,0,0,0,1,0,0,0,0,0,0,0,0,0,CHEMBL2315844,CC(C)C1=C(C(=O)N2CCC[C@@H]2C(=O)N(C)C)SC2=NC(C)(c3ccc(Cl)cc3)C(c3ccc(Cl)cc3)N21,740.0,2.869231719730976,CHEMBL1907611,Tumour suppressor p53/oncoprotein Mdm2,3,Large-Nonpolar-Aromatic-Rigid-Hydrophobic,Large-Nonpolar-Aromatic-Rigid-Hydrophobic
14.4050590774265,14.4050590774265,0.2714220757747547,-0.3893444113756619,0.2762269945835389,18.96969696969697,568.2439999999999,551.1080000000001,565.9753135840001,164,0,0.228503637473326,-0.4804381723677276,0.4804381723677276,0.228503637473326,0.9090909090909092,1.5757575757575757,2.272727272727273,79.91976195253714,9.839428410903084,2.4273179493296384,-2.4183316851238237,2.5208297205532206,-2.366282784243797,9.10448980204351,0.2213027268131161,3.3026776618036404,1.6638825622316185,1398.9414569949624,22.689505486452973,17.413899860146138,20.585892938375544,16.008040390846983,10.358479391066318,11.944475930181024,8.011585868960587,9.842936926543963,6.084679563857074,7.142010589933542,4.656426873298533,5.185092386336768,-2.97,63895240.17337348,20.623820931921735,7.813098441790125,3.3115665979562303,206.32702192225597,9.636772684650529,30.03985996599061,0.0,5.948339280986494,0.0,0.0,0.0,9.072217982820003,10.082660329248244,0.0,56.12535606974514,53.59147246262526,27.129667036108277,5.697039313055833,9.127278001474869,43.50526638994103,0.0,14.764463264393427,0.0,12.145807216896262,11.947581713527669,110.08347670571324,0.0,5.749511833283905,9.636772684650529,10.338754328661311,5.749511833283905,31.859887795898697,21.812135247070614,0.0,5.817220841045894,28.83616169198725,87.57590138957636,0.0,5.697039313055833,0.0,43.18,0.0,4.39041504767482,0.0,17.963028057942157,17.261302605967394,31.342485858183917,12.13273413692322,12.393687143226153,53.02758705944251,54.07528226207016,4.736862953800049,24.848064917452547,7.054644466442581,6.496952737017672,4.575079771877887,4.61428007159654,1.011759223036731,20.63140356736384,1.1643485869439598,0.0,1.9367999916015788,0.12,33,0,5,0,2,2,0,3,1,4,2,0,5,0,8,3,2,0,0,0,0,2,4.882907369301705,6,6.526400000000004,131.53699999999998,0,0,0,0,0,3,0,0,0,0,0,0,0,0,0,4,0,0,0,0,0,0,0,0,0,0,0,0,0,1,0,0,0,0,3,0,3,0,0,0,0,1,0,0,3,0,0,0,0,0,0,0,0,0,0,0,0,0,0,0,0,0,0,0,0,0,0,0,0,0,0,0,0,0,0,0,0,0,0,0,0,0,0,0,0,CHEMBL567403,CN1C2=C(C(c3ccc(Br)cc3)Oc3ccc(F)cc32)C(c2ccc(Br)cc2)n2ncnc21,1730.0,3.2380461031287955,CHEMBL1907611,Tumour suppressor p53/oncoprotein Mdm2,3,Large-Nonpolar-Aromatic-Rigid-Hydrophobic,Large-Nonpolar-Aromatic-Rigid-Hydrophobic
14.074702031018166,14.074702031018166,0.1869557823129255,-1.0924767906133646,0.4121502250375931,23.529411764705884,497.422,471.2140000000003,496.132048052,176,0,0.3039259588550989,-0.4812044883280596,0.4812044883280596,0.3039259588550989,1.088235294117647,1.8235294117647056,2.4411764705882355,35.496785209120624,9.667211867969892,2.5175767805414972,-2.507734407125045,2.5304928184717697,-2.5291308606863767,6.304463626569775,-0.1600136018435664,2.8073069847866914,1.923324963808444,1185.9942940439787,24.457454678884098,18.98853391366354,20.500391805700453,16.192196349818808,11.158656839202246,11.9145857852207,9.136185876483683,10.009057437427652,6.664885018498143,7.1519584366253675,5.070345051041939,5.395060663126756,-2.889999999999999,35765540.15530001,24.241421519750755,9.76749965326588,4.815951567567812,208.89247357925865,10.006437125691182,0.0,0.0,5.907179729351506,0.0,5.969305287951848,14.57305288909085,0.0,0.0,0.0,60.4574523224637,60.86966421678028,22.16001624525712,29.61342174546717,14.69560176298435,35.07836479776839,0.0,9.883888251797686,5.414990469396779,44.690705349690575,0.0,99.79297893041591,0.0,0.0,0.0,0.0,0.0,23.20187978046503,26.866900663941745,9.589074368143644,5.414990469396779,61.51153632793303,72.9268813246908,10.045266627482652,0.0,0.0,70.5,11.384295757348628,14.69560176298435,0.0,30.32958905673483,16.466088250408664,16.82083097824245,0.0,19.18694783976531,72.48731761515721,4.983978520947208,23.20187978046503,0.0,12.532964807492222,32.21473268438756,10.8794511832447,1.5157629178214505,-1.3931064216745437,19.89975109457831,1.806877799546,3.6824548234931833,0.0,0.2962962962962963,34,1,5,0,1,1,1,2,1,3,4,0,3,1,7,2,6,0,1,1,0,0,6.964061067318751,4,6.6878000000000055,132.86079999999995,1,0,0,0,0,1,0,0,1,1,2,1,0,0,0,2,0,0,0,0,1,0,0,0,0,0,0,1,0,0,0,0,0,0,2,0,0,0,0,0,0,0,0,0,2,0,0,0,0,0,0,0,0,0,0,0,0,0,0,0,0,0,0,0,0,0,0,0,0,1,0,0,0,1,0,0,0,0,0,0,0,0,0,0,0,CHEMBL3329609,C[C@@H](c1ccccn1)N1C(=O)[C@@](C)(CC(=O)O)C[C@H](c2cccc(Cl)c2)[C@H]1c1ccc(Cl)cc1,10.0,1.0,CHEMBL1907611,Tumour suppressor p53/oncoprotein Mdm2,3,Large-Nonpolar-Aromatic-Rigid-Hydrophobic,Large-Nonpolar-Aromatic-Rigid-Hydrophobic
13.802312957705274,13.802312957705274,0.017234606422918,-1.0203604497354497,0.3076284411592536,17.457142857142856,461.6050000000002,430.35700000000026,461.2354792320001,176,0,0.2569215502880931,-0.3422416222871348,0.3422416222871348,0.2569215502880931,0.7142857142857143,1.3142857142857145,1.9714285714285715,16.51993184713205,9.865680477387189,2.516019371097493,-2.3941299407234986,2.4618127785764967,-2.459838323963833,6.00016601256353,-0.120081750313472,3.1187825019173157,1.5939301455591688,1307.2867517012764,24.4680445584345,20.57022858421405,20.57022858421405,16.892831974192372,12.137556247043484,12.137556247043484,10.168121953282292,10.168121953282292,6.764086584293231,6.764086584293231,4.851183750237638,4.851183750237638,-3.6899999999999986,113680570.30476674,23.07063271291914,9.162209293451086,4.28312135820109,207.55129249908668,4.736862953800049,0.0,5.724985593970254,0.0,5.907179729351506,0.0,9.6944469149223,0.0,0.0,0.0,123.8994517629193,28.171712012949374,23.235110881003564,6.606881964512918,9.53140013787187,5.907179729351506,0.0,4.899909730850477,0.0,45.06282603286439,0.0,142.57531618249098,0.0,0.0,0.0,0.0,0.0,0.0,10.807089460201984,29.028477387592577,0.0,58.946457733325666,109.19460723230902,0.0,0.0,0.0,29.54,5.724985593970254,4.794537184071822,0.0,11.322170198748283,18.71508986212249,22.253805966787983,5.563451491696996,0.0,65.56358041546657,69.30214814676475,4.736862953800049,6.875013227513227,0.0,15.68312314289046,0.0,5.012849702046617,-0.017234606422918,36.63996891023404,0.0,7.472946290405256,0.0,0.21875,35,0,3,0,1,1,1,4,0,4,1,0,2,0,3,1,6,0,0,0,0,1,6.039370441374412,5,7.058000000000007,139.9104999999999,0,0,0,0,0,0,0,0,0,0,1,1,0,0,0,1,0,0,0,0,0,0,0,0,0,0,0,1,0,0,0,0,0,0,4,0,1,0,0,0,0,1,0,0,0,0,0,0,0,0,0,0,0,0,0,0,0,0,0,0,0,0,0,0,0,0,0,0,0,0,0,0,0,0,0,0,0,0,0,0,0,0,0,0,0,CHEMBL181688,CC(C)(C)c1ccc(COC2(c3ccccc3)c3ccccc3C(=O)N2Cc2ccccc2)cc1,92000.0,4.963787827345556,CHEMBL1907611,Tumour suppressor p53/oncoprotein Mdm2,3,Large-Nonpolar-Aromatic-Rigid-Hydrophobic,Large-Nonpolar-Aromatic-Rigid-Hydrophobic
13.604857383192588,13.604857383192588,0.0302316016448409,-0.1694489048453138,0.4155182967770749,12.8,464.56900000000024,436.34500000000025,464.221226136,176,0,0.2782744093628951,-0.333909925265534,0.333909925265534,0.2782744093628951,0.9142857142857144,1.6,2.371428571428571,16.155954707708347,9.988495105111111,2.255853873986081,-2.291727178161838,2.2436040832874213,-2.3609425460888565,6.046390302733163,0.0734155093089067,3.3002556029050893,1.4526828416687638,1376.4644460123957,24.363232072819905,20.01668185632851,20.01668185632851,17.062881945713368,11.95552034747918,11.95552034747918,8.730290604503288,8.730290604503288,6.516303079937392,6.516303079937392,4.691095640122321,4.691095640122321,-4.189999999999999,149556785.48732594,22.594753297355755,9.584072774448927,4.348924735783011,204.96633649678785,9.799819461700954,0.0,5.693927994848461,0.0,11.814359458703011,0.0,9.589074368143644,4.681802935145184,5.098681808301038,0.0,54.59730361615449,61.7270343480093,31.015583487269748,11.250837766380558,9.589074368143644,17.501745733386574,0.0,14.680394474296698,0.0,26.813052428219834,17.989422542675626,113.00734942325047,0.0,5.687386274683562,4.899909730850477,5.687386274683562,0.0,0.0,39.58426674482486,12.965578028838586,6.923737199690624,44.59102203262218,84.92913895846256,0.0,5.687386274683562,0.0,58.440000000000005,0.0,9.589074368143644,0.0,11.814359458703011,36.579034978966746,17.802135892458033,11.126902983393991,15.648079734457273,85.47742188330945,17.231415945224256,0.0,1.705548469387755,0.0,30.527905196601292,4.653174363498587,5.711558153695028,-0.1996805064901547,27.116536248801147,0.8431212944890586,5.64183678001728,0.0,0.2068965517241379,35,0,6,0,1,1,2,3,1,4,0,0,4,0,6,2,5,0,0,0,0,0,6.187135997787927,5,5.045920000000005,136.9799999999999,0,0,0,0,0,2,0,0,0,0,2,2,0,0,0,4,0,0,0,0,0,0,0,0,0,0,0,2,0,1,1,0,0,0,3,0,1,0,0,0,0,0,0,0,0,0,0,0,0,0,0,0,0,0,0,0,0,0,0,0,0,0,0,0,2,0,0,0,0,0,0,0,0,0,0,0,0,0,0,0,0,0,0,0,0,CHEMBL480009,CCN(C(=O)c1cc(C)n(-c2ccccc2C(=O)N2CCc3ccccc3C2)n1)c1ccccc1,1900.0,3.278753600952829,CHEMBL4860,Apoptosis regulator Bcl-2,0,Large-Nonpolar-Aromatic-Rigid-Hydrophobic,Large-Nonpolar-Aromatic-Rigid-Hydrophobic
14.924878464718436,14.924878464718436,0.1080497747002073,-0.981856366003192,0.3121775172599215,18.473684210526315,668.3339999999996,643.1339999999998,667.03017324,198,0,0.2567681029658151,-0.3787927179815868,0.3787927179815868,0.2567681029658151,0.9210526315789472,1.631578947368421,2.3421052631578947,126.91270455028196,10.022021874484931,2.4066050532596286,-2.3304773326739605,2.3677987935762017,-2.460235805962994,14.111919850170516,-0.1229583652617836,2.984417484242943,1.60113236572948,1351.6705543314424,26.810825830012607,20.378843979320084,24.048200162533313,18.31257084348729,12.230024227007217,14.064702318613833,9.228232993775464,11.346736773906237,6.837367067786759,7.99543158924007,4.847493105610468,5.623468698677592,-2.2399999999999993,385908912.8004472,27.331552048710773,11.874908571910897,5.840887065926119,243.9333467864704,14.536682415501003,11.859061670193856,0.0,0.0,11.814359458703011,0.0,14.48898409899412,4.39041504767482,0.0,0.0,41.40098098584986,70.61889159799634,45.35792601389534,31.00935810131897,18.716352369618512,63.29449614091966,0.0,9.799819461700954,0.0,12.586597235060536,44.29269928352661,96.78669489930104,0.0,0.0,4.899909730850477,10.077801322358384,0.0,45.79275040753309,61.00696847308009,16.076156543784446,9.38740311211129,27.526732488310767,60.6636706846161,10.045266627482652,0.0,0.0,53.09,11.859061670193856,13.979489415818463,0.0,28.945200670053907,48.14019931266986,16.659695082890547,10.966276799312087,47.36447921008175,12.13273413692322,27.490780357918535,27.93874273426508,21.248264207211072,14.274617494348348,33.9178143363161,0.769828018067175,1.8141067868670449,-1.150748576005208,15.690396793157475,0.0,3.777943162260215,0.0,0.2857142857142857,38,0,6,0,2,2,2,3,0,3,1,0,4,0,10,2,6,0,1,1,0,0,8.541044255443799,5,5.799600000000004,154.2474999999997,0,0,0,0,0,0,0,0,0,0,2,2,0,0,0,3,0,0,0,0,0,0,0,0,0,0,0,2,0,1,0,0,0,0,3,0,1,0,0,0,0,1,0,0,4,0,0,0,0,0,0,0,0,0,0,0,1,0,0,0,0,0,0,0,0,0,0,0,0,0,0,0,0,0,0,0,0,0,0,0,0,0,0,0,0,CHEMBL378030,O=C1[C@H](c2ccc(Cl)cc2)N(Cc2ccc(Cl)cc2F)C(=O)c2cc(I)ccc2N1CCN1CCOCC1,8600.0,3.934498451243568,CHEMBL5023,p53-binding protein Mdm-2,3,Large-Nonpolar-Aromatic-Rigid-Hydrophobic,Large-Nonpolar-Aromatic-Rigid-Hydrophobic
13.412611139105849,13.412611139105849,0.1097619047619051,-0.9657442607607948,0.6546054198487483,24.75862068965517,434.36300000000006,409.16300000000024,433.12114902,154,0,0.3036504648884646,-0.4812120697535225,0.4812120697535225,0.3036504648884646,1.1724137931034482,1.827586206896552,2.3793103448275863,35.496784690722215,9.659939198639618,2.5191963814858753,-2.5420445405383703,2.5094504835207143,-2.597622673404587,6.304474872502604,-0.1572256998030045,2.6362027680855373,2.2126518824875276,912.59389570447,21.34457050376173,16.731919241405077,18.243777133441988,13.63979010701151,9.70699066071058,10.462919606729034,8.094483152450563,8.967354713394531,5.902986842071828,6.390060260199052,4.692135717768317,5.016851329853133,-2.0399999999999987,2093492.976625304,21.6636758645951,8.369094710138508,4.145291417315791,180.98067350664468,10.006437125691182,0.0,0.0,5.907179729351506,0.0,5.969305287951848,9.589074368143644,0.0,0.0,0.0,47.46734805431147,62.58440447923832,27.9229195489534,11.959746875309357,14.69560176298435,35.07836479776839,0.0,4.899909730850477,5.917906046161393,51.11152697261659,0.0,69.70310615856953,0.0,0.0,0.0,0.0,0.0,23.20187978046503,27.924762972142496,15.127999620526989,5.917906046161393,50.65766387447927,48.53093654769288,10.045266627482652,0.0,0.0,57.61,17.42613658649659,14.69560176298435,0.0,24.287748227586867,16.466088250408664,11.126902983393991,0.0,0.0,67.27832067792461,6.923737199690624,23.20187978046503,0.0,12.395150846661489,26.70796163220075,10.618785361864369,1.2790685626102305,-1.7951790645176895,15.035452679307449,0.2536099825732771,5.977372221522353,0.0,0.391304347826087,29,1,4,0,1,1,1,2,0,2,3,0,2,1,6,1,5,0,1,1,0,0,6.251908795880626,3,5.7240000000000055,115.33880000000003,1,0,0,0,0,0,0,0,1,1,2,1,0,0,0,1,0,0,0,0,1,0,0,0,0,0,0,1,0,0,0,0,0,0,2,0,0,0,0,0,0,0,0,0,2,0,0,0,0,0,0,0,0,0,0,0,0,0,0,0,0,0,0,0,0,0,0,0,0,1,0,0,0,0,0,0,0,0,0,0,0,0,0,0,0,CHEMBL4110489,CC(C)N1C(=O)[C@@H](CC(=O)O)C[C@H](c2cccc(Cl)c2)[C@@]1(C)c1ccc(Cl)cc1,3.4,0.5314789170422551,CHEMBL1907611,Tumour suppressor p53/oncoprotein Mdm2,3,Large-Nonpolar-Aromatic-Rigid-Hydrophobic,Large-Nonpolar-Aromatic-Rigid-Hydrophobic
12.646818063823837,12.646818063823837,0.0542119131603255,-4.0607888584662994,0.3264219981405222,11.090909090909092,498.38700000000017,481.25100000000026,497.025534384,166,0,0.2644978450880587,-0.4573831369900921,0.4573831369900921,0.2644978450880587,0.696969696969697,1.2727272727272727,1.878787878787879,35.496837330988456,10.03835881717252,2.187650015482925,-2.0949500578816385,2.2747763426921312,-2.3002714024047544,7.896987524293327,0.0981151846693625,2.791998847737235,1.4561073727366591,1368.788025568203,23.424074484064487,17.034774705371785,19.363129178336425,15.797663518237032,9.767387352685894,12.00647954629874,7.056616014681959,9.611889817035442,4.682980759033013,6.466308651568104,3.085897073515295,4.586101981386848,-3.319999999999998,25500017.89209841,22.859045647194197,9.66582271068871,5.7318282493225725,201.1598657114228,4.736862953800049,11.49902366656781,0.0,0.0,15.930470882759089,0.0,4.794537184071822,13.139891848781026,0.0,0.0,53.53371512277308,77.85694073647171,15.608718119179647,4.895483475517775,17.949197122200808,39.13235066322412,0.0,4.722094864452088,0.0,4.895483475517775,0.0,112.67059121456543,0.0,22.6259266499618,9.458957818252138,0.0,11.49902366656781,23.20187978046503,14.324976713680442,10.023291153407584,0.0,10.357988675768818,101.95735657090356,10.045266627482652,11.126902983393991,0.0,72.47,15.930470882759089,13.212334168400758,0.0,10.45893496721477,21.544290294050462,11.126902983393991,36.39820241076966,42.46456947923127,18.19910120538483,4.722094864452088,27.938742734265084,33.03946770078113,12.079350298527327,12.486373210572411,0.9825926102923256,1.7612816549728798,0.3642359232394174,26.48637634896969,0.0,0.0,-4.0607888584662994,0.0,33,1,5,0,0,0,1,4,0,4,0,0,4,1,8,0,6,0,0,0,0,0,6.695499471555139,4,6.571400000000003,129.50799999999998,0,0,0,0,0,0,0,0,0,0,1,1,0,0,0,0,1,0,0,0,0,0,0,0,0,0,0,1,0,0,0,0,0,0,4,0,0,0,0,0,0,1,0,0,2,0,0,0,0,0,0,0,0,0,0,0,0,0,0,0,0,0,0,0,1,0,0,0,0,0,0,0,0,0,0,0,1,0,0,0,0,0,0,0,0,CHEMBL1824808,O=C(NS(=O)(=O)c1ccc(Oc2ccccc2)cc1)c1ccc(-c2cc(Cl)cc(Cl)c2)cc1,5080.0,3.7058637122839193,CHEMBL4361,Induced myeloid leukemia cell differentiation protein Mcl-1,0,Large-Nonpolar-Aromatic-Rigid-Hydrophobic,Large-Nonpolar-Aromatic-Rigid-Hydrophobic
14.366186688297226,14.366186688297226,0.0181217543601805,-0.4294432371714118,0.2550821463155929,14.575,576.5240000000001,545.2760000000003,575.1742472120001,206,0,0.2606318174133078,-0.4960543242594059,0.4960543242594059,0.2606318174133078,0.925,1.625,2.275,35.496785840418134,9.971749352589525,2.440544427143569,-2.308983849929976,2.4851199056522857,-2.3070093985799875,6.309604048969422,0.0960798781510176,3.442816207211507,1.82667622287536,1657.5965367601882,28.877586219651835,23.30330423868547,24.81516213072238,19.064988363311908,13.082912861559384,13.838841807577838,10.295840599586189,11.16871216053016,7.4807267509008915,7.950920956476369,5.639828212389438,6.0328292639426015,-3.7399999999999984,885264593.088325,27.812810359094108,10.676743088190426,4.550623649648584,244.0182253729047,14.620751205597736,11.791352662431866,0.0,0.0,11.814359458703011,0.0,14.48898409899412,0.0,0.0,0.0,35.33461391738825,92.91623982154636,39.94906869738536,24.061105022671452,14.325937321943693,40.703625513851605,0.0,9.883888251797686,0.0,39.77863045705841,19.0573792548052,104.2201227654322,0.0,17.00689131982936,14.953561288656855,5.687386274683562,5.749511833283905,23.20187978046503,30.53892863044909,0.0,13.847474399381248,69.03141587915425,60.6636706846161,10.045266627482652,11.257379486545457,0.0,63.57,6.041840829147961,9.589074368143644,0.0,17.85620028785097,26.92168144416055,39.329048231168464,0.0,26.290203660877943,67.27832067792461,23.731362651178937,27.938742734265084,7.901786495998255,12.79320880698244,28.729629061580766,3.871743627721608,7.12931632098025,0.2862740123627856,18.156240912483245,0.0,8.154475601937978,3.1995473821748934,0.25,40,1,6,0,1,1,2,3,1,4,1,0,4,1,8,2,6,0,0,0,0,0,7.423755769115227,5,7.777640000000007,161.22569999999962,0,0,0,0,0,1,0,0,0,0,2,2,0,0,0,2,1,0,0,0,0,0,0,0,0,0,0,2,0,1,2,0,0,0,3,0,1,0,0,0,0,1,0,0,2,0,0,0,0,0,0,0,0,0,0,1,0,0,0,0,0,0,0,0,0,0,0,0,0,0,0,0,0,0,0,0,0,0,0,0,0,0,0,0,0,CHEMBL4110748,CNC(=O)c1ccc(OC)c(-c2cc3c(n2C(C)C)[C@@H](c2ccc(Cl)cc2C)N(c2cc(Cl)ccc2C)C3=O)c1,44.56,1.6489451821656724,CHEMBL1907611,Tumour suppressor p53/oncoprotein Mdm2,3,Large-Nonpolar-Aromatic-Rigid-Hydrophobic,Large-Nonpolar-Aromatic-Rigid-Hydrophobic
14.06950428319476,14.06950428319476,0.080567365835223,-1.0625051965230536,0.3632103513837837,21.12121212121212,494.3920000000001,474.2320000000003,493.0789743600001,160,0,0.2576599236729966,-0.3232693409820125,0.3232693409820125,0.2576599236729966,0.8181818181818182,1.4545454545454546,2.1515151515151514,79.91873132696067,9.715704895363864,2.6230417819005725,-2.3713866301549107,2.556058617224928,-2.5025418816029585,9.1030106761695,-0.1204439920477468,3.3681676994637972,1.7001613149197865,1372.4399434890065,22.41563831562721,17.650295069075902,19.23629160819061,16.191543809919253,10.850036858052386,11.643035127609735,8.252725926230701,9.168401455022387,6.422867041250443,6.916118679967482,5.050522000675154,5.411607261132634,-3.699999999999999,83893351.02594681,19.945836343700325,7.710958253055434,2.9615348072299916,200.25501595380865,5.316788604006331,0.0,5.538925252383345,0.0,5.907179729351506,0.0,4.794537184071822,5.008912523954531,5.101407525739722,0.0,94.79271578795031,41.45873832570204,15.723557282212973,17.316977323615657,4.794537184071822,38.92358117943868,0.0,0.0,5.101407525739722,11.456831298544738,10.325701127960862,130.35768122323245,0.0,0.0,10.325701127960862,11.374772549367124,0.0,15.929943897949348,11.618864732122208,10.333462436455168,0.0,22.60826052125238,118.76873427388117,0.0,0.0,0.0,44.7,5.538925252383345,4.794537184071822,0.0,11.8250857755129,0.0,38.249531543061224,0.0,0.0,89.9380514824171,45.51220077580212,5.101407525739722,0.9213976547409088,3.632684670803583,14.06950428319476,10.24581569664903,4.443715343390442,-0.389033919123205,36.24258293701114,0.0,0.0,0.0,0.0714285714285714,33,1,4,0,2,2,1,4,0,4,2,0,3,1,5,2,3,0,0,0,1,2,4.660651859653002,6,6.3048000000000055,135.5326999999999,0,0,0,0,0,0,0,0,0,0,1,1,0,0,0,2,1,0,0,0,0,0,0,0,0,0,0,1,0,2,0,0,0,0,4,0,2,0,0,0,0,0,0,0,1,0,1,0,0,0,0,0,0,0,0,0,0,0,0,0,0,0,0,0,1,0,0,0,0,0,0,0,0,0,0,0,0,0,0,0,0,0,0,0,0,CHEMBL5198115,O=C1Nc2ccc(Br)cc2C12C(c1ccccc1)C(c1ccccc1)=NN2c1ccccc1,144.0,2.1583624920952498,CHEMBL1907611,Tumour suppressor p53/oncoprotein Mdm2,3,Large-Nonpolar-Aromatic-Rigid-Hydrophobic,Large-Nonpolar-Aromatic-Rigid-Hydrophobic
12.776716838856771,12.776716838856771,0.2923515261310625,-4.207450152862337,0.5680795129365779,22.225806451612904,446.54200000000014,421.3420000000002,446.17520246,164,0,0.3933283894807131,-0.3559581479980869,0.3933283894807131,0.3559581479980869,1.096774193548387,1.870967741935484,2.6129032258064515,32.13353933137053,9.962527199505196,2.3786545084910697,-2.3283292049947084,2.406915947526701,-2.3794607919708466,7.182472806809387,-0.1261373993318637,3.4230423769639513,1.159644423545509,1028.227662099025,21.424074484064487,17.107032656193514,17.92352923712124,14.960440995145614,10.795487803090316,11.611984384018044,8.618814325641225,9.734014196930472,6.335036136587519,7.378085155264012,4.585788435922351,5.60676037057037,-2.1899999999999995,19768973.41015434,20.698209348830897,8.390290571407741,4.849081804490285,183.05882410349503,10.216698334856808,16.975579272220138,0.0,0.0,0.0,6.176298517443475,0.0,9.967957041894415,13.17124514302446,11.336785877934735,30.33183534230805,43.35494588101061,29.926406880835803,11.807045837390806,13.17124514302446,27.371269289855128,0.0,15.284745645900744,5.917906046161393,43.81933188445687,24.5341789485882,53.1661211709325,0.0,0.0,10.216698334856808,18.98910792085949,0.0,11.336785877934735,41.820365606223575,6.4208216229260096,5.917906046161393,35.620969600337716,42.725522485534206,0.0,10.216620634085364,0.0,41.05,12.597120140369483,13.17124514302446,0.0,0.0,27.585196534792612,55.0167853338243,18.311593189387544,6.06636706846161,0.0,50.51649071905926,0.0,38.33015051657031,1.1116563527558694,11.739587011007742,4.477752181951559,1.4196786911251442,2.0290383709622457,12.872744074882876,-0.3284140329243297,2.7644735003352428,0.0,0.4782608695652174,31,1,4,1,1,2,0,1,2,3,2,0,5,1,8,3,6,1,1,2,0,0,5.602064217565142,5,5.158200000000004,117.70170000000005,0,0,0,0,0,2,0,0,0,0,0,0,0,0,0,3,1,0,0,0,0,0,0,0,0,3,0,0,0,1,0,0,0,0,1,0,1,0,0,0,0,0,0,0,3,0,0,0,0,0,0,0,0,0,0,0,0,0,0,0,0,0,0,0,0,0,0,0,0,1,0,0,0,0,0,0,0,0,0,0,0,0,1,0,0,CHEMBL4569986,FC(F)(F)Cc1cc2c(N3CCC(CN[C@H]4C[C@@H]4c4ccccc4)CC3)ncnc2s1,61.04,1.785614524946824,CHEMBL6136,Lysine-specific histone demethylase 1,4,Large-Nonpolar-Aromatic-Rigid-Hydrophobic,Large-Nonpolar-Aromatic-Rigid-Hydrophobic
12.68633234366512,12.68633234366512,0.2602680277357856,-4.214803040076972,0.6562214353310477,16.535714285714285,406.47700000000015,385.30900000000014,406.143902332,148,0,0.3933283894768193,-0.3666015730521102,0.3933283894768193,0.3666015730521102,1.1071428571428572,1.8571428571428572,2.5714285714285716,32.133539127030964,10.03830634111915,2.28956633989418,-2.3226645727505453,2.326778545675483,-2.3835432364196056,7.182453847342496,-0.126136942889741,3.056176899633712,1.3878051856882283,918.0955408552217,19.56226716449869,15.245225336627716,16.06172191755544,13.460440995145614,9.291355432037443,10.10785201296517,7.12612788838733,8.241327759676578,4.932549145666936,5.975598164343426,3.5755418319170125,4.601901256414256,-2.1899999999999995,2925176.9330078126,19.14057659965873,8.046096185972683,4.79856714494235,164.9698289138345,5.316788604006331,16.975579272220138,0.0,0.0,0.0,6.176298517443475,4.899909730850477,9.967957041894415,13.17124514302446,11.336785877934735,30.33183534230805,24.471461806010623,30.553257240586987,11.807045837390806,13.17124514302446,27.371269289855128,0.0,14.867866772744891,0.0,38.02536062128204,18.40630141583148,53.1661211709325,0.0,0.0,5.316788604006331,18.98910792085949,0.0,11.336785877934735,40.17551893116148,12.965578028838586,0.0,23.282241931250315,42.725522485534206,0.0,10.216620634085364,0.0,41.05,12.597120140369483,13.17124514302446,0.0,10.91898802284926,16.03448341192039,43.81269834152449,11.890771566461538,6.06636706846161,6.06636706846161,44.45012365059766,0.0,38.05899703099536,1.082625660900788,11.712168556391244,4.111207730260761,1.3073011943276402,0.6353554293363097,12.229467228753936,-1.780120080162784,2.8929972491967435,0.0,0.4,28,1,4,0,1,1,0,1,2,3,0,0,5,1,8,3,5,0,1,1,0,0,5.500247156279718,4,4.872600000000003,105.53770000000004,0,0,0,0,0,2,0,0,0,0,0,0,0,0,0,3,1,0,0,0,1,0,0,0,0,3,0,0,0,1,0,0,0,0,1,0,1,0,0,0,0,0,0,0,3,0,0,0,0,0,0,0,0,0,0,0,0,0,0,0,0,0,0,0,0,0,0,0,0,1,0,0,0,0,0,0,0,0,0,0,0,0,1,0,0,CHEMBL4577459,FC(F)(F)Cc1cc2c(NC3CCN(Cc4ccccc4)CC3)ncnc2s1,470.0,2.6720978579357175,CHEMBL2093861,Menin/Histone-lysine N-methyltransferase MLL,0,Large-Nonpolar-Aromatic-Rigid-Hydrophobic,Large-Nonpolar-Aromatic-Rigid-Hydrophobic
12.613131923491771,12.613131923491771,0.0797665620681491,-0.5465152982489292,0.6105038653050684,23.1,460.43000000000006,437.2460000000002,459.093888716,156,0,0.2592120280616311,-0.3545949454411742,0.3545949454411742,0.2592120280616311,1.1,1.6666666666666667,2.2,35.4967854424301,9.808319139614316,2.524858971383432,-2.367046989924373,2.5555410616537104,-2.3588842801784247,8.177767559307325,-0.1159937502471261,3.210297403716043,1.909407280638904,1047.1228291214277,21.629027554137902,17.24035540984236,19.568709882806996,14.25707460581727,9.806423341707628,11.37884886865381,7.923134234672726,9.773526602982592,5.604716940884185,7.177884972868725,4.187585181673946,5.792899421620442,-1.9499999999999988,6455214.6546337595,21.28845752915276,7.950527437925071,3.4284342276294457,190.89777816352483,10.216698334856808,5.538925252383345,5.1676517695780495,0.0,5.907179729351506,0.0,4.794537184071822,4.992404732635668,0.0,0.0,61.31482245369272,59.99589945248356,22.789977923215677,10.946977343038007,4.794537184071822,46.03859622878571,0.0,10.216698334856808,10.91031077879706,32.35197768060318,7.04767198267719,80.3052819855154,0.0,0.0,5.316788604006331,0.0,0.0,34.963764729856145,23.022413212457224,10.333462436455168,5.917906046161393,37.93995541161382,64.12551710727443,10.045266627482652,0.0,0.0,44.7,5.538925252383345,4.794537184071822,0.0,17.86692660466086,14.9504031413727,21.991594066027872,11.761884949391115,7.04767198267719,48.53093654769288,30.98790993392868,28.194284513100698,0.0,13.766050308711211,20.727992807145643,4.990581300446921,2.6082942763010557,0.0728890011859586,15.622107041376225,0.0,6.357335723456305,1.660305096932237,0.3043478260869565,30,1,4,0,2,2,1,2,0,2,2,0,4,1,7,2,4,0,0,0,0,2,5.641815523221053,4,5.981900000000005,125.7927,0,0,0,0,0,0,0,0,0,0,1,1,0,0,1,2,1,0,0,1,0,0,0,0,0,0,1,1,1,0,0,0,0,0,2,0,1,0,0,0,0,0,0,0,2,0,0,0,0,0,0,0,0,0,0,0,0,0,0,0,0,0,0,0,0,0,0,0,0,0,0,0,0,0,0,1,0,0,0,0,0,0,0,0,0,CHEMBL2315837,CNC(=O)C1=C(C(C)C)N2C(=NC(C)(c3ccc(Cl)cc3)C2c2ccc(Cl)cc2)S1,1100.0,3.041392685158225,CHEMBL1907611,Tumour suppressor p53/oncoprotein Mdm2,3,Large-Nonpolar-Aromatic-Rigid-Hydrophobic,Large-Nonpolar-Aromatic-Rigid-Hydrophobic
13.34085504675121,13.34085504675121,0.0223255228017129,-0.9111258520898072,0.5688464878573086,27.714285714285715,437.3880000000002,415.2120000000001,436.06667092399994,148,0,0.303574478640614,-0.4812129740555144,0.4812129740555144,0.303574478640614,1.1785714285714286,1.9642857142857144,2.5714285714285716,35.49696969898485,9.621009150156524,2.471730819247654,-2.407292531191629,2.5375457340133507,-2.3907746306798128,7.1581486795539035,-0.1429062984939388,3.3610143598047175,1.7733105611619773,889.4119552645755,19.836134335324456,15.314274279928629,17.64262875289326,13.41872399336994,9.682777288142043,11.255202815088223,8.047586432564234,10.23068442953906,6.077813502132281,7.645389907059037,4.684225115310261,6.1751588782797535,-1.3599999999999997,3296872.761762204,19.934890917733448,8.173911740168919,4.292291008330939,178.2203140677202,5.106527394840706,5.783244946364939,0.0,0.0,0.0,5.969305287951848,9.589074368143644,0.0,0.0,11.336785877934735,48.17625716324028,54.50637510371824,27.653498645926803,10.75715063867164,14.69560176298435,46.29121589271656,0.0,0.0,17.75371813848418,43.939920206952834,0.0,56.19776342565491,0.0,0.0,0.0,0.0,0.0,34.538665658399765,16.859077629157493,9.589074368143644,17.75371813848418,54.380518892351134,36.39820241076966,9.358962329486957,0.0,0.0,54.37,11.887211334113244,14.69560176298435,0.0,29.95778470777513,21.69768999857436,29.703063554176325,11.336785877934735,0.0,36.39820241076966,0.0,23.20187978046503,0.7130781875507408,14.024681284835806,25.87222921671304,10.0207176093663,1.0747297808012095,-0.7517587955964281,11.677011754290191,3.591533184261359,0.0,0.0,0.4545454545454545,28,1,3,2,0,2,0,1,1,2,4,0,3,1,6,1,6,2,0,2,0,1,5.819501389694578,4,6.402300000000003,112.46080000000008,1,0,0,0,0,0,0,0,1,1,2,1,0,0,0,0,0,0,0,0,0,0,0,0,0,0,0,0,0,0,0,0,0,0,1,0,0,0,0,0,0,0,0,0,2,0,0,0,0,0,0,1,1,0,0,0,0,0,0,0,0,0,0,0,0,0,0,0,0,0,0,0,0,0,0,0,0,0,0,0,0,0,1,0,0,CHEMBL4108877,O=C(O)C[C@H]1C[C@H](c2cccc(Cl)c2)[C@@H](c2ccc(Cl)s2)C(CC2CC2)C1=O,430.0,2.633468455579586,CHEMBL1907611,Tumour suppressor p53/oncoprotein Mdm2,3,Large-Nonpolar-Aromatic-Rigid-Hydrophobic,Large-Nonpolar-Aromatic-Rigid-Hydrophobic
13.266780972677136,13.266780972677136,0.0192438271604939,-0.9377925187564736,0.6376892757568229,25.142857142857142,438.3760000000002,417.2080000000001,437.061919892,148,0,0.3036504604803591,-0.4812120697652653,0.4812120697652653,0.3036504604803591,1.2142857142857142,2.0,2.607142857142857,35.496969710529875,9.763047305026342,2.452729771161521,-2.441080065541279,2.4915630711006487,-2.4752406880460542,7.158026298770453,-0.1495758493024253,3.3610143598047175,1.7733105611619773,895.280784996242,19.836134335324456,15.18413760623896,17.512492079203593,13.41872399336994,9.450553983264014,11.022979510210194,7.7126754273304226,9.895773424305244,5.62283983529606,7.159742732073806,4.183326439409028,5.621897248614567,-1.5599999999999994,3296872.761762204,19.743314035916825,8.052669535931955,4.215435087580071,177.61520562352698,10.006437125691182,0.0,0.0,5.907179729351506,0.0,5.969305287951848,9.589074368143644,0.0,0.0,11.336785877934735,35.33461391738825,55.00929068048286,28.280349005677987,16.7989914678196,14.69560176298435,46.41515067570312,0.0,4.899909730850477,11.835812092322788,37.64303336701339,6.544756405912575,56.19776342565491,0.0,0.0,0.0,0.0,0.0,34.538665658399765,28.427678548907114,9.589074368143644,11.835812092322788,48.08363205241169,36.39820241076966,9.358962329486957,0.0,0.0,57.61,11.887211334113244,14.69560176298435,0.0,24.287748227586867,28.242446404486937,23.282241931250315,11.336785877934735,0.0,41.29811214162014,0.0,23.20187978046503,0.6864115208840742,13.95089065747375,27.624716304140605,9.983680572329265,1.033063114134543,-1.026953114064556,11.378879983063184,2.585378611321072,0.6728212396069538,0.0,0.4285714285714285,28,1,4,1,1,2,1,1,1,2,3,0,3,1,7,2,6,1,1,2,0,1,5.6780851241201855,4,5.613000000000003,111.05980000000004,1,0,0,0,0,0,0,0,1,1,2,1,0,0,0,1,0,0,0,0,1,0,0,0,0,0,0,1,0,0,0,0,0,0,1,0,0,0,0,0,0,0,0,0,2,0,0,0,0,0,0,0,0,0,0,0,0,0,0,0,0,0,0,0,0,0,0,0,0,1,0,0,0,0,0,0,0,0,0,0,0,0,1,0,0,CHEMBL3955799,O=C(O)C[C@@H]1CC(c2cccc(Cl)c2)[C@@H](c2ccc(Cl)s2)N(CC2CC2)C1=O,220.0,2.342422680822206,CHEMBL1907611,Tumour suppressor p53/oncoprotein Mdm2,3,Large-Nonpolar-Aromatic-Rigid-Hydrophobic,Large-Nonpolar-Aromatic-Rigid-Hydrophobic
13.64479150399064,13.64479150399064,0.059137639623751,-0.1018699236403062,0.5134452622084111,23.058823529411764,515.51,487.28600000000034,514.136087876,178,0,0.2621305134107135,-0.3355650322950559,0.3355650322950559,0.2621305134107135,0.9411764705882352,1.5,2.0588235294117645,35.496785871390685,9.921709252481358,2.4725303676762076,-2.336685029185337,2.5311955179607932,-2.4709168000349737,8.177734299292323,-0.1275343034256827,3.36428023809428,1.5586714307286238,1138.3955180359817,23.982398705266423,19.540559994778093,21.868914467742727,16.3294075958929,11.610080224355432,13.182505751301614,9.341056802781898,11.19144917109177,6.673034512824662,8.249549727532184,4.848177161247561,6.414283221657436,-1.989999999999999,68032313.4892911,23.737936506883788,9.57382318744007,4.371394363647474,214.9565785099841,14.69972919255143,10.946977343038007,5.1676517695780495,0.0,5.907179729351506,0.0,9.786941916707493,0.0,0.0,0.0,61.31482245369272,60.11983423547012,41.92133156418878,6.041840829147961,4.794537184071822,46.03859622878571,0.0,14.69972919255143,10.91031077879706,25.93115605767717,33.22669760632749,80.3052819855154,0.0,0.0,0.0,0.0,0.0,34.963764729856145,59.00125829780847,4.794537184071822,5.917906046161393,37.05805904107116,64.12551710727443,10.045266627482652,0.0,0.0,39.150000000000006,0.0,4.794537184071822,0.0,23.908767433808823,10.045266627482652,53.07575620356822,11.761884949391115,0.0,41.29811214162014,42.82769998068261,28.194284513100698,0.0,13.907465442716724,26.16129651179273,2.2949142957611586,3.2788316944554934,0.29368632628884,15.72652887905834,0.0,7.625576422453157,2.1005893163624494,0.3846153846153846,34,0,5,0,3,3,1,2,0,2,2,0,5,0,8,3,4,0,1,1,0,0,6.684200204458357,5,5.835800000000007,141.1919999999998,0,0,0,0,0,0,0,0,0,0,1,1,0,0,1,4,0,0,0,1,0,0,0,0,0,0,1,1,1,0,0,0,0,0,2,0,1,0,0,0,0,0,0,0,2,0,0,0,0,0,0,0,0,0,0,0,0,0,0,0,0,0,0,0,0,0,0,0,0,0,1,0,0,0,0,1,0,0,0,0,0,0,0,0,0,CHEMBL2152329,CC(C)C1=C(C(=O)N2CCN(C)CC2)SC2=N[C@@H](c3ccc(Cl)cc3)[C@@H](c3ccc(Cl)cc3)N21,1200.0,3.0791812460476247,CHEMBL5023,p53-binding protein Mdm-2,3,Large-Nonpolar-Aromatic-Rigid-Hydrophobic,Large-Nonpolar-Aromatic-Rigid-Hydrophobic
12.72350198325938,12.72350198325938,0.0618870727303264,-4.087149576458135,0.3264219981405222,11.090909090909092,498.38700000000017,481.25100000000026,497.025534384,166,0,0.2645193854467068,-0.4573831369900921,0.4573831369900921,0.2645193854467068,0.7575757575757576,1.4545454545454546,2.1515151515151514,35.49683751585396,10.028042092046103,2.1928019549311015,-2.1021346342262235,2.3058083330805896,-2.3008087969203785,7.896989240568243,0.0981160232618067,2.7981520929553136,1.5061467422040078,1406.2880255682032,23.424074484064487,17.034774705371788,19.363129178336425,15.81450027064264,9.7733704168296,12.012462610442448,7.026114944212811,9.552153092834914,4.706899437228124,6.601597660567267,3.102902785118018,4.594668086713699,-3.319999999999998,26320313.995007426,22.859045647194197,9.66582271068871,5.544465088913215,201.1598657114228,4.736862953800049,11.49902366656781,0.0,0.0,15.930470882759089,0.0,4.794537184071822,13.139891848781026,0.0,0.0,59.6000821912347,66.2271221763131,21.172169610876644,4.895483475517775,17.949197122200808,39.13235066322412,0.0,4.722094864452088,0.0,4.895483475517775,0.0,112.67059121456543,0.0,22.6259266499618,9.458957818252138,0.0,11.49902366656781,23.20187978046503,14.324976713680442,10.023291153407584,0.0,10.357988675768818,101.95735657090356,10.045266627482652,11.126902983393991,0.0,72.47,15.930470882759089,13.212334168400758,0.0,10.45893496721477,32.67119327744445,0.0,30.33183534230805,48.53093654769288,18.19910120538483,4.722094864452088,27.938742734265084,33.21322022070918,12.199225229710915,12.63336746815199,0.9114992286279624,1.5026200932858,0.3404180419973901,26.42568818286379,0.0,0.0,-4.087149576458135,0.0,33,1,5,0,0,0,1,4,0,4,0,0,4,1,8,0,6,0,0,0,0,0,6.695499471555139,4,6.571400000000004,129.50799999999998,0,0,0,0,0,0,0,0,0,0,1,1,0,0,0,0,1,0,0,0,0,0,0,0,0,0,0,1,0,0,0,0,0,0,4,0,0,0,0,0,0,1,0,0,2,0,0,0,0,0,0,0,0,0,0,0,0,0,0,0,0,0,0,0,1,0,0,0,0,0,0,0,0,0,0,0,1,0,0,0,0,0,0,0,0,CHEMBL1824820,O=C(NS(=O)(=O)c1ccc(Oc2ccccc2)cc1)c1cccc(-c2ccc(Cl)cc2Cl)c1,1940.0,3.287801729930226,CHEMBL4625,Apoptosis regulator Bcl-X,0,Large-Nonpolar-Aromatic-Rigid-Hydrophobic,Large-Nonpolar-Aromatic-Rigid-Hydrophobic
13.383956583662272,13.383956583662272,0.0126620107919706,-0.3454944570420764,0.4268864766694539,15.548387096774194,456.3690000000002,433.18500000000023,455.105498956,160,0,0.2317668794266203,-0.4899800987957518,0.4899800987957518,0.2317668794266203,0.9032258064516128,1.5806451612903225,2.225806451612903,35.496784899363234,9.865239763498666,2.3565914078771484,-2.3790539783506657,2.434780715383787,-2.4067386560386055,6.307157216283242,-0.1183001484967836,2.7448260871536982,1.925112328650039,1098.4212858022354,21.957454678884098,17.40006071755553,18.91191860959244,15.011570350697118,10.269205224362125,11.025134170380577,7.238258599122106,8.111130160066075,5.240511985053588,5.727585403180813,3.9859086780951984,4.296425214992569,-2.689999999999999,10875352.295042109,21.538583311036103,9.20821120459021,4.364769997605633,191.84933386189627,14.373635638450576,0.0,11.49902366656781,5.907179729351506,0.0,0.0,4.794537184071822,0.0,0.0,0.0,41.40098098584986,73.00239835370351,15.732652902166215,25.676426381099805,14.26826309167192,34.7964457845001,0.0,0.0,0.0,26.31013685145522,18.113673659876312,87.39929178718975,0.0,11.49902366656781,14.373635638450576,5.687386274683562,11.49902366656781,23.20187978046503,19.120943658377342,11.21535880699783,0.0,36.5796697036202,60.6636706846161,10.045266627482652,0.0,0.0,38.77,0.0,4.794537184071822,0.0,18.369842181425476,34.7580542230763,22.37774074977455,0.0,10.966276799312087,68.44477801553573,0.0,32.67560568806513,11.665169938753994,12.397707165044364,15.183091834985024,1.2173761156972742,3.614963545603428,1.310873427045716,18.506396339884795,0.2623171593740374,4.897660029166925,0.0,0.24,31,0,4,0,1,1,1,3,0,3,1,0,3,0,6,1,6,0,0,0,0,1,6.397800779860722,4,6.469500000000005,124.717,0,0,0,0,0,0,0,0,0,0,1,1,0,0,0,1,0,0,0,0,0,0,0,0,0,0,0,1,0,1,0,0,0,0,3,0,1,0,0,0,0,2,0,0,2,0,0,0,0,0,0,0,0,0,0,0,0,0,0,0,0,0,0,0,0,0,0,0,0,0,0,0,0,0,0,0,0,0,0,0,0,0,0,0,0,CHEMBL3603849,CCOc1cc2c(cc1OCC)C(c1ccc(Cl)cc1)N(c1cccc(Cl)c1)C(=O)C2,1400.0,3.146128035678238,CHEMBL1907611,Tumour suppressor p53/oncoprotein Mdm2,3,Large-Nonpolar-Aromatic-Rigid-Hydrophobic,Large-Nonpolar-Aromatic-Rigid-Hydrophobic
