MaxAbsEStateIndex,MaxEStateIndex,MinAbsEStateIndex,MinEStateIndex,qed,SPS,MolWt,HeavyAtomMolWt,ExactMolWt,NumValenceElectrons,NumRadicalElectrons,MaxPartialCharge,MinPartialCharge,MaxAbsPartialCharge,MinAbsPartialCharge,FpDensityMorgan1,FpDensityMorgan2,FpDensityMorgan3,BCUT2D_MWHI,BCUT2D_MWLOW,BCUT2D_CHGHI,BCUT2D_CHGLO,BCUT2D_LOGPHI,BCUT2D_LOGPLOW,BCUT2D_MRHI,BCUT2D_MRLOW,AvgIpc,BalabanJ,BertzCT,Chi0,Chi0n,Chi0v,Chi1,Chi1n,Chi1v,Chi2n,Chi2v,Chi3n,Chi3v,Chi4n,Chi4v,HallKierAlpha,Ipc,Kappa1,Kappa2,Kappa3,LabuteASA,PEOE_VSA1,PEOE_VSA10,PEOE_VSA11,PEOE_VSA12,PEOE_VSA13,PEOE_VSA14,PEOE_VSA2,PEOE_VSA3,PEOE_VSA4,PEOE_VSA5,PEOE_VSA6,PEOE_VSA7,PEOE_VSA8,PEOE_VSA9,SMR_VSA1,SMR_VSA10,SMR_VSA2,SMR_VSA3,SMR_VSA4,SMR_VSA5,SMR_VSA6,SMR_VSA7,SMR_VSA8,SMR_VSA9,SlogP_VSA1,SlogP_VSA10,SlogP_VSA11,SlogP_VSA12,SlogP_VSA2,SlogP_VSA3,SlogP_VSA4,SlogP_VSA5,SlogP_VSA6,SlogP_VSA7,SlogP_VSA8,SlogP_VSA9,TPSA,EState_VSA1,EState_VSA10,EState_VSA11,EState_VSA2,EState_VSA3,EState_VSA4,EState_VSA5,EState_VSA6,EState_VSA7,EState_VSA8,EState_VSA9,VSA_EState1,VSA_EState10,VSA_EState2,VSA_EState3,VSA_EState4,VSA_EState5,VSA_EState6,VSA_EState7,VSA_EState8,VSA_EState9,FractionCSP3,HeavyAtomCount,NHOHCount,NOCount,NumAliphaticCarbocycles,NumAliphaticHeterocycles,NumAliphaticRings,NumAmideBonds,NumAromaticCarbocycles,NumAromaticHeterocycles,NumAromaticRings,NumAtomStereoCenters,NumBridgeheadAtoms,NumHAcceptors,NumHDonors,NumHeteroatoms,NumHeterocycles,NumRotatableBonds,NumSaturatedCarbocycles,NumSaturatedHeterocycles,NumSaturatedRings,NumSpiroAtoms,NumUnspecifiedAtomStereoCenters,Phi,RingCount,MolLogP,MolMR,fr_Al_COO,fr_Al_OH,fr_Al_OH_noTert,fr_ArN,fr_Ar_COO,fr_Ar_N,fr_Ar_NH,fr_Ar_OH,fr_COO,fr_COO2,fr_C_O,fr_C_O_noCOO,fr_C_S,fr_HOCCN,fr_Imine,fr_NH0,fr_NH1,fr_NH2,fr_N_O,fr_Ndealkylation1,fr_Ndealkylation2,fr_Nhpyrrole,fr_SH,fr_aldehyde,fr_alkyl_carbamate,fr_alkyl_halide,fr_allylic_oxid,fr_amide,fr_amidine,fr_aniline,fr_aryl_methyl,fr_azide,fr_azo,fr_barbitur,fr_benzene,fr_benzodiazepine,fr_bicyclic,fr_diazo,fr_dihydropyridine,fr_epoxide,fr_ester,fr_ether,fr_furan,fr_guanido,fr_halogen,fr_hdrzine,fr_hdrzone,fr_imidazole,fr_imide,fr_isocyan,fr_isothiocyan,fr_ketone,fr_ketone_Topliss,fr_lactam,fr_lactone,fr_methoxy,fr_morpholine,fr_nitrile,fr_nitro,fr_nitro_arom,fr_nitro_arom_nonortho,fr_nitroso,fr_oxazole,fr_oxime,fr_para_hydroxylation,fr_phenol,fr_phenol_noOrthoHbond,fr_phos_acid,fr_phos_ester,fr_piperdine,fr_piperzine,fr_priamide,fr_prisulfonamd,fr_pyridine,fr_quatN,fr_sulfide,fr_sulfonamd,fr_sulfone,fr_term_acetylene,fr_tetrazole,fr_thiazole,fr_thiocyan,fr_thiophene,fr_unbrch_alkane,fr_urea,chembl_id,smiles,ic50_value,log_ic50,target_chembl_id,target_name,KMeansCluster,ChemicalClassRaw,ChemicalClass
13.677994343313456,13.677994343313456,0.0659478498827348,-1.1223594970395556,0.4884784068148778,20.96875,468.3800000000001,445.19600000000014,467.1054989560001,164,0,0.2569214054729638,-0.3957072188708944,0.3957072188708944,0.2569214054729638,0.90625,1.53125,2.15625,35.49678500463665,9.925089094397707,2.5407497701329564,-2.402306078299568,2.508059843101248,-2.4719921501846396,6.303996907868292,-0.1284815649033774,3.5647049169361513,1.6546766195076568,1142.493402993049,22.34672421487486,17.43058985415435,18.94244774619126,15.471929431072592,10.642408657849373,11.398337603867825,8.661047653324768,9.533919214268735,6.517027140541311,7.020979771220281,4.362976107806905,4.614952423146391,-2.369999999999999,36793686.41176286,21.474378961232546,8.199339475008957,3.614211944386307,196.8891333454528,9.843390348640757,0.0,5.724985593970254,0.0,5.907179729351506,0.0,9.6944469149223,0.0,0.0,0.0,65.66644925969631,48.73693007985706,38.69536797788299,13.213763929025836,14.637927532712576,29.10905950981654,0.0,4.899909730850477,5.414990469396779,25.111385245734848,13.213763929025836,105.09547741580998,0.0,0.0,0.0,0.0,0.0,23.20187978046503,29.127380784068524,17.006604953682878,5.414990469396779,39.889986396711826,72.79640482153933,10.045266627482652,0.0,0.0,49.77,5.724985593970254,9.901064578912528,0.0,17.929052163261204,28.760356489605144,29.531997720943004,0.0,4.899909730850477,72.79640482153933,0.0,27.938742734265084,6.716104086181798,12.266941238084094,15.45338833424316,11.158366448585276,1.8177793288756363,-0.0978283257747545,22.49009165387961,1.819395699765469,0.7646504250486037,0.0,0.2692307692307692,32,1,4,1,1,2,1,3,0,3,1,0,3,1,6,1,7,1,0,1,0,1,5.502366347441744,5,5.639600000000004,124.70430000000002,0,1,1,0,0,0,0,0,0,0,1,1,0,0,0,1,0,0,0,0,0,0,0,0,0,0,0,1,0,0,0,0,0,0,3,0,1,0,0,0,0,1,0,0,2,0,0,0,0,0,0,0,0,0,0,0,0,0,0,0,0,0,0,0,0,0,0,0,0,0,0,0,0,0,0,0,0,0,0,0,0,0,0,0,0,CHEMBL1688279,O=C1c2ccccc2C(OCC2(CO)CC2)(c2ccc(Cl)cc2)N1Cc1ccc(Cl)cc1,2300.0,3.361727836017593,CHEMBL5023,p53-binding protein Mdm-2,3,Large-Nonpolar-Aromatic-Flexible-Hydrophobic,Large-Nonpolar-Aromatic-Flexible-Hydrophobic
14.173222979051944,14.173222979051944,0.0910960433014071,-0.2584687327540307,0.2335900370901162,14.333333333333334,556.6660000000002,524.4100000000003,556.2474408840001,210,0,0.2828428827074051,-0.3825389767504226,0.3825389767504226,0.2828428827074051,0.8333333333333334,1.4285714285714286,2.0952380952380953,16.463421523489412,9.93200180803593,2.319213527573768,-2.3666602425025824,2.295012894554719,-2.464509207590989,6.095810584566957,0.0476584938839774,3.427433454039574,1.3622273784583518,1675.565327415704,29.053466517131895,23.681924980743588,23.681924980743588,20.54604519330777,14.021867330265469,14.021867330265469,10.42662663411497,10.42662663411497,7.67636911172074,7.67636911172074,5.63545879175322,5.63545879175322,-5.009999999999999,5745142923.727915,27.174169208457023,11.845474574962108,5.2213118912445005,245.13697593235867,9.636772684650529,0.0,5.693927994848461,0.0,11.814359458703011,0.0,14.48898409899412,4.681802935145184,5.098681808301038,0.0,72.79640482153933,66.9360312852419,30.723254491405697,23.899560560041436,14.325937321943693,23.189132008070136,0.0,14.680394474296698,0.0,25.93115605767717,18.61658923664093,143.33918476555854,0.0,5.687386274683562,4.899909730850477,11.374772549367124,0.0,0.0,46.25327426793813,17.702440982638635,6.923737199690624,37.66728483293155,115.26097430077064,0.0,5.687386274683562,0.0,67.67,0.0,9.589074368143644,0.0,23.550128282699433,24.40247613680605,29.05297365883859,5.563451491696996,22.757877275734803,108.8855200259269,12.13273413692322,9.835544762101089,7.21038543191111,0.0,31.72220640668547,4.7613928221783555,6.038997935788924,-0.3555731449964294,36.39324311318036,0.7283477108281121,2.8373786047983725,1.66362111962574,0.1714285714285714,42,0,7,0,1,1,2,4,1,5,1,0,5,0,7,2,7,0,0,0,0,0,7.664069772726092,6,6.372720000000006,163.3379999999996,0,0,0,0,0,2,0,0,0,0,2,2,0,0,0,4,0,0,0,0,0,0,0,0,0,0,0,2,0,2,1,0,0,0,4,0,1,0,0,0,0,1,0,0,0,0,0,0,0,0,0,0,0,0,0,1,0,0,0,0,0,0,0,0,3,0,0,0,0,0,0,0,0,0,0,0,0,0,0,0,0,0,0,0,0,CHEMBL501871,COC[C@@H]1Cc2ccccc2CN1C(=O)c1ccccc1-n1nc(C(=O)N(c2ccccc2)c2ccccc2)cc1C,160.0,2.204119982655925,CHEMBL4860,Apoptosis regulator Bcl-2,3,Large-Nonpolar-Aromatic-Flexible-Hydrophobic,Large-Nonpolar-Aromatic-Flexible-Hydrophobic
13.75817266978808,13.75817266978808,0.0057561777595729,-1.1644119661753596,0.455223311468152,20.323529411764707,475.9720000000002,449.76400000000024,475.155035992,174,0,0.2569214054444581,-0.3957072188708944,0.3957072188708944,0.2569214054444581,1.0294117647058822,1.7058823529411764,2.323529411764706,35.49569208634899,9.924593913283694,2.540907608992575,-2.4023936230680545,2.508014683129208,-2.4720653489081905,6.301131124052961,-0.1284839218399912,3.604138686542735,1.626237860904374,1234.0207655274528,23.924074484064484,18.960873671608987,19.71680261762744,16.382613033595543,11.40755056657669,11.785515039585915,9.287691115531484,9.724126896003469,6.964231914330803,7.216208229670288,4.61802341071601,4.744011568385753,-2.989999999999999,89582856.53857465,22.7850263706432,8.657910628165475,3.837776680913093,203.4772734474081,9.843390348640757,0.0,11.508230540335193,0.0,5.907179729351506,0.0,14.48898409899412,0.0,0.0,0.0,66.19824350638702,43.52793314262447,39.23618615583866,13.213763929025836,19.4324647167844,23.29136456594896,0.0,4.899909730850477,5.414990469396779,32.03512244542547,13.213763929025836,105.63629559376568,0.0,0.0,0.0,0.0,0.0,11.600939890232516,34.910625730433466,17.006604953682878,5.414990469396779,57.17171227217126,72.79640482153933,5.022633313741326,0.0,0.0,66.84,5.724985593970254,14.69560176298435,0.0,23.712297109626142,29.30117466756081,29.531997720943007,6.923737199690624,29.165378004696915,48.53093654769288,0.0,16.337802844032566,6.7262824126564205,6.1992976265210045,27.220754922779577,10.529340647755689,2.235417650567438,-0.1353489068265085,22.188264799476997,1.782340399889656,2.1980948916241756,0.0,0.2857142857142857,34,1,5,1,1,2,1,3,0,3,1,0,4,1,6,1,8,1,0,1,0,1,5.802080058159483,5,5.188800000000005,129.6988,0,1,1,0,0,0,0,0,0,0,2,2,0,0,0,1,0,0,0,0,0,0,0,0,0,0,0,1,0,0,0,0,0,0,3,0,1,0,0,0,0,1,0,0,1,0,0,0,0,0,0,1,1,0,0,0,0,0,0,0,0,0,0,0,0,0,0,0,0,0,0,0,0,0,0,0,0,0,0,0,0,0,0,0,0,CHEMBL1688293,CC(=O)c1ccc(CN2C(=O)c3ccccc3C2(OCC2(CO)CC2)c2ccc(Cl)cc2)cc1,17000.0,4.230448921378274,CHEMBL5023,p53-binding protein Mdm-2,3,Large-Nonpolar-Aromatic-Flexible-Hydrophobic,Large-Nonpolar-Aromatic-Flexible-Hydrophobic
14.40692425324039,14.40692425324039,0.1475174792139073,-1.0796990128355874,0.3594444003781074,24.97222222222222,523.4600000000003,495.23600000000033,522.147698116,186,0,0.303925958867445,-0.4812044883280438,0.4812044883280438,0.303925958867445,1.0555555555555556,1.8055555555555556,2.4166666666666665,35.496785422456064,9.664791922411943,2.546252418210384,-2.515775555738037,2.5673937631817547,-2.5378555519143418,6.304479393877767,-0.1611233207433367,3.680491614001035,1.7287723669546966,1263.025613374839,25.449018510446813,19.980097745226256,21.491955637263167,17.264675994890244,12.231136484273678,12.987065430292134,10.24247964188384,11.115351202827808,7.490840042533191,7.977913460660416,5.761317551311289,6.086033163396105,-2.8899999999999992,216540104.6934407,24.788935827059333,9.870969054058811,4.868980982393437,220.61652665452257,10.006437125691182,0.0,0.0,5.907179729351506,0.0,5.969305287951848,14.57305288909085,0.0,0.0,0.0,60.4574523224637,72.70547630910308,22.16001624525712,29.61342174546717,14.69560176298435,35.07836479776839,0.0,9.883888251797686,11.332896515558172,50.60861139585198,0.0,99.79297893041591,0.0,0.0,0.0,0.0,0.0,23.20187978046503,26.866900663941745,9.589074368143644,11.332896515558172,67.42944237409442,72.92688132469078,10.045266627482652,0.0,0.0,70.5,11.384295757348628,14.69560176298435,0.0,36.247495102896224,16.466088250408664,29.66247422409447,0.0,13.1205807713037,71.62994748392819,4.983978520947208,23.20187978046503,0.0,12.653870157286462,32.991414783153,11.03004274703071,1.6846952685395151,-1.0325893238889277,20.468519781065257,3.890096231980703,1.7861725770555137,0.0,0.3448275862068966,36,1,5,1,1,2,1,2,1,3,4,0,3,1,7,2,7,1,1,2,0,0,6.796967178665347,5,7.077900000000006,139.91079999999988,1,0,0,0,0,1,0,0,1,1,2,1,0,0,0,2,0,0,0,0,1,0,0,0,0,0,0,1,0,0,0,0,0,0,2,0,0,0,0,0,0,0,0,0,2,0,0,0,0,0,0,0,0,0,0,0,0,0,0,0,0,0,0,0,0,0,0,0,0,1,0,0,0,1,0,0,0,0,0,0,0,0,0,0,0,CHEMBL4108893,C[C@]1(CC(=O)O)C[C@H](c2cccc(Cl)c2)[C@@H](c2ccc(Cl)cc2)N([C@@H](c2ccccn2)C2CC2)C1=O,3.0,0.4771212547196624,CHEMBL1907611,Tumour suppressor p53/oncoprotein Mdm2,3,Large-Nonpolar-Aromatic-Flexible-Hydrophobic,Large-Nonpolar-Aromatic-Flexible-Hydrophobic
12.764593761734364,12.764593761734364,0.0078666292555178,-4.043313022580472,0.3761850340234238,14.529411764705882,518.4620000000002,493.2620000000003,517.08813464,178,0,0.2645193785161189,-0.4933108522384556,0.4933108522384556,0.2645193785161189,0.8823529411764706,1.588235294117647,2.2941176470588234,35.49826384806854,9.899399622906095,2.1967481397437134,-2.21201889588311,2.2903822694975178,-2.3010439115232324,7.896988603906373,0.0981159380315457,2.849708679796105,1.4215409988623129,1270.2130464816285,24.131181265251033,18.468014315732574,20.796368788697205,16.31450027064264,11.171982675061113,13.411074868673962,8.430760161161379,10.927562656052096,5.949236969407176,8.0351583602083,4.0384808251528765,5.310734434421096,-2.5399999999999987,45186120.71031896,24.58034476707035,10.80655230799141,6.116437949298118,209.65153515260576,4.736862953800049,5.749511833283905,0.0,0.0,15.930470882759089,0.0,4.794537184071822,13.139891848781026,0.0,0.0,60.663445854627895,78.4173888231003,5.563451491696996,21.547632067513348,17.949197122200808,39.13235066322412,0.0,4.722094864452088,5.917906046161393,36.99959159014782,6.606881964512918,82.33875587225737,0.0,16.876414816677897,9.458957818252138,0.0,5.749511833283905,23.20187978046503,20.93185867819336,10.023291153407584,5.917906046161393,42.46209679039886,71.62552122859549,10.045266627482652,11.126902983393991,0.0,72.47,15.930470882759089,13.212334168400758,0.0,10.45893496721477,33.88301796313787,5.563451491696996,44.23684225155326,54.59730361615449,0.0,4.722094864452088,27.938742734265084,33.500355446642324,12.064665925753122,12.71268255191184,0.8181288004623406,1.6790626392976302,0.4452044848088777,17.888117271856636,6.103742007197835,0.636909450205429,-4.043313022580472,0.2692307692307692,34,1,5,1,0,1,1,3,0,3,0,0,4,1,8,0,7,1,0,1,0,0,7.812611219817902,4,6.738200000000005,135.06199999999993,0,0,0,0,0,0,0,0,0,0,1,1,0,0,0,0,1,0,0,0,0,0,0,0,0,0,0,1,0,0,0,0,0,0,3,0,0,0,0,0,0,1,0,0,2,0,0,0,0,0,0,0,0,0,0,0,0,0,0,0,0,0,0,0,0,0,0,0,0,0,0,0,0,0,0,0,1,0,0,0,0,0,0,0,0,CHEMBL1824826,O=C(NS(=O)(=O)c1ccc(OCC2CCCCC2)cc1)c1cccc(-c2ccc(Cl)c(Cl)c2)c1,160.0,2.204119982655925,CHEMBL4625,Apoptosis regulator Bcl-X,3,Large-Nonpolar-Aromatic-Flexible-Hydrophobic,Large-Nonpolar-Aromatic-Flexible-Hydrophobic
12.754103844004186,12.754103844004186,0.0266561161501637,-4.066660071599717,0.31297433965119,11.117647058823527,512.4140000000002,493.2620000000002,511.041184448,172,0,0.2645193853476955,-0.4889174061666781,0.4889174061666781,0.2645193853476955,0.8235294117647058,1.5588235294117647,2.264705882352941,35.49683761777801,10.028041682690068,2.191416831550556,-2.1027816566045394,2.304370926073658,-2.301300302477441,7.896986335234604,0.0981151009466024,2.833362519002598,1.4596169684526843,1423.1429136588845,24.131181265251033,17.741881486558334,20.07023595952297,16.31450027064264,10.211474796785756,12.450566990398602,7.385274036260005,9.911312184882108,4.976318790722206,6.87101701406135,3.239663762992431,4.731429064588114,-3.319999999999998,43791861.7543002,23.82533319040178,10.301988280245148,5.775938873664503,207.52480782581935,4.736862953800049,12.356393797796825,0.0,0.0,15.930470882759089,0.0,4.794537184071822,13.139891848781026,0.0,0.0,71.73281632815791,59.65783953108687,21.172169610876644,4.895483475517775,17.949197122200808,39.13235066322412,0.0,4.722094864452088,0.0,11.502365440030694,0.0,118.23404270626244,0.0,16.876414816677897,9.458957818252138,0.0,5.749511833283905,23.20187978046503,14.324976713680442,16.630173117920503,0.0,15.921440167465814,101.95735657090356,10.045266627482652,11.126902983393991,0.0,72.47,15.930470882759089,13.212334168400758,0.0,17.06581693172769,26.92168144416055,5.563451491696996,18.19910120538483,48.53093654769288,30.33183534230805,4.722094864452088,27.938742734265084,33.29129603955785,12.212747142398513,12.69148495920876,0.9170381017621352,2.3129766268802605,-0.0305527831682163,27.022116470062567,0.0,0.2884424037867386,-4.066660071599717,0.0384615384615384,34,1,5,0,0,0,1,4,0,4,0,0,4,1,8,0,7,0,0,0,0,0,7.219067744131025,4,6.358100000000004,133.7659999999999,0,0,0,0,0,0,0,0,0,0,1,1,0,0,0,0,1,0,0,0,0,0,0,0,0,0,0,1,0,0,0,0,0,0,4,0,0,0,0,0,0,1,0,0,2,0,0,0,0,0,0,0,0,0,0,0,0,0,0,0,0,0,0,0,1,0,0,0,0,0,0,0,0,0,0,0,1,0,0,0,0,0,0,0,0,CHEMBL1824814,O=C(NS(=O)(=O)c1ccc(COc2ccccc2)cc1)c1cccc(-c2ccc(Cl)cc2Cl)c1,8690.0,3.9390197764486663,CHEMBL4361,Induced myeloid leukemia cell differentiation protein Mcl-1,0,Large-Nonpolar-Aromatic-Flexible-Hydrophobic,Large-Nonpolar-Aromatic-Flexible-Hydrophobic
14.146735008818345,14.146735008818345,0.0,-4.415718030981869,0.451216803553958,23.256410256410255,567.0960000000001,528.7920000000003,566.263538796,214,0,0.4159140545948012,-0.4760707288863677,0.4760707288863677,0.4159140545948012,0.9487179487179488,1.6666666666666667,2.3076923076923075,35.45300188395958,9.859133566568431,2.475061644569631,-2.459688737707027,2.347608835273556,-2.636144670511629,5.862943229683219,-0.1539734403992545,2.936773948680702,3.5279918385797574e-06,1058.452386417248,26.589364901994134,22.243140031737394,23.059636612665116,18.32224831471141,13.863826782543462,13.863826782543462,10.92837889183271,10.92837889183271,8.199899006521171,8.199899006521171,6.204913783997287,6.204913783997287,-2.519999999999999,423849500.7420853,29.462375747945178,12.766875008777372,7.169273917492828,234.4638777065477,14.536682415501003,11.567374611118932,5.601050810983688,0.0,5.907179729351506,6.176298517443475,9.6944469149223,4.983978520947208,13.17124514302446,12.407033161179976,25.32883193723964,74.54415135454767,45.46538200708852,5.563451491696996,22.702645280896327,24.13207566836651,0.0,14.783797982648164,5.917906046161393,56.72310068890924,50.713204572238496,54.22486454254134,0.0,5.749511833283905,9.636772684650529,18.98910792085949,5.749511833283905,12.407033161179976,72.10532336437137,10.970835701515297,5.917906046161393,50.50920285217907,48.661413050844345,0.0,0.0,0.0,48.91,17.34080082012416,17.96578232709628,0.0,18.314212890531483,50.81202153193418,37.46093134950941,44.23684225155327,6.196843571613076,23.099010936235302,14.783797982648164,4.736862953800049,45.83849797321531,0.0,24.970624470331344,0.0,-1.8349444649746096,1.7626660920447526,10.55340799236997,4.945726579964615,4.764021357048625,0.0,0.5862068965517241,39,0,6,1,2,3,1,1,1,2,1,0,5,0,10,3,6,1,2,3,0,1,9.64467868296538,5,5.664700000000005,147.3299999999998,0,0,0,0,0,1,0,0,0,0,1,1,0,0,0,4,0,0,0,0,1,0,0,0,0,3,0,1,0,1,0,0,0,0,1,0,0,0,0,0,0,1,0,0,4,0,0,0,0,0,0,0,0,0,0,0,0,0,0,0,0,0,0,0,0,0,0,0,0,1,1,0,0,1,0,0,0,0,0,0,0,0,0,0,0,CHEMBL3112819,Cl.O=C(N1CCN(c2ccccn2)CC1)C1(Oc2ccc(C(F)(F)F)cc2)CCCN(CC2CCCCC2)C1,5100.0,3.707570176097936,CHEMBL1907611,Tumour suppressor p53/oncoprotein Mdm2,4,Large-Nonpolar-Aromatic-Flexible-Hydrophobic,Large-Nonpolar-Aromatic-Flexible-Hydrophobic
8.877814987225005,8.877814987225005,0.1780257970641019,-0.1780257970641019,0.6082763602509319,20.258064516129032,417.59700000000026,382.3170000000002,417.27801274,164,0,0.11887676529166,-0.4935489066911598,0.4935489066911598,0.11887676529166,0.935483870967742,1.5806451612903225,2.225806451612903,16.476789414515892,9.65938533692526,2.44565556837232,-2.463077816458799,2.46119583381359,-2.5287179702395797,5.340400636457298,0.087479577125911,3.3825225383350106,1.270704120735035,846.3003264493565,21.520450801241797,18.509053304791315,18.509053304791315,15.196856541928934,11.896158748836005,11.896158748836005,9.234528958847612,9.234528958847612,7.438419639516535,7.438419639516535,5.673162384619877,5.673162384619877,-2.349999999999999,21056500.463118818,21.86590560259953,10.306733964984934,5.112684322982135,186.55681601264337,15.370440161812713,5.749511833283905,0.0,0.0,0.0,0.0,0.0,0.0,5.261891554738487,0.0,43.173478588160066,86.85835278432144,12.08368165829592,18.239554769002183,4.736862953800049,0.0,5.261891554738487,4.899909730850477,17.56947956948497,50.484676612865414,26.241151182250643,65.72420659954848,0.0,11.81873314607618,10.470530430962237,0.0,5.749511833283905,0.0,31.14106091310112,5.538925252383345,23.166924959853542,56.07265434387607,54.59730361615449,0.0,0.0,0.0,62.28,0.0,0.0,0.0,5.538925252383345,24.0061455485327,31.80460267394764,44.08838122925306,12.13273413692322,12.13273413692322,41.3009663859508,15.73242198570072,5.841193390879018,0.0,2.5681553531779,8.877814987225005,9.124571240519533,2.015248834326597,20.388192145778568,8.57951252187209,4.02197819288796,0.0,0.5185185185185185,31,2,4,1,1,2,0,2,0,2,1,0,4,1,4,1,8,1,1,2,0,0,7.26987328869248,4,5.083580000000005,124.69840000000006,0,0,0,0,0,0,0,0,0,0,0,0,0,0,0,2,0,1,0,0,1,0,0,0,0,0,0,0,0,0,0,0,0,0,2,0,0,0,0,0,0,1,0,0,0,0,0,0,0,0,0,0,0,0,0,0,0,1,0,0,0,0,0,0,0,0,0,0,0,1,0,0,0,0,0,0,0,0,0,0,0,0,0,0,0,CHEMBL3126198,N#Cc1ccc(OCCCN2CCC([C@@](N)(c3ccccc3)C3CCCC3)CC2)cc1,56.0,1.7481880270062005,CHEMBL1615381,Menin,3,Large-Nonpolar-Aromatic-Flexible-Hydrophobic,Large-Nonpolar-Aromatic-Flexible-Hydrophobic
13.81976517346557,13.81976517346557,0.0753550385211083,-1.1635571381330303,0.3608241117323286,16.61111111111111,481.5480000000003,454.3320000000003,481.188922964,182,0,0.2569215502883614,-0.501699466629682,0.501699466629682,0.2569215502883614,0.7777777777777778,1.3611111111111112,2.0,16.521637005702335,9.927628829292676,2.516587624172593,-2.394102185663861,2.468480853750552,-2.4598417113718107,6.0002342820278365,-0.1201314444870764,3.168719245076819,1.6434194748229778,1347.745164197393,25.122745096813752,20.17923822226248,20.17923822226248,17.578883918754673,11.669241249518384,11.669241249518384,8.57014524838506,8.57014524838506,6.4837175000458815,6.4837175000458815,4.781327528942857,4.781327528942857,-4.289999999999999,223408395.6450545,23.451799606823723,9.756613196687912,3.9528397846671295,209.84273248150328,19.31711625624085,0.0,17.224009260538065,5.749511833283905,5.907179729351506,0.0,9.6944469149223,0.0,0.0,0.0,78.86277189000094,29.32600418877882,23.235110881003564,20.826477047067986,24.111653440312672,5.907179729351506,0.0,4.899909730850477,0.0,18.876623964395748,14.219595082555069,124.8791305538708,0.0,17.248535499851716,9.473725907600098,0.0,17.248535499851716,0.0,30.133211937597757,23.613486918195797,0.0,32.6117946425568,97.0618730953858,0.0,0.0,0.0,68.23,5.724985593970254,9.901064578912528,0.0,29.762597193716136,12.10820789760957,22.253805966787983,14.219595082555069,17.032643867773697,84.92913895846256,0.0,14.210588861400147,17.461809423493538,0.0,15.608663825518985,10.3490502220906,2.802888982351691,0.3928633635474023,30.666069586415254,0.0,0.5002638154027048,2.968390781179832,0.1666666666666666,36,1,6,0,1,1,1,4,0,4,1,0,5,1,6,1,8,0,0,0,0,1,6.355837153611576,5,5.483300000000005,135.97929999999997,0,0,0,0,0,0,0,1,0,0,1,1,0,0,0,1,0,0,0,0,0,0,0,0,0,0,0,1,0,0,0,0,0,0,4,0,1,0,0,0,0,3,0,0,0,0,0,0,0,0,0,0,0,0,0,2,0,0,0,0,0,0,0,0,0,1,1,0,0,0,0,0,0,0,0,0,0,0,0,0,0,0,0,0,0,CHEMBL178106,COc1cc(COC2(c3ccccc3)c3ccccc3C(=O)N2Cc2ccccc2)cc(OC)c1O,17900.0,4.252853030979893,CHEMBL1907611,Tumour suppressor p53/oncoprotein Mdm2,3,Large-Nonpolar-Aromatic-Flexible-Hydrophobic,Large-Nonpolar-Aromatic-Flexible-Hydrophobic
13.998102564842808,13.998102564842808,0.0999434243862149,-4.401861017561551,0.3795883625654313,23.52777777777778,545.4290000000001,516.1970000000003,544.150732808,196,0,0.4005986477220604,-0.481204488331577,0.481204488331577,0.4005986477220604,1.1666666666666667,1.8333333333333333,2.388888888888889,35.496785546301226,9.66673486126593,2.5182488043750593,-2.5158515555485974,2.5172405164388736,-2.578023037948432,6.304457417639261,-0.1604743481959229,2.780798079242149,2.1521157812189604,1080.849241116248,26.672997628507915,19.987133003992405,21.498990896029312,16.84217291907567,11.673360856733792,12.429289802752246,9.513759575766024,10.386631136709992,6.701872597194719,7.188946015321943,5.100811926776977,5.425527538861794,-2.2899999999999987,45192551.54291952,28.283955180978474,11.401519212957483,6.720073043287863,218.12196824222124,15.323225729697514,0.0,0.0,5.907179729351506,0.0,12.145603805395323,9.589074368143644,0.0,13.17124514302446,0.0,61.31482245369272,48.234014503092446,28.549769908704583,24.422409327383324,27.86684690600881,35.07836479776839,0.0,10.216698334856808,5.414990469396779,57.28782549006007,13.08951281182515,69.70310615856953,0.0,0.0,5.316788604006331,13.17124514302446,0.0,23.20187978046503,47.19057430141112,9.589074368143644,5.414990469396779,56.19658912686262,48.53093654769288,10.045266627482652,0.0,0.0,69.64,48.51703369127811,27.86684690600881,0.0,18.883484074999977,16.466088250408664,11.126902983393991,0.0,61.211953609462995,6.06636706846161,5.316788604006331,23.20187978046503,38.588452804664726,12.405145382643855,27.37520542103477,13.053689674848362,0.3038627575515819,-1.87850902066052,12.966645978637402,-4.2074784414858515,2.115207664987909,0.0,0.4615384615384615,36,2,5,0,1,1,1,2,0,2,4,0,3,2,10,1,9,0,1,1,0,0,8.957779400398733,3,6.462100000000007,133.21249999999995,1,0,0,0,0,0,0,0,1,1,2,1,0,0,0,1,1,0,0,0,1,0,0,0,0,3,0,1,0,0,0,0,0,0,2,0,0,0,0,0,0,0,0,0,5,0,0,0,0,0,0,0,0,0,0,0,0,0,0,0,0,0,0,0,0,0,0,0,0,1,0,0,0,0,0,0,0,0,0,0,0,0,0,0,0,CHEMBL3919031,CC[C@@H](CNCC(F)(F)F)N1C(=O)[C@@](C)(CC(=O)O)C[C@H](c2cccc(Cl)c2)[C@H]1c1ccc(Cl)cc1,40.0,1.6020599913279625,CHEMBL1907611,Tumour suppressor p53/oncoprotein Mdm2,3,Large-Nonpolar-Aromatic-Flexible-Hydrophobic,Large-Nonpolar-Aromatic-Flexible-Hydrophobic
14.480681181937792,14.480681181937792,0.0339930555555552,-0.9911336075067894,0.4416307528168889,26.864864864864863,545.5070000000002,511.23500000000024,544.189562928,198,0,0.3039379027845646,-0.4812043513450464,0.4812043513450464,0.3039379027845646,1.027027027027027,1.7567567567567568,2.4054054054054053,35.49678555837629,9.645389283956373,2.5337968339927004,-2.5067374416602197,2.5344392956492423,-2.549741414351539,6.30446847743916,-0.1600643130808157,3.705714392070225,1.5759451735003285,1117.1446517334205,25.992988584816832,20.951342158047822,22.463200050084737,17.842974256875106,13.184511318820531,13.940440264838983,10.817759781939102,11.690631342883073,8.182174239005823,8.669247657133047,6.084267737229671,6.408983349314488,-2.119999999999999,383438153.90773255,26.485658012836804,11.321079599067104,6.141130914876911,228.03204278567617,14.743300079491233,0.0,0.0,5.907179729351506,0.0,5.969305287951848,14.48898409899412,0.0,0.0,0.0,47.46734805431147,73.53832020101844,35.59744189138177,31.091416850496586,19.4324647167844,35.07836479776839,0.0,9.799819461700954,11.332896515558172,44.0638549899394,39.392789552676135,69.70310615856953,0.0,0.0,0.0,0.0,0.0,23.20187978046503,66.17562142652115,14.325937321943693,11.332896515558172,55.19075797333339,48.53093654769288,10.045266627482652,0.0,0.0,70.08,11.384295757348628,14.69560176298435,0.0,24.287748227586867,55.10809266034705,37.05805904107116,0.0,0.0,47.36447921008175,10.966276799312087,27.938742734265084,5.494764926604858,12.670451516133411,31.018722930419656,11.318084570384611,1.0527210291851496,-0.6076190170359546,15.309711509632052,2.9722602513227514,4.243124505575676,0.0,0.5172413793103449,37,1,6,1,2,3,1,2,0,2,3,0,4,1,8,2,9,1,2,3,0,0,8.103952502621484,5,5.644000000000006,144.00179999999983,1,0,0,0,0,0,0,0,1,1,2,1,0,0,0,2,0,0,0,0,1,0,0,0,0,0,0,1,0,0,0,0,0,0,2,0,0,0,0,0,0,1,0,0,2,0,0,0,0,0,0,0,0,0,0,0,1,0,0,0,0,0,0,0,0,0,0,0,0,1,0,0,0,0,0,0,0,0,0,0,0,0,0,0,0,CHEMBL4112059,O=C(O)C[C@@]1(CCN2CCOCC2)C[C@H](c2cccc(Cl)c2)[C@@H](c2ccc(Cl)cc2)N(CC2CC2)C1=O,130.0,2.113943352306837,CHEMBL1907611,Tumour suppressor p53/oncoprotein Mdm2,3,Large-Nonpolar-Aromatic-Flexible-Hydrophobic,Large-Nonpolar-Aromatic-Flexible-Hydrophobic
14.05286954802497,14.05286954802497,0.1620077475434622,-1.066840807053274,0.4667818855373818,25.03030303030303,492.4430000000001,461.19500000000016,491.163013832,178,0,0.3039259575371061,-0.4812044883315404,0.4812044883315404,0.3039259575371061,1.181818181818182,1.8484848484848484,2.393939393939394,35.496785121351664,9.665212126071836,2.5246531084142037,-2.5230768201790075,2.5208254708706113,-2.5808371588898047,6.304449061468484,-0.1635597136824436,2.767180755954159,2.2542576189626176,996.0413343427728,24.336134335324452,19.424624582245116,20.936482474282027,15.606409912191904,11.192139838358605,11.94806878437706,9.12202591416106,9.994897475105024,6.821038701213598,7.308112119340822,5.156733029283471,5.481448641368288,-2.0799999999999987,14582157.086036513,25.54130072682552,10.456474187503218,5.367326562352721,205.1890450793414,14.743300079491233,0.0,0.0,5.907179729351506,0.0,5.969305287951848,9.589074368143644,0.0,0.0,0.0,61.31482245369272,55.157751702783074,23.07297021492158,30.023460138367017,19.432464716784395,35.07836479776839,0.0,4.899909730850477,5.414990469396779,64.13923056005552,7.109797541277533,69.70310615856953,0.0,0.0,0.0,0.0,0.0,23.20187978046503,41.13852690116833,14.325937321943693,5.414990469396779,63.12032632655324,48.53093654769288,10.045266627482652,0.0,0.0,66.84,11.384295757348628,14.69560176298435,0.0,36.433555444483126,22.886909873334673,11.126902983393991,0.0,14.033534740968156,67.27832067792461,0.0,27.938742734265084,5.664982861971949,12.521547775216606,27.732804083069983,10.880265885400943,0.843659476393439,-1.3219118774988483,14.563800998573427,0.5711616416113775,5.720331895103721,1.6289128157129602,0.4615384615384615,33,1,5,0,1,1,1,2,0,2,5,0,3,1,7,1,8,0,1,1,0,0,8.093089447433584,3,6.345100000000007,130.75879999999998,1,0,0,0,0,0,0,0,1,1,2,1,0,0,0,1,0,0,0,0,1,0,0,0,0,0,0,1,0,0,0,0,0,0,2,0,0,0,0,0,0,1,0,0,2,0,0,0,0,0,0,0,0,0,0,1,0,0,0,0,0,0,0,0,0,0,0,0,0,1,0,0,0,0,0,0,0,0,0,0,0,0,0,0,0,CHEMBL3329601,CC[C@@H]([C@H](C)OC)N1C(=O)[C@@](C)(CC(=O)O)C[C@H](c2cccc(Cl)c2)[C@H]1c1ccc(Cl)cc1,2.0,0.3010299956639812,CHEMBL1907611,Tumour suppressor p53/oncoprotein Mdm2,3,Large-Nonpolar-Aromatic-Flexible-Hydrophobic,Large-Nonpolar-Aromatic-Flexible-Hydrophobic
13.91975963371663,13.91975963371663,0.0249498646198147,-0.3487997586605724,0.2587999637704687,21.97872340425532,659.2710000000001,611.8950000000002,658.3285836640001,250,0,0.2360443426479694,-0.4928583645563636,0.4928583645563636,0.2360443426479694,0.9148936170212766,1.6170212765957446,2.25531914893617,35.495692771972735,9.843803563130184,2.3630556240552,-2.4088970430364216,2.438378075019608,-2.525625923242134,6.301156987030787,-0.1353804339975277,3.057985501028453,1.1933448778272846,1569.7420633571708,33.241547250330754,28.24667681619819,29.00260576221665,22.60459584137157,16.850979973992324,17.22894444700155,13.620331655531183,14.05676743600317,10.05716018260714,10.309136497946623,7.470213227966072,7.596201385635815,-3.75,31598706497.507694,33.16231979381997,14.161357340720222,7.237344783605712,283.71967592576596,24.173455100151532,0.0,11.49902366656781,11.814359458703011,0.0,0.0,14.48898409899412,0.0,0.0,0.0,23.733674027155736,110.66995796003056,56.16885987534851,32.22118278701238,19.06280027574374,34.79007189830265,0.0,9.799819461700954,5.917906046161393,64.13923056005552,57.18398659198317,82.37665847344843,0.0,11.49902366656781,19.273545369301058,11.374772549367124,11.49902366656781,11.600939890232516,81.14415326758244,16.009895991069655,5.917906046161393,62.26295619532425,60.6636706846161,5.022633313741326,0.0,0.0,65.56,0.0,9.589074368143644,0.0,30.38098829852528,35.02616026153107,60.54103948804786,12.84164324585202,7.109797541277533,67.09316825452905,41.11295971822459,21.074665797832616,11.807971094429735,6.286846675937367,34.62792070478914,0.6495623041222311,4.903320562241053,2.1738630709170272,20.260127132386454,4.879309951591889,7.338286114190343,5.683903500505875,0.4736842105263157,47,0,8,1,2,3,2,3,0,3,1,0,6,0,9,2,9,1,1,2,0,0,9.991988528670722,6,6.583500000000008,187.91099999999943,0,0,0,0,0,0,0,0,0,0,2,2,0,0,0,4,0,0,0,1,0,0,0,0,0,0,0,2,0,2,0,0,0,0,3,0,1,0,0,0,0,2,0,0,1,0,0,0,0,0,0,0,0,0,0,1,0,0,0,0,0,0,0,0,0,0,0,0,0,0,1,0,0,0,0,0,0,0,0,0,0,0,0,0,0,CHEMBL3601398,COc1cc2c(cc1OC(C)C)[C@H](c1ccc(Cl)cc1)N(c1ccc(N(C)C[C@H]3CC[C@H](N4CCN(C)C(=O)C4)CC3)cc1)C(=O)C2,0.8,-0.0969100130080563,CHEMBL5023,p53-binding protein Mdm-2,3,Large-Nonpolar-Aromatic-Flexible-Hydrophobic,Large-Nonpolar-Aromatic-Flexible-Hydrophobic
12.97167142374754,12.97167142374754,0.0714230563210414,-0.3462076268809462,0.284128802524649,10.676470588235292,489.40200000000016,467.2260000000002,488.105833304,170,0,0.2552659898780094,-0.3259905263905881,0.3259905263905881,0.2552659898780094,0.6470588235294118,1.1764705882352942,1.7352941176470589,35.49683662379427,9.88097076886694,2.181625220446592,-2.1787627191335717,2.2846822030270793,-2.167684666959133,6.3489726589899504,-0.1159470713500639,2.8308424535787813,1.4638423697375975,1234.5677434475642,23.91563831562721,18.171837153545997,19.68369504558291,16.474366886035764,10.75014993138057,11.506078877399023,7.819305898323655,8.692177459267624,5.322343178107437,5.7587789585794225,3.759156636721048,4.285199116946994,-3.5999999999999988,50271006.16023714,23.55457707339812,11.014075505350776,6.251637267780072,208.09175521634245,10.633577208012662,0.0,0.0,5.907179729351506,5.907179729351506,0.0,9.589074368143644,0.0,0.0,0.0,89.93191753354273,47.52510539416365,39.32221833763417,0.0,9.589074368143644,46.39101178853517,0.0,0.0,0.0,12.338727669087405,10.633577208012662,129.86386126642105,0.0,0.0,10.633577208012662,11.374772549367124,0.0,23.20187978046503,11.814359458703011,4.794537184071822,0.0,33.82361932825021,103.1282401638474,10.045266627482652,0.0,0.0,58.2,0.0,9.589074368143644,0.0,24.153087127790418,26.983490668546775,11.126902983393991,0.0,42.46456947923127,60.6636706846161,10.633577208012662,23.20187978046503,0.0,11.99548816375113,25.567202650639075,6.521703534911056,3.628669169949095,-0.5400328468018425,31.599164839888147,0.2833600432188998,0.0,0.0,0.0714285714285714,34,2,4,0,0,0,2,4,0,4,0,0,2,2,6,0,7,0,0,0,0,0,7.630349717147388,4,7.406400000000004,138.83089999999993,0,0,0,0,0,0,0,0,0,0,2,2,0,0,0,0,2,0,0,0,0,0,0,0,0,0,0,2,0,2,0,0,0,0,4,0,0,0,0,0,0,0,0,0,2,0,0,0,0,0,0,0,0,0,0,0,0,0,0,0,0,0,0,0,0,0,0,0,0,0,0,0,0,0,0,0,0,0,0,0,0,0,0,0,0,CHEMBL13602,O=C(CC(c1ccccc1)c1ccccc1)Nc1cccc(NC(=O)c2cc(Cl)cc(Cl)c2)c1,870.0,2.9395192526186187,CHEMBL2780,Cyclophilin A,3,Large-Nonpolar-Aromatic-Flexible-Hydrophobic,Large-Nonpolar-Aromatic-Flexible-Hydrophobic
14.437471305394585,14.437471305394585,0.0053472222222217,-0.9452152401598504,0.4080992464156295,26.944444444444443,529.5080000000003,495.23600000000033,528.194648308,192,0,0.303937902784354,-0.4812043513450466,0.4812043513450466,0.303937902784354,1.0,1.7222222222222223,2.361111111111111,35.496785433647446,9.645529203839068,2.533846279004329,-2.5054344665886177,2.534821908336212,-2.546607323726432,6.304466094993939,-0.1598584458576039,3.511528316439291,1.5920240376363868,1097.9530519608766,25.28588180363028,20.54309386758396,22.05495175962087,17.342974256875106,13.107161049630903,13.86308999564936,10.912494127429856,11.785365688373824,8.277152684592792,8.764226102720016,6.265727723242899,6.590443335327716,-2.0799999999999996,191483442.44984883,25.56459043244494,10.726332774595225,5.584932605273515,222.91849755616929,14.90634685654166,0.0,0.0,5.907179729351506,0.0,5.969305287951848,9.589074368143644,0.0,0.0,0.0,47.46734805431147,99.46947625869562,22.50792907955662,17.877652921470748,14.69560176298435,35.07836479776839,0.0,9.799819461700954,11.332896515558172,56.90549823579143,26.1790256236503,69.70310615856953,0.0,0.0,0.0,0.0,0.0,23.20187978046503,52.96185749749531,9.589074368143644,11.332896515558172,68.03240121918542,48.53093654769288,10.045266627482652,0.0,0.0,60.85,11.384295757348628,14.69560176298435,0.0,24.287748227586867,35.349572325408644,56.44445869283575,0.0,0.0,47.36447921008175,10.966276799312087,23.20187978046503,0.0,12.664119424673116,31.052781572394967,11.315169793362694,1.132124245016937,-0.5116841315650842,15.414048783663384,5.4463917087825475,3.4592708258936593,0.0,0.5172413793103449,36,1,5,1,2,3,1,2,0,2,3,0,3,1,7,2,9,1,2,3,0,0,7.617064006239935,5,6.4076000000000075,142.41679999999985,1,0,0,0,0,0,0,0,1,1,2,1,0,0,0,2,0,0,0,0,2,0,0,0,0,0,0,1,0,0,0,0,0,0,2,0,0,0,0,0,0,0,0,0,2,0,0,0,0,0,0,0,0,0,0,0,0,0,0,0,0,0,0,0,0,0,0,0,0,1,0,0,0,0,0,0,0,0,0,0,0,0,0,0,0,CHEMBL4115245,O=C(O)C[C@@]1(CCN2CCCC2)C[C@H](c2cccc(Cl)c2)[C@@H](c2ccc(Cl)cc2)N(CC2CC2)C1=O,60.0,1.7781512503836436,CHEMBL1907611,Tumour suppressor p53/oncoprotein Mdm2,3,Large-Nonpolar-Aromatic-Flexible-Hydrophobic,Large-Nonpolar-Aromatic-Flexible-Hydrophobic
14.349520625122477,14.349520625122477,0.1738600718065002,-1.0947273575067884,0.331314075673119,22.88888888888889,525.4760000000001,495.2360000000002,524.1633481800001,188,0,0.3039259588612437,-0.4812044883280517,0.4812044883280517,0.3039259588612437,1.0833333333333333,1.8333333333333333,2.4444444444444446,35.49678541295865,9.665226438788649,2.522967742133634,-2.5144931896890395,2.5373215776831066,-2.533862577710284,6.304472666056429,-0.1607114474022151,2.849285587846635,1.9608876815977163,1218.703634091547,25.871668241257183,20.402747476036637,21.91460536807355,17.23020115227959,12.196661641663033,12.952590587681486,9.764685317803506,10.637556878747477,7.058894981721889,7.545968399849113,5.499353595727958,5.824069207812776,-2.889999999999999,96359647.38111484,26.180914658823102,11.017618365140706,5.424135511661956,221.62235780805185,10.006437125691182,0.0,0.0,5.907179729351506,0.0,5.969305287951848,14.57305288909085,0.0,0.0,0.0,73.80201114508034,60.366748640015665,22.16001624525712,29.61342174546717,14.69560176298435,35.07836479776839,0.0,9.883888251797686,5.414990469396779,57.5323485955426,0.0,99.79297893041591,0.0,0.0,0.0,0.0,0.0,23.20187978046503,26.866900663941745,9.589074368143644,5.414990469396779,74.35317957378506,72.9268813246908,10.045266627482652,0.0,0.0,70.5,11.384295757348628,14.69560176298435,0.0,30.32958905673483,22.886909873334673,23.24165260116846,0.0,13.1205807713037,71.62994748392819,11.907715720637832,23.20187978046503,0.0,12.632427107257554,32.82109834639311,10.995892798471038,1.596060064457883,-1.3539910641117652,20.22527303020441,3.374839887673432,3.847288718543228,0.0,0.3448275862068966,36,1,5,0,1,1,1,2,1,3,4,0,3,1,7,2,8,0,1,1,0,0,8.012536837811972,4,7.468000000000007,142.09479999999985,1,0,0,0,0,1,0,0,1,1,2,1,0,0,0,2,0,0,0,0,1,0,0,0,0,0,0,1,0,0,0,0,0,0,2,0,0,0,0,0,0,0,0,0,2,0,0,0,0,0,0,0,0,0,0,0,0,0,0,0,0,0,0,0,0,0,0,0,0,1,0,0,0,1,0,0,0,0,0,0,0,0,0,0,0,CHEMBL3329612,CCC[C@@H](c1ccccn1)N1C(=O)[C@@](C)(CC(=O)O)C[C@H](c2cccc(Cl)c2)[C@H]1c1ccc(Cl)cc1,6.0,0.7781512503836436,CHEMBL1907611,Tumour suppressor p53/oncoprotein Mdm2,3,Large-Nonpolar-Aromatic-Flexible-Hydrophobic,Large-Nonpolar-Aromatic-Flexible-Hydrophobic
14.218538482265334,14.218538482265334,0.0454223356009064,-0.6669513512709615,0.4445193999329416,23.333333333333332,486.4470000000001,457.21500000000026,485.174915908,174,0,0.229273469207476,-0.3315925446805087,0.3315925446805087,0.229273469207476,1.0909090909090908,1.818181818181818,2.4242424242424243,35.49678510021441,9.664920193259078,2.5109008123199943,-2.5165269469832285,2.5163484963788463,-2.557350923494635,6.304418971357211,-0.1546171666541131,3.30548836206803,1.87814791052661,1084.4414345723026,23.587211190881018,19.13231170431423,20.644169596351137,15.85752235221742,11.422343409144723,12.17827235516318,9.13013100047864,10.003002561422608,6.873143661400399,7.360217079527623,5.252444046161573,5.577159658246391,-2.4399999999999986,32430595.86666669,23.70927669440179,9.816535478310833,4.7766260012608095,204.22041904393353,4.899909730850477,5.824404497999927,0.0,5.907179729351506,0.0,0.0,4.794537184071822,5.098681808301038,0.0,5.098681808301038,68.23855965338335,65.0816063173282,28.425835125718017,11.456831298544738,4.794537184071822,29.10905950981654,0.0,25.52404353876229,5.414990469396779,64.45608579523322,0.0,75.52751065656945,0.0,0.0,0.0,0.0,0.0,23.20187978046503,37.473064097261755,11.21535880699783,5.414990469396779,68.94473082455316,48.53093654769288,10.045266627482652,0.0,0.0,74.77000000000001,5.414990469396779,4.794537184071822,0.0,23.908767433808823,28.7113143713346,23.96854622924601,0.0,0.0,49.38830667892189,45.43788500660515,23.20187978046503,0.0,12.628913978288908,16.331739540466394,15.7075619478062,1.5282648293370849,0.7916834603276401,15.840415852057417,2.833115140603567,6.3105274733350125,0.0,0.44,33,1,6,0,1,1,1,2,1,3,3,0,4,1,8,2,7,0,1,1,0,0,7.052816843505556,4,6.001300000000007,130.2077,0,0,0,0,0,4,1,0,0,0,1,1,0,0,0,4,1,0,0,0,1,1,0,0,0,0,0,1,0,0,0,0,0,0,2,0,0,0,0,0,0,0,0,0,2,0,0,0,0,0,0,0,0,0,0,0,0,0,0,0,0,0,0,0,0,0,0,0,0,1,0,0,0,0,0,0,0,0,0,1,0,0,0,0,0,CHEMBL4109795,CCC(CC)N1C(=O)[C@@](C)(Cc2nnn[nH]2)C[C@H](c2cccc(Cl)c2)[C@H]1c1ccc(Cl)cc1,3.0,0.4771212547196624,CHEMBL1907611,Tumour suppressor p53/oncoprotein Mdm2,3,Large-Nonpolar-Aromatic-Flexible-Hydrophobic,Large-Nonpolar-Aromatic-Flexible-Hydrophobic
14.232219707973826,14.232219707973826,0.0281532746843597,-0.9181784849236828,0.2498030062378179,14.692307692307692,563.4810000000001,535.2570000000003,562.142612736,200,0,0.307315176210965,-0.4960547756827909,0.4960547756827909,0.307315176210965,0.9743589743589745,1.6666666666666667,2.3076923076923075,35.49678574394486,10.015469312454956,2.4351289611654865,-2.3007152438902367,2.478793453055357,-2.3022911015384264,6.309166670985161,-0.1357347595221891,3.407003718606107,1.7849985117965044,1591.1244958422064,28.007342731648755,22.034974884561603,23.546832776598514,18.599463205922557,12.596959773829244,13.352888719847698,9.957446111625528,10.830317672569498,7.070545663698828,7.5576190818260525,5.405707269867063,5.698038982578104,-3.7399999999999984,552353582.1034887,26.850750846856354,10.43694977919006,4.7917833827161,236.89765482709603,14.410489996432108,11.791352662431866,0.0,0.0,5.907179729351506,5.969305287951848,14.48898409899412,0.0,0.0,0.0,47.46734805431147,79.92613555339412,27.33794522301117,30.48192664559746,19.4324647167844,40.76575107245195,0.0,4.567099647791355,0.0,39.275714880293805,12.009707272128011,104.72303834219684,0.0,17.00689131982936,9.636772684650529,5.687386274683562,5.749511833283905,23.20187978046503,28.65990960121295,11.21535880699783,6.923737199690624,58.67342720338543,66.73003775307771,10.045266627482652,11.257379486545457,0.0,71.77000000000001,12.011146117099807,14.69560176298435,0.0,18.369842181425476,26.92168144416055,33.76559673947147,0.0,24.14244140905123,61.52104081584511,18.414574047172604,27.938742734265084,7.828267688784012,12.635379273831122,27.477133613214978,10.530983955779126,6.149052077565685,-0.4627433206911697,19.84757652477131,-0.1178103520077518,6.086994891406452,1.5807212029018,0.2258064516129032,39,1,6,0,1,1,1,3,1,4,1,0,4,1,8,2,7,0,0,0,0,0,7.185639439030377,5,7.736720000000006,154.43829999999969,1,0,0,0,0,1,0,0,1,1,2,1,0,0,0,2,0,0,0,0,0,0,0,0,0,0,0,1,0,1,1,0,0,0,3,0,1,0,0,0,0,1,0,0,2,0,0,0,0,0,0,0,0,0,0,1,0,0,0,0,0,0,0,0,0,0,0,0,0,0,0,0,0,0,0,0,0,0,0,0,0,0,0,0,0,CHEMBL3892862,COc1ccc(CC(=O)O)cc1-c1cc2c(n1C(C)C)[C@H](c1ccc(Cl)cc1)N(c1cc(Cl)ccc1C)C2=O,0.061,-1.214670164989233,CHEMBL1907611,Tumour suppressor p53/oncoprotein Mdm2,3,Large-Nonpolar-Aromatic-Flexible-Hydrophobic,Large-Nonpolar-Aromatic-Flexible-Hydrophobic
13.846939842809553,13.846939842809553,0.0030390211640209,-0.9957013512709612,0.4970107638722672,23.93548387096774,462.417,433.1850000000002,461.152449148,166,0,0.3039259574797661,-0.4812044883316134,0.4812044883316134,0.3039259574797661,1.096774193548387,1.7419354838709675,2.2903225806451615,35.49678489439172,9.666086658863374,2.514713227538412,-2.5147031022910955,2.5193614956342776,-2.554878730011857,6.304440096183409,-0.1603118969564901,2.718708869002739,2.2208473849444994,942.0382198921268,22.758784066134822,18.146132803778176,19.657990695815084,14.695726309668943,10.752860756626674,11.50878970264513,8.67592944854697,9.54880100949094,6.467713758677929,6.954787176805153,4.962980412122702,5.287696024207519,-2.0399999999999987,5970023.680278591,23.619515654107328,9.620926631626547,4.908216659074495,193.7105577354379,10.006437125691182,0.0,0.0,5.907179729351506,0.0,5.969305287951848,9.589074368143644,0.0,0.0,0.0,68.23855965338335,54.65483612601846,22.005013502792007,17.877652921470748,14.69560176298435,35.07836479776839,0.0,4.899909730850477,5.414990469396779,64.45608579523322,0.0,69.70310615856953,0.0,0.0,0.0,0.0,0.0,23.20187978046503,27.924762972142496,9.589074368143644,5.414990469396779,69.54114794947925,48.53093654769288,10.045266627482652,0.0,0.0,57.61,11.384295757348628,14.69560176298435,0.0,30.32958905673483,16.466088250408664,23.96854622924601,0.0,6.923737199690624,53.43084627854336,13.847474399381248,23.20187978046503,0.0,12.470315928126173,27.506291816126172,10.853523344248678,1.0038545822135447,-1.153252291750969,15.0602767848756,1.8103142146776416,5.920897843705383,0.0,0.44,31,1,4,0,1,1,1,2,0,2,3,0,2,1,6,1,7,0,1,1,0,0,7.330375070410365,3,6.720200000000006,124.57880000000004,1,0,0,0,0,0,0,0,1,1,2,1,0,0,0,1,0,0,0,0,1,0,0,0,0,0,0,1,0,0,0,0,0,0,2,0,0,0,0,0,0,0,0,0,2,0,0,0,0,0,0,0,0,0,0,0,0,0,0,0,0,0,0,0,0,0,0,0,0,1,0,0,0,0,0,0,0,0,0,0,0,0,0,0,0,CHEMBL2177190,CCC(CC)N1C(=O)[C@@](C)(CC(=O)O)C[C@H](c2cccc(Cl)c2)[C@H]1c1ccc(Cl)cc1,2.8,0.4471580313422192,CHEMBL1907611,Tumour suppressor p53/oncoprotein Mdm2,3,Large-Nonpolar-Aromatic-Flexible-Hydrophobic,Large-Nonpolar-Aromatic-Flexible-Hydrophobic
11.177254713536836,11.177254713536836,0.2584955045912496,-0.9386377671114464,0.4116637989326741,10.741935483870968,412.4890000000001,388.29700000000014,412.178692628,156,0,0.3351789786976674,-0.4931756017554555,0.4931756017554555,0.3351789786976674,0.967741935483871,1.6774193548387095,2.3870967741935485,16.476677474343536,10.065097203897482,2.154680437839956,-2.1190163955008505,2.3283386948431035,-2.0591990879519204,5.879130244443588,0.0696635123813238,3.2296708676094417,1.734204552785372,1164.9985674950924,21.63118126525103,17.362361479642008,17.362361479642008,15.152198343190411,10.331383102053405,10.331383102053405,7.1852339390279125,7.1852339390279125,5.1255397631525526,5.1255397631525526,3.5679665366858666,3.5679665366858666,-3.859999999999999,17586772.23037963,20.414300994826625,9.303515111897896,4.665515565242735,181.1039308483796,9.843390348640757,5.749511833283905,0.0,0.0,0.0,5.969305287951848,4.681802935145184,4.794537184071822,5.098681808301038,0.0,54.59730361615449,49.23984565662168,17.671659389306566,23.558189445906834,14.637927532712576,5.969305287951848,0.0,9.78048474344622,0.0,19.88931522852921,6.606881964512918,96.05604194185656,0.0,28.264270806374817,4.736862953800049,0.0,5.749511833283905,0.0,27.463199390751697,12.965578028838586,0.0,22.845177367156435,84.92913895846256,0.0,22.514758973090913,0.0,64.35,5.969305287951848,4.794537184071822,0.0,5.563451491696996,13.151638370425491,34.68509242930082,5.563451491696996,24.26546827384644,60.13647668252869,12.13273413692322,14.942072156941792,7.865116945194057,0.0,11.177254713536836,14.030142994695805,5.128790499132277,-0.1204560617183413,27.13312187710411,0.8509066180165566,3.2684557473720397,0.0,0.1538461538461538,31,1,5,0,0,0,0,3,1,4,0,0,4,1,5,1,8,0,0,0,0,0,6.126605090458121,4,5.556700000000005,121.3733,0,0,0,0,1,2,0,0,1,1,1,0,0,0,0,2,0,0,0,0,0,0,0,0,0,0,0,0,0,0,2,0,0,0,3,0,0,0,0,0,0,1,0,0,0,0,0,0,0,0,0,0,0,0,0,0,0,0,0,0,0,0,0,0,1,0,0,0,0,0,0,0,0,0,0,0,0,0,0,0,0,0,0,0,0,CHEMBL3134208,CCOc1ccccc1-c1cc(-c2ccc(C(=O)O)cc2)nn1CCc1ccccc1,91220.0,4.960090067904919,CHEMBL1907611,Tumour suppressor p53/oncoprotein Mdm2,0,Large-Nonpolar-Aromatic-Flexible-Hydrophobic,Large-Nonpolar-Aromatic-Flexible-Hydrophobic
12.66785359803803,12.66785359803803,0.0434254010246073,-4.055038582632826,0.31297433965119,11.117647058823527,512.4140000000002,493.2620000000002,511.041184448,172,0,0.2644978450880265,-0.4889159604820655,0.4889159604820655,0.2644978450880265,0.7647058823529411,1.3823529411764706,2.0,35.49683743290617,10.03835882249574,2.1871862868801935,-2.097462962282152,2.2724710400073476,-2.3003576117414783,7.896987974462518,0.0981150828887897,2.8274866962706326,1.413995608339632,1385.6429136588838,24.131181265251033,17.741881486558334,20.07023595952297,16.29766351823703,10.205491732642049,12.444583926254897,7.415775106729153,9.971048909082633,4.952400112527094,6.735728005062186,3.2303636462920435,4.730568554163599,-3.319999999999998,42432386.909549795,23.82533319040178,10.301988280245148,5.967881270018674,207.52480782581935,4.736862953800049,12.356393797796825,0.0,0.0,15.930470882759089,0.0,4.794537184071822,13.139891848781026,0.0,0.0,65.66644925969631,71.28765809124549,15.608718119179647,4.895483475517775,17.949197122200808,39.13235066322412,0.0,4.722094864452088,0.0,11.502365440030694,0.0,118.23404270626244,0.0,16.876414816677897,9.458957818252138,0.0,5.749511833283905,23.20187978046503,14.324976713680442,16.630173117920503,0.0,15.921440167465814,101.95735657090356,10.045266627482652,11.126902983393991,0.0,72.47,15.930470882759089,13.212334168400758,0.0,10.45893496721477,22.401660425279477,16.690354475090988,24.26546827384644,42.46456947923127,30.33183534230805,4.722094864452088,27.938742734265084,33.103393480038356,12.089659519770896,12.515354899160052,0.984994915040606,2.764588196046055,-0.2167428009787144,27.090516751656605,0.0,0.3621625107878627,-4.055038582632826,0.0384615384615384,34,1,5,0,0,0,1,4,0,4,0,0,4,1,8,0,7,0,0,0,0,0,7.219067744131025,4,6.358100000000004,133.7659999999999,0,0,0,0,0,0,0,0,0,0,1,1,0,0,0,0,1,0,0,0,0,0,0,0,0,0,0,1,0,0,0,0,0,0,4,0,0,0,0,0,0,1,0,0,2,0,0,0,0,0,0,0,0,0,0,0,0,0,0,0,0,0,0,0,0,0,0,0,0,0,0,0,0,0,0,0,1,0,0,0,0,0,0,0,0,CHEMBL1824809,O=C(NS(=O)(=O)c1ccc(OCc2ccccc2)cc1)c1ccc(-c2cc(Cl)cc(Cl)c2)cc1,3190.0,3.503790683057181,CHEMBL4625,Apoptosis regulator Bcl-X,0,Large-Nonpolar-Aromatic-Flexible-Hydrophobic,Large-Nonpolar-Aromatic-Flexible-Hydrophobic
13.820102950645278,13.820102950645278,0.1116596329889985,-0.9665565904498384,0.4097835307023156,23.676470588235293,504.45400000000006,473.20600000000024,503.163013832,182,0,0.3036504620310349,-0.481212069761183,0.481212069761183,0.3036504620310349,1.1176470588235294,1.8529411764705883,2.4705882352941178,35.49678523153022,9.739308888229566,2.4572914499097696,-2.4790037052100904,2.4732166061902947,-2.5288172111211855,6.304427464439627,-0.1535609151003934,3.6296017570694943,1.758030602662661,1007.944606882922,24.24191172926027,19.330401976180937,20.842259868217845,16.367412398353686,11.995914050357335,12.751842996375789,9.47678823158055,10.349659792524518,6.957718798534342,7.444792216661566,5.025087445572425,5.349803057657242,-2.0799999999999987,68737223.85449775,25.026111957424533,11.107428090072322,5.937466114985257,210.54815604020877,14.743300079491233,0.0,0.0,5.907179729351506,0.0,5.969305287951848,9.589074368143644,0.0,0.0,0.0,54.39108525400209,66.99356379510586,28.48796068431836,25.111385245734848,19.432464716784395,35.07836479776839,0.0,4.899909730850477,11.835812092322788,57.02943301877799,13.213763929025836,69.70310615856953,0.0,0.0,0.0,0.0,0.0,23.20187978046503,41.13852690116833,14.325937321943693,11.835812092322788,62.11449517302401,48.53093654769288,10.045266627482652,0.0,0.0,66.84,11.887211334113244,14.69560176298435,0.0,30.32958905673483,42.0185798485219,11.126902983393991,12.84164324585202,0.0,60.35458347823398,0.0,27.938742734265084,6.039463209666582,12.527029773718567,27.389866339446364,10.799600602586716,1.9641055943982544,-1.1841351626823926,14.808441624141285,3.3521976171112,3.192319290502311,0.0,0.4814814814814814,34,1,5,1,1,2,1,2,0,2,4,0,3,1,7,1,10,1,1,2,0,1,8.175757027682119,4,6.346700000000007,133.21379999999996,1,0,0,0,0,0,0,0,1,1,2,1,0,0,0,1,0,0,0,0,1,0,0,0,0,0,0,1,0,0,0,0,0,0,2,0,0,0,0,0,0,1,0,0,2,0,0,0,0,0,0,0,0,0,0,0,0,0,0,0,0,0,0,0,0,0,0,0,0,1,0,0,0,0,0,0,0,0,0,0,0,0,0,0,0,CHEMBL4109794,CC[C@@H](COCC1CC1)N1C(=O)[C@@H](CC(=O)O)C[C@H](c2cccc(Cl)c2)C1c1ccc(Cl)cc1,30.0,1.4771212547196624,CHEMBL1907611,Tumour suppressor p53/oncoprotein Mdm2,3,Large-Nonpolar-Aromatic-Flexible-Hydrophobic,Large-Nonpolar-Aromatic-Flexible-Hydrophobic
14.286514515271127,14.286514515271127,0.091312830687831,-1.0414957106813922,0.4756626351134053,26.11111111111111,533.4960000000001,499.2240000000003,532.189562928,194,0,0.3039259575084518,-0.481204488331577,0.481204488331577,0.3039259575084518,1.1111111111111112,1.8055555555555556,2.4166666666666665,35.49678544739856,9.666571983911874,2.5194963023128256,-2.522037022046588,2.518317706929141,-2.5833691167051787,6.304461243862477,-0.1609777527492157,2.849011602313069,1.8422027839074169,1073.4742859789571,25.871668241257183,20.830021814488187,22.3418797065251,17.213364399873985,12.57178754268027,13.327716488698725,10.180661768363844,11.053533329307813,7.569117283425118,8.056190701552342,5.776455886890214,6.101171498975032,-2.1199999999999988,95110309.31116422,26.92930806837913,11.511005467896158,5.883784518128126,222.67293182480873,14.743300079491233,0.0,0.0,5.907179729351506,0.0,5.969305287951848,14.48898409899412,0.0,0.0,0.0,61.31482245369272,48.234014503092446,41.63928272052973,31.091416850496586,19.432464716784395,35.07836479776839,0.0,9.799819461700954,5.414990469396779,51.11152697261659,32.84803314676356,69.70310615856953,0.0,0.0,0.0,0.0,0.0,23.20187978046503,65.67270584975653,14.325937321943693,5.414990469396779,56.19658912686262,48.53093654769288,10.045266627482652,0.0,0.0,70.08,11.384295757348628,14.69560176298435,0.0,30.32958905673483,36.22460858534707,30.63723741814515,0.0,6.923737199690624,53.43084627854336,11.823646930541102,27.938742734265084,5.533624562139276,12.636396599160223,30.54297041236826,11.021977966226029,0.9384277587063636,-1.212299125832525,14.9959270469766,0.9400663125332448,7.5751306899447535,0.0,0.5,36,1,6,0,2,2,1,2,0,2,4,0,4,1,8,2,8,0,2,2,0,0,8.61065034504923,4,5.642400000000005,141.54679999999985,1,0,0,0,0,0,0,0,1,1,2,1,0,0,0,2,0,0,0,0,1,0,0,0,0,0,0,1,0,0,0,0,0,0,2,0,0,0,0,0,0,1,0,0,2,0,0,0,0,0,0,0,0,0,0,0,1,0,0,0,0,0,0,0,0,0,0,0,0,1,0,0,0,0,0,0,0,0,0,0,0,0,0,0,0,CHEMBL3894532,CC[C@@H](CN1CCOCC1)N1C(=O)[C@@](C)(CC(=O)O)C[C@H](c2cccc(Cl)c2)[C@H]1c1ccc(Cl)cc1,4.0,0.6020599913279624,CHEMBL1907611,Tumour suppressor p53/oncoprotein Mdm2,3,Large-Nonpolar-Aromatic-Flexible-Hydrophobic,Large-Nonpolar-Aromatic-Flexible-Hydrophobic
12.137315435921517,12.137315435921517,0.3325452339865355,-0.6880257970641019,0.5591579992621957,20.375,432.6080000000003,396.3200000000002,432.277678392,170,0,0.11887676529166,-0.4935489066911597,0.4935489066911597,0.11887676529166,0.90625,1.5625,2.21875,16.476819388452043,9.64523613232608,2.4548964609017867,-2.471438386429366,2.4701293389352665,-2.4805597115595477,5.340083359131265,-0.1047806789908146,2.8771521165871063,1.2837245045567565,862.5554279282441,22.227557582428343,19.086023412288196,19.086023412288196,15.696856541928934,12.331090411991172,12.331090411991172,9.480413737432295,9.480413737432295,7.544596268602526,7.544596268602526,5.753115190715396,5.753115190715396,-2.349999999999999,27686949.904002387,22.830087662314828,10.986819031687295,5.338607004769029,192.37610118222327,14.743300079491233,5.749511833283905,0.0,0.0,0.0,0.0,0.0,0.0,5.261891554738487,0.0,49.59430021108608,86.85835278432144,6.544756405912575,23.840605579985876,9.843390348640757,0.0,5.261891554738487,4.899909730850477,11.835812092322788,56.96762379439177,26.241151182250643,65.72420659954848,0.0,11.81873314607618,4.736862953800049,0.0,5.749511833283905,0.0,36.247588307941825,5.601050810983688,23.166924959853542,62.49347596680208,54.59730361615449,0.0,0.0,0.0,56.489999999999995,5.601050810983688,5.106527394840706,0.0,0.0,24.0061455485327,63.05134065734868,19.26246486877803,12.13273413692322,18.19910120538483,35.23459931748919,9.998754508538536,5.833027710405645,0.0,2.5187726371285173,21.019783297107743,1.0944521069470006,1.540079508102076,19.9159444014721,9.198136497170932,3.796470508332656,0.0,0.5357142857142857,32,1,4,1,1,2,0,2,0,2,1,0,4,1,4,1,8,1,1,2,0,1,7.838438800731558,4,5.507280000000006,127.34680000000009,0,1,0,0,0,0,0,0,0,0,0,0,0,0,0,2,0,0,0,0,1,0,0,0,0,0,0,0,0,0,0,0,0,0,2,0,0,0,0,0,0,1,0,0,0,0,0,0,0,0,0,0,0,0,0,0,0,1,0,0,0,0,0,0,0,0,0,0,0,1,0,0,0,0,0,0,0,0,0,0,0,0,0,0,0,CHEMBL3126186,N#Cc1ccc(OCCCN2CCC(C(O)(c3ccccc3)C3CCCCC3)CC2)cc1,1700.0,3.230448921378274,CHEMBL1615381,Menin,3,Large-Nonpolar-Aromatic-Flexible-Hydrophobic,Large-Nonpolar-Aromatic-Flexible-Hydrophobic
6.095416991608877,6.095416991608877,0.7442304043564592,0.7442304043564592,0.3836114565825081,10.935483870967742,431.9670000000001,405.7590000000001,431.176440132,158,0,0.1183800112949192,-0.4967681999968932,0.4967681999968932,0.1183800112949192,0.8387096774193549,1.4193548387096775,2.064516129032258,35.495691904665115,10.032363332701289,2.16226213463051,-2.1296665429821418,2.229883627338083,-2.0834754981468184,6.300877499614408,0.414331532858099,3.0564981861041387,1.6971616913491294,1147.238792490765,21.794317972067564,17.807513797497787,18.563442743516244,15.012371688496552,10.2825533319161,10.660517804925329,7.708225887816926,8.144661668288911,5.48218039260936,5.734156707948845,3.758119606945952,3.884107764615695,-3.239999999999999,13434116.44344882,21.009659683340633,9.27306277551812,5.092166743396401,187.82287835162947,15.03763007875359,11.573916331283831,0.0,0.0,0.0,0.0,0.0,4.983978520947208,0.0,0.0,47.99914230100217,60.01229408555127,35.79034723503794,12.803725536125995,4.736862953800049,17.28832616491608,0.0,9.551078168738565,0.0,26.31013685145522,12.84346501843972,111.72165309806851,0.0,5.749511833283905,10.470530430962237,5.687386274683562,5.749511833283905,11.600939890232516,16.660875710016096,19.386399651764595,6.923737199690624,33.90261496278784,72.79640482153933,5.022633313741326,0.0,0.0,53.07,0.0,0.0,0.0,0.0,0.0,47.36426356632177,22.384282469939446,7.109797541277533,36.39820241076966,47.889039258251636,27.055448842141956,7.604116494070777,6.095416991608877,4.952865313821001,0.7442304043564592,12.541859042972966,1.8627380073087605,24.244707467728475,1.5536954207464366,2.8282289916995604,1.6832529767978,0.1923076923076923,31,2,4,0,0,0,0,3,1,4,0,0,4,1,5,1,7,0,0,0,0,0,6.284641714060962,4,5.665620000000005,126.9784,0,0,0,1,0,2,0,0,0,0,0,0,0,0,0,2,0,1,0,0,0,0,0,0,0,0,0,0,0,1,1,0,0,0,3,0,0,0,0,0,0,1,0,0,1,0,0,1,0,0,0,0,0,0,0,1,0,0,0,0,0,0,0,0,0,0,0,0,0,0,0,0,0,0,0,0,0,0,0,0,0,0,0,0,0,CHEMBL2024320,COc1ccc(Cn2c(C)nc(Cc3ccc(N)cc3)c2Cc2ccc(Cl)cc2)cc1,3400.0,3.531478917042255,CHEMBL1907611,Tumour suppressor p53/oncoprotein Mdm2,0,Large-Nonpolar-Aromatic-Flexible-Hydrophobic,Large-Nonpolar-Aromatic-Flexible-Hydrophobic
14.326227849164358,14.326227849164358,0.15302718810971,-0.8483752729486869,0.1777594823908992,15.783783783783784,651.3760000000002,622.1440000000002,650.071229528,194,0,0.2567676644670613,-0.3984080283285698,0.3984080283285698,0.2567676644670613,0.945945945945946,1.648648648648649,2.324324324324324,126.91270454034974,10.018649018708643,2.4028873946752136,-2.316824716241627,2.372369305058484,-2.423404968516413,14.111919740367092,-0.1228777388312608,2.925273769081215,1.823582740042274,1299.83969175928,26.689505486452976,20.755767922663537,24.425124105876765,17.650774800938816,12.014338514874034,13.84901660648065,9.39200664864372,11.510510428774497,6.423680294509704,7.581744815963017,4.539120776488571,5.336851143448449,-2.329999999999999,143449376.16958833,27.69802698380562,12.0238413580072,6.394828808053069,240.9999880045792,20.433396669713616,6.041840829147961,0.0,0.0,11.814359458703011,0.0,9.589074368143644,0.0,0.0,0.0,41.40098098584986,109.66408670681233,32.39234798505676,11.250837766380558,9.589074368143644,68.98188241560322,0.0,9.799819461700954,0.0,25.428240480912557,37.81843398519219,90.96947405825514,0.0,0.0,10.633577208012662,11.374772549367124,0.0,45.79275040753309,48.79903569758349,11.339293589984395,3.5701822710653963,40.36837573416279,60.6636706846161,10.045266627482652,0.0,0.0,69.88,6.041840829147961,9.589074368143644,0.0,18.359115864615585,39.091698566156346,28.520033414526985,0.0,52.26438894093222,32.29444517073921,27.490780357918535,28.935547257627217,0.917228245790205,14.485571923598728,34.00514493284517,1.0699941845957293,9.277535234331578,-0.3889109658884127,17.09295429104659,1.7381638390500362,1.5812486334690137,4.063291903383583,0.2857142857142857,37,2,6,0,1,1,2,3,0,3,1,0,4,1,9,1,8,0,0,0,0,0,9.000991415758957,4,6.252300000000005,159.23089999999968,0,0,0,1,0,0,0,0,0,0,2,2,0,0,0,3,0,1,0,0,0,0,0,0,0,0,0,2,0,2,0,0,0,0,3,0,1,0,0,0,0,0,0,0,3,0,0,0,0,0,0,0,0,0,0,0,0,0,0,0,0,0,0,0,0,0,0,0,0,0,0,0,0,0,0,0,0,0,0,0,0,0,0,1,0,CHEMBL378998,CN(C)CCCCN1C(=O)[C@H](c2ccc(Cl)cc2)N(Cc2ccc(Cl)cc2N)C(=O)c2cc(I)ccc21,2830.0,3.45178643552429,CHEMBL5023,p53-binding protein Mdm-2,3,Large-Nonpolar-Aromatic-Flexible-Hydrophobic,Large-Nonpolar-Aromatic-Flexible-Hydrophobic
14.447866556087456,14.447866556087456,0.1147744236583521,-1.0598311698650655,0.4029211768612362,26.789473684210527,561.5500000000002,523.2460000000003,560.220863056,206,0,0.3039259575084518,-0.481204488331577,0.481204488331577,0.3039259575084518,1.105263157894737,1.8157894736842104,2.4210526315789473,35.4967856525244,9.66638634130339,2.52344541449439,-2.5330604791427085,2.519720627109692,-2.6119219169467587,6.304471753309242,-0.1619126815137314,2.850397666221778,1.861008022180814,1155.1967769038192,27.664561460070637,22.62291503330164,24.13477292533855,17.947344634598206,13.332719965006683,14.08864891102514,11.578716822891138,12.451588383835109,8.244491280535085,8.731564698662309,6.178111626622979,6.5028272387077966,-2.1199999999999988,180290069.5257484,28.87705329472134,11.548555795132328,6.03886239586326,235.40281605360195,14.743300079491233,0.0,0.0,5.907179729351506,0.0,5.969305287951848,14.48898409899412,0.0,0.0,0.0,61.31482245369272,62.081488902473694,40.63345156700049,31.091416850496586,19.432464716784395,35.07836479776839,0.0,9.799819461700954,5.414990469396779,70.4979266243812,26.303276740850983,69.70310615856953,0.0,0.0,0.0,0.0,0.0,23.20187978046503,64.6668746962273,14.325937321943693,5.414990469396779,70.04406352624387,48.53093654769288,10.045266627482652,0.0,0.0,70.08,11.384295757348628,14.69560176298435,0.0,35.86851430911817,36.22460858534707,24.092481012232575,0.0,6.923737199690624,53.43084627854336,25.67112132992235,27.938742734265084,5.748902339917055,12.699170805873823,30.86196708128376,11.08457438495881,0.7408083296662539,-1.2382716629955388,14.962676568448789,0.9054096767307752,10.956984698338488,0.0,0.5333333333333333,38,1,6,0,2,2,1,2,0,2,4,0,4,1,8,2,8,0,2,2,0,0,8.776006872976295,4,6.4210000000000065,150.75879999999975,1,0,0,0,0,0,0,0,1,1,2,1,0,0,0,2,0,0,0,0,1,0,0,0,0,0,0,1,0,0,0,0,0,0,2,0,0,0,0,0,0,1,0,0,2,0,0,0,0,0,0,0,0,0,0,0,1,0,0,0,0,0,0,0,0,0,0,0,0,1,0,0,0,0,0,0,0,0,0,0,0,0,0,0,0,CHEMBL3941874,CC[C@@H](CN1CCOCC1(C)C)N1C(=O)[C@@](C)(CC(=O)O)C[C@H](c2cccc(Cl)c2)[C@H]1c1ccc(Cl)cc1,3.0,0.4771212547196624,CHEMBL1907611,Tumour suppressor p53/oncoprotein Mdm2,3,Large-Nonpolar-Aromatic-Flexible-Hydrophobic,Large-Nonpolar-Aromatic-Flexible-Hydrophobic
14.513441760593636,14.513441760593636,0.1513490138853894,-0.853201650775606,0.2601273032150602,18.65,692.4290000000001,660.173,691.0977786240001,210,0,0.2567676644986068,-0.3984080283285698,0.3984080283285698,0.2567676644986068,0.9,1.6,2.3,126.91270456773265,10.018962821852408,2.4042905107187806,-2.3362320608924203,2.372335685068136,-2.4574323774240847,14.111920150422756,-0.1228875813843398,3.0060438385478845,1.531211959156659,1395.3465000900394,28.38817609920224,22.324301861723132,25.993658044936364,19.20641769360464,13.332035983441424,15.16671407504804,10.380094044550315,12.498597824681092,7.638591358577053,8.796655880030368,5.365081352802271,6.162811719762152,-2.3699999999999988,891043674.860033,29.13367249915453,12.650084510952665,6.412408962531147,258.48387475004654,25.333306400564098,6.041840829147961,0.0,0.0,11.814359458703011,0.0,9.589074368143644,0.0,0.0,0.0,41.40098098584986,96.1955931012091,58.571373608707056,11.250837766380558,9.589074368143644,68.98188241560322,0.0,14.69972919255143,0.0,19.007418857986547,56.949787626165296,90.96947405825514,0.0,0.0,10.633577208012662,11.374772549367124,0.0,45.79275040753309,72.83029906940708,11.339293589984395,3.5701822710653963,33.94755411123678,60.6636706846161,10.045266627482652,0.0,0.0,73.12,6.041840829147961,9.589074368143644,0.0,18.359115864615585,39.091698566156346,48.27823741525127,0.0,34.06528773554739,36.39820241076966,39.4383620714462,28.935547257627217,0.92169933435803,14.56476592222433,37.007090395136984,1.07565832006631,9.340342757113785,-0.3756696553477694,17.2033852592579,0.7981562672002788,5.665063429807708,2.1417301924046668,0.3333333333333333,40,2,7,0,2,2,2,3,0,3,1,0,5,1,10,2,7,0,1,1,0,0,9.213585480718056,5,5.548000000000005,169.99689999999964,0,0,0,1,0,0,0,0,0,0,2,2,0,0,0,4,0,1,0,1,0,0,0,0,0,0,0,2,0,2,0,0,0,0,3,0,1,0,0,0,0,0,0,0,3,0,0,0,0,0,0,0,0,0,0,0,0,0,0,0,0,0,0,0,0,0,0,0,0,0,1,0,0,0,0,0,0,0,0,0,0,0,0,0,0,CHEMBL380399,CN1CCN(CCCN2C(=O)[C@H](c3ccc(Cl)cc3)N(Cc3ccc(Cl)cc3N)C(=O)c3cc(I)ccc32)CC1,5410.0,3.7331972651065697,CHEMBL5023,p53-binding protein Mdm-2,3,Large-Nonpolar-Aromatic-Flexible-Hydrophobic,Large-Nonpolar-Aromatic-Flexible-Hydrophobic
13.701661592620583,13.701661592620583,0.0681415343915348,-0.9603530780531442,0.4984877492083864,22.0625,477.432,447.1920000000001,476.16334818,172,0,0.3036504620090376,-0.481212069761211,0.481212069761211,0.3036504620090376,1.125,1.84375,2.4375,35.49678500581926,9.738837236219702,2.45416001160577,-2.480836020277803,2.470978312448129,-2.5406048450230987,6.304418883350117,-0.1519547272619354,2.763244491485479,2.1472800628349047,935.0391913846024,23.250347897697548,18.43058985415435,19.94244774619126,15.349774308148644,11.108032472149215,11.86396141816767,8.30363261586643,9.1765041768104,6.226966350749223,6.714039768876447,4.7253066649564115,5.050022277041228,-2.0799999999999987,11728933.88642706,24.560228390525182,11.172480911944776,5.6353632524719215,199.260419919046,15.323225729697514,0.0,0.0,5.907179729351506,0.0,5.969305287951848,9.589074368143644,0.0,0.0,0.0,61.31482245369272,54.778770909005026,34.467675954865975,12.462662452073973,14.69560176298435,35.07836479776839,0.0,10.216698334856808,5.917906046161393,51.11152697261659,13.08951281182515,69.70310615856953,0.0,0.0,5.316788604006331,0.0,0.0,23.20187978046503,41.01427578396765,9.589074368143644,5.917906046161393,56.19658912686262,48.53093654769288,10.045266627482652,0.0,0.0,69.64,11.887211334113244,14.69560176298435,0.0,30.32958905673483,23.01084465632124,24.092481012232575,0.0,0.0,60.35458347823398,12.240525803696954,23.20187978046503,0.0,12.47596906804248,27.225445447888028,14.118140675245204,1.986195856428992,-1.7393423980609837,14.940223925577609,1.022989907897316,5.525933072536908,0.0,0.44,32,2,5,0,1,1,1,2,0,2,4,0,3,2,7,1,9,0,1,1,0,0,8.574958840192087,3,5.529600000000005,128.21450000000004,1,0,0,0,0,0,0,0,1,1,2,1,0,0,0,1,1,0,0,1,1,0,0,0,0,0,0,1,0,0,0,0,0,0,2,0,0,0,0,0,0,0,0,0,2,0,0,0,0,0,0,0,0,0,0,0,0,0,0,0,0,0,0,0,0,0,0,0,0,1,0,0,0,0,0,0,0,0,0,0,0,0,0,0,0,CHEMBL3915542,CCNC[C@@H](CC)N1C(=O)[C@@H](CC(=O)O)C[C@H](c2cccc(Cl)c2)[C@H]1c1ccc(Cl)cc1,490.0,2.690196080028514,CHEMBL1907611,Tumour suppressor p53/oncoprotein Mdm2,3,Large-Nonpolar-Aromatic-Flexible-Hydrophobic,Large-Nonpolar-Aromatic-Flexible-Hydrophobic
13.616712551790265,13.616712551790265,0.0713257449954782,-1.1122351347946575,0.5989957912061131,21.225806451612904,434.92300000000006,411.73900000000015,434.1397202760001,158,0,0.2569223062655203,-0.3957072188708944,0.3957072188708944,0.2569223062655203,1.064516129032258,1.8387096774193548,2.5161290322580645,35.49569192936117,9.925547444922078,2.5408690784915167,-2.401573810623301,2.507503261570392,-2.4721428038056996,6.301096901335942,-0.1285002788383613,3.559758907491775,1.6659854034953414,1099.2646735555568,21.47648072687178,16.99983897664508,17.755767922663534,15.07808258095524,10.392473931649452,10.77043840465868,8.39585502802554,8.832290808497524,6.326561980859555,6.57853829619904,4.264814456943982,4.390802614613724,-2.7299999999999995,25868568.63424391,20.18822580030266,7.752471154149959,3.428325935660793,185.8055150995176,9.843390348640757,0.0,5.724985593970254,0.0,5.907179729351506,0.0,14.678425435869508,0.0,0.0,0.0,47.99914230100217,42.67056301139545,39.52166540145524,19.75852033493841,14.637927532712576,17.508119619584022,0.0,9.883888251797686,5.414990469396779,25.111385245734848,13.213763929025836,100.33379710837156,0.0,0.0,0.0,0.0,0.0,11.600939890232516,34.11135930501573,17.006604953682878,5.414990469396779,39.889986396711826,73.05735782784225,5.022633313741326,0.0,0.0,62.66,5.724985593970254,9.901064578912528,0.0,17.929052163261204,23.737723175863817,29.531997720943004,0.0,17.29359687407663,60.6636706846161,4.983978520947208,16.337802844032566,6.698032171201814,6.178222434554204,19.598166872231324,10.498589973096422,1.8153890481089576,-0.0942143801965231,18.837396096579297,5.306432159736407,0.7730967357992073,0.0,0.28,31,1,5,1,1,2,1,2,1,3,1,0,4,1,6,2,7,1,0,1,0,1,5.048665747429431,5,4.381200000000003,117.4893,0,1,1,0,0,1,0,0,0,0,1,1,0,0,0,2,0,0,0,0,0,0,0,0,0,0,0,1,0,0,0,0,0,0,2,0,1,0,0,0,0,1,0,0,1,0,0,0,0,0,0,0,0,0,0,0,0,0,0,0,0,0,0,0,0,0,0,0,0,0,0,0,0,1,0,0,0,0,0,0,0,0,0,0,0,CHEMBL1688296,O=C1c2ccccc2C(OCC2(CO)CC2)(c2ccc(Cl)cc2)N1Cc1cccnc1,29000.0,4.4623979978989565,CHEMBL5023,p53-binding protein Mdm-2,3,Large-Nonpolar-Aromatic-Flexible-Hydrophobic,Large-Nonpolar-Aromatic-Flexible-Hydrophobic
14.31851864099549,14.31851864099549,0.182144274376417,-1.0982261528582624,0.3493412349083617,22.916666666666668,525.4760000000001,495.2360000000002,524.1633481800001,188,0,0.3039259588612324,-0.4812044883280517,0.4812044883280517,0.3039259588612324,1.1111111111111112,1.8333333333333333,2.4444444444444446,35.496785413192946,9.665624852717766,2.522158439022922,-2.513361178111326,2.5361317707405826,-2.5332013808400453,6.304475830547675,-0.1605950681986459,2.8233260144145023,1.9610648865966256,1263.383930433614,26.034804948073717,20.618290425660465,22.130148317697373,17.124048002396943,12.107345244185993,12.863274190204445,9.887712797366504,10.760584358310474,7.13229933653217,7.619372754659394,5.5134809037270776,5.838196515811895,-2.889999999999999,83068394.90148202,26.180914658823102,10.614150955562875,5.2767674417338535,221.62235780805185,10.006437125691182,0.0,0.0,5.907179729351506,0.0,5.969305287951848,14.57305288909085,0.0,0.0,0.0,61.31482245369272,72.8539373314033,22.16001624525712,29.61342174546717,14.69560176298435,35.07836479776839,0.0,9.883888251797686,5.414990469396779,58.03526417230722,0.0,99.29006335365128,0.0,0.0,0.0,0.0,0.0,23.20187978046503,26.866900663941745,9.589074368143644,12.338727669087405,73.49580944255604,66.86051425622918,10.045266627482652,0.0,0.0,70.5,11.384295757348628,14.69560176298435,0.0,30.32958905673483,22.886909873334673,22.384282469939446,0.0,13.1205807713037,79.41105481484784,4.983978520947208,23.20187978046503,0.0,12.62236333825439,32.77371805903176,10.981589155985578,2.628342999434496,-1.369088039630368,18.388055784567253,2.4920740514006514,5.788500206511795,0.0,0.3448275862068966,36,1,5,0,1,1,1,2,1,3,4,0,3,1,7,2,7,0,1,1,0,0,7.719116120651595,4,7.386320000000007,142.21479999999983,1,0,0,0,0,1,0,0,1,1,2,1,0,0,0,2,0,0,0,0,1,0,0,0,0,0,0,1,0,0,1,0,0,0,2,0,0,0,0,0,0,0,0,0,2,0,0,0,0,0,0,0,0,0,0,0,0,0,0,0,0,0,0,0,0,0,0,0,0,1,0,0,0,1,0,0,0,0,0,0,0,0,0,0,0,CHEMBL3329616,CC[C@@H](c1cc(C)ccn1)N1C(=O)[C@@](C)(CC(=O)O)C[C@H](c2cccc(Cl)c2)[C@H]1c1ccc(Cl)cc1,3.0,0.4771212547196624,CHEMBL1907611,Tumour suppressor p53/oncoprotein Mdm2,3,Large-Nonpolar-Aromatic-Flexible-Hydrophobic,Large-Nonpolar-Aromatic-Flexible-Hydrophobic
12.20509273636355,12.20509273636355,0.1055469340513981,-3.480115012602836,0.7537716972801429,11.083333333333334,412.305,394.16100000000006,411.013991156,128,0,0.2249060693001149,-0.4938874337900995,0.4938874337900995,0.2249060693001149,1.0833333333333333,1.7083333333333333,2.2916666666666665,79.91873119411854,10.265170382666062,2.160792019639541,-2.076988329427285,2.178035017592045,-2.1699943922480855,9.10299904118585,-0.1153706009053815,2.5558288215377716,1.9104935487155184,786.345184523778,17.57913950137325,13.159328422405194,15.561821542447625,11.403015330320244,7.415432856595026,9.860696352472534,5.028358604059566,8.053182696313282,3.2196848696940408,5.480331046298464,2.0114946187076876,3.516408856294306,-1.8599999999999992,198414.1030736203,18.478251475928342,8.301033577042567,5.3488391041885786,149.63108339813064,10.05365155780638,5.749511833283905,9.837253136417502,5.907179729351506,0.0,0.0,4.794537184071822,8.417796984328938,0.0,0.0,15.929943897949348,55.4546737473835,16.580927413441984,17.255219046777484,17.949197122200808,37.36176303840192,0.0,0.0,0.0,18.24004229813441,17.67652417526604,53.00365606352529,0.0,5.749511833283905,10.05365155780638,5.687386274683562,5.749511833283905,15.929943897949348,26.68471228494015,14.631790320489324,0.0,13.344558822616634,57.89913953904307,0.0,0.0,0.0,72.47,9.837253136417502,13.212334168400758,0.0,22.97633843454208,18.043780072480384,4.472719515832414,12.13273413692322,36.39820241076966,6.923737199690624,21.24673250195568,4.736862953800049,30.530845481086512,3.2583732312985747,12.148827245694996,2.6779678183001594,0.6013821389182141,0.1300721342383506,13.27868851301873,-0.1055469340513981,2.4595053840987027,-3.480115012602836,0.2352941176470588,24,1,5,0,0,0,1,2,0,2,0,0,4,1,7,0,7,0,0,0,0,0,6.391191081113231,2,3.6503000000000023,97.0525,0,0,0,0,0,0,0,0,0,0,1,1,0,0,0,0,1,0,0,0,0,0,0,0,0,0,0,1,0,1,0,0,0,0,2,0,0,0,0,0,0,1,0,0,1,0,0,0,0,0,0,0,0,0,0,0,0,0,0,0,0,0,0,0,0,0,0,0,0,0,0,0,0,0,0,0,0,1,0,0,0,0,0,0,0,CHEMBL1397291,CCOc1ccc(NC(=O)CCS(=O)(=O)c2ccc(Br)cc2)cc1,8866.0,3.947727726963316,CHEMBL4374,Photoreceptor-specific nuclear receptor,0,Large-Nonpolar-Aromatic-Flexible-Hydrophobic,Large-Nonpolar-Aromatic-Flexible-Hydrophobic
13.70257596196915,13.70257596196915,0.0667172146636434,-1.0912483859284443,0.3841148162487642,20.96875,559.8310000000001,536.647,559.041119276,164,0,0.2569214054586171,-0.3957072188708944,0.3957072188708944,0.2569214054586171,1.0,1.6875,2.34375,126.91270449298456,9.925100733174242,2.5407398845139,-2.4023289438244864,2.507954331953616,-2.472027932673406,14.111918694215897,-0.1284827308786445,3.5647049169361513,1.6546766195076568,1144.493402993049,22.34672421487486,17.43058985415435,20.344017091349127,15.471929431072592,10.642408657849373,12.099122276446758,8.661047653324768,10.343115652983562,6.517027140541311,7.488169552939571,4.362976107806905,4.848547314006035,-1.9299999999999993,36793686.41176286,21.891686717094903,8.448015493687144,3.749162244567436,205.84770523961473,9.843390348640757,0.0,5.724985593970254,0.0,5.907179729351506,0.0,9.6944469149223,0.0,0.0,0.0,54.06550936946378,71.32780070692512,37.24291693520706,13.213763929025836,14.637927532712576,40.09899024665208,0.0,4.899909730850477,5.414990469396779,25.111385245734848,13.213763929025836,103.64302637313403,0.0,0.0,0.0,0.0,0.0,34.191810517300574,29.127380784068524,17.006604953682878,8.985172740462176,39.889986396711826,72.79640482153933,5.022633313741326,0.0,0.0,49.77,5.724985593970254,9.901064578912528,0.0,17.929052163261204,23.737723175863817,33.1021799920084,0.0,0.0,77.69631455238981,22.590870627068057,16.337802844032566,7.880704310854023,8.477052763225716,15.518604873533777,10.5417345033913,2.0187352041264615,-0.0667172146636434,23.32691597792818,1.8470500207531233,0.8536973386288509,0.0,0.2692307692307692,32,1,4,1,1,2,1,3,0,3,1,0,3,1,6,1,7,1,0,1,0,1,5.779415892780088,5,5.590800000000004,132.41129999999995,0,1,1,0,0,0,0,0,0,0,1,1,0,0,0,1,0,0,0,0,0,0,0,0,0,0,0,1,0,0,0,0,0,0,3,0,1,0,0,0,0,1,0,0,2,0,0,0,0,0,0,0,0,0,0,0,0,0,0,0,0,0,0,0,0,0,0,0,0,0,0,0,0,0,0,0,0,0,0,0,0,0,0,0,0,CHEMBL1688281,O=C1c2ccccc2C(OCC2(CO)CC2)(c2ccc(Cl)cc2)N1Cc1ccc(I)cc1,1500.0,3.1760912590556813,CHEMBL5023,p53-binding protein Mdm-2,3,Large-Nonpolar-Aromatic-Flexible-Hydrophobic,Large-Nonpolar-Aromatic-Flexible-Hydrophobic
13.676343305583549,13.676343305583549,0.0893878688306595,-4.393903841635624,0.4122502295217774,21.714285714285715,531.4020000000002,504.18600000000026,530.135082744,190,0,0.4005986477220503,-0.481212069761211,0.481212069761211,0.4005986477220503,1.1428571428571428,1.8285714285714283,2.4,35.49678544358078,9.73882783365709,2.4570046083795134,-2.4810231371405584,2.4715645412807197,-2.5452056010971766,6.304427934272051,-0.1523628959543564,2.77666349584442,2.0936221785354556,1033.3622598897698,25.750347897697544,19.06448327318203,20.57634116521894,16.49622091755537,11.321425791069782,12.077354737088235,8.742033497724144,9.614905058668112,6.30241228218354,6.789485700310764,4.794874558686168,5.1195901707709845,-2.2899999999999987,33545293.746147804,27.30007252834761,11.629703802922188,7.1175076742305325,211.75702612782467,15.323225729697514,0.0,0.0,5.907179729351506,0.0,12.145603805395323,9.589074368143644,0.0,13.17124514302446,0.0,54.39108525400209,48.234014503092446,34.467675954865975,19.007418857986547,27.86684690600881,35.07836479776839,0.0,10.216698334856808,5.917906046161393,50.36408829036944,13.08951281182515,69.70310615856953,0.0,0.0,5.316788604006331,13.17124514302446,0.0,23.20187978046503,47.19057430141112,9.589074368143644,5.917906046161393,49.27285192717199,48.53093654769288,10.045266627482652,0.0,0.0,69.64,36.69194791576521,27.86684690600881,0.0,31.211485427277495,16.466088250408664,11.126902983393991,0.0,54.28821640977237,6.06636706846161,5.316788604006331,23.20187978046503,38.40536638491163,12.348318673565162,26.83897856918292,12.883263494345297,1.5826059644536836,-2.6408257294942605,12.990849493376633,-4.119521265559926,0.516519970774421,0.0,0.44,35,2,5,0,1,1,1,2,0,2,4,0,3,2,10,1,9,0,1,1,0,0,9.071193065799308,3,6.072000000000006,128.59550000000002,1,0,0,0,0,0,0,0,1,1,2,1,0,0,0,1,1,0,0,0,1,0,0,0,0,3,0,1,0,0,0,0,0,0,2,0,0,0,0,0,0,0,0,0,5,0,0,0,0,0,0,0,0,0,0,0,0,0,0,0,0,0,0,0,0,0,0,0,0,1,0,0,0,0,0,0,0,0,0,0,0,0,0,0,0,CHEMBL3977218,CC[C@@H](CNCC(F)(F)F)N1C(=O)[C@@H](CC(=O)O)C[C@H](c2cccc(Cl)c2)[C@H]1c1ccc(Cl)cc1,170.0,2.230448921378274,CHEMBL1907611,Tumour suppressor p53/oncoprotein Mdm2,3,Large-Nonpolar-Aromatic-Flexible-Hydrophobic,Large-Nonpolar-Aromatic-Flexible-Hydrophobic
13.283198398845643,13.283198398845643,0.0044110082304527,-0.969190562799194,0.550283655934802,18.13793103448276,406.913,383.72900000000016,406.1448056560001,148,0,0.256614988433261,-0.3466095201626657,0.3466095201626657,0.256614988433261,1.0344827586206895,1.793103448275862,2.5172413793103448,35.49569181190804,9.929683441097668,2.511514146963628,-2.3921249715172475,2.45162053152308,-2.472569497375684,6.301087594378103,-0.1067984169412228,2.991243728552563,1.7809824678979174,991.2772026717406,20.26937394568524,16.345518599958574,17.101447545977027,14.163869018582146,9.879205491187404,10.257169964196631,7.0728220449064985,7.509257825378484,5.225836008526033,5.4778123238655185,3.9569550455381584,4.0829432032079005,-2.689999999999999,5900982.047989526,19.618847958871164,8.35556865815957,3.542103031830149,175.65217038645426,9.636772684650529,0.0,5.724985593970254,0.0,5.907179729351506,0.0,9.778515705019029,0.0,0.0,0.0,54.9228795006928,36.75265696523406,46.56933738413243,6.606881964512918,9.53140013787187,17.508119619584022,0.0,9.883888251797686,0.0,25.490366039512896,13.151638370425491,100.33379710837158,0.0,0.0,0.0,0.0,0.0,11.600939890232516,28.942706351574685,16.88267017069631,0.0,40.5233784766279,72.9268813246908,5.022633313741326,0.0,0.0,42.43000000000001,5.724985593970254,4.794537184071822,0.0,5.907179729351506,30.158544798789823,23.24165260116846,0.0,6.196843571613076,71.62994748392819,11.907715720637832,16.337802844032566,6.60452947845805,6.144956555493842,19.516314179019055,0.6500330535999732,2.450815499811036,-0.0044110082304527,21.1325808353744,3.271082110891665,3.0952104066935417,0.0,0.25,29,0,4,0,1,1,1,2,1,3,1,0,3,0,5,2,7,0,0,0,0,1,5.65264245221868,4,5.061200000000005,113.89450000000002,0,0,0,0,0,1,0,0,0,0,1,1,0,0,0,2,0,0,0,0,0,0,0,0,0,0,0,1,0,0,0,0,0,0,2,0,1,0,0,0,0,1,0,0,1,0,0,0,0,0,0,0,0,0,0,0,0,0,0,0,0,0,0,0,0,0,0,0,0,0,0,0,0,1,0,0,0,0,0,0,0,0,0,0,0,CHEMBL362614,CCCN1C(=O)c2ccccc2C1(OCCc1ccccn1)c1ccc(Cl)cc1,57000.0,4.7558748556724915,CHEMBL1907611,Tumour suppressor p53/oncoprotein Mdm2,3,Large-Nonpolar-Aromatic-Flexible-Hydrophobic,Large-Nonpolar-Aromatic-Flexible-Hydrophobic
14.524618064448513,14.524618064448513,0.1455899354351131,-0.8495021987725824,0.1786413696918979,18.48780487804878,706.4560000000001,672.1840000000002,705.1134286880001,216,0,0.2567676644670613,-0.3984080283285698,0.3984080283285698,0.2567676644670613,0.8780487804878049,1.5609756097560976,2.268292682926829,126.9127045767524,10.01858417726748,2.4036922205918643,-2.3285880953728983,2.3730064118688796,-2.446454126625928,14.111920277978966,-0.1228804542016192,3.025551390560626,1.4842242153031648,1412.1172047809746,29.095282880388787,23.03140864290968,26.700764826122914,19.70641769360464,13.832035983441427,15.666714075048043,10.733647435143585,12.852151215274365,7.888591358577054,9.04665588003037,5.5179774724335955,6.315707839393476,-2.3699999999999988,1452169737.7686703,30.09972165393939,13.293021898281816,6.996653353773354,264.8488168644431,25.333306400564098,6.041840829147961,0.0,0.0,11.814359458703011,0.0,9.589074368143644,0.0,0.0,0.0,41.40098098584986,102.61641472413513,58.571373608707056,11.250837766380558,9.589074368143644,68.98188241560322,0.0,14.69972919255143,0.0,25.428240480912557,56.949787626165296,90.96947405825514,0.0,0.0,10.633577208012662,11.374772549367124,0.0,45.79275040753309,72.83029906940708,11.339293589984395,3.5701822710653963,40.36837573416279,60.6636706846161,10.045266627482652,0.0,0.0,73.12,6.041840829147961,9.589074368143644,0.0,18.359115864615585,39.091698566156346,54.69905903817728,0.0,34.06528773554739,36.39820241076966,39.4383620714462,28.935547257627217,0.9241344565550572,14.579202503593638,37.107923432317335,1.078392778472267,9.36289042529003,-0.3667912742868831,17.236955163880292,1.7985542868958413,5.964345024275654,2.156615425228989,0.3548387096774194,41,2,7,0,2,2,2,3,0,3,1,0,5,1,10,2,8,0,1,1,0,0,9.758933148243992,5,5.938100000000006,174.6138999999996,0,0,0,1,0,0,0,0,0,0,2,2,0,0,0,4,0,1,0,1,0,0,0,0,0,0,0,2,0,2,0,0,0,0,3,0,1,0,0,0,0,0,0,0,3,0,0,0,0,0,0,0,0,0,0,0,0,0,0,0,0,0,0,0,0,0,0,0,0,0,1,0,0,0,0,0,0,0,0,0,0,0,0,1,0,CHEMBL379487,CN1CCN(CCCCN2C(=O)[C@H](c3ccc(Cl)cc3)N(Cc3ccc(Cl)cc3N)C(=O)c3cc(I)ccc32)CC1,5660.0,3.752816431188271,CHEMBL5023,p53-binding protein Mdm-2,3,Large-Nonpolar-Aromatic-Flexible-Hydrophobic,Large-Nonpolar-Aromatic-Flexible-Hydrophobic
13.341295920792264,13.341295920792264,0.0074475641082469,-4.40295734513315,0.2111759308050027,12.325,547.6210000000001,515.3650000000004,547.244661924,208,0,0.4159858289609858,-0.4637313839401459,0.4637313839401459,0.4159858289609858,0.825,1.5,2.225,19.413191589741672,10.055747319694555,2.3028891194216974,-2.2146965195423816,2.3202109399863566,-2.3108713068448625,5.8535209297188855,-0.1371345286022324,3.2808081837921215,1.2876752376474316,1735.8575143176724,28.60371904882607,23.048661141476984,23.048661141476984,19.007058956486865,13.163523063678578,13.163523063678578,10.587833894456857,10.587833894456857,7.4504317173608285,7.4504317173608285,5.03782448458306,5.03782448458306,-3.879999999999998,826863162.6662127,27.67801290048101,10.944750383761413,5.6876621967017975,230.59514400551276,18.784070046545654,5.583020141642242,5.428790391900541,0.0,0.0,6.176298517443475,4.794537184071822,0.0,13.17124514302446,0.0,24.26546827384644,81.03137525059627,49.01293117610873,22.729539419417108,17.588396080077807,21.872169288188097,0.0,14.366919109492308,0.0,33.11328572864987,27.18485677717953,111.1642622863256,0.0,5.687386274683562,5.428790391900541,13.17124514302446,0.0,0.0,41.551775886671834,19.265811329268622,13.847474399381248,27.817257458484978,82.33536537299342,0.0,27.559555562871655,0.0,41.620000000000005,11.73975000914047,17.96578232709628,0.0,5.428790391900541,41.85435134022533,40.20440288154623,12.13273413692322,12.329530064100666,75.10496399490971,9.799819461700954,4.417150937053347,47.614161870643294,0.0,17.31995807941444,1.5997194678667308,5.034833398241702,0.0,16.936879695006773,-0.924133987529996,6.51867671548777,3.983238094202616,0.28125,40,0,5,0,0,0,0,3,2,5,0,0,5,0,8,2,8,0,0,0,0,0,7.573223557857323,5,6.9363400000000075,152.90299999999974,0,0,0,0,0,1,0,0,0,0,0,0,0,0,0,3,0,0,0,2,0,0,0,0,0,3,0,0,0,0,2,0,0,0,3,0,2,0,0,0,0,0,0,0,3,0,0,0,0,0,0,0,0,0,0,0,0,0,0,0,0,0,0,0,1,0,0,0,0,0,0,0,0,0,0,0,0,0,0,0,0,0,0,0,0,CHEMBL255489,Cc1cc2occ(CN(C)CCN(C)Cc3cn(-c4cccc(C(F)(F)F)c4)c4ccccc34)c(=O)c2cc1C,1000.0,3.0,CHEMBL2364162,Tumor necrosis factor ligand superfamily member 11,3,Large-Nonpolar-Aromatic-Flexible-Hydrophobic,Large-Nonpolar-Aromatic-Flexible-Hydrophobic
14.160095549536685,14.160095549536685,0.1704280045351478,-1.0769617443170685,0.3617330662623192,23.647058823529413,517.4780000000001,491.2700000000002,516.104119052,178,0,0.3039259588786955,-0.4812044883280296,0.4812044883280296,0.3039259588786955,1.2058823529411764,1.9411764705882353,2.5294117647058822,35.49678585165009,9.666970756392727,2.523371263522322,-2.510547554155907,2.5381443909811523,-2.531948999794213,7.091603397513471,-0.1604909635108052,3.31804659183244,1.9411485293753863,1169.0535445802525,24.457454678884098,18.949188446934706,21.277542919899336,16.23020115227959,11.181146246029,12.816728003302348,8.999997632806895,10.799013427352854,6.59078378242669,7.954633284103364,5.1127071620208495,6.257592967053708,-2.409999999999999,45169019.50895149,24.70628550731941,10.063252076504469,4.853856270146582,212.89777896406673,10.006437125691182,5.007623696852765,0.0,5.907179729351506,0.0,5.969305287951848,9.589074368143644,4.983978520947208,0.0,11.336785877934735,61.31482245369272,48.234014503092446,27.54007901572304,23.91949375061871,14.69560176298435,46.41515067570312,0.0,9.883888251797686,5.414990469396779,51.11152697261659,0.0,86.28763619750129,0.0,0.0,0.0,0.0,0.0,34.538665658399765,26.866900663941745,9.589074368143644,5.414990469396779,67.24605365286334,60.10784288977187,10.045266627482652,0.0,0.0,70.5,11.384295757348628,14.69560176298435,0.0,30.32958905673483,22.886909873334673,16.134526680246758,11.336785877934735,13.1205807713037,65.7346462486999,4.983978520947208,23.20187978046503,0.0,14.062505440103292,32.42364313782769,13.652719702905566,0.8310588528106725,-1.3342593411756776,14.528911595281246,2.5194940564397044,3.78814877802973,0.0,0.3461538461538461,34,1,5,0,1,1,1,2,1,3,4,0,4,1,8,2,7,0,1,1,0,0,7.312517027477774,4,7.139400000000006,135.35479999999993,1,0,0,0,0,1,0,0,1,1,2,1,0,0,0,2,0,0,0,0,1,0,0,0,0,0,0,1,0,0,0,0,0,0,2,0,0,0,0,0,0,0,0,0,2,0,0,0,0,0,0,0,0,0,0,0,0,0,0,0,0,0,0,0,0,0,0,0,0,1,0,0,0,0,0,0,0,0,0,0,1,0,0,0,0,CHEMBL3329604,CC[C@@H](c1nccs1)N1C(=O)[C@@](C)(CC(=O)O)C[C@H](c2cccc(Cl)c2)[C@H]1c1ccc(Cl)cc1,6.0,0.7781512503836436,CHEMBL1907611,Tumour suppressor p53/oncoprotein Mdm2,3,Large-Nonpolar-Aromatic-Flexible-Hydrophobic,Large-Nonpolar-Aromatic-Flexible-Hydrophobic
13.820102950645278,13.820102950645278,0.1116596329889985,-0.9665565904498384,0.4097835307023156,23.676470588235293,504.45400000000006,473.20600000000024,503.163013832,182,0,0.3036504620310349,-0.481212069761183,0.481212069761183,0.3036504620310349,1.1176470588235294,1.8529411764705883,2.4705882352941178,35.49678523153022,9.739308888229566,2.4572914499097696,-2.4790037052100904,2.4732166061902947,-2.5288172111211855,6.304427464439627,-0.1535609151003934,3.6296017570694943,1.758030602662661,1007.944606882922,24.24191172926027,19.330401976180937,20.842259868217845,16.367412398353686,11.995914050357335,12.751842996375789,9.47678823158055,10.349659792524518,6.957718798534342,7.444792216661566,5.025087445572425,5.349803057657242,-2.0799999999999987,68737223.85449775,25.026111957424533,11.107428090072322,5.937466114985257,210.54815604020877,14.743300079491233,0.0,0.0,5.907179729351506,0.0,5.969305287951848,9.589074368143644,0.0,0.0,0.0,54.39108525400209,66.99356379510586,28.48796068431836,25.111385245734848,19.432464716784395,35.07836479776839,0.0,4.899909730850477,11.835812092322788,57.02943301877799,13.213763929025836,69.70310615856953,0.0,0.0,0.0,0.0,0.0,23.20187978046503,41.13852690116833,14.325937321943693,11.835812092322788,62.11449517302401,48.53093654769288,10.045266627482652,0.0,0.0,66.84,11.887211334113244,14.69560176298435,0.0,30.32958905673483,42.0185798485219,11.126902983393991,12.84164324585202,0.0,60.35458347823398,0.0,27.938742734265084,6.039463209666582,12.527029773718567,27.389866339446364,10.799600602586716,1.9641055943982544,-1.1841351626823926,14.808441624141285,3.3521976171112,3.192319290502311,0.0,0.4814814814814814,34,1,5,1,1,2,1,2,0,2,4,0,3,1,7,1,10,1,1,2,0,0,8.175757027682119,4,6.346700000000007,133.21379999999996,1,0,0,0,0,0,0,0,1,1,2,1,0,0,0,1,0,0,0,0,1,0,0,0,0,0,0,1,0,0,0,0,0,0,2,0,0,0,0,0,0,1,0,0,2,0,0,0,0,0,0,0,0,0,0,0,0,0,0,0,0,0,0,0,0,0,0,0,0,1,0,0,0,0,0,0,0,0,0,0,0,0,0,0,0,CHEMBL3891817,CC[C@@H](COCC1CC1)N1C(=O)[C@H](CC(=O)O)C[C@H](c2cccc(Cl)c2)[C@H]1c1ccc(Cl)cc1,110.0,2.041392685158225,CHEMBL1907611,Tumour suppressor p53/oncoprotein Mdm2,3,Large-Nonpolar-Aromatic-Flexible-Hydrophobic,Large-Nonpolar-Aromatic-Flexible-Hydrophobic
14.141862209904536,14.141862209904536,0.1388888888888888,-1.0499449815934607,0.3785401197023459,25.485714285714284,518.4810000000001,485.2170000000002,517.178663896,188,0,0.3039259575305548,-0.4812044883315488,0.4812044883315488,0.3039259575305548,1.1428571428571428,1.8571428571428572,2.4571428571428573,35.49678533423073,9.667035900317885,2.518713252775464,-2.514186342317634,2.5183960756599073,-2.5665901361063987,6.304456918861852,-0.1618630269164532,3.6337227760426343,1.8052286925400924,1055.1777362063085,25.16456146007064,20.253051706991307,21.76490959902822,16.713364399873985,12.347849116021344,13.103778062039796,10.24851430962243,11.1213858705664,7.357179113545518,7.844252531672742,5.331024813663235,5.655740425748053,-2.0799999999999987,92570628.41814315,25.996383549684776,10.89688034649486,6.015829562078587,216.9130981546054,14.743300079491233,0.0,0.0,5.907179729351506,0.0,5.969305287951848,9.589074368143644,0.0,0.0,0.0,61.31482245369272,66.99356379510586,22.570054638156964,30.52637571513163,19.432464716784395,35.07836479776839,0.0,4.899909730850477,11.332896515558172,63.953170218468614,13.213763929025836,69.70310615856953,0.0,0.0,0.0,0.0,0.0,23.20187978046503,41.13852690116833,14.325937321943693,11.332896515558172,69.03823237271465,48.53093654769288,10.045266627482652,0.0,0.0,66.84,11.384295757348628,14.69560176298435,0.0,30.32958905673483,42.0185798485219,11.126902983393991,12.84164324585202,6.923737199690624,53.43084627854336,6.923737199690624,27.938742734265084,6.0723902693793566,12.583856482797264,27.926093191298214,10.957507886642311,0.9001096868788673,-0.64246531598857,14.784238109402054,3.2642552302799244,4.959570014866131,0.0,0.5,35,1,5,1,1,2,1,2,0,2,4,0,3,1,7,1,10,1,1,2,0,1,8.093699456642923,4,6.736800000000008,137.8307999999999,1,0,0,0,0,0,0,0,1,1,2,1,0,0,0,1,0,0,0,0,1,0,0,0,0,0,0,1,0,0,0,0,0,0,2,0,0,0,0,0,0,1,0,0,2,0,0,0,0,0,0,0,0,0,0,0,0,0,0,0,0,0,0,0,0,0,0,0,0,1,0,0,0,0,0,0,0,0,0,0,0,0,0,0,0,CHEMBL3930864,CC[C@@H](COCC1CC1)N1C(=O)[C@@](C)(CC(=O)O)CC(c2cccc(Cl)c2)[C@H]1c1ccc(Cl)cc1,2.0,0.3010299956639812,CHEMBL1907611,Tumour suppressor p53/oncoprotein Mdm2,3,Large-Nonpolar-Aromatic-Flexible-Hydrophobic,Large-Nonpolar-Aromatic-Flexible-Hydrophobic
14.211293111894964,14.211293111894964,0.1863943216175358,-2.733379577139498,0.320874004385796,22.75675675675676,547.4290000000001,521.2210000000002,546.1288544920001,194,0,0.3039259588614715,-0.4812044883280516,0.4812044883280516,0.3039259588614715,1.0810810810810811,1.8108108108108107,2.4054054054054053,35.49678560218805,9.665501424765733,2.527787095683495,-2.513673086104426,2.538668308724549,-2.536414254542031,6.3044753640996705,-0.1615009664891473,2.847047871812797,1.9749945210322544,1259.796803453212,26.741911729260263,20.028919910058168,21.54077780209508,17.58604319993616,11.83423893141233,12.590167877430783,9.602797753412633,10.4756693143566,6.898217381767737,7.385290799894962,5.34202589305445,5.666741505139266,-3.0299999999999994,132555815.74564688,27.01683932882,11.15199961485268,5.938990975488977,223.58848649950767,10.006437125691182,0.0,0.0,12.332624474210697,0.0,5.969305287951848,14.57305288909085,8.78083009534964,0.0,0.0,60.4574523224637,53.94592701708966,28.58083786818313,29.61342174546717,23.47643185833399,35.07836479776839,0.0,9.883888251797686,5.414990469396779,50.61323451778516,0.0,99.79297893041591,0.0,0.0,0.0,8.78083009534964,0.0,23.20187978046503,33.29234540880094,9.589074368143644,5.414990469396779,61.008620751168415,72.92688132469078,10.045266627482652,0.0,0.0,70.5,54.560151181868655,23.47643185833399,0.0,6.4208216229260096,21.30264611402811,5.563451491696996,11.096753302463554,67.58740788430673,6.06636706846161,4.983978520947208,23.20187978046503,28.0320488624998,12.472307731683632,31.846456224112096,10.675398971310544,0.421190922356597,-2.0934499695875353,17.190083582473473,-2.1590543289638404,1.5872402263374483,0.0,0.3214285714285714,37,1,5,0,1,1,1,2,1,3,4,0,3,1,9,2,8,0,1,1,0,0,8.143021129446957,4,7.323100000000005,137.8077999999999,1,0,0,0,0,1,0,0,1,1,2,1,0,0,0,2,0,0,0,0,1,0,0,0,0,2,0,1,0,0,0,0,0,0,2,0,0,0,0,0,0,0,0,0,4,0,0,0,0,0,0,0,0,0,0,0,0,0,0,0,0,0,0,0,0,0,0,0,0,1,0,0,0,1,0,0,0,0,0,0,0,0,0,0,0,CHEMBL4110711,C[C@]1(CC(=O)O)C[C@H](c2cccc(Cl)c2)[C@@H](c2ccc(Cl)cc2)N([C@@H](CC(F)F)c2ccccn2)C1=O,40.0,1.6020599913279625,CHEMBL1907611,Tumour suppressor p53/oncoprotein Mdm2,3,Large-Nonpolar-Aromatic-Flexible-Hydrophobic,Large-Nonpolar-Aromatic-Flexible-Hydrophobic
14.17510564094529,14.17510564094529,0.0893544938551553,-0.5987338505360997,0.3059282094006354,19.87804878048781,590.5550000000001,557.2910000000003,589.201130656,212,0,0.2545117643692905,-0.3607659495322433,0.3607659495322433,0.2545117643692905,0.951219512195122,1.6829268292682926,2.4634146341463414,35.496785945094665,9.78501448448429,2.445371176796213,-2.415313386507653,2.4538325827201937,-2.4914789400980992,6.309790846336347,-0.1239226106992398,3.386671270447825,1.385602350942975,1562.1179271826184,28.50949644276188,22.946717550406653,24.45857544244356,19.88505048855872,13.983165776013292,14.739094722031748,10.93914564092472,11.81201720186869,8.304879359251135,8.791952777378363,6.066989073231666,6.365080254854278,-3.359999999999998,2739119024.203396,27.79240646417144,11.861165279429253,5.724090531761297,249.56299939814437,20.100586586654497,0.0,0.0,5.907179729351506,5.907179729351506,0.0,14.48898409899412,0.0,0.0,0.0,59.60008219123469,48.50641030837923,84.0852329559588,11.959746875309351,9.589074368143644,45.9191641712491,0.0,25.00049631750497,0.0,18.50450328122193,46.31621041815264,105.22595391896144,0.0,0.0,5.316788604006331,0.0,0.0,23.20187978046503,77.8142775903543,11.339293589984395,0.0,39.00809002616916,72.9268813246908,10.045266627482652,10.902924932081056,0.0,71.68,11.959746875309351,9.589074368143644,0.0,11.814359458703011,28.6982309310048,60.31706143673491,0.0,0.0,77.82679105554128,27.14825856933168,23.20187978046503,0.0,12.45517694169332,38.1513161295675,5.408937271425152,3.9782421561569503,-0.7942456741167412,20.11596537928942,1.908976517693599,5.696740949559307,2.134445884287053,0.3125,41,2,7,0,2,2,2,3,1,4,2,0,4,2,9,3,7,0,1,1,0,0,8.040251867917448,6,5.319200000000005,163.5048999999996,0,0,0,0,0,1,1,0,0,0,2,2,0,0,0,3,2,0,0,1,0,1,0,0,0,0,0,2,0,0,0,0,0,0,3,0,2,0,0,0,0,0,0,0,2,0,0,0,0,0,0,0,0,0,0,0,0,0,0,0,0,0,0,0,0,0,0,0,0,0,1,0,0,0,0,0,0,0,0,0,0,0,0,0,0,CHEMBL3219401,CN1CCN(CCNC(=O)[C@H]2c3ccccc3C(=O)N(Cc3ccc(Cl)cc3)[C@@H]2c2c[nH]c3cc(Cl)ccc23)CC1,6300.0,3.7993405494535817,CHEMBL1907611,Tumour suppressor p53/oncoprotein Mdm2,3,Large-Nonpolar-Aromatic-Flexible-Hydrophobic,Large-Nonpolar-Aromatic-Flexible-Hydrophobic
14.23975945876514,14.23975945876514,0.0394899784047202,-0.6332583863783219,0.3474224857842916,23.853658536585368,615.6270000000002,579.3390000000003,614.188517372,218,0,0.262724968284194,-0.382851271001578,0.382851271001578,0.262724968284194,1.1219512195121952,1.7560975609756098,2.3658536585365852,35.49678662753369,9.808247154292271,2.5358020202963267,-2.3697138954945824,2.560611466431707,-2.4726592758523847,8.177774331408491,-0.1408149351469199,3.64382370712774,1.5433346350222072,1378.736731581559,29.473962536829134,24.06416335689237,26.392517829857,19.561605058457577,13.939475949837671,15.511901476783851,11.25317545878577,13.103567827095643,8.17143619796823,9.733829250254336,6.054363633765127,7.669482661352709,-2.5199999999999987,1620743226.2325065,29.954716361482625,11.996627773091395,5.516595773817365,256.05635641151775,19.436592146351483,16.48590259542135,5.1676517695780495,5.907179729351506,5.907179729351506,0.0,9.589074368143644,4.992404732635668,0.0,0.0,61.31482245369272,72.83754269833558,42.989288276318355,12.64872279366088,14.325937321943693,51.94577595813721,0.0,14.69972919255143,10.91031077879706,51.235461755603154,33.85386430029279,80.3052819855154,0.0,0.0,0.0,0.0,0.0,34.963764729856145,71.57744555027323,19.86486257432703,5.917906046161393,50.781598657465835,64.12551710727443,10.045266627482652,0.0,0.0,65.45,11.580766081531303,9.589074368143644,0.0,23.77410633401237,41.06761954063677,28.41241568895388,11.761884949391115,23.95728898565568,48.53093654769288,25.67112132992235,32.93114746690075,5.153437722002626,13.94213058225701,39.163569783765126,2.111541865643392,2.379612985726433,-0.1089982831797842,14.996095305956532,1.449874683752923,7.833669320261838,3.384621589369465,0.4516129032258064,41,0,7,0,3,3,2,2,0,2,3,0,6,0,10,3,8,0,1,1,0,0,8.764770298469212,5,6.331700000000008,165.97399999999948,0,0,0,0,0,0,0,0,0,0,2,2,0,0,1,4,0,0,0,1,1,0,0,0,0,0,1,2,1,0,0,0,0,0,2,0,1,0,0,0,0,1,0,0,2,0,0,0,0,0,0,0,0,0,0,1,0,0,0,0,0,0,0,0,0,0,0,0,0,0,0,0,0,0,0,1,0,0,0,0,0,0,0,0,0,CHEMBL2315847,COCCN(C)C(=O)[C@@H]1CCCN1C(=O)C1=C(C(C)C)N2C(=N[C@@](C)(c3ccc(Cl)cc3)[C@H]2c2ccc(Cl)cc2)S1,46.0,1.662757831681574,CHEMBL1907611,Tumour suppressor p53/oncoprotein Mdm2,3,Large-Nonpolar-Aromatic-Flexible-Hydrophobic,Large-Nonpolar-Aromatic-Flexible-Hydrophobic
13.460143674239244,13.460143674239244,0.0188257449954782,-1.0800823570168805,0.5823133899543377,18.13793103448276,407.8970000000001,385.7210000000002,407.1288212440001,148,0,0.2569214033591242,-0.3962862883062382,0.3962862883062382,0.2569214033591242,0.9310344827586208,1.6206896551724137,2.3448275862068964,35.49569181733472,9.92825688441716,2.515001109663946,-2.393729839858668,2.4591150879478008,-2.46362304845828,6.301090837738437,-0.1134103485988493,2.98920725700128,1.8833517434412297,990.5223151695768,20.269373945685235,15.9228688691482,16.678797815166654,14.163869018582144,9.6285292564487,10.00649372945793,6.999012915547764,7.435448696019749,5.180236082040802,5.432212397380288,3.8585959484169345,3.984584106086677,-2.6599999999999993,5887925.231918618,19.647566740966568,8.3742524882918,3.552014402684153,174.8618140433071,9.843390348640757,0.0,5.724985593970254,0.0,5.907179729351506,0.0,9.6944469149223,0.0,0.0,0.0,72.26461057484862,30.183374320007832,34.8646261592578,6.606881964512918,14.637927532712576,17.508119619584022,0.0,4.899909730850477,0.0,18.69056362280884,13.213763929025836,106.13921117053027,0.0,0.0,0.0,0.0,0.0,11.600939890232516,29.127380784068524,17.006604953682878,0.0,33.46916477378581,78.86277189000094,5.022633313741326,0.0,0.0,49.77,5.724985593970254,9.901064578912528,0.0,12.514061693864424,30.158544798789823,16.690354475090988,0.0,17.032643867773697,66.73003775307771,0.0,16.337802844032566,6.440662556689342,6.131178255388813,15.231584528358669,9.918555181791112,2.193433125822347,-0.0801837679516253,24.819546291495552,0.4770576481621456,0.7292772913547632,0.0,0.2083333333333333,29,1,4,0,1,1,1,3,0,3,1,0,3,1,5,1,7,0,0,0,0,1,5.673575333428224,4,4.596100000000003,112.64430000000002,0,1,1,0,0,0,0,0,0,0,1,1,0,0,0,1,0,0,0,0,0,0,0,0,0,0,0,1,0,0,0,0,0,0,3,0,1,0,0,0,0,1,0,0,1,0,0,0,0,0,0,0,0,0,0,0,0,0,0,0,0,0,0,0,0,0,0,0,0,0,0,0,0,0,0,0,0,0,0,0,0,0,0,0,0,CHEMBL360719,O=C1c2ccccc2C(OCCCO)(c2ccc(Cl)cc2)N1Cc1ccccc1,15900.0,4.201397124320452,CHEMBL1907611,Tumour suppressor p53/oncoprotein Mdm2,3,Large-Nonpolar-Aromatic-Flexible-Hydrophobic,Large-Nonpolar-Aromatic-Flexible-Hydrophobic
13.405336318590283,13.405336318590283,0.0489163937179808,-1.066167682350719,0.5580774289645208,17.34375,433.50400000000013,406.28800000000024,433.188922964,166,0,0.2566151345450292,-0.501699466629682,0.501699466629682,0.2566151345450292,0.9375,1.5625,2.1875,16.52161313143023,9.929374016930502,2.512438763852081,-2.3922369876561405,2.4613543360852956,-2.4678455893505222,6.000286812519128,-0.1166940097922882,3.075916663957032,1.8353305117408216,1089.2050320296637,22.716967702877938,18.4995936575009,18.4995936575009,15.561245828549634,10.612111037588702,10.612111037588702,7.650039603473136,7.650039603473136,5.747418364624879,5.747418364624879,4.314797370880049,4.314797370880049,-3.5099999999999993,22816534.62990047,21.711838887695,8.925233031886393,3.4639100680659873,187.5155225042324,24.217025987091333,0.0,17.224009260538065,5.749511833283905,5.907179729351506,0.0,4.794537184071822,0.0,0.0,0.0,55.4546737473835,30.183374320007832,23.23511088100356,20.826477047067986,24.111653440312672,5.907179729351506,0.0,4.899909730850477,0.0,25.676426381099805,20.764351488467643,88.98384371986572,0.0,17.248535499851716,9.473725907600098,0.0,17.248535499851716,0.0,36.67796834351033,17.06873051228322,0.0,40.392901973476434,66.73003775307771,0.0,0.0,0.0,68.23,5.724985593970254,9.901064578912528,0.0,18.263573527148328,23.60723156417738,23.11117609801699,14.219595082555069,12.13273413692322,66.4209505466956,0.0,14.210588861400147,17.261269232644594,0.0,15.212753489162218,10.254904413409328,2.0288060725833548,0.4793889133553641,20.824868577507015,0.7902055966887316,2.7599914358662554,2.9711456021164713,0.2692307692307692,32,1,6,0,1,1,1,3,0,3,1,0,5,1,6,1,8,0,0,0,0,1,6.055725675732841,4,4.693100000000005,120.99130000000002,0,0,0,0,0,0,0,1,0,0,1,1,0,0,0,1,0,0,0,0,0,0,0,0,0,0,0,1,0,0,0,0,0,0,3,0,1,0,0,0,0,3,0,0,0,0,0,0,0,0,0,0,0,0,0,2,0,0,0,0,0,0,0,0,0,1,1,0,0,0,0,0,0,0,0,0,0,0,0,0,0,0,0,0,0,CHEMBL362452,CCCN1C(=O)c2ccccc2C1(OCc1cc(OC)c(O)c(OC)c1)c1ccccc1,82000.0,4.913813852383717,CHEMBL1907611,Tumour suppressor p53/oncoprotein Mdm2,3,Large-Nonpolar-Aromatic-Flexible-Hydrophobic,Large-Nonpolar-Aromatic-Flexible-Hydrophobic
13.886586658160724,13.886586658160724,0.0368640485708209,-0.3248457738803856,0.2369197798424462,20.976744186046513,604.2350000000004,557.8670000000003,603.3227700120001,230,0,0.2317660933058384,-0.4928583621429129,0.4928583621429129,0.2317660933058384,0.9534883720930232,1.627906976744186,2.2325581395348837,35.495692548476924,9.84966099140723,2.359883901797319,-2.383071508272056,2.4385786018136555,-2.407593333044282,6.301132500030125,-0.1183046786111209,3.0073114677089845,1.443907139467745,1384.0996080840032,30.67263314957841,26.477001367861288,27.23293031387974,20.676274148643564,15.606230740327378,15.984195213336603,12.468284110607664,12.90471989107965,9.324727792626485,9.576704107965972,6.5792845929176655,6.705272750587409,-3.219999999999999,3816961706.156099,31.21252288687092,13.607009315201468,6.966136224824018,262.07426708025486,24.173455100151532,0.0,11.49902366656781,5.907179729351506,0.0,0.0,4.794537184071822,0.0,0.0,0.0,30.657411226846357,124.26238634862034,36.03167508084618,25.676426381099805,14.26826309167192,28.882892168951145,0.0,4.899909730850477,5.917906046161393,70.56005218298154,44.59738935692263,82.37665847344843,0.0,11.49902366656781,19.273545369301058,11.374772549367124,11.49902366656781,11.600939890232516,57.750466572319915,11.21535880699783,5.917906046161393,68.68377781825025,60.6636706846161,5.022633313741326,0.0,0.0,45.25000000000001,0.0,4.794537184071822,0.0,24.47380856917378,28.481403855618492,35.34331877861313,31.3706727663876,7.109797541277533,35.23174507315853,75.12214515142182,21.074665797832616,11.978753908984691,6.284803576504748,20.542241061959473,0.662754145007588,5.0260483761589265,2.0983519799006043,20.66638791570969,6.275860430137576,5.20004598849396,8.209197061587194,0.4722222222222222,43,0,6,1,1,2,1,3,0,3,2,0,5,0,7,1,10,1,0,1,0,1,9.8769555737812,5,7.761200000000009,177.00499999999943,0,0,0,0,0,0,0,0,0,0,1,1,0,0,0,3,0,0,0,0,0,0,0,0,0,0,0,1,0,2,0,0,0,0,3,0,1,0,0,0,0,2,0,0,1,0,0,0,0,0,0,0,0,0,0,1,0,0,0,0,0,0,0,0,0,0,0,0,0,0,0,0,0,0,0,0,0,0,0,0,0,0,0,0,0,CHEMBL3601321,CC[C@@H](C)Oc1cc2c(cc1OC)CC(=O)N(c1ccc(N(C)C[C@H]3CC[C@H](N(C)C)CC3)cc1)C2c1ccc(Cl)cc1,3.0,0.4771212547196624,CHEMBL1907611,Tumour suppressor p53/oncoprotein Mdm2,3,Large-Nonpolar-Aromatic-Flexible-Hydrophobic,Large-Nonpolar-Aromatic-Flexible-Hydrophobic
11.983889509995592,11.983889509995592,0.1791193080606095,-0.9649702415085466,0.5165664535802309,15.25,426.5600000000001,396.3200000000002,426.2307282,164,0,0.11887676529166,-0.4935489066911597,0.4935489066911597,0.11887676529166,0.875,1.4375,1.96875,16.476817659054245,9.718004681661457,2.408444756162598,-2.4202922416990145,2.413743049231302,-2.4417144951703627,5.370469785453154,-0.0145677404321964,2.8771521165871063,1.3170703765824927,965.3078396297464,22.227557582428343,18.35989058311396,18.35989058311396,15.696856541928934,11.386602298991592,11.386602298991592,8.452542562523357,8.452542562523357,6.477009494270933,6.477009494270933,4.700782187295549,4.700782187295549,-3.1299999999999986,27686949.904002387,22.07784064616127,10.455312854996857,5.016975816345471,190.24937385543683,14.743300079491233,11.350562644267594,0.0,0.0,0.0,0.0,0.0,0.0,5.261891554738487,0.0,60.6636706846161,73.662254984005,6.544756405912575,18.239554769002183,9.843390348640757,0.0,5.261891554738487,4.899909730850477,5.917906046161393,24.863515679761715,26.241151182250643,101.61949343355356,0.0,11.81873314607618,4.736862953800049,0.0,5.749511833283905,0.0,36.247588307941825,5.601050810983688,17.249018913692154,35.95281934386901,84.92913895846256,0.0,0.0,0.0,56.489999999999995,5.601050810983688,5.106527394840706,0.0,5.917906046161393,12.170333456209914,55.77314890319365,0.0,12.13273413692322,72.79640482153933,10.96913104364275,9.998754508538536,5.811526889936293,0.0,2.467307375097779,20.857123618931695,1.6249545048875444,0.9832808986371048,29.552671005089323,2.8609540593108065,3.5921816481094524,0.0,0.3214285714285714,32,1,4,0,1,1,0,3,0,3,0,0,4,1,4,1,8,0,1,1,0,0,7.213460347449439,4,4.975280000000005,126.31580000000002,0,1,0,0,0,0,0,0,0,0,0,0,0,0,0,2,0,0,0,0,1,0,0,0,0,0,0,0,0,0,0,0,0,0,3,0,0,0,0,0,0,1,0,0,0,0,0,0,0,0,0,0,0,0,0,0,0,1,0,0,0,0,0,0,0,0,0,0,0,1,0,0,0,0,0,0,0,0,0,0,0,0,0,0,0,CHEMBL3126202,N#Cc1ccc(OCCCN2CCC(C(O)(c3ccccc3)c3ccccc3)CC2)cc1,10800.0,4.033423755486949,CHEMBL1615381,Menin,3,Large-Nonpolar-Aromatic-Flexible-Hydrophobic,Large-Nonpolar-Aromatic-Flexible-Hydrophobic
14.245743697684834,14.245743697684834,0.1650089758125472,-1.08115734616892,0.3681543769383444,23.2,511.44900000000007,483.22500000000025,510.147698116,182,0,0.30392595882875,-0.481204488328093,0.481204488328093,0.30392595882875,1.0857142857142856,1.7714285714285714,2.371428571428571,35.496785311012566,9.664806865099024,2.5198839672524396,-2.515841622629932,2.5367625439278063,-2.5320338209328166,6.304470601579371,-0.1604924576867581,2.829244220399031,1.9506422751923715,1202.3389725416764,25.16456146007064,19.69564069485009,21.207498586887,16.73020115227959,11.686595534921691,12.442524480940149,9.410202356592038,10.283073917536008,6.945179852335501,7.432253270462725,5.401961077643432,5.72667668972825,-2.889999999999999,59636846.733409464,25.210338027021884,10.386742756758624,5.213424213915028,215.2574156936552,10.006437125691182,0.0,0.0,5.907179729351506,0.0,5.969305287951848,14.57305288909085,0.0,0.0,0.0,61.31482245369272,65.93020013171267,28.3568598168702,23.91949375061871,14.69560176298435,35.07836479776839,0.0,9.883888251797686,5.414990469396779,51.11152697261659,0.0,99.79297893041591,0.0,0.0,0.0,0.0,0.0,23.20187978046503,26.866900663941745,9.589074368143644,5.414990469396779,67.80188144770757,73.05735782784225,10.045266627482652,0.0,0.0,70.5,11.384295757348628,14.69560176298435,0.0,30.32958905673483,22.886909873334673,16.690354475090988,0.0,19.317424342916777,72.48731761515721,4.983978520947208,23.20187978046503,0.0,12.593643819837904,32.1938319731376,10.956284595226473,1.78734675506005,-1.3313429107146042,18.408145032866052,4.225244551668916,3.8057350718065006,0.0,0.3214285714285714,35,1,5,0,1,1,1,2,1,3,4,0,3,1,7,2,7,0,1,1,0,0,7.481522739931602,4,7.077900000000007,137.4777999999999,1,0,0,0,0,1,0,0,1,1,2,1,0,0,0,2,0,0,0,0,1,0,0,0,0,0,0,1,0,0,0,0,0,0,2,0,0,0,0,0,0,0,0,0,2,0,0,0,0,0,0,0,0,0,0,0,0,0,0,0,0,0,0,0,0,0,0,0,0,1,0,0,0,1,0,0,0,0,0,0,0,0,0,0,0,CHEMBL3329607,CC[C@@H](c1ccncc1)N1C(=O)[C@@](C)(CC(=O)O)C[C@H](c2cccc(Cl)c2)[C@H]1c1ccc(Cl)cc1,9.0,0.9542425094393248,CHEMBL1907611,Tumour suppressor p53/oncoprotein Mdm2,3,Large-Nonpolar-Aromatic-Flexible-Hydrophobic,Large-Nonpolar-Aromatic-Flexible-Hydrophobic
13.964755256011868,13.964755256011868,0.0698544973544978,-0.9589678133692684,0.516013923432445,24.37142857142857,519.4690000000002,487.2130000000002,518.173912864,188,0,0.3036504620090473,-0.481212069761211,0.481212069761211,0.3036504620090473,1.0857142857142856,1.8,2.4285714285714284,35.49678534468745,9.738547517348584,2.458729298839141,-2.4899737256078813,2.472968018475292,-2.5536284397107276,6.304431716205556,-0.1527423796728574,2.845261594064763,1.7955977489075272,1026.0962520843782,24.949018510446816,19.907372083677817,21.419229975714725,16.867412398353686,12.21985247701626,12.975781423034714,9.408935690321965,10.281807251265931,7.169656968413943,7.656730386541167,5.470518518799403,5.795234130884221,-2.1199999999999988,70608922.20202126,25.957542011088616,11.742989992484477,6.177259297404796,216.30798971041213,14.743300079491233,0.0,0.0,5.907179729351506,0.0,5.969305287951848,14.48898409899412,0.0,0.0,0.0,54.39108525400209,48.234014503092446,47.55718876669112,25.676426381099805,19.432464716784395,35.07836479776839,0.0,9.799819461700954,5.917906046161393,44.18778977292597,32.84803314676356,69.70310615856953,0.0,0.0,0.0,0.0,0.0,23.20187978046503,65.67270584975653,14.325937321943693,5.917906046161393,49.27285192717199,48.53093654769288,10.045266627482652,0.0,0.0,70.08,11.887211334113244,14.69560176298435,0.0,30.32958905673483,29.679852179434494,37.18199382405773,0.0,0.0,53.43084627854336,11.823646930541102,27.938742734265084,5.517595755554915,12.57956989008153,30.004428745701592,10.86407068217043,1.993974395313682,-1.750474113934763,15.020130561715828,1.0200663125332443,5.806193326419097,0.0,0.4814814814814814,35,1,6,0,2,2,1,2,0,2,4,0,4,1,8,2,8,0,2,2,0,0,8.709118744734543,4,5.252300000000005,136.92979999999991,1,0,0,0,0,0,0,0,1,1,2,1,0,0,0,2,0,0,0,0,1,0,0,0,0,0,0,1,0,0,0,0,0,0,2,0,0,0,0,0,0,1,0,0,2,0,0,0,0,0,0,0,0,0,0,0,1,0,0,0,0,0,0,0,0,0,0,0,0,1,0,0,0,0,0,0,0,0,0,0,0,0,0,0,0,CHEMBL4109809,CC[C@@H](CN1CCOCC1)N1C(=O)[C@@H](CC(=O)O)C[C@H](c2cccc(Cl)c2)[C@H]1c1ccc(Cl)cc1,70.0,1.845098040014257,CHEMBL1907611,Tumour suppressor p53/oncoprotein Mdm2,3,Large-Nonpolar-Aromatic-Flexible-Hydrophobic,Large-Nonpolar-Aromatic-Flexible-Hydrophobic
12.694536485890652,12.694536485890652,0.0768793698034766,-0.0768793698034766,0.5555781020326443,10.96,419.3440000000001,400.1920000000001,418.035060948,130,0,0.2515500256238494,-0.3816692602949403,0.3816692602949403,0.2515500256238494,1.28,2.12,2.88,79.91873225148888,10.062805813060454,2.1402017620143967,-2.0976050395855683,2.3198071138165233,-2.2528399841496243,9.1085345426101,0.0945608393183124,3.0660251724560004,1.8841073084949904,878.7415255574556,17.648053602125596,13.919801948974348,16.32229506901678,12.185871848001629,8.201962849572023,9.811457700057105,5.482341152784807,7.945355642060411,3.741592328499003,5.387755124933228,2.557157082471567,3.9038859033267297,-1.7599999999999991,698161.5259947834,18.043757776376893,8.558079089876847,4.451543347553592,158.91230291383386,10.05365155780638,0.0,0.0,0.0,5.907179729351506,0.0,4.794537184071822,4.983978520947208,0.0,11.336785877934735,18.19910120538483,53.53997099441242,25.144744549403207,25.437642615699737,9.53140013787187,44.07683443731665,0.0,10.300767124953538,0.0,13.344558822616634,19.75852033493841,51.81443618876499,0.0,10.57107518854976,5.316788604006331,0.0,0.0,27.266729775884084,30.649678585237123,4.736862953800049,0.0,23.70254749838545,46.25098469706799,0.0,21.47400012063082,0.0,51.22,0.0,4.794537184071822,0.0,5.907179729351506,25.321971826635405,31.681236961393545,0.0,11.336785877934735,49.38830667892189,21.24673250195568,9.720841474747257,6.347253966067757,5.083717457848969,18.437347606614832,3.846297936612917,2.2910994693638096,-0.0768793698034766,13.612974423984577,0.798933194898202,3.9092553144124143,0.0,0.2631578947368421,25,1,4,0,0,0,1,1,2,3,0,0,4,1,6,2,7,0,0,0,0,0,6.176796245152554,3,4.8822000000000045,106.19920000000002,0,0,0,0,0,1,0,0,0,0,1,1,0,0,0,1,1,0,0,0,0,0,0,0,0,0,0,1,0,0,0,0,0,0,1,0,1,0,0,0,0,1,0,0,1,0,0,0,0,0,0,0,0,0,0,0,0,0,0,0,0,0,0,0,1,0,0,0,0,0,0,0,0,1,0,0,0,0,0,0,0,0,1,0,0,CHEMBL1367087,CCOCCCNC(=O)c1cc(-c2ccc(Br)s2)nc2ccccc12,4181.0,3.621280167550415,CHEMBL2096976,Peroxisome proliferator-activated receptor gamma/Nuclear receptor corepressor 2,0,Large-Nonpolar-Aromatic-Flexible-Hydrophobic,Large-Nonpolar-Aromatic-Flexible-Hydrophobic
11.409604493937213,11.409604493937213,0.0585453356149676,-0.870071700125014,0.208591528799307,10.864864864864863,498.6230000000003,464.3510000000003,498.251857568,192,0,0.3073151762848646,-0.4931756017553103,0.4931756017553103,0.3073151762848646,0.8648648648648649,1.6216216216216215,2.3783783783783785,16.479694833986017,10.031112921788315,2.184758982263052,-2.1202326354110235,2.3634933504417104,-2.0633310919790544,5.770119825374571,-0.1357319976069419,3.3284784363597275,1.7911979408162897,1314.0498776194436,26.036958659186844,21.521686625662433,21.521686625662433,18.08404999576855,12.905062610919908,12.905062610919908,8.905773209539618,8.905773209539618,6.128657368920006,6.128657368920006,4.289164440017652,4.289164440017652,-4.059999999999999,282608642.20803875,26.015805251378897,12.765787195282948,6.789127037641719,218.04218664986956,14.580253302440804,11.49902366656781,0.0,0.0,0.0,5.969305287951848,9.476340119217006,0.0,5.098681808301038,0.0,61.87549537030951,61.22411877124469,17.671659389306566,31.02244154164877,19.374790486512623,5.969305287951848,0.0,9.78048474344622,0.0,46.07551729699786,13.213763929025836,89.98967487339495,0.0,34.01378263965872,9.473725907600098,0.0,11.49902366656781,0.0,34.07008135526461,24.180936835836416,0.0,37.81602062862726,78.86277189000094,0.0,22.514758973090913,0.0,73.58000000000001,5.969305287951848,9.901064578912528,0.0,6.4208216229260096,31.071483659919313,47.52673567515285,5.563451491696996,0.0,72.26921081945191,25.122838405075452,14.572407715901136,14.075915297075944,0.0,11.409604493937213,14.37826341243743,5.386172782420044,0.6404836446024089,25.942170258082605,2.7315272019072037,5.935862909537152,0.0,0.2903225806451613,37,1,6,0,0,0,0,3,1,4,0,0,5,1,6,1,13,0,0,0,0,0,8.976006312243989,4,6.6645000000000065,146.15679999999978,1,0,0,0,0,2,0,0,1,1,1,0,0,0,0,2,0,0,0,0,0,0,0,0,0,0,0,0,0,0,2,0,0,0,3,0,0,0,0,0,0,2,0,0,0,0,0,0,0,0,0,0,0,0,0,0,0,0,0,0,0,0,0,0,1,0,0,0,0,0,0,0,0,0,0,0,0,0,0,0,0,0,0,1,0,CHEMBL3134200,CCCCOc1ccc(CC(=O)O)cc1-c1cc(-c2ccccc2OCC)n(CCc2ccccc2)n1,54060.0,4.732876041362706,CHEMBL1907611,Tumour suppressor p53/oncoprotein Mdm2,0,Large-Nonpolar-Aromatic-Flexible-Hydrophobic,Large-Nonpolar-Aromatic-Flexible-Hydrophobic
11.413739021026284,11.413739021026284,0.0632868479606467,-0.8735925993529847,0.2406840931128529,11.027027027027026,498.6230000000002,464.3510000000003,498.251857568,192,0,0.3073151762848646,-0.4931756017553103,0.4931756017553103,0.3073151762848646,0.8918918918918919,1.6216216216216215,2.3513513513513513,16.48010725227885,10.030383076560142,2.186816556232477,-2.131113157865586,2.364118713423339,-2.0731787624806772,5.770157672283579,-0.1357318439729972,3.3109166032885047,1.8053064665193777,1328.3047535821086,26.200095366003374,21.684823332478963,21.684823332478963,17.939892043425115,12.760904658576475,12.760904658576475,9.408609190498431,9.408609190498431,5.945371005080028,5.945371005080028,4.2191473434304845,4.2191473434304845,-4.06,241341690.41952723,26.015805251378897,12.259660805621932,6.789127037641719,218.0421866498696,14.580253302440804,11.49902366656781,0.0,0.0,0.0,5.969305287951848,9.476340119217006,0.0,5.098681808301038,0.0,62.37841094707412,60.72120319448007,17.671659389306566,31.022441541648767,19.374790486512623,5.969305287951848,0.0,9.78048474344622,5.917906046161393,40.15761125083647,13.213763929025836,89.98967487339495,0.0,34.01378263965872,9.473725907600098,0.0,11.49902366656781,0.0,34.07008135526461,24.180936835836416,5.917906046161393,31.898114582465865,78.86277189000094,0.0,22.514758973090913,0.0,73.58000000000001,5.969305287951848,9.901064578912528,0.0,6.4208216229260096,36.9893897060807,34.68509242930082,5.563451491696996,0.0,78.33557788791353,25.980208536304467,14.572407715901136,14.092811258022747,0.0,11.413739021026284,14.379946102692903,5.353512230764666,0.9709613117136148,25.90282775041499,0.7576678019969794,7.961867856701149,0.0,0.2903225806451613,37,1,6,0,0,0,0,3,1,4,0,0,5,1,6,1,12,0,0,0,0,0,8.620133728838463,4,6.520400000000006,146.08679999999978,1,0,0,0,0,2,0,0,1,1,1,0,0,0,0,2,0,0,0,0,0,0,0,0,0,0,0,0,0,0,2,0,0,0,3,0,0,0,0,0,0,2,0,0,0,0,0,0,0,0,0,0,0,0,0,0,0,0,0,0,0,0,0,0,1,0,0,0,0,0,0,0,0,0,0,0,0,0,0,0,0,0,0,0,0,CHEMBL3132875,CCOc1ccccc1-c1cc(-c2cc(CC(=O)O)ccc2OCC(C)C)nn1CCc1ccccc1,48700.0,4.6875289612146345,CHEMBL1907611,Tumour suppressor p53/oncoprotein Mdm2,0,Large-Nonpolar-Aromatic-Flexible-Hydrophobic,Large-Nonpolar-Aromatic-Flexible-Hydrophobic
13.410138066543489,13.410138066543489,0.0744241307634168,-0.4641371847092748,0.6667076780763719,24.724137931034484,433.37900000000025,407.17100000000016,432.137133432,154,0,0.2519119214052066,-0.35788045454683,0.35788045454683,0.2519119214052066,1.0689655172413792,1.827586206896552,2.4827586206896552,35.49678469324877,9.906211384157828,2.448849411170902,-2.4487445955779816,2.447326690859298,-2.5155942146853407,6.30434323180556,-0.1750704877368495,3.532858091434922,1.7531240193144002,854.2112687278565,20.38010440969447,16.483376258654392,17.9952341506913,14.062881945713372,10.180166292204504,10.93609523822296,7.922922912512653,8.795794473456622,5.689017831874062,6.176091250001285,4.003266456175462,4.327982068260278,-1.59,7515378.360747681,20.673451885937673,9.048949397963236,4.774510648825434,181.6824939139906,14.953561288656855,12.207932775496603,0.0,0.0,5.907179729351506,0.0,4.794537184071822,0.0,0.0,0.0,47.46734805431147,74.16517056076961,16.590023033395227,6.041840829147961,9.53140013787187,29.109059509816536,0.0,10.216698334856808,5.917906046161393,37.5122384734226,20.13718479450234,69.70310615856953,0.0,0.0,5.316788604006331,0.0,0.0,23.20187978046503,37.048240642452626,9.53140013787187,5.917906046161393,42.53517506906829,48.53093654769288,10.045266627482652,0.0,0.0,41.57,6.103966387748303,4.794537184071822,0.0,18.052986946247767,22.38399429657006,24.21641579521914,12.84164324585202,0.0,60.47851826122054,5.316788604006331,27.938742734265084,6.448495921516756,12.422748854673827,15.44813693275664,4.472549366969011,2.0144876175778963,0.6548053053525937,15.293676203284942,2.2546303994848964,1.4902365004346123,1.8891217868377168,0.4347826086956521,29,1,4,1,1,2,1,2,0,2,3,0,3,1,6,1,7,1,1,2,0,0,6.450793793002677,4,5.022700000000005,116.23970000000006,0,0,0,0,0,0,0,0,0,0,1,1,0,0,0,1,1,0,0,0,0,0,0,0,0,0,0,1,0,0,0,0,0,0,2,0,0,0,0,0,0,1,0,0,2,0,0,0,0,0,0,0,0,0,0,0,1,0,0,0,0,0,0,0,0,0,0,0,0,0,0,0,0,0,0,0,0,0,0,0,0,0,0,0,0,CHEMBL2347390,CNCC[C@@H]1O[C@@H](c2cccc(Cl)c2)[C@@H](c2ccc(Cl)cc2)N(CC2CC2)C1=O,9900.0,3.99563519459755,CHEMBL5023,p53-binding protein Mdm-2,3,Large-Nonpolar-Aromatic-Flexible-Hydrophobic,Large-Nonpolar-Aromatic-Flexible-Hydrophobic
13.446209946848173,13.446209946848173,0.0785520224057381,-1.132309657659361,0.4835592534400583,17.21212121212121,467.9490000000002,441.7410000000002,467.14995061199994,172,0,0.2566151345841316,-0.501699466629682,0.501699466629682,0.2566151345841316,1.0,1.6363636363636365,2.242424242424242,35.49569204427901,9.929022401278004,2.5132585012009367,-2.392734358235004,2.464289667993844,-2.4679763278230893,6.301106353973972,-0.1166922023766438,3.0750904654887914,1.848960650212804,1138.5938809552777,23.587211190881018,18.8002078613205,19.556136807338955,15.955092678666986,10.711776876616277,11.089741349625502,7.790907224519504,8.22734300499149,5.817850966739064,6.069827282078549,4.326533131336564,4.452521289006307,-3.2199999999999993,32237157.37866796,22.955585494064188,9.33408347441408,3.896618000726611,197.8187887311141,24.217025987091333,0.0,17.224009260538065,5.749511833283905,5.907179729351506,0.0,4.794537184071822,0.0,0.0,0.0,48.856512432231185,42.316108456931055,28.257744194744888,20.826477047067986,24.111653440312672,17.508119619584022,0.0,4.899909730850477,0.0,25.676426381099805,20.764351488467643,87.94010996514542,0.0,17.248535499851716,9.473725907600098,0.0,17.248535499851716,11.600939890232516,36.67796834351033,17.06873051228322,0.0,40.392901973476434,60.6636706846161,5.022633313741326,0.0,0.0,68.23,5.724985593970254,9.901064578912528,0.0,29.762597193716136,17.130841211350898,23.11117609801699,14.219595082555069,29.165378004696915,43.32193961046029,0.0,25.811528751632665,17.255078824127345,6.17190772448658,15.219802476452603,10.867060390642765,1.788730574277036,0.4000393285566455,18.269518362841172,0.7631779903787179,2.675003771047242,2.950791668300999,0.2692307692307692,33,1,6,0,1,1,1,3,0,3,1,0,5,1,7,1,8,0,0,0,0,1,6.493010642595277,4,5.346500000000006,126.00130000000004,0,0,0,0,0,0,0,1,0,0,1,1,0,0,0,1,0,0,0,0,0,0,0,0,0,0,0,1,0,0,0,0,0,0,3,0,1,0,0,0,0,3,0,0,1,0,0,0,0,0,0,0,0,0,0,2,0,0,0,0,0,0,0,0,0,1,1,0,0,0,0,0,0,0,0,0,0,0,0,0,0,0,0,0,0,CHEMBL360944,CCCN1C(=O)c2ccccc2C1(OCc1cc(OC)c(O)c(OC)c1)c1ccc(Cl)cc1,5300.0,3.724275869600789,CHEMBL1907611,Tumour suppressor p53/oncoprotein Mdm2,3,Large-Nonpolar-Aromatic-Flexible-Hydrophobic,Large-Nonpolar-Aromatic-Flexible-Hydrophobic
14.658997316149192,14.658997316149192,0.1542656805520557,-0.876349798923753,0.2374790718146919,19.29268292682927,706.456,672.1839999999999,705.1134286880001,216,0,0.2569722707965364,-0.3983993728252623,0.3983993728252623,0.2569722707965364,0.926829268292683,1.6097560975609757,2.292682926829268,126.91270457675374,9.973981065611724,2.428637085161093,-2.3633222969779286,2.41301805362588,-2.460458988084925,14.111920282217028,-0.123393225043985,3.0263406247403855,1.5676874540146637,1428.5056726256585,29.258419587205314,23.194545349726212,26.863901532939437,19.633938048533206,13.786479120362916,15.621157211969528,10.76553959872305,12.88404337885382,8.046309945376898,9.204374466830206,5.734791414932578,6.532521781892457,-2.369999999999999,1347516319.268253,30.09972165393939,12.87191704566015,6.514993323352106,264.8488168644432,25.333306400564098,6.041840829147961,0.0,0.0,11.814359458703011,0.0,9.589074368143644,0.0,0.0,0.0,41.40098098584986,103.11933030089972,52.02661720279448,17.292678595528518,9.589074368143644,68.98188241560322,0.0,14.69972919255143,0.0,25.428240480912557,56.949787626165296,90.96947405825516,0.0,0.0,10.633577208012662,11.374772549367124,0.0,45.79275040753309,72.83029906940708,4.794537184071822,3.5701822710653963,46.91313214007536,60.6636706846161,10.045266627482652,0.0,0.0,73.12,12.08368165829592,9.589074368143644,0.0,11.814359458703011,39.09169856615634,48.27823741525127,0.0,34.06528773554739,43.32193961046029,39.4383620714462,28.935547257627213,0.9195262428992244,14.64642307942878,37.41461097126867,1.0712587546846015,9.424648312669335,-0.380901136829251,16.74336222620224,0.7937451277444963,7.400165591788904,2.1427163856985523,0.3548387096774194,41,2,7,0,2,2,2,3,0,3,2,0,5,1,10,2,7,0,1,1,0,0,9.44978342016996,5,6.109000000000006,174.7078999999996,0,0,0,1,0,0,0,0,0,0,2,2,0,0,0,4,0,1,0,1,0,0,0,0,0,0,0,2,0,2,0,0,0,0,3,0,1,0,0,0,0,0,0,0,3,0,0,0,0,0,0,0,0,0,0,0,0,0,0,0,0,0,0,0,0,0,0,0,0,0,1,0,0,0,0,0,0,0,0,0,0,0,0,0,0,CHEMBL208562,C[C@H](c1ccc(Cl)cc1N)N1C(=O)c2cc(I)ccc2N(CCCN2CCN(C)CC2)C(=O)[C@@H]1c1ccc(Cl)cc1,546.0,2.7371926427047373,CHEMBL5023,p53-binding protein Mdm-2,3,Large-Nonpolar-Aromatic-Flexible-Hydrophobic,Large-Nonpolar-Aromatic-Flexible-Hydrophobic
14.232219707973826,14.232219707973826,0.0281532746843597,-0.9181784849236828,0.2498030062378179,14.692307692307692,563.4810000000001,535.2570000000003,562.142612736,200,0,0.307315176210965,-0.4960547756827909,0.4960547756827909,0.307315176210965,0.9743589743589745,1.6666666666666667,2.3076923076923075,35.49678574394486,10.015469312454956,2.4351289611654865,-2.3007152438902367,2.478793453055357,-2.3022911015384264,6.309166670985161,-0.1357347595221891,3.407003718606107,1.7849985117965044,1591.1244958422064,28.007342731648755,22.034974884561603,23.546832776598514,18.599463205922557,12.596959773829244,13.352888719847698,9.957446111625528,10.830317672569498,7.070545663698828,7.5576190818260525,5.405707269867063,5.698038982578104,-3.7399999999999984,552353582.1034887,26.850750846856354,10.43694977919006,4.7917833827161,236.89765482709603,14.410489996432108,11.791352662431866,0.0,0.0,5.907179729351506,5.969305287951848,14.48898409899412,0.0,0.0,0.0,47.46734805431147,79.92613555339412,27.33794522301117,30.48192664559746,19.4324647167844,40.76575107245195,0.0,4.567099647791355,0.0,39.275714880293805,12.009707272128011,104.72303834219684,0.0,17.00689131982936,9.636772684650529,5.687386274683562,5.749511833283905,23.20187978046503,28.65990960121295,11.21535880699783,6.923737199690624,58.67342720338543,66.73003775307771,10.045266627482652,11.257379486545457,0.0,71.77000000000001,12.011146117099807,14.69560176298435,0.0,18.369842181425476,26.92168144416055,33.76559673947147,0.0,24.14244140905123,61.52104081584511,18.414574047172604,27.938742734265084,7.828267688784012,12.635379273831122,27.477133613214978,10.530983955779126,6.149052077565685,-0.4627433206911697,19.84757652477131,-0.1178103520077518,6.086994891406452,1.5807212029018,0.2258064516129032,39,1,6,0,1,1,1,3,1,4,1,0,4,1,8,2,7,0,0,0,0,0,7.185639439030377,5,7.736720000000006,154.43829999999969,1,0,0,0,0,1,0,0,1,1,2,1,0,0,0,2,0,0,0,0,0,0,0,0,0,0,0,1,0,1,1,0,0,0,3,0,1,0,0,0,0,1,0,0,2,0,0,0,0,0,0,0,0,0,0,1,0,0,0,0,0,0,0,0,0,0,0,0,0,0,0,0,0,0,0,0,0,0,0,0,0,0,0,0,0,CHEMBL4110714,COc1ccc(CC(=O)O)cc1-c1cc2c(n1C(C)C)[C@@H](c1ccc(Cl)cc1)N(c1cc(Cl)ccc1C)C2=O,41.92,1.6224212739756705,CHEMBL1907611,Tumour suppressor p53/oncoprotein Mdm2,3,Large-Nonpolar-Aromatic-Flexible-Hydrophobic,Large-Nonpolar-Aromatic-Flexible-Hydrophobic
13.53328999398113,13.53328999398113,0.0589928193499627,-0.9484999401930618,0.4823354111131825,21.516129032258064,462.417,433.1850000000002,461.152449148,166,0,0.3036504604474493,-0.4812120697653071,0.4812120697653071,0.3036504604474493,1.064516129032258,1.7419354838709675,2.3225806451612905,35.49678489354225,9.74249217769514,2.436222164376836,-2.457410946716292,2.464560689806583,-2.4863681192759852,6.304409235976805,-0.1501040550961397,2.7422567060442713,2.1149607406015387,911.2380527127068,22.543241116511,17.93058985415435,19.44244774619126,14.832937555743037,10.867202857696208,11.623131803714662,8.361496879329566,9.234368440273537,6.406648923535898,6.893722341663122,4.662866928705159,4.987582540789975,-2.0399999999999987,7159703.188676867,23.619515654107328,10.51626630545926,5.609056177816643,193.7105577354379,10.006437125691182,0.0,0.0,5.907179729351506,0.0,5.969305287951848,9.589074368143644,0.0,0.0,0.0,74.15646569954474,47.73109892632783,28.425835125718017,12.462662452073973,14.69560176298435,35.07836479776839,0.0,4.899909730850477,11.835812092322788,51.49050776639464,6.544756405912575,69.70310615856953,0.0,0.0,0.0,0.0,0.0,23.20187978046503,28.42767854890711,9.589074368143644,11.835812092322788,62.61741074978863,48.53093654769288,10.045266627482652,0.0,0.0,57.61,11.887211334113244,14.69560176298435,0.0,24.28774822758687,28.92875070248263,23.96854622924601,0.0,0.0,53.43084627854336,13.847474399381248,23.20187978046503,0.0,12.437713029826424,26.98758165613625,10.721407348930798,2.020687358276645,-1.2905837459375828,15.098012386832432,2.22116326005711,4.859574261433479,0.0,0.44,31,1,4,0,1,1,1,2,0,2,3,0,2,1,6,1,8,0,1,1,0,0,8.012552149179239,3,6.577700000000006,124.53080000000004,1,0,0,0,0,0,0,0,1,1,2,1,0,0,0,1,0,0,0,0,1,0,0,0,0,0,0,1,0,0,0,0,0,0,2,0,0,0,0,0,0,0,0,0,2,0,0,0,0,0,0,0,0,0,0,0,0,0,0,0,0,0,0,0,0,0,0,0,0,1,0,0,0,0,0,0,0,0,0,0,0,0,0,0,0,CHEMBL3907720,CCC(CC)CN1C(=O)[C@@H](CC(=O)O)C[C@H](c2cccc(Cl)c2)[C@H]1c1ccc(Cl)cc1,60.0,1.7781512503836436,CHEMBL1907611,Tumour suppressor p53/oncoprotein Mdm2,3,Large-Nonpolar-Aromatic-Flexible-Hydrophobic,Large-Nonpolar-Aromatic-Flexible-Hydrophobic
13.859282104856945,13.859282104856945,0.0197009692565295,-1.162487367778113,0.1502431100810846,16.951219512195124,572.8220000000003,528.4700000000004,572.307034418,218,0,0.2561912823296378,-0.4675616095356874,0.4675616095356874,0.2561912823296378,0.951219512195122,1.6097560975609757,2.2195121951219514,28.3313833976947,9.86207502543234,2.512706432635219,-2.4018420805342307,2.4281494263602954,-2.567070318840304,6.756510521230266,0.0219917556298966,3.159125356966912,1.668589065943356,1357.2118552197396,29.838288046437572,25.543943893563657,26.543943893563657,19.36417574849515,14.522584052058315,18.229690833244856,12.9997334748087,18.621053818368345,7.529466952666744,9.233591097898676,5.136826471296178,5.893536474289379,-3.423116883116882,829274197.1542428,30.533513036796016,12.209758786823434,6.7353078428396955,245.61965196673137,19.690424242456903,5.749511833283905,12.455802341469738,0.0,11.814359458703011,0.0,9.589074368143644,0.0,0.0,0.0,89.80055233903703,53.7751947032443,43.47931663774659,0.0,19.06280027574374,19.888231759236128,0.0,10.216698334856808,0.0,70.87875076441493,19.94458067652532,100.61366228002431,0.0,5.749511833283905,10.05365155780638,0.0,5.749511833283905,0.0,44.73272216661193,15.81471345856674,0.0,71.52210224831711,72.79640482153933,25.68512983795973,0.0,0.0,67.87,13.736732335903028,9.589074368143644,0.0,24.022292234199615,30.02805318710339,29.155271874933465,0.0,4.899909730850477,79.72014202122996,45.72903426412146,9.473725907600098,11.557097128961628,0.0,29.370619832812533,3.3026550519131894,2.6675706371168775,0.328514239676932,23.938385611958005,0.743635971261783,16.781786671854945,-1.162487367778113,0.4117647058823529,41,1,6,0,1,1,2,3,0,3,1,0,4,1,7,1,11,0,0,0,0,1,9.092849490088,4,7.172100000000008,167.19969999999955,0,0,0,0,0,0,0,0,0,0,2,2,0,0,0,1,1,0,0,0,0,0,0,0,0,0,0,2,0,0,0,0,0,0,3,0,1,0,0,0,0,2,0,0,0,0,0,0,0,0,0,0,0,0,0,0,0,0,0,0,0,0,0,0,0,0,0,0,0,0,0,0,0,0,0,0,0,0,0,0,0,0,0,0,0,CHEMBL179549,CCCN1C(=O)c2ccccc2C1(NC(=O)c1ccc(C(C)(C)C)cc1)c1ccc(OCOCC[Si](C)(C)C)cc1,27000.0,4.431363764158987,CHEMBL1907611,Tumour suppressor p53/oncoprotein Mdm2,3,Large-Nonpolar-Aromatic-Flexible-Hydrophobic,Large-Nonpolar-Aromatic-Flexible-Hydrophobic
14.20100075682972,14.20100075682972,0.0200150678097037,-0.2502042699441134,0.2696791220366732,14.333333333333334,555.6820000000001,522.4180000000003,555.263425296,210,0,0.2828428827074051,-0.3296454059478303,0.3296454059478303,0.2828428827074051,0.8333333333333334,1.4285714285714286,2.0952380952380953,16.156284921797063,9.927680998006752,2.315684185369596,-2.3705660717506394,2.293497576911401,-2.48445610347147,6.095816480338066,0.0640179308408206,3.427433454039574,1.3622273784583518,1674.7105744434307,29.053466517131895,23.773676690279725,23.773676690279725,20.54604519330777,14.178497295800064,14.178497295800064,10.528962368678696,10.528962368678696,7.757064521053188,7.757064521053188,5.712160782671313,5.712160782671313,-5.009999999999999,5745142923.727915,27.174169208457023,11.845474574962108,5.2213118912445005,245.57329288645985,10.216698334856808,0.0,5.693927994848461,0.0,11.814359458703011,0.0,14.48898409899412,4.681802935145184,5.098681808301038,0.0,72.79640482153933,73.98370326791908,36.20005418518869,11.250837766380558,9.589074368143644,23.189132008070136,0.0,19.99718307830303,0.0,25.93115605767717,18.49233811944024,143.33918476555854,0.0,5.687386274683562,10.216698334856808,11.374772549367124,0.0,0.0,46.12902315073743,12.965578028838586,6.923737199690624,37.66728483293155,115.26097430077064,0.0,5.687386274683562,0.0,70.47,0.0,9.589074368143644,0.0,17.85620028785097,30.03427857305417,23.48952216714159,11.126902983393991,15.64807973445727,109.86682494014248,23.51588980939116,5.098681808301038,1.707940051020408,0.0,31.826373073352137,8.033430857492403,6.1891416531487575,-0.3073086821865121,36.708575611920594,0.7908477108281122,3.1373786047983723,1.91362111962574,0.1714285714285714,42,1,7,0,1,1,2,4,1,5,1,0,5,1,7,2,7,0,0,0,0,0,7.664069772726092,6,5.945720000000006,165.38869999999957,0,0,0,0,0,2,0,0,0,0,2,2,0,0,0,4,1,0,0,1,0,0,0,0,0,0,0,2,0,2,1,0,0,0,4,0,1,0,0,0,0,0,0,0,0,0,0,0,0,0,0,0,0,0,0,0,0,0,0,0,0,0,0,0,3,0,0,0,0,0,0,0,0,0,0,0,0,0,0,0,0,0,0,0,0,CHEMBL500866,CNC[C@@H]1Cc2ccccc2CN1C(=O)c1ccccc1-n1nc(C(=O)N(c2ccccc2)c2ccccc2)cc1C,140.0,2.146128035678238,CHEMBL4860,Apoptosis regulator Bcl-2,3,Large-Nonpolar-Aromatic-Flexible-Hydrophobic,Large-Nonpolar-Aromatic-Flexible-Hydrophobic
14.46473777679796,14.46473777679796,0.1633304988662129,-1.0939823256977683,0.3084599788705887,24.31578947368421,551.5140000000001,519.2580000000003,550.178998244,198,0,0.3039259588612324,-0.4812044883280517,0.4812044883280517,0.3039259588612324,1.0526315789473684,1.763157894736842,2.3947368421052633,35.496785626580056,9.665664672648573,2.5232170841955854,-2.513488941136181,2.538593259765609,-2.533321748236809,6.3044886111009975,-0.1605969858789434,3.7313586662839535,1.7002934369619087,1340.9610690335526,27.02636877963644,21.60985425722319,23.121712149260095,18.196527647468375,13.222583066449872,13.978512012468324,10.891247056772896,11.764118617716866,7.983508254726824,8.470581672854047,6.032654653475195,6.357370265560013,-2.889999999999999,534178440.9817551,26.70660212680231,10.702325666677954,5.319445067582068,233.34641088331583,10.006437125691182,0.0,0.0,5.907179729351506,0.0,5.969305287951848,14.57305288909085,0.0,0.0,0.0,67.38118952215433,73.2083918858677,27.575006714653902,29.61342174546717,14.69560176298435,35.07836479776839,0.0,9.883888251797686,5.414990469396779,69.87107626463,0.0,99.29006335365128,0.0,0.0,0.0,0.0,0.0,23.20187978046503,26.866900663941745,9.589074368143644,5.414990469396779,92.38583523772093,66.73003775307771,10.045266627482652,0.0,0.0,70.5,11.384295757348628,14.69560176298435,0.0,30.32958905673483,28.804815919496065,35.35640221894293,0.0,6.923737199690624,65.56358041546657,12.990104268152232,28.18585830141224,0.0,12.69342404393048,33.435947592565405,11.06524771123504,2.7298862093110396,-0.8548652435521882,20.68464460068314,3.0445947364527637,3.8400092382632063,0.0,0.3870967741935484,38,1,5,1,1,2,1,2,1,3,4,0,3,1,7,2,8,1,1,2,0,0,7.521651405564009,5,7.955300000000007,149.45279999999974,1,0,0,0,0,1,0,0,1,1,2,1,0,0,0,2,0,0,0,0,1,0,0,0,0,0,0,1,0,0,0,0,0,0,2,0,0,0,0,0,0,0,0,0,2,0,0,0,0,0,0,0,0,0,0,0,0,0,0,0,0,0,0,0,0,0,0,0,0,1,0,0,0,1,0,0,0,0,0,0,0,0,0,0,0,CHEMBL4114388,CC[C@H](c1cccc(C2CC2)n1)N1C(=O)[C@@](C)(CC(=O)O)C[C@H](c2cccc(Cl)c2)[C@H]1c1ccc(Cl)cc1,30.0,1.4771212547196624,CHEMBL1907611,Tumour suppressor p53/oncoprotein Mdm2,3,Large-Nonpolar-Aromatic-Flexible-Hydrophobic,Large-Nonpolar-Aromatic-Flexible-Hydrophobic
14.301477824668964,14.301477824668964,0.0277476484420928,-0.5978351538660738,0.2680307087314229,22.77777777777778,523.5040000000002,491.2480000000003,522.184083624,188,0,0.2292489491109546,-0.4898301676393696,0.4898301676393696,0.2292489491109546,1.1388888888888888,1.9166666666666667,2.5555555555555554,35.49678539417132,9.667366219077683,2.505152864979262,-2.5156121671505134,2.518563929332968,-2.563210445401727,6.304440603537983,-0.1552068121938676,2.878628488144759,1.8208589902489036,1185.0679896857116,25.708531534440656,20.73999093091285,22.25184882294976,17.35752235221742,12.334180217970028,13.090109163988483,9.689696958686213,10.56256851963018,7.126721642848734,7.613795060975959,5.308310028611235,5.633025640696051,-2.8199999999999994,115068222.57258712,26.24891376909445,11.490266772696629,5.6052968129032825,223.45548626753128,9.636772684650529,12.356393797796825,0.0,5.907179729351506,0.0,0.0,9.778515705019029,0.0,0.0,6.578935683598497,67.3908425605266,66.78757026294167,22.16001624525712,23.695515699305776,9.53140013787187,29.109059509816536,0.0,9.883888251797686,5.414990469396779,51.11152697261659,6.606881964512918,106.88448322915129,0.0,5.749511833283905,4.736862953800049,0.0,5.749511833283905,23.20187978046503,28.439790774810067,4.794537184071822,5.414990469396779,56.19658912686262,85.71231361827464,10.045266627482652,0.0,0.0,42.43,5.414990469396779,4.794537184071822,0.0,23.90876743380882,35.2433036711315,17.547724606320003,0.0,12.393687143226153,67.59706092267899,29.452928203548417,27.93874273426508,6.1333547755521955,12.691950604659008,20.50769768419302,1.3457148331996578,1.5516781762848832,0.8249333323269114,19.180779937247873,7.264968448292503,8.471144430466174,0.0,0.3333333333333333,36,0,4,0,1,1,1,2,1,3,4,0,3,0,6,2,9,0,1,1,0,0,8.377972825011248,4,7.885600000000008,146.5809999999998,0,0,0,0,0,1,0,0,0,0,1,1,0,0,0,2,0,0,0,0,1,0,0,0,0,0,1,1,0,0,0,0,0,0,2,0,0,0,0,0,0,1,0,0,2,0,0,0,0,0,0,0,0,0,0,0,0,0,0,0,0,0,0,0,0,0,0,0,0,1,0,0,0,1,0,0,0,0,0,0,0,0,0,0,0,CHEMBL3913666,C=CC[C@@]1(C)C[C@H](c2cccc(Cl)c2)[C@@H](c2ccc(Cl)cc2)N([C@@H](CC)COc2cccnc2)C1=O,30.0,1.4771212547196624,CHEMBL1907611,Tumour suppressor p53/oncoprotein Mdm2,3,Large-Nonpolar-Aromatic-Flexible-Hydrophobic,Large-Nonpolar-Aromatic-Flexible-Hydrophobic
14.010172230833014,14.010172230833014,0.0552325437912424,-1.3252480192863247,0.5168964840362318,16.636363636363637,445.5380000000001,417.3140000000002,445.216555356,170,0,0.1343665639116394,-0.4935489066911597,0.4935489066911597,0.1343665639116394,1.0909090909090908,1.878787878787879,2.5454545454545454,19.142147841571795,9.735234162402698,2.423882526456925,-2.4126513665206284,2.4086100503285532,-2.44654473338876,5.348420091500148,-0.0180359638766127,2.8719915545596733,1.3410972266872812,1076.5255358071893,23.09780107043142,18.530368113243895,18.530368113243895,16.090703392046287,11.34606535758816,11.34606535758816,8.445817004025193,8.445817004025193,6.36934076060997,6.36934076060997,4.584714134864962,4.584714134864962,-3.2699999999999987,38606367.36928321,22.907313032244765,10.564111159976488,5.3869257503209,193.63455723930952,14.743300079491233,17.16778348531349,0.0,0.0,0.0,0.0,4.983978520947208,4.39041504767482,5.261891554738487,0.0,18.19910120538483,86.44636571999307,18.659506023687044,23.933482763850648,14.233805396315574,0.0,5.261891554738487,9.883888251797686,5.917906046161393,24.863515679761715,26.241151182250643,95.56493314397916,0.0,11.81873314607618,4.736862953800049,4.39041504767482,5.749511833283905,0.0,41.23156682888904,5.601050810983688,23.06623975473805,36.08329584702048,72.9268813246908,0.0,0.0,0.0,69.38,5.601050810983688,9.496942442515524,0.0,11.735126887207286,23.42771294275537,44.64624591979966,12.13273413692322,30.462311845459517,30.33183534230805,15.953109564589958,9.998754508538536,19.789122253839295,0.0,6.8090770050646166,20.744429829476392,0.4057308288975401,0.3519734953039626,20.95744766901648,4.1406728919524225,3.218212693115967,0.0,0.3333333333333333,33,1,5,0,1,1,0,2,1,3,1,0,5,1,6,2,8,0,1,1,0,1,7.3331939772427805,4,4.509380000000004,124.0688,0,1,0,0,0,1,0,0,0,0,0,0,0,0,0,3,0,0,0,0,1,0,0,0,0,0,0,0,0,0,0,0,0,0,2,0,0,0,0,0,0,1,0,0,1,0,0,0,0,0,0,0,0,0,0,0,0,1,0,0,0,0,0,0,0,0,0,0,0,1,0,0,0,1,0,0,0,0,0,0,0,0,0,0,0,CHEMBL3126193,N#Cc1ccc(OCCCN2CCC(C(O)(c3cccc(F)c3)c3ccccn3)CC2)cc1,225.0,2.3521825181113627,CHEMBL1615381,Menin,3,Large-Nonpolar-Aromatic-Flexible-Hydrophobic,Large-Nonpolar-Aromatic-Flexible-Hydrophobic
13.787200551426965,13.787200551426965,0.0153353739848149,-0.3493720612033211,0.2178452020362365,15.375,556.1060000000002,521.8340000000004,555.2288696280001,206,0,0.2317660933058557,-0.4928583621429129,0.4928583621429129,0.2317660933058557,1.075,1.825,2.475,35.49569238927393,9.864784244935288,2.358058457891446,-2.3813035012820123,2.437082746496106,-2.4072021860783206,6.301130037508851,-0.1183040644190952,2.9713889618553715,1.5432772850201877,1459.2781882543245,28.225039392385703,23.303274781494352,24.05920372751281,19.371743696003257,13.526331313204876,13.904295786214105,10.166936539758757,10.603372320230742,7.388630901172043,7.640607216511528,5.099554309366996,5.22554246703674,-4.0299999999999985,1102077421.4096713,27.533625809174243,12.00826118147338,5.774032833432957,240.67746983541832,19.273545369301058,0.0,11.49902366656781,5.907179729351506,0.0,0.0,9.778515705019029,0.0,0.0,0.0,36.723778295307966,90.19566840555912,42.383521394924365,25.676426381099805,14.26826309167192,28.882892168951145,0.0,4.983978520947208,0.0,45.3796812680421,23.95728898565568,112.46653124529482,0.0,11.49902366656781,19.273545369301058,11.374772549367124,11.49902366656781,11.600939890232516,31.15259416200174,17.760115212910407,0.0,48.5639428182432,85.1900919647655,5.022633313741326,0.0,0.0,54.900000000000006,0.0,4.794537184071822,0.0,24.47380856917378,16.521656980309135,46.59415654499369,0.0,13.30664111289061,79.66546610098587,35.00672665687314,21.074665797832616,11.91653254661846,6.2503274652461815,22.051978373571966,0.6473976777541446,5.922833371972967,1.3277421403303802,23.475707095141832,4.8115421515504195,4.861084317141633,3.6792993051164617,0.2727272727272727,40,0,6,0,1,1,1,3,1,4,2,0,5,0,7,2,9,0,0,0,0,1,8.265774249738017,5,7.236000000000007,160.64599999999956,0,0,0,0,0,1,0,0,0,0,1,1,0,0,0,3,0,0,0,0,0,0,0,0,0,0,0,1,0,2,0,0,0,0,3,0,1,0,0,0,0,2,0,0,1,0,0,0,0,0,0,0,0,0,0,1,0,0,0,0,0,0,0,0,0,0,0,0,0,0,0,0,0,1,0,0,0,0,0,0,0,0,0,0,0,CHEMBL3604664,CC[C@@H](C)Oc1cc2c(cc1OC)CC(=O)N(c1ccc(N(C)Cc3cccnc3)cc1)C2c1ccc(Cl)cc1,15.0,1.1760912590556811,CHEMBL1907611,Tumour suppressor p53/oncoprotein Mdm2,3,Large-Nonpolar-Aromatic-Flexible-Hydrophobic,Large-Nonpolar-Aromatic-Flexible-Hydrophobic
13.29823182616668,13.29823182616668,0.0322699357520783,-1.0075823570168807,0.7203479938788693,23.03448275862069,411.92900000000014,385.7210000000002,411.160121372,152,0,0.2522085854607773,-0.3957072188771577,0.3957072188771577,0.2522085854607773,1.0689655172413792,1.7241379310344829,2.310344827586207,35.495691821735015,9.932832178882524,2.5312885083477794,-2.411326715637576,2.505115583142982,-2.4797817143848206,6.301059645778469,-0.1665808644991674,3.5066650123312844,1.7961083525971864,934.357950116536,20.648053602125593,16.820574573576245,17.5765035195947,13.916286538406766,9.965392549632169,10.343357022641396,8.224596250295695,8.661032030767682,6.315640687883936,6.567617003223421,4.011609652015224,4.137597809684966,-2.1399999999999997,6376968.511544785,20.145750111370365,7.599108901758115,3.499576653108681,176.29893833790922,9.843390348640757,0.0,5.724985593970254,0.0,5.907179729351506,0.0,9.6944469149223,0.0,0.0,0.0,54.06550936946378,49.958407803922746,28.118936210816944,13.213763929025836,14.637927532712578,17.508119619584022,0.0,4.899909730850477,5.414990469396779,38.95885964511609,13.213763929025836,81.89304897342835,0.0,0.0,0.0,0.0,0.0,11.600939890232516,29.127380784068524,21.8011421377547,5.414990469396779,37.81602062862726,65.74351267629302,5.022633313741326,0.0,0.0,49.77,5.724985593970254,9.901064578912528,0.0,17.9290521632612,23.747376214236088,29.54165075931527,0.0,0.0,73.34468774638621,0.0,16.337802844032566,6.616773667800453,6.139312686115836,15.107450458063884,10.43679527952774,2.283686753765293,-0.0322699357520783,17.433750362659094,1.8781221690033016,4.747489669927591,0.0,0.375,29,1,4,1,1,2,1,2,0,2,1,0,3,1,5,1,7,1,0,1,0,1,5.278956862203762,4,4.660700000000004,113.20080000000004,0,1,1,0,0,0,0,0,0,0,1,1,0,0,0,1,0,0,0,0,0,0,0,0,0,0,0,1,0,0,0,0,0,0,2,0,0,0,0,0,0,1,0,0,1,0,0,0,0,0,0,0,0,0,0,0,0,0,0,0,0,0,0,0,0,0,0,0,0,0,0,0,0,0,0,0,0,0,0,0,0,0,0,0,0,CHEMBL1834383,CC1=C(C)C(OCC2(CO)CC2)(c2ccc(Cl)cc2)N(Cc2ccccc2)C1=O,3450.0,3.537819095073274,CHEMBL1907611,Tumour suppressor p53/oncoprotein Mdm2,3,Large-Nonpolar-Aromatic-Flexible-Hydrophobic,Large-Nonpolar-Aromatic-Flexible-Hydrophobic
14.464556545869376,14.464556545869376,0.0362886088055938,-0.481213676828756,0.2037825884442387,14.731707317073171,593.5550000000001,559.2830000000002,592.2007963080001,214,0,0.2796465548097701,-0.4944945720452915,0.4944945720452915,0.2796465548097701,0.975609756097561,1.6829268292682926,2.3658536585365852,35.49678595835129,9.915328059185,2.460610546062156,-2.301037813723507,2.4893027057095605,-2.3106227962138584,6.3099234363372165,0.0986845484888098,3.4435713590623,1.7573401091803156,1598.056654979997,29.42155629402185,24.11194499205848,25.62380288409539,19.616299958328163,13.548292124055996,14.304221070074451,10.728260667092885,11.601132228036851,7.275524170068551,7.745718375644029,5.403104887418966,5.7961059389721274,-3.519999999999999,1480482940.0333192,28.98890066572498,11.763593541226408,5.416732552397812,250.73326365271103,14.373635638450576,23.793291905764292,5.693927994848461,0.0,5.907179729351506,0.0,9.6944469149223,4.681802935145184,5.098681808301038,0.0,55.24845538523112,80.52845967383166,22.153474525092225,24.53295263995752,14.26826309167192,34.7964457845001,0.0,14.680394474296698,0.0,32.730958474381225,39.25668960790788,98.78714777688668,0.0,17.186409941251373,14.373635638450576,5.687386274683562,11.49902366656781,23.20187978046503,54.9443540807056,0.0,6.923737199690624,58.67996892355033,60.6636706846161,10.045266627482652,5.687386274683562,0.0,59.83,6.041840829147961,4.794537184071822,0.0,11.8250857755129,39.53248652809541,34.616425150535584,0.0,24.14244140905123,79.13173037873354,13.847474399381248,37.77428749636617,13.745560364433077,12.907590619584564,18.27506256939184,6.084594357552592,5.43922593228142,1.0596382282096226,18.36574131873669,0.0,7.401140542688347,5.610334956010739,0.3125,41,0,7,0,1,1,1,3,1,4,1,0,6,0,9,2,9,0,0,0,0,1,8.317405966794544,5,7.309720000000008,164.54749999999953,0,0,0,0,0,2,0,0,0,0,1,1,0,0,0,4,0,0,0,1,0,0,0,0,0,0,0,1,0,1,1,0,0,0,3,0,1,0,0,0,0,2,0,0,2,0,0,0,0,0,0,0,0,0,0,1,0,0,0,0,0,0,0,0,2,0,0,0,0,0,0,0,0,0,0,0,0,0,0,0,0,0,0,0,0,CHEMBL3687315,COc1ccccc1-n1nc2c(c1C(C)C)C(c1ccc(Cl)cc1C)N(c1cc(Cl)ccc1OCCN(C)C)C2=O,1.7,0.2304489213782739,CHEMBL5023,p53-binding protein Mdm-2,3,Large-Nonpolar-Aromatic-Flexible-Hydrophobic,Large-Nonpolar-Aromatic-Flexible-Hydrophobic
13.840264344111135,13.840264344111135,0.0140618773551051,-0.3246331888463718,0.2606578939928887,20.547619047619047,590.2080000000002,545.8560000000003,589.307119948,224,0,0.2317660933058384,-0.4928583645563636,0.4928583645563636,0.2317660933058384,0.9285714285714286,1.5952380952380951,2.1904761904761907,35.49569249746816,9.84966229178049,2.3593355290771765,-2.382795905750309,2.437622312537365,-2.4075208930211,6.3011305434768206,-0.1183046764786313,2.9676213711044883,1.4408356216454188,1365.4783857965442,29.965526368391863,25.76989458667473,26.525823532693188,20.13826934618278,15.068225937866588,15.446190410875817,12.298173392598418,12.734609173070403,8.784330632360383,9.036306947699869,6.533139017328052,6.659127174997795,-3.2199999999999993,2178252699.311934,30.244760614610428,12.96709762931706,6.550969431392889,255.70932496585823,24.173455100151532,0.0,11.49902366656781,5.907179729351506,0.0,0.0,4.794537184071822,0.0,0.0,0.0,23.733674027155736,124.76530192538496,36.03167508084618,25.676426381099805,14.26826309167192,28.882892168951145,0.0,4.899909730850477,5.917906046161393,64.13923056005552,44.59738935692263,82.37665847344843,0.0,11.49902366656781,19.273545369301058,11.374772549367124,11.49902366656781,11.600939890232516,57.750466572319915,11.21535880699783,5.917906046161393,62.26295619532425,60.6636706846161,5.022633313741326,0.0,0.0,45.25000000000001,0.0,4.794537184071822,0.0,24.473808569173777,28.481403855618492,28.922497155687125,31.3706727663876,7.109797541277533,55.145586541001386,55.20830368357896,21.074665797832616,11.784947219642287,6.268839572559974,20.48376262647698,0.6609367284174443,5.005929844589312,2.067237010764802,20.592404982224338,5.343896680181713,5.04254782004122,8.193941959546379,0.4571428571428571,42,0,6,1,1,2,1,3,0,3,1,0,5,0,7,1,9,1,0,1,0,0,9.337780087261354,5,7.37110000000001,172.3879999999995,0,0,0,0,0,0,0,0,0,0,1,1,0,0,0,3,0,0,0,0,0,0,0,0,0,0,0,1,0,2,0,0,0,0,3,0,1,0,0,0,0,2,0,0,1,0,0,0,0,0,0,0,0,0,0,1,0,0,0,0,0,0,0,0,0,0,0,0,0,0,0,0,0,0,0,0,0,0,0,0,0,0,0,0,0,CHEMBL3601323,COc1cc2c(cc1OC(C)C)[C@H](c1ccc(Cl)cc1)N(c1ccc(N(C)C[C@H]3CC[C@H](N(C)C)CC3)cc1)C(=O)C2,1.1,0.041392685158225,CHEMBL1907611,Tumour suppressor p53/oncoprotein Mdm2,3,Large-Nonpolar-Aromatic-Flexible-Hydrophobic,Large-Nonpolar-Aromatic-Flexible-Hydrophobic
14.40692425324039,14.40692425324039,0.1475174792139073,-1.0796990128355874,0.3594444003781074,24.97222222222222,523.4600000000003,495.23600000000033,522.147698116,186,0,0.303925958867445,-0.4812044883280438,0.4812044883280438,0.303925958867445,1.0555555555555556,1.8055555555555556,2.4166666666666665,35.496785422456064,9.664791922411943,2.546252418210384,-2.515775555738037,2.5673937631817547,-2.5378555519143418,6.304479393877767,-0.1611233207433367,3.680491614001035,1.7287723669546966,1263.025613374839,25.449018510446813,19.980097745226256,21.491955637263167,17.264675994890244,12.231136484273678,12.987065430292134,10.24247964188384,11.115351202827808,7.490840042533191,7.977913460660416,5.761317551311289,6.086033163396105,-2.8899999999999992,216540104.6934407,24.788935827059333,9.870969054058811,4.868980982393437,220.61652665452257,10.006437125691182,0.0,0.0,5.907179729351506,0.0,5.969305287951848,14.57305288909085,0.0,0.0,0.0,60.4574523224637,72.70547630910308,22.16001624525712,29.61342174546717,14.69560176298435,35.07836479776839,0.0,9.883888251797686,11.332896515558172,50.60861139585198,0.0,99.79297893041591,0.0,0.0,0.0,0.0,0.0,23.20187978046503,26.866900663941745,9.589074368143644,11.332896515558172,67.42944237409442,72.92688132469078,10.045266627482652,0.0,0.0,70.5,11.384295757348628,14.69560176298435,0.0,36.247495102896224,16.466088250408664,29.66247422409447,0.0,13.1205807713037,71.62994748392819,4.983978520947208,23.20187978046503,0.0,12.653870157286462,32.991414783153,11.03004274703071,1.6846952685395151,-1.0325893238889277,20.468519781065257,3.890096231980703,1.7861725770555137,0.0,0.3448275862068966,36,1,5,1,1,2,1,2,1,3,4,0,3,1,7,2,7,1,1,2,0,0,6.796967178665347,5,7.077900000000006,139.91079999999988,1,0,0,0,0,1,0,0,1,1,2,1,0,0,0,2,0,0,0,0,1,0,0,0,0,0,0,1,0,0,0,0,0,0,2,0,0,0,0,0,0,0,0,0,2,0,0,0,0,0,0,0,0,0,0,0,0,0,0,0,0,0,0,0,0,0,0,0,0,1,0,0,0,1,0,0,0,0,0,0,0,0,0,0,0,CHEMBL3329611,C[C@]1(CC(=O)O)C[C@H](c2cccc(Cl)c2)[C@@H](c2ccc(Cl)cc2)N([C@H](c2ccccn2)C2CC2)C1=O,2.0,0.3010299956639812,CHEMBL1907611,Tumour suppressor p53/oncoprotein Mdm2,3,Large-Nonpolar-Aromatic-Flexible-Hydrophobic,Large-Nonpolar-Aromatic-Flexible-Hydrophobic
14.788057676200262,14.788057676200262,0.0292819314365992,-0.6332492419410014,0.3270163167735094,28.733333333333334,668.7350000000001,625.3910000000003,667.251451976,240,0,0.2629754101245063,-0.3380667733257605,0.3380667733257605,0.2629754101245063,1.022222222222222,1.6666666666666667,2.2666666666666666,35.49678703465741,9.808218588781804,2.5431928655764167,-2.4021460973770985,2.562820010414199,-2.5690028080299747,8.17778186734749,-0.1446580309058197,3.685438316194097,1.395511381374811,1527.4366544406837,32.20601334439802,26.96493598149426,29.293290454458894,21.438615156169323,16.08437999205791,17.656805519004088,13.325534804691207,15.175927173001089,10.130343057962934,11.69273611024905,7.474765529065852,9.078039461886116,-2.5199999999999987,12703285264.216902,32.422058341950745,12.58871669833985,5.702390451133211,281.1565821562715,19.59963892340191,16.48590259542135,5.1676517695780495,5.907179729351506,5.907179729351506,0.0,9.589074368143644,4.992404732635668,0.0,0.0,68.23855965338335,93.22977350362942,47.46025681657213,6.041840829147961,9.589074368143644,51.94577595813721,0.0,19.59963892340191,10.91031077879706,83.58743943620632,26.681941200414915,80.3052819855154,0.0,0.0,0.0,0.0,0.0,34.963764729856145,81.38911383954176,15.127999620526989,5.917906046161393,71.04989467977309,64.12551710727443,10.045266627482652,0.0,0.0,59.46000000000001,11.580766081531303,9.589074368143644,0.0,29.815947163160327,40.50257840527182,41.37799371779247,11.761884949391115,0.0,46.19802187247061,63.598911579754486,28.194284513100698,0.0,14.081321797653713,43.33022495361564,2.1506689283118554,2.4347553928158865,0.0802754692122036,15.508979255532433,2.35255401825977,12.929893077730997,2.103549329089728,0.5142857142857142,45,0,7,0,4,4,2,2,0,2,5,0,6,0,10,4,6,0,2,2,0,0,9.070046827641429,6,7.16800000000001,184.34499999999943,0,0,0,0,0,0,0,0,0,0,2,2,0,0,1,5,0,0,0,1,1,0,0,0,0,0,1,2,1,0,0,0,0,0,2,0,1,0,0,0,0,0,0,0,2,0,0,0,0,0,0,0,0,0,0,0,0,0,0,0,0,0,0,0,0,0,0,0,0,0,1,0,0,0,0,1,0,0,0,0,0,0,0,0,0,CHEMBL2398241,CC[C@@H]1CC[C@@H](C(=O)N2CCN(C)[C@@H](C)C2)N1C(=O)C1=C(C(C)C)N2C(=N[C@@](C)(c3ccc(Cl)cc3)[C@H]2c2ccc(Cl)cc2)S1,30.0,1.4771212547196624,CHEMBL1907611,Tumour suppressor p53/oncoprotein Mdm2,3,Large-Nonpolar-Aromatic-Flexible-Hydrophobic,Large-Nonpolar-Aromatic-Flexible-Hydrophobic
12.752700075681227,12.752700075681227,0.025843784075205,-4.065022221437035,0.31297433965119,11.117647058823527,512.4140000000002,493.2620000000003,511.041184448,172,0,0.2645193784430035,-0.4889174061666781,0.4889174061666781,0.2645193784430035,0.7647058823529411,1.4411764705882353,2.1176470588235294,35.496837432907064,10.029178143145907,2.1897152806588105,-2.1001748391153012,2.275921976918302,-2.301272180985001,7.896986111527518,0.0981152775031144,2.827466144944333,1.4592464240410694,1402.892913658884,24.131181265251033,17.741881486558334,20.07023595952297,16.29766351823703,10.205491732642049,12.444583926254897,7.4192294304231,9.97450323277658,4.930071013157835,6.713398905692926,3.2486022600491955,4.748807167920751,-3.319999999999998,42210178.95060345,23.82533319040178,10.301988280245148,5.967881270018674,207.52480782581935,4.736862953800049,12.356393797796825,0.0,0.0,15.930470882759089,0.0,4.794537184071822,13.139891848781026,0.0,0.0,65.66644925969631,71.28765809124549,15.608718119179647,4.895483475517775,17.949197122200808,39.13235066322412,0.0,4.722094864452088,0.0,11.502365440030694,0.0,118.23404270626244,0.0,16.876414816677897,9.458957818252138,0.0,5.749511833283905,23.20187978046503,14.324976713680442,16.630173117920503,0.0,15.921440167465814,101.95735657090356,10.045266627482652,11.126902983393991,0.0,72.47,15.930470882759089,13.212334168400758,0.0,17.06581693172769,26.92168144416055,5.563451491696996,18.19910120538483,48.53093654769288,30.33183534230805,4.722094864452088,27.938742734265084,33.28950793761634,12.136847696000071,12.689098822595833,0.9121253957929628,2.3681501816188337,-0.0275929698553342,27.047072378596106,0.0,0.288701667961124,-4.065022221437035,0.0384615384615384,34,1,5,0,0,0,1,4,0,4,0,0,4,1,8,0,7,0,0,0,0,0,7.219067744131025,4,6.358100000000004,133.7659999999999,0,0,0,0,0,0,0,0,0,0,1,1,0,0,0,0,1,0,0,0,0,0,0,0,0,0,0,1,0,0,0,0,0,0,4,0,0,0,0,0,0,1,0,0,2,0,0,0,0,0,0,0,0,0,0,0,0,0,0,0,0,0,0,0,1,0,0,0,0,0,0,0,0,0,0,0,1,0,0,0,0,0,0,0,0,CHEMBL1824812,O=C(NS(=O)(=O)c1ccc(COc2ccccc2)cc1)c1cccc(-c2cc(Cl)cc(Cl)c2)c1,310.0,2.4913616938342726,CHEMBL4625,Apoptosis regulator Bcl-X,0,Large-Nonpolar-Aromatic-Flexible-Hydrophobic,Large-Nonpolar-Aromatic-Flexible-Hydrophobic
13.788227836108092,13.788227836108092,0.0166553923502879,-0.3480520428378482,0.2178452020362365,15.375,556.1060000000002,521.8340000000004,555.2288696280001,206,0,0.2317660933058557,-0.4928583621429129,0.4928583621429129,0.2317660933058557,1.025,1.725,2.375,35.49569238927347,9.8647834497502,2.3580499138680113,-2.381314592160955,2.4370935254303103,-2.407201288530472,6.301130118309731,-0.1183040684152682,2.9713889618553715,1.5432772850201877,1459.2781882543245,28.225039392385703,23.303274781494352,24.05920372751281,19.371743696003257,13.526331313204876,13.904295786214105,10.161124870321952,10.597560650793936,7.415194938452274,7.667171253791759,5.09609735391558,5.222085511585323,-4.0299999999999985,1102077421.4096713,27.533625809174243,12.00826118147338,5.774032833432957,240.67746983541832,19.273545369301058,0.0,11.49902366656781,5.907179729351506,0.0,0.0,9.778515705019029,0.0,0.0,0.0,30.657411226846357,96.26203547402072,42.383521394924365,25.676426381099805,14.26826309167192,28.882892168951145,0.0,4.983978520947208,0.0,45.3796812680421,23.95728898565568,112.46653124529482,0.0,11.49902366656781,19.273545369301058,11.374772549367124,11.49902366656781,11.600939890232516,31.15259416200174,17.760115212910407,0.0,48.5639428182432,85.19009196476549,5.022633313741326,0.0,0.0,54.900000000000006,0.0,4.794537184071822,0.0,24.47380856917378,16.521656980309135,41.03070505329669,5.563451491696996,19.50348468450369,72.48731761515721,35.98803157108872,21.074665797832616,11.917516783450449,6.250773507633724,21.953275148985544,0.6479358721985891,5.9840294649181445,1.3302579495121796,23.520108091687568,4.769230476918347,4.884274441651596,3.687042707488303,0.2727272727272727,40,0,6,0,1,1,1,3,1,4,2,0,5,0,7,2,9,0,0,0,0,0,8.265774249738017,5,7.236000000000007,160.64599999999956,0,0,0,0,0,1,0,0,0,0,1,1,0,0,0,3,0,0,0,0,0,0,0,0,0,0,0,1,0,2,0,0,0,0,3,0,1,0,0,0,0,2,0,0,1,0,0,0,0,0,0,0,0,0,0,1,0,0,0,0,0,0,0,0,0,0,0,0,0,0,0,0,0,1,0,0,0,0,0,0,0,0,0,0,0,CHEMBL3601318,CC[C@@H](C)Oc1cc2c(cc1OC)CC(=O)N(c1ccc(N(C)Cc3ccncc3)cc1)[C@@H]2c1ccc(Cl)cc1,1171.0,3.068556895072363,CHEMBL1907611,Tumour suppressor p53/oncoprotein Mdm2,3,Large-Nonpolar-Aromatic-Flexible-Hydrophobic,Large-Nonpolar-Aromatic-Flexible-Hydrophobic
13.790542650922909,13.790542650922909,0.0084909586682995,-0.3846490737530608,0.2038283497457684,15.317073170731708,573.1080000000002,538.8360000000002,572.224198848,212,0,0.2317660933058557,-0.4928583621429129,0.4928583621429129,0.2317660933058557,1.024390243902439,1.7560975609756098,2.4146341463414633,35.49569245707509,9.864781851078364,2.358171849575065,-2.3813221303429546,2.4372894525078204,-2.407202124589077,6.301133581095453,-0.1183046062031847,2.966432324780676,1.532675578385535,1524.493111348253,29.095282880388783,23.734025659003624,24.48995460502208,19.76559054612061,13.776266039404794,14.15423051241402,10.435583488751934,10.87201926922392,7.554867396996133,7.806843712335618,5.243219142110062,5.369207299779806,-4.0299999999999985,1534268605.0885649,28.496951175273715,12.231046147552684,6.177626700848325,245.62335725739803,19.273545369301058,5.817220841045894,11.49902366656781,5.907179729351506,0.0,0.0,4.794537184071822,4.39041504767482,0.0,0.0,42.790145363769575,96.26203547402072,29.989834251698216,25.676426381099805,18.65867813934674,28.882892168951145,0.0,0.0,0.0,45.3796812680421,23.95728898565568,118.0227990800378,0.0,11.49902366656781,19.273545369301058,15.765187597041944,11.49902366656781,11.600939890232516,26.168615641054533,17.760115212910407,5.817220841045894,48.5639428182432,84.92913895846256,5.022633313741326,0.0,0.0,42.010000000000005,0.0,9.184952231746642,0.0,30.291029410219675,23.06641338622171,40.049400139081115,6.06636706846161,19.242531678200752,90.5012663971465,6.923737199690624,21.074665797832616,25.583730229908276,6.242079435642182,17.688137935323123,0.6285840203467372,5.455205544525237,1.0034267323993544,25.674090733666883,1.0978665552773543,4.658007469828879,3.5799824541930856,0.2647058823529412,41,0,5,0,1,1,1,4,0,4,2,0,4,0,7,1,9,0,0,0,0,1,8.501159143642159,5,7.980100000000008,162.80899999999954,0,0,0,0,0,0,0,0,0,0,1,1,0,0,0,2,0,0,0,0,0,0,0,0,0,0,0,1,0,2,0,0,0,0,4,0,1,0,0,0,0,2,0,0,2,0,0,0,0,0,0,0,0,0,0,1,0,0,0,0,0,0,0,0,0,0,0,0,0,0,0,0,0,0,0,0,0,0,0,0,0,0,0,0,0,CHEMBL3604662,CC[C@@H](C)Oc1cc2c(cc1OC)CC(=O)N(c1ccc(N(C)Cc3cccc(F)c3)cc1)C2c1ccc(Cl)cc1,170.0,2.230448921378274,CHEMBL1907611,Tumour suppressor p53/oncoprotein Mdm2,3,Large-Nonpolar-Aromatic-Flexible-Hydrophobic,Large-Nonpolar-Aromatic-Flexible-Hydrophobic
12.63178682590524,12.63178682590524,0.0094600188305096,-3.994165285655632,0.4337852994938442,11.0,443.5240000000001,422.3560000000003,443.119129152,160,0,0.2644978449888603,-0.4889174061666781,0.4889174061666781,0.2644978449888603,0.6875,1.25,1.875,32.23327230964422,10.040328503338849,2.184682991826168,-2.093992264321226,2.1966658890807182,-2.30076025893092,7.896978232755654,0.098114499071889,2.8391199091562043,1.4010850092204192,1285.8101884408609,22.390694289244873,17.140653078919133,17.95714965984686,15.509969818002329,10.006160054586902,11.489323302181296,7.123676893554573,8.806079134964092,4.863633723342341,6.210525835405448,3.1327611436750575,4.106923571320664,-3.899999999999998,21969427.838480536,21.33654635497979,9.492336526447314,5.2247104578340835,186.918275372056,4.736862953800049,12.356393797796825,0.0,0.0,15.930470882759089,0.0,4.794537184071822,13.139891848781026,0.0,0.0,72.79640482153933,53.08855688586065,5.563451491696996,4.895483475517775,17.949197122200808,15.930470882759089,0.0,4.722094864452088,0.0,11.502365440030694,0.0,120.32151021570304,0.0,16.876414816677897,9.458957818252138,0.0,5.749511833283905,0.0,14.324976713680442,16.630173117920503,0.0,15.921440167465814,114.0900907078268,0.0,11.126902983393991,0.0,72.47,15.930470882759089,13.212334168400758,0.0,10.45893496721477,6.606881964512918,22.439866308374892,12.13273413692322,36.39820241076966,60.6636706846161,4.722094864452088,4.736862953800049,33.05331264299855,0.0,12.506923446587184,0.0,3.0402765112553993,0.0517068871129953,32.11529592654194,0.0,0.3099832044929052,-3.994165285655632,0.0384615384615384,32,1,5,0,0,0,1,4,0,4,0,0,4,1,6,0,7,0,0,0,0,0,6.329177447300343,4,5.051300000000004,123.746,0,0,0,0,0,0,0,0,0,0,1,1,0,0,0,0,1,0,0,0,0,0,0,0,0,0,0,1,0,0,0,0,0,0,4,0,0,0,0,0,0,1,0,0,0,0,0,0,0,0,0,0,0,0,0,0,0,0,0,0,0,0,0,0,1,0,0,0,0,0,0,0,0,0,0,0,1,0,0,0,0,0,0,0,0,CHEMBL1824800,O=C(NS(=O)(=O)c1ccc(COc2ccccc2)cc1)c1ccc(-c2ccccc2)cc1,16770.0,4.224533062606086,CHEMBL4625,Apoptosis regulator Bcl-X,0,Large-Nonpolar-Aromatic-Flexible-Hydrophobic,Large-Nonpolar-Aromatic-Flexible-Hydrophobic
13.840273176142883,13.840273176142883,0.1349698006774724,-1.1620902401598494,0.5401694774342385,24.28125,476.4000000000001,449.1840000000002,475.131713704,170,0,0.3039259588895386,-0.4812044883280158,0.4812044883280158,0.3039259588895386,1.125,1.78125,2.3125,35.49678501429738,9.665712100855982,2.523908378130175,-2.509262609905773,2.5178331651939834,-2.571620160476088,6.304503026942752,-0.162001283595711,2.7138513582652153,2.259562447176146,1022.85690430535,23.629027554137902,18.34727431305549,19.8591322050924,15.06840510973112,10.630304964803008,11.386233910821463,8.740305837783254,9.613177398727222,6.3235639734238065,6.8106373915510305,4.90338716160178,5.228102773686597,-2.3699999999999988,8341771.17260302,24.27593487235682,9.63433969261183,4.8394874874434315,197.87207983548168,10.006437125691182,0.0,5.783244946364939,5.907179729351506,0.0,5.969305287951848,14.383611552215466,0.0,0.0,0.0,61.31482245369272,55.157751702783074,15.963172673644046,23.91949375061871,19.490138947056177,40.861609744133325,0.0,4.899909730850477,5.414990469396779,58.03526417230722,0.0,69.70310615856953,0.0,0.0,0.0,0.0,0.0,23.20187978046503,33.708007918507434,14.383611552215466,5.414990469396779,63.12032632655324,48.53093654769288,10.045266627482652,0.0,0.0,74.68,23.467977415644548,19.490138947056177,0.0,24.029152344803848,22.886909873334673,11.126902983393991,6.923737199690624,30.02274813592593,37.255572541998674,0.0,23.20187978046503,0.0,12.408422924010946,39.79487697086708,10.70167792243798,0.569177711465246,-1.7627808603800663,13.49606064625966,0.4248650653677119,5.006588508860334,0.0,0.4,32,1,5,0,1,1,1,2,0,2,4,0,3,1,7,1,7,0,1,1,0,0,7.308831341125219,3,5.899200000000006,124.96880000000004,1,0,0,0,0,0,0,0,1,1,3,2,0,0,0,1,0,0,0,0,1,0,0,0,0,0,0,1,0,0,0,0,0,0,2,0,0,0,0,0,0,0,0,0,2,0,0,0,0,0,0,1,1,0,0,0,0,0,0,0,0,0,0,0,0,0,0,0,0,1,0,0,0,0,0,0,0,0,0,0,0,0,0,0,0,CHEMBL4110761,CC[C@@H](C(C)=O)N1C(=O)[C@@](C)(CC(=O)O)C[C@H](c2cccc(Cl)c2)[C@H]1c1ccc(Cl)cc1,6.0,0.7781512503836436,CHEMBL1907611,Tumour suppressor p53/oncoprotein Mdm2,3,Large-Nonpolar-Aromatic-Flexible-Hydrophobic,Large-Nonpolar-Aromatic-Flexible-Hydrophobic
13.858781179138322,13.858781179138322,0.0,-4.4145974624755615,0.5704184059496147,21.37142857142857,513.0040000000004,480.7480000000003,512.2165886040001,192,0,0.4159140545948012,-0.4760707307308016,0.4760707307308016,0.4159140545948012,1.0571428571428572,1.7714285714285714,2.371428571428571,35.45300169240665,9.897422368779042,2.4705955265837307,-2.4524983019865148,2.336872066034737,-2.6334756226666323,5.862870980468022,-0.1536616552776042,2.843457451137474,3.422493557850143e-06,951.4343271195228,24.183587508058324,19.837362637801583,20.65385921872931,16.30461022450637,11.846188692338425,11.846188692338425,8.965375658993747,8.965375658993747,6.498590919402074,6.498590919402074,4.8213028511553615,4.8213028511553615,-2.5199999999999996,43327922.21064456,27.073908301527236,11.476935912859377,6.3807589833302805,210.00994040249049,14.536682415501003,11.567374611118932,5.601050810983688,0.0,5.907179729351506,6.176298517443475,9.6944469149223,4.983978520947208,13.17124514302446,12.407033161179976,12.990104268152232,68.75018009137284,38.92062560117595,5.563451491696996,22.702645280896327,24.13207566836651,0.0,14.783797982648162,0.0,37.96355139689582,50.713204572238496,54.22486454254134,0.0,5.749511833283905,9.636772684650529,18.98910792085949,5.749511833283905,12.407033161179976,72.10532336437137,10.970835701515297,0.0,31.749653560165648,48.661413050844345,0.0,0.0,0.0,48.91,17.34080082012416,17.96578232709628,0.0,24.063724723815387,39.14460365248888,43.88175297243542,12.13273413692322,6.196843571613076,23.099010936235302,21.707535182338788,4.736862953800049,45.28227774164251,0.0,24.456592523834985,0.0,-1.8449225611017117,1.0812924071975965,10.409839469649649,-0.3816627588947154,6.663249844338358,0.0,0.52,35,0,6,0,2,2,1,1,1,2,1,0,5,0,10,3,6,0,2,2,0,1,8.877871728207415,4,4.494400000000005,131.04600000000002,0,0,0,0,0,1,0,0,0,0,1,1,0,0,0,4,0,0,0,0,1,0,0,0,0,3,0,1,0,1,0,0,0,0,1,0,0,0,0,0,0,1,0,0,4,0,0,0,0,0,0,0,0,0,0,0,0,0,0,0,0,0,0,0,0,0,0,0,0,1,1,0,0,1,0,0,0,0,0,0,0,0,0,0,0,CHEMBL3112817,CCCN1CCCC(Oc2ccc(C(F)(F)F)cc2)(C(=O)N2CCN(c3ccccn3)CC2)C1.Cl,6500.0,3.812913356642856,CHEMBL1907611,Tumour suppressor p53/oncoprotein Mdm2,4,Large-Nonpolar-Aromatic-Flexible-Hydrophobic,Large-Nonpolar-Aromatic-Flexible-Hydrophobic
11.018568853563911,11.018568853563911,0.0766960779753891,-0.8170531583135989,0.3256152545386715,10.848484848484848,460.9610000000002,435.7610000000002,460.1553703400001,168,0,0.3031777658795125,-0.4960522648565287,0.4960522648565287,0.3031777658795125,0.9696969696969696,1.7272727272727273,2.4242424242424243,35.49569202120857,10.023912404689652,2.158579968743578,-2.0911536428655917,2.3361481525162873,-2.0515379101038715,6.301711011529803,-0.1364734831644217,3.261954448088165,1.7296956287006715,1234.2234986340188,23.208531534440656,18.370082464648156,19.12601141066661,16.029208440902156,10.800622096950026,11.178586569959254,7.808826461791861,8.245262242263847,5.542439417839418,5.794415733178904,3.813628508886908,3.9396166665566503,-3.5699999999999985,40012385.850757495,22.617785661167883,10.364372212326376,5.622891785439719,197.77213918965785,9.843390348640757,5.749511833283905,0.0,0.0,0.0,5.969305287951848,9.476340119217006,0.0,5.098681808301038,0.0,60.13187643792539,59.86383306325105,23.551662834276907,18.497653530974457,14.637927532712576,17.570245178184365,0.0,9.78048474344622,0.0,25.807221274690605,7.109797541277533,95.01230818713628,0.0,28.264270806374817,4.736862953800049,0.0,5.749511833283905,11.600939890232516,27.96611496751631,24.180936835836416,0.0,17.54772460632,78.86277189000094,5.022633313741326,22.514758973090913,0.0,64.35,5.969305287951848,4.794537184071822,0.0,6.4208216229260096,23.737723175863817,34.499032087713914,5.563451491696996,7.109797541277533,71.41184068822291,12.13273413692322,26.543012047174308,7.606039284655807,6.1094102043250915,11.018568853563911,14.659581526979997,5.795216163221712,-0.1184971431874177,25.830491730369165,1.37175636767435,0.7113030759824591,1.6272410475260402,0.1851851851851851,33,1,5,0,0,0,0,3,1,4,0,0,4,1,6,1,9,0,0,0,0,0,7.103610582150374,4,6.139000000000006,130.76379999999995,1,0,0,0,0,2,0,0,1,1,1,0,0,0,0,2,0,0,0,0,0,0,0,0,0,0,0,0,0,0,3,0,0,0,3,0,0,0,0,0,0,1,0,0,1,0,0,0,0,0,0,0,0,0,0,1,0,0,0,0,0,0,0,0,0,0,0,0,0,0,0,0,0,0,0,0,0,0,0,0,0,0,0,0,0,CHEMBL3134197,COc1ccc(CCC(=O)O)cc1-c1cc(-c2ccc(Cl)cc2)n(CCc2ccccc2)n1,38870.0,4.589614540631266,CHEMBL1907611,Tumour suppressor p53/oncoprotein Mdm2,0,Large-Nonpolar-Aromatic-Flexible-Hydrophobic,Large-Nonpolar-Aromatic-Flexible-Hydrophobic
14.191580687830688,14.191580687830688,0.0,-4.800232761616532,0.3684881462257965,22.318181818181817,649.0759999999997,613.796,648.23018798,242,0,0.4167980742778372,-0.4755442280454111,0.4755442280454111,0.4167980742778372,0.8181818181818182,1.4772727272727273,2.090909090909091,35.45300218736358,9.89000416150454,2.4931626354730665,-2.4630138125794474,2.362085735795631,-2.6430835384298996,5.964118875279389,-0.154591500405652,3.001651521461788,4.417987894088049e-06,1294.9225040239858,30.82985187800029,24.00082469085276,24.81732127178048,20.371777137568124,14.575221030481025,14.575221030481025,11.487771616582105,11.487771616582105,8.676205291219665,8.676205291219665,6.441240220071008,6.441240220071008,-3.059999999999999,2991437645.7438307,33.825471125955055,13.51538865078038,7.415685935883373,257.48694812976674,14.536682415501003,5.749511833283905,0.0,5.601050810983688,11.814359458703011,12.35259703488695,19.472962619941327,0.0,26.34249028604892,12.407033161179976,19.26246486877803,56.01512183401209,51.15931000193698,23.235110881003564,40.66842760799261,24.221392619882987,0.0,19.68370771349864,0.0,68.94124003550068,39.26853843547545,59.415876960625184,0.0,5.749511833283905,4.736862953800049,26.34249028604892,5.749511833283905,12.407033161179976,82.40949724780874,17.147134218958772,0.0,66.43064301964489,42.7255224855342,0.0,0.0,0.0,65.98,46.458361779664635,35.93156465419256,0.0,44.08770105214105,32.22086645279826,60.46707546223671,19.26246486877803,4.899909730850477,0.0,9.883888251797686,4.736862953800049,86.80269033835854,0.0,36.5246353584264,0.0,-4.371760720894071,-1.3891577322617463,5.0971211117019735,-1.410688794607571,1.8304937726097996,0.0,0.5666666666666667,44,0,7,1,2,3,2,1,1,2,1,0,5,0,14,3,5,1,2,3,0,1,10.390099740068916,5,6.071700000000006,151.45349999999974,0,0,0,0,0,1,0,0,0,0,2,2,0,0,0,4,0,0,0,0,1,0,0,0,0,6,0,2,0,0,0,0,0,0,1,0,0,0,0,0,0,1,0,0,7,0,0,0,0,0,0,0,0,0,0,0,0,0,0,0,0,0,0,0,0,0,0,0,0,1,1,0,0,1,0,0,0,0,0,0,0,0,0,0,0,CHEMBL3112793,Cl.O=C(c1cnccc1C(F)(F)F)N1CCCC(Oc2ccc(C(F)(F)F)cc2)(C(=O)N2CCN(C3CCCCC3)CC2)C1,4200.0,3.6232492903979,CHEMBL1907611,Tumour suppressor p53/oncoprotein Mdm2,4,Large-Nonpolar-Aromatic-Flexible-Hydrophobic,Large-Nonpolar-Aromatic-Flexible-Hydrophobic
14.300527648302117,14.300527648302117,0.183006424792139,-1.0973610498726236,0.3493412349083617,22.916666666666668,525.4760000000001,495.2360000000002,524.1633481800001,188,0,0.3039259588612324,-0.4812044883280517,0.4812044883280517,0.3039259588612324,1.1111111111111112,1.8333333333333333,2.4166666666666665,35.49678541319339,9.665682218348932,2.5219995603073646,-2.5132246261398956,2.535886361067281,-2.533128887050236,6.304475381468947,-0.1605938980331108,2.832386794613696,1.9500588757396644,1246.133930433614,26.034804948073717,20.618290425660465,22.130148317697373,17.124048002396943,12.107345244185993,12.863274190204445,9.89007014310936,10.762941704053327,7.129952925639948,7.617026343767172,5.448061121122184,5.772776733207002,-2.889999999999999,84581686.14271718,26.180914658823102,10.614150955562875,5.2767674417338535,221.62235780805185,10.006437125691182,0.0,0.0,5.907179729351506,0.0,5.969305287951848,14.57305288909085,0.0,0.0,0.0,67.38118952215433,66.78757026294168,22.16001624525712,29.61342174546717,14.69560176298435,35.07836479776839,0.0,9.883888251797686,5.414990469396779,58.03526417230722,0.0,99.29006335365128,0.0,0.0,0.0,0.0,0.0,23.20187978046503,26.866900663941745,9.589074368143644,12.338727669087405,73.49580944255604,66.86051425622918,10.045266627482652,0.0,0.0,70.5,11.384295757348628,14.69560176298435,0.0,30.32958905673483,22.886909873334673,22.384282469939446,0.0,13.1205807713037,79.41105481484784,4.983978520947208,23.20187978046503,0.0,12.617145901801525,32.78317809174395,10.97545355757725,2.600899544971291,-1.369561744416843,18.399675929251742,2.5381405458996857,5.760623728726944,0.0,0.3448275862068966,36,1,5,0,1,1,1,2,1,3,4,0,3,1,7,2,7,0,1,1,0,0,7.719116120651595,4,7.386320000000007,142.21479999999983,1,0,0,0,0,1,0,0,1,1,2,1,0,0,0,2,0,0,0,0,1,0,0,0,0,0,0,1,0,0,1,0,0,0,2,0,0,0,0,0,0,0,0,0,2,0,0,0,0,0,0,0,0,0,0,0,0,0,0,0,0,0,0,0,0,0,0,0,0,1,0,0,0,1,0,0,0,0,0,0,0,0,0,0,0,CHEMBL3329615,CC[C@@H](c1ccc(C)cn1)N1C(=O)[C@@](C)(CC(=O)O)C[C@H](c2cccc(Cl)c2)[C@H]1c1ccc(Cl)cc1,7.0,0.8450980400142568,CHEMBL1907611,Tumour suppressor p53/oncoprotein Mdm2,3,Large-Nonpolar-Aromatic-Flexible-Hydrophobic,Large-Nonpolar-Aromatic-Flexible-Hydrophobic
8.877814987225005,8.877814987225005,0.1780257970641019,-0.1780257970641019,0.6082763602509319,20.258064516129032,417.59700000000026,382.3170000000002,417.27801274,164,0,0.11887676529166,-0.4935489066911598,0.4935489066911598,0.11887676529166,0.935483870967742,1.5806451612903225,2.225806451612903,16.476789414515892,9.65938533692526,2.44565556837232,-2.463077816458799,2.46119583381359,-2.5287179702395797,5.340400636457298,0.087479577125911,3.3825225383350106,1.270704120735035,846.3003264493565,21.520450801241797,18.509053304791315,18.509053304791315,15.196856541928934,11.896158748836005,11.896158748836005,9.234528958847612,9.234528958847612,7.438419639516535,7.438419639516535,5.673162384619877,5.673162384619877,-2.349999999999999,21056500.463118818,21.86590560259953,10.306733964984934,5.112684322982135,186.55681601264337,15.370440161812713,5.749511833283905,0.0,0.0,0.0,0.0,0.0,0.0,5.261891554738487,0.0,43.173478588160066,86.85835278432144,12.08368165829592,18.239554769002183,4.736862953800049,0.0,5.261891554738487,4.899909730850477,17.56947956948497,50.484676612865414,26.241151182250643,65.72420659954848,0.0,11.81873314607618,10.470530430962237,0.0,5.749511833283905,0.0,31.14106091310112,5.538925252383345,23.166924959853542,56.07265434387607,54.59730361615449,0.0,0.0,0.0,62.28,0.0,0.0,0.0,5.538925252383345,24.0061455485327,31.80460267394764,44.08838122925306,12.13273413692322,12.13273413692322,41.3009663859508,15.73242198570072,5.841193390879018,0.0,2.5681553531779,8.877814987225005,9.124571240519533,2.015248834326597,20.388192145778568,8.57951252187209,4.02197819288796,0.0,0.5185185185185185,31,2,4,1,1,2,0,2,0,2,1,0,4,1,4,1,8,1,1,2,0,0,7.26987328869248,4,5.083580000000005,124.69840000000006,0,0,0,0,0,0,0,0,0,0,0,0,0,0,0,2,0,1,0,0,1,0,0,0,0,0,0,0,0,0,0,0,0,0,2,0,0,0,0,0,0,1,0,0,0,0,0,0,0,0,0,0,0,0,0,0,0,1,0,0,0,0,0,0,0,0,0,0,0,1,0,0,0,0,0,0,0,0,0,0,0,0,0,0,0,CHEMBL3126197,N#Cc1ccc(OCCCN2CCC([C@](N)(c3ccccc3)C3CCCC3)CC2)cc1,81.0,1.9084850188786495,CHEMBL1615381,Menin,3,Large-Nonpolar-Aromatic-Flexible-Hydrophobic,Large-Nonpolar-Aromatic-Flexible-Hydrophobic
14.427525317740264,14.427525317740264,0.0872387566137569,-1.0424602168542316,0.4189048330377241,30.42105263157895,559.5340000000002,523.2460000000003,558.2052129919999,204,0,0.3039259575084518,-0.481204488331577,0.481204488331577,0.3039259575084518,1.0789473684210529,1.763157894736842,2.3684210526315788,35.496785661316764,9.666551318240604,2.522511192414277,-2.5234647347114234,2.5195513609618936,-2.58772653385473,6.304473554722386,-0.1612618444454648,3.2173646379359906,1.5915944651485574,1163.0977417477393,27.02636877963644,21.984722352867443,23.49658024490435,18.162854142657164,13.598834956137129,14.354763902155582,11.443674077372068,12.316545638316038,8.584597695688833,9.07167111381606,6.840965371806219,7.165680983891037,-2.1199999999999988,337767999.78934073,27.447012974731624,11.166053291173755,5.5991839322350305,234.3969849000727,14.743300079491233,0.0,0.0,5.907179729351506,0.0,5.969305287951848,14.48898409899412,0.0,0.0,0.0,61.31482245369272,61.075657748944465,41.63928272052973,30.085585696967357,19.432464716784395,35.07836479776839,0.0,9.799819461700954,5.414990469396779,76.16110299396522,19.634269217737724,69.70310615856953,0.0,0.0,0.0,0.0,0.0,23.20187978046503,64.6668746962273,14.325937321943693,5.414990469396779,69.03823237271465,48.53093654769288,10.045266627482652,0.0,0.0,70.08,11.384295757348628,14.69560176298435,0.0,42.537521832231434,16.466088250408664,50.023637069909746,0.0,0.0,60.35458347823398,11.823646930541102,27.938742734265084,6.061402339917056,12.702827675206684,30.892329384224524,11.097372058665576,0.954235371875088,-1.1931068101448998,15.094148386012886,3.6399563607091383,6.389724122422836,0.0,0.5333333333333333,38,1,6,0,3,3,1,2,0,2,6,2,4,1,8,3,8,0,3,3,0,2,8.065126567352388,5,6.173400000000006,148.62279999999976,1,0,0,0,0,0,0,0,1,1,2,1,0,0,0,2,0,0,0,0,2,0,0,0,0,0,0,1,0,0,0,0,0,0,2,0,2,0,0,0,0,1,0,0,2,0,0,0,0,0,0,0,0,0,0,0,1,0,0,0,0,0,0,0,0,0,0,0,0,1,0,0,0,0,0,0,0,0,0,0,0,0,0,0,0,CHEMBL3938040,CC[C@@H](CN1CC2CCC(C1)O2)N1C(=O)[C@@](C)(CC(=O)O)C[C@H](c2cccc(Cl)c2)[C@H]1c1ccc(Cl)cc1,30.0,1.4771212547196624,CHEMBL1907611,Tumour suppressor p53/oncoprotein Mdm2,3,Large-Nonpolar-Aromatic-Flexible-Hydrophobic,Large-Nonpolar-Aromatic-Flexible-Hydrophobic
6.226420897458055,6.226420897458055,0.8246884024444661,0.8246884024444661,0.2756056498559969,10.8125,426.56000000000023,396.3200000000002,426.2307282,164,0,0.1363876434416342,-0.4964769744773303,0.4964769744773303,0.1363876434416342,0.8125,1.53125,2.3125,16.4814851404187,10.049190610595783,2.168733475674742,-2.138185434500937,2.3465509675897747,-2.0626022316129093,5.695226389632587,0.4080025470853187,3.2459627749834437,1.6427209600804726,1135.1497599320276,22.175151339621053,18.829361446515147,18.829361446515147,15.796356295533847,11.280057570446084,11.280057570446084,7.809938831364095,7.809938831364095,5.641158336045075,5.641158336045075,3.948757179668796,3.948757179668796,-3.5299999999999994,32702711.4101274,21.692584615365973,10.67092383387955,5.022797200864213,190.02315088603524,14.040825555391454,17.248535499851716,0.0,0.0,0.0,0.0,0.0,4.983978520947208,0.0,0.0,61.87549537030951,55.15775170278307,17.802135892458033,19.131045610890535,9.473725907600098,0.0,0.0,9.551078168738565,0.0,39.15178009730724,7.109797541277533,96.44747145131096,0.0,28.50591498639717,9.473725907600098,0.0,17.248535499851716,0.0,16.660875710016096,19.386399651764595,0.0,31.0227599320881,85.1900919647655,0.0,11.257379486545457,0.0,36.28,0.0,0.0,0.0,0.0,0.0,60.733957884013776,11.257379486545457,7.109797541277533,66.99099075938065,29.689938052866808,14.457704428547306,14.049170838917274,0.0,4.848160667044596,0.0,4.494322057370815,2.584855788404081,26.28517123496814,6.099127731135306,3.0791722638065533,1.726686085019904,0.25,32,0,4,0,0,0,0,3,1,4,0,0,4,0,4,1,10,0,0,0,0,0,7.233747443454925,4,6.936300000000007,129.48900000000003,0,0,0,0,0,2,0,0,0,0,0,0,0,0,0,2,0,0,0,0,0,0,0,0,0,0,0,0,0,0,2,0,0,0,3,0,0,0,0,0,0,2,0,0,0,0,0,1,0,0,0,0,0,0,0,1,0,0,0,0,0,0,0,0,3,0,0,0,0,0,0,0,0,0,0,0,0,0,0,0,0,0,0,1,0,CHEMBL205750,CCCCc1c(-c2ccccc2Oc2ccccc2)ncn1CCc1ccccc1OC,8090.0,3.907948521612272,CHEMBL4677,Apoptosis regulator Bcl-W,0,Large-Nonpolar-Aromatic-Flexible-Hydrophobic,Large-Nonpolar-Aromatic-Flexible-Hydrophobic
13.921545379468656,13.921545379468656,0.0096693121693125,-0.9438162982177528,0.4790501196674626,24.38235294117647,503.47,471.2140000000003,502.178998244,182,0,0.3036504620090473,-0.481212069761211,0.481212069761211,0.3036504620090473,1.0588235294117647,1.7647058823529411,2.3823529411764706,35.49678521998289,9.738615423399612,2.4588817156703704,-2.4864142349906917,2.4734151843238292,-2.542989912968741,6.304429357360682,-0.1524441021931191,3.322180278411962,1.809725157230818,1007.1897193807588,24.24191172926027,19.49912379321395,21.01098168525086,16.367412398353686,12.142502207826634,12.898431153845088,9.503670035812716,10.376541596756685,7.264635414000911,7.751708832128135,5.6519785048126305,5.976694116897448,-2.0799999999999987,53155097.07412921,25.026111957424533,11.107428090072322,5.587870103171607,211.19444448090528,14.90634685654166,0.0,0.0,5.907179729351506,0.0,5.969305287951848,9.589074368143644,0.0,0.0,0.0,54.39108525400209,74.16517056076962,34.467675954865975,12.462662452073973,14.69560176298435,35.07836479776839,0.0,9.799819461700954,5.917906046161393,57.02943301877799,19.634269217737724,69.70310615856953,0.0,0.0,0.0,0.0,0.0,23.20187978046503,52.458941920730695,9.589074368143644,5.917906046161393,62.11449517302401,48.53093654769288,10.045266627482652,0.0,0.0,60.85000000000001,11.887211334113244,14.69560176298435,0.0,30.32958905673483,16.466088250408664,37.18199382405773,12.84164324585202,0.0,53.43084627854336,11.823646930541102,23.20187978046503,0.0,12.572337805926368,30.061275558500785,10.87217253402228,2.034941473502982,-1.653178823063083,15.213049096738818,3.457573666357337,4.997384243570061,0.0,0.4814814814814814,34,1,5,0,2,2,1,2,0,2,4,0,3,1,7,2,8,0,2,2,0,0,8.175757027682119,4,6.015900000000006,135.34479999999994,1,0,0,0,0,0,0,0,1,1,2,1,0,0,0,2,0,0,0,0,2,0,0,0,0,0,0,1,0,0,0,0,0,0,2,0,0,0,0,0,0,0,0,0,2,0,0,0,0,0,0,0,0,0,0,0,0,0,0,0,0,0,0,0,0,0,0,0,0,1,0,0,0,0,0,0,0,0,0,0,0,0,0,0,0,CHEMBL3906565,CC[C@@H](CN1CCCC1)N1C(=O)[C@@H](CC(=O)O)C[C@H](c2cccc(Cl)c2)[C@H]1c1ccc(Cl)cc1,570.0,2.7558748556724915,CHEMBL1907611,Tumour suppressor p53/oncoprotein Mdm2,3,Large-Nonpolar-Aromatic-Flexible-Hydrophobic,Large-Nonpolar-Aromatic-Flexible-Hydrophobic
11.370750040310032,11.370750040310032,0.0597181751211404,-0.8723168791883749,0.2563690769429069,10.833333333333334,484.59600000000023,452.34000000000026,484.236207504,186,0,0.3073151762848646,-0.4931756017553103,0.4931756017553103,0.3073151762848646,0.8611111111111112,1.6111111111111112,2.361111111111111,16.479661989033804,10.03128909323394,2.1841311326101835,-2.119799631603228,2.363038863207279,-2.0629379535024395,5.7700939497837185,-0.1357316911465458,3.3116823930678394,1.80491024245157,1297.564079900889,25.329851878000294,20.814579844475887,20.814579844475887,17.584049995768545,12.405062610919908,12.405062610919908,8.552219818946346,8.552219818946346,5.834890556261258,5.834890556261258,4.17472016168751,4.17472016168751,-4.059999999999999,174193354.65662515,25.04550132715861,12.067792719622934,6.133432437686685,211.67724453547297,14.580253302440804,11.49902366656781,0.0,0.0,0.0,5.969305287951848,9.476340119217006,0.0,5.098681808301038,0.0,55.4546737473835,61.22411877124469,17.671659389306566,31.02244154164877,19.374790486512623,5.969305287951848,0.0,9.78048474344622,0.0,39.654695674071846,13.213763929025836,89.98967487339495,0.0,34.01378263965872,9.473725907600098,0.0,11.49902366656781,0.0,34.07008135526461,24.180936835836416,0.0,31.395199005701247,78.86277189000094,0.0,22.514758973090913,0.0,73.58000000000001,5.969305287951848,9.901064578912528,0.0,6.4208216229260096,31.071483659919313,41.10591405222684,5.563451491696996,6.06636706846161,72.26921081945191,19.056471336613843,14.572407715901136,13.966144495702578,0.0,11.370750040310032,14.32619522424235,5.363809071787067,0.6256803082081636,25.87278402739549,1.6335586042483308,5.841078228105991,0.0,0.2666666666666666,36,1,6,0,0,0,0,3,1,4,0,0,5,1,6,1,12,0,0,0,0,0,8.395664404866423,4,6.274400000000006,141.53979999999987,1,0,0,0,0,2,0,0,1,1,1,0,0,0,0,2,0,0,0,0,0,0,0,0,0,0,0,0,0,0,2,0,0,0,3,0,0,0,0,0,0,2,0,0,0,0,0,0,0,0,0,0,0,0,0,0,0,0,0,0,0,0,0,0,1,0,0,0,0,0,0,0,0,0,0,0,0,0,0,0,0,0,0,0,0,CHEMBL3134205,CCCOc1ccc(CC(=O)O)cc1-c1cc(-c2ccccc2OCC)n(CCc2ccccc2)n1,71980.0,4.857211842316892,CHEMBL1907611,Tumour suppressor p53/oncoprotein Mdm2,0,Large-Nonpolar-Aromatic-Flexible-Hydrophobic,Large-Nonpolar-Aromatic-Flexible-Hydrophobic
13.819162065031772,13.819162065031772,0.036960978835979,-1.0234791290487388,0.5375574029246825,23.93548387096774,463.405,435.18100000000015,462.147698116,166,0,0.3039259575456375,-0.4812044883315297,0.4812044883315297,0.3039259575456375,1.2258064516129032,1.935483870967742,2.4838709677419355,35.49678491810445,9.671771549804932,2.5192412637325554,-2.5095126978316387,2.515548309657145,-2.556514038776714,6.30381556012889,-0.1604544337271297,2.718708869002739,2.2208473849444994,946.0955246191872,22.758784066134822,18.015996130088507,19.527854022125418,14.695726309668943,10.612657976195669,11.368586922214122,8.525660561374625,9.398532122318594,6.309483272188185,6.76815853994052,4.820953368542796,5.131469905440167,-2.109999999999999,5970023.680278591,23.55096753473436,9.576217541724954,4.880582403208294,192.9302057163844,10.006437125691182,0.0,0.0,5.907179729351506,0.0,5.969305287951848,14.573052889090851,0.0,0.0,0.0,56.10582551646013,49.091384634321464,23.179223760663756,28.594214230060537,14.69560176298435,35.07836479776839,0.0,9.883888251797686,5.414990469396779,64.45608579523322,0.0,63.89769209641083,0.0,0.0,0.0,0.0,0.0,23.20187978046503,32.90874149308971,9.589074368143644,5.414990469396779,69.67162445263072,42.59504598238274,10.045266627482652,0.0,0.0,70.5,11.384295757348628,14.69560176298435,0.0,30.32958905673483,16.466088250408664,24.099022732397476,0.0,19.18694783976531,49.079219472539776,4.983978520947208,23.20187978046503,0.0,12.392190928126173,31.97302383300699,10.709658390859916,0.6860768044357669,-1.2713772917509691,10.838817550461672,3.284158653173204,5.859673353909465,0.0,0.4583333333333333,31,1,5,0,1,1,1,1,1,2,3,0,3,1,7,2,7,0,1,1,0,0,7.275135110668326,3,6.115200000000006,122.37380000000005,1,0,0,0,0,1,0,0,1,1,2,1,0,0,0,2,0,0,0,0,1,0,0,0,0,0,0,1,0,0,0,0,0,0,1,0,0,0,0,0,0,0,0,0,2,0,0,0,0,0,0,0,0,0,0,0,0,0,0,0,0,0,0,0,0,0,0,0,0,1,0,0,0,1,0,0,0,0,0,0,0,0,0,0,0,CHEMBL4113137,CCC(CC)N1C(=O)[C@@](C)(CC(=O)O)C[C@H](c2cccc(Cl)c2)[C@H]1c1ccc(Cl)cn1,11.0,1.0413926851582251,CHEMBL1907611,Tumour suppressor p53/oncoprotein Mdm2,3,Large-Nonpolar-Aromatic-Flexible-Hydrophobic,Large-Nonpolar-Aromatic-Flexible-Hydrophobic
12.012315435921517,12.012315435921517,0.3371748636161651,-0.6780257970641019,0.6048816175181486,20.258064516129032,418.58100000000024,384.3090000000002,418.262028328,164,0,0.11887676529166,-0.4935489066911597,0.4935489066911597,0.11887676529166,0.935483870967742,1.5806451612903225,2.225806451612903,16.47681833164038,9.679489989303022,2.461049964324894,-2.451011209300131,2.478156110332725,-2.470200945452558,5.340083925581062,-0.093389858725128,3.3825225383350106,1.270704120735035,847.0552139515199,21.520450801241797,18.37891663110165,18.37891663110165,15.196856541928934,11.831090411991172,11.831090411991172,9.126860346839022,9.126860346839022,7.294596268602526,7.294596268602526,5.576338495418759,5.576338495418759,-2.349999999999999,21056500.463118818,21.86590560259953,10.306733964984934,5.112684322982135,186.01115906782667,14.743300079491233,5.749511833283905,0.0,0.0,0.0,0.0,0.0,0.0,5.261891554738487,0.0,43.173478588160066,86.85835278432144,6.544756405912575,23.840605579985876,9.843390348640757,0.0,5.261891554738487,4.899909730850477,11.835812092322788,50.54680217146576,26.241151182250643,65.72420659954848,0.0,11.81873314607618,4.736862953800049,0.0,5.749511833283905,0.0,36.247588307941825,5.601050810983688,23.166924959853542,56.07265434387607,54.59730361615449,0.0,0.0,0.0,56.489999999999995,5.601050810983688,5.106527394840706,0.0,0.0,24.0061455485327,63.05134065734868,12.84164324585202,12.13273413692322,18.19910120538483,35.23459931748919,9.998754508538536,5.821193390879017,0.0,2.5125997976223444,20.882317923146523,1.0992457760486285,1.5542754642623176,19.86230128450309,7.888262521872091,3.796470508332656,0.0,0.5185185185185185,31,1,4,1,1,2,0,2,0,2,1,0,4,1,4,1,8,1,1,2,0,0,7.26987328869248,4,5.117180000000005,122.72980000000008,0,1,0,0,0,0,0,0,0,0,0,0,0,0,0,2,0,0,0,0,1,0,0,0,0,0,0,0,0,0,0,0,0,0,2,0,0,0,0,0,0,1,0,0,0,0,0,0,0,0,0,0,0,0,0,0,0,1,0,0,0,0,0,0,0,0,0,0,0,1,0,0,0,0,0,0,0,0,0,0,0,0,0,0,0,CHEMBL3124953,N#Cc1ccc(OCCCN2CCC([C@](O)(c3ccccc3)C3CCCC3)CC2)cc1,529.0,2.7234556720351857,CHEMBL1615381,Menin,3,Large-Nonpolar-Aromatic-Flexible-Hydrophobic,Large-Nonpolar-Aromatic-Flexible-Hydrophobic
13.888411009980125,13.888411009980125,0.0615367104269524,-1.1507159785210384,0.4363647516404502,21.696969696969695,482.4070000000004,457.20700000000033,481.12114902,170,0,0.2571286687243083,-0.3957072188708864,0.3957072188708864,0.2571286687243083,0.9696969696969696,1.5757575757575757,2.1818181818181817,35.496785106990195,9.914443300995655,2.5565830522386985,-2.4320991795665976,2.525277324933626,-2.4871087815475383,6.30404782228419,-0.1369836200187452,3.577076388839537,1.6965570790567086,1174.7306758781326,23.216967702877938,18.30083334215743,19.812691234194336,15.899449786001156,11.096851794770858,11.852780740789312,9.045963406131696,9.918834967075664,6.935577920749362,7.439530551428331,4.6900207121569455,4.9419970274964315,-2.3699999999999988,55443424.89612395,22.423598912775287,8.444204717380215,3.7534812347615727,203.25407545984945,9.843390348640757,0.0,5.724985593970254,0.0,5.907179729351506,0.0,9.6944469149223,0.0,0.0,0.0,65.66644925969631,55.66066727954768,32.150611571970416,19.255604758173796,14.637927532712576,29.10905950981654,0.0,4.899909730850477,5.414990469396779,31.532206868660857,13.213763929025836,105.09547741580998,0.0,0.0,0.0,0.0,0.0,23.20187978046503,29.127380784068528,10.461848547770302,5.414990469396779,52.85556442555041,72.79640482153933,10.045266627482652,0.0,0.0,49.77,5.724985593970254,9.901064578912528,0.0,23.97089299240917,22.215600083692568,29.531997720943007,0.0,0.0,84.62005175208044,0.0,27.938742734265084,6.786520752848465,12.343322034744322,15.705471667576496,11.205953765919617,1.774625984204433,-0.1001431405895691,22.28955861659062,1.810573420853904,2.4063391200739384,0.0,0.2962962962962963,33,1,4,1,1,2,1,3,0,3,2,0,3,1,6,1,7,1,0,1,0,1,5.737862415754513,5,6.200600000000007,129.4153,0,1,1,0,0,0,0,0,0,0,1,1,0,0,0,1,0,0,0,0,0,0,0,0,0,0,0,1,0,0,0,0,0,0,3,0,1,0,0,0,0,1,0,0,2,0,0,0,0,0,0,0,0,0,0,0,0,0,0,0,0,0,0,0,0,0,0,0,0,0,0,0,0,0,0,0,0,0,0,0,0,0,0,0,0,CHEMBL1688285,C[C@@H](c1ccc(Cl)cc1)N1C(=O)c2ccccc2C1(OCC1(CO)CC1)c1ccc(Cl)cc1,8900.0,3.949390006644913,CHEMBL5023,p53-binding protein Mdm-2,3,Large-Nonpolar-Aromatic-Flexible-Hydrophobic,Large-Nonpolar-Aromatic-Flexible-Hydrophobic
13.179767223761932,13.179767223761932,0.0105168178382462,-0.6202664399092974,0.4759954957929669,20.133333333333333,448.39,421.1740000000001,447.136799084,160,0,0.328364226488277,-0.4644537199854778,0.4644537199854778,0.328364226488277,1.1,1.8333333333333333,2.466666666666667,35.49678479325322,9.785099740901384,2.431801851019641,-2.4468414317343847,2.4490895810254685,-2.5123030357362524,6.304412288308935,-0.1595001938496384,2.727550579900731,2.1118289237935945,884.2747087388885,21.67299762850792,17.31427427992863,18.826132171965536,14.455927458031292,10.445373301647844,11.201302247666296,7.554092125388714,8.426963686332684,5.582925961609765,6.069999379736989,4.304057850553841,4.628773462638657,-2.0399999999999987,5032472.652547004,22.640881139249306,10.319491676216217,4.984870597146825,187.66492709835217,9.636772684650529,6.041840829147961,0.0,5.907179729351506,0.0,5.969305287951848,4.794537184071822,4.794537184071822,0.0,0.0,60.811906876928106,55.157751702783074,22.383994296570055,12.64872279366088,14.325937321943693,35.07836479776839,0.0,4.899909730850477,0.0,57.5323485955426,6.606881964512918,69.70310615856953,0.0,0.0,0.0,0.0,0.0,23.20187978046503,29.42511754181471,14.325937321943693,0.0,62.61741074978863,48.53093654769288,10.045266627482652,0.0,0.0,46.61,6.041840829147961,9.589074368143644,0.0,30.443113857125628,29.307731496260683,17.54772460632,0.0,11.823646930541102,55.4546737473835,0.0,27.938742734265084,5.346482531284118,12.397178209969663,27.777509203269783,1.2810643009754668,2.001744798227934,-0.366206573164245,14.333976655064465,2.379848802175191,4.070624294419839,0.0,0.4166666666666667,30,0,4,0,1,1,1,2,0,2,3,0,3,0,6,1,7,0,1,1,0,0,7.78807948195613,3,6.172500000000006,119.79500000000004,0,0,0,0,0,0,0,0,0,0,2,2,0,0,0,1,0,0,0,0,1,0,0,0,0,0,0,1,0,0,0,0,0,0,2,0,0,0,0,0,1,1,0,0,2,0,0,0,0,0,0,0,0,0,0,0,0,0,0,0,0,0,0,0,0,0,0,0,0,1,0,0,0,0,0,0,0,0,0,0,0,0,0,0,0,CHEMBL2177200,CCC[C@@H](C(=O)OCC)N1C(=O)CC[C@H](c2cccc(Cl)c2)[C@H]1c1ccc(Cl)cc1,1400.0,3.146128035678238,CHEMBL1907611,Tumour suppressor p53/oncoprotein Mdm2,3,Large-Nonpolar-Aromatic-Flexible-Hydrophobic,Large-Nonpolar-Aromatic-Flexible-Hydrophobic
13.915532284930432,13.915532284930432,0.1721279324486999,-1.0819890390771818,0.354814330680929,20.833333333333332,530.4230000000001,504.2150000000004,529.122291892,188,0,0.3259427626228497,-0.479711823692903,0.479711823692903,0.3259427626228497,0.9722222222222222,1.5277777777777777,2.0555555555555554,35.496785463782025,9.884612609802058,2.4783668485933226,-2.468548023121411,2.4419686224460015,-2.5693133118641853,6.303948876096467,-0.1842069600640803,2.85976076348867,1.841510344496679,1201.729145132634,25.819261998449893,19.61199013201285,21.123848024049757,17.278096000876644,11.739503135320907,12.49543208133936,8.812073683807624,9.684945244751592,6.354622009052559,6.858574639731529,4.639909209217776,4.891885524557261,-2.9299999999999984,104608493.01856022,26.142061386966738,11.418427824755708,5.721947575350701,218.9519062307452,14.743300079491233,24.06699444569046,0.0,0.0,5.907179729351506,5.969305287951848,4.794537184071822,9.184952231746642,0.0,0.0,72.94464101385132,59.509378508786654,16.466088250408664,6.041840829147961,23.822879764459216,35.07836479776839,0.0,4.899909730850477,0.0,50.47781650226118,0.0,105.34924676515888,0.0,0.0,0.0,4.39041504767482,0.0,23.20187978046503,34.028729359890804,20.746758944869704,5.817220841045894,48.60154213752989,72.79640482153933,10.045266627482652,0.0,0.0,66.84,36.16809945109588,19.086016810659167,0.0,18.65886408689791,27.592991233802653,5.563451491696996,17.032643867773697,48.53093654769288,19.056471336613843,0.0,27.938742734265084,19.91532189374299,12.253368923404036,27.806559196664413,11.234411746216193,2.1608742506925234,-1.8900127880830255,18.139776776557795,-0.6112081098381604,1.8797969995321255,0.0,0.2857142857142857,36,1,5,0,1,1,1,3,0,3,4,0,3,1,8,1,8,0,1,1,0,0,8.29170114270591,4,6.638300000000005,136.5407999999999,1,0,0,0,0,0,0,0,1,1,2,1,0,0,0,1,0,0,0,0,0,0,0,0,0,0,0,1,0,0,0,0,0,0,3,0,0,0,0,0,0,1,0,0,3,0,0,0,0,0,0,0,0,0,0,0,1,0,0,0,0,0,0,0,0,0,0,0,0,0,0,0,0,0,0,0,0,0,0,0,0,0,0,0,0,CHEMBL2347383,CCC[C@H](C(=O)O)N1C(=O)[C@H](Cc2ccc(F)cc2)O[C@@H](c2ccc(Cl)cc2)[C@H]1c1ccc(Cl)cc1,86.0,1.9344984512435677,CHEMBL5023,p53-binding protein Mdm-2,3,Large-Nonpolar-Aromatic-Flexible-Hydrophobic,Large-Nonpolar-Aromatic-Flexible-Hydrophobic
14.249515283929204,14.249515283929204,0.076389413790207,-1.037608688734906,0.4832133158583093,24.42105263157895,554.5220000000002,521.2580000000003,553.201130656,200,0,0.2617777281662833,-0.3410317928272822,0.3410317928272822,0.2617777281662833,1.1842105263157894,1.9473684210526316,2.6578947368421053,35.49678564948618,9.579033886009857,2.631913088735186,-2.5420055118052294,2.568679609485877,-2.6631122046485474,6.310770703279117,-0.135418137588014,3.141859417979636,1.6952792571608657,1325.7968023016797,27.189505486452973,22.00717979995848,23.519037691995393,18.159976722706578,13.002012784681884,13.757941730700336,10.55693955500768,11.42981111595165,7.958813967026141,8.42900817260162,6.246760739788237,6.61759121815618,-2.8699999999999988,317787024.8140534,26.72581947480366,10.360882591571029,4.403473090649627,233.60981513169543,15.116608065707286,17.795366661066623,0.0,5.907179729351506,5.907179729351506,0.0,9.589074368143644,5.008912523954531,5.101407525739722,0.0,60.47675839920825,68.8741148743594,34.61613697716619,6.041840829147961,9.589074368143644,46.53924529960887,0.0,14.808731985655484,5.101407525739722,43.560939413174786,39.04640178709844,75.78877930377568,0.0,0.0,5.316788604006331,5.687386274683562,0.0,23.20187978046503,72.23016524235582,15.004064837540422,0.0,43.231011098024034,59.71801721863875,10.045266627482652,0.0,0.0,68.25,11.456831298544738,9.589074368143644,0.0,24.27702191077698,35.11905255393081,35.501205328059115,0.0,11.07527959241614,62.31719330666514,16.795634018455306,28.30328730620475,0.0,12.808899171824825,31.709734783663425,10.733814623728472,2.3307724072827556,0.3012712596602094,12.772209191510838,1.939489467171825,8.014034205918582,4.02866377812796,0.4137931034482758,38,1,7,0,3,3,2,2,0,2,3,0,5,1,9,3,7,0,1,1,1,0,7.286923098472715,5,5.115000000000005,152.8136999999997,0,0,0,0,0,0,0,0,0,0,2,2,0,0,0,4,1,0,0,0,0,0,0,0,0,0,0,2,1,1,0,0,0,0,2,0,3,0,0,0,0,0,0,0,2,0,1,0,0,0,0,0,0,0,0,0,0,0,0,0,0,0,0,0,0,0,0,0,0,1,0,0,0,0,0,0,0,0,0,0,0,0,0,0,0,CHEMBL3220688,C=C(CC)[C@H]1N2CC(=O)N(CCCN(C)C)N=C2C[C@@H](c2cccc(Cl)c2)[C@]12C(=O)Nc1cc(Cl)ccc12,100.0,2.0,CHEMBL1907611,Tumour suppressor p53/oncoprotein Mdm2,3,Large-Nonpolar-Aromatic-Flexible-Hydrophobic,Large-Nonpolar-Aromatic-Flexible-Hydrophobic
14.193606509476218,14.193606509476218,0.0213629062736202,-0.9684791290487392,0.4727721891754421,27.75757575757576,486.4390000000003,457.2070000000003,485.152449148,174,0,0.3039259574920074,-0.4812044883315979,0.4812044883315979,0.3039259574920074,1.0303030303030305,1.6666666666666667,2.212121212121212,35.49678511714167,9.664230195575623,2.565508638601276,-2.52029493591705,2.56888618977585,-2.568810865085842,6.304460626428321,-0.1613648221790702,3.666059717323522,1.6765434097966478,1051.291079622899,23.327698166887178,18.715046904530517,20.22690479656743,15.764675994890244,11.82181044184797,12.577739387866426,10.371061697235117,11.243933258179084,7.663011224133898,8.150084642261122,5.92344887050315,6.248164482587966,-2.0399999999999996,53163878.23912748,22.737448172216432,8.629686960277526,4.523075465617518,204.42877965717267,10.006437125691182,0.0,0.0,5.907179729351506,0.0,5.969305287951848,9.589074368143644,0.0,0.0,0.0,54.39108525400209,79.33229146419328,22.005013502792007,17.877652921470748,14.69560176298435,35.07836479776839,0.0,4.899909730850477,17.250802561719567,63.45025464170401,0.0,69.70310615856953,0.0,0.0,0.0,0.0,0.0,23.20187978046503,27.9247629721425,9.589074368143644,17.250802561719567,68.53531679595004,48.53093654769288,10.045266627482652,0.0,0.0,57.61,11.384295757348628,14.69560176298435,0.0,30.32958905673483,28.30190034273145,36.81018947509803,0.0,0.0,49.38830667892189,10.966276799312087,23.20187978046503,0.0,12.602990825245511,28.168352001311355,11.025526945071723,1.1179173184191378,-0.0132281112968954,15.571561165911966,4.829520581380701,1.836248162845385,0.0,0.4814814814814814,33,1,4,2,1,3,1,2,0,2,3,0,2,1,6,1,7,2,1,3,0,1,5.945971515204915,5,6.7202000000000055,129.4448,1,0,0,0,0,0,0,0,1,1,2,1,0,0,0,1,0,0,0,0,1,0,0,0,0,0,0,1,0,0,0,0,0,0,2,0,0,0,0,0,0,0,0,0,2,0,0,0,0,0,0,0,0,0,0,0,0,0,0,0,0,0,0,0,0,0,0,0,0,1,0,0,0,0,0,0,0,0,0,0,0,0,0,0,0,CHEMBL4114522,C[C@@]1(CC(=O)O)C[C@H](c2cccc(Cl)c2)C(c2ccc(Cl)cc2)N(C(C2CC2)C2CC2)C1=O,390.0,2.591064607026499,CHEMBL1907611,Tumour suppressor p53/oncoprotein Mdm2,3,Large-Nonpolar-Aromatic-Flexible-Hydrophobic,Large-Nonpolar-Aromatic-Flexible-Hydrophobic
13.476653561630414,13.476653561630414,0.0015403553098956,-0.8651174204249596,0.5726807583014102,24.133333333333333,446.37400000000025,421.1740000000002,445.12114902,158,0,0.3028654549161073,-0.4812301053180123,0.4812301053180123,0.3028654549161073,1.0333333333333334,1.7666666666666666,2.4,35.496784800745075,9.742778410484249,2.4413790695486153,-2.4508292382457095,2.4771894592016994,-2.473817971178371,6.304398698036385,-0.1445652130422391,3.5312218947547778,1.7485592450842744,926.3032139799186,21.25034789769755,16.637696635340898,18.14955452737781,14.41872399336994,10.452989295323109,11.208918241341564,8.45690155695435,9.32977311789832,6.234516495368784,6.721589913496009,4.574021734809904,4.898737346894718,-2.0399999999999996,10407386.66687223,21.201912545319793,8.988281366750673,4.814343753884667,186.3397844675121,10.006437125691182,0.0,0.0,5.907179729351506,0.0,5.969305287951848,9.589074368143644,0.0,0.0,0.0,47.46734805431147,66.99356379510586,34.84665674864402,6.041840829147961,14.69560176298435,35.07836479776839,0.0,4.899909730850477,11.835812092322788,44.0638549899394,6.544756405912575,69.70310615856953,0.0,0.0,0.0,0.0,0.0,23.20187978046503,28.427678548907114,9.589074368143644,11.835812092322788,55.19075797333339,48.53093654769288,10.045266627482652,0.0,0.0,57.61,5.969305287951848,14.69560176298435,0.0,30.205654273748262,35.349572325408644,23.968546229246012,0.0,0.0,47.36447921008175,6.06636706846161,23.20187978046503,0.0,12.425979158428609,26.65609053323865,10.494723030774065,2.130677805072647,-0.5217233560090702,15.405073374335789,3.2496917840912847,0.7150432256235828,0.0,0.4166666666666667,30,1,4,1,1,2,1,2,0,2,3,0,2,1,6,1,7,1,1,2,0,0,6.352291849019175,4,5.9416000000000055,117.79980000000006,1,0,0,0,0,0,0,0,1,1,2,1,0,0,0,1,0,0,0,0,1,0,0,0,0,0,0,1,0,0,0,0,0,0,2,0,0,0,0,0,0,0,0,0,2,0,0,0,0,0,0,0,0,0,0,0,0,0,0,0,0,0,0,0,0,0,0,0,0,1,0,0,0,0,0,0,0,0,0,0,0,0,0,0,0,CHEMBL2177181,O=C(O)CC[C@@H]1C[C@H](c2cccc(Cl)c2)[C@@H](c2ccc(Cl)cc2)N(CC2CC2)C1=O,340.0,2.531478917042255,CHEMBL1907611,Tumour suppressor p53/oncoprotein Mdm2,3,Large-Nonpolar-Aromatic-Flexible-Hydrophobic,Large-Nonpolar-Aromatic-Flexible-Hydrophobic
13.38513424351222,13.38513424351222,0.064915910808768,-0.6513199168556318,0.6035357841267379,16.833333333333332,404.4660000000001,380.27400000000017,404.173607248,154,0,0.2895198292753155,-0.5026744633811588,0.5026744633811588,0.2895198292753155,1.1,1.8,2.5,16.34596058659882,9.947253610237764,2.4372641946224967,-2.267849438490639,2.391088962085323,-2.330873553212267,6.1550587425785,-0.1290549557109341,3.2825894306750465,1.7297041930276729,1081.4510601018726,21.250347897697548,17.038558962536992,17.038558962536992,14.469234250586762,9.941526199300275,9.941526199300275,7.708478823086853,7.708478823086853,5.317261902800119,5.317261902800119,3.8819108116976504,3.8819108116976504,-3.379999999999999,8819175.459101975,19.915728336557457,8.161761505360474,3.6174659104113207,174.55542337231591,19.323497793595006,5.583020141642242,11.519412290530616,5.783244946364939,5.907179729351506,0.0,9.589074368143644,0.0,0.0,0.0,48.53093654769288,44.75710762281318,11.93098062037737,11.614945359217227,19.112752700037696,22.659669031823483,0.0,9.799819461700954,0.0,12.462662452073973,27.18485677717953,83.319638996913,0.0,0.0,0.0,0.0,0.0,0.0,53.78162830943763,4.794537184071822,0.0,28.58089854671723,76.41309102339491,0.0,10.969244356107035,0.0,73.99000000000001,23.491430376520583,14.69560176298435,0.0,11.333351948943708,12.127776547554816,23.915253735000377,0.0,17.032643867773697,67.52619024389773,0.0,4.417150937053347,5.726555324685736,0.0,29.89684842893131,11.485951323558195,1.4293396665497138,-1.3853075659276013,17.640882457155904,0.7236723705654079,1.218699665433973,3.930024995714029,0.25,30,1,6,0,1,1,1,2,1,3,1,0,5,1,6,2,7,0,0,0,0,1,5.418247496284381,4,3.9628000000000023,114.26630000000004,0,1,1,0,0,0,0,0,0,0,2,2,0,0,0,2,0,0,0,0,0,0,0,0,0,0,0,1,0,0,0,0,0,0,2,0,1,0,0,0,0,0,1,0,0,0,0,0,0,0,0,1,1,0,0,0,0,0,0,0,0,0,0,0,1,0,0,0,0,0,0,0,0,0,0,0,0,0,0,0,0,0,0,0,0,CHEMBL1503060,CN(C)CCCN1C(=O)C(O)=C(C(=O)c2cc3ccccc3o2)C1c1ccccc1,5043.0,3.7026889681591335,CHEMBL2096976,Peroxisome proliferator-activated receptor gamma/Nuclear receptor corepressor 2,0,Large-Nonpolar-Aromatic-Flexible-Hydrophobic,Large-Nonpolar-Aromatic-Flexible-Hydrophobic
14.361261390647812,14.361261390647812,0.0447293443759706,-0.4548929463760813,0.2037825884442387,14.731707317073171,593.5550000000002,559.2830000000002,592.2007963080001,214,0,0.2795281026503475,-0.4944945720452915,0.4944945720452915,0.2795281026503475,1.024390243902439,1.7804878048780488,2.4634146341463414,35.49678596403309,9.915685341411542,2.453348279841213,-2.291756388040982,2.4743283805518463,-2.303892304450744,6.310294989668733,0.0987888194631396,3.4326898035271296,1.7163358677853728,1598.056654979997,29.42155629402185,24.11194499205848,25.62380288409539,19.599463205922557,13.54230905991229,14.298238005930743,10.761345770673268,11.634217331617238,7.24039648833897,7.693711481362701,5.398346836534342,5.8443310346821145,-3.519999999999999,1421759485.0209374,28.98890066572498,11.763593541226408,5.539864163579229,250.73326365271103,14.373635638450576,23.793291905764292,5.693927994848461,0.0,5.907179729351506,0.0,9.6944469149223,4.681802935145184,5.098681808301038,0.0,55.24845538523112,74.46209260537005,28.21984159355383,24.53295263995752,14.26826309167192,34.7964457845001,0.0,14.680394474296698,0.0,32.730958474381225,39.25668960790788,98.78714777688668,0.0,17.186409941251373,14.373635638450576,5.687386274683562,11.49902366656781,23.20187978046503,54.9443540807056,0.0,6.923737199690624,58.67996892355033,60.6636706846161,10.045266627482652,5.687386274683562,0.0,59.83,6.041840829147961,4.794537184071822,0.0,11.8250857755129,39.53248652809541,34.616425150535584,0.0,24.14244140905123,79.13173037873355,13.847474399381248,37.77428749636617,13.545139094729787,12.958650104688186,18.179285164378275,6.049738621298531,5.529255576232906,1.1061196077893851,18.44434855023736,0.0,7.464990072518354,5.611362097016102,0.3125,41,0,7,0,1,1,1,3,1,4,1,0,6,0,9,2,9,0,0,0,0,0,8.317405966794544,5,7.309720000000008,164.54749999999953,0,0,0,0,0,2,0,0,0,0,1,1,0,0,0,4,0,0,0,1,0,0,0,0,0,0,0,1,0,1,1,0,0,0,3,0,1,0,0,0,0,2,0,0,2,0,0,0,0,0,0,0,0,0,0,1,0,0,0,0,0,0,0,0,2,0,0,0,0,0,0,0,0,0,0,0,0,0,0,0,0,0,0,0,0,CHEMBL5190920,COc1ccccc1-n1nc2c(c1C(C)C)[C@H](c1ccc(Cl)cc1C)N(c1cc(Cl)cc(OCCN(C)C)c1)C2=O,0.13,-0.8860566476931632,CHEMBL1907611,Tumour suppressor p53/oncoprotein Mdm2,3,Large-Nonpolar-Aromatic-Flexible-Hydrophobic,Large-Nonpolar-Aromatic-Flexible-Hydrophobic
12.651195657814071,12.651195657814071,0.0026893346649976,-4.013594106694301,0.3700547200722142,11.06060606060606,477.96900000000016,457.8090000000003,477.0801568,166,0,0.2644978449888605,-0.4889174061666781,0.4889174061666781,0.2644978449888605,0.7575757575757576,1.3333333333333333,1.9393939393939392,35.49569241200359,10.039656987532991,2.185090388175218,-2.094485634796027,2.220166151762683,-2.300760967094168,7.896981374083779,0.0981144074428377,2.838755128221454,1.3989022972206735,1336.5844486349508,23.260937777247953,17.441267282738732,19.013692809684915,15.90381666811968,10.105825893614476,11.966953614218095,7.264544514600941,9.383382536482438,4.934066325456525,6.532934752859117,3.1444969041315733,4.244647489446921,-3.609999999999998,31064429.23800429,22.579196083049656,9.896934864029214,5.799188459139094,197.2215415989377,4.736862953800049,12.356393797796825,0.0,0.0,15.930470882759089,0.0,4.794537184071822,13.139891848781026,0.0,0.0,66.19824350638702,65.22129102278387,10.586084805438322,4.895483475517775,17.949197122200808,27.53141077299161,0.0,4.722094864452088,0.0,11.502365440030694,0.0,119.27777646098274,0.0,16.876414816677897,9.458957818252138,0.0,5.749511833283905,11.600939890232516,14.324976713680442,16.630173117920503,0.0,15.921440167465814,108.0237236393652,5.022633313741326,11.126902983393991,0.0,72.47,15.930470882759089,13.212334168400758,0.0,10.45893496721477,11.629515278254244,22.439866308374892,12.13273413692322,48.53093654769288,42.46456947923127,4.722094864452088,16.337802844032566,33.081415929421944,5.911628343638929,12.521982541209216,0.6358404078431485,2.875727042805468,0.0256351613398229,29.52022549026428,0.0,0.3022503012826014,-4.013594106694301,0.0384615384615384,33,1,5,0,0,0,1,4,0,4,0,0,4,1,7,0,7,0,0,0,0,0,6.7716616035177575,4,5.704700000000004,128.756,0,0,0,0,0,0,0,0,0,0,1,1,0,0,0,0,1,0,0,0,0,0,0,0,0,0,0,1,0,0,0,0,0,0,4,0,0,0,0,0,0,1,0,0,1,0,0,0,0,0,0,0,0,0,0,0,0,0,0,0,0,0,0,0,1,0,0,0,0,0,0,0,0,0,0,0,1,0,0,0,0,0,0,0,0,CHEMBL1824804,O=C(NS(=O)(=O)c1ccc(COc2ccccc2)cc1)c1ccc(-c2ccc(Cl)cc2)cc1,3790.0,3.578639209968072,CHEMBL4625,Apoptosis regulator Bcl-X,0,Large-Nonpolar-Aromatic-Flexible-Hydrophobic,Large-Nonpolar-Aromatic-Flexible-Hydrophobic
14.136582030703224,14.136582030703224,0.2649934781011174,-2.721305462005992,0.4303632144250665,26.944444444444443,539.4500000000002,509.2100000000004,538.16015462,194,0,0.3039259575084518,-0.481204488331577,0.481204488331577,0.3039259575084518,1.1111111111111112,1.7777777777777777,2.3333333333333335,35.496785513016064,9.666428940962408,2.530697201727003,-2.5291518517916174,2.520028215895312,-2.624248123243178,6.304463497263311,-0.1652187049094579,2.779235721982688,1.832483153434878,1122.2567760551951,26.25034789769754,20.26348890766968,21.775346799706593,16.92047118106053,12.079508527686418,12.835437473704872,10.293254558438347,11.16612611938232,7.375278546078389,7.862351964205613,5.729796323591857,6.054511935676675,-2.219999999999999,52493403.89692108,26.832064788030237,10.26894809266741,5.531129441187016,219.52551528675772,10.006437125691182,0.0,0.0,5.907179729351506,5.922529168094576,5.969305287951848,14.48898409899412,8.78083009534964,0.0,0.0,61.31482245369272,48.234014503092446,28.549769908704583,30.9671657332959,23.47643185833399,35.07836479776839,0.0,9.799819461700954,5.414990469396779,57.03405614071117,19.634269217737724,69.70310615856953,0.0,0.0,0.0,8.78083009534964,0.0,23.20187978046503,58.38147108882527,9.589074368143644,5.414990469396779,56.19658912686262,48.53093654769288,10.045266627482652,0.0,0.0,60.85000000000001,23.348665754591163,23.47643185833399,0.0,43.92201744532459,22.886909873334673,11.126902983393991,0.0,34.922657866776404,37.255572541998674,0.0,23.20187978046503,27.23257964755426,12.504326597699196,29.40619711709591,10.792629557900346,0.5676040704347595,-4.32122275364504,13.824303414634208,0.5086938005654943,3.2071107699830943,0.0,0.4814814814814814,36,1,5,0,2,2,1,2,0,2,4,0,3,1,9,2,8,0,2,2,0,0,7.653807792426985,4,6.261100000000007,135.67479999999992,1,0,0,0,0,0,0,0,1,1,2,1,0,0,0,2,0,0,0,0,2,0,0,0,0,2,0,1,0,0,0,0,0,0,2,0,0,0,0,0,0,0,0,0,4,0,0,0,0,0,0,0,0,0,0,0,0,0,0,0,0,0,0,0,0,0,0,0,0,1,0,0,0,0,0,0,0,0,0,0,0,0,0,0,0,CHEMBL3950605,CC[C@@H](CN1CC(F)(F)C1)N1C(=O)[C@@](C)(CC(=O)O)C[C@H](c2cccc(Cl)c2)[C@H]1c1ccc(Cl)cc1,5.0,0.6989700043360189,CHEMBL1907611,Tumour suppressor p53/oncoprotein Mdm2,3,Large-Nonpolar-Aromatic-Flexible-Hydrophobic,Large-Nonpolar-Aromatic-Flexible-Hydrophobic
14.31693046204514,14.31693046204514,0.0339039566985921,-0.2483868533539692,0.2312607317075395,14.418604651162791,569.7090000000002,534.4290000000003,569.27907536,216,0,0.2828428827074051,-0.3296358992523424,0.3296358992523424,0.2828428827074051,0.7906976744186046,1.372093023255814,2.0232558139534884,16.15630282009657,9.925634464844714,2.3219168117040994,-2.3833283993241943,2.2959260081777613,-2.4869511079707407,6.095824880766023,0.0605753199700111,3.4229740621440734,1.3641190626674813,1706.791453313078,29.923710005134975,24.72089028577967,24.72089028577967,20.901887240964328,14.535598862223535,14.535598862223535,11.233528146222175,11.233528146222175,7.89321319024279,7.89321319024279,5.878781854246969,5.878781854246969,-5.009999999999998,7864357117.853676,28.12568224616738,12.0754912598736,5.71860109040283,252.14820648745183,9.799819461700954,0.0,5.693927994848461,0.0,11.814359458703011,0.0,14.48898409899412,4.681802935145184,5.098681808301038,0.0,72.79640482153933,81.03137525059627,36.2000541851887,11.250837766380558,9.589074368143644,23.189132008070136,0.0,19.580304205147176,0.0,25.93115605767717,25.54001010211743,143.33918476555854,0.0,5.687386274683562,4.899909730850477,11.374772549367124,0.0,0.0,58.07660486426509,12.965578028838586,6.923737199690624,37.66728483293155,115.26097430077064,0.0,5.687386274683562,0.0,61.68000000000001,0.0,9.589074368143644,0.0,17.85620028785097,23.48952216714159,30.03427857305417,11.126902983393991,15.648079734457273,116.91449692281968,23.09901093623531,5.098681808301038,1.715752551020408,0.0,34.14058636583577,4.789911340696874,6.226650962245023,-0.2947505248556277,36.824575194624025,0.8020977108281122,3.217934160353928,4.07724223925148,0.1944444444444444,43,0,7,0,1,1,2,4,1,5,1,0,5,0,7,2,7,0,0,0,0,0,7.89840535212968,6,6.2879200000000095,170.01599999999954,0,0,0,0,0,2,0,0,0,0,2,2,0,0,0,5,0,0,0,1,0,0,0,0,0,0,0,2,0,2,1,0,0,0,4,0,1,0,0,0,0,0,0,0,0,0,0,0,0,0,0,0,0,0,0,0,0,0,0,0,0,0,0,0,3,0,0,0,0,0,0,0,0,0,0,0,0,0,0,0,0,0,0,0,0,CHEMBL500574,Cc1cc(C(=O)N(c2ccccc2)c2ccccc2)nn1-c1ccccc1C(=O)N1Cc2ccccc2C[C@H]1CN(C)C,150.0,2.1760912590556813,CHEMBL4860,Apoptosis regulator Bcl-2,3,Large-Nonpolar-Aromatic-Flexible-Hydrophobic,Large-Nonpolar-Aromatic-Flexible-Hydrophobic
13.973201906791523,13.973201906791523,0.0719170445956161,-1.1250290926555802,0.3432734740941741,20.285714285714285,483.9950000000001,457.78700000000026,483.1601213720001,176,0,0.2569217556077292,-0.3957072188708944,0.3957072188708944,0.2569217556077292,0.8857142857142857,1.6,2.371428571428571,35.49569212862828,9.922710080722013,2.541700368065692,-2.4036145996292135,2.509823876507636,-2.4723376256745793,6.301145012840214,-0.1283788250181594,3.6482671294593807,1.5320682282645166,1407.5700579308675,24.04539482762413,19.284676188714,20.040605134732456,17.061245828549634,11.95342642134476,12.331390894353984,9.672853752163473,10.109289532635456,7.471475673311871,7.723451988651356,5.191297335820924,5.317285493490666,-3.179999999999999,230747233.8277209,22.294507129978303,8.48878343103158,3.64355453599796,209.26753165030627,9.843390348640757,0.0,5.724985593970254,0.0,5.907179729351506,0.0,9.6944469149223,0.0,0.0,0.0,84.39734471177185,47.376644371863435,27.127978258229092,19.75852033493841,14.637927532712576,28.280568048513615,0.0,4.899909730850477,5.414990469396779,25.111385245734848,13.213763929025836,118.2719453074535,0.0,0.0,0.0,0.0,0.0,11.600939890232516,29.127380784068524,17.006604953682878,5.414990469396779,39.889986396711826,90.99550602692418,5.022633313741326,10.772448428929591,0.0,49.77,5.724985593970254,9.901064578912528,0.0,17.929052163261204,23.737723175863817,40.3044461498726,0.0,0.0,71.62994748392819,24.26546827384644,16.337802844032566,6.8305080782312935,6.2518350202763475,15.816587205355392,12.869634717977938,1.97865775557026,-0.0719170445956161,29.62604550503184,1.8315752392682407,0.8115179673287538,0.0,0.2333333333333333,35,1,4,1,1,2,1,4,0,4,1,0,3,1,5,1,7,1,0,1,0,1,5.407235506513579,6,6.139400000000006,137.20029999999988,0,1,1,0,0,0,0,0,0,0,1,1,0,0,0,1,0,0,0,0,0,0,0,0,0,0,0,1,0,0,0,0,0,0,4,0,2,0,0,0,0,1,0,0,1,0,0,0,0,0,0,0,0,0,0,0,0,0,0,0,0,0,0,0,0,0,0,0,0,0,0,0,0,0,0,0,0,0,0,0,0,0,0,0,0,CHEMBL1688286,O=C1c2ccccc2C(OCC2(CO)CC2)(c2ccc(Cl)cc2)N1Cc1cccc2ccccc12,49000.0,4.690196080028514,CHEMBL5023,p53-binding protein Mdm-2,3,Large-Nonpolar-Aromatic-Flexible-Hydrophobic,Large-Nonpolar-Aromatic-Flexible-Hydrophobic
11.003271386163078,11.003271386163078,0.0736519592569444,-0.8198780366579579,0.3632352788175543,10.8125,446.93400000000014,423.75000000000017,446.1397202760001,162,0,0.3031777658795125,-0.4960522648494,0.4960522648494,0.3031777658795125,1.0,1.75,2.4375,35.495691970259195,10.023931730473596,2.160208044340781,-2.0908178440075886,2.337523411369701,-2.0373445942152486,6.301711653229456,-0.1364732640701682,3.2185929409743945,1.7885058865053205,1217.817908055847,22.50142475325411,17.662975683461607,18.418904629480064,15.529208440902158,10.300622096950026,10.678586569959254,7.4933335470503,7.929769327522285,5.262499290952545,5.514475606292031,3.6403826386543225,3.766370796324065,-3.5699999999999985,24037997.007808447,21.65407880022461,9.70660836497047,5.006314293263728,191.40719707526128,9.843390348640757,5.749511833283905,0.0,0.0,0.0,5.969305287951848,9.476340119217006,0.0,5.098681808301038,0.0,60.13187643792539,53.44301144032504,17.00690642836433,25.042409936887033,14.637927532712576,17.570245178184365,0.0,9.78048474344622,0.0,19.386399651764595,7.109797541277533,95.01230818713628,0.0,28.264270806374817,4.736862953800049,0.0,5.749511833283905,11.600939890232516,27.96611496751631,17.760115212910407,0.0,17.54772460632,78.86277189000094,5.022633313741326,22.514758973090913,0.0,64.35,5.969305287951848,4.794537184071822,0.0,6.4208216229260096,23.737723175863817,33.6416619564849,0.0,7.109797541277533,71.41184068822291,12.13273413692322,26.543012047174308,7.555673197436816,6.097978093384434,11.003271386163078,14.621169447404878,5.619723522256742,-0.1290518944726887,25.590383794659346,0.5191807576424345,0.6109327056120887,1.6218501010239823,0.1538461538461538,32,1,5,0,0,0,0,3,1,4,0,0,4,1,6,1,8,0,0,0,0,0,6.568364450562186,4,5.944600000000005,126.1618,1,0,0,0,0,2,0,0,1,1,1,0,0,0,0,2,0,0,0,0,0,0,0,0,0,0,0,0,0,0,1,0,0,0,3,0,0,0,0,0,0,1,0,0,1,0,0,0,0,0,0,0,0,0,0,1,0,0,0,0,0,0,0,0,0,0,0,0,0,0,0,0,0,0,0,0,0,0,0,0,0,0,0,0,0,CHEMBL3134207,COc1ccc(CCC(=O)O)cc1-c1cc(-c2ccc(Cl)cc2)n(Cc2ccccc2)n1,86630.0,4.937668314399005,CHEMBL1907611,Tumour suppressor p53/oncoprotein Mdm2,0,Large-Nonpolar-Aromatic-Flexible-Hydrophobic,Large-Nonpolar-Aromatic-Flexible-Hydrophobic
14.996274048614191,14.996274048614191,0.009812142264568,-3.5917339721382375,0.2520958280306568,24.463414634146343,637.6700000000001,602.3900000000003,636.14501856,220,0,0.2292838577904452,-0.3302658779575742,0.3302658779575742,0.2292838577904452,1.146341463414634,1.8780487804878048,2.4634146341463414,35.49678765707127,9.667065171638743,2.549210067376394,-2.521459861099491,2.540668956223487,-2.585210677053146,7.922952311918236,-0.1542579646305096,3.6144055858384134,1.72044951666411,1536.884626487711,29.741911729260263,23.610649467744796,26.755500521637156,19.199127406757754,13.83924481785815,17.127091801451648,12.658273384582472,17.26860035652841,8.53558737343606,12.50321066811694,6.0208382843388915,8.521910432710206,-1.9999999999999991,1137144261.6095362,30.457544618712816,11.250432525951558,6.217396793334175,255.55183631499355,4.899909730850477,5.817220841045894,9.837253136417502,5.907179729351506,0.0,0.0,4.794537184071822,17.792190552950963,0.0,11.336785877934735,48.32471818554048,81.34395377125175,34.98010815405568,31.98696436910318,17.60274921607558,50.28309852416878,0.0,9.883888251797686,11.332896515558172,76.12684544814141,5.752853606746789,86.03848997008556,0.0,0.0,0.0,4.39041504767482,0.0,34.538665658399765,40.75058185459043,21.052611943415332,17.150117356604067,75.05168722309662,54.04147582131026,10.045266627482652,0.0,0.0,67.34,37.90016855837365,17.60274921607558,0.0,28.518478742162404,23.42772805129034,23.41271843440178,23.469520014857956,44.00069903845865,30.502901175541368,4.983978520947208,23.20187978046503,41.324825108194744,14.0514706153876,21.098092642147325,3.2772497486982433,0.6246048630357501,-1.112629241513546,11.003893155230411,4.273311326404691,7.023137976775242,-3.5917339721382375,0.4838709677419355,41,0,5,1,1,2,1,2,1,3,4,0,5,0,10,2,8,1,1,2,0,0,8.357574405828963,5,7.887100000000007,163.78379999999953,0,0,0,0,0,1,0,0,0,0,1,1,0,0,0,2,0,0,0,0,1,0,0,0,0,0,0,1,0,0,0,0,0,0,2,0,0,0,0,0,0,0,0,0,3,0,0,0,0,0,0,0,0,0,0,0,0,0,0,0,0,0,0,0,0,0,0,0,0,1,0,0,0,0,0,0,0,1,0,0,1,0,0,0,0,CHEMBL3236656,CC(C)(C)S(=O)(=O)C[C@H](C1CC1)N1C(=O)[C@@](C)(Cc2nccs2)C[C@H](c2cccc(Cl)c2)[C@H]1c1ccc(Cl)c(F)c1,0.3,-0.5228787452803376,CHEMBL5023,p53-binding protein Mdm-2,3,Large-Nonpolar-Aromatic-Flexible-Hydrophobic,Large-Nonpolar-Aromatic-Flexible-Hydrophobic
14.31851864099549,14.31851864099549,0.182144274376417,-1.0982261528582624,0.3493412349083617,22.916666666666668,525.4760000000001,495.2360000000002,524.1633481800001,188,0,0.3039259588612324,-0.4812044883280517,0.4812044883280517,0.3039259588612324,1.0833333333333333,1.7777777777777777,2.388888888888889,35.49678541322179,9.66568226691301,2.5221488696937406,-2.5133779219624612,2.5360107079774576,-2.533261159942446,6.3044751054045385,-0.1605963900181104,2.8233260144145023,1.9610648865966256,1263.383930433614,26.034804948073717,20.618290425660465,22.130148317697373,17.124048002396943,12.117411350927329,12.873340296945782,9.833489183329142,10.706360744273113,7.105576837546557,7.592650255673781,5.521418687129104,5.846134299213921,-2.889999999999999,83068394.90148202,26.180914658823102,10.614150955562875,5.2767674417338535,221.62235780805185,10.006437125691182,0.0,0.0,5.907179729351506,0.0,5.969305287951848,14.57305288909085,0.0,0.0,0.0,67.38118952215433,67.29048583970629,21.657100668492507,29.61342174546717,14.69560176298435,35.07836479776839,0.0,9.883888251797686,5.414990469396779,58.03526417230722,0.0,99.29006335365128,0.0,0.0,0.0,0.0,0.0,23.20187978046503,26.866900663941745,9.589074368143644,12.338727669087405,73.62628594570751,66.73003775307771,10.045266627482652,0.0,0.0,70.5,11.384295757348628,14.69560176298435,0.0,30.32958905673483,22.886909873334673,22.514758973090913,0.0,6.923737199690624,85.47742188330945,0.0,28.18585830141224,0.0,12.62236333825439,32.90732917014287,10.981589155985578,2.440842999434496,-1.369088039630368,20.266968600280215,0.7381612356876914,5.717389095400684,0.0,0.3448275862068966,36,1,5,0,1,1,1,2,1,3,4,0,3,1,7,2,7,0,1,1,0,0,7.719116120651595,4,7.386320000000007,142.21479999999983,1,0,0,0,0,1,0,0,1,1,2,1,0,0,0,2,0,0,0,0,1,0,0,0,0,0,0,1,0,0,1,0,0,0,2,0,0,0,0,0,0,0,0,0,2,0,0,0,0,0,0,0,0,0,0,0,0,0,0,0,0,0,0,0,0,0,0,0,0,1,0,0,0,1,0,0,0,0,0,0,0,0,0,0,0,CHEMBL3329224,CC[C@@H](c1cccc(C)n1)N1C(=O)[C@@](C)(CC(=O)O)C[C@H](c2cccc(Cl)c2)[C@H]1c1ccc(Cl)cc1,2.0,0.3010299956639812,CHEMBL1907611,Tumour suppressor p53/oncoprotein Mdm2,3,Large-Nonpolar-Aromatic-Flexible-Hydrophobic,Large-Nonpolar-Aromatic-Flexible-Hydrophobic
13.988050953920665,13.988050953920665,0.0101412509448224,-3.3702090950186476,0.452794001978192,24.21875,496.5000000000001,465.2520000000002,495.140170212,174,0,0.2298440816271517,-0.3315751836184695,0.3315751836184695,0.2298440816271517,1.03125,1.65625,2.1875,35.496785761386576,9.687107416597929,2.5183444336102565,-2.515992756256647,2.5120662003287233,-2.567663540170395,7.902609658211402,-0.1528660343196162,2.711384112763582,2.2444389534838427,1066.84953483378,23.6814337969452,19.015415789205942,21.34377026217058,14.986330871419105,11.001833181443502,13.818275644245974,9.175503887392026,12.188554803066076,6.507080111637301,8.155667771879006,5.180769103481455,6.904168037683786,-1.5599999999999992,7537908.126357582,25.07024443495039,9.74181921010463,5.320732894542252,201.38020026498472,4.899909730850477,9.837253136417502,0.0,5.907179729351506,0.0,0.0,4.794537184071822,8.417796984328938,0.0,0.0,61.31482245369272,61.57857332570908,28.260782686303415,17.209684905291528,13.212334168400758,38.94631264623404,0.0,4.899909730850477,5.414990469396779,58.03526417230721,12.008622790258194,69.70310615856953,0.0,0.0,0.0,0.0,0.0,23.20187978046503,37.27535006393707,14.631790320489324,5.414990469396779,63.12032632655324,48.53093654769288,10.045266627482652,0.0,0.0,54.45,15.25224360581428,13.212334168400758,0.0,29.661621040555612,16.466088250408664,23.96854622924601,6.255769183511404,6.923737199690624,53.43084627854336,13.847474399381248,23.20187978046503,24.691224732725452,12.504600694986696,15.935957227541222,1.2493931210250664,0.9659081536421156,-0.3938371861090115,15.029175476296611,3.1834901114520227,5.926518985680692,-3.3702090950186476,0.48,32,0,4,0,1,1,1,2,0,2,3,0,3,0,7,1,7,0,1,1,0,0,7.632180901200575,3,6.290100000000007,132.03679999999997,0,0,0,0,0,0,0,0,0,0,1,1,0,0,0,1,0,0,0,0,1,0,0,0,0,0,0,1,0,0,0,0,0,0,2,0,0,0,0,0,0,0,0,0,2,0,0,0,0,0,0,0,0,0,0,0,0,0,0,0,0,0,0,0,0,0,0,0,0,1,0,0,0,0,0,0,0,1,0,0,0,0,0,0,0,CHEMBL4107240,CCC(CC)N1C(=O)[C@@](C)(CS(C)(=O)=O)C[C@H](c2cccc(Cl)c2)[C@H]1c1ccc(Cl)cc1,840.0,2.9242792860618816,CHEMBL1907611,Tumour suppressor p53/oncoprotein Mdm2,3,Large-Nonpolar-Aromatic-Flexible-Hydrophobic,Large-Nonpolar-Aromatic-Flexible-Hydrophobic
13.525180583550291,13.525180583550291,0.0244973544973541,-0.9512648578885348,0.5385914390436338,21.833333333333332,448.3900000000001,421.1740000000001,447.136799084,160,0,0.3036504619805114,-0.4812120697612473,0.4812120697612473,0.3036504619805114,1.0666666666666669,1.7333333333333334,2.3,35.49678479173254,9.737766782018223,2.4513466359757516,-2.4792052414031587,2.474254392009078,-2.5133242712198824,6.304410795285172,-0.1521159868098034,2.714172258681649,2.1606908244351293,895.5789835968046,21.836134335324452,17.223483072967802,18.735340965004713,14.349774308148644,10.400925690962666,11.15685463698112,7.904203370505091,8.777074931449059,6.068253443666749,6.555326861793973,4.6570430440318935,4.981758656116709,-2.0399999999999987,4430745.07534034,22.640881139249306,9.844659932239596,4.814343753884667,187.3456156210413,10.006437125691182,0.0,0.0,5.907179729351506,0.0,5.969305287951848,9.589074368143644,0.0,0.0,0.0,61.31482245369272,54.65483612601846,27.9229195489534,12.462662452073973,14.69560176298435,35.07836479776839,0.0,4.899909730850477,5.917906046161393,57.5323485955426,0.0,69.70310615856953,0.0,0.0,0.0,0.0,0.0,23.20187978046503,27.924762972142496,9.589074368143644,5.917906046161393,62.61741074978863,48.53093654769288,10.045266627482652,0.0,0.0,57.61,11.887211334113244,14.69560176298435,0.0,30.32958905673483,16.466088250408664,23.96854622924601,0.0,0.0,53.43084627854336,13.847474399381248,23.20187978046503,0.0,12.41348921904748,26.97006496427432,10.695616060193084,2.0136068594104315,-1.652667254238022,15.08448029961483,1.9008697702331971,4.13009563702024,0.0,0.4166666666666667,30,1,4,0,1,1,1,2,0,2,3,0,2,1,6,1,7,0,1,1,0,0,7.429725846072227,3,6.330100000000006,119.96180000000004,1,0,0,0,0,0,0,0,1,1,2,1,0,0,0,1,0,0,0,0,1,0,0,0,0,0,0,1,0,0,0,0,0,0,2,0,0,0,0,0,0,0,0,0,2,0,0,0,0,0,0,0,0,0,0,0,0,0,0,0,0,0,0,0,0,0,0,0,0,1,0,0,0,0,0,0,0,0,0,0,0,0,0,0,0,CHEMBL3919602,CCC(CC)N1C(=O)[C@H](CC(=O)O)C[C@H](c2cccc(Cl)c2)[C@H]1c1ccc(Cl)cc1,270.0,2.4313637641589874,CHEMBL1907611,Tumour suppressor p53/oncoprotein Mdm2,3,Large-Nonpolar-Aromatic-Flexible-Hydrophobic,Large-Nonpolar-Aromatic-Flexible-Hydrophobic
14.240960534419528,14.240960534419528,0.1723785903250188,-1.0859405094342265,0.3681543769383444,23.2,511.44900000000007,483.22500000000025,510.147698116,182,0,0.3039259588288091,-0.481204488328093,0.481204488328093,0.3039259588288091,1.1142857142857143,1.8571428571428572,2.4571428571428573,35.49678531101355,9.664925385889394,2.5202136645334567,-2.5153454687891244,2.5366065813675465,-2.532129529134445,6.30447030772226,-0.1604974402428644,2.829244220399031,1.9506422751923715,1202.3389725416764,25.16456146007064,19.69564069485009,21.207498586887,16.73020115227959,11.686595534921691,12.442524480940149,9.416014026028842,10.28888558697281,6.923490406720557,7.410563824847781,5.389446915875429,5.714162527960247,-2.889999999999999,59636846.733409464,25.210338027021884,10.386742756758624,5.213424213915028,215.2574156936552,10.006437125691182,0.0,0.0,5.907179729351506,0.0,5.969305287951848,14.57305288909085,0.0,0.0,0.0,67.38118952215433,59.86383306325105,28.3568598168702,23.91949375061871,14.69560176298435,35.07836479776839,0.0,9.883888251797686,5.414990469396779,51.11152697261659,0.0,99.79297893041591,0.0,0.0,0.0,0.0,0.0,23.20187978046503,26.866900663941745,9.589074368143644,5.414990469396779,67.80188144770757,73.05735782784227,10.045266627482652,0.0,0.0,70.5,11.384295757348628,14.69560176298435,0.0,30.32958905673483,22.886909873334673,16.690354475090988,0.0,19.317424342916777,72.48731761515721,4.983978520947208,23.20187978046503,0.0,12.591003783106956,32.32157630244646,10.951077983656225,1.7258899964306722,-1.3458413675047278,18.3490694279021,4.251026626544831,3.795086136306374,0.0,0.3214285714285714,35,1,5,0,1,1,1,2,1,3,4,0,3,1,7,2,7,0,1,1,0,0,7.481522739931602,4,7.077900000000007,137.4777999999999,1,0,0,0,0,1,0,0,1,1,2,1,0,0,0,2,0,0,0,0,1,0,0,0,0,0,0,1,0,0,0,0,0,0,2,0,0,0,0,0,0,0,0,0,2,0,0,0,0,0,0,0,0,0,0,0,0,0,0,0,0,0,0,0,0,0,0,0,0,1,0,0,0,1,0,0,0,0,0,0,0,0,0,0,0,CHEMBL3329608,CC[C@@H](c1cccnc1)N1C(=O)[C@@](C)(CC(=O)O)C[C@H](c2cccc(Cl)c2)[C@H]1c1ccc(Cl)cc1,1.5,0.1760912590556812,CHEMBL1907611,Tumour suppressor p53/oncoprotein Mdm2,3,Large-Nonpolar-Aromatic-Flexible-Hydrophobic,Large-Nonpolar-Aromatic-Flexible-Hydrophobic
13.809728656577446,13.809728656577446,0.0385781969950029,-0.3222001314682601,0.3172399271010028,18.275,562.1540000000003,521.8340000000004,561.27581982,212,0,0.2317660933058384,-0.4928583621429129,0.4928583621429129,0.2317660933058384,1.05,1.75,2.4,35.495692394664154,9.864725614914008,2.358767484846561,-2.382077694309708,2.437369328750953,-2.4076449558293738,6.301126425991043,-0.1183041166496353,2.9713889618553715,1.5137303929790202,1305.765996633337,28.225039392385703,23.952437503171705,24.70836644919016,19.371743696003257,14.34421485983912,14.722179332848349,11.023498960158834,11.45993474063082,8.236879060929995,8.48885537626948,5.799743702135196,5.925731859804939,-3.219999999999999,1102077421.4096713,28.313786600236057,12.526805320523785,6.081926543019131,242.76946925046963,24.590333973307384,0.0,11.49902366656781,5.907179729351506,0.0,0.0,4.794537184071822,0.0,0.0,0.0,30.657411226846357,110.4149119492391,29.989834251698216,25.676426381099805,14.26826309167192,28.882892168951145,0.0,5.316788604006331,5.917906046161393,51.67656810798155,43.59155820339341,82.37665847344843,0.0,11.49902366656781,24.590333973307384,11.374772549367124,11.49902366656781,11.600939890232516,45.802884858792254,11.21535880699783,5.917906046161393,55.84213457239822,60.6636706846161,5.022633313741326,0.0,0.0,54.040000000000006,0.0,4.794537184071822,0.0,24.47380856917378,22.43956302647053,54.12021786512184,12.84164324585202,7.109797541277533,35.23174507315853,61.44368005922329,21.074665797832616,11.942770258821772,6.262554986156506,18.05598064692603,4.108562639922216,5.005049269808747,2.0834883394804407,19.861642706094536,3.6233699653080063,7.371443249390303,3.796249049202549,0.4242424242424242,40,1,6,0,2,2,1,3,0,3,2,0,5,1,7,2,9,0,1,1,0,1,8.867032315700301,5,6.640400000000007,163.16569999999962,0,0,0,0,0,0,0,0,0,0,1,1,0,0,0,2,1,0,0,0,0,0,0,0,0,0,0,1,0,2,0,0,0,0,3,0,1,0,0,0,0,2,0,0,1,0,0,0,0,0,0,0,0,0,0,1,0,0,0,0,0,0,0,0,0,0,0,0,0,1,0,0,0,0,0,0,0,0,0,0,0,0,0,0,0,CHEMBL3601319,CC[C@@H](C)Oc1cc2c(cc1OC)CC(=O)N(c1ccc(N(C)CC3CCNCC3)cc1)C2c1ccc(Cl)cc1,3.5,0.5440680443502757,CHEMBL5023,p53-binding protein Mdm-2,3,Large-Nonpolar-Aromatic-Flexible-Hydrophobic,Large-Nonpolar-Aromatic-Flexible-Hydrophobic
13.801464850858038,13.801464850858038,0.016513012530086,-1.2976102686444948,0.4711862566374675,20.176470588235293,493.3900000000003,471.2140000000003,492.100747924,172,0,0.2569768283738501,-0.3957072188708418,0.3957072188708418,0.2569768283738501,1.0294117647058822,1.7352941176470589,2.3529411764705883,35.49678542504585,9.922879567677215,2.552259451684521,-2.404862533677518,2.5232883913653237,-2.4735062797816805,6.321641965101598,-0.1284218742146097,3.604360753771384,1.679179969790576,1280.7225043830094,23.924074484064484,18.30045318046468,19.81231107250159,16.42061783605633,11.032682122266015,11.788611068284473,8.9601207029016,9.803756610114188,6.747138745579726,7.314085455093566,4.512318107095639,4.940924702548966,-2.8799999999999986,90547655.13057555,22.889721514520986,8.720113404883293,3.77309321015183,207.6466551413181,9.843390348640757,0.0,5.724985593970254,0.0,5.907179729351506,0.0,9.6944469149223,0.0,5.261891554738487,0.0,53.53371512277308,54.80329714831867,38.69536797788299,24.846436733515105,14.637927532712576,29.10905950981654,5.261891554738487,4.899909730850477,5.414990469396779,25.111385245734848,13.213763929025836,104.59256183904536,0.0,6.069221312792274,0.0,0.0,0.0,23.20187978046503,29.127380784068528,17.006604953682878,16.74610333692754,45.453437888408814,66.73003775307771,10.045266627482652,0.0,0.0,73.56,5.724985593970254,9.901064578912528,0.0,31.080690533686695,26.73562110257364,23.96854622924601,0.0,47.36447921008175,24.26546827384644,6.069221312792274,33.20063428900357,6.7073832357016885,12.931286099021431,15.483627549270736,20.08897504352129,1.569095260819273,-0.2030971014949192,21.729101537495964,1.7205260250601713,0.5286579061599186,0.0,0.2592592592592592,34,1,5,1,1,2,1,3,0,3,1,0,4,1,7,1,7,1,0,1,0,1,5.870616688612351,5,5.5112800000000055,129.4193,0,1,1,0,0,0,0,0,0,0,1,1,0,0,0,2,0,0,0,0,0,0,0,0,0,0,0,1,0,0,0,0,0,0,3,0,1,0,0,0,0,1,0,0,2,0,0,0,0,0,0,0,0,0,0,0,0,1,0,0,0,0,0,0,0,0,0,0,0,0,0,0,0,0,0,0,0,0,0,0,0,0,0,0,0,CHEMBL1834288,N#Cc1ccc(CN2C(=O)c3cccc(Cl)c3C2(OCC2(CO)CC2)c2ccc(Cl)cc2)cc1,136.0,2.1335389083702174,CHEMBL1907611,Tumour suppressor p53/oncoprotein Mdm2,3,Large-Nonpolar-Aromatic-Flexible-Hydrophobic,Large-Nonpolar-Aromatic-Flexible-Hydrophobic
14.415179638727915,14.415179638727915,0.1082046111539711,-1.054805895866577,0.403010046889223,29.31578947368421,561.5500000000002,523.2460000000003,560.220863056,206,0,0.3039259575084518,-0.481204488331577,0.481204488331577,0.3039259575084518,1.0789473684210529,1.736842105263158,2.3157894736842106,35.496785652200394,9.666538951888054,2.52070915296165,-2.5245469951148594,2.518811526653842,-2.5904194614470093,6.304469963106982,-0.1614852814536937,2.836611315586162,1.8332097801470708,1133.3276954720611,27.612155217263343,22.570508790494348,24.082366682531255,18.001058100108686,13.437038913588657,14.192967859607108,11.24354130737824,12.116412868322213,7.960645397331776,8.447718815458998,6.426181514409848,6.750897126494666,-2.1199999999999988,183163759.66722557,28.87705329472134,11.9510547141597,6.361395172412454,235.402816053602,14.743300079491233,0.0,0.0,5.907179729351506,0.0,5.969305287951848,14.48898409899412,0.0,0.0,0.0,61.31482245369272,62.081488902473694,41.63928272052973,30.085585696967357,19.432464716784395,35.07836479776839,0.0,9.799819461700954,5.414990469396779,77.16693414749444,19.634269217737724,69.70310615856953,0.0,0.0,0.0,0.0,0.0,23.20187978046503,64.6668746962273,14.325937321943693,5.414990469396779,70.04406352624387,48.53093654769288,10.045266627482652,0.0,0.0,70.08,11.384295757348628,14.69560176298435,0.0,42.537521832231434,23.01084465632124,30.63723741814515,0.0,6.923737199690624,53.43084627854336,25.67112132992235,27.938742734265084,5.950291228805943,12.690993355680057,30.790131097502428,11.076538725332242,0.9195440138503972,-1.2293419519671624,14.98482615278768,1.1335570835100373,10.322349183387264,0.0,0.5333333333333333,38,1,6,0,2,2,1,2,0,2,6,0,4,1,8,2,8,0,2,2,0,2,9.08187483970843,4,6.419400000000007,150.73679999999973,1,0,0,0,0,0,0,0,1,1,2,1,0,0,0,2,0,0,0,0,1,0,0,0,0,0,0,1,0,0,0,0,0,0,2,0,0,0,0,0,0,1,0,0,2,0,0,0,0,0,0,0,0,0,0,0,1,0,0,0,0,0,0,0,0,0,0,0,0,1,0,0,0,0,0,0,0,0,0,0,0,0,0,0,0,CHEMBL3910104,CC[C@@H](CN1CC(C)OC(C)C1)N1C(=O)[C@@](C)(CC(=O)O)C[C@H](c2cccc(Cl)c2)[C@H]1c1ccc(Cl)cc1,10.0,1.0,CHEMBL1907611,Tumour suppressor p53/oncoprotein Mdm2,3,Large-Nonpolar-Aromatic-Flexible-Hydrophobic,Large-Nonpolar-Aromatic-Flexible-Hydrophobic
14.270691977408248,14.270691977408248,0.1501188114134544,-0.8525351158982122,0.2605147808123261,15.88888888888889,637.3490000000003,610.133,636.055579464,188,0,0.2567676644986067,-0.3984080283285698,0.3984080283285698,0.2567676644986067,0.9722222222222222,1.6666666666666667,2.3333333333333335,126.91270453133072,10.019049491330598,2.403031879239787,-2.317440814455621,2.371522923595455,-2.42597148836563,14.111919612923051,-0.1228817772632449,2.902173160657843,1.8607495790294064,1283.2653246707982,25.982398705266423,20.048661141476988,23.71801732469022,17.150774800938816,11.514338514874034,13.34901660648065,9.038453258050447,11.156957038181224,6.173680294509705,7.331744815963018,4.3862246568572445,5.183955023817125,-2.329999999999999,87853901.00656831,26.72511393750629,11.375803211414643,5.799636926949712,234.6350458901826,20.433396669713616,6.041840829147961,0.0,0.0,11.814359458703011,0.0,9.589074368143644,0.0,0.0,0.0,41.40098098584986,103.2432650838863,32.39234798505676,11.250837766380558,9.589074368143644,68.98188241560322,0.0,9.799819461700954,0.0,19.007418857986547,37.81843398519219,90.96947405825514,0.0,0.0,10.633577208012662,11.374772549367124,0.0,45.79275040753309,48.79903569758349,11.339293589984395,3.5701822710653963,33.94755411123678,60.6636706846161,10.045266627482652,0.0,0.0,69.88,6.041840829147961,9.589074368143644,0.0,18.359115864615585,44.65515005785334,16.53576029990398,0.0,52.26438894093222,32.29444517073921,27.490780357918535,28.935547257627217,0.913231714823977,14.457713241941864,33.83708249422349,1.0657956143606957,9.23714373874691,-0.404446968869852,17.02954301160266,0.7597492377218207,1.4486914141840928,3.9977187234865665,0.2592592592592592,36,2,6,0,1,1,2,3,0,3,1,0,4,1,9,1,7,0,0,0,0,0,8.444989915436286,4,5.862200000000005,154.61389999999977,0,0,0,1,0,0,0,0,0,0,2,2,0,0,0,3,0,1,0,0,0,0,0,0,0,0,0,2,0,2,0,0,0,0,3,0,1,0,0,0,0,0,0,0,3,0,0,0,0,0,0,0,0,0,0,0,0,0,0,0,0,0,0,0,0,0,0,0,0,0,0,0,0,0,0,0,0,0,0,0,0,0,0,0,0,CHEMBL212747,CN(C)CCCN1C(=O)[C@H](c2ccc(Cl)cc2)N(Cc2ccc(Cl)cc2N)C(=O)c2cc(I)ccc21,12200.0,4.086359830674748,CHEMBL5023,p53-binding protein Mdm-2,3,Large-Nonpolar-Aromatic-Flexible-Hydrophobic,Large-Nonpolar-Aromatic-Flexible-Hydrophobic
13.363644932252736,13.363644932252736,0.342543461829176,-0.9760480704627528,0.4582666473980496,13.0,453.36900000000014,431.1930000000002,452.105833304,158,0,0.2475325680781947,-0.3675734960593971,0.3675734960593971,0.2475325680781947,0.8387096774193549,1.3548387096774193,1.870967741935484,35.496784863610635,9.987228217456378,2.3277833481224484,-2.34591830518984,2.3205585023887494,-2.4212466915424993,6.304049717776934,-0.137953972180477,2.76935652523559,2.0356344275320657,1064.9408358108894,22.38010440969447,16.911943967859408,18.42380185989632,14.863081100704116,9.722369763424028,10.47829870944248,7.073505992553266,7.9463775534972365,4.975491667145596,5.479444297824568,3.3683581147412056,3.6203344300806903,-3.0799999999999987,8178330.761212532,22.60176456289857,10.29206456500204,5.750046601625445,191.439884321284,10.633577208012662,6.041840829147961,0.0,11.814359458703011,0.0,0.0,9.589074368143644,0.0,0.0,0.0,77.79918339661953,53.95558005546193,16.121286734316534,6.041840829147961,9.589074368143644,41.09225934600192,0.0,4.899909730850477,5.733667477162185,19.007418857986547,0.0,111.67441309940848,0.0,0.0,5.733667477162185,0.0,0.0,23.20187978046503,16.714269189553487,9.589074368143644,0.0,35.697773333077535,84.93879199683484,10.045266627482652,6.076020106833881,0.0,63.4,17.990861387647428,9.589074368143644,0.0,5.907179729351506,15.608718119179647,11.126902983393991,10.975929837684358,42.47422251760354,49.38830667892189,0.0,28.935547257627213,0.0,12.029877444969411,27.38908436228452,1.112520878410059,8.061650328932377,-0.9771757859522404,21.92492234849538,3.1641267391730357,1.8505492392430225,0.0,0.12,31,2,4,0,0,0,2,3,0,3,2,0,2,1,6,0,7,0,0,0,0,0,7.503832908526684,3,5.823000000000004,125.57640000000002,0,0,0,0,0,0,0,0,0,0,2,2,0,0,0,1,0,1,0,0,0,0,0,0,0,0,0,2,0,0,0,0,0,0,3,0,0,0,0,0,0,0,0,0,2,0,0,0,0,0,0,0,0,0,0,0,0,0,0,0,0,0,0,0,0,0,0,0,0,0,0,1,0,0,0,0,0,0,0,0,0,0,0,0,0,CHEMBL182051,C[C@H](c1ccc(Cl)cc1)N(C(=O)/C=C/c1ccccc1)[C@H](C(N)=O)c1ccc(Cl)cc1,30000.0,4.477121254719663,CHEMBL5023,p53-binding protein Mdm-2,3,Large-Nonpolar-Aromatic-Flexible-Hydrophobic,Large-Nonpolar-Aromatic-Flexible-Hydrophobic
13.812486566333355,13.812486566333355,0.0023959022668995,-0.3646331888463718,0.2741921837577982,20.547619047619047,591.1960000000001,547.8520000000003,590.3023689160001,224,0,0.2318179908019457,-0.4928583645563635,0.4928583645563635,0.2318179908019457,1.0,1.7142857142857142,2.3095238095238093,35.495692502491806,9.850589914029053,2.361489321431845,-2.379866692494535,2.4354163648938822,-2.4087029080326836,6.301124738813033,-0.1183088269367626,2.9676213711044883,1.4408356216454188,1368.78444228927,29.965526368391863,25.63975791298506,26.39568685900352,20.13826934618278,14.92802315743558,15.305987630444807,12.15637228234558,12.592808062817564,8.61720168028449,8.869177995623975,6.4000991913453,6.526087349015041,-3.2899999999999996,2178252699.311934,30.17707159812649,12.922653508450166,6.523711117646363,254.92897294680475,19.273545369301058,5.817862777835028,11.49902366656781,5.907179729351506,0.0,0.0,9.6944469149223,4.983978520947208,0.0,0.0,23.733674027155736,112.63256778846171,24.65690253147905,37.56065622739644,14.26826309167192,29.01336867210261,0.0,9.883888251797686,5.917906046161393,64.13923056005552,44.59738935692263,76.44076790813827,0.0,11.49902366656781,19.273545369301058,11.50524905251859,11.49902366656781,11.600939890232516,62.73444509326712,11.21535880699783,5.917906046161393,62.26295619532425,54.72778011930596,5.022633313741326,0.0,0.0,58.14000000000001,0.0,4.794537184071822,0.0,24.473808569173777,28.481403855618492,34.74035993352215,25.68328649170404,7.109797541277533,73.47516424953768,30.942835409732524,26.058644318779823,11.762601540629944,6.258839572559975,25.107464850045723,0.6485910494050986,3.653354501728976,2.874766844680819,16.033373521388974,7.038756172847092,4.9635188944213855,8.10317749673646,0.4705882352941176,42,0,7,1,1,2,1,2,1,3,1,0,6,0,8,2,9,1,0,1,0,0,9.284948575292407,5,6.766100000000008,170.18299999999954,0,0,0,0,0,1,0,0,0,0,1,1,0,0,0,4,0,0,0,0,0,0,0,0,0,0,0,1,0,2,0,0,0,0,2,0,1,0,0,0,0,2,0,0,1,0,0,0,0,0,0,0,0,0,0,1,0,0,0,0,0,0,0,0,0,0,0,0,0,0,0,0,0,1,0,0,0,0,0,0,0,0,0,0,0,CHEMBL3601399,COc1cc2c(cc1OC(C)C)[C@H](c1ccc(Cl)cc1)N(c1ccc(N(C)C[C@H]3CC[C@H](N(C)C)CC3)nc1)C(=O)C2,1.6,0.2041199826559248,CHEMBL1907611,Tumour suppressor p53/oncoprotein Mdm2,3,Large-Nonpolar-Aromatic-Flexible-Hydrophobic,Large-Nonpolar-Aromatic-Flexible-Hydrophobic
13.710329686144004,13.710329686144004,0.0743284998164148,-1.10581034265558,0.4385579353428614,20.96875,512.8310000000001,489.64700000000016,511.05498337600005,164,0,0.2569214103747126,-0.3957072188708944,0.3957072188708944,0.2569214103747126,1.03125,1.78125,2.46875,79.91873132077448,9.925095423073602,2.540856447325807,-2.4024364032052983,2.5082815088419186,-2.472049141321835,9.103005362256717,-0.1284853987024526,3.5537656941580344,1.6654368731274296,1161.743402993049,22.34672421487486,17.430589854154352,19.77251533928751,15.471929431072592,10.642408657849373,11.81337140041595,8.664501977018718,10.016613286282391,6.492798476683645,7.238026430740171,4.4084792896870475,4.981116507692091,-2.1799999999999993,36023584.64753674,21.65451122773678,8.306410892080937,3.6722022381798007,200.45341472421248,9.843390348640757,0.0,5.724985593970254,0.0,5.907179729351506,0.0,9.6944469149223,0.0,0.0,0.0,69.99545326741313,48.73693007985706,38.14545417997408,13.213763929025836,14.637927532712576,33.43806351753337,0.0,4.899909730850477,5.414990469396779,25.111385245734848,13.213763929025836,104.54556361790108,0.0,0.0,0.0,0.0,0.0,27.530883788181864,29.127380784068524,17.006604953682878,5.414990469396779,39.889986396711826,77.26912433737174,5.022633313741326,0.0,0.0,49.77,5.724985593970254,9.901064578912528,0.0,17.929052163261204,23.737723175863817,34.00471723677542,0.0,4.899909730850477,72.79640482153933,15.929943897949348,16.337802844032566,7.69009627438492,9.732380318342091,15.512048318041208,10.536558866576678,1.9345659634738692,-0.0792861866969012,23.0504231655017,1.8361569996328293,0.8148340585213782,0.0,0.2692307692307692,32,1,4,1,1,2,1,3,0,3,1,0,3,1,6,1,7,1,0,1,0,1,5.620977122648804,5,5.748700000000005,127.39430000000004,0,1,1,0,0,0,0,0,0,0,1,1,0,0,0,1,0,0,0,0,0,0,0,0,0,0,0,1,0,0,0,0,0,0,3,0,1,0,0,0,0,1,0,0,2,0,0,0,0,0,0,0,0,0,0,0,0,0,0,0,0,0,0,0,0,0,0,0,0,0,0,0,0,0,0,0,0,0,0,0,0,0,0,0,0,CHEMBL1688287,O=C1c2ccccc2C(OCC2(CO)CC2)(c2ccc(Cl)cc2)N1Cc1cccc(Br)c1,47000.0,4.672097857935717,CHEMBL5023,p53-binding protein Mdm-2,3,Large-Nonpolar-Aromatic-Flexible-Hydrophobic,Large-Nonpolar-Aromatic-Flexible-Hydrophobic
12.012315435921517,12.012315435921517,0.3371748636161651,-0.6780257970641019,0.6048816175181486,20.258064516129032,418.58100000000024,384.3090000000002,418.262028328,164,0,0.11887676529166,-0.4935489066911597,0.4935489066911597,0.11887676529166,0.935483870967742,1.5806451612903225,2.225806451612903,16.47681833164038,9.679489989303022,2.461049964324894,-2.451011209300131,2.478156110332725,-2.470200945452558,5.340083925581062,-0.093389858725128,3.3825225383350106,1.270704120735035,847.0552139515199,21.520450801241797,18.37891663110165,18.37891663110165,15.196856541928934,11.831090411991172,11.831090411991172,9.126860346839022,9.126860346839022,7.294596268602526,7.294596268602526,5.576338495418759,5.576338495418759,-2.349999999999999,21056500.463118818,21.86590560259953,10.306733964984934,5.112684322982135,186.01115906782667,14.743300079491233,5.749511833283905,0.0,0.0,0.0,0.0,0.0,0.0,5.261891554738487,0.0,43.173478588160066,86.85835278432144,6.544756405912575,23.840605579985876,9.843390348640757,0.0,5.261891554738487,4.899909730850477,11.835812092322788,50.54680217146576,26.241151182250643,65.72420659954848,0.0,11.81873314607618,4.736862953800049,0.0,5.749511833283905,0.0,36.247588307941825,5.601050810983688,23.166924959853542,56.07265434387607,54.59730361615449,0.0,0.0,0.0,56.489999999999995,5.601050810983688,5.106527394840706,0.0,0.0,24.0061455485327,63.05134065734868,12.84164324585202,12.13273413692322,18.19910120538483,35.23459931748919,9.998754508538536,5.821193390879017,0.0,2.5125997976223444,20.882317923146523,1.0992457760486285,1.5542754642623176,19.86230128450309,7.888262521872091,3.796470508332656,0.0,0.5185185185185185,31,1,4,1,1,2,0,2,0,2,1,0,4,1,4,1,8,1,1,2,0,0,7.26987328869248,4,5.117180000000005,122.72980000000008,0,1,0,0,0,0,0,0,0,0,0,0,0,0,0,2,0,0,0,0,1,0,0,0,0,0,0,0,0,0,0,0,0,0,2,0,0,0,0,0,0,1,0,0,0,0,0,0,0,0,0,0,0,0,0,0,0,1,0,0,0,0,0,0,0,0,0,0,0,1,0,0,0,0,0,0,0,0,0,0,0,0,0,0,0,CHEMBL3126187,N#Cc1ccc(OCCCN2CCC([C@@](O)(c3ccccc3)C3CCCC3)CC2)cc1,270.0,2.4313637641589874,CHEMBL1615381,Menin,3,Large-Nonpolar-Aromatic-Flexible-Hydrophobic,Large-Nonpolar-Aromatic-Flexible-Hydrophobic
13.629983369376555,13.629983369376555,0.0389416770432287,-1.1831233859284445,0.5417379001801513,20.96875,451.92500000000007,428.74100000000016,451.1350494960001,164,0,0.2569214055217022,-0.3957072188708944,0.3957072188708944,0.2569214055217022,1.0,1.6875,2.34375,35.49569199710501,9.925059631164649,2.540782431204905,-2.402239073137092,2.507853196718084,-2.4720368011796285,6.301100529250201,-0.1284837198521277,3.5647049169361513,1.6546766195076568,1144.493402993049,22.34672421487486,17.43058985415435,18.18651880017281,15.471929431072592,10.642408657849373,11.020373130858598,8.661047653324768,9.097483433796752,6.517027140541311,6.769003455880796,4.362976107806905,4.488964265476648,-2.729999999999999,36793686.41176286,21.133369075725387,7.997779925298242,3.5055236420262386,190.75140252149737,9.843390348640757,5.817220841045894,5.724985593970254,0.0,5.907179729351506,0.0,9.6944469149223,4.39041504767482,0.0,0.0,54.06550936946378,48.73693007985706,33.672734664141664,13.213763929025836,19.028342580387395,17.508119619584022,0.0,4.899909730850477,5.414990469396779,25.111385245734848,13.213763929025836,105.89006494311457,0.0,0.0,0.0,4.39041504767482,0.0,11.600939890232516,29.127380784068524,17.006604953682878,11.232211310442672,39.889986396711826,72.79640482153933,5.022633313741326,0.0,0.0,49.77,5.724985593970254,14.291479626587348,0.0,30.291029410219675,17.19296676995124,29.531997720943004,12.13273413692322,35.23174507315853,30.33183534230805,0.0,16.337802844032566,20.17136974246516,6.165790535321606,15.326012280941184,10.466108270649684,1.42528738502637,-0.4885736086471113,20.85566914597225,1.7653833540864567,0.5907306719621843,0.0,0.2692307692307692,32,1,4,1,1,2,1,3,0,3,1,0,3,1,6,1,7,1,0,1,0,1,5.281876092117349,5,5.125300000000004,119.65230000000004,0,1,1,0,0,0,0,0,0,0,1,1,0,0,0,1,0,0,0,0,0,0,0,0,0,0,0,1,0,0,0,0,0,0,3,0,1,0,0,0,0,1,0,0,2,0,0,0,0,0,0,0,0,0,0,0,0,0,0,0,0,0,0,0,0,0,0,0,0,0,0,0,0,0,0,0,0,0,0,0,0,0,0,0,0,CHEMBL1688278,O=C1c2ccccc2C(OCC2(CO)CC2)(c2ccc(Cl)cc2)N1Cc1ccc(F)cc1,2600.0,3.4149733479708178,CHEMBL5023,p53-binding protein Mdm-2,3,Large-Nonpolar-Aromatic-Flexible-Hydrophobic,Large-Nonpolar-Aromatic-Flexible-Hydrophobic
14.07818984280955,14.07818984280955,0.0045205026455024,-0.9540346846042946,0.4417668512588857,23.5625,476.4440000000001,445.19600000000014,475.168099212,172,0,0.303936818696414,-0.4812043573859503,0.4812043573859503,0.303936818696414,1.0625,1.71875,2.25,35.49678499630044,9.644772950741984,2.5300415264494505,-2.5237465628710685,2.533350366306605,-2.563205013147744,6.304448507058816,-0.1621522745025199,2.7687975341819264,2.2536627744467537,957.7992811013124,23.465890847321372,18.85323958496472,20.365097477001633,15.256386481448766,11.313520928406495,12.069449874424953,8.749152753250332,9.6220243141943,6.970287434405361,7.457360852532585,5.237027277377845,5.561742889462662,-2.0399999999999987,10599931.577580446,24.599449186326463,10.266365343370994,4.8159826130214265,200.07549984983456,10.006437125691182,0.0,0.0,5.907179729351506,0.0,5.969305287951848,9.589074368143644,0.0,0.0,0.0,68.23855965338335,61.075657748944465,22.005013502792007,17.877652921470748,14.69560176298435,35.07836479776839,0.0,4.899909730850477,5.414990469396779,70.87690741815923,0.0,69.70310615856953,0.0,0.0,0.0,0.0,0.0,23.20187978046503,27.924762972142496,9.589074368143644,5.414990469396779,75.96196957240527,48.53093654769288,10.045266627482652,0.0,0.0,57.61,11.384295757348628,14.69560176298435,0.0,30.32958905673483,22.886909873334673,23.96854622924601,0.0,0.0,60.35458347823398,13.847474399381248,23.20187978046503,0.0,12.526638727528727,27.92768070501506,10.992469709831948,1.0633481574214052,-1.0960300695287468,15.1450672705143,2.3377090769435354,6.075338644495991,0.0,0.4615384615384615,32,1,4,0,1,1,1,2,0,2,3,0,2,1,6,1,8,0,1,1,0,0,7.892091643516181,3,7.110300000000007,129.19580000000002,1,0,0,0,0,0,0,0,1,1,2,1,0,0,0,1,0,0,0,0,1,0,0,0,0,0,0,1,0,0,0,0,0,0,2,0,0,0,0,0,0,0,0,0,2,0,0,0,0,0,0,0,0,0,0,0,0,0,0,0,0,0,0,0,0,0,0,0,0,1,0,0,0,0,0,0,0,0,0,0,0,0,0,0,0,CHEMBL4108954,CCC(CC)N1C(=O)[C@@](CC)(CC(=O)O)C[C@H](c2cccc(Cl)c2)[C@H]1c1ccc(Cl)cc1,20.0,1.3010299956639813,CHEMBL1907611,Tumour suppressor p53/oncoprotein Mdm2,3,Large-Nonpolar-Aromatic-Flexible-Hydrophobic,Large-Nonpolar-Aromatic-Flexible-Hydrophobic
14.293200353958454,14.293200353958454,0.0732014956188238,-4.669708239783772,0.3072292744540185,22.53846153846154,579.4460000000001,552.2300000000002,578.1350827439999,206,0,0.432844664582705,-0.4812044883280517,0.4812044883280517,0.432844664582705,1.0769230769230769,1.7435897435897436,2.3333333333333335,35.49678585118829,9.665674575673506,2.5243855262535493,-2.5134224521207735,2.5375255774193906,-2.5335066206100394,6.304485502486161,-0.1607045361076946,2.866816828868022,1.966010433197876,1366.3837982802245,28.534804948073713,21.252183844688147,22.764041736725055,18.33537286780213,12.43435806044117,13.190287006459624,10.07510728619938,10.94797884714335,7.256778360662,7.743851778789224,5.566634129616789,5.891349741701607,-3.0999999999999988,265634476.9797077,28.896556988124583,11.178182056348785,6.068246533048682,234.11896401683055,10.006437125691182,5.693927994848461,0.0,5.907179729351506,0.0,12.145603805395323,9.589074368143644,4.983978520947208,13.17124514302446,0.0,67.38118952215433,60.366748640015665,15.963172673644046,29.61342174546717,27.86684690600881,35.07836479776839,0.0,9.883888251797686,5.414990469396779,57.28782549006007,0.0,99.29006335365128,0.0,0.0,0.0,13.17124514302446,0.0,23.20187978046503,26.866900663941745,15.76537288558712,5.414990469396779,73.62628594570751,66.73003775307771,10.045266627482652,0.0,0.0,70.5,53.584111326375385,27.86684690600881,0.0,18.53557124070048,15.608718119179647,11.629818560158606,17.032643867773697,56.31204387861251,6.06636706846161,4.983978520947208,23.20187978046503,40.76414724910917,12.494712943777072,31.666695624771094,10.694628641752336,-0.8377642536519254,-2.03537654081673,16.132802501412566,-4.680154335917697,3.3558637251196775,0.0,0.3448275862068966,39,1,5,0,1,1,1,2,1,3,4,0,3,1,10,2,7,0,1,1,0,0,8.282332687561905,4,8.096700000000006,142.4797999999998,1,0,0,0,0,1,0,0,1,1,2,1,0,0,0,2,0,0,0,0,1,0,0,0,0,3,0,1,0,0,0,0,0,0,2,0,0,0,0,0,0,0,0,0,5,0,0,0,0,0,0,0,0,0,0,0,0,0,0,0,0,0,0,0,0,0,0,0,0,1,0,0,0,1,0,0,0,0,0,0,0,0,0,0,0,CHEMBL3932633,CC[C@@H](c1cccc(C(F)(F)F)n1)N1C(=O)[C@@](C)(CC(=O)O)C[C@H](c2cccc(Cl)c2)[C@H]1c1ccc(Cl)cc1,1.0,0.0,CHEMBL1907611,Tumour suppressor p53/oncoprotein Mdm2,3,Large-Nonpolar-Aromatic-Flexible-Hydrophobic,Large-Nonpolar-Aromatic-Flexible-Hydrophobic
13.72989626544386,13.72989626544386,0.0223252078044509,-0.8549826002348817,0.1804830351231018,10.95,555.0490000000002,526.8250000000003,554.1772486560001,202,0,0.3031777658795126,-0.488200129698436,0.488200129698436,0.3031777658795126,0.85,1.625,2.375,35.49569240419387,10.022482219843534,2.168009842382246,-2.1242583255027787,2.343420195344817,-2.053935413812091,6.301530377480582,-0.136475347342011,3.389288249841371,1.526226865581578,1600.3598735155535,27.89876597875264,21.764554795602432,22.52048374162089,19.440693381224552,13.04495177322478,13.422916246234008,9.523297955548546,9.959733736020532,6.605892382657109,6.8409894854448465,4.549328360547504,4.762213411108751,-4.419999999999998,1434505297.5657368,27.158410092224035,12.622613592588529,6.95663894371259,236.9947687986481,9.843390348640757,18.17361463884272,0.0,0.0,0.0,5.969305287951848,9.476340119217006,4.39041504767482,5.098681808301038,0.0,60.13187643792539,84.1293013370975,29.115114325973902,11.387855989696922,19.028342580387395,17.570245178184365,0.0,9.78048474344622,0.0,32.41410323920353,0.0,130.65844879372565,0.0,28.264270806374817,4.736862953800049,4.39041504767482,5.749511833283905,11.600939890232516,20.856317426238775,30.787818800349335,5.817220841045894,23.11117609801699,103.1282401638474,5.022633313741326,22.514758973090913,0.0,64.35,5.969305287951848,14.291479626587348,0.0,12.238042463971905,36.038533135225194,34.36855558456246,17.696185628620217,12.13273413692322,71.41184068822291,12.13273413692322,21.436484652333604,21.899957837236133,6.157224082877931,11.221199899704782,14.80574253220938,6.116650990917501,-0.5359329391429919,31.6748644301194,1.1784473968527758,0.9262902136695356,0.0,0.1515151515151515,40,1,5,0,0,0,0,4,1,5,0,0,4,1,7,1,11,0,0,0,0,0,8.570252909580015,5,7.848500000000007,154.94379999999964,1,0,0,0,0,2,0,0,1,1,1,0,0,0,0,2,0,0,0,0,0,0,0,0,0,0,0,0,0,0,3,0,0,0,4,0,0,0,0,0,0,1,0,0,2,0,0,0,0,0,0,0,0,0,0,0,0,0,0,0,0,0,0,0,0,0,0,0,0,0,0,0,0,0,0,0,0,0,0,0,0,0,0,0,0,CHEMBL3134198,O=C(O)CCc1ccc(OCc2cccc(Cl)c2)c(-c2cc(-c3ccc(F)cc3)n(CCc3ccccc3)n2)c1,47830.0,4.679700380871964,CHEMBL1907611,Tumour suppressor p53/oncoprotein Mdm2,3,Large-Nonpolar-Aromatic-Flexible-Hydrophobic,Large-Nonpolar-Aromatic-Flexible-Hydrophobic
14.476599234343944,14.476599234343944,0.1486748866213145,-1.0849956870608328,0.3237300759366949,24.62162162162162,537.4870000000003,507.2470000000003,536.1633481800001,192,0,0.3039259588612552,-0.4812044883280517,0.4812044883280517,0.3039259588612552,1.054054054054054,1.8108108108108107,2.4324324324324325,35.4967855243607,9.664931640480544,2.5296033732011143,-2.5151886877417304,2.5488811452222007,-2.5348263358463425,6.304480675212529,-0.1608172028047517,3.692785466760181,1.7177197989516224,1279.4986867129646,26.15612529163336,20.68720452641281,22.199062418449717,17.747839242484634,12.71429973186807,13.470228677886526,10.655088116578282,11.52795967752225,7.750299978884798,8.237373397012023,5.842548160887943,6.167263772972759,-2.8899999999999992,343865092.5166118,25.74673620554953,10.466837255489494,5.531918320717783,226.98146876891917,10.006437125691182,0.0,0.0,5.907179729351506,0.0,5.969305287951848,14.57305288909085,0.0,0.0,0.0,73.29909556831574,66.28465468617706,22.16001624525712,29.61342174546717,14.69560176298435,35.07836479776839,0.0,9.883888251797686,11.332896515558172,57.02943301877799,0.0,99.79297893041591,0.0,0.0,0.0,0.0,0.0,23.20187978046503,26.866900663941745,9.589074368143644,11.332896515558172,73.85026399702045,72.92688132469078,10.045266627482652,0.0,0.0,70.5,11.384295757348628,14.69560176298435,0.0,30.32958905673483,22.38399429657006,36.08329584702048,0.0,13.1205807713037,71.62994748392819,4.983978520947208,23.20187978046503,0.0,12.687183764741484,33.122873457672185,11.065398971310543,1.6749281672545564,-0.789918486006448,20.47890025231558,4.942490868596869,1.7903652263374483,0.0,0.3666666666666666,37,1,5,1,1,2,1,2,1,3,4,0,3,1,7,2,8,1,1,2,0,0,7.283429668202866,5,7.468000000000006,144.5277999999998,1,0,0,0,0,1,0,0,1,1,2,1,0,0,0,2,0,0,0,0,1,0,0,0,0,0,0,1,0,0,0,0,0,0,2,0,0,0,0,0,0,0,0,0,2,0,0,0,0,0,0,0,0,0,0,0,0,0,0,0,0,0,0,0,0,0,0,0,0,1,0,0,0,1,0,0,0,0,0,0,0,0,0,0,0,CHEMBL3938935,C[C@]1(CC(=O)O)C[C@H](c2cccc(Cl)c2)[C@@H](c2ccc(Cl)cc2)N([C@@H](CC2CC2)c2ccccn2)C1=O,80.0,1.9030899869919435,CHEMBL1907611,Tumour suppressor p53/oncoprotein Mdm2,3,Large-Nonpolar-Aromatic-Flexible-Hydrophobic,Large-Nonpolar-Aromatic-Flexible-Hydrophobic
14.934294340164048,14.934294340164048,0.014435468631897,-3.508158848001244,0.2572950512478224,24.341463414634145,612.6630000000001,573.3510000000003,611.2027704679999,218,0,0.2291928794627679,-0.3302689769370716,0.3302689769370716,0.2291928794627679,0.902439024390244,1.5609756097560976,2.1463414634146343,35.49678669661396,9.658353713530513,2.54575099143262,-2.523711580713814,2.5386649962670944,-2.585032502704002,7.922946897785256,-0.154246119325553,3.750067610953261,1.7021213015811378,1496.9239239002036,29.57877502244373,24.186624185530253,26.514978658494886,19.28844380423479,14.389314090751906,16.797508263090513,13.0960339255565,16.756479443432525,8.874193502318413,12.007645806102504,6.356786485277174,8.063881128438922,-2.3399999999999985,1513681010.5522442,30.128726763521644,11.390285719841115,6.3768415216729135,254.52628966070932,4.899909730850477,0.0,9.837253136417502,5.907179729351506,0.0,0.0,4.794537184071822,8.417796984328938,0.0,0.0,84.72292059631015,93.32822688587476,22.005013502792007,21.956707358509085,13.212334168400758,38.94631264623404,0.0,4.899909730850477,11.332896515558172,76.12684544814141,5.752853606746789,105.5983929925746,0.0,0.0,0.0,0.0,0.0,23.20187978046503,35.76660333364323,21.052611943415332,11.332896515558172,75.60751501794086,78.86277189000094,10.045266627482652,0.0,0.0,54.45,26.041106888179797,13.212334168400758,0.0,29.53768625756904,22.886909873334673,29.531997720943004,0.0,20.771211599071872,72.48731761515721,18.19910120538483,23.20187978046503,26.49294149167931,12.835883070784003,16.908705243414236,1.254011616957786,2.3423442673459216,0.0057022742224459,24.853443073596893,3.002591493770245,7.284758538452623,-3.508158848001244,0.4411764705882353,41,0,4,1,1,2,1,3,0,3,4,0,3,0,7,1,8,1,1,2,0,0,8.370117224671596,5,8.291500000000006,168.15379999999948,0,0,0,0,0,0,0,0,0,0,1,1,0,0,0,1,0,0,0,0,1,0,0,0,0,0,0,1,0,0,0,0,0,0,3,0,0,0,0,0,0,0,0,0,2,0,0,0,0,0,0,0,0,0,0,0,0,0,0,0,0,0,0,0,0,0,0,0,0,1,0,0,0,0,0,0,0,1,0,0,0,0,0,0,0,CHEMBL3236638,CC(C)(C)S(=O)(=O)C[C@H](C1CC1)N1C(=O)[C@@](C)(Cc2ccccc2)C[C@H](c2cccc(Cl)c2)[C@H]1c1ccc(Cl)cc1,7.6,0.8808135922807914,CHEMBL5023,p53-binding protein Mdm-2,3,Large-Nonpolar-Aromatic-Flexible-Hydrophobic,Large-Nonpolar-Aromatic-Flexible-Hydrophobic
12.698283179446149,12.698283179446149,0.0078935896621683,-4.009363785223043,0.4337852994938442,11.0,443.5240000000001,422.3560000000003,443.119129152,160,0,0.2645193783910916,-0.4889174061666781,0.4889174061666781,0.2645193783910916,0.71875,1.34375,2.03125,32.23327230967221,10.031028970098546,2.1877217683031636,-2.0973362831244464,2.2045197967436185,-2.3012623325729855,7.896979694249447,0.0981154189456068,2.8389913987460274,1.4398831209738467,1303.0601884408609,22.390694289244873,17.140653078919133,17.95714965984686,15.509969818002329,10.006160054586902,11.489323302181296,7.127131217248521,8.80953345865804,4.841304623973081,6.188196736036187,3.158705352334544,4.132867779980151,-3.899999999999998,21849604.586547505,21.33654635497979,9.492336526447314,5.2247104578340835,186.918275372056,4.736862953800049,12.356393797796825,0.0,0.0,15.930470882759089,0.0,4.794537184071822,13.139891848781026,0.0,0.0,72.79640482153933,53.08855688586065,5.563451491696996,4.895483475517775,17.949197122200808,15.930470882759089,0.0,4.722094864452088,0.0,11.502365440030694,0.0,120.32151021570304,0.0,16.876414816677897,9.458957818252138,0.0,5.749511833283905,0.0,14.324976713680442,16.630173117920503,0.0,15.921440167465814,114.0900907078268,0.0,11.126902983393991,0.0,72.47,15.930470882759089,13.212334168400758,0.0,10.45893496721477,6.606881964512918,22.439866308374892,12.13273413692322,30.33183534230805,66.73003775307771,4.722094864452088,4.736862953800049,33.21184934233411,0.0,12.641088939817434,0.0,2.8557738135831245,0.0495028807398064,32.025971958121794,0.0,0.3085101839601163,-4.009363785223043,0.0384615384615384,32,1,5,0,0,0,1,4,0,4,0,0,4,1,6,0,7,0,0,0,0,0,6.329177447300343,4,5.051300000000004,123.746,0,0,0,0,0,0,0,0,0,0,1,1,0,0,0,0,1,0,0,0,0,0,0,0,0,0,0,1,0,0,0,0,0,0,4,0,0,0,0,0,0,1,0,0,0,0,0,0,0,0,0,0,0,0,0,0,0,0,0,0,0,0,0,0,1,0,0,0,0,0,0,0,0,0,0,0,1,0,0,0,0,0,0,0,0,CHEMBL1824801,O=C(NS(=O)(=O)c1ccc(COc2ccccc2)cc1)c1cccc(-c2ccccc2)c1,15080.0,4.178401341533755,CHEMBL4625,Apoptosis regulator Bcl-X,0,Large-Nonpolar-Aromatic-Flexible-Hydrophobic,Large-Nonpolar-Aromatic-Flexible-Hydrophobic
14.453407781837011,14.453407781837011,0.1766350151171578,-1.105312320658716,0.2439699710633241,22.526315789473685,567.5380000000002,539.3140000000003,566.1197691159999,196,0,0.3039259588786955,-0.4812044883280296,0.4812044883280296,0.3039259588786955,1.0789473684210529,1.8157894736842104,2.473684210526316,35.496786262105694,9.66696307597356,2.524509698981333,-2.5105576170839177,2.541489598509882,-2.5319769140695194,7.181874800366638,-0.1604870652122326,3.309246485859018,1.729149239978843,1455.4017486913735,27.02636877963644,21.10388898531395,23.432243458278588,18.196527647468375,12.608992974724528,14.18141850167071,10.149483261188756,12.08458181922267,7.44978992271852,9.074498768301128,5.746227986854157,7.22138059941723,-2.929999999999999,376375851.8445529,26.66816973190802,10.678409754157672,5.049672911151504,235.5794434958019,10.006437125691182,5.007623696852765,0.0,5.907179729351506,0.0,5.969305287951848,9.589074368143644,4.983978520947208,0.0,11.336785877934735,73.44755659061595,60.366748640015665,15.963172673644046,34.13611438470407,14.69560176298435,56.63177130978848,0.0,9.883888251797686,5.414990469396779,51.11152697261659,0.0,98.97619812926877,0.0,0.0,0.0,0.0,0.0,34.538665658399765,26.866900663941745,9.589074368143644,5.414990469396779,67.24605365286334,72.79640482153933,10.045266627482652,10.216620634085364,0.0,70.5,11.384295757348628,14.69560176298435,0.0,30.32958905673483,22.886909873334673,26.351147314332117,0.0,18.26052307762536,84.62005175208044,0.0,28.18585830141224,1.0492039294546511,14.256485677900546,33.298859257486455,11.882421824443906,1.6803530390470485,-1.3673975838720007,22.449822987702547,0.7387224601774874,3.817083963214915,0.0,0.3,38,1,5,0,1,1,1,3,1,4,4,0,4,1,8,2,7,0,1,1,0,0,7.494043257651026,5,8.292600000000004,152.86079999999967,1,0,0,0,0,1,0,0,1,1,2,1,0,0,0,2,0,0,0,0,1,0,0,0,0,0,0,1,0,0,0,0,0,0,3,0,1,0,0,0,0,0,0,0,2,0,0,0,0,0,0,0,0,0,0,0,0,0,0,0,0,0,0,0,1,0,0,0,0,1,0,0,0,0,0,0,0,0,0,0,1,0,0,0,0,CHEMBL4115598,CC[C@@H](c1nc2ccccc2s1)N1C(=O)[C@@](C)(CC(=O)O)C[C@H](c2cccc(Cl)c2)[C@H]1c1ccc(Cl)cc1,70.0,1.845098040014257,CHEMBL1907611,Tumour suppressor p53/oncoprotein Mdm2,3,Large-Nonpolar-Aromatic-Flexible-Hydrophobic,Large-Nonpolar-Aromatic-Flexible-Hydrophobic
14.193606509476218,14.193606509476218,0.0213629062736202,-0.9684791290487392,0.4727721891754421,27.75757575757576,486.4390000000003,457.2070000000003,485.152449148,174,0,0.3039259574920074,-0.4812044883315979,0.4812044883315979,0.3039259574920074,1.0303030303030305,1.6666666666666667,2.212121212121212,35.49678511714167,9.664230195575623,2.565508638601276,-2.52029493591705,2.56888618977585,-2.568810865085842,6.304460626428321,-0.1613648221790702,3.666059717323522,1.6765434097966478,1051.291079622899,23.327698166887178,18.715046904530517,20.22690479656743,15.764675994890244,11.82181044184797,12.577739387866426,10.371061697235117,11.243933258179084,7.663011224133898,8.150084642261122,5.92344887050315,6.248164482587966,-2.0399999999999996,53163878.23912748,22.737448172216432,8.629686960277526,4.523075465617518,204.42877965717267,10.006437125691182,0.0,0.0,5.907179729351506,0.0,5.969305287951848,9.589074368143644,0.0,0.0,0.0,54.39108525400209,79.33229146419328,22.005013502792007,17.877652921470748,14.69560176298435,35.07836479776839,0.0,4.899909730850477,17.250802561719567,63.45025464170401,0.0,69.70310615856953,0.0,0.0,0.0,0.0,0.0,23.20187978046503,27.9247629721425,9.589074368143644,17.250802561719567,68.53531679595004,48.53093654769288,10.045266627482652,0.0,0.0,57.61,11.384295757348628,14.69560176298435,0.0,30.32958905673483,28.30190034273145,36.81018947509803,0.0,0.0,49.38830667892189,10.966276799312087,23.20187978046503,0.0,12.602990825245511,28.168352001311355,11.025526945071723,1.1179173184191378,-0.0132281112968954,15.571561165911966,4.829520581380701,1.836248162845385,0.0,0.4814814814814814,33,1,4,2,1,3,1,2,0,2,3,0,2,1,6,1,7,2,1,3,0,0,5.945971515204915,5,6.7202000000000055,129.4448,1,0,0,0,0,0,0,0,1,1,2,1,0,0,0,1,0,0,0,0,1,0,0,0,0,0,0,1,0,0,0,0,0,0,2,0,0,0,0,0,0,0,0,0,2,0,0,0,0,0,0,0,0,0,0,0,0,0,0,0,0,0,0,0,0,0,0,0,0,1,0,0,0,0,0,0,0,0,0,0,0,0,0,0,0,CHEMBL4110280,C[C@]1(CC(=O)O)C[C@H](c2cccc(Cl)c2)[C@@H](c2ccc(Cl)cc2)N(C(C2CC2)C2CC2)C1=O,1.0,0.0,CHEMBL1907611,Tumour suppressor p53/oncoprotein Mdm2,3,Large-Nonpolar-Aromatic-Flexible-Hydrophobic,Large-Nonpolar-Aromatic-Flexible-Hydrophobic
13.86527412599164,13.86527412599164,0.0,-4.486770053752744,0.3137374258500258,19.5609756097561,607.5000000000001,576.2520000000001,606.166382872,218,0,0.4159140545948612,-0.4755530402093767,0.4755530402093767,0.4159140545948612,0.926829268292683,1.5853658536585369,2.1951219512195124,35.49571810387652,9.877780117842889,2.55441922498816,-2.423486638473386,2.501488026491523,-2.6217432425007776,6.301274090549782,-0.1492814065539155,3.754750321938192,3.871990518904185e-06,1347.7759866650715,28.38225812080759,22.25447239834984,23.826897925296016,19.11157598920578,13.353226212904271,13.7311906859135,10.529249540179356,10.965685320651342,7.749053812429839,8.001030127769324,5.396519048974446,5.52250720664419,-3.2299999999999995,1378080117.9027543,30.72223604913726,12.330375642416818,6.814011237695792,247.97742768333808,14.953561288656855,5.749511833283905,0.0,11.508230540335196,5.907179729351506,6.176298517443475,9.589074368143644,0.0,13.17124514302446,12.407033161179976,54.06550936946379,79.62921350879371,18.112146125566476,17.52319836700635,27.497182464968148,35.8223325101155,0.0,10.216698334856808,0.0,49.296447912454,19.634269217737724,100.57575967883326,0.0,5.749511833283905,10.05365155780638,13.17124514302446,5.749511833283905,24.007973051412492,41.9495892182749,27.601184977909902,0.0,42.37364096679502,78.86277189000094,5.022633313741326,0.0,0.0,58.64,28.66297101887244,22.760319511168102,0.0,30.608481129727963,50.21625424019652,23.259637120317212,12.13273413692322,17.032643867773697,42.46456947923127,5.316788604006331,16.337802844032566,45.59281124614853,6.056389704759587,29.250880613459596,3.537140796195875,-0.971647811327783,-0.3300777197740119,21.24419103598745,-1.6639958940817143,0.8120858064102556,0.0,0.3548387096774194,41,1,5,1,1,2,2,3,0,3,1,0,3,1,10,1,8,1,1,2,0,1,9.239431977094194,5,6.611300000000005,153.38469999999967,0,0,0,0,0,0,0,0,0,0,2,2,0,0,0,1,1,0,0,0,1,0,0,0,0,3,0,2,0,0,0,0,0,0,3,0,0,0,0,0,0,1,0,0,5,0,0,0,0,0,0,0,0,0,0,0,0,0,0,0,0,0,0,0,0,0,0,0,0,1,0,0,0,0,0,0,0,0,0,0,0,0,0,0,0,CHEMBL3112777,Cl.O=C(NCCc1ccccc1)C1(Oc2ccc(C(F)(F)F)cc2)CCCN(C(=O)C2(c3ccc(Cl)cc3)CC2)C1,1400.0,3.146128035678238,CHEMBL1907611,Tumour suppressor p53/oncoprotein Mdm2,3,Large-Nonpolar-Aromatic-Flexible-Hydrophobic,Large-Nonpolar-Aromatic-Flexible-Hydrophobic
14.126058323535174,14.126058323535174,0.0145994303071019,-1.1733395315430697,0.3909044169778048,23.4,518.4810000000001,485.2170000000002,517.178663896,188,0,0.3039259588895511,-0.4812044883280158,0.4812044883280158,0.3039259588895511,1.0857142857142856,1.7428571428571429,2.2857142857142856,35.496785320369874,9.664711251916776,2.5271793825429114,-2.511439640805998,2.5194873347004436,-2.5755020659385304,6.304524522586449,-0.1624058266755248,2.765780104832896,2.2515361795694124,1084.6197948557729,25.913484604514075,20.631731363431665,22.143589255468573,16.46225195984847,12.0468071842394,12.802736130257854,10.19393926583512,11.066810826779092,6.835397797528183,7.322471215655408,5.341270324173693,5.665985936258511,-2.3699999999999988,31577553.117861494,27.22140108180461,11.132403403828905,6.071328335640198,216.96690617867148,10.006437125691182,0.0,5.783244946364939,5.907179729351506,0.0,5.969305287951848,14.383611552215466,0.0,0.0,0.0,75.16229685307397,54.15192054925384,22.383994296570055,23.91949375061871,19.490138947056177,40.861609744133325,0.0,4.899909730850477,11.332896515558172,71.37982299492384,0.0,69.70310615856953,0.0,0.0,0.0,0.0,0.0,23.20187978046503,33.708007918507434,14.383611552215466,11.332896515558172,76.46488514916987,48.53093654769288,10.045266627482652,0.0,0.0,74.68,23.467977415644548,19.490138947056177,0.0,29.94705839096524,29.307731496260683,11.126902983393991,0.0,30.02274813592593,51.10304694137992,0.0,23.20187978046503,0.0,12.522978581596906,41.09378514142027,10.828626193022613,0.5753853256837728,-1.4899635330231469,13.619834439472484,0.7763072054953681,7.545268868553952,0.0,0.4642857142857143,35,1,5,0,1,1,1,2,0,2,4,0,3,1,7,1,9,0,1,1,0,1,8.658274801716384,3,6.925400000000007,138.74979999999988,1,0,0,0,0,0,0,0,1,1,3,2,0,0,0,1,0,0,0,0,1,0,0,0,0,0,0,1,0,0,0,0,0,0,2,0,0,0,0,0,0,0,0,0,2,0,0,0,0,0,0,1,1,0,0,0,0,0,0,0,0,0,0,0,0,0,0,0,0,1,0,0,0,0,0,0,0,0,0,0,0,0,0,0,0,CHEMBL4107468,CCC(C(=O)CC(C)C)N1C(=O)[C@@](C)(CC(=O)O)C[C@H](c2cccc(Cl)c2)[C@H]1c1ccc(Cl)cc1,2.0,0.3010299956639812,CHEMBL1907611,Tumour suppressor p53/oncoprotein Mdm2,3,Large-Nonpolar-Aromatic-Flexible-Hydrophobic,Large-Nonpolar-Aromatic-Flexible-Hydrophobic
11.742742373296783,11.742742373296783,0.1971699455213165,-0.9844598735476604,0.2255862676286775,10.833333333333334,484.59600000000023,452.34000000000026,484.236207504,186,0,0.3352063092987747,-0.4931756017553103,0.4931756017553103,0.3352063092987747,0.8888888888888888,1.6388888888888888,2.388888888888889,16.47973146004275,10.0458637546928,2.189825119102296,-2.119640377588447,2.3626940464331674,-2.0631244887159834,5.901666384794201,0.0696605916106986,3.3244421597506193,1.8009709795829267,1297.564079900889,25.329851878000294,20.814579844475887,20.814579844475887,17.600886748174155,12.44795582973336,12.44795582973336,8.520837379559062,8.520837379559062,5.955846987774814,5.955846987774814,4.090461359225276,4.090461359225276,-4.059999999999999,183811837.8369206,25.04550132715861,12.067792719622934,5.945991458415715,211.67724453547297,14.580253302440804,11.49902366656781,0.0,0.0,0.0,5.969305287951848,4.681802935145184,4.794537184071822,5.098681808301038,0.0,55.8091283018479,61.7270343480093,17.671659389306566,30.165071410419756,19.374790486512623,5.969305287951848,0.0,9.78048474344622,0.0,39.654695674071846,13.213763929025836,89.98967487339495,0.0,34.01378263965872,9.473725907600098,0.0,11.49902366656781,0.0,34.07008135526461,12.965578028838586,0.0,42.61055781269908,78.86277189000094,0.0,22.514758973090913,0.0,73.58000000000001,5.969305287951848,9.901064578912528,0.0,5.563451491696996,36.765411654767775,36.26935618860739,5.563451491696996,18.19910120538483,60.13647668252869,19.056471336613843,14.572407715901136,13.942309847090623,0.0,11.742742373296783,14.572416139166124,4.593320248500139,0.4293547248863468,25.14827131508617,2.7305765570950036,5.841008794878814,0.0,0.2666666666666666,36,1,6,0,0,0,0,3,1,4,0,0,5,1,6,1,12,0,0,0,0,0,8.395664404866423,4,6.735600000000007,141.77629999999985,0,0,0,0,1,2,0,0,1,1,1,0,0,0,0,2,0,0,0,0,0,0,0,0,0,0,0,0,0,0,2,0,0,0,3,0,0,0,0,0,0,2,0,0,0,0,0,0,0,0,0,0,0,0,0,0,0,0,0,0,0,0,0,0,1,0,0,0,0,0,0,0,0,0,0,0,0,0,0,0,0,0,0,1,0,CHEMBL3134192,CCCCOc1ccc(C(=O)O)cc1-c1cc(-c2ccccc2OCC)n(CCc2ccccc2)n1,16750.0,4.224014811372864,CHEMBL1907611,Tumour suppressor p53/oncoprotein Mdm2,0,Large-Nonpolar-Aromatic-Flexible-Hydrophobic,Large-Nonpolar-Aromatic-Flexible-Hydrophobic
14.232219707973826,14.232219707973826,0.0281532746843597,-0.9181784849236828,0.2498030062378179,14.692307692307692,563.4810000000001,535.2570000000003,562.142612736,200,0,0.307315176210965,-0.4960547756827909,0.4960547756827909,0.307315176210965,0.9743589743589745,1.6666666666666667,2.3076923076923075,35.49678574394486,10.015469312454956,2.4351289611654865,-2.3007152438902367,2.478793453055357,-2.3022911015384264,6.309166670985161,-0.1357347595221891,3.407003718606107,1.7849985117965044,1591.1244958422064,28.007342731648755,22.034974884561603,23.546832776598514,18.599463205922557,12.596959773829244,13.352888719847698,9.957446111625528,10.830317672569498,7.070545663698828,7.5576190818260525,5.405707269867063,5.698038982578104,-3.7399999999999984,552353582.1034887,26.850750846856354,10.43694977919006,4.7917833827161,236.89765482709603,14.410489996432108,11.791352662431866,0.0,0.0,5.907179729351506,5.969305287951848,14.48898409899412,0.0,0.0,0.0,47.46734805431147,79.92613555339412,27.33794522301117,30.48192664559746,19.4324647167844,40.76575107245195,0.0,4.567099647791355,0.0,39.275714880293805,12.009707272128011,104.72303834219684,0.0,17.00689131982936,9.636772684650529,5.687386274683562,5.749511833283905,23.20187978046503,28.65990960121295,11.21535880699783,6.923737199690624,58.67342720338543,66.73003775307771,10.045266627482652,11.257379486545457,0.0,71.77000000000001,12.011146117099807,14.69560176298435,0.0,18.369842181425476,26.92168144416055,33.76559673947147,0.0,24.14244140905123,61.52104081584511,18.414574047172604,27.938742734265084,7.828267688784012,12.635379273831122,27.477133613214978,10.530983955779126,6.149052077565685,-0.4627433206911697,19.84757652477131,-0.1178103520077518,6.086994891406452,1.5807212029018,0.2258064516129032,39,1,6,0,1,1,1,3,1,4,1,0,4,1,8,2,7,0,0,0,0,1,7.185639439030377,5,7.736720000000006,154.43829999999969,1,0,0,0,0,1,0,0,1,1,2,1,0,0,0,2,0,0,0,0,0,0,0,0,0,0,0,1,0,1,1,0,0,0,3,0,1,0,0,0,0,1,0,0,2,0,0,0,0,0,0,0,0,0,0,1,0,0,0,0,0,0,0,0,0,0,0,0,0,0,0,0,0,0,0,0,0,0,0,0,0,0,0,0,0,CHEMBL3978167,COc1ccc(CC(=O)O)cc1-c1cc2c(n1C(C)C)C(c1ccc(Cl)cc1)N(c1cc(Cl)ccc1C)C2=O,0.155,-0.8096683018297085,CHEMBL1907611,Tumour suppressor p53/oncoprotein Mdm2,3,Large-Nonpolar-Aromatic-Flexible-Hydrophobic,Large-Nonpolar-Aromatic-Flexible-Hydrophobic
13.476653561630414,13.476653561630414,0.0015403553098956,-0.8651174204249596,0.5726807583014102,24.133333333333333,446.37400000000025,421.1740000000002,445.12114902,158,0,0.3028654549161073,-0.4812301053180123,0.4812301053180123,0.3028654549161073,1.0333333333333334,1.7666666666666666,2.4,35.496784800745075,9.742778410484249,2.4413790695486153,-2.4508292382457095,2.4771894592016994,-2.473817971178371,6.304398698036385,-0.1445652130422391,3.5312218947547778,1.7485592450842744,926.3032139799186,21.25034789769755,16.637696635340898,18.14955452737781,14.41872399336994,10.452989295323109,11.208918241341564,8.45690155695435,9.32977311789832,6.234516495368784,6.721589913496009,4.574021734809904,4.898737346894718,-2.0399999999999996,10407386.66687223,21.201912545319793,8.988281366750673,4.814343753884667,186.3397844675121,10.006437125691182,0.0,0.0,5.907179729351506,0.0,5.969305287951848,9.589074368143644,0.0,0.0,0.0,47.46734805431147,66.99356379510586,34.84665674864402,6.041840829147961,14.69560176298435,35.07836479776839,0.0,4.899909730850477,11.835812092322788,44.0638549899394,6.544756405912575,69.70310615856953,0.0,0.0,0.0,0.0,0.0,23.20187978046503,28.427678548907114,9.589074368143644,11.835812092322788,55.19075797333339,48.53093654769288,10.045266627482652,0.0,0.0,57.61,5.969305287951848,14.69560176298435,0.0,30.205654273748262,35.349572325408644,23.968546229246012,0.0,0.0,47.36447921008175,6.06636706846161,23.20187978046503,0.0,12.425979158428609,26.65609053323865,10.494723030774065,2.130677805072647,-0.5217233560090702,15.405073374335789,3.2496917840912847,0.7150432256235828,0.0,0.4166666666666667,30,1,4,1,1,2,1,2,0,2,3,0,2,1,6,1,7,1,1,2,0,0,6.352291849019175,4,5.9416000000000055,117.79980000000006,1,0,0,0,0,0,0,0,1,1,2,1,0,0,0,1,0,0,0,0,1,0,0,0,0,0,0,1,0,0,0,0,0,0,2,0,0,0,0,0,0,0,0,0,2,0,0,0,0,0,0,0,0,0,0,0,0,0,0,0,0,0,0,0,0,0,0,0,0,1,0,0,0,0,0,0,0,0,0,0,0,0,0,0,0,CHEMBL2177812,O=C(O)CC[C@H]1C[C@H](c2cccc(Cl)c2)[C@@H](c2ccc(Cl)cc2)N(CC2CC2)C1=O,570.0,2.7558748556724915,CHEMBL1907611,Tumour suppressor p53/oncoprotein Mdm2,3,Large-Nonpolar-Aromatic-Flexible-Hydrophobic,Large-Nonpolar-Aromatic-Flexible-Hydrophobic
12.619754927261692,12.619754927261692,0.0237692758079661,-4.033061273184152,0.4058840666302051,11.193548387096774,478.39700000000016,457.2290000000002,477.056834512,162,0,0.2645193785161189,-0.493600560351468,0.493600560351468,0.2645193785161189,0.935483870967742,1.6451612903225807,2.3225806451612905,35.49826353277463,10.02946290553398,2.1899698591697887,-2.0989526111122903,2.2865709151615468,-2.300893037708713,7.896985473530744,0.0981163954878063,2.7584538246487096,1.7489878229409348,1178.4357931303991,22.432510652501765,16.7693437029833,19.097698175947937,14.796862180437596,9.65434458485607,11.89343677846892,6.8177351855660335,9.314537680456755,4.5054095347933885,6.591330925594508,2.8049557981888995,4.077209407457116,-2.5399999999999987,7390306.047399941,23.130028268670063,10.17889814522836,6.00153105258466,191.56253996294515,4.736862953800049,5.749511833283905,0.0,0.0,15.930470882759089,0.0,4.794537184071822,13.139891848781026,0.0,0.0,54.745539808466496,66.07866115401288,5.563451491696996,21.547632067513348,17.949197122200808,39.13235066322412,0.0,4.722094864452088,0.0,24.660863921060415,6.606881964512918,82.33875587225738,0.0,16.876414816677897,9.458957818252138,0.0,5.749511833283905,23.20187978046503,20.93185867819336,10.023291153407584,0.0,30.12336912131146,71.62552122859549,10.045266627482652,11.126902983393991,0.0,72.47,15.930470882759089,13.212334168400758,0.0,10.45893496721477,27.965111916976472,18.405094737549017,18.19910120538483,48.53093654769288,0.0,11.645832064142713,27.938742734265084,32.88020495179486,12.01943836276605,12.593643867376947,0.8110272705452057,1.6615102212385322,-0.1544112962442425,17.653530359475067,1.9187990559085235,2.621540702545434,-4.033061273184152,0.1739130434782608,31,1,5,0,0,0,1,3,0,3,0,0,4,1,8,0,8,0,0,0,0,0,7.594780704614363,3,5.958000000000005,123.395,0,0,0,0,0,0,0,0,0,0,1,1,0,0,0,0,1,0,0,0,0,0,0,0,0,0,0,1,0,0,0,0,0,0,3,0,0,0,0,0,0,1,0,0,2,0,0,0,0,0,0,0,0,0,0,0,0,0,0,0,0,0,0,0,0,0,0,0,0,0,0,0,0,0,0,0,1,0,0,0,0,0,0,1,0,CHEMBL1824824,CCCCOc1ccc(S(=O)(=O)NC(=O)c2cccc(-c3ccc(Cl)c(Cl)c3)c2)cc1,12110.0,4.083144143143052,CHEMBL4625,Apoptosis regulator Bcl-X,0,Large-Nonpolar-Aromatic-Flexible-Hydrophobic,Large-Nonpolar-Aromatic-Flexible-Hydrophobic
14.289152144396851,14.289152144396851,0.0274943310657591,-0.6830624623820725,0.3701892877447227,23.0,500.47000000000014,469.2220000000002,499.179332592,180,0,0.2297909887523954,-0.4922149342170349,0.4922149342170349,0.2297909887523954,1.088235294117647,1.7941176470588236,2.3823529411764706,35.49678520314173,9.66211993371558,2.508683296088692,-2.5180242447407624,2.5184040821181206,-2.556829385209051,6.304431275316218,-0.1545590370869865,3.2177185136171924,1.873344409394932,1142.7867840452288,24.457454678884098,19.762448378003896,21.274306270040807,16.25136920233477,11.823300476084327,12.579229422102784,9.533572567944134,10.406444128888102,7.1243268407428335,7.6114002588700576,5.489577740733071,5.814293352817889,-2.4999999999999987,43821310.44276117,24.619092627599244,10.007587897068529,4.820959710276143,210.6384496974271,10.006437125691182,0.0,0.0,11.787168065786876,0.0,0.0,9.89321899237286,0.0,0.0,5.098681808301038,68.23855965338335,54.65483612601846,40.18613018902808,11.456831298544738,9.901064578912528,29.10905950981654,0.0,15.097273347452552,5.414990469396779,64.45608579523322,0.0,81.46340122187961,0.0,5.879988336435371,0.0,0.0,5.879988336435371,23.20187978046503,32.15282130079272,11.21535880699783,5.414990469396779,68.81425432140169,54.59730361615449,10.045266627482652,0.0,0.0,69.22,5.414990469396779,9.901064578912528,0.0,29.78875577024419,22.886909873334673,29.66247422409447,0.0,6.06636706846161,49.38830667892189,35.011114815295414,23.20187978046503,0.0,12.64201278067176,16.39484186472943,17.844891450306573,2.2318294310101523,0.0808807096418786,17.34632677491549,2.806931698090759,6.291174179522844,0.0,0.4074074074074074,34,2,5,0,1,1,1,2,1,3,3,0,3,2,7,2,7,0,1,1,0,0,7.246403924022682,4,6.916900000000007,136.28249999999989,0,0,0,0,0,2,1,1,0,0,1,1,0,0,0,2,1,0,0,0,1,1,0,0,0,0,0,1,0,0,0,0,0,0,2,0,0,0,0,0,0,0,0,0,2,0,0,0,0,0,0,0,0,0,0,0,0,0,0,0,0,0,0,0,0,0,0,0,0,1,0,0,0,0,0,0,0,0,0,0,0,0,0,0,0,CHEMBL4108935,CCC(CC)N1C(=O)[C@@](C)(Cc2cc(O)n[nH]2)C[C@H](c2cccc(Cl)c2)[C@H]1c1ccc(Cl)cc1,580.0,2.7634279935629373,CHEMBL1907611,Tumour suppressor p53/oncoprotein Mdm2,3,Large-Nonpolar-Aromatic-Flexible-Hydrophobic,Large-Nonpolar-Aromatic-Flexible-Hydrophobic
14.275144916505695,14.275144916505695,0.0836207517986622,-1.051756127348059,0.4340795123001353,28.057142857142857,518.4810000000001,485.2170000000002,517.178663896,188,0,0.303925957537118,-0.4812044883315404,0.4812044883315404,0.303925957537118,1.1428571428571428,1.8857142857142857,2.4857142857142858,35.49678533433011,9.664123259766184,2.5295232014848525,-2.529871947153033,2.524091643222279,-2.5883727272108454,6.304459683976401,-0.165858684710412,2.829244220399031,1.8933219021657084,1053.1777362063085,25.16456146007064,20.253051706991307,21.76490959902822,16.73020115227959,12.403464703763794,13.159393649782247,10.086229714778828,10.959101275722798,7.551462955094454,8.038536373221678,5.9526618671981355,6.277377479282953,-2.0799999999999987,59636846.733409464,25.996383549684776,10.89688034649486,5.524420187552354,216.9130981546054,14.743300079491233,0.0,0.0,5.907179729351506,0.0,5.969305287951848,9.589074368143644,0.0,0.0,0.0,61.31482245369272,67.49647937187048,22.570054638156964,30.023460138367017,19.432464716784395,35.07836479776839,0.0,4.899909730850477,5.414990469396779,76.47795822914293,6.606881964512918,69.70310615856953,0.0,0.0,0.0,0.0,0.0,23.20187978046503,40.63561132440372,14.325937321943693,5.414990469396779,75.45905399564064,48.53093654769288,10.045266627482652,0.0,0.0,66.84,11.384295757348628,14.69560176298435,0.0,36.433555444483126,29.493791837847592,30.38936785217202,0.0,6.923737199690624,53.43084627854336,6.923737199690624,27.938742734265084,6.192760639749728,12.619236531465967,28.151845725400317,11.002062640834062,0.911521015299124,-1.244194935783891,14.86105943378099,3.763823087266826,4.547441417542427,0.0,0.5,35,1,5,0,2,2,1,2,0,2,5,0,3,1,7,2,7,0,2,2,0,1,8.093699456642923,4,6.879300000000007,137.8787999999999,1,0,0,0,0,0,0,0,1,1,2,1,0,0,0,1,0,0,0,0,1,0,0,0,0,0,0,1,0,0,0,0,0,0,2,0,0,0,0,0,0,1,0,0,2,0,0,0,0,0,0,0,0,0,0,0,0,0,0,0,0,0,0,0,0,0,0,0,0,1,0,0,0,0,0,0,0,0,0,0,0,0,0,0,0,CHEMBL3924685,CC[C@@H](C1CCCCO1)N1C(=O)[C@@](C)(CC(=O)O)C[C@H](c2cccc(Cl)c2)[C@H]1c1ccc(Cl)cc1,1.0,0.0,CHEMBL1907611,Tumour suppressor p53/oncoprotein Mdm2,3,Large-Nonpolar-Aromatic-Flexible-Hydrophobic,Large-Nonpolar-Aromatic-Flexible-Hydrophobic
14.378457542482012,14.378457542482012,0.0808961640211642,-1.039396433470508,0.4554232908369021,30.594594594594593,545.5070000000002,511.2350000000003,544.189562928,198,0,0.3039259575084518,-0.481204488331577,0.481204488331577,0.3039259575084518,1.162162162162162,1.9189189189189189,2.5135135135135136,35.49678555935482,9.666551867258535,2.5263171732243386,-2.522376044929877,2.520317383534574,-2.5846067395051406,6.3044708369902445,-0.1610127175585023,3.478470688741238,1.6096164740812338,1158.85057493079,26.31926199844989,21.277615571680897,22.789473463717805,17.67969089506277,13.093778954066751,13.849707900085203,11.066452267095212,11.939323828039184,8.455545433502776,8.942618851630003,6.668032288066618,6.992747900151436,-2.1199999999999988,256694106.23661128,26.485658012836804,10.565046594399812,5.263780149316961,228.03204278567617,14.743300079491233,0.0,0.0,5.907179729351506,0.0,5.969305287951848,14.48898409899412,0.0,0.0,0.0,61.31482245369272,54.65483612601846,41.13636714376511,30.58850127373197,19.432464716784395,35.07836479776839,0.0,9.799819461700954,5.414990469396779,69.67815581243887,19.696394776338067,69.70310615856953,0.0,0.0,0.0,0.0,0.0,23.20187978046503,64.6668746962273,14.325937321943693,5.414990469396779,62.61741074978863,48.53093654769288,10.045266627482652,0.0,0.0,70.08,11.384295757348628,14.69560176298435,0.0,36.433555444483126,22.507929079556625,43.66494100558408,0.0,0.0,60.35458347823398,11.823646930541102,27.938742734265084,5.8160319695466836,12.677731667010445,30.8243379880946,11.071055101212254,0.9558561227989144,-1.1920744680681852,15.45762550053923,2.2620414630541203,6.266283544700828,0.0,0.5172413793103449,37,1,6,0,3,3,1,2,0,2,6,2,4,1,8,3,8,0,3,3,0,0,7.562762459161069,5,5.783300000000006,144.00579999999982,1,0,0,0,0,0,0,0,1,1,2,1,0,0,0,2,0,0,0,0,2,0,0,0,0,0,0,1,0,0,0,0,0,0,2,0,2,0,0,0,0,1,0,0,2,0,0,0,0,0,0,0,0,0,0,0,1,0,0,0,0,0,0,0,0,0,0,0,0,1,0,0,0,0,0,0,0,0,0,0,0,0,0,0,0,CHEMBL3926559,CC[C@@H](CN1C[C@H]2C[C@@H]1CO2)N1C(=O)[C@@](C)(CC(=O)O)C[C@H](c2cccc(Cl)c2)[C@H]1c1ccc(Cl)cc1,9.0,0.9542425094393248,CHEMBL1907611,Tumour suppressor p53/oncoprotein Mdm2,3,Large-Nonpolar-Aromatic-Flexible-Hydrophobic,Large-Nonpolar-Aromatic-Flexible-Hydrophobic
11.678224882795275,11.678224882795275,0.187707688268655,-0.9917364581533052,0.3097439637793741,10.764705882352942,456.5420000000002,428.3180000000002,456.204907376,174,0,0.3352063092987873,-0.4931755997417966,0.4931755997417966,0.3352063092987873,0.8823529411764706,1.6176470588235294,2.3529411764705883,16.479696498634482,10.046188491502088,2.1906358799458965,-2.1193960680108197,2.363662765909185,-2.0514609609274177,5.90171808137617,0.0696609224508029,3.2669855032776676,1.8771219263415513,1264.653587093697,23.9156383156272,19.40036628210279,19.40036628210279,16.600886748174158,11.44795582973336,11.44795582973336,7.851791074224226,7.851791074224226,5.382140048229192,5.382140048229192,3.802771210662548,3.802771210662548,-4.059999999999999,68150101.67489293,23.110091229513735,10.70457301065974,5.118799364958775,198.94736030667977,14.580253302440804,11.49902366656781,0.0,0.0,0.0,5.969305287951848,4.681802935145184,4.794537184071822,5.098681808301038,0.0,49.38830667892189,55.30621272508328,11.126902983393991,36.70982781633233,19.374790486512623,5.969305287951848,0.0,9.78048474344622,0.0,26.813052428219834,13.213763929025836,89.98967487339495,0.0,34.01378263965872,9.473725907600098,0.0,11.49902366656781,0.0,34.07008135526461,6.544756405912575,0.0,36.18973618977307,78.86277189000094,0.0,22.514758973090913,0.0,73.58000000000001,5.969305287951848,9.901064578912528,0.0,5.563451491696996,36.765411654767775,28.991164434452365,0.0,18.19910120538483,67.06021388221932,12.13273413692322,14.572407715901136,13.76960407040584,0.0,11.678224882795275,14.478976506966603,4.3870521839105,0.3910035978731867,24.829516136024314,0.8428091023337095,5.622813519690565,0.0,0.2142857142857142,34,1,6,0,0,0,0,3,1,4,0,0,5,1,6,1,10,0,0,0,0,0,7.275989966156973,4,6.151100000000006,132.55729999999997,0,0,0,0,1,2,0,0,1,1,1,0,0,0,0,2,0,0,0,0,0,0,0,0,0,0,0,0,0,0,0,0,0,0,3,0,0,0,0,0,0,2,0,0,0,0,0,0,0,0,0,0,0,0,0,0,0,0,0,0,0,0,0,0,1,0,0,0,0,0,0,0,0,0,0,0,0,0,0,0,0,0,0,0,0,CHEMBL3134204,CCCOc1ccc(C(=O)O)cc1-c1cc(-c2ccccc2OCC)n(Cc2ccccc2)n1,68750.0,4.8372727025023,CHEMBL1907611,Tumour suppressor p53/oncoprotein Mdm2,0,Large-Nonpolar-Aromatic-Flexible-Hydrophobic,Large-Nonpolar-Aromatic-Flexible-Hydrophobic
13.860638801723455,13.860638801723455,0.0895755262264446,-1.2296991134416726,0.3052507909360179,16.513513513513512,515.9930000000003,489.7850000000004,515.149950612,188,0,0.2569215503274949,-0.501699466629682,0.501699466629682,0.2569215503274949,0.8378378378378378,1.4594594594594594,2.108108108108108,35.49569224766012,9.927282623563467,2.517394444323779,-2.3945852232405627,2.4713057190075727,-2.459979657014652,6.3011229466095715,-0.1201296792690337,3.16787652053828,1.6569088251851882,1398.8479530571576,25.99298858481683,20.47985242608208,21.235781372100536,17.972730768872022,11.768907088545957,12.146871561555184,8.711012869431428,9.147448649903415,6.554150102160069,6.806126417499555,4.793063289399374,4.919051447069116,-3.999999999999999,315664449.75470597,24.68371073776479,10.16595041322314,4.3895747599451305,220.14599870838492,19.31711625624085,0.0,17.224009260538065,5.749511833283905,5.907179729351506,0.0,9.6944469149223,0.0,0.0,0.0,72.26461057484862,41.45873832570204,28.257744194744888,20.826477047067986,24.111653440312672,17.508119619584022,0.0,4.899909730850477,0.0,18.876623964395748,14.219595082555069,123.8353967991505,0.0,17.248535499851716,9.473725907600098,0.0,17.248535499851716,11.600939890232516,30.133211937597757,23.613486918195797,0.0,32.6117946425568,90.99550602692418,5.022633313741326,0.0,0.0,68.23,5.724985593970254,9.901064578912528,0.0,29.762597193716136,22.694292703047893,16.690354475090988,14.219595082555069,29.16537800469692,66.73003775307771,0.0,25.811528751632665,17.45561901497629,6.240516114786891,15.615712812809374,10.945065318716615,2.5378434909040832,0.3135137787486832,28.039198364114128,0.0,0.432272035357353,2.94803684736436,0.1666666666666666,37,1,6,0,1,1,1,4,0,4,1,0,5,1,7,1,8,0,0,0,0,1,6.781983226336768,5,6.136700000000006,140.9892999999999,0,0,0,0,0,0,0,1,0,0,1,1,0,0,0,1,0,0,0,0,0,0,0,0,0,0,0,1,0,0,0,0,0,0,4,0,1,0,0,0,0,3,0,0,1,0,0,0,0,0,0,0,0,0,0,2,0,0,0,0,0,0,0,0,0,1,1,0,0,0,0,0,0,0,0,0,0,0,0,0,0,0,0,0,0,CHEMBL181083,COc1cc(COC2(c3ccc(Cl)cc3)c3ccccc3C(=O)N2Cc2ccccc2)cc(OC)c1O,42000.0,4.623249290397901,CHEMBL1907611,Tumour suppressor p53/oncoprotein Mdm2,3,Large-Nonpolar-Aromatic-Flexible-Hydrophobic,Large-Nonpolar-Aromatic-Flexible-Hydrophobic
13.846939842809553,13.846939842809553,0.0030390211640209,-0.9957013512709612,0.4970107638722672,23.93548387096774,462.417,433.1850000000002,461.152449148,166,0,0.3039259574797661,-0.4812044883316134,0.4812044883316134,0.3039259574797661,1.096774193548387,1.7419354838709675,2.2903225806451615,35.49678489439172,9.666086658863374,2.514713227538412,-2.5147031022910955,2.5193614956342776,-2.554878730011857,6.304440096183409,-0.1603118969564901,2.718708869002739,2.2208473849444994,942.0382198921268,22.758784066134822,18.146132803778176,19.657990695815084,14.695726309668943,10.752860756626674,11.50878970264513,8.67592944854697,9.54880100949094,6.467713758677929,6.954787176805153,4.962980412122702,5.287696024207519,-2.0399999999999987,5970023.680278591,23.619515654107328,9.620926631626547,4.908216659074495,193.7105577354379,10.006437125691182,0.0,0.0,5.907179729351506,0.0,5.969305287951848,9.589074368143644,0.0,0.0,0.0,68.23855965338335,54.65483612601846,22.005013502792007,17.877652921470748,14.69560176298435,35.07836479776839,0.0,4.899909730850477,5.414990469396779,64.45608579523322,0.0,69.70310615856953,0.0,0.0,0.0,0.0,0.0,23.20187978046503,27.924762972142496,9.589074368143644,5.414990469396779,69.54114794947925,48.53093654769288,10.045266627482652,0.0,0.0,57.61,11.384295757348628,14.69560176298435,0.0,30.32958905673483,16.466088250408664,23.96854622924601,0.0,6.923737199690624,53.43084627854336,13.847474399381248,23.20187978046503,0.0,12.470315928126173,27.506291816126172,10.853523344248678,1.0038545822135447,-1.153252291750969,15.0602767848756,1.8103142146776416,5.920897843705383,0.0,0.44,31,1,4,0,1,1,1,2,0,2,3,0,2,1,6,1,7,0,1,1,0,1,7.330375070410365,3,6.720200000000006,124.57880000000004,1,0,0,0,0,0,0,0,1,1,2,1,0,0,0,1,0,0,0,0,1,0,0,0,0,0,0,1,0,0,0,0,0,0,2,0,0,0,0,0,0,0,0,0,2,0,0,0,0,0,0,0,0,0,0,0,0,0,0,0,0,0,0,0,0,0,0,0,0,1,0,0,0,0,0,0,0,0,0,0,0,0,0,0,0,CHEMBL4111833,CCC(CC)N1C(=O)[C@@](C)(CC(=O)O)CC(c2cccc(Cl)c2)[C@H]1c1ccc(Cl)cc1,3.0,0.4771212547196624,CHEMBL1907611,Tumour suppressor p53/oncoprotein Mdm2,3,Large-Nonpolar-Aromatic-Flexible-Hydrophobic,Large-Nonpolar-Aromatic-Flexible-Hydrophobic
11.640247219741026,11.640247219741026,0.1884769235594452,-0.9909966533830514,0.3189274540766245,10.764705882352942,456.54200000000026,428.3180000000002,456.204907376,174,0,0.3352063092987423,-0.4931756017553103,0.4931756017553103,0.3352063092987423,0.8529411764705882,1.5294117647058822,2.235294117647059,16.479335738705053,10.04634239069361,2.1880010610276353,-2.1193108550489006,2.361419495147119,-2.0620306603665193,5.9016323454270285,0.069661740542634,3.2793441614478938,1.8265052899973055,1264.653587093697,23.9156383156272,19.40036628210279,19.40036628210279,16.600886748174158,11.44795582973336,11.44795582973336,7.75183497832867,7.75183497832867,5.500231524565574,5.500231524565574,3.9195005238543414,3.9195005238543414,-4.059999999999999,68973396.35760188,23.110091229513735,10.70457301065974,5.118799364958775,198.94736030667968,14.580253302440804,11.49902366656781,0.0,0.0,0.0,5.969305287951848,4.681802935145184,4.794537184071822,5.098681808301038,0.0,42.46456947923127,62.22994992477392,17.671659389306566,30.165071410419756,19.374790486512623,5.969305287951848,0.0,9.78048474344622,0.0,26.813052428219834,13.213763929025836,89.98967487339495,0.0,34.01378263965872,9.473725907600098,0.0,11.49902366656781,0.0,34.07008135526461,12.965578028838586,0.0,29.76891456684706,78.86277189000094,0.0,22.514758973090913,0.0,73.58000000000001,5.969305287951848,9.901064578912528,0.0,5.563451491696996,36.765411654767775,23.42771294275537,5.563451491696996,18.19910120538483,67.06021388221932,12.13273413692322,14.572407715901136,13.660872092090075,0.0,11.640247219741026,14.442198187775285,4.539779684601114,0.3900979419900438,24.988753915340563,0.8048061276979926,5.533244830763909,0.0,0.2142857142857142,34,1,6,0,0,0,0,3,1,4,0,0,5,1,6,1,10,0,0,0,0,0,7.275989966156973,4,5.955400000000005,132.54229999999995,0,0,0,0,1,2,0,0,1,1,1,0,0,0,0,2,0,0,0,0,0,0,0,0,0,0,0,0,0,0,2,0,0,0,3,0,0,0,0,0,0,2,0,0,0,0,0,0,0,0,0,0,0,0,0,0,0,0,0,0,0,0,0,0,1,0,0,0,0,0,0,0,0,0,0,0,0,0,0,0,0,0,0,0,0,CHEMBL3134188,CCOc1ccc(C(=O)O)cc1-c1cc(-c2ccccc2OCC)n(CCc2ccccc2)n1,10650.0,4.027349607774757,CHEMBL1907611,Tumour suppressor p53/oncoprotein Mdm2,0,Large-Nonpolar-Aromatic-Flexible-Hydrophobic,Large-Nonpolar-Aromatic-Flexible-Hydrophobic
13.56096375135607,13.56096375135607,0.0714003937200877,-1.0871981292517008,0.5446976023453056,17.529411764705884,456.5860000000002,424.3300000000003,456.241292884,176,0,0.2566781946587583,-0.3545644121097911,0.3545644121097911,0.2566781946587583,0.9411764705882352,1.588235294117647,2.235294117647059,16.519970184336742,9.86569653879,2.514175687464322,-2.393416440301132,2.451805184397937,-2.4915062133717094,6.000872597108754,-0.1222983475082688,3.064003440772139,1.7476916211179578,1165.985032739366,24.346724214874857,20.298832309916328,20.298832309916328,16.2310359316439,11.68099678975246,11.68099678975246,9.730979221514904,9.730979221514904,6.28992952894258,6.28992952894258,4.504782929045322,4.504782929045322,-3.439999999999998,42581019.59304351,23.70927669440179,9.4320632711104,4.483296719939448,201.30040891986428,14.953561288656855,0.0,5.724985593970254,5.907179729351506,5.907179729351506,0.0,9.589074368143644,0.0,0.0,0.0,93.56761642061122,22.608260521252383,36.70360448660677,6.606881964512918,14.325937321943693,11.814359458703011,0.0,10.216698334856808,0.0,45.44180682664245,13.08951281182515,106.68002934848596,0.0,0.0,5.316788604006331,0.0,0.0,0.0,29.80378200137864,27.278258165751826,0.0,60.30674344131928,78.86277189000094,0.0,0.0,0.0,58.64,5.724985593970254,9.589074368143644,0.0,17.22934992809979,25.259846268035066,16.690354475090988,12.48718869138762,4.899909730850477,54.59730361615449,50.35346847692465,4.736862953800049,6.747627314814816,0.0,26.81501377497871,2.814707189189894,3.5900589575981208,-0.2340618075994844,25.88833458637256,0.0,9.044986651312064,0.0,0.3103448275862069,34,1,5,0,1,1,2,3,0,3,1,0,3,1,5,1,7,0,0,0,0,1,6.577276408642968,4,4.9939000000000044,133.31519999999995,0,0,0,0,0,0,0,0,0,0,2,2,0,0,0,1,1,0,0,0,0,0,0,0,0,0,0,2,0,0,0,0,0,0,3,0,1,0,0,0,0,1,0,0,0,0,0,0,0,0,0,0,0,0,0,0,0,0,0,0,0,0,0,0,0,0,0,0,0,0,0,0,0,0,0,0,0,0,0,0,0,0,0,0,0,CHEMBL360141,CC(=O)NCCN1C(=O)c2ccccc2C1(OCc1ccc(C(C)(C)C)cc1)c1ccccc1,14000.0,4.146128035678238,CHEMBL1907611,Tumour suppressor p53/oncoprotein Mdm2,3,Large-Nonpolar-Aromatic-Flexible-Hydrophobic,Large-Nonpolar-Aromatic-Flexible-Hydrophobic
14.46473777679796,14.46473777679796,0.1633304988662129,-1.0939823256977683,0.3084599788705887,24.31578947368421,551.5140000000001,519.2580000000003,550.178998244,198,0,0.3039259588612324,-0.4812044883280517,0.4812044883280517,0.3039259588612324,1.0526315789473684,1.763157894736842,2.3947368421052633,35.496785626580056,9.665664672648573,2.5232170841955854,-2.513488941136181,2.538593259765609,-2.533321748236809,6.3044886111009975,-0.1605969858789434,3.7313586662839535,1.7002934369619087,1340.9610690335526,27.02636877963644,21.60985425722319,23.121712149260095,18.196527647468375,13.222583066449872,13.978512012468324,10.891247056772896,11.764118617716866,7.983508254726824,8.470581672854047,6.032654653475195,6.357370265560013,-2.889999999999999,534178440.9817551,26.70660212680231,10.702325666677954,5.319445067582068,233.34641088331583,10.006437125691182,0.0,0.0,5.907179729351506,0.0,5.969305287951848,14.57305288909085,0.0,0.0,0.0,67.38118952215433,73.2083918858677,27.575006714653902,29.61342174546717,14.69560176298435,35.07836479776839,0.0,9.883888251797686,5.414990469396779,69.87107626463,0.0,99.29006335365128,0.0,0.0,0.0,0.0,0.0,23.20187978046503,26.866900663941745,9.589074368143644,5.414990469396779,92.38583523772093,66.73003775307771,10.045266627482652,0.0,0.0,70.5,11.384295757348628,14.69560176298435,0.0,30.32958905673483,28.804815919496065,35.35640221894293,0.0,6.923737199690624,65.56358041546657,12.990104268152232,28.18585830141224,0.0,12.69342404393048,33.435947592565405,11.06524771123504,2.7298862093110396,-0.8548652435521882,20.68464460068314,3.0445947364527637,3.8400092382632063,0.0,0.3870967741935484,38,1,5,1,1,2,1,2,1,3,4,0,3,1,7,2,8,1,1,2,0,0,7.521651405564009,5,7.955300000000007,149.45279999999974,1,0,0,0,0,1,0,0,1,1,2,1,0,0,0,2,0,0,0,0,1,0,0,0,0,0,0,1,0,0,0,0,0,0,2,0,0,0,0,0,0,0,0,0,2,0,0,0,0,0,0,0,0,0,0,0,0,0,0,0,0,0,0,0,0,0,0,0,0,1,0,0,0,1,0,0,0,0,0,0,0,0,0,0,0,CHEMBL3329614,CC[C@@H](c1cccc(C2CC2)n1)N1C(=O)[C@@](C)(CC(=O)O)C[C@H](c2cccc(Cl)c2)[C@H]1c1ccc(Cl)cc1,5.0,0.6989700043360189,CHEMBL1907611,Tumour suppressor p53/oncoprotein Mdm2,3,Large-Nonpolar-Aromatic-Flexible-Hydrophobic,Large-Nonpolar-Aromatic-Flexible-Hydrophobic
11.512142333498026,11.512142333498026,0.1048336544341237,-0.9032560117639272,0.1832981493338231,10.85,553.0580000000002,523.8260000000004,552.181585088,202,0,0.3073151762849006,-0.4931755997417966,0.4931755997417966,0.3073151762849006,0.8,1.55,2.325,35.49569239394077,10.03074195558619,2.188840122389566,-2.122778298127868,2.367951513541663,-2.0516862304453873,6.301538523552941,-0.1357321850903438,3.3610617404610443,1.6050853815046735,1614.364761017717,27.89876597875264,22.08773183187052,22.843660777888974,19.49553493609094,13.061858661877167,13.439823134886394,9.306860830664064,9.74329661113605,6.376628262175868,6.611725364963607,4.577289871320049,4.790174921881296,-4.549999999999999,1433333786.8650768,27.033400399343964,12.53655959397698,6.528928673873161,237.9427786252288,14.580253302440804,18.105905631080727,0.0,0.0,0.0,5.969305287951848,9.476340119217006,0.0,5.098681808301038,0.0,72.26461057484862,66.07866115401288,16.149536297135317,30.960315983048424,19.374790486512623,17.570245178184365,0.0,9.78048474344622,0.0,26.49619719304213,6.606881964512918,124.84122795267972,0.0,34.01378263965872,9.473725907600098,0.0,11.49902366656781,11.600939890232516,27.463199390751697,24.366997177423325,0.0,23.61409167478161,103.1282401638474,5.022633313741326,22.514758973090913,0.0,73.58000000000001,5.969305287951848,9.901064578912528,0.0,6.4208216229260096,47.351496460206086,28.13379430322335,0.0,6.06636706846161,96.53467909329838,12.13273413692322,26.173347606133653,14.1530459301003,6.1688919981546455,11.512142333498026,15.0909581320024,5.868125865879687,0.4633533315768789,32.94839534444094,-0.1048336544341237,3.344365163225695,0.0,0.1515151515151515,40,1,6,0,0,0,0,4,1,5,0,0,5,1,7,1,11,0,0,0,0,0,8.472645878355419,5,7.523600000000006,156.93579999999963,1,0,0,0,0,2,0,0,1,1,1,0,0,0,0,2,0,0,0,0,0,0,0,0,0,0,0,0,0,0,0,0,0,0,4,0,0,0,0,0,0,2,0,0,1,0,0,0,0,0,0,0,0,0,0,0,0,0,0,0,0,0,0,0,1,0,0,0,0,0,0,0,0,0,0,0,0,0,0,0,0,0,0,0,0,CHEMBL3134201,CCOc1ccccc1-c1cc(-c2cc(CC(=O)O)ccc2OCc2cccc(Cl)c2)nn1Cc1ccccc1,54390.0,4.735519058815171,CHEMBL1907611,Tumour suppressor p53/oncoprotein Mdm2,3,Large-Nonpolar-Aromatic-Flexible-Hydrophobic,Large-Nonpolar-Aromatic-Flexible-Hydrophobic
13.831938132083623,13.831938132083623,0.0343846532013054,-0.3298773723185777,0.2931147153878204,21.26829268292683,576.1810000000003,533.8450000000003,575.2914698840001,218,0,0.2317660933058384,-0.4928583621429129,0.4928583621429129,0.2317660933058384,1.024390243902439,1.7073170731707317,2.341463414634146,35.4956924454328,9.858560455945629,2.35923530325194,-2.382284196255863,2.4380648501903477,-2.4075254770354952,6.301128678337167,-0.1183043763989016,2.9775939679445513,1.4902051057605563,1336.5704561901264,29.095282880388783,24.607138041550957,25.36306698756941,19.76559054612061,14.786937992913634,15.16490246592286,11.610928884734308,12.047364665206292,8.669565492872438,8.921541808211925,6.106265704653233,6.232253862322977,-3.219999999999999,1570485773.7754743,29.278480380373523,12.74591464628796,6.49262076053563,248.92443987827093,25.00721284646324,0.0,11.49902366656781,5.907179729351506,0.0,0.0,4.794537184071822,0.0,0.0,0.0,30.657411226846357,110.16704238326597,36.03167508084618,25.676426381099805,14.26826309167192,28.882892168951145,0.0,0.0,11.651573523323576,70.56005218298154,30.502045391568256,82.37665847344843,0.0,11.49902366656781,25.00721284646324,11.374772549367124,11.49902366656781,11.600939890232516,38.75521287611507,11.21535880699783,5.917906046161393,68.68377781825025,60.6636706846161,5.022633313741326,0.0,0.0,68.03,0.0,4.794537184071822,0.0,24.47380856917378,28.481403855618492,53.87234829914871,12.84164324585202,7.109797541277533,42.15548227284915,49.203154255526336,26.8083332749948,11.948091145686869,6.266934830565827,18.06553418769836,0.6578913429513988,11.083023347082891,2.036587560974014,20.1700175827036,5.775136786930421,5.154358429998724,3.7868692298523543,0.4411764705882353,41,2,6,1,1,2,1,3,0,3,2,0,5,1,7,1,9,1,0,1,0,1,9.101975900030672,5,7.158300000000008,167.50539999999958,0,0,0,0,0,0,0,0,0,0,1,1,0,0,0,2,0,1,0,0,0,0,0,0,0,0,0,1,0,2,0,0,0,0,3,0,1,0,0,0,0,2,0,0,1,0,0,0,0,0,0,0,0,0,0,1,0,0,0,0,0,0,0,0,0,0,0,0,0,0,0,0,0,0,0,0,0,0,0,0,0,0,0,0,0,CHEMBL3601320,CC[C@@H](C)Oc1cc2c(cc1OC)CC(=O)N(c1ccc(N(C)C[C@H]3CC[C@H](N)CC3)cc1)C2c1ccc(Cl)cc1,3.0,0.4771212547196624,CHEMBL1907611,Tumour suppressor p53/oncoprotein Mdm2,3,Large-Nonpolar-Aromatic-Flexible-Hydrophobic,Large-Nonpolar-Aromatic-Flexible-Hydrophobic
13.438959024453403,13.438959024453403,0.0085418503821286,-0.3270423910304865,0.4534695833762036,15.3125,451.9500000000002,425.74200000000025,451.155035992,166,0,0.2317661077485271,-0.4967658864494312,0.4967658864494312,0.2317661077485271,0.9375,1.5625,2.15625,35.49569198237459,9.865138258233602,2.3560842510850604,-2.378895990707013,2.434011098436457,-2.4065719536694496,6.301100905823679,-0.1183021726299575,2.799512345658309,1.894250018564374,1096.0597850019365,22.664561460070644,18.430344535010164,19.18627348102862,15.549575153157903,10.692595423553303,11.070559896562532,7.456412790819614,7.892848571291599,5.504734334356392,5.756710649695878,4.102761572119917,4.228749729789659,-3.1799999999999993,19205640.119561672,22.02966419769279,9.53157134525798,4.2555254876652215,193.0245549789181,19.110498592250625,5.749511833283905,11.49902366656781,5.907179729351506,0.0,0.0,4.794537184071822,0.0,0.0,0.0,23.733674027155736,79.06876542216513,10.710019588424888,32.78622392237734,19.005126045471968,23.195505894267583,0.0,0.0,0.0,26.31013685145522,25.22347120115385,82.37665847344843,0.0,17.248535499851716,19.110498592250625,5.687386274683562,17.248535499851716,11.600939890232516,26.230741199654872,11.21535880699783,0.0,36.5796697036202,60.6636706846161,5.022633313741326,0.0,0.0,48.0,0.0,4.794537184071822,0.0,18.369842181425476,29.735420909334973,28.127252583058453,0.0,7.109797541277533,79.41105481484783,0.0,25.811528751632665,16.988750888393366,6.157293756959299,15.273372053553931,0.647042581686792,3.7089160525321256,2.0838999482872396,18.770442120910193,0.2757257635564512,4.914961888994177,1.6240393895708718,0.2692307692307692,32,0,5,0,1,1,1,3,0,3,1,0,4,0,6,1,7,0,0,0,0,1,6.561791125387007,4,5.824700000000006,126.25900000000004,0,0,0,0,0,0,0,0,0,0,1,1,0,0,0,1,0,0,0,0,0,0,0,0,0,0,0,1,0,1,0,0,0,0,3,0,1,0,0,0,0,3,0,0,1,0,0,0,0,0,0,0,0,0,0,1,0,0,0,0,0,0,0,0,0,0,0,0,0,0,0,0,0,0,0,0,0,0,0,0,0,0,0,0,0,CHEMBL3604658,CCOc1cc2c(cc1OCC)C(c1ccc(Cl)cc1)N(c1ccc(OC)cc1)C(=O)C2,540.0,2.7323937598229686,CHEMBL1907611,Tumour suppressor p53/oncoprotein Mdm2,3,Large-Nonpolar-Aromatic-Flexible-Hydrophobic,Large-Nonpolar-Aromatic-Flexible-Hydrophobic
14.29586755003076,14.29586755003076,0.0083899351921834,-0.4091388358348136,0.2495020571794331,14.55,576.5240000000001,545.2760000000002,575.1742472120001,206,0,0.2606316554774662,-0.4960547757529529,0.4960547757529529,0.2606316554774662,0.975,1.675,2.325,35.496785835295746,10.015122376125378,2.4351726408595606,-2.300767613622888,2.478835383582366,-2.3023400016537487,6.309181734961334,-0.1194639638992498,3.4530076810457193,1.7658810380187608,1608.6373994451592,28.7144495128353,23.08776128906165,24.599619181098554,19.137468008383344,13.123352976079264,13.87928192209772,10.236883903612185,11.109755464556152,7.358715837755539,7.845789255882763,5.504870597213819,5.7972023099248595,-3.7399999999999984,968675449.1548836,27.812810359094108,11.028159540923664,4.865237014487973,244.01822537290468,14.620751205597736,11.791352662431866,0.0,5.907179729351506,5.907179729351506,0.0,14.48898409899412,0.0,0.0,0.0,47.46734805431147,79.92613555339413,34.38561720568836,30.48192664559746,14.325937321943693,40.703625513851605,0.0,9.883888251797686,0.0,39.275714880293805,19.0573792548052,104.72303834219684,0.0,17.00689131982936,14.953561288656855,5.687386274683562,5.749511833283905,23.20187978046503,30.53892863044909,11.21535880699783,6.923737199690624,58.67342720338543,66.73003775307771,10.045266627482652,11.257379486545457,0.0,63.57,6.041840829147961,9.589074368143644,0.0,24.27702191077698,21.358229952463553,39.329048231168464,0.0,14.157469523954724,78.55368468361881,23.731362651178937,27.938742734265084,7.956161207302531,12.68298344049779,28.271095963995503,3.862374906325817,6.658814922768297,0.4736850594303907,20.4896738020354,0.239828536881137,6.174852034263595,3.2460856820550945,0.25,40,1,6,0,1,1,2,3,1,4,1,0,4,1,8,2,7,0,0,0,0,1,7.668102748038605,5,7.398120000000006,160.8691999999996,0,0,0,0,0,1,0,0,0,0,2,2,0,0,0,2,1,0,0,1,0,0,0,0,0,0,0,2,0,1,1,0,0,0,3,0,1,0,0,0,0,1,0,0,2,0,0,0,0,0,0,0,0,0,0,1,0,0,0,0,0,0,0,0,0,0,0,0,0,0,0,0,0,0,0,0,0,0,0,0,0,0,0,0,0,CHEMBL3946895,CNC(=O)Cc1ccc(OC)c(-c2cc3c(n2C(C)C)C(c2ccc(Cl)cc2)N(c2cc(Cl)ccc2C)C3=O)c1,0.148,-0.8297382846050426,CHEMBL1907611,Tumour suppressor p53/oncoprotein Mdm2,3,Large-Nonpolar-Aromatic-Flexible-Hydrophobic,Large-Nonpolar-Aromatic-Flexible-Hydrophobic
14.193199763444472,14.193199763444472,0.0569977919151203,-4.639670270114219,0.3201040848496245,22.789473684210527,565.4190000000001,540.2190000000002,564.1194326800002,200,0,0.3909757179157654,-0.4812044883280515,0.4812044883280515,0.3909757179157654,1.0789473684210529,1.7894736842105263,2.3684210526315788,35.496785748924864,9.6653725502816,2.53881079207223,-2.5143616806037725,2.544014954658836,-2.539203271415354,6.304479133942129,-0.1735574545624104,2.8427023463168646,1.9926255456103832,1304.7009255343185,27.66456146007064,20.32953411387777,21.841392005914685,17.876647761686318,11.9100549605836,12.665983906602053,9.795311905594986,10.668183466538952,6.921587025432714,7.408660443559939,5.361102838158876,5.685818450243692,-3.099999999999999,168569974.97471303,27.92199232809574,10.9454687821597,6.130393996934744,227.7540219024339,10.006437125691182,0.0,0.0,5.907179729351506,0.0,12.145603805395323,14.57305288909085,0.0,13.17124514302446,0.0,60.4574523224637,53.94592701708966,22.16001624525712,36.03424336839318,27.86684690600881,35.07836479776839,0.0,9.883888251797686,5.414990469396779,50.364088290369445,0.0,99.79297893041591,0.0,0.0,0.0,13.17124514302446,0.0,23.20187978046503,33.04319918138522,9.589074368143644,5.414990469396779,61.008620751168415,72.92688132469078,10.045266627482652,0.0,0.0,70.5,54.31100495445294,27.86684690600881,0.0,12.114749617774471,21.172169610876644,0.0,24.086857570615788,60.6636706846161,0.0,4.983978520947208,23.20187978046503,42.110573293749695,12.409695243162052,31.449044460023742,10.531818724396963,-0.1865689037960857,-2.476669386212211,15.642396266015416,-5.086591715060255,1.4951909066095574,0.0,0.3214285714285714,38,1,5,0,1,1,1,2,1,3,4,0,3,1,10,2,7,0,1,1,0,0,8.04261303586512,4,7.6203000000000065,137.8587999999999,1,0,0,0,0,1,0,0,1,1,2,1,0,0,0,2,0,0,0,0,1,0,0,0,0,3,0,1,0,0,0,0,0,0,2,0,0,0,0,0,0,0,0,0,5,0,0,0,0,0,0,0,0,0,0,0,0,0,0,0,0,0,0,0,0,0,0,0,0,1,0,0,0,1,0,0,0,0,0,0,0,0,0,0,0,CHEMBL4109848,C[C@]1(CC(=O)O)C[C@H](c2cccc(Cl)c2)[C@@H](c2ccc(Cl)cc2)N([C@@H](CC(F)(F)F)c2ccccn2)C1=O,30.0,1.4771212547196624,CHEMBL1907611,Tumour suppressor p53/oncoprotein Mdm2,3,Large-Nonpolar-Aromatic-Flexible-Hydrophobic,Large-Nonpolar-Aromatic-Flexible-Hydrophobic
14.28553252988438,14.28553252988438,0.2220743575207864,-1.1312122639693731,0.3083890139212973,22.916666666666668,545.8940000000001,518.6780000000003,544.1087257639999,188,0,0.3039259588612324,-0.4812044883280517,0.4812044883280517,0.3039259588612324,1.0555555555555556,1.75,2.361111111111111,35.49788044377239,9.665710362554682,2.522293199783721,-2.51319298366561,2.536388636615008,-2.533162972691147,6.305477927992393,-0.1605934924411031,2.8233260144145023,1.9610648865966256,1266.904553972537,26.034804948073717,19.99625489866969,22.264041736725055,17.124048002396943,11.806393587431945,12.940287006459624,9.5148316215752,10.774951923700865,6.932358563576197,7.629935564846015,5.381258849410678,5.8763037655356785,-2.5999999999999988,83068394.90148202,26.462673590146117,10.79459883217993,5.386227531572733,225.56068192053692,10.006437125691182,5.153109816892792,0.0,5.907179729351506,0.0,5.969305287951848,9.589074368143644,4.983978520947208,0.0,0.0,78.98212941238685,60.366748640015665,15.963172673644046,29.61342174546717,14.69560176298435,46.679304688000904,0.0,9.883888251797686,5.414990469396779,51.11152697261659,0.0,98.74924517569562,0.0,0.0,0.0,0.0,0.0,34.802819670697545,26.866900663941745,9.589074368143644,5.414990469396779,67.93235795085904,66.73003775307771,15.198376444375445,0.0,0.0,70.5,23.467977415644548,14.69560176298435,0.0,18.24590739843891,33.733947685075925,11.126902983393991,0.0,31.18920547353706,54.28821640977237,4.983978520947208,34.802819670697545,0.0,18.830317301654105,32.563685983223166,11.260858895051491,1.3574741179908192,-1.4662691620793475,19.519805127674218,0.6273930601047011,3.723401343047507,0.0,0.3214285714285714,36,1,5,0,1,1,1,2,1,3,4,0,3,1,8,2,7,0,1,1,0,0,7.934831817570832,4,7.731300000000006,142.4877999999998,1,0,0,0,0,1,0,0,1,1,2,1,0,0,0,2,0,0,0,0,1,0,0,0,0,0,0,1,0,0,0,0,0,0,2,0,0,0,0,0,0,0,0,0,3,0,0,0,0,0,0,0,0,0,0,0,0,0,0,0,0,0,0,0,0,0,0,0,0,1,0,0,0,1,0,0,0,0,0,0,0,0,0,0,0,CHEMBL3329613,CC[C@@H](c1cccc(Cl)n1)N1C(=O)[C@@](C)(CC(=O)O)C[C@H](c2cccc(Cl)c2)[C@H]1c1ccc(Cl)cc1,0.7,-0.1549019599857432,CHEMBL1907611,Tumour suppressor p53/oncoprotein Mdm2,3,Large-Nonpolar-Aromatic-Flexible-Hydrophobic,Large-Nonpolar-Aromatic-Flexible-Hydrophobic
14.4361251864918,14.4361251864918,0.0048439062774379,-0.0048439062774379,0.1783527698899437,15.25,629.6360000000001,591.3320000000002,628.2484151960001,228,0,0.2705658963612846,-0.3498985209238324,0.3498985209238324,0.2705658963612846,0.9772727272727272,1.7272727272727273,2.477272727272727,35.49678623526287,10.00470749358431,2.3310738049231685,-2.2499999440855984,2.399595754637938,-2.3745872343000753,6.312609231000113,0.0775642857527536,3.750783625281803,1.4160787775084511,1744.7120365433398,30.793953493138048,25.432896450942703,26.94475434297961,21.27889733867607,15.090419948119107,15.84634889413756,11.95818550999024,12.831057070934207,8.552512218421283,9.039585636548509,6.197186934257432,6.495278115880044,-3.6199999999999983,12120056762.135036,30.408062911672275,13.16470575024277,6.422162007890397,268.5533203626419,24.250807361289993,5.693927994848461,0.0,0.0,5.907179729351506,0.0,4.794537184071822,4.983978520947208,0.0,0.0,71.73281632815791,76.90309177125218,57.75120458984338,17.715176064461463,4.794537184071822,40.0119844418976,0.0,29.2347858822372,0.0,25.428240480912557,47.322041571681865,100.426371010332,0.0,22.514758973090913,0.0,0.0,0.0,23.20187978046503,88.50584801241853,6.544756405912575,0.0,28.893559916469297,79.12372489630388,10.045266627482652,33.41768390517197,0.0,60.4,0.0,4.794537184071822,0.0,5.907179729351506,41.415304669216795,64.91229145454614,0.0,0.0,71.89090049023113,52.6266477153943,28.18585830141224,2.129844863680091,12.646457312256254,29.440188668044183,2.241118733047858,6.014275636883724,-0.0048439062774379,24.086712010010316,3.9166271061488582,4.040012161326198,6.378496303768849,0.3142857142857143,44,1,7,0,1,1,1,3,2,5,1,0,5,1,9,3,10,0,1,1,0,0,9.09802728788718,6,7.1515000000000075,180.6291999999995,0,0,0,0,0,3,1,0,0,0,1,1,0,0,0,5,1,0,0,1,1,1,0,0,0,0,0,1,0,0,0,0,0,0,3,0,1,0,0,0,0,0,0,0,2,0,0,1,0,0,0,0,0,0,0,0,0,0,0,0,0,0,0,0,0,0,0,0,0,0,0,0,0,0,0,0,0,0,0,0,0,0,0,0,0,CHEMBL1236726,CN(C)CCCN(C)[C@H]1CCN(C(=O)c2[nH]c3cc(Cl)ccc3c2-c2c(-c3ccccc3)ncn2Cc2ccc(Cl)cc2)C1,190.0,2.278753600952829,CHEMBL5023,p53-binding protein Mdm-2,3,Large-Nonpolar-Aromatic-Flexible-Hydrophobic,Large-Nonpolar-Aromatic-Flexible-Hydrophobic
13.707335693695253,13.707335693695253,0.0192810890860062,-0.8578074785792407,0.1974393919557525,10.923076923076923,541.0220000000002,514.8140000000003,540.1615985920001,196,0,0.3031777658795126,-0.4882001296913053,0.4882001296913053,0.3031777658795126,0.8717948717948718,1.641025641025641,2.3846153846153846,35.495692353209,10.02250056389005,2.169440960356249,-2.1242485683703545,2.344626237144358,-2.041034133790088,6.301529020860174,-0.1364751289248525,3.3510148990637205,1.56078608242943,1583.364290111106,27.191659197566093,21.05744801441589,21.81337696043434,18.940693381224552,12.54495177322478,12.922916246234008,9.207805040806983,9.644240821278972,6.325952255770237,6.561049358557974,4.37608249031492,4.588967540876166,-4.419999999999998,863546352.4034276,26.19762528281736,11.965085024507076,6.722667551320109,230.6298266842515,9.843390348640757,18.17361463884272,0.0,0.0,0.0,5.969305287951848,9.476340119217006,4.39041504767482,5.098681808301038,0.0,60.13187643792539,77.70847971417149,22.570357920061326,17.932612395609496,19.028342580387395,17.570245178184365,0.0,9.78048474344622,0.0,25.99328161627751,0.0,130.65844879372565,0.0,28.264270806374817,4.736862953800049,4.39041504767482,5.749511833283905,11.600939890232516,20.856317426238775,24.366997177423325,5.817220841045894,23.11117609801699,103.1282401638474,5.022633313741326,22.514758973090913,0.0,64.35,5.969305287951848,14.291479626587348,0.0,12.238042463971905,36.038533135225194,33.51118545333344,12.13273413692322,12.13273413692322,83.54457482514614,0.0,21.436484652333604,21.827031178268538,6.14975677385344,11.20590243230395,14.770776820456238,5.926219202962749,-0.5522526740183729,31.394371389873257,0.4006796218436654,0.8219596989009869,0.0,0.125,39,1,5,0,0,0,0,4,1,5,0,0,4,1,7,1,10,0,0,0,0,0,8.037354203822716,5,7.654100000000007,150.3417999999997,1,0,0,0,0,2,0,0,1,1,1,0,0,0,0,2,0,0,0,0,0,0,0,0,0,0,0,0,0,0,1,0,0,0,4,0,0,0,0,0,0,1,0,0,2,0,0,0,0,0,0,0,0,0,0,0,0,0,0,0,0,0,0,0,0,0,0,0,0,0,0,0,0,0,0,0,0,0,0,0,0,0,0,0,0,CHEMBL3134199,O=C(O)CCc1ccc(OCc2cccc(Cl)c2)c(-c2cc(-c3ccc(F)cc3)n(Cc3ccccc3)n2)c1,51880.0,4.714999967412043,CHEMBL1907611,Tumour suppressor p53/oncoprotein Mdm2,3,Large-Nonpolar-Aromatic-Flexible-Hydrophobic,Large-Nonpolar-Aromatic-Flexible-Hydrophobic
13.704057443450631,13.704057443450631,0.0648422146636433,-1.0893733859284458,0.5346688936356954,20.96875,447.9620000000002,421.75400000000025,447.160121372,164,0,0.2569214054335388,-0.3957072188708944,0.3957072188708944,0.2569214054335388,1.0,1.6875,2.34375,35.49569197542304,9.924816253252342,2.5407143705321675,-2.40238926238295,2.5078723472385804,-2.472020364474804,6.301102190380972,-0.1284819947723418,3.5647049169361513,1.6546766195076563,1138.3228731063032,22.346724214874857,18.05262538114512,18.808554327163577,15.47192943107259,10.953426421344757,11.331390894353984,9.0201800322784,9.456615812750384,6.7243723162049,6.9763486315443854,4.4666486956387,4.592636853308443,-2.659999999999999,36793686.41176286,21.19964606718728,8.036836583231263,3.5265353391405245,192.95080923296777,9.843390348640757,0.0,5.724985593970254,0.0,5.907179729351506,0.0,9.6944469149223,0.0,0.0,0.0,71.76169499808401,43.52793314262447,33.672734664141664,13.213763929025836,14.637927532712576,17.508119619584022,0.0,4.899909730850477,5.414990469396779,32.03512244542547,13.213763929025836,105.63629559376568,0.0,0.0,0.0,0.0,0.0,11.600939890232516,29.127380784068528,17.006604953682878,12.338727669087405,45.453437888408814,72.79640482153933,5.022633313741326,0.0,0.0,49.77,5.724985593970254,9.901064578912528,0.0,17.929052163261204,23.737723175863817,29.531997720943007,5.563451491696996,0.0,72.48731761515721,12.13273413692322,16.337802844032566,6.742167186318972,6.201293493901487,15.522535334607094,10.543277895896232,3.2008649901246264,-0.0648422146636433,23.3773495867436,1.8487166874197896,2.90641481742962,0.0,0.2962962962962963,32,1,4,1,1,2,1,3,0,3,1,0,3,1,5,1,7,1,0,1,0,1,5.324315345760173,5,5.294620000000006,124.4313,0,1,1,0,0,0,0,0,0,0,1,1,0,0,0,1,0,0,0,0,0,0,0,0,0,0,0,1,0,0,1,0,0,0,3,0,1,0,0,0,0,1,0,0,1,0,0,0,0,0,0,0,0,0,0,0,0,0,0,0,0,0,0,0,0,0,0,0,0,0,0,0,0,0,0,0,0,0,0,0,0,0,0,0,0,CHEMBL1688282,Cc1ccc(CN2C(=O)c3ccccc3C2(OCC2(CO)CC2)c2ccc(Cl)cc2)cc1,2300.0,3.361727836017593,CHEMBL5023,p53-binding protein Mdm-2,3,Large-Nonpolar-Aromatic-Flexible-Hydrophobic,Large-Nonpolar-Aromatic-Flexible-Hydrophobic
13.444623855715122,13.444623855715122,0.0127190019526328,-1.0036692176870754,0.7125091128979488,20.625,435.56800000000015,402.30400000000026,435.252191916,170,0,0.3170995347202453,-0.3451631820199416,0.3451631820199416,0.3170995347202453,1.03125,1.75,2.375,16.52068626238201,9.84627201443724,2.513946544025601,-2.397398685756954,2.453203707395504,-2.4812306076872632,6.000444814945649,-0.1094234775082921,3.285211607368073,1.7652238218229364,996.121850158502,22.932510652501765,19.4806149030278,19.4806149030278,15.285877486510293,11.479928907606425,11.479928907606425,9.541181745623296,9.541181745623296,6.354553517689579,6.354553517689579,4.656013719788581,4.656013719788581,-2.859999999999999,18499105.406168196,22.3380875517774,8.583679144533846,3.769549813160351,190.0921435736643,19.853471019507335,0.0,5.724985593970254,0.0,5.907179729351506,6.031114512338072,4.794537184071822,4.794537184071822,0.0,0.0,70.15951827799377,23.46563065248139,42.86938009874129,6.606881964512918,14.325937321943693,11.938294241689578,0.0,15.116608065707286,0.0,45.25574648505554,32.78590758816322,70.78474251448087,0.0,0.0,5.316788604006331,4.794537184071822,0.0,0.0,54.524021291553744,15.87683901716708,0.0,61.1641135725483,48.53093654769288,0.0,0.0,0.0,61.88,5.724985593970254,9.589074368143644,0.0,17.353284711086356,38.349359079860214,17.54772460632,5.563451491696996,4.899909730850477,29.165378004696915,57.27720567661527,4.736862953800049,6.657897534013605,0.0,29.04749601411644,2.8282347325406696,2.7350677441545947,-0.0127190019526328,16.081951288441864,0.8188930356093055,11.343178653076151,0.0,0.4615384615384615,32,1,6,0,2,2,3,2,0,2,1,0,3,1,6,2,7,0,1,1,0,1,5.991968007717588,4,4.092800000000003,124.61520000000004,0,0,0,0,0,0,0,0,0,0,2,2,0,0,0,2,1,0,0,0,0,0,0,0,0,0,0,3,0,0,0,0,0,0,2,0,1,0,0,0,0,1,0,0,0,0,0,0,0,0,0,0,0,0,0,0,0,0,0,0,0,0,0,0,0,0,0,0,0,0,0,0,0,0,0,0,0,0,0,0,0,0,0,0,1,CHEMBL217399,CCCN1C(=O)c2ccccc2C1(OCCN1CCNC1=O)c1ccc(C(C)(C)C)cc1,74300.0,4.870988813760575,CHEMBL1907611,Tumour suppressor p53/oncoprotein Mdm2,3,Large-Nonpolar-Aromatic-Flexible-Hydrophobic,Large-Nonpolar-Aromatic-Flexible-Hydrophobic
12.677419924568644,12.677419924568644,0.0189809565801628,-4.040299353607882,0.31297433965119,11.117647058823527,512.4140000000002,493.2620000000002,511.041184448,172,0,0.2644978449890472,-0.4889174061666781,0.4889174061666781,0.2644978449890472,0.7647058823529411,1.3823529411764706,2.0,35.49683743290604,10.038358446033037,2.186133232231917,-2.095995852789428,2.271875746886386,-2.300766936685224,7.896984618884673,0.0981142609061137,2.8274866962706326,1.413995608339632,1385.6429136588838,24.131181265251033,17.741881486558334,20.07023595952297,16.29766351823703,10.205491732642049,12.444583926254897,7.415775106729153,9.971048909082633,4.952400112527095,6.735728005062186,3.222658051389709,4.722862959261263,-3.319999999999998,42432386.909549795,23.82533319040178,10.301988280245148,5.967881270018674,207.52480782581935,4.736862953800049,12.356393797796825,0.0,0.0,15.930470882759089,0.0,4.794537184071822,13.139891848781026,0.0,0.0,65.66644925969631,71.28765809124549,15.608718119179647,4.895483475517775,17.949197122200808,39.13235066322412,0.0,4.722094864452088,0.0,11.502365440030694,0.0,118.23404270626244,0.0,16.876414816677897,9.458957818252138,0.0,5.749511833283905,23.20187978046503,14.324976713680442,16.630173117920503,0.0,15.921440167465814,101.95735657090356,10.045266627482652,11.126902983393991,0.0,72.47,15.930470882759089,13.212334168400758,0.0,10.45893496721477,16.65214859199557,22.439866308374892,12.13273413692322,54.59730361615449,30.33183534230805,4.722094864452088,27.938742734265084,33.118962094807245,12.091443689321068,12.544490701629186,0.9871476928183835,2.5737956596555,-0.0110154573319232,27.081816999696994,0.0,0.2925468619003126,-4.040299353607882,0.0384615384615384,34,1,5,0,0,0,1,4,0,4,0,0,4,1,8,0,7,0,0,0,0,0,7.219067744131025,4,6.358100000000004,133.7659999999999,0,0,0,0,0,0,0,0,0,0,1,1,0,0,0,0,1,0,0,0,0,0,0,0,0,0,0,1,0,0,0,0,0,0,4,0,0,0,0,0,0,1,0,0,2,0,0,0,0,0,0,0,0,0,0,0,0,0,0,0,0,0,0,0,1,0,0,0,0,0,0,0,0,0,0,0,1,0,0,0,0,0,0,0,0,CHEMBL1824805,O=C(NS(=O)(=O)c1ccc(COc2ccccc2)cc1)c1ccc(-c2cc(Cl)cc(Cl)c2)cc1,2510.0,3.399673721481038,CHEMBL4361,Induced myeloid leukemia cell differentiation protein Mcl-1,0,Large-Nonpolar-Aromatic-Flexible-Hydrophobic,Large-Nonpolar-Aromatic-Flexible-Hydrophobic
13.689315712540669,13.689315712540669,0.1236652546821199,-0.5933038513759419,0.4681692158882534,17.545454545454547,483.3950000000001,459.2030000000003,482.116397988,170,0,0.2545105386995421,-0.3828607789892269,0.3828607789892269,0.2545105386995421,0.9696969696969696,1.606060606060606,2.272727272727273,35.4967851030128,9.78622515373767,2.4350929707250373,-2.41650349889142,2.4341506572825464,-2.470077523814586,6.304001713881117,-0.1240595338639657,2.8246794932667836,1.8200830412677305,1133.033760626282,23.37166824125719,18.13211152512441,19.643969417161323,15.99040230064194,10.65771983963153,11.413648785649986,7.904656769958004,8.777528330901971,5.804227551430451,6.308180182109421,4.253918693305124,4.505895008644609,-2.8599999999999985,30809886.507422168,23.3032950897948,10.383854097121583,5.058406485490404,202.8121150304378,14.953561288656855,0.0,0.0,5.907179729351506,5.907179729351506,0.0,9.589074368143644,0.0,0.0,0.0,65.66644925969631,47.02218981739904,35.80802847228233,18.566628839822272,14.325937321943693,35.016239239168044,0.0,10.216698334856808,0.0,18.50450328122193,20.26143591170303,105.09547741580998,0.0,0.0,5.316788604006331,0.0,0.0,23.20187978046503,36.97570510125651,16.076156543784446,0.0,39.00809002616916,72.79640482153933,10.045266627482652,0.0,0.0,58.64,11.959746875309351,9.589074368143644,0.0,11.814359458703011,40.86856438721471,11.126902983393991,0.0,42.34154261443606,42.46456947923127,5.316788604006331,27.938742734265084,5.0958149706891245,12.196899268880957,28.93612219997682,4.17990970966188,3.000958759660209,-0.8761764000867847,21.484143721393597,0.0,1.1161582611709917,1.5883917308754276,0.2307692307692307,33,1,5,0,1,1,2,3,0,3,2,0,3,1,7,1,7,0,0,0,0,0,7.33266715741209,4,5.236900000000004,129.5872,0,0,0,0,0,0,0,0,0,0,2,2,0,0,0,1,1,0,0,0,0,0,0,0,0,0,0,2,0,0,0,0,0,0,3,0,1,0,0,0,0,1,0,0,2,0,0,0,0,0,0,0,0,0,0,1,0,0,0,0,0,0,0,0,0,0,0,0,0,0,0,0,0,0,0,0,0,0,0,0,0,0,0,0,0,CHEMBL3219400,COCCNC(=O)[C@H]1c2ccccc2C(=O)N(Cc2ccc(Cl)cc2)[C@@H]1c1ccc(Cl)cc1,27100.0,4.432969290874405,CHEMBL1907611,Tumour suppressor p53/oncoprotein Mdm2,3,Large-Nonpolar-Aromatic-Flexible-Hydrophobic,Large-Nonpolar-Aromatic-Flexible-Hydrophobic
12.17672586676052,12.17672586676052,0.2767175695874424,-0.768025797064102,0.5391483450761688,19.666666666666668,448.60700000000026,412.31900000000024,448.272593012,176,0,0.11887676529166,-0.4967560338214257,0.4967560338214257,0.11887676529166,1.0,1.696969696969697,2.363636363636364,16.477324443747474,9.678785224813556,2.464196774527822,-2.451543903570462,2.4842787118751684,-2.470482218115047,5.347394650596692,-0.0934818768932401,3.4247689016266443,1.3088074838446415,924.9038321313913,23.097801070431423,19.709814652375883,19.709814652375883,16.12870819450707,12.354146450209926,12.354146450209926,9.492790806970794,9.492790806970794,7.590545370600709,7.590545370600709,5.743375513198203,5.743375513198203,-2.5499999999999994,51100237.0310884,23.60291546850596,11.047866150043854,5.511968713847391,197.48964641173012,19.48016303329128,11.49902366656781,0.0,0.0,0.0,0.0,0.0,0.0,5.261891554738487,0.0,24.97437738277524,98.99108692124466,6.544756405912575,30.95040312126341,14.580253302440804,0.0,5.261891554738487,4.899909730850477,11.835812092322788,50.54680217146576,33.35094872352818,59.65783953108687,0.0,17.568244979360085,9.473725907600098,0.0,11.49902366656781,0.0,43.357385849219355,5.601050810983688,23.166924959853542,56.07265434387607,48.53093654769288,0.0,0.0,0.0,65.72,5.601050810983688,5.106527394840706,0.0,5.917906046161393,18.088239502371305,68.80085249063256,12.84164324585202,19.242531678200752,30.33183534230805,17.03549811210436,14.735617462338585,11.301199582776896,0.0,2.4992896124371593,21.06468236832612,0.9122957092117996,2.247295819810505,17.512814908912752,7.65287620144248,3.701120618595765,1.6917585118198573,0.5357142857142857,33,1,5,1,1,2,0,2,0,2,1,0,5,1,5,1,9,1,1,2,0,1,7.901874268086469,4,5.125780000000005,129.28180000000003,0,1,0,0,0,0,0,0,0,0,0,0,0,0,0,2,0,0,0,0,1,0,0,0,0,0,0,0,0,0,0,0,0,0,2,0,0,0,0,0,0,2,0,0,0,0,0,0,0,0,0,0,0,0,0,1,0,1,0,0,0,0,0,0,0,0,0,0,0,1,0,0,0,0,0,0,0,0,0,0,0,0,0,0,0,CHEMBL3586084,COc1cccc(C(O)(C2CCCC2)C2CCN(CCCOc3ccc(C#N)cc3)CC2)c1,1100.0,3.041392685158225,CHEMBL2093861,Menin/Histone-lysine N-methyltransferase MLL,3,Large-Nonpolar-Aromatic-Flexible-Hydrophobic,Large-Nonpolar-Aromatic-Flexible-Hydrophobic
14.189207416505695,14.189207416505695,0.0732040851319957,-1.047849877348059,0.4682621047227366,28.176470588235293,504.45400000000006,473.20600000000024,503.163013832,182,0,0.303925957537118,-0.4812044883315404,0.4812044883315404,0.303925957537118,1.1764705882352942,1.911764705882353,2.5,35.496785232423775,9.66465882064711,2.5306103257678303,-2.5234625729415474,2.5243777039024007,-2.5816475655528044,6.304456308926597,-0.1635598030563287,3.31804659183244,1.9002950508970704,1037.180534586423,24.457454678884098,19.54594492580476,21.05780281784167,16.23020115227959,11.903464703763794,12.659393649782247,9.732676324185556,10.605547885129525,7.301462955094454,7.788536373221678,5.789595560618097,6.114311172702915,-2.0799999999999987,45169019.50895149,25.026111957424533,10.268175811548408,4.975316493024241,210.54815604020877,14.743300079491233,0.0,0.0,5.907179729351506,0.0,5.969305287951848,9.589074368143644,0.0,0.0,0.0,61.31482245369272,61.075657748944465,22.570054638156964,30.023460138367017,19.432464716784395,35.07836479776839,0.0,4.899909730850477,5.414990469396779,70.05713660621691,6.606881964512918,69.70310615856953,0.0,0.0,0.0,0.0,0.0,23.20187978046503,40.63561132440372,14.325937321943693,5.414990469396779,69.03823237271465,48.53093654769288,10.045266627482652,0.0,0.0,66.84,11.384295757348628,14.69560176298435,0.0,36.433555444483126,29.493791837847592,23.96854622924601,0.0,6.923737199690624,53.43084627854336,6.923737199690624,27.938742734265084,6.067760639749728,12.5829710993672,28.00656479105688,10.962117737252797,0.9107654854637334,-1.246658796328109,14.831177328352352,2.6597927742373697,4.5310644964036015,0.0,0.4814814814814814,34,1,5,0,2,2,1,2,0,2,5,0,3,1,7,2,7,0,2,2,0,1,7.558015219362615,4,6.4892000000000065,133.26179999999997,1,0,0,0,0,0,0,0,1,1,2,1,0,0,0,1,0,0,0,0,1,0,0,0,0,0,0,1,0,0,0,0,0,0,2,0,0,0,0,0,0,1,0,0,2,0,0,0,0,0,0,0,0,0,0,0,0,0,0,0,0,0,0,0,0,0,0,0,0,1,0,0,0,0,0,0,0,0,0,0,0,0,0,0,0,CHEMBL4114935,CC[C@@H](C1CCCO1)N1C(=O)[C@@](C)(CC(=O)O)C[C@H](c2cccc(Cl)c2)[C@H]1c1ccc(Cl)cc1,1.0,0.0,CHEMBL1907611,Tumour suppressor p53/oncoprotein Mdm2,3,Large-Nonpolar-Aromatic-Flexible-Hydrophobic,Large-Nonpolar-Aromatic-Flexible-Hydrophobic
13.819162065031772,13.819162065031772,0.036960978835979,-1.0234791290487388,0.5375574029246825,23.93548387096774,463.405,435.18100000000015,462.147698116,166,0,0.3039259575456375,-0.4812044883315297,0.4812044883315297,0.3039259575456375,1.2258064516129032,1.935483870967742,2.4838709677419355,35.49678491810445,9.671771549804932,2.5192412637325554,-2.5095126978316387,2.515548309657145,-2.556514038776714,6.30381556012889,-0.1604544337271297,2.718708869002739,2.2208473849444994,946.0955246191872,22.758784066134822,18.015996130088507,19.527854022125418,14.695726309668943,10.612657976195669,11.368586922214122,8.525660561374625,9.398532122318594,6.309483272188185,6.76815853994052,4.820953368542796,5.131469905440167,-2.109999999999999,5970023.680278591,23.55096753473436,9.576217541724954,4.880582403208294,192.9302057163844,10.006437125691182,0.0,0.0,5.907179729351506,0.0,5.969305287951848,14.573052889090851,0.0,0.0,0.0,56.10582551646013,49.091384634321464,23.179223760663756,28.594214230060537,14.69560176298435,35.07836479776839,0.0,9.883888251797686,5.414990469396779,64.45608579523322,0.0,63.89769209641083,0.0,0.0,0.0,0.0,0.0,23.20187978046503,32.90874149308971,9.589074368143644,5.414990469396779,69.67162445263072,42.59504598238274,10.045266627482652,0.0,0.0,70.5,11.384295757348628,14.69560176298435,0.0,30.32958905673483,16.466088250408664,24.099022732397476,0.0,19.18694783976531,49.079219472539776,4.983978520947208,23.20187978046503,0.0,12.392190928126173,31.97302383300699,10.709658390859916,0.6860768044357669,-1.2713772917509691,10.838817550461672,3.284158653173204,5.859673353909465,0.0,0.4583333333333333,31,1,5,0,1,1,1,1,1,2,3,0,3,1,7,2,7,0,1,1,0,0,7.275135110668326,3,6.115200000000006,122.37380000000005,1,0,0,0,0,1,0,0,1,1,2,1,0,0,0,2,0,0,0,0,1,0,0,0,0,0,0,1,0,0,0,0,0,0,1,0,0,0,0,0,0,0,0,0,2,0,0,0,0,0,0,0,0,0,0,0,0,0,0,0,0,0,0,0,0,0,0,0,0,1,0,0,0,1,0,0,0,0,0,0,0,0,0,0,0,CHEMBL4109214,CCC(CC)N1C(=O)[C@](C)(CC(=O)O)C[C@H](c2cccc(Cl)c2)[C@H]1c1ccc(Cl)cn1,920.0,2.963787827345555,CHEMBL1907611,Tumour suppressor p53/oncoprotein Mdm2,3,Large-Nonpolar-Aromatic-Flexible-Hydrophobic,Large-Nonpolar-Aromatic-Flexible-Hydrophobic
13.747844472095082,13.747844472095082,0.0333622647227442,-1.0483036107961698,0.3484936853764626,17.205882352941178,451.57000000000016,422.33800000000025,451.225977168,172,0,0.2569215583786479,-0.348223858805972,0.348223858805972,0.2569215583786479,0.9411764705882352,1.6470588235294117,2.411764705882353,16.520391472348017,9.92861202257283,2.5168880666361955,-2.391459770160211,2.460444000377128,-2.4600781200012856,6.000106618758614,-0.1208675643692623,3.441719778110123,1.573307949771809,1252.6378510569373,23.382258120807595,19.406711715704773,19.406711715704773,16.71951191124797,11.90141307846697,11.90141307846697,8.663261902580674,8.663261902580674,6.376432959825468,6.376432959825468,4.691565326329082,4.691565326329082,-3.699999999999999,111958428.50420846,22.110045134255284,9.654874942912745,4.034921919388441,199.9801009010475,9.720841474747257,5.824404497999927,5.724985593970254,0.0,5.907179729351506,0.0,9.6944469149223,4.983978520947208,0.0,0.0,92.2073307126176,18.050640183084617,35.85277607554265,12.30080995936138,9.53140013787187,5.907179729351506,0.0,14.867866772744891,0.0,45.06282603286439,0.0,124.89812098971204,0.0,0.0,0.0,0.0,0.0,0.0,20.7750465020964,30.034308541121806,0.0,58.332056089250834,91.12598253007565,0.0,0.0,0.0,58.22,5.724985593970254,4.794537184071822,0.0,12.514061693864424,12.10820789760957,47.47115183671741,0.0,0.0,96.02589226092611,11.907715720637832,9.720841474747257,6.784830168178383,0.0,23.611103577441128,0.0,3.294175420656493,0.9372407529739786,27.85518516088967,5.042824154438599,2.8913074320884222,0.0,0.2413793103448276,34,1,5,0,1,1,1,3,1,4,1,0,3,1,5,2,9,0,0,0,0,1,6.278521198629153,5,5.826200000000005,131.96820000000002,0,0,0,0,0,2,1,0,0,0,1,1,0,0,0,2,1,0,0,0,0,1,0,0,0,0,0,1,0,0,1,0,0,0,3,0,1,0,0,0,0,1,0,0,0,0,0,1,0,0,0,0,0,0,0,0,0,0,0,0,0,0,0,0,0,0,0,0,0,0,0,0,0,0,0,0,0,0,0,0,0,0,0,1,0,CHEMBL424731,CCCCc1nc(COC2(c3ccccc3)c3ccccc3C(=O)N2Cc2ccccc2)c[nH]1,78000.0,4.892094602690481,CHEMBL1907611,Tumour suppressor p53/oncoprotein Mdm2,3,Large-Nonpolar-Aromatic-Flexible-Hydrophobic,Large-Nonpolar-Aromatic-Flexible-Hydrophobic
13.9020803100741,13.9020803100741,0.0214131428060031,-0.3512324055383087,0.2345464636809824,20.266666666666666,632.2450000000002,585.8770000000002,631.3176846319999,240,0,0.2317660933058384,-0.4928583621429129,0.4928583621429129,0.2317660933058384,1.022222222222222,1.711111111111111,2.3333333333333335,35.495692658923524,9.852725209946126,2.360013280169285,-2.3824987144097025,2.438444750054582,-2.4079152818510434,6.301148716482574,-0.1214861116978593,3.049497584057687,1.3940435276507817,1468.2324998481995,32.0868467119515,27.14514284401174,27.90107179003019,21.69744219869874,16.257064111186867,16.635028584196093,12.46883994750782,12.905275727979804,9.311133339674733,9.56310965501422,6.554552822134129,6.680540979803872,-3.709999999999999,10304146360.390882,32.6764430793901,14.590426521718513,7.577831889680883,272.39075980809986,24.590333973307384,0.0,11.49902366656781,11.814359458703011,0.0,0.0,9.589074368143644,0.0,0.0,0.0,37.581148426536984,110.16704238326597,42.452496703772184,25.676426381099805,19.06280027574374,34.79007189830265,0.0,5.316788604006331,5.917906046161393,83.90461100559817,30.502045391568252,82.37665847344843,0.0,11.49902366656781,24.590333973307384,11.374772549367124,11.49902366656781,11.600939890232516,44.66239260546657,16.009895991069655,5.917906046161393,82.02833664086688,60.6636706846161,5.022633313741326,0.0,0.0,71.11000000000001,0.0,9.589074368143644,0.0,30.380988298525285,34.902225478544494,66.71399154500074,0.0,7.109797541277533,55.145586541001386,48.45357579107106,21.074665797832616,11.967894244527557,6.282428430026746,29.897855264172044,3.8023107124752538,4.879897462302977,2.0643113283311862,19.994273805912176,5.968375500300231,6.989558030518719,3.764206332544223,0.4594594594594595,45,1,7,1,1,2,2,3,0,3,2,0,5,1,8,1,11,1,0,1,0,0,10.594738705354636,5,7.725800000000009,181.7516999999994,0,0,0,0,0,0,0,0,0,0,2,2,0,0,0,2,1,0,0,0,0,0,0,0,0,0,0,2,0,2,0,0,0,0,3,0,1,0,0,0,0,2,0,0,1,0,0,0,0,0,0,0,0,0,0,1,0,0,0,0,0,0,0,0,0,0,0,0,0,0,0,0,0,0,0,0,0,0,0,0,0,0,0,0,0,CHEMBL3601324,CCC(=O)N[C@H]1CC[C@H](CN(C)c2ccc(N3C(=O)Cc4cc(OC)c(O[C@H](C)CC)cc4[C@@H]3c3ccc(Cl)cc3)cc2)CC1,20.0,1.3010299956639813,CHEMBL1907611,Tumour suppressor p53/oncoprotein Mdm2,3,Large-Nonpolar-Aromatic-Flexible-Hydrophobic,Large-Nonpolar-Aromatic-Flexible-Hydrophobic
14.344890995492843,14.344890995492843,0.180526738473167,-1.0993569871364182,0.3493412349083617,22.916666666666668,525.4760000000001,495.2360000000002,524.1633481800001,188,0,0.3039259588612437,-0.4812044883280517,0.4812044883280517,0.3039259588612437,1.1111111111111112,1.8333333333333333,2.4444444444444446,35.49678541320746,9.665206022653903,2.523308488383561,-2.514536137429258,2.5375493670888027,-2.534023066223037,6.304477313253045,-0.1606070771958342,2.8318592402171356,1.9729344444987096,1263.383930433614,26.034804948073717,20.618290425660465,22.130148317697373,17.140884754802553,12.1133283083297,12.869257254348152,9.835195940467049,10.70806750141102,7.219872621531355,7.706946039658579,5.5919014664068545,5.916617078491672,-2.889999999999999,85812403.2992428,26.180914658823102,10.614150955562875,5.135324545284108,221.62235780805185,10.006437125691182,0.0,0.0,5.907179729351506,0.0,5.969305287951848,14.57305288909085,0.0,0.0,0.0,67.38118952215433,66.78757026294168,22.16001624525712,29.61342174546717,14.69560176298435,35.07836479776839,0.0,9.883888251797686,5.414990469396779,58.03526417230722,0.0,99.29006335365128,0.0,0.0,0.0,0.0,0.0,23.20187978046503,26.866900663941745,9.589074368143644,12.338727669087405,73.49580944255604,66.86051425622918,10.045266627482652,0.0,0.0,70.5,11.384295757348628,14.69560176298435,0.0,30.32958905673483,22.886909873334673,22.384282469939446,0.0,13.1205807713037,79.41105481484784,4.983978520947208,23.20187978046503,0.0,12.62909377392422,32.85575369618735,10.989719958964866,2.5949483234651893,-1.3678915270747285,18.340836721730405,2.4771686911083863,5.7859259172498705,0.0,0.3448275862068966,36,1,5,0,1,1,1,2,1,3,4,0,3,1,7,2,7,0,1,1,0,0,7.719116120651595,4,7.386320000000007,142.21479999999983,1,0,0,0,0,1,0,0,1,1,2,1,0,0,0,2,0,0,0,0,1,0,0,0,0,0,0,1,0,0,1,0,0,0,2,0,0,0,0,0,0,0,0,0,2,0,0,0,0,0,0,0,0,0,0,0,0,0,0,0,0,0,0,0,0,0,0,0,0,1,0,0,0,1,0,0,0,0,0,0,0,0,0,0,0,CHEMBL3329617,CC[C@@H](c1ncccc1C)N1C(=O)[C@@](C)(CC(=O)O)C[C@H](c2cccc(Cl)c2)[C@H]1c1ccc(Cl)cc1,5.0,0.6989700043360189,CHEMBL1907611,Tumour suppressor p53/oncoprotein Mdm2,3,Large-Nonpolar-Aromatic-Flexible-Hydrophobic,Large-Nonpolar-Aromatic-Flexible-Hydrophobic
14.010172230833014,14.010172230833014,0.0552325437912424,-1.3252480192863247,0.5168964840362318,16.636363636363637,445.5380000000001,417.3140000000002,445.216555356,170,0,0.1343665639116394,-0.4935489066911597,0.4935489066911597,0.1343665639116394,1.0909090909090908,1.878787878787879,2.5454545454545454,19.142147841571795,9.735234162402698,2.423882526456925,-2.4126513665206284,2.4086100503285532,-2.44654473338876,5.348420091500148,-0.0180359638766127,2.8719915545596733,1.3410972266872812,1076.5255358071893,23.09780107043142,18.530368113243895,18.530368113243895,16.090703392046287,11.34606535758816,11.34606535758816,8.445817004025193,8.445817004025193,6.36934076060997,6.36934076060997,4.584714134864962,4.584714134864962,-3.2699999999999987,38606367.36928321,22.907313032244765,10.564111159976488,5.3869257503209,193.63455723930952,14.743300079491233,17.16778348531349,0.0,0.0,0.0,0.0,4.983978520947208,4.39041504767482,5.261891554738487,0.0,18.19910120538483,86.44636571999307,18.659506023687044,23.933482763850648,14.233805396315574,0.0,5.261891554738487,9.883888251797686,5.917906046161393,24.863515679761715,26.241151182250643,95.56493314397916,0.0,11.81873314607618,4.736862953800049,4.39041504767482,5.749511833283905,0.0,41.23156682888904,5.601050810983688,23.06623975473805,36.08329584702048,72.9268813246908,0.0,0.0,0.0,69.38,5.601050810983688,9.496942442515524,0.0,11.735126887207286,23.42771294275537,44.64624591979966,12.13273413692322,30.462311845459517,30.33183534230805,15.953109564589958,9.998754508538536,19.789122253839295,0.0,6.8090770050646166,20.744429829476392,0.4057308288975401,0.3519734953039626,20.95744766901648,4.1406728919524225,3.218212693115967,0.0,0.3333333333333333,33,1,5,0,1,1,0,2,1,3,1,0,5,1,6,2,8,0,1,1,0,0,7.3331939772427805,4,4.509380000000004,124.0688,0,1,0,0,0,1,0,0,0,0,0,0,0,0,0,3,0,0,0,0,1,0,0,0,0,0,0,0,0,0,0,0,0,0,2,0,0,0,0,0,0,1,0,0,1,0,0,0,0,0,0,0,0,0,0,0,0,1,0,0,0,0,0,0,0,0,0,0,0,1,0,0,0,1,0,0,0,0,0,0,0,0,0,0,0,CHEMBL3126194,N#Cc1ccc(OCCCN2CCC([C@@](O)(c3cccc(F)c3)c3ccccn3)CC2)cc1,90.0,1.954242509439325,CHEMBL1615381,Menin,3,Large-Nonpolar-Aromatic-Flexible-Hydrophobic,Large-Nonpolar-Aromatic-Flexible-Hydrophobic
11.303451999639773,11.303451999639773,0.1757257810531609,-0.8361807655160833,0.3536830300697162,21.058823529411764,449.59400000000016,418.3460000000003,449.235479232,172,0,0.0965305656473828,-0.3946368190817132,0.3946368190817132,0.0965305656473828,0.7647058823529411,1.3529411764705883,2.0294117647058822,16.280552899268656,9.737388921301749,2.4898154424767296,-2.4222073664190367,2.4793818304989355,-2.548778899626387,5.492935947277528,0.0652435790499166,3.216325243466107,1.62884418420725,1195.8116922696288,23.382258120807595,19.217453456731334,19.217453456731334,16.71951191124797,12.015038122218415,12.015038122218415,9.210881174056327,9.210881174056327,7.206933015582154,7.206933015582154,5.615909248507409,5.615909248507409,-3.2399999999999984,105993612.43939637,22.547201669577746,9.941454906380208,4.186416413878185,201.28977907293608,10.213054789681411,0.0,0.0,0.0,0.0,0.0,5.316788604006331,0.0,0.0,0.0,115.26097430077064,46.57680675049839,0.0,24.291614433792525,10.213054789681411,0.0,0.0,5.316788604006331,5.917906046161393,30.52637571513163,6.606881964512918,143.0782317592556,0.0,0.0,5.316788604006331,0.0,0.0,0.0,22.86177758334229,18.380568498235363,5.917906046161393,33.92122384623328,115.26097430077064,0.0,0.0,0.0,52.489999999999995,17.68473246927961,10.213054789681411,0.0,12.52478801067431,0.0,23.96854622924601,16.690354475090988,0.0,42.46456947923127,78.11319342554566,0.0,0.0,0.0,0.0,25.604612568818467,5.219869533716712,0.2145586629713609,38.747133858664114,0.9728844902158388,-0.1757257810531609,0.0,0.2258064516129032,34,3,3,1,0,1,0,4,0,4,4,0,3,3,3,0,8,0,0,0,0,4,6.592705548916695,5,5.029300000000005,136.41529999999992,0,2,2,0,0,0,0,0,0,0,0,0,0,0,0,0,1,0,0,0,0,0,0,0,0,0,0,0,0,0,0,0,0,0,4,0,1,0,0,0,0,0,0,0,0,0,0,0,0,0,0,0,0,0,0,0,0,0,0,0,0,0,0,0,0,0,0,0,0,0,0,0,0,0,0,0,0,0,0,0,0,0,0,0,0,CHEMBL179662,OCC(NC1(c2ccccc2)c2ccccc2CC1Cc1ccccc1)C(O)c1ccccc1,85000.0,4.929418925714293,CHEMBL1907611,Tumour suppressor p53/oncoprotein Mdm2,3,Large-Nonpolar-Aromatic-Flexible-Hydrophobic,Large-Nonpolar-Aromatic-Flexible-Hydrophobic
13.585554733210156,13.585554733210156,0.117748488284203,-0.9788175842259836,0.5551414223856503,22.387096774193548,464.389,437.1730000000001,463.131713704,166,0,0.3036504620310349,-0.481212069761183,0.481212069761183,0.3036504620310349,1.1612903225806452,1.870967741935484,2.4516129032258065,35.49678491630937,9.739332002160612,2.455289641889974,-2.478124000062283,2.471642174714999,-2.5275646965404595,6.304413679912054,-0.1532308341192017,2.736033842859186,2.161914708815414,918.0502449419308,22.543241116511,17.631731363431665,19.143589255468573,14.849774308148644,10.390742334834794,11.14667128085325,7.951296881302708,8.824168442246675,5.956057519351298,6.443130937478522,4.5622103687423055,4.8869259808271215,-2.0799999999999987,7147001.939504537,23.580344518843443,10.489163672316948,5.403310588557373,192.4591608505482,14.743300079491233,0.0,0.0,5.907179729351506,0.0,5.969305287951848,9.589074368143644,0.0,0.0,0.0,54.39108525400209,48.234014503092446,28.990876261082978,25.111385245734848,19.432464716784395,35.07836479776839,0.0,4.899909730850477,5.917906046161393,44.18778977292597,13.716679505790452,69.70310615856953,0.0,0.0,0.0,0.0,0.0,23.20187978046503,41.64144247793295,14.325937321943693,5.917906046161393,49.27285192717199,48.53093654769288,10.045266627482652,0.0,0.0,66.84,11.887211334113244,14.69560176298435,0.0,30.32958905673483,29.493791837847592,11.126902983393991,0.0,7.109797541277533,60.35458347823398,0.0,27.938742734265084,5.423722468925841,12.41838361757824,26.968170595415664,10.673393837970858,1.929316893424037,-1.860023457521805,14.609135439448542,0.9102831492679386,2.374479394123905,1.6086936169223327,0.4166666666666667,31,1,5,0,1,1,1,2,0,2,4,0,3,1,7,1,8,0,1,1,0,1,7.978648164766797,3,5.566500000000006,121.54680000000003,1,0,0,0,0,0,0,0,1,1,2,1,0,0,0,1,0,0,0,0,1,0,0,0,0,0,0,1,0,0,0,0,0,0,2,0,0,0,0,0,0,1,0,0,2,0,0,0,0,0,0,0,0,0,0,1,0,0,0,0,0,0,0,0,0,0,0,0,0,1,0,0,0,0,0,0,0,0,0,0,0,0,0,0,0,CHEMBL4112950,CC[C@@H](COC)N1C(=O)[C@@H](CC(=O)O)C[C@H](c2cccc(Cl)c2)C1c1ccc(Cl)cc1,70.0,1.845098040014257,CHEMBL1907611,Tumour suppressor p53/oncoprotein Mdm2,3,Large-Nonpolar-Aromatic-Flexible-Hydrophobic,Large-Nonpolar-Aromatic-Flexible-Hydrophobic
13.609996441880597,13.609996441880597,0.0088910071476806,-0.036856312252721,0.417713449897839,12.942857142857145,472.63300000000027,436.34500000000025,472.283826392,184,0,0.2738725643672144,-0.3372573416091808,0.3372573416091808,0.2738725643672144,0.9428571428571428,1.6,2.3142857142857145,16.15590094585681,9.988495050537132,2.2541480833121605,-2.2917501076474314,2.238374721063869,-2.3611809681802085,5.978973949655536,0.0731903914668147,3.286466236263915,1.6005817142291048,1174.92980988162,24.78588180363028,21.16546441631312,21.16546441631312,17.028407103102722,12.844564494409628,12.844564494409628,9.344637455111153,9.344637455111153,6.7374386120448975,6.7374386120448975,4.676287843123377,4.676287843123377,-3.4099999999999993,105124162.63471147,24.70628550731941,11.344245309410915,5.473219868207482,208.0988949771035,9.799819461700954,0.0,5.693927994848461,0.0,11.814359458703011,0.0,9.589074368143644,4.681802935145184,5.098681808301038,0.0,63.08732005600292,55.51220625724747,31.87295361849876,11.250837766380558,9.589074368143644,11.814359458703011,0.0,19.580304205147176,0.0,59.420076119614485,19.634269217737724,82.6755140809424,0.0,5.687386274683562,0.0,0.0,0.0,0.0,51.028932881587906,12.965578028838586,6.923737199690624,77.19804572401682,54.59730361615449,0.0,5.687386274683562,0.0,58.440000000000005,0.0,9.589074368143644,0.0,11.814359458703011,30.03427857305417,50.88754892130366,11.126902983393991,4.681802935145184,53.12175907216123,32.046575604766076,5.098681808301038,1.7462112622826909,0.0,30.74543286775908,4.69587419343056,5.095788899434352,-0.0457473194004016,17.71402571429426,4.894285166035434,8.987462549497355,0.0,0.4137931034482758,35,0,6,0,1,1,2,2,1,3,0,0,4,0,6,2,9,0,0,0,0,0,8.00783324226786,4,5.421620000000006,138.90699999999993,0,0,0,0,0,2,0,0,0,0,2,2,0,0,0,4,0,0,0,0,0,0,0,0,0,0,0,2,0,0,1,0,0,0,2,0,1,0,0,0,0,0,0,0,0,0,0,0,0,0,0,0,0,0,0,0,0,0,0,0,0,0,0,0,1,0,0,0,0,0,0,0,0,0,0,0,0,0,0,0,0,0,0,2,0,CHEMBL513318,CCCCN(CCCC)C(=O)c1cc(C)n(-c2ccccc2C(=O)N2CCc3ccccc3C2)n1,230.0,2.361727836017593,CHEMBL4860,Apoptosis regulator Bcl-2,0,Large-Nonpolar-Aromatic-Flexible-Hydrophobic,Large-Nonpolar-Aromatic-Flexible-Hydrophobic
13.886586658160724,13.886586658160724,0.0368640485708209,-0.3248457738803856,0.2369197798424462,20.976744186046513,604.2350000000004,557.8670000000003,603.3227700120001,230,0,0.2317660933058384,-0.4928583621429129,0.4928583621429129,0.2317660933058384,0.9534883720930232,1.627906976744186,2.2325581395348837,35.495692548476924,9.84966099140723,2.359883901797319,-2.383071508272056,2.4385786018136555,-2.407593333044282,6.301132500030125,-0.1183046786111209,3.0073114677089845,1.443907139467745,1384.0996080840032,30.67263314957841,26.477001367861288,27.23293031387974,20.676274148643564,15.606230740327378,15.984195213336603,12.468284110607664,12.90471989107965,9.324727792626485,9.576704107965972,6.5792845929176655,6.705272750587409,-3.219999999999999,3816961706.156099,31.21252288687092,13.607009315201468,6.966136224824018,262.07426708025486,24.173455100151532,0.0,11.49902366656781,5.907179729351506,0.0,0.0,4.794537184071822,0.0,0.0,0.0,30.657411226846357,124.26238634862034,36.03167508084618,25.676426381099805,14.26826309167192,28.882892168951145,0.0,4.899909730850477,5.917906046161393,70.56005218298154,44.59738935692263,82.37665847344843,0.0,11.49902366656781,19.273545369301058,11.374772549367124,11.49902366656781,11.600939890232516,57.750466572319915,11.21535880699783,5.917906046161393,68.68377781825025,60.6636706846161,5.022633313741326,0.0,0.0,45.25000000000001,0.0,4.794537184071822,0.0,24.47380856917378,28.481403855618492,35.34331877861313,31.3706727663876,7.109797541277533,35.23174507315853,75.12214515142182,21.074665797832616,11.978753908984691,6.284803576504748,20.542241061959473,0.662754145007588,5.0260483761589265,2.0983519799006043,20.66638791570969,6.275860430137576,5.20004598849396,8.209197061587194,0.4722222222222222,43,0,6,1,1,2,1,3,0,3,2,0,5,0,7,1,10,1,0,1,0,0,9.8769555737812,5,7.761200000000009,177.00499999999943,0,0,0,0,0,0,0,0,0,0,1,1,0,0,0,3,0,0,0,0,0,0,0,0,0,0,0,1,0,2,0,0,0,0,3,0,1,0,0,0,0,2,0,0,1,0,0,0,0,0,0,0,0,0,0,1,0,0,0,0,0,0,0,0,0,0,0,0,0,0,0,0,0,0,0,0,0,0,0,0,0,0,0,0,0,CHEMBL3601322,CC[C@@H](C)Oc1cc2c(cc1OC)CC(=O)N(c1ccc(N(C)C[C@H]3CC[C@H](N(C)C)CC3)cc1)[C@H]2c1ccc(Cl)cc1,1.9,0.2787536009528289,CHEMBL1907611,Tumour suppressor p53/oncoprotein Mdm2,3,Large-Nonpolar-Aromatic-Flexible-Hydrophobic,Large-Nonpolar-Aromatic-Flexible-Hydrophobic
13.776989524719353,13.776989524719353,0.0949546006306605,-1.1182797540312426,0.399041137267789,18.625,470.3960000000003,445.19600000000025,469.12114902,166,0,0.2571286666323813,-0.3963750370570677,0.3963750370570677,0.2571286666323813,0.9375,1.5625,2.21875,35.496784994807676,9.9170624956196,2.535485638691243,-2.4261440518949913,2.4911844044278153,-2.4794841998619312,6.304036678009882,-0.1220958575402863,3.061832509571027,1.8888715205863869,1084.9859472572691,22.716967702877938,17.80083334215743,19.312691234194336,15.485236223628062,10.682638232397764,11.438567178416218,7.878349679994335,8.751221240938301,5.91921946436304,6.423172095042008,4.341352140519062,4.593328455858546,-2.3699999999999988,20995450.916669987,22.810783361285992,9.63433969261183,4.0413868819635885,197.8949644989821,9.843390348640757,0.0,5.724985593970254,0.0,5.907179729351506,0.0,9.6944469149223,0.0,0.0,0.0,65.66644925969631,55.66066727954768,33.342503067086554,12.64872279366088,14.637927532712576,29.10905950981654,0.0,4.899909730850477,0.0,31.532206868660857,13.213763929025836,105.09547741580998,0.0,0.0,0.0,0.0,0.0,23.20187978046503,29.127380784068528,10.461848547770302,0.0,52.85556442555041,72.79640482153933,10.045266627482652,0.0,0.0,49.77,5.724985593970254,9.901064578912528,0.0,18.555902523012385,35.05724332954458,16.690354475090988,0.0,0.0,84.62005175208044,0.0,27.938742734265084,6.619298530626242,12.290744674388073,15.585609139231822,10.48584753343231,2.076554517125781,-0.0970757485092803,22.24188424166133,1.2960238092490677,2.473335525016876,0.0,0.2692307692307692,32,1,4,0,1,1,1,3,0,3,2,0,3,1,6,1,8,0,0,0,0,1,6.867713611162722,4,6.200600000000007,126.98230000000004,0,1,1,0,0,0,0,0,0,0,1,1,0,0,0,1,0,0,0,0,0,0,0,0,0,0,0,1,0,0,0,0,0,0,3,0,1,0,0,0,0,1,0,0,2,0,0,0,0,0,0,0,0,0,0,0,0,0,0,0,0,0,0,0,0,0,0,0,0,0,0,0,0,0,0,0,0,0,0,0,0,0,0,1,0,CHEMBL1688263,C[C@H](c1ccc(Cl)cc1)N1C(=O)c2ccccc2C1(OCCCCO)c1ccc(Cl)cc1,2500.0,3.3979400086720375,CHEMBL5023,p53-binding protein Mdm-2,3,Large-Nonpolar-Aromatic-Flexible-Hydrophobic,Large-Nonpolar-Aromatic-Flexible-Hydrophobic
14.379146475462612,14.379146475462612,0.0192959148680043,-1.1074767906133642,0.3508686389148671,23.055555555555557,525.4760000000001,495.2360000000002,524.1633481800001,188,0,0.3039259588674222,-0.4812044883280438,0.4812044883280438,0.3039259588674222,1.0555555555555556,1.7777777777777777,2.361111111111111,35.49678541334808,9.662774132462925,2.528664110703875,-2.5219725278288996,2.5410906420162194,-2.5420781844887905,6.304474453836636,-0.1617369307936011,2.8251606266412637,1.9810065574152276,1232.781390841776,26.034804948073717,20.56588418285317,22.07774207489008,17.102879952341766,12.069340441725206,12.82526938774366,10.14906665316465,11.02193821410862,7.053786533864946,7.54085995199217,5.543462323118427,5.868177935203245,-2.889999999999999,83108541.1988815,26.180914658823102,10.614150955562875,5.2767674417338535,221.62235780805185,10.006437125691182,0.0,0.0,5.907179729351506,0.0,5.969305287951848,14.57305288909085,0.0,0.0,0.0,74.30492672184496,59.86383306325105,22.16001624525712,29.61342174546717,14.69560176298435,35.07836479776839,0.0,9.883888251797686,11.332896515558172,51.61444254938121,0.0,99.79297893041591,0.0,0.0,0.0,0.0,0.0,23.20187978046503,26.866900663941745,9.589074368143644,11.332896515558172,68.43527352762366,72.9268813246908,10.045266627482652,0.0,0.0,70.5,11.384295757348628,14.69560176298435,0.0,36.24749510289622,16.466088250408664,16.82083097824245,0.0,13.1205807713037,71.62994748392819,18.831452920328456,23.20187978046503,0.0,12.63387015728646,32.84879132636287,10.993005709993673,1.5462315497186545,-1.3659921016667051,20.1035607233681,1.8297651767190912,5.882989680440077,0.0,0.3448275862068966,36,1,5,0,1,1,1,2,1,3,4,0,3,1,7,2,7,0,1,1,0,0,7.719116120651595,4,7.323900000000007,142.02479999999983,1,0,0,0,0,1,0,0,1,1,2,1,0,0,0,2,0,0,0,0,1,0,0,0,0,0,0,1,0,0,0,0,0,0,2,0,0,0,0,0,0,0,0,0,2,0,0,0,0,0,0,0,0,0,0,0,0,0,0,0,0,0,0,0,0,0,0,0,0,1,0,0,0,1,0,0,0,0,0,0,0,0,0,0,0,CHEMBL3329610,CC(C)[C@@H](c1ccccn1)N1C(=O)[C@@](C)(CC(=O)O)C[C@H](c2cccc(Cl)c2)[C@H]1c1ccc(Cl)cc1,2.0,0.3010299956639812,CHEMBL1907611,Tumour suppressor p53/oncoprotein Mdm2,3,Large-Nonpolar-Aromatic-Flexible-Hydrophobic,Large-Nonpolar-Aromatic-Flexible-Hydrophobic
12.743133749150616,12.743133749150616,0.0502882285196495,-4.079761450461979,0.31297433965119,11.117647058823527,512.4140000000002,493.2620000000003,511.041184448,172,0,0.2645193785419827,-0.4889159604820655,0.4889159604820655,0.2645193785419827,0.7647058823529411,1.4411764705882353,2.1176470588235294,35.49683743290712,10.029178553592113,2.190716202963137,-2.1013887744587794,2.2765672842941695,-2.300865700224675,7.896989467280308,0.0981160982484327,2.827466144944333,1.4592464240410694,1402.892913658884,24.131181265251033,17.741881486558334,20.07023595952297,16.29766351823703,10.205491732642049,12.444583926254897,7.4192294304231,9.97450323277658,4.930071013157834,6.713398905692926,3.2563078549515305,4.756512762823087,-3.319999999999998,42210178.95060345,23.82533319040178,10.301988280245148,5.967881270018674,207.52480782581935,4.736862953800049,12.356393797796825,0.0,0.0,15.930470882759089,0.0,4.794537184071822,13.139891848781026,0.0,0.0,65.66644925969631,71.28765809124549,15.608718119179647,4.895483475517775,17.949197122200808,39.13235066322412,0.0,4.722094864452088,0.0,11.502365440030694,0.0,118.23404270626244,0.0,16.876414816677897,9.458957818252138,0.0,5.749511833283905,23.20187978046503,14.324976713680442,16.630173117920503,0.0,15.921440167465814,101.95735657090356,10.045266627482652,11.126902983393991,0.0,72.47,15.930470882759089,13.212334168400758,0.0,10.45893496721477,33.52856340867346,5.563451491696996,18.19910120538483,48.53093654769288,30.33183534230805,4.722094864452088,27.938742734265084,33.275361843841,12.134694918222294,12.659963020126698,0.9094950103054342,2.559434284370071,-0.2348216786997796,27.05554320351017,0.0,0.3589797376749919,-4.079761450461979,0.0384615384615384,34,1,5,0,0,0,1,4,0,4,0,0,4,1,8,0,7,0,0,0,0,0,7.219067744131025,4,6.358100000000004,133.7659999999999,0,0,0,0,0,0,0,0,0,0,1,1,0,0,0,0,1,0,0,0,0,0,0,0,0,0,0,1,0,0,0,0,0,0,4,0,0,0,0,0,0,1,0,0,2,0,0,0,0,0,0,0,0,0,0,0,0,0,0,0,0,0,0,0,0,0,0,0,0,0,0,0,0,0,0,0,1,0,0,0,0,0,0,0,0,CHEMBL1824813,O=C(NS(=O)(=O)c1ccc(OCc2ccccc2)cc1)c1cccc(-c2cc(Cl)cc(Cl)c2)c1,180.0,2.255272505103306,CHEMBL4625,Apoptosis regulator Bcl-X,0,Large-Nonpolar-Aromatic-Flexible-Hydrophobic,Large-Nonpolar-Aromatic-Flexible-Hydrophobic
13.601837379613956,13.601837379613956,0.0567855569898663,-1.153340104560343,0.4654392915860495,17.4,491.0310000000002,459.7830000000003,490.202320532,182,0,0.2566781946978723,-0.3545644121097911,0.3545644121097911,0.2566781946978723,1.0,1.6571428571428573,2.2857142857142856,35.49569212746547,9.86569404253679,2.5149891089444214,-2.3939038543179834,2.4550694036696488,-2.4916075517475864,6.301116570333479,-0.1222984118090295,3.0631132303056257,1.7674932946004704,1215.9243338764363,25.216967702877938,20.59944651373593,21.355375459754384,16.624882781761247,11.780662628780032,12.15862710178926,9.871846842561265,10.30828262303325,6.360362131056765,6.61233844639625,4.516518689501837,4.642506847171581,-3.149999999999998,60159249.78433238,24.95825447861197,9.841331386289005,4.973856580897824,211.60367514674596,14.953561288656855,0.0,5.724985593970254,5.907179729351506,5.907179729351506,0.0,9.589074368143644,0.0,0.0,0.0,86.96945510545888,34.7409946581756,41.72623780034809,6.606881964512918,14.325937321943693,23.415299348935527,0.0,10.216698334856808,0.0,45.44180682664245,13.08951281182515,105.63629559376564,0.0,0.0,5.316788604006331,0.0,0.0,11.600939890232516,29.80378200137864,27.278258165751826,0.0,60.30674344131928,72.79640482153933,5.022633313741326,0.0,0.0,58.64,5.724985593970254,9.589074368143644,0.0,17.22934992809979,30.282479581776393,16.690354475090988,12.48718869138762,17.032643867773697,36.39820241076966,50.35346847692465,16.337802844032566,6.744414918745276,6.203147084527139,26.844879311600796,3.403705758688901,3.3211481348562444,-0.2823222178241802,23.29780562719085,0.0,8.911665826659421,0.0,0.3103448275862069,35,1,5,0,1,1,2,3,0,3,1,0,3,1,6,1,7,0,0,0,0,1,7.01778437563863,4,5.647300000000005,138.32519999999988,0,0,0,0,0,0,0,0,0,0,2,2,0,0,0,1,1,0,0,0,0,0,0,0,0,0,0,2,0,0,0,0,0,0,3,0,1,0,0,0,0,1,0,0,1,0,0,0,0,0,0,0,0,0,0,0,0,0,0,0,0,0,0,0,0,0,0,0,0,0,0,0,0,0,0,0,0,0,0,0,0,0,0,0,0,CHEMBL361354,CC(=O)NCCN1C(=O)c2ccccc2C1(OCc1ccc(C(C)(C)C)cc1)c1ccc(Cl)cc1,91400.0,4.960946195733832,CHEMBL1907611,Tumour suppressor p53/oncoprotein Mdm2,3,Large-Nonpolar-Aromatic-Flexible-Hydrophobic,Large-Nonpolar-Aromatic-Flexible-Hydrophobic
13.490565702635504,13.490565702635504,0.0110938350253373,-0.9612894857016884,0.4860193403907827,17.939393939393938,443.58700000000016,410.32300000000026,443.246043916,172,0,0.2566149883788811,-0.507966645160126,0.507966645160126,0.2566149883788811,0.9393939393939394,1.606060606060606,2.242424242424242,16.519739527635704,9.846133310496528,2.512352331178602,-2.3953346618394953,2.454386995365249,-2.472996995225433,6.000351411449907,-0.106677359041748,3.039427537239587,1.7721545658432187,1112.853969434924,23.639617433688315,19.967554126949345,19.967554126949345,15.769040734104683,11.714716435386736,11.714716435386736,9.738651506862428,9.738651506862428,6.375266921328033,6.375266921328033,4.60718330222824,4.60718330222824,-3.109999999999999,26593580.656469107,23.061802670870712,9.02854074875731,4.276604270992164,196.38325838840856,14.743300079491233,5.749511833283905,5.724985593970254,0.0,5.907179729351506,0.0,4.794537184071822,0.0,0.0,0.0,82.29225241491699,47.582637904027614,23.23511088100356,6.606881964512918,14.637927532712576,5.907179729351506,0.0,4.899909730850477,0.0,51.67656810798154,13.151638370425491,100.61366228002431,0.0,5.749511833283905,0.0,0.0,5.749511833283905,0.0,29.065255225468185,22.297660640093092,0.0,66.7275650642453,72.79640482153933,0.0,0.0,0.0,49.77,5.724985593970254,9.901064578912528,0.0,17.07168203203219,25.1359114850485,23.11117609801699,5.563451491696996,12.13273413692322,41.29811214162014,51.960417072608934,4.736862953800049,6.740972222222222,0.0,15.38003334771823,9.58071541056608,3.964364188291252,0.2606444194480115,23.503843607523525,1.515180995301396,9.72091247559595,0.0,0.3448275862068966,33,1,4,0,1,1,1,3,0,3,1,0,3,1,4,1,7,0,0,0,0,1,6.309528034962315,4,6.015900000000007,131.4543,0,0,0,0,0,0,0,1,0,0,1,1,0,0,0,1,0,0,0,0,0,0,0,0,0,0,0,1,0,0,0,0,0,0,3,0,1,0,0,0,0,1,0,0,0,0,0,0,0,0,0,0,0,0,0,0,0,0,0,0,0,0,0,0,0,1,1,0,0,0,0,0,0,0,0,0,0,0,0,0,0,0,0,0,0,CHEMBL217774,CCCN1C(=O)c2ccccc2C1(OCCc1ccc(O)cc1)c1ccc(C(C)(C)C)cc1,69700.0,4.84323277809801,CHEMBL1907611,Tumour suppressor p53/oncoprotein Mdm2,3,Large-Nonpolar-Aromatic-Flexible-Hydrophobic,Large-Nonpolar-Aromatic-Flexible-Hydrophobic
14.279711794182692,14.279711794182692,0.1121461640211642,-1.0482984317698274,0.4519457476245531,25.61111111111111,533.4960000000001,499.2240000000003,532.189562928,194,0,0.3039259575084518,-0.481204488331577,0.481204488331577,0.3039259575084518,1.1666666666666667,1.8611111111111112,2.4166666666666665,35.49678544780971,9.666542824706305,2.5205208366640695,-2.5242192071925427,2.5185652844624653,-2.5923409478841752,6.304462433961999,-0.161404504339895,2.7810314259779725,1.8421257610610315,1091.212189314622,26.034804948073717,20.99315852130472,22.50501641334163,17.124048002396943,12.46124107682144,13.217170022839891,10.398537170347396,11.271408731291366,7.739019963096703,8.226093381223928,5.653910847441551,5.978626459526369,-2.1199999999999988,59858297.46171046,26.92930806837913,11.095330134552782,5.569537372974044,222.67293182480873,14.743300079491233,0.0,0.0,5.907179729351506,0.0,5.969305287951848,14.48898409899412,0.0,0.0,0.0,61.31482245369272,55.28168648576964,28.549769908704583,37.133257679644544,19.432464716784395,35.07836479776839,0.0,9.799819461700954,5.414990469396779,57.15336780176456,26.8061923176156,69.70310615856953,0.0,0.0,0.0,0.0,0.0,23.20187978046503,65.67270584975653,14.325937321943693,5.414990469396779,56.19658912686262,48.53093654769288,10.045266627482652,0.0,0.0,70.08,11.384295757348628,14.69560176298435,0.0,30.32958905673483,42.26644941449503,17.54772460632,0.0,6.923737199690624,53.43084627854336,18.871318913218293,27.938742734265084,5.3899208584355724,12.630886957286943,30.436167691279824,11.011977966226029,0.9196139831961596,-1.2324763325176686,15.254215623145766,0.9163163125332444,5.916964124701169,2.0619683712685157,0.5,36,1,6,0,2,2,1,2,0,2,4,0,4,1,8,2,9,0,2,2,0,0,8.299710092048397,4,5.640800000000005,141.52479999999986,1,0,0,0,0,0,0,0,1,1,2,1,0,0,0,2,0,0,0,1,1,0,0,0,0,0,0,1,0,0,0,0,0,0,2,0,0,0,0,0,0,1,0,0,2,0,0,0,0,0,0,0,0,0,0,0,0,0,0,0,0,0,0,0,0,0,0,0,0,1,0,0,0,0,0,0,0,0,0,0,0,0,0,0,0,CHEMBL3977225,CC[C@@H](CN(C)C1COC1)N1C(=O)[C@@](C)(CC(=O)O)C[C@H](c2cccc(Cl)c2)[C@H]1c1ccc(Cl)cc1,3.0,0.4771212547196624,CHEMBL1907611,Tumour suppressor p53/oncoprotein Mdm2,3,Large-Nonpolar-Aromatic-Flexible-Hydrophobic,Large-Nonpolar-Aromatic-Flexible-Hydrophobic
13.805273176142885,13.805273176142885,0.1365504535147397,-1.0373680179376277,0.5649475445343674,23.93548387096774,463.4050000000001,435.18100000000015,462.147698116,166,0,0.3039269162704425,-0.4812044830228741,0.4812044830228741,0.3039269162704425,1.096774193548387,1.7419354838709675,2.2903225806451615,35.496784905772344,9.677758210809678,2.5168314223978148,-2.518510917628716,2.5122321777182743,-2.5850552315874813,6.304430454673363,-0.180246693587307,2.718708869002739,2.2208473849444994,946.0955246191872,22.758784066134822,18.01599613008851,19.527854022125418,14.695726309668943,10.510620817985464,11.26654976400392,8.281813814076955,9.154685375020922,6.103969678396047,6.591043096523271,4.642725055104712,4.9674406671895275,-2.0799999999999987,5970023.680278591,23.580344518843443,9.595370891961783,4.892417522985398,193.07558531147964,5.106527394840706,0.0,0.0,5.907179729351506,0.0,5.969305287951848,14.597986892098174,5.008912523954531,0.0,0.0,68.23855965338335,41.81319288016644,29.0526854854692,17.877652921470748,14.69560176298435,35.07836479776839,0.0,10.017825047909062,5.414990469396779,45.57260172023324,13.08951281182515,69.70310615856953,0.0,0.0,0.0,0.0,0.0,23.20187978046503,40.09035027187827,9.589074368143644,5.414990469396779,56.69950470362723,48.53093654769288,10.045266627482652,0.0,0.0,60.85000000000001,11.384295757348628,14.69560176298435,0.0,24.28774822758687,29.555601062233812,11.126902983393991,0.0,11.932649723645156,67.38732347102867,0.0,23.20187978046503,0.0,12.44948259479284,25.505335655884295,14.576262856720335,0.8938545822135447,-1.2875115510102282,14.831734173386558,0.1781177301167387,6.991612846784805,0.0,0.4166666666666667,31,1,5,0,1,1,1,2,0,2,3,0,3,1,7,1,7,0,1,1,0,0,7.29877907801745,3,5.7884000000000055,123.12980000000005,1,0,0,0,0,0,0,0,1,1,2,1,0,0,0,2,0,0,0,0,0,0,0,0,0,0,0,1,0,0,0,0,0,0,2,0,0,0,0,0,0,0,0,0,2,1,0,0,0,0,0,0,0,0,0,0,0,0,0,0,0,0,0,0,0,0,0,0,0,1,0,0,0,0,0,0,0,0,0,0,0,0,0,0,0,CHEMBL4109614,CCN(CC)N1C(=O)[C@@](C)(CC(=O)O)C[C@H](c2cccc(Cl)c2)[C@H]1c1ccc(Cl)cc1,2.4,0.380211241711606,CHEMBL1907611,Tumour suppressor p53/oncoprotein Mdm2,3,Large-Nonpolar-Aromatic-Flexible-Hydrophobic,Large-Nonpolar-Aromatic-Flexible-Hydrophobic
