MaxAbsEStateIndex,MaxEStateIndex,MinAbsEStateIndex,MinEStateIndex,qed,SPS,MolWt,HeavyAtomMolWt,ExactMolWt,NumValenceElectrons,NumRadicalElectrons,MaxPartialCharge,MinPartialCharge,MaxAbsPartialCharge,MinAbsPartialCharge,FpDensityMorgan1,FpDensityMorgan2,FpDensityMorgan3,BCUT2D_MWHI,BCUT2D_MWLOW,BCUT2D_CHGHI,BCUT2D_CHGLO,BCUT2D_LOGPHI,BCUT2D_LOGPLOW,BCUT2D_MRHI,BCUT2D_MRLOW,AvgIpc,BalabanJ,BertzCT,Chi0,Chi0n,Chi0v,Chi1,Chi1n,Chi1v,Chi2n,Chi2v,Chi3n,Chi3v,Chi4n,Chi4v,HallKierAlpha,Ipc,Kappa1,Kappa2,Kappa3,LabuteASA,PEOE_VSA1,PEOE_VSA10,PEOE_VSA11,PEOE_VSA12,PEOE_VSA13,PEOE_VSA14,PEOE_VSA2,PEOE_VSA3,PEOE_VSA4,PEOE_VSA5,PEOE_VSA6,PEOE_VSA7,PEOE_VSA8,PEOE_VSA9,SMR_VSA1,SMR_VSA10,SMR_VSA2,SMR_VSA3,SMR_VSA4,SMR_VSA5,SMR_VSA6,SMR_VSA7,SMR_VSA8,SMR_VSA9,SlogP_VSA1,SlogP_VSA10,SlogP_VSA11,SlogP_VSA12,SlogP_VSA2,SlogP_VSA3,SlogP_VSA4,SlogP_VSA5,SlogP_VSA6,SlogP_VSA7,SlogP_VSA8,SlogP_VSA9,TPSA,EState_VSA1,EState_VSA10,EState_VSA11,EState_VSA2,EState_VSA3,EState_VSA4,EState_VSA5,EState_VSA6,EState_VSA7,EState_VSA8,EState_VSA9,VSA_EState1,VSA_EState10,VSA_EState2,VSA_EState3,VSA_EState4,VSA_EState5,VSA_EState6,VSA_EState7,VSA_EState8,VSA_EState9,FractionCSP3,HeavyAtomCount,NHOHCount,NOCount,NumAliphaticCarbocycles,NumAliphaticHeterocycles,NumAliphaticRings,NumAmideBonds,NumAromaticCarbocycles,NumAromaticHeterocycles,NumAromaticRings,NumAtomStereoCenters,NumBridgeheadAtoms,NumHAcceptors,NumHDonors,NumHeteroatoms,NumHeterocycles,NumRotatableBonds,NumSaturatedCarbocycles,NumSaturatedHeterocycles,NumSaturatedRings,NumSpiroAtoms,NumUnspecifiedAtomStereoCenters,Phi,RingCount,MolLogP,MolMR,fr_Al_COO,fr_Al_OH,fr_Al_OH_noTert,fr_ArN,fr_Ar_COO,fr_Ar_N,fr_Ar_NH,fr_Ar_OH,fr_COO,fr_COO2,fr_C_O,fr_C_O_noCOO,fr_C_S,fr_HOCCN,fr_Imine,fr_NH0,fr_NH1,fr_NH2,fr_N_O,fr_Ndealkylation1,fr_Ndealkylation2,fr_Nhpyrrole,fr_SH,fr_aldehyde,fr_alkyl_carbamate,fr_alkyl_halide,fr_allylic_oxid,fr_amide,fr_amidine,fr_aniline,fr_aryl_methyl,fr_azide,fr_azo,fr_barbitur,fr_benzene,fr_benzodiazepine,fr_bicyclic,fr_diazo,fr_dihydropyridine,fr_epoxide,fr_ester,fr_ether,fr_furan,fr_guanido,fr_halogen,fr_hdrzine,fr_hdrzone,fr_imidazole,fr_imide,fr_isocyan,fr_isothiocyan,fr_ketone,fr_ketone_Topliss,fr_lactam,fr_lactone,fr_methoxy,fr_morpholine,fr_nitrile,fr_nitro,fr_nitro_arom,fr_nitro_arom_nonortho,fr_nitroso,fr_oxazole,fr_oxime,fr_para_hydroxylation,fr_phenol,fr_phenol_noOrthoHbond,fr_phos_acid,fr_phos_ester,fr_piperdine,fr_piperzine,fr_priamide,fr_prisulfonamd,fr_pyridine,fr_quatN,fr_sulfide,fr_sulfonamd,fr_sulfone,fr_term_acetylene,fr_tetrazole,fr_thiazole,fr_thiocyan,fr_thiophene,fr_unbrch_alkane,fr_urea,chembl_id,smiles,ic50_value,log_ic50,target_chembl_id,target_name,KMeansCluster,ChemicalClass
13.27730878451678,13.27730878451678,0.0110534938809514,-1.1311968380830215,0.1657040489804985,18.677419354838708,852.9019999999999,804.5179999999999,852.3442543560001,326,0,0.337330021580044,-0.4928587965105668,0.4928587965105668,0.337330021580044,0.8548387096774194,1.5483870967741935,2.225806451612903,16.527580362434595,9.935475874244473,2.454816197076498,-2.357906343001976,2.3552242385285993,-2.538028186707906,6.2585498128428885,-0.1374073604978969,3.434397719536561,0.860988006572201,2308.3024572203403,44.0780460645847,34.85582672674018,34.85582672674018,29.912656253862007,20.198084282822624,20.198084282822624,15.009210942229585,15.009210942229585,11.1381841374357,11.1381841374357,7.931715701843347,7.931715701843347,-6.859999999999999,49864695351507.3,43.23668570628776,18.81595406282927,8.937152930596474,356.78503513348977,39.38084848491381,19.255604758173796,11.49902366656781,23.628718917406022,11.814359458703011,6.031114512338072,38.98392143928774,9.803449708026353,5.101407525739722,0.0,18.19910120538483,61.7270343480093,56.46180848733105,56.00117410157711,52.50921210370294,58.56065044058493,0.0,25.442309193668148,5.101407525739722,38.269883726764576,84.09051888179103,82.41456107463948,0.0,11.49902366656781,30.324001450469567,16.169309733438947,11.49902366656781,0.0,147.9521120821035,35.072696266813395,0.0,57.17171227217126,59.69871114189421,0.0,0.0,0.0,217.81999999999996,35.57773947590549,33.561760288502754,0.0,74.06359543281879,49.81055591591482,27.277650480625024,23.20801372933936,26.16717679608273,43.32193961046029,20.85027554286947,24.04885934093992,22.143811024870523,0.0,93.61030580137457,13.737418738630767,4.308075708511921,-2.2439342068896657,14.50215295387113,0.5556969465910953,3.64749296745965,4.73898006558004,0.3953488372093023,62,3,19,0,4,4,8,3,0,3,2,0,13,3,19,4,13,0,2,2,0,1,13.121604710943506,7,1.7639000000000058,223.26209999999944,0,0,0,0,0,0,0,0,0,0,7,7,0,0,0,5,3,0,0,0,0,0,0,0,0,0,0,8,0,2,0,0,0,0,3,0,2,0,0,0,0,4,0,0,0,0,1,0,2,0,0,0,0,0,0,2,0,0,0,0,0,0,0,0,0,0,0,0,0,1,1,0,0,0,0,0,0,0,0,0,0,0,0,0,1,CHEMBL4854720,CNC(=O)N1N=C(c2ccc(N3CCN(C(=O)COCCOCC(=O)Nc4cccc5c4C(=O)N(C4CCC(=O)NC4=O)C5=O)CC3)cc2)c2cc(OC)c(OC)cc2C[C@@H]1C,1.41,0.1492191126553798,CHEMBL4630734,Protein cereblon/DNA damage-binding protein 1,4,Large-Polar-Aromatic-Flexible-Hydrophilic
15.210454378805323,15.210454378805323,0.0592704227840608,-1.553812171251239,0.016107748106192,21.76923076923077,1266.4729999999995,1178.7769999999991,1265.6669258439997,494,0,0.2456755447164284,-0.3936790815918555,0.3936790815918555,0.2456755447164284,0.7252747252747253,1.4065934065934067,2.10989010989011,16.25621082359436,10.010219117747251,2.4213060110325046,-2.308444145351176,2.23793343524644,-2.6036897074841843,5.998448598363182,-0.1429403272247134,2.2680754681174826,1.3632501730969306,3141.584099461335,66.31188610433715,51.47964933235429,51.47964933235429,43.48662011207979,30.72569504687479,30.72569504687479,23.00825745734148,23.00825745734148,16.069547853089993,16.069547853089993,11.152473459637584,11.152473459637584,-9.450000000000005,1.976886545674765e+20,70.63515629458534,34.50134185629503,20.540825474790516,526.2803163816902,90.25921384903874,66.46024912062755,5.959554568743835,70.88615675221807,0.0,0.0,62.94372981465338,0.0,0.0,0.0,60.68297676136064,108.21453870933556,56.49941816697449,6.606881964512918,62.64097360370256,87.74863625304299,5.409283605791522,67.95168402271148,17.201002431486554,170.7021418177376,32.78590758816322,84.07309038482934,0.0,0.0,70.36888847154988,0.0,0.0,0.0,195.9821934072415,70.37608945471388,5.409283605791522,102.527152434652,72.94618740143534,0.0,10.902924932081056,0.0,469.54999999999984,143.95328783735854,53.05189923555892,9.589074368143644,83.38121839281565,54.25787081309166,6.923737199690624,35.799334074749964,60.79414718776757,0.0,58.15186456101053,22.61028603727808,0.0,0.0,173.4476308425244,44.45882203128103,18.680320742449975,-9.583894770663742,1.531655407510423,6.261570252379028,3.7038954945189024,0.0,0.5245901639344263,91,19,30,0,3,3,12,2,1,3,11,0,15,16,30,4,26,0,2,2,0,0,26.780304114201304,6,-3.4221300000000223,332.72740000000044,0,1,1,0,0,1,1,0,0,0,12,12,0,0,0,2,12,3,0,0,1,1,0,0,0,0,0,12,0,0,0,0,0,0,2,0,2,0,0,0,0,0,0,1,0,0,0,0,0,0,0,0,0,0,0,0,0,0,0,0,0,0,0,0,1,0,0,0,0,0,0,1,0,0,0,0,0,0,0,0,0,0,0,1,0,CHEMBL4797874,CC(=O)N[C@@H](CO)C(=O)N[C@@H](C)C(=O)N[C@@H](CCCNC(=N)N)C(=O)N[C@@H](Cc1c[nH]c2ccccc12)C(=O)N[C@H]1C/C=C\C[C@@H](C(=O)N2CCC[C@H]2C(=O)N[C@@H](CCCCN)C(N)=O)NC(=O)[C@H](C)NC(=O)[C@@H]2CCCN2C(=O)[C@H](Cc2ccccc2)NC1=O,1390.0,3.143014800254095,CHEMBL2093861,Menin/Histone-lysine N-methyltransferase MLL,1,Large-Polar-Aromatic-Flexible-Hydrophilic
13.519808126233643,13.519808126233643,0.0170476949197184,-4.384433500678696,0.3190323498042938,11.5,592.6480000000003,564.4240000000002,592.1185370959998,214,0,0.3238781562554567,-0.4967671120136989,0.4967671120136989,0.3238781562554567,0.65,0.95,1.2,32.23486222957974,10.08199502132016,2.3195272471248667,-2.285164440826402,2.3519383028131298,-2.374769006334444,7.92805702546267,-0.1357541076209657,2.910221479515877,2.1593529234556574,1495.8787563865185,29.82769816688717,22.05905354090782,23.69204670276327,18.71481827757297,11.604480943347324,14.484607600948609,8.587077066236045,12.311697618295163,5.904480508143394,9.45239302256857,3.917919284644245,6.85901251268505,-4.3,312390344.3969598,30.244364626501284,11.836891048842244,6.288305712076979,231.6449497355281,19.68678069728151,24.58853647839296,0.0,0.0,20.046582306815168,11.938610575903695,18.199506350736108,16.835593968657875,0.0,0.0,0.0,85.63804806739135,0.0,35.38533458295774,46.111449034083016,43.359965432085986,0.0,0.0,0.0,23.6384413504168,35.919539876972685,71.7905736680101,0.0,11.49902366656781,18.084157890192564,11.374772549367124,11.49902366656781,0.0,66.29636722862318,29.63565667495881,13.847474399381248,11.126902983393991,70.45463763565166,0.0,0.0,0.0,167.82,45.074705694544015,36.637723126482925,0.0,32.29264248379666,20.109455649160275,0.0,88.73074016655242,0.0,0.0,0.0,9.473725907600098,65.58559083105023,0.0,23.021589821625728,19.04404222104244,0.3534164052571351,-2.047208847208704,13.38880268763146,0.0,1.096406832863398,-5.942639952261681,0.2307692307692307,40,2,12,0,0,0,0,3,0,3,0,0,8,2,14,0,12,0,0,0,0,0,8.949981223133852,3,2.880440000000001,146.2391999999998,2,0,0,0,0,0,0,0,2,2,2,0,0,0,0,2,0,0,0,0,0,0,0,0,0,0,0,0,0,2,2,0,0,0,3,0,0,0,0,0,0,2,0,0,0,0,0,0,0,0,0,0,0,0,0,2,0,0,0,0,0,0,0,0,0,0,0,0,0,0,0,0,0,0,0,0,2,0,0,0,0,0,0,0,0,CHEMBL3601207,COc1ccc(S(=O)(=O)N(CC(=O)O)c2cc(C)c(N(CC(=O)O)S(=O)(=O)c3ccc(OC)cc3)cc2C)cc1,10170.0,4.007320952922744,CHEMBL3038498,Keap1/Nrf2,2,Large-Polar-Aromatic-Flexible-Hydrophilic
13.966934056285034,13.966934056285034,0.090272909040183,-4.5464823394130365,0.0932342870440659,11.333333333333334,698.7360000000001,668.496,698.1464831600001,252,0,0.2643149551925524,-0.3263376798966003,0.3263376798966003,0.2643149551925524,0.5625,0.8958333333333334,1.1875,32.23486354361653,10.064420794178838,2.3213393254925925,-2.283996980653666,2.382976063210144,-2.406726966275555,7.928379621169394,-0.1277616016305368,3.050755244984114,1.8941959846756569,1939.0458425126308,35.225039392385696,25.368454617666323,27.001447779521776,22.681144772761755,13.871317695752934,16.75144435335421,10.15384591852665,13.878466470585767,6.764620456687063,10.312532971112237,4.7145289361970715,7.594271330907102,-5.56,19501411577.55028,35.29703481452093,14.468451034168496,7.690664254621515,274.5300937417252,10.633577208012662,13.08951281182515,0.0,11.814359458703011,31.860941765518177,0.0,38.20308676843433,27.79578716490028,0.0,0.0,24.26546827384644,60.6636706846161,35.994695377677964,21.165739500402672,46.42824875449974,77.19729475188501,0.0,10.960193196242404,0.0,23.6384413504168,32.33352200243028,84.92913895846256,0.0,0.0,30.20420238684753,22.74954509873425,0.0,0.0,63.96833174744362,39.22473104310245,0.0,13.847474399381248,94.72010590949812,0.0,10.772448428929591,0.0,231.62,44.95045457734333,46.42824875449974,0.0,43.752547388035275,19.98520453195959,0.0,109.73680655408624,0.0,0.0,10.633577208012662,0.0,57.280619400582,0.0,47.062014138446614,23.835438511472123,3.2593588791710553,-2.942457567168364,18.668770569886455,0.0,0.7625540797695287,-9.092964678826071,0.1333333333333333,48,6,16,0,0,0,4,4,0,4,0,0,10,6,18,0,12,0,0,0,0,0,10.639446247192431,4,2.1580000000000013,174.36139999999978,0,0,0,0,0,0,0,0,0,0,4,4,0,0,0,2,4,0,2,0,0,0,0,0,0,0,0,4,0,4,0,0,0,0,4,0,1,0,0,0,0,0,0,0,0,0,0,0,0,0,0,0,0,0,0,0,0,0,0,0,0,0,0,0,0,0,0,0,0,0,0,0,0,0,0,0,2,0,0,0,0,0,0,0,0,CHEMBL4455786,CC(=O)Nc1ccc(S(=O)(=O)N(CC(=O)NO)c2ccc(N(CC(=O)NO)S(=O)(=O)c3ccc(NC(C)=O)cc3)c3ccccc23)cc1,2600.0,3.4149733479708178,CHEMBL3038498,Keap1/Nrf2,2,Large-Polar-Aromatic-Flexible-Hydrophilic
15.19601167239307,15.19601167239307,0.0251147702282108,-1.5571576432227074,0.0176946341801095,22.244444444444444,1252.446,1166.765999999999,1251.65127578,488,0,0.2456755447164284,-0.3936790815918555,0.3936790815918555,0.2456755447164284,0.7444444444444445,1.4222222222222225,2.111111111111111,16.25620972342706,10.010215780762238,2.421875633131686,-2.308760925615899,2.2371817062236112,-2.603756778298944,5.998494013390533,-0.1429431077908312,2.231507631780895,1.368194819909048,3139.003107727749,65.76791602996713,50.93567925798427,50.93567925798427,42.84246215973637,30.136378649397752,30.136378649397752,22.936786551553535,22.936786551553535,15.730111712310304,15.730111712310304,10.99211099088872,10.99211099088872,-9.450000000000005,7.887999302247791e+19,69.6475566016435,33.22175999164771,19.77751738199871,519.9153742672937,90.25921384903874,66.46024912062755,5.959554568743835,70.88615675221807,0.0,0.0,62.94372981465338,0.0,0.0,0.0,60.68297676136064,95.75187625726156,62.54125899612245,6.606881964512918,62.64097360370256,87.74863625304299,5.409283605791522,67.95168402271148,17.201002431486554,170.82607660072415,26.241151182250643,84.07309038482934,0.0,0.0,70.36888847154988,0.0,0.0,0.0,195.47927783047692,70.37608945471388,5.409283605791522,96.6092463884906,72.94618740143534,0.0,10.902924932081056,0.0,469.54999999999984,149.9951286665065,53.05189923555892,9.589074368143644,83.38121839281565,34.87147116132707,6.923737199690624,35.799334074749964,67.71788438745818,0.0,58.15186456101053,22.61028603727808,0.0,0.0,173.1103070282274,44.33481434330547,18.894277435369847,-9.725976048412925,0.8466930467785838,4.9202619416827105,4.952955586382232,0.0,0.5166666666666667,90,19,30,0,3,3,12,2,1,3,12,0,15,16,30,4,24,0,2,2,0,1,25.70904899360555,6,-3.813830000000024,328.0884000000004,0,1,1,0,0,1,1,0,0,0,12,12,0,0,0,2,12,3,0,0,1,1,0,0,0,0,0,12,0,0,0,0,0,0,2,0,2,0,0,0,0,0,0,1,0,0,0,0,0,0,0,0,0,0,0,0,0,0,0,0,0,0,0,0,1,0,0,0,0,0,0,1,0,0,0,0,0,0,0,0,0,0,0,0,0,CHEMBL4795988,CC(=O)N[C@@H](CO)C(=O)N[C@@H](C)C(=O)N[C@@H](CCCNC(=N)N)C(=O)N[C@@H](Cc1c[nH]c2ccccc12)C(=O)N[C@H]1C/C=C\C[C@@H](C(=O)N2CCC[C@H]2C(=O)N[C@@H](CC(C)N)C(N)=O)NC(=O)[C@H](C)NC(=O)[C@@H]2CCCN2C(=O)[C@H](Cc2ccccc2)NC1=O,649.0,2.812244696800369,CHEMBL2093861,Menin/Histone-lysine N-methyltransferase MLL,1,Large-Polar-Aromatic-Flexible-Hydrophilic
15.68126242180633,15.68126242180633,0.0039694740941704,-1.7431663944047628,0.00819950506775,13.971014492753625,1918.1980000000012,1789.1739999999993,1916.9798204959989,746,0,0.2924185910007353,-0.5079666451556014,0.5079666451556014,0.2924185910007353,0.4927536231884058,0.9492753623188406,1.4492753623188406,16.46578239981549,9.99728019379166,2.3948032334312064,-2.289635833195407,2.2250422343760943,-2.6184423617401458,6.009494507176156,-0.1366157321475201,1.6709799474397384,1.184444251069976,5303.238596921271,101.24403227790948,78.30648233600851,78.30648233600851,65.67910880867669,45.25260081055962,45.25260081055962,34.21252275894935,34.21252275894935,21.82920476915052,21.82920476915052,14.522595614131902,14.522595614131902,-15.249999999999996,4.75780852691235e+41,109.7652738241116,55.55858134872121,36.85699903816605,795.9903080518154,126.97723367179812,84.00111361634332,5.959554568743835,88.6076959402726,11.731584227351432,0.0,82.12187855094069,4.983978520947208,0.0,14.99386983910109,94.9375551669771,160.68063339386725,93.22575913228334,31.835352242986858,96.76904008347137,111.37735517044904,5.409283605791522,114.91101955769255,29.03681452380934,229.80536270217436,33.35094872352818,162.2099745634452,0.0,17.186409941251373,101.6896944453816,0.0,11.49902366656781,0.0,262.91020798153966,97.6013442527814,17.24509569811431,158.5192440249577,134.0012875955059,0.0,16.590311206764618,0.0,713.4699999999998,204.94983340918267,63.26495402524033,28.76722310443093,137.7817112643002,39.03017751513951,4.796506222499014,64.67064106057346,98.90708986099528,13.847474399381248,116.69344901879204,27.34714899107813,5.1924908471812765,0.0,238.44007840662533,91.39615236579684,19.598189037559123,-15.614699241138943,8.289772656335838,0.1560505739571431,13.710875235005888,1.4977567853441278,0.4673913043478261,138,27,46,0,0,0,16,4,3,7,13,0,26,24,46,3,59,0,0,0,0,0,44.191325326243216,7,-2.3687299999999927,503.10870000000114,0,2,2,0,0,7,2,1,0,0,16,16,0,0,0,5,18,3,0,0,0,2,0,0,0,0,0,16,0,0,0,0,0,0,4,0,1,0,0,0,0,1,0,1,0,0,0,1,0,0,0,0,0,0,0,1,0,0,0,0,0,0,0,0,1,1,1,0,0,0,0,2,0,0,0,0,0,0,0,1,0,0,0,2,0,CHEMBL1689400,C=C(C)C(=O)NCCCC[C@H](NC(=O)[C@H](Cc1ccccc1)NC(=O)[C@@H](NC(=O)[C@H](CC(C)C)NC(C)=O)[C@@H](C)O)C(=O)N[C@@H](Cc1cnc[nH]1)C(=O)N[C@@H](Cc1ccc(O)cc1)C(=O)N[C@@H](Cc1c[nH]c2ccccc12)C(=O)N[C@@H](CCCNC(=N)N)C(=O)N[C@@H](CCC(N)=O)C(=O)N[C@@H](CC(C)C)C(=O)N[C@@H](CCCCNC(=O)c1nnn(-c2ccc(OC)cc2)n1)C(=O)N[C@@H](CO)C(N)=O,18.0,1.255272505103306,CHEMBL5023,p53-binding protein Mdm-2,1,Large-Polar-Aromatic-Flexible-Hydrophilic
13.256285828425634,13.256285828425634,0.0795476949197184,-4.3451742414194365,0.33286839352956,11.421052631578949,564.5940000000003,540.4020000000003,564.0872369679998,202,0,0.3238779359967693,-0.4967671120136989,0.4967671120136989,0.3238779359967693,0.6052631578947368,0.8947368421052632,1.131578947368421,32.234861884012595,10.248005207004812,2.2967559442780576,-2.253830439960932,2.2976556358203135,-2.3648942399327137,7.927962173655872,-0.1357527013423127,2.8995332759358425,2.026005598130485,1387.3757244782687,28.08721119088101,20.21375407928707,21.846747241142523,17.893451072527053,10.771147610013992,13.651274267615271,7.678293485259164,11.402914037318284,5.278274458569594,8.85443129783761,3.410814356752277,6.239130693146418,-4.3,149900024.90679878,28.27411199774028,11.39508858441788,6.149934027570508,218.9150655067349,19.68678069728151,24.58853647839296,0.0,0.0,20.046582306815168,11.938610575903695,18.199506350736108,16.835593968657875,0.0,0.0,0.0,72.79640482153933,0.0,35.38533458295774,46.111449034083016,43.359965432085986,0.0,0.0,0.0,9.79096695103555,35.919539876972685,72.79640482153933,0.0,11.49902366656781,18.084157890192564,11.374772549367124,11.49902366656781,0.0,66.29636722862318,29.63565667495881,0.0,0.0,82.5873717725749,0.0,0.0,0.0,167.82,45.074705694544015,36.637723126482925,0.0,21.165739500402672,20.109455649160275,0.0,87.01599990409441,0.0,0.0,0.0,9.473725907600098,64.34607039130613,0.0,22.616073003787477,18.723652954224605,-0.1590953898394371,-2.0640200716985,15.420171840230775,0.0,-1.8398883190612632,-5.876297742283107,0.1666666666666666,38,2,12,0,0,0,0,3,0,3,0,0,8,2,14,0,12,0,0,0,0,0,8.47857923315797,3,2.2635999999999994,136.7651999999999,2,0,0,0,0,0,0,0,2,2,2,0,0,0,0,2,0,0,0,0,0,0,0,0,0,0,0,0,0,2,0,0,0,0,3,0,0,0,0,0,0,2,0,0,0,0,0,0,0,0,0,0,0,0,0,2,0,0,0,0,0,0,0,0,0,0,0,0,0,0,0,0,0,0,0,0,2,0,0,0,0,0,0,0,0,CHEMBL3600957,COc1ccc(S(=O)(=O)N(CC(=O)O)c2ccc(N(CC(=O)O)S(=O)(=O)c3ccc(OC)cc3)cc2)cc1,980.0,2.9912260756924947,CHEMBL3038498,Keap1/Nrf2,2,Large-Polar-Aromatic-Flexible-Hydrophilic
15.555220402256928,15.555220402256928,0.0064603141396015,-1.5945164715878315,0.0143802377478659,19.75,1679.9790000000005,1560.026999999999,1678.9444587079993,658,0,0.2459060722147671,-0.3701604379834824,0.3701604379834824,0.2459060722147671,0.5666666666666667,1.0916666666666666,1.6333333333333333,19.142179285231393,9.75068025734522,2.5034788879868164,-2.426882630471504,2.3431930291927787,-2.6723656845559605,6.017719901254737,-0.1462851576268785,1.1754321881447485,1.196509131886215,4181.563959400737,87.75283292527624,67.78952843421945,67.78952843421945,57.163467028756806,40.71784043376686,40.71784043376686,30.68799743314197,30.68799743314197,21.470593405718056,21.470593405718056,14.982391951747118,14.982391951747118,-12.47,2.7600090282917547e+34,94.67868648033156,46.616436631858576,28.96285925553578,693.3225439483816,128.93763190571627,83.85823604320476,23.83821827497534,82.7005162109211,0.0,0.0,88.76065500017162,4.39041504767482,0.0,0.0,43.17347858816007,164.79010862997626,76.13368738471222,0.0,71.51393562468033,117.44165941797752,21.63713442316609,94.53562704274316,34.40200486297311,239.5673869288384,45.81329484138802,71.67190394374585,0.0,0.0,114.1538339230681,4.39041504767482,0.0,0.0,245.17684251209147,79.96516382285753,27.454355264211983,159.8116314642215,54.727780119305955,0.0,10.902924932081056,0.0,693.2199999999999,172.51830682286965,43.1508346566464,28.36310096803393,204.0926641207628,29.30801966963007,0.0,41.84639506646703,36.52867891392113,0.0,84.7358075810422,56.0391392861392,15.038905188908624,0.0,208.6511591042809,71.5663868792006,33.52526527857911,-13.408440292151544,-4.162555253828844,2.3994565755603396,2.973155852784112,0.0,0.5844155844155844,120,32,42,1,3,4,14,2,1,3,12,0,19,26,43,4,40,1,3,4,1,0,36.779858239149846,7,-5.147819999999946,439.5104000000008,0,0,0,0,0,1,1,0,0,0,14,14,0,0,0,2,20,6,0,0,1,1,0,0,0,0,0,14,0,0,0,0,0,0,2,0,2,0,0,0,0,0,0,4,1,0,0,0,0,0,0,0,0,0,0,0,0,0,0,0,0,0,0,0,1,0,0,0,0,0,0,1,0,0,0,0,0,0,0,0,0,0,0,0,0,CHEMBL4777030,CC(=O)N[C@@H](C)C(=O)N[C@@H](CCCNC(=N)N)C(=O)N[C@@H](Cc1c[nH]c2ccccc12)C(=O)N[C@H]1CCCC[C@@H](C(=O)N2CCC[C@H]2C(=O)N[C@@H](CCCN)C(=O)N[C@@H](CCCNC(=N)N)C(=O)N[C@@H](CCCNC(=N)N)C(=O)N[C@@H](CCCNC(=N)N)C(N)=O)NC(=O)C2(CCC2)NC(=O)[C@@H]2CCCN2C(=O)[C@H](Cc2cccc(F)c2)NC1=O,4.6,0.6627578316815741,CHEMBL2093861,Menin/Histone-lysine N-methyltransferase MLL,1,Large-Polar-Aromatic-Flexible-Hydrophilic
14.97307896182647,14.97307896182647,0.0239707294798676,-2.0515832860459895,0.0258958614333465,16.247619047619047,1476.695,1370.854999999999,1475.7660307599997,580,0,0.3259158461152594,-0.4812292624504697,0.4812292624504697,0.3259158461152594,0.5142857142857142,0.9809523809523808,1.5333333333333334,16.375359921366098,9.983214185334909,2.41132064998185,-2.303857948501585,2.229532039270134,-2.622387134118681,6.004718304996605,-0.1493294155917781,1.7404629250912278,1.6268550394228154,3496.6905863044576,78.36177415710182,60.278085797814626,60.278085797814626,49.52610912768692,35.159664778508116,35.159664778508116,27.55610652288155,27.55610652288155,17.25855492134256,17.25855492134256,11.785485895497937,11.785485895497937,-10.129999999999995,1.959867090381543e+26,87.27369422181795,43.21765262994029,29.146806296127732,607.48237738995,105.78541369755108,66.46024912062755,0.0,70.88615675221807,0.0,17.907915863855546,67.12352057700551,4.794537184071822,0.0,0.0,90.0733597458366,112.6236980252031,49.32781140131075,25.17351080433519,97.45069473528088,99.6969975481547,0.0,63.051774291861,34.95472056997073,223.3845410792484,19.696394776338067,71.92105017116157,0.0,0.0,70.36888847154987,0.0,0.0,0.0,222.51304895593668,84.75970100692938,17.75371813848418,143.06374447926652,60.79414718776757,0.0,10.902924932081056,0.0,574.59,199.18738183304976,97.45069473528088,0.0,89.13354113340804,34.871471161327065,6.923737199690624,4.899909730850477,88.48909598653006,13.847474399381248,58.15186456101053,17.201002431486554,0.0,0.0,208.06825846350188,76.25841528642549,18.44658171599454,-16.976451779215278,-3.859018082794768,-2.299336535971507,10.861550932059696,0.0,0.5857142857142857,105,22,35,0,1,1,12,2,1,3,13,0,19,19,35,2,46,0,1,1,0,0,35.92156381533481,4,-2.5506000000000126,379.38990000000086,3,2,2,0,0,1,1,0,3,3,15,12,0,0,0,1,11,3,0,0,1,1,0,0,0,0,0,12,0,0,0,0,0,0,2,0,1,0,0,0,0,0,0,0,0,0,0,0,0,0,0,0,0,0,0,0,0,0,0,0,0,0,0,0,1,0,0,0,0,0,0,1,0,0,0,0,0,0,0,0,0,0,0,1,0,CHEMBL2371818,CC(C)C[C@H](NC(=O)[C@H](CC(=O)O)NC(=O)[C@H](CO)NC(=O)[C@H](Cc1ccccc1)NC(=O)[C@@H](NC(=O)[C@H](CCC(=O)O)NC(=O)[C@@H](N)CCC(N)=O)[C@@H](C)O)C(=O)N[C@@H](Cc1c[nH]c2ccccc12)C(=O)N[C@@H](CCCCN)C(=O)N[C@@H](CC(C)C)C(=O)N[C@@H](CC(C)C)C(=O)N1CCC[C@H]1C(=O)O,1128.0,3.052309099647323,CHEMBL1255126,Protein Mdm4,1,Large-Polar-Aromatic-Flexible-Hydrophilic
11.309126890251685,11.309126890251685,0.2197762229786477,-1.202983241072166,0.2270089884057091,27.487179487179485,546.6730000000006,504.3370000000005,546.327816444,216,0,0.3200187084936397,-0.4800858278476824,0.4800858278476824,0.3200187084936397,1.1282051282051282,1.8974358974358976,2.641025641025641,16.55595662048351,9.963205839331216,2.4493367726564625,-2.421577787589343,2.329260092126181,-2.5305650091542855,5.807049032927855,-0.138356601705708,3.622035030913597,1.1724397429179854,1105.203460524064,27.517932611199157,22.384660056938344,22.384660056938344,18.79573409108168,14.17499140533788,14.17499140533788,11.540538565265328,11.540538565265328,8.620763134091872,8.620763134091872,6.365437600988409,6.365437600988409,-2.420000000000001,638918047.5147723,28.12104809974444,12.398158579729364,6.497454970806905,227.69465176399328,41.323599554347496,36.19776078477367,17.692941169337626,0.0,0.0,5.969305287951848,9.361636831863176,14.951935562841625,0.0,0.0,25.68328649170404,37.64303336701339,32.72378202956288,6.3273200747645415,24.85098232239399,22.951046004170863,0.0,29.318854672333934,17.56947956948497,75.52739252360982,45.002205912637635,12.654640149529085,0.0,0.0,11.46733495432437,5.817862777835028,0.0,0.0,114.23002057267622,9.53140013787187,11.835812092322788,51.173652531216945,12.654640149529085,0.0,11.16387793838399,0.0,189.11,36.55094645107958,20.11411936859394,0.0,12.238684400761038,30.171296796370537,32.09693166981169,51.17956988708515,4.567099647791355,0.0,24.75175502454258,16.20419790812442,7.698214792408082,0.0,28.299109285920196,30.98973202565083,12.487447530986266,0.5532255565072114,-0.9618606204478664,7.253846608484416,4.680284820490865,0.0,0.7692307692307693,39,7,13,1,2,3,0,0,2,2,5,0,12,5,13,4,13,1,2,3,0,0,8.939723429969964,5,0.0339000000000034,143.44919999999993,1,2,2,1,0,4,0,0,1,1,1,0,0,0,0,6,0,2,0,0,1,0,0,0,0,0,0,0,0,1,0,0,0,0,0,0,1,0,0,0,0,1,0,0,0,0,0,1,0,0,0,0,0,0,0,0,0,0,0,0,0,0,0,0,0,0,0,0,0,0,0,0,0,0,0,0,0,0,0,0,0,0,0,0,0,CHEMBL4645555,Nc1ncnc2c1ncn2[C@@H]1O[C@H](CN(CC[C@H](N)C(=O)O)CC2CN(CCCC3CCCC3)C2)[C@@H](O)[C@H]1O,25.5,1.4065401804339552,CHEMBL4106124,MLL1-ASH2L/RbBP5/WDR5/DPY30,4,Large-Polar-Aromatic-Flexible-Hydrophilic
15.696077893689662,15.696077893689662,0.0043600254140137,-1.8313646008009865,0.0140339543776844,24.14388489208633,1985.4570000000017,1839.296999999999,1984.0426806599987,770,0,0.3029356715703366,-0.4812292624533588,0.4812292624533588,0.3029356715703366,0.5251798561151079,1.0503597122302155,1.640287769784173,33.114616107972665,10.002221140484291,2.4746460773238868,-2.3337120139961676,2.3009057927374736,-2.611066802746808,8.762958289442162,-0.1479291162663219,1.6470056360389973,1.3367611773003856,4546.4512659981365,102.11427576591257,80.55779189752761,82.19078505938306,66.28365928296047,48.35318983635623,50.84122370806881,36.699379563641926,39.32657927060324,24.967983247904783,27.41468322891879,17.422333425166112,19.678279667634648,-11.780000000000005,1.5263665008259029e+43,114.20178294667116,58.31791906112738,36.11702619927003,818.105541404986,127.18240407782072,102.7112940955153,5.959554568743835,106.32923512832714,0.0,5.969305287951848,96.50549010315618,0.0,0.0,0.0,129.71179588169468,171.3923975457528,70.41569131152511,6.606881964512918,101.30926128704608,139.84589093779624,5.409283605791522,94.03467937949056,34.770482000971526,311.69799506649997,63.92588401939451,71.7905736680101,0.0,0.0,97.3697103647374,0.0,0.0,21.587795952773444,314.707966813016,103.93784974321667,17.24509569811431,207.27196070852665,60.6636706846161,0.0,0.0,0.0,674.1,251.58575836704657,67.74750099854327,33.561760288502754,160.72011603787703,56.07265434387607,21.587795952773444,33.44711332278316,88.35861948337862,6.923737199690624,74.43504045608864,28.343953514440265,0.0,0.0,281.1846939967003,66.15431693843773,24.195648641810543,-17.991325551721612,-7.248342580162089,2.048048657945899,10.867294770771965,1.9563317928839232,0.6559139784946236,139,25,44,0,5,5,18,2,0,2,17,0,25,21,46,5,39,0,5,5,0,0,47.913743413815865,7,-2.6809299999999725,517.1417000000014,1,1,1,0,0,0,0,0,1,1,19,18,0,0,0,4,15,4,0,0,3,0,0,0,0,0,0,18,0,0,0,0,0,0,2,0,1,0,0,0,0,0,0,1,0,0,0,0,0,0,0,0,0,0,0,0,0,0,0,0,0,0,0,0,0,0,0,0,0,0,0,1,0,0,0,0,0,0,0,0,0,0,0,3,0,CHEMBL3335459,CCCC[C@@H]1NC(=O)[C@H](CCCCN)NC(=O)[C@H](CCCNC(=N)N)NC(=O)[C@H](CC(C)C)NC(=O)[C@@H](NC(=O)[C@H](Cc2ccccc2)NC(=O)[C@@H]2CCCN2C(=O)[C@@H](NC(C)=O)C(C)C)CCSSC[C@@H](C(=O)N[C@@H](CCCCN)C(=O)N2CCC[C@H]2C(=O)N2CCC[C@H]2C(=O)N[C@@H](CCC(=O)O)C(N)=O)NC(=O)[C@H](Cc2ccccc2)NC(=O)[C@H](CO)NC(=O)[C@H](C)NC(=O)[C@@H]2CCCN2C1=O,350.0,2.5440680443502757,CHEMBL3430909,Transcriptional coactivator YAP1/Transcriptional enhancer factor TEF-1,1,Large-Polar-Aromatic-Flexible-Hydrophilic
14.298226456165096,14.298226456165096,0.0700182321870184,-4.320422498580468,0.1428607258714366,11.64,716.7660000000001,688.5419999999998,716.1696186160001,256,0,0.2642564262296849,-0.3263376798966005,0.3263376798966005,0.2642564262296849,0.6,0.98,1.3,32.23486382071115,10.064413569707009,2.317415332908394,-2.282024212334424,2.3928336203049736,-2.325490779995725,7.92762550256056,-0.1146023564510523,3.807555595833678,1.489222234878819,2201.5459604286584,35.46768007950498,26.34081241873843,27.973805580593883,23.928727252937133,14.704710191788944,17.58483684939022,10.7399487801403,14.464569332199424,7.289269542799447,10.837182057224622,5.138833039415701,8.015006841589054,-6.28,157025974657.11987,33.614610400640636,13.681987535362056,6.956572229760376,284.54201499254435,10.633577208012662,0.0,11.648808995999854,11.814359458703011,20.046582306815168,0.0,18.199506350736108,16.835593968657875,10.426770191309735,20.39472723320415,34.69223846515617,60.6636706846161,35.994695377677964,34.255252312227825,26.424668336801517,65.38293529318202,0.0,41.24826761582362,0.0,36.72795416224195,19.244009190605126,96.57794795446245,0.0,0.0,19.244009190605126,22.74954509873425,0.0,0.0,69.8982210431845,42.72516948678396,0.0,25.496283395381106,94.72010590949812,0.0,10.772448428929591,0.0,241.87999999999997,20.046582306815168,26.424668336801517,0.0,57.71842076693069,22.147220978296716,8.610431982592466,74.51114508399736,24.26546827384644,0.0,51.88184482383629,0.0,59.37970875318867,0.0,22.85601952249137,33.56471564803325,1.1949724740648973,-0.4927504381755436,20.960272200124347,0.0,2.011240170767284,-8.640844997160936,0.1333333333333333,50,4,18,0,0,0,2,4,2,6,0,0,12,4,20,2,12,0,0,0,0,0,9.19829361015234,6,2.5737999999999994,180.5323999999997,0,0,0,0,0,8,2,0,0,0,2,2,0,0,0,8,4,0,0,0,0,2,0,0,0,0,0,2,0,4,0,0,0,0,4,0,1,0,0,0,0,0,0,0,0,0,0,0,0,0,0,0,0,0,0,0,0,0,0,0,0,0,0,0,0,0,0,0,0,0,0,0,0,0,0,0,2,0,0,2,0,0,0,0,0,CHEMBL4544116,CC(=O)Nc1ccc(S(=O)(=O)N(Cc2nn[nH]n2)c2ccc(N(Cc3nn[nH]n3)S(=O)(=O)c3ccc(NC(C)=O)cc3)c3ccccc23)cc1,15.8,1.1986570869544226,CHEMBL3038498,Keap1/Nrf2,2,Large-Polar-Aromatic-Flexible-Hydrophilic
14.58692961325708,14.58692961325708,0.0246219103196669,-1.3982834633656915,0.0201749125062988,17.875,1114.276,1038.6759999999992,1113.57196284,434,0,0.245675541410993,-0.3936790815918555,0.3936790815918555,0.245675541410993,0.6125,1.1375,1.75,16.256068044749835,10.019095688664873,2.4048174492460164,-2.303852513784895,2.223448812553196,-2.6001795020518146,5.991283310555392,-0.1424775030572616,4.215038988764537,1.311663451625475,2757.4558723345144,58.79322453527897,45.51935927801267,45.51935927801267,37.98228881443025,26.56609809471599,26.56609809471599,20.058021127664976,20.058021127664976,13.811903961061743,13.811903961061743,9.495408031202444,9.495408031202444,-8.62,9.539114997177651e+16,62.22469870213083,29.38130315653201,17.44179252819231,462.0049386715664,79.20875776787022,60.418408291479594,5.959554568743835,64.97897702286656,0.0,0.0,58.14919263058156,0.0,0.0,0.0,48.53093654769288,83.41314858817415,56.49941816697449,6.606881964512918,57.84643641963074,81.84145652369148,5.409283605791522,62.63489541870514,11.46733495432437,146.4036672733408,26.241151182250643,71.92105017116157,0.0,0.0,59.31843239038136,0.0,0.0,0.0,177.4884164428295,65.58155227064206,5.409283605791522,84.27051871940317,60.79414718776757,0.0,10.902924932081056,0.0,414.4299999999999,132.0042672788591,57.84643641963074,0.0,51.15317549519904,36.934124258084594,17.82666213177168,37.49476826046345,48.661413050844345,12.13273413692322,52.83507595700419,16.876618560115894,0.0,0.0,153.44999361298298,41.12751378521345,12.916173302498771,-8.204306498211022,3.949148919667735,3.2561008900654085,6.505375987782681,0.0,0.5094339622641509,80,16,27,0,2,2,11,2,1,3,10,0,13,14,27,3,27,0,2,2,0,0,22.85303420488962,5,-3.346130000000013,290.86530000000005,0,1,1,0,0,1,1,0,0,0,11,11,0,0,0,2,11,2,0,0,2,1,0,0,0,0,0,11,0,0,0,0,0,0,2,0,1,0,0,0,0,0,0,1,0,0,0,0,0,0,0,0,0,0,0,0,0,0,0,0,0,0,0,0,1,0,0,0,0,0,0,1,0,0,0,0,0,0,0,0,0,0,0,0,0,CHEMBL4776199,CC(=O)N[C@@H](CO)C(=O)N[C@@H](C)C(=O)N[C@@H](CCCNC(=N)N)C(=O)N[C@@H](Cc1c[nH]c2ccccc12)C(=O)N[C@@H](C)C(=O)N[C@@H](Cc1ccccc1)C(=O)N1CCC[C@H]1C(=O)N[C@@H](C)C(=O)N[C@@H](C)C(=O)N1CCC[C@H]1C(N)=O,19000.0,4.278753600952829,CHEMBL2093861,Menin/Histone-lysine N-methyltransferase MLL,1,Large-Polar-Aromatic-Flexible-Hydrophilic
13.173967457545562,13.173967457545562,0.0219264140841521,-0.6274455020121505,0.3928426041679285,10.63888888888889,490.4910000000002,467.3070000000003,490.16524805599994,184,0,0.27891717406523,-0.4928675118277,0.4928675118277,0.27891717406523,0.9166666666666666,1.6111111111111112,2.3055555555555554,19.142148116402577,10.112741086605311,2.186845382062347,-2.132440189162528,2.2843972690835344,-2.3752314466043463,6.052991429602057,-0.1198130010097735,2.910000595236069,1.5828177885159345,1484.4426886540923,25.65612529163336,19.57869963978744,19.57869963978744,17.40541720081447,10.94788484516316,10.94788484516316,7.7363062730752,7.7363062730752,5.444174303299063,5.444174303299063,3.5985303822215444,3.5985303822215444,-4.729999999999999,127910100.48381092,24.39633084444416,10.682988017587736,5.169296987357328,205.0115462959203,20.10730311561276,5.817220841045894,17.19295166141627,5.907179729351506,11.466446624403511,0.0,14.383611552215466,4.39041504767482,9.78048474344622,0.0,30.33183534230805,35.89528683400505,17.997347688838982,31.837961977616,23.45321532341856,22.5868078876326,0.0,20.414061951458883,0.0,6.544756405912575,20.764351488467643,94.15844215979293,0.0,17.186409941251373,25.666570010664763,4.39041504767482,11.49902366656781,0.0,42.35919569061687,11.339293589984395,5.817220841045894,16.051916670617278,71.52457493714954,0.0,16.459834703613154,0.0,111.55,17.373626353755018,18.774026599890284,0.0,29.9868858621843,28.136085647413164,4.681802935145184,26.352329219478285,54.59730361615449,0.0,15.732259016313698,9.473725907600098,24.696598483587856,0.0,38.466699748248836,10.1419962034621,0.6369977378820797,-0.5746026474204691,17.13199138088812,0.0,-0.1330696242623545,2.966722050947164,0.1538461538461538,36,2,9,0,0,0,2,3,1,4,0,0,7,2,10,1,8,0,0,0,0,0,7.239603057897306,4,2.5882000000000005,131.02389999999997,0,0,0,0,0,2,0,0,0,0,2,2,0,0,0,2,2,0,0,0,0,0,0,0,0,0,0,2,0,0,0,0,0,0,3,0,1,0,0,0,0,2,0,0,1,0,0,0,0,0,0,0,0,0,0,2,0,0,0,0,0,0,0,0,0,0,0,0,0,0,0,0,0,0,0,0,0,0,0,0,0,0,0,0,0,CHEMBL1302552,COc1ccc(-n2nc(C(=O)NCC(=O)NCc3ccc(F)cc3)c3ccccc3c2=O)cc1OC,941.0,2.973589623427257,CHEMBL2096976,Peroxisome proliferator-activated receptor gamma/Nuclear receptor corepressor 2,0,Large-Polar-Aromatic-Flexible-Hydrophilic
15.445352506367014,15.445352506367014,0.0140575110794227,-1.6924584306969483,0.014407549999227,20.139344262295083,1726.0700000000006,1613.1739999999988,1724.8068075039992,658,0,0.2454291178963408,-0.5079666451556014,0.5079666451556014,0.2454291178963408,0.5655737704918032,1.1147540983606556,1.6639344262295082,32.167722343651576,10.004713964512966,2.3877864840622567,-2.2883855710241185,2.2434490793586024,-2.6193818192335514,7.983466138805586,-0.13637860437935,1.6708402781724163,1.3149564486992928,4602.175971559634,89.27777695165858,68.90570428146162,70.53869744331709,58.04887985334091,39.83778162974215,42.14718270650065,30.34036639851265,32.40087991529667,19.51559322989259,21.653444930894633,12.915370418144628,14.851691030612889,-12.430000000000003,6.045957341082162e+34,96.69880580790746,48.1249980724091,31.29818119460038,713.7782129214581,111.93960359304454,78.25160178305941,11.91910913748767,76.79333648156958,0.0,0.0,83.11550764641115,0.0,23.52376989878223,0.0,100.49135362030184,104.80958442373314,102.90748793759523,24.09870434195814,77.64856557745581,123.13914044992056,10.818567211583044,89.38697601893028,29.03681452380934,189.94449693225985,31.202101989831647,149.79698134347453,0.0,16.876414816677897,91.6360428875752,0.0,5.749511833283905,23.52376989878223,228.7921216937764,93.09715547520533,22.65437930390583,108.64847897725232,121.71877087868664,0.0,22.02982791547505,0.0,618.3499999999999,179.84328996725537,53.67587965709669,23.97268592035911,99.13491810166568,50.108038380262954,23.52376989878223,45.03667987291831,111.30077700422142,13.847474399381248,89.38697601893028,28.0195696430696,0.0,2.2913530036354004,199.74575586977448,84.91504376860499,21.054968154463268,-13.748352905858988,10.004884792047498,2.309271045321987,9.76040960534478,0.0,0.4512195121951219,122,26,38,0,3,3,13,3,3,6,13,4,22,23,40,6,29,0,0,0,0,0,38.14450691073613,9,-1.5169600000000316,458.823500000001,0,2,2,0,0,3,1,1,0,0,13,13,0,0,0,2,17,3,0,0,0,1,0,0,0,0,0,13,0,0,0,0,0,0,3,0,3,0,0,0,0,0,0,2,0,0,0,0,0,0,0,0,0,0,0,0,0,0,0,0,0,0,0,0,1,1,1,0,0,0,0,1,0,2,0,2,0,0,0,0,0,0,0,0,0,CHEMBL1933132,CC(=O)N[C@@H](CC(C)C)C(=O)N[C@H](C(=O)N[C@@H](Cc1ccccc1)C(=O)N[C@@H]1CSCc2ccc(cn2)-c2ccc(nc2)CSC[C@@H](C(=O)N[C@@H](CO)C(N)=O)NC(=O)[C@H](C(C)C)NC(=O)[C@H](CCCNC(=N)N)NC(=O)[C@H](C)NC(=O)[C@H](Cc2c[nH]c3ccccc23)NC(=O)[C@H](Cc2ccc(O)cc2)NC(=O)[C@H](CCCNC(=N)N)NC1=O)[C@@H](C)O,102.0,2.0086001717619175,CHEMBL1907611,Tumour suppressor p53/oncoprotein Mdm2,1,Large-Polar-Aromatic-Flexible-Hydrophilic
13.772058423735563,13.772058423735563,0.0600356384136144,-4.336634936808704,0.2443697249764299,11.571428571428571,612.6860000000003,584.4620000000001,612.134855856,220,0,0.2643155262857714,-0.4967671120136989,0.4967671120136989,0.2643155262857714,0.5952380952380952,0.9285714285714286,1.2142857142857142,32.234862492927064,10.064482004759531,2.3144452392527755,-2.281007585415107,2.382502387734311,-2.394083526559621,7.928349364174328,-0.1169718787701422,2.978005134847741,1.9212937262690597,1707.6022917760945,30.656125291633355,22.62872796504566,24.26172112690111,19.89345107252705,12.317950950370328,15.198077607971609,8.956442242180323,12.681062794239445,6.309179290810585,9.85709180523576,4.3344229786429,7.234137126979333,-4.819999999999999,1358207152.458893,30.14578834765705,11.963032634530595,5.940214394389498,242.68804392810347,20.94106086192447,24.58853647839296,0.0,11.814359458703011,20.046582306815168,0.0,18.199506350736108,16.835593968657875,0.0,0.0,24.26546827384644,60.6636706846161,10.772448428929591,35.38533458295774,35.898394244401615,54.00816274381489,0.0,0.0,11.46733495432437,9.79096695103555,35.919539876972685,84.92913895846256,0.0,11.49902366656781,29.551492844516936,11.374772549367124,11.49902366656781,0.0,55.95906132174109,29.63565667495881,0.0,0.0,94.72010590949812,0.0,10.772448428929591,0.0,179.39999999999998,44.95045457734333,26.424668336801517,0.0,31.938187929332265,11.49902366656781,8.610431982592466,74.88326576717118,24.26546827384644,0.0,0.0,20.94106086192447,66.99737923664816,0.0,23.893665687478645,0.5421074111207602,11.03485226338845,-0.9805585340378282,20.213988168788195,0.0,-1.403074260104347,-5.798359973282026,0.1428571428571428,42,4,12,0,0,0,2,4,0,4,0,0,8,2,14,0,12,0,0,0,0,0,8.586548804682701,4,2.2182000000000004,157.3883999999997,0,0,0,0,0,0,0,0,0,0,2,2,0,0,0,2,0,2,0,0,0,0,0,0,0,0,0,2,0,2,0,0,0,0,4,0,1,0,0,0,0,2,0,0,0,0,0,0,0,0,0,0,0,0,0,2,0,0,0,0,0,0,0,0,0,0,0,0,0,0,0,2,0,0,0,0,2,0,0,0,0,0,0,0,0,CHEMBL3632711,COc1ccc(S(=O)(=O)N(CC(N)=O)c2ccc(N(CC(N)=O)S(=O)(=O)c3ccc(OC)cc3)c3ccccc23)cc1,44.0,1.6434526764861874,CHEMBL2069156,Kelch-like ECH-associated protein 1,2,Large-Polar-Aromatic-Flexible-Hydrophilic
14.711029285258505,14.711029285258505,0.0637253162436177,-1.4269602399381027,0.0157642316256907,17.714285714285715,1272.4330000000002,1186.7529999999992,1271.64110502,496,0,0.245675541410993,-0.3936790815918555,0.3936790815918555,0.245675541410993,0.5934065934065934,1.120879120879121,1.7142857142857142,16.271591130641514,10.019095574247352,2.411145262302754,-2.3045753673384985,2.226915890628172,-2.6003826610480214,5.99732488432133,-0.1426919390502479,1.8739783849530949,1.2680861584795666,3143.7854945420277,67.2239459555971,51.64487677400614,51.64487677400614,43.09134971971085,29.927685927826136,29.927685927826136,22.561613513088012,22.561613513088012,15.31472497344808,15.31472497344808,10.411326084972142,10.411326084972142,-9.719999999999995,4.362000051946633e+20,72.0284450295506,34.30490888743464,21.21403404578228,524.4115936774458,94.9488623707236,66.46024912062755,5.959554568743835,76.79333648156958,0.0,0.0,67.73826699872521,0.0,0.0,0.0,48.53093654769288,90.33688578786476,56.49941816697449,19.255604758173796,72.5420381826151,93.6558159823945,5.409283605791522,73.26847262671781,11.46733495432437,165.4732116899277,32.78590758816322,71.92105017116157,0.0,0.0,69.95200959839403,0.0,0.0,0.0,213.09986691918203,75.17062663878572,5.409283605791522,91.1942559190938,60.79414718776757,0.0,10.902924932081056,0.0,492.85999999999984,162.50919036037092,72.5420381826151,0.0,64.11875352403761,34.871471161327065,6.923737199690624,44.41850546015408,60.79414718776757,0.0,63.46865316501686,16.876618560115894,0.0,0.0,180.01609904435946,55.45440694805901,12.603426157500738,-10.47510146371822,1.6968202360737,1.4175999106717108,6.786749167053573,0.0,0.5254237288135594,91,19,32,0,2,2,13,2,1,3,12,0,16,17,32,3,32,0,2,2,0,0,27.153068615849755,5,-5.364330000000021,327.4865000000004,0,2,2,0,0,1,1,0,0,0,13,13,0,0,0,2,13,2,0,0,2,1,0,0,0,0,0,13,0,0,0,0,0,0,2,0,1,0,0,0,0,0,0,1,0,0,0,0,0,0,0,0,0,0,0,0,0,0,0,0,0,0,0,0,1,0,0,0,0,0,0,1,0,0,0,0,0,0,0,0,0,0,0,0,0,CHEMBL4799923,CC(=O)N[C@@H](CO)C(=O)N[C@@H](C)C(=O)N[C@@H](CCCNC(=N)N)C(=O)N[C@@H](Cc1c[nH]c2ccccc12)C(=O)N[C@@H](C)C(=O)N[C@@H](Cc1ccccc1)C(=O)N1CCC[C@H]1C(=O)N[C@@H](C)C(=O)N[C@@H](C)C(=O)N1CCC[C@H]1C(=O)NCC(=O)N[C@H](C(N)=O)[C@@H](C)O,61300.0,4.787460474518415,CHEMBL2093861,Menin/Histone-lysine N-methyltransferase MLL,1,Large-Polar-Aromatic-Flexible-Hydrophilic
8.978277608155512,8.978277608155512,0.391707566096198,0.391707566096198,0.4741752435536356,17.22222222222222,485.6400000000003,450.3600000000003,485.3015421200001,188,0,0.155842472261589,-0.3707419147357934,0.3707419147357934,0.155842472261589,1.0555555555555556,1.8333333333333333,2.5555555555555554,15.22945352250663,9.959766391212638,2.299041942185518,-2.441202919612948,2.270414259032999,-2.5269975241713127,5.857384299517462,0.1736514286370281,2.87015207247791,1.0994329534429057,1190.085037794233,24.907202147189924,21.190608621885264,21.190608621885264,17.568014581162377,12.815353138171416,12.815353138171416,10.165457912534556,10.165457912534556,7.110582113105208,7.110582113105208,5.013157374894534,5.013157374894534,-3.4799999999999995,147588316.95689484,24.22486786336824,11.06123345935728,5.833811178994185,212.6984381539247,25.333306400564098,17.66188357021583,5.817862777835028,0.0,0.0,0.0,0.0,14.951935562841625,5.261891554738487,0.0,0.0,63.335189621976056,63.46042799138093,17.14937352210553,0.0,28.356513265586138,5.261891554738487,24.75175502454258,5.917906046161393,18.88348407499998,75.44212574560554,48.288973977231194,0.0,6.069221312792274,15.533486938863138,17.323111830353618,0.0,0.0,90.70223466043296,0.0,17.249018913692154,18.405094737549017,42.7255224855342,0.0,11.033401435232523,0.0,96.24,0.0,0.0,0.0,0.0,11.959746875309351,86.88751656983962,5.687386274683562,6.3273200747645415,24.26546827384644,67.59856285752838,10.245870075685694,0.0,0.0,20.885320891362092,16.029491680844007,3.6223191018067658,2.3869503922743487,14.487221843354936,3.812979756464373,7.313431555800386,4.1289514447597595,0.4814814814814814,36,2,9,0,2,2,0,1,2,3,0,0,9,2,9,4,9,0,2,2,0,0,7.443247748855492,5,2.882680000000001,144.32139999999984,0,0,0,0,0,3,0,0,0,0,0,0,0,0,0,7,2,0,0,1,1,0,0,0,0,0,0,0,0,3,0,0,0,0,1,0,1,0,0,0,0,0,0,0,0,0,0,0,0,0,0,0,0,0,0,0,0,1,0,0,0,0,0,0,0,0,0,0,0,1,0,0,0,1,0,0,0,0,0,0,0,0,0,0,0,CHEMBL5173912,CN(C)CCNc1ccc2ncnc(NC3CCN(CC4CN(c5ccc(C#N)cc5)C4)CC3)c2n1,970.0,2.9867717342662448,CHEMBL2093861,Menin/Histone-lysine N-methyltransferase MLL,4,Large-Polar-Aromatic-Flexible-Hydrophilic
13.983895216773345,13.983895216773345,0.0799615364460237,-4.541220208878366,0.2516925627143397,14.0,670.6740000000001,644.4660000000001,670.0927162720001,240,0,0.3238784088620381,-0.4861461402446082,0.4861461402446082,0.3238784088620381,0.5652173913043478,0.9347826086956522,1.3043478260869563,32.23486331950959,10.064892527438529,2.333385862415636,-2.283236002219285,2.4058571332675824,-2.369502620909113,7.928403582650616,-0.1357492544557215,3.0477863453548553,1.4882376921135776,1935.0604041664117,32.639252954758796,23.858677784960985,25.49167094681644,21.962400757748348,13.767599857929378,16.647726515530657,10.071165897074623,13.79578644913374,7.17643832407005,10.687887571914835,5.169926596915247,8.067954011120925,-5.219999999999999,17338676169.014572,30.791099869625494,11.941510687714128,5.672750310622967,262.5420424192186,29.160506604881608,39.51704066987682,22.99804733313562,0.0,20.046582306815168,11.938610575903695,18.199506350736108,16.835593968657875,0.0,0.0,24.26546827384644,36.39820241076966,22.90518256585281,21.165739500402676,55.58517494168312,54.13241386101558,0.0,0.0,0.0,9.79096695103555,48.12747265246929,72.79640482153933,0.0,22.99804733313562,27.557883797792663,11.374772549367124,22.99804733313562,0.0,78.5043000041198,29.63565667495881,0.0,0.0,82.58737177257488,0.0,10.772448428929591,0.0,186.27999999999997,45.074705694544015,36.637723126482925,0.0,69.86473945395174,20.109455649160275,0.0,60.6636706846161,12.13273413692322,0.0,0.0,18.947451815200196,79.28663963498894,0.0,23.459926603646583,19.80811802683076,-0.1599230728920475,-1.885250743693256,16.39880895055201,0.0,-0.9925456483429282,-9.082440417756732,0.2,46,2,14,0,2,2,0,4,0,4,0,0,10,2,16,2,10,0,0,0,0,0,7.993309743034911,6,2.942000000000001,163.14719999999969,2,0,0,0,0,0,0,0,2,2,2,0,0,0,0,2,0,0,0,0,0,0,0,0,0,0,0,0,0,2,0,0,0,0,4,0,3,0,0,0,0,4,0,0,0,0,0,0,0,0,0,0,0,0,0,0,0,0,0,0,0,0,0,0,0,0,0,0,0,0,0,0,0,0,0,0,2,0,0,0,0,0,0,0,0,CHEMBL4853900,O=C(O)CN(c1ccc(N(CC(=O)O)S(=O)(=O)c2ccc3c(c2)OCCO3)c2ccccc12)S(=O)(=O)c1ccc2c(c1)OCCO2,31.3,1.4955443375464486,CHEMBL3038498,Keap1/Nrf2,2,Large-Polar-Aromatic-Flexible-Hydrophilic
13.336288398703772,13.336288398703772,0.0962078450047647,-1.0009299899692434,0.1612374607639365,20.083333333333332,664.8080000000003,616.4240000000001,664.3696812559999,260,0,0.2431240963442728,-0.3517190066422445,0.3517190066422445,0.2431240963442728,0.9166666666666666,1.6875,2.3958333333333335,16.171711547857917,10.01321452042629,2.3880602388909455,-2.273178659404739,2.2700825946896823,-2.5503229025622765,5.942830229744697,-0.1392235683793826,3.8470064822905767,1.2488861407661758,1415.8444046613126,34.63081678632152,27.920538245113704,27.920538245113704,23.010948146244953,16.779964897654963,16.779964897654963,13.031855850231636,13.031855850231636,8.745107971041865,8.745107971041865,6.221372781276168,6.221372781276168,-4.750000000000001,39499716277.15913,36.09242512783053,17.415195536647033,10.376852417969546,280.5074734688847,36.46783127182934,18.12552248744388,0.0,35.443078376109035,0.0,0.0,28.76722310443093,4.983978520947208,0.0,0.0,50.60013136461531,44.088381229253045,38.16984045843821,24.483910521686973,28.76722310443093,35.443078376109035,0.0,41.45180979277655,11.835812092322788,96.42908268205836,13.08951281182515,54.11337847523112,0.0,0.0,26.583943020031658,0.0,0.0,0.0,87.56782127727092,41.73280113326951,11.835812092322788,70.5535208231734,42.85599898868567,0.0,0.0,0.0,194.49,35.847061675498395,28.76722310443093,0.0,54.985591761289854,44.46672729837764,11.984273114623004,18.15096700530564,6.196843571613076,44.179309741689295,36.55190006192607,0.0,0.0,0.0,86.24377571373145,13.904848354166226,1.5648643970950606,-2.49975255140854,6.656314924011426,6.7512683959121595,5.712014099825527,0.0,0.5588235294117647,48,6,14,1,1,2,6,1,1,2,5,0,7,6,14,2,15,1,1,2,0,2,13.094930020686697,4,0.6963000000000072,176.58719999999957,0,0,0,0,0,2,1,0,0,0,6,6,0,0,0,2,6,0,0,0,1,1,0,0,0,0,0,6,0,0,0,0,0,0,1,0,0,0,0,0,0,0,0,0,0,0,0,1,0,0,0,0,0,0,0,0,0,0,0,0,0,0,0,0,0,0,0,0,0,0,0,0,0,0,0,0,0,0,0,0,0,0,0,0,0,CHEMBL358925,CC(C)CC(=O)N[C@@H](Cc1c[nH]cn1)C(=O)N[C@@H](C)C(=O)NCC(=O)N1CCC[C@@H]1C(=O)NC1CCCC1C(=O)NCc1ccccc1,90000.0,4.954242509439325,CHEMBL1949,Cyclophilin A,4,Large-Polar-Aromatic-Flexible-Hydrophilic
13.614792536664485,13.614792536664485,0.0213255332997401,-4.579526093271289,0.2596674580995312,11.658536585365852,603.6060000000002,581.4300000000002,603.078149504,214,0,0.3239377481693432,-0.4967671120136114,0.4967671120136114,0.3239377481693432,0.7804878048780488,1.2682926829268293,1.804878048780488,32.2348624898817,10.11586922156801,2.327998523449945,-2.267951173909629,2.3642586957067633,-2.37449390276541,7.92823344330204,-0.1357543373688281,2.940359284281175,1.9338635155990385,1830.821345827131,29.94901851044681,21.20803412652202,22.841027288377475,19.355446270066267,11.624221297058472,14.504347954659757,8.452917070899213,12.177537622958326,5.864770709117709,9.38892362629671,3.9880834862346,6.795481841638331,-4.759999999999999,784679050.9683186,29.22819465876111,11.385011807572718,5.899539326553635,233.50342607843928,14.94991774348146,24.65624548615495,5.817862777835028,0.0,20.046582306815168,11.938610575903695,13.894290359439877,30.515203528576137,0.0,0.0,24.26546827384644,48.53093654769288,10.772448428929591,28.78499433860972,45.76500112795779,54.26289036416705,0.0,4.983978520947208,0.0,9.79096695103555,28.80974233569515,84.81046923419831,0.0,5.749511833283905,13.347294936392515,15.89566410019341,5.749511833283905,0.0,64.17054820829287,29.63565667495881,5.817220841045894,0.0,88.78421534418797,0.0,10.772448428929591,0.0,171.48,55.78741001110768,41.028138174157746,0.0,27.173180956965957,14.35994381587637,30.462311845459514,55.64073408897041,0.0,0.0,4.983978520947208,4.736862953800049,73.85049618137683,0.0,26.978158834631653,19.187223995410186,-0.2285227463600476,-3.691450365847375,14.74692572087828,0.9445158310237672,-2.0782345635693664,-7.709112887543912,0.1153846153846153,41,2,12,0,0,0,0,3,1,4,0,0,8,2,15,1,11,0,0,0,0,0,8.116179056195831,4,2.9423000000000004,145.47219999999982,2,0,0,0,0,1,0,0,2,2,2,0,0,0,0,3,0,0,0,0,0,0,0,0,0,0,0,0,0,2,0,0,0,0,3,0,1,0,0,0,0,1,0,0,1,0,0,0,0,0,0,0,0,0,0,1,0,0,0,0,0,0,0,0,0,0,0,0,0,0,0,0,0,1,0,0,2,0,0,0,0,0,0,0,0,CHEMBL4637137,COc1ccc(S(=O)(=O)N(CC(=O)O)c2ncc(N(CC(=O)O)S(=O)(=O)c3ccc(F)cc3)c3ccccc23)cc1,240.0,2.380211241711606,CHEMBL3038498,Keap1/Nrf2,2,Large-Polar-Aromatic-Flexible-Hydrophilic
13.672196164782395,13.672196164782395,0.0635707123631008,-4.499134936808704,0.2391632268327213,11.571428571428571,615.6420000000003,590.4420000000001,615.0981359999998,220,0,0.3239377481693432,-0.4967671120136988,0.4967671120136988,0.3239377481693432,0.6904761904761905,1.119047619047619,1.5714285714285714,32.23486260656376,10.1158686966349,2.3282353960975906,-2.2683172829339213,2.365959399695654,-2.3744268121190597,7.928240724249909,-0.1357543361944223,2.978005134847741,1.9212937262690597,1707.8520985842567,30.656125291633355,22.238317943976657,23.87131110583211,19.89345107252705,12.047611496249656,14.927738153850935,8.674525586290668,12.399146138349783,6.110567575331437,9.63472049251044,4.129213552631658,6.936611908035392,-4.89,1358207152.458893,30.07742186362223,11.9196795494019,5.914086927457223,240.81637801941656,19.68678069728151,24.58853647839296,5.817862777835028,0.0,20.046582306815168,11.938610575903695,13.894290359439877,26.124788480901316,0.0,0.0,24.26546827384644,48.53093654769288,10.772448428929591,35.89479187988725,46.111449034083016,54.26289036416705,0.0,4.983978520947208,0.0,9.79096695103555,35.919539876972685,78.99324839315241,0.0,11.49902366656781,18.084157890192564,11.50524905251859,11.49902366656781,0.0,71.2803457495704,29.63565667495881,0.0,0.0,88.78421534418797,0.0,10.772448428929591,0.0,180.71,45.074705694544015,36.637723126482925,0.0,32.06866443248373,20.109455649160275,6.196843571613076,87.0159999040944,0.0,0.0,4.983978520947208,9.473725907600098,66.02036847244042,0.0,27.34949530442389,19.39537424793544,-0.1623254726974963,-2.4803700829686957,16.535212136167537,1.0000713865793232,-1.9900187045487912,-6.167807287331613,0.1481481481481481,42,2,13,0,0,0,0,3,1,4,0,0,9,2,15,1,12,0,0,0,0,0,8.536029292536941,4,2.8118000000000007,152.06619999999972,2,0,0,0,0,1,0,0,2,2,2,0,0,0,0,3,0,0,0,0,0,0,0,0,0,0,0,0,0,2,0,0,0,0,3,0,1,0,0,0,0,2,0,0,0,0,0,0,0,0,0,0,0,0,0,2,0,0,0,0,0,0,0,0,0,0,0,0,0,0,0,0,0,1,0,0,2,0,0,0,0,0,0,0,0,CHEMBL4174651,COc1ccc(S(=O)(=O)N(CC(=O)O)c2cnc(N(CC(=O)O)S(=O)(=O)c3ccc(OC)cc3)c3ccccc23)cc1,60.0,1.7781512503836436,CHEMBL3038498,Keap1/Nrf2,2,Large-Polar-Aromatic-Flexible-Hydrophilic
15.11943495849223,15.11943495849223,0.0303509259511818,-1.6443711693088563,0.0170952034691075,14.91509433962264,1512.7820000000004,1415.0059999999992,1511.6689766439993,576,0,0.245429117896332,-0.5079666451556014,0.5079666451556014,0.245429117896332,0.4716981132075472,0.9056603773584906,1.4056603773584906,32.11798487304058,10.005157233162931,2.3804186592704646,-2.2836687786100316,2.2078699322712056,-2.6199348868995176,7.800280473970116,-0.1363363996726111,1.6019587068686756,1.4267748916731022,3844.6378188437266,78.48309450066145,59.729491115803434,61.51834549780326,50.192236467884946,34.23846129989567,35.503372363963024,26.379879624431343,27.11017636777157,16.61044964917827,17.340746392518493,10.995842973989488,11.510062544159585,-10.589999999999993,5.305745257250923e+27,86.05373870821248,42.38545868971281,27.794139162531543,622.3068700503659,100.5563374288169,78.25160178305941,0.0,82.7005162109211,0.0,0.0,67.12352057700551,4.983978520947208,25.257578296025983,0.0,88.35861948337859,79.83520704095788,79.52409259796991,19.03816842702576,82.44310276152764,118.86101943902815,0.0,78.75339881091762,23.303147046647155,178.43878971876632,18.112589178006495,119.96806157793112,0.0,5.749511833283905,75.26879820240035,0.0,5.749511833283905,25.257578296025983,209.6906794738151,92.80680706870956,11.835812092322788,96.53372935947785,97.58377910799165,0.0,10.902924932081056,0.0,540.5399999999998,186.5079513655566,77.64856557745581,4.794537184071822,61.86310726990954,33.287207402020506,0.0,57.56084351929593,74.6416215871488,13.847474399381248,104.0109771069436,11.46733495432437,0.0,8.510481269622922,202.70187061492055,61.76113324610729,13.096103854959196,-14.096443079029171,3.0666388997508447,0.9564530771618844,9.948206560950938,0.0,0.4714285714285714,106,21,34,0,0,0,14,3,2,5,13,0,20,21,36,2,43,0,0,0,0,0,34.40969044445548,5,-3.1997000000000155,393.7730000000007,0,2,2,0,0,3,2,1,0,0,14,14,0,0,0,1,14,2,0,0,0,2,2,0,0,0,0,14,0,0,0,0,0,0,3,0,1,0,0,0,0,0,0,0,0,0,0,1,0,0,0,0,0,0,0,0,0,0,0,0,0,0,0,0,1,1,1,0,0,0,0,2,0,0,0,0,0,0,0,0,0,0,0,0,0,CHEMBL1933126,CC(=O)N[C@@H](CC(C)C)C(=O)N[C@H](C(=O)N[C@@H](Cc1ccccc1)C(=O)N[C@@H](CS)C(=O)N[C@@H](Cc1cnc[nH]1)C(=O)N[C@@H](Cc1ccc(O)cc1)C(=O)N[C@@H](Cc1c[nH]c2ccccc12)C(=O)N[C@@H](C)C(=O)N[C@@H](CCC(N)=O)C(=O)N[C@@H](CC(C)C)C(=O)N[C@@H](CS)C(=O)N[C@@H](CO)C(N)=O)[C@@H](C)O,57.0,1.7558748556724917,CHEMBL1907611,Tumour suppressor p53/oncoprotein Mdm2,1,Large-Polar-Aromatic-Flexible-Hydrophilic
15.17685729417149,15.17685729417149,0.001814618131646,-2.0319813634600825,0.0169854048743486,18.013513513513512,2098.5520000000006,1941.3039999999985,2097.1557362519984,822,0,0.3054810621152199,-0.4812292624533588,0.4812292624533588,0.3054810621152199,0.3851351351351351,0.7297297297297297,1.148648648648649,32.166372644147465,9.996460513775176,2.478530170824984,-2.334087554917033,2.292310698436558,-2.614405579538258,7.981080551560361,-0.147955948025656,1.6409777650955848,1.2000409120497872,4853.040293287905,109.55343335466804,85.86681281259338,86.6833093935211,70.30340379076404,50.916349253252704,52.31019610337005,38.98444742130839,39.97004598096188,25.87618896946908,26.520139520328456,18.211674625967955,18.683079146758995,-13.390000000000006,2.9927120995273037e+46,123.28839477169512,63.33355286574183,40.68409171521542,865.9438707509089,143.33938755382994,102.7112940955153,11.91910913748767,106.32923512832714,0.0,11.938610575903695,106.70931089301952,0.0,11.761884949391115,0.0,102.20609388275987,195.23683242833383,65.45474050394411,13.027703587438928,111.2103258659586,141.94883979110963,10.818567211583044,99.3514679834969,46.422055524295104,318.1188166894259,70.97355600207172,71.7905736680101,0.0,0.0,108.42016644590592,0.0,0.0,11.761884949391115,338.7910260472296,108.7323869272885,28.572285350067222,213.69278233145263,60.6636706846161,0.0,0.0,0.0,773.3000000000002,246.38721957885485,82.44310276152764,28.76722310443093,191.6461131671969,55.40468632769685,4.899909730850477,33.38535134163317,108.46186306627128,0.0,79.75182906009498,39.48690459739397,0.0,1.3732837622324172,288.6906093585149,85.75201839832256,29.54098759664864,-19.473445674842164,-7.373336260676731,2.2260010563270587,11.263881763473352,0.0,0.6530612244897959,148,30,49,0,4,4,18,2,0,2,17,0,26,25,50,4,64,0,4,4,0,0,52.75873018922703,6,-4.138959999999936,546.2673000000017,2,1,1,0,0,0,0,0,2,2,20,18,0,0,0,4,17,5,0,0,4,0,0,0,0,0,0,18,0,0,0,0,0,0,2,0,0,0,0,0,0,0,0,2,0,0,0,0,0,0,0,0,0,0,0,0,0,0,0,0,0,0,0,0,0,0,0,0,0,0,0,1,0,0,0,1,0,0,0,0,0,0,0,2,0,CHEMBL3335391,CSCC[C@H](NC(=O)[C@@H]1CCCN1C(=O)[C@@H](NC(C)=O)C(C)C)C(=O)N[C@@H](CCCNC(=N)N)C(=O)N[C@@H](CC(C)C)C(=O)N[C@@H](CCCNC(=N)N)C(=O)N[C@@H](CCCCN)C(=O)N[C@@H](CC(C)C)C(=O)N1CCC[C@H]1C(=O)N[C@@H](CC(=O)O)C(=O)N[C@@H](CO)C(=O)N[C@@H](Cc1ccccc1)C(=O)N[C@@H](Cc1ccccc1)C(=O)N[C@@H](CCCCN)C(=O)N1CCC[C@H]1C(=O)N1CCC[C@H]1C(=O)N[C@@H](CCC(=O)O)C(N)=O,37000.0,4.568201724066995,CHEMBL3430909,Transcriptional coactivator YAP1/Transcriptional enhancer factor TEF-1,1,Large-Polar-Aromatic-Flexible-Hydrophilic
15.695491677749605,15.695491677749605,0.0113621385799467,-1.7626509433627768,0.0081776465174964,13.892857142857142,1971.690000000001,1838.633999999999,1969.9830473039988,762,0,0.2924185910007353,-0.5079666451556014,0.5079666451556014,0.2924185910007353,0.4857142857142857,0.9071428571428573,1.3642857142857143,35.49569779086834,9.99703118073834,2.393973285252166,-2.290467849407081,2.250231702060435,-2.61693391482237,6.309048050160497,-0.1366572650273741,1.5396619331298644,1.3457284451914326,5253.625455167757,103.407168984726,79.49674623751164,80.2526751835301,66.41115961624556,45.797193735498055,46.17515820850728,34.558554850166736,34.99499063063872,21.88989063696736,22.1249877397551,14.52205082484831,14.694153848801175,-14.899999999999997,6.944605387149696e+41,113.8272594072673,57.977630448381305,39.66510059542221,813.4776018937474,133.04371123201943,84.00111361634332,11.91910913748767,88.6076959402726,11.731584227351432,0.0,87.53116215673222,0.0,0.0,14.99386983910109,94.40576092028638,179.5886437081809,86.4815556625497,25.50803216822232,96.76904008347137,128.93784962942536,10.818567211583044,110.2598511198045,34.770482000971526,236.2261843251004,39.89570512944075,142.94814916749883,0.0,17.186409941251373,112.7401505265501,0.0,11.49902366656781,11.600939890232516,265.44656191430164,91.18052262985536,22.654379303905827,165.66695927596126,115.41075688066664,5.022633313741326,16.590311206764618,0.0,746.6899999999999,223.2481156470139,63.26495402524033,28.76722310443093,132.71463362920295,44.05281082888084,4.796506222499014,58.34332098580891,100.49135362030184,0.0,112.04228058090398,50.091039964264354,5.19124278435962,6.43841295866485,231.46043515000636,101.94707873818932,24.76324631310073,-16.386902236707368,5.781902427589915,-2.773571181299099,13.527978235104571,1.4946212554355136,0.4891304347826087,140,30,47,0,0,0,16,4,2,6,13,0,26,26,48,2,61,0,0,0,0,0,47.1388198633327,6,-2.41785999999998,514.9778000000013,0,2,2,0,0,5,1,1,0,0,16,16,0,0,0,4,19,4,0,0,0,1,0,0,0,0,0,16,0,0,0,0,0,0,4,0,1,0,0,0,0,1,0,2,1,0,0,0,0,0,0,0,0,0,0,1,0,0,0,0,0,0,0,0,0,1,1,0,0,0,0,2,0,0,0,0,0,0,0,1,0,0,0,2,0,CHEMBL1689403,C=C(C)C(=O)NCCCC[C@H](NC(=O)[C@H](Cc1ccccc1)NC(=O)[C@@H](NC(=O)[C@H](CC(C)C)NC(C)=O)[C@@H](C)O)C(=O)N[C@@H](CCCNC(=N)N)C(=O)N[C@@H](Cc1ccc(O)cc1)C(=O)N[C@@H](Cc1c[nH]c2cc(Cl)ccc12)C(=O)N[C@@H](CCCNC(=N)N)C(=O)N[C@@H](CCC(N)=O)C(=O)N[C@@H](CC(C)C)C(=O)N[C@@H](CCCCNC(=O)c1nnn(-c2ccc(OC)cc2)n1)C(=O)N[C@@H](CO)C(N)=O,14.0,1.146128035678238,CHEMBL5023,p53-binding protein Mdm-2,1,Large-Polar-Aromatic-Flexible-Hydrophilic
12.962516019505642,12.962516019505642,0.089199693382421,-0.1665806802391396,0.3939667093353481,15.085714285714284,498.5610000000004,472.3530000000003,498.1573055519999,184,0,0.2891676487898932,-0.4591971012193316,0.4591971012193316,0.2891676487898932,1.0,1.7428571428571429,2.4857142857142858,32.09200017130695,10.135772091729402,2.253799052052368,-2.340038805373542,2.339104089181645,-2.5007506907554475,7.709932893384812,-0.1323346891544999,3.5607545447415263,1.085147501049773,1354.8268095981598,24.36323207281991,19.15719797756052,19.973694558488248,17.008040390846983,11.681083297526774,12.089331587990635,8.598945318396636,8.98564364946362,6.398967144337348,6.721415754744421,4.441792168987092,4.725947209395241,-3.6,152039618.56559137,23.156359922116888,9.945852321761114,4.80965405770151,205.57150598231888,28.674674827301608,0.0,22.03033685603241,12.700122035451331,11.466446624403511,0.0,18.95071120000682,0.0,0.0,0.0,6.4208216229260096,43.258617894283546,45.21097072095049,17.166087927720113,23.479951212797086,34.935157833830765,0.0,19.35089763043952,0.0,32.22804289761661,32.97196792975013,51.413748538073925,0.0,11.49902366656781,15.032992802652103,0.0,11.49902366656781,12.217873443046695,64.13722501889265,11.339293589984395,4.771065770590158,36.2380710946503,39.740319390610665,0.0,10.902924932081056,0.0,110.01,0.0,14.383611552215466,0.0,24.16656865985485,72.07786544060235,19.26246486877803,6.263162995639057,38.63238738333875,0.0,4.983978520947208,26.10875028770014,17.832171525073438,5.394448587815543,44.51673677032427,0.5024990962995963,0.45569155494496,1.4113054372147171,6.750848790887856,4.1656959362589685,2.637268967847323,0.0,0.4166666666666667,35,1,10,0,2,2,2,1,2,3,0,0,8,1,11,4,7,0,1,1,0,0,6.580278174140636,5,2.925790000000001,129.17520000000005,0,0,0,0,0,2,1,0,0,0,2,2,0,0,0,3,1,0,0,0,0,1,0,0,0,0,0,2,0,0,0,0,0,0,1,0,2,0,0,0,0,2,1,0,0,0,0,0,0,0,0,0,0,0,0,0,0,0,0,0,0,0,0,0,0,0,0,0,0,0,1,0,0,0,0,0,0,0,0,0,0,0,0,2,0,CHEMBL1544051,O=C(CCCCCn1c(=S)[nH]c2cc3c(cc2c1=O)OCO3)N1CCN(C(=O)c2ccco2)CC1,3677.0,3.5654936298688624,CHEMBL4374,Photoreceptor-specific nuclear receptor,0,Large-Polar-Aromatic-Flexible-Hydrophilic
13.39399814037771,13.39399814037771,0.0910828894173689,-1.0163459193055944,0.1445928906058353,16.708333333333332,666.8240000000001,616.4240000000001,666.3853313200001,262,0,0.2431240963442728,-0.350903295282632,0.350903295282632,0.2431240963442728,0.9375,1.6666666666666667,2.3125,16.17288456553157,9.972471968893794,2.367626700736646,-2.2850576811527605,2.1873227912971185,-2.5634554041585185,5.95142324812407,-0.1398941702290742,3.768332583735946,1.538581474153452,1383.168837664531,35.21660322394842,28.506324682740612,28.506324682740612,22.887156906157266,16.656173657567276,16.656173657567276,12.75116912114782,12.75116912114782,8.357940750673588,8.357940750673588,5.426066115076962,5.426066115076962,-4.75,26192394923.79747,37.705297457342574,18.552220931920452,11.494127922601452,281.51330462241395,36.46783127182934,24.16736331659184,0.0,35.443078376109035,0.0,0.0,28.76722310443093,4.983978520947208,0.0,0.0,64.44760576399656,37.164644029562425,32.127999629290244,18.566004475525578,28.76722310443093,35.443078376109035,0.0,41.45180979277655,11.835812092322788,97.43491383558758,13.08951281182515,54.11337847523112,0.0,0.0,26.583943020031658,0.0,0.0,0.0,87.56782127727092,41.73280113326951,11.835812092322788,71.5593519767026,42.85599898868567,0.0,0.0,0.0,194.49,47.79608223399786,28.76722310443093,0.0,43.03657120279039,38.04590567545164,5.563451491696996,18.150967005305645,6.196843571613076,58.02678414107054,36.55190006192607,0.0,0.0,0.0,86.45095605550301,13.643875950445844,1.5009167015790983,-2.689308847993569,5.936743933269922,5.124422005812425,9.365727534716582,0.0,0.5588235294117647,48,6,14,0,1,1,6,1,1,2,5,0,7,6,14,2,17,0,1,1,0,0,14.57327101525829,3,0.9423000000000076,178.70119999999957,0,0,0,0,0,2,1,0,0,0,6,6,0,0,0,2,6,0,0,0,1,1,0,0,0,0,0,6,0,0,0,0,0,0,1,0,0,0,0,0,0,0,0,0,0,0,0,1,0,0,0,0,0,0,0,0,0,0,0,0,0,0,0,0,0,0,0,0,0,0,0,0,0,0,0,0,0,0,0,0,0,0,0,0,0,CHEMBL540193,CC[C@H](C)[C@H](NC(=O)[C@H]1CCCN1C(=O)CNC(=O)[C@H](C)NC(=O)[C@H](Cc1c[nH]cn1)NC(=O)CC(C)C)C(=O)NCc1ccccc1,6000.0,3.7781512503836434,CHEMBL1949,Cyclophilin A,4,Large-Polar-Aromatic-Flexible-Hydrophilic
14.79659653939121,14.79659653939121,0.0215074123159473,-1.4898050024576814,0.0146523783943367,17.551020408163264,1371.5700000000006,1276.8179999999993,1370.7207523079996,536,0,0.245675541410993,-0.3936790815918555,0.3936790815918555,0.245675541410993,0.5306122448979592,0.9897959183673468,1.530612244897959,16.27166897776529,10.019095032460092,2.418560430836137,-2.306642329885491,2.231235912913138,-2.6014001616548232,6.000666118248458,-0.1428829303646245,1.6683077341747858,1.2757667340240395,3369.2586923172735,72.499966837536,55.71379087475848,55.71379087475848,46.39588017235115,32.348406231481164,32.348406231481164,24.32873833753406,24.32873833753406,16.490825803736872,16.490825803736872,11.221472245854182,11.221472245854182,-10.449999999999996,3.36925393217456e+23,78.2480633611141,37.74263918790231,23.433292473552747,565.4464660149175,105.99931845189212,72.50208994977551,11.91910913748767,76.79333648156958,0.0,0.0,73.14755060451674,0.0,0.0,0.0,48.53093654769288,103.1785290337168,63.044174572887066,12.71084835226122,72.5420381826151,99.61537055113834,10.818567211583044,78.58526123072414,17.201002431486554,184.35669576492768,32.78590758816322,71.92105017116157,0.0,0.0,81.00246567956255,0.0,0.0,0.0,225.10126231707383,75.17062663878572,10.818567211583044,104.03589916494582,60.79414718776757,0.0,10.902924932081056,0.0,554.7599999999999,162.0062747836063,72.5420381826151,0.0,89.46470774454606,34.871471161327065,6.923737199690624,44.41850546015408,60.79414718776757,0.0,68.7854417690232,28.0195696430696,0.0,0.0,182.99411113883383,66.15547358383843,18.11831725500585,-11.055711149219198,0.0254416438751849,1.353085432641796,7.409282095024099,0.0,0.5396825396825397,98,23,35,0,2,2,13,2,1,3,13,0,17,20,35,3,36,0,2,2,0,0,30.135596148884165,5,-5.732460000000009,355.5583000000006,0,2,2,0,0,1,1,0,0,0,13,13,0,0,0,2,15,3,0,0,2,1,0,0,0,0,0,13,0,0,0,0,0,0,2,0,1,0,0,0,0,0,0,2,0,0,0,0,0,0,0,0,0,0,0,0,0,0,0,0,0,0,0,0,1,0,0,0,0,0,0,1,0,0,0,0,0,0,0,0,0,0,0,0,0,CHEMBL4791680,CC(=O)N[C@@H](CO)C(=O)N[C@@H](C)C(=O)N[C@@H](CCCNC(=N)N)C(=O)N[C@@H](Cc1c[nH]c2ccccc12)C(=O)N[C@@H](C)C(=O)N[C@@H](Cc1ccccc1)C(=O)N1CCC[C@H]1C(=O)N[C@@H](C)C(=O)N[C@@H](C)C(=O)N1CCC[C@H]1C(=O)N[C@@H](CCCNC(=N)N)C(=O)N[C@H](C(N)=O)[C@@H](C)O,1700.0,3.230448921378274,CHEMBL2093861,Menin/Histone-lysine N-methyltransferase MLL,1,Large-Polar-Aromatic-Flexible-Hydrophilic
12.86505504940889,12.86505504940889,0.0308283337464574,-4.234699526761034,0.777694667234201,26.225806451612904,451.5180000000002,427.3260000000001,451.165366048,166,0,0.3933283894807132,-0.3552580539424131,0.3933283894807132,0.3552580539424131,1.1935483870967742,2.0,2.7096774193548385,32.13353937052634,9.783183803160554,2.542210041320524,-2.484357392221232,2.5220864577766884,-2.619588910045561,7.182478395736278,-0.1438222721318173,3.035370336081322,1.1345360236337152,1043.2999716920824,21.43251065250177,17.042363001389592,17.85885958231732,14.733225227225974,10.80709130514035,11.623587886068078,9.924236281249318,11.039436152538563,7.451963246796961,8.495012265473447,5.59267039630508,6.613642330953108,-1.9400000000000004,10555172.5237265,19.723394258827547,6.537881796541062,3.47431406128655,181.37119181820617,15.116608065707286,16.975579272220138,0.0,5.907179729351506,0.0,6.176298517443475,4.794537184071822,9.967957041894415,13.17124514302446,11.336785877934735,0.0,37.164644029562425,43.01591969266095,17.848886666538768,17.96578232709628,33.27844901920663,0.0,20.184655376751223,10.829980938793556,44.32224746122149,37.62369176041335,17.27083433692745,0.0,0.0,10.216698334856808,18.98910792085949,0.0,11.336785877934735,65.71696787825071,11.21535880699783,10.829980938793556,30.560433685405336,12.393687143226153,0.0,10.216620634085364,0.0,61.36000000000001,12.597120140369483,17.96578232709628,0.0,22.241158221597544,21.449473881317168,56.902211153349626,19.16896332061656,6.06636706846161,4.899909730850477,20.184655376751223,0.0,38.42926481297517,1.0823939114832246,26.448233873129947,4.108231642502129,0.4628522423096468,0.9410781514743528,1.5563714748788702,0.6749388765385937,4.046635014708061,0.0,0.6666666666666666,31,1,6,1,3,4,1,0,2,2,1,0,6,1,10,5,3,1,3,4,2,0,4.159652267444875,6,2.9769000000000014,111.09170000000006,0,0,0,0,0,2,0,0,0,0,1,1,0,0,0,4,1,0,0,0,1,0,0,0,0,3,0,1,0,1,0,0,0,0,0,0,1,0,0,0,0,0,0,0,3,0,0,0,0,0,0,0,0,0,0,0,0,0,0,0,0,0,0,0,0,0,0,0,0,0,0,0,0,0,0,0,0,0,0,0,0,0,1,0,0,CHEMBL4217680,O=C([C@@H]1CC2(CC2)CN1)N1CC2(CCN(c3ncnc4sc(CC(F)(F)F)cc34)C2)C1,92.0,1.9637878273455551,CHEMBL2093861,Menin/Histone-lysine N-methyltransferase MLL,4,Large-Polar-Aromatic-Flexible-Hydrophilic
15.5320783952954,15.5320783952954,0.1047844877101769,-1.6888038488163482,0.0217303279124596,19.59090909090909,1864.2799999999995,1737.2719999999988,1862.9112725719988,714,0,0.2454291178963408,-0.5079666451556014,0.5079666451556014,0.2454291178963408,0.553030303030303,1.1515151515151516,1.75,32.167723742557975,10.004936667999925,2.3930267305261173,-2.287435772464568,2.2461496895522015,-2.620998780340996,7.983479338539264,-0.1363755983322166,1.6387424292369468,1.1505293819458935,4938.062028810943,95.76305832589716,75.28826390492091,76.92125706677635,63.24868069835014,44.23431879789865,46.54371987465715,33.25251110959143,35.313024626375444,21.52123492310879,23.65908662411084,14.212771412079,16.14909202454726,-12.410000000000007,1.918355913957675e+39,104.9523589215422,54.41760745179047,35.03734289967887,774.4545598039717,116.50670324083588,78.25160178305941,0.0,82.7005162109211,0.0,0.0,77.09147761889993,4.983978520947208,23.52376989878223,0.0,100.49135362030184,143.95418807622204,121.09514634399622,30.426024416722683,82.44310276152764,117.1272110417844,0.0,104.671721664831,23.303147046647155,209.20696180103792,57.38112761348194,168.0150729847006,0.0,16.876414816677897,91.21916401441936,0.0,5.749511833283905,23.52376989878223,258.92717495118495,104.31251428220315,11.835812092322788,127.1840502179528,134.24293452506424,0.0,22.02982791547505,0.0,602.4099999999999,186.6730038049712,58.47041684116851,23.97268592035911,73.32769682697509,75.31230080986256,50.65861903590687,69.32272846868705,111.30077700422142,13.847474399381248,99.6877431438838,16.45131347527158,0.0,2.3216424190163405,222.00391496234076,74.29456063095978,15.856606275258248,-13.583351527598484,9.914696130811846,7.388347980954056,13.636916461590811,0.0,0.4835164835164835,132,24,39,0,3,3,14,3,4,7,13,4,25,22,41,7,38,0,0,0,0,0,43.26709294645381,10,-0.4830000000000315,498.31910000000136,0,2,2,0,0,5,2,1,0,0,14,14,0,0,0,3,17,2,0,0,0,2,0,0,0,0,0,14,0,0,0,0,0,0,3,0,3,0,0,0,0,0,0,0,0,0,0,1,0,0,0,0,0,0,0,0,0,0,0,0,0,0,0,0,1,1,1,0,0,0,0,1,0,2,0,2,0,0,0,0,0,0,0,1,0,CHEMBL1933133,CC(=O)N[C@@H](CC(C)C)C(=O)N[C@H](C(=O)N[C@@H](Cc1ccccc1)C(=O)N[C@@H]1CSCc2ccc(cn2)-c2ccc(nc2)CSC[C@@H](C(=O)N[C@@H](CO)C(=O)NCCCNCCCCNCCCN)NC(=O)[C@H](C(C)C)NC(=O)[C@H](CCC(N)=O)NC(=O)[C@H](C)NC(=O)[C@H](Cc2c[nH]c3ccccc23)NC(=O)[C@H](Cc2ccc(O)cc2)NC(=O)[C@H](Cc2cnc[nH]2)NC1=O)[C@@H](C)O,18.0,1.255272505103306,CHEMBL1907611,Tumour suppressor p53/oncoprotein Mdm2,1,Large-Polar-Aromatic-Flexible-Hydrophilic
13.557211281940372,13.557211281940372,0.0098128562570367,-4.4659867886605555,0.2749873231611207,11.390243902439025,608.6470000000003,580.4230000000002,608.113451716,220,0,0.3238809352686018,-0.4967671120136989,0.4967671120136989,0.3238809352686018,0.7073170731707317,1.146341463414634,1.5609756097560976,32.23486241983005,10.217604819787695,2.3208980562110337,-2.273695166417121,2.3745792769139693,-2.368589186270443,7.928053783051364,-0.1357547757362514,2.943922424914265,2.170844426458502,1606.0671448950584,30.371668241257183,22.251758881747858,23.884752043603307,19.342139477510795,11.887720337693946,14.767846995295226,8.246936045858735,11.971556597917855,5.652506148975684,9.21454082582228,3.7453310528636936,6.576016541788636,-4.5,587634989.2571312,31.033310844999157,12.78,6.989145212929257,236.75849496503503,24.42364365108156,30.338048311676864,0.0,0.0,20.046582306815168,11.938610575903695,18.199506350736108,16.835593968657875,0.0,0.0,0.0,67.58740788430673,6.06636706846161,41.99221654747066,50.84831198788307,43.359965432085986,0.0,0.0,0.0,16.714704150726174,42.5264218414856,66.73003775307771,0.0,17.248535499851716,22.821020843992613,11.374772549367124,17.248535499851716,0.0,72.9032491931361,29.63565667495881,0.0,6.923737199690624,76.52100470411327,0.0,0.0,0.0,177.04999999999995,45.074705694544015,36.637723126482925,0.0,33.52213329819949,20.109455649160275,12.13273413692322,68.81689869870955,6.923737199690624,0.0,0.0,14.210588861400147,71.00687182427198,0.0,22.954751853413747,19.0450486143405,-0.362521315765363,-2.3578143978796415,14.028347650678413,0.0,-0.3866884305303688,-6.094662465195938,0.2307692307692307,41,2,13,0,0,0,0,3,0,3,0,0,9,2,15,0,14,0,0,0,0,0,9.67331006339242,3,2.662300000000001,147.9341999999998,2,0,0,0,0,0,0,0,2,2,2,0,0,0,0,2,0,0,0,0,0,0,0,0,0,0,0,0,0,2,0,0,0,0,3,0,0,0,0,0,0,3,0,0,0,0,0,0,0,0,0,0,0,0,0,2,0,0,0,0,0,0,0,0,0,0,0,0,0,0,0,0,0,0,0,0,2,0,0,0,0,0,0,0,0,CHEMBL5203566,CCOc1cc(N(CC(=O)O)S(=O)(=O)c2ccc(OC)cc2)ccc1N(CC(=O)O)S(=O)(=O)c1ccc(OC)cc1,815.0,2.9111576087399764,CHEMBL3038498,Keap1/Nrf2,2,Large-Polar-Aromatic-Flexible-Hydrophilic
13.297396939536744,13.297396939536744,0.275274470031865,-4.527674241419437,0.2840637425441883,11.435897435897436,580.5930000000003,556.4010000000002,580.0821515879999,208,0,0.3238809340089025,-0.5056629544342989,0.5056629544342989,0.3238809340089025,0.6923076923076923,1.1025641025641026,1.4871794871794872,32.23486209935508,10.222290125975167,2.3158894793743663,-2.2617897635368904,2.364628199920738,-2.3657939318961634,7.928045674586023,-0.1357545822043657,2.8992030186220608,2.0925348692079084,1571.2524534065792,28.95745467888409,20.5836174055974,22.216610567452857,18.304134675050012,10.911421074430637,13.791547732031916,7.8349129849013615,11.55953353696048,5.368271232913298,8.930305909759895,3.4880891510123138,6.322331669358648,-4.499999999999999,214412809.02373695,29.061831488084067,11.48750101452804,6.3239714625445895,223.7092992589309,24.793308092122217,30.338048311676864,0.0,0.0,20.046582306815168,11.938610575903695,18.199506350736108,16.835593968657875,0.0,0.0,0.0,60.6636706846161,6.06636706846161,35.38533458295774,51.21797642892372,43.359965432085986,0.0,0.0,0.0,9.79096695103555,35.919539876972685,66.73003775307771,0.0,17.248535499851716,18.084157890192564,11.374772549367124,17.248535499851716,0.0,71.4028946234639,29.63565667495881,0.0,0.0,76.52100470411328,0.0,0.0,0.0,188.05,56.51160380251148,41.74425052132363,0.0,15.478353225719111,20.109455649160275,18.19910120538483,62.75053163024794,0.0,0.0,0.0,9.473725907600098,64.09728523159383,0.0,22.481954995473043,29.489909807874135,-0.7910398342838818,-3.1514850421270344,13.058845414598792,0.0,-2.110721652394597,-6.241415587400952,0.1666666666666666,39,3,13,0,0,0,0,3,0,3,0,0,9,3,15,0,12,0,0,0,0,0,8.560200479574581,3,1.9691999999999992,138.42999999999992,2,0,0,0,0,0,0,1,2,2,2,0,0,0,0,2,0,0,0,0,0,0,0,0,0,0,0,0,0,2,0,0,0,0,3,0,0,0,0,0,0,2,0,0,0,0,0,0,0,0,0,0,0,0,0,2,0,0,0,0,0,0,0,0,0,1,1,0,0,0,0,0,0,0,0,0,2,0,0,0,0,0,0,0,0,CHEMBL5189014,COc1ccc(S(=O)(=O)N(CC(=O)O)c2ccc(N(CC(=O)O)S(=O)(=O)c3ccc(OC)cc3)c(O)c2)cc1,1110.0,3.0453229787866576,CHEMBL3038498,Keap1/Nrf2,2,Large-Polar-Aromatic-Flexible-Hydrophilic
15.7232863418072,15.7232863418072,0.0089388150883389,-1.8368300832902775,0.0148553778514417,24.064285714285713,2019.9020000000016,1874.7499999999989,2018.0037083079987,776,0,0.3029356715703366,-0.4812292624533588,0.4812292624533588,0.3029356715703366,0.55,1.1,1.707142857142857,35.49569870843083,10.002143871533752,2.47501580724717,-2.3337121428110796,2.3030565742595286,-2.6110673859141724,8.762960195950011,-0.1479291165503016,1.6470647585877216,1.3437924830762298,4624.914048174442,102.98451925391564,80.85840610134721,83.24732820922111,66.67750613307783,48.4528556753838,51.31885402010561,36.84370150838224,39.90733699581554,25.014187186161305,27.695984269963052,17.472177710309793,19.94100900333958,-11.490000000000004,2.4530629847793487e+43,115.48252463683336,58.66643701526754,36.23754615655995,828.4088076318677,127.18240407782072,102.7112940955153,5.959554568743835,106.32923512832714,0.0,5.969305287951848,96.50549010315618,0.0,0.0,0.0,123.1136345665424,183.52513168267603,75.43832462526643,6.606881964512918,101.30926128704608,151.44683082802877,5.409283605791522,94.03467937949056,34.770482000971526,311.69799506649997,63.92588401939451,70.74683991328982,0.0,0.0,97.3697103647374,0.0,0.0,33.18873584300596,314.707966813016,103.93784974321667,17.24509569811431,207.27196070852665,54.59730361615449,5.022633313741326,0.0,0.0,674.1,251.58575836704657,67.74750099854327,33.561760288502754,165.74274935161836,56.07265434387607,21.587795952773444,33.44711332278316,82.292252414917,6.923737199690624,74.43504045608864,39.94489340467278,0.0,6.544870841083645,281.4219685438814,66.31900532618796,24.076551914565343,-18.248426180491116,-9.661322655554596,1.7906001151693476,10.76909098721806,1.9321055523843729,0.6559139784946236,140,25,44,0,5,5,18,2,0,2,17,0,25,21,47,5,39,0,5,5,0,0,48.39248755693475,7,-2.0275299999999827,522.1517000000014,1,1,1,0,0,0,0,0,1,1,19,18,0,0,0,4,15,4,0,0,3,0,0,0,0,0,0,18,0,0,0,0,0,0,2,0,1,0,0,0,0,0,0,1,1,0,0,0,0,0,0,0,0,0,0,0,0,0,0,0,0,0,0,0,0,0,0,0,0,0,0,1,0,0,0,0,0,0,0,0,0,0,0,3,0,CHEMBL3335461,CCCC[C@@H]1NC(=O)[C@H](CCCCN)NC(=O)[C@H](CCCNC(=N)N)NC(=O)[C@H](CC(C)C)NC(=O)[C@@H](NC(=O)[C@H](Cc2cccc(Cl)c2)NC(=O)[C@@H]2CCCN2C(=O)[C@@H](NC(C)=O)C(C)C)CCSSC[C@@H](C(=O)N[C@@H](CCCCN)C(=O)N2CCC[C@H]2C(=O)N2CCC[C@H]2C(=O)N[C@@H](CCC(=O)O)C(N)=O)NC(=O)[C@H](Cc2ccccc2)NC(=O)[C@H](CO)NC(=O)[C@H](C)NC(=O)[C@@H]2CCCN2C1=O,25.0,1.3979400086720375,CHEMBL3430909,Transcriptional coactivator YAP1/Transcriptional enhancer factor TEF-1,1,Large-Polar-Aromatic-Flexible-Hydrophilic
11.765232102588186,11.765232102588186,0.0448042819186604,-3.693899868611288,0.4444941367990955,17.515151515151516,488.6350000000001,460.4110000000003,488.1551973760001,176,0,0.2375497286604683,-0.493548990225836,0.493548990225836,0.2375497286604683,1.121212121212121,1.878787878787879,2.484848484848485,32.23313381198178,9.780113963852036,2.4420560052981237,-2.397706770109461,2.4137969617175363,-2.445682301706051,7.887611892872333,-0.0179690567558139,3.376559677068471,1.278648126547013,1117.037679069119,23.313344020055247,18.208046532900493,19.841039694755946,15.870176604873336,10.89023428370635,13.316206572882807,8.15295975223219,10.608948928138188,6.031840227989046,7.858740285385504,4.271282026826297,5.609960897005863,-2.369999999999999,38392942.20204901,23.77697302836159,10.269890389220684,5.586882978659556,197.6721778813038,14.743300079491233,10.75713553013667,5.601050810983688,10.023291153407584,0.0,0.0,4.983978520947208,18.54074924288409,0.0,11.336785877934735,6.06636706846161,68.75018009137284,30.236412365766036,17.196293434879156,18.26118733296969,21.36007703134232,0.0,14.867866772744891,11.056879783769336,29.758999155279493,26.241151182250643,70.93987108462458,0.0,5.749511833283905,9.87583669140799,0.0,5.749511833283905,11.336785877934735,54.63334233416517,15.624341964391272,5.917906046161393,29.964016560479255,65.13380286844111,0.0,0.0,0.0,118.64,15.624341964391272,13.524324379169643,0.0,10.813389521679168,23.05794548949805,38.89673408651576,23.469520014857956,24.52642128014937,23.579163975850747,14.867866772744891,9.87583669140799,28.37234821920283,1.464475875124302,11.330876421771164,19.46284163982731,-0.5198048930119636,0.6605276638783755,11.745939321649782,5.986841719185311,3.1898539009841764,-3.693899868611288,0.391304347826087,33,3,8,0,1,1,0,1,2,3,1,0,8,2,10,3,9,0,1,1,0,1,7.399603236022123,4,2.6025,126.44100000000005,0,1,0,0,0,2,0,0,0,0,0,0,0,0,0,3,0,1,0,0,1,0,0,0,0,0,0,0,0,0,0,0,0,0,1,0,0,0,0,0,0,1,0,0,0,0,0,0,0,0,0,0,0,0,0,0,0,0,0,0,0,0,0,0,0,0,0,0,0,1,0,0,0,1,0,0,1,0,0,0,1,0,0,0,0,CHEMBL3586088,NS(=O)(=O)c1ccc(OCCCN2CCC(C(O)(c3ccccn3)c3nccs3)CC2)cc1,246.0,2.3909351071033793,CHEMBL2093861,Menin/Histone-lysine N-methyltransferase MLL,3,Large-Polar-Aromatic-Flexible-Hydrophilic
14.693248299955922,14.693248299955922,0.0093197044351005,-4.76677109451294,0.0934246198357677,22.730337078651687,1229.332,1157.7639999999994,1228.5429691319998,470,0,0.415919489729581,-0.3678769813202221,0.415919489729581,0.3678769813202221,0.651685393258427,1.2808988764044944,1.9775280898876404,19.413237972348107,9.933188058938793,2.4294597408853216,-2.268395550965385,2.302320587340317,-2.586621803628485,5.996626815453147,-0.1374613893871198,2.5223660992856685,1.1160120771660762,3560.2485870263104,64.1047793231506,49.267050081223424,49.267050081223424,42.395017200443526,29.052298228136625,29.052298228136625,22.85639865666372,22.85639865666372,15.520750368589146,15.520750368589146,10.701174702616091,10.701174702616091,-9.950000000000005,7.036399029446281e+19,65.03481957674298,29.163019851808865,17.404032509992202,509.3527585305376,58.15186456101053,42.795801380800334,0.0,53.16461756416355,5.907179729351506,6.176298517443475,47.94537184071822,4.681802935145184,13.17124514302446,5.098681808301038,117.83747285287996,59.21245646418622,73.67470369968134,23.720041938619428,61.116616983742674,69.97472222559611,0.0,67.41206692294944,23.48738561564636,114.8129976407843,19.634269217737724,155.0994798288686,0.0,0.0,48.26797630921284,13.17124514302446,0.0,0.0,145.8767104061873,81.5551760717065,17.75371813848418,72.42149305909376,121.58829437553518,0.0,10.902924932081056,0.0,342.69999999999993,150.36848567992658,61.116616983742674,0.0,55.59363028177164,11.126902983393991,33.78382907261107,29.295854507848382,88.48909598653007,18.19910120538483,57.83035425695377,5.733667477162185,43.17120486421854,0.0,145.72288391831432,30.350402675509223,7.062470186520086,-10.19688651195272,18.61449016584528,-3.019088782759857,4.877856817638486,0.0,0.3870967741935484,89,11,24,0,2,2,10,4,2,6,8,4,13,10,27,4,10,0,1,1,0,0,21.310244206464755,8,1.5318000000000145,316.8702000000004,0,0,0,0,0,4,1,0,0,0,10,10,0,0,0,4,9,1,0,0,1,1,0,0,0,3,0,10,0,0,0,0,0,0,4,0,5,0,0,0,0,0,0,0,3,0,0,0,0,0,0,0,0,0,0,0,0,0,0,0,0,0,0,0,1,0,0,0,0,0,0,1,0,0,0,0,0,0,0,0,0,0,0,0,0,CHEMBL5395151,CC(C)[C@@H]1NC(=O)Cn2cc(nn2)C[C@@H](C(N)=O)NC(=O)[C@@H]2C[C@@H](CN2C(=O)c2ccccc2)NC(=O)[C@H](Cc2cccc(C(F)(F)F)c2)NC(=O)[C@@H](C(C)C)CNC(=O)CNC(=O)[C@H](Cc2ccccc2)NC(=O)[C@H](Cc2c[nH]c3ccccc23)NC1=O,43.0,1.6334684555795864,CHEMBL1255126,Protein Mdm4,1,Large-Polar-Aromatic-Flexible-Hydrophilic
12.33144311358101,12.33144311358101,0.0,-5.161113939288091,0.1285861168984322,11.948717948717947,580.6600000000003,551.4280000000003,580.1313875480001,202,0,1.0,-0.7440352675828643,1.0,0.7440352675828643,0.7948717948717948,1.435897435897436,2.0,,,,,,,,,2.869142923494405,4.2024932710571085e-06,1771.8691682803371,27.82769816688717,22.59324135262751,26.226234514482957,17.920913288952015,12.321149980378983,15.13764656130671,8.748781010580698,11.476508517926897,6.726589999192649,8.43431362967428,4.800162177670457,6.0824034189059955,-2.249999999999999,179836593.06859958,31.279947970863685,12.092325939671923,6.245087655397828,250.46643396812976,18.42256041528455,44.66903409040894,0.0,5.3572304483063045,0.0,29.557286032607937,0.0,21.41111982813769,0.0,0.0,6.06636706846161,58.026784141070536,52.98621191298771,15.85733401949716,59.91553068569988,36.892884348857706,0.0,4.575525859479815,0.0,37.485915749798046,31.07893535450078,59.954534064460795,0.0,22.45060189396543,44.38995207124453,5.687386274683562,0.0,0.0,52.1201193396889,20.236253718067108,0.0,27.694948798762496,68.80542150424338,0.0,33.41984625007247,0.0,133.79,30.027220669102658,25.9410937160386,0.0,35.12073752430493,33.92276182683708,43.29000941510177,6.06636706846161,12.13273413692322,51.960417072608934,9.475435590330292,4.417150937053347,80.34362125352575,0.0,0.5495052481889608,1.4375365492909236,2.2805559522681653,0.4614507353867476,13.907193063953976,0.0,11.175732245358317,-10.155595047972842,0.2962962962962963,39,0,9,1,1,2,0,2,0,2,0,0,8,0,12,1,8,0,0,0,0,0,9.698649390760592,4,0.6750000000000012,144.11039999999983,0,0,0,0,0,0,0,0,0,0,0,0,0,0,0,2,0,0,0,0,0,0,0,0,0,0,0,0,0,1,0,0,0,0,3,0,2,0,0,0,0,0,0,0,0,0,0,0,0,0,0,0,0,0,0,0,0,0,0,0,0,0,0,0,0,0,0,0,0,0,0,0,0,0,0,0,0,0,0,0,0,0,0,0,0,CHEMBL1306565,CCN(CC)c1ccc2c(-c3ccc(S(=O)(=O)[O-])cc3S(=O)(=O)[O-])c3ccc(=[N+](CC)CC)cc-3oc2c1.[Na+],1025.0,3.010723865391773,CHEMBL2096976,Peroxisome proliferator-activated receptor gamma/Nuclear receptor corepressor 2,4,Large-Polar-Aromatic-Flexible-Hydrophilic
13.316616654199176,13.316616654199176,0.0125738612070689,-3.718525788401781,0.6402820593961079,18.516129032258064,448.5890000000003,416.3330000000002,448.214426504,170,0,0.2440247877873962,-0.4908334378897397,0.4908334378897397,0.2440247877873962,1.2258064516129032,1.967741935483871,2.6451612903225805,32.23327305786627,10.042690809500137,2.269326832229583,-2.2674614341662984,2.336597494865772,-2.4445806483048877,7.892442507139021,0.1890756203177232,3.377777514641218,1.5935176235772257,973.434993545108,21.846724214874857,18.316137531943212,19.132634112870935,14.937490172930891,11.093681698913093,12.576844946507489,8.403455734777495,10.085857976187013,6.106958194500858,7.648658300700938,4.43396177025105,5.909406333155985,-1.94,14442376.830461515,22.260960924405225,9.684905421745013,5.2828202477952715,183.92029521579255,14.576746494779728,23.01212469218904,0.0,10.023291153407584,0.0,0.0,4.899909730850477,13.139891848781026,0.0,0.0,24.064673571439076,44.38530327385348,44.32907435040783,5.693927994848461,17.677754875102334,10.023291153407584,0.0,20.09545645643434,0.0,50.46808519575103,39.33066399407579,29.653276619107732,0.0,16.876414816677897,14.775746422258468,0.0,5.749511833283905,0.0,63.846874795528606,10.023291153407584,13.847474399381248,37.137461905426946,27.61767961787595,0.0,11.126902983393991,0.0,96.70000000000002,10.023291153407584,8.417796984328938,0.0,10.937324304665736,18.116641216671265,75.22789949950938,0.0,12.13273413692322,19.913841467842857,20.09545645643434,9.259957890773396,40.81255351461606,0.0,2.497102576172291,7.341307112904579,2.318667897522654,1.0491832963921297,5.300342490518807,3.865728598355555,8.783640301919696,-3.718525788401781,0.5909090909090909,31,2,8,1,1,2,0,1,1,2,0,0,7,2,9,2,8,1,1,2,0,0,6.954687133871808,4,2.4633399999999996,118.79520000000008,0,0,0,0,0,1,0,0,0,0,0,0,0,0,0,2,2,0,0,0,0,0,0,0,0,0,0,0,0,0,2,0,0,0,1,0,0,0,0,0,0,1,0,0,0,0,0,0,0,0,0,0,0,0,0,0,0,0,0,0,0,0,0,0,0,0,0,0,0,0,1,0,0,0,0,0,1,0,0,0,0,0,0,0,0,CHEMBL2181717,Cc1noc(C)c1-c1ccc(OCCN2CCNCC2)c(S(=O)(=O)NC2CCCC2)c1,2200.0,3.342422680822206,CHEMBL1795186,Bromodomain-containing protein 3,0,Large-Polar-Aromatic-Flexible-Hydrophilic
14.14609344515154,14.14609344515154,0.0405907425974163,-4.545123929628054,0.165892020871897,11.53191489361702,684.7490000000003,652.4929999999999,684.1559852239999,248,0,0.3031791599166994,-0.4967671120136989,0.4967671120136989,0.3031791599166994,0.7021276595744681,1.148936170212766,1.5957446808510638,32.234863370152915,9.980615692922289,2.3361745987438596,-2.3040373321734844,2.4173337244598745,-2.4005174058662373,7.92841250010864,-0.1365626683664882,3.042076610719838,2.068575870423474,2033.407568386234,34.51793261119915,25.321053144192952,26.954046306048404,22.19798152516736,13.869455341205454,16.749581998806732,10.14978981389772,13.874410365956845,7.09329972272978,10.62709007473354,4.946915562856343,7.876280786535375,-5.349999999999999,12137268987.001629,34.52177988811824,13.964047947977962,7.389651028044377,270.73862612353315,26.047588256765177,24.58853647839296,0.0,11.814359458703011,20.046582306815168,5.969305287951848,22.99404353480793,16.835593968657875,0.0,0.0,24.26546827384644,66.5815767307775,17.193270051855603,35.38533458295774,45.79945882331413,59.97746803176674,0.0,0.0,11.46733495432437,22.63261019688757,35.919539876972685,84.42622338169795,0.0,11.49902366656781,29.551492844516936,11.374772549367124,11.49902366656781,0.0,67.03489400453364,40.85101548195664,0.0,11.984273114623004,88.65373884103651,0.0,10.772448428929591,0.0,216.7,57.34058148822118,36.32573291571404,0.0,43.922461043955266,11.49902366656781,8.610431982592466,80.94963283563278,12.13273413692322,0.0,0.0,20.94106086192447,68.17865231097025,0.0,35.95902458583089,9.85284355471972,10.912923654479322,-2.499685805824159,18.121374221604896,-0.8038544565085031,-1.6546199107720212,-6.233324821167063,0.1935483870967742,47,5,14,0,0,0,2,4,0,4,0,0,9,3,16,0,15,0,0,0,0,0,10.256676374621795,4,2.235400000000002,173.3451999999997,1,0,0,0,0,0,0,0,1,1,3,2,0,0,0,2,0,2,0,0,0,0,0,0,0,0,0,2,0,2,1,0,0,0,4,0,1,0,0,0,0,2,0,0,0,0,0,0,0,0,0,0,0,0,0,2,0,0,0,0,0,0,0,0,0,0,0,0,0,0,0,2,0,0,0,0,2,0,0,0,0,0,0,0,0,CHEMBL5413111,COc1ccc(S(=O)(=O)N(CC(N)=O)c2cc(CCC(=O)O)c(N(CC(N)=O)S(=O)(=O)c3ccc(OC)cc3)c3ccccc23)cc1,22.7,1.3560258571931227,CHEMBL3038498,Keap1/Nrf2,2,Large-Polar-Aromatic-Flexible-Hydrophilic
15.450188422990513,15.450188422990513,0.1021833301948131,-1.685541853093371,0.0315153127558698,20.445378151260503,1678.965,1575.1409999999992,1677.7220748359994,636,0,0.2454291178963408,-0.5079666451556014,0.5079666451556014,0.2454291178963408,0.5714285714285714,1.1680672268907564,1.7478991596638656,32.167721928812306,10.004941266300229,2.3895654352266944,-2.2872129105041137,2.2434456636871456,-2.6209419538458008,7.983461265992247,-0.1363658292298105,1.7249861199712229,1.1857812003477628,4673.605415436268,86.57067017047203,66.71719609305543,68.35018925491089,56.71067589588939,38.596978689063214,40.90637976582172,29.660963874277943,31.721477391061956,19.2038432712089,21.341694972210945,12.700176360306054,14.636496972774315,-12.290000000000006,6.426144314580571e+33,92.22314882614404,44.875219908183794,28.50740711909691,694.1555521091819,100.55633742881687,78.25160178305941,0.0,82.7005162109211,0.0,0.0,77.09147761889993,4.983978520947208,23.52376989878223,0.0,100.49135362030184,85.5471195549551,114.55038993808364,30.426024416722683,82.44310276152764,117.1272110417844,0.0,88.72135585281202,23.303147046647155,183.52367530933384,18.112589178006495,168.0150729847006,0.0,16.876414816677897,75.26879820240036,0.0,5.749511833283905,23.52376989878223,219.65863651570947,104.31251428220315,11.835812092322788,101.50076372624876,134.24293452506424,0.0,22.02982791547505,0.0,566.3199999999998,186.6730038049712,58.47041684116851,23.97268592035911,66.7829404210625,55.80196637511141,23.52376989878223,57.56084351929593,111.30077700422142,13.847474399381248,88.72135585281202,11.46733495432437,0.0,2.285226394825564,218.4341964282432,63.628644793781234,15.641672768317854,-14.073624828838383,9.726548373782403,4.047592561272038,9.643076841949409,0.0,0.419753086419753,119,21,36,0,3,3,14,3,4,7,13,4,22,19,38,7,26,0,0,0,0,0,34.77759734620485,10,-0.8122000000000245,441.24200000000104,0,2,2,0,0,5,2,1,0,0,14,14,0,0,0,3,14,2,0,0,0,2,0,0,0,0,0,14,0,0,0,0,0,0,3,0,3,0,0,0,0,0,0,0,0,0,0,1,0,0,0,0,0,0,0,0,0,0,0,0,0,0,0,0,1,1,1,0,0,0,0,2,0,2,0,2,0,0,0,0,0,0,0,0,0,CHEMBL1933127,CC(=O)N[C@@H](CC(C)C)C(=O)N[C@H](C(=O)N[C@@H](Cc1ccccc1)C(=O)N[C@H]1CSCc2ccc(cn2)-c2ccc(nc2)CSC[C@@H](C(=O)N[C@@H](CO)C(N)=O)NC(=O)[C@H](C(C)C)NC(=O)[C@H](CCC(N)=O)NC(=O)[C@H](C)NC(=O)[C@H](Cc2c[nH]c3ccccc23)NC(=O)[C@H](Cc2ccc(O)cc2)NC(=O)[C@H](Cc2cnc[nH]2)NC1=O)[C@@H](C)O,35.0,1.5440680443502757,CHEMBL1907611,Tumour suppressor p53/oncoprotein Mdm2,1,Large-Polar-Aromatic-Flexible-Hydrophilic
15.89272388642213,15.89272388642213,0.0107223229012889,-1.7278878448493182,0.0081978955925328,13.914285714285716,1946.2560000000017,1813.1999999999991,1945.022354003999,758,0,0.2924185910007353,-0.5079666451556014,0.5079666451556014,0.2924185910007353,0.4714285714285714,0.9,1.3714285714285714,16.465772694826757,9.996665261086475,2.394490758572085,-2.290082892681947,2.2257237369921934,-2.61835327553638,6.008712899531227,-0.136595213459535,1.6446335589221095,1.2622531153193224,5344.8424673598565,102.65824584028258,79.60534082673122,79.60534082673122,66.67910880867669,46.04847666532768,46.04847666532768,34.69021513670699,34.69021513670699,22.13481882273259,22.13481882273259,14.7652424975472,14.7652424975472,-15.449999999999996,5.772020440640388e+42,111.55151657813973,56.92124563464617,37.90719246478044,808.428941249041,132.29402227580445,84.00111361634332,11.91910913748767,82.7005162109211,11.731584227351432,0.0,82.7366249726604,4.983978520947208,0.0,14.99386983910109,94.9375551669771,167.10145501679332,93.34969391526992,31.835352242986858,91.97450289939952,111.42973000984136,10.818567211583044,120.2278081616989,29.03681452380934,229.80536270217436,39.89570512944075,162.2099745634452,0.0,17.186409941251373,107.00648304938792,0.0,11.49902366656781,0.0,269.5073392268446,92.80680706870956,22.65437930390583,158.51924402495771,134.0012875955059,0.0,16.590311206764618,0.0,732.28,192.16056500272305,53.67587965709669,33.561760288502754,157.16811091606482,39.03017751513951,4.796506222499014,64.67064106057346,98.90708986099528,13.847474399381248,122.0102376227984,32.75643259686965,5.251566624973897,0.0,227.43905213705492,102.37749738011996,19.38802951733607,-14.812449952848883,8.638389380672907,1.0695312626405284,13.822700785738563,1.4923495309787245,0.4731182795698925,140,29,47,0,0,0,15,4,3,7,13,0,26,26,47,3,60,0,0,0,0,0,45.35465197186854,7,-2.370959999999997,513.8311000000011,0,2,2,0,0,7,2,1,0,0,15,15,0,0,0,5,20,3,0,0,0,2,0,0,0,0,0,15,0,0,0,0,0,0,4,0,1,0,0,0,0,1,0,2,0,0,0,1,0,0,0,0,0,0,0,1,0,0,0,0,0,0,0,0,1,1,1,0,0,0,0,1,0,0,0,0,0,0,0,1,0,0,0,2,0,CHEMBL1689396,C=C(C)C(=O)NCCCC[C@H](NC(=O)[C@H](Cc1ccccc1)NC(=O)[C@@H](NC(=O)[C@H](CC(C)C)NC(C)=O)[C@@H](C)O)C(=O)N[C@@H](Cc1cnc[nH]1)C(=O)N[C@@H](Cc1ccc(O)cc1)C(=O)N[C@@H](Cc1c[nH]c2ccccc12)C(=O)N[C@@H](CCCCNC(=O)c1nnn(-c2ccc(OC)cc2)n1)C(=O)N[C@@H](CCCNC(=N)N)C(=O)N[C@@H](CC(C)C)C(=O)N[C@@H](CCCNC(=N)N)C(=O)N[C@@H](CO)C(N)=O,160.0,2.204119982655925,CHEMBL5023,p53-binding protein Mdm-2,1,Large-Polar-Aromatic-Flexible-Hydrophilic
15.15440830743834,15.15440830743834,0.0003437594390143,-1.9229487676008925,0.024491019090927,14.950413223140496,1702.3090000000009,1604.5329999999992,1700.6412801839992,640,0,0.339696639601297,-0.5079666451556014,0.5079666451556014,0.339696639601297,0.5785123966942148,1.140495867768595,1.743801652892562,35.495697100487206,9.706893860713969,2.544491058051279,-2.3691273115900953,2.529325327586528,-2.6340521864203708,7.981066402894345,-0.1387605870024345,1.5640341300356428,0.7874256591861453,5102.739971280433,87.78621312009582,66.89595690594744,68.46838243289363,57.43621996217634,39.147662978434546,40.91947430156111,31.08357987078932,32.50561421091479,20.94270468893431,21.821752342581423,14.456046306349222,15.099553851093123,-13.05,1.2054740806922049e+38,90.27838310039571,39.67654479003121,23.27950168818232,703.6104384235277,100.09896065250412,70.61927180865412,5.601050810983688,70.88615675221807,5.907179729351506,11.938610575903695,67.12352057700551,4.794537184071822,11.761884949391115,0.0,92.17845204269148,158.779861116458,95.99065033360463,11.984273114623004,97.08103029424024,122.99769682917798,0.0,63.46865316501686,17.385241000485763,170.13741701658677,25.098135602083342,194.2477002400182,0.0,17.248535499851716,69.95200959839401,0.0,17.248535499851716,23.36282483962363,192.610907068669,98.3501836494215,5.917906046161393,150.7059326902102,133.59055200930695,5.022633313741326,10.902924932081056,0.0,546.3599999999999,166.9661990460374,82.75509297229652,9.589074368143644,105.17025194756634,72.60684540907113,0.0,74.14029589646525,105.16285904450666,0.0,63.46865316501686,27.805137798356935,6.196930104161854,7.673993044556072,209.72770109728393,70.78516817036183,10.79131419156245,-13.46342366250352,22.521522540099287,0.5193823162640312,5.775189975991843,0.0,0.3764705882352941,121,20,34,2,1,3,13,6,1,7,7,0,20,18,36,2,41,1,0,1,1,0,29.602762897970635,10,2.6208000000000053,442.47940000000074,1,0,0,0,0,1,1,3,1,1,15,14,0,0,0,0,12,2,0,0,0,1,0,0,0,0,0,13,0,0,0,0,0,0,6,0,7,0,0,0,1,1,0,0,1,0,0,0,0,0,0,0,0,0,0,0,0,0,0,0,0,0,0,0,0,3,3,0,0,0,0,2,0,0,0,1,0,0,0,0,0,0,0,0,0,CHEMBL582845,CSCC[C@H](NC(=O)[C@H](Cc1ccccc1)NC(=O)CCNC(=O)CCNC(=O)c1ccc2c(c1)C(=O)OC21c2ccc(O)cc2Cc2cc(O)ccc21)C(=O)NC(C)(C)C(=O)N[C@@H](Cc1ccc(O)cc1)C(=O)N[C@@H](Cc1c[nH]c2cc(Cl)ccc12)C(=O)N[C@@H](CCC(=O)O)C(=O)NC1(C(=O)N[C@@H](CC(C)C)C(=O)N[C@@H](CC(N)=O)C(N)=O)CC1,140.0,2.146128035678238,CHEMBL5023,p53-binding protein Mdm-2,1,Large-Polar-Aromatic-Flexible-Hydrophilic
14.09870032200084,14.09870032200084,0.0242188605112483,-4.6138739296280535,0.1655928036584693,11.53191489361702,685.7330000000003,654.4849999999999,685.1400008119999,248,0,0.3238786295361052,-0.4967671120136989,0.4967671120136989,0.3238786295361052,0.7021276595744681,1.148936170212766,1.5957446808510638,32.23486339651181,9.979693996228846,2.340428002589537,-2.301161842058574,2.4176874391057552,-2.3766521682101636,7.928396609737165,-0.1357502837976476,3.042076610719838,2.068575870423474,2031.818214027934,34.51793261119915,25.19091647050328,26.823909632358735,22.19798152516736,13.80438700436062,16.684513661961894,10.07721551439398,13.8018360664531,7.084681061554452,10.618471413558211,4.925805659937648,7.82156973895462,-5.349999999999999,12137268987.001629,34.52177988811824,13.964047947977962,7.389651028044377,270.1929691787164,25.420448174443692,24.58853647839296,0.0,5.907179729351506,20.046582306815168,11.938610575903695,22.99404353480793,16.835593968657875,0.0,0.0,24.26546827384644,66.5815767307775,17.193270051855603,35.38533458295774,50.90598621815485,60.03959359036708,0.0,0.0,5.733667477162185,22.63261019688757,35.919539876972685,84.42622338169795,0.0,11.49902366656781,23.81782536735475,11.374772549367124,11.49902366656781,0.0,72.2035469579747,40.85101548195664,0.0,11.984273114623004,88.65373884103651,0.0,10.772448428929591,0.0,210.90999999999997,50.98188542389552,41.43226031055474,0.0,50.34328266688128,20.109455649160275,0.0,93.08236697255602,0.0,0.0,0.0,15.207393384762284,67.71664133618081,0.0,35.60954698150479,19.84634205751616,5.144439963502759,-3.076811327963002,17.66791058248566,-0.5846399188415843,-2.0831229971917744,-6.406973343860498,0.1935483870967742,47,4,14,0,0,0,1,4,0,4,0,0,9,3,16,0,15,0,0,0,0,0,10.256676374621795,4,2.8347000000000016,171.78659999999968,2,0,0,0,0,0,0,0,2,2,3,1,0,0,0,2,0,1,0,0,0,0,0,0,0,0,0,1,0,2,1,0,0,0,4,0,1,0,0,0,0,2,0,0,0,0,0,0,0,0,0,0,0,0,0,2,0,0,0,0,0,0,0,0,0,0,0,0,0,0,0,1,0,0,0,0,2,0,0,0,0,0,0,0,0,CHEMBL5434743,COc1ccc(S(=O)(=O)N(CC(=O)O)c2cc(CCC(N)=O)c(N(CC(=O)O)S(=O)(=O)c3ccc(OC)cc3)c3ccccc23)cc1,11.7,1.0681858617461617,CHEMBL3038498,Keap1/Nrf2,2,Large-Polar-Aromatic-Flexible-Hydrophilic
11.31201583770279,11.31201583770279,0.2047063502474755,-1.2035253240570147,0.2420860463330233,27.894736842105264,532.6460000000005,492.3260000000004,532.3121663799999,210,0,0.3200187102495986,-0.480085827843091,0.480085827843091,0.3200187102495986,1.1842105263157894,1.9473684210526316,2.6842105263157894,16.55598588109083,9.993554094766711,2.4583776253007787,-2.46297488021084,2.332864009087298,-2.611986234188542,5.807049893052604,-0.138475786720687,3.600576267317408,1.2063009054836744,1088.8879687612423,26.81082583001261,21.6775532757518,21.6775532757518,18.31257084348729,13.70871423860434,13.70871423860434,11.063697258080913,11.063697258080913,8.473158932860784,8.473158932860784,6.107273200978696,6.107273200978696,-2.420000000000001,397766173.9332546,27.158410092224035,11.760967543412724,5.772431697240423,221.32970964959668,36.423689823497014,36.19776078477367,17.692941169337626,0.0,0.0,5.969305287951848,14.261546562713654,14.951935562841625,0.0,0.0,25.68328649170404,31.725127320851996,32.22086645279826,6.3273200747645415,24.85098232239399,22.951046004170863,0.0,29.318854672333934,11.651573523323576,81.56923335275778,38.45744950672506,12.654640149529085,0.0,0.0,11.46733495432437,5.817862777835028,0.0,0.0,113.72710499591162,9.53140013787187,5.917906046161393,51.173652531216945,12.654640149529085,0.0,11.16387793838399,0.0,189.11,36.55094645107958,20.11411936859394,0.0,18.280525229909,24.253390750209142,25.55217526389912,51.17956988708515,4.567099647791355,0.0,24.75175502454258,16.20419790812442,7.706344843953104,0.0,28.27359452833224,31.002283473278975,12.488893738367798,0.0713147097121997,-0.7579738079558056,7.094189805087277,3.621352709224213,0.0,0.76,38,7,13,1,2,3,0,0,2,2,5,0,12,5,13,4,12,1,2,3,0,0,8.405504726982617,5,-0.2136999999999963,138.88019999999997,1,2,2,1,0,4,0,0,1,1,1,0,0,0,0,6,0,2,0,0,1,0,0,0,0,0,0,0,0,1,0,0,0,0,0,0,1,0,0,0,0,1,0,0,0,0,0,1,0,0,0,0,0,0,0,0,0,0,0,0,0,0,0,0,0,0,0,0,0,0,0,0,0,0,0,0,0,0,0,0,0,0,0,0,0,CHEMBL4635424,Nc1ncnc2c1ncn2[C@@H]1O[C@H](CN(CC[C@H](N)C(=O)O)C2CN(CCCC3CCCC3)C2)[C@@H](O)[C@H]1O,234.0,2.369215857410143,CHEMBL4106124,MLL1-ASH2L/RbBP5/WDR5/DPY30,4,Large-Polar-Aromatic-Flexible-Hydrophilic
13.734334227930075,13.734334227930075,0.0436328658848501,-4.413458830623106,0.3377282011166591,11.625,591.6640000000001,562.4320000000001,591.1345215079999,214,0,0.3238783847931661,-0.4967671120136989,0.4967671120136989,0.3238783847931661,0.75,1.175,1.525,32.234862264038064,9.952968139527744,2.349965515947381,-2.3231867217458664,2.4135805927175817,-2.3873634166661537,7.9281173540200225,-0.1357555985224213,2.9073901994549516,2.3118626548096564,1626.6580633463286,29.9908348737037,22.44331830756466,24.076311469420112,18.638007334851967,11.776455479576974,14.656582137178257,8.87230816057411,12.596928712633227,6.472185935507272,9.961180616940608,4.337099936577878,7.359919762718967,-4.17,292494851.03475,30.37253732892025,11.517541168023785,5.721521110820973,232.1159946013644,14.94991774348146,23.73450812062683,0.0,0.0,20.046582306815168,11.938610575903695,23.183484871683316,16.835593968657875,0.0,0.0,0.0,86.34695717632015,12.393687143226153,23.38005356616243,41.37458608028297,43.359965432085986,0.0,4.983978520947208,0.0,37.485915749798046,28.80974233569515,71.04569552078381,0.0,5.749511833283905,13.347294936392515,11.374772549367124,5.749511833283905,0.0,64.17054820829286,29.63565667495881,27.694948798762496,22.253805966787983,58.58285650503136,0.0,0.0,0.0,171.48000000000002,45.074705694544015,36.637723126482925,0.0,43.41954546719065,5.749511833283905,14.807275554205544,77.39979232242277,0.0,0.0,4.983978520947208,4.736862953800049,61.20845583711976,0.0,27.06853245236494,19.252279459136627,1.1192930978252964,-2.4281033108928267,8.120048584015063,2.4716227986377266,4.254786780283055,-7.400249031822971,0.2692307692307692,40,2,12,0,0,0,0,2,1,3,0,0,8,2,14,1,11,0,0,0,0,0,8.745423726579453,3,2.883680000000001,146.9561999999998,2,0,0,0,0,1,0,0,2,2,2,0,0,0,0,3,0,0,0,0,0,0,0,0,0,0,0,0,0,2,0,0,0,0,2,0,0,0,0,0,0,1,0,0,0,0,0,0,0,0,0,0,0,0,0,1,0,0,0,0,0,0,0,0,0,0,0,0,0,0,0,0,0,1,0,0,2,0,0,0,0,0,0,0,0,CHEMBL5429563,COc1ccc(S(=O)(=O)N(CC(=O)O)c2c(C)c(C)c(N(CC(=O)O)S(=O)(=O)c3cccnc3)c(C)c2C)cc1,180.0,2.255272505103306,CHEMBL3038498,Keap1/Nrf2,2,Large-Polar-Aromatic-Flexible-Hydrophilic
15.5320783952954,15.5320783952954,0.1047844877101769,-1.6888038488163482,0.0217303279124596,19.59090909090909,1864.2799999999995,1737.2719999999988,1862.9112725719988,714,0,0.2454291178963408,-0.5079666451556014,0.5079666451556014,0.2454291178963408,0.553030303030303,1.1515151515151516,1.75,32.167723742557975,10.004936667999925,2.3930267305261173,-2.287435772464568,2.2461496895522015,-2.620998780340996,7.983479338539264,-0.1363755983322166,1.6387424292369468,1.1505293819458935,4938.062028810943,95.76305832589716,75.28826390492091,76.92125706677635,63.24868069835014,44.23431879789865,46.54371987465715,33.25251110959143,35.313024626375444,21.52123492310879,23.65908662411084,14.212771412079,16.14909202454726,-12.410000000000007,1.918355913957675e+39,104.9523589215422,54.41760745179047,35.03734289967887,774.4545598039717,116.50670324083588,78.25160178305941,0.0,82.7005162109211,0.0,0.0,77.09147761889993,4.983978520947208,23.52376989878223,0.0,100.49135362030184,143.95418807622204,121.09514634399622,30.426024416722683,82.44310276152764,117.1272110417844,0.0,104.671721664831,23.303147046647155,209.20696180103792,57.38112761348194,168.0150729847006,0.0,16.876414816677897,91.21916401441936,0.0,5.749511833283905,23.52376989878223,258.92717495118495,104.31251428220315,11.835812092322788,127.1840502179528,134.24293452506424,0.0,22.02982791547505,0.0,602.4099999999999,186.6730038049712,58.47041684116851,23.97268592035911,73.32769682697509,75.31230080986256,50.65861903590687,69.32272846868705,111.30077700422142,13.847474399381248,99.6877431438838,16.45131347527158,0.0,2.3216424190163405,222.00391496234076,74.29456063095978,15.856606275258248,-13.583351527598484,9.914696130811846,7.388347980954056,13.636916461590811,0.0,0.4835164835164835,132,24,39,0,3,3,14,3,4,7,13,4,25,22,41,7,38,0,0,0,0,0,43.26709294645381,10,-0.4830000000000315,498.31910000000136,0,2,2,0,0,5,2,1,0,0,14,14,0,0,0,3,17,2,0,0,0,2,0,0,0,0,0,14,0,0,0,0,0,0,3,0,3,0,0,0,0,0,0,0,0,0,0,1,0,0,0,0,0,0,0,0,0,0,0,0,0,0,0,0,1,1,1,0,0,0,0,1,0,2,0,2,0,0,0,0,0,0,0,1,0,CHEMBL1933129,CC(=O)N[C@@H](CC(C)C)C(=O)N[C@H](C(=O)N[C@@H](Cc1ccccc1)C(=O)N[C@H]1CSCc2ccc(cn2)-c2ccc(nc2)CSC[C@@H](C(=O)N[C@@H](CO)C(=O)NCCCNCCCCNCCCN)NC(=O)[C@H](C(C)C)NC(=O)[C@H](CCC(N)=O)NC(=O)[C@H](C)NC(=O)[C@H](Cc2c[nH]c3ccccc23)NC(=O)[C@H](Cc2ccc(O)cc2)NC(=O)[C@H](Cc2cnc[nH]2)NC1=O)[C@@H](C)O,46.0,1.662757831681574,CHEMBL1907611,Tumour suppressor p53/oncoprotein Mdm2,1,Large-Polar-Aromatic-Flexible-Hydrophilic
15.668283229632063,15.668283229632063,0.0074590792903483,-1.750450994349641,0.0077955666871592,13.899280575539567,1937.245000000001,1803.1809999999991,1936.0220196559987,756,0,0.2924185910007353,-0.5079666451556014,0.5079666451556014,0.2924185910007353,0.460431654676259,0.8705035971223022,1.330935251798561,16.46578503190409,9.997092450554987,2.393454951016902,-2.290459624166844,2.224718374489973,-2.6169338389022014,6.009538596244418,-0.1366572651202383,1.7358124104764436,1.3361038383461723,5188.310771297901,102.53692549672292,79.19613203369204,79.19613203369204,66.01731276612821,45.69752789647049,45.69752789647049,34.414232905426424,34.414232905426424,21.835340674252137,21.835340674252137,14.49514278855518,14.49514278855518,-15.189999999999998,3.702518362021374e+41,112.54443516005269,57.635126915714466,39.57814511970619,803.1743356668658,133.04371123201943,84.00111361634332,11.91910913748767,88.6076959402726,11.731584227351432,0.0,87.53116215673222,0.0,0.0,14.99386983910109,94.9375551669771,173.52227663971928,81.45892234880837,25.50803216822232,96.76904008347137,117.33690973919286,10.818567211583044,110.2598511198045,34.770482000971526,236.2261843251004,39.89570512944075,143.99188292221913,0.0,17.186409941251373,112.7401505265501,0.0,11.49902366656781,0.0,265.44656191430164,91.18052262985536,22.654379303905827,165.66695927596126,121.47712394912826,0.0,16.590311206764618,0.0,746.6899999999999,216.8272940240879,63.26495402524033,28.76722310443093,139.13545525212896,39.03017751513951,4.796506222499014,52.14647741419584,112.75456426037653,0.0,112.04228058090398,38.49010007403184,5.191465335974119,0.0,231.3216434624304,101.77919379369315,24.95315776698392,-16.216679043182843,8.111248834176253,-2.5511354264348416,13.581715682216377,1.4960562608102124,0.4891304347826087,139,30,47,0,0,0,16,4,2,6,13,0,26,26,47,2,61,0,0,0,0,0,46.66555974177722,6,-3.07125999999997,509.9678000000011,0,2,2,0,0,5,1,1,0,0,16,16,0,0,0,4,19,4,0,0,0,1,0,0,0,0,0,16,0,0,0,0,0,0,4,0,1,0,0,0,0,1,0,2,0,0,0,0,0,0,0,0,0,0,0,1,0,0,0,0,0,0,0,0,1,1,1,0,0,0,0,2,0,0,0,0,0,0,0,1,0,0,0,2,0,CHEMBL1689402,C=C(C)C(=O)NCCCC[C@H](NC(=O)[C@H](Cc1ccccc1)NC(=O)[C@@H](NC(=O)[C@H](CC(C)C)NC(C)=O)[C@@H](C)O)C(=O)N[C@@H](CCCNC(=N)N)C(=O)N[C@@H](Cc1ccc(O)cc1)C(=O)N[C@@H](Cc1c[nH]c2ccccc12)C(=O)N[C@@H](CCCNC(=N)N)C(=O)N[C@@H](CCC(N)=O)C(=O)N[C@@H](CC(C)C)C(=O)N[C@@H](CCCCNC(=O)c1nnn(-c2ccc(OC)cc2)n1)C(=O)N[C@@H](CO)C(N)=O,28.0,1.4471580313422192,CHEMBL5023,p53-binding protein Mdm-2,1,Large-Polar-Aromatic-Flexible-Hydrophilic
11.240871152362846,11.240871152362846,0.2064395864948653,-1.2240763129710988,0.1378339496454434,22.05128205128205,542.6410000000004,504.3370000000005,542.296516316,212,0,0.320018708486845,-0.480085827847691,0.480085827847691,0.320018708486845,1.1025641025641026,1.871794871794872,2.641025641025641,16.555943968817864,10.094768004895649,2.444475295894162,-2.270315335683323,2.3201731584310523,-2.4284581440925828,5.807069496546869,-0.1383306162793773,3.4817423274383277,1.3070892768508464,1195.5644644302058,27.777445635193008,21.84107014426108,21.84107014426108,18.8462443482985,13.248162138806968,13.248162138806968,9.855964572217127,9.855964572217127,6.9998357616770095,6.9998357616770095,4.774937125929383,4.774937125929383,-3.2,637104502.8869673,28.799043469019026,13.735614488467544,7.468964856841902,226.3637841041407,41.74047842750334,36.19776078477367,17.692941169337626,0.0,0.0,5.969305287951848,9.361636831863176,14.951935562841625,0.0,0.0,30.33183534230805,50.88100720113877,13.08951281182515,6.3273200747645415,24.85098232239399,22.951046004170863,0.0,29.735733545489783,5.733667477162185,56.264927654831766,38.45744950672506,48.54992698353413,0.0,0.0,16.784123558330702,5.817862777835028,0.0,0.0,102.78535443591316,15.95222176079788,0.0,31.053817531209894,42.98647549183713,0.0,11.16387793838399,0.0,197.9,36.55094645107958,20.11411936859394,0.0,12.238684400761038,30.79814715612172,32.351977680603184,22.785191289017433,0.0,23.099010936235302,32.40145830377117,16.20419790812442,7.61446060663066,0.0,25.591546994639387,34.247285089537975,13.697061882666452,-0.8528948335770985,9.359948961553274,1.8184564963510577,3.0241348021983008,0.0,0.5384615384615384,39,8,13,0,1,1,0,1,2,3,5,0,12,6,13,3,15,0,1,1,0,0,10.142886121206775,4,-0.2557999999999963,144.57689999999997,1,2,2,1,0,4,0,0,1,1,1,0,0,0,0,5,1,2,0,0,0,0,0,0,0,0,0,0,0,1,1,0,0,0,1,0,1,0,0,0,0,1,0,0,0,0,0,1,0,0,0,0,0,0,0,0,0,0,0,0,0,0,0,0,0,0,0,0,0,0,0,0,0,0,0,0,0,0,0,0,0,0,0,0,0,CHEMBL4649846,Nc1ncnc2c1ncn2[C@@H]1O[C@H](CN(CCCNCCCc2ccccc2)CC[C@H](N)C(=O)O)[C@@H](O)[C@H]1O,201.0,2.303196057420489,CHEMBL4106124,MLL1-ASH2L/RbBP5/WDR5/DPY30,4,Large-Polar-Aromatic-Flexible-Hydrophilic
15.204503641103358,15.204503641103358,0.030209720647873,-1.4666335620387083,0.0212851766984666,21.347368421052632,1324.556999999999,1230.812999999999,1323.7200240359998,518,0,0.2456755430092794,-0.3936790815918555,0.3936790815918555,0.2456755430092794,0.6526315789473685,1.2842105263157897,1.9473684210526316,16.25622881903081,9.995598652797106,2.422367145014044,-2.311800618718408,2.2441901108646465,-2.6047730868598222,5.99788037787227,-0.1430988343939952,1.7407080512277824,1.3008950450042045,3238.8725413838774,69.30344993589989,53.94626913753468,53.94626913753468,45.34246215973636,32.30984536733796,32.30984536733796,24.255235552025493,24.255235552025493,16.933012668638856,16.933012668638856,11.847979563651531,11.847979563651531,-9.880000000000004,8.787966952515856e+22,74.16308325694456,36.53780123924083,22.40513706987222,549.9350168255407,95.57600245304508,66.46024912062755,11.91910913748767,70.88615675221807,0.0,0.0,68.35301342044491,0.0,0.0,0.0,74.21422303939693,95.24896068049696,63.04417457288707,6.606881964512918,62.64097360370256,93.70819082178684,10.818567211583044,73.26847262671781,17.201002431486554,189.96460668651565,32.78590758816322,71.92105017116157,0.0,0.0,75.68567707555621,0.0,0.0,0.0,201.94174797598535,70.37608945471388,10.818567211583044,121.78961730343003,60.79414718776757,0.0,10.902924932081056,0.0,505.42999999999984,143.95328783735854,53.05189923555892,9.589074368143644,102.30635099039807,60.55475765303112,6.923737199690624,23.647293861082204,48.661413050844345,12.13273413692322,63.46865316501686,28.0195696430696,0.0,0.0,173.80318386022864,54.84968451724951,18.49932656024964,-9.458323635542383,2.1452737227902325,4.639131339730623,3.688390301960384,0.0,0.5555555555555556,95,21,32,0,3,3,12,2,1,3,11,0,15,18,32,4,26,0,3,3,0,0,28.52374731927905,6,-3.283660000000027,348.3008000000006,0,1,1,0,0,1,1,0,0,0,12,12,0,0,0,2,14,3,0,0,1,1,0,0,0,0,0,12,0,0,0,0,0,0,2,0,2,0,0,0,0,0,0,2,0,0,0,0,0,0,0,0,0,0,0,0,0,0,0,0,0,0,0,0,1,0,0,0,0,0,0,1,0,0,0,0,0,0,0,0,0,0,0,0,0,CHEMBL4785724,CC(=O)N[C@@H](CO)C(=O)N[C@@H](C)C(=O)N[C@@H](CCCNC(=N)N)C(=O)N[C@@H](Cc1c[nH]c2ccccc12)C(=O)N[C@H]1CCCCCC[C@@H](C(=O)N2CCC[C@H]2C(=O)N[C@@H](CCCNC(=N)N)C(N)=O)NC(=O)[C@H](C)NC(=O)[C@@H]2CCCN2C(=O)[C@H](Cc2ccccc2)NC1=O,660.0,2.8195439355418688,CHEMBL2093861,Menin/Histone-lysine N-methyltransferase MLL,1,Large-Polar-Aromatic-Flexible-Hydrophilic
15.280075404836206,15.280075404836206,0.0440675555965182,-1.5438799580495173,0.0229662348490287,21.752688172043012,1298.489999999999,1209.7859999999991,1297.6731540959995,506,0,0.2459060722147671,-0.3936790815918555,0.3936790815918555,0.2459060722147671,0.7634408602150538,1.4731182795698925,2.161290322580645,19.14216994305169,9.75068050561948,2.4996455641303506,-2.4268546734089864,2.3408100973628145,-2.6722169137400575,6.009062688722808,-0.1462463863344993,1.7421782998633144,1.2287861941010416,3252.005358914001,67.51899288552369,52.37663985335121,52.37663985335121,44.41087037558496,31.7279372144486,31.7279372144486,24.300182163398823,24.300182163398823,17.432129386602586,17.432129386602586,12.219837498977084,12.219837498977084,-9.260000000000003,2.1694617095445345e+22,71.18555236187606,33.35475643918062,19.169894789822525,536.4945657776681,90.25921384903874,71.77455438490884,5.959554568743835,70.88615675221807,0.0,0.0,62.94372981465338,4.39041504767482,0.0,0.0,43.17347858816007,126.2651788924202,56.49941816697449,6.606881964512918,67.03138865137738,87.74863625304299,5.409283605791522,67.95168402271148,17.201002431486554,188.9587755329864,32.78590758816322,71.67190394374585,0.0,0.0,70.36888847154988,4.39041504767482,0.0,0.0,195.47927783047692,70.37608945471388,11.226504446837415,121.28670172666544,54.727780119305955,0.0,10.902924932081056,0.0,469.54999999999984,149.26759310163985,52.64777709916192,14.383611552215466,115.60926129043229,47.71311440717909,6.923737199690624,34.92265786677641,36.52867891392113,0.0,58.15186456101053,22.61028603727808,14.872714751312426,0.0,175.06699696764758,44.787326253936286,16.84583041797312,-10.258989242878949,-0.8507534315290299,3.540913306220592,2.0792943106513055,0.0,0.5645161290322581,93,19,30,1,3,4,12,2,1,3,10,0,15,16,31,4,25,1,3,4,1,0,25.53093291418188,7,-2.9149300000000213,335.28240000000045,0,1,1,0,0,1,1,0,0,0,12,12,0,0,0,2,12,3,0,0,1,1,0,0,0,0,0,12,0,0,0,0,0,0,2,0,2,0,0,0,0,0,0,1,1,0,0,0,0,0,0,0,0,0,0,0,0,0,0,0,0,0,0,0,1,0,0,0,0,0,0,1,0,0,0,0,0,0,0,0,0,0,0,0,0,CHEMBL4796544,CC(=O)N[C@@H](CO)C(=O)N[C@@H](C)C(=O)N[C@@H](CCCNC(=N)N)C(=O)N[C@@H](Cc1c[nH]c2ccccc12)C(=O)N[C@H]1CCCC[C@@H](C(=O)N2CCC[C@H]2C(=O)N[C@@H](CCCN)C(N)=O)NC(=O)C2(CCC2)NC(=O)[C@@H]2CCCN2C(=O)[C@H](Cc2cccc(F)c2)NC1=O,569.0,2.7551122663950713,CHEMBL2093861,Menin/Histone-lysine N-methyltransferase MLL,1,Large-Polar-Aromatic-Flexible-Hydrophilic
15.252116963732258,15.252116963732258,0.0276242959211012,-1.621294915251236,0.0150399676854113,21.3265306122449,1365.5849999999996,1271.840999999999,1364.726586636,532,0,0.2459158088033557,-0.3701604379834824,0.3701604379834824,0.2459158088033557,0.7142857142857143,1.3571428571428572,2.010204081632653,19.14217129616874,9.750886043873642,2.49949262513147,-2.4262761404527677,2.3398899295726148,-2.6722097760951007,6.0109679681112045,-0.1461817877228732,0.9106303191506504,1.2333119157167944,3470.643309170085,71.21766349827298,55.16147706542013,55.16147706542013,46.76671242324152,33.20376788788092,33.20376788788092,25.258640323849196,25.258640323849196,17.90921975093531,17.90921975093531,12.536148170320248,12.536148170320248,-10.210000000000004,1.7388580945732318e+24,75.1746394866832,35.68582295668354,20.899224874530795,565.6806592163633,96.20314253536657,71.77455438490884,11.91910913748767,70.88615675221807,0.0,0.0,68.35301342044491,4.39041504767482,0.0,0.0,42.483875555975814,139.1068221382722,63.04417457288707,0.0,61.92486125653668,93.70819082178684,10.818567211583044,73.26847262671782,22.93466990864874,188.9587755329864,32.72378202956288,83.82394415741362,0.0,0.0,81.4193445527184,4.39041504767482,0.0,0.0,196.27017944577972,70.37608945471388,16.63578805262894,121.28670172666544,66.87982033297372,0.0,10.902924932081056,0.0,511.2199999999998,142.66071113712692,42.74671252024939,19.178148736287287,134.5343938880147,41.29229278425308,0.0,53.99843528013479,36.52867891392113,0.0,63.46865316501686,33.75323712023179,14.900842705234066,0.0,176.76074782910305,45.45050046311302,22.333625505633915,-10.443169128073192,-0.7795461948195492,5.893284557056952,3.1337142627517736,0.0,0.5384615384615384,98,22,32,1,3,4,12,2,1,3,10,0,15,18,33,4,28,1,2,3,1,0,27.37417219953355,7,-2.8679600000000205,357.2534000000006,0,0,0,0,0,1,1,0,0,0,12,12,0,0,0,2,14,4,0,0,1,1,0,0,0,0,0,12,0,0,0,0,0,0,2,0,2,0,0,0,0,0,0,2,1,0,0,0,0,0,0,0,0,0,0,0,0,0,0,0,0,0,0,0,1,0,0,0,0,0,0,1,0,0,0,0,0,0,0,0,0,0,0,0,0,CHEMBL4796292,CC(=O)N[C@@H](C)C(=O)N[C@@H](CCCNC(=N)N)C(=O)N[C@@H](Cc1c[nH]c2ccccc12)C(=O)N[C@H]1C/C=C\C[C@@H](C(=O)N2CCC[C@H]2C(=O)N[C@@H](CCCN)C(=O)N[C@@H](CCCNC(=N)N)C(N)=O)NC(=O)C2(CCC2)NC(=O)[C@@H]2CCCN2C(=O)[C@H](Cc2cccc(F)c2)NC1=O,58.0,1.7634279935629371,CHEMBL2093861,Menin/Histone-lysine N-methyltransferase MLL,1,Large-Polar-Aromatic-Flexible-Hydrophilic
12.476284145908968,12.476284145908968,0.2779559537146137,-1.1283124032186085,0.3772225093247132,36.09756097560975,563.6550000000002,526.3590000000004,563.2743839039999,218,0,0.3299597139939024,-0.5079560321952997,0.5079560321952997,0.3299597139939024,1.170731707317073,2.0,2.8048780487804876,16.52949588601114,9.527087404603265,2.6289603749324795,-2.5242228351207623,2.664286339686302,-2.4896517016233664,5.402026365932862,-0.1109438718727015,3.669598703871009,1.151690680878532,1613.0161687945172,28.68106931801569,23.36294725046956,23.36294725046956,19.624179008062345,14.675987651915127,14.675987651915127,12.83098530807995,12.83098530807995,10.97574439397487,10.97574439397487,8.762452400932837,8.762452400932837,-3.2800000000000007,2879798347.060648,26.608275133532945,9.367874608423248,3.8866056027458535,236.35511811763,20.056445138322168,29.376358197599224,0.0,0.0,5.559266895052007,5.689743398203474,14.345615352810384,9.476340119217006,0.0,5.098681808301038,18.2034893638071,86.46202219604808,23.596107155632858,18.845566365273957,20.056445138322168,0.0,0.0,24.54494800783965,17.250802561719567,88.68589100463954,6.606881964512918,73.81515547994957,0.0,5.749511833283905,11.24901029325548,0.0,5.749511833283905,0.0,52.57537854462298,16.75873538770975,24.174539761410188,86.02059745323037,40.18186271675462,0.0,0.0,0.0,155.48999999999998,35.2237694918703,24.90865655266576,0.0,12.021872433909696,47.60225270416556,32.10410811463005,21.89084620279842,23.868750774910495,6.06636706846161,28.286149693055343,4.736862953800049,9.023299866972383,0.0,26.620648958697288,41.313786389203074,1.041140025222218,1.5764562283377224,5.395826857348697,7.642724968659094,3.5527833722261786,0.0,0.6,41,4,11,3,1,4,0,1,2,3,8,0,10,4,11,3,4,2,1,3,0,0,6.079584999935682,7,2.4071200000000004,147.3520999999999,0,2,1,0,0,5,1,1,0,0,0,0,0,0,0,4,1,0,0,0,0,1,0,0,0,0,0,0,0,0,2,0,0,0,1,0,5,0,0,0,0,1,0,0,0,0,0,0,0,0,0,0,0,0,0,0,0,0,0,0,0,0,0,0,0,1,1,0,0,0,0,0,0,0,0,0,0,0,0,0,0,0,0,0,0,CHEMBL5284067,Cc1cn([C@H]2C[C@H](n3cc([C@]4(O)CC[C@H]5[C@@H]6CCc7cc(O)ccc7[C@H]6CC[C@@]54C)nn3)[C@@H](CO)O2)c(=O)[nH]c1=O,12.42,1.0941215958405617,CHEMBL2221344,Tumour suppressor protein p53/Mdm4,4,Large-Polar-Aromatic-Flexible-Hydrophilic
13.37490308088217,13.37490308088217,0.1651681775148581,-4.302445121993889,0.2832669076903131,11.9,592.6480000000003,564.4240000000002,592.1185370959998,214,0,0.3183740933353132,-0.4967671172102,0.4967671172102,0.3183740933353132,0.625,0.95,1.225,32.23486166634632,10.078169300718145,2.301673461670586,-2.245943861963596,2.252492300319735,-2.3693526423854,7.890311357952758,-0.137873286360535,2.9241412359714056,1.9875443451968515,1437.2227669810045,29.501424753254103,21.627967641660167,23.26096080351562,18.876614320121444,11.669479391877964,14.549606049479245,8.453444333621938,12.329314293505266,5.829432829906187,9.441270865833497,3.792965307771963,6.528178184625709,-3.979999999999999,384385851.27000535,30.559888610357905,12.915123139705935,7.354059023754998,231.6449497355281,19.68678069728151,24.58853647839296,0.0,20.046582306815168,0.0,11.938610575903695,9.589074368143644,16.835593968657875,8.610431982592466,0.0,24.26546827384644,59.65783953108687,13.08951281182515,24.010562033590617,46.111449034083016,31.985192882718863,0.0,8.610431982592466,0.0,22.880479762860706,27.30910789438022,83.92330780493333,0.0,11.49902366656781,9.473725907600098,0.0,11.49902366656781,0.0,74.90679921121566,42.72516948678396,0.0,11.126902983393991,82.5873717725749,0.0,0.0,0.0,167.82,58.16421850636916,36.637723126482925,0.0,9.79096695103555,22.6259266499618,8.610431982592466,74.88326576717118,12.13273413692322,0.0,0.0,9.473725907600098,65.08919015530702,0.0,22.886777998748425,18.9008617914632,0.5854747580595352,-1.981802851221901,17.029797464125878,0.0,-2.571399496075687,-5.772233153739804,0.2307692307692307,40,2,12,0,0,0,0,3,0,3,0,0,8,2,14,0,14,0,0,0,0,0,9.86711811346173,3,2.2548000000000004,142.8931999999999,2,0,0,0,0,0,0,0,2,2,2,0,0,0,0,2,0,0,0,0,0,0,0,0,0,0,0,0,0,0,0,0,0,0,3,0,0,0,0,0,0,2,0,0,0,0,0,0,0,0,0,0,0,0,0,2,0,0,0,0,0,0,0,0,0,0,0,0,0,0,0,0,0,0,0,0,2,0,0,0,0,0,0,0,0,CHEMBL4166048,COc1ccc(S(=O)(=O)N(CC(=O)O)Cc2ccccc2CN(CC(=O)O)S(=O)(=O)c2ccc(OC)cc2)cc1,2300.0,3.361727836017593,CHEMBL2069156,Kelch-like ECH-associated protein 1,2,Large-Polar-Aromatic-Flexible-Hydrophilic
11.287070128649937,11.287070128649937,0.2093390920892279,-1.2205712485340496,0.210778701493783,25.157894736842103,526.5980000000003,492.3260000000004,526.265216188,204,0,0.3200187084936397,-0.4800858278476824,0.4800858278476824,0.3200187084936397,1.131578947368421,1.894736842105263,2.6315789473684212,16.555952356587106,9.973773511275049,2.449148417886025,-2.420311299488154,2.3250730039161924,-2.524671199242307,5.807078117753701,-0.1383563982405486,3.431167421957908,1.23268623002967,1236.9763804082042,26.81082583001261,20.95142044657757,20.95142044657757,18.295734091081684,12.714483527062525,12.714483527062525,10.16793323082856,10.16793323082856,7.308309823641758,7.308309823641758,5.250974445349752,5.250974445349752,-3.2,369234761.162395,26.40883196939101,11.27113667923031,5.623486328124999,219.20298232281024,36.423689823497014,36.19776078477367,17.692941169337626,0.0,0.0,5.969305287951848,14.261546562713654,14.951935562841625,0.0,0.0,30.33183534230805,17.9021791607844,39.26853843547545,6.3273200747645415,24.85098232239399,22.951046004170863,0.0,29.318854672333934,11.651573523323576,43.54721919196632,38.45744950672506,48.54992698353413,0.0,0.0,11.46733495432437,5.817862777835028,0.0,0.0,107.68526416676364,16.076156543784446,5.917906046161393,18.212174285357875,42.98647549183713,0.0,11.16387793838399,0.0,189.11,36.55094645107958,20.11411936859394,0.0,12.238684400761038,36.71605320228311,19.634269217737724,18.21809164122608,4.567099647791355,18.19910120538483,36.8844891614658,16.20419790812442,7.659530520637054,0.0,28.076778906450745,30.925235797060257,13.690380685318232,-0.45749869621782,9.297498730375333,-0.9961893883543772,4.137596778063915,0.0,0.52,38,7,13,0,2,2,0,1,2,3,5,0,12,5,13,4,11,0,2,2,0,0,7.833093543837711,5,-0.7362999999999953,137.53619999999995,1,2,2,1,0,4,0,0,1,1,1,0,0,0,0,6,0,2,0,0,1,0,0,0,0,0,0,0,0,1,0,0,0,0,1,0,1,0,0,0,0,1,0,0,0,0,0,1,0,0,0,0,0,0,0,0,0,0,0,0,0,0,0,0,0,0,0,0,0,0,0,0,0,0,0,0,0,0,0,0,0,0,0,0,0,CHEMBL4649421,Nc1ncnc2c1ncn2[C@@H]1O[C@H](CN(CC[C@H](N)C(=O)O)CC2CN(Cc3ccccc3)C2)[C@@H](O)[C@H]1O,46.8,1.670245853074124,CHEMBL4106124,MLL1-ASH2L/RbBP5/WDR5/DPY30,4,Large-Polar-Aromatic-Flexible-Hydrophilic
10.9207947193743,10.9207947193743,0.1965049878801064,-1.2272288359788364,0.2454213091262034,25.689655172413794,410.4350000000001,384.22700000000015,410.202615932,160,0,0.320018708518397,-0.4800858278476506,0.4800858278476506,0.320018708518397,1.2758620689655171,2.0344827586206895,2.7241379310344827,16.555920291134335,10.098560833181509,2.443967022930165,-2.2632646529029525,2.3188383922913904,-2.4362144414361113,5.806962837873008,-0.1383237686119819,3.2299752982020293,1.7184622931925186,847.8244927454309,21.12902755413791,15.70324194275639,15.70324194275639,13.828606258093467,9.18506665496805,9.18506665496805,6.951934365971902,6.951934365971902,4.9554380503866815,4.9554380503866815,3.342657841787639,3.342657841787639,-2.42,3440372.6591516114,21.29274279017904,8.939131524595687,4.442856185387894,165.63694995389494,37.25744756980872,36.19776078477367,17.692941169337626,0.0,0.0,5.969305287951848,14.261546562713654,14.951935562841625,0.0,0.0,0.0,6.4208216229260096,26.1790256236503,6.3273200747645415,24.85098232239399,22.951046004170863,0.0,24.418944941483456,11.46733495432437,37.00246278605375,31.912693100812486,12.654640149529085,0.0,0.0,17.201002431486554,5.817862777835028,0.0,0.0,96.24059803000058,9.53140013787187,0.0,12.64872279366088,12.654640149529085,0.0,11.16387793838399,0.0,211.89,36.55094645107959,15.007591973753234,0.0,18.783440806673617,30.79814715612171,0.0,17.22173979732044,0.0,4.899909730850477,14.951935562841625,27.04439278012731,7.396011253623989,0.0,24.910415589751356,29.95448709655257,17.72160120584436,-0.8881389440501151,-0.9949178738662876,-1.1497549096811317,1.3836299151585942,0.0,0.625,29,9,13,0,1,1,0,0,2,2,5,0,12,6,13,3,9,0,1,1,0,0,6.5634009765792065,3,-2.909599999999997,101.38160000000002,1,2,2,1,0,4,0,0,1,1,1,0,0,0,0,5,0,3,0,0,0,0,0,0,0,0,0,0,0,1,0,0,0,0,0,0,1,0,0,0,0,1,0,0,0,0,0,1,0,0,0,0,0,0,0,0,0,0,0,0,0,0,0,0,0,0,0,0,0,0,0,0,0,0,0,0,0,0,0,0,0,0,0,0,0,CHEMBL4633905,NCCN(CC[C@H](N)C(=O)O)C[C@H]1O[C@@H](n2cnc3c(N)ncnc32)[C@H](O)[C@@H]1O,592.0,2.77232170672292,CHEMBL4106124,MLL1-ASH2L/RbBP5/WDR5/DPY30,4,Large-Polar-Aromatic-Flexible-Hydrophilic
12.429561434936236,12.429561434936236,0.02711578329679,-3.781747402996499,0.6085200215790184,11.607142857142858,419.48400000000015,402.34800000000024,419.060962644,146,0,0.2629272835548915,-0.496767112021412,0.496767112021412,0.2629272835548915,0.75,1.2857142857142858,1.75,32.23469730217122,10.281493755570365,2.15828318767162,-2.1064547270938805,2.214660671479205,-2.1400280881280644,7.926355467016465,0.4141690089641987,2.6968060965694898,1.7336979955303633,1146.10765208343,20.200459844932887,14.733154859022513,16.366148020877965,13.29879160759294,7.998684808732641,10.965011303921427,5.652604181163351,9.017408663982383,3.7037681432990945,6.467492568168731,2.295395199605211,4.3756020752138385,-3.109999999999999,1748911.115298473,19.646065681416836,7.866465865235693,4.588780047343519,162.86500300852126,4.736862953800049,10.64499530880168,0.0,0.0,20.046582306815168,0.0,14.428168249851383,16.835593968657875,0.0,0.0,0.0,60.6636706846161,23.76845969259328,12.005281016795308,21.572456922457924,31.42135485618229,0.0,4.983978520947208,0.0,9.79096695103555,16.55398727018171,73.05735782784227,0.0,5.749511833283905,14.181052682704228,11.374772549367124,5.749511833283905,0.0,28.929370030882616,20.046582306815168,0.0,0.0,82.84832477887782,0.0,0.0,0.0,114.46,20.046582306815168,16.835593968657875,0.0,15.478353225719111,11.436898107967467,0.0,68.03442123219656,12.13273413692322,0.0,14.428168249851383,4.736862953800049,59.27645425221016,0.0,3.888426416156694,0.0,0.5799928589561532,0.5455580506676463,14.729271310432605,2.71073960267468,0.0,-6.0637758244312545,0.0555555555555555,28,2,8,0,0,0,0,2,1,3,0,0,6,2,10,1,7,0,0,0,0,0,5.519468038180141,3,2.6918000000000006,105.29,0,0,0,0,0,1,0,0,0,0,0,0,0,0,0,1,2,0,0,0,0,0,0,0,0,0,0,0,0,2,0,0,0,0,2,0,0,0,0,0,0,1,0,0,0,0,0,0,0,0,0,0,0,0,0,1,0,0,0,0,0,0,0,0,0,0,0,0,0,0,0,0,0,1,0,0,2,0,0,0,0,0,0,0,0,CHEMBL5405289,COc1ccc(S(=O)(=O)Nc2ccc(NS(=O)(=O)c3cccnc3)cc2)cc1,31550.0,4.498999363580153,CHEMBL3038498,Keap1/Nrf2,0,Large-Polar-Aromatic-Flexible-Hydrophilic
11.30378174426265,11.30378174426265,0.202182890147667,-1.234692988617328,0.2098553498232878,24.846153846153847,561.0430000000005,527.7790000000003,560.226243836,210,0,0.3200187084936397,-0.4800858278476824,0.4800858278476824,0.3200187084936397,1.1794871794871795,1.948717948717949,2.6923076923076925,35.49569262899865,9.973434147128154,2.4493599128840735,-2.4211543292391022,2.3267686725084253,-2.5249448708791573,6.3087264784426,-0.1383565685234382,3.43581532743948,1.234332853080415,1304.4585189974148,27.68106931801569,21.25203465039717,22.007963596415625,18.70641769360464,12.820132430233803,13.198096903243032,10.273744222461836,10.68094434920244,7.411093275677634,7.779820999421585,5.276882297672065,5.472377103718987,-2.91,534946087.4991147,27.649132261715213,11.679100368392616,5.989910250487493,229.50624854969192,36.423689823497014,36.19776078477367,17.692941169337626,0.0,0.0,5.969305287951848,14.261546562713654,14.951935562841625,0.0,0.0,29.800041095617345,23.96854622924601,44.29117174921677,6.3273200747645415,24.85098232239399,34.55198589440338,0.0,29.318854672333934,11.651573523323576,43.54721919196632,38.45744950672506,47.50619322881384,0.0,0.0,11.46733495432437,5.817862777835028,0.0,11.600939890232516,107.68526416676364,16.076156543784446,5.917906046161393,18.212174285357875,36.92010842337552,5.022633313741326,11.16387793838399,0.0,189.11,36.55094645107958,20.11411936859394,0.0,18.783440806673617,30.171296796370537,30.22035402317605,17.22173979732044,0.0,24.26546827384644,24.75175502454258,27.805137798356935,7.64924292594428,6.304149425757673,28.00103109881219,31.703184258350777,13.48734625311983,-0.5242343347992569,6.7678574459322745,-1.0925226113647672,3.815056649358112,0.0,0.52,39,7,13,0,2,2,0,1,2,3,5,0,12,5,14,4,11,0,2,2,0,0,8.279922840603444,5,-0.0828999999999956,142.54619999999989,1,2,2,1,0,4,0,0,1,1,1,0,0,0,0,6,0,2,0,0,1,0,0,0,0,0,0,0,0,1,0,0,0,0,1,0,1,0,0,0,0,1,0,0,1,0,0,1,0,0,0,0,0,0,0,0,0,0,0,0,0,0,0,0,0,0,0,0,0,0,0,0,0,0,0,0,0,0,0,0,0,0,0,0,0,CHEMBL4635991,Nc1ncnc2c1ncn2[C@@H]1O[C@H](CN(CC[C@H](N)C(=O)O)CC2CN(Cc3ccccc3Cl)C2)[C@@H](O)[C@H]1O,150.2,2.1766699326681493,CHEMBL4106124,MLL1-ASH2L/RbBP5/WDR5/DPY30,4,Large-Polar-Aromatic-Flexible-Hydrophilic
11.213867890818578,11.213867890818578,0.2155172502851494,-1.2037458524941185,0.2398490750869995,26.428571428571427,492.5810000000002,456.29300000000023,492.28086625200007,194,0,0.3200187084936397,-0.4800858278476824,0.4800858278476824,0.3200187084936397,1.2571428571428571,2.0285714285714285,2.742857142857143,16.5559454102617,9.978614888189163,2.4488426226120827,-2.420086841678425,2.3240239696511673,-2.5301309529730465,5.807014935346483,-0.1383560019827483,3.351726674343697,1.420298535536706,999.38143704638,25.11215521726335,19.978882663002533,19.978882663002533,16.77809600087664,12.157353315132836,12.157353315132836,9.601380976509905,9.601380976509905,6.887199217597756,6.887199217597756,4.844551150807826,4.844551150807826,-2.42,61611057.63094497,25.66631049711502,11.100036636771993,5.7074171535185725,203.240714459936,41.32359955434749,36.19776078477367,17.692941169337626,0.0,0.0,5.969305287951848,9.361636831863176,14.951935562841625,0.0,0.0,13.344558822616634,25.304305697925987,32.72378202956288,6.3273200747645415,24.85098232239399,22.951046004170863,0.0,29.31885467233393,11.651573523323576,56.76784323159638,45.002205912637635,12.654640149529085,0.0,0.0,11.46733495432437,5.817862777835028,0.0,0.0,114.2300205726762,9.53140013787187,5.917906046161393,32.41410323920352,12.654640149529085,0.0,11.16387793838399,0.0,189.10999999999996,36.55094645107959,20.11411936859394,0.0,12.238684400761038,30.17129679637053,32.59984724657631,19.075461772455093,4.567099647791355,0.0,31.675492224233203,16.20419790812442,7.63775630547123,0.0,28.04014680328973,30.74275366403991,12.397157478203384,-0.3773868407390501,-0.9628171832176172,1.4368419296111148,6.752214510007965,0.0,0.7272727272727273,35,7,13,0,2,2,0,0,2,2,5,0,12,5,13,4,12,0,2,2,0,0,8.139913909964065,4,-1.1363999999999947,127.16520000000006,1,2,2,1,0,4,0,0,1,1,1,0,0,0,0,6,0,2,0,0,1,0,0,0,0,0,0,0,0,1,0,0,0,0,0,0,1,0,0,0,0,1,0,0,0,0,0,1,0,0,0,0,0,0,0,0,0,0,0,0,0,0,0,0,0,0,0,0,0,0,0,0,0,0,0,0,0,0,0,0,0,0,0,1,0,CHEMBL4643465,CCCCN1CC(CN(CC[C@H](N)C(=O)O)C[C@H]2O[C@@H](n3cnc4c(N)ncnc43)[C@H](O)[C@@H]2O)C1,72.4,1.8597385661971468,CHEMBL4106124,MLL1-ASH2L/RbBP5/WDR5/DPY30,4,Large-Polar-Aromatic-Flexible-Hydrophilic
11.2658340997216,11.2658340997216,0.2110189403402567,-1.2160124805824244,0.2096015581449979,25.62162162162162,532.6270000000004,500.3710000000004,532.2216371239999,200,0,0.3200187084936397,-0.4800858278476824,0.4800858278476824,0.3200187084936397,1.2432432432432432,2.054054054054054,2.783783783783784,32.133474683501845,9.981733357197346,2.449190827974854,-2.4178834223884236,2.3257513270222394,-2.5240838923270985,7.094278358334971,-0.1383562049615538,3.5759979340524324,1.237550773489052,1203.190414541911,26.103719048826065,20.20496819866218,21.021464779589905,17.795734091081684,12.198968131428492,13.078620942683386,9.76169816398442,10.793943346346172,7.018848864843327,7.879998107111116,5.032287148679575,5.778459079288758,-2.72,239946818.71244496,25.909771938387227,10.948186633084958,5.596228483969722,216.84334559322176,36.423689823497014,36.19776078477367,17.692941169337626,0.0,0.0,5.969305287951848,14.261546562713654,14.951935562841625,0.0,11.336785877934735,6.06636706846161,23.78515750801493,44.14568562917675,6.3273200747645415,24.85098232239399,34.2878318821056,0.0,29.318854672333934,11.651573523323576,43.54721919196632,38.45744950672506,35.044584250619515,0.0,0.0,11.46733495432437,5.817862777835028,0.0,11.336785877934735,107.68526416676364,16.076156543784446,5.917906046161393,17.525869987362178,30.167437056918217,0.0,11.16387793838399,0.0,189.11,36.55094645107958,20.11411936859394,0.0,12.238684400761038,36.71605320228311,19.634269217737724,17.531787343230384,15.90388552572609,6.06636706846161,36.198184863470104,16.20419790812442,7.653018384754288,1.7408137860462083,29.384355658072145,32.94493341360352,12.419492850110764,-0.4379144639909786,3.1989694575112404,-0.9688131018193586,4.23181068237883,0.0,0.5652173913043478,37,7,13,0,2,2,0,0,3,3,5,0,13,5,14,5,11,0,2,2,0,0,7.666622129787319,5,-0.6747999999999963,135.4132,1,2,2,1,0,4,0,0,1,1,1,0,0,0,0,6,0,2,0,0,1,0,0,0,0,0,0,0,0,1,0,0,0,0,0,0,1,0,0,0,0,1,0,0,0,0,0,1,0,0,0,0,0,0,0,0,0,0,0,0,0,0,0,0,0,0,0,0,0,0,0,0,0,0,0,0,0,0,0,0,0,0,1,0,0,CHEMBL4641078,Nc1ncnc2c1ncn2[C@@H]1O[C@H](CN(CC[C@H](N)C(=O)O)CC2CN(Cc3cccs3)C2)[C@@H](O)[C@H]1O,66.5,1.8228216453031043,CHEMBL4106124,MLL1-ASH2L/RbBP5/WDR5/DPY30,4,Large-Polar-Aromatic-Flexible-Hydrophilic
15.255982434314664,15.255982434314664,0.0447777395935371,-1.6284620399176168,0.0172543889277324,21.9247311827957,1296.4739999999997,1209.7859999999991,1295.6575040319997,504,0,0.2459158088033557,-0.3936790815918555,0.3936790815918555,0.2459158088033557,0.7849462365591398,1.4946236559139785,2.182795698924731,19.14216991230829,9.750886126374326,2.4987602670007165,-2.4262517855740935,2.339395869837274,-2.6720924337372396,6.0099481442575815,-0.1461497324939739,1.7421782998633144,1.2485961358352624,3302.9983016068704,67.51899288552369,52.11712682935737,52.11712682935737,44.41087037558496,31.377767128709664,31.377767128709664,23.958534154604717,23.958534154604717,17.10676754138271,17.10676754138271,11.914328854874585,11.914328854874585,-9.520000000000003,2.1694617095445345e+22,70.92964628492763,33.17260955569788,19.045776483889732,535.8049627454839,90.25921384903874,71.77455438490884,5.959554568743835,70.88615675221807,0.0,0.0,62.94372981465338,4.39041504767482,0.0,0.0,42.483875555975814,126.2651788924202,56.49941816697449,6.606881964512918,67.03138865137738,87.74863625304299,5.409283605791522,67.95168402271148,17.201002431486554,176.11713228713438,32.78590758816322,83.82394415741362,0.0,0.0,70.36888847154988,4.39041504767482,0.0,0.0,195.47927783047692,70.37608945471388,11.226504446837415,108.4450584808134,66.87982033297372,0.0,10.902924932081056,0.0,469.54999999999984,149.26759310163985,52.64777709916192,14.383611552215466,108.33106953627724,42.1496629154821,6.923737199690624,47.07469808044417,36.52867891392113,0.0,58.15186456101053,22.61028603727808,14.865110297685243,0.0,174.82257157662093,44.55846270107393,16.767345135895056,-10.531959578315016,-1.2117952663632456,5.794552650844446,2.019045815891994,0.0,0.532258064516129,93,19,30,1,3,4,12,2,1,3,10,0,15,16,31,4,25,1,2,3,1,0,25.30023077563076,7,-3.1389300000000206,335.1884000000005,0,1,1,0,0,1,1,0,0,0,12,12,0,0,0,2,12,3,0,0,1,1,0,0,0,0,0,12,0,0,0,0,0,0,2,0,2,0,0,0,0,0,0,1,1,0,0,0,0,0,0,0,0,0,0,0,0,0,0,0,0,0,0,0,1,0,0,0,0,0,0,1,0,0,0,0,0,0,0,0,0,0,0,0,0,CHEMBL4795122,CC(=O)N[C@@H](CO)C(=O)N[C@@H](C)C(=O)N[C@@H](CCCNC(=N)N)C(=O)N[C@@H](Cc1c[nH]c2ccccc12)C(=O)N[C@H]1C/C=C\C[C@@H](C(=O)N2CCC[C@H]2C(=O)N[C@@H](CCCN)C(N)=O)NC(=O)C2(CCC2)NC(=O)[C@@H]2CCCN2C(=O)[C@H](Cc2cccc(F)c2)NC1=O,777.0,2.890421018800914,CHEMBL2093861,Menin/Histone-lysine N-methyltransferase MLL,1,Large-Polar-Aromatic-Flexible-Hydrophilic
15.152906468208329,15.152906468208329,0.007552477525113,-1.7125746035774372,0.0141797673975497,16.033898305084747,1653.926000000001,1536.9979999999994,1652.923643011999,648,0,0.2456755430093532,-0.3907168993305646,0.3907168993305646,0.2456755430093532,0.4406779661016949,0.847457627118644,1.347457627118644,16.271223726166617,10.008719205995485,2.4233284614925457,-2.312008276855413,2.2384952813730576,-2.6011962016097567,6.002406938660754,-0.1430018627106188,1.5894237829176685,1.2732507157369255,4033.040218295182,87.13151258171658,66.40059391996708,66.40059391996708,56.02257916783677,38.834297252802834,38.834297252802834,28.579184537197083,28.579184537197083,19.164315573749978,19.164315573749978,13.225698656260455,13.225698656260455,-13.129999999999992,5.769864906638217e+32,95.4586054314026,48.93709628983895,32.99619661941561,680.7383493299963,139.3609479045633,66.46024912062755,29.797772843719173,82.7005162109211,0.0,0.0,94.16993860596315,0.0,0.0,0.0,48.53093654769288,120.932247172201,82.67844379062481,19.193479199573453,72.23004797184622,123.40121398672136,27.04641802895761,99.85241564674948,34.40200486297311,196.06857307426392,58.902807653213166,71.92105017116157,0.0,0.0,119.47062252707444,0.0,0.0,0.0,263.8556375937182,79.96516382285755,27.04641802895761,121.78961730343002,60.79414718776757,0.0,10.902924932081056,0.0,749.3299999999998,168.35424453112208,67.43551078777439,4.794537184071822,171.9233920289974,17.547724606320003,17.82666213177168,23.647293861082204,42.595045982382736,18.19910120538483,90.05259618504853,61.448422891930726,0.0,0.0,200.34549685644456,90.28763762912192,34.68613884751399,-13.26900591036857,1.0772290651121834,1.435140537398185,2.7706963081110514,0.0,0.547945205479452,118,35,45,0,2,2,14,2,1,3,12,0,20,29,45,3,49,0,2,2,0,0,39.588703099070266,5,-8.247049999999936,432.9916000000006,0,1,1,0,0,1,1,0,0,0,14,14,0,0,0,2,22,6,0,0,2,1,0,0,0,0,0,14,0,0,0,0,0,0,2,0,1,0,0,0,0,0,0,5,0,0,0,0,0,0,0,0,0,0,0,0,0,0,0,0,0,0,0,0,1,0,0,0,0,0,0,1,0,0,0,0,0,0,0,0,0,0,0,0,0,CHEMBL2314823,CC(=O)N[C@@H](CCCNC(=N)N)C(=O)N[C@@H](Cc1c[nH]c2ccccc12)C(=O)N[C@@H](CCCNC(=N)N)C(=O)N[C@@H](Cc1ccccc1)C(=O)N1CCC[C@H]1C(=O)N[C@@H](C)C(=O)N[C@@H](CCCNC(=N)N)C(=O)N1CCC[C@H]1C(=O)NCC(=O)N[C@H](C(=O)NCC(=O)N[C@@H](CCCNC(=N)N)C(=O)N[C@@H](CCCNC(=N)N)C(N)=O)[C@@H](C)O,11.4,1.0569048513364727,CHEMBL1615381,Menin,1,Large-Polar-Aromatic-Flexible-Hydrophilic
13.8735132723289,13.8735132723289,0.0831765570221554,-4.526339256497414,0.2580371549562101,13.545454545454543,642.6200000000001,620.4440000000002,642.0614161440001,228,0,0.3238784088620383,-0.4798953607204604,0.4798953607204604,0.3238784088620383,0.5909090909090909,0.9772727272727272,1.3636363636363635,32.23486300409697,10.0648934406158,2.3349295585958285,-2.2775300869832815,2.4098901419413643,-2.3685186500041424,7.928399583123341,-0.1357492414118594,3.6671340399516863,1.5010553161280176,1901.178903755933,31.2250393923857,22.444464222587893,24.077457384443345,20.962400757748348,12.767599857929376,15.64772651553066,9.490371576542415,13.21499212860153,6.837225627335037,10.348674875179825,4.8762929834057225,7.774320397611401,-5.219999999999999,8366667708.405977,28.878870113681497,10.803415027715628,5.02714210472439,249.8121581904254,29.160506604881608,13.08951281182515,22.99804733313562,13.585884612199656,20.046582306815168,11.938610575903695,18.199506350736108,16.835593968657875,0.0,0.0,24.26546827384644,36.39820241076966,22.90518256585281,21.165739500402676,55.58517494168312,54.13241386101558,0.0,0.0,0.0,9.79096695103555,35.285829406617275,72.79640482153933,0.0,22.99804733313562,27.557883797792663,11.374772549367124,22.99804733313562,0.0,65.66265675826779,29.63565667495881,0.0,0.0,82.58737177257488,0.0,10.772448428929591,0.0,186.27999999999997,45.074705694544015,36.637723126482925,0.0,57.02309620809972,20.109455649160275,0.0,60.6636706846161,12.13273413692322,0.0,0.0,18.947451815200196,77.91125479713666,0.0,23.31530802199675,19.692493457271524,-0.1663531140443108,-1.933914434296585,16.23342349088974,0.0,-2.1662003726256094,-9.052678512994827,0.1428571428571428,44,2,14,0,2,2,0,4,0,4,0,0,10,2,16,2,10,0,0,0,0,0,7.090691349308964,6,2.857000000000001,153.41319999999973,2,0,0,0,0,0,0,0,2,2,2,0,0,0,0,2,0,0,0,0,0,0,0,0,0,0,0,0,0,2,0,0,0,0,4,0,3,0,0,0,0,4,0,0,0,0,0,0,0,0,0,0,0,0,0,0,0,0,0,0,0,0,0,0,0,0,0,0,0,0,0,0,0,0,0,0,2,0,0,0,0,0,0,0,0,CHEMBL4863099,O=C(O)CN(c1ccc(N(CC(=O)O)S(=O)(=O)c2ccc3c(c2)OCO3)c2ccccc12)S(=O)(=O)c1ccc2c(c1)OCO2,149.0,2.173186268412274,CHEMBL3038498,Keap1/Nrf2,2,Large-Polar-Aromatic-Flexible-Hydrophilic
11.257194845203225,11.257194845203225,0.2051775872549053,-1.2260456276348026,0.2046857744244686,25.62162162162162,516.5590000000003,484.3030000000004,516.2444807439999,200,0,0.3200187084936397,-0.4800858278476824,0.4800858278476824,0.3200187084936397,1.2162162162162162,2.027027027027027,2.756756756756757,16.555999048324125,9.977191463199798,2.4491944491239575,-2.418049097082996,2.3250837051890683,-2.5244419078615143,5.807052802862151,-0.1383566503979716,3.5759979340524324,1.237550773489052,1199.290280012021,26.103719048826065,20.20496819866218,20.20496819866218,17.795734091081684,12.185888047853556,12.185888047853556,9.813932952145931,9.813932952145931,7.045586235324064,7.045586235324064,5.050170641324119,5.050170641324119,-3.140000000000001,239946818.71244496,25.50708636846792,10.689496250984988,5.437931415002687,211.9973115868871,40.84084076055037,36.19776078477367,17.692941169337626,0.0,0.0,5.969305287951848,14.261546562713654,14.951935562841625,0.0,0.0,0.0,18.405094737549017,44.83198992717245,18.853646066042657,29.268133259447332,22.951046004170863,0.0,29.318854672333934,11.651573523323576,43.54721919196632,38.45744950672506,36.8107847009658,0.0,0.0,11.46733495432437,5.817862777835028,0.0,0.0,107.68526416676364,16.076156543784446,5.917906046161393,18.212174285357875,35.66448414632215,0.0,11.16387793838399,0.0,202.25,36.55094645107958,20.11411936859394,0.0,12.238684400761038,36.71605320228311,25.197720709434723,17.22173979732044,12.526325991278114,6.06636706846161,24.75175502454258,20.621348845177767,12.768020529868885,0.0,27.942346226528475,30.845090216145447,13.505227179076812,-0.4890308386562971,0.9526068019702651,2.3471518080877747,3.961921410311978,0.0,0.5652173913043478,37,7,14,0,2,2,0,0,3,3,5,0,13,5,14,5,11,0,2,2,0,0,7.369132543494273,5,-1.1432999999999955,129.80220000000003,1,2,2,1,0,4,0,0,1,1,1,0,0,0,0,6,0,2,0,0,1,0,0,0,0,0,0,0,0,1,0,0,0,0,0,0,1,0,0,0,0,1,1,0,0,0,0,1,0,0,0,0,0,0,0,0,0,0,0,0,0,0,0,0,0,0,0,0,0,0,0,0,0,0,0,0,0,0,0,0,0,0,0,0,0,CHEMBL4646694,Nc1ncnc2c1ncn2[C@@H]1O[C@H](CN(CC[C@H](N)C(=O)O)CC2CN(Cc3ccoc3)C2)[C@@H](O)[C@H]1O,21.8,1.3384564936046048,CHEMBL4106124,MLL1-ASH2L/RbBP5/WDR5/DPY30,4,Large-Polar-Aromatic-Flexible-Hydrophilic
13.270690979222024,13.270690979222024,0.0017264516091313,-1.1133600351519723,0.168203799459731,18.612903225806452,850.93,800.5299999999999,850.3649898000001,326,0,0.337330021580044,-0.4928587965105668,0.4928587965105668,0.337330021580044,0.8709677419354839,1.596774193548387,2.2903225806451615,16.508708126667447,9.93546356847446,2.457768368486922,-2.359488435847413,2.3584929484483026,-2.5379048786582645,6.2426667753256995,-0.1361524264792603,3.438533503334955,0.8620075601106213,2306.251317308626,44.0780460645847,35.15468521746287,35.15468521746287,29.912656253862007,20.63973641486339,20.63973641486339,15.402173473301357,15.402173473301357,11.493516736525228,11.493516736525228,8.178539176226403,8.178539176226403,-6.9799999999999995,50653438349408.81,43.12065400805126,18.73941415077674,8.892752437752822,358.03643201837946,34.64398553111376,11.791352662431866,18.105905631080727,17.721539188054518,17.721539188054518,6.031114512338072,38.98392143928774,9.803449708026353,5.101407525739722,0.0,18.19910120538483,74.56867759386131,69.42738651616963,37.10002389786772,47.7723491499029,52.87326416590137,0.0,30.75909779767448,5.101407525739722,57.5323485955426,65.49784079015852,82.41456107463948,0.0,17.248535499851716,35.060864404269616,10.481923458755384,17.248535499851716,0.0,134.67622259447728,25.598970359213297,0.0,76.4341771409493,59.69871114189421,0.0,0.0,0.0,208.58999999999995,42.1846214404184,33.561760288502754,0.0,47.698193133367454,75.61777719060542,27.277650480625024,23.20801372933936,21.267267065232257,48.22184934131076,20.85027554286947,19.31199638713987,16.83807930394002,0.0,93.83739417828394,13.94919554883874,4.327076969719684,-1.7565969659277056,14.681286392189689,2.063666893328017,4.301778450891301,4.7581192287363,0.4090909090909091,62,3,18,0,4,4,8,3,0,3,2,0,12,3,18,4,13,0,2,2,0,1,13.033157966277797,7,2.457500000000004,225.35009999999943,0,0,0,0,0,0,0,0,0,0,7,7,0,0,0,5,3,0,0,0,0,0,0,0,0,0,0,8,0,1,0,0,0,0,3,0,2,0,0,0,0,3,0,0,0,0,1,0,2,0,0,0,0,0,0,2,0,0,0,0,0,0,0,0,0,0,0,0,0,1,1,0,0,0,0,0,0,0,0,0,0,0,0,1,1,CHEMBL4848064,CNC(=O)N1N=C(c2ccc(N3CCN(C(=O)CCCCNC(=O)COc4cccc5c4C(=O)N(C4CCC(=O)NC4=O)C5=O)CC3)cc2)c2cc(OC)c(OC)cc2C[C@@H]1C,0.667,-0.175874166083451,CHEMBL4630734,Protein cereblon/DNA damage-binding protein 1,4,Large-Polar-Aromatic-Flexible-Hydrophilic
11.3468458994889,11.3468458994889,0.209000983734479,-1.2167209358381,0.1439880020922841,26.82926829268293,568.6790000000005,528.3590000000005,568.3121663799999,222,0,0.320018710185812,-0.4800858278431727,0.4800858278431727,0.320018710185812,1.170731707317073,1.951219512195122,2.707317073170732,16.555977611911555,9.785205454285832,2.459482275683243,-2.441012906549827,2.355796129487248,-2.52117335931796,5.807104793958051,-0.1384557314543761,3.4929996347247037,1.1559969302837405,1286.9828190800472,28.93214617357225,22.99577068264033,22.99577068264033,19.812570843487286,14.231374714856608,14.231374714856608,11.142116736116352,11.142116736116352,8.27946508645344,8.27946508645344,5.7822343744436235,5.7822343744436235,-3.2,1621079809.2059646,29.29779080149264,13.18898893748392,6.8262719341241045,238.08783717940472,36.840568696652866,36.19776078477367,17.692941169337626,0.0,0.0,5.969305287951848,14.261546562713654,14.951935562841625,0.0,0.0,30.33183534230805,56.6749784643136,19.13135364097311,6.3273200747645415,24.85098232239399,22.951046004170863,0.0,29.735733545489783,11.651573523323576,68.72759010690575,31.912693100812486,48.54992698353413,0.0,0.0,16.784123558330702,5.817862777835028,0.0,0.0,102.28243885914856,15.95222176079788,5.917906046161393,37.4746391541359,42.98647549183713,0.0,11.16387793838399,0.0,197.9,36.55094645107958,20.11411936859394,0.0,18.280525229909,30.171296796370537,38.7727993035292,18.21809164122608,4.567099647791355,6.06636706846161,49.43410217154487,16.20419790812442,7.707482438922189,0.0,25.885366292826564,34.65107074307923,13.834028320442613,-0.3156362103793523,9.68362555996537,3.070827373803998,2.649902148006058,0.0,0.5714285714285714,41,8,13,1,1,2,0,1,2,3,5,0,12,6,13,3,14,1,1,2,0,0,9.424591189600113,5,0.1327000000000043,151.60489999999982,1,2,2,1,0,4,0,0,1,1,1,0,0,0,0,5,1,2,0,0,0,0,0,0,0,0,0,0,0,1,1,0,0,0,1,0,1,0,0,0,0,1,0,0,0,0,0,1,0,0,0,0,0,0,0,0,0,0,0,0,0,0,0,0,0,0,0,0,0,0,0,0,0,0,0,0,0,0,0,0,0,0,0,0,0,CHEMBL4641985,Nc1ncnc2c1ncn2[C@@H]1O[C@H](CN(CC[C@H](N)C(=O)O)C2CC(CNCCCc3ccccc3)C2)[C@@H](O)[C@H]1O,451.0,2.6541765418779604,CHEMBL4106124,MLL1-ASH2L/RbBP5/WDR5/DPY30,4,Large-Polar-Aromatic-Flexible-Hydrophilic
15.729082008916,15.729082008916,0.0081114942513864,-1.8373856842112664,0.0148553778514417,24.064285714285713,2019.9020000000016,1874.7499999999989,2018.0037083079987,776,0,0.3029356715703366,-0.4812292624533588,0.4812292624533588,0.3029356715703366,0.55,1.0928571428571427,1.7,35.49569894223893,10.002001354463037,2.475317345883889,-2.333712723628503,2.3047977363624614,-2.611070939801043,8.762960223554456,-0.1479291165955921,1.669492931343961,1.344589469597572,4624.914048174442,102.98451925391564,80.85840610134721,83.24732820922111,66.69434288548344,48.458838739527515,51.324837084249324,36.8051905552752,39.83959038897713,25.06720779377219,27.882635498530146,17.456388652728,19.92521994575779,-11.490000000000004,8.148086791995805e+42,115.48252463683336,58.66643701526754,35.9304627039838,828.4088076318677,127.18240407782072,102.7112940955153,5.959554568743835,106.32923512832714,0.0,5.969305287951848,96.50549010315618,0.0,0.0,0.0,129.18000163500398,177.45876461421443,75.43832462526643,6.606881964512918,101.30926128704608,151.44683082802877,5.409283605791522,94.03467937949056,34.770482000971526,311.69799506649997,63.92588401939451,70.74683991328982,0.0,0.0,97.3697103647374,0.0,0.0,33.18873584300596,314.707966813016,103.93784974321667,17.24509569811431,207.27196070852665,54.59730361615449,5.022633313741326,0.0,0.0,674.1,251.58575836704657,67.74750099854327,33.561760288502754,165.74274935161836,56.07265434387607,21.587795952773444,33.44711332278316,82.292252414917,6.923737199690624,74.43504045608864,39.94489340467278,0.0,6.801672129026288,281.4690869153042,66.2260054049842,24.003648215451957,-18.300922663829773,-9.65999054192573,1.721782815701448,10.755384733546212,1.9277774361856277,0.6559139784946236,140,25,44,0,5,5,18,2,0,2,17,0,25,21,47,5,39,0,5,5,0,0,48.39248755693475,7,-2.0275299999999827,522.1517000000014,1,1,1,0,0,0,0,0,1,1,19,18,0,0,0,4,15,4,0,0,3,0,0,0,0,0,0,18,0,0,0,0,0,0,2,0,1,0,0,0,0,0,0,1,1,0,0,0,0,0,0,0,0,0,0,0,0,0,0,0,0,0,0,0,0,0,0,0,0,0,0,1,0,0,0,0,0,0,0,0,0,0,0,3,0,CHEMBL3335460,CCCC[C@@H]1NC(=O)[C@H](CCCCN)NC(=O)[C@H](CCCNC(=N)N)NC(=O)[C@H](CC(C)C)NC(=O)[C@@H](NC(=O)[C@H](Cc2ccccc2Cl)NC(=O)[C@@H]2CCCN2C(=O)[C@@H](NC(C)=O)C(C)C)CCSSC[C@@H](C(=O)N[C@@H](CCCCN)C(=O)N2CCC[C@H]2C(=O)N2CCC[C@H]2C(=O)N[C@@H](CCC(=O)O)C(N)=O)NC(=O)[C@H](Cc2ccccc2)NC(=O)[C@H](CO)NC(=O)[C@H](C)NC(=O)[C@@H]2CCCN2C1=O,380.0,2.57978359661681,CHEMBL3430909,Transcriptional coactivator YAP1/Transcriptional enhancer factor TEF-1,1,Large-Polar-Aromatic-Flexible-Hydrophilic
13.627014758886704,13.627014758886704,0.0113484901408786,-4.602026093271289,0.2596674580995312,11.658536585365852,603.6060000000002,581.4300000000002,603.078149504,214,0,0.3239377481692738,-0.4967671120136988,0.4967671120136988,0.3239377481692738,0.7804878048780488,1.2682926829268293,1.804878048780488,32.23486248988181,10.115869041501073,2.3279760118573978,-2.2680213159926557,2.364411126909297,-2.374517761834696,7.928233553081111,-0.1357543374604916,2.940359284281175,1.9338635155990385,1830.821345827131,29.94901851044681,21.20803412652202,22.841027288377475,19.355446270066267,11.624221297058472,14.504347954659757,8.452917070899213,12.177537622958326,5.864770709117709,9.38892362629671,3.9880834862345984,6.795481841638331,-4.759999999999999,784679050.9683186,29.22819465876111,11.385011807572718,5.899539326553635,233.50342607843928,14.94991774348146,24.65624548615495,5.817862777835028,0.0,20.046582306815168,11.938610575903695,13.894290359439877,30.515203528576137,0.0,0.0,24.26546827384644,48.53093654769288,10.772448428929591,28.78499433860972,45.76500112795779,54.26289036416705,0.0,4.983978520947208,0.0,9.79096695103555,28.80974233569515,84.81046923419831,0.0,5.749511833283905,13.347294936392515,15.89566410019341,5.749511833283905,0.0,64.17054820829287,29.63565667495881,5.817220841045894,0.0,88.78421534418797,0.0,10.772448428929591,0.0,171.48,55.78741001110768,41.028138174157746,0.0,27.173180956965957,14.35994381587637,30.462311845459514,55.64073408897041,0.0,0.0,4.983978520947208,4.736862953800049,73.85049618137683,0.0,26.96586774188601,19.187223995410186,-0.1972007405273095,-3.722772371680114,14.746925720878275,0.955071386579323,-2.0782345635693664,-7.70737735035383,0.1153846153846153,41,2,12,0,0,0,0,3,1,4,0,0,8,2,15,1,11,0,0,0,0,0,8.116179056195831,4,2.9423000000000012,145.47219999999982,2,0,0,0,0,1,0,0,2,2,2,0,0,0,0,3,0,0,0,0,0,0,0,0,0,0,0,0,0,2,0,0,0,0,3,0,1,0,0,0,0,1,0,0,1,0,0,0,0,0,0,0,0,0,0,1,0,0,0,0,0,0,0,0,0,0,0,0,0,0,0,0,0,1,0,0,2,0,0,0,0,0,0,0,0,CHEMBL4640093,COc1ccc(S(=O)(=O)N(CC(=O)O)c2cnc(N(CC(=O)O)S(=O)(=O)c3ccc(F)cc3)c3ccccc23)cc1,280.0,2.447158031342219,CHEMBL3038498,Keap1/Nrf2,2,Large-Polar-Aromatic-Flexible-Hydrophilic
12.55956504699477,12.55956504699477,0.0735639433051049,-0.4920912201399245,0.2942821320138352,10.942857142857145,492.56100000000026,468.3690000000003,492.1579742480001,180,0,0.339739902251673,-0.4623354406310379,0.4623354406310379,0.339739902251673,1.0285714285714285,1.7428571428571429,2.5142857142857142,32.16655630861651,10.096268997961577,2.1713940824979963,-2.1008202100190987,2.210936246413993,-2.2150794918669248,7.993693455567891,-0.1133644151439025,3.2011298211332995,1.4552346407873022,1462.1742867153955,24.94901851044682,19.517431926895757,20.333928507823483,16.884249150759292,10.906506464194695,11.892105023848185,7.65853819508971,8.601036835949444,5.312501460035872,6.332737551420958,3.576307578457679,4.306253730486438,-3.99,84405259.17118196,24.144626592088866,10.51458286477894,5.243399848710792,204.86247917194495,14.620751205597736,5.824404497999927,5.156436481820707,5.907179729351506,5.559266895052007,5.969305287951848,9.589074368143644,9.476340119217006,5.098681808301038,10.197363616602075,42.09372029169917,25.122838405075452,19.481568179819178,41.11154716987953,14.325937321943693,40.098204670307624,0.0,24.544948007839658,14.09534396535438,18.50099530443734,17.67652417526604,75.96652461136209,0.0,0.0,10.87605549905834,5.687386274683562,0.0,11.761884949391115,48.78116859640271,30.04756572615226,0.0,28.800058368307827,58.48191021358541,0.0,10.772448428929591,0.0,121.0,5.969305287951848,14.383611552215466,0.0,23.826182195663225,39.73265257844046,5.386224214464796,16.4436878845363,48.87034417246721,25.246773188062026,20.612834028909443,4.736862953800049,8.165706218406973,1.2250446428571429,37.055816850798614,17.5661080900839,1.2413395949149957,-0.0584481621007066,14.025782720862658,0.3728226696376946,1.9705923192994643,3.435235055239267,0.25,35,1,10,0,0,0,1,2,2,4,0,0,10,1,11,2,8,0,0,0,0,0,7.253447915476101,4,2.5603000000000007,132.5452,0,0,0,0,0,5,0,0,0,0,2,2,0,0,0,5,1,0,0,0,0,0,0,0,0,0,0,1,0,1,1,0,0,0,2,0,1,0,0,0,1,1,0,0,0,0,0,0,0,0,0,0,0,0,0,0,0,0,0,0,0,0,0,0,1,0,0,0,0,0,0,0,0,0,0,1,0,0,0,0,0,0,0,0,0,CHEMBL4100969,CCOC(=O)c1ccccc1NC(=O)CSc1nnc(Cc2nn(C)c(=O)c3ccccc23)n1C,30000.0,4.477121254719663,CHEMBL4106128,IL15-IL15 receptor,0,Large-Polar-Aromatic-Flexible-Hydrophilic
15.106519122861831,15.106519122861831,0.0231919075244888,-1.5193721751232725,0.0197945375067904,21.82758620689655,1207.4089999999992,1124.7529999999992,1206.641045444,470,0,0.2456755447164284,-0.3701604379834824,0.3701604379834824,0.2456755447164284,0.7011494252873564,1.3448275862068966,2.022988505747126,16.185445221471255,10.010271589028973,2.4195817725806488,-2.3084278760939987,2.2366167482891353,-2.6016883425962134,5.995097620524677,-0.1429394719698098,2.237110898858027,1.355976575334015,3045.376596094884,63.32032227277442,49.13262361482776,49.13262361482776,41.499926904635274,29.20372481069676,29.20372481069676,21.962732381039988,21.962732381039988,15.292097128190164,15.292097128190164,10.740369275739235,10.740369275739235,-9.570000000000006,3.1138062185161196e+19,66.56813331319216,32.079107735750675,19.479964742412108,502.9150851855254,85.15268645419805,60.418408291479594,11.91910913748767,64.97897702286656,0.0,0.0,63.55847623637308,0.0,0.0,0.0,60.68297676136064,95.24896068049696,63.04417457288707,0.0,52.73990902479004,87.80101109243532,10.818567211583044,67.95168402271148,17.201002431486554,158.2394793656636,26.1790256236503,84.07309038482934,0.0,0.0,70.36888847154988,0.0,0.0,0.0,178.2793180581323,65.58155227064206,10.818567211583044,96.10633081172598,72.94618740143534,0.0,10.902924932081056,0.0,456.09999999999985,125.39738531434618,43.1508346566464,9.589074368143644,95.88552936747207,41.29229278425308,0.0,42.723071274440585,42.595045982382736,18.19910120538483,58.15186456101053,28.0195696430696,0.0,0.0,159.91623810262496,42.57043841572828,18.464627348150568,-8.566643242729874,3.479987625580373,5.665696128531882,4.636322288780493,0.0,0.5,87,19,29,0,3,3,11,2,1,3,10,0,13,16,29,4,23,0,2,2,0,0,24.54536000369776,6,-2.764960000000018,319.9563000000004,0,0,0,0,0,1,1,0,0,0,11,11,0,0,0,2,13,3,0,0,1,1,0,0,0,0,0,11,0,0,0,0,0,0,2,0,2,0,0,0,0,0,0,2,0,0,0,0,0,0,0,0,0,0,0,0,0,0,0,0,0,0,0,0,1,0,0,0,0,0,0,1,0,0,0,0,0,0,0,0,0,0,0,0,0,CHEMBL4797359,CC(=O)N[C@@H](C)C(=O)N[C@@H](CCCNC(=N)N)C(=O)N[C@@H](Cc1c[nH]c2ccccc12)C(=O)N[C@H]1C/C=C\C[C@@H](C(=O)N2CCC[C@H]2C(=O)N[C@@H](CCCNC(=N)N)C(N)=O)NC(=O)[C@H](C)NC(=O)[C@@H]2CCCN2C(=O)[C@H](Cc2ccccc2)NC1=O,151.0,2.1789769472931693,CHEMBL2093861,Menin/Histone-lysine N-methyltransferase MLL,1,Large-Polar-Aromatic-Flexible-Hydrophilic
11.312467904692744,11.312467904692744,0.1613393004019736,-1.2772425699041443,0.145075339008353,21.8,552.5960000000003,520.3400000000004,552.255714124,212,0,0.3200187103238949,-0.4800858278428935,0.4800858278428935,0.3200187103238949,1.15,1.95,2.725,16.555962700805857,10.09615832105871,2.4457948850807947,-2.2612540617555523,2.3219778879908923,-2.4186085733014444,5.807091983445239,-0.1383387538204165,3.656349534835355,1.2783364311981116,1429.9013439812938,28.225039392385703,21.638740856390935,21.638740856390935,19.29573409108168,12.881317336322486,12.881317336322486,9.80631690703679,9.80631690703679,6.954214684116693,6.954214684116693,4.738288744368748,4.738288744368748,-4.0200000000000005,1364222066.7330298,27.543250359546953,12.014622565547873,6.077965288052694,228.571524789719,31.523780092646533,36.19776078477367,17.692941169337626,0.0,0.0,5.969305287951848,18.94334949785884,14.951935562841625,0.0,5.098681808301038,35.54522043796292,18.405094737549017,32.37586919526338,12.021248069613002,24.85098232239399,22.951046004170863,0.0,39.41281478058454,5.733667477162185,56.5127972208049,18.823180288987334,60.440698549995666,0.0,0.0,11.46733495432437,5.817862777835028,0.0,0.0,98.14495505727652,29.04173457262303,0.0,23.906102280206337,49.183319063450206,0.0,11.16387793838399,0.0,216.58,36.55094645107958,20.11411936859394,0.0,25.32819721258619,29.947318745057604,6.4208216229260096,22.785191289017433,4.681802935145184,41.4285886447716,25.26400246679753,16.20419790812442,9.3409481500922,0.0,25.50666470121147,39.4503653400143,14.194125089065672,-0.9177897198597748,8.9866889880992,1.1968537541314224,1.4088103639121718,0.0,0.44,40,7,15,0,1,1,0,1,3,4,5,0,14,5,15,4,12,0,1,1,0,0,8.273043932458682,5,-0.8338999999999968,141.3321999999999,1,2,2,1,0,7,0,0,1,1,1,0,0,0,0,8,0,2,0,0,0,0,0,0,0,0,0,0,0,1,2,0,0,0,1,0,1,0,0,0,0,1,0,0,0,0,0,1,0,0,0,0,0,0,0,0,0,0,0,0,0,0,0,0,0,0,0,0,0,0,0,0,0,0,0,0,0,0,0,0,0,0,0,0,0,CHEMBL4647930,Nc1ncnc2c1ncn2[C@@H]1O[C@H](CN(CC[C@H](N)C(=O)O)Cc2cn(CCc3ccccc3)nn2)[C@@H](O)[C@H]1O,132.0,2.12057393120585,CHEMBL4106124,MLL1-ASH2L/RbBP5/WDR5/DPY30,4,Large-Polar-Aromatic-Flexible-Hydrophilic
15.220665874009084,15.220665874009084,0.0223918589562714,-1.6462881220073589,0.0157022280402845,21.372340425531913,1312.4769999999996,1225.788999999999,1311.6636520319996,510,0,0.2456755596701154,-0.3936790815918555,0.3936790815918555,0.2456755596701154,0.723404255319149,1.3829787234042554,2.0531914893617023,19.142170299034248,10.00962617654812,2.4221703429396126,-2.3085121300123337,2.239289354052697,-2.603718971599746,5.999040610329484,-0.1429399900485226,1.6856877876457246,1.3664551915723695,3327.5075147306907,68.75947986152985,52.57315675498735,52.57315675498735,44.736309009853706,31.059341120626588,31.059341120626588,23.35080270678516,23.35080270678516,16.153854761675504,16.153854761675504,11.238761814099432,11.238761814099432,-10.210000000000004,8.034646757746487e+21,72.84837081516447,35.00145230100293,21.17235303881028,540.6810649674893,95.57600245304508,72.27746996167345,11.91910913748767,70.88615675221807,0.0,0.0,68.35301342044491,4.39041504767482,0.0,0.0,42.483875555975814,107.3816948174202,63.04417457288707,6.606881964512918,67.03138865137738,93.70819082178684,10.818567211583044,73.26847262671781,17.201002431486554,164.28132019481157,32.78590758816322,83.82394415741362,0.0,0.0,75.68567707555621,4.39041504767482,0.0,0.0,201.94174797598535,70.37608945471388,16.63578805262894,96.10633081172598,66.87982033297372,0.0,10.902924932081056,0.0,505.42999999999984,156.19133030133045,57.44231428323374,9.589074368143644,101.44898085916908,29.30801966963007,12.990104268152232,53.99843528013479,30.462311845459514,0.0,63.46865316501686,28.0195696430696,14.81304073991802,0.0,173.53102036757684,53.99449767073244,17.956873048884667,-11.287964558085244,-2.8844905055799943,4.427520738303082,3.282835831583526,0.0,0.5081967213114754,94,21,32,0,3,3,12,2,1,3,11,0,15,18,33,4,26,0,2,2,0,0,27.125518896731418,6,-4.148760000000028,338.93080000000043,0,1,1,0,0,1,1,0,0,0,12,12,0,0,0,2,14,3,0,0,1,1,0,0,0,0,0,12,0,0,0,0,0,0,2,0,2,0,0,0,0,0,0,2,1,0,0,0,0,0,0,0,0,0,0,0,0,0,0,0,0,0,0,0,1,0,0,0,0,0,0,1,0,0,0,0,0,0,0,0,0,0,0,0,0,CHEMBL4780693,CC(=O)N[C@@H](CO)C(=O)N[C@@H](C)C(=O)N[C@@H](CCCNC(=N)N)C(=O)N[C@@H](Cc1c[nH]c2ccccc12)C(=O)N[C@H]1C/C=C\C[C@@H](C(=O)N2CCC[C@H]2C(=O)N[C@@H](CCCNC(=N)N)C(N)=O)NC(=O)[C@H](C)NC(=O)[C@@H]2CCCN2C(=O)[C@H](Cc2cccc(F)c2)NC1=O,281.0,2.44870631990508,CHEMBL2093861,Menin/Histone-lysine N-methyltransferase MLL,1,Large-Polar-Aromatic-Flexible-Hydrophilic
11.44538161375177,11.44538161375177,0.2078463573485292,-1.2332540724487664,0.1344662728361209,22.89130434782609,630.7500000000005,588.4140000000004,630.3278164440001,244,0,0.3200187084936397,-0.4800858278476824,0.4800858278476824,0.3200187084936397,0.9565217391304348,1.6304347826086956,2.282608695652174,16.555971460142207,9.87346314557282,2.44980642379507,-2.425345157619639,2.3327412392732376,-2.531731106177199,5.807211457676154,-0.1383579045825223,3.5982895758469757,1.0751566633025802,1545.4875815835114,32.20816705551114,25.622628842901875,25.622628842901875,22.27889733867607,15.757212298645705,15.757212298645705,12.410455783318628,12.410455783318628,9.197189360412525,9.197189360412525,6.670980978124747,6.670980978124747,-3.979999999999999,24424834129.839176,31.980268859410035,14.199615003318554,7.042047401416093,266.9899607576675,41.323599554347496,36.19776078477367,17.692941169337626,0.0,0.0,5.969305287951848,9.361636831863176,14.951935562841625,0.0,0.0,60.6636706846161,36.43120868131998,38.64168807572427,6.3273200747645415,24.85098232239399,22.951046004170863,0.0,29.318854672333934,11.651573523323576,49.341190455141145,45.002205912637635,84.4452138175392,0.0,0.0,11.46733495432437,5.817862777835028,0.0,0.0,114.23002057267622,9.53140013787187,5.917906046161393,36.114353446142275,73.3183108341452,0.0,11.16387793838399,0.0,189.11,36.55094645107958,20.11411936859394,0.0,12.238684400761038,42.633959248444505,26.055090840663738,23.781543132923073,4.567099647791355,12.13273413692322,73.28269157223546,16.20419790812442,7.7380161028851235,0.0,28.428870359039767,31.3276952260768,15.162746875139902,-0.1691157360153705,20.20019302489695,-0.0474720008509863,4.192399482161144,0.0,0.4545454545454545,46,7,13,0,2,2,0,2,2,4,5,0,12,5,13,4,14,0,2,2,0,0,9.87190229361391,6,1.2857000000000045,171.60119999999958,1,2,2,1,0,4,0,0,1,1,1,0,0,0,0,6,0,2,0,0,1,0,0,0,0,0,0,0,0,1,0,0,0,0,2,0,1,0,0,0,0,1,0,0,0,0,0,1,0,0,0,0,0,0,0,0,0,0,0,0,0,0,0,0,0,0,0,0,0,0,0,0,0,0,0,0,0,0,0,0,0,0,0,0,0,CHEMBL4638624,Nc1ncnc2c1ncn2[C@@H]1O[C@H](CN(CC[C@H](N)C(=O)O)CC2CN(CCC(c3ccccc3)c3ccccc3)C2)[C@@H](O)[C@H]1O,138.4,2.141136090120739,CHEMBL4106124,MLL1-ASH2L/RbBP5/WDR5/DPY30,4,Large-Polar-Aromatic-Flexible-Hydrophilic
15.214523283983992,15.214523283983992,0.0242739867375763,-1.9914280895238483,0.058825827403098,23.7979797979798,1381.939,1300.2909999999993,1380.5582021919995,524,0,0.3054810620751411,-0.4812292624504556,0.4812292624504556,0.3054810620751411,0.4444444444444444,0.8585858585858586,1.404040404040404,35.495695587728235,9.99156126084876,2.453316504927442,-2.3360312144976256,2.2837970014747526,-2.616293083508394,6.309482335455932,-0.147916182144398,1.6930841635001408,1.1259669762485462,3994.736231110982,71.02706457503146,54.55547680121269,55.31140574723114,47.382069637795986,32.967393199466244,33.34535767247547,25.611959570914,26.04839535138598,17.902282381838482,18.13737948462622,12.90338092726181,13.075483951214675,-10.640000000000002,1.2245026402441727e+25,72.62520566555368,33.54761245437566,19.352560060350765,573.3987305805674,77.62166752016815,60.418408291479594,0.0,59.071797293515054,0.0,17.907915863855546,62.32898339293368,0.0,0.0,0.0,104.31118617961474,97.3829316472779,90.8366128705108,6.4208216229260096,77.64856557745581,110.38650291176523,0.0,62.30208533564603,5.917906046161393,164.157385411825,13.08951281182515,142.79836658760286,0.0,0.0,42.53430883205065,0.0,0.0,11.600939890232516,185.5749929487928,88.01226988463775,5.917906046161393,100.30949659542937,115.52192730707355,5.022633313741326,21.805849864162113,0.0,416.9,175.42013560964162,58.47041684116851,19.178148736287287,58.03526417230721,61.92393239054345,0.0,9.799819461700954,129.36940170645482,0.0,52.50226587394506,11.600939890232516,0.0,6.441535560230374,195.59063586803245,52.72322598406949,3.1559581281379936,-14.287791754629756,13.098475578014693,-0.7616890797307585,3.4840941603199296,0.0,0.4142857142857143,99,13,28,0,3,3,10,4,2,6,10,0,13,13,29,5,18,0,3,3,0,0,24.610123778659823,9,2.6976000000000093,359.6704000000008,3,0,0,0,0,2,2,0,3,3,13,10,0,0,0,2,10,0,0,0,0,2,0,0,0,0,0,10,0,0,0,0,0,0,4,0,4,0,0,0,0,0,0,0,1,0,0,0,0,0,0,0,0,0,0,0,0,0,0,0,0,0,0,0,1,0,0,0,0,0,0,0,0,0,0,0,0,0,0,0,0,0,0,0,0,CHEMBL3752931,CC(C)C[C@@H]1NC(=O)[C@H](Cc2c[nH]c3ccc(Cl)cc23)NC(=O)[C@H](CCC(=O)O)NC(=O)[C@H](Cc2ccccc2)NC(=O)[C@@H]2CCCN2C(=O)[C@H]2CCCN2C(=O)[C@H](Cc2ccccc2)NC(=O)[C@H](CCC(=O)O)NC(=O)[C@H](Cc2c[nH]c3ccccc23)NC(=O)[C@H](CC(=O)O)NC1=O,140.0,2.146128035678238,CHEMBL1907611,Tumour suppressor p53/oncoprotein Mdm2,1,Large-Polar-Aromatic-Flexible-Hydrophilic
11.325017962730058,11.325017962730058,0.2147540637773317,-1.2061208387038114,0.1871768245132141,30.256410256410255,546.6730000000006,504.3370000000005,546.327816444,216,0,0.3200187101859302,-0.4800858278431726,0.4800858278431726,0.3200187101859302,1.205128205128205,1.9743589743589745,2.717948717948718,16.555976635499373,9.843415491956328,2.4598237893815655,-2.4430970632663898,2.3437091297081696,-2.555558991490859,5.807058724779482,-0.1384423017236155,3.6228707659366126,1.180270033784068,1105.203460524064,27.517932611199157,22.307689949441464,22.307689949441464,18.81257084348729,14.21875604666964,14.21875604666964,11.426573786492524,11.426573786492524,8.78389813333743,8.78389813333743,6.297122419718566,6.297122419718566,-2.420000000000001,648063883.0629277,28.12104809974444,12.398158579729364,6.335187276554513,227.48468027739793,36.840568696652866,36.19776078477367,17.692941169337626,0.0,0.0,5.969305287951848,14.261546562713654,14.951935562841625,0.0,0.0,25.68328649170404,44.56677056670402,25.17319447012107,6.3273200747645415,24.85098232239399,22.951046004170863,0.0,29.735733545489783,11.651573523323576,100.45271742775776,25.36793669489991,12.654640149529085,0.0,0.0,16.784123558330702,5.817862777835028,0.0,0.0,101.77952328238392,9.53140013787187,5.917906046161393,64.01529577706897,12.654640149529085,0.0,11.16387793838399,0.0,197.9,36.55094645107958,20.11411936859394,0.0,18.280525229909,30.295231579357104,25.304305697925987,51.17956988708515,4.567099647791355,0.0,25.16863389769843,16.20419790812442,7.710074386554383,0.0,25.86955127192929,34.70311474715689,12.49534574925311,0.0826113136691168,-0.3299316227346879,8.992493759431976,1.8100737280732633,0.0,0.7692307692307693,39,8,13,2,1,3,0,0,2,2,5,0,12,6,13,3,13,2,1,3,0,0,8.939723429969964,5,0.2227000000000031,143.46489999999991,1,2,2,1,0,4,0,0,1,1,1,0,0,0,0,5,1,2,0,0,0,0,0,0,0,0,0,0,0,1,0,0,0,0,0,0,1,0,0,0,0,1,0,0,0,0,0,1,0,0,0,0,0,0,0,0,0,0,0,0,0,0,0,0,0,0,0,0,0,0,0,0,0,0,0,0,0,0,0,0,0,0,0,0,0,CHEMBL4638858,Nc1ncnc2c1ncn2[C@@H]1O[C@H](CN(CC[C@H](N)C(=O)O)C2CC(NCCCC3CCCC3)C2)[C@@H](O)[C@H]1O,127.0,2.103803720955957,CHEMBL4106124,MLL1-ASH2L/RbBP5/WDR5/DPY30,4,Large-Polar-Aromatic-Flexible-Hydrophilic
15.066175893650744,15.066175893650744,0.0356511375835972,-1.5092639359383908,0.0231770846566866,22.536585365853657,1138.2979999999995,1062.6979999999992,1137.57196284,442,0,0.2456755447164284,-0.3936790815918555,0.3936790815918555,0.2456755447164284,0.7682926829268293,1.451219512195122,2.158536585365854,16.25607682307633,10.010265699165013,2.4130280913936835,-2.306467151236615,2.2313564631793517,-2.603409678379114,5.994006441278121,-0.1425808355841081,4.446196727004418,1.3577283149684929,2880.5059500391035,59.62165166002516,46.08827337876501,46.08827337876501,39.144084856978715,27.377724051525515,27.377724051525515,20.662626211795512,20.662626211795512,14.488466245766128,14.488466245766128,10.12942057211023,10.12942057211023,-8.880000000000003,4.6357792355304544e+17,62.319383672997475,29.543010478816125,17.071626782014558,473.0393887146462,79.20875776787022,60.418408291479594,5.959554568743835,64.97897702286656,0.0,0.0,58.14919263058156,0.0,0.0,0.0,60.68297676136064,82.40731743464494,56.49941816697449,6.606881964512918,57.84643641963074,81.84145652369148,5.409283605791522,62.63489541870514,11.46733495432437,145.3978361198116,26.241151182250643,84.07309038482934,0.0,0.0,59.31843239038136,0.0,0.0,0.0,177.4884164428295,65.58155227064206,5.409283605791522,83.26468756587396,72.94618740143534,0.0,10.902924932081056,0.0,414.4299999999999,132.0042672788591,53.05189923555892,4.794537184071822,70.53957514696363,41.29229278425308,6.923737199690624,35.799334074749964,60.79414718776757,0.0,52.83507595700419,16.876618560115894,0.0,0.0,157.84570768090268,41.660394283451915,13.078494628788864,-8.64695534710232,3.1217847194116306,5.4325499736159095,3.5080240609313167,0.0,0.4909090909090909,82,16,27,0,3,3,11,2,1,3,10,0,13,14,27,4,20,0,2,2,0,0,22.452465913228377,6,-3.035930000000011,297.8913000000002,0,1,1,0,0,1,1,0,0,0,11,11,0,0,0,2,11,2,0,0,1,1,0,0,0,0,0,11,0,0,0,0,0,0,2,0,2,0,0,0,0,0,0,1,0,0,0,0,0,0,0,0,0,0,0,0,0,0,0,0,0,0,0,0,1,0,0,0,0,0,0,1,0,0,0,0,0,0,0,0,0,0,0,0,0,CHEMBL4790384,CC(=O)N[C@@H](CO)C(=O)N[C@@H](C)C(=O)N[C@@H](CCCNC(=N)N)C(=O)N[C@@H](Cc1c[nH]c2ccccc12)C(=O)N[C@H]1C/C=C\C[C@@H](C(=O)N2CCC[C@H]2C(N)=O)NC(=O)[C@H](C)NC(=O)[C@@H]2CCCN2C(=O)[C@H](Cc2ccccc2)NC1=O,6800.0,3.832508912706236,CHEMBL2093861,Menin/Histone-lysine N-methyltransferase MLL,1,Large-Polar-Aromatic-Flexible-Hydrophilic
15.270467616059005,15.270467616059005,0.0096818413365782,-2.0591342235582406,0.0166319851421049,18.549707602339183,2424.9049999999997,2245.4809999999975,2423.314756055999,950,0,0.3054810621152199,-0.4812292624533588,0.4812292624533588,0.3054810621152199,0.3508771929824561,0.6842105263157895,1.105263157894737,32.16637432034098,9.9963550571195,2.4955929880482026,-2.3340876148270575,2.304517884659761,-2.621180884815333,7.98109886550458,-0.1479562412655224,1.6558473932516065,1.0609059047895222,5763.521103714826,126.6993332456805,98.8165184173296,99.63301499825734,81.11084199880224,58.60186255905439,59.99570940917173,44.95597545417817,45.94157401383166,30.150129869125973,30.79408041998535,21.13431812029612,21.605722641087148,-15.550000000000002,3.92581716662326e+57,142.26250543689832,72.19090374426315,46.29651767968418,997.6870000857356,169.71306936469597,120.83681658295916,11.91910913748767,129.95795404573315,0.0,11.938610575903695,125.88745962930685,0.0,11.761884949391115,0.0,102.20609388275987,221.42303449680247,78.4203185327827,19.13166997518723,135.49500199708663,165.57755870851562,10.818567211583044,114.88495492236004,52.15572300145729,374.9553292560128,77.5183124079843,71.7905736680101,0.0,0.0,124.78741113108076,0.0,0.0,11.761884949391115,403.20042737143183,127.9105356635758,28.572285350067222,246.29980602284735,60.6636706846161,0.0,0.0,0.0,915.1300000000005,318.4723419722557,97.138704524512,38.356297472574575,211.82091669368376,43.23101109802404,4.899909730850477,45.20899827217427,108.46186306627128,0.0,90.38540626810764,45.22057207455616,0.0,1.300508637798124,346.93651779935976,101.73929459395876,35.05422618725755,-24.661755385532985,-13.086086513819104,-0.6234352952824773,11.840729976260327,0.0,0.6607142857142857,171,35,58,0,5,5,22,2,0,2,21,0,31,29,59,5,73,0,5,5,0,0,60.05882360475345,7,-6.532059999999887,624.9729000000026,2,2,2,0,0,0,0,0,2,2,24,22,0,0,0,5,19,6,0,0,5,0,0,0,0,0,0,22,0,0,0,0,0,0,2,0,0,0,0,0,0,0,0,2,0,0,0,0,0,0,0,0,0,0,0,0,0,0,0,0,0,0,0,0,0,0,0,0,0,0,0,2,0,0,0,1,0,0,0,0,0,0,0,2,0,CHEMBL3335388,CSCC[C@H](NC(=O)[C@@H]1CCCN1C(=O)[C@@H](NC(=O)[C@@H](NC(=O)[C@H](CCC(N)=O)NC(=O)[C@@H]1CCCN1C(C)=O)[C@@H](C)O)C(C)C)C(=O)N[C@@H](CCCNC(=N)N)C(=O)N[C@@H](CC(C)C)C(=O)N[C@@H](CCCNC(=N)N)C(=O)N[C@@H](CCCCN)C(=O)N[C@@H](CC(C)C)C(=O)N1CCC[C@H]1C(=O)N[C@@H](CC(=O)O)C(=O)N[C@@H](CO)C(=O)N[C@@H](Cc1ccccc1)C(=O)N[C@@H](Cc1ccccc1)C(=O)N[C@@H](CCCCN)C(=O)N1CCC[C@H]1C(=O)N1CCC[C@H]1C(=O)N[C@@H](CCC(=O)O)C(N)=O,49000.0,4.690196080028514,CHEMBL3430909,Transcriptional coactivator YAP1/Transcriptional enhancer factor TEF-1,1,Large-Polar-Aromatic-Flexible-Hydrophilic
15.457462638667288,15.457462638667288,0.0319536053852611,-1.81898593359182,0.0151051888545835,14.44186046511628,1798.0350000000003,1677.0749999999991,1796.888605479999,700,0,0.3029356726838707,-0.5079666451556014,0.5079666451556014,0.3029356726838707,0.4883720930232558,0.9302325581395348,1.426356589147287,16.465874720216238,10.000623852548818,2.3919150038085166,-2.2876167817552626,2.2201252768976314,-2.6171732419224725,6.007335890982917,-0.1386657657418722,1.7050939316567115,1.3250093815799149,4849.19575460549,95.3027209780409,73.69321799919342,73.69321799919342,61.140302668416496,42.2777386897815,42.2777386897815,32.21108833893934,32.21108833893934,20.38147760296041,20.38147760296041,13.387821266983012,13.387821266983012,-13.769999999999996,5.262440141324292e+37,104.01601737919091,51.748325541480064,34.49522864555233,744.447994142491,115.42218638220164,84.00111361634332,0.0,82.7005162109211,11.731584227351432,5.969305287951848,76.71259494514916,0.0,0.0,14.99386983910109,94.9375551669771,161.68646454739653,68.36940953698321,31.611998555970622,106.98209487315276,105.47992616030552,0.0,99.62627391179184,17.569479569484972,230.4943386205259,26.8061923176156,143.99188292221913,0.0,17.186409941251373,84.90557088705089,0.0,11.49902366656781,0.0,256.81708670101887,91.1805226298554,11.835812092322788,153.83114718363848,121.47712394912826,0.0,16.590311206764618,0.0,637.3299999999999,205.15637078678748,87.86162036713723,14.383611552215466,106.28056199476114,39.03017751513951,11.720243422189638,59.07021461388646,112.75456426037653,0.0,101.40870337289132,10.470530430962237,5.207900417581401,0.0,227.54552303042692,100.20862633091647,7.78961006943494,-16.11664147549168,7.694619824443946,-4.121750124218232,15.967349029853596,1.491429563719294,0.4827586206896552,129,22,42,0,0,0,15,4,2,6,14,0,25,21,42,2,54,0,0,0,0,0,41.72600565012883,6,-1.5978000000000172,467.4624000000012,1,3,3,0,0,5,1,1,1,1,16,15,0,0,0,4,15,1,0,0,0,1,0,0,0,0,0,15,0,0,0,0,0,0,4,0,1,0,0,0,0,1,0,0,0,0,0,0,0,0,0,0,0,0,0,1,0,0,0,0,0,0,0,0,1,1,1,0,0,0,0,1,0,0,0,0,0,0,0,1,0,0,0,2,0,CHEMBL1689397,C=C(C)C(=O)NCCCC[C@H](NC(=O)[C@H](CCC(=O)O)NC(=O)[C@H](Cc1ccccc1)NC(=O)[C@@H](NC(=O)[C@H](CC(C)C)NC(C)=O)[C@@H](C)O)C(=O)N[C@@H](Cc1ccc(O)cc1)C(=O)N[C@@H](Cc1c[nH]c2ccccc12)C(=O)N[C@@H](C)C(=O)N[C@@H](CCCCNC(=O)c1nnn(-c2ccc(OC)cc2)n1)C(=O)N[C@@H](CC(C)C)C(=O)N[C@H](C(=O)N[C@@H](CO)C(N)=O)[C@@H](C)O,170.0,2.230448921378274,CHEMBL5023,p53-binding protein Mdm-2,1,Large-Polar-Aromatic-Flexible-Hydrophilic
15.284808760782465,15.284808760782465,0.0349107554037393,-1.6433033925579827,0.0159710872976467,21.520833333333332,1338.5149999999996,1249.810999999999,1337.6793020959997,520,0,0.2459158088033557,-0.3936790815918555,0.3936790815918555,0.2459158088033557,0.7395833333333334,1.40625,2.0625,19.14217100042189,9.750886096713216,2.4989883503342174,-2.4262527163392593,2.3395450748619373,-2.672094198166771,6.010473004229253,-0.1461498441010268,1.1302604486324836,1.2405119349442089,3433.1693510605246,69.80344993589988,53.61712682935737,53.61712682935737,45.76671242324153,32.111747363433885,32.111747363433885,24.510310849901355,24.510310849901355,17.394870511711694,17.394870511711694,12.12159692858981,12.12159692858981,-10.210000000000004,6.209392594635264e+23,73.2040651129125,34.27394536783759,19.92157812718635,552.4051180427533,95.57600245304508,71.77455438490884,11.91910913748767,70.88615675221807,0.0,0.0,68.35301342044491,4.39041504767482,0.0,0.0,42.483875555975814,119.72042248650762,63.04417457288707,6.606881964512918,67.03138865137738,93.70819082178684,10.818567211583044,73.26847262671781,17.201002431486554,176.11713228713438,32.78590758816322,83.82394415741362,0.0,0.0,75.68567707555621,4.39041504767482,0.0,0.0,201.43883239922076,70.37608945471388,16.63578805262894,108.4450584808134,66.87982033297372,0.0,10.902924932081056,0.0,505.42999999999984,155.68841472456586,52.64777709916192,14.383611552215466,114.29062410502112,35.72884129255608,6.923737199690624,53.14106514890578,30.462311845459514,0.0,63.46865316501686,28.0195696430696,14.888202827271042,0.0,175.42548566746112,54.57085469695197,16.502150612449217,-11.025976119672825,-1.4686572178909634,5.412451731003376,1.94548780242707,0.0,0.5238095238095238,96,21,32,1,3,4,12,2,1,3,10,0,15,18,33,4,26,1,2,3,1,0,26.135334670662385,7,-3.614560000000027,346.05080000000055,0,1,1,0,0,1,1,0,0,0,12,12,0,0,0,2,14,3,0,0,1,1,0,0,0,0,0,12,0,0,0,0,0,0,2,0,2,0,0,0,0,0,0,2,1,0,0,0,0,0,0,0,0,0,0,0,0,0,0,0,0,0,0,0,1,0,0,0,0,0,0,1,0,0,0,0,0,0,0,0,0,0,0,0,0,CHEMBL4788240,CC(=O)N[C@@H](CO)C(=O)N[C@@H](C)C(=O)N[C@@H](CCCNC(=N)N)C(=O)N[C@@H](Cc1c[nH]c2ccccc12)C(=O)N[C@H]1C/C=C\C[C@@H](C(=O)N2CCC[C@H]2C(=O)N[C@@H](CCCNC(=N)N)C(N)=O)NC(=O)C2(CCC2)NC(=O)[C@@H]2CCCN2C(=O)[C@H](Cc2cccc(F)c2)NC1=O,64.0,1.806179973983887,CHEMBL2093861,Menin/Histone-lysine N-methyltransferase MLL,1,Large-Polar-Aromatic-Flexible-Hydrophilic
12.44325990335196,12.44325990335196,0.158738534860015,-3.1185027809428214,0.3732644009199455,19.225,565.7440000000001,526.4320000000002,565.2835091079999,214,0,0.2135742415673166,-0.4762817326731346,0.4762817326731346,0.2135742415673166,1.0,1.75,2.45,32.22801293960766,9.961431040540246,2.3684584960791164,-2.441460040561348,2.346132419481238,-2.527065477563015,7.919326312407685,0.1736449817889021,3.782192237469091,0.9669693592426098,1415.3181934345057,27.691659197566096,23.36795201980348,24.184448600731205,19.346506359629316,14.320648549543415,15.86696802746498,11.61973191909191,13.84782164322616,8.140400910644013,10.418701052131764,5.573038129303878,7.230063338080705,-3.0199999999999996,1810588193.2225509,27.164665172121943,11.460343251593825,6.159011419813387,236.21899297540537,24.753380750357813,18.45090275689372,15.65511591425253,5.879988336435371,0.0,0.0,0.0,23.36973254717056,0.0,0.0,0.0,70.11046579936648,62.98203865392997,15.66212222311621,13.154659938128988,32.375903624168615,0.0,24.75175502454258,5.917906046161393,41.87054882635195,70.18746270019955,42.7255224855342,0.0,5.879988336435371,14.953561288656855,11.50524905251859,5.879988336435371,0.0,104.4320952333444,9.837253136417502,5.917906046161393,25.68328649170404,47.62100596105198,0.0,11.033401435232523,0.0,103.79,9.837253136417502,8.417796984328938,0.0,5.249938029982174,29.34210065177542,87.49047541493061,0.0,18.46005421168776,38.36081223920082,29.98447483845218,9.720841474747257,30.71826167691883,0.0,21.040660694123694,3.4678137695768005,2.6754384048676045,2.0029602766495502,11.642851055316044,5.298801232015853,6.648763274533772,0.9211162826645194,0.5517241379310345,40,1,10,1,2,3,0,1,2,3,0,0,10,1,11,4,11,1,2,3,0,0,7.782909679678338,6,2.9140000000000015,156.8194999999997,0,0,0,0,0,3,0,0,0,0,0,0,0,0,0,6,1,0,0,1,1,0,0,0,0,0,0,0,0,2,0,0,0,0,1,0,1,0,0,0,0,1,0,0,0,0,0,0,0,0,0,0,0,0,0,0,0,0,0,0,0,0,0,0,0,0,0,0,0,1,0,0,0,1,0,0,0,1,0,0,0,0,0,0,0,CHEMBL5192780,CN(C)CCOc1ccc2ncnc(NC3CCN(CC4CN(c5ccc(S(=O)(=O)C6CC6)cc5)C4)CC3)c2n1,7.0,0.8450980400142568,CHEMBL2093861,Menin/Histone-lysine N-methyltransferase MLL,4,Large-Polar-Aromatic-Flexible-Hydrophilic
13.679565779294869,13.679565779294869,0.063570712363101,-4.476634936808704,0.2391632268327213,11.571428571428571,615.6420000000002,590.4420000000001,615.098136,220,0,0.3238796422103885,-0.4967671120136989,0.4967671120136989,0.3238796422103885,0.6904761904761905,1.119047619047619,1.5476190476190477,32.23486256073069,10.12364003878082,2.324267057453574,-2.272313978512556,2.3733125818056986,-2.3694941402234204,7.9283221965409405,-0.1357494266231691,2.978005134847741,1.9212937262690597,1707.8520985842567,30.656125291633355,22.238317943976657,23.871311105832103,19.89345107252705,12.047611496249653,14.927738153850934,8.665279193305029,12.389899745364144,6.115340950834997,9.663253465260176,4.156245975148005,7.010479180199294,-4.889999999999999,1358207152.458893,30.07742186362223,11.9196795494019,5.914086927457223,240.8163780194166,19.68678069728151,24.58853647839296,0.0,0.0,20.046582306815168,11.938610575903695,23.183484871683316,16.835593968657875,0.0,0.0,0.0,72.79640482153933,11.583067786077873,40.902035300574,46.111449034083016,54.26289036416704,0.0,4.983978520947208,0.0,9.79096695103555,35.919539876972685,78.99324839315241,0.0,11.49902366656781,18.084157890192564,11.374772549367124,11.49902366656781,0.0,71.28034574957039,29.63565667495881,0.0,0.0,88.78421534418797,0.0,10.902924932081056,0.0,180.71,45.074705694544015,36.637723126482925,0.0,32.06866443248373,20.109455649160275,0.0,93.21284347570749,0.0,0.0,4.983978520947208,9.473725907600098,66.13474447322334,0.0,27.43215461370928,19.295345202239,-0.3513580108096696,-2.153938884647616,15.914817996009685,1.3135606021563817,-1.955296482326569,-6.130029509553836,0.1481481481481481,42,2,13,0,0,0,0,3,1,4,0,0,9,2,15,1,12,0,0,0,0,0,8.536029292536941,4,2.8118,152.06619999999975,2,0,0,0,0,1,0,0,2,2,2,0,0,0,0,3,0,0,0,0,0,0,0,0,0,0,0,0,0,2,0,0,0,0,3,0,1,0,0,0,0,2,0,0,0,0,0,0,0,0,0,0,0,0,0,2,0,0,0,0,0,0,0,0,0,0,0,0,0,0,0,0,0,1,0,0,2,0,0,0,0,0,0,0,0,CHEMBL4166445,COc1ccc(S(=O)(=O)N(CC(=O)O)c2ccc(N(CC(=O)O)S(=O)(=O)c3ccc(OC)cc3)c3ncccc23)cc1,101.0,2.004321373782642,CHEMBL3038498,Keap1/Nrf2,2,Large-Polar-Aromatic-Flexible-Hydrophilic
15.498609976962276,15.498609976962276,0.0083186534127133,-1.6875619036212437,0.0088210825324118,14.067164179104475,1861.1460000000009,1735.1459999999993,1859.9583567799991,724,0,0.2924185910007353,-0.5079666451556014,0.5079666451556014,0.2924185910007353,0.5,0.9701492537313432,1.5,16.465759016737522,10.001208779857665,2.3891809949771696,-2.287355791615406,2.2214878800670803,-2.6175838246977357,6.007134259808404,-0.1365563493324331,1.6028419255081423,1.142556420650548,5144.737154941144,98.25246844634675,76.40667021398193,76.40667021398193,63.78526195855935,44.07535011886538,44.07535011886538,33.376636760353215,33.376636760353215,21.268861213572237,21.268861213572237,14.098810450907122,14.098810450907122,-14.719999999999995,1.2201487403438611e+39,106.32288998008448,53.56290559845052,35.18972278366095,773.7590110259658,121.24356619463596,84.00111361634332,5.959554568743835,82.7005162109211,11.731584227351432,0.0,77.32734136686886,4.983978520947208,0.0,14.99386983910109,94.9375551669771,161.18354897063185,86.80493750935733,31.835352242986858,91.97450289939952,105.47017544109752,5.409283605791522,114.91101955769255,23.303147046647155,223.88745665601297,33.35094872352818,162.2099745634452,0.0,17.186409941251373,95.9560269682194,0.0,11.49902366656781,0.0,257.0030282521881,92.80680706870956,17.24509569811431,152.60133797879627,134.0012875955059,0.0,16.590311206764618,0.0,670.3799999999998,179.78018881105314,63.26495402524033,23.97268592035911,144.20253288722623,39.03017751513951,4.796506222499014,71.59437826026408,98.90708986099528,13.847474399381248,116.69344901879204,21.613481513915943,5.193013449767363,0.0,224.14333412202896,91.44722551108136,14.057354172629688,-13.86123246121937,9.345805746399776,1.9115885144285856,15.257828609453384,1.505082335430212,0.4666666666666667,134,25,44,0,0,0,15,4,3,7,13,0,25,23,44,3,56,0,0,0,0,0,42.499723275803774,7,-1.6143300000000087,490.3543000000011,0,2,2,0,0,7,2,1,0,0,15,15,0,0,0,5,18,2,0,0,0,2,0,0,0,0,0,15,0,0,0,0,0,0,4,0,1,0,0,0,0,1,0,1,0,0,0,1,0,0,0,0,0,0,0,1,0,0,0,0,0,0,0,0,1,1,1,0,0,0,0,1,0,0,0,0,0,0,0,1,0,0,0,2,0,CHEMBL1689399,C=C(C)C(=O)NCCCC[C@H](NC(=O)[C@H](Cc1ccccc1)NC(=O)[C@@H](NC(=O)[C@H](CC(C)C)NC(C)=O)[C@@H](C)O)C(=O)N[C@@H](Cc1cnc[nH]1)C(=O)N[C@@H](Cc1ccc(O)cc1)C(=O)N[C@@H](Cc1c[nH]c2ccccc12)C(=O)N[C@@H](C)C(=O)N[C@@H](CCCNC(=N)N)C(=O)N[C@@H](CC(C)C)C(=O)N[C@@H](CCCCNC(=O)c1nnn(-c2ccc(OC)cc2)n1)C(=O)N[C@@H](CO)C(N)=O,15.0,1.1760912590556811,CHEMBL5023,p53-binding protein Mdm-2,1,Large-Polar-Aromatic-Flexible-Hydrophilic
14.145721476482906,14.145721476482906,0.0374519060271341,-1.5286193265809085,0.0168014410097646,15.228571428571428,981.1579999999996,908.5819999999997,980.521884364,386,0,0.4076111367714044,-0.4967681832687811,0.4967681832687811,0.4076111367714044,0.5857142857142857,1.1428571428571428,1.7428571428571429,16.551693184400992,9.985663034099998,2.35297218350202,-2.288061222065814,2.207335001611322,-2.6049707588873674,5.975819544743158,-0.1517088047024818,3.602145227318021,1.7855035831365726,2045.391865932686,51.751772650951615,41.26216426487165,41.26216426487165,33.28824280932214,23.770880518992907,23.770880518992907,18.064958433877734,18.064958433877734,11.35476047906806,11.35476047906806,7.292367490840716,7.292367490840716,-6.7700000000000005,481802326339439.7,57.54770739459888,29.970622356416524,20.84385921174429,409.05246622563146,50.848183439238184,61.3182871249458,0.0,29.535898646757527,5.907179729351506,18.031850646842113,43.78208886968496,10.63720745433806,0.0,0.0,83.0011615238458,87.46785334957731,6.4208216229260096,13.530619164203545,62.098286471846585,53.474929022951144,0.0,37.32652302114837,17.678482362589023,161.31941471906578,7.109797541277533,65.72420659954848,0.0,5.749511833283905,47.90605624521466,4.794537184071822,5.749511833283905,0.0,102.93973792686477,65.78065026300055,11.835812092322788,116.87754241079784,54.59730361615449,0.0,0.0,0.0,300.7799999999999,102.06470166692633,43.1508346566464,0.0,44.49810123171356,24.15460657083292,31.246737983401033,20.95727194065878,76.22588534645539,11.492158465571997,31.900731624037984,24.790122085466436,21.4930905246897,0.0,120.2630006720499,15.307904145369047,3.3138292721889435,-1.2835814852505834,7.765160231368499,2.683080175709727,9.438748590424208,1.518767873450582,0.5714285714285714,70,9,21,1,0,1,7,2,0,2,6,0,14,8,21,0,26,1,0,1,0,0,24.639151511444027,3,2.6255000000000077,255.3982999999992,0,0,0,0,0,0,0,0,0,0,9,9,0,0,0,0,7,1,0,0,0,0,0,0,1,0,0,7,0,0,0,0,0,0,2,0,0,0,0,0,2,4,0,0,0,1,0,0,0,0,0,0,0,0,0,1,0,0,0,0,0,0,0,0,0,0,0,0,0,0,0,0,0,0,0,0,0,0,0,0,0,0,0,0,0,CHEMBL2397153,COc1ccc(COC(=O)N[C@@H](C)C(=O)N[C@@H](CCC(=O)OCc2ccccc2)C(=O)N[C@@H](CC(C)C)C(=O)N[C@H](C(=O)N[C@@H](CC(=O)OC2CCCCCC2)C(=O)N[C@@H](C)C(=O)NN)C(C)C)cc1,21300.0,4.328379603438738,CHEMBL5023,p53-binding protein Mdm-2,2,Large-Polar-Aromatic-Flexible-Hydrophilic
14.473032882859062,14.473032882859062,0.0666537699370137,-4.3163962113270955,0.2074532893692667,14.0,718.7339999999999,692.5259999999998,718.1376497920003,256,0,0.2643958896251401,-0.4861461402446085,0.4861461402446085,0.2643958896251401,0.56,0.98,1.38,32.23486394881189,10.064412116218492,2.3294577308258786,-2.2883950346610904,2.4140365001177653,-2.327061142652791,7.92767256437391,0.1707805483081687,3.871305304941159,1.2759660648800082,2241.8462294884384,34.29610720425117,25.831035586033092,27.464028747888545,24.285992842845296,15.106565162965476,17.986691820566744,10.979569000937962,14.704189552997088,7.983873439650597,11.495322687495385,5.687798171144006,8.609515774884315,-6.02,422822602675.23566,31.25995763229021,12.45617835075329,5.622188675732767,283.5617650362099,18.947451815200196,26.427527858051672,34.646856329135474,0.0,20.046582306815168,0.0,8.610431982592466,27.03295758525995,0.0,10.197363616602075,24.26546827384644,57.25174279338914,22.90518256585281,34.255252312227825,35.78304578385807,42.19380328511188,0.0,41.24826761582362,0.0,22.880479762860706,35.037959840644135,84.4452138175392,0.0,22.99804733313562,27.557883797792663,11.374772549367124,22.99804733313562,0.0,84.51138944253317,33.13609511864032,0.0,11.648808995999854,82.58737177257488,0.0,10.772448428929591,0.0,220.5999999999999,20.046582306815168,16.835593968657875,0.0,59.117825237253506,46.98425969109105,8.610431982592466,48.53093654769288,24.26546827384644,0.0,41.24826761582362,18.947451815200196,82.69748826312248,0.0,-0.1333075398740277,28.366492158659913,0.4604601575606277,1.7738432199157048,18.63784008552408,0.0,0.6633094110787492,-8.632792422654191,0.2,50,2,18,0,2,2,0,4,2,6,0,0,14,2,20,4,10,0,0,0,0,0,7.787592150095967,8,2.199399999999999,173.90499999999966,0,0,0,0,0,8,2,0,0,0,0,0,0,0,0,8,2,0,0,0,0,2,0,0,0,0,0,0,0,2,0,0,0,0,4,0,3,0,0,0,0,4,0,0,0,0,0,0,0,0,0,0,0,0,0,0,0,0,0,0,0,0,0,0,0,0,0,0,0,0,0,0,0,0,0,0,2,0,0,2,0,0,0,0,0,CHEMBL4865999,O=S(=O)(c1ccc2c(c1)OCCO2)N(Cc1nnn[nH]1)c1ccc(N(Cc2nnn[nH]2)S(=O)(=O)c2ccc3c(c2)OCCO3)c2ccccc12,7.2,0.8573324964312685,CHEMBL3038498,Keap1/Nrf2,2,Large-Polar-Aromatic-Flexible-Hydrophilic
15.2762099342538,15.2762099342538,0.0340788514262175,-1.5344893596956803,0.0200667854260497,21.163265306122447,1367.6009999999997,1271.840999999999,1366.7422366999997,534,0,0.2459060722147671,-0.3701604379834824,0.3701604379834824,0.2459060722147671,0.6938775510204082,1.336734693877551,1.989795918367347,19.14217132697301,9.750680420969422,2.500386261113249,-2.426880060494459,2.3413252514766216,-2.672335533941769,6.010075418722735,-0.1462802927759748,0.9106303191506504,1.21230161511569,3419.289216587429,71.21766349827298,55.42099008941396,55.42099008941396,46.76671242324152,33.55393797361986,33.55393797361986,25.600288332643306,25.600288332643306,18.234581596155195,18.234581596155195,12.841656814422748,12.841656814422748,-9.950000000000005,1.7388580945732318e+24,75.4309038085039,35.87045521546974,21.027621770602057,566.3702622485475,96.20314253536657,71.77455438490884,11.91910913748767,70.88615675221807,0.0,0.0,68.35301342044491,4.39041504767482,0.0,0.0,43.17347858816007,139.1068221382722,63.04417457288707,0.0,61.92486125653668,93.70819082178684,10.818567211583044,73.26847262671782,22.93466990864874,201.80041877883843,32.72378202956288,71.67190394374585,0.0,0.0,81.4193445527184,4.39041504767482,0.0,0.0,196.27017944577972,70.37608945471388,16.63578805262894,134.12834497251745,54.727780119305955,0.0,10.902924932081056,0.0,511.2199999999998,142.66071113712692,42.74671252024939,19.178148736287287,140.95521551094072,47.71311440717909,0.0,41.84639506646703,36.52867891392113,0.0,63.46865316501686,33.75323712023179,14.908447158861248,0.0,177.0070182113322,45.6866234073476,22.41220782814298,-10.164689192347302,-0.4162489051036755,3.6209395200454058,3.195701971721511,0.0,0.5692307692307692,98,22,32,1,3,4,12,2,1,3,10,0,15,18,33,4,28,1,3,4,1,0,27.609600580870865,7,-2.6439600000000203,357.3474000000006,0,0,0,0,0,1,1,0,0,0,12,12,0,0,0,2,14,4,0,0,1,1,0,0,0,0,0,12,0,0,0,0,0,0,2,0,2,0,0,0,0,0,0,2,1,0,0,0,0,0,0,0,0,0,0,0,0,0,0,0,0,0,0,0,1,0,0,0,0,0,0,1,0,0,0,0,0,0,0,0,0,0,0,0,0,CHEMBL4782745,CC(=O)N[C@@H](C)C(=O)N[C@@H](CCCNC(=N)N)C(=O)N[C@@H](Cc1c[nH]c2ccccc12)C(=O)N[C@H]1CCCC[C@@H](C(=O)N2CCC[C@H]2C(=O)N[C@@H](CCCN)C(=O)N[C@@H](CCCNC(=N)N)C(N)=O)NC(=O)C2(CCC2)NC(=O)[C@@H]2CCCN2C(=O)[C@H](Cc2cccc(F)c2)NC1=O,14.0,1.146128035678238,CHEMBL2093861,Menin/Histone-lysine N-methyltransferase MLL,1,Large-Polar-Aromatic-Flexible-Hydrophilic
15.445352506367014,15.445352506367014,0.0140575110794227,-1.6924584306969483,0.014407549999227,20.139344262295083,1726.0700000000006,1613.1739999999988,1724.8068075039992,658,0,0.2454291178963408,-0.5079666451556014,0.5079666451556014,0.2454291178963408,0.5655737704918032,1.1147540983606556,1.6639344262295082,32.167722343651576,10.004713964512966,2.3877864840622567,-2.2883855710241185,2.2434490793586024,-2.6193818192335514,7.983466138805586,-0.13637860437935,1.6708402781724163,1.3149564486992928,4602.175971559634,89.27777695165858,68.90570428146162,70.53869744331709,58.04887985334091,39.83778162974215,42.14718270650065,30.34036639851265,32.40087991529667,19.51559322989259,21.653444930894633,12.915370418144628,14.851691030612889,-12.430000000000003,6.045957341082162e+34,96.69880580790746,48.1249980724091,31.29818119460038,713.7782129214581,111.93960359304454,78.25160178305941,11.91910913748767,76.79333648156958,0.0,0.0,83.11550764641115,0.0,23.52376989878223,0.0,100.49135362030184,104.80958442373314,102.90748793759523,24.09870434195814,77.64856557745581,123.13914044992056,10.818567211583044,89.38697601893028,29.03681452380934,189.94449693225985,31.202101989831647,149.79698134347453,0.0,16.876414816677897,91.6360428875752,0.0,5.749511833283905,23.52376989878223,228.7921216937764,93.09715547520533,22.65437930390583,108.64847897725232,121.71877087868664,0.0,22.02982791547505,0.0,618.3499999999999,179.84328996725537,53.67587965709669,23.97268592035911,99.13491810166568,50.108038380262954,23.52376989878223,45.03667987291831,111.30077700422142,13.847474399381248,89.38697601893028,28.0195696430696,0.0,2.2913530036354004,199.74575586977448,84.91504376860499,21.054968154463268,-13.748352905858988,10.004884792047498,2.309271045321987,9.76040960534478,0.0,0.4512195121951219,122,26,38,0,3,3,13,3,3,6,13,4,22,23,40,6,29,0,0,0,0,0,38.14450691073613,9,-1.5169600000000316,458.823500000001,0,2,2,0,0,3,1,1,0,0,13,13,0,0,0,2,17,3,0,0,0,1,0,0,0,0,0,13,0,0,0,0,0,0,3,0,3,0,0,0,0,0,0,2,0,0,0,0,0,0,0,0,0,0,0,0,0,0,0,0,0,0,0,0,1,1,1,0,0,0,0,1,0,2,0,2,0,0,0,0,0,0,0,0,0,CHEMBL1933128,CC(=O)N[C@@H](CC(C)C)C(=O)N[C@H](C(=O)N[C@@H](Cc1ccccc1)C(=O)N[C@H]1CSCc2ccc(cn2)-c2ccc(nc2)CSC[C@@H](C(=O)N[C@@H](CO)C(N)=O)NC(=O)[C@H](C(C)C)NC(=O)[C@H](CCCNC(=N)N)NC(=O)[C@H](C)NC(=O)[C@H](Cc2c[nH]c3ccccc23)NC(=O)[C@H](Cc2ccc(O)cc2)NC(=O)[C@H](CCCNC(=N)N)NC1=O)[C@@H](C)O,237.0,2.374748346010104,CHEMBL1907611,Tumour suppressor p53/oncoprotein Mdm2,1,Large-Polar-Aromatic-Flexible-Hydrophilic
14.628578753133729,14.628578753133729,0.1853491493563865,-1.2960407233921227,0.1156455467045305,26.048387096774192,855.0979999999994,788.5699999999998,854.516679832,336,0,0.2459060810221354,-0.3701604379834824,0.3701604379834824,0.2459060810221354,0.7096774193548387,1.3548387096774193,2.032258064516129,16.175884075997647,9.750751379011446,2.4932941157396304,-2.4270594147661253,2.3376993742148677,-2.6722059348117453,5.989330528719883,-0.1461342492079747,3.9579476152982607,1.2382801938210906,1906.8746867203845,44.06369191775276,35.930763645734594,35.930763645734594,29.952035162155724,22.754605401365932,22.754605401365932,17.45217293722533,17.45217293722533,12.936154474296623,12.936154474296623,9.227647305208569,9.227647305208569,-5.509999999999999,41256540288791.11,46.00362326796411,22.025031915762117,11.893971484472251,364.47644785292823,47.851097436056975,29.70628856897519,5.959554568743835,35.443078376109035,0.0,0.0,34.17650671022245,0.0,0.0,0.0,86.70141173078456,87.31939232727711,32.59984724657631,6.041840829147961,28.76722310443093,41.40263294485287,5.409283605791522,36.38376248173261,11.46733495432437,144.90209698786535,26.1790256236503,60.160755107851486,0.0,11.126902983393991,38.051277974356026,0.0,0.0,0.0,113.12960742832728,35.18804472735694,5.409283605791522,108.2965974585132,54.59730361615449,0.0,11.126902983393991,0.0,244.94,59.376848315529166,28.76722310443093,0.0,30.61555727329886,83.96642022998441,55.21528421264705,4.899909730850477,4.899909730850477,54.59730361615449,26.583943020031658,16.876618560115894,0.0,0.0,87.62786065705717,22.23045538937297,13.46080551246241,-2.565615495290513,13.410098305302515,9.95290671352926,1.466822250899534,0.0,0.5869565217391305,62,10,16,1,3,4,6,2,0,2,5,0,8,8,16,3,7,1,3,4,1,0,16.342439850283974,6,2.33767000000001,236.09299999999928,0,0,0,0,0,0,0,0,0,0,6,6,0,0,0,2,6,2,0,0,0,0,0,0,0,0,0,6,0,0,0,0,0,0,2,0,2,0,0,0,0,0,0,1,0,0,0,0,0,0,0,0,0,0,0,0,0,0,0,0,0,0,0,0,0,0,0,0,0,0,0,0,0,0,0,0,0,0,0,0,0,0,0,0,0,CHEMBL2314815,N=C(N)NCCC[C@@H]1NC(=O)C2(CCC2)NC(=O)[C@@H]2CCCN2C(=O)[C@H](Cc2cccc(-c3ccccc3)c2)NC(=O)[C@@H](N)CCCCCCCCNC(=O)[C@@H]2CCCN2C1=O,39400.0,4.595496221825574,CHEMBL1615381,Menin,4,Large-Polar-Aromatic-Flexible-Hydrophilic
13.592950860517147,13.592950860517147,0.0114106198034771,-0.5969765684051411,0.5782378611226519,22.942857142857143,477.51700000000017,450.3010000000003,477.189985584,182,0,0.2611277505366116,-0.4909028849235895,0.4909028849235895,0.2611277505366116,1.0,1.6857142857142855,2.2857142857142856,16.48718343524669,9.715999057643142,2.4617141851015147,-2.435557075361303,2.4139656514658867,-2.5243095667267546,6.2093298171418745,-0.1487481230032835,3.0633811607809247,1.5036168193945485,1176.3233306108982,24.689505486452973,19.18348266821091,19.18348266821091,16.917922655570504,11.824697780545453,11.824697780545453,9.15262725307147,9.15262725307147,7.329853947077345,7.329853947077345,5.396861597947156,5.396861597947156,-3.7199999999999993,80658617.65344281,23.04206158956402,9.144702540378216,3.8528969911850455,201.9936188858232,20.476967556653417,12.356393797796825,0.0,11.814359458703011,11.814359458703011,0.0,24.07805846713776,0.0,0.0,0.0,24.26546827384644,43.025017565859855,23.944019989932357,30.32038218296744,29.02153908492804,23.628718917406022,0.0,9.799819461700954,17.56947956948497,25.30430569792599,26.303276740850983,64.71837544601925,0.0,5.749511833283905,10.470530430962237,0.0,5.749511833283905,0.0,64.83834251479867,16.009895991069655,11.835812092322788,50.726364409931605,42.46456947923127,0.0,0.0,0.0,130.24,35.59919210952527,24.28467613112799,0.0,25.66570006428992,42.6836360913685,11.126902983393991,4.899909730850477,41.29811214162014,6.06636706846161,0.0,10.470530430962237,5.726740628732873,0.0,54.495873923129096,9.199376316713249,7.864043273361906,-1.83721736481612,11.551241153042266,1.669468440773212,0.3304736290635115,0.0,0.3846153846153846,35,3,9,1,2,3,4,2,0,2,3,0,6,2,9,2,7,1,0,1,0,0,6.020365690103928,5,1.2912000000000008,124.39820000000005,0,1,1,0,0,0,0,0,0,0,4,4,0,0,0,2,0,1,0,0,0,0,0,0,0,0,0,4,0,0,0,0,0,0,2,0,2,0,0,0,0,1,0,0,0,0,0,0,1,0,0,0,0,0,0,0,0,0,0,0,0,0,0,0,0,0,0,0,0,0,0,1,0,0,0,0,0,0,0,0,0,0,0,0,0,CHEMBL4648717,NC(=O)[C@H]1CC[C@H]1C(=O)N1CCc2c(OCCO)cccc2[C@H]1CN1C(=O)c2ccccc2C1=O,2500.0,3.3979400086720375,CHEMBL3038498,Keap1/Nrf2,3,Large-Polar-Aromatic-Flexible-Hydrophilic
13.632196164782396,13.632196164782396,0.0010707123631006,-4.539134936808704,0.2360101544801599,11.571428571428571,616.6300000000002,592.4380000000001,616.0933849679998,220,0,0.3239388729504859,-0.4967671120136114,0.4967671120136114,0.3239388729504859,0.6428571428571429,0.9761904761904762,1.261904761904762,32.23486267281308,10.146697740255505,2.3377890393440435,-2.256704931569447,2.3508960108225936,-2.381428753996081,7.92815475050317,-0.1357611593716259,2.978005134847741,1.9212937262690597,1710.7775159731657,30.656125291633355,22.10818127028699,23.74117443214244,19.89345107252705,11.92434426965766,14.80447092725894,8.55469308324751,12.279313635306623,5.97338416475342,9.473777484686254,3.986972156226397,6.7418398532671375,-4.959999999999999,1358207152.458893,30.00906090912085,11.876375691594708,5.8880097341485955,240.0044795687678,19.68678069728151,24.58853647839296,11.635725555670057,0.0,20.046582306815168,11.938610575903695,9.589074368143644,25.44602595125034,0.0,10.197363616602075,24.26546827384644,48.53093654769288,10.772448428929591,24.010562033590617,46.111449034083016,54.39336686731851,0.0,10.197363616602075,0.0,9.79096695103555,35.919539876972685,72.79640482153933,0.0,11.49902366656781,18.084157890192564,11.635725555670057,11.49902366656781,0.0,76.49373084522526,29.63565667495881,0.0,0.0,82.5873717725749,0.0,10.772448428929591,0.0,193.59999999999997,56.71043125021407,36.637723126482925,0.0,20.563415379965143,20.109455649160275,0.0,87.0159999040944,0.0,0.0,10.197363616602075,9.473725907600098,65.68885612676141,0.0,23.045347065263925,27.049946236459448,0.0,-3.0995551235674257,16.196496149772976,0.0,-2.0925187045487914,-6.28857175014153,0.1538461538461538,42,2,14,0,0,0,0,3,1,4,0,0,10,2,16,1,12,0,0,0,0,0,8.485687654968283,4,2.206799999999999,149.86119999999977,2,0,0,0,0,2,0,0,2,2,2,0,0,0,0,4,0,0,0,0,0,0,0,0,0,0,0,0,0,2,0,0,0,0,3,0,1,0,0,0,0,2,0,0,0,0,0,0,0,0,0,0,0,0,0,2,0,0,0,0,0,0,0,0,0,0,0,0,0,0,0,0,0,0,0,0,2,0,0,0,0,0,0,0,0,CHEMBL4173296,COc1ccc(S(=O)(=O)N(CC(=O)O)c2nnc(N(CC(=O)O)S(=O)(=O)c3ccc(OC)cc3)c3ccccc23)cc1,1100.0,3.041392685158225,CHEMBL3038498,Keap1/Nrf2,2,Large-Polar-Aromatic-Flexible-Hydrophilic
15.441881451782772,15.441881451782772,0.002827542252656,-2.0121412015114917,0.0110872890986019,22.0,2540.874999999998,2365.482999999998,2539.308424788,994,0,0.3054812036843136,-0.4812292624504639,0.4812292624504639,0.3054812036843136,0.3370165745856354,0.6850828729281768,1.1049723756906078,16.525221565305213,9.988639110537196,2.45024441590672,-2.3066691304091225,2.248341340528542,-2.604940343708715,6.038884436758483,-0.1463468267330378,1.6779597605217471,1.052005735144146,6518.963118917947,133.44412764391296,101.79175437345016,101.79175437345016,85.9859248122627,59.87733169514276,59.87733169514276,44.7044665644758,44.7044665644758,28.888406666186388,28.888406666186388,19.587842006405857,19.587842006405857,-19.149999999999984,4.265738355590887e+60,148.63193885078144,78.47738314689025,56.573389838588106,1043.3537828838653,191.0710090997762,109.31817606002822,23.83821827497534,129.95795404573315,0.0,17.907915863855546,141.50056402496173,0.0,0.0,0.0,130.82318896260992,168.21796303162824,90.7590462018701,45.43494671603821,149.76326508875857,182.4765366134936,21.63713442316609,132.50283622700246,40.50414947813371,316.796130300719,85.33033551126485,119.8185946389384,0.0,0.0,156.27126388196285,0.0,0.0,0.0,391.175703489306,148.59962037817377,33.47294651548887,205.40875942376843,103.1282401638474,0.0,10.772448428929591,0.0,1043.59,369.83895014282285,111.52231607672748,28.76722310443093,181.208729947595,16.690354475090988,22.596095359470695,0.0,112.62408775722508,18.19910120538483,127.60292649615198,59.77919771657712,11.136725459864223,0.0,356.11606677059643,134.3949642590059,29.733406901277885,-30.11336289220171,0.2826883497804566,-10.266715922535946,4.0495604075460445,0.0,0.5603448275862069,181,42,65,0,3,3,22,4,0,4,18,0,32,37,65,3,56,0,3,3,0,0,64.4433459284969,7,-8.912919999999911,651.9468000000033,3,1,1,0,0,0,0,0,3,3,25,22,0,0,0,1,28,5,0,0,0,0,0,0,0,0,0,22,0,0,0,0,0,0,4,0,2,0,0,0,0,2,0,4,0,0,0,0,0,0,0,0,0,0,0,0,0,0,0,0,0,0,0,0,0,0,0,0,0,0,0,1,0,0,0,0,0,0,0,0,0,0,0,1,0,CHEMBL5285536,CC(C)C[C@@H]1NC(=O)[C@H](Cc2ccccc2)NC(=O)[C@H](CCC(=O)O)NC(=O)CNC(=O)[C@H]([C@@H](C)O)NC(=O)[C@H](CCC(=O)O)NC(=O)[C@@H]2CCCN2C(=O)[C@H](CC(=O)O)NC(=O)[C@H](CC(C)C)NC(=O)[C@H](CCC(=O)NCCOCCOCC(=O)NCCCC[C@H](NC(=O)CC[C@@H]2NC(=O)[C@H](CCCNC(=N)N)NC(=O)[C@H](CCCNC(=N)N)NC(=O)[C@H](CCCNC(=N)N)NC(=O)[C@H](CCCNC(=N)N)NC(=O)[C@H](Cc3ccc4ccccc4c3)NC(=O)[C@H](Cc3ccccc3)NC2=O)C(N)=O)NC(=O)CNC1=O,153.0,2.184691430817599,CHEMBL3038498,Keap1/Nrf2,1,Large-Polar-Aromatic-Flexible-Hydrophilic
13.408508050647855,13.408508050647855,0.0332513986234224,-4.3676742414194365,0.3258504759054205,11.461538461538462,578.6210000000002,552.4130000000002,578.1028870319999,208,0,0.3238781545290284,-0.4967671120136989,0.4967671120136989,0.3238781545290284,0.6923076923076923,1.1025641025641026,1.4871794871794872,32.23486205678662,10.146917267975663,2.3081086881694173,-2.2698661550827337,2.3254083564648536,-2.3699223948467565,7.928009616349907,-0.1357534026745969,2.8992030186220608,2.0925348692079084,1570.0296155356557,28.95745467888409,21.136403810097445,22.769396971952897,18.304134675050012,11.187814276680658,14.06794093428194,8.132685275747605,11.857305827806725,5.589650321509521,9.151684998356115,3.6848351617867494,6.569539944004225,-4.3,214412809.02373695,29.25884296416189,11.614887719219082,6.407367050814622,225.28000762113152,19.68678069728151,24.58853647839296,0.0,0.0,20.046582306815168,11.938610575903695,18.199506350736108,16.835593968657875,0.0,0.0,0.0,79.21722644446535,0.0,35.38533458295774,46.111449034083016,43.359965432085986,0.0,0.0,0.0,16.714704150726174,35.919539876972685,72.29348924477472,0.0,11.49902366656781,18.084157890192564,11.374772549367124,11.49902366656781,0.0,66.29636722862318,29.63565667495881,6.923737199690624,5.563451491696996,76.52100470411328,0.0,0.0,0.0,167.82,45.074705694544015,36.637723126482925,0.0,26.729190992099667,20.109455649160275,0.0,87.87337003532342,0.0,0.0,0.0,9.473725907600098,64.96583061117818,0.0,22.8188314127066,18.88384758763352,0.0896605077088488,-2.055614459453602,14.42532059726445,0.0,-0.385074076432266,-5.909468847272393,0.2,39,2,12,0,0,0,0,3,0,3,0,0,8,2,14,0,12,0,0,0,0,0,8.713799380077015,3,2.57202,141.50219999999985,2,0,0,0,0,0,0,0,2,2,2,0,0,0,0,2,0,0,0,0,0,0,0,0,0,0,0,0,0,2,1,0,0,0,3,0,0,0,0,0,0,2,0,0,0,0,0,0,0,0,0,0,0,0,0,2,0,0,0,0,0,0,0,0,0,0,0,0,0,0,0,0,0,0,0,0,2,0,0,0,0,0,0,0,0,CHEMBL3601206,COc1ccc(S(=O)(=O)N(CC(=O)O)c2ccc(N(CC(=O)O)S(=O)(=O)c3ccc(OC)cc3)c(C)c2)cc1,1666.0,3.2216749970707688,CHEMBL3038498,Keap1/Nrf2,2,Large-Polar-Aromatic-Flexible-Hydrophilic
12.685753714874664,12.685753714874664,0.0706528645965942,-0.0706528645965942,0.3643664578244069,16.71794871794872,551.0950000000001,515.8150000000003,550.25715004,206,0,0.2508237853519706,-0.3932126189662964,0.3932126189662964,0.2508237853519706,1.0,1.7179487179487178,2.4615384615384617,35.49569771189837,10.014618212367566,2.1921865206449898,-2.3499439427188484,2.355112072597582,-2.4422802302337336,6.319273917099473,0.0382995219191119,2.9648546922590064,1.3221551816956885,1275.054735895303,27.191659197566096,22.197749266008852,22.953678212027302,18.974366886035764,13.270112383234844,13.64807685624407,9.861277482527283,10.219290569977602,7.226589587282763,7.527779657947919,4.808513640638036,4.941660490547814,-3.4399999999999995,813943408.735193,27.13917578704475,12.60936348072716,6.771097775495053,233.6499801904901,30.90392710067585,12.014706349448105,10.97097259472782,0.0,5.907179729351506,0.0,9.6944469149223,9.967957041894415,0.0,0.0,29.800041095617345,42.44004323991762,57.92150273899759,24.58853647839296,9.53140013787187,40.38814122146974,0.0,25.0845651076017,0.0,0.0,88.56985297102263,59.508450862585605,0.0,11.126902983393991,21.267154416025324,22.880021601885716,0.0,11.600939890232516,98.2944433919505,4.736862953800049,0.0,10.357988675768818,48.791889553995816,5.153109816892792,11.126902983393991,0.0,111.88,0.0,4.794537184071822,0.0,11.0602895462443,23.61345695012816,81.52873430317497,6.3273200747645415,0.0,24.26546827384644,60.54803663052053,22.071470321194752,5.378673341097045,6.15117918441296,27.93428765049364,6.623588672262244,11.056043441168278,0.393815364530119,13.98246896684443,1.393977291385088,8.560917957291798,2.136159241625508,0.3928571428571428,39,4,10,0,2,2,1,2,1,3,0,0,9,3,11,3,8,0,2,2,0,0,8.774557232466586,5,2.9366000000000003,155.91729999999976,0,0,0,1,0,2,0,0,0,0,1,1,0,0,0,5,2,1,0,1,0,0,0,0,0,0,0,1,0,4,0,0,0,0,2,0,0,0,0,0,0,1,0,0,1,0,0,0,0,0,0,0,0,0,0,0,1,0,0,0,0,0,0,0,0,0,0,0,0,0,1,0,0,0,0,0,0,0,0,0,0,0,0,0,0,CHEMBL5082013,CN1CCN(c2ccc(-c3ccc(C(=O)NCCN4CCOCC4)cc3)cc2Nc2ncnc(Cl)c2N)CC1,180.0,2.255272505103306,CHEMBL3883320,Histone-lysine N-methyltransferase 2A/WDR5,4,Large-Polar-Aromatic-Flexible-Hydrophilic
12.86348698709515,12.86348698709515,0.0926625736510291,-0.2186678254382423,0.5633270815490014,12.166666666666666,427.4820000000002,406.31400000000025,427.12019177199994,156,0,0.2617851969300047,-0.4967567603924847,0.4967567603924847,0.2617851969300047,1.2666666666666666,2.066666666666667,2.8666666666666667,32.09199984312264,10.17270976230067,2.167123285462766,-2.0948896483303803,2.3386937588682977,-2.2512493492115677,7.709929905290091,-0.1209226758488553,3.2071316453643677,1.3843629509924196,1217.4678868205149,21.087211190881018,16.39633885935363,17.212835440281356,14.546045193307766,9.510512707766866,9.918760998230727,6.869808436439859,7.256506767506845,4.884444570808616,5.206893181215688,3.3149174926027483,3.5990725330108977,-3.3299999999999996,9010728.20663092,19.96363681316865,8.580624201109789,4.15590644575853,176.94051527245267,24.511355986353685,5.749511833283905,16.270089437157967,12.700122035451331,5.559266895052007,0.0,14.156174015934996,0.0,0.0,0.0,12.13273413692322,42.401247763054535,25.57670150321277,18.01272247335859,19.005126045471968,29.02797810447926,0.0,14.867866772744891,0.0,25.93115605767717,13.902739847377362,57.08652375218064,0.0,17.248535499851716,25.08664436045849,0.0,17.248535499851716,12.217873443046695,29.36099774546743,17.884049995896973,4.771065770590158,18.405094737549017,41.19273959484149,0.0,10.902924932081056,0.0,94.58,0.0,9.589074368143644,0.0,24.68021055342935,46.683348803990185,11.3129633249809,4.567099647791355,19.242531678200752,24.26546827384644,10.300767124953538,26.428462304446843,17.64639611957963,5.3356850365733495,28.094939022635565,3.3453788860850553,1.3333283848543247,1.769239935124756,10.888790720340571,0.7656222180230114,0.884705092863223,1.6025812505871826,0.2857142857142857,30,2,8,0,1,1,1,2,1,3,0,0,7,2,9,2,7,0,0,0,0,0,5.710015506041374,4,2.89299,113.59040000000005,0,0,0,0,0,2,1,0,0,0,1,1,0,0,0,1,2,0,0,0,0,1,0,0,0,0,0,1,0,0,0,0,0,0,2,0,2,0,0,0,0,3,0,0,0,0,0,0,0,0,0,0,0,0,0,1,0,0,0,0,0,0,0,0,0,0,0,0,0,0,0,0,0,0,0,0,0,0,0,0,0,0,0,0,0,CHEMBL1610242,COc1cccc(CNC(=O)CCCn2c(=S)[nH]c3cc4c(cc3c2=O)OCO4)c1,4257.0,3.629103650177136,CHEMBL2096976,Peroxisome proliferator-activated receptor gamma/Nuclear receptor corepressor 2,0,Large-Polar-Aromatic-Flexible-Hydrophilic
14.634176704667048,14.634176704667048,0.0024476469585776,-1.0492854235582445,0.5186439206253002,15.22222222222222,499.49300000000017,475.3010000000003,499.183124288,188,0,0.2755988378123669,-0.3693901925578342,0.3693901925578342,0.2755988378123669,1.1388888888888888,1.8611111111111112,2.5,19.146976345265383,10.11728558390164,2.242103367298344,-2.186843390972115,2.2595130003328707,-2.3187590661833353,5.915721931512056,-0.1169016080291079,3.2412859676338845,1.5452432595815755,1368.5881449221877,25.982398705266423,19.431965405558515,19.431965405558515,17.1171012961276,11.258240812485036,11.258240812485036,8.625990348408784,8.625990348408784,5.90343800591547,5.90343800591547,4.1110322840277975,4.1110322840277975,-4.1499999999999995,99315108.8841812,24.95825447861197,10.224599788537702,5.396799286865942,204.07271948429243,15.950365812018994,17.80611707760208,5.693927994848461,11.335970121252046,5.907179729351506,0.0,14.383611552215466,17.853048078169643,5.098681808301038,0.0,12.13273413692322,43.173478588160066,42.64540204742835,12.10820789760957,22.760319511168102,17.501745733386574,0.0,15.097273347452552,5.733667477162185,32.48181224696551,17.989422542675626,86.83709771038635,0.0,5.687386274683562,21.379156203919536,18.858631417708025,0.0,0.0,40.85603240948467,17.760115212910407,18.558178881782418,33.73011778008875,47.25910666330309,0.0,5.687386274683562,0.0,110.32,52.851402820663665,27.554856695239927,0.0,25.073785926448156,23.48952216714159,12.13273413692322,10.748170003606797,36.08911520438754,0.0,10.415470412307368,5.733667477162185,44.06678866498918,0.0,37.989959812807164,6.479034298518355,5.485527272187314,-3.2200269716029046,10.110116502727024,-0.757588896291187,1.5128559833317248,0.0,0.28,36,3,8,0,1,1,2,2,1,3,1,0,6,2,11,2,7,0,1,1,0,0,7.08856009623017,4,2.32512,126.72360000000002,0,0,0,0,0,2,0,0,0,0,2,2,0,0,0,3,1,1,0,0,0,0,0,0,0,1,0,2,0,1,1,0,0,0,2,0,0,0,0,0,0,0,0,0,3,0,0,0,0,0,0,0,0,0,0,0,0,0,0,0,0,0,0,0,0,0,0,0,0,0,0,1,0,0,0,0,0,0,0,0,0,0,0,0,0,CHEMBL5406407,Cc1cc(=O)c(C(=O)NCc2c(F)cc(N3CC[C@@H](F)C3)cc2F)nn1-c1cccc(CC(N)=O)c1,3150.0,3.4983105537896004,CHEMBL5465553,WDR5-MYC,0,Large-Polar-Aromatic-Flexible-Hydrophilic
13.207289632314051,13.207289632314051,0.0777603772990673,-4.334940312104586,0.3676739154603436,11.47222222222222,535.5560000000003,514.3880000000003,535.0719212519999,190,0,0.3238779440932132,-0.4967671120136989,0.4967671120136989,0.3238779440932132,0.7777777777777778,1.25,1.6388888888888888,32.23486157290816,10.248051370382775,2.2965776090754217,-2.2523087570129254,2.291090239186431,-2.365172207059682,7.927923788248156,-0.1357527162497211,2.859886406950682,2.032530970922203,1442.8633748481325,26.509860921691384,18.752719384323168,20.385712546178617,16.961599419948914,10.097822684622892,12.977949342224177,7.191492344568477,10.9161128966276,4.8532397158798375,8.398723046998846,3.162797705996814,5.955694336585223,-4.17,61339575.78719841,26.435022993634863,10.617928879517963,5.721301410708339,206.65622614377787,14.94991774348146,23.73450812062683,0.0,0.0,20.046582306815168,11.938610575903695,23.183484871683316,16.835593968657875,0.0,0.0,0.0,60.6636706846161,12.393687143226153,23.38005356616243,41.37458608028297,43.359965432085986,0.0,4.983978520947208,0.0,9.79096695103555,28.80974233569515,73.05735782784227,0.0,5.749511833283905,13.347294936392515,11.374772549367124,5.749511833283905,0.0,64.17054820829286,29.63565667495881,0.0,0.0,82.84832477887782,0.0,0.0,0.0,171.48000000000002,45.074705694544015,36.637723126482925,0.0,21.165739500402672,14.35994381587637,6.196843571613076,73.97031179750672,0.0,0.0,4.983978520947208,4.736862953800049,58.799105465402874,0.0,26.177535349820225,18.611500925500952,-0.1591275114142172,-2.4579757598724186,12.696738031398954,2.4208517186007734,-1.8332399161112456,-7.255388303325877,0.1363636363636363,36,2,12,0,0,0,0,2,1,3,0,0,8,2,14,1,11,0,0,0,0,0,7.79681094652325,3,1.6499999999999988,128.00820000000002,2,0,0,0,0,1,0,0,2,2,2,0,0,0,0,3,0,0,0,0,0,0,0,0,0,0,0,0,0,2,0,0,0,0,2,0,0,0,0,0,0,1,0,0,0,0,0,0,0,0,0,0,0,0,0,1,0,0,0,0,0,0,0,0,0,0,0,0,0,0,0,0,0,1,0,0,2,0,0,0,0,0,0,0,0,CHEMBL5438828,COc1ccc(S(=O)(=O)N(CC(=O)O)c2ccc(N(CC(=O)O)S(=O)(=O)c3cccnc3)cc2)cc1,890.0,2.949390006644913,CHEMBL3038498,Keap1/Nrf2,2,Large-Polar-Aromatic-Flexible-Hydrophilic
14.93163706943264,14.93163706943264,0.0154918490876592,-1.4710971666559562,0.023171014617775,22.12195121951219,1136.3299999999992,1058.7139999999993,1135.603931664,442,0,0.2456755447164284,-0.3701604379834824,0.3701604379834824,0.2456755447164284,0.7195121951219512,1.3780487804878048,2.0609756097560976,16.183296437463056,10.01082921310734,2.417876862909457,-2.3083084918094277,2.2356395817018058,-2.5990070454089245,5.991050636387553,-0.1429386922477461,4.350543074108643,1.3378684871766886,2861.393817684552,59.458514953208635,46.147025055174275,46.147025055174275,39.19539645199497,27.594900127085577,27.594900127085577,20.732456207144423,20.732456207144423,14.540048832569097,14.540048832569097,10.318566027270135,10.318566027270135,-9.040000000000004,3.994177123082e+17,62.161784551733646,29.96738904229336,17.729861408979705,474.10887455868385,79.83589785019171,54.37656746233163,11.91910913748767,59.071797293515054,0.0,0.0,58.763939052301254,0.0,0.0,0.0,60.68297676136064,88.32522348080633,63.04417457288707,0.0,47.94537184071822,81.8938313630838,10.818567211583044,62.63489541870515,17.201002431486554,145.27390133682502,26.1790256236503,84.07309038482934,0.0,0.0,65.05209986754355,0.0,0.0,0.0,166.33029749963285,60.78701508657023,10.818567211583044,89.18259361203535,72.94618740143534,0.0,10.902924932081056,0.0,426.99999999999983,113.44836475584673,47.94537184071822,0.0,89.46470774454606,36.81018947509803,10.902924932081056,35.799334074749964,36.52867891392113,24.26546827384644,52.83507595700419,28.0195696430696,0.0,0.0,146.06347859625745,40.04848791543867,18.49549158289144,-7.557678834115076,5.107966127255217,6.1588370841845705,3.350084194754388,0.0,0.4909090909090909,82,18,27,0,3,3,10,2,1,3,9,0,12,15,27,4,21,0,2,2,0,0,22.717394892988093,6,-2.2696600000000124,302.35160000000013,0,0,0,0,0,1,1,0,0,0,10,10,0,0,0,2,12,3,0,0,1,1,0,0,0,0,0,10,0,0,0,0,0,0,2,0,2,0,0,0,0,0,0,2,0,0,0,0,0,0,0,0,0,0,0,0,0,0,0,0,0,0,0,0,1,0,0,0,0,0,0,1,0,0,0,0,0,0,0,0,0,0,0,0,0,CHEMBL4795723,CC(=O)N[C@@H](CCCNC(=N)N)C(=O)N[C@@H](Cc1c[nH]c2ccccc12)C(=O)N[C@H]1C/C=C\C[C@@H](C(=O)N2CCC[C@H]2C(=O)N[C@@H](CCCNC(=N)N)C(N)=O)NC(=O)[C@H](C)NC(=O)[C@@H]2CCCN2C(=O)[C@H](Cc2ccccc2)NC1=O,372.0,2.5705429398818973,CHEMBL2093861,Menin/Histone-lysine N-methyltransferase MLL,1,Large-Polar-Aromatic-Flexible-Hydrophilic
15.139936650592308,15.139936650592308,0.0195004492622723,-1.5166728604668511,0.0142920688656164,16.87378640776699,1442.6530000000005,1342.8609999999992,1441.7690994679992,564,0,0.2456755430093532,-0.3936790815918555,0.3936790815918555,0.2456755430093532,0.5242718446601942,0.9805825242718448,1.5048543689320388,16.271662271919574,10.008173289899512,2.4206755414427046,-2.3121554542368914,2.2355524186332296,-2.605393213006634,6.000281098715899,-0.1429960572425021,1.741309832647692,1.3895492036866557,3520.900217538018,76.03550074346875,58.042217999504665,58.042217999504665,48.87904341994553,33.87393902075078,33.87393902075078,25.188770265795547,25.188770265795547,17.05110333449419,17.05110333449419,11.712410543213588,11.712410543213588,-11.179999999999994,1.3480863294030331e+26,82.48746375014971,40.91528191760813,26.37443808479129,593.7514541235962,117.04977453306066,66.46024912062755,17.878663706231507,76.79333648156958,0.0,0.0,78.55683421030827,0.0,0.0,0.0,48.53093654769288,102.17269788018758,69.58893097879965,19.255604758173796,72.5420381826151,105.57492511988218,16.227850817374566,83.90204983473048,22.93466990864874,177.3090237822505,45.87542039998837,71.92105017116157,0.0,0.0,92.05292176073108,0.0,0.0,0.0,238.10848886849485,75.17062663878572,16.227850817374566,103.0300680114166,60.79414718776757,0.0,10.902924932081056,0.0,616.66,162.50919036037092,58.158426630399624,14.383611552215466,114.8106619650545,34.871471161327065,6.923737199690624,30.571031060772828,60.79414718776757,0.0,74.10223037302953,39.16252072602331,0.0,0.0,184.76727129162353,76.68678096921666,23.64718235216997,-11.801386979484557,0.673784104296064,0.9770632112153176,3.882638384296295,0.0,0.5384615384615384,103,27,38,0,2,2,13,2,1,3,12,0,18,23,38,3,40,0,2,2,0,0,32.76696926219278,5,-6.877589999999992,374.44010000000054,0,2,2,0,0,1,1,0,0,0,13,13,0,0,0,2,17,4,0,0,2,1,0,0,0,0,0,13,0,0,0,0,0,0,2,0,1,0,0,0,0,0,0,3,0,0,0,0,0,0,0,0,0,0,0,0,0,0,0,0,0,0,0,0,1,0,0,0,0,0,0,1,0,0,0,0,0,0,0,0,0,0,0,0,0,CHEMBL4797084,CC(=O)N[C@@H](CO)C(=O)N[C@@H](C)C(=O)N[C@@H](CCCNC(=N)N)C(=O)N[C@@H](Cc1c[nH]c2ccccc12)C(=O)N[C@@H](CCCNC(=N)N)C(=O)N[C@@H](Cc1ccccc1)C(=O)N1CCC[C@H]1C(=O)N[C@@H](C)C(=O)N[C@@H](CCCNC(=N)N)C(=O)N1CCC[C@H]1C(=O)NCC(=O)N[C@H](C(N)=O)[C@@H](C)O,84.0,1.9242792860618816,CHEMBL2093861,Menin/Histone-lysine N-methyltransferase MLL,1,Large-Polar-Aromatic-Flexible-Hydrophilic
13.406075091594088,13.406075091594088,0.3376257663559252,-5.854255038575475,0.4314464190629563,16.685714285714287,553.6500000000003,527.4420000000002,553.0986685920001,194,0,0.5014901604422689,-0.3803583955387619,0.5014901604422689,0.3803583955387619,1.0571428571428572,1.7142857142857142,2.3142857142857145,32.233591865674995,10.166063729645211,2.4807184853940094,-2.29005626619307,2.360563815755569,-2.3888708388607607,7.989700994382209,-0.0435400711527559,2.8050604669849095,1.908695060357642,1203.701211583452,25.692023676495612,18.570343498440643,21.01983324122382,16.376159669017042,10.604410109096785,14.619491394266234,7.860158640355049,12.424604717442088,5.32734564077504,8.939093485108616,3.439697195071411,5.995310724334086,-1.84,34063577.16784542,27.74270917541264,11.477195321615412,7.571060260481108,206.53616749027785,10.05365155780638,4.895483475517775,0.0,10.023291153407584,9.837253136417502,5.508330501264255,4.899909730850477,21.974567706265816,13.17124514302446,11.761884949391115,18.19910120538483,36.75265696523406,36.32444712915025,23.796633679227178,34.74370206548239,37.30981551389976,0.0,4.899909730850477,5.138973737607942,32.65744337989155,43.917675357516686,48.53093654769288,0.0,0.0,10.455762341614273,18.858631417708025,0.0,11.761884949391115,71.8865617834309,24.597407243625135,0.0,6.4208216229260096,63.2173869742462,0.0,0.0,0.0,118.79999999999998,41.201682571272855,30.00683911168234,0.0,5.687386274683562,37.99856263307282,30.117730424266146,11.761884949391115,0.0,30.33183534230805,10.216698334856808,9.87583669140799,93.52786643543295,1.4674218553162004,1.1883535162228342,7.949161671018667,-5.960145521949725,0.4273787084278155,11.378565272022373,0.5022598970143614,3.219571482094601,-10.283766648933426,0.4285714285714285,35,3,8,0,1,1,0,2,0,2,1,0,8,2,14,1,10,0,1,1,0,0,9.097385484485226,3,2.922600000000002,127.50870000000002,0,0,0,0,0,0,0,0,0,0,0,0,0,0,0,1,1,1,0,0,0,0,0,0,0,3,0,0,0,1,0,0,0,0,2,0,0,0,0,0,0,1,0,0,3,0,0,0,0,0,0,0,0,0,0,0,1,0,0,0,0,0,0,0,0,0,0,0,0,0,0,0,0,0,0,1,1,1,0,0,0,0,0,0,0,CHEMBL3126117,NS(=O)(=O)c1ccc(N[C@H](CCN2CCOCC2)CSc2ccccc2)c(S(=O)(=O)C(F)(F)F)c1,26000.0,4.414973347970818,CHEMBL4625,Apoptosis regulator Bcl-X,4,Large-Polar-Aromatic-Flexible-Hydrophilic
14.693248299955922,14.693248299955922,0.0093197044351005,-4.76677109451294,0.0934246198357677,22.730337078651687,1229.332,1157.7639999999994,1228.5429691319998,470,0,0.415919489729581,-0.3678769813202221,0.415919489729581,0.3678769813202221,0.651685393258427,1.2808988764044944,1.9775280898876404,19.413237972348107,9.933188058938793,2.4294597408853216,-2.268395550965385,2.302320587340317,-2.586621803628485,5.996626815453147,-0.1374613893871198,2.5223660992856685,1.1160120771660762,3560.2485870263104,64.1047793231506,49.267050081223424,49.267050081223424,42.395017200443526,29.052298228136625,29.052298228136625,22.85639865666372,22.85639865666372,15.520750368589146,15.520750368589146,10.701174702616091,10.701174702616091,-9.950000000000005,7.036399029446281e+19,65.03481957674298,29.163019851808865,17.404032509992202,509.3527585305376,58.15186456101053,42.795801380800334,0.0,53.16461756416355,5.907179729351506,6.176298517443475,47.94537184071822,4.681802935145184,13.17124514302446,5.098681808301038,117.83747285287996,59.21245646418622,73.67470369968134,23.720041938619428,61.116616983742674,69.97472222559611,0.0,67.41206692294944,23.48738561564636,114.8129976407843,19.634269217737724,155.0994798288686,0.0,0.0,48.26797630921284,13.17124514302446,0.0,0.0,145.8767104061873,81.5551760717065,17.75371813848418,72.42149305909376,121.58829437553518,0.0,10.902924932081056,0.0,342.69999999999993,150.36848567992658,61.116616983742674,0.0,55.59363028177164,11.126902983393991,33.78382907261107,29.295854507848382,88.48909598653007,18.19910120538483,57.83035425695377,5.733667477162185,43.17120486421854,0.0,145.72288391831432,30.350402675509223,7.062470186520086,-10.19688651195272,18.61449016584528,-3.019088782759857,4.877856817638486,0.0,0.3870967741935484,89,11,24,0,2,2,10,4,2,6,8,4,13,10,27,4,10,0,1,1,0,0,21.310244206464755,8,1.5318000000000145,316.8702000000004,0,0,0,0,0,4,1,0,0,0,10,10,0,0,0,4,9,1,0,0,1,1,0,0,0,3,0,10,0,0,0,0,0,0,4,0,5,0,0,0,0,0,0,0,3,0,0,0,0,0,0,0,0,0,0,0,0,0,0,0,0,0,0,0,1,0,0,0,0,0,0,1,0,0,0,0,0,0,0,0,0,0,0,0,0,CHEMBL5410760,CC(C)[C@@H]1NC(=O)Cn2cc(nn2)C[C@H](C(N)=O)NC(=O)[C@@H]2C[C@@H](CN2C(=O)c2ccccc2)NC(=O)[C@H](Cc2cccc(C(F)(F)F)c2)NC(=O)[C@@H](C(C)C)CNC(=O)CNC(=O)[C@H](Cc2ccccc2)NC(=O)[C@H](Cc2c[nH]c3ccccc23)NC1=O,9.0,0.9542425094393248,CHEMBL1255126,Protein Mdm4,1,Large-Polar-Aromatic-Flexible-Hydrophilic
11.301610315094884,11.301610315094884,0.2029479130080578,-1.2327711975471856,0.2098553498232878,24.846153846153847,561.0430000000005,527.7790000000005,560.226243836,210,0,0.3200187084936397,-0.4800858278476824,0.4800858278476824,0.3200187084936397,1.205128205128205,2.0,2.7435897435897436,35.49569239543503,9.973658288478545,2.4492457312396927,-2.420474970970425,2.325824131136319,-2.524706577582793,6.301518865812374,-0.1383564870813823,3.42555164080888,1.229933751448148,1304.4585189974148,27.68106931801569,21.25203465039717,22.007963596415625,18.689580941199036,12.814149366090096,13.192113839099324,10.31225517556887,10.748690956040855,7.354513761898277,7.589610864686016,5.302873465927818,5.515758516489067,-2.91,514164226.47695816,27.649132261715213,11.679100368392616,6.142338570994718,229.50624854969192,36.423689823497014,36.19776078477367,17.692941169337626,0.0,0.0,5.969305287951848,14.261546562713654,14.951935562841625,0.0,0.0,23.733674027155736,30.034913297707615,44.29117174921677,6.3273200747645415,24.85098232239399,34.55198589440338,0.0,29.318854672333934,11.651573523323576,43.54721919196632,38.45744950672506,47.50619322881384,0.0,0.0,11.46733495432437,5.817862777835028,0.0,11.600939890232516,107.68526416676364,16.076156543784446,5.917906046161393,18.212174285357875,36.92010842337552,5.022633313741326,11.16387793838399,0.0,189.11,36.55094645107958,20.11411936859394,0.0,18.783440806673617,35.19393011011186,25.197720709434723,17.22173979732044,0.0,24.26546827384644,24.75175502454258,27.805137798356935,7.650547257597013,6.106895662440477,28.02188031903396,31.666052707878677,13.561543125743007,-0.5109892007293595,6.791524461268782,-1.0787516428899262,3.902408420768475,0.0,0.52,39,7,13,0,2,2,0,1,2,3,5,0,12,5,14,4,11,0,2,2,0,0,8.279922840603444,5,-0.0828999999999956,142.54619999999989,1,2,2,1,0,4,0,0,1,1,1,0,0,0,0,6,0,2,0,0,1,0,0,0,0,0,0,0,0,1,0,0,0,0,1,0,1,0,0,0,0,1,0,0,1,0,0,1,0,0,0,0,0,0,0,0,0,0,0,0,0,0,0,0,0,0,0,0,0,0,0,0,0,0,0,0,0,0,0,0,0,0,0,0,0,CHEMBL4637676,Nc1ncnc2c1ncn2[C@@H]1O[C@H](CN(CC[C@H](N)C(=O)O)CC2CN(Cc3cccc(Cl)c3)C2)[C@@H](O)[C@H]1O,99.5,1.9978230807457256,CHEMBL4106124,MLL1-ASH2L/RbBP5/WDR5/DPY30,4,Large-Polar-Aromatic-Flexible-Hydrophilic
13.828485689851686,13.828485689851686,0.0495160240659886,-4.641224083734731,0.1454052371344393,12.291666666666666,740.8160000000003,712.5920000000001,740.058656336,256,0,0.3238784087861699,-0.4798953607205573,0.4798953607205573,0.3238784087861699,0.5416666666666666,0.8541666666666666,1.125,32.23754773999839,10.064894536310453,2.3212109768669555,-2.2778395658108272,2.383324120681863,-2.3686284252348573,7.9313394243175885,-0.1357492310408772,2.9685229490192446,1.8645784247521835,2163.551441510976,35.65612529163335,25.001447779521776,28.267434103232684,22.1863442913405,13.354480943347324,20.017430677065096,10.257446300291312,17.47897725071792,6.464282819073346,11.225181478086744,4.619699481329144,8.614282712230207,-4.919999999999999,10278873203.253485,35.92544994212963,13.296566919188514,8.316209930418795,275.9909157315025,10.213054789681411,13.08951281182515,0.0,20.046582306815168,20.046582306815168,11.938610575903695,27.64369607964029,33.67118793731575,0.0,0.0,24.26546827384644,60.6636706846161,22.147220978296716,33.67727786742548,53.473317095140786,85.55376871719785,0.0,0.0,0.0,9.79096695103555,43.65567289034461,84.92913895846256,0.0,0.0,18.054621711496644,22.74954509873425,0.0,0.0,81.4239044817488,49.68223898177398,0.0,0.0,94.72010590949812,0.0,10.772448428929591,0.0,241.69999999999996,65.12128800135918,53.473317095140786,0.0,43.31296047869939,8.610431982592466,48.909740777792464,48.53093654769288,0.0,0.0,9.444189728904176,0.0,107.07345298492078,0.0,23.061681594729095,19.463717076144498,-0.2573504739405092,-3.072246210863181,17.035266196771566,1.803617536558595,-2.138853214282263,-16.63595215670522,0.1428571428571428,48,4,16,0,0,0,0,4,0,4,0,0,10,4,20,0,14,0,0,0,0,0,9.951773942864245,4,2.1426000000000007,178.10019999999972,2,0,0,0,0,0,0,0,2,2,2,0,0,0,0,2,2,0,0,0,0,0,0,0,0,0,0,0,0,4,0,0,0,0,4,0,1,0,0,0,0,0,0,0,0,0,0,0,0,0,0,0,0,0,0,0,0,0,0,0,0,0,0,0,0,0,0,0,0,0,0,0,0,0,0,0,4,0,0,0,0,0,0,0,0,CHEMBL4872820,CS(=O)(=O)Nc1ccc(S(=O)(=O)N(CC(=O)O)c2ccc(N(CC(=O)O)S(=O)(=O)c3ccc(NS(C)(=O)=O)cc3)c3ccccc23)cc1,194.0,2.287801729930226,CHEMBL3038498,Keap1/Nrf2,2,Large-Polar-Aromatic-Flexible-Hydrophilic
12.69209232537883,12.69209232537883,0.2386853965098809,-3.676735066297205,0.7206924363379822,14.9,431.5140000000001,406.3140000000003,431.1514919,160,0,0.2428483026044241,-0.4573819027458337,0.4573819027458337,0.2428483026044241,1.0333333333333334,1.6,2.1333333333333333,32.23325757071957,9.96143095041858,2.2852988126042013,-2.3215931459271073,2.257042087309933,-2.466208905941653,7.916574428441046,-0.1330155411580204,2.7240214213820733,1.6875401455031682,985.0617205651828,21.725403871315216,16.73030380080172,17.546800381729447,14.236202008657774,9.616000332389952,11.46431195165446,7.236079479364698,9.14289275377162,5.032842179988692,6.173422920300261,3.341340276811509,4.190955859345175,-3.069999999999999,4330191.620114428,21.63438328735858,9.166369270465369,5.5037705922926055,175.82406856103017,15.370440161812713,18.043780072480384,0.0,21.837650612110593,0.0,0.0,13.894290359439877,8.417796984328938,0.0,0.0,18.19910120538483,49.239845656621675,19.007418857986544,11.943155458194964,22.74373430627263,27.525036886794155,0.0,4.899909730850477,11.651573523323576,12.84164324585202,30.195254392545365,54.59730361615449,0.0,11.49902366656781,14.775746422258468,5.687386274683562,11.49902366656781,0.0,51.02210457513155,19.612365521551222,5.917906046161393,12.84164324585202,54.59730361615449,0.0,0.0,0.0,110.01,10.023291153407584,18.00687135247258,0.0,24.27702191077698,43.11756599892854,10.560985174807636,0.0,29.165378004696915,30.33183534230805,0.0,10.470530430962237,31.455104919323407,0.0,25.5549927401928,0.0,5.696571725066788,0.3063539525020256,15.741414596256192,2.046551830808927,0.4590786354803937,-3.676735066297205,0.3333333333333333,30,2,8,0,1,1,2,2,0,2,0,0,5,1,9,1,7,0,1,1,0,0,6.6102915383571075,3,1.9687999999999997,113.64620000000002,0,0,0,0,0,0,0,0,0,0,2,2,0,0,0,2,0,1,0,0,1,0,0,0,0,0,0,2,0,1,0,0,0,0,2,0,0,0,0,0,0,1,0,0,0,0,0,0,0,0,0,0,0,0,0,0,0,0,0,0,0,0,0,0,1,0,0,0,0,1,0,1,0,0,0,0,1,0,0,0,0,0,0,0,0,CHEMBL1601194,CS(=O)(=O)N(CC(=O)N1CCC(C(N)=O)CC1)c1ccc(Oc2ccccc2)cc1,792.03,2.898741631826495,CHEMBL2096976,Peroxisome proliferator-activated receptor gamma/Nuclear receptor corepressor 2,0,Large-Polar-Aromatic-Flexible-Hydrophilic
11.265698246563767,11.265698246563767,0.2109445999423329,-1.2161836946959468,0.2096015581449979,25.62162162162162,532.6270000000004,500.3710000000004,532.2216371239999,200,0,0.3200187084936397,-0.4800858278476824,0.4800858278476824,0.3200187084936397,1.2432432432432432,2.054054054054054,2.783783783783784,32.133388263488754,9.977280071753205,2.449156187643787,-2.418933611477435,2.325407000649829,-2.5244217678662717,7.074886405905987,-0.1383561216219584,3.5759979340524324,1.237550773489052,1203.190414541911,26.103719048826065,20.20496819866218,21.021464779589905,17.795734091081684,12.185888047853556,13.12869708943562,9.813932952145931,10.593966266493265,7.045586235324064,7.777636032718273,5.050170641324119,5.709993430963183,-2.72,239946818.71244496,25.909771938387227,10.948186633084958,5.596228483969722,216.84334559322176,36.423689823497014,36.19776078477367,17.692941169337626,0.0,0.0,5.969305287951848,14.261546562713654,14.951935562841625,11.336785877934735,0.0,0.0,34.72867177017784,39.26853843547545,6.3273200747645415,24.85098232239399,34.2878318821056,0.0,29.318854672333934,11.651573523323576,43.54721919196632,38.45744950672506,35.044584250619515,0.0,0.0,11.46733495432437,5.817862777835028,0.0,11.336785877934735,107.68526416676364,16.076156543784446,5.917906046161393,18.212174285357875,29.481132758922524,0.0,11.16387793838399,0.0,189.11,36.55094645107958,20.11411936859394,0.0,12.238684400761038,36.71605320228311,19.634269217737724,18.21809164122608,15.90388552572609,0.0,41.578247633936016,16.20419790812442,7.652662528535544,1.6859125855838777,28.05625729249807,35.09460264793676,13.719336154196736,-0.4393882875878363,1.149366061229524,-0.970137985297246,4.218055669571238,0.0,0.5652173913043478,37,7,13,0,2,2,0,0,3,3,5,0,13,5,14,5,11,0,2,2,0,0,7.666622129787319,5,-0.6747999999999963,135.4132,1,2,2,1,0,4,0,0,1,1,1,0,0,0,0,6,0,2,0,0,1,0,0,0,0,0,0,0,0,1,0,0,0,0,0,0,1,0,0,0,0,1,0,0,0,0,0,1,0,0,0,0,0,0,0,0,0,0,0,0,0,0,0,0,0,0,0,0,0,0,0,0,0,0,0,0,0,0,0,0,0,0,1,0,0,CHEMBL4648206,Nc1ncnc2c1ncn2[C@@H]1O[C@H](CN(CC[C@H](N)C(=O)O)CC2CN(Cc3ccsc3)C2)[C@@H](O)[C@H]1O,15.2,1.1818435879447726,CHEMBL4106124,MLL1-ASH2L/RbBP5/WDR5/DPY30,4,Large-Polar-Aromatic-Flexible-Hydrophilic
15.186487059470704,15.186487059470704,0.0212357412372592,-1.4846501436713615,0.0160428121519333,21.51578947368421,1322.5409999999997,1230.812999999999,1321.7043739719998,516,0,0.2456755430157993,-0.3936790815918555,0.3936790815918555,0.2456755430157993,0.6736842105263158,1.305263157894737,1.9684210526315788,16.25622817607814,10.00697828308784,2.421529209914116,-2.3117510423546146,2.2397357052936457,-2.604775997064223,5.998078843799257,-0.1430824326044017,1.7407080512277824,1.3176293516862592,3289.865484076746,69.30344993589989,53.68675611354084,53.68675611354084,45.34246215973636,31.959675281599015,31.959675281599015,23.88977677963306,23.88977677963306,16.608097711508332,16.608097711508332,11.558988431458308,11.558988431458308,-10.140000000000004,8.787966952515856e+22,73.90603699134033,36.347057763388776,22.267385214390035,549.2454137933564,95.57600245304508,66.46024912062755,11.91910913748767,70.88615675221807,0.0,0.0,68.35301342044491,0.0,0.0,0.0,60.68297676136064,108.090603926349,63.04417457288707,6.606881964512918,62.64097360370256,93.70819082178684,10.818567211583044,73.26847262671781,17.201002431486554,177.1229634406636,32.78590758816322,84.07309038482934,0.0,0.0,75.68567707555621,0.0,0.0,0.0,201.94174797598535,70.37608945471388,10.818567211583044,108.947974057578,72.94618740143534,0.0,10.902924932081056,0.0,505.42999999999984,143.95328783735854,53.05189923555892,9.589074368143644,108.7271726133241,41.29229278425308,6.923737199690624,23.647293861082204,66.87982033297372,6.06636706846161,63.46865316501686,28.0195696430696,0.0,0.0,173.61722567769192,54.67404581478535,18.455579167893777,-9.654093261213452,1.867370274060738,6.580983642475752,3.625555350972556,0.0,0.5238095238095238,95,21,32,0,3,3,12,2,1,3,11,0,15,18,32,4,26,0,2,2,0,0,28.276494690393623,6,-3.507660000000029,348.2068000000006,0,1,1,0,0,1,1,0,0,0,12,12,0,0,0,2,14,3,0,0,1,1,0,0,0,0,2,12,0,0,0,0,0,0,2,0,2,0,0,0,0,0,0,2,0,0,0,0,0,0,0,0,0,0,0,0,0,0,0,0,0,0,0,0,1,0,0,0,0,0,0,1,0,0,0,0,0,0,0,0,0,0,0,0,0,CHEMBL4790252,CC(=O)N[C@@H](CO)C(=O)N[C@@H](C)C(=O)N[C@@H](CCCNC(=N)N)C(=O)N[C@@H](Cc1c[nH]c2ccccc12)C(=O)N[C@H]1CC/C=C\CC[C@@H](C(=O)N2CCC[C@H]2C(=O)N[C@@H](CCCNC(=N)N)C(N)=O)NC(=O)[C@H](C)NC(=O)[C@@H]2CCCN2C(=O)[C@H](Cc2ccccc2)NC1=O,1100.0,3.041392685158225,CHEMBL2093861,Menin/Histone-lysine N-methyltransferase MLL,1,Large-Polar-Aromatic-Flexible-Hydrophilic
13.39399814037771,13.39399814037771,0.0910828894173689,-1.0163459193055944,0.1445928906058353,16.708333333333332,666.8240000000001,616.4240000000001,666.3853313200001,262,0,0.2431240963442728,-0.350903295282632,0.350903295282632,0.2431240963442728,0.9375,1.6666666666666667,2.3125,16.17288456553157,9.972471968893794,2.367626700736646,-2.2850576811527605,2.1873227912971185,-2.5634554041585185,5.95142324812407,-0.1398941702290742,3.768332583735946,1.538581474153452,1383.168837664531,35.21660322394842,28.506324682740612,28.506324682740612,22.887156906157266,16.656173657567276,16.656173657567276,12.75116912114782,12.75116912114782,8.357940750673588,8.357940750673588,5.426066115076962,5.426066115076962,-4.75,26192394923.79747,37.705297457342574,18.552220931920452,11.494127922601452,281.51330462241395,36.46783127182934,24.16736331659184,0.0,35.443078376109035,0.0,0.0,28.76722310443093,4.983978520947208,0.0,0.0,64.44760576399656,37.164644029562425,32.127999629290244,18.566004475525578,28.76722310443093,35.443078376109035,0.0,41.45180979277655,11.835812092322788,97.43491383558758,13.08951281182515,54.11337847523112,0.0,0.0,26.583943020031658,0.0,0.0,0.0,87.56782127727092,41.73280113326951,11.835812092322788,71.5593519767026,42.85599898868567,0.0,0.0,0.0,194.49,47.79608223399786,28.76722310443093,0.0,43.03657120279039,38.04590567545164,5.563451491696996,18.150967005305645,6.196843571613076,58.02678414107054,36.55190006192607,0.0,0.0,0.0,86.45095605550301,13.643875950445844,1.5009167015790983,-2.689308847993569,5.936743933269922,5.124422005812425,9.365727534716582,0.0,0.5588235294117647,48,6,14,0,1,1,6,1,1,2,5,0,7,6,14,2,17,0,1,1,0,0,14.57327101525829,3,0.9423000000000076,178.70119999999957,0,0,0,0,0,2,1,0,0,0,6,6,0,0,0,2,6,0,0,0,1,1,0,0,0,0,0,6,0,0,0,0,0,0,1,0,0,0,0,0,0,0,0,0,0,0,0,1,0,0,0,0,0,0,0,0,0,0,0,0,0,0,0,0,0,0,0,0,0,0,0,0,0,0,0,0,0,0,0,0,0,0,0,0,0,CHEMBL1790316,CC[C@H](C)[C@H](NC(=O)[C@@H]1CCCN1C(=O)CNC(=O)[C@H](C)NC(=O)[C@H](Cc1c[nH]cn1)NC(=O)CC(C)C)C(=O)NCc1ccccc1,6000.0,3.7781512503836434,CHEMBL1949,Cyclophilin A,4,Large-Polar-Aromatic-Flexible-Hydrophilic
15.24894846803843,15.24894846803843,0.0508595300752785,-1.5130787416004603,0.0206555039492508,21.29032258064516,1296.5029999999997,1206.790999999999,1295.6887239079997,506,0,0.2456755430092794,-0.3936790815918555,0.3936790815918555,0.2456755430092794,0.6666666666666666,1.3010752688172045,1.967741935483871,16.256224224105218,9.99437718950335,2.423855185372611,-2.3085577355240994,2.2433579830616672,-2.6037497128048868,5.9980614659991,-0.1430160963027191,1.790772748427692,1.3349888556981786,3201.0783979732146,67.88923637352678,52.532055575161586,52.532055575161586,44.34246215973637,31.309845367337953,31.309845367337953,23.54812877083895,23.54812877083895,16.43301266863886,16.43301266863886,11.49442617305826,11.49442617305826,-9.880000000000004,9.676737543997875e+21,72.18624297449378,35.076906963404575,21.3534415740975,537.2051325967475,95.57600245304508,66.46024912062755,11.91910913748767,70.88615675221807,0.0,0.0,68.35301342044491,0.0,0.0,0.0,61.3725797935449,95.24896068049696,63.04417457288707,6.606881964512918,62.64097360370256,93.70819082178684,10.818567211583044,73.26847262671781,17.201002431486554,177.1229634406636,32.78590758816322,71.92105017116157,0.0,0.0,75.68567707555621,0.0,0.0,0.0,201.94174797598535,70.37608945471388,10.818567211583044,108.947974057578,60.79414718776757,0.0,10.902924932081056,0.0,505.42999999999984,143.95328783735854,53.05189923555892,9.589074368143644,108.7271726133241,41.29229278425308,6.923737199690624,23.647293861082204,60.79414718776757,0.0,63.46865316501686,28.0195696430696,0.0,0.0,173.94525529733514,54.606918717408426,18.443455436896475,-9.85025340854102,1.5981287466358702,2.864085890437768,3.5590759864940127,0.0,0.5409836065573771,93,21,32,0,3,3,12,2,1,3,11,0,15,18,32,4,26,0,3,3,0,0,27.22656052531221,6,-4.063860000000028,339.06680000000046,0,1,1,0,0,1,1,0,0,0,12,12,0,0,0,2,14,3,0,0,1,1,0,0,0,0,0,12,0,0,0,0,0,0,2,0,2,0,0,0,0,0,0,2,0,0,0,0,0,0,0,0,0,0,0,0,0,0,0,0,0,0,0,0,1,0,0,0,0,0,0,1,0,0,0,0,0,0,0,0,0,0,0,0,0,CHEMBL4795456,CC(=O)N[C@@H](CO)C(=O)N[C@@H](C)C(=O)N[C@@H](CCCNC(=N)N)C(=O)N[C@@H](Cc1c[nH]c2ccccc12)C(=O)N[C@H]1CCCC[C@@H](C(=O)N2CCC[C@H]2C(=O)N[C@@H](CCCNC(=N)N)C(N)=O)NC(=O)[C@H](C)NC(=O)[C@@H]2CCCN2C(=O)[C@H](Cc2ccccc2)NC1=O,122.0,2.0863598306747484,CHEMBL2093861,Menin/Histone-lysine N-methyltransferase MLL,1,Large-Polar-Aromatic-Flexible-Hydrophilic
13.611644860927523,13.611644860927523,0.0691310282530517,-4.434526093271289,0.2175746078251503,11.658536585365852,603.6310000000002,578.4310000000002,603.098136,216,0,0.3238796281663286,-0.4967671120136989,0.4967671120136989,0.3238796281663286,0.6829268292682927,1.0975609756097562,1.5121951219512195,32.23486240615417,10.15390075157254,2.324104678697628,-2.266748104150789,2.378033714964045,-2.3680779088598674,7.928321110032288,-0.1357493498906382,3.4440613027656704,1.8795644474856577,1669.0338596193076,29.94901851044681,21.71375407928707,23.346747241142523,19.39345107252705,11.771147610013992,14.651274267615271,8.53205589641568,12.256676448474796,6.0681569216519975,9.616069436077176,4.145907585039243,7.004959507502909,-4.759999999999999,1009299577.9494264,29.22819465876111,11.385011807572718,5.75694031135975,234.80589045948437,24.670759218228717,24.58853647839296,0.0,0.0,20.046582306815168,11.938610575903695,18.199506350736108,16.835593968657875,0.0,0.0,0.0,66.73003775307771,11.583067786077873,40.902035300574,46.111449034083016,54.26289036416704,0.0,4.983978520947208,0.0,9.79096695103555,35.919539876972685,72.9268813246908,0.0,11.49902366656781,18.084157890192564,11.374772549367124,11.49902366656781,0.0,71.28034574957039,29.63565667495881,0.0,0.0,82.71784827572635,0.0,10.902924932081056,0.0,183.61,45.074705694544015,36.637723126482925,0.0,32.06866443248373,20.109455649160275,0.0,87.14647640724587,0.0,0.0,4.983978520947208,9.473725907600098,65.90997931233805,0.0,25.9562111857948,19.29098524066178,-0.0920524552541139,-2.1027467660799566,14.58456679168651,1.3983746009882374,-1.9009994301723745,-6.044318479962937,0.1538461538461538,41,3,13,0,0,0,0,3,1,4,0,0,8,3,15,1,12,0,0,0,0,0,8.116179056195831,4,2.7449000000000003,148.6218999999998,2,0,0,0,0,1,1,0,2,2,2,0,0,0,0,2,1,0,0,0,0,1,0,0,0,0,0,0,0,2,0,0,0,0,3,0,1,0,0,0,0,2,0,0,0,0,0,0,0,0,0,0,0,0,0,2,0,0,0,0,0,0,0,0,0,0,0,0,0,0,0,0,0,0,0,0,2,0,0,0,0,0,0,0,0,CHEMBL4169869,COc1ccc(S(=O)(=O)N(CC(=O)O)c2ccc(N(CC(=O)O)S(=O)(=O)c3ccc(OC)cc3)c3[nH]ccc23)cc1,1300.0,3.113943352306837,CHEMBL3038498,Keap1/Nrf2,2,Large-Polar-Aromatic-Flexible-Hydrophilic
13.19420391232586,13.19420391232586,0.0372834595525788,-4.26699578068603,0.4047773203313365,11.61111111111111,532.5960000000002,508.40400000000034,532.0974077279999,190,0,0.3238779359965146,-0.4798953633164462,0.4798953633164462,0.3238779359965146,0.5833333333333334,0.8611111111111112,1.1111111111111112,32.23486148240727,10.239280245382144,2.294750038747654,-2.253742959864508,2.289877112329608,-2.3649928129624707,7.927953696424336,-0.1357526998398918,2.8124758452234357,2.043055263716843,1352.076003352316,26.672997628507915,19.397257498359345,21.030250660214797,16.817441467605484,10.546402738622405,13.426529396223684,7.95334121238352,11.67796176444264,5.201371077469322,8.777527916737334,3.335899399621747,6.164215736015887,-3.899999999999999,49780372.46431958,26.700356034089832,10.38049189326594,5.833773382373474,208.68797504772112,10.213054789681411,13.08951281182515,0.0,0.0,20.046582306815168,11.938610575903695,18.199506350736108,16.835593968657875,0.0,0.0,35.392371257240434,62.37841094707412,0.0,21.165739500402672,36.637723126482925,43.359965432085986,0.0,0.0,0.0,23.6384413504168,21.69994479441762,83.92330780493333,0.0,0.0,8.610431982592466,11.374772549367124,0.0,0.0,52.07677214606812,29.63565667495881,13.847474399381248,11.126902983393991,82.5873717725749,0.0,0.0,0.0,149.36,45.074705694544015,36.637723126482925,0.0,21.165739500402672,8.610431982592466,11.126902983393991,48.53093654769288,38.112942673227685,0.0,0.0,0.0,54.13750669707241,0.0,22.6944868129521,18.669620585078597,1.557646699921409,-2.797748591529252,16.64601674763818,0.0,1.7931292769052898,-8.533991561372058,0.1666666666666666,36,2,10,0,0,0,0,3,0,3,0,0,6,2,12,0,10,0,0,0,0,0,7.698967482199551,3,2.863240000000001,133.13519999999994,2,0,0,0,0,0,0,0,2,2,2,0,0,0,0,2,0,0,0,0,0,0,0,0,0,0,0,0,0,2,2,0,0,0,3,0,0,0,0,0,0,0,0,0,0,0,0,0,0,0,0,0,0,0,0,0,0,0,0,0,0,0,0,0,0,0,0,0,0,0,0,0,0,0,0,0,2,0,0,0,0,0,0,0,0,CHEMBL3601205,Cc1ccc(S(=O)(=O)N(CC(=O)O)c2ccc(N(CC(=O)O)S(=O)(=O)c3ccc(C)cc3)cc2)cc1,966.0,2.9849771264154934,CHEMBL3038498,Keap1/Nrf2,2,Large-Polar-Aromatic-Flexible-Hydrophilic
11.350353810589182,11.350353810589182,0.2034986963853498,-1.2354688834591572,0.1625737884872112,24.390243902439025,566.6190000000005,532.3470000000004,566.260130808,218,0,0.3200187084936397,-0.4800858278476824,0.4800858278476824,0.3200187084936397,1.146341463414634,1.951219512195122,2.7560975609756095,16.556014661259336,9.972672149317622,2.449596656302727,-2.4187335791735203,2.3285623905067245,-2.5246002026747973,5.812822597953393,-0.1383574589357058,3.6283231942072978,1.104093090068504,1520.0358462861589,28.67263314957841,22.35966873704143,22.35966873704143,19.77889733867607,13.609651733951452,13.609651733951452,10.939434756895585,10.939434756895585,8.014420258745076,8.014420258745076,5.805489724976517,5.805489724976517,-3.66,2122840336.5665607,27.5069508973068,11.312586037592244,5.49124365904901,234.67897611862227,40.84084076055037,41.78078092641591,17.692941169337626,0.0,0.0,5.969305287951848,14.261546562713654,14.951935562841625,0.0,0.0,18.19910120538483,18.405094737549017,50.21821414163724,12.590483070403598,29.268133259447332,33.9202903602779,0.0,29.318854672333934,11.651573523323576,43.54721919196632,38.45744950672506,48.746722910711576,0.0,0.0,11.46733495432437,5.817862777835028,0.0,0.0,107.68526416676364,16.076156543784446,5.917906046161393,18.212174285357875,47.60042235606792,0.0,22.13312229449103,0.0,202.25,36.55094645107958,20.11411936859394,0.0,18.783440806673617,30.171296796370537,36.16696506554176,17.22173979732044,0.0,24.462264201023885,30.818122093004188,20.621348845177767,13.34712147669835,0.0,28.125697512917434,32.19377174219375,14.470556336479714,-0.5198850045741434,6.96478038443201,0.7207286211625901,3.8638955973569624,0.0,0.4814814814814814,41,7,14,0,2,2,0,1,3,4,5,0,13,5,14,5,11,0,2,2,0,0,7.589628016039228,6,0.0099000000000045,147.30819999999983,1,2,2,1,0,4,0,0,1,1,1,0,0,0,0,6,0,2,0,0,1,0,0,0,0,0,0,0,0,1,0,0,0,0,1,0,2,0,0,0,0,1,1,0,0,0,0,1,0,0,0,0,0,0,0,0,0,0,0,0,0,0,0,0,1,0,0,0,0,0,0,0,0,0,0,0,0,0,0,0,0,0,0,0,0,CHEMBL4636460,Nc1ncnc2c1ncn2[C@@H]1O[C@H](CN(CC[C@H](N)C(=O)O)CC2CN(Cc3coc4ccccc34)C2)[C@@H](O)[C@H]1O,119.0,2.0755469613925306,CHEMBL4106124,MLL1-ASH2L/RbBP5/WDR5/DPY30,4,Large-Polar-Aromatic-Flexible-Hydrophilic
8.960608000930138,8.960608000930138,0.3827268498427546,0.3827268498427546,0.4678853738153942,17.352941176470587,457.5860000000003,426.33800000000025,457.2702419920001,176,0,0.1558424722615706,-0.3707419147357934,0.3707419147357934,0.1558424722615706,1.0588235294117647,1.8529411764705883,2.588235294117647,15.22899830653623,9.959766417388924,2.298888702425378,-2.4412026483559175,2.2701383354090767,-2.5269976163010544,5.857355572266658,0.1736514327499305,2.858088438530139,1.1068434360627002,1143.2552157036816,23.329851878000294,19.320745295574937,19.320745295574937,16.712172533505807,12.012946471618529,12.012946471618529,9.15085712184576,9.15085712184576,6.695902686027666,6.695902686027666,4.805817661355758,4.805817661355758,-3.48,66014480.49422856,22.319047758432475,10.199380903090928,5.031513042648575,199.5486109519408,26.1670641468758,17.66188357021583,5.817862777835028,0.0,0.0,0.0,0.0,14.951935562841625,5.261891554738487,0.0,0.0,49.23984565662168,63.46042799138093,17.14937352210553,0.0,28.356513265586145,5.261891554738487,19.8518452936921,11.651573523323576,18.88348407499998,61.34678178025115,48.288973977231194,0.0,6.069221312792274,21.267154416025324,17.323111830353618,0.0,0.0,71.70698096422808,0.0,17.249018913692154,18.405094737549017,42.7255224855342,0.0,11.033401435232523,0.0,119.02,0.0,0.0,0.0,0.0,30.612711178831503,68.23455226631746,5.687386274683562,6.3273200747645415,24.26546827384644,48.60330916132353,15.97953755284788,0.0,0.0,18.535109279888623,15.812130715593945,9.157667982651317,2.298768807912208,14.354766322032154,3.7738107941135928,6.734412764474829,0.0,0.44,34,4,9,0,2,2,0,1,2,3,0,0,9,3,9,4,8,0,2,2,0,0,6.695307925956781,5,2.2797800000000006,134.82179999999997,0,0,0,0,0,3,0,0,0,0,0,0,0,0,0,6,2,1,0,0,1,0,0,0,0,0,0,0,0,3,0,0,0,0,1,0,1,0,0,0,0,0,0,0,0,0,0,0,0,0,0,0,0,0,0,0,0,1,0,0,0,0,0,0,0,0,0,0,0,1,0,0,0,1,0,0,0,0,0,0,0,0,0,0,0,CHEMBL5176172,N#Cc1ccc(N2CC(CN3CCC(Nc4ncnc5ccc(NCCN)nc45)CC3)C2)cc1,680.0,2.832508912706236,CHEMBL2093861,Menin/Histone-lysine N-methyltransferase MLL,4,Large-Polar-Aromatic-Flexible-Hydrophilic
15.19602917104909,15.19602917104909,0.059851488543698,-1.5543505759513545,0.016737188845114,21.877777777777776,1252.4459999999997,1166.765999999999,1251.65127578,488,0,0.2456755447164284,-0.3936790815918555,0.3936790815918555,0.2456755447164284,0.7333333333333333,1.4111111111111112,2.111111111111111,16.256208533765815,10.010226068045805,2.421124122552137,-2.3084119111686348,2.237152229916559,-2.6036933565064637,5.998417649313546,-0.142939432625128,2.3472184698575274,1.366130507501855,3122.7693359915233,65.6047793231506,50.772542551167746,50.772542551167746,42.9866201120798,30.22569504687479,30.22569504687479,22.65470406674821,22.65470406674821,15.819547853089992,15.819547853089992,10.98164945524053,10.98164945524053,-9.450000000000005,6.8628247637455e+19,69.6475566016435,33.77521585963407,19.77751738199871,519.9153742672936,90.25921384903874,66.46024912062755,5.959554568743835,70.88615675221807,0.0,0.0,62.94372981465338,0.0,0.0,0.0,60.68297676136064,101.79371708640954,56.49941816697449,6.606881964512918,62.64097360370256,87.74863625304299,5.409283605791522,67.95168402271148,17.201002431486554,164.28132019481157,32.78590758816322,84.07309038482934,0.0,0.0,70.36888847154988,0.0,0.0,0.0,195.9821934072415,70.37608945471388,5.409283605791522,96.10633081172598,72.94618740143534,0.0,10.902924932081056,0.0,469.54999999999984,143.95328783735854,53.05189923555892,9.589074368143644,89.92597479872823,41.29229278425308,6.923737199690624,35.799334074749964,60.79414718776757,0.0,58.15186456101053,22.61028603727808,0.0,0.0,173.0979158154683,44.37912210043213,18.63183104916979,-9.637082733082863,1.4838774225371336,5.480635133846253,3.563701211629256,0.0,0.5166666666666667,90,19,30,0,3,3,12,2,1,3,11,0,15,16,30,4,25,0,2,2,0,0,26.13734731462879,6,-3.812230000000024,328.11040000000037,0,1,1,0,0,1,1,0,0,0,12,12,0,0,0,2,12,3,0,0,1,1,0,0,0,0,0,12,0,0,0,0,0,0,2,0,2,0,0,0,0,0,0,1,0,0,0,0,0,0,0,0,0,0,0,0,0,0,0,0,0,0,0,0,1,0,0,0,0,0,0,1,0,0,0,0,0,0,0,0,0,0,0,0,0,CHEMBL4779043,CC(=O)N[C@@H](CO)C(=O)N[C@@H](C)C(=O)N[C@@H](CCCNC(=N)N)C(=O)N[C@@H](Cc1c[nH]c2ccccc12)C(=O)N[C@H]1C/C=C\C[C@@H](C(=O)N2CCC[C@H]2C(=O)N[C@@H](CCCN)C(N)=O)NC(=O)[C@H](C)NC(=O)[C@@H]2CCCN2C(=O)[C@H](Cc2ccccc2)NC1=O,142.0,2.1522883443830563,CHEMBL2093861,Menin/Histone-lysine N-methyltransferase MLL,1,Large-Polar-Aromatic-Flexible-Hydrophilic
15.450188422990513,15.450188422990513,0.1021833301948131,-1.685541853093371,0.0315153127558698,20.445378151260503,1678.965,1575.1409999999992,1677.7220748359994,636,0,0.2454291178963408,-0.5079666451556014,0.5079666451556014,0.2454291178963408,0.5714285714285714,1.1680672268907564,1.7478991596638656,32.167721928812306,10.004941266300229,2.3895654352266944,-2.2872129105041137,2.2434456636871456,-2.6209419538458008,7.983461265992247,-0.1363658292298105,1.7249861199712229,1.1857812003477628,4673.605415436268,86.57067017047203,66.71719609305543,68.35018925491089,56.71067589588939,38.596978689063214,40.90637976582172,29.660963874277943,31.721477391061956,19.2038432712089,21.341694972210945,12.700176360306054,14.636496972774315,-12.290000000000006,6.426144314580571e+33,92.22314882614404,44.875219908183794,28.50740711909691,694.1555521091819,100.55633742881687,78.25160178305941,0.0,82.7005162109211,0.0,0.0,77.09147761889993,4.983978520947208,23.52376989878223,0.0,100.49135362030184,85.5471195549551,114.55038993808364,30.426024416722683,82.44310276152764,117.1272110417844,0.0,88.72135585281202,23.303147046647155,183.52367530933384,18.112589178006495,168.0150729847006,0.0,16.876414816677897,75.26879820240036,0.0,5.749511833283905,23.52376989878223,219.65863651570947,104.31251428220315,11.835812092322788,101.50076372624876,134.24293452506424,0.0,22.02982791547505,0.0,566.3199999999998,186.6730038049712,58.47041684116851,23.97268592035911,66.7829404210625,55.80196637511141,23.52376989878223,57.56084351929593,111.30077700422142,13.847474399381248,88.72135585281202,11.46733495432437,0.0,2.285226394825564,218.4341964282432,63.628644793781234,15.641672768317854,-14.073624828838383,9.726548373782403,4.047592561272038,9.643076841949409,0.0,0.419753086419753,119,21,36,0,3,3,14,3,4,7,13,4,22,19,38,7,26,0,0,0,0,0,34.77759734620485,10,-0.8122000000000245,441.24200000000104,0,2,2,0,0,5,2,1,0,0,14,14,0,0,0,3,14,2,0,0,0,2,0,0,0,0,0,14,0,0,0,0,0,0,3,0,3,0,0,0,0,0,0,0,0,0,0,1,0,0,0,0,0,0,0,0,0,0,0,0,0,0,0,0,1,1,1,0,0,0,0,2,0,2,0,2,0,0,0,0,0,0,0,0,0,CHEMBL1933131,CC(=O)N[C@@H](CC(C)C)C(=O)N[C@H](C(=O)N[C@@H](Cc1ccccc1)C(=O)N[C@@H]1CSCc2ccc(cn2)-c2ccc(nc2)CSC[C@@H](C(=O)N[C@@H](CO)C(N)=O)NC(=O)[C@H](C(C)C)NC(=O)[C@H](CCC(N)=O)NC(=O)[C@H](C)NC(=O)[C@H](Cc2c[nH]c3ccccc23)NC(=O)[C@H](Cc2ccc(O)cc2)NC(=O)[C@H](Cc2cnc[nH]2)NC1=O)[C@@H](C)O,5.0,0.6989700043360189,CHEMBL1907611,Tumour suppressor p53/oncoprotein Mdm2,1,Large-Polar-Aromatic-Flexible-Hydrophilic
15.205138292970648,15.205138292970648,0.0336565286599346,-1.5834525686671668,0.0163380896184515,21.827956989247312,1296.455,1210.7749999999992,1295.64110502,504,0,0.2456755447164284,-0.3936790815918555,0.3936790815918555,0.2456755447164284,0.7419354838709677,1.4193548387096775,2.10752688172043,16.271603318223715,10.010253787830978,2.4197397813168866,-2.307281169059994,2.2353320282743447,-2.603567080656526,6.000060955908277,-0.1428332482488201,1.840968922037979,1.349328975601631,3269.0461112632,68.05237308034332,52.21379087475847,52.21379087475847,44.25314576225932,30.73931188463566,30.73931188463566,23.16621859721854,23.16621859721854,15.991287258152466,15.991287258152466,11.04533862587993,11.04533862587993,-9.980000000000004,2.3580921258394017e+21,72.08742797347135,34.4465120812153,20.768893569769347,535.4460437205255,94.9488623707236,66.46024912062755,5.959554568743835,76.79333648156958,0.0,0.0,67.73826699872521,0.0,0.0,0.0,60.68297676136064,89.33105463433556,56.49941816697449,19.255604758173796,72.5420381826151,93.6558159823945,5.409283605791522,73.26847262671781,11.46733495432437,164.46738053639848,32.78590758816322,84.07309038482934,0.0,0.0,69.95200959839403,0.0,0.0,0.0,213.099866919182,75.1706266387857,5.409283605791522,90.18842476556458,72.94618740143534,0.0,10.902924932081056,0.0,492.85999999999984,162.50919036037092,62.952963814471445,9.589074368143644,76.96039676988964,34.87147116132707,6.923737199690624,42.723071274440585,60.79414718776757,0.0,63.46865316501686,16.876618560115894,0.0,0.0,185.1740731703121,56.17276124727589,12.625532748115036,-11.089102514074035,0.6683657404186165,3.189647646044203,3.7587219619081846,0.0,0.5081967213114754,93,19,32,0,3,3,13,2,1,3,12,0,16,17,32,4,25,0,2,2,0,0,26.700650092386223,6,-5.054130000000023,334.5125000000005,0,2,2,0,0,1,1,0,0,0,13,13,0,0,0,2,13,2,0,0,1,1,0,0,0,0,0,13,0,0,0,0,0,0,2,0,2,0,0,0,0,0,0,1,0,0,0,0,0,0,0,0,0,0,0,0,0,0,0,0,0,0,0,0,1,0,0,0,0,0,0,1,0,0,0,0,0,0,0,0,0,0,0,0,0,CHEMBL4790289,CC(=O)N[C@@H](CO)C(=O)N[C@@H](C)C(=O)N[C@@H](CCCNC(=N)N)C(=O)N[C@@H](Cc1c[nH]c2ccccc12)C(=O)N[C@H]1C/C=C\C[C@@H](C(=O)N2CCC[C@H]2C(=O)NCC(=O)N[C@H](C(N)=O)[C@@H](C)O)NC(=O)[C@H](C)NC(=O)[C@@H]2CCCN2C(=O)[C@H](Cc2ccccc2)NC1=O,41000.0,4.6127838567197355,CHEMBL2093861,Menin/Histone-lysine N-methyltransferase MLL,1,Large-Polar-Aromatic-Flexible-Hydrophilic
15.11943495849223,15.11943495849223,0.0303509259511818,-1.6443711693088563,0.0170952034691075,14.91509433962264,1512.7820000000004,1415.0059999999992,1511.6689766439993,576,0,0.245429117896332,-0.5079666451556014,0.5079666451556014,0.245429117896332,0.4716981132075472,0.9056603773584906,1.4056603773584906,32.11798487304058,10.005157233162931,2.3804186592704646,-2.2836687786100316,2.2078699322712056,-2.6199348868995176,7.800280473970116,-0.1363363996726111,1.6019587068686756,1.4267748916731022,3844.6378188437266,78.48309450066145,59.729491115803434,61.51834549780326,50.192236467884946,34.23846129989567,35.503372363963024,26.379879624431343,27.11017636777157,16.61044964917827,17.340746392518493,10.995842973989488,11.510062544159585,-10.589999999999993,5.305745257250923e+27,86.05373870821248,42.38545868971281,27.794139162531543,622.3068700503659,100.5563374288169,78.25160178305941,0.0,82.7005162109211,0.0,0.0,67.12352057700551,4.983978520947208,25.257578296025983,0.0,88.35861948337859,79.83520704095788,79.52409259796991,19.03816842702576,82.44310276152764,118.86101943902815,0.0,78.75339881091762,23.303147046647155,178.43878971876632,18.112589178006495,119.96806157793112,0.0,5.749511833283905,75.26879820240035,0.0,5.749511833283905,25.257578296025983,209.6906794738151,92.80680706870956,11.835812092322788,96.53372935947785,97.58377910799165,0.0,10.902924932081056,0.0,540.5399999999998,186.5079513655566,77.64856557745581,4.794537184071822,61.86310726990954,33.287207402020506,0.0,57.56084351929593,74.6416215871488,13.847474399381248,104.0109771069436,11.46733495432437,0.0,8.510481269622922,202.70187061492055,61.76113324610729,13.096103854959196,-14.096443079029171,3.0666388997508447,0.9564530771618844,9.948206560950938,0.0,0.4714285714285714,106,21,34,0,0,0,14,3,2,5,13,0,20,21,36,2,43,0,0,0,0,0,34.40969044445548,5,-3.1997000000000155,393.7730000000007,0,2,2,0,0,3,2,1,0,0,14,14,0,0,0,1,14,2,0,0,0,2,2,0,0,0,0,14,0,0,0,0,0,0,3,0,1,0,0,0,0,0,0,0,0,0,0,1,0,0,0,0,0,0,0,0,0,0,0,0,0,0,0,0,1,1,1,0,0,0,0,2,0,0,0,0,0,0,0,0,0,0,0,0,0,CHEMBL1933130,CC(=O)N[C@@H](CC(C)C)C(=O)N[C@H](C(=O)N[C@@H](Cc1ccccc1)C(=O)N[C@H](CS)C(=O)N[C@@H](Cc1cnc[nH]1)C(=O)N[C@@H](Cc1ccc(O)cc1)C(=O)N[C@@H](Cc1c[nH]c2ccccc12)C(=O)N[C@@H](C)C(=O)N[C@@H](CCC(N)=O)C(=O)N[C@@H](CC(C)C)C(=O)N[C@@H](CS)C(=O)N[C@@H](CO)C(N)=O)[C@@H](C)O,13.0,1.1139433523068367,CHEMBL1907611,Tumour suppressor p53/oncoprotein Mdm2,1,Large-Polar-Aromatic-Flexible-Hydrophilic
13.234413811136882,13.234413811136882,0.0477021321891637,-1.0352511603298302,0.0974847812192588,15.24561403508772,783.8390000000002,738.479,783.3227906400001,300,0,0.2639041945727122,-0.4962577115099613,0.4962577115099613,0.2639041945727122,0.9298245614035088,1.649122807017544,2.3508771929824563,16.522105860318565,9.98632449054459,2.451738891001724,-2.2741643070425654,2.376415105129991,-2.5379791918123455,6.251561774614402,-0.1359431910920594,3.453873742588925,0.9007102650738698,2232.632552573371,40.63888847582927,32.21590779040019,32.21590779040019,27.51447810609508,18.39745554581296,18.39745554581296,13.588517029656956,13.588517029656956,9.715724358322266,9.715724358322266,6.968577616812894,6.968577616812894,-6.170000000000001,3850608542543.766,40.49175760202418,18.18524590850686,8.954523336821698,327.75627090224333,34.148128671004216,17.54086449571577,0.0,17.721539188054518,17.373626353755018,0.0,48.86780969108543,0.0,0.0,0.0,6.06636706846161,54.75000465407304,62.9441313045607,69.26845803607509,42.9201377355593,45.99573335037068,0.0,29.98447483845218,7.04767198267719,25.428240480912553,72.64585274502798,82.0328916798237,0.0,22.6259266499618,30.983358614671097,5.687386274683562,11.49902366656781,0.0,122.2577012473667,37.44976584840533,0.0,39.121072089086645,59.78327030968071,0.0,21.899351412323583,0.0,199.73,29.67055974655398,28.76722310443093,0.0,55.19351318858794,55.42066730247972,26.97648842040626,10.633466716252965,51.9905319169947,30.1466829189125,20.9343443329662,18.947451815200196,24.28422124327885,0.0,82.49139515712585,9.440544772651725,3.072995075856048,-1.2755329659373975,9.42027000741676,5.117089216775446,2.2862153288144675,6.662802164018247,0.375,57,3,17,0,2,2,5,2,2,4,1,0,14,3,17,4,18,0,1,1,0,1,12.918466127376522,6,1.7122000000000035,208.10909999999947,0,0,0,0,0,2,0,0,0,0,5,5,0,0,0,4,3,0,0,1,0,0,0,0,0,0,0,5,0,1,1,0,0,0,2,0,2,0,0,0,0,4,0,0,0,0,0,0,2,0,0,0,0,0,0,2,0,0,0,0,0,0,0,0,0,0,0,0,0,1,0,0,0,2,0,0,0,0,0,0,0,0,0,0,0,CHEMBL5267184,COc1cc(-c2cn(C)c(=O)c3cnccc23)cc(OC)c1CN(C)CC(=O)NCCOCCOCCNc1cccc2c1C(=O)N(C1CCC(=O)NC1=O)C2=O,4.872,0.6877072796248189,CHEMBL614489,EOL1,4,Large-Polar-Aromatic-Flexible-Hydrophilic
15.137646059659607,15.137646059659607,0.0379916133039568,-1.578642286449168,0.0233021269537884,22.32183908045977,1209.395999999999,1127.7479999999994,1208.625475632,470,0,0.2459158088033557,-0.3701604379834824,0.3701604379834824,0.2459158088033557,0.8045977011494253,1.528735632183908,2.2298850574712645,19.142167350796615,9.750886168652574,2.49790217610721,-2.4262517229294547,2.339028358407482,-2.672091247964801,6.007094856465059,-0.1461496837657912,3.8961500952937858,1.2542132585736157,3095.985097431586,62.95007878477134,48.977207893017386,48.977207893017386,41.56833512048386,29.62181665780741,29.62181665780741,22.714785773599857,22.714785773599857,16.291213846153898,16.291213846153898,11.465780601658055,11.465780601658055,-8.950000000000003,6.247830751040268e+18,65.59077432592495,30.41175564185127,17.373408681874082,502.20451836644617,79.83589785019171,65.73271355576087,5.959554568743835,64.97897702286656,0.0,0.0,58.14919263058156,4.39041504767482,0.0,0.0,42.483875555975814,126.2651788924202,56.49941816697449,0.0,57.13032407246486,81.84145652369148,5.409283605791522,62.63489541870515,17.201002431486554,170.07529145798642,26.1790256236503,83.82394415741362,0.0,0.0,65.05209986754355,4.39041504767482,0.0,0.0,171.81684791262387,65.58155227064206,11.226504446837415,108.4450584808134,66.87982033297372,0.0,10.902924932081056,0.0,420.21999999999986,130.71169057862747,47.54124970432122,9.589074368143644,102.76761804458026,47.71311440717909,0.0,53.99843528013479,36.52867891392113,0.0,52.83507595700419,22.61028603727808,14.810899422611602,0.0,161.03256556937583,32.76619677512914,16.86358808980454,-8.964384115014312,1.0354805807561085,6.372235358315207,3.1667516523552326,0.0,0.5254237288135594,87,17,27,1,3,4,11,2,1,3,9,0,13,14,28,4,22,1,2,3,1,0,22.927937944365997,7,-1.6160300000000078,316.1719000000004,0,0,0,0,0,1,1,0,0,0,11,11,0,0,0,2,11,3,0,0,1,1,0,0,0,0,0,11,0,0,0,0,0,0,2,0,2,0,0,0,0,0,0,1,1,0,0,0,0,0,0,0,0,0,0,0,0,0,0,0,0,0,0,0,1,0,0,0,0,0,0,1,0,0,0,0,0,0,0,0,0,0,0,0,0,CHEMBL4794800,CC(=O)N[C@@H](C)C(=O)N[C@@H](CCCNC(=N)N)C(=O)N[C@@H](Cc1c[nH]c2ccccc12)C(=O)N[C@H]1C/C=C\C[C@@H](C(=O)N2CCC[C@H]2C(=O)N[C@@H](CCCN)C(N)=O)NC(=O)C2(CCC2)NC(=O)[C@@H]2CCCN2C(=O)[C@H](Cc2cccc(F)c2)NC1=O,1230.0,3.089905111439398,CHEMBL2093861,Menin/Histone-lysine N-methyltransferase MLL,1,Large-Polar-Aromatic-Flexible-Hydrophilic
15.300506434997155,15.300506434997155,0.0147579188454221,-1.610130454737473,0.0133476860940344,21.38,1395.5919999999996,1300.839999999999,1394.7207523079996,544,0,0.2456755447164284,-0.3936790815918555,0.3936790815918555,0.2456755447164284,0.67,1.28,1.92,16.27168145268021,10.010214862710702,2.427046226276968,-2.3099923359163013,2.2399496418016716,-2.604320354153566,6.003347298622949,-0.143051510797266,1.6281190627293838,1.367144164171781,3495.676329266285,73.32839396228222,56.28270497551081,56.28270497551081,47.557676214899615,33.16003218829069,33.16003218829069,24.933343421664595,24.933343421664595,17.167388088441246,17.167388088441246,11.855484786761975,11.855484786761975,-10.710000000000004,2.433030632106658e+25,78.28788944600512,37.865645778328314,22.949266571744975,576.4809160579977,105.99931845189212,72.50208994977551,11.91910913748767,76.79333648156958,0.0,0.0,73.14755060451674,0.0,0.0,0.0,60.68297676136064,102.17269788018758,63.04417457288707,12.71084835226122,72.5420381826151,99.61537055113834,10.818567211583044,78.58526123072414,17.201002431486554,183.3508646113985,32.78590758816322,84.07309038482934,0.0,0.0,81.00246567956255,0.0,0.0,0.0,225.10126231707383,75.1706266387857,10.818567211583044,103.0300680114166,72.94618740143534,0.0,10.902924932081056,0.0,554.7599999999999,162.0062747836063,62.952963814471445,9.589074368143644,108.7271726133241,28.45064953840106,6.923737199690624,42.723071274440585,60.79414718776757,0.0,68.7854417690232,28.0195696430696,0.0,0.0,188.32183959385492,67.01211758631122,18.20185314871257,-11.725247289767196,-1.1348516892081588,2.913179023383382,4.411109626713302,0.0,0.5230769230769231,100,23,35,0,3,3,13,2,1,3,13,0,17,20,35,4,29,0,2,2,0,0,29.64421490495358,6,-5.422259999999996,362.5843000000006,0,2,2,0,0,1,1,0,0,0,13,13,0,0,0,2,15,3,0,0,1,1,0,0,0,0,0,13,0,0,0,0,0,0,2,0,2,0,0,0,0,0,0,2,0,0,0,0,0,0,0,0,0,0,0,0,0,0,0,0,0,0,0,0,1,0,0,0,0,0,0,1,0,0,0,0,0,0,0,0,0,0,0,0,0,CHEMBL4792914,CC(=O)N[C@@H](CO)C(=O)N[C@@H](C)C(=O)N[C@@H](CCCNC(=N)N)C(=O)N[C@@H](Cc1c[nH]c2ccccc12)C(=O)N[C@H]1C/C=C\C[C@@H](C(=O)N2CCC[C@H]2C(=O)N[C@@H](CCCNC(=N)N)C(=O)N[C@H](C(N)=O)[C@@H](C)O)NC(=O)[C@H](C)NC(=O)[C@@H]2CCCN2C(=O)[C@H](Cc2ccccc2)NC1=O,1800.0,3.255272505103306,CHEMBL2093861,Menin/Histone-lysine N-methyltransferase MLL,1,Large-Polar-Aromatic-Flexible-Hydrophilic
15.828429818662093,15.828429818662093,0.0045008420844034,-1.7864772377372178,0.0082839709234484,14.279411764705882,1891.172000000001,1763.1559999999993,1889.9689214639989,736,0,0.2924185910007353,-0.5079666451556014,0.5079666451556014,0.2924185910007353,0.4852941176470588,0.9264705882352942,1.4044117647058822,16.465797305899425,9.996838175153574,2.3975625182789733,-2.291182187861141,2.2245600404650516,-2.619744265316736,6.008450839752506,-0.1367968058435699,1.6497752084157344,1.2563967247800805,5204.584499325856,99.82981871553636,77.43123407867152,77.43123407867152,64.69594556108231,44.66688234194585,44.66688234194585,33.87322324607741,33.87322324607741,21.579447529023636,21.579447529023636,14.343136633511651,14.343136633511651,-14.759999999999996,8.642686605790256e+40,108.26710944551414,54.421363621570016,35.651576920397446,784.9181868925583,126.35009358947666,84.00111361634332,5.959554568743835,82.7005162109211,11.731584227351432,0.0,77.32734136686886,4.983978520947208,0.0,14.99386983910109,94.9375551669771,161.18354897063193,86.80493750935733,37.93931863073516,97.08103029424024,105.47017544109752,5.409283605791522,114.91101955769255,23.303147046647155,229.99142304376127,33.35094872352818,162.2099745634452,0.0,17.186409941251373,95.9560269682194,0.0,11.49902366656781,0.0,268.21352203477716,92.80680706870956,17.24509569811431,152.60133797879632,134.0012875955059,0.0,16.590311206764618,0.0,690.61,192.30497682172748,63.57694423600921,28.76722310443093,137.7817112643002,39.03017751513951,11.720243422189638,64.67064106057346,98.90708986099528,13.847474399381248,116.69344901879204,21.613481513915943,5.243418705100751,0.0,226.0526173323396,102.14675599754835,13.772639214337785,-14.79886501751126,8.17473905919265,-0.5789023275078449,14.829717811556977,1.4912125582762918,0.4725274725274725,136,26,45,0,0,0,15,4,3,7,14,0,26,24,45,3,57,0,0,0,0,0,43.32385096610766,7,-2.25343000000001,496.3611000000011,0,3,3,0,0,7,2,1,0,0,15,15,0,0,0,5,18,2,0,0,0,2,0,0,0,0,0,15,0,0,0,0,0,0,4,0,1,0,0,0,0,1,0,1,0,0,0,1,0,0,0,0,0,0,0,1,0,0,0,0,0,0,0,0,1,1,1,0,0,0,0,1,0,0,0,0,0,0,0,1,0,0,0,2,0,CHEMBL1689395,C=C(C)C(=O)NCCCC[C@H](NC(=O)[C@H](Cc1ccccc1)NC(=O)[C@@H](NC(=O)[C@H](CC(C)C)NC(C)=O)[C@@H](C)O)C(=O)N[C@@H](Cc1cnc[nH]1)C(=O)N[C@@H](Cc1ccc(O)cc1)C(=O)N[C@@H](Cc1c[nH]c2ccccc12)C(=O)N[C@@H](CCCCNC(=O)c1nnn(-c2ccc(OC)cc2)n1)C(=O)N[C@@H](CCCNC(=N)N)C(=O)N[C@@H](CC(C)C)C(=O)N[C@H](C(=O)N[C@@H](CO)C(N)=O)[C@@H](C)O,71.0,1.8512583487190752,CHEMBL5023,p53-binding protein Mdm-2,1,Large-Polar-Aromatic-Flexible-Hydrophilic
15.412496036536115,15.412496036536115,0.0050621780615212,-2.002243827399539,0.007443748768396,15.758169934640524,2214.659000000001,2069.506999999999,2212.9791114879986,840,0,0.3029356726839523,-0.5079666451556014,0.5079666451556014,0.3029356726839523,0.4509803921568627,0.8823529411764706,1.3660130718954249,32.12022048503639,9.997409743116975,2.435382598929055,-2.3025263047714097,2.241470159142635,-2.622720907602756,7.803711686863055,-0.1424419088422702,1.68060495939704,1.2214419120349125,5578.426682865461,113.5783773810503,85.60186756405824,89.17957632805792,72.47243888636002,49.72511452989553,52.254936658030225,37.76504910077501,39.225642587455454,24.403862396965337,25.89270020848862,16.223626096192703,17.16077814361537,-14.369999999999992,2.3801366284919397e+48,127.28965870584577,64.46940068970304,43.00665221999544,904.1493223882144,154.97486008834778,108.4608059287992,5.959554568743835,118.14359458703017,0.0,5.969305287951848,106.09456447129983,4.983978520947208,50.515156592051966,0.0,88.35861948337862,137.74653643027855,97.92246905167558,30.587876909435273,116.00486305003044,191.4905359678588,5.409283605791522,110.23725156179977,46.2378169552959,271.97431372322353,42.64568364472488,119.96806157793112,0.0,5.749511833283905,124.78741113108076,0.0,5.749511833283905,50.515156592051966,322.7466668790766,126.36856735721236,17.24509569811431,153.81820838904736,97.58377910799165,0.0,10.902924932081056,0.0,851.35,288.0364555074964,96.82671431374312,19.178148736287287,126.27807540871476,39.70802902494651,11.823646930541102,43.71336911991469,88.48909598653009,0.0,155.8524984230012,39.81128846876464,0.0,16.976540079521705,305.23255612919337,83.26110729892476,35.65634685413323,-24.163761144872232,-7.66162411448616,-1.3309827972950776,9.252039917102753,0.0,0.5360824742268041,153,35,52,0,1,1,20,3,2,5,19,0,31,33,56,3,67,0,1,1,0,0,53.635869351390305,6,-6.962329999999939,571.8898000000019,1,1,1,0,0,3,2,1,1,1,21,20,0,0,0,2,20,6,0,0,1,2,4,0,0,0,0,20,0,0,0,0,0,0,3,0,1,0,0,0,0,0,0,1,0,0,0,1,0,0,0,0,0,0,0,0,0,0,0,0,0,0,0,0,1,1,1,0,0,0,0,3,0,0,0,0,0,0,0,0,0,0,0,1,0,CHEMBL5267883,CC(C)C[C@H](NC(=O)[C@H](CS)NC(=O)[C@H](CCCNC(=N)N)NC(=O)[C@H](Cc1c[nH]c2ccccc12)NC(=O)[C@H](Cc1ccc(O)cc1)NC(=O)[C@H](CS)NC(=O)[C@H](CC(C)C)NC(=O)[C@H](Cc1ccccc1)NC(=O)[C@@H](NC(=O)[C@H](CCC(=O)O)NC(=O)[C@@H]1CCCN1C(=O)[C@H](C)NC(=O)[C@H](CCCCN)NC(=O)[C@H](CS)NC(=O)[C@H](CC(N)=O)NC(=O)[C@@H](N)CS)[C@@H](C)O)C(=O)N[C@@H](CCC(N)=O)C(=O)N[C@@H](Cc1c[nH]cn1)C(N)=O,11.4,1.0569048513364727,CHEMBL2221344,Tumour suppressor protein p53/Mdm4,1,Large-Polar-Aromatic-Flexible-Hydrophilic
14.58489794413943,14.58489794413943,0.0433981234612033,-1.343264402732616,0.0379195178715675,23.464788732394368,980.1409999999996,914.6209999999996,979.50282066,380,0,0.2456755447164284,-0.3701604379834824,0.3701604379834824,0.2456755447164284,0.8309859154929577,1.5492957746478873,2.2816901408450705,16.18103390029582,10.016184710655912,2.4146254178582085,-2.3078336168508096,2.2326191764730763,-2.594303656407451,5.98521745008687,-0.1429331230284363,4.129383661908852,1.2942223621021076,2496.359783915147,51.19093023970704,39.96275588277154,39.96275588277154,33.99701914923733,24.012948897012084,24.012948897012084,18.188601656895084,18.188601656895084,12.922042927787674,12.922042927787674,9.24819845860794,9.24819845860794,-7.780000000000001,2561270961074377.0,52.58853529130107,24.67206064109925,14.162996813781692,410.6327337087669,63.46865316501685,48.33472663318368,5.959554568743835,53.16461756416355,0.0,0.0,48.56011826243792,0.0,0.0,0.0,60.68297676136064,75.48358023495432,56.49941816697449,0.0,43.1508346566464,70.02709706498845,5.409283605791522,52.00131821069248,11.46733495432437,126.39041726182504,19.634269217737724,84.07309038482934,0.0,0.0,48.68485518236869,0.0,0.0,0.0,141.87696596647697,55.992477902498415,5.409283605791522,76.34095036618332,72.94618740143534,0.0,10.902924932081056,0.0,335.99999999999994,101.49934419734724,43.1508346566464,0.0,70.53957514696364,24.825916360475023,16.466376423778055,23.647293861082204,42.61435205912728,30.33183534230805,42.201498748991526,16.876618560115894,0.0,0.0,130.1696769867856,27.23453352393107,13.228716026535476,-6.095961891701482,7.192232185684828,6.472323537465513,3.2984796312990228,0.0,0.4693877551020408,71,13,22,0,3,3,9,2,1,3,8,0,10,11,22,4,15,0,2,2,0,0,18.27419058779673,6,-1.0177300000000036,261.27009999999956,0,0,0,0,0,1,1,0,0,0,9,9,0,0,0,2,9,2,0,0,1,1,0,0,0,0,0,9,0,0,0,0,0,0,2,0,2,0,0,0,0,0,0,1,0,0,0,0,0,0,0,0,0,0,0,0,0,0,0,0,0,0,0,0,1,0,0,0,0,0,0,1,0,0,0,0,0,0,0,0,0,0,0,0,0,CHEMBL4789846,CC(=O)N[C@@H](Cc1c[nH]c2ccccc12)C(=O)N[C@H]1C/C=C\C[C@@H](C(=O)N2CCC[C@H]2C(=O)N[C@@H](CCCNC(=N)N)C(N)=O)NC(=O)[C@H](C)NC(=O)[C@@H]2CCCN2C(=O)[C@H](Cc2ccccc2)NC1=O,77730.0,4.8905886677054875,CHEMBL2093861,Menin/Histone-lysine N-methyltransferase MLL,4,Large-Polar-Aromatic-Flexible-Hydrophilic
15.194856018544312,15.194856018544312,0.0441702784191027,-1.5111315888377488,0.0158115585535706,21.48936170212766,1308.5139999999997,1218.801999999999,1307.6887239079997,510,0,0.2456755447164284,-0.3936790815918555,0.3936790815918555,0.2456755447164284,0.6914893617021277,1.3404255319148937,2.0106382978723403,16.25622571657889,10.009147585757622,2.421506406552665,-2.314035690281546,2.238991811674968,-2.6049925753138092,5.998469642694436,-0.1430873178962761,1.657667925246252,1.3354521779273043,3270.9243883793224,68.59634315471334,52.97964933235429,52.97964933235429,44.84246215973637,31.459675281599015,31.459675281599015,23.548128770838954,23.548128770838954,16.357874267463657,16.357874267463657,11.37325391831578,11.37325391831578,-10.140000000000004,1.2374551768904503e+22,72.91755504907765,35.61572164129929,21.478058323437185,542.8804716789598,95.57600245304508,66.46024912062755,11.91910913748767,70.88615675221807,0.0,0.0,68.35301342044491,0.0,0.0,0.0,60.68297676136064,101.66978230342298,63.04417457288707,6.606881964512918,62.64097360370256,93.70819082178684,10.818567211583044,73.26847262671781,17.201002431486554,170.7021418177376,32.78590758816322,84.07309038482934,0.0,0.0,75.68567707555621,0.0,0.0,0.0,201.94174797598535,70.37608945471388,10.818567211583044,102.527152434652,72.94618740143534,0.0,10.902924932081056,0.0,505.42999999999984,143.95328783735854,53.05189923555892,9.589074368143644,102.30635099039807,41.29229278425308,6.923737199690624,23.647293861082204,72.94618740143534,0.0,63.46865316501686,28.0195696430696,0.0,0.0,173.59445374133998,54.51844198566952,18.422713947283658,-9.85812369872795,1.5911855229907956,5.831790125008871,3.566205043101837,0.0,0.5161290322580645,94,21,32,0,3,3,12,2,1,3,11,0,15,18,32,4,26,0,2,2,0,0,27.627780248851774,6,-3.897760000000029,343.58980000000054,0,1,1,0,0,1,1,0,0,0,12,12,0,0,0,2,14,3,0,0,1,1,0,0,0,0,1,12,0,0,0,0,0,0,2,0,2,0,0,0,0,0,0,2,0,0,0,0,0,0,0,0,0,0,0,0,0,0,0,0,0,0,0,0,1,0,0,0,0,0,0,1,0,0,0,0,0,0,0,0,0,0,0,0,0,CHEMBL4781519,CC(=O)N[C@@H](CO)C(=O)N[C@@H](C)C(=O)N[C@@H](CCCNC(=N)N)C(=O)N[C@@H](Cc1c[nH]c2ccccc12)C(=O)N[C@H]1C/C=C\CC[C@@H](C(=O)N2CCC[C@H]2C(=O)N[C@@H](CCCNC(=N)N)C(N)=O)NC(=O)[C@H](C)NC(=O)[C@@H]2CCCN2C(=O)[C@H](Cc2ccccc2)NC1=O,3000.0,3.4771212547196626,CHEMBL2093861,Menin/Histone-lysine N-methyltransferase MLL,1,Large-Polar-Aromatic-Flexible-Hydrophilic
14.625287815778158,14.625287815778158,0.0551071438695454,-1.0548255897632306,0.5171657818813629,15.22222222222222,500.47700000000015,477.2930000000003,500.167139876,188,0,0.3073160995170574,-0.4809861659760956,0.4809861659760956,0.3073160995170574,1.1388888888888888,1.8611111111111112,2.5,19.1469771564895,10.122264617306742,2.242183305425864,-2.186835827992074,2.2595506100543212,-2.3186732551208697,5.915645150093366,-0.1357347989007726,3.2412859676338845,1.5452432595815755,1368.9526728987878,25.982398705266423,19.301828731868845,19.301828731868845,17.1171012961276,11.193172475640202,11.193172475640202,8.55341604890504,8.55341604890504,5.880432874803714,5.880432874803714,4.084468246747566,4.084468246747566,-4.1499999999999995,99315108.8841812,24.95825447861197,10.224599788537702,5.396799286865942,203.5270625394757,15.323225729697514,17.80611707760208,5.693927994848461,5.428790391900541,5.907179729351506,5.969305287951848,14.383611552215466,17.853048078169643,5.098681808301038,0.0,12.13273413692322,43.173478588160066,42.64540204742835,12.10820789760957,27.86684690600881,17.563871291986917,0.0,15.097273347452552,0.0,32.48181224696551,17.989422542675626,86.83709771038635,0.0,5.687386274683562,15.64548872675735,18.858631417708025,0.0,0.0,46.02468536292572,17.760115212910407,18.558178881782418,33.73011778008875,47.25910666330309,0.0,5.687386274683562,0.0,104.53000000000002,52.91352837926401,27.554856695239927,0.0,25.073785926448156,23.48952216714159,12.13273413692322,10.748170003606797,36.08911520438754,0.0,10.415470412307368,5.106527394840706,44.00319456068079,0.0,37.72775932412035,15.45279239525257,-0.038958569839643,-3.76043513486821,9.811275484838388,-0.9908914509233816,1.4619300574057992,0.0,0.28,36,2,8,0,1,1,1,2,1,3,1,0,6,2,11,2,7,0,1,1,0,0,7.08856009623017,4,2.9244200000000005,125.16500000000003,1,0,0,0,0,2,0,0,1,1,2,1,0,0,0,3,1,0,0,0,0,0,0,0,0,1,0,1,0,1,1,0,0,0,2,0,0,0,0,0,0,0,0,0,3,0,0,0,0,0,0,0,0,0,0,0,0,0,0,0,0,0,0,0,0,0,0,0,0,0,0,0,0,0,0,0,0,0,0,0,0,0,0,0,0,CHEMBL5408797,Cc1cc(=O)c(C(=O)NCc2c(F)cc(N3CC[C@@H](F)C3)cc2F)nn1-c1cccc(CC(=O)O)c1,1430.0,3.155336037465062,CHEMBL5465553,WDR5-MYC,0,Large-Polar-Aromatic-Flexible-Hydrophilic
15.718894443021362,15.718894443021362,0.0089990251828835,-1.8363479531869351,0.0148553778514417,24.064285714285713,2019.9020000000016,1874.7499999999989,2018.0037083079987,776,0,0.3029356715703366,-0.4812292624533588,0.4812292624533588,0.3029356715703366,0.5428571428571428,1.0857142857142856,1.6857142857142855,35.495698703607374,10.002169739847416,2.474957474161273,-2.333712113557595,2.302720630155022,-2.611066961724366,8.762960192385531,-0.1479291165640627,1.6461455051052885,1.3430235022758,4607.664048174441,102.98451925391564,80.85840610134721,83.24732820922111,66.67750613307783,48.4528556753838,51.31885402010561,36.84024718468829,39.90388267212159,25.03841585001897,27.737092146372465,17.42872926386404,19.81066366400232,-11.490000000000004,1.988074724468691e+43,115.48252463683336,58.66643701526754,36.23754615655995,828.4088076318677,127.18240407782072,102.7112940955153,5.959554568743835,106.32923512832714,0.0,5.969305287951848,96.50549010315618,0.0,0.0,0.0,123.1136345665424,183.52513168267603,75.43832462526643,6.606881964512918,101.30926128704608,151.44683082802877,5.409283605791522,94.03467937949056,34.770482000971526,311.69799506649997,63.92588401939451,70.74683991328982,0.0,0.0,97.3697103647374,0.0,0.0,33.18873584300596,314.707966813016,103.93784974321667,17.24509569811431,207.27196070852665,54.59730361615449,5.022633313741326,0.0,0.0,674.1,251.58575836704657,67.74750099854327,33.561760288502754,160.72011603787703,61.09528765761739,21.587795952773444,33.44711332278316,82.292252414917,6.923737199690624,74.43504045608864,39.94489340467278,0.0,6.372710496431434,281.38680754858404,66.40617450738702,24.11566819599645,-18.209362831255845,-9.679349830077024,1.8359812461622669,10.780295407138816,1.935519704077329,0.6559139784946236,140,25,44,0,5,5,18,2,0,2,17,0,25,21,47,5,39,0,5,5,0,0,48.39248755693475,7,-2.0275299999999827,522.1517000000014,1,1,1,0,0,0,0,0,1,1,19,18,0,0,0,4,15,4,0,0,3,0,0,0,0,0,0,18,0,0,0,0,0,0,2,0,1,0,0,0,0,0,0,1,1,0,0,0,0,0,0,0,0,0,0,0,0,0,0,0,0,0,0,0,0,0,0,0,0,0,0,1,0,0,0,0,0,0,0,0,0,0,0,3,0,CHEMBL3335462,CCCC[C@@H]1NC(=O)[C@H](CCCCN)NC(=O)[C@H](CCCNC(=N)N)NC(=O)[C@H](CC(C)C)NC(=O)[C@@H](NC(=O)[C@H](Cc2ccc(Cl)cc2)NC(=O)[C@@H]2CCCN2C(=O)[C@@H](NC(C)=O)C(C)C)CCSSC[C@@H](C(=O)N[C@@H](CCCCN)C(=O)N2CCC[C@H]2C(=O)N2CCC[C@H]2C(=O)N[C@@H](CCC(=O)O)C(N)=O)NC(=O)[C@H](Cc2ccccc2)NC(=O)[C@H](CO)NC(=O)[C@H](C)NC(=O)[C@@H]2CCCN2C1=O,530.0,2.724275869600789,CHEMBL3430909,Transcriptional coactivator YAP1/Transcriptional enhancer factor TEF-1,1,Large-Polar-Aromatic-Flexible-Hydrophilic
13.524387879606737,13.524387879606737,0.0933941416852917,-1.0334270115123232,0.162344781870094,18.083333333333332,664.8080000000001,616.4240000000001,664.3696812559999,260,0,0.2455241897321382,-0.350903295282632,0.350903295282632,0.2455241897321382,0.9583333333333334,1.6875,2.3541666666666665,16.1733508722288,9.947594995305527,2.448952854722536,-2.3222978340745706,2.308968529364876,-2.605405705889688,5.963485601973601,-0.141003696016904,3.850682743592733,1.2888550035266606,1424.222812957637,34.68322302912881,27.972944487921,27.972944487921,22.96887191456133,16.759891495390825,16.759891495390825,13.122715416056996,13.122715416056996,8.805279397220469,8.805279397220469,6.233607307088439,6.233607307088439,-4.750000000000001,37773339113.30623,36.09242512783053,16.885486854274014,9.878338614757809,280.5074734688846,36.46783127182934,23.664447739827224,0.0,35.443078376109035,0.0,0.0,28.76722310443093,4.983978520947208,0.0,0.0,57.02095298754132,44.088381229253045,32.127999629290244,18.566004475525578,28.76722310443093,35.443078376109035,0.0,41.45180979277655,5.917906046161393,102.34698872821976,13.08951281182515,54.11337847523112,0.0,0.0,26.583943020031658,0.0,0.0,0.0,87.06490570050632,41.73280113326951,5.917906046161393,76.97434244609941,42.85599898868567,0.0,0.0,0.0,194.49,41.38598692788174,28.76722310443093,0.0,43.025844885980504,44.46672729837765,18.405094737549017,18.15096700530564,6.196843571613076,44.179309741689295,36.55190006192607,0.0,0.0,0.0,86.91142529292176,13.859698694557665,0.489364719127056,-2.4088550869654197,6.813505240581086,7.155718330768028,5.595809475676481,0.0,0.5588235294117647,48,6,14,1,1,2,6,1,1,2,3,0,7,6,14,2,15,1,1,2,0,0,12.69662854239274,4,0.8404000000000069,176.65719999999956,0,0,0,0,0,2,1,0,0,0,6,6,0,0,0,2,6,0,0,0,1,1,0,0,0,0,0,6,0,0,0,0,0,0,1,0,0,0,0,0,0,0,0,0,0,0,0,1,0,0,0,0,0,0,0,0,0,0,0,0,0,0,0,0,0,0,0,0,0,0,0,0,0,0,0,0,0,0,0,0,0,0,0,0,0,CHEMBL1793898,CC(C)CC(=O)N[C@@H](Cc1c[nH]cn1)C(=O)N[C@@H](C)C(=O)NCC(=O)N1CCC[C@H]1C(=O)NC1(C(=O)NCc2ccccc2)CCCC1,90000.0,4.954242509439325,CHEMBL1949,Cyclophilin A,4,Large-Polar-Aromatic-Flexible-Hydrophilic
