MaxAbsEStateIndex,MaxEStateIndex,MinAbsEStateIndex,MinEStateIndex,qed,SPS,MolWt,HeavyAtomMolWt,ExactMolWt,NumValenceElectrons,NumRadicalElectrons,MaxPartialCharge,MinPartialCharge,MaxAbsPartialCharge,MinAbsPartialCharge,FpDensityMorgan1,FpDensityMorgan2,FpDensityMorgan3,BCUT2D_MWHI,BCUT2D_MWLOW,BCUT2D_CHGHI,BCUT2D_CHGLO,BCUT2D_LOGPHI,BCUT2D_LOGPLOW,BCUT2D_MRHI,BCUT2D_MRLOW,AvgIpc,BalabanJ,BertzCT,Chi0,Chi0n,Chi0v,Chi1,Chi1n,Chi1v,Chi2n,Chi2v,Chi3n,Chi3v,Chi4n,Chi4v,HallKierAlpha,Ipc,Kappa1,Kappa2,Kappa3,LabuteASA,PEOE_VSA1,PEOE_VSA10,PEOE_VSA11,PEOE_VSA12,PEOE_VSA13,PEOE_VSA14,PEOE_VSA2,PEOE_VSA3,PEOE_VSA4,PEOE_VSA5,PEOE_VSA6,PEOE_VSA7,PEOE_VSA8,PEOE_VSA9,SMR_VSA1,SMR_VSA10,SMR_VSA2,SMR_VSA3,SMR_VSA4,SMR_VSA5,SMR_VSA6,SMR_VSA7,SMR_VSA8,SMR_VSA9,SlogP_VSA1,SlogP_VSA10,SlogP_VSA11,SlogP_VSA12,SlogP_VSA2,SlogP_VSA3,SlogP_VSA4,SlogP_VSA5,SlogP_VSA6,SlogP_VSA7,SlogP_VSA8,SlogP_VSA9,TPSA,EState_VSA1,EState_VSA10,EState_VSA11,EState_VSA2,EState_VSA3,EState_VSA4,EState_VSA5,EState_VSA6,EState_VSA7,EState_VSA8,EState_VSA9,VSA_EState1,VSA_EState10,VSA_EState2,VSA_EState3,VSA_EState4,VSA_EState5,VSA_EState6,VSA_EState7,VSA_EState8,VSA_EState9,FractionCSP3,HeavyAtomCount,NHOHCount,NOCount,NumAliphaticCarbocycles,NumAliphaticHeterocycles,NumAliphaticRings,NumAmideBonds,NumAromaticCarbocycles,NumAromaticHeterocycles,NumAromaticRings,NumAtomStereoCenters,NumBridgeheadAtoms,NumHAcceptors,NumHDonors,NumHeteroatoms,NumHeterocycles,NumRotatableBonds,NumSaturatedCarbocycles,NumSaturatedHeterocycles,NumSaturatedRings,NumSpiroAtoms,NumUnspecifiedAtomStereoCenters,Phi,RingCount,MolLogP,MolMR,fr_Al_COO,fr_Al_OH,fr_Al_OH_noTert,fr_ArN,fr_Ar_COO,fr_Ar_N,fr_Ar_NH,fr_Ar_OH,fr_COO,fr_COO2,fr_C_O,fr_C_O_noCOO,fr_C_S,fr_HOCCN,fr_Imine,fr_NH0,fr_NH1,fr_NH2,fr_N_O,fr_Ndealkylation1,fr_Ndealkylation2,fr_Nhpyrrole,fr_SH,fr_aldehyde,fr_alkyl_carbamate,fr_alkyl_halide,fr_allylic_oxid,fr_amide,fr_amidine,fr_aniline,fr_aryl_methyl,fr_azide,fr_azo,fr_barbitur,fr_benzene,fr_benzodiazepine,fr_bicyclic,fr_diazo,fr_dihydropyridine,fr_epoxide,fr_ester,fr_ether,fr_furan,fr_guanido,fr_halogen,fr_hdrzine,fr_hdrzone,fr_imidazole,fr_imide,fr_isocyan,fr_isothiocyan,fr_ketone,fr_ketone_Topliss,fr_lactam,fr_lactone,fr_methoxy,fr_morpholine,fr_nitrile,fr_nitro,fr_nitro_arom,fr_nitro_arom_nonortho,fr_nitroso,fr_oxazole,fr_oxime,fr_para_hydroxylation,fr_phenol,fr_phenol_noOrthoHbond,fr_phos_acid,fr_phos_ester,fr_piperdine,fr_piperzine,fr_priamide,fr_prisulfonamd,fr_pyridine,fr_quatN,fr_sulfide,fr_sulfonamd,fr_sulfone,fr_term_acetylene,fr_tetrazole,fr_thiazole,fr_thiocyan,fr_thiophene,fr_unbrch_alkane,fr_urea,chembl_id,smiles,ic50_value,log_ic50,target_chembl_id,target_name,KMeansCluster,ChemicalClassRaw,ChemicalClass
13.39147768870945,13.39147768870945,0.0382047325102883,-4.398830018060942,0.3416037153985086,12.13888888888889,509.5110000000002,489.3510000000003,509.0944512,184,0,0.349182095508851,-0.4798953607204568,0.4798953607204568,0.349182095508851,0.8333333333333334,1.4444444444444444,2.0555555555555554,32.23342821564512,10.065245362967298,2.295715151773771,-2.2519824769847374,2.3752776793517674,-2.355248825730236,7.92487696592652,-0.1450027721989565,2.8609578752654574,1.8394036170858736,1523.487833183604,25.87166824125719,18.61380609051285,19.43030267144057,17.179577681631837,10.645125095327383,12.085188424128024,7.7345598623666225,9.59687013839618,5.381681618172791,7.155637875385389,3.747874289930514,5.180930791767699,-4.439999999999999,98526445.48893388,24.677219650205764,10.044686621475144,4.983123942461298,205.39822642047776,14.94991774348146,18.111489080242375,0.0,6.103966387748303,10.023291153407584,11.938610575903695,9.099753175368054,17.60274921607558,0.0,0.0,54.59730361615449,36.39820241076966,16.335899920626588,10.582869750201336,37.347204143628865,38.42173643292443,0.0,0.0,0.0,10.999449863266078,10.84997239720881,102.37617835966708,0.0,5.749511833283905,9.042078945096282,10.077801322358384,5.749511833283905,0.0,37.11421875582661,19.612365521551222,5.817220841045894,11.6674178794453,95.89098950244195,0.0,10.772448428929591,0.0,121.21,40.427845364018054,32.610341189828816,0.0,16.332381583485244,20.64111591192282,24.26546827384644,12.13273413692322,54.59730361615449,0.0,0.0,4.736862953800049,46.72799604524128,0.0,23.296618077760098,19.92140177827213,0.4451945292962618,-3.099067433354308,21.588533276704215,-1.3346975757816486,-0.8971486800770707,-4.398830018060942,0.0769230769230769,36,2,8,0,0,0,0,4,0,4,1,0,5,2,10,0,9,0,0,0,0,1,6.885414946545149,4,4.463500000000004,129.96240000000003,2,0,0,0,0,0,0,0,2,2,2,0,0,0,0,1,0,0,0,0,0,0,0,0,0,0,0,0,0,1,0,0,0,0,4,0,1,0,0,0,0,1,0,0,1,0,0,0,0,0,0,0,0,0,0,0,0,0,0,0,0,0,0,0,0,0,0,0,0,0,0,0,0,0,0,0,1,0,0,0,0,0,0,0,0,CHEMBL4786655,O=C(O)CN(c1ccc(OC(C(=O)O)c2ccccc2)c2ccccc12)S(=O)(=O)c1ccc(F)cc1,5160.0,3.7126497016272113,CHEMBL3038498,Keap1/Nrf2,2,Large-Polar-Aromatic-Flexible-Hydrophobic,Large-Polar-Aromatic-Flexible-Hydrophobic
13.457053024192827,13.457053024192827,0.0177144221886287,-4.623126101321846,0.2822388466723076,11.75,591.5700000000003,572.4180000000002,591.058163008,208,0,0.3239377481692738,-0.4798953539958969,0.4798953539958969,0.3239377481692738,0.675,1.1,1.575,32.23486237320949,10.11586956642378,2.3277391290156597,-2.267649793940171,2.362675852336005,-2.3745844190351417,7.928226273394859,-0.1357543386348674,2.9005249303464287,1.9481174540492576,1681.630848173176,29.24191172926026,20.177750309067385,21.81074347092284,18.817441467605484,11.200831097867288,14.080957755468573,8.231308555507761,11.955929107566874,5.618973842903982,9.143126760082987,3.846953419837541,6.654351775241271,-4.629999999999998,452917756.8163759,28.379878099399644,10.858200270489348,5.550458308372082,226.19047413746205,10.213054789681411,24.72395449391694,5.817862777835028,0.0,20.046582306815168,11.938610575903695,13.894290359439877,34.90561857625096,0.0,0.0,24.26546827384644,48.53093654769288,10.772448428929591,21.675196797332188,45.41855322183257,54.26289036416705,0.0,4.983978520947208,0.0,9.79096695103555,21.69994479441762,90.6276900752442,0.0,0.0,8.610431982592466,20.28607914786823,0.0,0.0,57.06075066701533,29.63565667495881,11.634441682091788,0.0,88.78421534418797,0.0,10.772448428929591,0.0,162.25,72.31797710550639,45.41855322183257,0.0,16.459834703613154,8.610431982592466,54.727780119305955,24.26546827384644,0.0,0.0,4.983978520947208,0.0,81.65569314239079,0.0,26.594531272093786,18.979073742884932,-0.2633980141898608,-4.933852654558794,12.958639305589022,0.8995158310237676,-2.166450422589942,-9.223752202643691,0.08,40,2,11,0,0,0,0,3,1,4,0,0,7,2,15,1,10,0,0,0,0,0,7.703860001383899,4,3.0728000000000018,138.87819999999988,2,0,0,0,0,1,0,0,2,2,2,0,0,0,0,3,0,0,0,0,0,0,0,0,0,0,0,0,0,2,0,0,0,0,3,0,1,0,0,0,0,0,0,0,2,0,0,0,0,0,0,0,0,0,0,0,0,0,0,0,0,0,0,0,0,0,0,0,0,0,0,0,0,1,0,0,2,0,0,0,0,0,0,0,0,CHEMBL4648175,O=C(O)CN(c1cnc(N(CC(=O)O)S(=O)(=O)c2ccc(F)cc2)c2ccccc12)S(=O)(=O)c1ccc(F)cc1,430.0,2.633468455579586,CHEMBL3038498,Keap1/Nrf2,2,Large-Polar-Aromatic-Flexible-Hydrophobic,Large-Polar-Aromatic-Flexible-Hydrophobic
13.9524636807394,13.9524636807394,0.0148228729176604,-4.333104344162191,0.2861293188415993,12.205128205128204,551.5920000000002,525.3840000000004,551.141401392,202,0,0.3491821253123199,-0.4798953607126784,0.4798953607126784,0.3491821253123199,0.8974358974358975,1.4871794871794872,2.051282051282051,32.23342934377333,10.064320125847123,2.318163721063967,-2.267168718297061,2.3849378420552347,-2.3632822320682054,7.925888088358967,-0.1450070426108596,2.8521413833097595,1.873743327733024,1661.2024523617006,28.48239870526642,21.381755282943967,22.198251863871693,18.39479173679511,11.889142031183678,13.32920535998432,9.14934895224896,10.948502997951342,6.2032382133990325,8.269168323525832,4.707664286561722,6.558223757185842,-4.439999999999999,277117525.00629836,27.59093835805204,10.738637295898386,5.556743375372801,224.4930527636676,14.94991774348146,18.111489080242375,0.0,6.103966387748303,10.023291153407584,11.938610575903695,9.099753175368054,17.60274921607558,0.0,0.0,54.09438803938988,56.1635828563123,16.335899920626588,10.582869750201336,37.34720414362886,38.42173643292443,0.0,0.0,0.0,31.77066146233795,10.84997239720881,100.86743162937324,0.0,5.749511833283905,9.042078945096282,10.077801322358384,5.749511833283905,0.0,37.11421875582662,19.612365521551222,26.588432440117767,28.357772354536284,77.6918882970571,0.0,10.772448428929591,0.0,121.21000000000002,40.427845364018054,32.61034118982881,0.0,21.895833075182235,21.899351412323583,22.001401619916447,24.26546827384644,50.245676810150904,6.923737199690624,0.0,4.736862953800049,47.98692138251723,0.0,23.9076274247928,20.176982159175314,2.1316290415461534,-3.0687610448445586,17.61326022635907,-1.475399086133508,4.310844240749698,-4.333104344162191,0.1724137931034483,39,2,8,0,0,0,0,4,0,4,1,0,5,2,10,0,9,0,0,0,0,1,7.5971558892464355,4,5.388760000000005,144.17339999999984,2,0,0,0,0,0,0,0,2,2,2,0,0,0,0,1,0,0,0,0,0,0,0,0,0,0,0,0,0,1,3,0,0,0,4,0,1,0,0,0,0,1,0,0,1,0,0,0,0,0,0,0,0,0,0,0,0,0,0,0,0,0,0,0,0,0,0,0,0,0,0,0,0,0,0,0,1,0,0,0,0,0,0,0,0,CHEMBL4793340,Cc1cc(C)c(S(=O)(=O)N(CC(=O)O)c2ccc(OC(C(=O)O)c3ccc(F)cc3)c3ccccc23)c(C)c1,170.0,2.230448921378274,CHEMBL3038498,Keap1/Nrf2,2,Large-Polar-Aromatic-Flexible-Hydrophobic,Large-Polar-Aromatic-Flexible-Hydrophobic
13.519808126233643,13.519808126233643,0.0170476949197184,-4.384433500678696,0.3190323498042938,11.5,592.6480000000003,564.4240000000002,592.1185370959998,214,0,0.3238781562554567,-0.4967671120136989,0.4967671120136989,0.3238781562554567,0.65,0.95,1.2,32.23486222957974,10.08199502132016,2.3195272471248667,-2.285164440826402,2.3519383028131298,-2.374769006334444,7.92805702546267,-0.1357541076209657,2.910221479515877,2.1593529234556574,1495.8787563865185,29.82769816688717,22.05905354090782,23.69204670276327,18.71481827757297,11.604480943347324,14.484607600948609,8.587077066236045,12.311697618295163,5.904480508143394,9.45239302256857,3.917919284644245,6.85901251268505,-4.3,312390344.3969598,30.244364626501284,11.836891048842244,6.288305712076979,231.6449497355281,19.68678069728151,24.58853647839296,0.0,0.0,20.046582306815168,11.938610575903695,18.199506350736108,16.835593968657875,0.0,0.0,0.0,85.63804806739135,0.0,35.38533458295774,46.111449034083016,43.359965432085986,0.0,0.0,0.0,23.6384413504168,35.919539876972685,71.7905736680101,0.0,11.49902366656781,18.084157890192564,11.374772549367124,11.49902366656781,0.0,66.29636722862318,29.63565667495881,13.847474399381248,11.126902983393991,70.45463763565166,0.0,0.0,0.0,167.82,45.074705694544015,36.637723126482925,0.0,32.29264248379666,20.109455649160275,0.0,88.73074016655242,0.0,0.0,0.0,9.473725907600098,65.58559083105023,0.0,23.021589821625728,19.04404222104244,0.3534164052571351,-2.047208847208704,13.38880268763146,0.0,1.096406832863398,-5.942639952261681,0.2307692307692307,40,2,12,0,0,0,0,3,0,3,0,0,8,2,14,0,12,0,0,0,0,0,8.949981223133852,3,2.880440000000001,146.2391999999998,2,0,0,0,0,0,0,0,2,2,2,0,0,0,0,2,0,0,0,0,0,0,0,0,0,0,0,0,0,2,2,0,0,0,3,0,0,0,0,0,0,2,0,0,0,0,0,0,0,0,0,0,0,0,0,2,0,0,0,0,0,0,0,0,0,0,0,0,0,0,0,0,0,0,0,0,2,0,0,0,0,0,0,0,0,CHEMBL3601207,COc1ccc(S(=O)(=O)N(CC(=O)O)c2cc(C)c(N(CC(=O)O)S(=O)(=O)c3ccc(OC)cc3)cc2C)cc1,10170.0,4.007320952922744,CHEMBL3038498,Keap1/Nrf2,2,Large-Polar-Aromatic-Flexible-Hydrophilic,Other
13.402626592715496,13.402626592715496,0.0549291810926351,-4.2154040921350155,0.3575172061959671,12.114285714285714,491.5210000000002,470.3530000000003,491.103873012,178,0,0.349182095508851,-0.4798953607204568,0.4798953607204568,0.349182095508851,0.7714285714285715,1.3428571428571427,1.9428571428571428,32.233428093456716,10.06524561029254,2.2933414358259783,-2.2517114628199613,2.3746196859085815,-2.354904225039148,7.924874395140754,-0.1450022781527434,2.863462077362506,1.8425836387279493,1471.874541464152,25.00142475325411,18.313191886693243,19.12968846762097,16.785730831514485,10.54545925629981,11.985522585100451,7.593692241320254,9.45600251734982,5.311249016058606,7.085205273271204,3.733772856330255,5.187881434943164,-4.369999999999998,69918963.2509932,23.77697302836159,9.86020165870602,4.9455505634692125,201.23269101755153,14.94991774348146,12.29426823919648,0.0,6.103966387748303,10.023291153407584,11.938610575903695,9.099753175368054,13.212334168400758,0.0,0.0,72.79640482153933,24.26546827384644,16.335899920626588,10.582869750201336,32.95678909595404,38.42173643292443,0.0,0.0,0.0,10.999449863266078,10.84997239720881,102.6253245870828,0.0,5.749511833283905,9.042078945096282,5.687386274683562,5.749511833283905,0.0,37.11421875582661,19.612365521551222,0.0,11.6674178794453,101.95735657090356,0.0,10.772448428929591,0.0,121.21,34.61062452297216,28.21992614215399,0.0,16.332381583485244,16.335899920626588,4.305215991296233,24.26546827384644,72.79640482153933,0.0,0.0,4.736862953800049,33.50483903308502,0.0,23.537746615594983,20.076673834625534,0.5676906801234565,-2.30515138834635,25.516892210392257,-1.2975646588410392,-0.8023889011655059,-4.2154040921350155,0.0769230769230769,35,2,8,0,0,0,0,4,0,4,1,0,5,2,9,0,9,0,0,0,0,1,6.698449968378835,4,4.324400000000003,130.0044,2,0,0,0,0,0,0,0,2,2,2,0,0,0,0,1,0,0,0,0,0,0,0,0,0,0,0,0,0,1,0,0,0,0,4,0,1,0,0,0,0,1,0,0,0,0,0,0,0,0,0,0,0,0,0,0,0,0,0,0,0,0,0,0,0,0,0,0,0,0,0,0,0,0,0,0,1,0,0,0,0,0,0,0,0,CHEMBL4755018,O=C(O)CN(c1ccc(OC(C(=O)O)c2ccccc2)c2ccccc12)S(=O)(=O)c1ccccc1,17780.0,4.2499317566341945,CHEMBL3038498,Keap1/Nrf2,2,Large-Polar-Aromatic-Flexible-Hydrophobic,Large-Polar-Aromatic-Flexible-Hydrophobic
14.120126223715726,14.120126223715726,0.0603491405684655,-3.7672098936601617,0.1251027128932379,15.456140350877194,810.4649999999999,758.0489999999998,809.3490018240001,300,0,0.2615275853521132,-0.4967217393253979,0.4967217393253979,0.2615275853521132,0.7719298245614035,1.4385964912280702,2.1228070175438596,35.49569368124908,9.954755797897388,2.2704735985504363,-2.372615569444768,2.402170215603455,-2.4610206594509236,7.923377803909305,0.094901645408831,3.496236716186168,1.0576336497238892,2280.652820373981,40.10550828100967,33.17105280291435,34.74347832986053,27.50037211864426,19.520986928157843,21.38211464876145,14.860078497423611,16.97891651930512,11.180245135262886,12.811188783821496,7.775175795156782,8.994423493567062,-5.009999999999998,5845946493039.208,40.19607277759058,17.6406923892031,9.25507074753968,341.3844918715269,34.22039012899965,5.749511833283905,0.0,0.0,15.930470882759089,0.0,9.51663204852391,8.417796984328938,0.0,0.0,41.93277523254056,98.72756087921653,105.35901832868944,23.262660503340765,17.949197122200808,44.59356959704229,0.0,19.68370771349864,7.04767198267719,18.24004229813441,94.12694790923352,113.3418858956726,0.0,28.13379430322335,24.575565883959424,17.062158824050687,5.749511833283905,11.600939890232516,108.29692940625324,17.070963136084774,6.923737199690624,22.47273829354329,101.95735657090356,5.022633313741326,22.384282469939446,0.0,102.39,10.023291153407584,13.212334168400758,0.0,10.80266320486928,28.567739319318367,104.77661229029422,13.176164609739144,30.33183534230805,50.36961159313747,65.51876229617531,16.337802844032566,36.02637854335435,6.318647286559205,23.784471574367377,3.921861651912093,8.077238379711444,0.4184051723109452,30.248249129694383,0.8981965030123565,11.070024703550631,1.9309714999716645,0.3409090909090909,57,2,11,0,2,2,1,4,1,5,0,0,9,2,13,3,13,0,2,2,0,0,12.440115002166598,7,6.8242200000000075,231.5896999999994,0,0,0,0,0,1,0,0,0,0,1,1,0,0,0,5,2,0,0,1,0,0,0,0,0,0,0,1,0,3,0,0,0,0,4,0,0,0,0,0,0,1,0,0,1,0,0,0,0,0,0,0,0,0,0,1,0,0,0,0,0,0,0,0,0,0,0,0,0,0,2,0,0,0,0,0,1,0,0,0,0,0,0,0,0,CHEMBL2169898,COc1cccc(S(=O)(=O)Nc2ccc(N3CCN(c4cccc(-c5c(C(=O)NCCCN6CCN(C)CC6)c(C)n(C)c5-c5ccc(Cl)cc5)c4)CC3)cc2)c1,802.0,2.9041743682841634,CHEMBL4860,Apoptosis regulator Bcl-2,2,Large-Polar-Aromatic-Flexible-Hydrophobic,Large-Polar-Aromatic-Flexible-Hydrophobic
14.417992482775633,14.417992482775633,0.0357536017727915,-4.260841667991522,0.1429276369282394,12.807692307692308,740.3259999999998,697.9899999999999,739.2595181239999,270,0,0.2754385161714284,-0.3372092575066442,0.3372092575066442,0.2754385161714284,0.8653846153846154,1.5384615384615383,2.25,35.49569393722796,9.98335827582667,2.29702986450287,-2.293720289838014,2.29313237490067,-2.3665788104299854,7.897117956160751,0.073184852795538,3.4579732233622376,1.377708194671647,2259.908346047791,36.99262410588731,29.56317339712593,31.13559892407211,25.01640753325043,17.627969974178917,19.489097694782537,13.080036468078228,15.140403182496964,9.489713651791876,11.270878336267412,6.46418328439677,7.671953551815201,-4.999999999999997,392368336680.63,36.77958579881657,15.710912464159218,7.60939820071622,308.9780222322478,9.799819461700954,0.0,5.693927994848461,0.0,27.744830341462094,0.0,14.383611552215466,17.82169478392621,5.098681808301038,0.0,92.88736115162028,78.41738882310028,31.7424771153473,26.86288255048812,22.8014085365444,50.11821866062421,0.0,24.302399069599264,0.0,64.31555959513227,19.634269217737724,123.5934342286888,0.0,5.687386274683562,4.722094864452088,0.0,0.0,11.600939890232516,65.35390959526835,22.98886918224617,6.923737199690624,87.55603439978566,89.82462243398034,5.022633313741326,16.459834703613154,0.0,121.68,15.930470882759089,22.8014085365444,0.0,38.55330722620456,49.367385730573126,42.196413689562824,28.947271208991623,40.98902493523802,36.39820241076966,23.668251072134375,11.600939890232516,30.42490696359403,6.799623526714058,45.232360309084285,6.415554856181352,3.1003621302607587,-1.5569994396181426,24.241499865814323,4.173713405227346,7.790931161844629,-4.260841667991522,0.3,52,1,10,0,1,1,3,4,1,5,0,0,7,1,12,2,12,0,0,0,0,0,11.112324095254628,6,7.346920000000009,202.51699999999943,0,0,0,0,0,2,0,0,0,0,3,3,0,0,0,4,1,0,0,0,0,0,0,0,0,0,0,3,0,0,0,0,0,0,4,0,2,0,0,0,0,0,0,0,1,0,0,0,0,0,0,0,0,0,0,0,0,0,0,0,0,0,0,0,0,0,0,0,0,0,0,0,0,0,0,0,1,0,0,0,0,0,0,2,0,CHEMBL2031012,CCCCN(CCCC)C(=O)c1nn(-c2ccc(C(=O)NS(=O)(=O)c3ccc4ccccc4c3)cc2C(=O)N2CCc3ccccc3C2)c(C)c1Cl,20.0,1.3010299956639813,CHEMBL4625,Apoptosis regulator Bcl-X,2,Large-Polar-Aromatic-Flexible-Hydrophobic,Large-Polar-Aromatic-Flexible-Hydrophobic
13.96266776237205,13.96266776237205,0.0250269545503134,-4.321270024635564,0.266153851459142,12.17948717948718,549.6010000000002,522.3850000000004,549.1457378239999,202,0,0.3491821351467843,-0.5079666029062837,0.5079666029062837,0.3491821351467843,0.8717948717948718,1.4615384615384617,2.0256410256410255,32.23342932134802,10.063781576417986,2.318119916938749,-2.267190472184636,2.385818502904433,-2.3632810441257677,7.92588838000216,-0.1450068335467071,2.8521413833097595,1.873743327733024,1656.8539368161037,28.48239870526642,21.4510044054347,22.267500986362425,18.39479173679511,11.923766592429043,13.363829921229684,9.18932995176013,10.988483997462511,6.226321254229276,8.292251364356076,4.719205806976844,6.569765277600964,-4.569999999999999,277117525.00629836,27.46440037932772,10.65988799149501,5.508160926212005,225.12175111293735,20.056445138322168,18.043780072480384,0.0,6.103966387748303,10.023291153407584,11.938610575903695,9.099753175368054,13.212334168400758,0.0,0.0,54.09438803938988,56.1635828563123,16.335899920626588,10.582869750201336,38.06331649079474,38.42173643292443,0.0,0.0,0.0,31.77066146233795,10.84997239720881,95.05021078832732,0.0,11.49902366656781,9.042078945096282,5.687386274683562,11.49902366656781,0.0,42.22074615066733,19.612365521551222,20.771211599071872,28.357772354536284,77.6918882970571,0.0,10.772448428929591,0.0,141.44000000000003,34.61062452297216,33.32645353699469,0.0,27.64534490846614,21.899351412323583,9.868667482993228,36.39820241076966,50.245676810150904,6.923737199690624,0.0,4.736862953800049,34.66046513285711,0.0,23.957970395314337,29.82686833481542,2.2528561601686796,-2.4864906366812933,18.434967768956767,-1.4198435305779529,4.344476399782499,-4.321270024635564,0.1724137931034483,39,3,9,0,0,0,0,4,0,4,1,0,6,3,10,0,9,0,0,0,0,1,7.506857225569399,4,4.955260000000004,145.88019999999983,2,0,0,0,0,0,0,1,2,2,2,0,0,0,0,1,0,0,0,0,0,0,0,0,0,0,0,0,0,1,3,0,0,0,4,0,1,0,0,0,0,1,0,0,0,0,0,0,0,0,0,0,0,0,0,0,0,0,0,0,0,0,0,0,0,1,1,0,0,0,0,0,0,0,0,0,1,0,0,0,0,0,0,0,0,CHEMBL4796980,Cc1cc(C)c(S(=O)(=O)N(CC(=O)O)c2ccc(OC(C(=O)O)c3ccc(O)cc3)c3ccccc23)c(C)c1,160.0,2.204119982655925,CHEMBL3038498,Keap1/Nrf2,2,Large-Polar-Aromatic-Flexible-Hydrophobic,Large-Polar-Aromatic-Flexible-Hydrophobic
13.966934056285034,13.966934056285034,0.090272909040183,-4.5464823394130365,0.0932342870440659,11.333333333333334,698.7360000000001,668.496,698.1464831600001,252,0,0.2643149551925524,-0.3263376798966003,0.3263376798966003,0.2643149551925524,0.5625,0.8958333333333334,1.1875,32.23486354361653,10.064420794178838,2.3213393254925925,-2.283996980653666,2.382976063210144,-2.406726966275555,7.928379621169394,-0.1277616016305368,3.050755244984114,1.8941959846756569,1939.0458425126308,35.225039392385696,25.368454617666323,27.001447779521776,22.681144772761755,13.871317695752934,16.75144435335421,10.15384591852665,13.878466470585767,6.764620456687063,10.312532971112237,4.7145289361970715,7.594271330907102,-5.56,19501411577.55028,35.29703481452093,14.468451034168496,7.690664254621515,274.5300937417252,10.633577208012662,13.08951281182515,0.0,11.814359458703011,31.860941765518177,0.0,38.20308676843433,27.79578716490028,0.0,0.0,24.26546827384644,60.6636706846161,35.994695377677964,21.165739500402672,46.42824875449974,77.19729475188501,0.0,10.960193196242404,0.0,23.6384413504168,32.33352200243028,84.92913895846256,0.0,0.0,30.20420238684753,22.74954509873425,0.0,0.0,63.96833174744362,39.22473104310245,0.0,13.847474399381248,94.72010590949812,0.0,10.772448428929591,0.0,231.62,44.95045457734333,46.42824875449974,0.0,43.752547388035275,19.98520453195959,0.0,109.73680655408624,0.0,0.0,10.633577208012662,0.0,57.280619400582,0.0,47.062014138446614,23.835438511472123,3.2593588791710553,-2.942457567168364,18.668770569886455,0.0,0.7625540797695287,-9.092964678826071,0.1333333333333333,48,6,16,0,0,0,4,4,0,4,0,0,10,6,18,0,12,0,0,0,0,0,10.639446247192431,4,2.1580000000000013,174.36139999999978,0,0,0,0,0,0,0,0,0,0,4,4,0,0,0,2,4,0,2,0,0,0,0,0,0,0,0,4,0,4,0,0,0,0,4,0,1,0,0,0,0,0,0,0,0,0,0,0,0,0,0,0,0,0,0,0,0,0,0,0,0,0,0,0,0,0,0,0,0,0,0,0,0,0,0,0,2,0,0,0,0,0,0,0,0,CHEMBL4455786,CC(=O)Nc1ccc(S(=O)(=O)N(CC(=O)NO)c2ccc(N(CC(=O)NO)S(=O)(=O)c3ccc(NC(C)=O)cc3)c3ccccc23)cc1,2600.0,3.4149733479708178,CHEMBL3038498,Keap1/Nrf2,2,Large-Polar-Aromatic-Flexible-Hydrophilic,Other
13.060858273527028,13.060858273527028,0.1278995134555203,-3.860535675810748,0.3503212644139306,11.77777777777778,524.6680000000002,496.4440000000004,524.155197376,188,0,0.2614117190204583,-0.3776603657105157,0.3776603657105157,0.2614117190204583,0.5,0.8333333333333334,1.1388888888888888,32.23469853559851,10.079041437373355,2.192520643182118,-2.1635922107866463,2.327654171324341,-2.154079831596501,7.926771158262204,0.599178777993404,2.8519657070390356,1.6606287017463397,1476.595682121325,26.08721119088101,20.42682070243786,22.05981386429331,16.97600086029543,11.099999506898609,14.066326002087395,8.693921787409343,12.058726270228364,5.739555459902192,8.50237527775725,3.731304139066972,5.890807823370683,-3.7599999999999985,79946759.01423137,25.3364220052283,9.710357898034305,5.240437160454753,211.8279680133996,9.799819461700954,0.0,0.0,0.0,20.046582306815168,0.0,9.444189728904176,16.835593968657875,0.0,0.0,24.26546827384644,60.6636706846161,50.33790890900547,21.165739500402672,16.835593968657875,53.568575834479006,0.0,0.0,0.0,9.79096695103555,47.43469712131388,84.92913895846256,0.0,0.0,19.24400919060513,22.74954509873425,0.0,0.0,45.02628189936663,20.046582306815168,0.0,0.0,94.72010590949812,0.0,10.772448428929591,0.0,98.82,20.046582306815168,16.835593968657875,0.0,9.79096695103555,22.147220978296716,11.374772549367124,0.0,84.92913895846256,37.99050739240971,9.444189728904176,0.0,57.52647522328141,0.0,4.021112962408366,1.128041457834027,2.459186696187235,0.0,23.242940439056955,0.0,0.0,-0.2110901121013215,0.1538461538461538,36,2,8,0,0,0,0,4,0,4,0,0,6,2,10,0,8,0,0,0,0,0,6.834047931288854,4,4.573400000000004,147.10299999999978,0,0,0,0,0,0,0,0,0,0,0,0,0,0,0,2,2,0,0,0,0,0,0,0,0,0,0,0,0,4,0,0,0,0,4,0,1,0,0,0,0,0,0,0,0,0,0,0,0,0,0,0,0,0,0,0,0,0,0,0,0,0,0,0,0,0,0,0,0,0,0,0,0,0,0,0,2,0,0,0,0,0,0,0,0,CHEMBL3632705,CN(C)c1ccc(S(=O)(=O)Nc2ccc(NS(=O)(=O)c3ccc(N(C)C)cc3)c3ccccc23)cc1,190.0,2.278753600952829,CHEMBL3038498,Keap1/Nrf2,2,Large-Polar-Aromatic-Flexible-Hydrophobic,Large-Polar-Aromatic-Flexible-Hydrophobic
14.721430196396373,14.721430196396373,0.0699591614128858,-1.1505816453773745,0.0412211132109635,12.328358208955224,1068.9509999999996,996.3749999999995,1066.385048084,374,0,0.3172929678996095,-0.4812294212221436,0.4812294212221436,0.3172929678996095,0.5970149253731343,1.1194029850746268,1.671641791044776,79.919763031182,10.020902446522896,2.3453663453588587,-2.4112161715582556,2.2007201666671055,-2.5982445089310655,9.10451200526813,-0.137863302746547,3.263782979054487,2.6853527732817373,1843.0913577032272,49.726828624569286,38.85923139952714,42.031224477756545,31.873227909149634,22.96405012265692,24.550046661771624,16.967843876606505,18.799194934189885,10.979558583628872,12.03688960970534,7.373406643951904,7.902072156990139,-5.15,78076106126622.84,57.97627456490273,32.535053450502645,25.533106319603068,410.84936846710696,63.38094082974472,0.0,0.0,5.907179729351506,0.0,36.06306862525599,14.383611552215466,19.178148736287287,0.0,0.0,76.39365209205239,105.6424283156485,80.06303957097884,12.08368165829592,43.77481507818416,73.83013615050618,0.0,35.96688360857676,23.11890847764795,115.44367798486329,52.358051247300594,68.6032785627517,0.0,0.0,38.46815684751188,19.178148736287287,0.0,31.859887795898697,137.36660607158487,27.22525479806748,5.917906046161393,95.60341523496136,57.47637557935771,0.0,0.0,0.0,295.84999999999997,66.51659246497738,43.77481507818416,0.0,71.3726465501055,57.5323485955426,26.493163637984825,14.69972919255143,0.0,48.53093654769288,66.97451661130526,17.201002431486554,1.8213600013023536,6.868313175906227,95.60967130746992,30.97362799995225,19.028110943374266,-2.572391297703997,10.078728791728915,3.3682469677374742,4.490998776899259,0.0,0.5869565217391305,67,12,19,0,0,0,9,2,0,2,3,0,8,9,21,0,33,0,0,0,0,3,28.15315211686757,2,5.366000000000012,264.10159999999956,2,0,0,0,0,0,0,0,2,2,7,5,0,0,0,3,4,3,0,0,0,0,0,0,0,0,0,9,0,0,1,0,0,0,2,0,0,0,0,0,0,0,0,0,2,0,0,0,0,0,0,0,0,0,0,0,0,0,0,0,0,0,0,0,0,0,0,0,0,0,0,2,0,0,0,0,0,0,0,0,0,0,0,1,4,CHEMBL593074,CC(C)CCCNC(=O)N(CC(CCC(=O)O)NC(N)=O)C(CCCCN)CN(C(=O)NCCc1ccc(Br)cc1)C(CCC(=O)O)CN(CCC(N)=O)C(=O)NCCCc1ccc(Br)cc1,9200.0,3.963787827345555,CHEMBL5023,p53-binding protein Mdm-2,2,Large-Polar-Aromatic-Flexible-Hydrophobic,Large-Polar-Aromatic-Flexible-Hydrophobic
13.829844570427865,13.829844570427865,0.0895278523918754,-4.279469057201134,0.0548389097626928,15.721311475409836,879.5089999999996,832.1329999999997,878.279936284,316,0,0.2931983101060765,-0.3787927403406093,0.3787927403406093,0.2931983101060765,0.8360655737704918,1.5901639344262295,2.360655737704918,35.49569423485564,9.9897057899009,2.256365182791188,-2.3613598786271135,2.3283097755573348,-2.455479133623043,7.989637146247422,-0.3836931984980173,3.283387791121629,0.9339083854722618,2557.200272956144,42.18501226131241,33.52862110647671,35.91754321435061,29.679806251397775,20.300702805916707,23.147429086173815,15.100533986513955,18.31278499711463,11.08281440047582,13.845939408210494,7.729517225744858,9.897755418624518,-5.289999999999998,59825368696031.59,42.40264876139596,19.610799801527957,10.78644012916461,364.8462240919734,14.953561288656855,12.014706349448105,5.817862777835028,0.0,15.710677428091143,0.0,24.636232594918617,18.385754026223353,0.0,11.761884949391115,66.198243506387,77.7084797141715,91.21084003006442,28.549259170977543,18.077970986946656,67.16906252699799,0.0,19.76777650359537,0.0,28.798385809022097,79.71870557646955,142.28869744973906,0.0,11.126902983393991,14.938793199308895,22.880021601885712,0.0,23.36282483962363,103.9306377430506,21.30491051312021,10.114318268765572,11.984273114623004,131.37926132657074,5.022633313741326,22.02982791547505,0.0,146.07,14.946602202225254,18.53211525309451,0.0,28.129959631867887,34.89217578159501,80.99156118058656,29.58695719508175,11.761884949391115,60.6636706846161,71.10477211367393,16.337802844032566,35.74064709956862,7.813261551893435,28.55172879413516,17.0387590472865,5.077820178207233,0.7489268933696239,35.94343898278769,2.053741653782221,8.005589300615096,-4.279469057201134,0.2888888888888888,61,2,13,0,2,2,0,5,1,6,1,0,12,2,16,3,16,0,2,2,0,0,13.631964851053173,8,8.276500000000008,244.2735999999993,0,0,0,0,0,2,0,0,0,0,0,0,0,0,0,6,2,0,0,0,0,0,0,0,0,0,0,0,0,3,0,0,0,0,5,0,1,0,0,0,0,1,0,0,1,0,0,0,0,0,0,0,0,0,0,0,1,0,1,1,0,0,0,0,0,0,0,0,0,0,1,0,0,0,0,1,1,0,0,0,0,0,0,0,0,CHEMBL1689140,O=[N+]([O-])c1cc(S(=O)(=O)Nc2ncnc3cc(N4CCN(Cc5ccccc5-c5ccc(Cl)cc5)CC4)ccc23)ccc1N[C@H](CCN1CCOCC1)CSc1ccccc1,21.0,1.3222192947339193,CHEMBL4860,Apoptosis regulator Bcl-2,2,Large-Polar-Aromatic-Flexible-Hydrophobic,Large-Polar-Aromatic-Flexible-Hydrophobic
13.012022511916305,13.012022511916305,0.2202408235437742,-4.508035708174233,0.1574401769506127,11.095238095238097,580.6180000000003,556.4260000000003,580.130422108,210,0,0.3373422029738914,-0.4654175190793945,0.4654175190793945,0.3373422029738914,0.6428571428571429,1.1428571428571428,1.7142857142857142,32.23978538919136,10.02759284966846,2.1789182943038115,-2.118392353984314,2.3048243301288873,-2.126207266937782,7.856793793670067,0.059990258086638,3.002660469250421,1.274834596960441,1912.513398393095,29.854795904382623,22.19725647416027,23.013753055087996,20.134380156424697,12.646912022642251,14.086975351442891,9.266781613751938,10.656740699035698,6.58395456834217,7.479974581715072,4.4590349224178745,5.195333006794656,-5.319999999999998,2415948492.53996,28.217408789999705,11.654452578533162,6.043541036538946,241.0705906339055,15.37044016181271,4.895483475517775,0.0,0.0,21.932486317736565,5.969305287951848,14.141824241834009,4.794537184071822,8.417796984328938,0.0,48.53093654769288,77.1767978824749,22.20051347254235,18.36063530765809,32.091021364034816,50.049012583985125,0.0,0.0,0.0,4.895483475517775,17.743374749290194,125.88496170740004,0.0,11.126902983393991,10.633577208012662,11.374772549367124,0.0,0.0,37.86400914595169,14.854989812833605,0.0,31.07396602730645,114.0900907078268,0.0,21.899351412323583,0.0,138.86999999999998,21.994611876336908,27.354158410234767,0.0,21.87627369401764,27.763964964239342,11.126902983393991,31.37526581512397,72.79640482153933,12.13273413692322,15.37044016181271,0.0,38.16704317545277,0.0,36.88354164946045,6.327828204254333,3.612145089218941,-1.2577832876777042,29.569451933079456,0.0,0.0,-3.2188934304549046,0.03125,42,3,9,0,0,0,2,5,0,5,0,0,6,3,10,0,7,0,0,0,0,0,7.829963157908008,5,6.044700000000004,159.32849999999974,0,0,0,0,0,0,0,0,0,0,3,3,0,0,0,0,2,0,0,0,0,0,0,0,0,0,0,2,0,2,0,0,0,0,5,0,1,0,0,0,1,1,0,0,0,0,0,0,0,0,0,0,0,0,0,1,0,0,0,0,0,0,0,0,0,0,0,0,0,0,0,0,0,0,0,0,0,0,0,0,0,0,0,0,0,CHEMBL4080373,COC(=O)c1ccc(C(=O)Nc2ccc(-c3ccc(C(=O)Nc4cccc5cccc(S(=O)(=O)O)c45)cc3)cc2)cc1,170.0,2.230448921378274,CHEMBL4106122,CD40-CD40L,2,Large-Polar-Aromatic-Flexible-Hydrophobic,Large-Polar-Aromatic-Flexible-Hydrophobic
13.151686173405288,13.151686173405288,0.0684369811998346,-4.036613465665591,0.153194810814418,14.625,584.7680000000004,548.4800000000004,584.2239456320001,214,0,0.2931983039215945,-0.3758658713439442,0.3758658713439442,0.2931983039215945,1.05,1.75,2.4,32.23329879094215,10.163339703678462,2.234858740402197,-2.290744288247311,2.307310854260382,-2.4301291030919963,7.989614083731417,-0.3836926666319537,2.9528598468611484,1.487396493925077,1365.3069206151183,28.536958659186844,22.74643149705402,24.379424658909468,19.208347120759985,13.172216535834986,15.640978343082866,9.882755018120472,12.658570248249156,6.556648916897234,9.110150704154446,4.373773311121031,6.445202585320126,-3.32,743485131.4784498,29.65757869406868,13.841545035671816,8.339935300460738,239.89529705357293,20.433396669713616,5.687386274683562,0.0,0.0,15.710677428091143,0.0,14.83641313321766,8.417796984328938,0.0,11.761884949391115,18.19910120538483,75.59185854188586,60.31034315289155,9.818794524335445,13.341108033146607,44.534721201532946,0.0,10.216698334856808,0.0,22.25362940310952,67.51077280097293,82.9107230903049,0.0,0.0,20.255581803315227,22.74954509873425,0.0,11.761884949391115,76.85483819480909,10.023291153407584,10.114318268765572,6.4208216229260096,82.58737177257488,0.0,0.0,0.0,119.85000000000002,14.946602202225254,18.53211525309451,0.0,16.624710579349298,17.127626156113912,55.793840471151825,12.13273413692322,23.894619086314336,56.559913444585646,25.155491534165705,0.0,28.855191711081343,1.669397958963078,16.696573236698267,18.615176988525647,1.4244666406505655,0.6949893205241032,21.06966114104622,0.7594538424439822,4.372348403047787,-0.0739259096476518,0.3571428571428571,40,3,10,0,1,1,0,3,0,3,1,0,9,3,12,1,13,0,1,1,0,0,10.262667778573316,4,4.329700000000003,163.17729999999966,0,0,0,0,0,0,0,0,0,0,0,0,0,0,0,3,3,0,0,0,0,0,0,0,0,0,0,0,0,3,0,0,0,0,3,0,0,0,0,0,0,0,0,0,0,0,0,0,0,0,0,0,0,0,0,0,0,0,1,1,0,0,0,0,0,0,0,0,0,0,1,0,0,0,0,1,1,0,0,0,0,0,0,0,0,CHEMBL2063891,CN(C)CC[C@H](CSc1ccccc1)Nc1ccc(S(=O)(=O)Nc2ccc(N3CCNCC3)cc2)cc1[N+](=O)[O-],7500.0,3.8750612633917,CHEMBL2366149,NCI-H1417,2,Large-Polar-Aromatic-Flexible-Hydrophobic,Large-Polar-Aromatic-Flexible-Hydrophobic
14.101025803933489,14.101025803933489,0.0559333103705819,-3.6546173010675695,0.134517741033792,15.636363636363637,780.439,730.0389999999998,779.33843714,288,0,0.2613888889951865,-0.3679830724373574,0.3679830724373574,0.2613888889951865,0.7272727272727273,1.3818181818181818,2.0545454545454547,35.495693567503984,9.954755797977125,2.2697299738239263,-2.37261332006563,2.4016886427982858,-2.461020510456973,7.923329779092039,0.0949023171125797,3.471400361509151,1.067085877844147,2193.6627822748883,38.52815801182004,31.840154781640138,33.41258030858632,26.56852046606612,18.9979308899391,20.85905861054271,14.494148037291843,16.612986059173345,10.882247300225162,12.531422582073972,7.606478753646093,8.812141850903036,-4.809999999999998,2420963738844.6006,38.46385214929859,16.91035458748563,8.86023654953342,329.9060045276234,29.4835271751996,0.0,0.0,0.0,15.930470882759089,0.0,9.51663204852391,8.417796984328938,0.0,0.0,54.06550936946379,98.72756087921653,99.29265126022784,16.15286296206323,13.212334168400758,44.5935695970423,0.0,19.68370771349864,7.04767198267719,18.24004229813441,87.01715036795599,119.4082529641342,0.0,22.384282469939446,19.838702930159375,17.062158824050687,0.0,11.600939890232516,101.18713186497568,17.070963136084774,6.923737199690624,22.472738293543287,108.0237236393652,5.022633313741326,22.384282469939446,0.0,93.16000000000004,10.023291153407584,13.212334168400758,0.0,10.80266320486928,22.81822748603446,104.77661229029424,0.0,30.33183534230805,62.50234573006069,65.51876229617531,11.600939890232516,30.41065795215643,6.313578432268557,23.87427213396462,3.925618491368319,8.165421416101195,-0.0559333103705819,32.30808016898043,0.9021565716702362,11.144881252828377,0.5390446688101895,0.3255813953488372,55,2,10,0,2,2,1,4,1,5,0,0,8,2,12,3,12,0,2,2,0,0,11.826134157186551,7,6.815620000000007,225.03769999999935,0,0,0,0,0,1,0,0,0,0,1,1,0,0,0,5,2,0,0,1,0,0,0,0,0,0,0,1,0,3,0,0,0,0,4,0,0,0,0,0,0,0,0,0,1,0,0,0,0,0,0,0,0,0,0,0,0,0,0,0,0,0,0,0,0,0,0,0,0,0,2,0,0,0,0,0,1,0,0,0,0,0,0,0,0,CHEMBL2170853,Cc1c(C(=O)NCCCN2CCN(C)CC2)c(-c2cccc(N3CCN(c4ccc(NS(=O)(=O)c5ccccc5)cc4)CC3)c2)c(-c2ccc(Cl)cc2)n1C,2200.0,3.342422680822206,CHEMBL4860,Apoptosis regulator Bcl-2,2,Large-Polar-Aromatic-Flexible-Hydrophobic,Large-Polar-Aromatic-Flexible-Hydrophobic
13.256285828425634,13.256285828425634,0.0795476949197184,-4.3451742414194365,0.33286839352956,11.421052631578949,564.5940000000003,540.4020000000003,564.0872369679998,202,0,0.3238779359967693,-0.4967671120136989,0.4967671120136989,0.3238779359967693,0.6052631578947368,0.8947368421052632,1.131578947368421,32.234861884012595,10.248005207004812,2.2967559442780576,-2.253830439960932,2.2976556358203135,-2.3648942399327137,7.927962173655872,-0.1357527013423127,2.8995332759358425,2.026005598130485,1387.3757244782687,28.08721119088101,20.21375407928707,21.846747241142523,17.893451072527053,10.771147610013992,13.651274267615271,7.678293485259164,11.402914037318284,5.278274458569594,8.85443129783761,3.410814356752277,6.239130693146418,-4.3,149900024.90679878,28.27411199774028,11.39508858441788,6.149934027570508,218.9150655067349,19.68678069728151,24.58853647839296,0.0,0.0,20.046582306815168,11.938610575903695,18.199506350736108,16.835593968657875,0.0,0.0,0.0,72.79640482153933,0.0,35.38533458295774,46.111449034083016,43.359965432085986,0.0,0.0,0.0,9.79096695103555,35.919539876972685,72.79640482153933,0.0,11.49902366656781,18.084157890192564,11.374772549367124,11.49902366656781,0.0,66.29636722862318,29.63565667495881,0.0,0.0,82.5873717725749,0.0,0.0,0.0,167.82,45.074705694544015,36.637723126482925,0.0,21.165739500402672,20.109455649160275,0.0,87.01599990409441,0.0,0.0,0.0,9.473725907600098,64.34607039130613,0.0,22.616073003787477,18.723652954224605,-0.1590953898394371,-2.0640200716985,15.420171840230775,0.0,-1.8398883190612632,-5.876297742283107,0.1666666666666666,38,2,12,0,0,0,0,3,0,3,0,0,8,2,14,0,12,0,0,0,0,0,8.47857923315797,3,2.2635999999999994,136.7651999999999,2,0,0,0,0,0,0,0,2,2,2,0,0,0,0,2,0,0,0,0,0,0,0,0,0,0,0,0,0,2,0,0,0,0,3,0,0,0,0,0,0,2,0,0,0,0,0,0,0,0,0,0,0,0,0,2,0,0,0,0,0,0,0,0,0,0,0,0,0,0,0,0,0,0,0,0,2,0,0,0,0,0,0,0,0,CHEMBL3600957,COc1ccc(S(=O)(=O)N(CC(=O)O)c2ccc(N(CC(=O)O)S(=O)(=O)c3ccc(OC)cc3)cc2)cc1,980.0,2.9912260756924947,CHEMBL3038498,Keap1/Nrf2,2,Large-Polar-Aromatic-Flexible-Hydrophilic,Other
13.937322889339278,13.937322889339278,0.1243487701171683,-4.488701111807395,0.1384751969435071,11.48,714.8180000000002,680.5459999999998,714.170572668,258,0,0.3238809352809755,-0.4866170522795333,0.4866170522795333,0.3238809352809755,0.6,1.08,1.6,32.23486375026925,10.04394217430502,2.321798070322179,-2.2758571493644233,2.3790472023353506,-2.368637449295941,7.928074546985287,-0.135754957684685,3.09207346909139,1.6151119166279873,2206.483058331315,36.05346651713188,27.131414723526763,28.764407885382216,23.750094457983057,15.291472883277969,18.171599540879235,11.440595034528792,15.16521558658791,7.731158825763946,11.293193502610542,5.100022111824912,7.930707600749856,-5.659999999999998,76754353110.43756,35.64184774137269,14.846825546338374,8.130178007827297,290.2806508037527,14.94991774348146,25.445906609621975,0.0,0.0,20.046582306815168,11.938610575903695,18.199506350736108,16.835593968657875,0.0,0.0,89.98967487339495,66.9360312852419,6.06636706846161,21.165739500402672,41.374586080282974,43.359965432085986,0.0,0.0,0.0,30.245323314929717,21.69994479441762,138.01769584432324,0.0,16.876414816677897,13.347294936392515,11.374772549367124,5.749511833283905,0.0,52.07677214606812,36.242538639471725,13.847474399381248,16.690354475090988,131.11830832026783,0.0,11.126902983393991,0.0,158.59,45.074705694544015,36.637723126482925,0.0,33.52213329819949,14.17388347428946,22.253805966787983,42.46456947923127,38.112942673227685,54.59730361615449,0.0,4.736862953800049,62.93221074912408,0.0,23.68427240995336,19.54237852088312,3.8450333414969142,-3.0945148501694533,32.37619219866786,0.0,1.4740193614064667,-8.926258398028999,0.1351351351351351,50,2,11,0,0,0,0,5,0,5,0,0,7,2,13,0,14,0,0,0,0,0,10.583365911306297,5,6.109240000000005,189.34519999999952,2,0,0,0,0,0,0,0,2,2,2,0,0,0,0,2,0,0,0,0,0,0,0,0,0,0,0,0,0,2,2,0,0,0,5,0,0,0,0,0,0,1,0,0,0,0,0,0,0,0,0,0,0,0,0,0,0,0,0,0,0,0,0,0,0,0,0,0,0,0,0,0,0,0,0,0,2,0,0,0,0,0,0,0,0,CHEMBL5197111,Cc1ccc(S(=O)(=O)N(CC(=O)O)c2ccc(N(CC(=O)O)S(=O)(=O)c3ccc(C)cc3)c(OCc3ccc(-c4ccccc4)cc3)c2)cc1,440.0,2.643452676486187,CHEMBL3038498,Keap1/Nrf2,2,Large-Polar-Aromatic-Flexible-Hydrophobic,Large-Polar-Aromatic-Flexible-Hydrophobic
13.324279328411684,13.324279328411684,0.1413958850937537,-4.429882595280175,0.0694167421830474,14.773584905660377,761.967,714.5909999999999,761.2916908440001,282,0,0.2931983166921879,-0.4964762252973893,0.4964762252973893,0.2931983166921879,0.981132075471698,1.660377358490566,2.30188679245283,32.233300098327135,9.84216564676695,2.3554714645379273,-2.41805732509012,2.3473550386101207,-2.46729951881569,7.989596223332212,-0.3836942987621455,3.1622427087117924,1.223758345219707,1952.7364419650285,38.01165015387499,30.487684226390655,32.12067738824611,25.41378434321792,17.38554260283468,19.85430441008256,13.337639541735308,16.113454771864003,9.489516965759693,11.992711898570688,6.381486306851572,8.3684551458848,-4.629999999999999,396668790212.423,39.57470708103637,17.93001058613692,10.499224576308007,315.6158522070693,24.590333973307384,11.436898107967467,0.0,0.0,21.61785715744265,0.0,14.908855452837392,13.139891848781026,0.0,11.761884949391115,36.39820241076966,100.0633203478965,60.62751472228338,22.529642876596665,27.609371124818527,44.75451465620089,0.0,9.622004595302563,0.0,47.11714508287125,63.91876020725076,118.30309434754535,0.0,5.749511833283905,19.675656153108942,17.062158824050687,5.749511833283905,11.761884949391115,89.49315100587418,21.180975730133643,10.114318268765572,35.18390503624384,106.85284004642136,0.0,0.0,0.0,143.35,26.54116820626032,23.32665243716633,0.0,27.789212882029982,12.1736752296728,66.8589342301596,12.13273413692322,50.24694830579262,67.52619024389774,21.005160267770503,9.473725907600098,40.32628510860777,1.6307041570693706,29.597134090675823,15.416823981959997,1.6051635431988116,0.6385183112575292,28.02344709206905,2.994798993991821,2.2095343484644556,2.890923706038717,0.358974358974359,53,2,12,0,1,1,1,4,0,4,1,0,11,2,14,1,17,0,1,1,0,0,13.388205979363203,5,6.4747000000000074,209.8230999999994,0,0,0,0,0,0,0,0,0,0,1,1,0,0,0,3,2,0,0,0,0,0,0,0,0,0,0,1,0,2,0,0,0,0,4,0,0,0,0,0,0,2,0,0,0,0,0,0,0,0,0,0,0,0,0,2,0,0,1,1,0,0,0,0,1,0,0,0,0,1,0,0,0,0,0,1,1,0,0,0,0,0,0,0,0,CHEMBL268908,COc1ccccc1CC1(OC)CCN(c2ccc(C(=O)NS(=O)(=O)c3ccc(N[C@H](CCN(C)C)CSc4ccccc4)c([N+](=O)[O-])c3)cc2)CC1,75.0,1.8750612633917,CHEMBL4625,Apoptosis regulator Bcl-X,2,Large-Polar-Aromatic-Flexible-Hydrophobic,Large-Polar-Aromatic-Flexible-Hydrophobic
13.24744551806846,13.24744551806846,0.0324978787308989,-4.50590035229616,0.1151047101806298,13.851063829787234,678.7640000000004,647.5160000000002,678.1618195519999,244,0,0.2931985201565222,-0.3777742139498348,0.3777742139498348,0.2931985201565222,0.9361702127659576,1.574468085106383,2.2127659574468086,32.23329963568661,10.038297249951318,2.268335174214475,-2.2870279463618157,2.3026116487449495,-2.426771629600372,7.989608781898182,-0.3836947977574856,3.0793124535886474,1.3174774908983828,1835.5093658540256,33.390329810315365,25.00422154152684,26.63721470338229,22.585357218471735,14.603956189428985,17.072717996676857,10.617532497303506,13.393347727432197,7.36672697543355,9.869921908244557,4.885708525915436,6.8238618284797505,-4.789999999999999,26929606486.61336,33.569791522204575,15.199299926061254,8.934473487257476,274.8798781239496,14.953561288656855,11.504607115729456,0.0,5.907179729351506,21.61785715744265,0.0,19.703392636909214,17.530306896455848,0.0,11.761884949391115,42.46456947923127,59.65783953108687,47.83033090632229,23.032558453361283,32.057460402765116,44.97430811086883,0.0,9.622004595302563,0.0,22.25362940310952,37.372918951604106,118.55686369689428,0.0,11.126902983393991,10.03888346845842,15.765187597041944,0.0,11.761884949391115,68.15334839944582,19.554691291279457,15.931539109811467,16.778810298694825,106.85284004642136,0.0,11.126902983393991,0.0,147.95000000000002,37.47849251092606,32.51160466891297,0.0,29.396059959703965,43.18303333099176,17.028217612440994,42.09372029169917,29.165378004696915,35.053930206760135,5.316788604006331,4.736862953800049,46.84380324958429,1.4766450135108544,39.49124604511609,15.202931098421264,0.9371368540877302,-1.0532880753756275,24.038823185654863,0.0486557956012554,1.7699471856954436,-4.50590035229616,0.2121212121212121,47,2,11,0,1,1,2,4,0,4,1,0,9,2,14,1,12,0,1,1,0,0,10.85611340002842,5,5.341300000000006,176.17709999999963,0,0,0,0,0,0,0,0,0,0,2,2,0,0,0,2,2,0,0,0,0,0,0,0,0,0,0,2,0,1,0,0,0,0,4,0,0,0,0,0,0,1,0,0,1,0,0,0,0,0,0,0,0,0,0,0,1,0,1,1,0,0,0,0,0,0,0,0,0,0,0,0,0,0,0,1,1,0,0,0,0,0,0,0,0,CHEMBL2398289,O=C(NS(=O)(=O)c1ccc(N[C@@H](CSc2ccccc2)CC(=O)N2CCOCC2)c([N+](=O)[O-])c1)c1ccc(-c2ccc(F)cc2)cc1,150.0,2.1760912590556813,CHEMBL4625,Apoptosis regulator Bcl-X,2,Large-Polar-Aromatic-Flexible-Hydrophobic,Large-Polar-Aromatic-Flexible-Hydrophobic
13.823009095938945,13.823009095938945,0.2377827667262186,-4.585827150335782,0.1847055228693422,11.382978723404255,688.7080000000002,659.476,688.1196799679999,248,0,0.3238809352812303,-0.4967671120136989,0.4967671120136989,0.3238809352812303,0.6808510638297872,1.148936170212766,1.6170212765957446,32.234863448891026,10.193449934370925,2.3229630132762455,-2.2757270958633065,2.379932048798258,-2.3685431646216752,7.928068068283093,-0.1357549593250731,3.052910056220302,1.88274018115857,1952.3856429133857,34.35479590438262,24.939124431515587,26.57211759337104,22.25362441783319,13.54451638865121,16.424643046252488,9.729064659261178,13.453685211320296,6.660261296185322,10.22229597303192,4.331544782444557,7.162230271369503,-5.349999999999999,13450433557.356695,34.52177988811824,14.386217625299045,8.087651188413767,269.61618245962865,24.42364365108156,42.762151117235675,0.0,0.0,20.046582306815168,11.938610575903695,18.199506350736108,21.226009016332696,0.0,0.0,12.13273413692322,78.35985631323634,6.06636706846161,35.38533458295774,55.238727035557886,43.359965432085986,0.0,0.0,0.0,16.39784891554847,35.919539876972685,102.37617835966708,0.0,17.248535499851716,22.821020843992613,15.765187597041944,17.248535499851716,0.0,66.29636722862318,36.242538639471725,5.817220841045894,5.563451491696996,100.78647297795976,0.0,0.0,0.0,177.04999999999998,50.89192653558991,41.028138174157746,0.0,33.52213329819949,25.67290714085727,30.33183534230805,74.88326576717117,0.0,0.0,0.0,14.210588861400147,85.766429503728,0.0,23.255303440729197,19.353979351599857,-0.1081570076431628,-3.16934241887754,18.801517225644137,0.0,-2.386813923731103,-6.346249504782726,0.1612903225806451,47,2,13,0,0,0,0,4,0,4,0,0,9,2,16,0,15,0,0,0,0,0,10.566762516662568,4,3.9817000000000022,167.49719999999965,2,0,0,0,0,0,0,0,2,2,2,0,0,0,0,2,0,0,0,0,0,0,0,0,0,0,0,0,0,2,0,0,0,0,4,0,0,0,0,0,0,3,0,0,1,0,0,0,0,0,0,0,0,0,0,2,0,0,0,0,0,0,0,0,0,0,0,0,0,0,0,0,0,0,0,0,2,0,0,0,0,0,0,0,0,CHEMBL5193318,COc1ccc(S(=O)(=O)N(CC(=O)O)c2ccc(N(CC(=O)O)S(=O)(=O)c3ccc(OC)cc3)c(OCc3ccc(F)cc3)c2)cc1,910.0,2.9590413923210934,CHEMBL3038498,Keap1/Nrf2,2,Large-Polar-Aromatic-Flexible-Hydrophobic,Large-Polar-Aromatic-Flexible-Hydrophobic
14.355705527216127,14.355705527216127,0.1376066170867382,-4.230936026043443,0.0136452105589162,14.013698630136986,1047.7449999999994,984.2409999999994,1046.394966036,384,0,0.2931983039215945,-0.3936873586288401,0.3936873586288401,0.2931983039215945,0.8767123287671232,1.6027397260273972,2.3013698630136985,35.49569486223276,9.949201688381631,2.2632133812220157,-2.317956010647562,2.382830716299539,-2.4473668017114427,7.989645939107894,-0.3836936355343677,3.7765868790703543,1.0908699139850673,2974.7309338960995,51.90862690044399,41.337642021542464,43.72656412941637,35.148239164185085,24.254425857671087,27.101152137928196,18.353100179701247,21.56535119030192,12.489662702340672,15.29514080493738,8.38498356681552,10.582400998684363,-6.199999999999998,9557087017021518.0,54.57144970414202,26.145061999424662,15.654952819160377,437.3123897311172,40.11346083803686,11.381314269532025,0.0,0.0,21.61785715744265,0.0,19.63095031728948,8.417796984328938,0.0,11.761884949391115,65.90637800717508,137.41830143356808,101.18575254217556,22.529642876596665,28.34870000689984,56.35545454643341,0.0,24.58361744434912,0.0,47.74399544262242,89.35492982913772,159.48196750159465,0.0,34.09467460449927,15.355672072464747,17.062158824050687,0.0,23.36282483962363,140.1900249700979,16.56804755932016,21.95518690647686,40.87783303109231,137.31515189188087,5.022633313741326,22.253805966787983,0.0,185.55,27.657450554486473,33.53970722684774,0.0,46.87224088690651,46.12534741926614,73.34156507747183,12.13273413692322,48.16008736016077,96.489234668687,44.04403215455417,11.600939890232516,31.69866642878752,7.9565152593067,33.70374045491082,39.39918065788888,4.827588026287926,6.762205737445704,35.094382587176824,2.647952706248624,5.950526829470312,1.8203524235878112,0.3272727272727272,73,5,15,0,1,1,1,5,1,6,2,0,13,5,18,2,23,0,1,1,0,0,19.544848437168188,7,8.219400000000011,292.98539999999997,0,2,2,0,0,1,0,0,0,0,1,1,0,0,0,5,3,0,0,1,0,0,0,0,0,0,0,1,0,2,1,0,0,0,5,0,0,0,0,0,0,0,0,0,1,0,0,0,0,0,0,0,0,0,0,0,0,0,1,1,0,0,0,0,0,0,0,0,0,0,1,0,0,0,0,1,1,0,0,0,0,0,0,0,0,CHEMBL2063886,CN(C)CC[C@H](CSc1ccccc1)Nc1ccc(S(=O)(=O)Nc2ccc(C#Cc3cccc(-c4c(-c5ccc(Cl)cc5)cn(CC[C@H](O)CO)c4C(=O)NCCCN4CCN(C)CC4)c3)cc2)cc1[N+](=O)[O-],6.6,0.8195439355418687,CHEMBL4860,Apoptosis regulator Bcl-2,2,Large-Polar-Aromatic-Flexible-Hydrophobic,Large-Polar-Aromatic-Flexible-Hydrophobic
13.8853815195045,13.8853815195045,0.0057493445109391,-4.405236837878811,0.1460157830009948,11.5625,750.4780000000001,724.27,748.033545472,248,0,0.2539534434779771,-0.5049756231295786,0.5049756231295786,0.2539534434779771,0.6041666666666666,1.0416666666666667,1.5625,35.499027444536146,10.083138597886808,2.2961680649618605,-2.2461949184132526,2.3643086887275704,-2.3086775833197746,7.8880786690861235,0.0729661659715367,3.033660801674887,1.440270845255265,2027.670883996051,34.5868467119515,24.885802487380527,28.726014852382068,22.77693446995586,14.285240411686226,17.237161632523765,10.896222136847008,14.519086469781648,7.312712498133624,10.060529858919134,4.968680444724233,7.700474480702406,-3.6999999999999975,27246774495.51299,35.602890406320064,15.240161575548475,8.848404542996217,296.2648253141768,10.006437125691182,16.529925157609565,5.749511833283905,10.023291153407584,5.907179729351506,0.0,4.794537184071822,17.198627079678577,4.305215991296233,0.0,82.80196197169971,88.98384371986572,46.81037705657127,5.022633313741326,27.099691658591105,62.33423044368916,0.0,9.205125722146713,0.0,31.074509099168075,0.0,162.67047255938945,0.0,5.749511833283905,0.0,8.78083009534964,5.749511833283905,46.40375956093006,28.63662983066786,36.20231677705789,11.634441682091788,32.6117946425568,108.0237236393652,20.090533254965305,0.0,0.0,77.92,32.30272814430105,27.099691658591105,0.0,42.131471980484456,37.86252408596763,10.371583059757842,42.46456947923127,59.497213347004966,0.0,0.0,46.40375956093006,56.05631958194077,24.521272578044925,14.89701579704662,11.138286604874876,2.6812958463575045,-1.9007251047297071,24.769145555007444,0.0,-0.0629295762191683,-4.405236837878811,0.1142857142857142,48,1,6,0,0,0,1,5,0,5,0,0,4,1,13,0,11,0,0,0,0,0,11.304037548934636,5,9.517699999999994,183.84109999999964,0,0,0,0,0,0,0,1,0,0,1,1,0,0,0,2,0,0,0,0,0,0,0,0,0,0,0,1,0,0,0,0,0,0,5,0,0,0,0,0,0,0,0,0,6,0,0,0,0,0,0,0,0,0,0,0,0,0,0,0,0,0,0,0,0,1,1,0,0,0,0,0,0,0,0,0,1,0,0,0,0,0,0,0,0,CHEMBL2031010,O=C(c1ccc(CN(Cc2ccc(F)cc2)S(=O)(=O)c2cc(Cl)cc(Cl)c2O)cc1)N(Cc1ccc(F)cc1)Cc1cc(Cl)cc(Cl)c1,35.0,1.5440680443502757,CHEMBL4860,Apoptosis regulator Bcl-2,2,Large-Polar-Aromatic-Flexible-Hydrophobic,Large-Polar-Aromatic-Flexible-Hydrophobic
13.01543343285563,13.01543343285563,0.2299496775871246,-4.498980211900074,0.1943196957238743,11.439024390243905,563.595,542.4270000000002,563.126339772,202,0,0.2947136172990525,-0.3219968683292113,0.3219968683292113,0.2947136172990525,0.7317073170731707,1.3658536585365857,2.073170731707317,32.2397853020305,10.027788158871886,2.1785090844504404,-2.1182798219168433,2.3050408609216544,-2.1258274820946768,7.856793134678584,0.1014147108358087,3.4509364701240948,1.16349011336485,2048.863226854698,28.561902685569173,21.19783681504283,22.014333395970556,19.75817139651238,12.394295703881149,13.834359032681787,9.241581367173108,10.631540452456866,6.603875711452974,7.499895724825876,4.566395837488794,5.302693921865575,-5.389999999999999,2600614018.309011,25.864804092307892,10.299975855105446,5.26485906489057,233.3326671270137,10.633577208012662,10.412184193134037,0.0,0.0,21.932486317736565,0.0,19.24050605013505,0.0,8.417796984328938,5.098681808301038,53.744321643347746,71.11043081401328,22.200513472542347,11.204086992299825,22.559621226162943,55.11310873126581,0.0,15.410748712256945,0.0,4.895483475517775,10.633577208012662,114.2551431472414,0.0,11.126902983393991,10.633577208012662,11.374772549367124,0.0,0.0,40.19565502897926,10.118126859033554,0.0,20.715977351537635,108.0237236393652,0.0,32.9327528475561,0.0,154.14,16.02530658838506,22.559621226162943,0.0,21.87627369401764,27.717214190158607,16.643603701010253,12.13273413692322,78.86277189000094,12.13273413692322,26.044325920269607,0.0,33.506673272015036,0.0,25.392086136023217,16.81339413135782,4.794208797065398,-0.7046501158268541,28.780601324598795,0.0,0.0,-4.498980211900074,0.0,41,4,10,0,0,0,2,5,1,6,0,0,6,4,11,1,6,0,0,0,0,0,6.497728235312288,6,5.529400000000003,155.4356999999998,0,0,0,0,0,3,1,0,0,0,2,2,0,0,0,2,3,0,0,0,0,1,0,0,0,0,0,2,0,2,0,0,0,0,5,0,2,0,0,0,0,0,0,0,0,0,0,0,0,0,0,0,0,0,0,0,0,0,0,0,0,0,0,0,0,0,0,0,0,0,0,0,0,0,0,0,0,0,0,0,0,0,0,0,0,CHEMBL4098397,O=C(Nc1ccc(-c2ccc(C(=O)Nc3cccc4cccc(S(=O)(=O)O)c34)cc2)cc1)c1ccc2[nH]nnc2c1,990.0,2.99563519459755,CHEMBL4106122,CD40-CD40L,2,Large-Polar-Aromatic-Rigid-Hydrophobic,Large-Polar-Aromatic-Rigid-Hydrophobic
13.765116803346976,13.765116803346976,0.0908464710493934,-4.452442078032128,0.2159032420026464,11.5,638.7200000000003,608.48,638.13927254,230,0,0.3238809352809755,-0.4866170582044972,0.4866170582044972,0.3238809352809755,0.6590909090909091,1.1363636363636365,1.6363636363636365,32.23486280479056,10.197587429586394,2.321076415196469,-2.2756817763732786,2.3769025002361803,-2.368634800977558,7.928057886905926,-0.1357549577120693,2.98094095758972,1.8905640064274996,1859.9414862005192,32.070338854006444,23.82201364676826,25.45500680862371,20.783767962794272,13.220105678232049,16.10023233583333,9.863244765339171,13.587865317398292,6.5129253129708635,10.074959989817454,4.250233986616104,7.080919475541047,-4.879999999999999,3168648854.1918764,32.042611558888865,13.183625162845914,7.359487412905713,255.22355659768863,14.94991774348146,25.445906609621975,0.0,0.0,20.046582306815168,11.938610575903695,18.199506350736108,16.835593968657875,0.0,0.0,65.72420659954848,55.8091283018479,6.06636706846161,21.165739500402672,41.374586080282974,43.359965432085986,0.0,0.0,0.0,30.245323314929717,21.69994479441762,113.7522275704768,0.0,5.749511833283905,13.347294936392515,11.374772549367124,5.749511833283905,0.0,52.07677214606812,36.242538639471725,13.847474399381248,16.690354475090988,106.85284004642136,0.0,0.0,0.0,158.59,45.074705694544015,36.637723126482925,0.0,33.52213329819949,14.17388347428946,11.126902983393991,42.46456947923127,68.44477801553573,0.0,0.0,4.736862953800049,62.13093739526231,0.0,23.416836439968552,19.317698182210545,1.9485474897012196,-3.072241244689384,24.08969451918763,0.0,1.527383320812146,-8.858856102453004,0.1612903225806451,44,2,11,0,0,0,0,4,0,4,0,0,7,2,13,0,13,0,0,0,0,0,9.60085863706965,4,4.4422400000000035,163.9091999999996,2,0,0,0,0,0,0,0,2,2,2,0,0,0,0,2,0,0,0,0,0,0,0,0,0,0,0,0,0,2,2,0,0,0,4,0,0,0,0,0,0,1,0,0,0,0,0,0,0,0,0,0,0,0,0,0,0,0,0,0,0,0,0,0,0,0,0,0,0,0,0,0,0,0,0,0,2,0,0,0,0,0,0,0,0,CHEMBL5193997,Cc1ccc(S(=O)(=O)N(CC(=O)O)c2ccc(N(CC(=O)O)S(=O)(=O)c3ccc(C)cc3)c(OCc3ccccc3)c2)cc1,450.0,2.6532125137753435,CHEMBL3038498,Keap1/Nrf2,2,Large-Polar-Aromatic-Flexible-Hydrophobic,Large-Polar-Aromatic-Flexible-Hydrophobic
13.565860122970603,13.565860122970603,0.0990265598506456,-4.134041237133425,0.055647115905675,13.688524590163937,898.9829999999998,849.5909999999996,897.2664504080001,318,0,0.2931983039215945,-0.3758658713439442,0.3758658713439442,0.2931983039215945,0.819672131147541,1.4918032786885247,2.1475409836065573,35.49678988923235,9.999726452823692,2.2534396235393506,-2.3725091150208435,2.4258114822749377,-2.4609791628816757,7.989638745300478,-0.383693084129121,3.4857676861025326,0.9948868229395404,2582.2407068476346,43.26020881938891,34.5155897875894,37.66044084148174,29.266897768823785,19.986298158533067,23.21098891179939,15.359040775508472,18.949256259118396,10.949430305130711,14.217388306209497,7.508391354106056,10.03119414116475,-5.179999999999999,30977593887214.492,43.89447844584014,19.25144899045769,10.477511885413804,372.0320997485262,24.58361744434912,5.687386274683562,0.0,0.0,15.710677428091143,0.0,14.83641313321766,8.417796984328938,0.0,11.761884949391115,65.66644925969631,117.90796699881696,89.32541421053911,20.535355832925234,13.341108033146607,73.42398725668154,0.0,9.467009378641832,7.04767198267719,29.177366602800145,72.41068253182341,147.1808542603289,0.0,22.384282469939446,19.83870293015937,28.43693137341781,0.0,34.963764729856145,81.42193784260044,17.070963136084774,17.038055468456196,12.114749617774471,131.1183083202678,10.045266627482652,22.384282469939446,0.0,115.99,14.946602202225254,18.53211525309451,0.0,22.31209685403286,16.462873195171678,94.58207052436464,12.13273413692322,23.894619086314336,94.79679090079992,53.57118058264764,23.20187978046503,31.869807422181815,14.85564664808954,19.32800045328215,16.999515749382834,7.494601020598552,0.6741560714851684,37.41365000435602,0.7386205934050475,5.907218664579118,1.8576722615286343,0.2608695652173913,61,2,11,0,1,1,0,5,1,6,1,0,10,2,15,2,16,0,1,1,0,0,13.852988733816982,7,10.534419999999992,253.56259999999935,0,0,0,0,0,1,0,0,0,0,0,0,0,0,0,5,2,0,0,0,0,0,0,0,0,0,0,0,0,4,0,0,0,0,5,0,0,0,0,0,0,0,0,0,2,0,0,0,0,0,0,0,0,0,0,0,0,0,1,1,0,0,0,0,0,0,0,0,0,0,1,0,0,0,0,1,1,0,0,0,0,0,0,0,0,CHEMBL2325767,Cc1c(Cl)c(-c2cccc(N3CCN(c4ccc(NS(=O)(=O)c5ccc(N[C@H](CCN(C)C)CSc6ccccc6)c([N+](=O)[O-])c5)cc4)CC3)c2)c(-c2ccc(Cl)cc2)n1C,12.0,1.0791812460476249,CHEMBL4625,Apoptosis regulator Bcl-X,2,Large-Polar-Aromatic-Flexible-Hydrophobic,Large-Polar-Aromatic-Flexible-Hydrophobic
14.5580253388944,14.5580253388944,0.0562910670611451,-4.426785552266484,0.1246580027142222,13.475409836065571,904.3169999999998,858.9569999999997,902.2186872,318,0,0.2754385161714284,-0.3372092575066442,0.3372092575066442,0.2754385161714284,0.7540983606557377,1.4262295081967211,2.1311475409836067,35.49899349667423,9.983358260599404,2.315273587087087,-2.2937291880661834,2.3348725960157504,-2.36664487766104,7.897060681332357,0.073178359888928,3.8233419340731873,1.191383182010759,2658.774735543275,43.58648223302197,34.01142752229167,37.09571094127475,29.214784836008093,20.2377369470531,22.854793613675167,15.197276661912058,18.072043629812008,11.126990490961155,13.647184454174711,7.670862107099543,9.192015507729948,-5.209999999999997,32211833966429.94,43.86544826890051,18.41204550412585,9.064047224436196,369.9703353202476,14.69972919255143,0.0,5.693927994848461,0.0,33.6520100708136,0.0,19.178148736287287,17.82169478392621,5.098681808301038,0.0,85.75740558977726,103.89468178264016,49.53807128764043,36.90814917797077,27.59594572061622,74.14221601619471,0.0,24.302399069599264,0.0,70.73638121805828,31.07893535450078,138.69923677110384,0.0,5.687386274683562,9.622004595302563,5.687386274683562,0.0,34.802819670697545,77.80584573053244,29.40969080517218,6.923737199690624,103.47747456725148,83.75825536551872,15.067899941223978,5.687386274683562,0.0,141.99,21.837650612110593,27.59594572061622,0.0,49.26332681462944,73.09627584208224,36.81018947509803,58.112649213688535,22.78992372985319,24.26546827384644,23.668251072134375,34.802819670697545,31.101709161213115,19.015803521056363,60.45722480057796,5.377449338775021,4.325887764865969,-2.004614241904336,21.018253310206568,4.442445520472703,7.9426263770031245,-4.426785552266484,0.3111111111111111,61,1,12,0,2,2,4,4,1,5,0,0,8,1,16,3,13,0,0,0,0,0,13.240207042391384,7,8.703420000000005,236.8534999999994,0,0,0,0,0,2,0,0,0,0,4,4,0,0,0,5,1,0,0,0,0,0,0,0,0,0,0,4,0,1,0,0,0,0,4,0,2,0,0,0,0,0,0,0,3,0,0,0,0,0,0,0,0,0,0,0,0,0,0,0,0,0,0,0,0,0,0,0,0,0,0,0,0,0,0,0,1,0,0,0,0,0,0,2,0,CHEMBL2031020,CCCCN(CCCC)C(=O)c1nn(-c2ccc(C(=O)NS(=O)(=O)c3ccc4c(c3)CCN4C(=O)c3ccc(Cl)c(Cl)c3)cc2C(=O)N2CCc3ccccc3C2)c(C)c1Cl,280.0,2.447158031342219,CHEMBL4860,Apoptosis regulator Bcl-2,2,Large-Polar-Aromatic-Flexible-Hydrophobic,Large-Polar-Aromatic-Flexible-Hydrophobic
14.803493904771653,14.803493904771653,0.0368083156616565,-4.357803316802559,0.1251301600153293,12.633333333333333,859.832,819.5119999999997,858.2045613600001,304,0,0.2645231301831365,-0.4573261373574262,0.4573261373574262,0.2645231301831365,0.85,1.6333333333333333,2.4,35.49678887514082,9.919402177993144,2.29630899386118,-2.2950008102354658,2.3638506402385024,-2.3627933157062833,7.89713923135827,0.0735130691803564,3.6290434848521302,1.1961526662145872,2878.738007459964,41.96731560057545,32.56837619208944,34.89673066505406,29.021540168699435,19.54064286890714,21.779735062519972,14.558378255202742,17.08441640382485,10.620643169025236,12.513988971625931,7.57625172296596,8.99290164649534,-5.979999999999998,32534509137966.42,40.78398139741944,17.318359745342725,8.392803199865053,357.55718951073015,14.743300079491233,11.49902366656781,0.0,0.0,21.837650612110593,0.0,9.589074368143644,17.821694783926212,5.098681808301038,0.0,91.14374221923616,114.13544837987315,45.21135812886358,28.57760770441118,27.850261701113332,55.81197882150522,0.0,19.402489338748783,0.0,50.654145537337925,6.544756405912575,171.08063702166135,0.0,28.313312924645363,9.458957818252138,0.0,11.49902366656781,23.20187978046503,46.56383471808193,36.0165727696851,0.0,62.996116770171184,132.28919191321165,10.045266627482652,27.586737687007144,0.0,130.82999999999998,22.537352847272007,23.113398747313283,0.0,21.92956618826327,75.36988781911843,35.04869843855927,24.26546827384644,52.04628214522693,54.59730361615449,17.712199132604322,33.03742454256612,37.25117614578217,12.53255948188003,30.285718803266935,17.90558841159081,5.152297382757612,-0.085459650250931,36.68480959869469,2.8433703555459666,2.4266316764241713,-4.357803316802559,0.1702127659574468,60,2,10,0,1,1,2,6,1,7,0,0,8,2,13,2,12,0,0,0,0,0,11.771861028131257,8,9.943699999999994,233.5572999999995,0,1,1,0,0,2,0,0,0,0,2,2,0,0,0,3,1,0,0,0,0,0,0,0,0,0,0,2,0,0,0,0,0,0,6,0,2,0,0,0,0,1,0,0,2,0,0,0,0,0,0,0,0,0,0,0,0,0,0,0,0,0,0,0,0,0,0,0,0,0,0,0,0,0,0,0,1,0,0,0,0,0,0,1,0,CHEMBL2030864,CCCCc1c(-c2ccc(C(=O)NS(=O)(=O)c3ccc4cccc(Cl)c4c3)cc2C(=O)N2CCc3ccccc3C2)c(CO)nn1-c1ccc(Oc2cccc(Cl)c2)cc1,6.0,0.7781512503836436,CHEMBL4860,Apoptosis regulator Bcl-2,2,Large-Polar-Aromatic-Flexible-Hydrophobic,Large-Polar-Aromatic-Flexible-Hydrophobic
14.33333382920901,14.33333382920901,0.024382199214485,-4.200134881587923,0.1512802459101662,12.816326530612244,675.8549999999998,634.5269999999999,675.2879257919999,252,0,0.2645231451938288,-0.3408140098779679,0.3408140098779679,0.2645231451938288,0.8367346938775511,1.5510204081632653,2.306122448979592,32.23327369719356,9.96205231889723,2.268824745419838,-2.2943968857981063,2.2883080874669455,-2.362889078262135,7.8971126312048305,0.0735141217817657,3.1344380087671904,1.3550262529137431,2090.973167073498,34.38189364187808,27.93166117203209,28.748157752959813,23.767519973275945,16.915070950117677,18.398234197712075,12.385397117425232,14.06779935883474,8.95314994685783,10.28181042563074,6.1601824888047485,7.169268598657957,-5.089999999999998,108491731295.37662,33.79754387667091,14.989214186802707,7.64680977047863,287.61541218146135,9.799819461700954,0.0,0.0,5.948339280986494,21.837650612110593,0.0,9.589074368143644,23.10784889067544,0.0,0.0,87.35278832984939,71.49365162340966,49.066223670354354,10.589411470366237,18.00687135247258,38.55843832202668,0.0,19.589961637196986,0.0,57.39182239544164,24.5341789485882,119.44615556532524,0.0,11.257379486545457,9.622004595302563,5.948339280986494,0.0,0.0,54.734292433514554,22.98886918224617,0.0,71.3736412260169,102.08783307405504,0.0,22.02982791547505,0.0,112.57,15.930470882759089,18.00687135247258,0.0,21.92956618826327,36.71605320228311,55.108699224155785,29.828919765543436,29.295854507848382,42.46456947923127,34.51982458409263,4.983978520947208,28.91792590015676,0.0,41.316728954608195,1.628630938269089,3.7086386307451207,-0.495414878153787,26.65269125629088,6.500470888837078,6.887129857501254,-4.200134881587923,0.282051282051282,49,1,9,0,1,1,2,4,1,5,0,0,7,1,10,2,12,0,0,0,0,0,10.338747431740462,6,7.020600000000008,192.98349999999945,0,0,0,0,0,2,0,0,0,0,2,2,0,0,0,4,1,0,0,0,0,0,0,0,0,0,0,2,0,1,0,0,0,0,4,0,2,0,0,0,0,0,0,0,0,0,0,0,0,0,0,0,0,0,0,0,0,0,0,0,0,0,0,0,0,0,0,0,0,0,0,0,0,0,0,0,1,0,0,0,0,0,0,2,0,CHEMBL2030865,CCCCN(CCCC)c1nccc(-c2ccc(C(=O)NS(=O)(=O)c3ccc4ccccc4c3)cc2C(=O)N2CCc3ccccc3C2)n1,500.0,2.6989700043360187,CHEMBL4625,Apoptosis regulator Bcl-X,2,Large-Polar-Aromatic-Flexible-Hydrophobic,Large-Polar-Aromatic-Flexible-Hydrophobic
14.016611853486472,14.016611853486472,0.0265958477593017,-4.342001314357237,0.2535245963327299,12.205128205128204,541.5810000000002,518.3970000000004,541.119523076,196,0,0.349182095508851,-0.4798953607121858,0.4798953607121858,0.349182095508851,0.717948717948718,1.3333333333333333,2.0256410256410255,32.23342875913649,10.06522460434895,2.306524683196628,-2.257468042578003,2.383849076859503,-2.3564562415960024,7.927079135694002,-0.1450027637132509,2.9420196291343723,1.6582480529639898,1797.823468379089,27.570338854006454,20.467892425072495,21.28438900600022,18.768894079108875,11.956142858822773,13.396206187623411,8.757924353558828,10.588656514424802,6.297723439210716,8.115604550264454,4.553414185471434,6.203738277140706,-4.889999999999998,618076382.6492987,25.74673620554953,10.466837255489494,4.993277925133555,223.9143555492867,14.94991774348146,12.29426823919648,0.0,6.103966387748303,10.023291153407584,11.938610575903695,9.099753175368054,13.212334168400758,0.0,0.0,90.99550602692418,23.585325419849628,21.722124135091384,10.582869750201336,32.95678909595404,49.194184861854026,0.0,0.0,0.0,10.999449863266078,10.84997239720881,114.75805872400603,0.0,5.749511833283905,9.042078945096282,5.687386274683562,5.749511833283905,0.0,37.11421875582661,19.612365521551222,0.0,11.6674178794453,114.0900907078268,0.0,21.544896857859182,0.0,121.21,34.61062452297216,28.21992614215399,0.0,16.332381583485244,27.10834834955618,4.305215991296233,18.19910120538483,90.99550602692418,0.0,0.0,4.736862953800049,34.824634836060845,0.0,23.936788424078184,21.528401128308303,0.5593196054355736,-2.317527808872191,29.859147835619456,-1.3101901788791468,-0.8219058607271084,-4.342001314357237,0.0666666666666666,39,2,8,0,0,0,0,5,0,5,1,0,5,2,9,0,9,0,0,0,0,1,6.909920454448873,5,5.477600000000004,147.5103999999998,2,0,0,0,0,0,0,0,2,2,2,0,0,0,0,1,0,0,0,0,0,0,0,0,0,0,0,0,0,1,0,0,0,0,5,0,2,0,0,0,0,1,0,0,0,0,0,0,0,0,0,0,0,0,0,0,0,0,0,0,0,0,0,0,0,0,0,0,0,0,0,0,0,0,0,0,1,0,0,0,0,0,0,0,0,CHEMBL4757005,O=C(O)CN(c1ccc(OC(C(=O)O)c2ccccc2)c2ccccc12)S(=O)(=O)c1cccc2ccccc12,780.0,2.8920946026904804,CHEMBL3038498,Keap1/Nrf2,2,Large-Polar-Aromatic-Flexible-Hydrophobic,Large-Polar-Aromatic-Flexible-Hydrophobic
12.92224574518236,12.92224574518236,0.0709871929717713,-3.883442027700617,0.3711501585232111,11.705882352941176,498.5820000000003,476.4060000000004,498.09192842399995,176,0,0.2614137485558208,-0.496767112021412,0.496767112021412,0.2614137485558208,0.5294117647058824,0.8823529411764706,1.2058823529411764,32.234698264262654,10.07904261939356,2.1909799420441263,-2.1512774064464697,2.3271784178258637,-2.146945843354696,7.926757219587614,0.4140361110800216,2.851606501939112,1.6802277555561904,1415.2108176463444,24.346724214874857,18.348890092365668,19.981883254221124,16.230643260171078,10.088676400790408,13.055002895979197,7.268322437170083,10.633126919989108,5.152187551680516,7.915007369535575,3.394196437030905,5.553700121334618,-3.7599999999999985,39925502.323613614,23.399926494545745,9.238628240496574,4.7757133480361285,197.8055069032134,9.473725907600098,11.49902366656781,0.0,0.0,20.046582306815168,0.0,9.444189728904176,16.835593968657875,0.0,0.0,24.26546827384644,60.6636706846161,10.772448428929591,35.38533458295774,26.309319876257973,42.19380328511188,0.0,0.0,0.0,9.79096695103555,23.663784811459244,84.92913895846256,0.0,11.49902366656781,18.917915636504276,11.374772549367124,11.49902366656781,0.0,31.055189051212945,20.046582306815168,0.0,0.0,94.72010590949812,0.0,10.772448428929591,0.0,110.8,20.046582306815168,16.835593968657875,0.0,9.79096695103555,33.646244644864524,0.0,50.61779749332472,48.53093654769288,0.0,9.444189728904176,9.473725907600098,67.02187332337363,0.0,0.1419743859435427,1.0731807293369346,0.6366916471975999,1.0794378072698372,21.983712458493756,0.0,0.0,-4.770203684948625,0.0833333333333333,34,2,8,0,0,0,0,4,0,4,0,0,6,2,10,0,8,0,0,0,0,0,6.358330051119244,4,4.458600000000003,131.55299999999997,0,0,0,0,0,0,0,0,0,0,0,0,0,0,0,0,2,0,0,0,0,0,0,0,0,0,0,0,0,2,0,0,0,0,4,0,1,0,0,0,0,2,0,0,0,0,0,0,0,0,0,0,0,0,0,2,0,0,0,0,0,0,0,0,0,0,0,0,0,0,0,0,0,0,0,0,2,0,0,0,0,0,0,0,0,CHEMBL2402207,COc1ccc(S(=O)(=O)Nc2ccc(NS(=O)(=O)c3ccc(OC)cc3)c3ccccc23)cc1,910.0,2.9590413923210934,CHEMBL4106129,Keap1-p62,2,Large-Polar-Aromatic-Flexible-Hydrophobic,Large-Polar-Aromatic-Flexible-Hydrophobic
15.105542164685431,15.105542164685431,0.0600286156631553,-4.308626693383591,0.0965938500489485,14.084745762711863,841.4749999999996,788.0509999999997,840.343582096,312,0,0.2754385161714284,-0.3779718788082926,0.3779718788082926,0.2754385161714284,0.8813559322033898,1.5593220338983051,2.2542372881355934,35.495694312493356,9.92932557076381,2.338627207549331,-2.3708023449363496,2.309263333962128,-2.4695427567432215,7.897124281967881,0.0339936682441956,3.530659832474818,1.4130721063338945,2424.866447175423,42.26864498782619,34.41019911465247,35.98262464159864,28.32093798589074,20.174442905043342,22.03557062564696,15.27252115418948,17.332887868608218,10.681173837915146,12.462338522390676,7.220042587976252,8.427812855394684,-5.079999999999997,9118501289608.191,43.49747810901731,19.324161855123123,10.037348704559694,351.676111703941,19.43659214635148,0.0,5.693927994848461,0.0,27.744830341462094,0.0,14.383611552215466,17.82169478392621,5.098681808301038,0.0,92.88736115162028,92.51273278845466,31.7424771153473,46.11848730866191,27.53827149034445,50.11821866062421,0.0,29.202308800449742,0.0,70.35740042428021,46.943377112117936,123.5934342286888,0.0,5.687386274683562,4.722094864452088,0.0,0.0,11.600939890232516,103.604768049647,27.72573213604622,6.923737199690624,87.55603439978566,89.82462243398034,5.022633313741326,16.459834703613154,0.0,134.15,21.837650612110593,18.00687135247258,4.794537184071822,57.52699297111006,43.74212501448991,42.196413689562824,28.947271208991623,40.98902493523802,55.39345610697451,18.569569263833337,21.436484652333604,36.957328890693,6.895962240853443,48.42864403725669,6.448897078121543,2.88238917930024,-1.6405963899510303,23.9130635987407,4.01239261754416,8.679968840561358,-0.3836056486756585,0.3777777777777777,59,1,12,0,1,1,3,4,1,5,1,0,9,1,14,2,17,0,0,0,0,0,14.246649275734327,6,7.293720000000008,230.81099999999927,0,0,0,0,0,2,0,0,0,0,3,3,0,0,0,5,1,0,0,1,0,0,0,0,0,0,0,3,0,0,0,0,0,0,4,0,2,0,0,0,0,1,0,0,1,0,0,0,0,0,0,0,0,0,0,0,0,0,0,0,0,0,0,0,0,0,0,0,0,0,0,0,0,0,0,0,1,0,0,0,0,0,0,2,0,CHEMBL2031026,CCCCN(CCCC)C(=O)c1nn(-c2ccc(C(=O)NS(=O)(=O)c3ccc4ccccc4c3)cc2C(=O)N2Cc3ccccc3C[C@H]2COCCN(C)C)c(C)c1Cl,9.01,0.9547247909790628,CHEMBL4625,Apoptosis regulator Bcl-X,2,Large-Polar-Aromatic-Flexible-Hydrophobic,Large-Polar-Aromatic-Flexible-Hydrophobic
13.013540112466307,13.013540112466307,0.0789934996611136,-3.8924288238079474,0.2924383418084805,11.72222222222222,526.6360000000003,500.4280000000004,526.1232285519999,188,0,0.2614137485739059,-0.4938886575499962,0.4938886575499962,0.2614137485739059,0.5555555555555556,0.9166666666666666,1.25,32.234698578211855,10.079042579703144,2.191988357868216,-2.1523787634402676,2.327707616015728,-2.1474552744530877,7.926760889832721,0.3395510750587734,2.863939678019631,1.636482800893984,1447.5863324341558,25.760937777247943,19.763103654738764,21.396096816594216,17.230643260171075,11.263743651425402,14.230070146614189,7.726099550490658,11.090904033309684,5.30279149881763,8.065611316672689,3.647814333118205,5.807318017421918,-3.7599999999999985,100739192.73192763,25.3364220052283,10.46810963183235,5.552115435625455,210.53539113200665,9.473725907600098,11.49902366656781,0.0,0.0,20.046582306815168,0.0,9.444189728904176,16.835593968657875,0.0,0.0,24.26546827384644,74.51114508399736,10.772448428929591,34.37950342942851,26.309319876257973,42.19380328511188,0.0,0.0,0.0,23.6384413504168,22.657953657930012,84.92913895846256,0.0,11.49902366656781,18.917915636504276,11.374772549367124,11.49902366656781,0.0,30.049357897683713,20.046582306815168,0.0,13.847474399381248,94.72010590949812,0.0,10.772448428929591,0.0,110.8,20.046582306815168,16.835593968657875,0.0,9.79096695103555,46.86000857389036,0.0,36.39820241076966,48.53093654769288,13.847474399381248,9.444189728904176,9.473725907600098,68.01964408853725,0.0,0.1579869993222276,1.0813059206439442,0.6453703308121812,1.1501219493990391,22.249780347990704,0.0,4.647314677577228,-7.784857647615895,0.1538461538461538,36,2,8,0,0,0,0,4,0,4,0,0,6,2,10,0,10,0,0,0,0,0,7.367345645252763,4,5.238800000000004,140.78699999999984,0,0,0,0,0,0,0,0,0,0,0,0,0,0,0,0,2,0,0,0,0,0,0,0,0,0,0,0,0,2,0,0,0,0,4,0,1,0,0,0,0,2,0,0,0,0,0,0,0,0,0,0,0,0,0,0,0,0,0,0,0,0,0,0,0,0,0,0,0,0,0,0,0,0,0,0,2,0,0,0,0,0,0,0,0,CHEMBL3939457,CCOc1ccc(S(=O)(=O)Nc2ccc(NS(=O)(=O)c3ccc(OCC)cc3)c3ccccc23)cc1,1400.0,3.146128035678238,CHEMBL4106129,Keap1-p62,2,Large-Polar-Aromatic-Flexible-Hydrophobic,Large-Polar-Aromatic-Flexible-Hydrophobic
13.353309192324025,13.353309192324025,0.0407109750402041,-4.452002397509425,0.0916273092351426,10.951219512195122,594.6460000000003,571.4620000000003,594.1043046759999,210,0,0.2931900974294739,-0.3786507545624054,0.3786507545624054,0.2931900974294739,0.8536585365853658,1.5853658536585369,2.268292682926829,32.2332991083885,10.148163869109284,2.235939645817394,-2.1069294242427894,2.279363173554214,-2.302357562536975,7.989306102949163,-0.3836776729214755,2.956001448737383,1.386785102302886,1683.8387474876977,29.40720214718992,21.242982261627205,22.875975423482657,19.61903072328295,12.065371874933168,14.534133682181048,8.50080086431736,11.35153105157658,5.624467100673621,7.966874730219634,3.628256930268144,5.411417621667848,-4.749999999999999,1080465589.0565774,29.237950829648263,13.068785185185185,7.896774990185028,238.73748198939344,10.633577208012662,11.504607115729456,0.0,0.0,27.525036886794155,0.0,19.703392636909214,17.530306896455848,0.0,11.761884949391115,24.26546827384644,66.73003775307771,40.0737498147163,9.818794524335445,27.320597448965067,50.6616943855524,0.0,4.722094864452088,0.0,9.79096695103555,22.931187220672022,124.12031518859126,0.0,0.0,15.355672072464747,21.452573871725505,0.0,11.761884949391115,37.45307750450899,10.023291153407584,15.931539109811467,20.715977351537635,106.85284004642136,0.0,0.0,0.0,147.51000000000002,43.1610522521755,32.51160466891297,0.0,16.814289258077554,17.984996287342927,17.028217612440994,54.59730361615449,11.761884949391115,35.053930206760135,10.633577208012662,0.0,40.94882120030249,1.559070594315849,36.434975720342976,17.140364017213745,0.0352989941102772,-1.500478677311905,23.359824367888415,0.0,0.3907928473142521,-4.452002397509425,0.0714285714285714,41,3,10,0,0,0,2,4,0,4,0,0,8,3,13,0,11,0,0,0,0,0,9.3196219182361,4,5.309100000000004,154.19929999999977,0,0,0,0,0,0,0,0,0,0,2,2,0,0,0,1,3,0,0,0,0,0,0,0,0,0,0,2,0,2,0,0,0,0,4,0,0,0,0,0,0,0,0,0,1,0,0,0,0,0,0,0,0,0,0,0,0,0,1,1,0,0,0,0,0,0,0,0,0,0,0,0,0,0,0,1,1,0,0,0,0,0,0,0,0,CHEMBL1940670,O=C(Nc1ccc(C(=O)NS(=O)(=O)c2ccc(NCCSc3ccccc3)c([N+](=O)[O-])c2)cc1)c1cccc(F)c1,39400.0,4.595496221825574,CHEMBL614628,Raji,2,Large-Polar-Aromatic-Flexible-Hydrophobic,Large-Polar-Aromatic-Flexible-Hydrophobic
13.739954225729823,13.739954225729823,0.0900581605046013,-4.264345672103973,0.0551844800956553,14.10344827586207,837.472,792.1119999999997,836.2693716000002,300,0,0.2931983101060537,-0.3758658713438712,0.3758658713438712,0.2931983101060537,0.896551724137931,1.637931034482759,2.3793103448275863,35.49569406534886,9.989705795061392,2.2515914886524073,-2.3613597318591446,2.3269781188485648,-2.4554791242656884,7.989634639662481,-0.3836930430006676,3.225180860417462,1.022423022386471,2467.652965668384,40.64947835537968,32.29194569126667,34.68086779914057,28.0180102088493,18.98532419569333,21.832050475950425,14.449796689601891,17.662047700202585,10.110095377495394,12.873220385230075,6.980371325795287,9.148609518674949,-5.249999999999999,8534236394562.377,40.92865097329109,18.556797713211683,10.240820335390245,348.0086257872026,15.116608065707286,12.014706349448105,5.817862777835028,0.0,15.710677428091143,0.0,19.73632286406814,18.385754026223353,0.0,11.761884949391115,66.19824350638702,98.34858008543848,71.5765708123267,15.335495241951708,13.341108033146607,67.16906252699799,0.0,19.76777650359537,0.0,28.798385809022097,67.51077280097293,142.2886974497391,0.0,11.126902983393991,14.938793199308895,22.880021601885712,0.0,23.36282483962363,91.72270496755398,16.56804755932016,10.114318268765572,11.984273114623004,131.37926132657074,5.022633313741326,22.02982791547505,0.0,136.84,14.946602202225254,18.53211525309451,0.0,28.129959631867887,21.678411852569173,67.9020483687614,29.58695719508175,11.761884949391115,74.75901464997048,71.10477211367393,11.600939890232516,30.0445207595896,7.7953854122047215,28.114943253690335,16.86151840583458,5.075945812597662,0.752929423704572,35.86578535933976,2.043636826312017,4.950679475389086,-0.3109002842178854,0.2558139534883721,58,2,12,0,1,1,0,5,1,6,1,0,11,2,15,2,16,0,1,1,0,0,13.094908565275984,7,8.505900000000006,235.56859999999944,0,0,0,0,0,2,0,0,0,0,0,0,0,0,0,6,2,0,0,0,0,0,0,0,0,0,0,0,0,3,0,0,0,0,5,0,1,0,0,0,0,0,0,0,1,0,0,0,0,0,0,0,0,0,0,0,0,0,1,1,0,0,0,0,0,0,0,0,0,0,1,0,0,0,0,1,1,0,0,0,0,0,0,0,0,CHEMBL1689139,CN(C)CC[C@H](CSc1ccccc1)Nc1ccc(S(=O)(=O)Nc2ncnc3cc(N4CCN(Cc5ccccc5-c5ccc(Cl)cc5)CC4)ccc23)cc1[N+](=O)[O-],3.0,0.4771212547196624,CHEMBL4625,Apoptosis regulator Bcl-X,2,Large-Polar-Aromatic-Flexible-Hydrophobic,Large-Polar-Aromatic-Flexible-Hydrophobic
14.023759858932896,14.023759858932896,0.0207486807407897,-4.336238347928062,0.2278642256473542,12.0,590.6540000000003,560.4140000000003,590.17228692,218,0,0.3491821178335071,-0.4798953607126784,0.4798953607126784,0.3491821178335071,0.8809523809523809,1.4761904761904765,2.0238095238095237,32.233429564954704,10.061890909771073,2.318508192515349,-2.2673177708449974,2.385991166721877,-2.363282593705956,7.925893362438396,-0.1450261343496136,2.8939714189583454,1.819866688662191,1776.9520236132018,30.766855755642595,23.4120391003986,24.228535681326328,19.78863858691246,12.904283939910997,14.344347268711635,9.900992414455668,11.70014646015806,6.564285326001346,8.630215436128154,5.014600006789804,6.865159477413924,-4.8999999999999995,1042043633.1922938,30.06765567378313,11.913490267089182,6.205462650576766,242.76878587318637,20.26670634748779,12.29426823919648,0.0,12.011146117099807,10.023291153407584,11.938610575903695,13.894290359439877,13.212334168400758,0.0,0.0,54.09438803938988,56.163582856312296,28.947023395000773,10.582869750201336,37.75132628002586,50.0163024369595,0.0,0.0,0.0,38.694398662028576,16.16676100121514,95.05021078832732,0.0,5.749511833283905,14.358867549102612,11.374772549367124,5.749511833283905,0.0,43.021398485178125,24.406902705623047,20.771211599071872,35.28150955422691,77.6918882970571,0.0,10.772448428929591,0.0,150.30999999999997,34.61062452297216,33.014463326225815,0.0,22.23956131283675,33.15018917870414,9.868667482993228,31.18920547353706,62.37841094707412,6.923737199690624,5.316788604006331,4.736862953800049,34.858800110777715,0.0,35.50383573549905,23.049933022253693,2.7507036042053112,-2.7315313061494684,19.05495056281761,-1.4283823627775,5.694595647968324,-4.336238347928062,0.1935483870967742,42,3,10,0,0,0,1,4,0,4,1,0,6,3,11,0,10,0,0,0,0,1,8.528826743423908,4,5.208060000000004,158.5190999999997,2,0,0,0,0,0,0,0,2,2,3,1,0,0,0,1,1,0,0,0,0,0,0,0,0,0,0,1,0,2,3,0,0,0,4,0,1,0,0,0,0,1,0,0,0,0,0,0,0,0,0,0,0,0,0,0,0,0,0,0,0,0,0,0,0,0,0,0,0,0,0,0,0,0,0,0,1,0,0,0,0,0,0,0,0,CHEMBL4741548,CC(=O)Nc1ccc(C(Oc2ccc(N(CC(=O)O)S(=O)(=O)c3c(C)cc(C)cc3C)c3ccccc23)C(=O)O)cc1,980.0,2.9912260756924947,CHEMBL3038498,Keap1/Nrf2,2,Large-Polar-Aromatic-Flexible-Hydrophobic,Large-Polar-Aromatic-Flexible-Hydrophobic
13.534516175397023,13.534516175397023,0.0955377889558402,-4.124504195090298,0.0553511744455111,13.71186440677966,851.4989999999999,804.1229999999997,850.2850216639999,306,0,0.2931983039215945,-0.3758658713439442,0.3758658713439442,0.2931983039215945,0.847457627118644,1.5423728813559323,2.2203389830508473,35.495694117142534,10.005602653785513,2.2451989797816294,-2.372336047605351,2.351305644710034,-2.460972970857185,7.989634839435999,-0.3836930510419012,3.632303853798797,0.9795944580508494,2475.661240983198,41.51972184338276,33.162189179269745,35.55111128714364,28.42869381137226,19.320583148620447,22.167309428877545,14.707482779060232,17.919733789660924,10.298055421206428,13.103533523803131,7.1426120861778974,9.340029518046736,-5.539999999999999,14958413426381.586,41.613641094777314,18.583922582912574,10.376173384964432,354.5519929565993,20.016517796557764,5.687386274683562,0.0,0.0,15.710677428091143,0.0,19.518216068362843,8.417796984328938,5.098681808301038,11.761884949391115,54.06550936946379,105.42077830742932,89.19493770738764,21.709566090796983,13.341108033146607,61.823047366449025,0.0,14.6803944742967,7.04767198267719,22.25362940310952,72.41068253182341,142.6611365233522,0.0,22.384282469939446,19.838702930159375,28.43693137341781,0.0,23.36282483962363,86.63532293825531,17.070963136084774,10.114318268765572,6.4208216229260096,137.31515189188087,5.022633313741326,22.384282469939446,0.0,128.88000000000002,14.946602202225254,18.53211525309451,0.0,22.31209685403286,16.462873195171678,83.86550921577485,12.13273413692322,23.894619086314336,98.75170020786756,54.10276274315733,11.600939890232516,31.566274363737858,7.8222545848849006,19.324489042688135,20.822465269914066,6.654075437423089,0.6767508807437624,37.446510075603456,2.6435672899090696,3.95415078198632,1.7839067175537906,0.25,59,2,12,0,1,1,0,5,1,6,1,0,11,2,15,2,16,0,1,1,0,0,13.107537025397471,7,8.967600000000004,241.6105999999994,0,0,0,0,0,2,0,0,0,0,0,0,0,0,0,6,2,0,0,0,0,0,0,0,0,0,0,0,0,4,1,0,0,0,5,0,0,0,0,0,0,0,0,0,1,0,0,0,0,0,0,0,0,0,0,0,0,0,1,1,0,0,0,0,0,0,0,0,0,0,1,0,0,0,0,1,1,0,0,0,0,0,0,0,0,CHEMBL2325774,CN(C)CC[C@H](CSc1ccccc1)Nc1ccc(S(=O)(=O)Nc2ccc(N3CCN(c4cccc(-c5cnn(C)c5-c5ccc(Cl)cc5)c4)CC3)cc2)cc1[N+](=O)[O-],15.0,1.1760912590556811,CHEMBL4625,Apoptosis regulator Bcl-X,2,Large-Polar-Aromatic-Flexible-Hydrophobic,Large-Polar-Aromatic-Flexible-Hydrophobic
14.298226456165096,14.298226456165096,0.0700182321870184,-4.320422498580468,0.1428607258714366,11.64,716.7660000000001,688.5419999999998,716.1696186160001,256,0,0.2642564262296849,-0.3263376798966005,0.3263376798966005,0.2642564262296849,0.6,0.98,1.3,32.23486382071115,10.064413569707009,2.317415332908394,-2.282024212334424,2.3928336203049736,-2.325490779995725,7.92762550256056,-0.1146023564510523,3.807555595833678,1.489222234878819,2201.5459604286584,35.46768007950498,26.34081241873843,27.973805580593883,23.928727252937133,14.704710191788944,17.58483684939022,10.7399487801403,14.464569332199424,7.289269542799447,10.837182057224622,5.138833039415701,8.015006841589054,-6.28,157025974657.11987,33.614610400640636,13.681987535362056,6.956572229760376,284.54201499254435,10.633577208012662,0.0,11.648808995999854,11.814359458703011,20.046582306815168,0.0,18.199506350736108,16.835593968657875,10.426770191309735,20.39472723320415,34.69223846515617,60.6636706846161,35.994695377677964,34.255252312227825,26.424668336801517,65.38293529318202,0.0,41.24826761582362,0.0,36.72795416224195,19.244009190605126,96.57794795446245,0.0,0.0,19.244009190605126,22.74954509873425,0.0,0.0,69.8982210431845,42.72516948678396,0.0,25.496283395381106,94.72010590949812,0.0,10.772448428929591,0.0,241.87999999999997,20.046582306815168,26.424668336801517,0.0,57.71842076693069,22.147220978296716,8.610431982592466,74.51114508399736,24.26546827384644,0.0,51.88184482383629,0.0,59.37970875318867,0.0,22.85601952249137,33.56471564803325,1.1949724740648973,-0.4927504381755436,20.960272200124347,0.0,2.011240170767284,-8.640844997160936,0.1333333333333333,50,4,18,0,0,0,2,4,2,6,0,0,12,4,20,2,12,0,0,0,0,0,9.19829361015234,6,2.5737999999999994,180.5323999999997,0,0,0,0,0,8,2,0,0,0,2,2,0,0,0,8,4,0,0,0,0,2,0,0,0,0,0,2,0,4,0,0,0,0,4,0,1,0,0,0,0,0,0,0,0,0,0,0,0,0,0,0,0,0,0,0,0,0,0,0,0,0,0,0,0,0,0,0,0,0,0,0,0,0,0,0,2,0,0,2,0,0,0,0,0,CHEMBL4544116,CC(=O)Nc1ccc(S(=O)(=O)N(Cc2nn[nH]n2)c2ccc(N(Cc3nn[nH]n3)S(=O)(=O)c3ccc(NC(C)=O)cc3)c3ccccc23)cc1,15.8,1.1986570869544226,CHEMBL3038498,Keap1/Nrf2,2,Large-Polar-Aromatic-Flexible-Hydrophilic,Other
13.484830801970606,13.484830801970606,0.0802144221886285,-4.560626101321845,0.2841707788286541,11.75,590.5820000000002,570.4220000000003,590.06291404,208,0,0.3238784087862207,-0.4798953607205572,0.4798953607205572,0.3238784087862207,0.575,0.9,1.2,32.23486230755163,10.064895676968616,2.3191626050370435,-2.2768483657365306,2.3804382884878224,-2.368582478767073,7.928318405824186,-0.135749237198577,2.9005249303464287,1.9481174540492576,1678.270707748039,29.24191172926026,20.307886982757054,21.940880144612507,18.817441467605484,11.341033878298292,14.221160535899577,8.36807661238993,12.092697164449042,5.776432728785383,9.324345243210562,4.014785858718878,6.8808988623932485,-4.559999999999999,452917756.8163759,28.44809835401685,10.900290662604224,5.576343122907684,226.97082615651556,10.213054789681411,24.72395449391694,0.0,0.0,20.046582306815168,11.938610575903695,18.199506350736108,25.61642406400751,0.0,0.0,24.26546827384644,60.6636706846161,10.772448428929591,21.165739500402676,45.41855322183257,54.13241386101558,0.0,0.0,0.0,9.79096695103555,21.69994479441762,96.56358064055436,0.0,0.0,8.610431982592466,20.155602644716765,0.0,0.0,52.07677214606812,29.63565667495881,11.634441682091788,0.0,94.72010590949812,0.0,10.772448428929591,0.0,149.36,66.50011432767135,45.41855322183257,0.0,22.147220978296716,8.610431982592466,60.6636706846161,24.26546827384644,0.0,0.0,0.0,0.0,81.9872054880698,0.0,22.64113048894101,19.200870795039123,-0.3045738061574998,-4.435817294689921,15.59638695403111,0.0,-2.063950422589942,-9.12125220264369,0.0769230769230769,40,2,10,0,0,0,0,4,0,4,0,0,6,2,14,0,10,0,0,0,0,0,7.752313521428411,4,3.677800000000002,141.08319999999983,2,0,0,0,0,0,0,0,2,2,2,0,0,0,0,2,0,0,0,0,0,0,0,0,0,0,0,0,0,2,0,0,0,0,4,0,1,0,0,0,0,0,0,0,2,0,0,0,0,0,0,0,0,0,0,0,0,0,0,0,0,0,0,0,0,0,0,0,0,0,0,0,0,0,0,0,2,0,0,0,0,0,0,0,0,CHEMBL3601209,O=C(O)CN(c1ccc(N(CC(=O)O)S(=O)(=O)c2ccc(F)cc2)c2ccccc12)S(=O)(=O)c1ccc(F)cc1,54.3,1.734799829588847,CHEMBL3038498,Keap1/Nrf2,2,Large-Polar-Aromatic-Flexible-Hydrophobic,Large-Polar-Aromatic-Flexible-Hydrophobic
13.76092717983917,13.76092717983917,0.1929077469443001,-4.507648689602376,0.2101040324719998,11.533333333333331,656.7100000000003,627.4780000000001,656.129850728,236,0,0.3238809352809755,-0.4866170296789498,0.4866170296789498,0.3238809352809755,0.6888888888888889,1.1555555555555554,1.6444444444444444,32.23486304685038,10.193408543816409,2.321333155508584,-2.275711227107564,2.3772574127673396,-2.368638765177955,7.928059543403088,-0.135754957818299,2.983545630464276,1.8914208020741676,1913.567560535345,32.94058234200953,24.12262785058786,25.755621012443314,21.177614812911624,13.31977151725962,16.199898174860902,10.004112386385534,13.728732938444653,6.583357915085048,10.145392591931644,4.256629825314028,7.087315314238972,-4.949999999999999,4500420327.845587,32.95325243720332,13.360901387864,7.771738679722977,259.38909200061494,14.94991774348146,31.26312745066787,0.0,0.0,20.046582306815168,11.938610575903695,18.199506350736108,21.226009016332696,0.0,0.0,47.52510539416365,67.94186243877112,6.06636706846161,21.165739500402672,45.765001127957795,43.359965432085986,0.0,0.0,0.0,30.245323314929717,21.69994479441762,113.50308134306108,0.0,5.749511833283905,13.347294936392515,15.765187597041944,5.749511833283905,0.0,52.07677214606812,36.242538639471725,19.664695240427143,16.690354475090988,100.78647297795976,0.0,0.0,0.0,158.59,50.89192653558991,41.028138174157746,0.0,33.52213329819949,14.17388347428946,29.32600418877882,48.53093654769288,38.112942673227685,0.0,0.0,4.736862953800049,75.42891547841268,0.0,23.333717249893816,19.299946982453847,1.5341428458992548,-3.7510750289923687,20.055540672054263,0.0,1.2259761748466191,-8.960497707901428,0.1612903225806451,45,2,11,0,0,0,0,4,0,4,0,0,7,2,14,0,13,0,0,0,0,0,9.78411458273028,4,4.5813400000000035,163.86719999999963,2,0,0,0,0,0,0,0,2,2,2,0,0,0,0,2,0,0,0,0,0,0,0,0,0,0,0,0,0,2,2,0,0,0,4,0,0,0,0,0,0,1,0,0,1,0,0,0,0,0,0,0,0,0,0,0,0,0,0,0,0,0,0,0,0,0,0,0,0,0,0,0,0,0,0,0,2,0,0,0,0,0,0,0,0,CHEMBL5181633,Cc1ccc(S(=O)(=O)N(CC(=O)O)c2ccc(N(CC(=O)O)S(=O)(=O)c3ccc(C)cc3)c(OCc3ccc(F)cc3)c2)cc1,450.0,2.6532125137753435,CHEMBL3038498,Keap1/Nrf2,2,Large-Polar-Aromatic-Flexible-Hydrophobic,Large-Polar-Aromatic-Flexible-Hydrophobic
13.772058423735563,13.772058423735563,0.0600356384136144,-4.336634936808704,0.2443697249764299,11.571428571428571,612.6860000000003,584.4620000000001,612.134855856,220,0,0.2643155262857714,-0.4967671120136989,0.4967671120136989,0.2643155262857714,0.5952380952380952,0.9285714285714286,1.2142857142857142,32.234862492927064,10.064482004759531,2.3144452392527755,-2.281007585415107,2.382502387734311,-2.394083526559621,7.928349364174328,-0.1169718787701422,2.978005134847741,1.9212937262690597,1707.6022917760945,30.656125291633355,22.62872796504566,24.26172112690111,19.89345107252705,12.317950950370328,15.198077607971609,8.956442242180323,12.681062794239445,6.309179290810585,9.85709180523576,4.3344229786429,7.234137126979333,-4.819999999999999,1358207152.458893,30.14578834765705,11.963032634530595,5.940214394389498,242.68804392810347,20.94106086192447,24.58853647839296,0.0,11.814359458703011,20.046582306815168,0.0,18.199506350736108,16.835593968657875,0.0,0.0,24.26546827384644,60.6636706846161,10.772448428929591,35.38533458295774,35.898394244401615,54.00816274381489,0.0,0.0,11.46733495432437,9.79096695103555,35.919539876972685,84.92913895846256,0.0,11.49902366656781,29.551492844516936,11.374772549367124,11.49902366656781,0.0,55.95906132174109,29.63565667495881,0.0,0.0,94.72010590949812,0.0,10.772448428929591,0.0,179.39999999999998,44.95045457734333,26.424668336801517,0.0,31.938187929332265,11.49902366656781,8.610431982592466,74.88326576717118,24.26546827384644,0.0,0.0,20.94106086192447,66.99737923664816,0.0,23.893665687478645,0.5421074111207602,11.03485226338845,-0.9805585340378282,20.213988168788195,0.0,-1.403074260104347,-5.798359973282026,0.1428571428571428,42,4,12,0,0,0,2,4,0,4,0,0,8,2,14,0,12,0,0,0,0,0,8.586548804682701,4,2.2182000000000004,157.3883999999997,0,0,0,0,0,0,0,0,0,0,2,2,0,0,0,2,0,2,0,0,0,0,0,0,0,0,0,2,0,2,0,0,0,0,4,0,1,0,0,0,0,2,0,0,0,0,0,0,0,0,0,0,0,0,0,2,0,0,0,0,0,0,0,0,0,0,0,0,0,0,0,2,0,0,0,0,2,0,0,0,0,0,0,0,0,CHEMBL3632711,COc1ccc(S(=O)(=O)N(CC(N)=O)c2ccc(N(CC(N)=O)S(=O)(=O)c3ccc(OC)cc3)c3ccccc23)cc1,44.0,1.6434526764861874,CHEMBL2069156,Kelch-like ECH-associated protein 1,2,Large-Polar-Aromatic-Flexible-Hydrophilic,Other
13.351261593514192,13.351261593514192,0.1307747659352054,-4.408264082770074,0.0666133188772585,16.163636363636364,785.0489999999999,732.6329999999998,784.344060764,292,0,0.2931983166921879,-0.3758658713437935,0.3758658713437935,0.2931983166921879,0.9090909090909092,1.6,2.290909090909091,32.233300235657026,9.817936717479371,2.2615538206719075,-2.365487099907485,2.350440758682433,-2.456534081906177,7.989598023698832,-0.3836942609187803,3.196811779429885,1.051099294479571,1998.5719605110323,38.78767103581389,31.73128541608525,33.364278577940695,26.551683713660516,19.153992573236316,21.622754380484192,14.771774623019368,17.54758985314806,10.543023338650356,13.046218271461353,7.455023156289141,9.441991995322365,-4.429999999999999,1663924008842.4033,40.23926115135924,18.942688583924472,11.090428377775366,329.23759060791946,15.116608065707286,5.687386274683562,0.0,0.0,21.61785715744265,0.0,19.80876518368787,13.139891848781026,0.0,11.761884949391115,61.72703434800931,105.47831081729326,66.73116477581756,9.818794524335445,18.13564521721843,44.75451465620089,0.0,14.52191432615304,0.0,66.82039996981355,62.78867793652084,123.86654583924236,0.0,0.0,14.938793199308895,17.062158824050687,0.0,11.761884949391115,87.66192765501108,16.56804755932016,10.114318268765572,65.92772744288027,106.85284004642136,0.0,0.0,0.0,128.13,20.85378193157676,23.32665243716633,0.0,27.875548345729857,18.09158127583419,55.91777525413839,55.363745234947274,23.894619086314336,61.45982317543612,44.104171204005816,0.0,28.806208358523605,1.6402734911292514,32.27870879500323,15.452325754067106,3.930657767239601,0.5129517837207538,29.279945174616103,7.262166070971221,5.232000576665437,-0.4785711052696317,0.4047619047619047,55,2,11,1,1,2,1,4,0,4,1,0,10,2,13,1,16,1,1,2,0,0,13.858905324316511,6,7.60790000000001,221.6960999999993,0,0,0,0,0,0,0,0,0,0,1,1,0,0,0,4,2,0,0,0,0,0,0,0,0,0,0,1,0,2,0,0,0,0,4,0,0,0,0,0,0,0,0,0,0,0,0,0,0,0,0,0,0,0,0,0,0,0,1,1,0,0,0,0,0,0,0,0,0,0,1,0,0,0,0,1,1,0,0,0,0,0,0,0,0,CHEMBL374097,CN(C)CC[C@H](CSc1ccccc1)Nc1ccc(S(=O)(=O)NC(=O)c2ccc(N3CCN(Cc4ccccc4C4CCCCC4)CC3)cc2)cc1[N+](=O)[O-],61.0,1.7853298350107671,CHEMBL4625,Apoptosis regulator Bcl-X,2,Large-Polar-Aromatic-Flexible-Hydrophobic,Large-Polar-Aromatic-Flexible-Hydrophobic
14.316336385532466,14.316336385532466,0.0226524215207404,-4.305796541214264,0.1565047091782542,11.56,718.7780000000001,688.5379999999999,718.1740353,258,0,0.264362857093414,-0.4967671120136991,0.4967671120136991,0.264362857093414,0.64,1.16,1.66,32.23486383602314,10.196836838666698,2.3181079506751665,-2.2811051722907103,2.3897747090096733,-2.3256360895404415,7.927336974456602,0.3068557357628226,3.873556539816934,1.4957286218263317,2221.9281494224747,35.14140666587192,26.610868028768092,28.243861190623544,24.183369652812782,14.783815854659734,17.663942512261006,10.496600142078162,14.221220694137283,7.397263809651685,10.959298486498277,4.8430205179753925,7.697396196434973,-6.079999999999999,230808906268.21063,33.80717341176109,14.581523556639995,7.320651191849289,286.4703696736937,14.210588861400147,23.855417464364635,11.648808995999854,0.0,20.046582306815168,0.0,8.610431982592466,27.03295758525995,0.0,10.197363616602075,30.33183534230805,87.08066255893259,6.06636706846161,48.47484739478288,31.046182830058022,31.42135485618229,0.0,41.24826761582362,0.0,29.48736172737362,22.830027065147533,114.27413358308266,0.0,17.248535499851716,22.821020843992613,11.374772549367124,17.248535499851716,0.0,72.30345666703656,39.742977083153235,0.0,17.21226048769685,106.85284004642136,0.0,0.0,0.0,211.37,20.046582306815168,16.835593968657875,0.0,58.2604551060245,11.49902366656781,14.17388347428946,80.9496328356328,0.0,30.33183534230805,41.24826761582362,14.210588861400147,75.88905018256102,0.0,-0.089329511661311,27.33486272302383,0.9958126553163994,1.268500658051976,25.310295847959043,0.0,-0.5919990132627846,-5.617193541988165,0.1612903225806451,50,2,17,0,0,0,0,4,2,6,0,0,13,2,19,2,15,0,0,0,0,0,9.859201909740154,6,3.1000000000000005,178.2969999999996,0,0,0,0,0,8,2,0,0,0,0,0,0,0,0,8,2,0,0,0,0,2,0,0,0,0,0,0,0,2,0,0,0,0,4,0,0,0,0,0,0,3,0,0,0,0,0,0,0,0,0,0,0,0,0,2,0,0,0,0,0,0,0,0,0,0,0,0,0,0,0,0,0,0,0,0,2,0,0,2,0,0,0,0,0,CHEMBL5179855,COc1ccc(S(=O)(=O)N(Cc2nnn[nH]2)c2ccc(N(Cc3nnn[nH]3)S(=O)(=O)c3ccc(OC)cc3)c(OCc3ccccc3)c2)cc1,37000.0,4.568201724066995,CHEMBL3038498,Keap1/Nrf2,2,Large-Polar-Aromatic-Flexible-Hydrophobic,Large-Polar-Aromatic-Flexible-Hydrophobic
14.771318869159115,14.771318869159115,0.0037711928907373,-4.274582012241611,0.1267688474422987,12.620689655172416,790.942,748.6059999999999,790.282506064,292,0,0.264523130162712,-0.4573818877740108,0.4573818877740108,0.264523130162712,0.7931034482758621,1.5,2.2586206896551726,32.23327443600769,9.91940218940429,2.2953151953483104,-2.29499925630564,2.360548768166459,-2.362789659190304,7.8971239726039935,0.0735132321698858,3.629901141268265,1.197925414660767,2746.9485583759056,40.2268286245693,31.967147784450233,32.78364436537795,28.21700971605912,19.335328126708283,20.818491374302667,14.300235436191263,15.982637677600776,10.488299567359904,11.816960046132811,7.488107440220985,8.497193550074194,-6.559999999999998,16108344035157.355,38.32045889452482,16.500704453030366,7.866167934717516,336.9506570569668,14.743300079491233,11.49902366656781,0.0,0.0,21.837650612110593,0.0,9.589074368143644,17.821694783926212,5.098681808301038,0.0,92.2073307126176,107.38893845741474,29.77986728691614,28.57760770441118,27.850261701113332,32.610099041040186,0.0,19.402489338748783,0.0,50.654145537337925,6.544756405912575,173.16810453110193,0.0,28.313312924645363,9.458957818252138,0.0,11.49902366656781,0.0,46.56383471808193,36.0165727696851,0.0,62.996116770171184,144.42192605013486,0.0,27.586737687007144,0.0,130.82999999999998,22.537352847272007,23.113398747313283,0.0,21.92956618826327,59.637234916952224,35.17263322154584,29.828919765543436,27.780813871380495,90.99550602692418,17.712199132604322,9.835544762101089,37.154785798912094,0.0,30.30167462085331,17.27831377431066,5.37993131200266,0.157233054242792,41.658697292387394,2.9263985792041276,2.5008809136619123,-4.274582012241611,0.1702127659574468,58,2,10,0,1,1,2,6,1,7,0,0,8,2,11,2,12,0,0,0,0,0,10.901975288328495,8,8.636900000000004,223.53729999999945,0,1,1,0,0,2,0,0,0,0,2,2,0,0,0,3,1,0,0,0,0,0,0,0,0,0,0,2,0,0,0,0,0,0,6,0,2,0,0,0,0,1,0,0,0,0,0,0,0,0,0,0,0,0,0,0,0,0,0,0,0,0,0,0,1,0,0,0,0,0,0,0,0,0,0,0,1,0,0,0,0,0,0,1,0,CHEMBL2030851,CCCCc1c(-c2ccc(C(=O)NS(=O)(=O)c3ccc4ccccc4c3)cc2C(=O)N2CCc3ccccc3C2)c(CO)nn1-c1ccc(Oc2ccccc2)cc1,30.0,1.4771212547196624,CHEMBL4625,Apoptosis regulator Bcl-X,2,Large-Polar-Aromatic-Flexible-Hydrophobic,Large-Polar-Aromatic-Flexible-Hydrophobic
14.219358503224456,14.219358503224456,0.1309193615456048,-5.987008493135929,0.0751274051356435,15.333333333333334,1021.65,969.2339999999996,1020.275108724,364,0,0.5014901630612615,-0.477575109080734,0.5014901630612615,0.477575109080734,0.782608695652174,1.434782608695652,2.072463768115942,35.49569509993078,9.960112756591183,2.4832093827981576,-2.3725614797916728,2.4108979788508376,-2.4609984575524444,7.98979524444887,-0.0435492365077932,3.9551790214033935,0.9610297343506228,3016.930145789654,49.08863594413509,37.91644243928175,41.121861128083374,32.89001867677744,22.432848369935066,26.76273789778656,17.141760846717393,22.263621888218353,12.687064397905026,17.018756290675835,8.93757070062514,12.163765646137946,-5.659999999999998,1550973147286688.5,49.75158566187597,20.74249668125656,11.202720135551653,409.607555546007,29.690144839189824,4.895483475517775,0.0,0.0,19.86054428982509,11.477635789216103,4.722094864452088,21.630131152729696,13.17124514302446,11.761884949391115,54.06550936946379,129.26538975368877,89.80380354799006,21.840249236746793,39.907903690594864,71.94221951613481,0.0,9.467009378641832,7.04767198267719,52.42282382543419,71.40485137829418,137.60735416951903,0.0,22.384282469939446,19.83870293015937,35.92079024175871,0.0,23.36282483962363,100.49475580863928,26.908216272502276,6.923737199690624,35.314381539395306,136.01379179578558,5.022633313741326,22.384282469939446,0.0,144.29,47.170987859224695,39.907903690594864,0.0,16.93822404106412,67.24383712798407,71.15497719772775,11.761884949391115,43.32193961046029,78.34480938354625,24.73861266100985,11.600939890232516,100.64226909995116,7.67419282936974,18.393087665679875,13.971202648328486,-0.3432141250749859,-0.6034844497607008,33.46439340072824,2.626675787876122,6.736525050655221,-8.700536796642032,0.3,69,3,12,0,2,2,0,5,1,6,1,0,11,3,19,3,17,0,2,2,0,0,14.956117398242226,8,10.498719999999992,269.2182999999997,0,0,0,0,1,1,0,0,1,1,1,0,0,0,0,4,2,0,0,0,1,0,0,0,0,3,0,0,0,4,0,0,0,0,5,0,0,0,0,0,0,0,0,0,4,0,0,0,0,0,0,0,0,0,0,0,0,0,0,0,0,0,0,0,0,0,0,0,0,0,1,0,0,0,0,1,1,1,0,0,0,0,0,0,0,CHEMBL2170849,Cc1c(C(=O)O)c(-c2cccc(N3CCN(c4ccc(NS(=O)(=O)c5ccc(N[C@H](CCN6CCCC6)CSc6ccccc6)c(S(=O)(=O)C(F)(F)F)c5)cc4)CC3)c2)c(-c2ccc(Cl)cc2)n1C,8.3,0.919078092376074,CHEMBL4860,Apoptosis regulator Bcl-2,2,Large-Polar-Aromatic-Flexible-Hydrophobic,Large-Polar-Aromatic-Flexible-Hydrophobic
14.911454204654872,14.911454204654872,0.014555468664867,-4.273944054707715,0.1446392480070037,14.245283018867925,727.8869999999998,686.559,727.2828404119999,270,0,0.2645231301682476,-0.3899656997365344,0.3899656997365344,0.2645231301682476,0.8867924528301887,1.6037735849056605,2.339622641509434,32.2332740312123,9.900420486634957,2.3301829815461073,-2.3658361105741945,2.3603592401561406,-2.478370771049342,7.897117751063545,0.0648241413170442,3.5668325493028137,1.3518333937544709,2426.1677988950205,37.11394444944695,29.40419895560712,30.220695536534844,25.716208378259683,17.77242862632042,19.25559187391481,13.2767649068769,14.959167148286411,9.899324926630548,11.227985405403452,7.128342276691616,8.137428386544823,-5.619999999999998,1061040954214.7382,35.76839114313754,15.15784766940006,7.10611832615425,308.4848504328053,15.740104602853368,0.0,0.0,0.0,21.837650612110593,0.0,9.589074368143644,17.821694783926212,5.098681808301038,0.0,92.2073307126176,83.12347018356829,35.8217081160641,28.57760770441118,23.113398747313283,32.610099041040186,0.0,19.402489338748783,5.733667477162185,56.69598636648589,6.544756405912575,148.90263625725552,0.0,16.814289258077554,10.455762341614273,0.0,0.0,0.0,52.605675547229886,36.0165727696851,0.0,62.996116770171184,120.15645777628842,0.0,27.586737687007144,0.0,147.62,22.537352847272007,23.113398747313283,0.0,34.5161634233238,41.59345484447184,40.73608471324283,24.26546827384644,27.780813871380495,72.79640482153933,11.645832064142713,10.832349285463224,31.055948741443633,0.0,30.384855149763013,17.08959581937163,11.636098157714557,-1.248635259432553,33.82486049230471,2.893237091864834,2.221317195011226,-4.273944054707715,0.2142857142857142,53,4,10,0,1,1,2,5,1,6,1,0,8,3,11,2,11,0,0,0,0,0,10.229657062777305,7,6.171900000000006,204.99669999999952,0,1,1,0,0,2,0,0,0,0,2,2,0,0,0,3,1,1,0,0,0,0,0,0,0,0,0,2,0,0,0,0,0,0,5,0,2,0,0,0,0,0,0,0,0,0,0,0,0,0,0,0,0,0,0,0,0,0,0,0,0,0,0,0,1,0,0,0,0,0,0,0,0,0,0,0,1,0,0,0,0,0,0,1,0,CHEMBL2030860,CCCCc1c(-c2ccc(C(=O)NS(=O)(=O)c3ccc4ccccc4c3)cc2C(=O)N2Cc3ccccc3C[C@H]2CN)c(CO)nn1-c1ccccc1,7.0,0.8450980400142568,CHEMBL4625,Apoptosis regulator Bcl-X,2,Large-Polar-Aromatic-Flexible-Hydrophobic,Large-Polar-Aromatic-Flexible-Hydrophobic
14.724359883896373,14.724359883896373,0.0680841614128862,-1.1476519578773745,0.0435485742323119,12.328358208955224,1004.082,928.4819999999996,1002.49018608,374,0,0.3172929678996095,-0.4812294212221436,0.4812294212221436,0.3172929678996095,0.6268656716417911,1.1791044776119404,1.7761194029850746,79.91873186878645,10.020890287131536,2.3453493723157046,-2.411216317240094,2.198994721474363,-2.5982445330424526,9.103010914685711,-0.1378633034014355,3.263782979054487,2.685352773281738,1838.1095316530009,49.72682862456929,39.48126692651791,41.067263465632614,31.873227909149634,23.275067886152307,24.06806615570966,17.326976255560144,18.242651784351832,11.186903759292456,11.715569272330692,7.4770792317837,7.741411988302817,-5.630000000000001,78076106126622.84,57.4972385217658,32.138576860963504,25.185582390073073,403.34676297586225,63.38094082974473,0.0,0.0,5.907179729351506,0.0,36.06306862525599,14.383611552215466,19.178148736287287,0.0,0.0,78.15989382272328,100.4334313784159,75.59032005514642,12.08368165829592,43.77481507818416,57.90019225255684,0.0,35.96688360857676,23.11890847764795,122.36741518455388,52.358051247300594,69.69401053861628,0.0,0.0,38.468156847511885,19.178148736287287,0.0,15.929943897949348,137.36660607158484,27.22525479806748,12.841643245852016,101.16686672665836,53.00365606352529,0.0,0.0,0.0,295.84999999999997,66.51659246497738,43.77481507818416,0.0,64.95182492717949,63.953170218468614,27.58389561384941,14.69972919255143,0.0,55.4546737473835,51.044572713355926,17.201002431486554,0.8836527359912821,3.4371344673888036,95.64239278302897,30.9937824341239,20.19352895817137,-2.562667723438712,10.370590767009414,3.4321124522747715,6.5261397921168705,0.0,0.5957446808510638,67,12,19,0,0,0,9,2,0,2,3,0,8,9,20,0,33,0,0,0,0,3,27.58028984365555,2,4.911920000000011,261.1385999999995,2,0,0,0,0,0,0,0,2,2,7,5,0,0,0,3,4,3,0,0,0,0,0,0,0,0,0,9,0,0,2,0,0,0,2,0,0,0,0,0,0,0,0,0,1,0,0,0,0,0,0,0,0,0,0,0,0,0,0,0,0,0,0,0,0,0,0,0,0,0,0,2,0,0,0,0,0,0,0,0,0,0,0,1,4,CHEMBL593925,Cc1ccc(CCCNC(=O)N(CCC(N)=O)CC(CCC(=O)O)N(CC(CCCCN)N(CC(CCC(=O)O)NC(N)=O)C(=O)NCCCC(C)C)C(=O)NCCc2ccc(Br)cc2)cc1,24000.0,4.380211241711606,CHEMBL5023,p53-binding protein Mdm-2,2,Large-Polar-Aromatic-Flexible-Hydrophobic,Large-Polar-Aromatic-Flexible-Hydrophobic
13.981678778555798,13.981678778555798,0.000522598244975,-0.9932127614472076,0.0556859510254381,18.17142857142857,992.6399999999998,930.1439999999994,991.406910624,370,0,0.2508590255988651,-0.3911853777197258,0.3911853777197258,0.2508590255988651,0.8714285714285714,1.5571428571428572,2.2285714285714286,35.49569431657892,9.85210159055207,2.442721591981614,-2.394736493127656,2.4127365786589245,-2.5776536508500145,7.129667019354813,-0.144309795884107,3.95389150019644,0.8272748014536344,2637.4859024418133,50.11357997051742,40.42112186238101,41.99354738932718,33.45945645466802,23.5145720009776,24.77218928524172,18.893461394583905,20.184666236593163,12.5334017720455,13.763012357003372,8.928054288352088,9.86569612455128,-6.169999999999999,1881846504021725.5,51.67433302546563,23.16402714417296,12.967090268530391,417.8479408755134,45.647227180167086,18.69056362280884,0.0,23.628718917406022,5.907179729351506,0.0,23.97268592035911,4.983978520947208,0.0,11.336785877934735,74.83672096853566,102.03148049788192,60.98152622430776,48.04806757260215,38.55293922279991,63.84839696429191,0.0,25.834254063816676,5.414990469396779,91.20015255424846,49.73373900473363,123.91296108422236,0.0,21.56750166879229,26.1670641468758,11.374772549367124,0.0,22.93772576816725,108.27284383846492,35.196631049799954,12.338727669087405,80.68098972746435,96.50604530054156,5.022633313741326,21.56750166879229,0.0,191.53,35.41699797414402,29.079213315199816,0.0,82.28783954506584,10.586084805438322,56.183926819327866,4.899909730850477,35.90379648816596,105.39126335115232,39.24123720512476,21.074665797832616,11.18077274108101,7.694987997176026,74.77664553613216,23.418749011686604,9.135601145166529,-1.6334958140109253,26.885363204254645,-0.0864053811127398,11.655559337404467,0.0,0.3962264150943396,70,5,15,0,2,2,5,4,1,5,5,0,11,5,17,3,18,0,1,1,0,0,17.099795040841702,7,7.30932000000001,272.54809999999964,0,1,1,0,0,1,0,0,0,0,5,5,0,1,0,3,4,0,0,0,1,0,0,0,0,0,0,5,0,2,1,0,0,0,4,0,1,0,0,0,0,2,0,0,1,0,0,0,0,0,0,0,0,0,0,0,0,0,0,0,0,0,0,0,0,0,0,0,0,0,0,0,0,0,0,0,0,0,0,0,1,0,0,0,0,CHEMBL4227834,CC(=O)N1c2ccc(-c3ccc(C(=O)NCCOCCOCC(=O)N[C@H](C(=O)N4C[C@H](O)C[C@H]4C(=O)NCc4ccc(-c5scnc5C)cc4)C(C)(C)C)cc3)cc2[C@H](Nc2ccc(Cl)cc2)C[C@@H]1C,1214.0,3.0842186867392387,CHEMBL3301400,Von Hippel-Lindau disease tumor suppressor/Elongin B/Elongin C,2,Large-Polar-Aromatic-Flexible-Hydrophobic,Large-Polar-Aromatic-Flexible-Hydrophobic
14.395954500916222,14.395954500916222,0.0239595811820947,-4.218732824454107,0.1784047370022713,13.68627450980392,731.3189999999998,687.9749999999999,730.270417156,268,0,0.2754385161714284,-0.3844866828590182,0.3844866828590182,0.2754385161714284,0.9411764705882352,1.6666666666666667,2.392156862745098,35.49569389568314,9.983358318545928,2.299227922509824,-2.29372320440543,2.297444961227614,-2.366613178566684,7.897041211971375,0.0731848817726878,3.7335662953835618,1.3697504449891602,2087.844138210341,36.28551732470076,29.167985882740517,30.740411409686697,24.51640753325043,17.507726486175834,19.368854206779456,13.06680959047961,15.127176304898349,9.555279913780051,11.33644459825559,6.577993516112767,7.801055735120555,-4.679999999999998,268315211683.85104,36.122271930618574,15.283143159773038,7.523793395125579,303.5702729593846,15.116608065707286,0.0,5.693927994848461,0.0,27.744830341462094,0.0,14.383611552215466,17.82169478392621,5.098681808301038,0.0,62.55552580931222,85.6955805772553,43.97461979594343,26.86288255048812,22.8014085365444,45.03315650637818,0.0,24.302399069599264,0.0,70.73638121805828,31.49581422765663,104.89141744653936,0.0,5.687386274683562,10.03888346845842,5.687386274683562,0.0,11.600939890232516,71.89866600118093,29.40969080517218,6.923737199690624,93.11948589148264,65.55915416013387,5.022633313741326,5.687386274683562,0.0,133.71,15.930470882759089,22.8014085365444,0.0,38.55330722620456,56.94673954494691,48.061027241478584,22.880904140530017,34.922657866776404,24.26546827384644,28.985039676140705,11.600939890232516,30.30598335248292,6.794540866198871,45.20059045994092,8.040626113385624,4.86588947506768,-1.5331998888956035,17.011393836305317,4.86962755641657,8.524392164662917,-4.218732824454107,0.3684210526315789,51,2,11,0,2,2,3,3,1,4,0,0,8,2,13,3,12,0,0,0,0,0,10.824742219056764,6,6.161720000000007,197.20469999999943,0,0,0,0,0,2,0,0,0,0,3,3,0,0,0,4,2,0,0,0,0,0,0,0,0,0,0,3,0,1,0,0,0,0,3,0,2,0,0,0,0,0,0,0,1,0,0,0,0,0,0,0,0,0,0,0,0,0,0,0,0,0,0,0,0,0,0,0,0,0,0,0,0,0,0,0,1,0,0,0,0,0,0,2,0,CHEMBL2031019,CCCCN(CCCC)C(=O)c1nn(-c2ccc(C(=O)NS(=O)(=O)c3ccc4c(c3)CCN4)cc2C(=O)N2CCc3ccccc3C2)c(C)c1Cl,23.0,1.3617278360175928,CHEMBL4625,Apoptosis regulator Bcl-X,2,Large-Polar-Aromatic-Flexible-Hydrophobic,Large-Polar-Aromatic-Flexible-Hydrophobic
13.64520636886403,13.64520636886403,0.1044853926036282,-4.504980815594143,0.2711503232644793,11.285714285714286,604.6220000000002,584.4620000000001,604.0722556,212,0,0.3238784087861014,-0.4798953607205573,0.4798953607205573,0.3238784087861014,0.5952380952380952,0.9285714285714286,1.2142857142857142,32.23486247404645,10.064890312822634,2.319205988097579,-2.277073440556154,2.3807778848312875,-2.3685452232821222,7.928331780880393,-0.1357492327424566,2.978005134847741,1.9361588533166747,1850.451019296927,30.656125291633355,21.446385227738514,23.07937838959397,19.89345107252705,11.910283000789027,14.790409658390308,8.732597898857547,12.457218450916663,6.115988636526391,9.663901150951569,4.204535566215786,7.07064856989016,-5.439999999999999,1358207152.458893,29.540451293858325,11.5807713476509,5.7105543537047065,240.15479894239377,10.213054789681411,13.08951281182515,0.0,0.0,20.046582306815168,11.938610575903695,18.199506350736108,16.835593968657875,10.523783109476971,0.0,24.26546827384644,60.6636706846161,10.772448428929591,44.43108510938121,36.637723126482925,54.13241386101558,10.523783109476971,0.0,0.0,9.79096695103555,21.69994479441762,96.05604194185656,0.0,12.138442625584547,8.610431982592466,11.374772549367124,0.0,0.0,52.07677214606812,29.63565667495881,22.66222573506152,11.126902983393991,94.72010590949812,0.0,10.772448428929591,0.0,196.93999999999997,45.074705694544015,36.637723126482925,0.0,43.065090912726255,8.610431982592466,24.26546827384644,60.6636706846161,0.0,12.138442625584547,0.0,10.523783109476971,55.857567378149575,0.0,23.04122399317007,37.54893459398009,0.1716443835105296,-2.951342380896851,21.82594980692642,0.0,-1.9840161436515416,-9.009961631188286,0.0714285714285714,42,2,12,0,0,0,0,4,0,4,0,0,8,2,14,0,10,0,0,0,0,0,8.145266950966462,4,3.1429600000000013,150.59719999999976,2,0,0,0,0,0,0,0,2,2,2,0,0,0,0,4,0,0,0,0,0,0,0,0,0,0,0,0,0,2,0,0,0,0,4,0,1,0,0,0,0,0,0,0,0,0,0,0,0,0,0,0,0,0,0,0,0,2,0,0,0,0,0,0,0,0,0,0,0,0,0,0,0,0,0,0,2,0,0,0,0,0,0,0,0,CHEMBL3601220,N#Cc1ccc(S(=O)(=O)N(CC(=O)O)c2ccc(N(CC(=O)O)S(=O)(=O)c3ccc(C#N)cc3)c3ccccc23)cc1,118.0,2.0718820073061255,CHEMBL3038498,Keap1/Nrf2,2,Large-Polar-Aromatic-Flexible-Hydrophobic,Large-Polar-Aromatic-Flexible-Hydrophobic
13.596816346188294,13.596816346188294,0.115977037866467,-4.8752771096541725,0.2092363338651839,12.565217391304348,690.5960000000002,670.4360000000001,690.0565269200001,244,0,0.4159108954877191,-0.4798953607205573,0.4798953607205573,0.4159108954877191,0.5434782608695652,0.8478260869565217,1.108695652173913,32.234863598450964,10.064887853752746,2.351473564507003,-2.2781620330888512,2.391401269737271,-2.3689533534090272,7.928336692365266,-0.1379964403185427,2.9711135229331536,1.9020610298937135,1868.5477625145152,34.24191172926026,22.819744874793965,24.452738036649414,21.240091198415858,12.596962824316748,15.477089481918034,9.504509239192837,13.229129791251951,6.512443417487204,10.060355931912383,4.433428840725026,7.2995418443994,-4.839999999999999,4536701624.387949,34.04118304977946,12.162061398977078,6.862001081665768,256.36285199701365,10.213054789681411,13.08951281182515,0.0,0.0,20.046582306815168,24.291207610790646,18.199506350736108,16.835593968657875,26.34249028604892,0.0,24.26546827384644,60.6636706846161,10.772448428929591,32.29264248379667,62.98021341253185,54.13241386101558,0.0,0.0,0.0,22.143563985922498,21.69994479441762,96.05604194185656,0.0,0.0,8.610431982592466,37.71726283541605,0.0,0.0,52.07677214606812,41.98825370984576,0.0,11.126902983393991,94.72010590949812,0.0,10.772448428929591,0.0,149.36,78.3451726638605,62.98021341253185,0.0,22.147220978296716,57.14136853028534,12.13273413692322,24.26546827384644,0.0,0.0,0.0,0.0,133.48482316737588,0.0,22.14753931865747,18.857439321209924,-3.05061930051584,-3.3314267850288757,11.684468844675324,-9.588078007962112,-2.4535923391034236,-9.750554219308343,0.1428571428571428,46,2,10,0,0,0,0,4,0,4,0,0,6,2,18,0,10,0,0,0,0,0,9.000238224896426,4,5.437200000000004,151.17119999999977,2,0,0,0,0,0,0,0,2,2,2,0,0,0,0,2,0,0,0,0,0,0,0,0,0,6,0,0,0,2,0,0,0,0,4,0,1,0,0,0,0,0,0,0,6,0,0,0,0,0,0,0,0,0,0,0,0,0,0,0,0,0,0,0,0,0,0,0,0,0,0,0,0,0,0,0,2,0,0,0,0,0,0,0,0,CHEMBL3601218,O=C(O)CN(c1ccc(N(CC(=O)O)S(=O)(=O)c2ccc(C(F)(F)F)cc2)c2ccccc12)S(=O)(=O)c1ccc(C(F)(F)F)cc1,122.0,2.0863598306747484,CHEMBL3038498,Keap1/Nrf2,2,Large-Polar-Aromatic-Flexible-Hydrophobic,Large-Polar-Aromatic-Flexible-Hydrophobic
14.14815548374975,14.14815548374975,0.0343098684349663,-4.007130528580798,0.1165846914161334,16.78688524590164,884.5689999999998,830.1369999999997,883.3316375080002,322,0,0.2614329012229436,-0.3679830724373574,0.3679830724373574,0.2614329012229436,0.7213114754098361,1.360655737704918,2.0327868852459017,35.49569428610051,9.954755797912076,2.3710922312303016,-2.3726170294924795,2.405147100681794,-2.461021042921971,7.929956386760154,0.0948989267181856,4.098663943112252,0.9537426079156964,2597.3473624857916,42.88996533138583,34.979113215404816,37.36803532327871,29.278863897111197,20.998270812350555,24.405718010875727,16.40032235764773,20.74725010366348,12.236285316718105,16.12729747347426,8.395974018641336,11.401698426879667,-4.8599999999999985,59850489327583.23,42.81508166486048,17.85570369572314,9.48288366265933,364.6203980990705,29.4835271751996,0.0,9.837253136417502,0.0,15.930470882759089,0.0,9.51663204852391,16.835593968657875,0.0,0.0,41.93277523254056,117.63557119353015,99.29265126022784,26.29828446756318,21.630131152729696,54.4308227334598,0.0,19.68370771349864,7.04767198267719,41.22710704948638,87.01715036795599,113.3418858956726,0.0,22.384282469939446,19.838702930159375,17.062158824050687,0.0,11.600939890232516,114.8548668792868,26.908216272502276,6.923737199690624,35.314381539395306,106.85284004642136,5.022633313741326,22.384282469939446,0.0,127.3,25.11048231980726,21.630131152729696,0.0,15.698146680387056,35.65987073188648,104.77661229029424,24.26546827384644,12.13273413692322,50.36961159313747,65.51876229617531,11.600939890232516,56.75961435993147,6.322679643287236,23.540592192407317,3.4771427718939405,7.791770800097289,-0.0758778389624241,29.0650418822553,2.0934644477665003,10.830986516901344,-3.360970331133532,0.3695652173913043,61,2,12,1,2,3,1,4,1,5,0,0,10,2,15,3,14,1,2,3,0,0,12.532678883867824,8,6.751720000000007,245.24549999999928,0,0,0,0,0,1,0,0,0,0,1,1,0,0,0,5,2,0,0,1,0,0,0,0,0,0,0,1,0,3,0,0,0,0,4,0,0,0,0,0,0,0,0,0,1,0,0,0,0,0,0,0,0,0,0,0,0,0,0,0,0,0,0,0,0,0,0,0,0,0,2,0,0,0,0,0,1,1,0,0,0,0,0,0,0,CHEMBL2170845,Cc1c(C(=O)NCCCN2CCN(C)CC2)c(-c2cccc(N3CCN(c4ccc(NS(=O)(=O)c5cccc(S(=O)(=O)C6CC6)c5)cc4)CC3)c2)c(-c2ccc(Cl)cc2)n1C,844.0,2.926342446625655,CHEMBL4860,Apoptosis regulator Bcl-2,2,Large-Polar-Aromatic-Flexible-Hydrophobic,Large-Polar-Aromatic-Flexible-Hydrophobic
13.357843391328664,13.357843391328664,0.0417060567148503,-0.6523412687100116,0.0806832907617176,11.16,672.7340000000005,636.4460000000003,672.2471661120001,254,0,0.2553378438017358,-0.5066387768713523,0.5066387768713523,0.2553378438017358,0.5,0.86,1.22,16.30938729452808,9.869351995475986,2.2749425317654595,-2.2005536448669805,2.5043808434221444,-2.2572807398820003,6.157006964455812,0.0943696088481604,3.089981978766315,1.403034445821045,2123.535958794365,35.68914100752345,27.411109047328424,27.411109047328424,23.972142005984733,16.044870921141253,16.044870921141253,12.245983024809297,12.245983024809297,8.922424472466421,8.922424472466421,6.455855523191077,6.455855523191077,-6.419999999999998,114775428375.38045,33.47985120442383,13.59737453178014,6.142501271627034,287.0737227968121,41.27274157705689,11.49902366656781,22.99804733313562,0.0,11.814359458703011,0.0,9.589074368143644,0.0,0.0,0.0,60.6636706846161,73.20839188586768,45.76131265307832,11.126902983393991,40.22823873718787,33.359256316562195,0.0,10.633577208012662,0.0,26.689117645233267,13.08951281182515,118.30984790864456,0.0,45.62397398309742,10.633577208012662,0.0,34.49707099970343,0.0,55.543036639572385,12.84164324585202,13.847474399381248,42.96978331832562,84.92913895846256,0.0,32.671799841253176,0.0,179.57999999999998,34.81240679183863,40.22823873718787,0.0,68.38723930304013,23.96854622924601,23.259637120317212,0.0,25.980208536304467,60.6636706846161,10.633577208012662,0.0,0.0,0.0,26.71568678265733,72.19468756784913,2.714836895276627,-4.605238919387504,24.444373490759283,1.0623486061820182,3.806638909996456,0.0,0.15,50,8,10,0,0,0,2,6,0,6,0,0,8,8,10,0,9,0,0,0,0,0,9.104761521896425,6,6.45544000000001,191.3111999999998,0,0,0,0,0,0,0,6,0,0,2,2,0,0,0,0,2,0,0,0,0,0,0,0,0,0,0,2,0,0,2,0,0,0,6,0,2,0,0,0,0,0,0,0,0,0,0,0,0,0,0,0,0,0,0,0,0,0,0,0,0,0,0,0,0,6,6,0,0,0,0,0,0,0,0,0,0,0,0,0,0,0,0,0,0,CHEMBL552287,Cc1cc2c(C(=O)NCCc3ccccc3)c(O)c(O)cc2c(O)c1-c1c(C)cc2c(C(=O)NCCc3ccccc3)c(O)c(O)cc2c1O,150.0,2.1760912590556813,CHEMBL4860,Apoptosis regulator Bcl-2,2,Large-Polar-Aromatic-Flexible-Hydrophobic,Large-Polar-Aromatic-Flexible-Hydrophobic
13.303123172526128,13.303123172526128,0.1409220840030696,-4.426866840367099,0.0690279255592567,14.903846153846152,766.386,722.0339999999999,765.242153808,276,0,0.2931983166921879,-0.3777517580730717,0.3777517580730717,0.2931983166921879,1.0192307692307692,1.7307692307692308,2.3653846153846154,35.495693768498526,9.84532428214163,2.3486107971208794,-2.417095933162593,2.3332931797203047,-2.4668120853105364,7.989597037879752,-0.3836942500209472,3.129572738489427,1.222456268654364,1939.2559731284937,37.30454337268845,29.45740040893602,31.846322516809927,24.858942788351527,16.95616933949979,19.802895619756896,13.155713210166992,16.36796422076767,9.199695954101356,11.93798798970009,6.204324151018097,8.404178040612575,-4.139999999999999,223258184476.8928,39.07619227892473,17.58614863802404,10.475903498003497,314.4406310900475,19.853471019507335,5.687386274683562,0.0,0.0,21.61785715744265,0.0,14.908855452837392,13.139891848781026,0.0,11.761884949391115,41.93277523254056,106.12968741635812,65.6501480360247,15.419845335319136,22.872508171018477,56.35545454643341,0.0,9.622004595302563,0.0,47.11714508287125,56.80896266597323,123.3257276612867,0.0,0.0,14.938793199308895,17.062158824050687,0.0,23.36282483962363,82.38335346459665,21.180975730133643,10.114318268765572,35.18390503624384,106.85284004642136,5.022633313741326,0.0,0.0,134.12,26.54116820626032,23.32665243716633,0.0,27.789212882029982,17.196308543414126,61.1094223968757,12.13273413692322,43.13715076451509,73.59255731235935,14.938793199308895,16.337802844032566,34.6828207242865,7.825085896195272,29.54915313805227,16.09435446419013,1.6540949006436323,-0.1979606788526289,27.858339889785267,3.0360203288494585,2.2203387123300913,1.2221970689644537,0.3421052631578947,52,2,11,0,1,1,1,4,0,4,1,0,10,2,14,1,16,0,1,1,0,0,13.215379338945723,5,7.1195000000000075,208.2810999999994,0,0,0,0,0,0,0,0,0,0,1,1,0,0,0,3,2,0,0,0,0,0,0,0,0,0,0,1,0,2,0,0,0,0,4,0,0,0,0,0,0,1,0,0,1,0,0,0,0,0,0,0,0,0,0,1,0,0,1,1,0,0,0,0,0,0,0,0,0,1,0,0,0,0,0,1,1,0,0,0,0,0,0,0,0,CHEMBL375628,COC1(Cc2cccc(Cl)c2)CCN(c2ccc(C(=O)NS(=O)(=O)c3ccc(N[C@H](CCN(C)C)CSc4ccccc4)c([N+](=O)[O-])c3)cc2)CC1,170.0,2.230448921378274,CHEMBL4625,Apoptosis regulator Bcl-X,2,Large-Polar-Aromatic-Flexible-Hydrophobic,Large-Polar-Aromatic-Flexible-Hydrophobic
13.983895216773345,13.983895216773345,0.0799615364460237,-4.541220208878366,0.2516925627143397,14.0,670.6740000000001,644.4660000000001,670.0927162720001,240,0,0.3238784088620381,-0.4861461402446082,0.4861461402446082,0.3238784088620381,0.5652173913043478,0.9347826086956522,1.3043478260869563,32.23486331950959,10.064892527438529,2.333385862415636,-2.283236002219285,2.4058571332675824,-2.369502620909113,7.928403582650616,-0.1357492544557215,3.0477863453548553,1.4882376921135776,1935.0604041664117,32.639252954758796,23.858677784960985,25.49167094681644,21.962400757748348,13.767599857929378,16.647726515530657,10.071165897074623,13.79578644913374,7.17643832407005,10.687887571914835,5.169926596915247,8.067954011120925,-5.219999999999999,17338676169.014572,30.791099869625494,11.941510687714128,5.672750310622967,262.5420424192186,29.160506604881608,39.51704066987682,22.99804733313562,0.0,20.046582306815168,11.938610575903695,18.199506350736108,16.835593968657875,0.0,0.0,24.26546827384644,36.39820241076966,22.90518256585281,21.165739500402676,55.58517494168312,54.13241386101558,0.0,0.0,0.0,9.79096695103555,48.12747265246929,72.79640482153933,0.0,22.99804733313562,27.557883797792663,11.374772549367124,22.99804733313562,0.0,78.5043000041198,29.63565667495881,0.0,0.0,82.58737177257488,0.0,10.772448428929591,0.0,186.27999999999997,45.074705694544015,36.637723126482925,0.0,69.86473945395174,20.109455649160275,0.0,60.6636706846161,12.13273413692322,0.0,0.0,18.947451815200196,79.28663963498894,0.0,23.459926603646583,19.80811802683076,-0.1599230728920475,-1.885250743693256,16.39880895055201,0.0,-0.9925456483429282,-9.082440417756732,0.2,46,2,14,0,2,2,0,4,0,4,0,0,10,2,16,2,10,0,0,0,0,0,7.993309743034911,6,2.942000000000001,163.14719999999969,2,0,0,0,0,0,0,0,2,2,2,0,0,0,0,2,0,0,0,0,0,0,0,0,0,0,0,0,0,2,0,0,0,0,4,0,3,0,0,0,0,4,0,0,0,0,0,0,0,0,0,0,0,0,0,0,0,0,0,0,0,0,0,0,0,0,0,0,0,0,0,0,0,0,0,0,2,0,0,0,0,0,0,0,0,CHEMBL4853900,O=C(O)CN(c1ccc(N(CC(=O)O)S(=O)(=O)c2ccc3c(c2)OCCO3)c2ccccc12)S(=O)(=O)c1ccc2c(c1)OCCO2,31.3,1.4955443375464486,CHEMBL3038498,Keap1/Nrf2,2,Large-Polar-Aromatic-Flexible-Hydrophilic,Other
13.817198719446749,13.817198719446749,0.1825906340348151,-4.54296621777788,0.1879635173723698,11.347826086956522,671.7060000000001,642.4739999999999,671.1243507479999,242,0,0.3238809352812304,-0.4967671120136989,0.4967671120136989,0.3238809352812304,0.7391304347826086,1.2608695652173914,1.7391304347826086,32.234863225193195,10.21091113725354,2.3227977817486036,-2.2755018425175275,2.3793440727333595,-2.3685479603575588,7.92806572593047,-0.135754960010294,3.0505150062179607,1.8797705942864351,1902.19226557797,33.48455241637954,24.508373554006315,26.141366715861768,21.85977756771584,13.294581662451291,16.174708320052574,9.46387203396195,13.188492586021068,6.469796136503566,10.031830813350163,4.234418207397248,7.065103696322193,-5.349999999999999,9470999245.230156,33.541187712316415,14.171151132668076,7.645845790090112,264.67029503764894,24.42364365108156,36.94493027618978,0.0,0.0,20.046582306815168,11.938610575903695,23.183484871683316,16.835593968657875,0.0,0.0,6.06636706846161,66.73003775307771,24.023505703384757,35.38533458295774,50.848311987883065,43.359965432085986,0.0,4.983978520947208,0.0,16.39784891554847,35.919539876972685,96.8199105249241,0.0,17.248535499851716,22.821020843992613,11.374772549367124,17.248535499851716,0.0,71.28034574957039,36.242538639471725,0.0,5.563451491696996,101.04742598426266,0.0,0.0,0.0,189.94,45.074705694544015,36.637723126482925,0.0,33.52213329819949,25.67290714085727,18.19910120538483,75.14421877347411,12.13273413692322,0.0,4.983978520947208,14.210588861400147,72.35654074735136,0.0,27.312499235551655,19.356521644102187,0.1093977920544935,-2.482882978476513,17.28726795467057,3.010803236852752,-2.2116676376378472,-6.238479994468653,0.1666666666666666,46,2,14,0,0,0,0,3,1,4,0,0,10,2,16,1,15,0,0,0,0,0,10.332983483487508,4,3.237600000000002,165.33419999999964,2,0,0,0,0,1,0,0,2,2,2,0,0,0,0,3,0,0,0,0,0,0,0,0,0,0,0,0,0,2,0,0,0,0,3,0,0,0,0,0,0,3,0,0,0,0,0,0,0,0,0,0,0,0,0,2,0,0,0,0,0,0,0,0,0,0,0,0,0,0,0,0,0,1,0,0,2,0,0,0,0,0,0,0,0,CHEMBL5169973,COc1ccc(S(=O)(=O)N(CC(=O)O)c2ccc(N(CC(=O)O)S(=O)(=O)c3ccc(OC)cc3)c(OCc3cccnc3)c2)cc1,760.0,2.8808135922807914,CHEMBL3038498,Keap1/Nrf2,2,Large-Polar-Aromatic-Flexible-Hydrophobic,Large-Polar-Aromatic-Flexible-Hydrophobic
13.782589051738173,13.782589051738173,0.0022210502626567,-1.8126756585853765,0.0392860611977739,15.75,1026.236,942.5719999999998,1025.589629576,410,0,0.3257062312508952,-0.4812292624504639,0.4812292624504639,0.3257062312508952,0.5416666666666666,1.0277777777777777,1.5,16.376977249174143,10.026555316272455,2.4008203745548307,-2.2965667631010143,2.20763898165038,-2.5978002960823505,5.975829603441922,-0.1459714207805467,3.801479170652137,2.905075818164906,1778.9084044533192,54.17442238176199,42.67759123246946,42.67759123246946,34.06647257645829,25.714752620786797,25.714752620786797,19.12709730268486,19.12709730268486,12.243926274178314,12.243926274178314,8.289458955816151,8.289458955816151,-5.870000000000001,579197355534482.9,64.14512172992589,36.107270836697445,27.657628188314156,422.0575599986507,62.33327832909199,36.25104497488776,0.0,41.35025810546054,0.0,23.87722115180739,47.94537184071822,4.794537184071822,0.0,0.0,110.66271432003605,51.36657298340808,25.807221274690605,19.069544416586886,78.27254599899358,65.22747925726793,0.0,36.80064135488846,5.917906046161393,224.14967911162287,13.08951281182515,0.0,0.0,0.0,31.900731624037984,0.0,0.0,0.0,151.10455013678316,52.73990902479004,5.917906046161393,181.79466774898685,0.0,0.0,0.0,0.0,364.34,146.23135514044665,73.16601860415287,0.0,38.14594894377801,6.4208216229260096,37.50693342224514,64.20821622926012,13.847474399381248,0.0,38.82446882372861,5.106527394840706,0.0,0.0,140.5772479206459,61.99395053375092,0.0,-12.168872041356652,-9.131973886739477,12.86505210516333,5.864595368535971,0.0,0.7755102040816326,72,11,23,0,1,1,7,0,0,0,7,0,12,11,23,1,40,0,1,1,0,0,32.168128932713344,1,2.494900000000008,261.7081999999993,4,1,1,0,0,0,0,0,4,4,11,7,0,0,0,1,6,0,0,0,1,0,0,0,0,0,0,7,0,0,0,0,0,0,0,0,0,0,0,0,0,0,0,0,0,0,0,0,0,0,0,0,0,0,0,0,0,0,0,0,0,0,0,0,0,0,0,0,0,0,0,0,0,0,0,0,0,0,0,0,0,0,0,14,0,CHEMBL3946369,CCCCCCCCCCCCCCCCCC(=O)N[C@@H](CC(=O)O)C(=O)N1CCC[C@H]1C(=O)N[C@@H](CCC(=O)O)C(=O)N[C@H](C(=O)NCC(=O)N[C@@H](CCC(=O)O)C(=O)N[C@@H](CC(C)C)C(=O)O)[C@@H](C)O,22.0,1.3424226808222062,CHEMBL3038498,Keap1/Nrf2,2,Large-Polar-Aliphatic-Flexible-Hydrophilic,Other
13.366619760992384,13.366619760992384,0.0084147959574101,-4.062020660542641,0.2298429200108675,11.675,582.7000000000003,552.4600000000003,582.1494432999999,210,0,0.2614232415122721,-0.4938886575499962,0.4938886575499962,0.2614232415122721,0.7,1.175,1.65,32.2346992547483,9.991529248442427,2.226375498805929,-2.1889969497902433,2.3658062887873297,-2.170381342625793,7.926824198465167,-0.1158934420462896,2.911764195025233,1.781004902983033,1734.2000917500402,28.9156383156272,22.30110845719955,23.934101619055003,19.03517371281139,12.59164124451055,15.557967739699336,8.902458856105142,12.267263338924163,5.936475555392472,8.683506315665742,4.206050050577953,6.398704644917673,-4.089999999999999,547538947.7012367,28.906309019866143,11.970114330166728,6.5449142398992555,233.7917395752402,9.473725907600098,17.28226861293275,0.0,0.0,20.046582306815168,0.0,14.238726912976,16.835593968657875,0.0,0.0,24.26546827384644,80.93196670692336,17.193270051855603,34.37950342942851,31.10385706032979,47.97704823147682,0.0,0.0,0.0,36.98300017303343,22.657953657930012,84.42622338169795,0.0,11.49902366656781,18.917915636504276,11.374772549367124,11.49902366656781,0.0,35.83260284404865,31.261941113813,0.0,26.334663090768867,88.65373884103651,0.0,10.772448428929591,0.0,127.87,20.046582306815168,21.630131152729696,0.0,33.369806069693624,41.048687516220234,0.0,37.255572541998674,48.53093654769288,13.847474399381248,9.444189728904176,9.473725907600098,69.32918051800401,0.0,12.227720446540152,0.8832059584368397,0.7347732911341529,0.8520938110238871,20.247661305317013,-0.1212830879319941,5.931252901312547,-8.084605143836605,0.2068965517241379,40,2,9,0,0,0,0,4,0,4,0,0,7,2,11,0,12,0,0,0,0,0,8.650295595773189,4,5.370300000000005,155.1719999999997,0,0,0,0,0,0,0,0,0,0,1,1,0,0,0,0,2,0,0,0,0,0,0,0,0,0,0,0,0,2,0,0,0,0,4,0,1,0,0,0,0,2,0,0,0,0,0,0,0,0,0,1,1,0,0,0,0,0,0,0,0,0,0,0,0,0,0,0,0,0,0,0,0,0,0,0,2,0,0,0,0,0,0,0,0,CHEMBL3948237,CCOc1ccc(S(=O)(=O)Nc2cc(CC(C)=O)c(NS(=O)(=O)c3ccc(OCC)cc3)c3ccccc23)cc1,1500.0,3.1760912590556813,CHEMBL4106129,Keap1-p62,2,Large-Polar-Aromatic-Flexible-Hydrophobic,Large-Polar-Aromatic-Flexible-Hydrophobic
13.614792536664485,13.614792536664485,0.0213255332997401,-4.579526093271289,0.2596674580995312,11.658536585365852,603.6060000000002,581.4300000000002,603.078149504,214,0,0.3239377481693432,-0.4967671120136114,0.4967671120136114,0.3239377481693432,0.7804878048780488,1.2682926829268293,1.804878048780488,32.2348624898817,10.11586922156801,2.327998523449945,-2.267951173909629,2.3642586957067633,-2.37449390276541,7.92823344330204,-0.1357543373688281,2.940359284281175,1.9338635155990385,1830.821345827131,29.94901851044681,21.20803412652202,22.841027288377475,19.355446270066267,11.624221297058472,14.504347954659757,8.452917070899213,12.177537622958326,5.864770709117709,9.38892362629671,3.9880834862346,6.795481841638331,-4.759999999999999,784679050.9683186,29.22819465876111,11.385011807572718,5.899539326553635,233.50342607843928,14.94991774348146,24.65624548615495,5.817862777835028,0.0,20.046582306815168,11.938610575903695,13.894290359439877,30.515203528576137,0.0,0.0,24.26546827384644,48.53093654769288,10.772448428929591,28.78499433860972,45.76500112795779,54.26289036416705,0.0,4.983978520947208,0.0,9.79096695103555,28.80974233569515,84.81046923419831,0.0,5.749511833283905,13.347294936392515,15.89566410019341,5.749511833283905,0.0,64.17054820829287,29.63565667495881,5.817220841045894,0.0,88.78421534418797,0.0,10.772448428929591,0.0,171.48,55.78741001110768,41.028138174157746,0.0,27.173180956965957,14.35994381587637,30.462311845459514,55.64073408897041,0.0,0.0,4.983978520947208,4.736862953800049,73.85049618137683,0.0,26.978158834631653,19.187223995410186,-0.2285227463600476,-3.691450365847375,14.74692572087828,0.9445158310237672,-2.0782345635693664,-7.709112887543912,0.1153846153846153,41,2,12,0,0,0,0,3,1,4,0,0,8,2,15,1,11,0,0,0,0,0,8.116179056195831,4,2.9423000000000004,145.47219999999982,2,0,0,0,0,1,0,0,2,2,2,0,0,0,0,3,0,0,0,0,0,0,0,0,0,0,0,0,0,2,0,0,0,0,3,0,1,0,0,0,0,1,0,0,1,0,0,0,0,0,0,0,0,0,0,1,0,0,0,0,0,0,0,0,0,0,0,0,0,0,0,0,0,1,0,0,2,0,0,0,0,0,0,0,0,CHEMBL4637137,COc1ccc(S(=O)(=O)N(CC(=O)O)c2ncc(N(CC(=O)O)S(=O)(=O)c3ccc(F)cc3)c3ccccc23)cc1,240.0,2.380211241711606,CHEMBL3038498,Keap1/Nrf2,2,Large-Polar-Aromatic-Flexible-Hydrophilic,Other
13.672196164782395,13.672196164782395,0.0635707123631008,-4.499134936808704,0.2391632268327213,11.571428571428571,615.6420000000003,590.4420000000001,615.0981359999998,220,0,0.3239377481693432,-0.4967671120136988,0.4967671120136988,0.3239377481693432,0.6904761904761905,1.119047619047619,1.5714285714285714,32.23486260656376,10.1158686966349,2.3282353960975906,-2.2683172829339213,2.365959399695654,-2.3744268121190597,7.928240724249909,-0.1357543361944223,2.978005134847741,1.9212937262690597,1707.8520985842567,30.656125291633355,22.238317943976657,23.87131110583211,19.89345107252705,12.047611496249656,14.927738153850935,8.674525586290668,12.399146138349783,6.110567575331437,9.63472049251044,4.129213552631658,6.936611908035392,-4.89,1358207152.458893,30.07742186362223,11.9196795494019,5.914086927457223,240.81637801941656,19.68678069728151,24.58853647839296,5.817862777835028,0.0,20.046582306815168,11.938610575903695,13.894290359439877,26.124788480901316,0.0,0.0,24.26546827384644,48.53093654769288,10.772448428929591,35.89479187988725,46.111449034083016,54.26289036416705,0.0,4.983978520947208,0.0,9.79096695103555,35.919539876972685,78.99324839315241,0.0,11.49902366656781,18.084157890192564,11.50524905251859,11.49902366656781,0.0,71.2803457495704,29.63565667495881,0.0,0.0,88.78421534418797,0.0,10.772448428929591,0.0,180.71,45.074705694544015,36.637723126482925,0.0,32.06866443248373,20.109455649160275,6.196843571613076,87.0159999040944,0.0,0.0,4.983978520947208,9.473725907600098,66.02036847244042,0.0,27.34949530442389,19.39537424793544,-0.1623254726974963,-2.4803700829686957,16.535212136167537,1.0000713865793232,-1.9900187045487912,-6.167807287331613,0.1481481481481481,42,2,13,0,0,0,0,3,1,4,0,0,9,2,15,1,12,0,0,0,0,0,8.536029292536941,4,2.8118000000000007,152.06619999999972,2,0,0,0,0,1,0,0,2,2,2,0,0,0,0,3,0,0,0,0,0,0,0,0,0,0,0,0,0,2,0,0,0,0,3,0,1,0,0,0,0,2,0,0,0,0,0,0,0,0,0,0,0,0,0,2,0,0,0,0,0,0,0,0,0,0,0,0,0,0,0,0,0,1,0,0,2,0,0,0,0,0,0,0,0,CHEMBL4174651,COc1ccc(S(=O)(=O)N(CC(=O)O)c2cnc(N(CC(=O)O)S(=O)(=O)c3ccc(OC)cc3)c3ccccc23)cc1,60.0,1.7781512503836436,CHEMBL3038498,Keap1/Nrf2,2,Large-Polar-Aromatic-Flexible-Hydrophilic,Other
13.619271363419568,13.619271363419568,0.1141067984335908,-4.167526133887607,0.0380694329228462,13.484848484848484,950.6279999999998,894.1799999999995,949.342202192,346,0,0.3376803416288356,-0.4775751078359747,0.4775751078359747,0.3376803416288356,0.8787878787878788,1.5606060606060606,2.196969696969697,35.49569449010441,9.959591494727189,2.2838532439137627,-2.3725714327099863,2.4131242057780513,-2.4609982317017125,7.989641610024561,-0.3836934715164823,3.60969985082016,1.0242109077659631,2743.219924998207,46.95887943213817,37.61440754410362,40.00332965197752,31.715586173807527,22.05116781671378,24.89789409697088,16.67138546227248,19.883636472873167,11.80949931131589,14.614977413912593,8.315039100261854,10.512456532130692,-5.999999999999998,326494465835230.75,47.94765840220386,21.536024305555557,11.5015869140625,396.1443578314708,29.690144839189824,5.687386274683562,0.0,0.0,15.710677428091143,5.969305287951848,14.83641313321766,13.212334168400758,0.0,11.761884949391115,67.41006819208042,124.32878862174294,88.82249863377449,21.0761740108809,23.242172612059136,67.79235265440087,0.0,9.467009378641832,0.0,55.487503454255375,72.41068253182341,147.7216724382846,0.0,22.384282469939446,19.83870293015937,28.43693137341781,0.0,23.36282483962363,92.49777052539298,16.56804755932016,17.038055468456196,42.238118739085934,131.1183083202678,5.022633313741326,22.384282469939446,0.0,153.29,20.9159074901771,28.43317983200704,0.0,22.31209685403286,66.007486202977,64.96467534627955,12.13273413692322,23.894619086314336,99.88185305504597,48.36218364541505,11.600939890232516,31.970712227860737,7.929938695778598,32.10451255943582,26.797318451062495,6.4883472632746555,-0.3050980142788454,36.55526584892396,2.602461312198381,8.269057098188997,-0.2180709980003425,0.3,66,3,13,0,1,1,0,5,1,6,1,0,11,3,16,2,20,0,1,1,0,0,15.645483890065718,7,10.842319999999992,269.43889999999965,0,0,0,0,1,1,0,0,1,1,1,0,0,0,0,5,2,0,0,0,0,0,0,0,0,0,0,0,0,4,0,0,0,0,5,0,0,0,0,0,0,0,0,0,1,0,0,0,0,0,0,0,0,0,0,0,0,0,1,1,0,0,0,0,0,0,0,0,0,0,1,0,0,0,0,1,1,0,0,0,0,0,0,1,0,CHEMBL2325762,CCCCn1c(C)c(C(=O)O)c(-c2cccc(N3CCN(c4ccc(NS(=O)(=O)c5ccc(N[C@H](CCN(C)C)CSc6ccccc6)c([N+](=O)[O-])c5)cc4)CC3)c2)c1-c1ccc(Cl)cc1,16.0,1.2041199826559248,CHEMBL4625,Apoptosis regulator Bcl-X,2,Large-Polar-Aromatic-Flexible-Hydrophobic,Large-Polar-Aromatic-Flexible-Hydrophobic
13.235308127770068,13.235308127770068,0.1328897297988371,-4.403537741221743,0.0873917749195947,13.93877551020408,700.8870000000002,660.567,700.2501603799999,256,0,0.2931983166921879,-0.3758658713437935,0.3758658713437935,0.2931983166921879,1.020408163265306,1.7346938775510203,2.3877551020408165,32.2332997338343,10.01450962938982,2.2528022583232743,-2.3017567511881323,2.3031392825846444,-2.3149898332269787,7.989593750006226,-0.3836941295816402,3.101737786740357,1.225659945201589,1861.3619918022132,34.80454337268845,27.48864472896597,29.12163789082142,23.56852046606613,15.974171772348498,18.442933579596374,12.01906806702748,14.794883297156163,8.1221364171895,10.625331350000495,5.42684061802622,7.413809457059446,-4.72,68417465499.24757,35.58341236463079,16.59472976121961,10.140800664580468,291.1889224680246,15.116608065707286,5.687386274683562,0.0,0.0,21.61785715744265,0.0,19.8928339737846,13.139891848781026,0.0,11.761884949391115,29.838572803915707,106.642256031495,53.29373912969291,15.512722519183908,18.13564521721843,50.83053476303477,0.0,14.605983116249773,0.0,35.09527264896154,49.699165124695696,124.13715188391755,0.0,0.0,14.938793199308895,17.062158824050687,0.0,11.761884949391115,74.65648363328265,10.023291153407584,10.114318268765572,35.314381539395306,112.55642107964208,0.0,6.076020106833881,0.0,137.78,20.85378193157676,23.32665243716633,0.0,27.875548345729857,12.1736752296728,54.819077277101144,17.705838666992488,42.224196794850634,67.52619024389773,25.998791827089985,0.0,28.53949900515892,1.6335296809216386,33.81623750791039,15.358374194738978,3.176457852264594,-0.1773629578867148,25.961391819706723,6.390097058049054,2.373248873369781,-0.4881397009000165,0.2777777777777778,49,2,11,0,1,1,1,3,1,4,1,0,10,2,13,2,14,0,1,1,0,0,12.050961472920172,5,6.316800000000007,195.5990999999995,0,0,0,0,0,1,0,0,0,0,1,1,0,0,0,4,2,0,0,0,0,0,0,0,0,0,0,1,0,2,0,0,0,0,3,0,0,0,0,0,0,0,0,0,0,0,0,0,0,0,0,0,0,0,0,0,0,0,1,1,0,0,0,0,0,0,0,0,0,1,0,0,0,1,0,1,1,0,0,0,0,0,0,0,0,CHEMBL221708,CN(C)CC[C@H](CSc1ccccc1)Nc1ccc(S(=O)(=O)NC(=O)c2ccc(N3CCC(=Cc4ccccn4)CC3)cc2)cc1[N+](=O)[O-],700.0,2.845098040014257,CHEMBL4625,Apoptosis regulator Bcl-X,2,Large-Polar-Aromatic-Flexible-Hydrophobic,Large-Polar-Aromatic-Flexible-Hydrophobic
13.648784315063695,13.648784315063695,0.0674755658436219,-4.373337529398811,0.2657091203172737,11.923076923076923,548.5730000000002,524.3810000000004,548.1253367279999,200,0,0.349182095508851,-0.4798953607204568,0.4798953607204568,0.349182095508851,0.8461538461538461,1.4615384615384617,2.051282051282051,32.23342843638314,10.065244706378008,2.296361112688602,-2.253079282644455,2.376539033786821,-2.3552932364683423,7.924894243619971,-0.1450225951852672,2.903277658545097,1.7980631921682997,1637.7544865980208,28.156125291633355,20.64408990796748,21.460586488895206,18.57342453174919,11.660267004054704,13.100330332855346,8.486203324573344,10.3485136006029,5.74272873077511,7.516684987987694,4.054810010158593,5.487866511995774,-4.899999999999999,370842762.5496733,27.143293786008527,11.234011416299683,5.991202763674747,223.6739595299965,20.26670634748779,12.29426823919648,0.0,12.011146117099807,10.023291153407584,11.938610575903695,13.894290359439877,13.212334168400758,0.0,0.0,54.59730361615449,36.39820241076966,28.947023395000773,10.582869750201336,37.75132628002586,50.0163024369595,0.0,0.0,0.0,17.9231870629567,16.16676100121514,96.55895751862118,0.0,5.749511833283905,14.358867549102612,11.374772549367124,5.749511833283905,0.0,43.021398485178125,24.406902705623047,0.0,18.591155079135923,95.89098950244195,0.0,10.772448428929591,0.0,150.31,34.61062452297216,33.01446332622581,0.0,22.239561312836745,22.02328619531015,4.305215991296233,43.32193961046029,54.59730361615449,0.0,5.316788604006331,4.736862953800049,33.9500329036608,0.0,34.89793573000499,22.66653554948539,0.8596382289013975,-2.7479224691278548,23.053324125534143,-1.3320020255036809,0.4424621531102986,-4.373337529398811,0.1071428571428571,39,3,10,0,0,0,1,4,0,4,1,0,6,3,11,0,10,0,0,0,0,1,7.818668519692207,4,4.282800000000003,144.30809999999985,2,0,0,0,0,0,0,0,2,2,3,1,0,0,0,1,1,0,0,0,0,0,0,0,0,0,0,1,0,2,0,0,0,0,4,0,1,0,0,0,0,1,0,0,0,0,0,0,0,0,0,0,0,0,0,0,0,0,0,0,0,0,0,0,0,0,0,0,0,0,0,0,0,0,0,0,1,0,0,0,0,0,0,0,0,CHEMBL4800123,CC(=O)Nc1ccc(S(=O)(=O)N(CC(=O)O)c2ccc(OC(C(=O)O)c3ccccc3)c3ccccc23)cc1,5230.0,3.718501688867274,CHEMBL3038498,Keap1/Nrf2,2,Large-Polar-Aromatic-Flexible-Hydrophobic,Large-Polar-Aromatic-Flexible-Hydrophobic
14.36395299214348,14.36395299214348,0.0788376609061134,-4.604649563183945,0.1562043489490644,11.5,720.7780000000002,688.5220000000002,720.1447518440001,260,0,0.3238788823485207,-0.4967678182712854,0.4967678182712854,0.3238788823485207,0.58,0.98,1.42,32.23486386119776,9.960233729334483,2.3443646490482113,-2.3025397573627373,2.45505421458414,-2.3727919371907418,7.92848149823613,-0.1357485195541639,3.118728942748668,1.8824416352877624,2257.7117620830613,36.216603223948425,27.00875371569906,28.64174687755451,23.80846597269958,14.788220584089034,17.668347241690313,10.727840938657984,14.452461490717106,7.766029746302007,11.29982009830577,5.3859630055632195,8.262820908602162,-5.799999999999999,80706530454.02551,35.50550438181161,14.357753292125771,6.994325797934668,288.1323115884375,24.42364365108156,30.338048311676864,0.0,0.0,20.046582306815168,11.938610575903695,18.199506350736108,16.835593968657875,0.0,0.0,36.39820241076966,72.29348924477472,16.335899920626588,42.49513212423527,50.84831198788307,54.13241386101558,0.0,0.0,0.0,9.79096695103555,43.02933741825022,103.1282401638474,0.0,28.375438483245706,22.821020843992613,11.374772549367124,17.248535499851716,0.0,73.40616476990073,29.63565667495881,0.0,0.0,112.91920711488297,0.0,21.899351412323583,0.0,177.04999999999995,45.074705694544015,36.637723126482925,0.0,37.50163942102927,22.81198699154871,8.610431982592466,88.05943037691031,36.39820241076966,0.0,0.0,14.210588861400147,74.22585729915477,0.0,24.144995479168355,20.282355629224146,0.2783467484662472,-1.7208715154683902,24.682788571688423,0.0,-2.007352807751852,-4.8861194044817,0.1428571428571428,50,2,13,0,0,0,0,5,0,5,0,0,9,2,15,0,14,0,0,0,0,0,10.195585448530837,5,5.092400000000005,186.2591999999996,2,0,0,0,0,0,0,0,2,2,2,0,0,0,0,2,0,0,0,0,0,0,0,0,0,0,0,0,0,2,0,0,0,0,5,0,1,0,0,0,0,3,0,0,0,0,0,0,0,0,0,0,0,0,0,3,0,0,0,0,0,0,0,0,0,0,0,0,0,0,0,0,0,0,0,0,2,0,0,0,0,0,0,0,0,CHEMBL5402805,COc1ccc(-c2cc(N(CC(=O)O)S(=O)(=O)c3ccc(OC)cc3)c3ccccc3c2N(CC(=O)O)S(=O)(=O)c2ccc(OC)cc2)cc1,13.1,1.1172712956557642,CHEMBL3038498,Keap1/Nrf2,2,Large-Polar-Aromatic-Flexible-Hydrophobic,Large-Polar-Aromatic-Flexible-Hydrophobic
13.534884634071243,13.534884634071243,0.0359134356604593,-4.356798509182098,0.2989677974085635,11.63157894736842,557.6060000000002,534.4220000000004,557.092656696,198,0,0.3238796268246981,-0.4967671120213249,0.4967671120213249,0.3238796268246981,0.8421052631578947,1.368421052631579,1.894736842105263,32.234782576788845,10.121151792938896,2.2948818338382524,-2.243135818989,2.3437202928399703,-2.3566829061720496,7.927529931098081,-0.1347279081800433,2.9165001753059543,1.8065783412767584,1689.4155639114058,27.501424753254103,20.228535681326328,21.86152884318178,18.062047166349064,10.998042558304528,13.921269134699562,7.899605259740454,11.444317777179526,5.569839276781608,8.698641405641498,3.69630967216796,6.145092187961522,-4.359999999999999,232935595.9693696,26.695948589843823,10.554772019571232,5.33176175689756,218.9207664517882,14.580253302440804,23.861642850315413,0.0,0.0,20.046582306815168,5.969305287951848,13.821848039820145,21.819572489605083,0.0,0.0,24.26546827384644,48.53093654769288,10.772448428929591,35.89479187988725,36.2103844551705,48.293585076215194,0.0,4.983978520947208,0.0,9.79096695103555,29.791662344215965,78.99324839315241,0.0,11.49902366656781,18.50103676334842,11.50524905251859,11.49902366656781,0.0,53.65975666086527,24.84111949088699,0.0,0.0,88.78421534418797,0.0,10.772448428929591,0.0,152.2,32.56064400067959,26.7366585475704,0.0,32.06866443248373,15.80423965786404,6.196843571613076,62.75053163024794,24.26546827384644,0.0,9.706073385399296,9.473725907600098,66.38572698571252,0.0,15.689234160339325,10.071115673098827,-0.0359134356604593,-0.5457797048957254,17.567007596314436,1.123235596707819,-0.8919058207383244,-5.529387717545077,0.12,38,2,11,0,0,0,0,3,1,4,0,0,8,2,13,1,10,0,0,0,0,0,7.414990821368307,4,3.3327000000000018,140.70709999999983,1,0,0,0,0,1,0,0,1,1,1,0,0,0,0,2,1,0,0,0,0,0,0,0,0,0,0,0,0,2,0,0,0,0,3,0,1,0,0,0,0,2,0,0,0,0,0,0,0,0,0,0,0,0,0,2,0,0,0,0,0,0,0,0,0,0,0,0,0,0,0,0,0,1,0,0,2,0,0,0,0,0,0,0,0,CHEMBL4648275,COc1ccc(S(=O)(=O)Nc2ncc(N(CC(=O)O)S(=O)(=O)c3ccc(OC)cc3)c3ccccc23)cc1,1100.0,3.041392685158225,CHEMBL3038498,Keap1/Nrf2,2,Large-Polar-Aromatic-Flexible-Hydrophobic,Large-Polar-Aromatic-Flexible-Hydrophobic
13.958066346188293,13.958066346188293,0.010323152568598,-4.416093436184786,0.2095478705098577,12.565217391304348,666.8180000000002,628.514,666.206958176,244,0,0.3238784087860353,-0.4798953607205573,0.4798953607205573,0.3238784087860353,0.5434782608695652,0.8478260869565217,1.108695652173913,32.23486309040506,9.872093041522191,2.324822804555242,-2.281641938798546,2.3863891445797765,-2.3690964648007444,7.928340201113,-0.1357492344970182,2.9711135229331536,1.9020610298937133,1845.689738733943,34.24191172926026,26.5519580367386,28.184951198594053,21.240091198415858,14.46306940528907,17.343196062890346,13.008991101107558,16.73361165316668,7.589840554348108,11.137753068773277,5.055464367715796,7.921577371390171,-4.419999999999999,4536701624.387949,34.453110901387376,12.407384307938308,7.024233793087034,269.55929226583595,10.213054789681411,13.08951281182515,0.0,0.0,20.046582306815168,11.938610575903695,18.199506350736108,16.835593968657875,0.0,0.0,90.07335974583664,58.35508633295721,10.772448428929591,21.165739500402672,36.637723126482925,54.13241386101558,0.0,0.0,0.0,62.16337108797285,21.69994479441762,96.05604194185656,0.0,0.0,8.610431982592466,11.374772549367124,0.0,0.0,52.07677214606812,40.46563761375237,0.0,52.66932618153773,94.72010590949812,0.0,10.772448428929591,0.0,149.36,45.074705694544015,36.637723126482925,0.0,42.76816886812583,0.0,19.737334965986456,48.53093654769288,36.39820241076966,41.54242319814374,0.0,0.0,57.34972608482751,0.0,23.745684979814495,19.953105643523973,1.266581238767355,-2.811426785028874,21.26291286656555,0.0,10.065602843899564,-8.832186872369569,0.2941176470588235,46,2,10,0,0,0,0,4,0,4,0,0,6,2,12,0,10,0,0,0,0,0,9.29289103385939,4,5.9946000000000055,178.56719999999953,2,0,0,0,0,0,0,0,2,2,2,0,0,0,0,2,0,0,0,0,0,0,0,0,0,0,0,0,0,2,0,0,0,0,4,0,1,0,0,0,0,0,0,0,0,0,0,0,0,0,0,0,0,0,0,0,0,0,0,0,0,0,0,0,0,0,0,0,0,0,0,0,0,0,0,0,2,0,0,0,0,0,0,0,0,CHEMBL3601213,CC(C)(C)c1ccc(S(=O)(=O)N(CC(=O)O)c2ccc(N(CC(=O)O)S(=O)(=O)c3ccc(C(C)(C)C)cc3)c3ccccc23)cc1,50.2,1.7007037171450194,CHEMBL3038498,Keap1/Nrf2,2,Large-Polar-Aromatic-Flexible-Hydrophobic,Large-Polar-Aromatic-Flexible-Hydrophobic
14.353363300942368,14.353363300942368,0.0226313952859804,-4.537774254519089,0.0138693678189102,13.906666666666666,1075.7549999999994,1012.2509999999992,1074.389880656,394,0,0.2931983166921879,-0.3936873586288401,0.3936873586288401,0.2931983166921879,0.8533333333333334,1.5733333333333333,2.2666666666666666,35.4956949737656,9.949124000023902,2.2709409581099873,-2.317956005725568,2.3822216888970176,-2.447366802131828,7.989618252747151,-0.3836949463843686,3.7968189440553393,1.0776341558242584,3083.904459383819,53.485977169633614,42.24589031200633,44.63481241988023,36.05892276670805,24.70855000290302,27.55527628316012,18.68222432493318,21.894475335533855,12.72669797261273,15.48186922076322,8.494128064309896,10.607085061012874,-6.529999999999999,2.316907810213207e+16,56.202940801898606,26.79811063048821,15.993539314884302,447.8388539455576,40.11346083803686,11.381314269532025,0.0,0.0,27.525036886794155,0.0,19.703392636909214,13.139891848781026,0.0,11.761884949391115,65.90637800717508,137.41830143356808,101.06181775918898,22.529642876596665,33.14323719097166,56.57524800110135,0.0,29.305712308801205,0.0,47.74399544262242,84.63283496468563,165.04541899329163,0.0,34.09467460449927,15.355672072464747,11.374772549367124,0.0,23.36282483962363,146.09720469944943,16.56804755932016,21.95518690647686,51.23582170686112,137.31515189188087,5.022633313741326,22.253805966787983,0.0,202.62,44.14750003403932,38.33424441091956,0.0,36.16543635371861,58.23355531687571,61.23335717986225,24.26546827384644,36.027353223237554,101.21132953313912,39.32193729010209,11.600939890232516,30.927882228665577,7.918206398228849,46.69935209300473,39.27947199422513,4.2200678524920745,5.680668160122302,33.9625337410819,2.552059437090169,5.82699650924474,1.4605393636223258,0.3214285714285714,75,5,16,0,1,1,2,5,1,6,2,0,14,5,19,2,23,0,1,1,0,0,20.08176833824078,7,7.53730000000001,296.82890000000015,0,2,2,0,0,1,0,0,0,0,2,2,0,0,0,5,3,0,0,1,0,0,0,0,0,0,0,2,0,1,1,0,0,0,5,0,0,0,0,0,0,0,0,0,1,0,0,0,0,0,0,0,0,0,0,0,0,0,1,1,0,0,0,0,0,0,0,0,0,0,1,0,0,0,0,1,1,0,0,0,0,0,0,0,0,CHEMBL2063885,CN(C)CC[C@H](CSc1ccccc1)Nc1ccc(S(=O)(=O)NC(=O)c2ccc(C#Cc3cccc(-c4c(-c5ccc(Cl)cc5)cn(CC[C@H](O)CO)c4C(=O)NCCCN4CCN(C)CC4)c3)cc2)cc1[N+](=O)[O-],1.9,0.2787536009528289,CHEMBL4860,Apoptosis regulator Bcl-2,2,Large-Polar-Aromatic-Flexible-Hydrophobic,Large-Polar-Aromatic-Flexible-Hydrophobic
13.58077874499375,13.58077874499375,0.0564974387686403,-4.186917183813672,0.0437987213449854,13.676923076923076,958.589,910.2049999999996,957.252735556,340,0,0.2931983039215945,-0.3758658713439442,0.3758658713439442,0.2931983039215945,0.8461538461538461,1.5076923076923077,2.1538461538461537,35.495694845759886,10.070876186788414,2.262282705427648,-2.372461071912114,2.332961482712013,-2.4610532079965117,7.9897016024666545,-0.3836935233415334,3.73257339325862,1.0092905660904263,2858.9640800359275,46.30417889375892,35.79518234112519,39.000601029926806,31.02382882576273,20.489936818033858,25.2280746363492,15.661685433063726,20.622391642848168,10.569539966009057,13.93120428645366,7.328084475945634,9.95894661160783,-6.119999999999999,174136240152765.84,46.86009490346212,20.37002899431549,12.166801600437903,387.420641678658,20.016517796557764,12.014706349448105,5.693927994848461,10.023291153407584,21.61785715744265,0.0,24.19804996508084,26.54166735405717,0.0,11.761884949391115,41.93277523254056,111.99006095265555,82.271200507697,21.76849170269531,26.55344220154737,77.75351824920811,0.0,19.173082764041126,0.0,22.25362940310952,78.66645171533482,148.48554102135213,0.0,16.944765761229018,24.560797794611464,28.43693137341781,0.0,23.36282483962363,106.9866622607395,20.046582306815168,10.114318268765572,16.909286801846292,137.44562839503234,5.022633313741326,16.944765761229018,0.0,192.12,30.877073084984342,31.74444942149527,0.0,28.00602484888132,66.007486202977,35.13714868277049,18.46005421168776,52.72718700795213,90.44738631373468,24.822681451106583,11.600939890232516,57.44110701922106,7.781730909674412,36.454807795564726,16.11549609510311,3.663049718891272,-0.2035595222114976,35.230588448213865,3.0888860066115864,3.323381280248717,-4.117709973539474,0.2444444444444444,65,3,16,0,1,1,1,5,1,6,1,0,14,3,20,2,18,0,1,1,0,0,14.68525372092152,7,7.442200000000009,258.8405999999995,0,0,0,0,0,2,0,0,0,0,1,1,0,0,0,6,3,0,0,0,0,0,0,0,0,0,0,1,0,4,0,0,0,0,5,0,0,0,0,0,0,0,0,0,1,0,0,1,0,0,0,0,0,0,0,0,0,0,1,1,0,0,0,0,0,0,0,0,0,0,1,0,0,0,0,1,2,0,0,0,0,0,0,0,0,CHEMBL2326039,CN(C)CC[C@H](CSc1ccccc1)Nc1ccc(S(=O)(=O)Nc2ccc(N3CCN(c4cccc(-c5c(C(=O)NS(C)(=O)=O)ncn5-c5ccc(Cl)cc5)c4)CC3)cc2)cc1[N+](=O)[O-],3.8,0.5797835966168101,CHEMBL4860,Apoptosis regulator Bcl-2,2,Large-Polar-Aromatic-Flexible-Hydrophobic,Large-Polar-Aromatic-Flexible-Hydrophobic
16.03646723544267,16.03646723544267,0.0310091999252328,-3.254492384028848,0.0417555135810455,19.09722222222222,1025.1949999999997,959.6749999999994,1024.45556052,390,0,0.2531262317224015,-0.4931458344649893,0.4931458344649893,0.2531262317224015,0.9444444444444444,1.625,2.2916666666666665,32.13348460360381,9.852101448759882,2.4497425910774755,-2.426119411807983,2.43826249289995,-2.577650719147918,7.129651905636259,-0.1443295677225738,4.027355897824475,0.8356160256878447,2662.2983053890134,52.12201613895469,41.75930046156559,42.57579704249331,33.99084130241594,24.235959403703408,25.115612214958297,20.52359179900723,21.3783608605445,13.067273265469318,14.0449075350877,9.436646597064156,10.248300275593603,-5.469999999999999,2679025834268909.5,54.307836824686696,22.74559609179462,13.37778424135836,420.3566275297382,39.8345817160512,41.74327695693021,0.0,17.721539188054518,5.922529168094576,0.0,19.283521283065944,26.93605375932131,0.0,11.336785877934735,63.235781078303134,62.28748243463787,79.23161347121346,54.654949537115066,55.65280304683042,39.96124999807031,0.0,30.40135371160803,5.414990469396779,122.55682198663136,46.123922634389736,105.8868621051132,0.0,16.1901105186822,15.370440161812713,21.9520752383741,5.749511833283905,11.336785877934735,124.54054358291278,36.82291548865415,23.973169351179195,94.92493936085762,66.17420995823348,0.0,21.343523617479352,0.0,158.35,96.6471563764534,28.27096904240581,13.17124514302446,63.23054088833134,12.114749617774471,50.29708873264502,18.74738413023173,42.51844648147447,62.37841094707413,20.601534249907075,14.210588861400147,93.15365244245196,1.5422404439399258,52.107801530124654,17.042637166294988,4.0598541540581925,-7.024409340549142,13.881058261279788,-1.8281714477411304,10.315336790140776,0.0,0.5094339622641509,72,4,13,0,2,2,3,3,2,5,5,0,10,4,19,4,21,0,1,1,0,0,17.15644612546408,7,8.598720000000005,264.51689999999945,0,1,1,0,0,2,1,0,0,0,3,3,0,1,0,3,3,0,0,0,1,1,0,0,0,3,0,3,0,0,1,0,0,0,3,0,3,0,0,0,0,3,0,0,5,0,0,0,0,0,0,0,0,0,0,0,0,0,0,0,0,0,0,0,1,0,0,0,0,0,0,0,0,0,0,0,0,0,0,0,1,0,0,0,0,CHEMBL4444805,Cc1ncsc1-c1ccc(CNC(=O)[C@@H]2C[C@@H](O)CN2C(=O)[C@@H](NC(=O)COCCOCCC(F)(F)CCOc2cc(F)c([C@@H]3c4[nH]c5ccccc5c4C[C@@H](C)N3CC(C)(C)F)c(F)c2)C(C)(C)C)cc1,0.5,-0.3010299956639812,CHEMBL206,Estrogen receptor alpha,2,Large-Polar-Aromatic-Flexible-Hydrophobic,Large-Polar-Aromatic-Flexible-Hydrophobic
13.437628585230303,13.437628585230303,0.0621807655005535,-4.480506912829204,0.0778020939352651,14.566037735849056,770.9000000000003,729.5720000000001,770.253195072,282,0,0.4162233928453842,-0.3758658713437935,0.4162233928453842,0.3758658713437935,0.9433962264150944,1.6037735849056605,2.2452830188679247,32.23330019615674,10.061969359001932,2.3336473499591683,-2.3611930616189984,2.3306761973286623,-2.4570588008434533,7.989595883921616,-0.3836946031148905,3.1277954138144706,1.201952564334404,1975.189421295261,38.174786860691526,29.252294659990575,30.885287821846028,25.19052893399427,16.865767567227625,19.334529374475498,12.892933159367216,15.6687483894959,8.765695326371944,11.268890259182944,5.899700612538765,7.886669451571991,-4.639999999999999,306988526961.05994,39.56493019765029,17.456883308394715,10.944147082390442,310.91531739824444,15.116608065707286,5.687386274683562,0.0,0.0,21.61785715744265,6.176298517443475,19.80876518368787,13.139891848781026,13.17124514302446,11.761884949391115,36.39820241076966,87.22167710204447,66.73116477581756,15.38224601603244,31.306890360242893,44.75451465620089,0.0,14.52191432615304,0.0,34.97468432646557,62.78867793652084,123.86654583924236,0.0,0.0,14.938793199308895,30.233403967075148,0.0,11.761884949391115,87.66192765501108,22.74434607676363,10.114318268765572,27.905713282088815,106.85284004642136,0.0,0.0,0.0,128.13,43.17640169091857,36.497897580190795,0.0,29.40088649313809,38.3527008533231,29.26036029303713,36.39820241076966,29.960986154775945,63.84900336466594,5.316788604006331,0.0,68.8314174342704,1.6055957947833657,31.107623779857253,15.339899436883254,0.1426163166861362,-0.294658025533749,24.936235748380092,-3.7508677672405,3.0262498960896984,-0.610779280842622,0.3243243243243243,53,2,11,0,1,1,1,4,0,4,1,0,10,2,16,1,15,0,1,1,0,0,13.031705086135156,5,6.579000000000008,200.87209999999948,0,0,0,0,0,0,0,0,0,0,1,1,0,0,0,4,2,0,0,0,0,0,0,0,0,3,0,1,0,2,0,0,0,0,4,0,0,0,0,0,0,0,0,0,3,0,0,0,0,0,0,0,0,0,0,0,0,0,1,1,0,0,0,0,0,0,0,0,0,0,1,0,0,0,0,1,1,0,0,0,0,0,0,0,0,CHEMBL221854,CN(C)CC[C@H](CSc1ccccc1)Nc1ccc(S(=O)(=O)NC(=O)c2ccc(N3CCN(Cc4ccccc4C(F)(F)F)CC3)cc2)cc1[N+](=O)[O-],85.0,1.9294189257142929,CHEMBL4625,Apoptosis regulator Bcl-X,2,Large-Polar-Aromatic-Flexible-Hydrophobic,Large-Polar-Aromatic-Flexible-Hydrophobic
15.183662834249557,15.183662834249557,0.0254823852614956,-4.288575761109258,0.1212222019933006,15.724137931034482,823.4599999999995,772.0519999999997,822.3330174119998,304,0,0.2754385161714284,-0.3372092575066442,0.3372092575066442,0.2754385161714284,0.8620689655172413,1.5344827586206895,2.2413793103448274,35.495694254531955,9.922472004251354,2.348422484274529,-2.3896269968012933,2.3140057261286096,-2.4952775418845694,7.897124048026635,0.0593326257566899,3.8581198009086446,1.2917697137900404,2435.136412754128,40.97575176901274,33.4161643865617,34.98858991350787,27.982734028439214,20.335120976887477,22.196248697491097,15.402045227546832,17.462411941965573,11.355729013318772,13.1368936977943,8.031001189010016,9.238771456428452,-5.039999999999997,10207946364015.707,41.13119349594694,17.843864590218597,8.693421210562414,345.5567353209048,14.69972919255143,0.0,5.693927994848461,0.0,27.744830341462094,0.0,14.383611552215466,17.82169478392621,5.098681808301038,0.0,92.88736115162028,104.34854488077748,37.78431794449526,26.86288255048812,22.8014085365444,50.11821866062421,0.0,29.202308800449742,0.0,83.19904367013224,32.72378202956288,123.5934342286888,0.0,5.687386274683562,4.722094864452088,0.0,0.0,11.600939890232516,89.38517296709195,22.98886918224617,6.923737199690624,100.39767764563769,89.82462243398034,5.022633313741326,16.459834703613154,0.0,124.92,15.930470882759089,18.00687135247258,4.794537184071822,44.59514805535252,49.367385730573126,62.564118255543,34.51072270068862,30.02274813592593,41.29811214162014,29.535846063145424,16.699621698533555,30.918563295495343,6.9124056055664544,49.06345783101517,6.521967889484456,3.210161108238849,-1.512100491973851,24.474583974076168,6.391921762710914,10.002059230940189,-4.288575761109258,0.3777777777777777,58,1,11,0,2,2,3,4,1,5,1,0,8,1,13,3,14,0,1,1,0,0,12.65412839958202,7,7.81132000000001,227.11199999999928,0,0,0,0,0,2,0,0,0,0,3,3,0,0,0,5,1,0,0,0,1,0,0,0,0,0,0,3,0,0,0,0,0,0,4,0,2,0,0,0,0,0,0,0,1,0,0,0,0,0,0,0,0,0,0,0,0,0,0,0,0,0,0,0,0,0,0,0,0,0,0,0,0,0,0,0,1,0,0,0,0,0,0,2,0,CHEMBL2031030,CCCCN(CCCC)C(=O)c1nn(-c2ccc(C(=O)NS(=O)(=O)c3ccc4ccccc4c3)cc2C(=O)N2Cc3ccccc3C[C@H]2CN2CCCC2)c(C)c1Cl,19.0,1.2787536009528289,CHEMBL4625,Apoptosis regulator Bcl-X,2,Large-Polar-Aromatic-Flexible-Hydrophobic,Large-Polar-Aromatic-Flexible-Hydrophobic
13.78524193044024,13.78524193044024,0.1160319505248177,-5.25099841183228,0.1492233703187912,12.192307692307692,776.6460000000002,754.4700000000001,776.0681542240002,276,0,0.4710324245089686,-0.4798953607205573,0.4798953607205573,0.4710324245089686,0.5384615384615384,0.8461538461538461,1.1153846153846154,32.23486465162101,10.064893900829354,2.3964318961570203,-2.277937100706916,2.385069359106698,-2.369099398562257,7.928367986939849,-0.1669583538921798,3.049682561647238,1.805276070853579,2104.951080056693,38.81082583001261,25.63624145572169,27.269234617577144,24.02778489865056,14.005211114780613,16.885337772381895,10.4127575296567,14.137378081715813,6.888455333690067,10.436367848115248,4.626056409256091,7.4921694129304655,-5.899999999999999,66713727580.02177,38.89475363052252,14.379760509278467,8.512460604700317,288.5155047931105,20.84663199769407,13.08951281182515,0.0,0.0,20.046582306815168,36.10556706949366,27.78858071887975,16.835593968657875,26.34249028604892,0.0,24.26546827384644,60.6636706846161,22.147220978296716,21.165739500402676,72.5692877806755,77.32154586908572,0.0,0.0,0.0,22.143563985922498,32.33352200243028,84.92913895846256,0.0,0.0,19.244009190605126,49.09203538478317,0.0,0.0,76.24372863965809,39.22473104310245,0.0,0.0,94.72010590949812,0.0,10.772448428929591,0.0,207.55999999999997,90.40740168853664,72.5692877806755,0.0,22.147220978296716,8.610431982592466,60.6636706846161,34.899045481859105,0.0,0.0,0.0,0.0,131.79774184889357,0.0,45.04895437279312,22.098546991916113,-1.5927309716852762,-8.021635964518836,13.700718966864908,-10.50199682366456,-2.459127038056494,-9.737138049209197,0.1333333333333333,52,4,14,0,0,0,2,4,0,4,0,0,8,4,22,0,12,0,0,0,0,0,10.755716197582752,4,4.401200000000003,170.5365999999998,2,0,0,0,0,0,0,0,2,2,4,2,0,0,0,2,2,0,0,0,0,0,0,0,0,6,0,2,0,4,0,0,0,0,4,0,1,0,0,0,0,0,0,0,6,0,0,0,0,0,0,0,0,0,0,0,0,0,0,0,0,0,0,0,0,0,0,0,0,0,0,0,0,0,0,0,2,0,0,0,0,0,0,0,0,CHEMBL4862491,O=C(O)CN(c1ccc(N(CC(=O)O)S(=O)(=O)c2ccc(NC(=O)C(F)(F)F)cc2)c2ccccc12)S(=O)(=O)c1ccc(NC(=O)C(F)(F)F)cc1,126.0,2.100370545117563,CHEMBL3038498,Keap1/Nrf2,2,Large-Polar-Aromatic-Flexible-Hydrophobic,Large-Polar-Aromatic-Flexible-Hydrophobic
13.839827337621903,13.839827337621903,0.073806954178978,-4.475670863679452,0.218490177350875,11.409090909090908,640.6920000000002,612.4680000000001,640.1185370959998,230,0,0.3238784087856253,-0.4967671120136989,0.4967671120136989,0.3238784087856253,0.6363636363636364,1.0909090909090908,1.5454545454545454,32.23486284473879,10.023990728242,2.3188787100778696,-2.2792894930053933,2.3831990093232993,-2.3691685601266457,7.92810015959228,-0.1357519611172794,3.0214522563616137,1.9354150880907413,1861.624898018364,32.07033885400645,23.523155156045576,25.156148317901028,20.876614320121448,12.84849787920362,15.7286245368049,9.229373112234637,12.953993664293757,6.474204357087333,10.036239033933926,4.355804343107935,7.194865578866645,-5.079999999999999,3662066655.003152,31.846883631490005,13.05612458165426,6.763996870231852,253.97215971279888,19.68678069728151,24.58853647839296,0.0,0.0,20.046582306815168,11.938610575903695,18.199506350736108,16.835593968657875,0.0,0.0,30.33183534230805,72.29348924477472,5.563451491696996,35.38533458295774,46.111449034083016,43.359965432085986,0.0,0.0,0.0,9.79096695103555,35.919539876972685,97.0618730953858,0.0,22.6259266499618,18.084157890192564,11.374772549367124,11.49902366656781,0.0,66.29636722862318,29.63565667495881,0.0,0.0,106.85284004642136,0.0,11.126902983393991,0.0,167.82,45.074705694544015,36.637723126482925,0.0,26.729190992099667,25.67290714085727,0.0,80.9496328356328,30.33183534230805,0.0,0.0,9.473725907600098,66.64248336374251,0.0,23.39127255391669,19.371447357492492,0.3905338285451929,-2.108824488736448,22.822892691404924,0.0,-1.9152223925054557,-6.094582913859901,0.1333333333333333,44,2,12,0,0,0,0,4,0,4,0,0,8,2,14,0,13,0,0,0,0,0,9.44992909614044,4,3.930600000000003,162.20119999999963,2,0,0,0,0,0,0,0,2,2,2,0,0,0,0,2,0,0,0,0,0,0,0,0,0,0,0,0,0,2,0,0,0,0,4,0,0,0,0,0,0,2,0,0,0,0,0,0,0,0,0,0,0,0,0,2,0,0,0,0,0,0,0,0,0,0,0,0,0,0,0,0,0,0,0,0,2,0,0,0,0,0,0,0,0,CHEMBL5178614,COc1ccc(S(=O)(=O)N(CC(=O)O)c2ccc(N(CC(=O)O)S(=O)(=O)c3ccc(OC)cc3)c(-c3ccccc3)c2)cc1,3470.0,3.5403294747908736,CHEMBL3038498,Keap1/Nrf2,2,Large-Polar-Aromatic-Flexible-Hydrophobic,Large-Polar-Aromatic-Flexible-Hydrophobic
13.873281785080882,13.873281785080882,0.0995461841821856,-4.2778728979040865,0.0553474057063801,18.047619047619047,911.5949999999996,856.1549999999996,910.34253654,332,0,0.2931983101060765,-0.3787927403406093,0.3787927403406093,0.2931983101060765,0.9206349206349206,1.6825396825396826,2.4285714285714284,35.49569434157676,9.725060392734967,2.3009492712921724,-2.3939332172599537,2.428405277454313,-2.469097988713768,7.989638455739679,-0.3836932823035284,3.280515432348309,0.9364440014990928,2531.0026775666624,43.97790548012586,35.840540373277854,38.22946248115176,30.386913032584324,21.637566099100173,24.48429237935727,17.36648397015637,20.57873498075705,12.293918445548336,15.057043453283017,8.75305950625378,10.921297699133447,-4.769999999999999,108378225372982.06,44.822855963223475,19.953190285623503,11.495845949693676,379.0132326153689,14.953561288656855,12.014706349448105,5.817862777835028,0.0,15.710677428091143,0.0,24.636232594918617,18.385754026223353,0.0,11.761884949391115,61.35335416199108,96.8321365990216,91.21084003006442,28.549259170977543,18.077970986946656,72.74216705706725,0.0,19.76777650359537,5.414990469396779,55.36356867126881,86.26346198238211,123.5963337059619,0.0,0.0,14.938793199308895,22.880021601885712,0.0,23.36282483962363,110.47539414896316,14.760154107207631,15.529308738162351,45.09421238278229,112.68689758279356,5.022633313741326,16.476029462150322,0.0,146.07,14.946602202225254,18.53211525309451,0.0,33.54495010126467,29.869542467853684,99.71320787140894,35.16971476352329,11.761884949391115,60.6636706846161,60.686778239208735,16.337802844032566,35.850442934768694,7.894257473670964,28.77869646539311,17.124601957888665,6.029180600040422,0.7617164770519848,27.89836810659346,5.375486250413656,13.00956707652758,-4.2778728979040865,0.4042553191489361,63,2,13,1,2,3,0,4,1,5,1,0,12,2,16,3,16,0,2,2,0,0,14.1961741933221,8,9.073200000000003,254.55259999999927,0,0,0,0,0,2,0,0,0,0,0,0,0,0,0,6,2,0,0,0,0,0,0,0,0,0,1,0,0,3,0,0,0,0,4,0,1,0,0,0,0,1,0,0,1,0,0,0,0,0,0,0,0,0,0,0,1,0,1,1,0,0,0,0,0,0,0,0,0,0,1,0,0,0,0,1,1,0,0,0,0,0,0,0,0,CHEMBL1689144,CC1(C)CCC(c2ccc(Cl)cc2)=C(CN2CCN(c3ccc4c(NS(=O)(=O)c5ccc(N[C@H](CCN6CCOCC6)CSc6ccccc6)c([N+](=O)[O-])c5)ncnc4c3)CC2)C1,20.0,1.3010299956639813,CHEMBL4625,Apoptosis regulator Bcl-X,2,Large-Polar-Aromatic-Flexible-Hydrophobic,Large-Polar-Aromatic-Flexible-Hydrophobic
14.9248812431828,14.9248812431828,0.0061929403658855,-4.31632418631333,0.1136249636073676,12.459016393442624,832.9789999999999,788.6269999999998,832.293070748,308,0,0.3590097227192826,-0.4611975635138576,0.4611975635138576,0.3590097227192826,0.7540983606557377,1.459016393442623,2.2131147540983607,32.23327469082592,9.91807870145968,2.318668075385791,-2.294838127240451,2.364458250656245,-2.362996553036742,7.897128164690367,0.05187646298713,3.668845060863033,1.2383205705855471,2873.280993183998,42.51128567494547,33.83643076987799,34.65292735080571,29.62769331858208,20.31957717634339,21.802740423937777,14.764504554210262,16.44690679561977,10.73482565590023,12.063486134673138,7.64128328193213,8.650369391785338,-7.049999999999998,62295110681613.26,40.717017438546506,17.66179065882133,8.664789119169107,354.1613748631146,14.373635638450576,11.49902366656781,5.693927994848461,0.0,21.837650612110593,5.969305287951848,9.589074368143644,22.616231967998033,5.098681808301038,0.0,92.2073307126176,114.31267565710536,29.77986728691614,22.883679709562717,32.2751344441445,38.579404328992034,0.0,19.402489338748783,0.0,50.97100077251564,13.151638370425491,173.16810453110193,0.0,28.313312924645363,9.458957818252138,0.0,11.49902366656781,0.0,54.03349457570599,34.14655375897223,0.0,74.71439115393363,144.42192605013486,0.0,27.586737687007144,0.0,136.9,21.899776170710936,22.8014085365444,0.0,34.230376147624646,65.32462119163579,29.354770443710805,24.26546827384644,40.770918139532725,90.99550602692418,11.645832064142713,14.572407715901136,42.775592753122865,0.0,44.39140179972481,6.415614226236448,4.289963961474308,-0.6843918680345136,41.12152892220088,2.665752924337242,4.5908614672513,-4.31632418631333,0.1836734693877551,61,1,11,0,1,1,2,6,1,7,0,0,9,1,12,2,13,0,0,0,0,0,11.789105545101409,8,9.3213,233.5709999999994,0,0,0,0,0,2,0,0,0,0,3,3,0,0,0,3,1,0,0,0,0,0,0,0,0,0,0,2,0,0,0,0,0,0,6,0,2,0,0,0,1,2,0,0,0,0,0,0,0,0,0,0,0,0,0,0,0,0,0,0,0,0,0,0,1,0,0,0,0,0,0,0,0,0,0,0,1,0,0,0,0,0,0,1,0,CHEMBL2030850,CCCCc1c(-c2ccc(C(=O)NS(=O)(=O)c3ccc4ccccc4c3)cc2C(=O)N2CCc3ccccc3C2)c(C(=O)OCC)nn1-c1ccc(Oc2ccccc2)cc1,55.0,1.740362689494244,CHEMBL4625,Apoptosis regulator Bcl-X,2,Large-Polar-Aromatic-Flexible-Hydrophobic,Large-Polar-Aromatic-Flexible-Hydrophobic
14.140407225866468,14.140407225866468,0.0602148352393554,-3.792909062216475,0.1104312078348734,15.440677966101696,838.5189999999999,782.0709999999997,837.3803019520001,312,0,0.2615275901709261,-0.4909754983699308,0.4909754983699308,0.2615275901709261,0.7796610169491526,1.4406779661016949,2.1186440677966103,35.49569378373917,9.954755797841353,2.27103434928303,-2.3726171040468955,2.4024391967887713,-2.461020740747852,7.923380071716497,0.0948998260201521,3.4954667305715965,1.045454816893596,2332.1667160110087,41.682858550199285,34.748403072104,36.320828599050174,28.356214166300827,20.50314143646875,22.364269157072368,15.822560272370096,17.94139829425161,11.316327898750837,12.947271547309452,7.993678776227734,9.212926474638016,-5.009999999999998,12658481697759.695,42.12534227699949,18.499795130223355,10.066221013189333,354.1143761003201,34.22039012899965,5.749511833283905,0.0,0.0,15.930470882759089,0.0,9.51663204852391,8.417796984328938,0.0,0.0,41.93277523254056,112.57503527859777,105.35901832868944,22.256829349811536,17.949197122200808,44.5935695970423,0.0,19.68370771349864,7.04767198267719,38.19148308526396,87.01715036795599,113.3418858956726,0.0,28.13379430322335,24.575565883959424,17.062158824050687,5.749511833283905,11.600939890232516,107.29109825272398,17.070963136084774,6.923737199690624,36.320212692924535,101.95735657090356,5.022633313741326,22.384282469939446,0.0,102.39,10.023291153407584,13.212334168400758,0.0,16.906629592617584,28.567739319318363,104.77661229029424,0.0,36.39820241076966,64.21708599251872,65.51876229617531,16.337802844032566,36.89683158568239,6.325959844087148,23.822272217647473,3.925220162289395,8.081571426437307,0.4509468850474627,30.420355132110657,0.8359843200564931,14.869691593655109,0.3989446107643477,0.3695652173913043,59,2,11,0,2,2,1,4,1,5,0,0,9,2,13,3,14,0,2,2,0,0,13.208647490085204,7,7.602820000000008,240.80169999999927,0,0,0,0,0,1,0,0,0,0,1,1,0,0,0,5,2,0,0,1,0,0,0,0,0,0,0,1,0,3,0,0,0,0,4,0,0,0,0,0,0,1,0,0,1,0,0,0,0,0,0,0,0,0,0,0,0,0,0,0,0,0,0,0,0,0,0,0,0,0,2,0,0,0,0,0,1,0,0,0,0,0,0,0,0,CHEMBL2170841,Cc1c(C(=O)NCCCN2CCN(C)CC2)c(-c2cccc(N3CCN(c4ccc(NS(=O)(=O)c5cccc(OC(C)C)c5)cc4)CC3)c2)c(-c2ccc(Cl)cc2)n1C,1052.0,3.02201573981772,CHEMBL612545,Unchecked,2,Large-Polar-Aromatic-Flexible-Hydrophobic,Large-Polar-Aromatic-Flexible-Hydrophobic
14.090317043230204,14.090317043230204,0.1049941003546295,-4.170355360694072,0.0368353936173177,17.594202898550726,991.6809999999996,932.2089999999994,990.368751288,362,0,0.2931983039215945,-0.3900196713944954,0.3900196713944954,0.2931983039215945,0.8985507246376812,1.565217391304348,2.2028985507246377,35.49569465427464,9.76940191480437,2.3988964313460275,-2.407427576625865,2.413569290143051,-2.530155409353015,7.989644653982959,-0.3836936297527769,3.586780065888234,0.9361998040569696,2897.88033046132,49.03622970132779,39.4846510321067,41.87357313998059,32.94033104519911,23.03732536171944,25.88405164197654,18.495633312009108,21.70788432260979,12.958669512643125,15.76414761523982,9.20024276902555,11.397660200894382,-6.039999999999998,1087800975382363.0,49.38419011958478,20.900355907941695,11.703837574915298,413.4182730903429,35.006933443196154,5.687386274683562,0.0,0.0,21.61785715744265,0.0,19.63095031728948,8.417796984328938,0.0,11.761884949391115,54.06550936946379,137.67334744435956,95.36725503968708,26.67722482186459,23.242172612059136,67.73022709580053,0.0,14.783797982648164,7.04767198267719,60.58563868847445,72.41068253182341,147.7216724382846,0.0,22.384282469939446,25.155491534165705,28.43693137341781,0.0,23.36282483962363,104.07853660692427,17.070963136084774,17.038055468456196,42.238118739085934,131.1183083202678,5.022633313741326,22.384282469939446,0.0,165.32,20.547653013208944,28.43317983200704,0.0,34.26111741253233,47.95748074454583,76.46992439879814,12.13273413692322,30.818356286004956,106.92952503772317,46.75523504973075,11.600939890232516,31.985265449914973,7.959925489620916,33.3769167422174,29.830629106326068,6.478061849447847,0.4921129918520013,36.79694936667723,1.7360009529224625,7.367504262064568,1.7544115667343143,0.3269230769230769,69,4,14,1,1,2,1,5,1,6,1,0,12,4,17,2,18,1,1,2,0,0,14.95865434383739,8,9.52422,279.6645999999999,0,1,0,0,0,1,0,0,0,0,1,1,0,0,0,5,3,0,0,0,0,0,0,0,0,0,0,1,0,4,0,0,0,0,5,0,0,0,0,0,0,0,0,0,1,0,0,0,0,0,0,0,0,0,0,0,0,0,1,1,0,0,0,0,0,0,0,0,0,0,1,0,0,0,0,1,1,0,0,0,0,0,0,0,0,CHEMBL2326041,Cc1c(C(=O)N[C@H]2C[C@@](C)(O)C2)c(-c2cccc(N3CCN(c4ccc(NS(=O)(=O)c5ccc(N[C@H](CCN(C)C)CSc6ccccc6)c([N+](=O)[O-])c5)cc4)CC3)c2)c(-c2ccc(Cl)cc2)n1C,7.5,0.8750612633917001,CHEMBL4860,Apoptosis regulator Bcl-2,2,Large-Polar-Aromatic-Flexible-Hydrophobic,Large-Polar-Aromatic-Flexible-Hydrophobic
13.556782417814471,13.556782417814471,0.1144053390091379,-4.165242427781254,0.0452387159186978,13.564516129032258,895.5039999999998,848.1279999999998,894.2636175240001,322,0,0.3394197591435599,-0.477530883227117,0.477530883227117,0.3394197591435599,0.8870967741935484,1.564516129032258,2.2096774193548385,35.49569429090493,9.962355695592482,2.273716909863728,-2.372396843174101,2.407514764373834,-2.460995541386214,7.989638371496414,-0.3836934107246476,3.621749027700118,1.0014072318441811,2635.5440753919493,43.96731560057546,34.45412189550789,36.84304400338179,29.75006101641818,19.988867964474313,22.83559424473141,15.219549550358249,18.431800560958926,10.623856249601742,13.42933435219844,7.41389802037651,9.61131545224535,-5.999999999999999,50687565921250.64,44.068678459937566,19.367226180412995,10.53375,370.0597867303516,29.540196128451814,22.77133260412944,0.0,0.0,15.710677428091143,5.969305287951848,14.83641313321766,13.212334168400758,0.0,11.761884949391115,41.93277523254056,124.47724964404316,82.14726572471045,9.818794524335445,27.65932354911248,67.79235265440087,0.0,4.899909730850477,0.0,29.177366602800145,72.41068253182341,147.78799186231058,0.0,22.450601893965427,19.83870293015937,28.43693137341781,0.0,23.36282483962363,87.93067087760166,10.023291153407584,17.038055468456196,22.539057717569268,135.53545925732115,5.022633313741326,22.450601893965427,0.0,161.5,20.9159074901771,28.433179832007035,0.0,27.875548345729857,59.72584514826785,46.42910410557908,12.13273413692322,42.951090422928175,92.95811585535532,24.73861266100985,16.018090827285864,35.738527583774186,7.778858330765931,31.49410888437629,26.301785496635947,4.181559300744765,0.3678747662436292,35.6838436397643,0.7239128770639428,5.148035039750586,-0.2240614746751312,0.2391304347826087,62,3,13,0,1,1,0,5,1,6,1,0,11,3,16,2,17,0,1,1,0,0,13.7659365033146,7,9.83372,248.80689999999944,0,0,0,0,1,0,0,0,1,1,1,0,0,0,0,4,2,0,0,0,0,0,0,0,0,0,0,0,0,4,1,0,0,0,5,0,0,0,0,0,0,0,1,0,1,0,0,0,0,0,0,0,0,0,0,0,0,0,1,1,0,0,0,0,0,0,0,0,0,0,1,0,0,0,0,1,1,0,0,0,0,0,0,0,0,CHEMBL2325760,Cc1oc(-c2ccc(Cl)cc2)c(-c2cccc(N3CCN(c4ccc(NS(=O)(=O)c5ccc(N[C@H](CCN(C)C)CSc6ccccc6)c([N+](=O)[O-])c5)cc4)CC3)c2)c1C(=O)O,3.8,0.5797835966168101,CHEMBL4860,Apoptosis regulator Bcl-2,2,Large-Polar-Aromatic-Flexible-Hydrophobic,Large-Polar-Aromatic-Flexible-Hydrophobic
13.378315874623022,13.378315874623022,0.009211101623844,-4.114251149960631,0.167600631943309,11.658536585365852,616.7390000000003,588.5150000000001,616.1007788559999,216,0,0.313326544761734,-0.4938886575499962,0.4938886575499962,0.313326544761734,0.7560975609756098,1.2439024390243902,1.7317073170731707,32.23475477066478,10.07605895139468,2.2285638967404733,-2.1870703708437182,2.4059610815652626,-2.1586824029925613,7.99891690511391,-0.1334409879617237,2.9402055782119443,1.781934272100457,1757.1206707216993,29.622745096813745,22.156570343163377,24.60606008594655,19.53517371281139,12.454493931494,16.406418986336273,8.545093097789215,12.92707425542531,5.730374714151502,9.501673126187274,3.9531188650037583,6.974727379114506,-3.939999999999998,909552642.6631542,30.0285920445343,12.70757438726526,7.231066699421946,242.3441412384049,14.580253302440804,11.49902366656781,0.0,0.0,20.046582306815168,5.969305287951848,14.238726912976,16.835593968657875,0.0,11.761884949391115,24.26546827384644,68.44477801553573,15.667931904447368,40.1323570361753,36.2103844551705,59.92499352245485,0.0,0.0,0.0,28.533924825934573,28.4108072646768,78.86277189000094,0.0,11.49902366656781,18.917915636504276,11.374772549367124,11.49902366656781,11.761884949391115,46.87804418722305,24.84111949088699,0.0,13.847474399381248,93.54922231655428,0.0,10.772448428929591,0.0,148.1,26.015887594767015,26.7366585475704,0.0,31.814076582667237,35.48523602452324,11.761884949391115,42.46456947923127,36.39820241076966,13.847474399381248,9.444189728904176,9.473725907600098,69.27380340390305,0.8604720571831237,11.6084837730917,10.116237708932776,0.2880914192475554,-0.4782622820582125,19.85301989208658,0.0,4.491780558554254,-8.180293197607497,0.1785714285714285,41,3,10,0,0,0,0,4,0,4,0,0,8,3,13,0,13,0,0,0,0,0,9.307087003677108,4,5.415500000000004,159.1467999999997,1,0,0,0,0,0,0,0,1,1,1,0,0,0,0,0,2,0,0,0,0,0,0,0,0,0,0,0,0,2,0,0,0,0,4,0,1,0,0,0,0,2,0,0,0,0,0,0,0,0,0,0,0,0,0,0,0,0,0,0,0,0,0,0,0,0,0,0,0,0,0,0,0,0,0,1,2,0,0,0,0,0,0,0,0,CHEMBL3925906,CCOc1ccc(S(=O)(=O)Nc2cc(SCC(=O)O)c(NS(=O)(=O)c3ccc(OCC)cc3)c3ccccc23)cc1,180.0,2.255272505103306,CHEMBL4106129,Keap1-p62,2,Large-Polar-Aromatic-Flexible-Hydrophobic,Large-Polar-Aromatic-Flexible-Hydrophobic
14.255624921954649,14.255624921954649,0.0262224769922627,-4.19560729277462,0.191003981498976,12.851063829787234,647.8009999999999,610.5050000000001,647.2566256639999,240,0,0.2645231451938288,-0.3408347300294743,0.3408347300294743,0.2645231451938288,0.851063829787234,1.574468085106383,2.3404255319148937,32.23327354014569,9.962063706787577,2.268250569828267,-2.294246346319181,2.2871813332265294,-2.362866445308821,7.897110847214544,0.0735144838305405,3.1005453035528325,1.3621881784390435,2057.6564051886367,32.96768007950498,26.51744760965899,27.333944190586717,22.76751997327595,15.91507095011768,17.39823419771207,11.678290336238684,13.360692577648196,8.377028995154403,9.705689473927311,6.002068605796331,7.011154715649539,-5.089999999999998,40618839865.49186,31.87467416458654,13.72234820093156,6.875875340135854,274.88552795266804,9.799819461700954,0.0,0.0,5.948339280986494,21.837650612110593,0.0,9.589074368143644,23.10784889067544,0.0,0.0,74.51114508399735,71.49365162340966,49.066223670354354,10.589411470366237,18.00687135247258,38.55843832202668,0.0,19.589961637196986,0.0,44.550179149589624,24.5341789485882,119.44615556532524,0.0,11.257379486545457,9.622004595302563,5.948339280986494,0.0,0.0,54.734292433514554,22.98886918224617,0.0,58.53199798016489,102.08783307405504,0.0,22.02982791547505,0.0,112.57,15.930470882759089,18.00687135247258,0.0,21.92956618826327,36.71605320228311,42.26705597830376,29.828919765543436,29.295854507848382,42.46456947923127,34.51982458409263,4.983978520947208,28.81989281068823,0.0,40.97228953022278,1.6259886461405986,3.677283864222952,-0.524386389030892,26.564424104002786,4.249577453551516,6.727203939643314,-4.19560729277462,0.2432432432432432,47,1,9,0,1,1,2,4,1,5,0,0,7,1,10,2,10,0,0,0,0,0,9.306284631440294,6,6.240400000000006,183.74949999999953,0,0,0,0,0,2,0,0,0,0,2,2,0,0,0,4,1,0,0,0,0,0,0,0,0,0,0,2,0,1,0,0,0,0,4,0,2,0,0,0,0,0,0,0,0,0,0,0,0,0,0,0,0,0,0,0,0,0,0,0,0,0,0,0,0,0,0,0,0,0,0,0,0,0,0,0,1,0,0,0,0,0,0,0,0,CHEMBL2031007,CCCN(CCC)c1nccc(-c2ccc(C(=O)NS(=O)(=O)c3ccc4ccccc4c3)cc2C(=O)N2CCc3ccccc3C2)n1,150.0,2.1760912590556813,CHEMBL4860,Apoptosis regulator Bcl-2,2,Large-Polar-Aromatic-Flexible-Hydrophobic,Large-Polar-Aromatic-Flexible-Hydrophobic
13.833263183848413,13.833263183848413,0.1651502343489173,-4.527715105995228,0.2412597912931279,11.571428571428571,614.6540000000003,588.4460000000001,614.1028870319999,220,0,0.3238784220331246,-0.4967671120136989,0.4967671120136989,0.3238784220331246,0.6666666666666666,1.119047619047619,1.5952380952380951,32.23486275399617,10.0748226447748,2.320296403397204,-2.2783884003384105,2.3718472287579915,-2.3734839724566026,7.928478632926133,-0.1357343838125629,2.975108061843315,1.968446178731834,1840.3830108272216,30.65612529163335,22.368454617666327,24.001447779521776,19.876614320121444,12.181831212536952,15.061957870138237,8.847927256468836,12.57254780852795,6.234004735953273,9.79603941279987,4.235521885769624,7.058276252977243,-4.819999999999999,1323215630.6240332,30.14578834765705,11.963032634530595,6.085659901298757,241.59673003847004,19.68678069728151,24.58853647839296,0.0,0.0,20.046582306815168,11.938610575903695,18.199506350736108,16.835593968657875,0.0,0.0,24.26546827384644,66.0498948990809,5.386224214464796,35.38533458295774,46.111449034083016,54.13241386101558,0.0,0.0,0.0,9.79096695103555,35.919539876972685,84.92913895846256,0.0,11.49902366656781,18.084157890192564,11.374772549367124,11.49902366656781,0.0,66.29636722862318,29.63565667495881,0.0,0.0,94.72010590949812,0.0,10.772448428929591,0.0,167.82,45.074705694544015,36.637723126482925,0.0,26.55196371486747,25.49567986362507,6.06636706846161,68.81689869870955,24.26546827384644,0.0,0.0,9.473725907600098,66.5348439486855,0.0,23.31724840242951,19.98327687106998,-0.3575226909200566,-2.2047511343713513,19.465144720370173,0.0,-2.011633132753366,-6.226606984510385,0.1428571428571428,42,2,12,0,0,0,0,4,0,4,0,0,8,2,14,0,12,0,0,0,0,0,8.586548804682701,4,3.416800000000002,154.2711999999997,2,0,0,0,0,0,0,0,2,2,2,0,0,0,0,2,0,0,0,0,0,0,0,0,0,0,0,0,0,2,0,0,0,0,4,0,1,0,0,0,0,2,0,0,0,0,0,0,0,0,0,0,0,0,0,2,0,0,0,0,0,0,0,0,0,0,0,0,0,0,0,0,0,0,0,0,2,0,0,0,0,0,0,0,0,CHEMBL3632887,COc1ccc(S(=O)(=O)N(CC(=O)O)c2cc(N(CC(=O)O)S(=O)(=O)c3ccc(OC)cc3)c3ccccc3c2)cc1,5500.0,3.740362689494244,CHEMBL3038498,Keap1/Nrf2,2,Large-Polar-Aromatic-Flexible-Hydrophobic,Large-Polar-Aromatic-Flexible-Hydrophobic
13.557211281940372,13.557211281940372,0.0098128562570367,-4.4659867886605555,0.2749873231611207,11.390243902439025,608.6470000000003,580.4230000000002,608.113451716,220,0,0.3238809352686018,-0.4967671120136989,0.4967671120136989,0.3238809352686018,0.7073170731707317,1.146341463414634,1.5609756097560976,32.23486241983005,10.217604819787695,2.3208980562110337,-2.273695166417121,2.3745792769139693,-2.368589186270443,7.928053783051364,-0.1357547757362514,2.943922424914265,2.170844426458502,1606.0671448950584,30.371668241257183,22.251758881747858,23.884752043603307,19.342139477510795,11.887720337693946,14.767846995295226,8.246936045858735,11.971556597917855,5.652506148975684,9.21454082582228,3.7453310528636936,6.576016541788636,-4.5,587634989.2571312,31.033310844999157,12.78,6.989145212929257,236.75849496503503,24.42364365108156,30.338048311676864,0.0,0.0,20.046582306815168,11.938610575903695,18.199506350736108,16.835593968657875,0.0,0.0,0.0,67.58740788430673,6.06636706846161,41.99221654747066,50.84831198788307,43.359965432085986,0.0,0.0,0.0,16.714704150726174,42.5264218414856,66.73003775307771,0.0,17.248535499851716,22.821020843992613,11.374772549367124,17.248535499851716,0.0,72.9032491931361,29.63565667495881,0.0,6.923737199690624,76.52100470411327,0.0,0.0,0.0,177.04999999999995,45.074705694544015,36.637723126482925,0.0,33.52213329819949,20.109455649160275,12.13273413692322,68.81689869870955,6.923737199690624,0.0,0.0,14.210588861400147,71.00687182427198,0.0,22.954751853413747,19.0450486143405,-0.362521315765363,-2.3578143978796415,14.028347650678413,0.0,-0.3866884305303688,-6.094662465195938,0.2307692307692307,41,2,13,0,0,0,0,3,0,3,0,0,9,2,15,0,14,0,0,0,0,0,9.67331006339242,3,2.662300000000001,147.9341999999998,2,0,0,0,0,0,0,0,2,2,2,0,0,0,0,2,0,0,0,0,0,0,0,0,0,0,0,0,0,2,0,0,0,0,3,0,0,0,0,0,0,3,0,0,0,0,0,0,0,0,0,0,0,0,0,2,0,0,0,0,0,0,0,0,0,0,0,0,0,0,0,0,0,0,0,0,2,0,0,0,0,0,0,0,0,CHEMBL5203566,CCOc1cc(N(CC(=O)O)S(=O)(=O)c2ccc(OC)cc2)ccc1N(CC(=O)O)S(=O)(=O)c1ccc(OC)cc1,815.0,2.9111576087399764,CHEMBL3038498,Keap1/Nrf2,2,Large-Polar-Aromatic-Flexible-Hydrophilic,Other
13.517781993298255,13.517781993298255,0.0950334074090606,-4.122237118324951,0.0555017169810606,13.724137931034482,837.472,792.1119999999997,836.2693716,300,0,0.2931983039215945,-0.3758658713439442,0.3758658713439442,0.2931983039215945,0.8275862068965517,1.5172413793103448,2.206896551724138,35.4956940659363,10.09866990493552,2.2433556178392937,-2.37229593708069,2.3215610084716434,-2.4610047542838656,7.989633469800989,-0.383693025152541,3.729192911012772,0.9737798495578436,2423.756191613071,40.649478355379685,32.239539448459375,34.62846155633327,28.0180102088493,18.93030968420381,21.7770359644609,14.274800034331848,17.487051044932535,9.940315462465197,12.745793565061902,6.845479584725799,9.04289701659464,-5.539999999999999,10809989622704.996,40.64903387422813,18.368010545635183,10.11685190064402,348.18705084220267,20.016517796557764,5.687386274683562,0.0,0.0,15.710677428091143,0.0,14.83641313321766,13.09959991947412,5.098681808301038,11.761884949391115,41.93277523254056,118.05642802111716,76.58381423301344,27.396952365480544,13.341108033146607,61.823047366449025,0.0,14.6803944742967,0.0,22.25362940310952,72.41068253182341,148.7275035918138,0.0,16.944765761229018,19.838702930159375,28.43693137341781,0.0,23.36282483962363,86.63532293825531,10.023291153407584,10.114318268765572,6.4208216229260096,143.38151896034248,5.022633313741326,16.944765761229018,0.0,128.88000000000002,14.946602202225254,18.53211525309451,0.0,22.31209685403286,16.462873195171678,78.42599250706442,12.13273413692322,30.091462657927412,91.57355172203891,54.10276274315733,11.600939890232516,31.550273697311074,7.774862598193144,19.298089696702096,20.786157378070456,5.424955357762704,0.6769302310651583,39.18578876130945,2.537067062105723,3.952644232432381,-0.1589912371744133,0.2325581395348837,58,2,12,0,1,1,0,5,1,6,1,0,11,2,15,2,16,0,1,1,0,0,12.873135911581103,7,8.752800000000004,236.53059999999945,0,0,0,0,0,2,0,0,0,0,0,0,0,0,0,6,2,0,0,0,0,0,0,0,0,0,0,0,0,4,0,0,0,0,5,0,0,0,0,0,0,0,0,0,1,0,0,0,0,0,0,0,0,0,0,0,0,0,1,1,0,0,0,0,0,0,0,0,0,0,1,0,0,0,0,1,1,0,0,0,0,0,0,0,0,CHEMBL2325773,CN(C)CC[C@H](CSc1ccccc1)Nc1ccc(S(=O)(=O)Nc2ccc(N3CCN(c4cccc(-c5ccnn5-c5ccc(Cl)cc5)c4)CC3)cc2)cc1[N+](=O)[O-],32.0,1.505149978319906,CHEMBL4625,Apoptosis regulator Bcl-X,2,Large-Polar-Aromatic-Flexible-Hydrophobic,Large-Polar-Aromatic-Flexible-Hydrophobic
12.982512612777525,12.982512612777525,0.0404956673016743,-3.9185967089935336,0.3711501585232111,11.705882352941176,498.5820000000002,476.40600000000035,498.0919284239999,176,0,0.2615478057204489,-0.4967217393253768,0.4967217393253768,0.2615478057204489,0.5588235294117647,0.9705882352941176,1.3529411764705883,32.23469828885115,10.079042265410257,2.1963802014189073,-2.1530554795598613,2.3295812718491073,-2.148212524982638,7.926801692747851,0.4131051764644201,2.8514300303155955,1.7149503012101337,1449.7108176463444,24.346724214874857,18.348890092365668,19.98188325422112,16.230643260171078,10.088676400790408,13.055002895979191,7.275231084557979,10.640035567377009,5.115724285100123,7.842080836374789,3.4211275200576283,5.649904560219459,-3.7599999999999985,39518156.98452584,23.399926494545745,9.238628240496574,4.7757133480361285,197.80550690321343,9.473725907600098,11.49902366656781,0.0,0.0,20.046582306815168,0.0,9.444189728904176,16.835593968657875,0.0,0.0,36.39820241076966,36.39820241076966,22.90518256585281,35.38533458295774,26.309319876257973,42.19380328511188,0.0,0.0,0.0,9.79096695103555,23.663784811459244,84.92913895846256,0.0,11.49902366656781,18.917915636504276,11.374772549367124,11.49902366656781,0.0,31.055189051212945,20.046582306815168,0.0,0.0,94.72010590949812,0.0,10.772448428929591,0.0,110.8,20.046582306815168,16.835593968657875,0.0,9.79096695103555,33.646244644864524,0.0,50.61779749332472,48.53093654769288,0.0,9.444189728904176,9.473725907600098,67.34396632177163,0.0,0.0809913346033486,1.0552099080372896,0.6162003816423016,0.8241297175706865,22.170724339369425,0.0,0.0,-4.924555336328009,0.0833333333333333,34,2,8,0,0,0,0,4,0,4,0,0,6,2,10,0,8,0,0,0,0,0,6.358330051119244,4,4.458600000000003,131.55299999999997,0,0,0,0,0,0,0,0,0,0,0,0,0,0,0,0,2,0,0,0,0,0,0,0,0,0,0,0,0,2,0,0,0,0,4,0,1,0,0,0,0,2,0,0,0,0,0,0,0,0,0,0,0,0,0,2,0,0,0,0,0,0,0,0,0,0,0,0,0,0,0,0,0,0,0,0,2,0,0,0,0,0,0,0,0,CHEMBL3632699,COc1cccc(S(=O)(=O)Nc2ccc(NS(=O)(=O)c3cccc(OC)c3)c3ccccc23)c1,630.0,2.7993405494535817,CHEMBL3038498,Keap1/Nrf2,2,Large-Polar-Aromatic-Flexible-Hydrophobic,Large-Polar-Aromatic-Flexible-Hydrophobic
13.33894142151098,13.33894142151098,0.138245513428439,-4.422115439353012,0.0634394616634188,14.054545454545456,779.9890000000001,734.6289999999998,779.29235954,286,0,0.2931983166921879,-0.3758658713437935,0.3758658713437935,0.2931983166921879,0.9272727272727272,1.6545454545454543,2.3454545454545452,32.23330023534281,10.00379525429126,2.2566038673647353,-2.36095085939939,2.3049727586474735,-2.4556935585856934,7.989599082995767,-0.383694253256032,3.196811779429885,1.0604352975251454,2165.1412958427113,38.78767103581389,30.87501591322135,32.5080090750768,26.551683713660516,18.059235573064395,20.527997380312268,13.636874489856153,16.412689719984844,9.432836402445323,11.936031335256322,6.426855990765358,8.413824829798585,-5.2799999999999985,1663924008842.4033,39.41427131425054,18.36718353676804,10.694202616906155,326.33051126207977,15.116608065707286,5.687386274683562,0.0,0.0,21.61785715744265,0.0,24.79274370463508,13.139891848781026,0.0,11.761884949391115,48.53093654769288,92.78512859374146,84.68830341074072,9.818794524335445,18.13564521721843,44.75451465620089,0.0,19.50589284710025,0.0,28.798385809022097,62.78867793652084,142.82951562769475,0.0,11.126902983393991,14.938793199308895,17.062158824050687,0.0,11.761884949391115,92.64590617595827,16.56804755932016,10.114318268765572,22.34226179039182,131.3792613265707,0.0,11.126902983393991,0.0,141.02,26.54116820626032,23.32665243716633,0.0,22.188162071046293,12.1736752296728,61.481226745835386,23.259637120317212,30.091462657927412,79.78940088397242,49.08814972495303,0.0,28.7658802859944,1.6339676153249787,36.36973989127296,15.435969118029991,4.416277812066575,-0.1824570436956626,32.58935191654241,4.3637975434673795,4.860683048051892,-0.5032101870549064,0.2682926829268293,55,2,12,0,1,1,1,4,1,5,1,0,11,2,14,2,16,0,1,1,0,0,13.16234827630566,6,6.622200000000007,219.1010999999994,0,0,0,0,0,1,0,0,0,0,1,1,0,0,0,5,2,0,0,0,0,0,0,0,0,0,0,1,0,2,0,0,0,0,4,0,0,0,0,0,0,0,0,0,0,0,0,0,0,0,0,0,0,0,0,0,0,0,1,1,0,0,0,0,0,0,0,0,0,0,1,0,0,1,0,1,1,0,0,0,0,0,0,0,0,CHEMBL221750,CN(C)CC[C@H](CSc1ccccc1)Nc1ccc(S(=O)(=O)NC(=O)c2ccc(N3CCN(Cc4ccccc4-c4cccnc4)CC3)cc2)cc1[N+](=O)[O-],81.0,1.9084850188786495,CHEMBL4625,Apoptosis regulator Bcl-X,2,Large-Polar-Aromatic-Flexible-Hydrophobic,Large-Polar-Aromatic-Flexible-Hydrophobic
13.817509589121382,13.817509589121382,0.0544738351225089,-4.458838991212277,0.0916273092351426,10.951219512195122,594.6460000000003,571.4620000000003,594.1043046759999,210,0,0.2931900974294739,-0.3786507545624054,0.3786507545624054,0.2931900974294739,0.8780487804878049,1.5609756097560976,2.2439024390243905,32.23329910841471,10.144788972713336,2.236604478768608,-2.107286000854492,2.279510187954689,-2.3023910105755023,7.989306123988536,-0.3836776745526935,2.95792050926758,1.3913293847559125,1683.8387474876977,29.407202147189924,21.242982261627205,22.875975423482657,19.63586747568856,12.071354939076874,14.540116746324752,8.470299793848216,11.321029981107428,5.656143702074738,7.998551331620756,3.6390560004726287,5.422216691872335,-4.749999999999999,1106072537.6129286,29.237950829648263,13.068785185185185,7.676666666666667,238.73748198939347,10.633577208012662,11.504607115729456,0.0,0.0,27.525036886794155,0.0,19.703392636909214,17.530306896455848,0.0,11.761884949391115,30.33183534230805,60.6636706846161,34.510298323019306,15.38224601603244,27.320597448965067,50.661694385552394,0.0,4.722094864452088,0.0,9.79096695103555,22.931187220672022,124.12031518859128,0.0,0.0,15.355672072464747,21.452573871725505,0.0,11.761884949391115,37.45307750450898,10.023291153407584,15.931539109811467,20.715977351537635,106.85284004642136,0.0,0.0,0.0,147.51,43.161052252175494,32.51160466891297,0.0,22.501675532761116,12.297610012659364,23.094584680902603,48.53093654769288,11.761884949391115,35.053930206760135,10.633577208012662,0.0,41.40539462704656,1.5577273264762417,36.420771611948865,17.07850953549731,-0.2884729942148281,-1.7661650176395556,23.57887931372583,0.0,0.3888612550385188,-4.458838991212277,0.0714285714285714,41,3,10,0,0,0,2,4,0,4,0,0,8,3,13,0,11,0,0,0,0,0,9.3196219182361,4,5.309100000000004,154.1992999999998,0,0,0,0,0,0,0,0,0,0,2,2,0,0,0,1,3,0,0,0,0,0,0,0,0,0,0,2,0,2,0,0,0,0,4,0,0,0,0,0,0,0,0,0,1,0,0,0,0,0,0,0,0,0,0,0,0,0,1,1,0,0,0,0,0,0,0,0,0,0,0,0,0,0,0,1,1,0,0,0,0,0,0,0,0,CHEMBL1940669,O=C(NS(=O)(=O)c1ccc(NCCSc2ccccc2)c([N+](=O)[O-])c1)c1ccc(NC(=O)c2ccccc2F)cc1,32190.0,4.507720976685613,CHEMBL614628,Raji,2,Large-Polar-Aromatic-Flexible-Hydrophobic,Large-Polar-Aromatic-Flexible-Hydrophobic
13.297396939536744,13.297396939536744,0.275274470031865,-4.527674241419437,0.2840637425441883,11.435897435897436,580.5930000000003,556.4010000000002,580.0821515879999,208,0,0.3238809340089025,-0.5056629544342989,0.5056629544342989,0.3238809340089025,0.6923076923076923,1.1025641025641026,1.4871794871794872,32.23486209935508,10.222290125975167,2.3158894793743663,-2.2617897635368904,2.364628199920738,-2.3657939318961634,7.928045674586023,-0.1357545822043657,2.8992030186220608,2.0925348692079084,1571.2524534065792,28.95745467888409,20.5836174055974,22.216610567452857,18.304134675050012,10.911421074430637,13.791547732031916,7.8349129849013615,11.55953353696048,5.368271232913298,8.930305909759895,3.4880891510123138,6.322331669358648,-4.499999999999999,214412809.02373695,29.061831488084067,11.48750101452804,6.3239714625445895,223.7092992589309,24.793308092122217,30.338048311676864,0.0,0.0,20.046582306815168,11.938610575903695,18.199506350736108,16.835593968657875,0.0,0.0,0.0,60.6636706846161,6.06636706846161,35.38533458295774,51.21797642892372,43.359965432085986,0.0,0.0,0.0,9.79096695103555,35.919539876972685,66.73003775307771,0.0,17.248535499851716,18.084157890192564,11.374772549367124,17.248535499851716,0.0,71.4028946234639,29.63565667495881,0.0,0.0,76.52100470411328,0.0,0.0,0.0,188.05,56.51160380251148,41.74425052132363,0.0,15.478353225719111,20.109455649160275,18.19910120538483,62.75053163024794,0.0,0.0,0.0,9.473725907600098,64.09728523159383,0.0,22.481954995473043,29.489909807874135,-0.7910398342838818,-3.1514850421270344,13.058845414598792,0.0,-2.110721652394597,-6.241415587400952,0.1666666666666666,39,3,13,0,0,0,0,3,0,3,0,0,9,3,15,0,12,0,0,0,0,0,8.560200479574581,3,1.9691999999999992,138.42999999999992,2,0,0,0,0,0,0,1,2,2,2,0,0,0,0,2,0,0,0,0,0,0,0,0,0,0,0,0,0,2,0,0,0,0,3,0,0,0,0,0,0,2,0,0,0,0,0,0,0,0,0,0,0,0,0,2,0,0,0,0,0,0,0,0,0,1,1,0,0,0,0,0,0,0,0,0,2,0,0,0,0,0,0,0,0,CHEMBL5189014,COc1ccc(S(=O)(=O)N(CC(=O)O)c2ccc(N(CC(=O)O)S(=O)(=O)c3ccc(OC)cc3)c(O)c2)cc1,1110.0,3.0453229787866576,CHEMBL3038498,Keap1/Nrf2,2,Large-Polar-Aromatic-Flexible-Hydrophilic,Other
13.841937948471692,13.841937948471692,0.0555642875709614,-4.5061760943210905,0.1878586499520723,11.347826086956522,670.7180000000002,640.4780000000001,670.1291017799999,242,0,0.3238781790442321,-0.4967671120136989,0.4967671120136989,0.3238781790442321,0.6304347826086957,1.108695652173913,1.5869565217391304,32.234863203142176,10.130210781570598,2.3178844621233403,-2.2782420002049397,2.33918163939912,-2.373305120625542,7.928028808778964,-0.1357541912525124,3.0505150062179607,1.8797705942864351,1898.573785326396,33.48455241637954,24.638510227695985,26.271503389551437,21.85977756771584,13.444850549623638,16.324977207224915,9.576638645861314,13.301259197920434,6.609895607243193,10.171930284089788,4.374002381093322,7.231969792830061,-5.2799999999999985,9470999245.230156,33.60980110475963,14.216834896658575,7.675502589878918,265.4506470567024,24.42364365108156,36.94493027618979,0.0,0.0,20.046582306815168,11.938610575903695,18.199506350736108,16.835593968657875,0.0,0.0,18.19910120538483,78.86277189000094,5.563451491696996,35.38533458295774,50.848311987883065,43.359965432085986,0.0,0.0,0.0,16.39784891554847,35.919539876972685,102.6253245870828,0.0,17.248535499851716,22.821020843992613,11.374772549367124,17.248535499851716,0.0,66.29636722862318,36.242538639471725,0.0,5.563451491696996,106.85284004642136,0.0,0.0,0.0,177.04999999999998,45.074705694544015,36.637723126482925,0.0,33.33607295661258,25.85896748244418,0.0,80.9496328356328,30.33183534230805,0.0,0.0,14.210588861400147,72.46598907625038,0.0,23.378853154865407,19.38785551986247,-0.2076118425892952,-1.7869774181063371,22.735672745900462,0.0,-2.309875894733813,-6.163905341449268,0.1612903225806451,46,2,13,0,0,0,0,4,0,4,0,0,9,2,15,0,15,0,0,0,0,0,10.38749985251958,4,3.8426000000000022,167.53919999999962,2,0,0,0,0,0,0,0,2,2,2,0,0,0,0,2,0,0,0,0,0,0,0,0,0,0,0,0,0,2,0,0,0,0,4,0,0,0,0,0,0,3,0,0,0,0,0,0,0,0,0,0,0,0,0,2,0,0,0,0,0,0,0,0,1,0,0,0,0,0,0,0,0,0,0,0,2,0,0,0,0,0,0,0,0,CHEMBL5193234,COc1ccc(S(=O)(=O)N(CC(=O)O)c2ccc(N(CC(=O)O)S(=O)(=O)c3ccc(OC)cc3)c(COc3ccccc3)c2)cc1,2620.0,3.4183012913197452,CHEMBL3038498,Keap1/Nrf2,2,Large-Polar-Aromatic-Flexible-Hydrophobic,Large-Polar-Aromatic-Flexible-Hydrophobic
14.334268696752792,14.334268696752792,0.0544437496009004,-4.270422498580468,0.1438506997640646,11.64,714.7900000000001,684.55,714.1791206800001,256,0,0.2642006136267529,-0.3263376798966005,0.3263376798966005,0.2642006136267529,0.6,0.98,1.3,32.23486378013685,10.063112639207477,2.312802630942492,-2.285897453455337,2.394247930476301,-2.322422833219793,7.927633349795194,-0.1146023564457555,3.807555595833678,1.489222234878819,2198.552947356694,35.46768007950498,26.60108576611777,28.23407892797322,23.928727252937133,14.96498353916828,17.845110196769557,11.013435420926484,14.738055972985604,7.486686193843733,11.03459870826891,5.2824311929881835,8.192206139823593,-6.14,157025974657.11987,33.749398381334295,13.76676845685982,7.008302275699498,286.1658118938419,10.633577208012662,11.387855989696922,0.0,11.814359458703011,20.046582306815168,0.0,28.396869967338183,16.835593968657875,0.0,10.197363616602075,34.69223846515617,60.6636706846161,48.38838252090411,34.255252312227825,26.424668336801517,65.38293529318202,0.0,30.82149742451389,0.0,36.72795416224195,19.244009190605126,108.71068209138566,0.0,0.0,19.244009190605126,22.74954509873425,0.0,0.0,59.47145085187477,42.72516948678396,0.0,25.23533038907817,107.1137930527243,0.0,10.772448428929591,0.0,216.1,20.046582306815168,26.424668336801517,0.0,46.06961177093083,33.53507696799364,0.0,95.51526420981598,24.26546827384644,0.0,41.45507463252655,0.0,59.673569073564146,0.0,22.948913307780565,26.758774348828485,1.997683303716114,-0.6084454769297465,21.38023083665808,2.9491812397733352,2.274271697103309,-8.540844997160935,0.125,50,4,16,0,0,0,2,4,2,6,0,0,10,4,18,2,12,0,0,0,0,0,9.292403061482975,6,3.783800000000001,184.94239999999968,0,0,0,0,0,6,2,0,0,0,2,2,0,0,0,6,4,0,0,0,0,2,0,0,0,0,0,2,0,4,0,0,0,0,4,0,1,0,0,0,0,0,0,0,0,0,0,0,0,0,0,0,0,0,0,0,0,0,0,0,0,0,0,0,0,0,0,0,0,0,0,0,0,0,0,0,2,0,0,0,0,0,0,0,0,CHEMBL4515723,CC(=O)Nc1ccc(S(=O)(=O)N(Cc2c[nH]nn2)c2ccc(N(Cc3c[nH]nn3)S(=O)(=O)c3ccc(NC(C)=O)cc3)c3ccccc23)cc1,609.0,2.784617292632875,CHEMBL3038498,Keap1/Nrf2,2,Large-Polar-Aromatic-Flexible-Hydrophobic,Large-Polar-Aromatic-Flexible-Hydrophobic
13.666230380782206,13.666230380782206,0.0351451051737394,-0.6686609443653138,0.0757630200428486,11.333333333333334,728.8420000000003,684.4900000000001,728.309766368,278,0,0.255593629302671,-0.5066387768713432,0.5066387768713432,0.255593629302671,0.4259259259259259,0.7407407407407407,1.0555555555555556,16.309409804033777,9.86906990384716,2.2792136972096717,-2.203578326142918,2.505620565574246,-2.239707782305228,6.157363593071335,0.0940527502878492,3.0694984624883963,1.4437369340521966,2363.6929586600204,39.49638837316883,31.532793869817574,31.532793869817574,25.402570116311267,17.532904792853838,17.532904792853838,14.38288102575322,14.38288102575322,10.370494177564344,10.370494177564344,7.840604120289697,7.840604120289697,-6.419999999999999,370474744414.9558,37.34068172522271,13.85298590286177,6.334864806551983,312.5334912543984,41.27274157705689,11.49902366656781,22.99804733313562,0.0,11.814359458703011,0.0,9.589074368143644,0.0,0.0,0.0,35.392371257240434,124.1629778049474,45.76131265307833,11.126902983393991,40.22823873718787,33.359256316562195,0.0,10.633577208012662,0.0,68.47941040935012,0.0,115.29235444805686,0.0,45.62397398309742,10.633577208012662,0.0,34.49707099970343,0.0,42.45352382774724,13.08951281182515,55.38989759752498,76.3504922685076,48.53093654769288,0.0,32.671799841253176,0.0,179.57999999999998,34.81240679183863,40.22823873718787,0.0,68.38723930304012,11.126902983393991,56.640346070499184,0.0,25.980208536304467,65.80789147199019,10.633577208012662,0.0,0.0,0.0,27.332460761564413,73.15154337818232,8.64031902755511,-4.6770795489146755,13.4814763437328,0.0,15.40461337121335,0.0,0.2272727272727272,54,8,10,0,0,0,2,6,0,6,0,0,8,8,10,0,7,0,0,0,0,0,9.57925810264367,6,8.22096000000001,209.99919999999963,0,0,0,0,0,0,0,6,0,0,2,2,0,0,0,0,2,0,0,0,0,0,0,0,0,0,0,2,0,0,8,0,0,0,6,0,2,0,0,0,0,0,0,0,0,0,0,0,0,0,0,0,0,0,0,0,0,0,0,0,0,0,0,0,0,6,6,0,0,0,0,0,0,0,0,0,0,0,0,0,0,0,0,0,0,CHEMBL554545,Cc1cc(C)c(CNC(=O)c2c(O)c(O)cc3c(O)c(-c4c(C)cc5c(C(=O)NCc6c(C)cc(C)cc6C)c(O)c(O)cc5c4O)c(C)cc23)c(C)c1,700.0,2.845098040014257,CHEMBL4860,Apoptosis regulator Bcl-2,2,Large-Polar-Aromatic-Flexible-Hydrophobic,Large-Polar-Aromatic-Flexible-Hydrophobic
14.053569122916269,14.053569122916269,0.0448172039834202,-4.309745148412884,0.2271455900561345,12.61904761904762,589.7100000000003,554.4300000000003,589.21342346,220,0,0.3491820984382326,-0.4798953607126784,0.4798953607126784,0.3491820984382326,0.8571428571428571,1.4285714285714286,1.9523809523809523,32.233429539694114,9.861694408360638,2.3196280183863864,-2.2680431298662707,2.3875924788726612,-2.3632842942741137,7.925891771578864,-0.1450041271807745,2.8867190345107585,1.8372724643152791,1747.9180427091192,30.98239870526642,24.503790809934745,25.320287390862468,19.606116602200295,13.450159794679063,14.890223123479704,11.469806196607776,13.268960242310165,7.109942126180396,9.175872236307194,5.2280035410601835,7.078563011684303,-4.369999999999999,874479662.9374222,30.58541735025066,11.485362763999174,6.109372587004114,245.7872858183278,14.94991774348146,12.29426823919648,0.0,6.103966387748303,10.023291153407584,11.938610575903695,9.099753175368054,13.212334168400758,0.0,0.0,86.99833377538498,55.00929068048285,16.335899920626588,10.582869750201336,32.956789095954036,38.42173643292443,0.0,0.0,0.0,57.95686353080659,10.84997239720881,100.61366228002431,0.0,5.749511833283905,9.042078945096282,5.687386274683562,5.749511833283905,0.0,37.11421875582662,25.027355990948003,20.771211599071872,54.69243544530515,77.6918882970571,0.0,10.772448428929591,0.0,121.21000000000002,34.61062452297216,28.219926142153987,0.0,21.74737205288202,27.462802904020577,15.432118974690225,12.13273413692322,62.37841094707412,19.056471336613843,20.771211599071872,4.736862953800049,35.04250524056687,0.0,24.316869441043742,20.64004292784688,3.431330513408283,-2.2924698482150223,20.386523182626288,-1.3287154126641203,10.613659103799977,-4.309745148412884,0.2727272727272727,42,2,8,0,0,0,0,4,0,4,1,0,5,2,9,0,9,0,0,0,0,1,8.3639193703796,4,6.547160000000007,162.9153999999996,2,0,0,0,0,0,0,0,2,2,2,0,0,0,0,1,0,0,0,0,0,0,0,0,0,0,0,0,0,1,3,0,0,0,4,0,1,0,0,0,0,1,0,0,0,0,0,0,0,0,0,0,0,0,0,0,0,0,0,0,0,0,0,0,0,0,0,0,0,0,0,0,0,0,0,0,1,0,0,0,0,0,0,0,0,CHEMBL4789789,Cc1cc(C)c(S(=O)(=O)N(CC(=O)O)c2ccc(OC(C(=O)O)c3ccc(C(C)(C)C)cc3)c3ccccc23)c(C)c1,19000.0,4.278753600952829,CHEMBL3038498,Keap1/Nrf2,2,Large-Polar-Aromatic-Flexible-Hydrophobic,Large-Polar-Aromatic-Flexible-Hydrophobic
14.11149632547544,14.11149632547544,0.0577182826697508,-3.7071173010675698,0.1251819055638221,15.589285714285714,859.3349999999999,809.9429999999998,857.2489492080001,294,0,0.2614294494097508,-0.3679830724373574,0.3679830724373574,0.2614294494097508,0.7678571428571429,1.4285714285714286,2.107142857142857,79.91873170614504,9.954755797971597,2.270177775180196,-2.3726154298696476,2.402076498444578,-2.4610206738945415,9.103018996919996,0.0949022532233778,3.468200791010465,1.063169544577601,2265.962285868434,39.39840149982312,32.140768985459744,35.299191051520616,26.96236731618347,19.097596728966668,21.75172271912763,14.638469982032154,17.672983532705356,10.935124479418375,13.059319766694031,7.640986644109246,9.4218115537339,-4.329999999999998,3380336162041.8037,39.887826058339925,17.437334742742475,9.10594729917893,343.77355213326473,29.4835271751996,0.0,0.0,0.0,15.930470882759089,0.0,9.51663204852391,8.417796984328938,0.0,0.0,57.862719130489914,104.79392794767811,103.76537077606024,16.15286296206323,13.212334168400758,60.52351349499165,0.0,19.68370771349864,7.04767198267719,18.24004229813441,87.01715036795599,117.814605411505,0.0,22.384282469939446,19.838702930159375,17.062158824050687,0.0,27.530883788181864,101.18713186497568,17.070963136084774,6.923737199690624,22.472738293543287,106.430076086736,5.022633313741326,22.384282469939446,0.0,93.16000000000004,10.023291153407584,13.212334168400758,0.0,10.80266320486928,27.290947001866872,104.77661229029424,0.0,24.26546827384644,62.50234573006069,81.44870619412465,11.600939890232516,31.38216432977371,9.666385052028396,23.84823151983317,3.924525747412847,8.130588718357581,-0.0577182826697508,30.551016694501655,0.9004823279440936,11.113557640804862,0.4852106964578713,0.3255813953488372,56,2,10,0,2,2,1,4,1,5,0,0,8,2,13,3,12,0,2,2,0,0,12.420310270349276,7,7.578120000000008,232.7376999999994,0,0,0,0,0,1,0,0,0,0,1,1,0,0,0,5,2,0,0,1,0,0,0,0,0,0,0,1,0,3,0,0,0,0,4,0,0,0,0,0,0,0,0,0,2,0,0,0,0,0,0,0,0,0,0,0,0,0,0,0,0,0,0,0,0,0,0,0,0,0,2,0,0,0,0,0,1,0,0,0,0,0,0,0,0,CHEMBL2171005,Cc1c(C(=O)NCCCN2CCN(C)CC2)c(-c2cccc(N3CCN(c4ccc(NS(=O)(=O)c5cccc(Br)c5)cc4)CC3)c2)c(-c2ccc(Cl)cc2)n1C,255.0,2.406540180433955,CHEMBL4860,Apoptosis regulator Bcl-2,2,Large-Polar-Aromatic-Flexible-Hydrophobic,Large-Polar-Aromatic-Flexible-Hydrophobic
14.085954012274012,14.085954012274012,0.043544736254873,-4.728303165482436,0.1870162631862381,12.68,738.6560000000001,718.4959999999999,738.1014604400002,260,0,0.4159108954877188,-0.257998049592289,0.4159108954877188,0.257998049592289,0.54,0.9,1.2,32.23486422788243,10.064407428118612,2.349431525430046,-2.2837542891100875,2.4005987811461047,-2.326018007575097,7.92760573758223,-0.1379959576797279,3.8006698839368025,1.5117055401831438,2171.574576751023,35.898765978752635,24.792102675866072,26.425095837721525,23.5636832835128,13.93592812935285,16.816054786954126,10.412912343056178,14.137532895115298,7.319878533067755,10.86779104749293,4.951300414953785,7.841103608162794,-5.640000000000001,111416518701.84268,34.23101544830557,12.671041746304605,6.653480229785124,277.38257461400497,0.0,0.0,11.648808995999854,0.0,20.046582306815168,12.35259703488695,8.610431982592466,27.03295758525995,26.34249028604892,10.197363616602075,24.26546827384644,81.51721106723559,10.772448428929591,45.382155295621814,43.1780842547068,42.19380328511188,0.0,41.24826761582362,0.0,35.23307679774765,8.610431982592466,107.70485093785642,0.0,0.0,8.610431982592466,37.71726283541605,0.0,0.0,58.0838615844815,45.488692153527275,0.0,22.775711979393847,94.72010590949812,0.0,10.772448428929591,0.0,183.68,66.4065620879568,43.1780842547068,0.0,33.79602997429657,24.26546827384644,32.87590025643891,36.39820241076966,0.0,0.0,41.24826761582362,0.0,137.5360202167643,0.0,-1.0084083395627403,26.44721841266284,-2.2455573096701182,-0.0870894725097464,14.176841496782409,-9.45660633096487,-1.0615124492962624,-9.300906224205804,0.1428571428571428,50,2,14,0,0,0,0,4,2,6,0,0,10,2,22,2,10,0,0,0,0,0,8.674852515277554,6,4.694600000000003,161.92899999999975,0,0,0,0,0,8,2,0,0,0,0,0,0,0,0,8,2,0,0,0,0,2,0,0,0,6,0,0,0,2,0,0,0,0,4,0,1,0,0,0,0,0,0,0,6,0,0,0,0,0,0,0,0,0,0,0,0,0,0,0,0,0,0,0,0,0,0,0,0,0,0,0,0,0,0,0,2,0,0,2,0,0,0,0,0,CHEMBL4876513,O=S(=O)(c1ccc(C(F)(F)F)cc1)N(Cc1nnn[nH]1)c1ccc(N(Cc2nnn[nH]2)S(=O)(=O)c2ccc(C(F)(F)F)cc2)c2ccccc12,302.0,2.4800069429571505,CHEMBL3038498,Keap1/Nrf2,2,Large-Polar-Aromatic-Flexible-Hydrophobic,Large-Polar-Aromatic-Flexible-Hydrophobic
14.300115658157434,14.300115658157434,0.1145420467307902,-6.032587388146642,0.0640453988493864,16.11111111111111,1065.703,1009.2549999999997,1064.301323472,382,0,0.5014901630612615,-0.477575109080734,0.5014901630612615,0.477575109080734,0.8055555555555556,1.4444444444444444,2.0694444444444446,35.495695264833664,9.935117149782716,2.483678999042177,-2.372565279468324,2.412022478972954,-2.4609985385070825,7.98979776416226,-0.0435587648593766,3.620083342487172,0.960145493082499,3123.0114020079072,51.58863594413509,39.863656034781705,43.06907472358333,34.09712545796397,23.363561948871585,27.693451476723077,18.431595410484213,23.55345645198517,13.421603617981422,17.75329551075223,9.189698754150438,12.415893699663243,-5.699999999999998,4092824999971281.5,52.61770983586114,21.40797626571112,11.87443348915924,427.1316735269962,34.796672234030524,4.895483475517775,0.0,0.0,19.86054428982509,11.477635789216103,4.722094864452088,21.630131152729696,13.17124514302446,11.761884949391115,54.06550936946379,123.09961414155426,102.8933163598152,27.441300047730483,45.014431085435575,71.94221951613481,0.0,9.467009378641832,7.04767198267719,64.94761183610852,71.40485137829418,137.60735416951903,0.0,22.384282469939446,19.83870293015937,35.92079024175871,0.0,23.36282483962363,111.20233401446367,26.908216272502276,6.923737199690624,42.238118739085934,136.01379179578558,5.022633313741326,22.384282469939446,0.0,164.51999999999998,52.77203867020839,45.014431085435575,0.0,16.93822404106412,93.17499318566124,45.22382114005057,23.894619086314336,38.112942673227685,78.34480938354625,24.73861266100985,11.600939890232516,101.1366590035138,7.641059256756508,18.1860105968665,24.39454884550427,-1.2624967002730103,-0.6663240819004947,33.143617149197006,1.5454683048829256,7.775672048800995,-8.783103312237406,0.3269230769230769,72,4,13,0,2,2,0,5,1,6,1,0,12,4,20,3,17,0,2,2,0,0,15.644981712808194,8,10.249719999999996,279.84209999999996,0,1,0,0,1,1,0,0,1,1,1,0,0,0,0,4,2,0,0,0,1,0,0,0,0,3,0,0,0,4,0,0,0,0,5,0,0,0,0,0,0,0,0,0,4,0,0,0,0,0,0,0,0,0,0,0,0,0,0,0,0,0,0,0,0,0,0,0,0,1,1,0,0,0,0,1,1,1,0,0,0,0,0,0,0,CHEMBL2170836,Cc1c(C(=O)O)c(-c2cccc(N3CCN(c4ccc(NS(=O)(=O)c5ccc(N[C@H](CCN6CCC(C)(O)CC6)CSc6ccccc6)c(S(=O)(=O)C(F)(F)F)c5)cc4)CC3)c2)c(-c2ccc(Cl)cc2)n1C,18.6,1.2695129442179165,CHEMBL4860,Apoptosis regulator Bcl-2,2,Large-Polar-Aromatic-Flexible-Hydrophobic,Large-Polar-Aromatic-Flexible-Hydrophobic
13.76024081015534,13.76024081015534,0.0614599943640341,-4.471789618101621,0.2412597912931279,11.571428571428571,614.6540000000002,588.4460000000001,614.1028870319999,220,0,0.323878408861752,-0.4967217382840227,0.4967217382840227,0.323878408861752,0.6190476190476191,1.0,1.3333333333333333,32.234862565560356,10.064894658118234,2.3224612277686174,-2.278015189115701,2.38530151805052,-2.3686261664485633,7.928377696950291,-0.1357492434354791,2.977676451702824,1.9531187423650456,1738.883010827221,30.65612529163336,22.368454617666327,24.001447779521776,19.89345107252705,12.187814276680658,15.06794093428194,8.818202290560734,12.542822842619852,6.231563194632447,9.743012442477228,4.324939456909273,7.262250581180869,-4.819999999999999,1343470806.8969686,30.14578834765705,11.963032634530595,5.940214394389498,241.59673003847004,19.68678069728151,24.58853647839296,0.0,0.0,20.046582306815168,11.938610575903695,18.199506350736108,16.835593968657875,0.0,0.0,36.39820241076966,36.39820241076966,22.90518256585281,35.38533458295774,46.111449034083016,54.13241386101558,0.0,0.0,0.0,9.79096695103555,35.919539876972685,84.92913895846256,0.0,11.49902366656781,18.084157890192564,11.374772549367124,11.49902366656781,0.0,66.29636722862318,29.63565667495881,0.0,0.0,94.72010590949812,0.0,10.772448428929591,0.0,167.82,45.074705694544015,36.637723126482925,0.0,43.437211595900074,8.610431982592466,0.0,87.01599990409441,12.13273413692322,0.0,0.0,9.473725907600098,66.67037880217303,0.0,23.26278132222341,19.635136335410436,-0.1229199887280685,-2.4141617207083303,19.60826167116542,0.0,-1.9090618476838848,-6.230414573852006,0.1428571428571428,42,2,12,0,0,0,0,4,0,4,0,0,8,2,14,0,12,0,0,0,0,0,8.586548804682701,4,3.416800000000002,154.27119999999974,2,0,0,0,0,0,0,0,2,2,2,0,0,0,0,2,0,0,0,0,0,0,0,0,0,0,0,0,0,2,0,0,0,0,4,0,1,0,0,0,0,2,0,0,0,0,0,0,0,0,0,0,0,0,0,2,0,0,0,0,0,0,0,0,0,0,0,0,0,0,0,0,0,0,0,0,2,0,0,0,0,0,0,0,0,CHEMBL3601219,COc1cccc(S(=O)(=O)N(CC(=O)O)c2ccc(N(CC(=O)O)S(=O)(=O)c3cccc(OC)c3)c3ccccc23)c1,66.1,1.82020145948564,CHEMBL3038498,Keap1/Nrf2,2,Large-Polar-Aromatic-Flexible-Hydrophobic,Large-Polar-Aromatic-Flexible-Hydrophobic
13.255097149003976,13.255097149003976,0.0987941235766252,-4.399768561614029,0.0627942512169943,15.16326530612245,711.9510000000001,662.5590000000001,711.3124262880001,266,0,0.2931983166921879,-0.3780986341143886,0.3780986341143886,0.2931983166921879,1.0612244897959184,1.7551020408163265,2.36734693877551,32.23329975110676,9.854697796259453,2.3391627555764636,-2.4169471616705676,2.336874082227112,-2.452997384251142,7.989592018150247,-0.3836942086380155,3.0971570912189734,1.4126984951492585,1629.311647515517,35.44273605312265,28.891355202727933,30.524348364583386,23.447457848029135,16.799373288542533,19.26813509579041,12.806122791663102,15.581938021791789,9.02031997398586,11.523514906796857,5.985673786037952,7.97264262507118,-3.649999999999999,44162469010.35014,38.15676812581476,17.839997533029845,10.919264913864792,294.5400391146882,19.853471019507335,5.687386274683562,0.0,0.0,21.61785715744265,0.0,14.908855452837392,13.139891848781026,0.0,11.761884949391115,44.38530327385348,94.8543234106639,54.206693099357366,15.419845335319136,22.872508171018477,44.75451465620089,0.0,9.622004595302563,0.0,73.30334715133989,56.80896266597323,88.47417458200191,0.0,0.0,14.938793199308895,17.062158824050687,0.0,11.761884949391115,82.38335346459665,14.760154107207631,10.114318268765572,62.22747723594151,82.5873717725749,0.0,0.0,0.0,134.12,20.85378193157676,23.32665243716633,0.0,33.47659915671355,12.1736752296728,61.966792528104705,24.97437738277524,31.004416627591866,61.45982317543613,21.86253039899952,4.736862953800049,34.53923718316308,1.636470981163971,29.533580165990813,15.373569037186012,0.8441089676069862,-0.1663684074774984,20.219746047832786,7.103688482485825,4.6005837120911535,1.3153838299568754,0.4722222222222222,49,2,11,0,1,1,1,3,0,3,1,0,10,2,13,1,18,0,1,1,0,0,13.892176514957695,4,6.803700000000007,197.26709999999943,0,0,0,0,0,0,0,0,0,0,1,1,0,0,0,3,2,0,0,0,0,0,0,0,0,0,0,1,0,2,0,0,0,0,3,0,0,0,0,0,0,1,0,0,0,0,0,0,0,0,0,0,0,0,0,1,0,0,1,1,0,0,0,0,0,0,0,0,0,1,0,0,0,0,0,1,1,0,0,0,0,0,0,2,0,CHEMBL374270,CCCCCC1(OC)CCN(c2ccc(C(=O)NS(=O)(=O)c3ccc(N[C@H](CCN(C)C)CSc4ccccc4)c([N+](=O)[O-])c3)cc2)CC1,312.0,2.494154594018443,CHEMBL4625,Apoptosis regulator Bcl-X,2,Large-Polar-Aromatic-Flexible-Hydrophobic,Large-Polar-Aromatic-Flexible-Hydrophobic
15.180299005192548,15.180299005192548,0.0448764928284477,-1.0825361131375597,0.0813433237893504,16.76923076923077,1071.2819999999997,996.6899999999996,1070.536471808,416,0,0.2426944788053698,-0.4967681970157882,0.4967681970157882,0.2426944788053698,0.5384615384615384,1.0897435897435896,1.6666666666666667,16.489943478465527,10.047047125500468,2.3414908751086543,-2.3560136284635766,2.31047642415009,-2.518327829721485,6.01151912306554,-0.1472915267756867,3.4864675768162425,1.4535407188383551,2771.7583021898276,56.30381441482939,46.26962851666915,46.26962851666915,37.49237495198096,26.15025890386145,26.15025890386145,19.319693902158885,19.319693902158885,13.57612609762072,13.57612609762072,8.945241495316054,8.945241495316054,-7.959999999999999,6.120970896823077e+16,59.28735180327423,28.968097024946513,16.76901130926979,457.60164673405075,53.337605250208526,54.13134021744115,5.783244946364939,29.535898646757527,0.0,0.0,33.66713283528141,0.0,0.0,0.0,60.6636706846161,106.6152531986274,37.895495981722895,77.9903345327236,57.18840082723122,41.00652986780603,0.0,24.91642752740824,0.0,71.68981811949732,92.30403310777412,138.01769584432324,0.0,34.49707099970343,33.90101310385705,5.687386274683562,34.49707099970343,0.0,154.4687131103443,39.92490768115699,0.0,69.81354375476603,121.32734136923226,0.0,0.0,0.0,186.03,79.62369170421665,9.589074368143644,19.178148736287287,44.57726025059508,58.46561722894944,5.563451491696996,33.81923400595697,106.62075416555516,68.44477801553573,5.316788604006331,28.421177722800294,34.213158645676714,0.0,96.36694263244632,2.816969228817606,2.3976108274237102,-0.286980627638036,33.24212440469875,0.5514640086911324,6.6796400581332485,6.019070821750576,0.4,78,1,18,0,1,1,5,5,0,5,3,0,13,1,18,1,19,0,1,1,0,0,22.01848409473571,6,7.301700000000007,296.1417,0,0,0,0,0,0,0,0,0,0,6,6,0,0,0,5,1,0,0,0,0,0,0,0,0,0,0,5,0,1,0,0,0,0,5,0,0,0,0,0,0,6,0,0,0,0,0,0,0,0,0,1,1,0,0,4,0,0,0,0,0,0,0,0,2,0,0,0,0,0,0,0,0,0,0,0,0,0,0,0,0,0,0,0,0,CHEMBL5273461,COc1ccc([C@@H](C)N2CC(=O)N[C@H](C)C(=O)CN(CCc3ccccc3Oc3ccccc3)CC(=O)N(c3cc(OC)cc(OC)c3)CC(=O)N(CCCOC(C)C)CC(=O)N([C@H](C)c3ccc(OC)cc3)CC2=O)cc1,195.0,2.290034611362518,CHEMBL4296461,LNCaP C4-2B,2,Large-Polar-Aromatic-Flexible-Hydrophobic,Large-Polar-Aromatic-Flexible-Hydrophobic
14.81044105594853,14.81044105594853,0.0876006835049585,-1.1582301137153268,0.0305687992840337,12.169014084507042,1181.8639999999996,1112.3119999999994,1178.279910088,390,0,0.3172929678996095,-0.4812294212221436,0.4812294212221436,0.3172929678996095,0.5211267605633803,0.971830985915493,1.4507042253521127,79.92079434904714,10.021040948075246,2.3456879601890273,-2.4111711304484875,2.2039739461294756,-2.598282842165184,9.10601724309088,-0.1378633043115705,3.321443842658815,2.089401455961389,2139.879950011618,52.1326060185051,39.96924668010524,44.72723629744935,33.92887080181545,23.765004125957606,26.143998934629657,17.1617880725942,19.908814658969263,11.576793263290432,13.162789802405134,7.806681850292609,8.599680119849962,-5.450000000000001,777535165495943.8,59.85693605800128,33.24682866663202,24.97967161467226,440.6791839356225,63.38094082974472,0.0,0.0,5.907179729351506,0.0,36.06306862525599,14.383611552215466,19.178148736287287,0.0,0.0,90.60885572754373,117.42070789810737,84.53575908681127,12.08368165829592,43.77481507818416,89.76008004845554,0.0,35.96688360857676,17.201002431486554,101.59620358548204,52.358051247300594,102.90491784412755,0.0,0.0,38.46815684751188,19.178148736287287,0.0,47.78983169384804,137.36660607158487,33.646076420993495,0.0,80.8985707043511,86.21456336903657,0.0,0.0,0.0,295.84999999999997,66.51659246497738,43.77481507818416,0.0,77.91740295601808,51.49050776639466,30.108513022588227,14.69972919255143,0.0,72.79640482153933,69.05698610987338,17.201002431486554,2.7392955154168233,10.320904912897609,96.2249216546299,31.117609762001987,20.146007639124427,-2.9687526665195163,17.714435211719774,2.930417638369343,0.1918269990263266,0.0,0.4897959183673469,71,12,19,0,0,0,9,3,0,3,3,0,8,9,22,0,33,0,0,0,0,3,28.028919684928407,3,6.325100000000008,282.4925999999998,2,0,0,0,0,0,0,0,2,2,7,5,0,0,0,3,4,3,0,0,0,0,0,0,0,0,0,9,0,0,2,0,0,0,3,0,0,0,0,0,0,0,0,0,3,0,0,0,0,0,0,0,0,0,0,0,0,0,0,0,0,0,0,0,0,0,0,0,0,0,0,2,0,0,0,0,0,0,0,0,0,0,0,1,4,CHEMBL593927,NCCCCC(CN(C(=O)NCCc1ccc(Br)cc1)C(CCC(=O)O)CN(CCC(N)=O)C(=O)NCCCc1ccc(Br)cc1)N(CC(CCC(=O)O)NC(N)=O)C(=O)NCCCc1ccc(Br)cc1,7500.0,3.8750612633917,CHEMBL1255126,Protein Mdm4,2,Large-Polar-Aromatic-Flexible-Hydrophobic,Large-Polar-Aromatic-Flexible-Hydrophobic
13.14421302268913,13.14421302268913,0.1223480533650271,-4.37316163032861,0.1343311410207917,15.522727272727272,639.8440000000002,598.5160000000002,639.254911412,236,0,0.2931983166921879,-0.3758658713437935,0.3758658713437935,0.2931983166921879,1.0454545454545454,1.7045454545454546,2.3181818181818183,32.23329932186074,9.823652619890032,2.2688824945041492,-2.3781156927517357,2.3262046271814474,-2.3687566573610432,7.989588587035526,-0.3836940592562549,2.984776177895161,1.4591366002797197,1536.9585702047611,31.907202147189924,25.65467978751788,27.287672949373334,20.826137504469493,14.626340681066916,17.095102488314794,12.126092725725494,14.90190795585418,7.793684187169289,10.296879119980286,4.930131404115365,6.917100243148591,-3.61,3317582637.756817,33.28637599265435,14.44710075183434,9.197208295680452,263.96672542759507,15.116608065707286,5.687386274683562,0.0,0.0,21.61785715744265,0.0,14.908855452837392,13.139891848781026,0.0,11.761884949391115,32.046575604766076,93.84849225713468,47.09689555807984,9.818794524335445,18.13564521721843,44.75451465620089,0.0,9.622004595302563,5.414990469396779,48.942747048342795,49.699165124695696,88.47417458200191,0.0,0.0,14.938793199308895,17.062158824050687,0.0,11.761884949391115,69.67250511233544,10.023291153407584,15.529308738162351,43.46792794392809,82.58737177257488,0.0,0.0,0.0,124.89,20.85378193157676,23.32665243716633,0.0,27.875548345729857,17.58866569906958,49.12514928225269,12.13273413692322,23.894619086314336,61.45982317543612,28.786267598690145,0.0,28.35249639299308,1.6375635791095582,29.33266328429688,15.296725219878889,1.30424696163959,-0.1504686547517495,20.225791240783664,2.8504640704051956,7.104179868128266,-0.4536619624833689,0.40625,44,2,10,0,1,1,1,3,0,3,1,0,9,2,12,1,13,0,1,1,0,0,10.929355173393573,4,5.864400000000006,177.16609999999957,0,0,0,0,0,0,0,0,0,0,1,1,0,0,0,3,2,0,0,0,0,0,0,0,0,0,0,1,0,2,0,0,0,0,3,0,0,0,0,0,0,0,0,0,0,0,0,0,0,0,0,0,0,0,0,0,0,0,1,1,0,0,0,0,0,0,0,0,0,1,0,0,0,0,0,1,1,0,0,0,0,0,0,0,0,CHEMBL192571,CN(C)CC[C@H](CSc1ccccc1)Nc1ccc(S(=O)(=O)NC(=O)c2ccc(N3CCC(C)(C)CC3)cc2)cc1[N+](=O)[O-],360.0,2.5563025007672873,CHEMBL4625,Apoptosis regulator Bcl-X,2,Large-Polar-Aromatic-Flexible-Hydrophobic,Large-Polar-Aromatic-Flexible-Hydrophobic
14.14609344515154,14.14609344515154,0.0405907425974163,-4.545123929628054,0.165892020871897,11.53191489361702,684.7490000000003,652.4929999999999,684.1559852239999,248,0,0.3031791599166994,-0.4967671120136989,0.4967671120136989,0.3031791599166994,0.7021276595744681,1.148936170212766,1.5957446808510638,32.234863370152915,9.980615692922289,2.3361745987438596,-2.3040373321734844,2.4173337244598745,-2.4005174058662373,7.92841250010864,-0.1365626683664882,3.042076610719838,2.068575870423474,2033.407568386234,34.51793261119915,25.321053144192952,26.954046306048404,22.19798152516736,13.869455341205454,16.749581998806732,10.14978981389772,13.874410365956845,7.09329972272978,10.62709007473354,4.946915562856343,7.876280786535375,-5.349999999999999,12137268987.001629,34.52177988811824,13.964047947977962,7.389651028044377,270.73862612353315,26.047588256765177,24.58853647839296,0.0,11.814359458703011,20.046582306815168,5.969305287951848,22.99404353480793,16.835593968657875,0.0,0.0,24.26546827384644,66.5815767307775,17.193270051855603,35.38533458295774,45.79945882331413,59.97746803176674,0.0,0.0,11.46733495432437,22.63261019688757,35.919539876972685,84.42622338169795,0.0,11.49902366656781,29.551492844516936,11.374772549367124,11.49902366656781,0.0,67.03489400453364,40.85101548195664,0.0,11.984273114623004,88.65373884103651,0.0,10.772448428929591,0.0,216.7,57.34058148822118,36.32573291571404,0.0,43.922461043955266,11.49902366656781,8.610431982592466,80.94963283563278,12.13273413692322,0.0,0.0,20.94106086192447,68.17865231097025,0.0,35.95902458583089,9.85284355471972,10.912923654479322,-2.499685805824159,18.121374221604896,-0.8038544565085031,-1.6546199107720212,-6.233324821167063,0.1935483870967742,47,5,14,0,0,0,2,4,0,4,0,0,9,3,16,0,15,0,0,0,0,0,10.256676374621795,4,2.235400000000002,173.3451999999997,1,0,0,0,0,0,0,0,1,1,3,2,0,0,0,2,0,2,0,0,0,0,0,0,0,0,0,2,0,2,1,0,0,0,4,0,1,0,0,0,0,2,0,0,0,0,0,0,0,0,0,0,0,0,0,2,0,0,0,0,0,0,0,0,0,0,0,0,0,0,0,2,0,0,0,0,2,0,0,0,0,0,0,0,0,CHEMBL5413111,COc1ccc(S(=O)(=O)N(CC(N)=O)c2cc(CCC(=O)O)c(N(CC(N)=O)S(=O)(=O)c3ccc(OC)cc3)c3ccccc23)cc1,22.7,1.3560258571931227,CHEMBL3038498,Keap1/Nrf2,2,Large-Polar-Aromatic-Flexible-Hydrophilic,Other
13.341384076197224,13.341384076197224,0.1367449615992544,-4.419372633026139,0.0611413039212589,13.654545454545454,775.9970000000002,730.6369999999998,775.28621154,284,0,0.2931983166921879,-0.3758658713437935,0.3758658713437935,0.2931983166921879,0.8909090909090909,1.5454545454545454,2.2181818181818183,32.23330021219276,9.948268232631852,2.2540384047482074,-2.3038357672109315,2.3148093842234707,-2.3149750099065223,7.989600279261189,-0.3836942395511478,3.196811779429885,1.0804850793285845,2221.466608235418,38.78767103581389,30.928182479414144,32.56117564126959,26.551683713660516,18.191724821969128,20.660486629217,13.71774087354748,16.493556103676173,9.487569365960775,11.990764298771772,6.4797430147342965,8.466711853767523,-5.429999999999999,1663924008842.4033,39.26876276950799,18.266141744179993,10.624868534880765,327.0263686931421,15.116608065707286,5.687386274683562,0.0,0.0,21.61785715744265,0.0,14.908855452837392,13.139891848781026,0.0,11.761884949391115,84.4455294584425,105.12385626282888,47.09689555807984,9.818794524335445,18.13564521721843,50.83053476303477,0.0,9.622004595302563,0.0,35.09527264896154,49.699165124695696,154.2080342199227,0.0,11.126902983393991,14.938793199308895,17.062158824050687,0.0,11.761884949391115,69.67250511233544,10.023291153407584,10.114318268765572,35.18390503624384,142.75777991879866,0.0,17.202923090227873,0.0,124.89,20.85378193157676,23.32665243716633,0.0,27.875548345729857,12.1736752296728,49.12514928225269,34.396193142083476,23.894619086314336,79.65892438082096,57.41301571691243,0.0,28.773872947295263,1.635240976359143,29.696006657761384,15.43924530848916,5.876289468278347,-0.1775174967695427,39.00560853332263,4.793255695013936,2.3729428733244684,-0.4982782964081167,0.2325581395348837,55,2,10,0,1,1,1,5,0,5,1,0,9,2,12,1,15,0,1,1,0,0,13.041614306662018,6,8.588800000000006,223.24009999999944,0,0,0,0,0,0,0,0,0,0,1,1,0,0,0,3,2,0,0,0,0,0,0,0,0,0,0,1,0,2,0,0,0,0,5,0,0,0,0,0,0,0,0,0,0,0,0,0,0,0,0,0,0,0,0,0,0,0,1,1,0,0,0,0,0,0,0,0,0,1,0,0,0,0,0,1,1,0,0,0,0,0,0,0,0,CHEMBL221805,CN(C)CC[C@H](CSc1ccccc1)Nc1ccc(S(=O)(=O)NC(=O)c2ccc(N3CCC(=Cc4ccccc4-c4ccccc4)CC3)cc2)cc1[N+](=O)[O-],83.0,1.919078092376074,CHEMBL4625,Apoptosis regulator Bcl-X,2,Large-Polar-Aromatic-Flexible-Hydrophobic,Large-Polar-Aromatic-Flexible-Hydrophobic
14.231547552039178,14.231547552039178,0.0836136066159658,-4.166582056940606,0.02729417841663,15.10958904109589,1047.7929999999994,980.2569999999992,1046.442584924,386,0,0.2931983039215945,-0.3758658713439442,0.3758658713439442,0.2931983039215945,0.8082191780821918,1.4931506849315068,2.164383561643836,35.49569485941885,9.95475579761188,2.2813587085289897,-2.3726148005514514,2.4058267724610887,-2.461020944179877,7.989647484876275,-0.3836935365307678,3.6566592739049217,0.920240857271088,2941.691898749336,51.64911387645015,42.39004826434975,44.778970372223654,35.1270711141299,24.88334588343779,27.73007216369489,19.174429481909193,22.38668049250987,13.783726497112514,16.589204599709216,9.50320468966961,11.700622121538442,-6.079999999999998,1.1915315550416692e+16,53.218963662600025,24.302800444902957,13.562678351716375,439.2385330217433,39.7002255100564,5.687386274683562,0.0,0.0,21.61785715744265,0.0,19.63095031728948,8.417796984328938,0.0,11.761884949391115,54.06550936946379,137.9212170103327,122.04919624010196,21.0761740108809,18.13564521721843,67.73022709580053,0.0,24.58361744434912,7.04767198267719,35.598188225726155,118.72689294997606,147.7216724382846,0.0,22.384282469939446,25.155491534165705,28.43693137341781,0.0,23.36282483962363,143.44514745180552,17.070963136084774,17.038055468456196,28.893559916469297,131.1183083202678,5.022633313741326,22.384282469939446,0.0,151.57000000000002,14.946602202225254,23.32665243716633,0.0,28.219276583384364,28.57108109278125,128.70404086311223,12.13273413692322,23.894619086314336,94.79679090079992,75.73546063103213,11.600939890232516,32.12593350591831,8.01105350387224,38.435639635453526,19.60024880379261,7.616050013540095,0.5822322928985898,37.28937297964645,1.6069568605454485,11.461113799318404,3.965843049458761,0.3636363636363636,73,3,15,0,2,2,1,5,1,6,1,0,13,3,18,3,21,0,2,2,0,0,17.71739525721521,8,9.24832,299.43980000000016,0,0,0,0,0,1,0,0,0,0,1,1,0,0,0,7,3,0,0,1,0,0,0,0,0,0,0,1,0,4,0,0,0,0,5,0,0,0,0,0,0,0,0,0,1,0,0,0,0,0,0,0,0,0,0,0,0,0,1,1,0,0,0,0,0,0,0,0,0,0,2,0,0,0,0,1,1,0,0,0,0,0,0,0,0,CHEMBL2159735,Cc1c(C(=O)NCCCN2CCN(C)CC2)c(-c2cccc(N3CCN(c4ccc(NS(=O)(=O)c5ccc(N[C@H](CCN(C)C)CSc6ccccc6)c([N+](=O)[O-])c5)cc4)CC3)c2)c(-c2ccc(Cl)cc2)n1C,2.0,0.3010299956639812,CHEMBL612545,Unchecked,2,Large-Polar-Aromatic-Flexible-Hydrophobic,Large-Polar-Aromatic-Flexible-Hydrophobic
14.2734309117541,14.2734309117541,0.0361396156912445,-4.735380485625557,0.1553808228009442,13.733333333333333,844.8360000000001,816.612,844.1145143360002,300,0,0.3238784087861699,-0.4798953607205573,0.4798953607205573,0.3238784087861699,0.4333333333333333,0.7166666666666667,1.0,32.23486550615713,10.064892993005152,2.3864054631511107,-2.279229131581386,2.393802408857963,-2.3698364195855155,7.928410179127934,-0.135749231297824,3.649072718841659,1.1487340387281617,2802.726006378277,42.67226867064887,30.698180543110976,32.331173704966425,28.605135167840174,17.77590731109592,20.65603396869719,13.430636826261546,17.155257378320663,9.927121519844968,13.47503403427015,7.18350014308005,10.049613146754432,-7.699999999999997,21268756721103.09,39.140559762717935,14.595868761168136,6.391715903630962,340.3678056539008,10.213054789681411,13.08951281182515,0.0,0.0,43.67530122422119,11.938610575903695,37.37765508702339,26.63541343035883,0.0,0.0,48.53093654769288,84.92913895846256,10.772448428929591,54.79431801655778,55.81587186277021,89.13590532778873,0.0,0.0,0.0,9.79096695103555,31.499764256118574,155.71388147294346,0.0,0.0,18.410251444293426,22.74954509873425,0.0,0.0,75.70549106347416,29.63565667495881,0.0,41.43195470307527,143.251042457191,0.0,10.772448428929591,0.0,224.12,78.4943915629856,55.81587186277021,0.0,55.77579949445182,8.610431982592466,46.19802187247061,72.79640482153933,24.26546827384644,0.0,0.0,0.0,58.2731875450753,0.0,77.55659546914877,19.905753486471788,0.44537933541991,-5.528919159397326,29.841732083656325,0.0,-2.189634455790337,-9.470760971251114,0.0476190476190476,60,2,16,0,2,2,4,6,0,6,0,0,10,2,18,2,12,0,0,0,0,0,9.52150789225482,8,5.000800000000004,216.3311999999996,2,0,0,0,0,0,0,0,2,2,6,4,0,0,0,4,0,0,0,0,0,0,0,0,0,0,0,4,0,4,0,0,0,0,6,0,3,0,0,0,0,0,0,0,0,0,0,0,2,0,0,0,0,0,0,0,0,0,0,0,0,0,0,0,0,0,0,0,0,0,0,0,0,0,0,0,2,0,0,0,0,0,0,0,0,CHEMBL4846463,O=C(O)CN(c1ccc(N(CC(=O)O)S(=O)(=O)c2ccc(N3C(=O)c4ccccc4C3=O)cc2)c2ccccc12)S(=O)(=O)c1ccc(N2C(=O)c3ccccc3C2=O)cc1,11.5,1.0606978403536116,CHEMBL3038498,Keap1/Nrf2,2,Large-Polar-Aromatic-Flexible-Hydrophobic,Large-Polar-Aromatic-Flexible-Hydrophobic
13.359842195799642,13.359842195799642,0.109406688856545,-3.885535399771667,0.3355123941557836,11.77777777777778,526.6360000000003,500.4280000000004,526.1232285519999,188,0,0.2635867024771543,-0.4967671120137434,0.4967671120137434,0.2635867024771543,0.5277777777777778,0.8611111111111112,1.1666666666666667,32.23486033745184,10.069871136680302,2.264124256923163,-2.2519968613099093,2.3708880158732715,-2.2808521522824843,7.927536198959543,0.4140274007674747,2.9120494038399634,1.777255497171924,1479.085907116998,26.087211190881007,20.243317283365585,21.876310445221037,17.105757372292345,10.88721726849653,13.767343926097812,7.945524102115365,11.884043618020383,5.992208578157171,9.5635194574023,3.887010988837426,6.315821352139264,-3.7599999999999985,100415291.03319946,25.3364220052283,9.710357898034305,4.448061140112024,210.95533410519727,9.473725907600098,11.49902366656781,0.0,0.0,20.046582306815168,0.0,8.610431982592466,16.835593968657875,0.0,0.0,24.26546827384644,60.6636706846161,24.86779239428397,35.38533458295774,26.309319876257973,42.19380328511188,0.0,0.0,0.0,9.79096695103555,36.925371030501914,84.92913895846256,0.0,11.49902366656781,18.084157890192564,11.374772549367124,11.49902366656781,0.0,45.15053301656732,20.046582306815168,0.0,0.0,94.72010590949812,0.0,10.772448428929591,0.0,93.22,20.046582306815168,16.835593968657875,0.0,9.79096695103555,33.646244644864524,0.0,61.190839304348344,60.6636706846161,0.0,0.0,9.473725907600098,66.07149335015836,0.0,0.21881337771309,1.178458507114713,0.8340990546050073,1.097244976051032,22.57729270540733,0.0,0.0,-1.8107353043828691,0.1538461538461538,36,0,8,0,0,0,0,4,0,4,0,0,6,0,10,0,8,0,0,0,0,0,6.834047931288854,4,4.5072000000000045,141.11359999999985,0,0,0,0,0,0,0,0,0,0,0,0,0,0,0,2,0,0,0,0,0,0,0,0,0,0,0,0,0,2,0,0,0,0,4,0,1,0,0,0,0,2,0,0,0,0,0,0,0,0,0,0,0,0,0,2,0,0,0,0,0,0,0,0,0,0,0,0,0,0,0,0,0,0,0,0,2,0,0,0,0,0,0,0,0,CHEMBL3632709,COc1ccc(S(=O)(=O)N(C)c2ccc(N(C)S(=O)(=O)c3ccc(OC)cc3)c3ccccc23)cc1,2300.0,3.361727836017593,CHEMBL2069156,Kelch-like ECH-associated protein 1,2,Large-Polar-Aromatic-Flexible-Hydrophobic,Large-Polar-Aromatic-Flexible-Hydrophobic
13.557359119083213,13.557359119083213,0.0866275612313598,-4.164591386114584,0.045397690178872,13.564516129032258,895.5079999999999,848.1319999999997,894.274850904,322,0,0.3543229003792973,-0.4765027904576578,0.4765027904576578,0.3543229003792973,0.8870967741935484,1.564516129032258,2.2096774193548385,35.495694290326966,9.977358702486784,2.266534931776062,-2.3724044962162414,2.3718497928142894,-2.4610001851377725,7.989638114434571,-0.3836933818614968,3.621749027700118,1.001407231844181,2638.146020490139,43.96731560057546,34.440300796043935,36.82922290391784,29.75006101641818,19.92504686501036,22.771773145267463,15.177997507912378,18.39024851851307,10.58674964371897,13.392227746315674,7.384273438433979,9.58169087030282,-6.0699999999999985,50687565921250.64,44.000930157703195,19.322177057607327,10.504576324084764,369.8726909232357,25.123045191398468,11.381314269532025,5.693927994848461,0.0,15.710677428091143,5.969305287951848,19.518216068362843,13.212334168400758,5.098681808301038,11.761884949391115,54.06550936946379,105.42077830742932,89.19493770738764,9.818794524335445,23.242172612059132,67.79235265440087,0.0,14.6803944742967,7.04767198267719,22.25362940310952,72.41068253182341,142.15822094658762,0.0,22.384282469939446,19.838702930159375,28.43693137341781,0.0,23.36282483962363,97.71115562104788,17.070963136084774,10.114318268765572,16.909286801846292,131.1183083202678,5.022633313741326,22.384282469939446,0.0,166.18,20.9159074901771,28.433179832007035,0.0,28.00602484888132,53.899278305367424,46.429104105579086,16.814537072068404,43.07502520591474,92.95811585535532,29.83729446931089,11.600939890232516,31.08912625640124,7.784143430917101,31.50024820847194,30.892968246760155,4.776262095566716,-0.4159589826578113,35.76980774825919,0.7242279369253164,3.5062765187830567,1.4006763183508673,0.2444444444444444,62,3,14,0,1,1,0,5,1,6,1,0,12,3,17,2,17,0,1,1,0,0,13.71280263236379,7,8.665800000000006,248.56989999999945,0,0,0,0,1,2,0,0,1,1,1,0,0,0,0,6,2,0,0,0,0,0,0,0,0,0,0,0,0,4,1,0,0,0,5,0,0,0,0,0,0,0,0,0,1,0,0,0,0,0,0,0,0,0,0,0,0,0,1,1,0,0,0,0,0,0,0,0,0,0,1,0,0,0,0,1,1,0,0,0,0,0,0,0,0,CHEMBL2325759,CN(C)CC[C@H](CSc1ccccc1)Nc1ccc(S(=O)(=O)Nc2ccc(N3CCN(c4cccc(-c5c(-c6ccc(Cl)cc6)nn(C)c5C(=O)O)c4)CC3)cc2)cc1[N+](=O)[O-],3.7,0.568201724066995,CHEMBL4860,Apoptosis regulator Bcl-2,2,Large-Polar-Aromatic-Flexible-Hydrophobic,Large-Polar-Aromatic-Flexible-Hydrophobic
14.537223762478003,14.537223762478003,0.0067836007576822,-4.2761462959756145,0.1800230708063922,12.705882352941176,698.8009999999999,664.529,698.219905808,256,0,0.3590095229539616,-0.4611975646238519,0.4611975646238519,0.3590095229539616,0.8235294117647058,1.5294117647058822,2.2941176470588234,32.23327388386493,9.930413436492572,2.3076962841843756,-2.2943206464254393,2.345796604678987,-2.3628731432069325,7.897117171804758,0.051878873842334,3.5030542145382246,1.3280718906604354,2438.904062953635,35.69973088707386,27.997461059095997,28.813957640023723,24.640198773338117,16.529301509053806,18.012464756648196,12.22620078965492,13.90860303106443,9.043516621592978,10.372177100365892,6.481934406959664,7.491020516812876,-6.069999999999998,374406914172.1018,33.42808307286937,13.680170663504184,6.509024718456571,294.89590908435395,9.636772684650529,0.0,5.693927994848461,0.0,21.837650612110593,5.969305287951848,9.589074368143644,22.616231967998033,5.098681808301038,0.0,78.86277189000094,84.1293013370975,35.473795281764595,17.189751714714255,27.53827149034445,38.579404328992034,0.0,19.402489338748783,0.0,31.70853590373761,13.151638370425491,148.90263625725555,0.0,16.814289258077554,4.722094864452088,0.0,0.0,0.0,54.03349457570598,27.72573213604622,6.923737199690624,54.94901070839099,120.15645777628843,0.0,27.586737687007147,0.0,127.66999999999996,21.899776170710936,22.8014085365444,0.0,34.23037614762465,47.40477590214197,16.513127197858786,24.26546827384644,47.694655339223345,66.73003775307771,9.820776672753126,4.736862953800049,36.03177582714855,0.0,43.20598904599729,6.199349133273524,4.227775197125919,-1.9563383436853168,33.47993316689862,0.6393536331732944,4.364975302710401,-4.2761462959756145,0.15,51,1,10,0,1,1,2,5,1,6,0,0,8,1,11,2,8,0,0,0,0,0,8.966703556679379,7,6.494820000000006,193.17999999999955,0,0,0,0,0,2,0,0,0,0,3,3,0,0,0,3,1,0,0,0,0,0,0,0,0,0,0,2,0,0,0,0,0,0,5,0,2,0,0,0,1,1,0,0,0,0,0,0,0,0,0,0,0,0,0,0,0,0,0,0,0,0,0,0,1,0,0,0,0,0,0,0,0,0,0,0,1,0,0,0,0,0,0,0,0,CHEMBL2030844,CCOC(=O)c1nn(-c2ccccc2)c(C)c1-c1ccc(C(=O)NS(=O)(=O)c2ccc3ccccc3c2)cc1C(=O)N1CCc2ccccc2C1,640.0,2.806179973983887,CHEMBL4625,Apoptosis regulator Bcl-X,2,Large-Polar-Aromatic-Flexible-Hydrophobic,Large-Polar-Aromatic-Flexible-Hydrophobic
15.190040670252904,15.190040670252904,0.0268130637148757,-1.2204110099700265,0.0818039761660486,16.441558441558442,1057.2549999999994,984.6789999999996,1056.5208217440002,410,0,0.2465897836356255,-0.4967681970157882,0.4967681970157882,0.2465897836356255,0.5324675324675324,1.0649350649350648,1.6363636363636365,16.489955329280736,10.047134066285944,2.348709097810416,-2.361627447766581,2.311202577473728,-2.5508459129489394,6.023145743819059,-0.1476878193558228,3.4456372879494044,1.462264843986885,2753.36330287127,55.59670763364284,45.562521735482605,45.562521735482605,37.009211704386566,25.704084545001315,25.704084545001315,18.902519014929112,18.902519014929112,13.316762123183322,13.316762123183322,8.845013869194903,8.845013869194903,-8.12,3.831227770404424e+16,58.1464268635042,28.136526405797746,16.193991242512123,451.23670461965406,58.23751498105901,66.71793745250169,0.0,35.443078376109035,0.0,0.0,28.76722310443093,0.0,0.0,0.0,60.6636706846161,106.6152531986274,37.895495981722895,58.85898089175049,57.18840082723122,41.1304646507926,0.0,24.91642752740824,0.0,71.68981811949732,85.75927670186157,138.01769584432324,0.0,34.49707099970343,33.90101310385705,5.687386274683562,34.49707099970343,0.0,148.0478914874183,39.92490768115699,0.0,69.81354375476603,121.32734136923226,0.0,0.0,0.0,186.03,86.2923828931158,9.589074368143644,19.178148736287287,37.90856906169594,52.04479560602343,5.563451491696996,52.7526784777756,87.68730969373651,68.44477801553573,5.316788604006331,28.421177722800294,34.13444706328241,0.0,96.44715858980116,2.8024116913795463,2.275921060136576,-0.7664935946851832,32.769006419787885,0.4288628913147359,6.421638205796074,5.987047673186808,0.3898305084745763,77,1,18,0,1,1,6,5,0,5,3,0,12,1,18,1,19,0,1,1,0,0,21.24725292010095,6,7.259200000000008,291.27469999999994,0,0,0,0,0,0,0,0,0,0,6,6,0,0,0,5,1,0,0,0,0,0,0,0,0,0,0,6,0,1,0,0,0,0,5,0,0,0,0,0,0,6,0,0,0,0,0,0,0,0,0,0,0,0,0,4,0,0,0,0,0,0,0,0,2,0,0,0,0,0,0,0,0,0,0,0,0,0,0,0,0,0,0,0,0,CHEMBL5268653,COc1ccc([C@H](C)N2CC(=O)N[C@H](C)C(=O)N(CCc3ccccc3Oc3ccccc3)CC(=O)N(c3cc(OC)cc(OC)c3)CC(=O)N(CCCOC(C)C)CC(=O)N([C@@H](C)c3ccc(OC)cc3)CC2=O)cc1,105.0,2.0211892990699383,CHEMBL612545,Unchecked,2,Large-Polar-Aromatic-Flexible-Hydrophobic,Large-Polar-Aromatic-Flexible-Hydrophobic
14.347804301564,14.347804301564,0.1134834728142117,-4.445650824446842,0.0733109099374665,14.903846153846152,749.931,705.5789999999998,749.2717043480001,276,0,0.2931983166921879,-0.377749871395748,0.377749871395748,0.2931983166921879,1.0192307692307692,1.6923076923076923,2.326923076923077,32.2333000379903,9.843531387865328,2.3545604030254923,-2.4170212431411646,2.333638689327797,-2.468151794758786,7.989595258742082,-0.3836942952702247,3.1388299308485608,1.225077423969741,1939.2559731284937,37.30454337268845,29.45740040893602,31.090393570791473,24.875779540757136,16.962152403643497,19.430914210891377,13.117202257059958,15.893017487188647,9.254831894326385,11.75802682713738,6.174236126626906,8.161204965660135,-4.499999999999998,233131973157.8889,38.72443208596475,17.344556551506688,10.089457182049774,308.3029002660921,19.853471019507335,11.504607115729456,0.0,0.0,21.61785715744265,0.0,14.908855452837392,17.530306896455844,0.0,11.761884949391115,36.39820241076966,100.0633203478965,60.62751472228338,15.419845335319136,27.2629232186933,44.75451465620089,0.0,9.622004595302563,0.0,47.11714508287125,56.80896266597323,124.12031518859126,0.0,0.0,14.938793199308895,21.452573871725505,0.0,11.761884949391115,82.38335346459665,21.180975730133643,15.931539109811467,35.18390503624384,106.85284004642136,0.0,0.0,0.0,134.12,37.03770249276179,27.717067484841152,0.0,23.109899436574413,50.089104401972975,23.19399322457552,30.33183534230805,43.13715076451509,55.39345610697452,14.938793199308895,4.736862953800049,48.874095716552944,1.6224868926641336,29.41507055320901,15.381852326631195,0.8607328057484176,-0.4827235314452728,26.528823049240827,2.4956048161800917,2.0338473183751673,1.103543386176825,0.3421052631578947,52,2,11,0,1,1,1,4,0,4,1,0,10,2,14,1,16,0,1,1,0,0,12.916501966153763,5,6.605200000000007,203.22909999999945,0,0,0,0,0,0,0,0,0,0,1,1,0,0,0,3,2,0,0,0,0,0,0,0,0,0,0,1,0,2,0,0,0,0,4,0,0,0,0,0,0,1,0,0,1,0,0,0,0,0,0,0,0,0,0,1,0,0,1,1,0,0,0,0,0,0,0,0,0,1,0,0,0,0,0,1,1,0,0,0,0,0,0,0,0,CHEMBL375842,COC1(Cc2ccccc2F)CCN(c2ccc(C(=O)NS(=O)(=O)c3ccc(N[C@H](CCN(C)C)CSc4ccccc4)c([N+](=O)[O-])c3)cc2)CC1,79.0,1.8976270912904416,CHEMBL4625,Apoptosis regulator Bcl-X,2,Large-Polar-Aromatic-Flexible-Hydrophobic,Large-Polar-Aromatic-Flexible-Hydrophobic
14.444633904794802,14.444633904794802,0.0238036868177906,-4.206852988583808,0.1460279095924135,12.82,689.8819999999998,646.538,689.3035758559998,258,0,0.2645231452044992,-0.3408137377715885,0.3408137377715885,0.2645231452044992,0.86,1.56,2.3,32.23327377599417,9.952200581227716,2.274623600351192,-2.2958048996078073,2.306509287395331,-2.363229660323087,7.897113850199684,0.0735142971090578,3.1380570900232287,1.381364988247795,2141.6517969173933,35.252137129881156,28.85431090284246,29.670807483770187,24.178203575798904,17.331737616784345,18.814900864378735,12.84513778572838,14.52754002713789,9.24844925414953,10.577109732922445,6.350300739526825,7.359386849380035,-5.089999999999998,157234921945.11572,34.76120233049423,15.20919645673677,7.550503587649867,293.9803542958579,9.799819461700954,0.0,0.0,5.948339280986494,21.837650612110593,0.0,9.589074368143644,23.10784889067544,0.0,0.0,87.35278832984939,77.91447324633567,49.066223670354354,10.589411470366237,18.00687135247258,38.55843832202668,0.0,19.589961637196986,0.0,64.31555959513227,24.5341789485882,118.94323998856063,0.0,11.257379486545457,9.622004595302563,5.948339280986494,0.0,0.0,54.734292433514554,22.98886918224617,6.923737199690624,76.9370927177139,96.02146600559342,0.0,22.02982791547505,0.0,112.57,15.930470882759089,18.00687135247258,0.0,21.92956618826327,36.71605320228311,60.67215071585278,23.762552697081823,29.295854507848382,49.38830667892189,34.51982458409263,4.983978520947208,29.01861836776211,0.0,41.71721093765242,1.6292450728117949,4.568901907323749,-0.4822464163246112,24.961673731614436,6.578891145828762,8.797891575248489,-4.206852988583808,0.3,50,1,9,0,1,1,2,4,1,5,0,0,7,1,10,2,12,0,0,0,0,0,10.573799106337257,6,7.329020000000009,197.72049999999945,0,0,0,0,0,2,0,0,0,0,2,2,0,0,0,4,1,0,0,0,0,0,0,0,0,0,0,2,0,1,1,0,0,0,4,0,2,0,0,0,0,0,0,0,0,0,0,0,0,0,0,0,0,0,0,0,0,0,0,0,0,0,0,0,0,0,0,0,0,0,0,0,0,0,0,0,1,0,0,0,0,0,0,2,0,CHEMBL2031006,CCCCN(CCCC)c1ncc(C)c(-c2ccc(C(=O)NS(=O)(=O)c3ccc4ccccc4c3)cc2C(=O)N2CCc3ccccc3C2)n1,110.0,2.041392685158225,CHEMBL4860,Apoptosis regulator Bcl-2,2,Large-Polar-Aromatic-Flexible-Hydrophobic,Large-Polar-Aromatic-Flexible-Hydrophobic
13.617558636007889,13.617558636007889,0.125370129486831,-4.187724485492516,0.0425216517428081,13.656716417910449,985.6549999999996,932.2309999999994,984.288786716,352,0,0.2931983039215945,-0.3758658713439442,0.3758658713439442,0.2931983039215945,0.835820895522388,1.492537313432836,2.1194029850746268,35.495694943364775,9.956921181841803,2.287905694375865,-2.372600328324015,2.4057102026943125,-2.461016999991882,7.989704642393483,-0.3836935714135245,3.5632375777677083,1.030375362979356,2962.9531885699344,48.04466586976507,37.77061847643561,40.97603716523723,31.862032783214257,21.447145836289508,26.18528365460486,16.62341028382767,21.5841164936121,11.52924723686708,14.890911557311677,8.058171651420203,10.694421276931616,-6.049999999999998,349664978325225.1,48.870965842889895,20.854088362340253,12.107469260247829,400.93087792650465,24.58361744434912,5.687386274683562,0.0,10.023291153407584,21.61785715744265,0.0,19.63095031728948,21.557688833109964,0.0,11.761884949391115,54.06550936946379,117.90796699881696,89.32541421053911,27.331943194392306,26.55344220154737,77.75351824920811,0.0,14.18910424309392,7.04767198267719,29.177366602800145,78.66645171533483,147.7216724382846,0.0,22.384282469939446,24.56079779461146,28.43693137341781,0.0,23.36282483962363,102.00268373979227,27.09425428949236,17.038055468456196,22.472738293543287,131.1183083202678,5.022633313741326,22.384282469939446,0.0,179.23,30.877073084984342,31.74444942149527,0.0,27.875548345729857,60.32009992829344,51.957979661012935,12.13273413692322,42.951090422928175,109.47279721667437,24.56079779461146,11.600939890232516,58.27808930330852,7.87328431471952,32.66914380459757,16.174470060952075,5.783494539902329,-0.0672716343826445,35.834743907896566,1.6660827455616278,5.162694502067742,-2.2636204335121883,0.2708333333333333,67,3,15,0,1,1,1,5,1,6,1,0,13,3,19,2,18,0,1,1,0,0,15.21133492597818,7,8.570420000000007,270.8625999999997,0,0,0,0,0,1,0,0,0,0,1,1,0,0,0,5,3,0,0,0,0,0,0,0,0,0,0,1,0,4,0,0,0,0,5,0,0,0,0,0,0,0,0,0,1,0,0,0,0,0,0,0,0,0,0,0,0,0,1,1,0,0,0,0,0,0,0,0,0,0,1,0,0,0,0,1,2,0,0,0,0,0,0,0,0,CHEMBL2325766,Cc1c(C(=O)NS(C)(=O)=O)c(-c2cccc(N3CCN(c4ccc(NS(=O)(=O)c5ccc(N[C@H](CCN(C)C)CSc6ccccc6)c([N+](=O)[O-])c5)cc4)CC3)c2)c(-c2ccc(Cl)cc2)n1C,0.9,-0.0457574905606751,CHEMBL4860,Apoptosis regulator Bcl-2,2,Large-Polar-Aromatic-Flexible-Hydrophobic,Large-Polar-Aromatic-Flexible-Hydrophobic
14.09870032200084,14.09870032200084,0.0242188605112483,-4.6138739296280535,0.1655928036584693,11.53191489361702,685.7330000000003,654.4849999999999,685.1400008119999,248,0,0.3238786295361052,-0.4967671120136989,0.4967671120136989,0.3238786295361052,0.7021276595744681,1.148936170212766,1.5957446808510638,32.23486339651181,9.979693996228846,2.340428002589537,-2.301161842058574,2.4176874391057552,-2.3766521682101636,7.928396609737165,-0.1357502837976476,3.042076610719838,2.068575870423474,2031.818214027934,34.51793261119915,25.19091647050328,26.823909632358735,22.19798152516736,13.80438700436062,16.684513661961894,10.07721551439398,13.8018360664531,7.084681061554452,10.618471413558211,4.925805659937648,7.82156973895462,-5.349999999999999,12137268987.001629,34.52177988811824,13.964047947977962,7.389651028044377,270.1929691787164,25.420448174443692,24.58853647839296,0.0,5.907179729351506,20.046582306815168,11.938610575903695,22.99404353480793,16.835593968657875,0.0,0.0,24.26546827384644,66.5815767307775,17.193270051855603,35.38533458295774,50.90598621815485,60.03959359036708,0.0,0.0,5.733667477162185,22.63261019688757,35.919539876972685,84.42622338169795,0.0,11.49902366656781,23.81782536735475,11.374772549367124,11.49902366656781,0.0,72.2035469579747,40.85101548195664,0.0,11.984273114623004,88.65373884103651,0.0,10.772448428929591,0.0,210.90999999999997,50.98188542389552,41.43226031055474,0.0,50.34328266688128,20.109455649160275,0.0,93.08236697255602,0.0,0.0,0.0,15.207393384762284,67.71664133618081,0.0,35.60954698150479,19.84634205751616,5.144439963502759,-3.076811327963002,17.66791058248566,-0.5846399188415843,-2.0831229971917744,-6.406973343860498,0.1935483870967742,47,4,14,0,0,0,1,4,0,4,0,0,9,3,16,0,15,0,0,0,0,0,10.256676374621795,4,2.8347000000000016,171.78659999999968,2,0,0,0,0,0,0,0,2,2,3,1,0,0,0,2,0,1,0,0,0,0,0,0,0,0,0,1,0,2,1,0,0,0,4,0,1,0,0,0,0,2,0,0,0,0,0,0,0,0,0,0,0,0,0,2,0,0,0,0,0,0,0,0,0,0,0,0,0,0,0,1,0,0,0,0,2,0,0,0,0,0,0,0,0,CHEMBL5434743,COc1ccc(S(=O)(=O)N(CC(=O)O)c2cc(CCC(N)=O)c(N(CC(=O)O)S(=O)(=O)c3ccc(OC)cc3)c3ccccc23)cc1,11.7,1.0681858617461617,CHEMBL3038498,Keap1/Nrf2,2,Large-Polar-Aromatic-Flexible-Hydrophilic,Other
14.145889421556848,14.145889421556848,0.056235856365896,-3.737395078845348,0.1228352859896639,15.71186440677966,836.5469999999998,778.0829999999996,835.401037396,312,0,0.2613994847221399,-0.3679830724373574,0.3679830724373574,0.2613994847221399,0.7457627118644068,1.3898305084745763,2.0508474576271185,35.49569377262226,9.871983651241562,2.272913606496599,-2.3726260834932975,2.4029126909994374,-2.4610212551791752,7.923363467382365,0.0949011153452373,3.4940827750199857,1.0512342998127524,2356.195474323731,41.89840149982312,35.26280451245051,36.83523003939668,28.17369218158866,20.658614492462046,22.519742213065665,16.958927226390983,19.077765248272485,11.83910344879098,13.470047097349594,8.13659650875446,9.366657249831151,-4.809999999999998,10715909983673.928,42.31851748937801,17.81097976231598,9.811165684884426,355.3657729852098,29.4835271751996,0.0,0.0,0.0,15.930470882759089,0.0,9.51663204852391,8.417796984328938,0.0,0.0,68.77035390007406,109.7060028403103,99.29265126022784,16.15286296206323,13.212334168400758,44.5935695970423,0.0,19.68370771349864,7.04767198267719,44.42624436660306,87.01715036795599,118.90533738736958,0.0,22.384282469939446,19.838702930159375,17.062158824050687,0.0,11.600939890232516,101.18713186497568,22.48595360548155,6.923737199690624,48.80740138431214,101.95735657090356,5.022633313741326,22.384282469939446,0.0,93.16000000000004,10.023291153407584,13.212334168400758,0.0,16.21765367426606,22.81822748603446,110.34006378199123,0.0,18.19910120538483,68.5687127985223,86.28997389524717,11.600939890232516,31.450480122714406,6.329309092114762,23.960737636660067,3.932125709152036,8.974241377343722,-0.056235856365896,31.156551824116224,0.9007137000297897,17.336402968491885,0.46011787018745,0.3829787234042553,59,2,10,0,2,2,1,4,1,5,0,0,8,2,12,3,12,0,2,2,0,0,12.775156924991975,7,8.11312000000001,243.73769999999925,0,0,0,0,0,1,0,0,0,0,1,1,0,0,0,5,2,0,0,1,0,0,0,0,0,0,0,1,0,3,0,0,0,0,4,0,0,0,0,0,0,0,0,0,1,0,0,0,0,0,0,0,0,0,0,0,0,0,0,0,0,0,0,0,0,0,0,0,0,0,2,0,0,0,0,0,1,0,0,0,0,0,0,0,0,CHEMBL2171009,Cc1c(C(=O)NCCCN2CCN(C)CC2)c(-c2cccc(N3CCN(c4ccc(NS(=O)(=O)c5cccc(C(C)(C)C)c5)cc4)CC3)c2)c(-c2ccc(Cl)cc2)n1C,744.0,2.8715729355458786,CHEMBL612545,Unchecked,2,Large-Polar-Aromatic-Flexible-Hydrophobic,Large-Polar-Aromatic-Flexible-Hydrophobic
13.734334227930075,13.734334227930075,0.0436328658848501,-4.413458830623106,0.3377282011166591,11.625,591.6640000000001,562.4320000000001,591.1345215079999,214,0,0.3238783847931661,-0.4967671120136989,0.4967671120136989,0.3238783847931661,0.75,1.175,1.525,32.234862264038064,9.952968139527744,2.349965515947381,-2.3231867217458664,2.4135805927175817,-2.3873634166661537,7.9281173540200225,-0.1357555985224213,2.9073901994549516,2.3118626548096564,1626.6580633463286,29.9908348737037,22.44331830756466,24.076311469420112,18.638007334851967,11.776455479576974,14.656582137178257,8.87230816057411,12.596928712633227,6.472185935507272,9.961180616940608,4.337099936577878,7.359919762718967,-4.17,292494851.03475,30.37253732892025,11.517541168023785,5.721521110820973,232.1159946013644,14.94991774348146,23.73450812062683,0.0,0.0,20.046582306815168,11.938610575903695,23.183484871683316,16.835593968657875,0.0,0.0,0.0,86.34695717632015,12.393687143226153,23.38005356616243,41.37458608028297,43.359965432085986,0.0,4.983978520947208,0.0,37.485915749798046,28.80974233569515,71.04569552078381,0.0,5.749511833283905,13.347294936392515,11.374772549367124,5.749511833283905,0.0,64.17054820829286,29.63565667495881,27.694948798762496,22.253805966787983,58.58285650503136,0.0,0.0,0.0,171.48000000000002,45.074705694544015,36.637723126482925,0.0,43.41954546719065,5.749511833283905,14.807275554205544,77.39979232242277,0.0,0.0,4.983978520947208,4.736862953800049,61.20845583711976,0.0,27.06853245236494,19.252279459136627,1.1192930978252964,-2.4281033108928267,8.120048584015063,2.4716227986377266,4.254786780283055,-7.400249031822971,0.2692307692307692,40,2,12,0,0,0,0,2,1,3,0,0,8,2,14,1,11,0,0,0,0,0,8.745423726579453,3,2.883680000000001,146.9561999999998,2,0,0,0,0,1,0,0,2,2,2,0,0,0,0,3,0,0,0,0,0,0,0,0,0,0,0,0,0,2,0,0,0,0,2,0,0,0,0,0,0,1,0,0,0,0,0,0,0,0,0,0,0,0,0,1,0,0,0,0,0,0,0,0,0,0,0,0,0,0,0,0,0,1,0,0,2,0,0,0,0,0,0,0,0,CHEMBL5429563,COc1ccc(S(=O)(=O)N(CC(=O)O)c2c(C)c(C)c(N(CC(=O)O)S(=O)(=O)c3cccnc3)c(C)c2C)cc1,180.0,2.255272505103306,CHEMBL3038498,Keap1/Nrf2,2,Large-Polar-Aromatic-Flexible-Hydrophilic,Other
13.409073225459018,13.409073225459018,0.1409615000969626,-4.4322720225023975,0.0521893995845771,13.78688524590164,855.0990000000002,804.6989999999996,854.3284107000001,314,0,0.2931983166921879,-0.3758658713437935,0.3758658713437935,0.2931983166921879,0.7704918032786885,1.3934426229508197,2.0655737704918034,32.233300714050046,9.963626350157726,2.2575650214842753,-2.3611180010614956,2.3136173176400026,-2.4556890114858723,7.989605531662616,-0.3836943647736231,3.2804693073420155,0.9445402989699956,2515.0573817867717,42.77079869893932,34.31455366366952,35.94754682552497,29.5180102088493,20.280871665282653,22.74963347253052,15.338549763298635,18.114364993427333,10.763322046422289,13.266516979233288,7.377614548263384,9.364583387296609,-5.989999999999998,39821457482408.44,43.11098537697972,20.047094999470396,11.439686816886615,362.1679574871971,15.116608065707286,5.687386274683562,0.0,0.0,21.61785715744265,0.0,19.80876518368787,13.139891848781026,0.0,11.761884949391115,97.0618730953858,103.40911600037084,66.73116477581756,9.818794524335445,18.13564521721843,44.75451465620089,0.0,14.52191432615304,0.0,28.798385809022097,62.78867793652084,172.90039796369985,0.0,22.253805966787983,14.938793199308895,17.062158824050687,0.0,11.761884949391115,87.66192765501108,16.56804755932016,10.114318268765572,22.34226179039182,161.4501436625758,0.0,22.253805966787983,0.0,128.13,26.54116820626032,23.32665243716633,0.0,22.188162071046293,12.1736752296728,55.91777525413839,39.9499915954082,23.894619086314336,67.52619024389773,92.63510775169873,0.0,28.920179432839433,1.6352826268567586,32.276921109639986,15.49348437836673,6.974732396152506,-0.1826670710049092,47.90707944287251,0.704685340372528,4.8626159159863365,-0.5089802387485429,0.2291666666666666,61,2,11,0,1,1,1,6,0,6,1,0,10,2,13,1,17,0,1,1,0,0,14.16803310447691,7,8.894200000000003,246.74209999999937,0,0,0,0,0,0,0,0,0,0,1,1,0,0,0,4,2,0,0,0,0,0,0,0,0,0,0,1,0,2,0,0,0,0,6,0,0,0,0,0,0,0,0,0,0,0,0,0,0,0,0,0,0,0,0,0,0,0,1,1,0,0,0,0,0,0,0,0,0,0,1,0,0,0,0,1,1,0,0,0,0,0,0,0,0,CHEMBL376409,CN(C)CC[C@H](CSc1ccccc1)Nc1ccc(S(=O)(=O)NC(=O)c2ccc(N3CCN(Cc4ccccc4-c4ccc(-c5ccccc5)cc4)CC3)cc2)cc1[N+](=O)[O-],100.0,2.0,CHEMBL4625,Apoptosis regulator Bcl-X,2,Large-Polar-Aromatic-Flexible-Hydrophobic,Large-Polar-Aromatic-Flexible-Hydrophobic
13.584037151176956,13.584037151176956,0.0593834365957379,-4.42959023310649,0.2581650948204684,11.75,623.4920000000001,603.3320000000002,622.0038129599999,208,0,0.3238784087861182,-0.4798953607205573,0.4798953607205573,0.3238784087861182,0.575,0.9,1.2,35.496787470025076,10.064896119728678,2.318607522750851,-2.27710114144521,2.382138254856192,-2.3683909021957046,7.928344534681411,-0.1357492321639255,2.9005249303464287,1.9481174540492576,1678.270707748039,29.24191172926026,20.307886982757054,23.452738036649414,18.817441467605484,11.341033878298292,14.977089481918032,8.36807661238993,12.965568725393013,5.776432728785383,9.828297873889534,4.014785858718878,7.1328751777327355,-3.839999999999998,452917756.8163759,29.150149628406975,11.33623748019466,5.84563222855686,239.24628780442637,10.213054789681411,13.08951281182515,0.0,0.0,20.046582306815168,11.938610575903695,18.199506350736108,16.835593968657875,0.0,0.0,47.46734805431147,60.6636706846161,20.817715056412244,21.165739500402676,36.637723126482925,77.33429364148061,0.0,0.0,0.0,9.79096695103555,21.69994479441762,94.97440558594522,0.0,0.0,8.610431982592466,11.374772549367124,0.0,23.20187978046503,52.07677214606812,29.63565667495881,0.0,0.0,94.72010590949812,10.045266627482652,10.772448428929591,0.0,149.36,45.074705694544015,36.637723126482925,0.0,41.98345455681492,8.610431982592466,0.0,72.79640482153933,12.13273413692322,0.0,0.0,23.20187978046503,55.6970916051097,11.775895777154284,23.104269818747017,20.040638189159296,-0.1187668731914759,-2.88237762627072,18.86105208882462,0.0,-1.8964002910975029,-8.85918046621298,0.0769230769230769,40,2,10,0,0,0,0,4,0,4,0,0,6,2,14,0,10,0,0,0,0,0,8.26132546927074,4,4.706400000000003,151.18719999999976,2,0,0,0,0,0,0,0,2,2,2,0,0,0,0,2,0,0,0,0,0,0,0,0,0,0,0,0,0,2,0,0,0,0,4,0,1,0,0,0,0,0,0,0,2,0,0,0,0,0,0,0,0,0,0,0,0,0,0,0,0,0,0,0,0,0,0,0,0,0,0,0,0,0,0,0,2,0,0,0,0,0,0,0,0,CHEMBL3601210,O=C(O)CN(c1ccc(N(CC(=O)O)S(=O)(=O)c2ccc(Cl)cc2)c2ccccc12)S(=O)(=O)c1ccc(Cl)cc1,42.3,1.6263403673750425,CHEMBL3038498,Keap1/Nrf2,2,Large-Polar-Aromatic-Flexible-Hydrophobic,Large-Polar-Aromatic-Flexible-Hydrophobic
15.088037318241192,15.088037318241192,0.0623194596286957,-4.312159295660614,0.0883684049772701,13.983050847457626,842.4589999999996,790.0429999999998,841.3275976839999,312,0,0.2754385161714284,-0.3845999393383712,0.3845999393383712,0.2754385161714284,0.8813559322033898,1.576271186440678,2.288135593220339,35.495694318097186,9.929278334138813,2.3384222816981644,-2.370255249561906,2.3094847003555796,-2.4680690853223024,7.897124081433175,0.0323261761697121,3.5433276264380713,1.4083832472771116,2408.9591485334327,42.10550828100966,34.078340590802924,35.65076611774909,28.46509593823417,20.160711373085267,22.02183909368888,14.815597899325889,16.875964613744625,10.635472429324404,12.416637113799936,7.278243884716659,8.486014152135088,-5.079999999999997,10705424822894.951,43.49747810901731,19.781956025665117,10.037348704559694,351.0298232632445,19.273545369301058,0.0,5.693927994848461,0.0,27.744830341462094,0.0,14.383611552215466,17.82169478392621,5.098681808301038,0.0,92.88736115162028,84.8382104460263,45.521282179738094,39.511605344149,32.2751344441445,50.11821866062421,0.0,24.302399069599264,0.0,76.77822204720623,40.01995624664144,123.5934342286888,0.0,5.687386274683562,4.722094864452088,0.0,0.0,11.600939890232516,91.78143745332002,32.46259508984627,6.923737199690624,93.97685602271169,89.82462243398034,5.022633313741326,16.459834703613154,0.0,140.14,21.837650612110593,18.00687135247258,4.794537184071822,57.52699297111006,50.22507219601626,42.196413689562824,35.01363827745323,42.032455408053934,36.39820241076966,18.569569263833337,26.173347606133653,42.06845997585995,6.890710406323334,46.357590388446646,6.432887191850034,2.833461968804563,-1.6595885746828756,23.831672296277524,4.6767489966711855,8.444118767758372,-2.681616972864278,0.3777777777777777,59,1,12,0,1,1,3,4,1,5,1,0,9,1,14,2,18,0,0,0,0,0,14.584155918303583,6,7.768620000000009,228.74999999999932,0,0,0,0,0,2,0,0,0,0,3,3,0,0,0,4,1,0,0,0,0,0,0,0,0,0,0,3,0,0,0,0,0,0,4,0,2,0,0,0,0,2,0,0,1,0,0,0,0,0,0,0,0,0,0,1,0,0,0,0,0,0,0,0,0,0,0,0,0,0,0,0,0,0,0,0,1,0,0,0,0,0,0,2,0,CHEMBL2031025,CCCCN(CCCC)C(=O)c1nn(-c2ccc(C(=O)NS(=O)(=O)c3ccc4ccccc4c3)cc2C(=O)N2Cc3ccccc3C[C@H]2COCCCOC)c(C)c1Cl,20.0,1.3010299956639813,CHEMBL4860,Apoptosis regulator Bcl-2,2,Large-Polar-Aromatic-Flexible-Hydrophobic,Large-Polar-Aromatic-Flexible-Hydrophobic
13.36949740411229,13.36949740411229,0.129234552528209,-4.450751425156195,0.0584529804815043,14.203389830508474,857.0930000000002,808.7089999999998,856.2746608760001,310,0,0.2931983166921879,-0.3758658713437935,0.3758658713437935,0.2931983166921879,0.8305084745762712,1.4745762711864407,2.1186440677966103,32.2336549683534,9.989617065880974,2.257962036837926,-2.3610993952173835,2.308719877865383,-2.455690589666303,7.989672386063134,-0.3836944917245837,3.219742995125837,1.0552561901645277,2460.182803491938,42.15791452381696,33.15254718911298,35.60203693189615,28.156855429183057,19.065893831788824,23.426067177094954,14.691717012290814,19.483267817162353,10.053768091686994,13.685433251724678,6.786463439260672,9.403902790979984,-5.259999999999999,7399327348376.522,43.3221526833681,19.20551758755089,11.697339874069986,350.10120377731636,15.116608065707286,5.687386274683562,9.837253136417502,0.0,21.61785715744265,0.0,19.80876518368787,21.557688833109964,0.0,11.761884949391115,54.59730361615449,104.41494715390009,72.98693395932897,14.71427799985322,26.55344220154737,54.59176779261839,0.0,14.52191432615304,0.0,33.69386928453987,69.04444712003225,142.56856262139183,0.0,11.126902983393991,14.938793199308895,17.062158824050687,0.0,11.761884949391115,102.33549382285142,26.40530069573766,10.114318268765572,22.34226179039182,136.01379179578558,0.0,11.126902983393991,0.0,162.27,41.2739048181956,31.74444942149527,0.0,22.188162071046293,12.1736752296728,72.60812972922939,18.388503320434623,48.16008736016077,79.65892438082096,25.905069998620984,0.0,52.68996036007172,1.6239252850988404,32.28236629057835,15.44907177406563,3.937167897849589,-0.2207086482094508,35.02075997549775,1.890122214990109,4.492969884269253,-3.832301700878438,0.2790697674418604,59,2,13,0,1,1,1,5,0,5,1,0,12,2,16,1,17,0,1,1,0,0,14.102107886287984,6,6.630700000000007,234.41589999999937,0,0,0,0,0,0,0,0,0,0,1,1,0,0,0,4,2,0,0,0,0,0,0,0,0,0,0,1,0,2,0,0,0,0,5,0,0,0,0,0,0,0,0,0,0,0,0,0,0,0,0,0,0,0,0,0,0,0,1,1,0,0,0,0,0,0,0,0,0,0,1,0,0,0,0,1,1,1,0,0,0,0,0,0,0,CHEMBL266944,CN(C)CC[C@H](CSc1ccccc1)Nc1ccc(S(=O)(=O)NC(=O)c2ccc(N3CCN(Cc4ccccc4-c4ccc(S(C)(=O)=O)cc4)CC3)cc2)cc1[N+](=O)[O-],9.1,0.9590413923210936,CHEMBL4625,Apoptosis regulator Bcl-X,2,Large-Polar-Aromatic-Flexible-Hydrophobic,Large-Polar-Aromatic-Flexible-Hydrophobic
13.774035795285414,13.774035795285414,0.0710379661123714,-4.408531454190951,0.2785281863730207,11.948717948717947,551.5730000000002,526.3730000000004,551.12500238,202,0,0.349182095508851,-0.4928688180105989,0.4928688180105989,0.349182095508851,0.7948717948717948,1.4102564102564104,2.0256410256410255,32.23342846689444,10.065244328872398,2.30413391092648,-2.255041227164957,2.3865348772308375,-2.3555092033113776,7.924934822250832,-0.1450031824982893,2.9396378587989336,1.846066975325842,1621.173637707236,28.156125291633355,20.974987929241717,21.791484510169447,18.66627088907636,11.597554396881026,13.037617725681669,8.297429370114163,10.159739646143723,5.92304910891324,7.678773732835629,4.118311445724238,5.567325152827072,-4.769999999999999,421025305.1795491,27.26977215051243,11.316206550068356,5.577280282237887,224.1896657053585,24.42364365108156,12.29426823919648,11.49902366656781,6.103966387748303,10.023291153407584,11.938610575903695,9.099753175368054,13.212334168400758,0.0,0.0,54.59730361615449,24.26546827384644,22.402266989088197,24.802464832756403,42.430515003554135,38.42173643292443,0.0,0.0,0.0,10.999449863266078,25.069567479763876,90.49259045015955,0.0,17.248535499851716,18.51580485269638,5.687386274683562,17.248535499851716,0.0,51.33381383838169,19.612365521551222,0.0,11.6674178794453,89.82462243398034,0.0,10.772448428929591,0.0,139.67,34.61062452297216,28.219926142153987,0.0,22.081893416769145,22.085411753910492,4.305215991296233,44.55143042486311,54.59730361615449,0.0,0.0,14.210588861400147,44.6333924690052,0.0,23.642802714464473,20.19141274462963,0.4892714734002972,-1.9412682339440448,21.745224925106545,-1.3277079659261546,-0.8723785868545972,-1.6440828732146786,0.1428571428571428,39,2,10,0,0,0,0,4,0,4,1,0,7,2,11,0,11,0,0,0,0,1,7.912573698166677,4,4.341600000000003,143.10839999999982,2,0,0,0,0,0,0,0,2,2,2,0,0,0,0,1,0,0,0,0,0,0,0,0,0,0,0,0,0,1,0,0,0,0,4,0,1,0,0,0,0,3,0,0,0,0,0,0,0,0,0,0,0,0,0,2,0,0,0,0,0,0,0,0,0,0,0,0,0,0,0,0,0,0,0,0,1,0,0,0,0,0,0,0,0,CHEMBL4748841,COc1ccc(S(=O)(=O)N(CC(=O)O)c2ccc(OC(C(=O)O)c3ccccc3)c3ccccc23)cc1OC,2300.0,3.361727836017593,CHEMBL3038498,Keap1/Nrf2,2,Large-Polar-Aromatic-Flexible-Hydrophobic,Large-Polar-Aromatic-Flexible-Hydrophobic
13.682925016508271,13.682925016508271,0.083937143742963,-4.478271775957944,0.2202168005486276,11.418604651162791,636.7010000000001,604.4450000000002,636.144751844,232,0,0.3238809352686228,-0.4967671120136989,0.4967671120136989,0.3238809352686228,0.7209302325581395,1.186046511627907,1.627906976744186,32.23486273524811,10.21412085471756,2.3217963872218457,-2.2753968120049315,2.3764426472405,-2.3688122456781646,7.928057598331706,-0.1357548415303399,2.9832425160880476,2.1940047547015857,1640.8948842043694,31.78588180363028,23.66597244412095,25.2989656059764,20.342139477510795,12.887720337693946,15.767846995295228,9.015938447089129,12.740558999148249,6.108121612184923,9.67015628903152,3.916291888234628,6.7469773771595705,-4.5,1565822947.961939,33.00754458161865,14.111821199067862,7.868366285119667,249.4883791938282,24.42364365108156,30.338048311676864,0.0,0.0,20.046582306815168,11.938610575903695,18.199506350736108,16.835593968657875,0.0,0.0,13.344558822616634,67.0844923075421,6.06636706846161,41.99221654747066,50.84831198788307,43.359965432085986,0.0,0.0,0.0,29.556347396578193,42.5264218414856,66.73003775307771,0.0,17.248535499851716,22.821020843992613,11.374772549367124,17.248535499851716,0.0,72.9032491931361,29.63565667495881,0.0,19.765380445542643,76.52100470411327,0.0,0.0,0.0,177.04999999999995,45.074705694544015,36.637723126482925,0.0,33.52213329819949,32.951098895012294,0.0,80.94963283563278,0.0,6.923737199690624,0.0,14.210588861400147,71.78874363938337,0.0,23.154045239717867,19.19924716550875,-0.3326124911243957,-2.3114605379320485,14.178429603608038,1.2418793250890667,0.0219484780796734,-6.106887088996989,0.2857142857142857,43,2,13,0,0,0,0,3,0,3,0,0,9,2,15,0,16,0,0,0,0,0,10.832478310606133,3,3.4425000000000017,157.16819999999973,2,0,0,0,0,0,0,0,2,2,2,0,0,0,0,2,0,0,0,0,0,0,0,0,0,0,0,0,0,2,0,0,0,0,3,0,0,0,0,0,0,3,0,0,0,0,0,0,0,0,0,0,0,0,0,2,0,0,0,0,0,0,0,0,0,0,0,0,0,0,0,0,0,0,0,0,2,0,0,0,0,0,0,1,0,CHEMBL5207192,CCCCOc1cc(N(CC(=O)O)S(=O)(=O)c2ccc(OC)cc2)ccc1N(CC(=O)O)S(=O)(=O)c1ccc(OC)cc1,677.0,2.830588668685144,CHEMBL3038498,Keap1/Nrf2,2,Large-Polar-Aromatic-Flexible-Hydrophobic,Large-Polar-Aromatic-Flexible-Hydrophobic
13.312837665349402,13.312837665349402,0.1366171140812166,-4.418984157780175,0.0718995279308994,14.903846153846152,745.9680000000001,698.5919999999999,745.296776224,276,0,0.2931983166921879,-0.3777515831157913,0.3777515831157913,0.2931983166921879,1.0,1.6730769230769231,2.3076923076923075,32.233299994705455,9.834232418760124,2.351071702884545,-2.4189121903331845,2.334552423074424,-2.46783242073268,7.989595530648582,-0.383694264273977,3.1388299308485608,1.225077423969741,1932.5465321037225,37.30454337268845,30.079435935926796,31.712429097782245,24.875779540757136,17.273170167138886,19.741931974386763,13.452277328284463,16.22809255841316,9.558248961715115,12.061443894526112,6.340908509444342,8.32787734847757,-4.429999999999998,233131973157.8889,38.79282117729773,17.391458665999934,10.121794569474812,310.5023069775624,19.853471019507335,5.687386274683562,0.0,0.0,21.61785715744265,0.0,14.908855452837392,13.139891848781026,0.0,11.761884949391115,42.46456947923127,106.4841419708225,60.62751472228338,15.419845335319136,22.872508171018477,44.75451465620089,0.0,9.622004595302563,0.0,54.04088228256187,56.80896266597323,123.86654583924238,0.0,0.0,14.938793199308895,17.062158824050687,0.0,11.761884949391115,82.38335346459665,21.180975730133643,17.038055468456196,40.74735652794084,106.85284004642136,0.0,0.0,0.0,134.12,26.54116820626032,23.32665243716633,0.0,27.789212882029982,12.1736752296728,55.545970905178706,23.259637120317212,43.13715076451509,55.39345610697452,40.06163160438435,4.736862953800049,34.77044532655357,1.6338290476735853,29.615324130055257,15.411852326631198,3.1666043008818434,-0.1831489492430554,28.523491653636206,3.2163348437283004,4.4067416209811014,1.2718590324353292,0.358974358974359,52,2,11,0,1,1,1,4,0,4,1,0,10,2,13,1,16,0,1,1,0,0,12.974302808509623,5,6.774520000000008,208.00809999999944,0,0,0,0,0,0,0,0,0,0,1,1,0,0,0,3,2,0,0,0,0,0,0,0,0,0,0,1,0,2,1,0,0,0,4,0,0,0,0,0,0,1,0,0,0,0,0,0,0,0,0,0,0,0,0,1,0,0,1,1,0,0,0,0,0,0,0,0,0,1,0,0,0,0,0,1,1,0,0,0,0,0,0,0,0,CHEMBL375770,COC1(Cc2ccccc2C)CCN(c2ccc(C(=O)NS(=O)(=O)c3ccc(N[C@H](CCN(C)C)CSc4ccccc4)c([N+](=O)[O-])c3)cc2)CC1,71.0,1.8512583487190752,CHEMBL4625,Apoptosis regulator Bcl-X,2,Large-Polar-Aromatic-Flexible-Hydrophobic,Large-Polar-Aromatic-Flexible-Hydrophobic
14.676299889550508,14.676299889550508,0.0033385474048641,-4.265446187729667,0.132211370818864,12.833333333333334,742.8979999999999,700.562,742.282506064,276,0,0.264523130162712,-0.3960313152170717,0.3960313152170717,0.264523130162712,0.8333333333333334,1.5740740740740742,2.314814814814815,32.23327412027384,9.919307969042984,2.2946021114975275,-2.2950007454725725,2.35597791572931,-2.362789890363792,7.897118568896651,0.0735130798421824,3.5708166658357543,1.3228973458701585,2456.896662997602,37.82105123063349,30.033575305911288,30.850071886839014,26.199371625854077,18.186177390331576,19.669340637925966,13.53127366180848,15.213675903217991,10.009490172171828,11.338150650944735,7.141022545419527,8.150108655272737,-5.619999999999998,1671938993698.738,36.72633322156035,15.774679390833333,7.4299659261634705,314.30413560238514,15.112964520531888,0.0,0.0,0.0,21.837650612110593,0.0,9.589074368143644,17.821694783926212,5.098681808301038,0.0,86.14096364415597,95.10774329819128,36.38674925142906,28.57760770441118,28.219926142153987,32.610099041040186,0.0,19.402489338748783,0.0,57.07496716026394,13.151638370425491,148.39972068049093,0.0,16.814289258077554,4.722094864452088,0.0,0.0,0.0,58.27724407743555,42.43739439261111,0.0,68.55956826186818,114.0900907078268,0.0,27.586737687007144,0.0,141.82999999999998,22.537352847272007,28.219926142153987,0.0,28.536448152776188,54.55903287331043,40.73608471324283,29.828919765543436,27.780813871380495,60.6636706846161,17.712199132604322,5.098681808301038,30.994252935592268,0.0,30.126629341887988,26.552612405326688,6.396137162877068,-1.1963168395796189,32.29822763713721,3.4705923315559604,2.539977879598776,-4.265446187729667,0.2325581395348837,54,3,10,0,1,1,2,5,1,6,0,0,8,3,11,2,12,0,0,0,0,0,10.728632069833807,7,6.379400000000008,207.8110999999995,0,2,2,0,0,2,0,0,0,0,2,2,0,0,0,3,1,0,0,0,0,0,0,0,0,0,0,2,0,0,0,0,0,0,5,0,2,0,0,0,0,0,0,0,0,0,0,0,0,0,0,0,0,0,0,0,0,0,0,0,0,0,0,0,0,0,0,0,0,0,0,0,0,0,0,0,1,0,0,0,0,0,0,1,0,CHEMBL2030856,CCCCc1c(-c2ccc(C(=O)NS(=O)(=O)c3ccc4ccccc4c3)cc2C(=O)N2CCc3ccccc3C2)c(CO)nn1-c1ccc(CCO)cc1,6.0,0.7781512503836436,CHEMBL4625,Apoptosis regulator Bcl-X,2,Large-Polar-Aromatic-Flexible-Hydrophobic,Large-Polar-Aromatic-Flexible-Hydrophobic
13.970906202439943,13.970906202439943,0.0810003593188115,-4.500713131358126,0.1862683559034804,11.382978723404255,683.7610000000001,650.497,683.160736256,248,0,0.323879623446172,-0.4967671120136989,0.4967671120136989,0.323879623446172,0.6382978723404256,1.1063829787234043,1.574468085106383,32.234863341989715,10.144548493812731,2.324710038361828,-2.311456517727163,2.381910523461129,-2.377045571193444,7.928118242201204,-0.1357520116453968,3.0578095647672754,1.9250775592193456,1935.584997294748,34.35479590438262,25.67747553273208,27.31046869458753,22.2704611702388,13.939099429063669,16.819226086664944,10.176573874338503,13.90119442639762,7.04208778350878,10.604122460355368,4.736284150340835,7.570526668687169,-5.2799999999999985,13919959336.04292,34.590452923537754,14.43158972102893,7.933799493434423,272.4618776117955,24.586690428131988,24.58853647839296,0.0,0.0,20.046582306815168,11.938610575903695,18.199506350736108,16.835593968657875,0.0,0.0,30.33183534230805,72.29348924477472,13.592428388589765,41.0727208576413,46.111449034083016,49.04735170676955,0.0,0.0,0.0,16.335723356948126,47.867121590500346,102.6253245870828,0.0,11.49902366656781,22.98406762104304,17.062158824050687,11.49902366656781,0.0,73.34403921130037,36.18041308087138,0.0,5.563451491696996,106.85284004642136,0.0,0.0,0.0,171.06,45.074705694544015,36.637723126482925,0.0,33.397882180998806,20.109455649160275,5.563451491696996,80.9496328356328,24.080315850450887,18.19910120538483,0.0,9.473725907600098,67.18615760973248,0.0,25.209167129794732,19.537663012303888,0.744374872520391,-2.1159098257109576,23.684739891277133,0.0,-1.729803818035932,-4.516388871881723,0.1875,47,2,13,0,0,0,0,4,0,4,0,0,9,2,15,0,15,0,0,0,0,0,10.62117499695878,4,3.900000000000002,175.3141999999996,2,0,0,0,0,0,0,0,2,2,2,0,0,0,0,3,0,0,0,0,0,0,0,0,0,0,0,0,0,3,0,0,0,0,4,0,0,0,0,0,0,2,0,0,0,0,0,0,0,0,0,0,0,0,0,2,0,0,0,0,0,0,0,0,0,0,0,0,0,0,0,0,0,0,0,0,2,0,0,0,0,0,0,0,0,CHEMBL5195389,COc1ccc(S(=O)(=O)N(CC(=O)O)c2ccc(N(CC(=O)O)S(=O)(=O)c3ccc(OC)cc3)c(N(C)Cc3ccccc3)c2)cc1,6170.0,3.7902851640332416,CHEMBL3038498,Keap1/Nrf2,2,Large-Polar-Aromatic-Flexible-Hydrophobic,Large-Polar-Aromatic-Flexible-Hydrophobic
14.745652171511203,14.745652171511203,0.0689283992457601,-1.1495917077356512,0.0382211625859398,12.323529411764708,1082.9779999999996,1008.3859999999996,1080.4006981480002,380,0,0.3172929678996095,-0.4812294212221436,0.4812294212221436,0.3172929678996095,0.5882352941176471,1.1029411764705883,1.661764705882353,79.91976306250325,10.020876074755735,2.3454030674763455,-2.411185916660236,2.2013447244579853,-2.598221421069449,9.104512667787972,-0.137863304656011,3.274139296479393,2.683411605816993,1860.6032005178777,50.43393540575583,39.56633818071369,42.73833125894309,32.373227909149634,23.46405012265692,25.050046661771624,17.32139726719978,19.15274832478316,11.22955858362887,12.28688960970534,7.540682138633343,8.069347651671578,-5.15,126581040891647.92,58.97431250072819,33.363825692941816,25.83631499311468,417.2143105815036,63.38094082974472,0.0,0.0,5.907179729351506,0.0,36.06306862525599,14.383611552215466,19.178148736287287,0.0,0.0,89.23529533790442,99.22160669272247,80.06303957097884,12.08368165829592,43.77481507818416,73.83013615050618,0.0,35.96688360857676,23.11890847764795,121.8644996077893,52.358051247300594,68.6032785627517,0.0,0.0,38.46815684751188,19.178148736287287,0.0,31.859887795898697,137.36660607158487,27.22525479806748,5.917906046161393,102.0242368578874,57.47637557935771,0.0,0.0,0.0,295.84999999999997,66.51659246497738,43.77481507818416,0.0,64.95182492717949,63.953170218468614,32.913985260910835,14.69972919255143,0.0,48.53093654769288,66.97451661130526,17.201002431486554,1.8223376135897535,6.872984786812729,95.79270335839848,31.038438296033966,19.057234728950096,-2.47854644879947,10.09955967406454,4.365149651963206,4.596805005653357,0.0,0.5957446808510638,68,12,19,0,0,0,9,2,0,2,3,0,8,9,21,0,34,0,0,0,0,3,28.9354218034614,2,5.7561000000000115,268.7185999999995,2,0,0,0,0,0,0,0,2,2,7,5,0,0,0,3,4,3,0,0,0,0,0,0,0,0,0,9,0,0,1,0,0,0,2,0,0,0,0,0,0,0,0,0,2,0,0,0,0,0,0,0,0,0,0,0,0,0,0,0,0,0,0,0,0,0,0,0,0,0,0,2,0,0,0,0,0,0,0,0,0,0,0,2,4,CHEMBL593926,CC(C)CCCCNC(=O)N(CC(CCC(=O)O)NC(N)=O)C(CCCCN)CN(C(=O)NCCc1ccc(Br)cc1)C(CCC(=O)O)CN(CCC(N)=O)C(=O)NCCCc1ccc(Br)cc1,13000.0,4.113943352306837,CHEMBL5023,p53-binding protein Mdm-2,2,Large-Polar-Aromatic-Flexible-Hydrophobic,Large-Polar-Aromatic-Flexible-Hydrophobic
14.019398558857311,14.019398558857311,0.0372207139985372,-4.314268130518284,0.2339585748165011,12.097560975609756,577.6550000000003,546.4070000000004,577.1770379519999,214,0,0.3491821351545345,-0.4938897221135852,0.4938897221135852,0.3491821351545345,0.8780487804878049,1.4878048780487805,2.048780487804878,32.23342948120226,10.063542473658734,2.318413137232551,-2.267291146536203,2.3863088812933153,-2.3632816948671795,7.925890382097623,-0.145006417925726,2.899194765244928,1.832372233944604,1691.4153822101025,29.896612267639515,23.119145881585148,23.935642462512877,19.432796539255893,12.900065855692358,14.340129184492996,9.599846024300692,11.399000070003083,6.524337053181317,8.590267163308125,4.975603301002433,6.826162771626553,-4.5699999999999985,762235135.1531892,29.413582368816503,11.891420513216463,6.120794068788133,238.17094681904143,19.68678069728151,18.043780072480384,0.0,6.103966387748303,10.023291153407584,11.938610575903695,9.099753175368054,13.212334168400758,0.0,0.0,54.09438803938988,63.08732005600291,16.335899920626588,17.189751714714255,37.693652049754085,38.42173643292443,0.0,0.0,0.0,38.694398662028576,17.456854361721728,95.05021078832732,0.0,11.49902366656781,13.778941898896331,5.687386274683562,11.49902366656781,0.0,43.721100720339535,19.612365521551222,20.771211599071872,35.28150955422691,77.6918882970571,0.0,10.772448428929591,0.0,130.43999999999997,34.61062452297216,28.21992614215399,0.0,16.332381583485244,39.8191967018174,9.868667482993228,12.13273413692322,74.51114508399736,13.847474399381248,0.0,9.473725907600098,40.33111581437238,0.0,24.177024413503855,20.49279916711978,2.3999883083240467,-1.7643155637200096,19.59122989195236,-1.3642171133443932,6.700643212310263,-4.314268130518284,0.2258064516129032,41,2,9,0,0,0,0,4,0,4,1,0,6,2,10,0,11,0,0,0,0,1,8.530957969456747,4,5.648360000000005,155.38439999999972,2,0,0,0,0,0,0,0,2,2,2,0,0,0,0,1,0,0,0,0,0,0,0,0,0,0,0,0,0,1,3,0,0,0,4,0,1,0,0,0,0,2,0,0,0,0,0,0,0,0,0,0,0,0,0,0,0,0,0,0,0,0,0,0,0,0,0,0,0,0,0,0,0,0,0,0,1,0,0,0,0,0,0,0,0,CHEMBL4764502,CCOc1ccc(C(Oc2ccc(N(CC(=O)O)S(=O)(=O)c3c(C)cc(C)cc3C)c3ccccc23)C(=O)O)cc1,150.0,2.1760912590556813,CHEMBL3038498,Keap1/Nrf2,2,Large-Polar-Aromatic-Flexible-Hydrophobic,Large-Polar-Aromatic-Flexible-Hydrophobic
15.226872710792769,15.226872710792769,0.0406339004130107,-4.301756033218101,0.1259248439733018,15.864406779661016,839.4589999999995,788.0509999999997,838.3279320319999,310,0,0.2754385161714284,-0.3787927143310863,0.3787927143310863,0.2754385161714284,0.8813559322033898,1.5593220338983051,2.2711864406779663,35.49569431710108,9.92136552799674,2.3477497290642195,-2.403840933889566,2.312005449774218,-2.5171408640265516,7.897124781767663,0.0192497550083161,3.5488437061382734,1.2920871719543288,2456.249241857162,41.682858550199285,33.82441267702556,35.39683820397174,28.482734028439214,20.4124712460771,22.27359896668072,15.30731088205608,17.367677596474817,11.2607505677318,13.04191525220733,7.849541202996786,9.057311470415222,-5.079999999999997,14760905749999.283,42.057741287448685,18.454991277536617,9.230956778163556,350.67028055041175,14.536682415501003,0.0,5.693927994848461,0.0,27.744830341462094,0.0,19.283521283065944,17.82169478392621,5.098681808301038,0.0,92.88736115162028,78.41738882310028,50.8738307563204,40.076646479513954,27.53827149034445,50.11821866062421,0.0,29.202308800449742,0.0,70.35740042428021,45.93754595858871,123.5934342286888,0.0,5.687386274683562,4.722094864452088,0.0,0.0,11.600939890232516,102.5989368961178,27.72573213604622,6.923737199690624,87.55603439978566,89.82462243398034,5.022633313741326,16.459834703613154,0.0,134.14999999999998,15.930470882759089,18.00687135247258,4.794537184071822,44.59514805535252,62.58114965959896,55.28592650138797,28.947271208991623,30.02274813592593,41.29811214162014,29.535846063145424,21.436484652333604,36.54437952494088,6.915523519398654,49.003756262572765,6.495645390859329,3.0791833289945094,-1.5628315482852646,24.28207127492026,4.111867952043043,10.62660477221838,-4.301756033218101,0.3777777777777777,59,1,12,0,2,2,3,4,1,5,1,0,9,1,14,3,14,0,1,1,0,0,13.155512688351816,7,7.047720000000008,228.6969999999993,0,0,0,0,0,2,0,0,0,0,3,3,0,0,0,5,1,0,0,0,0,0,0,0,0,0,0,3,0,0,0,0,0,0,4,0,2,0,0,0,0,1,0,0,1,0,0,0,0,0,0,0,0,0,0,0,1,0,0,0,0,0,0,0,0,0,0,0,0,0,0,0,0,0,0,0,1,0,0,0,0,0,0,2,0,CHEMBL2031029,CCCCN(CCCC)C(=O)c1nn(-c2ccc(C(=O)NS(=O)(=O)c3ccc4ccccc4c3)cc2C(=O)N2Cc3ccccc3C[C@H]2CN2CCOCC2)c(C)c1Cl,14.0,1.146128035678238,CHEMBL4860,Apoptosis regulator Bcl-2,2,Large-Polar-Aromatic-Flexible-Hydrophobic,Large-Polar-Aromatic-Flexible-Hydrophobic
14.449432825408898,14.449432825408898,0.0177620209160549,-4.672308303320138,0.1310008279366012,12.714285714285714,801.8520000000004,766.5719999999999,801.1662155600001,290,0,0.3238786295284319,-0.4967671120136989,0.4967671120136989,0.3238786295284319,0.6428571428571429,1.0892857142857142,1.5714285714285714,32.23486487120302,9.979156382043048,2.364577138625936,-2.303285110686475,2.4208092817574567,-2.377361934588884,7.928423260388204,-0.1357501695294236,3.431236562924181,1.556567496054152,2542.000299677444,40.362867593890385,29.985535945222527,31.61852910707798,26.681144772761748,16.95707425511088,19.83720091271215,12.521982935701637,16.246603487760755,9.14996409873798,12.683754450741745,6.537777128502091,9.433541207519069,-6.459999999999999,1810269437520.9136,39.23966391578652,15.719154585782151,7.453162025597112,321.55558153327877,19.68678069728151,24.58853647839296,0.0,0.0,31.860941765518177,11.938610575903695,32.68849044973023,16.835593968657875,0.0,0.0,36.39820241076966,85.13513249062675,17.317204834842165,46.51223756635173,55.70052340222666,65.94677331971859,0.0,4.899909730850477,0.0,22.63261019688757,42.46429628288526,119.81859463893842,0.0,11.49902366656781,18.084157890192564,11.374772549367124,11.49902366656781,0.0,89.55539282408925,36.05647829788482,0.0,32.70025046616064,112.91920711488297,0.0,10.772448428929591,0.0,205.19999999999996,56.889065153247024,46.22679749462657,0.0,68.01494205618785,20.109455649160275,4.899909730850477,105.21510110947924,12.13273413692322,0.0,0.0,9.473725907600098,69.18906944057557,0.0,51.648133629013984,20.298544468038997,0.2651235177460551,-3.3852565120390947,24.18762936240474,-0.1089053194462705,-2.2476569287408603,-6.5133483242197645,0.1794871794871795,56,2,15,0,1,1,2,5,0,5,0,0,10,2,17,1,16,0,0,0,0,0,11.01454183904261,6,4.645600000000003,204.40119999999956,2,0,0,0,0,0,0,0,2,2,4,2,0,0,0,3,0,0,0,0,0,0,0,0,0,0,0,2,0,2,1,0,0,0,5,0,2,0,0,0,0,2,0,0,0,0,0,0,1,0,0,0,0,0,0,2,0,0,0,0,0,0,0,0,0,0,0,0,0,0,0,0,0,0,0,0,2,0,0,0,0,0,0,0,0,CHEMBL5414850,COc1ccc(S(=O)(=O)N(CC(=O)O)c2cc(CCCN3C(=O)c4ccccc4C3=O)c(N(CC(=O)O)S(=O)(=O)c3ccc(OC)cc3)c3ccccc23)cc1,2.5,0.3979400086720376,CHEMBL3038498,Keap1/Nrf2,2,Large-Polar-Aromatic-Flexible-Hydrophobic,Large-Polar-Aromatic-Flexible-Hydrophobic
14.429199227837636,14.429199227837636,0.0163623726962469,-4.551609506232452,0.1155409173641155,11.703703703703704,775.9020000000003,734.5739999999998,775.2233365120002,284,0,0.3238786295284083,-0.4967671120136989,0.4967671120136989,0.3238786295284083,0.6481481481481481,1.1296296296296295,1.648148148148148,32.23486447060374,9.979057447830144,2.340435379911564,-2.30381772531291,2.418932013260351,-2.376518213792413,7.928410525632131,-0.1357501736851652,3.1576933292000273,1.7225692194325335,2319.3326962327283,39.045030348694596,29.953496414670973,31.586489576526425,25.753624417833183,16.80194045459046,19.68206711219173,12.4378376324557,16.16245818451482,8.725208810500488,12.25899916250425,6.181512098711641,9.077276177728614,-5.639999999999999,522290094521.6874,39.56493019765029,17.008484796634328,8.928623656893098,314.23836848672045,24.586690428131988,24.58853647839296,0.0,0.0,20.046582306815168,11.938610575903695,18.199506350736108,16.835593968657875,0.0,0.0,54.59730361615449,92.15827823399027,17.317204834842165,35.38533458295774,46.111449034083016,54.13241386101558,0.0,4.899909730850477,0.0,29.177366602800145,49.511968265562444,120.32151021570304,0.0,11.49902366656781,18.084157890192564,11.374772549367124,11.49902366656781,0.0,84.78870534806343,42.601234703797395,0.0,17.54772460632,118.9855741833446,0.0,10.772448428929591,0.0,171.06,45.074705694544015,36.637723126482925,0.0,38.35900955225827,36.57280959301597,14.17388347428946,68.81689869870955,24.26546827384644,37.37950732498524,4.899909730850477,9.473725907600098,69.37790317352025,0.0,26.42133023195842,20.528806946349988,1.4056914484975769,-2.0718690206725165,28.605290686603144,0.6168778595660747,-0.7585950373003333,-4.292102955189284,0.2307692307692307,54,2,13,0,0,0,0,5,0,5,0,0,9,2,15,0,18,0,0,0,0,0,12.461842847159874,5,5.481400000000004,205.36819999999943,2,0,0,0,0,0,0,0,2,2,2,0,0,0,0,3,0,0,0,0,0,0,0,0,0,0,0,0,0,2,1,0,0,0,5,0,1,0,0,0,0,2,0,0,0,0,0,0,0,0,0,0,0,0,0,2,0,0,0,0,0,0,0,0,0,0,0,0,0,0,0,0,0,0,0,0,2,0,0,0,0,0,0,0,0,CHEMBL5428263,COc1ccc(S(=O)(=O)N(CC(=O)O)c2cc(CCCN(C)Cc3ccccc3)c(N(CC(=O)O)S(=O)(=O)c3ccc(OC)cc3)c3ccccc23)cc1,73.6,1.8668778143374989,CHEMBL3038498,Keap1/Nrf2,2,Large-Polar-Aromatic-Flexible-Hydrophobic,Large-Polar-Aromatic-Flexible-Hydrophobic
14.006928425998384,14.006928425998384,0.1879608173335283,-4.582701576548233,0.1345485003465737,11.333333333333334,732.7890000000002,700.5329999999998,732.1447518439999,264,0,0.3238809392121224,-0.4967671120136989,0.4967671120136989,0.3238809392121224,0.5686274509803921,1.0196078431372548,1.5098039215686274,32.23486399478856,10.06261972381024,2.324880238373476,-2.274974194336733,2.400345456300902,-2.367786542448705,7.928083022724034,-0.1357542555495548,3.1317330941317536,1.6664622643124496,2228.2436891260854,36.760573298318434,27.240804523267943,28.873797685123396,24.326104062904623,15.078113374713404,17.958240032314674,10.806388215357243,14.53100876741636,7.541912874263872,11.103947551110467,5.028965356175737,7.859650845100683,-6.059999999999998,138552547736.84445,36.22640542809566,15.228341759388616,8.224525928101796,294.1427991483698,24.42364365108156,30.338048311676864,5.749511833283905,0.0,20.046582306815168,11.938610575903695,18.199506350736108,16.835593968657875,0.0,0.0,42.46456947923127,83.92330780493333,6.06636706846161,35.38533458295774,50.848311987883065,43.359965432085986,0.0,0.0,0.0,9.79096695103555,35.919539876972685,121.32734136923226,0.0,34.12495031652961,22.821020843992613,11.374772549367124,22.99804733313562,0.0,66.29636722862318,29.63565667495881,0.0,0.0,131.11830832026783,0.0,11.126902983393991,0.0,177.04999999999998,45.074705694544015,36.637723126482925,0.0,32.66476316697048,20.109455649160275,23.259637120317212,68.81689869870955,24.26546827384644,30.33183534230805,0.0,14.210588861400147,73.3536151553993,0.0,23.59225391732848,19.595452400537415,1.286068532859305,-2.3365298824260066,30.19858530403765,0.0,-2.0536605091239686,-6.302451585278841,0.1111111111111111,51,2,13,0,0,0,0,5,0,5,0,0,9,2,15,0,15,0,0,0,0,0,10.817021226925718,5,5.7229000000000045,188.71719999999956,2,0,0,0,0,0,0,0,2,2,2,0,0,0,0,2,0,0,0,0,0,0,0,0,0,0,0,0,0,2,0,0,0,0,5,0,0,0,0,0,0,3,0,0,0,0,0,0,0,0,0,0,0,0,0,2,0,0,0,0,0,0,0,0,0,0,0,0,0,0,0,0,0,0,0,0,2,0,0,0,0,0,0,0,0,CHEMBL5201757,COc1ccc(S(=O)(=O)N(CC(=O)O)c2ccc(N(CC(=O)O)S(=O)(=O)c3ccc(OC)cc3)c(Oc3ccc(-c4ccccc4)cc3)c2)cc1,1190.0,3.0755469613925306,CHEMBL3038498,Keap1/Nrf2,2,Large-Polar-Aromatic-Flexible-Hydrophobic,Large-Polar-Aromatic-Flexible-Hydrophobic
14.125984122430769,14.125984122430769,0.0605975389724411,-4.001839523289792,0.1328963597619061,15.677966101694915,858.531,806.1149999999998,857.3159874440001,312,0,0.2614328980539356,-0.3679830724373574,0.3679830724373574,0.2614328980539356,0.711864406779661,1.3389830508474576,2.0,35.495694176339164,9.954755797927094,2.2718300721819067,-2.372616420369473,2.402251776350731,-2.46102096432418,7.9262586921292,0.0948990806451043,3.4940827750199857,1.053842181435468,2511.282802170959,41.89840149982312,33.9875493838421,36.376471491716,28.17369218158866,19.85432026149118,23.606859520153044,15.428119879167587,19.562693475791946,11.372695224992755,14.11387746748786,7.878843873144798,9.85030799039006,-4.8599999999999985,10715909983673.928,42.270219599562,17.77986652126916,9.791017029351616,352.8963450238066,29.4835271751996,0.0,9.837253136417502,0.0,15.930470882759089,0.0,9.51663204852391,16.835593968657875,0.0,0.0,41.93277523254056,104.79392794767811,105.54842044373925,21.048346437581007,21.630131152729696,54.4308227334598,0.0,19.68370771349864,7.04767198267719,23.135525773652184,93.2729195514674,113.3418858956726,0.0,22.384282469939446,19.838702930159375,17.062158824050687,0.0,11.600939890232516,115.86069803281602,26.908216272502276,6.923737199690624,22.472738293543287,106.85284004642136,5.022633313741326,22.384282469939446,0.0,127.3,19.86054428982509,21.630131152729696,0.0,15.698146680387056,22.81822748603446,117.09874854226726,18.19910120538483,12.13273413692322,50.36961159313747,65.51876229617531,11.600939890232516,54.8170720537528,6.313887795818465,23.36590974178689,3.8954894186375935,7.750749960402437,-0.0780782599940139,28.709525150008748,1.9271508027237116,10.807169903957682,-3.397765455983191,0.3409090909090909,59,2,12,0,2,2,1,4,1,5,0,0,10,2,15,3,13,0,2,2,0,0,12.73828580177878,7,6.219120000000006,238.14749999999933,0,0,0,0,0,1,0,0,0,0,1,1,0,0,0,5,2,0,0,1,0,0,0,0,0,0,0,1,0,3,0,0,0,0,4,0,0,0,0,0,0,0,0,0,1,0,0,0,0,0,0,0,0,0,0,0,0,0,0,0,0,0,0,0,0,0,0,0,0,0,2,0,0,0,0,0,1,1,0,0,0,0,0,0,0,CHEMBL2170843,Cc1c(C(=O)NCCCN2CCN(C)CC2)c(-c2cccc(N3CCN(c4ccc(NS(=O)(=O)c5cccc(S(C)(=O)=O)c5)cc4)CC3)c2)c(-c2ccc(Cl)cc2)n1C,1920.0,3.2833012287035497,CHEMBL612545,Unchecked,2,Large-Polar-Aromatic-Flexible-Hydrophobic,Large-Polar-Aromatic-Flexible-Hydrophobic
14.681635167853372,14.681635167853372,0.0468310996373213,-4.443413377024788,0.2674871312532753,18.347826086956523,681.5980000000003,651.3580000000001,680.1263110400001,238,0,0.3373869071991814,-0.4654170207178828,0.4654170207178828,0.3373869071991814,0.8043478260869565,1.391304347826087,1.9782608695652173,35.49678729808895,9.94073048078113,2.476356937827749,-2.3199321391060614,2.489627913197342,-2.480884187474654,7.924622892009964,0.0599139339498926,3.4197968560819154,1.595642887467532,1974.8030943426795,32.74998341876803,24.96855279304554,27.296907266010173,22.00527618432733,14.481159459046363,16.677151733865458,11.188891402323604,13.87669286022786,8.406682133733156,10.692371780817409,6.0028748558312515,7.939512602427485,-4.159999999999999,21480993564.746597,31.807487844952128,12.56006091239627,5.682685695898106,275.9149849285652,14.536682415501003,11.381314269532025,0.0,0.0,21.489737777811097,5.969305287951848,14.156174015934996,17.51755015969699,0.0,0.0,53.53371512277308,72.77187858222568,36.22429225113295,29.652414166788223,22.74373430627263,50.91951872901099,0.0,14.366919109492308,0.0,16.979165133813698,44.64171113890126,127.58201563185705,0.0,0.0,9.86448288634824,5.817862777835028,0.0,23.20187978046503,74.9976962587296,14.760154107207631,0.0,43.926561993227544,94.61915961805217,10.045266627482652,0.0,0.0,109.23,39.54272472405886,22.8014085365444,0.0,21.840249236746793,47.35119523452694,0.0,52.380315591134774,53.43084627854336,7.04767198267719,4.899909730850477,27.938742734265084,36.73421101448583,12.470781620046786,44.09043476571581,0.9029396435147116,0.5055457682837514,-1.0582146098130645,20.00493004444993,0.0,2.2545448184886,-1.2662841762834645,0.2424242424242424,46,0,10,0,2,2,1,3,1,4,2,0,8,0,13,3,6,0,1,1,0,0,8.684869234845712,6,4.868900000000005,175.3327999999996,0,0,0,0,0,1,0,0,0,0,2,2,0,0,0,4,0,0,0,1,0,0,0,0,0,0,0,1,0,1,0,0,0,0,3,0,1,0,0,0,1,1,0,0,2,0,0,0,0,0,0,0,0,0,0,1,0,0,0,0,0,0,0,0,0,0,0,0,0,0,1,0,0,1,0,0,1,0,0,0,0,0,0,0,0,CHEMBL3220437,COC(=O)c1cccc(S(=O)(=O)N2c3ccc(C(=O)N4CCN(C)CC4)c(=O)n3[C@@H](c3ccc(Cl)cc3)[C@H]2c2ccc(Cl)cc2)c1,460.0,2.662757831681574,CHEMBL1907611,Tumour suppressor p53/oncoprotein Mdm2,2,Large-Polar-Aromatic-Rigid-Hydrophobic,Large-Polar-Aromatic-Rigid-Hydrophobic
14.269010316612531,14.269010316612531,0.1154737596937531,-6.025752945232654,0.0640736989233581,15.704225352112676,1051.676,997.2439999999996,1050.285673408,376,0,0.5014901630612615,-0.477575109080734,0.5014901630612615,0.477575109080734,0.8028169014084507,1.4507042253521127,2.084507042253521,35.495695213160026,9.960112756584069,2.483368078824626,-2.3725620645865,2.4111984007238645,-2.4609984836536674,7.98979679966672,-0.0435513137922536,3.621546423913355,0.9602546506133384,3073.6222518130844,50.665986213324715,38.941006303971335,42.14642499277295,33.78386552689478,23.007543840609948,27.337433368461443,17.665827840985397,22.787688882486353,13.045482701846373,17.377174594617177,9.0742804860157,12.3004754315285,-5.699999999999998,3160969907088360.5,51.6485974568084,21.566420513472995,11.821044103165528,420.7667314125997,34.796672234030524,4.895483475517775,0.0,0.0,19.86054428982509,11.477635789216103,4.722094864452088,21.630131152729696,13.17124514302446,11.761884949391115,54.06550936946379,116.17587694186363,102.8933163598152,27.944215624495097,45.014431085435575,71.94221951613481,0.0,9.467009378641832,7.04767198267719,58.52679021318251,71.40485137829418,137.60735416951903,0.0,22.384282469939446,19.83870293015937,35.92079024175871,0.0,23.36282483962363,111.70524959122828,26.908216272502276,6.923737199690624,35.314381539395306,136.01379179578558,5.022633313741326,22.384282469939446,0.0,164.51999999999998,47.170987859224695,45.014431085435575,0.0,23.042190428812425,93.17499318566124,45.22382114005057,23.894619086314336,31.18920547353706,78.34480938354625,24.73861266100985,11.600939890232516,100.93496550445082,7.639677158934325,18.179981261114367,23.917491417661843,-0.4753537831605486,-0.6611632646972978,33.14493741302604,1.2335795769341114,6.051663003653635,-8.77133384347285,0.3137254901960784,71,4,13,0,2,2,0,5,1,6,1,0,12,4,20,3,17,0,2,2,0,0,15.688385516684816,8,9.859619999999998,275.2250999999999,0,1,1,0,1,1,0,0,1,1,1,0,0,0,0,4,2,0,0,0,1,0,0,0,0,3,0,0,0,4,0,0,0,0,5,0,0,0,0,0,0,0,0,0,4,0,0,0,0,0,0,0,0,0,0,0,0,0,0,0,0,0,0,0,0,0,0,0,0,1,1,0,0,0,0,1,1,1,0,0,0,0,0,0,0,CHEMBL2170835,Cc1c(C(=O)O)c(-c2cccc(N3CCN(c4ccc(NS(=O)(=O)c5ccc(N[C@H](CCN6CCC(O)CC6)CSc6ccccc6)c(S(=O)(=O)C(F)(F)F)c5)cc4)CC3)c2)c(-c2ccc(Cl)cc2)n1C,7.0,0.8450980400142568,CHEMBL612545,Unchecked,2,Large-Polar-Aromatic-Flexible-Hydrophobic,Large-Polar-Aromatic-Flexible-Hydrophobic
12.873883062996349,12.873883062996349,0.0128872972449367,-4.419785352242929,0.0779757686408041,10.951219512195122,655.5520000000002,632.3680000000003,654.0242385559999,210,0,0.2931900974294739,-0.3786507545624054,0.3786507545624054,0.2931900974294739,0.8536585365853658,1.4878048780487805,2.1463414634146343,79.91873146987858,10.151104582496856,2.235781658840583,-2.1069573969174784,2.279672631908282,-2.3023502753193084,9.103007280086056,-0.3836776186849736,2.959300258161677,1.3824153105092052,1666.5887474876974,29.40720214718992,21.242982261627205,24.46197196259736,19.61903072328295,12.065371874933168,15.3271319517384,8.497346540623413,12.26375225667432,5.644071256634124,8.515144399218372,3.599801412432477,5.647294860351297,-4.199999999999999,1094129915.8074553,29.774722860533824,13.438315810355084,8.159243831593729,248.43949419210853,10.633577208012662,5.687386274683562,0.0,0.0,27.525036886794155,0.0,19.703392636909214,13.139891848781026,0.0,11.761884949391115,34.12904510333418,72.79640482153933,44.54646933054872,9.818794524335445,22.93018240129025,66.59163828350175,0.0,4.722094864452088,0.0,9.79096695103555,22.931187220672022,122.77581386337778,0.0,0.0,15.355672072464747,17.062158824050687,0.0,27.691828847340464,37.45307750450899,10.023291153407584,10.114318268765572,20.715977351537635,111.32555956225376,0.0,0.0,0.0,147.51000000000002,31.436651681778095,28.121189621238152,0.0,17.158017495732064,23.54844777903992,15.434570059811795,36.39820241076966,36.027353223237554,35.053930206760135,26.56352110596201,0.0,28.508203969188912,4.874793150312611,36.64829567401571,17.31485854899991,0.5742956148233882,-0.6577735407465928,25.418210660385405,0.0,0.4055679419302593,-4.419785352242929,0.0714285714285714,41,3,10,0,0,0,2,4,0,4,0,0,8,3,13,0,11,0,0,0,0,0,9.759076316235433,4,5.9325000000000045,161.94129999999976,0,0,0,0,0,0,0,0,0,0,2,2,0,0,0,1,3,0,0,0,0,0,0,0,0,0,0,2,0,2,0,0,0,0,4,0,0,0,0,0,0,0,0,0,1,0,0,0,0,0,0,0,0,0,0,0,0,0,1,1,0,0,0,0,0,0,0,0,0,0,0,0,0,0,0,1,1,0,0,0,0,0,0,0,0,CHEMBL1940678,O=C(Nc1ccc(C(=O)NS(=O)(=O)c2ccc(NCCSc3ccccc3)c([N+](=O)[O-])c2)cc1)c1ccc(Br)cc1,10530.0,4.0224283711854865,CHEMBL394,HCT-116,2,Large-Polar-Aromatic-Flexible-Hydrophobic,Large-Polar-Aromatic-Flexible-Hydrophobic
16.029986720526782,16.029986720526782,0.0179445862354794,-1.6067372103958617,0.0568439493795377,19.144927536231883,975.188,909.6679999999996,974.4587540799998,372,0,0.2461618984743729,-0.4932893235890114,0.4932893235890114,0.2461618984743729,0.9710144927536232,1.6521739130434785,2.318840579710145,32.13348433519869,9.852098478060736,2.448261050204767,-2.4261026072503284,2.436784199019798,-2.577566661956007,7.129648301669014,-0.1442524066121848,4.010870908020585,0.8255839272178973,2550.482555572803,49.622016138954706,40.50337151554713,41.319868096474856,32.78373452122939,23.65088814950763,24.53054096076252,19.874747524940357,20.729516586477622,12.625648192491171,13.60328246210956,9.268160861344573,10.079814539874022,-5.329999999999999,873039392546619.8,51.51842982941027,22.17692840804592,12.719380644051189,405.6606146094891,39.8345817160512,41.74327695693021,0.0,17.721539188054518,0.0,0.0,19.283521283065944,18.155223663971668,0.0,11.336785877934735,63.235781078303134,68.70830405756388,92.6314377418262,34.83430364357632,46.871972951480785,39.96124999807031,0.0,30.40135371160803,5.414990469396779,116.6342928185368,46.123922634389736,105.8868621051132,0.0,16.1901105186822,15.370440161812713,13.17124514302446,5.749511833283905,11.336785877934735,118.6180144148182,36.82291548865415,23.973169351179195,94.92493936085762,66.17420995823348,0.0,21.343523617479352,0.0,158.35,64.66922003348095,19.49013894705617,13.17124514302446,63.23054088833134,38.17015679265233,38.16435459572181,30.880118267154945,16.847325151552116,88.04953227699649,20.601534249907075,14.210588861400147,64.21547032093011,1.5617409917116047,52.4076447676028,17.247854498943795,4.666908486406428,-2.8836929495074655,14.946134437933932,0.7011530707933699,13.136786375185435,0.0,0.5,69,4,13,0,2,2,3,3,2,5,5,0,10,4,17,4,20,0,1,1,0,0,16.55826855104013,7,7.963420000000009,259.5698999999993,0,1,1,0,0,2,1,0,0,0,3,3,0,1,0,3,3,0,0,0,1,1,0,0,0,1,0,3,0,0,1,0,0,0,3,0,3,0,0,0,0,3,0,0,3,0,0,0,0,0,0,0,0,0,0,0,0,0,0,0,0,0,0,0,1,0,0,0,0,0,0,0,0,0,0,0,0,0,0,0,1,0,0,0,0,CHEMBL4577622,Cc1ncsc1-c1ccc(CNC(=O)[C@@H]2C[C@@H](O)CN2C(=O)[C@@H](NC(=O)COCCCOCCCOc2cc(F)c([C@@H]3c4[nH]c5ccccc5c4C[C@@H](C)N3CC(C)(C)F)c(F)c2)C(C)(C)C)cc1,0.3,-0.5228787452803376,CHEMBL4523726,VHL/Estrogen receptor,2,Large-Polar-Aromatic-Flexible-Hydrophobic,Large-Polar-Aromatic-Flexible-Hydrophobic
14.647083829209013,14.647083829209013,0.0231203097247465,-4.229392695416443,0.1447281819258216,14.254901960784316,704.8969999999997,660.5449999999998,704.3144748879998,264,0,0.2645231451993665,-0.3408140098779679,0.3408140098779679,0.2645231451993665,0.8823529411764706,1.588235294117647,2.313725490196078,32.23327386340213,9.918357448007985,2.3172859482934465,-2.365269840196381,2.304080538493104,-2.478339348629931,7.897114623146108,0.0648233917863383,3.161323396745129,1.3878049862379596,2146.607432841478,35.9592439110677,29.086361710411342,29.902858291339065,24.716208378259687,17.581786945239593,19.064950192833987,12.935393181517862,14.61779542292737,9.423609939626314,10.75227041839922,6.511222157635696,7.520308267488904,-5.129999999999998,266210419693.79327,35.68760504628546,15.825416190828696,7.946400032458698,299.3202449928706,15.533486938863138,0.0,0.0,5.948339280986494,21.837650612110593,0.0,9.589074368143644,23.10784889067544,0.0,0.0,87.35278832984939,71.49365162340966,55.10806449950231,10.589411470366237,18.00687135247258,38.55843832202668,0.0,19.589961637196986,5.733667477162185,63.433663224589594,24.5341789485882,119.44615556532524,0.0,11.257379486545457,15.355672072464747,5.948339280986494,0.0,0.0,60.77613326266251,22.98886918224617,0.0,71.3736412260169,102.08783307405504,0.0,22.02982791547505,0.0,138.58999999999995,15.930470882759089,18.00687135247258,0.0,34.5161634233238,30.171296796370537,60.67215071585278,24.26546827384644,29.295854507848382,42.46456947923127,34.51982458409263,10.717645998109392,29.053784836744867,0.0,41.70386197093584,1.6103359401251898,9.691008582545598,-0.6012856369511335,26.195231119859503,6.324638194529837,6.501817687626746,-4.229392695416443,0.3,51,3,10,0,1,1,2,4,1,5,1,0,8,2,11,2,13,0,0,0,0,0,11.073945151203644,6,6.347900000000006,200.95889999999943,0,0,0,0,0,2,0,0,0,0,2,2,0,0,0,4,1,1,0,0,0,0,0,0,0,0,0,2,0,1,0,0,0,0,4,0,2,0,0,0,0,0,0,0,0,0,0,0,0,0,0,0,0,0,0,0,0,0,0,0,0,0,0,0,0,0,0,0,0,0,0,0,0,0,0,0,1,0,0,0,0,0,0,2,0,CHEMBL2031003,CCCCN(CCCC)c1nccc(-c2ccc(C(=O)NS(=O)(=O)c3ccc4ccccc4c3)cc2C(=O)N2Cc3ccccc3C[C@H]2CN)n1,160.0,2.204119982655925,CHEMBL4625,Apoptosis regulator Bcl-X,2,Large-Polar-Aromatic-Flexible-Hydrophobic,Large-Polar-Aromatic-Flexible-Hydrophobic
14.703347152414892,14.703347152414892,0.0677575224470501,-1.1478313560255222,0.0447959651078911,12.318181818181818,990.0549999999996,916.4709999999995,988.474536016,368,0,0.3172929678996095,-0.4812294212221436,0.4812294212221436,0.3172929678996095,0.6212121212121212,1.196969696969697,1.803030303030303,79.91873185312122,10.020902607652344,2.3452260269566145,-2.4112158978271996,2.198236102374549,-2.5982444667959688,9.103010530652956,-0.1378633024871024,3.2614521008825177,2.6879214296587532,1791.5580962813303,48.85658513656621,38.558617195707534,40.14461373482224,31.47938105903228,22.86438428362935,23.6573825531867,16.826976255560133,17.742651784351825,10.909125981514684,11.437791494552918,7.3670108052539796,7.631343561773097,-5.63,54955707501901.09,56.49929479507999,32.10950976133091,24.60082565000518,396.9818208614656,63.38094082974472,0.0,0.0,5.907179729351506,0.0,36.06306862525599,14.383611552215466,19.178148736287287,0.0,0.0,78.66280939948788,93.50969417872528,75.59032005514644,12.08368165829592,43.77481507818416,57.900192252556835,0.0,35.96688360857676,23.11890847764795,115.44367798486329,52.358051247300594,70.1969261153809,0.0,0.0,38.46815684751188,19.178148736287287,0.0,15.929943897949348,137.36660607158487,27.22525479806748,5.917906046161393,95.60341523496136,59.0700231319869,0.0,0.0,0.0,295.84999999999997,66.51659246497738,43.77481507818416,0.0,64.95182492717949,63.953170218468614,22.020444122152412,14.69972919255143,0.0,54.59730361615449,51.04457271335592,17.201002431486554,0.8835855833267265,3.435027992778462,95.49148441743688,30.950986389942855,19.038320521342943,-2.5626144463557416,12.044175500600026,3.438125387106801,4.530908653821057,0.0,0.5869565217391305,66,12,19,0,0,0,9,2,0,2,3,0,8,9,20,0,33,0,0,0,0,3,27.48734329895354,2,4.60350000000001,256.40159999999935,2,0,0,0,0,0,0,0,2,2,7,5,0,0,0,3,4,3,0,0,0,0,0,0,0,0,0,9,0,0,1,0,0,0,2,0,0,0,0,0,0,0,0,0,1,0,0,0,0,0,0,0,0,0,0,0,0,0,0,0,0,0,0,0,0,0,0,0,0,0,0,2,0,0,0,0,0,0,0,0,0,0,0,1,4,CHEMBL593807,CC(C)CCCNC(=O)N(CC(CCC(=O)O)NC(N)=O)C(CCCCN)CN(C(=O)NCCc1ccc(Br)cc1)C(CCC(=O)O)CN(CCC(N)=O)C(=O)NCCCc1ccccc1,18000.0,4.2552725051033065,CHEMBL5023,p53-binding protein Mdm-2,2,Large-Polar-Aromatic-Flexible-Hydrophobic,Large-Polar-Aromatic-Flexible-Hydrophobic
14.681738995326937,14.681738995326937,0.0659446597139568,-1.14671230293594,0.0447959651078911,12.318181818181818,990.0549999999998,916.4709999999995,988.474536016,368,0,0.3172823151363102,-0.4812294212221436,0.4812294212221436,0.3172823151363102,0.6212121212121212,1.196969696969697,1.7878787878787878,79.91873185312129,10.020886731441538,2.3451308061713676,-2.411218557749616,2.1978969753452517,-2.598013471132161,9.103010530639098,-0.1378633049694319,3.2614655510373396,2.686090120317334,1791.5580962813303,48.85658513656621,38.55861719570754,40.14461373482224,31.47938105903228,22.86438428362935,23.6573825531867,16.826976255560144,17.742651784351832,10.909125981514688,11.437791494552922,7.3670108052539796,7.631343561773097,-5.629999999999999,54958341383870.05,56.49929479507999,32.109509761330926,24.60082565000519,396.9818208614656,63.38094082974472,0.0,0.0,5.907179729351506,0.0,36.06306862525599,14.383611552215466,19.178148736287287,0.0,0.0,78.66280939948788,93.50969417872528,75.59032005514642,12.08368165829592,43.77481507818416,57.90019225255684,0.0,35.96688360857676,23.11890847764795,115.44367798486329,52.358051247300594,70.1969261153809,0.0,0.0,38.46815684751188,19.178148736287287,0.0,15.929943897949348,137.36660607158487,27.22525479806748,5.917906046161393,95.60341523496136,59.07002313198691,0.0,0.0,0.0,295.84999999999997,66.51659246497738,43.77481507818416,0.0,64.95182492717949,63.953170218468614,22.020444122152412,14.69972919255143,0.0,54.59730361615449,51.04457271335592,17.201002431486554,0.900406355182314,3.4196422957468204,95.49262631776952,30.952407856998917,19.042588243102983,-2.562734389539332,12.054572998143724,3.414694185301431,4.535796137293626,0.0,0.5869565217391305,66,12,19,0,0,0,9,2,0,2,3,0,8,9,20,0,33,0,0,0,0,3,27.48734329895355,2,4.60350000000001,256.4015999999994,2,0,0,0,0,0,0,0,2,2,7,5,0,0,0,3,4,3,0,0,0,0,0,0,0,0,0,9,0,0,1,0,0,0,2,0,0,0,0,0,0,0,0,0,1,0,0,0,0,0,0,0,0,0,0,0,0,0,0,0,0,0,0,0,0,0,0,0,0,0,0,2,0,0,0,0,0,0,0,0,0,0,0,1,4,CHEMBL611331,CC(C)CCCNC(=O)N(CC(CCC(=O)O)NC(N)=O)C(CCCCN)CN(C(=O)NCCCc1ccccc1)C(CCC(=O)O)CN(CCC(N)=O)C(=O)NCCc1ccc(Br)cc1,38000.0,4.57978359661681,CHEMBL5023,p53-binding protein Mdm-2,2,Large-Polar-Aromatic-Flexible-Hydrophobic,Large-Polar-Aromatic-Flexible-Hydrophobic
13.267247832626587,13.267247832626587,0.0449595836914584,-1.0387491283750403,0.0322940620676956,14.655737704918034,836.907,788.5229999999998,836.3605731160001,320,0,0.3216422888442906,-0.3820623536064608,0.3820623536064608,0.3216422888442906,0.9344262295081968,1.6885245901639343,2.4098360655737703,16.47559658975345,10.045631153713607,2.4517722355010863,-2.274163703170566,2.3201155686910497,-2.5379791362301565,6.251631376360252,-0.1359255361534157,3.814933135757848,0.868112409362601,2243.9813251495034,43.30417889375892,33.647209551600895,33.647209551600895,29.536447493949694,20.0865579918624,20.0865579918624,14.50963445097414,14.50963445097414,10.097367277175625,10.097367277175625,6.883461033609256,6.883461033609256,-6.99,32877455023235.59,43.585151153152594,20.809933100748935,11.397356213024436,350.6765353936023,25.587138496669517,6.041840829147961,0.0,17.721539188054518,17.721539188054518,6.031114512338072,44.19117446406503,14.956436717338208,0.0,5.098681808301038,36.757045123656326,79.77767453109394,61.29836635095049,36.579351313180865,43.50587626708009,58.53635171249779,0.0,35.59057450292957,0.0,71.0008422011458,42.253642552869984,100.87461528632726,0.0,0.0,26.747251014146524,21.85669600812251,0.0,0.0,103.8202527840254,38.63080894076668,0.0,87.78001245109861,72.9268813246908,0.0,0.0,0.0,246.28999999999996,35.57773947590549,33.561760288502754,0.0,42.327662093861605,74.86004311427583,28.998932463247954,6.06636706846161,81.92232352034605,6.923737199690624,31.57922131998123,9.94411597857734,7.395234426791141,0.0,90.36460869257432,28.29576130625161,5.449994589003129,-3.027532023088855,17.040281984797296,4.997546749544939,4.317437607459768,0.0,0.3571428571428571,61,6,19,0,2,2,8,3,1,4,1,0,13,6,19,3,20,0,1,1,0,1,14.8689193390678,6,3.7226000000000026,220.4854999999995,0,0,0,0,0,3,0,0,0,0,7,7,0,0,0,5,5,0,1,0,0,0,0,0,0,0,0,8,0,3,1,0,0,0,3,0,1,0,0,0,0,1,0,0,0,0,0,0,2,0,0,0,0,0,0,0,0,0,0,0,0,0,0,0,0,0,0,0,0,1,0,0,0,0,0,0,0,0,0,0,0,0,0,1,1,CHEMBL5269955,CCCCN(Cc1ccc(C(=O)NO)cc1)C(=O)Nc1ccc(NC(=O)CCCc2cn(CCOCCNc3cccc4c3C(=O)N(C3CCC(=O)NC3=O)C4=O)nn2)cc1,3.2,0.505149978319906,CHEMBL4296129,Cereblon/Histone deacetylase 6,2,Large-Polar-Aromatic-Flexible-Hydrophobic,Large-Polar-Aromatic-Flexible-Hydrophobic
14.121862631702902,14.121862631702902,0.1156337780690126,-5.736429936147483,0.1190036727549126,15.790322580645162,912.501,863.1089999999999,911.2877220080002,330,0,0.5014119688158158,-0.3679830724373574,0.5014119688158158,0.3679830724373574,0.7258064516129032,1.3387096774193548,1.9838709677419355,35.495694401663975,9.95475579792095,2.467825927712465,-2.372617056622813,2.404424282850878,-2.461021241346798,7.929769885612839,-0.0435735128350738,3.520396355394397,1.045633276375015,2626.2317768030357,44.39840149982311,34.62144280286978,37.01036491074368,29.42369218158866,20.217142825773088,23.56143379397109,15.60513187911381,19.66515804705918,11.559553843771182,14.674453323823135,7.948991020679585,10.06074943299441,-5.069999999999998,35821040606106.63,44.96922044144959,18.33813343245207,9.761704117580372,365.3929512325852,29.4835271751996,0.0,0.0,0.0,25.76772401917659,5.508330501264255,9.51663204852391,16.835593968657875,13.17124514302446,0.0,41.93277523254056,104.79392794767811,99.29265126022784,21.048346437581007,34.80137629575416,54.4308227334598,0.0,19.68370771349864,7.04767198267719,28.64385627491644,87.01715036795599,113.3418858956726,0.0,22.384282469939446,19.838702930159375,30.233403967075148,0.0,11.600939890232516,115.11325935056888,26.908216272502276,6.923737199690624,22.472738293543287,106.85284004642136,5.022633313741326,22.384282469939446,0.0,127.3,35.15984174212489,34.80137629575416,0.0,11.594566004035068,55.44260097192441,90.73032080356715,0.0,24.26546827384644,50.36961159313747,53.386028159252085,11.600939890232516,93.59678557602062,6.297829413175467,21.548874002454095,3.8367501624717937,1.5085814486993558,-0.1156337780690126,25.601751265781807,0.8540847919747594,10.266678965742985,-6.0345907371407685,0.3409090909090909,62,2,12,0,2,2,1,4,1,5,0,0,10,2,18,3,13,0,2,2,0,0,13.30083169046216,7,7.109120000000008,238.27849999999935,0,0,0,0,0,1,0,0,0,0,1,1,0,0,0,5,2,0,0,1,0,0,0,0,0,3,0,1,0,3,0,0,0,0,4,0,0,0,0,0,0,0,0,0,4,0,0,0,0,0,0,0,0,0,0,0,0,0,0,0,0,0,0,0,0,0,0,0,0,0,2,0,0,0,0,0,1,1,0,0,0,0,0,0,0,CHEMBL2170842,Cc1c(C(=O)NCCCN2CCN(C)CC2)c(-c2cccc(N3CCN(c4ccc(NS(=O)(=O)c5cccc(S(=O)(=O)C(F)(F)F)c5)cc4)CC3)c2)c(-c2ccc(Cl)cc2)n1C,136.0,2.1335389083702174,CHEMBL612545,Unchecked,2,Large-Polar-Aromatic-Flexible-Hydrophobic,Large-Polar-Aromatic-Flexible-Hydrophobic
14.494302176021703,14.494302176021703,0.0276624438355581,-3.850154349808354,0.1403204758130752,12.745098039215684,727.2830000000002,687.971,726.227883648,264,0,0.2642456925960826,-0.4573261373574262,0.4573261373574262,0.2642456925960826,0.9411764705882352,1.7058823529411764,2.411764705882353,35.495693377101745,9.919402628081524,2.290358030542924,-2.294968677800134,2.3593417964619916,-2.363537908652769,7.89541105445488,0.0735141550628154,3.5110961570421675,1.4469537659775824,2182.4190357234565,36.122380617884225,28.43341688512901,30.005842412075182,24.600018527244977,16.911267595383087,18.94149729471246,12.335586660927714,14.782992608028383,8.911122657533502,10.402699055620458,6.227936953474105,6.9528716306930995,-4.969999999999999,261469960251.52313,35.84212351830943,15.507058490211806,8.00919496785095,302.24504877484253,14.743300079491233,11.49902366656781,0.0,10.023291153407584,11.814359458703011,0.0,9.589074368143644,17.821694783926212,5.098681808301038,0.0,61.34370112361881,97.47386015971416,34.80250060065747,29.43497783564019,27.850261701113332,33.43859050234311,0.0,19.402489338748783,0.0,52.68239926151078,12.297610012659364,129.65980129715044,0.0,28.313312924645363,9.458957818252138,0.0,11.49902366656781,11.600939890232516,52.31668832482872,36.0165727696851,0.0,69.91985396986182,90.99550602692418,5.022633313741326,16.814289258077554,0.0,130.82999999999998,22.537352847272007,23.113398747313283,0.0,22.786936319492284,59.27364401622875,29.786409007081037,24.61992282831084,27.78081387138049,54.59730361615449,17.712199132604322,21.436484652333604,34.42495335991978,6.127452311430671,29.402780121430233,16.073712682352216,5.424653744161838,-0.2176367013303533,27.06519817579044,2.9470410431842033,3.9631107239804386,-3.850154349808354,0.2564102564102564,51,2,10,0,1,1,2,4,1,5,0,0,8,2,12,2,12,0,0,0,0,0,10.898155015918048,6,7.097900000000009,196.87429999999952,0,1,1,0,0,2,0,0,0,0,2,2,0,0,0,3,1,0,0,0,0,0,0,0,0,0,0,2,0,0,0,0,0,0,4,0,1,0,0,0,0,1,0,0,1,0,0,0,0,0,0,0,0,0,0,0,0,0,0,0,0,0,0,0,0,0,0,0,0,0,0,0,0,0,0,0,1,0,0,0,0,0,0,1,0,CHEMBL2030862,CCCCc1c(-c2ccc(C(=O)NS(=O)(=O)CC)cc2C(=O)N2CCc3ccccc3C2)c(CO)nn1-c1ccc(Oc2cccc(Cl)c2)cc1,140.0,2.146128035678238,CHEMBL4625,Apoptosis regulator Bcl-X,2,Large-Polar-Aromatic-Flexible-Hydrophobic,Large-Polar-Aromatic-Flexible-Hydrophobic
13.911557514927548,13.911557514927548,0.1146616637931574,-4.481256335930983,0.1607370550606398,11.625,688.7800000000002,656.5239999999999,688.1549226039999,248,0,0.3238809352809755,-0.486616672915724,0.486616672915724,0.3238809352809755,0.625,1.1458333333333333,1.7083333333333333,32.234863437523174,10.079897711922833,2.3216974771151895,-2.2759133282013506,2.3789239420182793,-2.3686386173073193,7.92807128000206,-0.1357549573938394,3.0494648160433737,1.6561609082749038,2201.9468292048905,34.63925295475879,25.97671418514751,27.609707347002963,22.750094457983057,14.6248062166113,17.504932874212574,11.05914917876299,14.783769730822108,7.483977350989869,11.046012027836468,5.004566962246888,7.835252451171833,-5.399999999999999,27629858543.318455,33.9487999410562,13.75738831063567,7.4249653634620705,277.9052211294238,14.94991774348146,25.445906609621975,0.0,0.0,20.046582306815168,11.938610575903695,18.199506350736108,16.835593968657875,0.0,0.0,71.7905736680101,72.64794379923912,6.06636706846161,21.165739500402672,41.374586080282974,54.13241386101558,0.0,0.0,0.0,30.245323314929717,21.69994479441762,125.88496170740004,0.0,5.749511833283905,13.347294936392515,11.374772549367124,5.749511833283905,0.0,52.07677214606812,36.242538639471725,13.847474399381248,16.690354475090988,118.9855741833446,0.0,10.772448428929591,0.0,158.59,45.074705694544015,36.637723126482925,0.0,33.52213329819949,14.17388347428946,21.899351412323583,42.46456947923127,38.112942673227685,42.46456947923127,0.0,4.736862953800049,62.83845950619708,0.0,23.64226641486656,21.398578971368593,1.936334832981994,-3.083673193829319,28.521060100766608,0.0,1.4922986278143422,-8.911991926832517,0.1428571428571428,48,2,11,0,0,0,0,5,0,5,0,0,7,2,13,0,13,0,0,0,0,0,9.73014215560824,5,5.595440000000004,181.41519999999957,2,0,0,0,0,0,0,0,2,2,2,0,0,0,0,2,0,0,0,0,0,0,0,0,0,0,0,0,0,2,2,0,0,0,5,0,1,0,0,0,0,1,0,0,0,0,0,0,0,0,0,0,0,0,0,0,0,0,0,0,0,0,0,0,0,0,0,0,0,0,0,0,0,0,0,0,2,0,0,0,0,0,0,0,0,CHEMBL5206821,Cc1ccc(S(=O)(=O)N(CC(=O)O)c2ccc(N(CC(=O)O)S(=O)(=O)c3ccc(C)cc3)c(OCc3ccc4ccccc4c3)c2)cc1,380.0,2.57978359661681,CHEMBL3038498,Keap1/Nrf2,2,Large-Polar-Aromatic-Flexible-Hydrophobic,Large-Polar-Aromatic-Flexible-Hydrophobic
16.01120033729452,16.01120033729452,0.0052955256484068,-1.6131806881236863,0.0534012515383136,19.408450704225352,1005.2139999999998,937.6779999999994,1004.469318764,384,0,0.2461640673314131,-0.4909753126519908,0.4909753126519908,0.2461640673314131,0.9295774647887324,1.5774647887323945,2.211267605633803,32.13348448465275,9.85202517554419,2.4510676808730287,-2.426096380195935,2.4371400078853553,-2.57878934768176,7.129651845442239,-0.1444351278881511,4.029457480928379,0.8151911174389619,2607.5887902805243,51.19936640814433,41.781863294014066,42.5983598749418,33.69441812375236,24.17583217588996,25.05548498714485,20.217570235510237,21.07233929704751,12.935742787464124,13.913377057082506,9.445434428341237,10.257088106870684,-5.369999999999999,2087408681307816.5,53.42946355549302,23.01437493109582,13.191206920689128,417.1391019533926,44.571444669851246,48.350158921443125,0.0,17.721539188054518,0.0,0.0,19.283521283065944,18.155223663971668,0.0,11.336785877934735,63.235781078303134,69.2112196343285,59.84521381944885,67.30367233077594,51.608835905280834,39.96124999807031,0.0,30.40135371160803,5.414990469396779,110.21347119561078,59.337686563415566,105.8868621051132,0.0,16.1901105186822,15.370440161812713,13.17124514302446,5.749511833283905,11.336785877934735,131.83177834384404,35.01502203654162,23.973169351179195,95.0488741438442,66.17420995823348,0.0,21.343523617479352,0.0,167.57999999999998,64.66922003348095,19.49013894705617,13.17124514302446,89.1551531696184,12.114749617774471,50.29708873264502,18.74738413023173,37.61853675062399,74.20205787761523,20.601534249907075,18.947451815200196,69.48648787007697,1.5601963667259695,52.666108457307395,17.376413757152168,4.597374774056326,-3.0129764505458168,14.479437244599778,-0.2432786203950391,14.423569934355584,0.0,0.5094339622641509,71,4,14,0,2,2,3,3,2,5,6,0,11,4,18,4,21,0,1,1,0,0,17.31895361455544,7,7.76082000000001,265.8658999999994,0,1,1,0,0,2,1,0,0,0,3,3,0,1,0,3,3,0,0,0,1,1,0,0,0,1,0,3,0,0,1,0,0,0,3,0,3,0,0,0,0,4,0,0,3,0,0,0,0,0,0,0,0,0,0,0,0,0,0,0,0,0,0,0,1,0,0,0,0,0,0,0,0,0,0,0,0,0,0,0,1,0,0,0,0,CHEMBL4476831,Cc1ncsc1-c1ccc([C@H](C)NC(=O)[C@@H]2C[C@@H](O)CN2C(=O)[C@@H](NC(=O)COCCOCCOCCOc2cc(F)c([C@@H]3c4[nH]c5ccccc5c4C[C@@H](C)N3CC(C)(C)F)c(F)c2)C(C)(C)C)cc1,0.3,-0.5228787452803376,CHEMBL4523726,VHL/Estrogen receptor,2,Large-Polar-Aromatic-Flexible-Hydrophobic,Large-Polar-Aromatic-Flexible-Hydrophobic
14.687573798383958,14.687573798383958,0.0803462485543708,-1.1667641960730812,0.0453306940262524,12.333333333333334,966.0219999999996,895.4619999999996,964.4704291800002,368,0,0.3172929678996313,-0.4812294212221436,0.4812294212221436,0.3172929678996313,0.6060606060606061,1.106060606060606,1.606060606060606,35.49678865588773,10.020901949879804,2.3453590988082276,-2.411214380258773,2.1993903166856694,-2.5983281009996064,6.303923843687974,-0.1378632960577112,3.250154563675469,2.7114044670093396,1825.5916253848663,49.01972184338274,38.15212461834059,39.6639825103775,31.373227909149634,22.46405012265692,23.219979068675375,16.61429048601323,17.487162046957206,10.7510051930356,11.25495782371457,7.199343370720742,7.451319686060229,-5.53,47959706653081.78,56.59908618199061,31.39757622906026,24.124627341176303,397.355863595191,63.38094082974472,0.0,0.0,5.907179729351506,0.0,36.06306862525599,14.383611552215466,19.178148736287287,0.0,0.0,67.73564407661873,99.22160669272247,81.16286716679666,12.08368165829592,43.77481507818416,65.17212813507251,0.0,35.96688360857676,23.11890847764795,109.02285636193729,52.358051247300594,69.70310615856953,0.0,0.0,38.46815684751188,19.178148736287287,0.0,23.20187978046503,137.36660607158487,27.22525479806748,5.917906046161393,89.18259361203536,48.53093654769288,10.045266627482652,0.0,0.0,295.84999999999997,66.51659246497738,43.77481507818416,0.0,71.3726465501055,61.156793600099235,17.54772460632,14.69972919255143,24.26546827384644,24.26546827384644,35.11462881540657,40.402882211951585,0.0,12.133172984296918,95.36120992930704,31.923128227060563,18.753629857118696,-2.622555370029243,8.729145806061076,2.365032679814134,4.246124775259672,0.0,0.5777777777777777,66,12,19,0,0,0,9,2,0,2,3,0,8,9,21,0,32,0,0,0,0,3,26.92536549839699,2,4.757700000000009,254.10459999999935,2,0,0,0,0,0,0,0,2,2,7,5,0,0,0,3,4,3,0,0,0,0,0,0,0,0,0,9,0,0,0,0,0,0,2,0,0,0,0,0,0,0,0,0,2,0,0,0,0,0,0,0,0,0,0,0,0,0,0,0,0,0,0,0,0,0,0,0,0,0,0,2,0,0,0,0,0,0,0,0,0,0,0,1,4,CHEMBL593921,CC(C)CCCNC(=O)N(CC(CCC(=O)O)NC(N)=O)C(CCCCN)CN(C(=O)NCCc1ccc(Cl)cc1)C(CCC(=O)O)CN(CCC(N)=O)C(=O)NCCc1ccc(Cl)cc1,63000.0,4.799340549453582,CHEMBL5023,p53-binding protein Mdm-2,2,Large-Polar-Aromatic-Flexible-Hydrophobic,Large-Polar-Aromatic-Flexible-Hydrophobic
14.002014129438926,14.002014129438926,0.1473591525533337,-4.565291299402205,0.1488926439330664,11.48,720.7780000000001,688.5219999999998,720.1447518439999,260,0,0.3238809352812304,-0.4967671120136989,0.4967671120136989,0.3238809352812304,0.64,1.16,1.72,32.2348638397015,10.054609940716878,2.3237575360890927,-2.276424039633841,2.383456053008974,-2.3685576002504107,7.928080068894345,-0.1357549550054818,3.113650320837915,1.6721755821165758,2236.3409605966663,36.05346651713188,26.793210766075237,28.42620392793069,23.84294081531023,14.855534152146598,17.73566080974787,10.740870758099884,14.465491310159,7.61577543068457,11.177810107531169,5.1636850335467335,7.994370522471678,-5.799999999999998,84011822274.47986,35.50550438181161,14.758229295355315,7.58183542481668,288.1323115884376,24.42364365108156,36.94493027618978,0.0,0.0,20.046582306815168,11.938610575903695,18.199506350736108,16.835593968657875,0.0,0.0,42.46456947923127,76.9995706052427,6.06636706846161,35.38533458295774,50.848311987883065,54.13241386101558,0.0,0.0,0.0,16.39784891554847,35.919539876972685,114.75805872400603,0.0,17.248535499851716,22.821020843992613,11.374772549367124,17.248535499851716,0.0,66.29636722862318,36.242538639471725,0.0,5.563451491696996,118.9855741833446,0.0,10.772448428929591,0.0,177.04999999999998,45.074705694544015,36.637723126482925,0.0,33.52213329819949,25.67290714085727,10.772448428929591,80.9496328356328,12.13273413692322,30.33183534230805,0.0,14.210588861400147,73.39982266563696,0.0,23.60235908883823,21.31839549027288,0.274841701099593,-2.4431405796401693,27.120717993850537,0.0,-2.1743601137457267,-6.265302912978982,0.1428571428571428,50,2,13,0,0,0,0,5,0,5,0,0,9,2,15,0,15,0,0,0,0,0,10.479967498280374,5,4.995800000000004,185.0451999999996,2,0,0,0,0,0,0,0,2,2,2,0,0,0,0,2,0,0,0,0,0,0,0,0,0,0,0,0,0,2,0,0,0,0,5,0,1,0,0,0,0,3,0,0,0,0,0,0,0,0,0,0,0,0,0,2,0,0,0,0,0,0,0,0,0,0,0,0,0,0,0,0,0,0,0,0,2,0,0,0,0,0,0,0,0,CHEMBL5204857,COc1ccc(S(=O)(=O)N(CC(=O)O)c2ccc(N(CC(=O)O)S(=O)(=O)c3ccc(OC)cc3)c(OCc3cccc4ccccc34)c2)cc1,790.0,2.8976270912904414,CHEMBL3038498,Keap1/Nrf2,2,Large-Polar-Aromatic-Flexible-Hydrophobic,Large-Polar-Aromatic-Flexible-Hydrophobic
13.627400909685324,13.627400909685324,0.0480893603055114,-4.135103816876628,0.1683937460660685,11.555555555555555,642.775,600.4390000000002,642.272335304,244,0,0.3280724608758182,-0.4933247176693605,0.4933247176693605,0.3280724608758182,0.7777777777777778,1.4,2.022222222222222,32.2332732882845,10.214236270337407,2.220650621328259,-2.168868283776402,2.382707137740626,-2.187279742098586,7.923488081349493,0.2847862916117135,3.2150724500322325,1.737267797161578,1797.17621153067,32.72503939238571,26.877318241310935,27.69381482223866,21.465095938234175,14.645698828401915,16.128862075996313,10.809466241889512,12.491868483299022,7.105565475611321,8.468743751248656,4.715842139082425,5.79210861784397,-4.359999999999999,6155525561.1415,33.53138615167343,14.613274401380172,8.02795310731401,263.6199749194724,28.584224499850723,17.248535499851716,17.248535499851716,0.0,10.023291153407584,5.689743398203474,13.856294160034796,13.212334168400758,0.0,0.0,6.923737199690624,58.10166644542981,44.42717930766243,49.04963019701475,32.10211175332918,26.74407886332367,0.0,14.034109026433184,14.09534396535438,31.081685543986428,52.79555424729995,59.01521712996818,0.0,34.49707099970343,34.09615303165581,5.687386274683562,34.49707099970343,0.0,70.52536539360996,24.118635118761965,0.0,26.186202068468653,58.220957207282474,0.0,11.033401435232523,0.0,122.49,10.023291153407584,13.212334168400758,0.0,27.771636814972624,47.245212697393974,25.807221274690605,41.552895583522606,44.42717930766243,21.019081165045005,9.622004595302563,23.684314769000245,61.65578102043755,0.0,14.843756924173734,0.0,0.934479538488239,2.316137501233573,12.750389370017649,2.6701835351879746,3.9877380660701256,6.09153404439114,0.40625,45,1,12,0,0,0,0,3,1,4,0,0,11,1,13,1,16,0,0,0,0,0,10.888963264289844,4,4.996700000000004,174.09949999999952,0,0,0,0,0,2,0,0,0,0,0,0,0,0,0,3,1,0,0,0,0,0,0,0,0,0,0,0,0,1,2,0,0,0,3,0,1,0,0,0,0,5,0,0,0,0,0,1,0,0,0,0,0,0,0,2,0,0,0,0,0,0,0,0,0,0,0,0,0,0,0,0,0,0,0,0,1,0,0,0,0,0,0,1,0,CHEMBL3774575,CCCOc1cc(OCCCCN(C)C)cc(Oc2cc3c(cc2NS(=O)(=O)c2ccc(OC)c(OC)c2)n(C)c(=O)n3C)c1,7.6,0.8808135922807914,CHEMBL3108638,Transcription intermediary factor 1-alpha,2,Large-Polar-Aromatic-Flexible-Hydrophobic,Large-Polar-Aromatic-Flexible-Hydrophobic
12.93966403904146,12.93966403904146,0.0904694577109972,-1.037436402952632,0.1593706303272581,10.6,531.5240000000002,510.3560000000004,531.143035392,196,0,0.3358184169308661,-0.4776232631810031,0.4776232631810031,0.3358184169308661,0.625,1.15,1.725,16.62830726439798,10.015547245195371,2.140559544222895,-2.1122268577801417,2.2786364385788382,-2.122581464033072,6.127994590754974,-0.3844411724945096,2.9735983218897677,1.261370014974518,1762.9780113674058,28.225039392385703,20.8279734887325,20.8279734887325,19.29573409108168,12.126869889716204,12.126869889716204,8.878352587184287,8.878352587184287,6.366184658790553,6.366184658790553,4.286897007211912,4.286897007211912,-5.829999999999998,1095542133.4895267,25.804271455917227,10.880246771473043,5.38712129689797,227.41067675465723,15.740104602853368,0.0,0.0,0.0,17.501745733386574,5.969305287951848,19.703392636909214,4.794537184071822,0.0,0.0,48.53093654769288,65.04406374555167,40.020633884149134,10.486762540514666,24.413449995873844,45.618271999635134,0.0,0.0,0.0,0.0,10.633577208012662,135.99927997616558,0.0,11.126902983393991,10.633577208012662,17.062158824050687,0.0,0.0,27.81350319031324,0.0,10.114318268765572,31.07396602730645,109.19460723230902,0.0,21.899351412323583,0.0,138.64,10.89261633676952,29.604457215821743,0.0,23.06519722508357,33.27412396169071,11.126902983393991,30.33183534230805,54.59730361615449,24.26546827384644,10.633577208012662,0.0,0.0,0.0,47.207568798106,27.042084559090583,3.611624172832336,-1.7527378323981613,29.558126969035907,0.0,0.0,0.0,0.0,40,3,9,0,0,0,2,5,0,5,0,0,5,3,9,0,7,0,0,0,0,0,7.018921029961436,5,6.617800000000004,151.7880999999998,0,0,0,0,1,0,0,0,1,1,3,2,0,0,0,1,2,0,0,0,0,0,0,0,0,0,0,2,0,2,0,0,0,0,5,0,1,0,0,0,0,0,0,0,0,0,0,0,0,0,0,0,0,0,0,0,0,0,1,1,1,0,0,0,0,0,0,0,0,0,0,0,0,0,0,0,0,0,0,0,0,0,0,0,0,CHEMBL4090673,O=C(Nc1ccc(-c2ccc(C(=O)Nc3ccc(C(=O)O)c4ccccc34)cc2)cc1)c1ccc([N+](=O)[O-])cc1,360.0,2.5563025007672873,CHEMBL4106122,CD40-CD40L,2,Large-Polar-Aromatic-Flexible-Hydrophobic,Large-Polar-Aromatic-Flexible-Hydrophobic
13.592798453387596,13.592798453387596,0.113721994028594,-4.16474512862103,0.0429124392847423,13.53125,922.5739999999996,870.1579999999997,921.3109020640002,334,0,0.3526808624570255,-0.4765453192166223,0.4765453192166223,0.3526808624570255,0.859375,1.53125,2.15625,35.495694387728584,9.934508330643355,2.281509347319443,-2.3725500339110193,2.4159981623681324,-2.4610002329720673,7.989640182698543,-0.3836934211344638,3.5957316304362865,1.0166469994480047,2706.4192524843493,45.54466586976508,36.200193981730536,38.58911608960443,30.715586173807527,21.035707036790185,23.882433317047283,15.940048274560697,19.152299285161376,11.405334361444586,14.210812464041284,8.137668686380973,10.335086118249809,-5.999999999999999,125184831792787.88,46.00634765625,20.229968311453145,10.670194003527335,383.4144736026776,29.690144839189824,11.381314269532025,0.0,0.0,15.710677428091143,5.969305287951848,14.83641313321766,13.212334168400758,0.0,11.761884949391115,60.9892465691544,117.40505142205232,94.88886570223607,9.818794524335445,23.242172612059136,67.79235265440087,0.0,9.467009378641832,7.04767198267719,35.598188225726155,72.41068253182341,147.85214894143604,0.0,22.253805966787983,19.83870293015937,28.43693137341781,0.0,23.36282483962363,92.497770525393,23.491784759010784,10.114318268765572,29.526951996385375,131.11830832026783,5.022633313741326,22.253805966787983,0.0,153.29,20.9159074901771,28.433179832007035,0.0,28.00602484888132,54.62617193344498,57.68648359212454,12.13273413692322,35.50939071678288,105.94822012350758,30.80497972947146,11.600939890232516,31.56045609363105,7.880817626343807,31.89819533398041,26.63386383032543,6.605591254354716,-0.3334977630260817,36.402716167272295,1.3726483527961388,5.58841630948608,1.5852372392805942,0.2708333333333333,64,3,13,0,1,1,0,5,1,6,1,0,11,3,16,2,18,0,1,1,0,0,14.542296175181784,7,9.8332,260.1528999999994,0,0,0,0,1,1,0,0,1,1,1,0,0,0,0,5,2,0,0,0,0,0,0,0,0,0,0,0,0,4,0,0,0,0,5,0,0,0,0,0,0,0,0,0,1,0,0,0,0,0,0,0,0,0,0,0,0,0,1,1,0,0,0,0,0,0,0,0,0,0,1,0,0,0,0,1,1,0,0,0,0,0,0,0,0,CHEMBL2063897,CCc1c(-c2ccc(Cl)cc2)c(-c2cccc(N3CCN(c4ccc(NS(=O)(=O)c5ccc(N[C@H](CCN(C)C)CSc6ccccc6)c([N+](=O)[O-])c5)cc4)CC3)c2)c(C(=O)O)n1C,4.1,0.6127838567197355,CHEMBL4860,Apoptosis regulator Bcl-2,2,Large-Polar-Aromatic-Flexible-Hydrophobic,Large-Polar-Aromatic-Flexible-Hydrophobic
14.28037216286332,14.28037216286332,0.1163938985826422,-6.0268574503956005,0.0603486575106226,15.65277777777778,1065.703,1009.2549999999997,1064.301323472,382,0,0.5014901630612615,-0.4775751078406079,0.5014901630612615,0.4775751078406079,0.8055555555555556,1.4583333333333333,2.0833333333333335,35.49569526443699,9.959818149704438,2.4834432317480717,-2.372574514561009,2.4163208892171006,-2.460998779814105,7.989797641662319,-0.0435514566421162,3.671968578354131,0.9641356233115648,3092.3870976201883,51.37309299451126,39.648113085157874,42.853531773959496,34.32187032935556,23.583664792313375,27.913554320164867,17.85106977751912,22.97293081902007,13.197978181009308,17.529670073780114,9.366259926839133,12.592454872351931,-5.699999999999998,5359436091374877.0,52.61770983586114,22.191369371753783,11.87443348915924,427.1316735269963,34.79667223403053,4.895483475517775,0.0,0.0,19.86054428982509,11.477635789216103,4.722094864452088,21.630131152729696,13.17124514302446,11.761884949391115,54.06550936946379,123.09961414155426,102.3904007830506,27.944215624495097,45.014431085435575,71.94221951613481,0.0,9.467009378641832,0.0,71.99528381878571,71.40485137829418,137.60735416951903,0.0,22.384282469939446,19.83870293015937,35.92079024175871,0.0,23.36282483962363,111.7052495912283,26.40530069573766,6.923737199690624,42.238118739085934,136.01379179578558,5.022633313741326,22.384282469939446,0.0,164.51999999999998,47.170987859224695,45.014431085435575,0.0,23.042190428812425,99.71974959157384,45.22382114005057,23.894619086314336,24.26546827384644,85.14461180025033,24.73861266100985,11.600939890232516,101.14949123017227,7.674106210748027,18.30999173124841,24.024704831807504,-0.3339425050637343,-0.6503544684010012,33.27657838871071,1.2335878716319608,8.62972137434687,-10.61944022075662,0.3269230769230769,72,4,13,0,2,2,0,5,1,6,1,0,12,4,20,3,18,0,2,2,0,0,16.217486589768843,8,10.342519999999997,279.9181,0,1,1,0,1,1,0,0,1,1,1,0,0,0,0,4,2,0,0,0,1,0,0,0,0,3,0,0,0,4,0,0,0,0,5,0,0,0,0,0,0,0,0,0,4,0,0,0,0,0,0,0,0,0,0,0,0,0,0,0,0,0,0,0,0,0,0,0,0,1,1,0,0,0,0,1,1,1,0,0,0,0,0,0,0,CHEMBL2170837,CCn1c(C)c(C(=O)O)c(-c2cccc(N3CCN(c4ccc(NS(=O)(=O)c5ccc(N[C@H](CCN6CCC(O)CC6)CSc6ccccc6)c(S(=O)(=O)C(F)(F)F)c5)cc4)CC3)c2)c1-c1ccc(Cl)cc1,5.4,0.7323937598229685,CHEMBL4860,Apoptosis regulator Bcl-2,2,Large-Polar-Aromatic-Flexible-Hydrophobic,Large-Polar-Aromatic-Flexible-Hydrophobic
13.848234253660944,13.848234253660944,0.0197202636644446,-4.524870262932061,0.1750888368244486,11.361702127659576,684.7450000000001,652.4889999999999,684.1447518439999,248,0,0.3238809352686453,-0.4967671120136989,0.4967671120136989,0.3238809352686453,0.6595744680851063,1.148936170212766,1.6382978723404256,32.23486336453666,10.15410400186161,2.3224860094476387,-2.275727291271495,2.3768245742526157,-2.3690050168000347,7.928068408052508,-0.1357548207090438,3.0617574561683525,1.848513126255162,1916.3103975614856,34.19165919756609,25.34561700888253,26.978610170737984,22.35977756771584,13.944850549623638,16.824977207224915,9.897983616149345,13.62260416820846,6.843792523582513,10.4058272004291,4.513344941636613,7.344030430561557,-5.2799999999999985,15300890396.010813,34.590452923537754,14.87411515461118,8.308337725688409,271.815589171099,24.42364365108156,30.338048311676864,0.0,0.0,20.046582306815168,11.938610575903695,18.199506350736108,16.835593968657875,0.0,0.0,30.33183534230805,66.2271221763131,12.48718869138762,41.992216547470655,50.848311987883065,43.359965432085986,0.0,0.0,0.0,16.21178857396156,42.5264218414856,102.6253245870828,0.0,17.248535499851716,22.821020843992613,11.374772549367124,17.248535499851716,0.0,72.9032491931361,36.05647829788482,0.0,5.563451491696996,106.85284004642136,0.0,0.0,0.0,177.04999999999998,45.074705694544015,36.637723126482925,0.0,33.52213329819949,26.530277272086284,5.563451491696996,80.9496328356328,0.0,30.33183534230805,0.0,14.210588861400147,72.60284224354355,0.0,23.386518836819615,19.404008353371836,0.5036926578839356,-2.3854037022622037,23.336827691230276,0.3587848538986808,-2.013873846899431,-6.193397087586261,0.1875,47,2,13,0,0,0,0,4,0,4,0,0,9,2,15,0,16,0,0,0,0,0,10.946859149677817,4,3.885100000000002,172.4061999999996,2,0,0,0,0,0,0,0,2,2,2,0,0,0,0,2,0,0,0,0,0,0,0,0,0,0,0,0,0,2,0,0,0,0,4,0,0,0,0,0,0,3,0,0,0,0,0,0,0,0,0,0,0,0,0,2,0,0,0,0,0,0,0,0,0,0,0,0,0,0,0,0,0,0,0,0,2,0,0,0,0,0,0,0,0,CHEMBL5206460,COc1ccc(S(=O)(=O)N(CC(=O)O)c2ccc(N(CC(=O)O)S(=O)(=O)c3ccc(OC)cc3)c(OCCc3ccccc3)c2)cc1,1020.0,3.0086001717619175,CHEMBL3038498,Keap1/Nrf2,2,Large-Polar-Aromatic-Flexible-Hydrophobic,Large-Polar-Aromatic-Flexible-Hydrophobic
14.300515958063848,14.300515958063848,0.1178949182670228,-6.028807889096205,0.053586567118407,15.554054054054054,1093.7569999999998,1033.2769999999996,1092.3326236000005,394,0,0.5014901630612615,-0.4775751078359747,0.5014901630612615,0.4775751078359747,0.7972972972972973,1.4594594594594594,2.0945945945945947,35.495695366957925,9.95959149482685,2.4835338822579196,-2.372580230264642,2.4191270510023095,-2.4609988917878307,7.989799268150821,-0.043551702715251,3.683869911843399,0.9676979370184806,3129.935291187113,52.78730655688435,41.062326647530966,44.26774533633259,35.321870329355555,24.58366479231337,28.913554320164863,18.612002199845524,23.73386324134648,13.617024486344135,17.948716379114945,9.566711482522395,12.792906428035192,-5.699999999999998,1.396914123428275e+16,54.558306305543645,23.45754772112924,12.682949858886008,439.8615577557895,34.79667223403053,4.895483475517775,0.0,0.0,19.86054428982509,11.477635789216103,4.722094864452088,21.630131152729696,13.17124514302446,11.761884949391115,67.41006819208042,122.59669856478963,102.3904007830506,27.944215624495097,45.014431085435575,71.94221951613481,0.0,9.467009378641832,0.0,84.83692706463773,71.40485137829418,137.60735416951903,0.0,22.384282469939446,19.83870293015937,35.92079024175871,0.0,23.36282483962363,111.7052495912283,26.40530069573766,6.923737199690624,55.07976198493796,136.01379179578558,5.022633313741326,22.384282469939446,0.0,164.51999999999998,47.170987859224695,45.014431085435575,0.0,23.042190428812425,99.71974959157384,58.06546438590258,23.894619086314336,24.26546827384644,73.65377495276834,36.22944950849183,11.600939890232516,101.3928631378944,7.724821667937921,18.489184948315614,24.173210117215508,-0.2006192446543071,-0.6381584233574698,33.45227621851053,3.0438649943447,8.88117269296133,-10.624171664723804,0.3518518518518518,74,4,13,0,2,2,0,5,1,6,1,0,12,4,20,3,20,0,2,2,0,0,17.294649645219955,8,11.122719999999989,289.1521000000001,0,1,1,0,1,1,0,0,1,1,1,0,0,0,0,4,2,0,0,0,1,0,0,0,0,3,0,0,0,4,0,0,0,0,5,0,0,0,0,0,0,0,0,0,4,0,0,0,0,0,0,0,0,0,0,0,0,0,0,0,0,0,0,0,0,0,0,0,0,1,1,0,0,0,0,1,1,1,0,0,0,0,0,1,0,CHEMBL2170840,CCCCn1c(C)c(C(=O)O)c(-c2cccc(N3CCN(c4ccc(NS(=O)(=O)c5ccc(N[C@H](CCN6CCC(O)CC6)CSc6ccccc6)c(S(=O)(=O)C(F)(F)F)c5)cc4)CC3)c2)c1-c1ccc(Cl)cc1,6.3,0.7993405494535817,CHEMBL612545,Unchecked,2,Large-Polar-Aromatic-Flexible-Hydrophobic,Large-Polar-Aromatic-Flexible-Hydrophobic
13.38757513388228,13.38757513388228,0.0024083805354089,-4.100917816627297,0.1888794434736571,11.658536585365852,598.6990000000003,568.4590000000002,598.1443579200001,216,0,0.3031791589031695,-0.4938886575499962,0.4938886575499962,0.3031791589031695,0.7317073170731707,1.2195121951219512,1.7073170731707317,32.23469945040674,9.992138186524656,2.2250943946107093,-2.191056690952772,2.3682371569750806,-2.1673056277376666,7.926822128861614,-0.1364752510862869,2.9402055782119443,1.781934272100457,1753.6000471827765,29.622745096813745,22.455428833886057,24.08842199574151,19.53517371281139,12.815248042260528,15.781574537449316,8.917405600909245,12.282210083728268,6.105282694971209,8.852313455244479,4.237199490909234,6.429854085248954,-4.289999999999999,909552642.6631542,29.686863169588683,12.481733820315108,7.079471909484502,238.58597332743625,14.580253302440804,11.49902366656781,0.0,0.0,20.046582306815168,5.969305287951848,14.238726912976,16.835593968657875,0.0,0.0,24.26546827384644,80.42905113015875,17.193270051855603,34.37950342942851,36.2103844551705,48.16310857306373,0.0,0.0,0.0,36.48008459626882,22.657953657930012,84.42622338169795,0.0,11.49902366656781,18.917915636504276,11.374772549367124,11.49902366656781,0.0,41.125190580476264,31.261941113813,0.0,25.831747514004253,88.65373884103651,0.0,10.772448428929591,0.0,148.1,26.015887594767015,26.7366585475704,0.0,34.00738274625469,41.048687516220234,0.0,30.33183534230805,48.53093654769288,13.847474399381248,9.444189728904176,9.473725907600098,69.34618218553508,0.0,11.418522422747056,10.171237708932775,0.6561517869769344,-0.0460803886801544,19.97138073024901,-0.3608312364540849,4.501137395708294,-8.157700605014902,0.2068965517241379,41,3,10,0,0,0,0,4,0,4,0,0,7,3,12,0,13,0,0,0,0,0,9.037646927876148,4,5.256000000000004,156.7437999999997,1,0,0,0,0,0,0,0,1,1,1,0,0,0,0,0,2,0,0,0,0,0,0,0,0,0,0,0,0,2,1,0,0,0,4,0,1,0,0,0,0,2,0,0,0,0,0,0,0,0,0,0,0,0,0,0,0,0,0,0,0,0,0,0,0,0,0,0,0,0,0,0,0,0,0,0,2,0,0,0,0,0,0,0,0,CHEMBL3928944,CCOc1ccc(S(=O)(=O)Nc2cc(CCC(=O)O)c(NS(=O)(=O)c3ccc(OCC)cc3)c3ccccc23)cc1,190.0,2.278753600952829,CHEMBL4106129,Keap1-p62,2,Large-Polar-Aromatic-Flexible-Hydrophobic,Large-Polar-Aromatic-Flexible-Hydrophobic
14.000813383950993,14.000813383950993,0.1986848958136005,-4.582535150428521,0.1190605591871699,11.283018867924527,762.8150000000002,728.5429999999998,762.155316528,276,0,0.3238809352812303,-0.4967671120136989,0.4967671120136989,0.3238809352812303,0.5849056603773585,1.0566037735849056,1.5660377358490567,32.234864353716986,10.187282601380575,2.323535805370159,-2.275834975925122,2.382186266672544,-2.368540926234203,7.928083558257478,-0.1357549592570092,3.1565110121153133,1.585887130080893,2266.0883028819467,38.174786860691526,28.356159594918353,29.989152756773805,25.309267310499017,15.67446604513342,18.554592702734688,11.161663631621812,14.88628418368093,7.649263327568979,11.211298004415571,5.029252840149149,7.859938329074095,-6.259999999999998,356538218842.13434,37.982198823591375,16.390112433297443,9.16028631604652,305.62128649227327,29.160506604881608,48.44395394275759,0.0,0.0,20.046582306815168,11.938610575903695,18.199506350736108,16.835593968657875,0.0,0.0,30.33183534230805,90.49259045015955,6.06636706846161,35.38533458295774,55.585174941683114,43.359965432085986,0.0,0.0,0.0,16.39784891554847,35.919539876972685,126.89079286092928,0.0,28.747559166419524,27.557883797792663,11.374772549367124,28.747559166419524,0.0,66.29636722862318,36.242538639471725,0.0,5.563451491696996,131.11830832026783,0.0,0.0,0.0,186.27999999999997,45.074705694544015,36.637723126482925,0.0,33.52213329819949,37.17193080742508,12.13273413692322,68.81689869870955,36.39820241076966,18.19910120538483,0.0,18.947451815200196,79.11537472622479,0.0,23.589199368719033,19.596857582922297,0.1218744715634463,-1.3792786268839552,29.85558553136085,0.0,-2.2566305144069636,-6.309649206166148,0.1351351351351351,53,2,14,0,0,0,0,5,0,5,0,0,10,2,16,0,17,0,0,0,0,0,11.745896399670196,5,5.6349000000000045,194.05519999999953,2,0,0,0,0,0,0,0,2,2,2,0,0,0,0,2,0,0,0,0,0,0,0,0,0,0,0,0,0,2,0,0,0,0,5,0,0,0,0,0,0,4,0,0,0,0,0,0,0,0,0,0,0,0,0,2,0,0,0,0,0,0,0,0,1,0,0,0,0,0,0,0,0,0,0,0,2,0,0,0,0,0,0,0,0,CHEMBL5181239,COc1ccc(S(=O)(=O)N(CC(=O)O)c2ccc(N(CC(=O)O)S(=O)(=O)c3ccc(OC)cc3)c(OCc3ccc(Oc4ccccc4)cc3)c2)cc1,830.0,2.9190780923760737,CHEMBL3038498,Keap1/Nrf2,2,Large-Polar-Aromatic-Flexible-Hydrophobic,Large-Polar-Aromatic-Flexible-Hydrophobic
13.734453441039737,13.734453441039737,0.0185754726974964,-4.456243990306646,0.2563863248876559,11.682926829268292,603.6500000000002,577.4420000000001,603.114535012,216,0,0.3239377481693432,-0.4967671120137218,0.4967671120137218,0.3239377481693432,0.8048780487804879,1.2926829268292683,1.7560975609756098,32.234862449826245,10.11622783840106,2.320075575027178,-2.2717311516178427,2.365917430954037,-2.367869422209773,7.928048725567772,-0.1347368417949726,2.979137166225299,1.8966980748555673,1765.099533483062,29.785881803630275,21.96792731220861,23.60092047406406,19.537609024870484,12.033588404586894,14.913715062188176,8.53526219431349,12.259882746372606,6.119306428100361,9.69693408624084,4.153603577247567,6.989968147638878,-4.43,985128398.9196024,29.55021126656669,11.979189195388845,5.879521441424645,236.026157570103,14.580253302440804,24.718371044755298,5.817862777835028,0.0,20.046582306815168,5.969305287951848,9.099753175368054,30.515203528576137,0.0,0.0,24.26546827384644,48.53093654769288,10.772448428929591,42.43954828579983,40.60079950284532,48.293585076215194,0.0,4.983978520947208,0.0,9.79096695103555,42.59413084924759,78.99324839315241,0.0,11.49902366656781,18.084157890192564,15.895664100193413,11.49902366656781,0.0,66.87910403905275,24.84111949088699,0.0,0.0,88.78421534418797,0.0,10.772448428929591,0.0,143.41,45.77999137886708,31.12707359524522,0.0,32.06866443248373,15.80423965786404,10.50205956290931,74.88326576717117,12.13273413692322,0.0,4.983978520947208,9.473725907600098,79.89755395998971,0.0,15.691096031950025,9.948227650427258,-0.0185754726974964,-0.8708021767248628,17.055760401322754,1.0900713865793232,-2.5477516525209785,-5.912246794992397,0.1851851851851851,41,1,11,0,0,0,0,3,1,4,0,0,8,1,14,1,12,0,0,0,0,0,8.633843207949107,4,3.6967000000000025,150.40539999999973,1,0,0,0,0,1,0,0,1,1,1,0,0,0,0,3,0,0,0,0,0,0,0,0,0,1,0,0,0,2,0,0,0,0,3,0,1,0,0,0,0,2,0,0,1,0,0,0,0,0,0,0,0,0,0,2,0,0,0,0,0,0,0,0,0,0,0,0,0,0,0,0,0,1,0,0,2,0,0,0,0,0,0,0,0,CHEMBL4640762,COc1ccc(S(=O)(=O)N(CCF)c2cnc(N(CC(=O)O)S(=O)(=O)c3ccc(OC)cc3)c3ccccc23)cc1,210.0,2.322219294733919,CHEMBL3038498,Keap1/Nrf2,2,Large-Polar-Aromatic-Flexible-Hydrophobic,Large-Polar-Aromatic-Flexible-Hydrophobic
14.341065605134103,14.341065605134103,0.0130655246841824,-4.408378643305936,0.1520303983233931,12.89795918367347,747.1449999999996,708.8409999999998,745.165923356,260,0,0.2754385161715492,-0.5049602698047772,0.5049602698047772,0.2754385161715492,0.979591836734694,1.653061224489796,2.326530612244898,35.49791692067147,9.987233494739584,2.296381989274235,-2.2942701787670225,2.3583614706276497,-2.3624486458548,7.924460235939352,0.0731945836971257,3.3794656536937344,1.5818420410272176,1991.4431914249344,35.45709019995458,27.471316302232346,30.555599721215437,23.354611490701956,16.11473349718323,18.731790163805304,11.976310269863625,14.848734776331366,8.50416978061195,10.857668620013383,5.769334644042006,7.775996869458698,-3.7699999999999982,54686795123.09684,36.50907207518227,15.413786606015863,7.851698985877332,301.17065969203156,14.90634685654166,4.895483475517775,11.443439828132366,0.0,21.837650612110593,0.0,14.31116923259573,13.09959991947412,5.098681808301038,0.0,85.75740558977726,67.64494039417069,36.88904521207519,26.990032388711672,23.113398747313283,62.32785655749171,0.0,19.580304205147176,0.0,64.31555959513227,24.356364082189813,97.7434140221664,0.0,11.436898107967467,4.722094864452088,5.687386274683562,5.749511833283905,34.802819670697545,64.55325726075755,22.98886918224617,6.923737199690624,77.19804572401684,59.49278709167226,15.067899941223978,5.687386274683562,0.0,124.84000000000002,20.668286462209263,23.113398747313283,0.0,43.82702516115601,43.98116151610833,42.87655654355964,22.880904140530017,22.78992372985319,24.26546827384644,23.668251072134375,34.802819670697545,30.755021305928217,18.817485251206985,31.01676781090385,15.032342006455222,3.1710893275846797,-1.325333051995084,14.608380468958536,4.15682009366023,7.759138763936631,-4.408378643305936,0.3428571428571428,49,2,10,0,1,1,2,3,1,4,0,0,7,2,14,2,12,0,0,0,0,0,11.484551962255354,5,7.888220000000008,192.85229999999953,0,0,0,0,0,2,0,1,0,0,2,2,0,0,0,4,1,0,0,0,0,0,0,0,0,0,0,2,0,1,0,0,0,0,3,0,1,0,0,0,0,0,0,0,3,0,0,0,0,0,0,0,0,0,0,0,0,0,0,0,0,0,0,0,0,1,1,0,0,0,0,0,0,0,0,0,1,0,0,0,0,0,0,2,0,CHEMBL2031011,CCCCN(CCCC)C(=O)c1nn(-c2ccc(NS(=O)(=O)c3cc(Cl)cc(Cl)c3O)cc2C(=O)N2CCc3ccccc3C2)c(C)c1Cl,910.0,2.9590413923210934,CHEMBL4860,Apoptosis regulator Bcl-2,2,Large-Polar-Aromatic-Flexible-Hydrophobic,Large-Polar-Aromatic-Flexible-Hydrophobic
13.73307907851569,13.73307907851569,0.0280859989644255,-4.428488323996913,0.2900008715633744,12.487179487179487,571.6330000000003,546.4330000000003,571.10830676,204,0,0.3268110711458099,-0.4967671120214119,0.4967671120214119,0.3268110711458099,0.8461538461538461,1.358974358974359,1.871794871794872,32.23478327924845,10.11712146780055,2.3551927239360273,-2.2811895405581377,2.3526650223209,-2.4361885162503656,7.927734408967914,-0.1374062209667938,2.9360470567411054,1.8448430193830023,1723.831197641893,28.371668241257183,21.098779169329408,22.73177233118486,18.48956752127763,11.452485695226017,14.375712271621053,8.312694066592469,11.81002620496227,5.922280373690894,9.178639156680347,3.8602459048606903,6.51145312252226,-4.359999999999999,357820047.8290357,27.668819364842385,10.787190366779182,5.4455522209194145,225.28570856618484,14.580253302440804,17.54086449571577,5.817862777835028,0.0,20.046582306815168,5.969305287951848,4.722094864452088,30.919325664973137,0.0,0.0,24.26546827384644,55.4546737473835,10.772448428929591,35.89479187988725,36.2103844551705,48.293585076215194,0.0,4.983978520947208,0.0,22.756544979874135,23.24690593830339,78.99324839315241,0.0,11.49902366656781,18.50103676334842,11.50524905251859,11.49902366656781,0.0,53.15684108410066,24.84111949088699,0.0,6.923737199690624,88.78421534418797,0.0,10.772448428929591,0.0,152.2,32.05772842391498,26.7366585475704,0.0,26.682440218018936,21.19046387232884,6.196843571613076,75.74063589840019,18.19910120538483,0.0,9.706073385399296,9.473725907600098,66.99331801229773,0.0,16.08187189444531,10.326755317845617,0.0786495839918461,-0.675045175383723,16.068579290605058,1.1565991643571008,1.2223784764928691,-5.586439897985155,0.1538461538461538,39,2,11,0,0,0,0,3,1,4,1,0,8,2,13,1,10,0,0,0,0,1,7.653046710579002,4,3.7212000000000023,145.3020999999998,1,0,0,0,0,1,0,0,1,1,1,0,0,0,0,2,1,0,0,0,0,0,0,0,0,0,0,0,0,2,0,0,0,0,3,0,1,0,0,0,0,2,0,0,0,0,0,0,0,0,0,0,0,0,0,2,0,0,0,0,0,0,0,0,0,0,0,0,0,0,0,0,0,1,0,0,2,0,0,0,0,0,0,0,0,CHEMBL4649258,COc1ccc(S(=O)(=O)Nc2cnc(N(C(C)C(=O)O)S(=O)(=O)c3ccc(OC)cc3)c3ccccc23)cc1,2300.0,3.361727836017593,CHEMBL3038498,Keap1/Nrf2,2,Large-Polar-Aromatic-Flexible-Hydrophobic,Large-Polar-Aromatic-Flexible-Hydrophobic
13.560819326695668,13.560819326695668,0.1129382319939726,-4.160685136114584,0.0456387527968489,13.564516129032258,894.52,846.1359999999997,893.2796019360001,322,0,0.3526726566307802,-0.4765454135218845,0.4765454135218845,0.3526726566307802,0.8709677419354839,1.5483870967741935,2.193548387096774,35.495694285238145,9.958291824818716,2.259250132296824,-2.372531438545016,2.387025891040546,-2.4609998029291353,7.989638437553181,-0.383693372519868,3.621749027700118,1.001407231844181,2635.544075391949,43.96731560057546,34.570437469733605,36.9593595776075,29.75006101641818,20.048314091602354,22.895040371859455,15.359463624251532,18.571714634852224,10.758699090992003,13.564177193588709,7.556700538217263,9.754117970086105,-5.999999999999998,50687565921250.64,44.068678459937566,19.367226180412995,10.53375,370.68458937388453,29.690144839189827,11.381314269532025,0.0,0.0,15.710677428091143,5.969305287951848,14.83641313321766,13.212334168400758,0.0,11.761884949391115,54.06550936946379,110.98422979912633,95.39178127900072,9.818794524335445,23.242172612059132,67.79235265440087,0.0,9.467009378641832,7.04767198267719,22.25362940310952,72.41068253182341,148.35506451820066,0.0,22.253805966787983,19.838702930159375,28.43693137341781,0.0,23.36282483962363,92.497770525393,17.070963136084774,10.114318268765572,16.909286801846292,137.31515189188087,5.022633313741326,22.253805966787983,0.0,153.29,20.9159074901771,28.433179832007035,0.0,28.00602484888132,48.205350310518966,51.99255559727608,12.13273413692322,47.64212485370609,99.1549594269684,24.738612661009853,11.600939890232516,31.350491116070597,7.806287705293519,31.58208415304585,26.381107114171847,5.468509793406563,-0.3515686234895693,36.146703510339634,2.5615567616768296,3.5639539879188584,1.5186522593436351,0.2391304347826087,62,3,13,0,1,1,0,5,1,6,1,0,11,3,16,2,17,0,1,1,0,0,13.7659365033146,7,9.270800000000005,250.77489999999935,0,0,0,0,1,1,0,0,1,1,1,0,0,0,0,5,2,0,0,0,0,0,0,0,0,0,0,0,0,4,1,0,0,0,5,0,0,0,0,0,0,0,0,0,1,0,0,0,0,0,0,0,0,0,0,0,0,0,1,1,0,0,0,0,0,0,0,0,0,0,1,0,0,0,0,1,1,0,0,0,0,0,0,0,0,CHEMBL2063896,CN(C)CC[C@H](CSc1ccccc1)Nc1ccc(S(=O)(=O)Nc2ccc(N3CCN(c4cccc(-c5c(-c6ccc(Cl)cc6)cn(C)c5C(=O)O)c4)CC3)cc2)cc1[N+](=O)[O-],1.7,0.2304489213782739,CHEMBL4860,Apoptosis regulator Bcl-2,2,Large-Polar-Aromatic-Flexible-Hydrophobic,Large-Polar-Aromatic-Flexible-Hydrophobic
13.999404805439047,13.999404805439047,0.15359293310259,-4.566879572540802,0.1302035248094682,11.346153846153848,746.8160000000001,712.5439999999998,746.1604019079999,270,0,0.3238809352812303,-0.4967671120136989,0.4967671120136989,0.3238809352812303,0.5961538461538461,1.0769230769230769,1.5769230769230769,32.23486415250702,10.043942185245973,2.3234355745239545,-2.275872660003091,2.3817380147757037,-2.368541846998612,7.928083095188938,-0.1357549591914655,3.1520318534127063,1.6137379307716613,2246.309922403366,37.46768007950498,27.94791130445449,29.580904466309946,24.826104062904623,15.516217754669558,18.396344412270825,11.165547307404436,14.890167859463554,7.80806220686422,11.37009688371082,5.174937068955441,8.005622557880388,-6.059999999999998,228531304111.38312,37.20146570117221,15.87063416382246,8.446250028929628,300.50774126276644,24.42364365108156,36.94493027618978,0.0,0.0,20.046582306815168,11.938610575903695,18.199506350736108,16.835593968657875,0.0,0.0,54.59730361615449,77.3540251597071,6.06636706846161,35.38533458295774,50.848311987883065,43.359965432085986,0.0,0.0,0.0,16.39784891554847,35.919539876972685,126.89079286092928,0.0,28.375438483245706,22.821020843992613,11.374772549367124,17.248535499851716,0.0,66.29636722862318,36.242538639471725,0.0,5.563451491696996,131.11830832026783,0.0,11.126902983393991,0.0,177.04999999999998,45.074705694544015,36.637723126482925,0.0,33.52213329819949,25.67290714085727,17.193270051855603,74.88326576717118,12.13273413692322,42.46456947923127,0.0,14.210588861400147,73.33326344352751,0.0,23.605858600788736,19.596410890029127,2.1328598909988576,-2.456140538639516,31.07705423694063,0.0,-2.1854249687168146,-6.270548221595191,0.1351351351351351,52,2,13,0,0,0,0,5,0,5,0,0,9,2,15,0,16,0,0,0,0,0,11.354054855794098,5,5.509600000000004,192.97519999999955,2,0,0,0,0,0,0,0,2,2,2,0,0,0,0,2,0,0,0,0,0,0,0,0,0,0,0,0,0,2,0,0,0,0,5,0,0,0,0,0,0,3,0,0,0,0,0,0,0,0,0,0,0,0,0,2,0,0,0,0,0,0,0,0,0,0,0,0,0,0,0,0,0,0,0,0,2,0,0,0,0,0,0,0,0,CHEMBL5194986,COc1ccc(S(=O)(=O)N(CC(=O)O)c2ccc(N(CC(=O)O)S(=O)(=O)c3ccc(OC)cc3)c(OCc3ccc(-c4ccccc4)cc3)c2)cc1,390.0,2.591064607026499,CHEMBL3038498,Keap1/Nrf2,2,Large-Polar-Aromatic-Flexible-Hydrophobic,Large-Polar-Aromatic-Flexible-Hydrophobic
13.37490308088217,13.37490308088217,0.1651681775148581,-4.302445121993889,0.2832669076903131,11.9,592.6480000000003,564.4240000000002,592.1185370959998,214,0,0.3183740933353132,-0.4967671172102,0.4967671172102,0.3183740933353132,0.625,0.95,1.225,32.23486166634632,10.078169300718145,2.301673461670586,-2.245943861963596,2.252492300319735,-2.3693526423854,7.890311357952758,-0.137873286360535,2.9241412359714056,1.9875443451968515,1437.2227669810045,29.501424753254103,21.627967641660167,23.26096080351562,18.876614320121444,11.669479391877964,14.549606049479245,8.453444333621938,12.329314293505266,5.829432829906187,9.441270865833497,3.792965307771963,6.528178184625709,-3.979999999999999,384385851.27000535,30.559888610357905,12.915123139705935,7.354059023754998,231.6449497355281,19.68678069728151,24.58853647839296,0.0,20.046582306815168,0.0,11.938610575903695,9.589074368143644,16.835593968657875,8.610431982592466,0.0,24.26546827384644,59.65783953108687,13.08951281182515,24.010562033590617,46.111449034083016,31.985192882718863,0.0,8.610431982592466,0.0,22.880479762860706,27.30910789438022,83.92330780493333,0.0,11.49902366656781,9.473725907600098,0.0,11.49902366656781,0.0,74.90679921121566,42.72516948678396,0.0,11.126902983393991,82.5873717725749,0.0,0.0,0.0,167.82,58.16421850636916,36.637723126482925,0.0,9.79096695103555,22.6259266499618,8.610431982592466,74.88326576717118,12.13273413692322,0.0,0.0,9.473725907600098,65.08919015530702,0.0,22.886777998748425,18.9008617914632,0.5854747580595352,-1.981802851221901,17.029797464125878,0.0,-2.571399496075687,-5.772233153739804,0.2307692307692307,40,2,12,0,0,0,0,3,0,3,0,0,8,2,14,0,14,0,0,0,0,0,9.86711811346173,3,2.2548000000000004,142.8931999999999,2,0,0,0,0,0,0,0,2,2,2,0,0,0,0,2,0,0,0,0,0,0,0,0,0,0,0,0,0,0,0,0,0,0,3,0,0,0,0,0,0,2,0,0,0,0,0,0,0,0,0,0,0,0,0,2,0,0,0,0,0,0,0,0,0,0,0,0,0,0,0,0,0,0,0,0,2,0,0,0,0,0,0,0,0,CHEMBL4166048,COc1ccc(S(=O)(=O)N(CC(=O)O)Cc2ccccc2CN(CC(=O)O)S(=O)(=O)c2ccc(OC)cc2)cc1,2300.0,3.361727836017593,CHEMBL2069156,Kelch-like ECH-associated protein 1,2,Large-Polar-Aromatic-Flexible-Hydrophilic,Other
13.262272386308451,13.262272386308451,0.1393207136340912,-4.423628828003677,0.0808822355656751,13.68627450980392,724.9090000000001,684.5889999999999,724.2501603799999,264,0,0.2931983166921879,-0.3758658713437935,0.3758658713437935,0.2931983166921879,1.0196078431372548,1.7058823529411764,2.372549019607843,32.23329989240177,9.981195592793783,2.253338735203714,-2.3029523987501204,2.304890776433751,-2.3149924524882484,7.989595828797611,-0.3836941833384575,3.131675142642625,1.224707331547069,2019.9672132268072,36.38189364187807,28.48864472896597,30.12163789082142,24.517208871049867,16.50464801719615,18.973409824444023,12.463518868638031,15.23933409876672,8.52322748552235,11.026422418333349,5.700957594513535,7.687926433546761,-5.159999999999999,169213682124.80185,37.10391612067123,17.173135231939646,10.195887660976792,302.72679628294344,15.116608065707286,5.687386274683562,0.0,0.0,21.61785715744265,0.0,14.908855452837392,13.139891848781026,5.261891554738487,11.761884949391115,48.04732704767281,100.0633203478965,47.09689555807984,21.451467328824712,18.13564521721843,50.83053476303477,5.261891554738487,9.622004595302563,0.0,35.09527264896154,49.699165124695696,129.43965036931164,0.0,6.069221312792274,14.938793199308895,17.062158824050687,0.0,11.761884949391115,69.67250511233544,10.023291153407584,21.44543113629633,40.74735652794084,112.42594457649062,0.0,6.076020106833881,0.0,148.68,26.54116820626032,28.588543991904817,0.0,22.188162071046293,17.737126721369794,54.68860077394969,17.705838666992488,42.09372029169917,67.52619024389773,27.08403461893505,0.0,28.585761513031215,1.6277904661164868,29.4413966110228,24.752405220706713,3.646648394671537,-0.2026928089990065,29.726979805871192,4.429812692476375,2.25893358268164,-0.5170354775789487,0.2631578947368421,51,2,11,0,1,1,1,4,0,4,1,0,10,2,13,1,14,0,1,1,0,0,12.493932728918285,5,6.793480000000008,202.5190999999995,0,0,0,0,0,0,0,0,0,0,1,1,0,0,0,4,2,0,0,0,0,0,0,0,0,0,0,1,0,2,0,0,0,0,4,0,0,0,0,0,0,0,0,0,0,0,0,0,0,0,0,0,0,0,0,0,0,1,1,1,0,0,0,0,0,0,0,0,0,1,0,0,0,0,0,1,1,0,0,0,0,0,0,0,0,CHEMBL373544,CN(C)CC[C@H](CSc1ccccc1)Nc1ccc(S(=O)(=O)NC(=O)c2ccc(N3CCC(=Cc4ccccc4C#N)CC3)cc2)cc1[N+](=O)[O-],520.0,2.716003343634799,CHEMBL4625,Apoptosis regulator Bcl-X,2,Large-Polar-Aromatic-Flexible-Hydrophobic,Large-Polar-Aromatic-Flexible-Hydrophobic
13.816787659254391,13.816787659254391,0.0733739153864176,-4.192104923215898,0.0398169888602262,13.695652173913045,1013.7089999999996,956.2529999999994,1012.320086844,364,0,0.2931983039215945,-0.3758658713439442,0.3758658713439442,0.2931983039215945,0.8260869565217391,1.4782608695652173,2.0869565217391304,35.495695046059595,9.956035734839077,2.3042099164795884,-2.372638208726752,2.42561196833594,-2.4610174321000824,7.989706307965301,-0.3836936285036618,3.627901974631112,1.0481955592349212,3016.562873850395,49.62201613895469,39.34796874562523,42.55338743442685,32.772716385737205,22.412831668915963,27.150969487231315,17.52814362675882,22.488849836543253,11.809376634170404,15.171040954615002,8.554597677288124,11.190847302799533,-6.049999999999998,834580582889590.8,50.81709268468655,21.71380976822399,12.596300196555134,413.66076215529785,24.58361744434912,5.687386274683562,0.0,10.023291153407584,21.61785715744265,0.0,19.63095031728948,21.557688833109964,0.0,11.761884949391115,54.06550936946379,131.7554413981982,88.31958305700988,27.331943194392306,26.55344220154737,77.75351824920811,0.0,14.18910424309392,0.0,49.06668183132935,78.66645171533483,147.7216724382846,0.0,22.384282469939446,24.56079779461146,28.43693137341781,0.0,23.36282483962363,102.00268373979227,20.046582306815168,17.038055468456196,42.3620535220725,131.1183083202678,5.022633313741326,22.384282469939446,0.0,179.23,30.877073084984342,31.74444942149527,0.0,33.91738917487781,60.32009992829344,51.957979661012935,12.13273413692322,36.027353223237554,118.62923718527767,29.127897442402816,11.600939890232516,58.81701082800569,7.936400751680258,32.93073176520378,16.201207608249582,5.905979187324227,-0.0595660788270888,35.93611968848476,1.676056819635702,9.226418726330932,-4.12591485164339,0.3,69,3,15,0,1,1,1,5,1,6,1,0,13,3,19,2,19,0,1,1,0,0,15.99177802216653,7,9.61432,280.26659999999987,0,0,0,0,0,1,0,0,0,0,1,1,0,0,0,5,3,0,0,0,0,0,0,0,0,0,0,1,0,4,0,0,0,0,5,0,0,0,0,0,0,0,0,0,1,0,0,0,0,0,0,0,0,0,0,0,0,0,1,1,0,0,0,0,0,0,0,0,0,0,1,0,0,0,0,1,2,0,0,0,0,0,0,0,0,CHEMBL2325764,Cc1c(C(=O)NS(C)(=O)=O)c(-c2cccc(N3CCN(c4ccc(NS(=O)(=O)c5ccc(N[C@H](CCN(C)C)CSc6ccccc6)c([N+](=O)[O-])c5)cc4)CC3)c2)c(-c2ccc(Cl)cc2)n1C(C)C,1.0,0.0,CHEMBL2366075,NCI-H1963,2,Large-Polar-Aromatic-Flexible-Hydrophobic,Large-Polar-Aromatic-Flexible-Hydrophobic
13.592798453387596,13.592798453387596,0.113721994028594,-4.164745128621029,0.0429004381151299,13.53125,922.5739999999998,870.1579999999996,921.310902064,334,0,0.3376803398854362,-0.4775751078406079,0.4775751078406079,0.3376803398854362,0.875,1.546875,2.171875,35.49569438774742,9.959818149598586,2.280508806760164,-2.3725657145956105,2.4100996506682018,-2.460998119739568,7.989640158414121,-0.3836934254933277,3.5957316304362856,1.0166469994480043,2706.4192524843497,45.54466586976507,36.20019398173052,38.589116089604424,30.715586173807527,21.05116781671379,23.897894096970887,15.91045303994606,19.12270405054675,11.390453005981058,14.195931108577762,8.11458754457859,10.31200497644743,-5.999999999999998,125184831792787.86,46.00634765625,20.229968311453145,10.670194003527335,383.4144736026776,29.690144839189824,5.687386274683562,0.0,0.0,15.710677428091143,5.969305287951848,14.83641313321766,13.212334168400758,0.0,11.761884949391115,54.06550936946379,124.83170419850757,88.82249863377449,21.0761740108809,23.242172612059136,67.79235265440087,0.0,9.467009378641832,0.0,42.64586020840335,72.41068253182341,147.7216724382846,0.0,22.384282469939446,19.83870293015937,28.43693137341781,0.0,23.36282483962363,92.49777052539298,16.56804755932016,17.038055468456196,29.39647549323391,131.1183083202678,5.022633313741326,22.384282469939446,0.0,153.29,20.9159074901771,28.43317983200704,0.0,27.875548345729857,60.44403471128,52.123032100427544,12.13273413692322,23.894619086314336,117.43905697098955,30.80497972947146,11.600939890232516,31.824759287130668,7.879223238588705,31.905695333980415,26.63890729215461,6.353487134929168,-0.3172940593223771,36.37956801912415,0.7259484158163056,8.021904345622744,-0.2177545635799387,0.2708333333333333,64,3,13,0,1,1,0,5,1,6,1,0,11,3,16,2,18,0,1,1,0,0,14.542296175181784,7,10.062119999999997,260.2048999999994,0,0,0,0,1,1,0,0,1,1,1,0,0,0,0,5,2,0,0,0,0,0,0,0,0,0,0,0,0,4,0,0,0,0,5,0,0,0,0,0,0,0,0,0,1,0,0,0,0,0,0,0,0,0,0,0,0,0,1,1,0,0,0,0,0,0,0,0,0,0,1,0,0,0,0,1,1,0,0,0,0,0,0,0,0,CHEMBL2159739,CCn1c(C)c(C(=O)O)c(-c2cccc(N3CCN(c4ccc(NS(=O)(=O)c5ccc(N[C@H](CCN(C)C)CSc6ccccc6)c([N+](=O)[O-])c5)cc4)CC3)c2)c1-c1ccc(Cl)cc1,2.0,0.3010299956639812,CHEMBL612545,Unchecked,2,Large-Polar-Aromatic-Flexible-Hydrophobic,Large-Polar-Aromatic-Flexible-Hydrophobic
14.597704204654876,14.597704204654876,0.0138718744946189,-4.2446862408791945,0.1616095830916566,12.862745098039216,698.845,660.541,698.256291316,258,0,0.264523130162712,-0.3899656997365344,0.3899656997365344,0.264523130162712,0.8431372549019608,1.568627450980392,2.3333333333333335,32.23327386496464,9.919421858997817,2.293689771031853,-2.294991614058094,2.3544523618800155,-2.3627895095783944,7.897115754903098,0.0735146777771174,3.5408360691253575,1.3252654501125547,2369.2733626850363,35.536594180257325,28.249498417227866,29.065994998155592,24.76751997327594,17.105712631198507,18.588875878792894,12.726768842784267,14.40917108419378,9.428864933862062,10.75752541263497,6.777302607860668,7.7863887177138755,-5.579999999999998,432956103074.8711,33.895347732336305,14.339834060739967,6.799877307978658,296.7800176213959,10.006437125691182,0.0,0.0,0.0,21.837650612110593,0.0,9.589074368143644,17.821694783926212,5.098681808301038,0.0,92.2073307126176,83.12347018356827,29.77986728691614,28.57760770441118,23.113398747313283,32.610099041040186,0.0,19.402489338748783,0.0,50.654145537337925,6.544756405912575,148.90263625725552,0.0,16.814289258077554,4.722094864452088,0.0,0.0,0.0,46.56383471808193,36.0165727696851,0.0,62.996116770171184,120.15645777628842,0.0,27.586737687007144,0.0,121.6,15.930470882759089,23.113398747313283,0.0,28.536448152776188,42.75198703591962,40.55885743601063,29.828919765543436,23.09901093623531,71.41184068822291,17.712199132604322,5.098681808301038,30.931312798682693,0.0,30.011537152874944,17.033181593541787,5.675774472848861,-1.1614360541331488,34.35195410581229,3.0645142468320143,2.5878479244197625,-4.2446862408791945,0.1951219512195122,51,2,9,0,1,1,2,5,1,6,0,0,7,2,10,2,10,0,0,0,0,0,9.530463959074144,7,6.844600000000008,197.0212999999995,0,1,1,0,0,2,0,0,0,0,2,2,0,0,0,3,1,0,0,0,0,0,0,0,0,0,0,2,0,0,0,0,0,0,5,0,2,0,0,0,0,0,0,0,0,0,0,0,0,0,0,0,0,0,0,0,0,0,0,0,0,0,0,0,1,0,0,0,0,0,0,0,0,0,0,0,1,0,0,0,0,0,0,1,0,CHEMBL2030847,CCCCc1c(-c2ccc(C(=O)NS(=O)(=O)c3ccc4ccccc4c3)cc2C(=O)N2CCc3ccccc3C2)c(CO)nn1-c1ccccc1,11.0,1.0413926851582251,CHEMBL4625,Apoptosis regulator Bcl-X,2,Large-Polar-Aromatic-Flexible-Hydrophobic,Large-Polar-Aromatic-Flexible-Hydrophobic
13.663898157705027,13.663898157705027,0.023717819768158,-4.378477700389838,0.1644622306873465,13.4468085106383,679.8170000000003,642.5210000000002,679.2022071440001,248,0,0.2576196553601558,-0.5036095113044139,0.5036095113044139,0.2576196553601558,0.8085106382978723,1.446808510638298,2.106382978723404,32.23478327017999,9.987433750447362,2.3291795661485923,-2.2960078206714924,2.4344726266817394,-2.362447456965638,7.892852795483489,0.0730021388129011,3.069016496003554,1.3176487469910916,1969.7859647335504,33.76900946675572,25.83356402889397,27.466557190749423,22.379884411544843,15.110579816894331,18.033806393289368,11.424407716726405,15.204667294199824,8.248558529152554,11.577480960224191,5.524525234844865,7.919618196226965,-4.429999999999999,21378758648.369595,33.919639142536845,14.136634619046015,7.595766357856608,274.3815803936027,20.219491915372593,4.895483475517775,11.49902366656781,25.796094140099072,5.907179729351506,0.0,4.794537184071822,25.862904824406197,0.0,0.0,66.73003775307771,66.13619366387685,33.22669760632749,10.45893496721477,36.94971333725181,25.953762036166673,0.0,13.9272205865988,0.0,42.01900984865216,26.681941200414915,112.74639641694756,0.0,17.248535499851716,4.722094864452088,0.0,17.248535499851716,0.0,73.94942280509312,45.853803581505765,0.0,39.03261626548281,94.72010590949812,0.0,0.0,0.0,164.55,53.66123250323315,36.94971333725181,0.0,31.074509099168075,31.246737983401033,27.061937534848827,24.080315850450887,6.06636706846161,60.6636706846161,4.722094864452088,0.0,56.60806200927604,0.0,14.308090595775106,31.66066199483288,2.928952171653622,-3.9344093797407096,24.557887908601913,1.9768482282384936,0.4601863683701752,-6.899613230340856,0.2647058823529412,47,4,11,0,1,1,1,4,0,4,0,0,8,4,13,1,12,0,0,0,0,0,10.20233074399861,5,3.776200000000004,176.23619999999963,0,0,0,0,0,0,0,3,0,0,1,1,0,0,0,2,1,0,0,0,0,0,0,0,0,0,0,1,0,0,1,0,0,0,4,0,1,0,0,0,0,0,0,0,0,0,0,0,0,0,0,0,0,0,0,0,0,0,0,0,0,0,0,0,0,3,3,0,0,0,0,0,0,0,0,0,2,0,0,0,0,0,0,0,0,CHEMBL376055,CN(CCCc1ccccc1)S(=O)(=O)c1cc(C(=O)N2CCc3ccc(S(=O)(=O)NCCc4ccccc4)cc3C2)c(O)c(O)c1O,39.0,1.591064607026499,CHEMBL4361,Induced myeloid leukemia cell differentiation protein Mcl-1,2,Large-Polar-Aromatic-Flexible-Hydrophobic,Large-Polar-Aromatic-Flexible-Hydrophobic
14.204615293973712,14.204615293973712,0.0560534244562023,-4.599109384991644,0.1558988213094956,11.653061224489797,706.7700000000001,675.5219999999998,706.1455007919999,254,0,0.3238814129278698,-0.4865925041652198,0.4865925041652198,0.3238814129278698,0.673469387755102,1.1428571428571428,1.653061224489796,32.23486370425804,10.05046984196536,2.3468448673356344,-2.2979295715366383,2.4519824871574474,-2.3722156150651745,7.928434809946273,-0.1357514147008005,3.055369478617941,1.822055489390157,2242.592400795236,35.50949644276187,26.277328388967113,27.91032155082257,23.177614812911617,14.736438183926284,17.61656484152756,11.140104076371069,14.864724628430183,7.560728090829615,11.094518442833367,5.135819186951571,8.004301343156744,-5.469999999999999,40782595456.26908,34.853291934415154,13.943888135859156,7.4976295368053165,282.07075653235,14.94991774348146,36.95051372535143,0.0,0.0,20.046582306815168,11.938610575903695,18.199506350736108,21.226009016332693,0.0,0.0,71.7905736680101,55.809128301847906,16.838815497391202,15.478353225719111,45.76500112795779,54.13241386101558,0.0,0.0,0.0,30.245323314929717,21.69994479441762,125.63581547998432,0.0,5.749511833283905,13.347294936392515,15.765187597041944,5.749511833283905,0.0,52.07677214606812,36.24253863947173,19.664695240427143,16.690354475090988,112.91920711488297,0.0,10.772448428929591,0.0,158.59,50.89192653558991,41.028138174157746,0.0,44.294581727129085,14.17388347428946,11.126902983393991,72.79640482153933,44.179309741689295,0.0,0.0,4.736862953800049,77.70203214363224,0.0,23.994918749011983,19.99558451458128,1.5771105702811197,-3.764634032585643,23.964681204619943,0.0,1.173725949139053,-9.143419098679963,0.1428571428571428,49,2,11,0,0,0,0,5,0,5,0,0,7,2,14,0,13,0,0,0,0,0,9.918171508161777,5,5.734540000000006,181.37319999999963,2,0,0,0,0,0,0,0,2,2,2,0,0,0,0,2,0,0,0,0,0,0,0,0,0,0,0,0,0,2,2,0,0,0,5,0,1,0,0,0,0,1,0,0,1,0,0,0,0,0,0,0,0,0,0,0,0,0,0,0,0,0,0,0,0,0,0,0,0,0,0,0,0,0,0,0,2,0,0,0,0,0,0,0,0,CHEMBL5184245,Cc1ccc(S(=O)(=O)N(CC(=O)O)c2cc(OCc3ccc(F)cc3)c(N(CC(=O)O)S(=O)(=O)c3ccc(C)cc3)c3ccccc23)cc1,14.2,1.1522883443830565,CHEMBL3038498,Keap1/Nrf2,2,Large-Polar-Aromatic-Flexible-Hydrophobic,Large-Polar-Aromatic-Flexible-Hydrophobic
14.177963980373558,14.177963980373558,0.0018616884596298,-6.052871819810299,0.1046489674991912,18.338461538461537,974.6339999999996,919.194,973.29550982,350,0,0.5014901630613527,-0.3803583914432106,0.5014901630613527,0.3803583914432106,0.8615384615384616,1.5384615384615383,2.2,35.49569489395759,9.72506037248877,2.483587346157288,-2.393854029181767,2.429565240298152,-2.4692557966854767,7.989749917405089,-0.043547887501181,3.277794537949976,1.0171796458665916,2532.5519184582818,46.40899137937352,36.449289586733386,39.654708275535015,30.86507465039512,21.681185366562108,26.011074894413596,17.489832496612074,22.61169353811303,12.18075360631584,16.462138644640437,8.49126715311817,11.633001663465109,-4.099999999999998,129333756398073.44,48.82235248379551,20.82219146073,12.668712766098391,389.252707318643,14.953561288656855,4.895483475517775,0.0,0.0,25.76772401917659,5.508330501264255,14.594356645772775,21.557688833109964,13.17124514302446,11.761884949391115,61.35335416199108,108.96487073594484,85.321700238835,23.796633679227178,39.53823924955421,66.07842593823662,0.0,14.52191432615304,5.414990469396779,65.76738264805084,81.54136711793002,118.7845139225904,0.0,0.0,14.938793199308895,24.546017692391587,0.0,23.36282483962363,115.41743327319575,24.597407243625135,5.414990469396779,55.4522010585511,117.3214280520084,5.022633313741326,5.5731045300692665,0.0,128.36,52.796248575307914,34.80137629575416,0.0,10.978441961093775,56.1107087586393,74.70185078546545,40.60427963814986,12.13273413692322,47.186664343683354,45.99672633286223,16.337802844032566,103.1402178913901,7.637150356907407,18.99174298820997,3.7077700745798,-1.014858279705409,-0.6534164014235428,25.790653392451027,3.5981812859602864,11.639476878732529,-10.892473742657696,0.425531914893617,65,2,11,1,2,3,1,4,0,4,1,0,11,2,18,2,16,0,2,2,0,0,15.639821092012877,7,8.833200000000007,251.8864999999993,0,0,0,0,0,0,0,0,0,0,1,1,0,0,0,3,2,0,0,0,0,0,0,0,0,3,1,1,0,2,0,0,0,0,4,0,0,0,0,0,0,1,0,0,4,0,0,0,0,0,0,0,0,0,0,0,1,0,0,0,0,0,0,0,0,0,0,0,0,0,1,0,0,0,0,1,1,1,0,0,0,0,0,0,0,CHEMBL443684,CC1(C)CCC(c2ccc(Cl)cc2)=C(CN2CCN(c3ccc(C(=O)NS(=O)(=O)c4ccc(N[C@H](CCN5CCOCC5)CSc5ccccc5)c(S(=O)(=O)C(F)(F)F)c4)cc3)CC2)C1,2.0,0.3010299956639812,CHEMBL4860,Apoptosis regulator Bcl-2,2,Large-Polar-Aromatic-Flexible-Hydrophobic,Large-Polar-Aromatic-Flexible-Hydrophobic
13.521351026613171,13.521351026613171,0.0390841047453709,-0.6558192779692715,0.0711286155991402,12.461538461538462,700.7880000000005,660.4680000000002,700.2784662400001,266,0,0.2553474181653433,-0.5066387768713523,0.5066387768713523,0.2553474181653433,0.5192307692307693,0.8653846153846154,1.2115384615384617,16.309400833469066,9.868955981324415,2.2794967837006936,-2.2054172987769016,2.50518657653806,-2.2747714412289564,6.157257063359021,0.0941385902813677,3.130892118444427,1.41083034211972,2190.6201607623966,37.429627983529606,29.151596023334584,29.151596023334584,24.79350921103065,16.88631152845131,16.88631152845131,13.306496541593312,13.306496541593312,9.713137630330934,9.713137630330934,6.816191268521652,6.816191268521652,-6.419999999999998,263177158525.62183,35.40762517079458,14.06743656474558,6.346376395286384,299.80360702560534,41.27274157705689,11.49902366656781,22.99804733313562,0.0,11.814359458703011,0.0,9.589074368143644,0.0,0.0,0.0,74.51114508399735,72.20256073233847,45.76131265307832,11.126902983393991,40.22823873718787,33.359256316562195,0.0,10.633577208012662,0.0,39.53076089108528,13.08951281182515,118.30984790864456,0.0,45.62397398309742,10.633577208012662,0.0,34.49707099970343,0.0,55.543036639572385,0.0,13.847474399381248,68.65306981002965,84.92913895846256,0.0,32.671799841253176,0.0,179.57999999999998,34.81240679183863,40.22823873718787,0.0,80.2230513953629,11.126902983393991,23.259637120317212,0.0,25.980208536304467,74.51114508399735,10.633577208012662,0.0,0.0,0.0,27.042702053226343,72.71922686651271,2.7072807041236273,-4.734377573829464,24.59361290835596,0.0,7.671555041610818,0.0,0.1904761904761904,52,8,10,0,0,0,2,6,0,6,2,0,8,8,10,0,9,0,0,0,0,0,9.57874078843157,6,7.577440000000009,200.73319999999973,0,0,0,0,0,0,0,6,0,0,2,2,0,0,0,0,2,0,0,0,0,0,0,0,0,0,0,2,0,0,2,0,0,0,6,0,2,0,0,0,0,0,0,0,0,0,0,0,0,0,0,0,0,0,0,0,0,0,0,0,0,0,0,0,0,6,6,0,0,0,0,0,0,0,0,0,0,0,0,0,0,0,0,0,0,CHEMBL1094366,Cc1cc2c(C(=O)NC[C@@H](C)c3ccccc3)c(O)c(O)cc2c(O)c1-c1c(C)cc2c(C(=O)NC[C@@H](C)c3ccccc3)c(O)c(O)cc2c1O,240.0,2.380211241711606,CHEMBL4361,Induced myeloid leukemia cell differentiation protein Mcl-1,2,Large-Polar-Aromatic-Flexible-Hydrophobic,Large-Polar-Aromatic-Flexible-Hydrophobic
13.537540392209422,13.537540392209422,0.0259356855819621,-4.547427426233439,0.0304125762356123,12.063492063492063,887.0529999999999,840.6849999999996,886.281854432,324,0,0.3562288551930483,-0.4929350680915249,0.4929350680915249,0.3562288551930483,0.9365079365079364,1.6825396825396826,2.4285714285714284,32.23330093030278,10.00939676342304,2.2619330984113284,-2.215938191931627,2.319696472326864,-2.306485096860506,7.989608153931447,-0.3836947019834274,3.6515097536254553,1.0595690928297032,2916.3867611637293,44.67442238176199,34.85464920096561,36.48764236282106,30.283734521229388,20.19012638431746,22.658888191565328,15.227337659851113,18.00315288997981,10.487080875098284,12.99027580790929,7.322587569099153,9.309556408132371,-6.749999999999998,82417544145450.55,44.31067644070257,19.528371176580972,10.482714818021002,368.654254652301,20.06008868349756,11.436898107967467,5.693927994848461,0.0,21.61785715744265,5.969305287951848,14.908855452837392,22.449826926468468,5.098681808301038,11.761884949391115,66.73003775307771,112.3732817620519,44.83312366942992,27.63630520131309,32.773572749931006,61.32558281601503,0.0,19.236084297219225,0.0,42.01900984865216,38.31662454653299,159.89230917639884,0.0,17.00689131982936,14.775746422258468,11.374772549367124,5.749511833283905,11.761884949391115,83.87978664973244,16.444112776333593,17.038055468456196,44.815000083935104,137.1846753887294,0.0,27.546528633091313,0.0,185.48,37.40595696972994,33.227717016078856,0.0,22.98660659037698,59.52318362759345,34.02856721210546,24.26546827384644,47.46648831654379,91.7916585177442,15.137565276759457,4.736862953800049,36.80978784220491,1.6079103809816817,40.1297502645224,32.21397138123654,2.6090768810227045,-0.749403901964135,36.89269543069057,1.5873217493757763,2.815412819376646,-0.6665228474470917,0.2127659574468085,63,3,14,0,0,0,1,5,2,7,1,0,12,3,16,2,19,0,0,0,0,0,13.735164073324151,7,8.724120000000006,245.5843999999994,0,0,0,0,1,2,0,0,1,1,2,1,0,0,0,4,2,0,0,0,0,0,0,0,0,0,0,1,0,1,2,0,0,0,5,0,2,0,0,0,0,1,0,0,0,0,0,0,0,0,0,0,0,0,0,0,0,0,1,1,0,0,0,0,0,0,0,0,0,0,0,0,0,1,0,1,1,0,0,0,0,0,0,0,0,CHEMBL3126119,Cc1cc(C(=O)NS(=O)(=O)c2ccc(N[C@H](CCN(C)C)CSc3ccccc3)c([N+](=O)[O-])c2)ccc1-c1cccc2c(CCCOc3cccc4ccccc34)c(C(=O)O)nn12,4.4,0.6434526764861874,CHEMBL4625,Apoptosis regulator Bcl-X,2,Large-Polar-Aromatic-Flexible-Hydrophobic,Large-Polar-Aromatic-Flexible-Hydrophobic
12.901305712217525,12.901305712217525,0.02213075893627,-4.039914890524529,0.2786932991732299,13.731707317073171,575.6870000000001,542.4230000000003,575.209006776,214,0,0.4113908629035278,-0.4964394078508563,0.4964394078508563,0.4113908629035278,1.0,1.7560975609756098,2.4878048780487805,32.233273530240425,10.010005226367769,2.221445494055958,-2.1295130338785455,2.3017371496227876,-2.3063710456018196,7.897503259007122,0.0980270378012285,3.555863399099867,1.3506887919896555,1721.201688480479,29.147689123196077,23.268688764955247,24.085185345882973,19.640198773338124,13.496744547905283,14.979907795499676,10.337468070366128,11.98829219661205,7.434620430843313,8.925832574203154,5.328071818818364,6.549592612452302,-4.309999999999999,1711400272.1357656,28.227045802618033,11.660599325964183,6.221701040970508,239.0655549945358,14.040825555391454,11.853478221032208,0.0,0.0,15.930470882759089,6.093240070938415,10.111325788078153,17.934429032852847,0.0,0.0,24.26546827384644,85.69558057725533,41.81909987567789,12.005281016795308,27.48059726007268,38.61402216046212,0.0,9.289194512243444,7.04767198267719,50.02729517758675,12.426586145283864,89.11432022301717,0.0,5.749511833283905,14.775746422258468,10.481923458755384,5.749511833283905,0.0,38.199080361436046,28.228647712810833,6.923737199690624,52.731629642563846,71.75599773174696,0.0,10.902924932081056,0.0,115.73,22.023710953697503,18.00687135247258,0.0,16.562901354963074,23.421171222590473,47.71311440717909,19.242531678200752,37.255572541998674,36.010716407466454,10.03888346845842,9.473725907600098,40.904588030378825,0.0,25.36560215423257,3.806670458658034,4.144405815181729,-0.2908946761605384,17.066331221742644,5.9977737176307055,1.6719028668636822,-0.5830462551943034,0.2903225806451613,41,2,9,1,0,1,2,3,1,4,0,0,7,2,10,1,8,1,0,1,0,0,8.027909055121171,5,5.695920000000005,156.9096999999997,0,0,0,0,0,1,0,0,0,0,2,2,0,0,0,1,2,0,0,0,0,0,0,0,0,0,0,2,0,1,2,0,0,0,3,0,1,0,0,0,0,2,0,0,0,0,0,0,0,0,0,0,0,0,0,1,0,0,0,0,0,0,0,0,0,0,0,0,0,0,0,0,0,0,0,0,1,0,0,0,0,0,0,0,0,CHEMBL603,COc1cc(C(=O)NS(=O)(=O)c2ccccc2C)ccc1Cc1cn(C)c2ccc(NC(=O)OC3CCCC3)cc12,0.26,-0.585026652029182,CHEMBL1798,Cysteinyl leukotriene receptor 1,2,Large-Polar-Aromatic-Flexible-Hydrophobic,Large-Polar-Aromatic-Flexible-Hydrophobic
13.090545412151734,13.090545412151734,0.001959467528829,-5.072524923599932,0.2158106074002362,12.195121951219512,634.3810000000001,619.2610000000001,633.0003036400001,214,0,0.4160606209129648,-0.4573502042845933,0.4573502042845933,0.4160606209129648,0.6829268292682927,1.2682926829268293,1.829268292682927,35.49826481654838,10.029462856511502,2.3694652251619956,-2.146428740769855,2.390040220554275,-2.3007939057868865,7.896996088707492,-0.1427813085274895,2.890347104663341,1.5218936564086676,1691.2588570119367,30.164561460070633,20.1478610050479,22.476215478012534,19.02484370168772,11.2286310409032,13.46772323451605,8.459365524622015,10.956168019512734,5.535672033516137,7.621593424317255,3.5638053904961744,4.83605899976439,-3.739999999999998,538327344.7871504,30.22392820733785,11.265073781789104,7.318278203908409,238.88296235777335,4.736862953800049,11.49902366656781,0.0,0.0,15.930470882759089,12.35259703488695,4.794537184071822,13.139891848781026,26.34249028604892,0.0,41.40098098584986,77.85694073647171,5.563451491696996,26.06765308639442,44.291687408249736,39.13235066322412,0.0,4.722094864452088,0.0,17.248080510404723,0.0,111.66476006103622,0.0,22.6259266499618,9.458957818252138,26.34249028604892,11.49902366656781,23.20187978046503,14.324976713680442,22.37588818829453,0.0,21.48489165916281,89.82462243398034,10.045266627482652,11.126902983393991,0.0,72.47,50.05496620984171,39.55482445444969,0.0,22.40196370718384,28.28227043405854,24.26546827384644,18.19910120538483,24.26546827384644,4.722094864452088,0.0,27.938742734265084,111.13863094858036,11.96101097637816,12.308529472190926,0.6070229300514065,-1.9758744815324083,-1.9806932208740915,15.489070870205554,-10.145049847199864,0.0,-4.430425425577837,0.074074074074074,41,1,5,0,0,0,1,4,0,4,0,0,4,1,14,0,6,0,0,0,0,0,8.304262956857507,4,8.609,139.51199999999983,0,0,0,0,0,0,0,0,0,0,1,1,0,0,0,0,1,0,0,0,0,0,0,0,0,6,0,1,0,0,0,0,0,0,4,0,0,0,0,0,0,1,0,0,8,0,0,0,0,0,0,0,0,0,0,0,0,0,0,0,0,0,0,0,0,0,0,0,0,0,0,0,0,0,0,0,1,0,0,0,0,0,0,0,0,CHEMBL1824830,O=C(NS(=O)(=O)c1ccc(Oc2cc(C(F)(F)F)cc(C(F)(F)F)c2)cc1)c1cccc(-c2ccc(Cl)c(Cl)c2)c1,2940.0,3.4683473304121573,CHEMBL4625,Apoptosis regulator Bcl-X,2,Large-Nonpolar-Aromatic-Rigid-Hydrophobic,Large-Nonpolar-Aromatic-Rigid-Hydrophobic
14.340895140903813,14.340895140903813,0.0433760789541812,-4.632303884171599,0.1675695572570321,11.38,715.7620000000002,686.5299999999999,715.1294361280001,256,0,0.3238788823485205,-0.4967671120136989,0.4967671120136989,0.3238788823485205,0.68,1.14,1.6,32.234863827966244,9.955706327330242,2.3442485504857427,-2.302385173140753,2.453149264359582,-2.37280141280645,7.928482038133806,-0.1357485194618407,3.118728942748668,1.888607651924321,2338.403940771902,36.21660322394842,26.54771902073516,28.18071218259061,23.80846597269958,14.649454946143225,17.529581603744496,10.68849306650034,14.41311361855946,7.690010833958782,11.22380118596254,5.339707792914611,8.216565695953555,-6.109999999999998,80706530454.02551,35.203674700247724,14.16579219093656,6.880948975173586,287.4113460403994,19.68678069728151,24.58853647839296,0.0,0.0,20.046582306815168,11.938610575903695,18.199506350736108,16.835593968657875,5.261891554738487,0.0,36.39820241076966,72.29348924477472,16.335899920626588,47.018007387447,46.111449034083016,54.13241386101558,5.261891554738487,0.0,0.0,9.79096695103555,35.919539876972685,108.69169165554442,0.0,28.69514796275407,18.084157890192564,11.374772549367124,11.49902366656781,0.0,66.29636722862318,29.63565667495881,11.33111286753076,5.563451491696996,112.91920711488297,0.0,21.899351412323583,0.0,191.61,45.074705694544015,41.89961468122141,0.0,48.62854240442326,20.109455649160275,0.0,105.21510110947924,12.13273413692322,6.069221312792274,0.0,9.473725907600098,68.75897470457113,0.0,24.066186803384156,29.620129710098603,0.340629683650778,-2.248152340946972,25.934984882620956,0.0,-2.058064979979176,-6.414688463399461,0.1142857142857142,50,2,13,0,0,0,0,5,0,5,0,0,9,2,15,0,13,0,0,0,0,0,9.973758803220804,5,4.955480000000004,184.42219999999963,2,0,0,0,0,0,0,0,2,2,2,0,0,0,0,3,0,0,0,0,0,0,0,0,0,0,0,0,0,2,0,0,0,0,5,0,1,0,0,0,0,2,0,0,0,0,0,0,0,0,0,0,0,0,0,2,0,1,0,0,0,0,0,0,0,0,0,0,0,0,0,0,0,0,0,0,2,0,0,0,0,0,0,0,0,CHEMBL5421804,COc1ccc(S(=O)(=O)N(CC(=O)O)c2cc(-c3ccc(C#N)cc3)c(N(CC(=O)O)S(=O)(=O)c3ccc(OC)cc3)c3ccccc23)cc1,9.2,0.9637878273455552,CHEMBL3038498,Keap1/Nrf2,2,Large-Polar-Aromatic-Flexible-Hydrophobic,Large-Polar-Aromatic-Flexible-Hydrophobic
14.558875679030455,14.558875679030455,0.0467061313436818,-4.328332108388933,0.1180393555955575,13.566666666666666,890.3339999999997,842.9579999999997,888.2394226439999,314,0,0.2754385161714284,-0.3666450154198719,0.3666450154198719,0.2754385161714284,0.8,1.5,2.216666666666667,35.498993321522384,9.983358264375902,2.305352590336433,-2.2937319117114265,2.3341603466620566,-2.366625742114454,7.897056629331861,0.0731845577912288,3.788754042887241,1.1836329363620932,2570.078946823912,42.71623874501889,33.810286013014355,36.89456943199744,28.787264481079525,20.2297871606813,22.846843827303367,15.281614535256034,18.156381503155984,11.168936714779385,13.689130677992935,7.765855912381123,9.309606515433574,-4.879999999999997,20756895429026.56,43.21734604999863,18.39274282926123,9.071914663203176,365.80881322020383,14.69972919255143,0.0,5.693927994848461,0.0,27.744830341462094,0.0,14.383611552215466,17.82169478392621,5.098681808301038,0.0,91.82377265823888,103.39176620587554,50.519376201856005,36.90814917797077,22.8014085365444,68.23503628684321,0.0,24.302399069599264,0.0,77.28113762397085,31.07893535450078,138.69923677110384,0.0,5.687386274683562,9.622004595302563,5.687386274683562,0.0,34.802819670697545,71.89866600118093,35.954447211084755,6.923737199690624,98.68293738317963,83.75825536551872,15.067899941223978,5.687386274683562,0.0,124.92,15.930470882759089,22.8014085365444,0.0,38.55330722620456,73.53676257834215,53.62447873317558,22.880904140530017,40.98902493523802,36.39820241076966,23.469478994683815,39.90150147899859,31.18814977912695,19.17579667203256,47.85019321771019,5.791485376597012,5.719227993314828,-1.5846432458351651,22.552877381453666,4.741804145291467,8.976774122030758,-4.328332108388933,0.3333333333333333,60,1,11,0,2,2,3,4,1,5,0,0,8,1,15,3,14,0,0,0,0,0,13.248092194346892,7,9.063220000000005,236.22699999999932,0,0,0,0,0,2,0,0,0,0,3,3,0,0,0,5,1,0,0,0,0,0,0,0,0,0,0,3,0,1,0,0,0,0,4,0,2,0,0,0,0,0,0,0,3,0,0,0,0,0,0,0,0,0,0,0,0,0,0,0,0,0,0,0,0,0,0,0,0,0,0,0,0,0,0,0,1,0,0,0,0,0,0,2,0,CHEMBL2031022,CCCCN(CCCC)C(=O)c1nn(-c2ccc(C(=O)NS(=O)(=O)c3ccc4c(c3)CCN4Cc3ccc(Cl)c(Cl)c3)cc2C(=O)N2CCc3ccccc3C2)c(C)c1Cl,16.0,1.2041199826559248,CHEMBL4860,Apoptosis regulator Bcl-2,2,Large-Polar-Aromatic-Flexible-Hydrophobic,Large-Polar-Aromatic-Flexible-Hydrophobic
13.237162076077745,13.237162076077745,0.1275672717247735,-4.400036236186735,0.1002509345183431,15.354166666666666,697.9240000000002,650.5480000000001,697.296776224,260,0,0.2931983166921879,-0.3780880420938647,0.3780880420938647,0.2931983166921879,1.0625,1.7291666666666667,2.3125,32.23329967012057,9.831910258986346,2.3497479404936263,-2.424157758069071,2.342529978940498,-2.4601339989541504,7.989591360673919,-0.3836942043524619,3.059019565111068,1.4305098000470424,1626.8614596473371,34.898765978752635,28.347385128357917,29.98037829021337,22.8032998956857,16.155215336199102,18.62397714344698,12.946987005825838,15.722802235954523,8.56463118327872,11.067826116089718,5.9679173441948405,7.954886183228068,-3.649999999999999,22579546891.383263,37.1733637262784,16.642512558269466,10.177339651275192,288.17509700029166,19.853471019507335,5.687386274683562,0.0,0.0,21.61785715744265,0.0,14.908855452837392,13.139891848781026,0.0,11.761884949391115,32.046575604766076,100.77222945682529,54.206693099357366,15.419845335319136,22.872508171018477,44.75451465620089,0.0,9.622004595302563,5.917906046161393,60.96461948225249,56.80896266597323,88.47417458200191,0.0,0.0,14.938793199308895,17.062158824050687,0.0,11.761884949391115,82.38335346459665,14.760154107207631,16.032224314926967,49.8887495668541,82.5873717725749,0.0,0.0,0.0,134.12,20.85378193157676,23.32665243716633,0.0,33.47659915671355,18.09158127583419,55.545970905178706,12.13273413692322,43.13715076451509,49.3270890385129,28.786267598690145,4.736862953800049,34.46144904789263,1.6351307317741135,29.478427901803983,15.358341562402796,0.7991394910287886,0.3624514209777233,20.172887143816844,3.499244465195694,6.771277708299838,1.2949838601409305,0.4571428571428571,48,2,11,0,1,1,1,3,0,3,1,0,10,2,13,1,16,0,1,1,0,0,12.88871193016056,4,6.269500000000007,192.58009999999945,0,0,0,0,0,0,0,0,0,0,1,1,0,0,0,3,2,0,0,0,0,0,0,0,0,0,0,1,0,2,0,0,0,0,3,0,0,0,0,0,0,1,0,0,0,0,0,0,0,0,0,0,0,0,0,1,0,0,1,1,0,0,0,0,0,0,0,0,0,1,0,0,0,0,0,1,1,0,0,0,0,0,0,0,0,CHEMBL373577,COC1(CC(C)C)CCN(c2ccc(C(=O)NS(=O)(=O)c3ccc(N[C@H](CCN(C)C)CSc4ccccc4)c([N+](=O)[O-])c3)cc2)CC1,360.0,2.5563025007672873,CHEMBL4625,Apoptosis regulator Bcl-X,2,Large-Polar-Aromatic-Flexible-Hydrophobic,Large-Polar-Aromatic-Flexible-Hydrophobic
13.358325982180082,13.358325982180082,0.0453551472250499,-4.193494488983303,0.2736900299336671,13.325581395348838,597.6530000000002,570.4370000000002,597.168204584,218,0,0.3032948750171853,-0.4910215367271497,0.4910215367271497,0.3032948750171853,0.7441860465116279,1.255813953488372,1.744186046511628,32.23327325366861,10.184336020680457,2.4440134839391554,-2.264025459928328,2.279626752332049,-2.4077678656493875,7.897005512609698,-0.1117603784338295,3.2536728170678293,1.307042136991681,1716.87184879676,30.56190268556917,23.169033934349812,23.985530515277535,20.63586747568856,13.204223405137322,14.687386652731718,9.62720755564072,11.309609797050236,6.168193021751077,7.515085133814184,4.199241038817822,5.1734034664634265,-5.489999999999999,4207332753.270352,29.017852130611914,12.168070674139395,6.386877364872024,247.96532304094217,4.736862953800049,5.749511833283905,0.0,5.711685002770702,15.930470882759089,11.814359458703011,19.80940294932585,23.15771689669009,5.101407525739722,0.0,36.39820241076966,86.64387922092058,5.563451491696996,28.061608687316763,27.53827149034445,50.51867416828348,0.0,4.722094864452088,5.101407525739722,24.846924262647324,15.443616445019448,114.75805872400603,0.0,5.749511833283905,24.902574263271585,17.062158824050687,5.749511833283905,0.0,37.95498756290246,19.612365521551222,0.0,24.205463075150064,119.19149823356652,0.0,0.0,0.0,137.48,27.744830341462094,22.8014085365444,0.0,22.274586357733774,22.81167065733459,0.0,46.41602745867873,72.79640482153933,18.569569263833337,10.527198922850108,4.736862953800049,33.23894342328359,0.0,39.11767299175224,6.541623177633761,3.706645796103383,-1.5203229213372154,28.83368235792762,-0.0453551472250499,3.737271477511664,-4.193494488983303,0.0967741935483871,43,2,11,0,1,1,3,4,0,4,0,0,8,2,12,1,9,0,1,1,0,0,8.211425012488656,5,4.355400000000003,162.21369999999965,0,0,0,0,0,0,0,0,0,0,3,3,0,0,0,3,2,0,0,0,0,0,0,0,0,0,0,3,0,3,0,0,0,0,4,0,0,0,0,0,0,1,0,0,0,1,1,0,0,0,0,0,0,0,0,0,0,0,0,0,0,0,0,0,2,0,0,0,0,0,0,0,0,0,0,0,1,0,0,0,0,0,0,0,0,CHEMBL361676,CC(C)Oc1ccc(C(=O)NS(=O)(=O)c2ccc(NN=C3C(=O)N(c4ccccc4)N(c4ccccc4)C3=O)cc2)cc1,30000.0,4.477121254719663,CHEMBL1907611,Tumour suppressor p53/oncoprotein Mdm2,2,Large-Polar-Aromatic-Flexible-Hydrophobic,Large-Polar-Aromatic-Flexible-Hydrophobic
12.83803764803973,12.83803764803973,0.0189304597839172,-0.3175668632655049,0.1434203699526984,10.714285714285714,554.6940000000003,520.4220000000004,554.268176328,210,0,0.3187671463613928,-0.3369141852989917,0.3369141852989917,0.3187671463613928,0.4285714285714285,0.7380952380952381,1.0476190476190477,16.163861720142993,9.911680679281387,2.1656581653422227,-2.194330767438057,2.2491685730252424,-2.330951064109661,5.924402886766377,0.2507986476973514,3.0341395865595087,1.1699998225014077,1366.714810950174,28.98670612749267,23.241817142231103,23.241817142231103,20.652999680989847,14.050653806095148,14.050653806095148,9.998760690018951,9.998760690018951,7.1195606594872345,7.1195606594872345,5.0124942930281,5.0124942930281,-5.3599999999999985,4432465292.979671,28.178862452724907,14.324256220403914,7.855764875482404,246.37192556465237,21.267154416025324,0.0,0.0,0.0,0.0,12.062229024676144,0.0,9.589074368143644,0.0,0.0,127.39370843769387,40.452907172172814,36.30009745351506,0.0,9.589074368143644,23.43700157404327,0.0,10.633577208012662,0.0,11.835812092322788,23.723090019837812,167.84661560986663,0.0,0.0,21.267154416025324,20.963846917510768,0.0,0.0,25.151741836501294,0.0,0.0,34.08961805911077,145.59280964307868,0.0,0.0,0.0,82.26,0.0,9.589074368143644,0.0,23.898041116998932,24.464285361192275,22.253805966787983,0.0,24.26546827384644,72.79640482153933,69.79809096371821,0.0,0.0,0.0,25.67607529607946,11.77581859475681,5.66421255705377,0.0378609195678352,46.97658436485935,0.0,0.8694482676827768,0.0,0.1111111111111111,42,4,6,0,0,0,4,5,0,5,0,0,2,4,6,0,10,0,0,0,0,0,9.610505851722644,5,7.593800000000006,169.93879999999962,0,0,0,0,0,0,0,0,0,0,2,2,0,0,0,0,4,0,0,0,0,0,0,0,0,0,0,4,0,2,0,0,0,0,5,0,0,0,0,0,0,0,0,0,0,0,0,0,0,0,0,0,0,0,0,0,0,0,0,0,0,0,0,0,0,0,0,0,0,0,0,0,0,0,0,0,0,0,0,0,0,0,0,0,2,CHEMBL13347,O=C(NCC(c1ccccc1)c1ccccc1)Nc1cccc(NC(=O)NCC(c2ccccc2)c2ccccc2)c1,4850.0,3.685741738602263,CHEMBL2780,Cyclophilin A,2,Large-Polar-Aromatic-Flexible-Hydrophobic,Large-Polar-Aromatic-Flexible-Hydrophobic
13.557359119083213,13.557359119083213,0.0360576239538255,-4.164591386114584,0.045397690178872,13.564516129032258,895.5079999999999,848.1319999999997,894.274850904,322,0,0.3565798016138319,-0.4764433194222483,0.4764433194222483,0.3565798016138319,0.8870967741935484,1.564516129032258,2.2096774193548385,35.49569429032733,9.976030172232596,2.265847893208466,-2.3724220871167256,2.374915856831122,-2.460998072685809,7.989638118398728,-0.3836933768413477,3.622423424362184,1.0015111862097197,2638.1460204901396,43.96731560057546,34.440300796043935,36.82922290391784,29.75006101641818,19.92504686501036,22.771773145267453,15.177997507912378,18.390248518513072,10.58674964371897,13.392227746315674,7.4177293368487955,9.615146768717636,-6.0699999999999985,50934576128704.71,44.000930157703195,19.322177057607327,10.504576324084764,369.87269092323567,25.123045191398468,5.687386274683562,5.693927994848461,0.0,15.710677428091143,5.969305287951848,19.518216068362843,13.212334168400758,5.098681808301038,11.761884949391115,54.06550936946379,105.42077830742932,89.19493770738764,15.512722519183908,23.242172612059132,67.79235265440087,0.0,14.6803944742967,7.04767198267719,22.25362940310952,72.41068253182341,142.15822094658762,0.0,22.384282469939446,19.838702930159375,28.43693137341781,0.0,23.36282483962363,97.71115562104788,17.070963136084774,10.114318268765572,16.909286801846292,131.1183083202678,5.022633313741326,22.384282469939446,0.0,166.18000000000004,20.9159074901771,28.433179832007035,0.0,28.00602484888132,53.899278305367424,46.429104105579086,12.13273413692322,47.756828141059934,92.95811585535532,29.83729446931089,11.600939890232516,31.283985005456415,7.795849605156345,31.41663709736083,30.59589861335124,4.817373206677827,-0.4570700937689217,35.83925219270364,0.7242279369253164,3.5062765187830567,1.5053476951320324,0.2444444444444444,62,3,14,0,1,1,0,5,1,6,1,0,12,3,17,2,17,0,1,1,0,0,13.71280263236379,7,8.665800000000006,248.56989999999945,0,0,0,0,1,2,0,0,1,1,1,0,0,0,0,6,2,0,0,0,0,0,0,0,0,0,0,0,0,4,1,0,0,0,5,0,0,0,0,0,0,0,0,0,1,0,0,0,0,0,0,0,0,0,0,0,0,0,1,1,0,0,0,0,0,0,0,0,0,0,1,0,0,0,0,1,1,0,0,0,0,0,0,0,0,CHEMBL2325758,CN(C)CC[C@H](CSc1ccccc1)Nc1ccc(S(=O)(=O)Nc2ccc(N3CCN(c4cccc(-c5c(C(=O)O)nn(C)c5-c5ccc(Cl)cc5)c4)CC3)cc2)cc1[N+](=O)[O-],6.1,0.785329835010767,CHEMBL4625,Apoptosis regulator Bcl-X,2,Large-Polar-Aromatic-Flexible-Hydrophobic,Large-Polar-Aromatic-Flexible-Hydrophobic
14.81337074344853,14.81337074344853,0.0713672290645355,-1.185462851993771,0.020424639952388,12.095890410958903,1147.9649999999997,1078.412999999999,1145.3544762279998,400,0,0.3172929678996095,-0.4812294212221436,0.4812294212221436,0.3172929678996095,0.589041095890411,1.0684931506849316,1.5753424657534247,79.91976322365389,10.021016602992528,2.346115318673817,-2.411169770578758,2.2053388286388937,-2.5982828536645166,9.104516922682064,-0.3844504786053065,3.3412555753412927,2.0914527441533184,2243.929248984516,53.70995628769472,40.854992383523694,44.0269854617531,34.8395544043384,24.16477705887308,25.750773597987777,17.458878857190424,19.290229914773803,11.810694814798564,12.868025840875031,7.939939494597766,8.468605007636006,-6.530000000000001,1884063619049071.2,60.77286419079257,33.24669664097353,24.63487933461939,441.4646120524809,63.38094082974472,0.0,0.0,5.907179729351506,5.687386274683562,36.06306862525599,24.49792982098104,19.178148736287287,0.0,0.0,74.67891182959437,105.28797376118412,92.19577370790208,17.006992707113593,48.698126127001835,79.51752242518975,0.0,35.96688360857676,17.201002431486554,101.59620358548204,52.358051247300594,108.54651659706072,0.0,0.0,38.46815684751188,24.86553501097085,0.0,31.859887795898697,142.28991712040255,33.646076420993495,10.114318268765572,80.8985707043511,81.74184385320416,0.0,0.0,0.0,338.98999999999995,77.86072513672106,53.889133346949734,0.0,83.72872401368821,44.94575136048208,25.635793506755817,26.83246332947465,12.13273413692322,48.53093654769288,53.12704221192403,17.201002431486554,1.7808408665342568,6.853249706588522,106.79215768792577,42.13036572719446,19.72220332535478,-3.0522770512563806,15.448018573810598,2.1887746178632232,-0.1966667873485605,0.0,0.4897959183673469,73,12,22,0,0,0,9,3,0,3,3,0,10,9,24,0,34,0,0,0,0,3,27.678040818552933,3,5.470800000000007,281.4469999999998,2,0,0,0,0,0,0,0,2,2,7,5,0,0,0,4,4,3,0,0,0,0,0,0,0,0,0,9,0,0,2,0,0,0,3,0,0,0,0,0,0,0,0,0,2,0,0,0,0,0,0,0,0,0,0,0,0,0,1,1,1,0,0,0,0,0,0,0,0,0,0,2,0,0,0,0,0,0,0,0,0,0,0,1,4,CHEMBL611624,NCCCCC(CN(C(=O)NCCc1ccc(Br)cc1)C(CCC(=O)O)CN(CCC(N)=O)C(=O)NCCCc1ccc(Br)cc1)N(CC(CCC(=O)O)NC(N)=O)C(=O)NCCCc1ccc([N+](=O)[O-])cc1,8100.0,3.90848501887865,CHEMBL1255126,Protein Mdm4,2,Large-Polar-Aromatic-Flexible-Hydrophobic,Large-Polar-Aromatic-Flexible-Hydrophobic
13.53612113636629,13.53612113636629,0.0763387345679007,-4.987475429660329,0.263221510679312,12.475,575.5170000000003,555.3570000000003,575.0861722599999,208,0,0.5725963082243993,-0.4798953607204567,0.5725963082243993,0.4798953607204567,0.825,1.425,2.0,32.23342863893992,10.065245145236393,2.325192513087309,-2.2531350406524964,2.379014866949381,-2.3553361338099665,7.924887584778835,-0.2742179621556808,2.8976616887448423,1.784055261379504,1642.4602366105962,29.078775022443736,20.27798332699517,21.094479907922892,18.864029093499344,11.431337858800475,12.871401187601116,8.299847044370964,10.162157320400524,5.62535486666033,7.399311123872928,3.954593595539809,5.387650097376999,-4.779999999999999,469915882.38016695,28.23371305677204,11.141274106756482,6.260496834009836,225.20778457023377,19.68678069728151,18.043780072480384,0.0,6.103966387748303,10.023291153407584,18.30096943493408,9.099753175368054,13.212334168400758,0.0,13.17124514302446,54.59730361615449,36.39820241076966,16.335899920626588,10.582869750201336,50.86489719277856,38.42173643292443,0.0,0.0,0.0,17.36180872229646,10.84997239720881,96.55895751862118,0.0,11.49902366656781,13.778941898896331,18.858631417708025,11.49902366656781,0.0,43.47657761485699,19.612365521551222,0.0,11.6674178794453,95.89098950244195,0.0,10.772448428929591,0.0,130.44,51.61797869080422,41.39117128517846,0.0,16.823122322432262,15.254891697458024,24.26546827384644,18.19910120538483,48.53093654769288,0.0,4.736862953800049,4.736862953800049,74.79766079349245,0.0,23.20420469227967,19.800981262337977,0.281243347743394,-3.3343238570387097,20.2656570159865,-6.384009505327929,-1.0187497603239843,-4.612663989149377,0.1111111111111111,40,2,9,0,0,0,0,4,0,4,1,0,6,2,13,0,10,0,0,0,0,1,7.863988405425168,4,5.223000000000004,136.6873999999999,2,0,0,0,0,0,0,0,2,2,2,0,0,0,0,1,0,0,0,0,0,0,0,0,0,3,0,0,0,1,0,0,0,0,4,0,1,0,0,0,0,2,0,0,3,0,0,0,0,0,0,0,0,0,0,0,0,0,0,0,0,0,0,0,0,0,0,0,0,0,0,0,0,0,0,0,1,0,0,0,0,0,0,0,0,CHEMBL4757023,O=C(O)CN(c1ccc(OC(C(=O)O)c2ccccc2)c2ccccc12)S(=O)(=O)c1ccc(OC(F)(F)F)cc1,5840.0,3.7664128471124,CHEMBL3038498,Keap1/Nrf2,2,Large-Polar-Aromatic-Flexible-Hydrophobic,Large-Polar-Aromatic-Flexible-Hydrophobic
13.61205557885718,13.61205557885718,0.1820999145755641,-4.654611703278675,0.2181291328487438,11.5,646.6460000000002,622.4540000000002,646.089128788,230,0,0.3238809352811612,-0.486617058204497,0.486617058204497,0.3238809352811612,0.6590909090909091,1.1363636363636365,1.6363636363636365,32.23486297330589,10.197649441997097,2.322189936963313,-2.2751113072881965,2.3767339560169747,-2.3687022503079844,7.928051995050923,-0.1357549616604061,2.98094095758972,1.8905640064275,1870.6401229638132,32.070338854006444,22.577942592786716,24.21093575464217,20.783767962794272,12.598070151241272,15.478196808842554,9.144980007431906,12.869600559491024,6.098234961643682,9.660269638490275,4.0428888109525145,6.873574299877455,-5.019999999999998,3168648854.1918764,31.90559786517821,13.094335419380874,7.300181871847592,250.82474317474788,14.94991774348146,37.08034829171376,0.0,0.0,20.046582306815168,11.938610575903695,18.199506350736108,25.61642406400751,0.0,0.0,30.33183534230805,66.2271221763131,6.06636706846161,21.165739500402676,50.155416175632624,43.359965432085986,0.0,0.0,0.0,16.39784891554847,21.69994479441762,114.2597662691746,0.0,5.749511833283905,13.347294936392515,20.155602644716765,5.749511833283905,0.0,52.07677214606812,36.24253863947173,11.634441682091788,5.563451491696996,106.85284004642136,0.0,0.0,0.0,158.59,66.50011432767135,45.41855322183257,0.0,23.73116634716395,14.17388347428946,66.73003775307771,0.0,30.33183534230805,0.0,0.0,4.736862953800049,88.13082441487786,0.0,22.7022786168393,19.14436484887721,0.0001928313711503,-4.872698968692494,19.02349656688048,0.0,-2.365262957207401,-9.2631953529461,0.1034482758620689,44,2,11,0,0,0,0,4,0,4,0,0,7,2,15,0,13,0,0,0,0,0,9.49505909551195,4,4.103600000000003,154.3511999999997,2,0,0,0,0,0,0,0,2,2,2,0,0,0,0,2,0,0,0,0,0,0,0,0,0,0,0,0,0,2,0,0,0,0,4,0,0,0,0,0,0,1,0,0,2,0,0,0,0,0,0,0,0,0,0,0,0,0,0,0,0,0,0,0,0,0,0,0,0,0,0,0,0,0,0,0,2,0,0,0,0,0,0,0,0,CHEMBL5185432,O=C(O)CN(c1ccc(N(CC(=O)O)S(=O)(=O)c2ccc(F)cc2)c(OCc2ccccc2)c1)S(=O)(=O)c1ccc(F)cc1,2410.0,3.3820170425748683,CHEMBL3038498,Keap1/Nrf2,2,Large-Polar-Aromatic-Flexible-Hydrophobic,Large-Polar-Aromatic-Flexible-Hydrophobic
13.724041123074867,13.724041123074867,0.285647400223449,-4.969262711611002,0.1599087473999229,12.28,746.6600000000003,722.4680000000003,746.082741668,266,0,0.4159108954877192,-0.4866170582044972,0.4866170582044972,0.4159108954877192,0.62,1.06,1.5,32.23486426480722,10.196850962598496,2.3531757256719033,-2.2763924340884567,2.388334030325254,-2.3690704027064964,7.928070174236573,-0.1379964466576102,3.0443553176773888,1.8815993289698156,2074.322592515273,37.07033885400645,25.089800484823627,26.722793646679083,23.20641769360464,13.85399909725973,16.734125754861008,10.28141263423482,14.006033186293934,6.834245650345503,10.3962803271921,4.461531792958663,7.292217281883606,-5.299999999999998,31644699719.298374,37.51747821156864,14.278940483038806,8.640532671421541,280.216769015246,14.94991774348146,25.445906609621975,0.0,0.0,20.046582306815168,24.291207610790646,18.199506350736108,16.835593968657875,26.34249028604892,0.0,30.33183534230805,66.2271221763131,6.06636706846161,32.29264248379667,67.71707636633191,43.359965432085986,0.0,0.0,0.0,28.750445950435417,21.69994479441762,113.7522275704768,0.0,5.749511833283905,13.347294936392515,37.71726283541605,5.749511833283905,0.0,52.07677214606812,48.59513567435868,0.0,16.690354475090988,106.85284004642136,0.0,0.0,0.0,158.59,95.46945704651154,62.98021341253185,0.0,10.912097955809152,58.399604030686106,18.19910120538483,0.0,30.33183534230805,0.0,0.0,4.736862953800049,139.8097169394245,0.0,22.208687446555757,19.1933162951582,-2.907677476720096,-3.9252240879644367,15.049408616981625,-9.63268433201956,-2.903046031805223,-9.892497369610757,0.1612903225806451,50,2,11,0,0,0,0,4,0,4,0,0,7,2,19,0,13,0,0,0,0,0,10.714196769133876,4,5.863000000000005,164.4391999999997,2,0,0,0,0,0,0,0,2,2,2,0,0,0,0,2,0,0,0,0,0,0,0,0,0,6,0,0,0,2,0,0,0,0,4,0,0,0,0,0,0,1,0,0,6,0,0,0,0,0,0,0,0,0,0,0,0,0,0,0,0,0,0,0,0,0,0,0,0,0,0,0,0,0,0,0,2,0,0,0,0,0,0,0,0,CHEMBL5170311,O=C(O)CN(c1ccc(N(CC(=O)O)S(=O)(=O)c2ccc(C(F)(F)F)cc2)c(OCc2ccccc2)c1)S(=O)(=O)c1ccc(C(F)(F)F)cc1,1760.0,3.24551266781415,CHEMBL3038498,Keap1/Nrf2,2,Large-Polar-Aromatic-Flexible-Hydrophobic,Large-Polar-Aromatic-Flexible-Hydrophobic
12.976029286376612,12.976029286376612,0.0418668226014009,-3.915499850829868,0.3711501585232111,11.705882352941176,498.5820000000003,476.4060000000004,498.09192842399995,176,0,0.2615478057204489,-0.496767112021412,0.496767112021412,0.2615478057204489,0.5588235294117647,1.088235294117647,1.6176470588235294,32.23469827655686,10.07904244242124,2.1938004242208846,-2.152182699780796,2.328394446477519,-2.147592081162057,7.926779508974887,0.4131758874305353,2.8515187111953337,1.69743077194477,1550.4608176463444,24.346724214874857,18.348890092365668,19.981883254221124,16.230643260171078,10.088676400790408,13.055002895979197,7.2717767608640305,10.636581243683056,5.13395591839032,7.878544102955182,3.4076619785442666,5.601802340777037,-3.7599999999999985,39721313.46470565,23.399926494545745,9.238628240496574,4.7757133480361285,197.80550690321343,9.473725907600098,11.49902366656781,0.0,0.0,20.046582306815168,0.0,9.444189728904176,16.835593968657875,0.0,0.0,30.33183534230805,48.53093654769288,16.838815497391202,35.38533458295774,26.309319876257973,42.19380328511188,0.0,0.0,0.0,9.79096695103555,23.663784811459244,84.92913895846256,0.0,11.49902366656781,18.917915636504276,11.374772549367124,11.49902366656781,0.0,31.055189051212945,20.046582306815168,0.0,0.0,94.72010590949812,0.0,10.772448428929591,0.0,110.8,20.046582306815168,16.835593968657875,0.0,9.79096695103555,33.646244644864524,0.0,50.61779749332472,48.53093654769288,0.0,9.444189728904176,9.473725907600098,67.18280292840717,0.0,0.1114828602734456,1.064195318687112,0.6264460144199508,0.9519369920581592,22.07711997148872,0.0,0.0,-4.847317418667876,0.0833333333333333,34,2,8,0,0,0,0,4,0,4,0,0,6,2,10,0,8,0,0,0,0,0,6.358330051119244,4,4.458600000000003,131.55299999999997,0,0,0,0,0,0,0,0,0,0,0,0,0,0,0,0,2,0,0,0,0,0,0,0,0,0,0,0,0,2,0,0,0,0,4,0,1,0,0,0,0,2,0,0,0,0,0,0,0,0,0,0,0,0,0,2,0,0,0,0,0,0,0,0,0,0,0,0,0,0,0,0,0,0,0,0,2,0,0,0,0,0,0,0,0,CHEMBL3632881,COc1ccc(S(=O)(=O)Nc2ccc(NS(=O)(=O)c3cccc(OC)c3)c3ccccc23)cc1,410.0,2.6127838567197355,CHEMBL3038498,Keap1/Nrf2,2,Large-Polar-Aromatic-Flexible-Hydrophobic,Large-Polar-Aromatic-Flexible-Hydrophobic
13.567604389389722,13.567604389389722,0.042512860082305,-4.40997892206699,0.2784570419424912,12.0,534.5460000000002,512.3700000000005,534.1096866639999,194,0,0.349182095508851,-0.4798953607204568,0.4798953607204568,0.349182095508851,0.8157894736842105,1.4210526315789471,2.0,32.23342835654241,10.06524233728294,2.2971107607602894,-2.252645565211863,2.3756018609253764,-2.3557468352235413,7.924888788533899,-0.1450050648253115,2.903098015919065,1.8258510426977868,1620.483985195676,27.44901851044681,19.721440177157103,20.537936758084832,18.090261284154796,11.198942138649516,12.639005467450158,8.169267876836576,10.031578152866135,5.706877924034146,7.480834181246729,3.9324799710378895,5.365536472875069,-4.899999999999999,241751237.14016485,26.171201111102587,10.60794551064128,5.273010380622839,217.09904592900455,20.683585220643643,12.29426823919648,0.0,12.011146117099807,10.023291153407584,11.938610575903695,13.894290359439877,13.212334168400758,0.0,0.0,54.59730361615449,36.39820241076966,21.899351412323583,10.582869750201336,37.75132628002586,44.32891616227594,0.0,0.0,5.733667477162185,10.999449863266078,10.84997239720881,102.12240901031818,0.0,5.749511833283905,14.775746422258468,5.687386274683562,5.749511833283905,0.0,43.021398485178125,19.612365521551222,0.0,22.025406555214115,95.89098950244195,0.0,10.772448428929591,0.0,164.29999999999998,40.517804252323664,33.01446332622581,0.0,21.895833075182235,16.335899920626588,4.305215991296233,36.39820241076966,54.59730361615449,0.0,0.0,10.470530430962237,33.733299270146034,0.0,34.85116112023502,20.02654905809902,5.7687206747727995,-3.201127459615165,22.384737941355173,-1.339739237416717,-0.8969557788425035,-4.40997892206699,0.074074074074074,38,4,10,0,0,0,1,4,0,4,1,0,6,3,11,0,10,0,0,0,0,1,7.305859877226598,4,3.423300000000002,138.5222999999999,2,0,0,0,0,0,0,0,2,2,3,1,0,0,0,1,0,1,0,0,0,0,0,0,0,0,0,1,0,1,0,0,0,0,4,0,1,0,0,0,0,1,0,0,0,0,0,0,0,0,0,0,0,0,0,0,0,0,0,0,0,0,0,0,0,0,0,0,0,0,0,1,0,0,0,0,1,0,0,0,0,0,0,0,0,CHEMBL4763899,NC(=O)c1ccc(S(=O)(=O)N(CC(=O)O)c2ccc(OC(C(=O)O)c3ccccc3)c3ccccc23)cc1,2690.0,3.429752280002408,CHEMBL3038498,Keap1/Nrf2,2,Large-Polar-Aromatic-Flexible-Hydrophobic,Large-Polar-Aromatic-Flexible-Hydrophobic
14.61005102793682,14.61005102793682,0.0358634440155003,-4.731112178851107,0.1234529850684569,12.610169491525424,835.8690000000003,802.605,835.1505654960002,300,0,0.3238788823485206,-0.4967671120136989,0.4967671120136989,0.3238788823485206,0.576271186440678,1.0169491525423728,1.4915254237288136,32.23486534448007,9.95814098500995,2.3744628915671075,-2.303266547893576,2.459038474835479,-2.3728937054147705,7.928514410981726,-0.13574851940361,3.4940630779454516,1.504031855538986,2847.882317039442,42.22467491345618,31.17361667842139,32.806609840276835,28.164308020356145,17.58226710129666,20.462393758897935,13.037512530202337,16.762133082261457,9.595577275618068,13.129367627621829,6.829190081346742,9.706047984385693,-7.239999999999998,10242090194672.59,39.97450783066429,15.599715176299007,7.2792573104646925,337.51784939615294,19.68678069728151,24.58853647839296,0.0,0.0,31.860941765518177,11.938610575903695,27.78858071887975,21.735503699508353,0.0,0.0,48.53093654769288,84.42622338169795,16.335899920626588,52.19962384103529,55.70052340222666,71.63415959440213,0.0,0.0,0.0,9.79096695103555,40.81944960782316,138.52061142108786,0.0,22.6259266499618,22.98406762104304,17.062158824050687,11.49902366656781,0.0,78.11072668732619,29.63565667495881,0.0,20.715977351537635,137.1846753887294,0.0,21.899351412323583,0.0,205.19999999999996,56.889065153247024,46.22679749462657,0.0,59.87938017080381,20.109455649160275,4.899909730850477,129.4805693833257,12.13273413692322,0.0,0.0,9.473725907600098,69.77369322653664,0.0,52.08485197074,20.41769855182331,0.3417130061050428,-3.517525060026867,29.85348808492851,0.0,-2.1670386324351796,-6.620214481004772,0.0952380952380952,59,2,15,0,1,1,2,6,0,6,0,0,10,2,17,1,14,0,0,0,0,0,10.569337906289784,7,5.884400000000006,217.28919999999957,2,0,0,0,0,0,0,0,2,2,4,2,0,0,0,3,0,0,0,0,0,0,0,0,0,0,0,2,0,3,0,0,0,0,6,0,2,0,0,0,0,2,0,0,0,0,0,0,1,0,0,0,0,0,0,2,0,0,0,0,0,0,0,0,0,0,0,0,0,0,0,0,0,0,0,0,2,0,0,0,0,0,0,0,0,CHEMBL5407848,COc1ccc(S(=O)(=O)N(CC(=O)O)c2cc(-c3ccc(N4C(=O)c5ccccc5C4=O)cc3)c(N(CC(=O)O)S(=O)(=O)c3ccc(OC)cc3)c3ccccc23)cc1,7.1,0.8512583487190752,CHEMBL3038498,Keap1/Nrf2,2,Large-Polar-Aromatic-Flexible-Hydrophobic,Large-Polar-Aromatic-Flexible-Hydrophobic
13.44027418734334,13.44027418734334,0.0034919387384804,-5.916602892345936,0.2201829494117687,17.470588235294116,767.3360000000002,725.0000000000003,766.2237247840002,276,0,0.5014901630354228,-0.3818099959789194,0.5014901630354228,0.3818099959789194,0.9215686274509804,1.5490196078431373,2.1372549019607843,35.495693821211354,9.725060863346808,2.4817800391723166,-2.39385362303368,2.4276761896045502,-2.469255512780302,7.923176408621042,-0.0435462844729702,3.0439382334194973,1.241850667247204,2008.4330656869693,37.35479590438263,28.849080596051763,31.238002703925662,23.753788865063463,16.5898728744238,19.93416384262181,14.080864489592964,18.109312542374735,9.173421191094414,12.280271775380918,6.508470246253781,8.656985273346192,-3.5899999999999985,67296457930.69641,38.636509495067344,14.801115511860074,9.078606249483189,302.3802447690498,10.216698334856808,4.895483475517775,0.0,0.0,25.76772401917659,5.508330501264255,9.6944469149223,21.557688833109964,13.17124514302446,0.0,43.15425295660624,104.25878937547684,55.039093938832714,10.582869750201336,34.80137629575416,54.316540988845496,0.0,9.622004595302563,5.414990469396779,68.29855194898829,42.940480364419685,88.45267858028232,0.0,0.0,14.938793199308895,24.546017692391587,0.0,11.600939890232516,71.91663678883494,19.86054428982509,5.414990469396779,62.87885383500634,82.09410923418254,5.022633313741326,5.5731045300692665,0.0,115.89,52.796248575307914,34.80137629575416,0.0,10.978441961093775,11.089000382202936,69.80636730994769,28.84239468875875,25.980208536304467,16.854829001375307,41.09681660201176,11.600939890232516,92.87010862110772,6.148898962518843,15.531971481610128,3.3044998187330634,-0.9353595627952832,-1.0174516122106454,16.21730398225154,3.1723879576443603,11.814670148946163,-10.662585353361456,0.4166666666666667,51,2,9,1,1,2,1,3,0,3,0,0,8,2,15,1,10,0,1,1,0,0,11.21300862767785,5,7.358400000000008,194.19249999999957,0,0,0,0,0,0,0,0,0,0,1,1,0,0,0,2,2,0,0,0,0,0,0,0,0,3,1,1,0,2,0,0,0,0,3,0,0,0,0,0,0,0,0,0,4,0,0,0,0,0,0,0,0,0,0,0,0,0,0,0,0,0,0,0,0,0,0,0,0,0,1,0,0,0,0,0,1,1,0,0,0,0,0,0,0,CHEMBL3126115,CC(C)Nc1ccc(S(=O)(=O)NC(=O)c2ccc(N3CCN(CC4=C(c5ccc(Cl)cc5)CCC(C)(C)C4)CC3)cc2)cc1S(=O)(=O)C(F)(F)F,8000.0,3.903089986991944,CHEMBL4625,Apoptosis regulator Bcl-X,2,Large-Polar-Aromatic-Flexible-Hydrophobic,Large-Polar-Aromatic-Flexible-Hydrophobic
10.260321948223734,10.260321948223734,0.0,-0.0379934334845046,0.185857390634322,18.930232558139537,625.5930000000003,587.2890000000003,624.215777676,228,0,0.1652122593273758,-0.5042440066336673,0.5042440066336673,0.1652122593273758,0.5581395348837209,0.9534883720930232,1.3488372093023255,35.454003955382255,9.76734863188756,2.350874505942312,-2.3940748628801343,2.5091972906816684,-2.3502205704880983,5.855922050281579,0.2276652034713745,2.964845235304311,1.8399999577275373e-07,1554.5955380740315,27.706013344398023,24.17062207132227,25.803615233177723,19.32940759589289,14.055169182776783,14.055169182776783,11.592641221111206,11.592641221111206,9.4421603145806,9.4421603145806,7.348707146619669,7.348707146619669,-3.459999999999999,1749414879.8413846,32.45376704775659,12.266895167545112,5.090624162840731,263.7181557037715,25.902301415244185,0.0,22.99804733313562,0.0,0.0,0.0,9.799819461700954,0.0,0.0,24.814066322359952,48.53093654769288,96.4189765275576,36.300097453515065,0.0,25.902301415244185,24.814066322359952,0.0,9.799819461700954,0.0,37.76696814999996,27.18485677717953,94.04437963479808,0.0,45.2518532999236,0.0,0.0,22.99804733313562,24.814066322359952,62.88697765412466,25.68328649170404,0.0,45.46439060847789,60.6636706846161,0.0,22.253805966787983,0.0,118.9,0.0,20.426109579362823,0.0,53.28830549137694,12.08368165829592,72.15350825371117,22.253805966787983,12.13273413692322,12.13273413692322,60.293365837824986,0.0,0.0,0.0,4.775154950869236,40.11823916603679,11.415634920634922,-0.0434377362055924,20.391275037792894,3.878513794406651,2.139918745275888,4.324701121189216,0.2941176470588235,43,6,7,2,2,4,0,4,0,4,2,0,6,4,9,2,0,0,0,0,0,0,9.258301352715351,8,5.71870000000001,174.08299999999969,0,0,0,0,0,0,0,4,0,0,0,0,0,0,0,2,0,0,0,2,0,0,0,0,0,0,0,0,0,0,0,0,0,0,4,0,4,0,0,0,0,0,0,0,2,0,0,0,0,0,0,0,0,0,0,0,0,0,0,0,0,0,0,0,0,4,4,0,0,0,0,0,0,0,0,0,0,0,0,0,0,0,0,0,0,CHEMBL3187985,CN1CCc2cccc3c2[C@H]1Cc1ccc(O)c(O)c1-3.CN1CCc2cccc3c2[C@H]1Cc1ccc(O)c(O)c1-3.Cl.Cl.O,69.5,1.841984804590114,CHEMBL3138,Dopamine D3 receptor,2,Large-Polar-Aromatic-Rigid-Hydrophobic,Large-Polar-Aromatic-Rigid-Hydrophobic
14.431150343774185,14.431150343774185,0.0685894091020564,-4.197078471285345,0.0393831811119849,13.375,904.1,842.6119999999995,903.420062152,346,0,0.4076308300116676,-0.4967681832687811,0.4967681832687811,0.4076308300116676,0.765625,1.359375,1.9375,32.23332925609596,9.995446599232617,2.340974911986504,-2.272069415261635,2.3039343118184488,-2.59239716589481,7.898315862379112,-0.1342197595366982,3.6046438470582713,1.6925188604838834,2424.715018641935,47.46516188946233,37.865783541948446,38.682280122876165,30.155249647466704,21.058311041101614,22.49837436990226,16.756897792975114,18.508671459608237,10.59098795038842,12.57085176393284,7.480989825644685,9.29347162554132,-6.27,28121118154881.36,50.37563833911734,22.379475641021752,13.135933020628206,374.15121953226105,35.53541750769724,42.3070020607536,0.0,17.721539188054518,15.930470882759089,6.093240070938415,24.60394013339767,23.027410346904112,0.0,0.0,75.72296976969076,92.82531130911012,24.424711031929892,17.52198173441157,46.658745996359954,56.43142002019801,0.0,30.66535172137282,17.678482362589023,116.74291284585156,7.109797541277533,94.67777171471418,0.0,5.749511833283905,37.27247903720199,4.794537184071822,5.749511833283905,0.0,79.17256768514481,51.760543615005666,32.60702369139466,81.69840832571612,71.75599773174696,0.0,10.902924932081056,0.0,246.12,69.83051950450525,37.18502008875987,0.0,48.88680292426106,38.90624273215295,9.535857399934107,20.230378312581234,88.3586194833786,20.771211599071872,26.692945813135708,15.316396177866338,40.53205089758298,0.0,80.6596124754538,11.088689815001588,5.421659937526984,2.16552699285186,11.997597611930736,0.1295409573636274,13.591122912308874,-2.6691349333537464,0.4347826086956521,64,7,17,0,0,0,5,3,1,4,4,0,12,6,18,1,21,0,0,0,0,0,17.61531829861247,4,4.165260000000005,241.31169999999932,0,0,0,0,0,1,0,0,0,0,6,6,0,0,0,1,5,1,0,0,0,0,0,0,1,0,0,5,0,0,3,0,0,0,3,0,1,0,0,0,0,2,0,0,0,1,0,0,0,0,0,1,1,0,0,1,0,0,0,0,0,0,0,0,1,0,0,0,0,0,0,0,0,0,0,0,0,0,0,0,0,0,0,0,0,CHEMBL2397155,COc1ccc(COC(=O)N[C@H](C(=O)N[C@@H](CCC(C)=O)C(=O)N[C@@H](Cc2cn(S(=O)(=O)c3c(C)cc(C)cc3C)c3ccccc23)C(=O)N[C@@H](CC(C)C)C(=O)NN)C(C)C)cc1,8510.0,3.929929560084588,CHEMBL5023,p53-binding protein Mdm-2,2,Large-Polar-Aromatic-Flexible-Hydrophobic,Large-Polar-Aromatic-Flexible-Hydrophobic
14.290840218418875,14.290840218418875,0.1171936210451565,-6.0278722816432895,0.0568601382850896,15.602739726027398,1079.73,1021.2659999999996,1078.3169735360002,388,0,0.5014901630612615,-0.4775751078359831,0.5014901630612615,0.4775751078359831,0.7945205479452054,1.452054794520548,2.0821917808219177,35.49569531569553,9.959671981148364,2.4834940137693153,-2.3725788577184774,2.418205921530236,-2.460998874208036,7.989798456062268,-0.0435515724037707,3.666748558660195,0.966573599032512,3111.158049665827,52.08019977569781,40.35521986634441,43.560638555146035,34.82187032935556,24.083664792313375,28.413554320164863,18.258448809252258,23.380309850753207,13.328964010492426,17.660655903263233,9.474090514255536,12.700285459768336,-5.699999999999998,8552351044267902.0,53.587623018971136,22.821782511509408,12.463877507685432,433.49661564139296,34.79667223403053,4.895483475517775,0.0,0.0,19.86054428982509,11.477635789216103,4.722094864452088,21.630131152729696,13.17124514302446,11.761884949391115,60.98924656915441,122.59669856478963,102.3904007830506,27.944215624495097,45.014431085435575,71.94221951613481,0.0,9.467009378641832,0.0,78.41610544171172,71.40485137829418,137.60735416951903,0.0,22.384282469939446,19.83870293015937,35.92079024175871,0.0,23.36282483962363,111.7052495912283,26.40530069573766,6.923737199690624,48.65894036201195,136.01379179578558,5.022633313741326,22.384282469939446,0.0,164.51999999999998,47.170987859224695,45.014431085435575,0.0,23.042190428812425,99.71974959157384,51.64464276297658,23.894619086314336,24.26546827384644,73.65377495276834,36.22944950849183,11.600939890232516,101.28674581945916,7.701901182650312,18.409909236485746,24.107345963605542,-0.2529998515938307,-0.6432079455709618,33.375159619924744,2.0375608154840323,8.793942369488514,-10.6219127654888,0.3396226415094339,73,4,13,0,2,2,0,5,1,6,1,0,12,4,20,3,19,0,2,2,0,0,16.752946271886497,8,10.732619999999992,284.5351,0,1,1,0,1,1,0,0,1,1,1,0,0,0,0,4,2,0,0,0,1,0,0,0,0,3,0,0,0,4,0,0,0,0,5,0,0,0,0,0,0,0,0,0,4,0,0,0,0,0,0,0,0,0,0,0,0,0,0,0,0,0,0,0,0,0,0,0,0,1,1,0,0,0,0,1,1,1,0,0,0,0,0,0,0,CHEMBL2170839,CCCn1c(C)c(C(=O)O)c(-c2cccc(N3CCN(c4ccc(NS(=O)(=O)c5ccc(N[C@H](CCN6CCC(O)CC6)CSc6ccccc6)c(S(=O)(=O)C(F)(F)F)c5)cc4)CC3)c2)c1-c1ccc(Cl)cc1,8.2,0.9138138523837168,CHEMBL612545,Unchecked,2,Large-Polar-Aromatic-Flexible-Hydrophobic,Large-Polar-Aromatic-Flexible-Hydrophobic
14.179858340869316,14.179858340869316,0.1058721487355749,-5.999793562489619,0.0918571032967305,16.921875,956.6229999999998,903.1989999999998,955.2961785160004,342,0,0.5014901630613056,-0.3803583949981871,0.5014901630613056,0.3803583949981871,0.90625,1.625,2.3125,35.495694828131185,9.725060368770489,2.4831812737890973,-2.39393426165415,2.4310184017791574,-2.4690981032025316,7.9897893344657644,-0.0435432907470037,3.2460967005908756,1.0780847446452917,2697.1816837323104,45.86502130500351,36.19879307205939,39.40421176086101,30.275758252918074,21.041960652767735,25.371850180619234,17.386824774146536,22.5086858156475,11.702608825087433,15.991947622996229,8.18827031721139,11.38528602373502,-4.39,66819350723704.41,47.56883212568037,19.604762779336955,11.517233383893034,383.00960529306,15.116608065707286,11.222803550282316,5.817862777835028,0.0,19.86054428982509,5.508330501264255,9.622004595302563,26.80355101055229,13.17124514302446,11.761884949391115,61.35335416199108,123.53860403875018,65.51020374386508,16.0995704678176,30.00683911168234,76.89203391880119,0.0,19.76777650359537,5.414990469396779,65.76738264805083,74.05552920688551,113.48201543719632,0.0,0.0,14.938793199308895,30.36388047022661,0.0,23.36282483962363,107.27027781024208,19.86054428982509,5.414990469396779,45.09421238278229,117.58238105831134,5.022633313741326,16.476029462150326,0.0,127.84,41.201682571272855,30.00683911168234,0.0,16.92023952191537,35.68772363612804,79.72448409920679,34.79886557599119,6.06636706846161,73.59255731235935,55.78686850835825,11.600939890232516,98.7988793256784,7.667558128346989,14.277079564959926,4.074576006869626,-0.3719102350693859,0.2902774997653654,25.1705900882894,4.84912074385344,9.31219336005316,-6.9572533716358045,0.391304347826087,64,2,11,1,1,2,0,4,1,5,1,0,11,2,18,2,16,0,1,1,0,0,14.57149483615729,7,9.6879,252.43399999999937,0,0,0,0,0,2,0,0,0,0,0,0,0,0,0,5,2,0,0,0,0,0,0,0,0,3,1,0,0,3,0,0,0,0,4,0,1,0,0,0,0,0,0,0,4,0,0,0,0,0,0,0,0,0,0,0,0,0,0,0,0,0,0,0,0,0,0,0,0,0,1,0,0,0,0,1,1,1,0,0,0,0,0,0,0,CHEMBL1689145,CN(C)CC[C@H](CSc1ccccc1)Nc1ccc(S(=O)(=O)Nc2ncnc3cc(N4CCN(CC5=C(c6ccc(Cl)cc6)CCC(C)(C)C5)CC4)ccc23)cc1S(=O)(=O)C(F)(F)F,3.0,0.4771212547196624,CHEMBL4625,Apoptosis regulator Bcl-X,2,Large-Polar-Aromatic-Flexible-Hydrophobic,Large-Polar-Aromatic-Flexible-Hydrophobic
13.8735132723289,13.8735132723289,0.0831765570221554,-4.526339256497414,0.2580371549562101,13.545454545454543,642.6200000000001,620.4440000000002,642.0614161440001,228,0,0.3238784088620383,-0.4798953607204604,0.4798953607204604,0.3238784088620383,0.5909090909090909,0.9772727272727272,1.3636363636363635,32.23486300409697,10.0648934406158,2.3349295585958285,-2.2775300869832815,2.4098901419413643,-2.3685186500041424,7.928399583123341,-0.1357492414118594,3.6671340399516863,1.5010553161280176,1901.178903755933,31.2250393923857,22.444464222587893,24.077457384443345,20.962400757748348,12.767599857929376,15.64772651553066,9.490371576542415,13.21499212860153,6.837225627335037,10.348674875179825,4.8762929834057225,7.774320397611401,-5.219999999999999,8366667708.405977,28.878870113681497,10.803415027715628,5.02714210472439,249.8121581904254,29.160506604881608,13.08951281182515,22.99804733313562,13.585884612199656,20.046582306815168,11.938610575903695,18.199506350736108,16.835593968657875,0.0,0.0,24.26546827384644,36.39820241076966,22.90518256585281,21.165739500402676,55.58517494168312,54.13241386101558,0.0,0.0,0.0,9.79096695103555,35.285829406617275,72.79640482153933,0.0,22.99804733313562,27.557883797792663,11.374772549367124,22.99804733313562,0.0,65.66265675826779,29.63565667495881,0.0,0.0,82.58737177257488,0.0,10.772448428929591,0.0,186.27999999999997,45.074705694544015,36.637723126482925,0.0,57.02309620809972,20.109455649160275,0.0,60.6636706846161,12.13273413692322,0.0,0.0,18.947451815200196,77.91125479713666,0.0,23.31530802199675,19.692493457271524,-0.1663531140443108,-1.933914434296585,16.23342349088974,0.0,-2.1662003726256094,-9.052678512994827,0.1428571428571428,44,2,14,0,2,2,0,4,0,4,0,0,10,2,16,2,10,0,0,0,0,0,7.090691349308964,6,2.857000000000001,153.41319999999973,2,0,0,0,0,0,0,0,2,2,2,0,0,0,0,2,0,0,0,0,0,0,0,0,0,0,0,0,0,2,0,0,0,0,4,0,3,0,0,0,0,4,0,0,0,0,0,0,0,0,0,0,0,0,0,0,0,0,0,0,0,0,0,0,0,0,0,0,0,0,0,0,0,0,0,0,2,0,0,0,0,0,0,0,0,CHEMBL4863099,O=C(O)CN(c1ccc(N(CC(=O)O)S(=O)(=O)c2ccc3c(c2)OCO3)c2ccccc12)S(=O)(=O)c1ccc2c(c1)OCO2,149.0,2.173186268412274,CHEMBL3038498,Keap1/Nrf2,2,Large-Polar-Aromatic-Flexible-Hydrophilic,Other
14.612536964737265,14.612536964737265,0.0434416335978828,-3.8844830535120582,0.1026008570182735,12.703703703703704,769.3639999999996,724.0039999999998,768.27483384,282,0,0.2642458319150495,-0.4573261373574262,0.4573261373574262,0.2642458319150495,0.8888888888888888,1.648148148148148,2.3703703703703702,35.49569353041584,9.919402380215873,2.2918403082238727,-2.294995114309717,2.3598157742385713,-2.364201466386674,7.895699784917917,0.0735136408318643,3.5427799390174095,1.4212490133468223,2235.9456852934172,38.243700961443864,30.554737228688644,32.12716275563482,26.10001852724497,18.411267595383077,20.441497294712452,13.458142452751382,15.736446421126288,9.547702527013888,11.105331882875085,6.748881192595809,8.01570434805822,-4.969999999999998,1086675381753.9784,38.74513080677926,17.44774600143686,9.032962297946202,321.33987511803224,14.743300079491233,11.49902366656781,0.0,10.023291153407584,11.814359458703011,0.0,9.589074368143644,17.821694783926212,5.098681808301038,0.0,81.10908156916146,96.97094458294951,34.80250060065746,29.43497783564019,27.850261701113332,33.43859050234311,0.0,19.402489338748783,0.0,71.94486413028882,12.297610012659364,129.6598012971504,0.0,28.313312924645363,9.458957818252138,0.0,11.49902366656781,11.600939890232516,52.31668832482871,36.0165727696851,0.0,89.18231883863984,90.99550602692418,5.022633313741326,16.814289258077554,0.0,130.83,22.537352847272007,23.113398747313283,0.0,22.786936319492284,65.69446563915476,42.62805225293306,17.696185628620217,27.78081387138049,61.52104081584511,17.712199132604322,21.436484652333604,35.57249733956827,6.142582017231305,29.80741904568277,16.161043075287157,5.481152158626418,-0.0791253749751583,27.19898252947458,4.953002305535539,4.508041068192292,-3.8844830535120582,0.3095238095238095,54,2,10,0,1,1,2,4,1,5,0,0,8,2,12,2,15,0,0,0,0,0,12.518800020539462,6,8.268200000000009,210.72529999999935,0,1,1,0,0,2,0,0,0,0,2,2,0,0,0,3,1,0,0,0,0,0,0,0,0,0,0,2,0,0,0,0,0,0,4,0,1,0,0,0,0,1,0,0,1,0,0,0,0,0,0,0,0,0,0,0,0,0,0,0,0,0,0,0,0,0,0,0,0,0,0,0,0,0,0,0,1,0,0,0,0,0,0,3,0,CHEMBL2030863,CCCCCS(=O)(=O)NC(=O)c1ccc(-c2c(CO)nn(-c3ccc(Oc4cccc(Cl)c4)cc3)c2CCCC)c(C(=O)N2CCc3ccccc3C2)c1,65.0,1.8129133566428557,CHEMBL4860,Apoptosis regulator Bcl-2,2,Large-Polar-Aromatic-Flexible-Hydrophobic,Large-Polar-Aromatic-Flexible-Hydrophobic
13.137972552084346,13.137972552084346,0.072351194271965,-4.386231482395803,0.1119294819661927,11.078947368421051,551.6210000000002,529.4450000000004,551.098491024,194,0,0.2931900974294739,-0.3786507545624054,0.3786507545624054,0.2931900974294739,0.8947368421052632,1.5263157894736843,2.1578947368421053,32.23329883718421,10.038297384552866,2.2349045760791046,-2.105377915747209,2.281033595614842,-2.3019000939121956,7.989302919863435,-0.3836774404546267,2.9164268285089414,1.4260939641570671,1546.4116700414502,27.122745096813752,19.83473397116334,21.46772713301879,18.2251838731656,11.361247729701232,13.830009536949111,8.043222395391485,10.893952582650693,5.457347288866899,7.7997549184129165,3.5467304110852975,5.329891102485001,-4.219999999999999,286405433.5465017,26.832064788030237,11.884419224788749,6.751469256980116,222.66115559134508,5.316788604006331,11.504607115729456,0.0,0.0,21.61785715744265,0.0,14.908855452837392,17.530306896455848,0.0,11.761884949391115,42.46456947923127,59.65783953108687,28.822912048335745,9.818794524335445,22.52606026489325,39.06712838151733,0.0,4.722094864452088,0.0,9.79096695103555,17.614398616665696,118.55686369689428,0.0,11.126902983393991,10.03888346845842,15.765187597041944,0.0,11.761884949391115,31.54589777515748,10.023291153407584,15.931539109811467,10.357988675768818,106.85284004642136,0.0,11.126902983393991,0.0,118.41,31.436651681778095,27.717067484841152,0.0,17.06805860742645,17.86106150435636,16.52530203567638,36.39820241076966,36.027353223237554,35.053930206760135,5.316788604006331,0.0,40.73858144646191,1.5753286659841894,24.20846346076857,14.590172202775465,1.262113344791687,-0.6282030845835425,24.975935462405214,0.0,0.4138399837923152,-4.386231482395803,0.074074074074074,38,2,8,0,0,0,1,4,0,4,0,0,7,2,11,0,10,0,0,0,0,0,8.391671226516943,4,5.723800000000004,145.2400999999998,0,0,0,0,0,0,0,0,0,0,1,1,0,0,0,1,2,0,0,0,0,0,0,0,0,0,0,1,0,1,0,0,0,0,4,0,0,0,0,0,0,0,0,0,1,0,0,0,0,0,0,0,0,0,0,0,0,0,1,1,0,0,0,0,0,0,0,0,0,0,0,0,0,0,0,1,1,0,0,0,0,0,0,0,0,CHEMBL371861,O=C(NS(=O)(=O)c1ccc(NCCSc2ccccc2)c([N+](=O)[O-])c1)c1ccc(-c2ccc(F)cc2)cc1,93.0,1.968482948553935,CHEMBL4860,Apoptosis regulator Bcl-2,2,Large-Polar-Aromatic-Flexible-Hydrophobic,Large-Polar-Aromatic-Flexible-Hydrophobic
14.136468976123217,14.136468976123217,0.0258753167502188,-4.010059477938317,0.1186998869657319,15.616666666666667,872.5579999999995,818.1259999999995,871.3316375080002,318,0,0.2614328996256907,-0.3679830724373574,0.3679830724373574,0.2614328996256907,0.7166666666666667,1.35,2.0166666666666666,35.49569422877763,9.954755797917144,2.2727585258045213,-2.37261682284691,2.4024029375887457,-2.461021010829959,7.927262670301796,0.0948989822931077,3.523967325301632,1.049761475319304,2529.516377608966,42.60550828100966,34.694656165028626,37.083578272902514,28.73435235336849,20.441853886808666,23.955246833732435,15.55937736289006,19.956465926959364,11.683699458956834,15.046890169380085,8.008322782067752,10.238744717158909,-4.8599999999999985,19157500162338.7,43.23668570628776,18.40531705364797,9.683843727421005,359.2612871382031,29.4835271751996,0.0,9.837253136417502,0.0,15.930470882759089,0.0,9.51663204852391,16.835593968657875,0.0,0.0,48.856512432231185,104.79392794767814,99.29265126022784,26.801200044327796,21.630131152729696,54.43082273345979,0.0,19.68370771349864,7.04767198267719,30.059262973342808,92.77000397470276,113.3418858956726,0.0,22.384282469939446,19.83870293015937,17.062158824050687,0.0,11.600939890232516,115.35778245605144,26.908216272502276,6.923737199690624,29.39647549323391,106.85284004642136,5.022633313741326,22.384282469939446,0.0,127.29999999999998,19.86054428982509,21.630131152729696,0.0,21.451000287133844,22.81822748603446,104.77661229029422,31.18920547353706,12.13273413692322,50.36961159313747,65.51876229617531,11.600939890232516,55.74899169660995,6.317810741249103,23.428886178178203,3.897802378295177,7.760114377608333,-0.1982377920764266,28.838604651820944,0.8840507641969816,12.332855282824143,-3.3997671675952903,0.3555555555555555,60,2,12,0,2,2,1,4,1,5,0,0,10,2,15,3,14,0,2,2,0,0,13.263081812885924,7,6.609220000000008,242.76449999999937,0,0,0,0,0,1,0,0,0,0,1,1,0,0,0,5,2,0,0,1,0,0,0,0,0,0,0,1,0,3,0,0,0,0,4,0,0,0,0,0,0,0,0,0,1,0,0,0,0,0,0,0,0,0,0,0,0,0,0,0,0,0,0,0,0,0,0,0,0,0,2,0,0,0,0,0,1,1,0,0,0,0,0,0,0,CHEMBL2170844,CCS(=O)(=O)c1cccc(S(=O)(=O)Nc2ccc(N3CCN(c4cccc(-c5c(C(=O)NCCCN6CCN(C)CC6)c(C)n(C)c5-c5ccc(Cl)cc5)c4)CC3)cc2)c1,828.0,2.9180303367848803,CHEMBL4860,Apoptosis regulator Bcl-2,2,Large-Polar-Aromatic-Flexible-Hydrophobic,Large-Polar-Aromatic-Flexible-Hydrophobic
12.986216224730551,12.986216224730551,0.1025455836617095,-4.513975081932696,0.1206647596325539,11.146341463414634,567.5790000000002,546.4110000000003,567.110021012,204,0,0.2947136172990525,-0.3219979678516368,0.3219979678516368,0.2947136172990525,0.6829268292682927,1.195121951219512,1.7560975609756098,32.23978531893196,10.02783435732811,2.178888686981351,-2.118261609087317,2.3050660916329133,-2.125837809768312,7.856791966029013,-0.3844411714549826,2.9677288738033134,1.2870908217043302,1898.5416052411088,29.14768912319608,21.144470069660223,21.960966650587952,19.59637535396391,12.169170611134614,13.609233939935256,9.001833530192132,10.39179261547589,6.35607994450857,7.252099957881472,4.318019418538857,5.0543175029156355,-5.389999999999999,1398859944.9621253,27.187262938747462,11.002728094691204,5.955902839472263,233.7186147980615,10.633577208012662,4.895483475517775,0.0,0.0,27.619872592420126,0.0,24.25614251059958,0.0,8.417796984328938,0.0,48.53093654769288,65.04406374555167,34.333247609465566,10.610697323501231,27.482932274980612,49.767093570716845,0.0,0.0,0.0,4.895483475517775,10.633577208012662,130.4358284844686,0.0,11.126902983393991,10.633577208012662,17.062158824050687,0.0,0.0,29.708217365539983,10.118126859033554,10.114318268765572,20.715977351537635,114.0900907078268,0.0,21.899351412323583,0.0,155.71,26.855797366554235,32.67393949492851,0.0,27.21993173104669,16.637061980845353,11.126902983393991,36.39820241076966,72.79640482153933,0.0,10.633577208012662,0.0,33.4558211438474,0.0,35.406574560485765,17.02148254897882,2.9416155876472443,-0.8644334419432487,28.469581349583382,0.0,0.0,-4.513975081932696,0.0,41,3,10,0,0,0,2,5,0,5,0,0,6,3,11,0,7,0,0,0,0,0,7.295952725705211,5,6.166300000000004,154.6433999999998,0,0,0,0,0,0,0,0,0,0,2,2,0,0,0,1,2,0,0,0,0,0,0,0,0,0,0,2,0,2,0,0,0,0,5,0,1,0,0,0,0,0,0,0,0,0,0,0,0,0,0,0,0,0,0,0,0,0,1,1,1,0,0,0,0,0,0,0,0,0,0,0,0,0,0,0,0,0,0,0,0,0,0,0,0,CHEMBL4060985,O=C(Nc1ccc(-c2ccc(C(=O)Nc3cccc4cccc(S(=O)(=O)O)c34)cc2)cc1)c1ccc([N+](=O)[O-])cc1,310.0,2.4913616938342726,CHEMBL4106122,CD40-CD40L,2,Large-Polar-Aromatic-Flexible-Hydrophobic,Large-Polar-Aromatic-Flexible-Hydrophobic
13.275325393708432,13.275325393708432,0.0004084892680675,-4.05303386443531,0.2934489329923029,11.657894736842104,554.6460000000002,528.4380000000003,554.1181431719999,198,0,0.2614232414941869,-0.496767112021412,0.496767112021412,0.2614232414941869,0.7105263157894737,1.1842105263157894,1.6578947368421053,32.234698940652045,9.991529269177098,2.2256659454625027,-2.1885194200768585,2.3654387089876594,-2.1700553221869487,7.9268205037948976,-0.1158927666548276,2.900207256053119,1.8247719847761403,1699.3779589917012,27.501424753254103,20.886894894826455,22.519888056681907,18.035173712811385,11.416573993875554,14.382900489064342,8.444681742784567,11.80948622560359,5.785871608255359,8.532902368528628,3.9524321544906544,6.145086748830375,-4.089999999999999,217076151.20386288,26.958483863999223,10.720190579879304,5.73522707815117,221.06185534644695,9.473725907600098,17.28226861293275,0.0,0.0,20.046582306815168,0.0,14.238726912976,16.835593968657875,0.0,0.0,24.26546827384644,67.0844923075421,17.193270051855603,35.38533458295774,31.10385706032979,47.97704823147682,0.0,0.0,0.0,23.135525773652184,23.663784811459244,84.42622338169795,0.0,11.49902366656781,18.917915636504276,11.374772549367124,11.49902366656781,0.0,36.83843399757788,31.261941113813,0.0,12.48718869138762,88.65373884103651,0.0,10.772448428929591,0.0,127.87,20.046582306815168,21.630131152729696,0.0,33.369806069693624,27.8349235871944,0.0,75.74063589840019,24.26546827384644,0.0,9.444189728904176,9.473725907600098,68.3314097528404,0.0,12.158465806567792,0.8750807671298302,0.7220320118660668,0.7786519336506859,19.990725647225016,-0.122456739455296,1.3731581949433025,-5.107067374767795,0.1481481481481481,38,2,9,0,0,0,0,4,0,4,0,0,7,2,11,0,10,0,0,0,0,0,7.605265388596651,4,4.590100000000003,145.9379999999998,0,0,0,0,0,0,0,0,0,0,1,1,0,0,0,0,2,0,0,0,0,0,0,0,0,0,0,0,0,2,0,0,0,0,4,0,1,0,0,0,0,2,0,0,0,0,0,0,0,0,0,1,1,0,0,2,0,0,0,0,0,0,0,0,0,0,0,0,0,0,0,0,0,0,0,0,2,0,0,0,0,0,0,0,0,CHEMBL3977467,COc1ccc(S(=O)(=O)Nc2cc(CC(C)=O)c(NS(=O)(=O)c3ccc(OC)cc3)c3ccccc23)cc1,2400.0,3.380211241711606,CHEMBL4106129,Keap1-p62,2,Large-Polar-Aromatic-Flexible-Hydrophobic,Large-Polar-Aromatic-Flexible-Hydrophobic
13.252518775918215,13.252518775918215,0.1358552122881291,-4.410932550997504,0.0766974715795464,13.92,734.3440000000002,694.024,733.21593906,262,0,0.2931983166921879,-0.3758658713437935,0.3758658713437935,0.2931983166921879,1.0,1.68,2.34,35.49569388405425,9.999748707604832,2.253164851131669,-2.302979452329069,2.3066883252136887,-2.3149509854055896,7.989596519270797,-0.3836941333624094,3.10688825587565,1.225101126142996,1929.5975227863685,35.674786860691526,27.91939560647524,30.308317714349148,23.979204068589084,16.220023455950788,19.066749736207885,12.28597796583594,15.46899332270523,8.34720818697019,11.194609167686924,5.568420415597861,7.745677102770288,-4.3599999999999985,99343299788.1612,36.908845599679495,17.03696725232753,10.09856439546977,302.2725407139598,15.116608065707286,5.687386274683562,0.0,0.0,21.61785715744265,0.0,14.908855452837392,13.139891848781026,0.0,11.761884949391115,59.648266937905326,100.0633203478965,52.11952887182116,9.818794524335445,18.13564521721843,62.43147465326729,0.0,9.622004595302563,0.0,35.09527264896154,49.699165124695696,128.89883219135598,0.0,0.0,14.938793199308895,17.062158824050687,0.0,23.36282483962363,69.67250511233544,10.023291153407584,10.114318268765572,35.18390503624384,112.42594457649062,5.022633313741326,6.076020106833881,0.0,124.89,26.54116820626032,23.32665243716633,0.0,22.188162071046293,12.1736752296728,59.71123408769101,17.705838666992488,36.027353223237554,73.59255731235935,21.014813306142777,11.600939890232516,28.573589893157777,7.944209814220481,29.468623081469453,16.09049819064187,3.202853725463366,-0.1849392930105025,27.836906850064732,4.588463418872163,2.3385658668334863,-0.4976604366017043,0.2702702702702703,50,2,10,0,1,1,1,4,0,4,1,0,9,2,13,1,14,0,1,1,0,0,12.576295876059053,5,7.575200000000009,202.8140999999995,0,0,0,0,0,0,0,0,0,0,1,1,0,0,0,3,2,0,0,0,0,0,0,0,0,0,0,1,0,2,0,0,0,0,4,0,0,0,0,0,0,0,0,0,1,0,0,0,0,0,0,0,0,0,0,0,0,0,1,1,0,0,0,0,0,0,0,0,0,1,0,0,0,0,0,1,1,0,0,0,0,0,0,0,0,CHEMBL374303,CN(C)CC[C@H](CSc1ccccc1)Nc1ccc(S(=O)(=O)NC(=O)c2ccc(N3CCC(=Cc4ccccc4Cl)CC3)cc2)cc1[N+](=O)[O-],700.0,2.845098040014257,CHEMBL4625,Apoptosis regulator Bcl-X,2,Large-Polar-Aromatic-Flexible-Hydrophobic,Large-Polar-Aromatic-Flexible-Hydrophobic
14.769910290647177,14.769910290647177,0.0077990802300162,-4.265623173499918,0.1360260607586324,12.701754385964913,774.943,732.6069999999999,774.287591444,286,0,0.264523130162712,-0.3899656997365343,0.3899656997365343,0.264523130162712,0.7719298245614035,1.4736842105263157,2.2280701754385963,32.23327433582772,9.919237276691224,2.2951246281571063,-2.2950015495887146,2.35951698514315,-2.362789713227901,7.897123765242065,0.0735138646689448,3.627366169280147,1.2159528107762805,2725.5468402908136,39.519721843382754,31.55889949398637,32.37539607491409,27.733846468464726,19.17707983624442,20.660243083838807,14.304119111973888,15.9865213533834,10.64709844665515,11.97575892542806,7.633791669027278,8.642877778880486,-6.359999999999998,10341959760636.36,37.55859159799681,16.012737643058358,7.614168010336862,331.8371118274599,10.006437125691182,0.0,0.0,0.0,21.837650612110593,0.0,9.589074368143644,17.821694783926212,5.098681808301038,0.0,116.47279898646406,94.25037316696226,29.77986728691614,28.57760770441118,23.113398747313283,32.610099041040186,0.0,19.402489338748783,0.0,50.654145537337925,6.544756405912575,173.16810453110193,0.0,27.941192241471544,4.722094864452088,0.0,0.0,0.0,46.56383471808193,36.0165727696851,0.0,62.996116770171184,144.42192605013486,0.0,38.71364067040113,0.0,121.6,15.930470882759089,23.113398747313283,0.0,28.536448152776188,42.75198703591962,51.68576041940462,29.828919765543436,17.032643867773697,89.61094189360776,29.84493326952754,5.098681808301038,31.17347328475942,0.0,30.314997830270563,17.32242742672829,7.733110153240768,-1.1737293959027957,42.92469782468974,2.9989712467047553,2.5550081363425217,-4.265623173499918,0.1702127659574468,57,2,9,0,1,1,2,6,1,7,0,0,7,2,10,2,11,0,0,0,0,0,10.551155675464894,8,8.511600000000005,222.45729999999944,0,1,1,0,0,2,0,0,0,0,2,2,0,0,0,3,1,0,0,0,0,0,0,0,0,0,0,2,0,0,0,0,0,0,6,0,2,0,0,0,0,0,0,0,0,0,0,0,0,0,0,0,0,0,0,0,0,0,0,0,0,0,0,0,0,0,0,0,0,0,0,0,0,0,0,0,1,0,0,0,0,0,0,1,0,CHEMBL2030855,CCCCc1c(-c2ccc(C(=O)NS(=O)(=O)c3ccc4ccccc4c3)cc2C(=O)N2CCc3ccccc3C2)c(CO)nn1-c1ccc(-c2ccccc2)cc1,7.0,0.8450980400142568,CHEMBL4860,Apoptosis regulator Bcl-2,2,Large-Polar-Aromatic-Flexible-Hydrophobic,Large-Polar-Aromatic-Flexible-Hydrophobic
14.301234600367136,14.301234600367136,0.0925880736399038,-3.4621513910147477,0.2547664075687994,14.533333333333331,619.7470000000003,586.4830000000004,619.2253255360001,228,0,0.2828428827074051,-0.3296054006752618,0.3296054006752618,0.2828428827074051,0.8444444444444444,1.4222222222222225,2.066666666666667,32.23310277248467,9.92904626291308,2.3240552507824197,-2.370755774436831,2.2945640083678835,-2.4965215622423256,7.882713653098136,0.0643331930757454,3.447288828558332,1.3587429630326526,1919.1297837126583,31.553466517131895,24.998421561671307,25.814918142599034,21.69249180271449,14.624203064829183,16.51561460288744,11.091912072358737,12.924918260905365,7.898462406649757,8.589506468306752,5.724104202257567,6.219240361859938,-5.059999999999999,16688312257.24489,29.987055174589702,12.50890183173994,6.425099086543695,262.33406877887495,4.899909730850477,0.0,5.693927994848461,10.023291153407584,11.814359458703011,0.0,14.48898409899412,17.82169478392621,5.098681808301038,0.0,72.79640482153933,66.9360312852419,36.2000541851887,17.50660694989196,18.00687135247258,33.212423161477716,0.0,19.402489338748783,0.0,25.93115605767717,17.700435320274458,143.33918476555854,0.0,5.687386274683562,9.622004595302563,11.374772549367124,0.0,0.0,53.754917335900586,22.98886918224617,6.923737199690624,37.66728483293155,115.26097430077064,0.0,5.687386274683562,0.0,104.61,16.065131982555545,18.00687135247258,0.0,24.053043859464047,41.28511633943472,17.382672166905394,0.0,38.74709067069258,97.9192432266148,4.722094864452088,5.098681808301038,28.15106097519313,0.0,31.67947278118399,4.726720594854614,5.3421019166657056,-0.5592714947605884,35.137671313571126,1.6271555571635004,2.2739064138099474,-3.4621513910147477,0.1714285714285714,45,1,9,0,1,1,2,4,1,5,1,0,6,1,10,2,8,0,0,0,0,0,8.335669542264705,6,5.275520000000006,174.3084999999996,0,0,0,0,0,2,0,0,0,0,2,2,0,0,0,4,1,0,0,0,0,0,0,0,0,0,0,2,0,2,1,0,0,0,4,0,1,0,0,0,0,0,0,0,0,0,0,0,0,0,0,0,0,0,0,0,0,0,0,0,0,0,0,0,3,0,0,0,0,0,0,0,0,0,0,0,1,0,0,0,0,0,0,0,0,CHEMBL446607,Cc1cc(C(=O)N(c2ccccc2)c2ccccc2)nn1-c1ccccc1C(=O)N1Cc2ccccc2C[C@H]1CNS(C)(=O)=O,1050.0,3.0211892990699383,CHEMBL4860,Apoptosis regulator Bcl-2,2,Large-Polar-Aromatic-Flexible-Hydrophobic,Large-Polar-Aromatic-Flexible-Hydrophobic
13.52151945235041,13.52151945235041,0.0316272445170808,-4.0557961707467225,0.162967179917736,11.761904761904765,625.7540000000002,598.538,625.112346584,218,0,0.2614510963020471,-0.4938886575499962,0.4938886575499962,0.2614510963020471,0.7619047619047619,1.3095238095238095,1.8333333333333333,32.234755158098,10.076075062319276,2.2327471161679657,-2.18415879462228,2.4210371062766938,-2.1564839637139706,7.991575549750825,0.3395510368852614,3.48917918478446,1.586171873808609,1896.8588595206568,29.74406544037339,22.565779136202543,25.01526887898572,20.196969755359863,12.806353026147844,16.589176102264357,8.7464174119178,13.120320817266313,5.973389893149222,9.641579665757432,4.124852987446191,7.201254611846994,-4.269999999999999,2925000236.4679904,29.230207104324368,12.305362353716664,6.451780521069749,247.33250531474792,9.473725907600098,17.82634374133235,0.0,5.156436481820707,20.046582306815168,0.0,14.542871537205215,21.819572489605083,0.0,5.098681808301038,24.26546827384644,80.20666296492686,15.667931904447368,34.37950342942851,26.309319876257973,53.955688234503,0.0,15.181342137549285,0.0,33.69036130775528,22.657953657930012,85.19009196476549,0.0,11.49902366656781,18.917915636504276,11.374772549367124,11.49902366656781,11.761884949391115,45.23070003523299,20.046582306815168,0.0,13.847474399381248,105.03297887313954,0.0,10.772448428929591,0.0,152.37,20.046582306815168,16.835593968657875,0.0,21.165739500402672,45.53715598186171,11.761884949391115,30.59278834861098,54.59730361615449,13.847474399381248,24.62553186645346,9.473725907600098,70.0779009305149,1.072277612738679,4.597869808176777,7.968524904556609,0.499847844039694,1.1001589383137478,20.612452406955605,1.3915573607036138,4.586430251333239,-8.073686723999533,0.1428571428571428,42,3,11,0,0,0,0,4,1,5,0,0,9,3,14,1,12,0,0,0,0,0,8.564006906973678,5,5.508100000000004,161.2926999999997,0,0,0,0,0,3,1,0,0,0,0,0,0,0,0,2,3,0,0,0,0,1,0,0,0,0,0,0,0,2,0,0,0,0,4,0,1,0,0,0,0,2,0,0,0,0,0,0,0,0,0,0,0,0,0,0,0,0,0,0,0,0,0,0,0,0,0,0,0,0,0,0,0,0,0,0,2,0,0,0,0,0,0,0,0,CHEMBL3934789,CCOc1ccc(S(=O)(=O)Nc2cc(Sc3nc[nH]n3)c(NS(=O)(=O)c3ccc(OCC)cc3)c3ccccc23)cc1,1000.0,3.0,CHEMBL4106129,Keap1-p62,2,Large-Polar-Aromatic-Flexible-Hydrophobic,Large-Polar-Aromatic-Flexible-Hydrophobic
14.293569016775772,14.293569016775772,0.1336222677848071,-3.788170309972603,0.164098993829564,12.893617021276595,676.283,633.9470000000001,675.264603504,248,0,0.2754385161715492,-0.337209257506644,0.337209257506644,0.2754385161715492,0.9361702127659576,1.5957446808510638,2.276595744680851,35.495693671506395,9.987233629108122,2.2887384051312165,-2.2942257308700924,2.3005908053990205,-2.362504754395884,7.914707867732925,0.0731948905506781,3.3671186970104707,1.530530596156768,1833.2959439156407,33.55346651713189,27.20733134946936,28.77975687641554,22.612523982001008,16.20724967052389,18.23747936985327,11.98320259519852,14.08346210024162,8.442095707397902,10.154679568486364,5.821276417797146,7.2094953456229165,-4.149999999999999,27987095040.446507,34.19184692170224,15.169800874202872,8.051971898134449,282.1348356004688,9.799819461700954,0.0,5.693927994848461,10.023291153407584,11.814359458703011,0.0,14.31116923259573,13.09959991947412,5.098681808301038,0.0,92.88736115162028,61.075657748944465,31.866411898333865,27.720252681717135,18.00687135247258,39.12597677702667,0.0,19.580304205147176,0.0,65.17292972636128,24.356364082189813,111.46070009176556,0.0,5.687386274683562,4.722094864452088,5.687386274683562,0.0,11.600939890232516,59.44672986591684,28.74172278899296,6.923737199690624,82.76149721571383,72.79640482153933,5.022633313741326,5.687386274683562,0.0,104.61,10.023291153407584,18.00687135247258,0.0,39.534612140420144,49.54461300780533,31.246737983401033,10.24525442684218,59.18812614062284,24.26546827384644,29.734618140595984,11.600939890232516,30.47962965948544,6.785247157579315,31.581038844363345,4.912622306928574,4.469831016068534,-0.7335006903866685,21.74986766227134,4.338612271844464,8.065933192929368,-3.788170309972603,0.3611111111111111,47,1,9,0,1,1,2,3,1,4,0,0,6,1,11,2,13,0,0,0,0,0,11.035819347307436,5,7.016920000000009,186.60549999999947,0,0,0,0,0,2,0,0,0,0,2,2,0,0,0,4,1,0,0,0,0,0,0,0,0,0,0,2,0,1,0,0,0,0,3,0,1,0,0,0,0,0,0,0,1,0,0,0,0,0,0,0,0,0,0,0,0,0,0,0,0,0,0,0,0,0,0,0,0,0,0,0,0,0,0,0,1,0,0,0,0,0,0,2,0,CHEMBL450954,CCCCN(CCCC)C(=O)c1nn(-c2ccc(NS(=O)(=O)Cc3ccccc3)cc2C(=O)N2CCc3ccccc3C2)c(C)c1Cl,250.0,2.3979400086720375,CHEMBL4860,Apoptosis regulator Bcl-2,2,Large-Polar-Aromatic-Flexible-Hydrophobic,Large-Polar-Aromatic-Flexible-Hydrophobic
13.304119760992386,13.304119760992386,0.0276874443214174,-4.143653313603865,0.2137258981171979,11.65,584.6720000000003,556.4480000000002,584.128707856,210,0,0.30739802143641,-0.4938886575499962,0.4938886575499962,0.30739802143641,0.725,1.2,1.675,32.234699293568184,10.003028905361612,2.2302048601021807,-2.1866198961955656,2.3652198704598852,-2.1727619364648443,7.926823246318778,-0.1357244087280279,2.911764195025233,1.781004902983033,1736.12708724553,28.9156383156272,21.748322052699507,23.38131521455496,19.03517371281139,12.315248042260528,15.281574537449316,8.594182296205883,11.958986779024906,5.838755801600045,8.585786561873315,4.100771647524539,6.293426241864258,-4.289999999999999,547538947.7012367,28.71129192284286,11.843224725195055,6.4619317679008,232.2210312130396,14.580253302440804,11.49902366656781,0.0,0.0,20.046582306815168,5.969305287951848,14.238726912976,16.835593968657875,0.0,0.0,24.26546827384644,74.00822950723274,10.772448428929591,40.80032505235451,36.2103844551705,48.16310857306373,0.0,0.0,0.0,30.059262973342808,22.657953657930012,84.42622338169795,0.0,11.49902366656781,18.917915636504276,11.374772549367124,11.49902366656781,0.0,41.125190580476264,31.261941113813,0.0,19.410925891078243,88.65373884103651,0.0,10.772448428929591,0.0,148.1,32.43670921769302,26.7366585475704,0.0,26.729190992099667,35.48523602452324,0.0,54.59730361615449,24.26546827384644,13.847474399381248,9.444189728904176,9.473725907600098,68.86122490490189,0.0,11.671393286046326,10.279839611950509,0.213662180023042,-0.2087418179935589,19.506764801628293,-0.5657275323764384,4.470322362717781,-8.228737796897828,0.1785714285714285,40,3,10,0,0,0,0,4,0,4,0,0,7,3,12,0,12,0,0,0,0,0,8.500857059822643,4,4.8659000000000034,152.12679999999975,1,0,0,0,0,0,0,0,1,1,1,0,0,0,0,0,2,0,0,0,0,0,0,0,0,0,0,0,0,2,0,0,0,0,4,0,1,0,0,0,0,2,0,0,0,0,0,0,0,0,0,0,0,0,0,0,0,0,0,0,0,0,0,0,0,0,0,0,0,0,0,0,0,0,0,0,2,0,0,0,0,0,0,0,0,CHEMBL3906697,CCOc1ccc(S(=O)(=O)Nc2cc(CC(=O)O)c(NS(=O)(=O)c3ccc(OCC)cc3)c3ccccc23)cc1,230.0,2.361727836017593,CHEMBL4106129,Keap1-p62,2,Large-Polar-Aromatic-Flexible-Hydrophobic,Large-Polar-Aromatic-Flexible-Hydrophobic
13.304591137571624,13.304591137571624,0.1404896456537179,-4.428366873829558,0.0690279255592567,14.903846153846152,766.386,722.0339999999999,765.242153808,276,0,0.2931983166921879,-0.3777508137824293,0.3777508137824293,0.2931983166921879,1.0192307692307692,1.6923076923076923,2.326923076923077,35.49569400194976,9.84483801538977,2.352823984217446,-2.4178764799490384,2.3421401463844647,-2.4672813780378253,7.989597094334916,-0.383694248400429,3.1388299308485608,1.225077423969741,1939.2559731284937,37.30454337268845,29.45740040893602,31.846322516809927,24.875779540757136,16.962152403643497,19.808878683900605,13.117202257059958,16.30021761392926,9.254831894326385,12.12675455088133,6.174236126626906,8.363753651718444,-4.139999999999999,233131973157.8889,39.07619227892473,17.58614863802404,10.25619686105769,314.4406310900475,19.853471019507335,5.687386274683562,0.0,0.0,21.61785715744265,0.0,14.908855452837392,13.139891848781026,0.0,11.761884949391115,47.99914230100217,100.0633203478965,65.6501480360247,15.419845335319136,22.872508171018477,56.35545454643341,0.0,9.622004595302563,0.0,47.11714508287125,56.80896266597323,123.3257276612867,0.0,0.0,14.938793199308895,17.062158824050687,0.0,23.36282483962363,82.38335346459665,21.180975730133643,10.114318268765572,35.18390503624384,106.85284004642136,5.022633313741326,0.0,0.0,134.12,26.54116820626032,23.32665243716633,0.0,27.789212882029982,18.59449685259881,59.71123408769101,12.13273413692322,43.13715076451509,73.59255731235935,14.938793199308895,16.337802844032566,34.68453932063268,8.050045295432561,29.544864538201946,16.121844063890407,1.5461795623952863,-0.2000025307819516,27.821663811348945,2.962744648850227,2.1999288738707117,1.2126368606036335,0.3421052631578947,52,2,11,0,1,1,1,4,0,4,1,0,10,2,14,1,16,0,1,1,0,0,13.215379338945723,5,7.1195000000000075,208.2810999999994,0,0,0,0,0,0,0,0,0,0,1,1,0,0,0,3,2,0,0,0,0,0,0,0,0,0,0,1,0,2,0,0,0,0,4,0,0,0,0,0,0,1,0,0,1,0,0,0,0,0,0,0,0,0,0,1,0,0,1,1,0,0,0,0,0,0,0,0,0,1,0,0,0,0,0,1,1,0,0,0,0,0,0,0,0,CHEMBL426535,COC1(Cc2ccccc2Cl)CCN(c2ccc(C(=O)NS(=O)(=O)c3ccc(N[C@H](CCN(C)C)CSc4ccccc4)c([N+](=O)[O-])c3)cc2)CC1,62.0,1.792391689498254,CHEMBL4625,Apoptosis regulator Bcl-X,2,Large-Polar-Aromatic-Flexible-Hydrophobic,Large-Polar-Aromatic-Flexible-Hydrophobic
14.24610751740845,14.24610751740845,0.1583374581666001,-1.07818111080548,0.0870314684519948,12.767857142857142,754.9720000000001,700.5400000000001,754.4094208280001,292,0,0.3259863124539313,-0.4797095743908665,0.4797095743908665,0.3259863124539313,0.6428571428571429,1.1964285714285714,1.7678571428571428,16.368486547297287,9.985980783863589,2.266513938157766,-2.269412692448804,2.265034724895859,-2.445533857346428,6.083577063198527,-0.1401203929204012,3.218511880479554,1.4140604104397323,2112.242085834856,40.35443142545311,33.289224045649455,33.289224045649455,26.874651451401224,19.57087004244781,19.57087004244781,15.12272697083281,15.12272697083281,10.315055928477102,10.315055928477102,6.395071920513798,6.395071920513798,-5.959999999999998,1727773912120.259,41.20856992736691,19.06882401719272,10.412402547943191,330.2779643029537,25.53992406455432,6.041840829147961,0.0,0.0,17.721539188054518,5.969305287951848,14.383611552215466,4.794537184071822,0.0,0.0,90.78226885476542,112.95238994911172,46.84202611096682,6.544756405912575,24.284676131127995,51.52545172898664,0.0,5.316788604006331,17.75371813848418,66.97066367905629,28.206120877532435,137.51478026755862,0.0,0.0,20.433396669713616,17.062158824050687,0.0,0.0,47.928725511820176,11.339293589984395,17.75371813848418,91.0214839629992,115.26097430077064,0.0,10.772448428929591,0.0,119.05,17.918325846451314,24.284676131127995,0.0,23.6501715510258,53.49336750537066,34.988864224148735,0.0,53.12175907216124,61.52104081584511,62.5939942806216,0.0,0.0,0.0,56.72904609441921,17.90407109679635,4.511756817938745,-1.4984889726273405,34.6694874434981,1.4613399453493792,13.722787574625544,0.0,0.3191489361702128,56,3,9,0,0,0,3,5,0,5,3,0,5,3,9,0,17,0,0,0,0,2,14.03212442759178,5,9.6767,226.59169999999935,1,0,0,0,0,0,0,0,1,1,4,3,0,0,0,2,2,0,0,0,0,0,0,0,0,0,0,3,0,3,0,0,0,0,5,0,1,0,0,0,0,0,0,0,0,0,0,0,0,0,0,0,0,0,0,0,0,0,0,0,0,0,0,0,0,0,0,0,0,0,0,0,0,0,0,0,0,0,0,0,0,0,0,0,0,CHEMBL5281286,CCC(C)CN(C(=O)c1ccc(N(Cc2ccc3ccccc3c2)C(=O)c2ccc(NCC(C)C)cc2)cc1)c1ccc(C(=O)N[C@H](C(=O)O)C(C)CC)cc1,9300.0,3.9684829485539352,CHEMBL1907611,Tumour suppressor p53/oncoprotein Mdm2,2,Large-Polar-Aromatic-Flexible-Hydrophobic,Large-Polar-Aromatic-Flexible-Hydrophobic
13.482357790750266,13.482357790750266,0.0905612405404976,-4.691827614265853,0.2838630550763494,12.58974358974359,559.5180000000003,539.3580000000002,559.09125764,202,0,0.4159108954877191,-0.4798953607204568,0.4798953607204568,0.4159108954877191,0.8205128205128205,1.4102564102564104,1.9743589743589745,32.23342853810247,10.065242354702612,2.3296117761979707,-2.253518559791238,2.381273929921048,-2.355680684724512,7.924884246925551,-0.1450793108003862,2.8991157570730435,1.8179209423335905,1623.2772792595538,28.37166824125719,19.869735036531303,20.68623161745903,18.390902547037022,11.273089568336612,12.713152897137252,8.302776175768077,10.165086451797636,5.749686962523701,7.523643219736299,3.957195780933589,5.390252282770775,-4.579999999999999,312209162.0464003,27.45466765086737,10.653838038075415,5.800237152982809,220.0942393407269,14.94991774348146,12.29426823919648,0.0,6.103966387748303,10.023291153407584,18.114909093347173,9.099753175368054,13.212334168400758,13.17124514302446,0.0,54.59730361615449,36.39820241076966,16.335899920626588,16.14632124189833,46.12803423897851,38.42173643292443,0.0,0.0,0.0,17.175748380709553,10.84997239720881,102.12240901031818,0.0,5.749511833283905,9.042078945096282,18.858631417708025,5.749511833283905,0.0,37.11421875582661,25.7886640389947,0.0,17.230869371142294,95.89098950244195,0.0,10.772448428929591,0.0,121.21,51.24585800763041,41.39117128517846,0.0,22.20934653689706,22.001401619916447,12.13273413692322,18.19910120538483,48.53093654769288,0.0,0.0,4.736862953800049,72.30558055688962,0.0,23.09982816155257,19.749686041357528,-0.7991076768683183,-2.690312814548056,19.600375067854845,-6.0886251779716645,-1.0324206708178112,-4.645003487448697,0.1111111111111111,39,2,8,0,0,0,0,4,0,4,1,0,5,2,12,0,9,0,0,0,0,1,7.4999380138853695,4,5.343200000000005,135.00639999999996,2,0,0,0,0,0,0,0,2,2,2,0,0,0,0,1,0,0,0,0,0,0,0,0,0,3,0,0,0,1,0,0,0,0,4,0,1,0,0,0,0,1,0,0,3,0,0,0,0,0,0,0,0,0,0,0,0,0,0,0,0,0,0,0,0,0,0,0,0,0,0,0,0,0,0,0,1,0,0,0,0,0,0,0,0,CHEMBL4757896,O=C(O)CN(c1ccc(OC(C(=O)O)c2ccccc2)c2ccccc12)S(=O)(=O)c1ccc(C(F)(F)F)cc1,6660.0,3.823474229170301,CHEMBL3038498,Keap1/Nrf2,2,Large-Polar-Aromatic-Flexible-Hydrophobic,Large-Polar-Aromatic-Flexible-Hydrophobic
14.192758216744508,14.192758216744508,0.0045301947485765,-0.9904336624074184,0.2045445011409874,13.755555555555556,616.6310000000003,584.3750000000002,616.228161984,234,0,0.2856419165809097,-0.492834413742472,0.492834413742472,0.2856419165809097,0.9333333333333332,1.5777777777777775,2.2,16.63238912061678,10.006366904882046,2.360151176446457,-2.3883014074581226,2.353780307687032,-2.556168777388274,6.012446602113597,-0.3848134614795411,3.478865453273825,1.4351141387704225,1746.8206033741187,32.24998341876804,24.96579143741894,24.96579143741894,21.620631255977734,14.132892540716409,14.132892540716409,10.562768789463751,10.562768789463751,8.107096566908906,8.107096566908906,5.601791655423929,5.601791655423929,-5.66,12337322091.097029,30.78653121059719,12.913341093114576,6.203857047753429,257.580535703919,29.15743362109874,11.605292320844956,11.49902366656781,5.907179729351506,17.28195227871863,0.0,29.81771090567479,0.0,0.0,0.0,18.19910120538483,23.762552697081823,80.63377521301604,30.132584248652016,28.90942237337908,39.77944321483476,0.0,14.783797982648164,0.0,12.462662452073973,52.34620241973303,98.21605377715431,0.0,11.49902366656781,14.373635638450576,17.062158824050687,11.49902366656781,0.0,89.93291305701702,11.21535880699783,20.228636537531145,15.921440167465814,66.86051425622918,0.0,10.902924932081056,0.0,164.39,27.483028930818367,29.81771090567479,0.0,35.07786278522588,26.1790256236503,28.220129766923225,44.36627800146756,23.229487439386773,29.16537800469692,4.983978520947208,9.473725907600098,10.509920760020831,0.0,58.21443928100893,23.92579799488125,1.7781722760820864,-0.7820316944961194,15.250211095128892,1.9616991146651768,1.640694416991662,4.167763422383963,0.2903225806451613,45,1,14,0,1,1,2,3,1,4,1,0,9,1,14,2,10,0,1,1,0,0,8.834599524361312,5,4.033600000000003,165.97399999999965,0,0,0,0,0,1,1,0,0,0,2,2,0,0,0,5,1,0,0,1,0,1,0,0,0,0,0,2,0,1,0,0,0,0,3,0,1,0,0,0,0,2,0,0,0,0,0,0,0,0,0,0,0,0,0,2,0,0,2,2,1,0,0,0,1,0,0,0,0,0,1,0,0,0,0,0,0,0,0,0,0,0,0,0,0,CHEMBL3220698,COc1cc(C(=O)N(C)[C@@H](Cc2c[nH]c3ccccc23)C(=O)N2CCN(c3ccc([N+](=O)[O-])cc3)CC2)c([N+](=O)[O-])cc1OC,30.0,1.4771212547196624,CHEMBL1907611,Tumour suppressor p53/oncoprotein Mdm2,2,Large-Polar-Aromatic-Flexible-Hydrophobic,Large-Polar-Aromatic-Flexible-Hydrophobic
14.68973604130378,14.68973604130378,0.0730743627248278,-1.1547758004699669,0.0451842019601226,12.318181818181818,945.6039999999996,872.0199999999996,944.525051596,368,0,0.3172929678996313,-0.4812294212221436,0.4812294212221436,0.3172929678996313,0.6212121212121212,1.196969696969697,1.803030303030303,35.4956938011993,10.020900750730933,2.345232176830821,-2.4112153725617316,2.1978783065436813,-2.5982443846716685,6.300976629179005,-0.1378633025400821,3.2614521008825177,2.6879214296587532,1791.5580962813303,48.85658513656621,38.558617195707534,39.31454614172599,31.47938105903228,22.86438428362935,23.242348756638577,16.826976255560133,17.263412036032122,10.909125981514684,11.161102296854168,7.3670108052539796,7.492998962923723,-5.82,54955707501901.09,56.309693023154416,31.951510916931376,24.463682405743295,393.41753948270593,63.38094082974472,0.0,0.0,5.907179729351506,0.0,36.06306862525599,14.383611552215466,19.178148736287287,0.0,0.0,74.33380539177105,93.50969417872528,76.14023385305534,12.08368165829592,43.77481507818416,53.57118824484,0.0,35.96688360857676,23.11890847764795,115.44367798486329,52.358051247300594,70.74683991328982,0.0,0.0,38.46815684751188,19.178148736287287,0.0,11.600939890232516,137.36660607158487,27.22525479806748,5.917906046161393,95.60341523496136,54.59730361615449,5.022633313741326,0.0,0.0,295.84999999999997,66.51659246497738,43.77481507818416,0.0,71.3726465501055,62.55498190928392,17.54772460632,14.69972919255143,12.13273413692322,42.46456947923127,35.11462881540657,28.80194232171907,0.0,6.097081798451541,95.41732514512933,31.44579145506526,18.966485271733383,-2.582847082186947,11.493624015644766,3.327865609160058,4.445784898113732,0.0,0.5869565217391305,66,12,19,0,0,0,9,2,0,2,3,0,8,9,20,0,33,0,0,0,0,3,27.26029956603595,2,4.4944000000000095,253.71159999999932,2,0,0,0,0,0,0,0,2,2,7,5,0,0,0,3,4,3,0,0,0,0,0,0,0,0,0,9,0,0,1,0,0,0,2,0,0,0,0,0,0,0,0,0,1,0,0,0,0,0,0,0,0,0,0,0,0,0,0,0,0,0,0,0,0,0,0,0,0,0,0,2,0,0,0,0,0,0,0,0,0,0,0,1,4,CHEMBL611330,CC(C)CCCNC(=O)N(CC(CCC(=O)O)NC(N)=O)C(CCCCN)CN(C(=O)NCCc1ccc(Cl)cc1)C(CCC(=O)O)CN(CCC(N)=O)C(=O)NCCCc1ccccc1,43000.0,4.633468455579586,CHEMBL5023,p53-binding protein Mdm-2,2,Large-Polar-Aromatic-Flexible-Hydrophobic,Large-Polar-Aromatic-Flexible-Hydrophobic
13.997645086635089,13.997645086635089,0.0363005751096483,-4.312004336111633,0.2673046420844215,12.1,563.6280000000004,534.3960000000004,563.1613878879999,208,0,0.3491821351544987,-0.4967681764701548,0.4967681764701548,0.3491821351544987,0.875,1.475,2.025,32.23342940222047,10.063613673554745,2.3182910476757725,-2.267260355443266,2.3861161315065886,-2.363281485942485,7.925889403889835,-0.1450056645822644,2.891797271558828,1.855980042760024,1674.1293245676056,29.18950548645297,22.4120391003986,23.228535681326328,18.932796539255893,12.31253223037486,13.752595559175498,9.370957467640409,11.1701115133428,6.44903507961276,8.514965189739568,4.848794352958783,6.699353823582903,-4.5699999999999985,479319700.75521576,28.438352219624154,11.270365571257884,5.572642064353489,231.80600470464483,19.68678069728151,18.043780072480384,0.0,6.103966387748303,10.023291153407584,11.938610575903695,9.099753175368054,13.212334168400758,0.0,0.0,54.09438803938988,56.163582856312296,16.335899920626588,17.69266729147887,37.693652049754085,38.42173643292443,0.0,0.0,0.0,31.770661462337948,17.959769938486343,95.05021078832732,0.0,11.49902366656781,13.778941898896331,5.687386274683562,11.49902366656781,0.0,44.22401629710415,19.612365521551222,20.771211599071872,28.357772354536284,77.6918882970571,0.0,10.772448428929591,0.0,130.43999999999997,34.61062452297216,28.21992614215399,0.0,16.332381583485244,33.21231473730448,9.868667482993228,19.242531678200752,74.51114508399736,6.923737199690624,0.0,9.473725907600098,39.966652604861096,0.0,24.10067727204651,20.426769776510277,2.3891830111217347,-1.8064947046665112,19.462102197203883,-1.3640045283103797,4.383965578165334,-2.8088512069319433,0.2,40,2,9,0,0,0,0,4,0,4,1,0,6,2,10,0,10,0,0,0,0,1,8.012765643983933,4,5.2582600000000035,150.76739999999978,2,0,0,0,0,0,0,0,2,2,2,0,0,0,0,1,0,0,0,0,0,0,0,0,0,0,0,0,0,1,3,0,0,0,4,0,1,0,0,0,0,2,0,0,0,0,0,0,0,0,0,0,0,0,0,1,0,0,0,0,0,0,0,0,0,0,0,0,0,0,0,0,0,0,0,0,1,0,0,0,0,0,0,0,0,CHEMBL4740287,COc1ccc(C(Oc2ccc(N(CC(=O)O)S(=O)(=O)c3c(C)cc(C)cc3C)c3ccccc23)C(=O)O)cc1,75.0,1.8750612633917,CHEMBL3038498,Keap1/Nrf2,2,Large-Polar-Aromatic-Flexible-Hydrophobic,Large-Polar-Aromatic-Flexible-Hydrophobic
14.071825329816956,14.071825329816956,0.1073173103196698,-4.164135582027109,0.0273401674912194,15.13888888888889,1033.7659999999992,968.2459999999992,1032.42693486,380,0,0.2931983039215945,-0.3758658713439442,0.3758658713439442,0.2931983039215945,0.8055555555555556,1.5,2.1805555555555554,35.49569480805569,9.955110650240933,2.2662003709403353,-2.372598635531109,2.3887350501418765,-2.461028138329082,7.989646504637746,-0.3836935075050965,3.735498109475394,0.9087839960930556,2888.586446449762,50.778870388447075,41.46739853353938,43.85632064141329,34.699550759201344,24.45661311002979,27.30333939028689,18.80868200274839,22.020933013349076,13.303771460161384,16.10924956275809,9.232391317974818,11.42980874984366,-6.079999999999998,8180114436283075.0,52.24935108140062,24.095474326135456,13.498341560318408,432.87359090734674,39.7002255100564,11.381314269532025,0.0,0.0,21.61785715744265,0.0,19.63095031728948,8.417796984328938,0.0,11.761884949391115,54.06550936946379,130.9974798106421,128.1155633085636,9.818794524335445,18.13564521721843,67.73022709580053,0.0,24.58361744434912,7.04767198267719,28.67445102603553,118.72689294997608,148.35506451820066,0.0,22.253805966787983,25.155491534165705,28.43693137341781,0.0,23.36282483962363,143.44514745180558,17.070963136084774,10.114318268765572,23.330108424772305,137.31515189188087,5.022633313741326,22.253805966787983,0.0,151.57,14.946602202225254,23.32665243716633,0.0,28.219276583384364,28.701557595932716,122.8796363651123,12.13273413692322,23.894619086314336,104.70336398897533,65.10199391477916,11.600939890232516,31.906154530644915,7.972547022390756,38.24520026882227,19.552651229409324,6.642744556314023,0.5587665250276942,37.18814944654661,3.631356436033728,9.45337827742705,3.876829485161404,0.3518518518518518,72,3,15,0,2,2,1,5,1,6,1,0,13,3,18,3,21,0,2,2,0,0,17.485734688043422,8,8.939900000000005,294.7028000000001,0,0,0,0,0,1,0,0,0,0,1,1,0,0,0,7,3,0,0,1,0,0,0,0,0,0,0,1,0,4,1,0,0,0,5,0,0,0,0,0,0,0,0,0,1,0,0,0,0,0,0,0,0,0,0,0,0,0,1,1,0,0,0,0,0,0,0,0,0,0,2,0,0,0,0,1,1,0,0,0,0,0,0,0,0,CHEMBL2063892,CN(C)CC[C@H](CSc1ccccc1)Nc1ccc(S(=O)(=O)Nc2ccc(N3CCN(c4cccc(-c5c(-c6ccc(Cl)cc6)cn(C)c5C(=O)NCCCN5CCN(C)CC5)c4)CC3)cc2)cc1[N+](=O)[O-],0.6,-0.2218487496163564,CHEMBL4860,Apoptosis regulator Bcl-2,2,Large-Polar-Aromatic-Flexible-Hydrophobic,Large-Polar-Aromatic-Flexible-Hydrophobic
13.972304950580668,13.972304950580668,0.0346641427589302,-4.310093167304861,0.2579837574007207,12.205128205128204,568.0470000000001,541.8390000000003,567.111850852,202,0,0.3491821104560872,-0.4798953607126784,0.4798953607126784,0.3491821104560872,0.8974358974358975,1.4871794871794872,2.051282051282051,35.49569275168524,10.06489574932521,2.3180760319463394,-2.267205480135307,2.3856710114381032,-2.3632813314675616,7.9258906629451085,-0.1450032315776999,2.8521413833097595,1.873743327733024,1661.2024523617006,28.48239870526642,21.381755282943967,22.95418080989015,18.39479173679511,11.889142031183678,13.707169832993548,9.14934895224896,11.384938778423328,6.2032382133990325,8.52114463886532,4.707664286561722,6.684211914855585,-4.079999999999999,277117525.00629836,27.941470918122103,10.957674368914258,5.692246794479885,230.63078358762303,14.94991774348146,12.29426823919648,0.0,6.103966387748303,10.023291153407584,11.938610575903695,9.099753175368054,13.212334168400758,0.0,0.0,65.6953279296224,56.1635828563123,21.358533234367915,10.582869750201336,32.956789095954036,50.02267632315695,0.0,0.0,0.0,31.77066146233795,10.84997239720881,100.07284410206866,0.0,5.749511833283905,9.042078945096282,5.687386274683562,5.749511833283905,11.600939890232516,37.11421875582662,19.612365521551222,20.771211599071872,28.357772354536284,77.6918882970571,5.022633313741326,10.772448428929591,0.0,121.21000000000002,34.61062452297216,28.219926142153987,0.0,16.33238158348524,32.48543621776191,9.868667482993228,12.13273413692322,74.51114508399735,6.923737199690624,0.0,16.337802844032566,34.731405546059435,5.941681879086926,24.00551653414024,20.78310839119419,2.367348438867732,-2.3777471142140136,19.21102489252125,-1.3673743947754835,4.3762401055356985,-4.310093167304861,0.1724137931034483,39,2,8,0,0,0,0,4,0,4,1,0,5,2,10,0,9,0,0,0,0,1,7.850603582288968,4,5.903060000000005,149.22539999999978,2,0,0,0,0,0,0,0,2,2,2,0,0,0,0,1,0,0,0,0,0,0,0,0,0,0,0,0,0,1,3,0,0,0,4,0,1,0,0,0,0,1,0,0,1,0,0,0,0,0,0,0,0,0,0,0,0,0,0,0,0,0,0,0,0,0,0,0,0,0,0,0,0,0,0,0,1,0,0,0,0,0,0,0,0,CHEMBL4795421,Cc1cc(C)c(S(=O)(=O)N(CC(=O)O)c2ccc(OC(C(=O)O)c3ccc(Cl)cc3)c3ccccc23)c(C)c1,190.0,2.278753600952829,CHEMBL3038498,Keap1/Nrf2,2,Large-Polar-Aromatic-Flexible-Hydrophobic,Large-Polar-Aromatic-Flexible-Hydrophobic
13.609807006497247,13.609807006497247,0.0036112557021856,-0.7188864745928851,0.0748061853608654,12.5,741.6240000000003,707.3520000000002,740.169221408,266,0,0.2557974874634714,-0.5066387768713345,0.5066387768713345,0.2557974874634714,0.5192307692307693,0.8461538461538461,1.1730769230769231,35.49678713641321,9.868679368316233,2.28507082471974,-2.211361062297109,2.506419150195289,-2.2662243051563835,6.304728200461133,0.0929266439008377,3.084140442145404,1.4619865252314677,2259.4418333702897,37.755901397162674,28.338610868600693,29.850468760637604,24.58120291126535,16.139390113581808,16.89531905960026,12.756385769616568,13.629257330560536,9.273522202967229,9.777474833646195,6.556185343476982,6.808161658816468,-5.839999999999998,191801775171.2097,35.96769402405246,13.70555559539604,6.311956781050608,307.6802552505755,41.27274157705689,11.49902366656781,22.99804733313562,0.0,11.814359458703011,0.0,9.589074368143644,0.0,0.0,0.0,47.46734805431147,98.47969131324338,42.71706646873582,23.210584641689913,40.22823873718787,56.56113609702723,0.0,10.633577208012662,0.0,39.77863045705841,0.0,116.22238039920396,0.0,45.62397398309742,10.633577208012662,0.0,34.49707099970343,23.20187978046503,42.45352382774724,0.0,13.847474399381248,68.90093937600278,72.79640482153933,10.045266627482652,32.671799841253176,0.0,179.57999999999998,58.39511211670236,40.22823873718787,0.0,43.798702824647165,21.172169610876644,23.259637120317212,0.0,88.35861948337862,0.0,10.633577208012662,23.20187978046503,0.0,12.000603860749884,27.219614012994494,73.65535867715663,1.946539186836304,-4.962033564950064,17.959539584676442,0.0,6.7359337980918585,0.0,0.15,52,8,10,0,0,0,2,6,0,6,2,0,8,8,12,0,7,0,0,0,0,2,9.479946732400863,6,8.799239999999996,201.0191999999998,0,0,0,0,0,0,0,6,0,0,2,2,0,0,0,0,2,0,0,0,0,0,0,0,0,0,0,2,0,0,2,0,0,0,6,0,2,0,0,0,0,0,0,0,2,0,0,0,0,0,0,0,0,0,0,0,0,0,0,0,0,0,0,0,0,6,6,0,0,0,0,0,0,0,0,0,0,0,0,0,0,0,0,0,0,CHEMBL539481,Cc1cc2c(C(=O)NC(C)c3ccc(Cl)cc3)c(O)c(O)cc2c(O)c1-c1c(C)cc2c(C(=O)NC(C)c3ccc(Cl)cc3)c(O)c(O)cc2c1O,110.0,2.041392685158225,CHEMBL4625,Apoptosis regulator Bcl-X,2,Large-Polar-Aromatic-Flexible-Hydrophobic,Large-Polar-Aromatic-Flexible-Hydrophobic
13.627014758886704,13.627014758886704,0.0113484901408786,-4.602026093271289,0.2596674580995312,11.658536585365852,603.6060000000002,581.4300000000002,603.078149504,214,0,0.3239377481692738,-0.4967671120136988,0.4967671120136988,0.3239377481692738,0.7804878048780488,1.2682926829268293,1.804878048780488,32.23486248988181,10.115869041501073,2.3279760118573978,-2.2680213159926557,2.364411126909297,-2.374517761834696,7.928233553081111,-0.1357543374604916,2.940359284281175,1.9338635155990385,1830.821345827131,29.94901851044681,21.20803412652202,22.841027288377475,19.355446270066267,11.624221297058472,14.504347954659757,8.452917070899213,12.177537622958326,5.864770709117709,9.38892362629671,3.9880834862345984,6.795481841638331,-4.759999999999999,784679050.9683186,29.22819465876111,11.385011807572718,5.899539326553635,233.50342607843928,14.94991774348146,24.65624548615495,5.817862777835028,0.0,20.046582306815168,11.938610575903695,13.894290359439877,30.515203528576137,0.0,0.0,24.26546827384644,48.53093654769288,10.772448428929591,28.78499433860972,45.76500112795779,54.26289036416705,0.0,4.983978520947208,0.0,9.79096695103555,28.80974233569515,84.81046923419831,0.0,5.749511833283905,13.347294936392515,15.89566410019341,5.749511833283905,0.0,64.17054820829287,29.63565667495881,5.817220841045894,0.0,88.78421534418797,0.0,10.772448428929591,0.0,171.48,55.78741001110768,41.028138174157746,0.0,27.173180956965957,14.35994381587637,30.462311845459514,55.64073408897041,0.0,0.0,4.983978520947208,4.736862953800049,73.85049618137683,0.0,26.96586774188601,19.187223995410186,-0.1972007405273095,-3.722772371680114,14.746925720878275,0.955071386579323,-2.0782345635693664,-7.70737735035383,0.1153846153846153,41,2,12,0,0,0,0,3,1,4,0,0,8,2,15,1,11,0,0,0,0,0,8.116179056195831,4,2.9423000000000012,145.47219999999982,2,0,0,0,0,1,0,0,2,2,2,0,0,0,0,3,0,0,0,0,0,0,0,0,0,0,0,0,0,2,0,0,0,0,3,0,1,0,0,0,0,1,0,0,1,0,0,0,0,0,0,0,0,0,0,1,0,0,0,0,0,0,0,0,0,0,0,0,0,0,0,0,0,1,0,0,2,0,0,0,0,0,0,0,0,CHEMBL4640093,COc1ccc(S(=O)(=O)N(CC(=O)O)c2cnc(N(CC(=O)O)S(=O)(=O)c3ccc(F)cc3)c3ccccc23)cc1,280.0,2.447158031342219,CHEMBL3038498,Keap1/Nrf2,2,Large-Polar-Aromatic-Flexible-Hydrophilic,Other
14.250064845924888,14.250064845924888,0.0044687702374119,-4.282824692051105,0.1774839134683466,11.73469387755102,704.7700000000002,675.538,704.1747842480002,252,0,0.2643585556917544,-0.4866170524278843,0.4866170524278843,0.2643585556917544,0.673469387755102,1.183673469387755,1.6938775510204085,32.234863676039446,10.192761325914468,2.3166823296979913,-2.2811269757678363,2.3875535766821323,-2.3257656203965547,7.927330132562172,0.3066791636346512,3.811678962308899,1.503607716088652,2235.7037080637324,34.5974365915019,26.094985651659968,27.72797881351542,23.501206898008572,14.658736822295715,17.538863479896992,10.912515490248875,14.637136042308,7.390793030665597,10.952827707512188,4.774501399542789,7.628877078002368,-5.75,110345070109.0163,33.16231979381997,13.772060320159,7.388512396694215,280.4088146176062,4.736862953800049,18.17361463884272,11.648808995999854,0.0,20.046582306815168,0.0,8.610431982592466,31.423372632934772,0.0,10.197363616602075,47.52510539416365,88.79540282139062,6.06636706846161,34.255252312227825,25.962871970132746,31.42135485618229,0.0,41.24826761582362,0.0,43.334836126754865,8.610431982592466,125.15189033906094,0.0,5.749511833283905,13.347294936392515,15.765187597041944,5.749511833283905,0.0,58.0838615844815,39.742977083153235,19.664695240427143,28.33916347109084,100.78647297795976,0.0,0.0,0.0,192.90999999999997,25.863803147861063,21.226009016332696,0.0,58.2604551060245,5.563451491696996,19.737334965986456,66.73003775307771,24.26546827384644,13.847474399381248,41.24826761582362,4.736862953800049,78.78447958839789,0.0,-0.0089290986285304,27.22117699772365,2.4580921951777883,-0.1743540973451169,22.46826785850356,0.0,2.9287829356363337,-8.510849712798887,0.1612903225806451,49,2,15,0,0,0,0,4,2,6,0,0,11,2,18,2,13,0,0,0,0,0,9.320683031773294,6,3.8387400000000023,174.62499999999963,0,0,0,0,0,8,2,0,0,0,0,0,0,0,0,8,2,0,0,0,0,2,0,0,0,0,0,0,0,2,2,0,0,0,4,0,0,0,0,0,0,1,0,0,1,0,0,0,0,0,0,0,0,0,0,0,0,0,0,0,0,0,0,0,0,0,0,0,0,0,0,0,0,0,0,0,2,0,0,2,0,0,0,0,0,CHEMBL5191463,Cc1ccc(S(=O)(=O)N(Cc2nnn[nH]2)c2ccc(N(Cc3nnn[nH]3)S(=O)(=O)c3ccc(C)cc3)c(OCc3ccc(F)cc3)c2)cc1,3920.0,3.593286067020457,CHEMBL3038498,Keap1/Nrf2,2,Large-Polar-Aromatic-Flexible-Hydrophobic,Large-Polar-Aromatic-Flexible-Hydrophobic
14.02340145967456,14.02340145967456,0.197100133775576,-4.567608823347231,0.1891769043716193,12.95744680851064,684.7640000000004,651.5000000000001,684.161150856,248,0,0.3267540546061773,-0.4866167916059354,0.4866167916059354,0.3267540546061773,0.7021276595744681,1.148936170212766,1.6170212765957446,32.23486440983585,10.171179938381762,2.376381652531504,-2.3176564177146974,2.3954405205423286,-2.4418077359309707,7.928444913129841,-0.1383718396348441,3.014162315816818,1.9601023044453705,1983.5155161661585,34.68106931801569,25.863114826594018,27.49610798844947,22.032655522768753,14.228657791102597,17.108784448703872,10.823420552991886,14.45328034691247,7.316792538931514,11.128331643969112,4.644300415842781,7.872451237071234,-4.949999999999998,10542881198.317871,34.914251214275424,13.80990962482979,7.550841213965693,272.1189762294081,14.94991774348146,30.25729629713864,0.0,0.0,20.046582306815168,11.938610575903695,4.305215991296233,35.12029937577257,0.0,0.0,47.52510539416365,81.78933683815238,6.06636706846161,21.165739500402672,45.765001127957795,43.359965432085986,0.0,0.0,0.0,56.17647937260688,8.610431982592466,113.50308134306108,0.0,5.749511833283905,13.347294936392515,15.765187597041944,5.749511833283905,0.0,51.0709409925389,36.24253863947173,19.664695240427143,30.537828874472233,100.78647297795976,0.0,0.0,0.0,158.59,49.88609538206068,41.028138174157746,0.0,33.52213329819949,14.17388347428946,30.183374320007836,61.52104081584512,38.112942673227685,0.0,0.0,4.736862953800049,76.73222830315919,0.0,24.073347474700807,19.90643305530356,1.516605096953157,-3.751902027938056,16.868980233320613,0.0,5.568059173225196,-9.08041797539114,0.2121212121212121,47,2,11,0,0,0,0,4,0,4,2,0,7,2,14,0,13,0,0,0,0,0,10.258779869952072,4,5.3583400000000045,173.05719999999957,2,0,0,0,0,0,0,0,2,2,2,0,0,0,0,2,0,0,0,0,0,0,0,0,0,0,0,0,0,2,2,0,0,0,4,0,0,0,0,0,0,1,0,0,1,0,0,0,0,0,0,0,0,0,0,0,0,0,0,0,0,0,0,0,0,0,0,0,0,0,0,0,0,0,0,0,2,0,0,0,0,0,0,0,0,CHEMBL5199661,Cc1ccc(S(=O)(=O)N(c2ccc(N([C@@H](C)C(=O)O)S(=O)(=O)c3ccc(C)cc3)c(OCc3ccc(F)cc3)c2)[C@@H](C)C(=O)O)cc1,1270.0,3.103803720955957,CHEMBL3038498,Keap1/Nrf2,2,Large-Polar-Aromatic-Flexible-Hydrophobic,Large-Polar-Aromatic-Flexible-Hydrophobic
13.70236666418023,13.70236666418023,0.0266465442926482,-5.0417424818810765,0.2556360572691064,12.214285714285714,627.5940000000002,606.4259999999999,627.075704892,222,0,0.4066395499536118,-0.4967671120136114,0.4967671120136114,0.4066395499536118,0.8571428571428571,1.380952380952381,1.9047619047619049,32.23486287436043,10.115610706508818,2.3886803860009476,-2.2820392419406303,2.3777236301141604,-2.394968104815355,7.928065462448598,-0.1347898654645429,2.9368585117278907,1.9467657042315631,1833.007110948748,30.871668241257183,21.48646565958588,23.119458821441334,19.646050831816424,11.763437063590402,14.643563721191684,8.67435610483021,12.398976656889326,5.908794599962422,9.432947517141423,4.028068109833879,6.8714118215914555,-4.439999999999999,999251494.8074604,30.517015977498453,11.443580119932466,6.231173607355327,237.0442764349782,9.843390348640757,24.65624548615495,5.817862777835028,0.0,20.046582306815168,12.145603805395323,9.099753175368054,30.515203528576137,13.17124514302446,0.0,24.26546827384644,48.53093654769288,10.772448428929591,28.78499433860972,49.03518169206973,48.293585076215194,0.0,4.983978520947208,0.0,15.967265468479024,28.80974233569515,84.81046923419831,0.0,5.749511833283905,13.347294936392515,29.06690924321787,5.749511833283905,0.0,59.27101404294379,24.84111949088699,5.817220841045894,0.0,88.78421534418797,0.0,10.772448428929591,0.0,134.18,67.4996522931179,44.298318738269685,0.0,19.9731478957436,16.251571396193214,24.26546827384644,55.64073408897041,0.0,0.0,4.983978520947208,4.736862953800049,114.03405706766308,0.0,14.75308686736821,9.199012778298425,-0.5758144130267142,-2.5402769700462997,13.378705659573958,-4.330559984190643,-3.1194794195364444,-8.215398252770251,0.1538461538461538,42,1,10,0,0,0,0,3,1,4,0,0,7,1,16,1,10,0,0,0,0,0,8.314855175232447,4,4.4200000000000035,143.8913999999998,1,0,0,0,0,1,0,0,1,1,1,0,0,0,0,3,0,0,0,0,0,0,0,0,0,3,0,0,0,2,0,0,0,0,3,0,1,0,0,0,0,1,0,0,4,0,0,0,0,0,0,0,0,0,0,1,0,0,0,0,0,0,0,0,0,0,0,0,0,0,0,0,0,1,0,0,2,0,0,0,0,0,0,0,0,CHEMBL4641049,COc1ccc(S(=O)(=O)N(CC(=O)O)c2ncc(N(CC(F)(F)F)S(=O)(=O)c3ccc(F)cc3)c3ccccc23)cc1,120.0,2.0791812460476247,CHEMBL3038498,Keap1/Nrf2,2,Large-Polar-Aromatic-Flexible-Hydrophobic,Large-Polar-Aromatic-Flexible-Hydrophobic
14.653436527887198,14.653436527887198,0.0115099742963207,-4.2682826373602065,0.1415001923458889,12.849056603773583,728.871,688.551,728.266856,270,0,0.264523130162712,-0.3916791163643968,0.3916791163643968,0.264523130162712,0.8301886792452831,1.6037735849056605,2.3773584905660377,32.233274041702224,9.91928993541036,2.294796396494793,-2.295005695308908,2.356392521704299,-2.3627903143012285,7.897117607317591,0.0735134654040611,3.5674862206238274,1.3353158977626252,2456.08505914156,37.11394444944695,29.326468524724746,30.14296510565247,25.699371625854077,17.686177390331576,19.169340637925966,13.21923507076087,14.901637312170385,9.765810890142085,11.094471368914991,6.994670561497123,8.003756671350331,-5.619999999999998,1045319965046.8514,35.76839114313754,15.15784766940006,7.233146886369727,307.9391934879886,15.112964520531888,0.0,0.0,0.0,21.837650612110593,0.0,9.589074368143644,17.821694783926212,5.098681808301038,0.0,86.14096364415597,88.68692167526527,29.77986728691614,35.184489668924094,28.219926142153987,32.610099041040186,0.0,19.402489338748783,0.0,57.26102750185084,6.544756405912575,148.39972068049093,0.0,16.814289258077554,4.722094864452088,0.0,0.0,0.0,51.67036211292263,42.62345473419801,0.0,68.55956826186818,114.0900907078268,0.0,27.586737687007144,0.0,141.82999999999998,22.537352847272007,28.219926142153987,0.0,28.536448152776188,59.38904901676497,29.485246946862272,29.828919765543436,27.780813871380495,60.6636706846161,17.712199132604322,5.098681808301038,30.91151260205901,0.0,30.072432835076665,26.91827979265019,5.924647603676764,-1.213195630602321,31.86550504638577,2.894272136098832,2.3114949186819707,-4.2682826373602065,0.2142857142857142,53,3,10,0,1,1,2,5,1,6,0,0,8,3,11,2,11,0,0,0,0,0,10.229657062777305,7,6.336900000000009,202.9440999999995,0,2,2,0,0,2,0,0,0,0,2,2,0,0,0,3,1,0,0,0,0,0,0,0,0,0,0,2,0,0,0,0,0,0,5,0,2,0,0,0,0,0,0,0,0,0,0,0,0,0,0,0,0,0,0,0,0,0,0,0,0,0,0,0,0,0,0,0,0,0,0,0,0,0,0,0,1,0,0,0,0,0,0,1,0,CHEMBL2030858,CCCCc1c(-c2ccc(C(=O)NS(=O)(=O)c3ccc4ccccc4c3)cc2C(=O)N2CCc3ccccc3C2)c(CO)nn1-c1cccc(CO)c1,15.0,1.1760912590556811,CHEMBL4625,Apoptosis regulator Bcl-X,2,Large-Polar-Aromatic-Flexible-Hydrophobic,Large-Polar-Aromatic-Flexible-Hydrophobic
14.527515984557466,14.527515984557466,0.0181732929407996,-4.6045245857483605,0.1418807027176484,13.116666666666667,879.0040000000002,836.6679999999999,878.1961357840001,316,0,0.2673088473779239,-0.4967671120212509,0.4967671120212509,0.2673088473779239,0.6833333333333333,1.3,1.9166666666666667,32.236194009560904,10.035192358277074,2.386601866244189,-2.3068873213172756,2.4216516187734385,-2.4292250789339636,7.926307592968612,-0.1205750910938924,3.658690553230256,1.422529159303059,2746.4092809000913,43.4068376682604,33.109127006120396,35.55861674890357,28.51990405153569,18.12941043560535,22.53580025959477,13.41283879047764,18.60837543416264,9.673131409542885,14.22246566254305,6.768016061588413,10.337005801755938,-6.309999999999999,11330962606546.438,43.273456091263434,17.500611136007286,8.96894441338824,348.3472565515696,23.84736154605067,40.48012804371393,0.0,0.0,41.88423291892576,0.0,13.894290359439877,34.69758068189099,0.0,0.0,24.26546827384644,109.4006007644732,17.795594172293132,43.91754339082924,53.78991713633065,53.25900546829288,0.0,9.444189728904176,0.0,34.07285007831792,50.733828699082,125.88496170740004,0.0,22.99804733313562,37.596767266251085,11.374772549367124,22.99804733313562,0.0,78.59645338862508,46.07976945129241,6.923737199690624,22.732195304238942,123.88105765886236,0.0,0.0,0.0,204.01999999999992,54.4708301539863,34.842465321130454,0.0,39.08892656335938,34.06282475792927,9.868667482993228,101.23559498664947,48.22184934131076,4.722094864452088,4.722094864452088,18.947451815200196,109.19879902230004,0.0,28.92257370289477,0.0,1.826867147915316,-0.9435101381913636,24.912138667092467,0.1232029778571259,0.8713205446527998,-7.994725257854471,0.2195121951219512,60,2,16,0,1,1,2,5,0,5,1,0,13,2,19,1,16,0,0,0,0,1,12.621865459404786,6,4.338720000000003,222.13479999999947,0,0,0,0,0,0,0,0,0,0,2,2,0,0,0,2,2,0,0,0,0,0,0,0,0,0,0,2,0,2,1,0,0,0,5,0,1,0,0,0,0,4,0,0,0,0,0,0,0,0,0,0,0,0,0,4,0,0,0,0,0,0,0,0,0,0,0,0,0,0,0,0,0,0,0,0,3,0,0,0,0,0,0,0,0,CHEMBL4739983,COc1ccc(S(=O)(=O)NC(=O)CN(c2cccc3c2CCN3C(C(=O)NS(=O)(=O)c2ccc(C)cc2OC)c2cccc(OC)c2)S(=O)(=O)c2ccc(OC)cc2)cc1,22.0,1.3424226808222062,CHEMBL2069156,Kelch-like ECH-associated protein 1,2,Large-Polar-Aromatic-Flexible-Hydrophobic,Large-Polar-Aromatic-Flexible-Hydrophobic
14.237568280664629,14.237568280664629,0.0208166228178849,-4.488520563923474,0.1909478638908091,11.91304347826087,654.7220000000001,628.5140000000001,654.1130577920001,232,0,0.3238784119167942,-0.4798953607122863,0.4798953607122863,0.3238784119167942,0.4565217391304347,0.782608695652174,1.1521739130434785,32.23486365400969,10.064842784882552,2.3314375998937655,-2.2820079529493595,2.39547809839565,-2.3696990711288315,7.930660251894854,-0.1357490660448401,3.0469332330242853,1.5724643765134458,2214.0802290469837,32.63925295475879,24.01605965187635,25.649052813731807,21.99607426255956,13.963069405289067,16.84319606289035,10.41480559477434,14.076269916506286,7.608516370861231,11.2442785929687,5.625865649800719,8.92651383313926,-5.459999999999997,17705795245.244877,30.561243540404917,11.802912158295412,5.3730698334820515,264.00308441413335,10.213054789681411,13.08951281182515,0.0,0.0,20.046582306815168,11.938610575903695,18.199506350736108,16.835593968657875,0.0,0.0,97.0618730953858,35.03791670277603,21.544896857859182,21.165739500402676,36.637723126482925,75.67731071887475,0.0,0.0,0.0,9.79096695103555,21.69994479441762,121.32734136923226,0.0,0.0,8.610431982592466,11.374772549367124,0.0,0.0,52.07677214606812,29.63565667495881,0.0,0.0,131.1183083202678,0.0,32.31734528678877,0.0,149.36,45.074705694544015,36.637723126482925,0.0,31.93818792933227,21.544896857859182,8.610431982592466,36.39820241076966,84.92913895846256,0.0,0.0,0.0,58.48590720345133,0.0,23.97637099371976,22.169037010161546,-0.0416332456357704,-2.827765635017824,31.90552367402,0.0,-1.8570655395187452,-8.977041127846949,0.0588235294117647,46,2,10,0,0,0,0,6,0,6,0,0,6,2,12,0,10,0,0,0,0,0,7.841558107732007,6,5.706000000000005,176.17919999999967,2,0,0,0,0,0,0,0,2,2,2,0,0,0,0,2,0,0,0,0,0,0,0,0,0,0,0,0,0,2,0,0,0,0,6,0,3,0,0,0,0,0,0,0,0,0,0,0,0,0,0,0,0,0,0,0,0,0,0,0,0,0,0,0,0,0,0,0,0,0,0,0,0,0,0,0,2,0,0,0,0,0,0,0,0,CHEMBL3601217,O=C(O)CN(c1ccc(N(CC(=O)O)S(=O)(=O)c2cccc3ccccc23)c2ccccc12)S(=O)(=O)c1cccc2ccccc12,47.4,1.675778341674085,CHEMBL3038498,Keap1/Nrf2,2,Large-Polar-Aromatic-Flexible-Hydrophobic,Large-Polar-Aromatic-Flexible-Hydrophobic
13.259809468367994,13.259809468367994,0.1320503549279013,-4.405070350424146,0.1001789311216116,15.53061224489796,711.9510000000001,662.5590000000001,711.3124262880001,266,0,0.2931983166921879,-0.3780771900331397,0.3780771900331397,0.2931983166921879,1.0612244897959184,1.7142857142857142,2.2857142857142856,32.23329975231481,9.76461665263851,2.377179959586715,-2.4430961152766457,2.380831582566228,-2.4714536756902103,7.989592163699408,-0.3836942664287482,3.054746365653073,1.4280885174330624,1670.1655390707683,35.821415709563006,29.27003485916829,30.903028021023744,23.093904457435865,16.44581989794926,18.914581705197136,14.08645287755301,16.8622681076817,8.636873294425323,11.140068227236322,6.151894759664732,8.138863598697961,-3.649999999999999,28569575697.68261,38.15676812581476,16.371326612742838,10.919264913864792,294.5400391146882,19.853471019507335,5.687386274683562,0.0,0.0,21.61785715744265,0.0,14.908855452837392,13.139891848781026,0.0,11.761884949391115,38.970312804456704,100.26931388006068,54.206693099357366,15.419845335319136,22.872508171018477,44.75451465620089,0.0,9.622004595302563,5.414990469396779,67.88835668194312,56.80896266597323,88.47417458200191,0.0,0.0,14.938793199308895,17.062158824050687,0.0,11.761884949391115,82.38335346459665,14.760154107207631,15.529308738162351,56.81248676654472,82.5873717725749,0.0,0.0,0.0,134.12,20.85378193157676,23.32665243716633,0.0,38.89158962611032,12.1736752296728,55.545970905178706,12.13273413692322,43.13715076451509,49.3270890385129,35.71000479838077,4.736862953800049,34.575489449391824,1.6349753436317125,29.523961108412873,15.374091422758688,0.9014413651056168,-0.1735208376087446,20.17791710386474,3.434013456125399,9.008033449219669,1.2935981390982263,0.4722222222222222,49,2,11,0,1,1,1,3,0,3,1,0,10,2,13,1,15,0,1,1,0,0,12.74850843825324,4,6.659600000000007,197.19709999999944,0,0,0,0,0,0,0,0,0,0,1,1,0,0,0,3,2,0,0,0,0,0,0,0,0,0,0,1,0,2,0,0,0,0,3,0,0,0,0,0,0,1,0,0,0,0,0,0,0,0,0,0,0,0,0,1,0,0,1,1,0,0,0,0,0,0,0,0,0,1,0,0,0,0,0,1,1,0,0,0,0,0,0,0,0,CHEMBL221218,COC1(CC(C)(C)C)CCN(c2ccc(C(=O)NS(=O)(=O)c3ccc(N[C@H](CCN(C)C)CSc4ccccc4)c([N+](=O)[O-])c3)cc2)CC1,440.0,2.643452676486187,CHEMBL4625,Apoptosis regulator Bcl-X,2,Large-Polar-Aromatic-Flexible-Hydrophobic,Large-Polar-Aromatic-Flexible-Hydrophobic
13.562662411849022,13.562662411849022,0.0009674989779611,-4.316798509182098,0.2994965543652244,11.63157894736842,556.6180000000003,532.4260000000004,556.097407728,198,0,0.3238784087862733,-0.496767112021412,0.496767112021412,0.3238784087862733,0.7631578947368421,1.2894736842105263,1.8157894736842104,32.23478251297024,10.071787314588144,2.2899181177115833,-2.2488458515475003,2.3593983485071717,-2.3552443306948665,7.927609597654825,-0.1347277824681891,2.9165001753059543,1.8065783412767584,1686.055423486269,27.501424753254103,20.358672355015997,21.99166551687145,18.062047166349064,11.138245338735532,14.061471915130568,8.03980804017146,11.584520557610531,5.710107006446677,8.865473172586796,3.845621214271951,6.358429558260994,-4.289999999999999,232935595.9693696,26.764003115557223,10.597580184598932,5.357946861537031,219.70111847084172,14.580253302440804,18.043780072480384,0.0,0.0,20.046582306815168,5.969305287951848,13.821848039820145,16.835593968657875,0.0,0.0,24.26546827384644,60.6636706846161,10.772448428929591,35.38533458295774,36.2103844551705,48.16310857306373,0.0,0.0,0.0,9.79096695103555,29.791662344215965,84.92913895846256,0.0,11.49902366656781,18.50103676334842,11.374772549367124,11.49902366656781,0.0,48.675778139918066,24.84111949088699,0.0,0.0,94.72010590949812,0.0,10.772448428929591,0.0,139.31,32.56064400067959,26.7366585475704,0.0,21.165739500402672,22.2714720954974,4.305215991296233,74.88326576717118,24.26546827384644,0.0,4.722094864452088,9.473725907600098,66.71723933139153,0.0,11.59743002548775,10.265134947475246,0.267131462012415,-0.4319650346673644,20.67889167710725,0.0,-0.8519058207383243,-5.40862325473516,0.1153846153846153,38,2,10,0,0,0,0,4,0,4,0,0,7,2,12,0,10,0,0,0,0,0,7.464043923104561,4,3.937700000000002,142.9120999999998,1,0,0,0,0,0,0,0,1,1,1,0,0,0,0,1,1,0,0,0,0,0,0,0,0,0,0,0,0,2,0,0,0,0,4,0,1,0,0,0,0,2,0,0,0,0,0,0,0,0,0,0,0,0,0,2,0,0,0,0,0,0,0,0,0,0,0,0,0,0,0,0,0,0,0,0,2,0,0,0,0,0,0,0,0,CHEMBL3617852,COc1ccc(S(=O)(=O)Nc2ccc(N(CC(=O)O)S(=O)(=O)c3ccc(OC)cc3)c3ccccc23)cc1,61.0,1.7853298350107671,CHEMBL3038498,Keap1/Nrf2,2,Large-Polar-Aromatic-Flexible-Hydrophobic,Large-Polar-Aromatic-Flexible-Hydrophobic
13.822476754252651,13.822476754252651,0.0208136768223912,-4.255111056423216,0.2568025062709959,11.575,584.6720000000003,556.4480000000003,584.1287078559999,210,0,0.3263039911051081,-0.496767112021412,0.496767112021412,0.3263039911051081,0.75,1.3,1.85,32.23478283257412,10.071731702893704,2.295992094721334,-2.255681290603201,2.360527893492345,-2.3642559606685083,7.927617913074881,-0.1407187568753382,2.9610937319520176,1.8139385734818272,1720.938017257978,28.9156383156272,22.02681383116645,23.659806993021903,19.100051968809847,12.11454460199884,15.03777117839388,8.451090666768474,11.995803184207546,6.009271255777064,9.164637421917186,4.046656720979883,6.554434665719437,-4.289999999999998,644478686.9568771,28.71129192284286,11.843224725195055,5.972635659032826,232.7503141769458,14.210588861400147,18.043780072480384,0.0,0.0,20.046582306815168,5.969305287951848,13.821848039820145,16.835593968657875,0.0,0.0,24.26546827384644,67.58740788430673,10.772448428929591,41.99221654747066,35.84072001412984,48.16310857306373,0.0,0.0,0.0,16.714704150726174,36.39854430872888,84.92913895846256,0.0,11.49902366656781,18.50103676334842,11.374772549367124,11.49902366656781,0.0,50.17613270959028,29.57798244468704,0.0,6.923737199690624,94.72010590949812,0.0,10.772448428929591,0.0,128.31,32.56064400067959,21.630131152729696,0.0,27.77262146491559,22.2714720954974,4.305215991296233,74.88326576717118,31.18920547353706,0.0,4.722094864452088,14.210588861400147,72.77396678804516,0.0,12.506441452765284,0.8284190082904914,0.4027451503889996,0.2326899532269359,21.286004613011393,0.0,1.1017171463153708,-5.298650778710303,0.1785714285714285,40,1,10,0,0,0,0,4,0,4,0,0,8,1,12,0,11,0,0,0,0,0,8.500857059822643,4,4.416200000000004,151.90929999999972,0,0,0,0,0,0,0,0,0,0,1,1,0,0,0,1,1,0,0,0,0,0,0,0,0,0,0,0,0,2,0,0,0,0,4,0,1,0,0,0,1,3,0,0,0,0,0,0,0,0,0,0,0,0,0,2,0,0,0,0,0,0,0,0,0,0,0,0,0,0,0,0,0,0,0,0,2,0,0,0,0,0,0,0,0,CHEMBL3632882,CCOC(=O)CN(c1ccc(NS(=O)(=O)c2ccc(OC)cc2)c2ccccc12)S(=O)(=O)c1ccc(OC)cc1,85.0,1.9294189257142929,CHEMBL3038498,Keap1/Nrf2,2,Large-Polar-Aromatic-Flexible-Hydrophobic,Large-Polar-Aromatic-Flexible-Hydrophobic
14.47415754511048,14.47415754511048,0.1231905595024425,-4.19105359065829,0.015974222728407,15.363636363636363,1107.8449999999991,1036.2769999999991,1106.4637142919998,410,0,0.2931983039215945,-0.3936873586288401,0.3936873586288401,0.2931983039215945,0.8181818181818182,1.5194805194805194,2.1948051948051948,35.49569508544475,9.954858960582053,2.2762380960188984,-2.3726166837901337,2.3954775571230353,-2.4610313264536883,7.989649984124358,-0.3836937195647685,3.8483858698295537,0.9433708673554096,3006.168901412345,54.477541001196336,44.06049633728856,46.449418445162465,37.13140241177947,26.216550517238396,29.063276797495497,20.016244008539495,23.228495019140176,14.114441175157785,16.919919277754495,9.687838250474808,11.885255682343647,-6.159999999999998,8.903544669318875e+16,57.027109510747,26.939710214612575,15.535189686723974,461.5568847549286,49.91328029973781,11.381314269532025,0.0,0.0,21.61785715744265,0.0,19.63095031728948,8.417796984328938,0.0,11.761884949391115,54.06550936946379,137.41830143356808,127.612647731799,22.529642876596665,28.34870000689984,67.73022709580053,0.0,24.58361744434912,0.0,47.74399544262242,125.333774914489,148.35506451820066,0.0,22.253805966787983,25.155491534165705,28.43693137341781,0.0,23.36282483962363,166.36905059374826,16.56804755932016,10.114318268765572,29.75093004769831,137.31515189188087,5.022633313741326,22.253805966787983,0.0,192.03,21.050568589973555,33.53970722684774,0.0,41.24698017082329,61.42533962549558,96.700610741462,12.13273413692322,23.894619086314336,103.72205907475976,59.03562684631754,11.600939890232516,31.96610594632621,8.013761481493582,38.52858401013029,39.6528580173742,5.996580277749778,0.4424020724693314,36.68737160467887,2.7998871380316506,8.879433700761355,1.894126862095853,0.3859649122807017,77,5,17,0,2,2,1,5,1,6,2,0,15,5,20,3,25,0,2,2,0,0,19.95186759216235,8,8.14620000000001,311.43140000000034,0,2,2,0,0,1,0,0,0,0,1,1,0,0,0,7,3,0,0,1,0,0,0,0,0,0,0,1,0,4,1,0,0,0,5,0,0,0,0,0,0,0,0,0,1,0,0,0,0,0,0,0,0,0,0,0,0,0,1,1,0,0,0,0,0,0,0,0,0,0,2,0,0,0,0,1,1,0,0,0,0,0,0,0,0,CHEMBL2063883,CN(C)CC[C@H](CSc1ccccc1)Nc1ccc(S(=O)(=O)Nc2ccc(N3CCN(c4cccc(-c5c(-c6ccc(Cl)cc6)cn(CC[C@H](O)CO)c5C(=O)NCCCN5CCN(C)CC5)c4)CC3)cc2)cc1[N+](=O)[O-],1.3,0.1139433523068367,CHEMBL4860,Apoptosis regulator Bcl-2,2,Large-Polar-Aromatic-Flexible-Hydrophobic,Large-Polar-Aromatic-Flexible-Hydrophobic
14.656999929222517,14.656999929222517,0.0461118786527641,-4.3280955592780375,0.1494365882613946,14.294117647058824,745.7329999999998,707.4289999999999,744.2052300559999,264,0,0.2645231452746289,-0.3408333102889043,0.3408333102889043,0.2645231452746289,0.9411764705882352,1.6862745098039216,2.411764705882353,35.49678814852151,9.918197197574193,2.32184753309533,-2.365467191935978,2.338029902585936,-2.478380208326654,7.897128239875463,0.0648240901766734,3.134249968861502,1.422585486746026,2226.2944594275036,36.28551732470076,28.273376555677448,30.60173102864208,24.537575583305607,16.79308475158215,19.032176945195,12.46677287168112,14.963575366571842,8.994650149448143,10.929495400281109,6.430726053019606,7.859951808719051,-4.549999999999998,209395234001.9293,36.24789033480947,15.364641757074155,7.572200721389584,307.19689321784074,15.533486938863138,0.0,0.0,5.948339280986494,21.837650612110593,0.0,9.589074368143644,23.10784889067544,0.0,0.0,85.58029072753918,66.10742740894486,59.32007845609536,21.80888835572064,18.00687135247258,61.76031810249171,0.0,19.589961637196986,5.733667477162185,50.59201997873758,24.5341789485882,117.35868805588468,0.0,11.257379486545457,15.355672072464747,5.948339280986494,0.0,23.20187978046503,60.77613326266251,22.98886918224617,0.0,58.53199798016489,89.95509893713181,10.045266627482652,22.02982791547505,0.0,138.58999999999995,21.837650612110593,18.00687135247258,0.0,33.63161700771363,40.580154324576654,42.44428325553596,30.462311845459514,29.16537800469692,30.33183534230805,28.453457515631023,33.919525778574425,29.108298507596963,13.056566550606906,41.26753622411039,1.8779249224445391,9.088503034832485,-0.8479369451833618,21.65998742920707,3.819288735731021,6.103482655487567,-4.3280955592780375,0.2631578947368421,51,3,10,0,1,1,2,4,1,5,1,0,8,2,13,2,11,0,0,0,0,0,10.92031077341291,6,6.874500000000008,201.74489999999952,0,0,0,0,0,2,0,0,0,0,2,2,0,0,0,4,1,1,0,0,0,0,0,0,0,0,0,2,0,1,0,0,0,0,4,0,2,0,0,0,0,0,0,0,2,0,0,0,0,0,0,0,0,0,0,0,0,0,0,0,0,0,0,0,0,0,0,0,0,0,0,0,0,0,0,0,1,0,0,0,0,0,0,0,0,CHEMBL2031008,CCCN(CCC)c1ncc(Cl)c(-c2ccc(C(=O)NS(=O)(=O)c3ccc4cccc(Cl)c4c3)cc2C(=O)N2Cc3ccccc3C[C@H]2CN)n1,5.09,0.7067177823367587,CHEMBL4860,Apoptosis regulator Bcl-2,2,Large-Polar-Aromatic-Flexible-Hydrophobic,Large-Polar-Aromatic-Flexible-Hydrophobic
13.994987770493172,13.994987770493172,0.036249993465713,-4.804095329745742,0.0764292798987473,17.484848484848484,949.043,901.6669999999996,948.279803744,348,0,0.4195304377131386,-0.4928223282808986,0.4928223282808986,0.4195304377131386,1.0303030303030305,1.7575757575757576,2.409090909090909,32.16671306061308,9.851307771362784,2.4441166394555425,-2.3498537042208527,2.4162634303532013,-2.573865093661113,8.180212799832391,-0.1437531316580384,3.9646956360870584,0.9823646397402744,2553.194784543987,47.92334552620544,36.56244580731633,38.195438969171775,31.26362767740038,20.623590116350517,22.31973950853313,16.472677301511972,18.320637766410343,10.637123792612446,12.52214978553514,7.16719135038941,8.843875910650883,-6.269999999999999,164424548210703.44,49.170123872877554,20.918991347573247,11.942225841474285,386.4591520738904,34.850603195103986,17.833193491579827,11.49902366656781,17.721539188054518,11.146391442523791,6.176298517443475,28.872595651209583,4.983978520947208,18.433136697762947,11.336785877934735,51.10304694137992,77.19882254271145,25.93115605767717,71.1551595362077,56.46104731962442,58.04262156473804,5.261891554738487,25.417375190660824,5.414990469396779,71.44529501401477,33.41307428212852,99.02708043376,0.0,33.758355498042285,20.10730311561276,17.96578232709628,17.248535499851716,23.09867082732585,100.35897833623991,36.63606661344338,23.669840536618164,61.56058880656033,71.07934647212353,0.0,16.516618792232176,0.0,200.48999999999995,69.95983098844368,42.25045845822428,0.0,67.65728806477043,23.39170350954972,32.66425497125584,42.35119565280833,43.68775806341626,31.189205473537065,15.61755572895987,19.47248041613863,57.6072829513417,2.2186919680692734,74.28213156780669,24.690409752819207,2.8316140362659734,-2.652591075015059,14.504596906912914,-4.453101956355541,7.024875611751864,1.2794235697363323,0.3695652173913043,66,3,15,0,2,2,5,3,1,4,3,0,13,3,20,3,16,0,2,2,0,0,15.58468781599743,6,7.062000000000007,238.98419999999945,0,1,1,0,0,1,0,0,0,0,5,5,0,1,0,4,2,0,0,0,1,0,0,0,0,3,0,5,0,0,1,0,0,0,3,0,0,0,0,0,0,3,0,0,3,0,0,0,1,0,0,0,0,0,0,1,0,1,0,0,0,0,0,0,0,0,0,0,0,0,0,0,0,0,0,1,0,0,0,0,1,0,0,0,0,CHEMBL4218019,COc1cc(/C=C2\SC(=O)N(CCOCCC(=O)N[C@H](C(=O)N3C[C@H](O)C[C@H]3C(=O)NCc3ccc(-c4scnc4C)cc3)C(C)(C)C)C2=O)ccc1Oc1ccc(C#N)cc1C(F)(F)F,8.0,0.9030899869919436,CHEMBL3429,Estrogen-related receptor alpha,2,Large-Polar-Aromatic-Flexible-Hydrophobic,Large-Polar-Aromatic-Flexible-Hydrophobic
13.534516175397023,13.534516175397023,0.0955377889558402,-4.124504195090298,0.0553511744455111,13.71186440677966,851.4989999999999,804.1229999999997,850.2850216639999,306,0,0.2931983039215945,-0.3758658713439442,0.3758658713439442,0.2931983039215945,0.847457627118644,1.5423728813559323,2.2203389830508473,35.49569411713462,10.008300893800207,2.244935169296758,-2.3722968197484344,2.347090596302136,-2.4609718180378017,7.98963481266124,-0.3836930530463149,3.6367497332295775,0.9794172088649608,2475.661240983198,41.51972184338276,33.162189179269745,35.55111128714364,28.411857058966653,19.320583148620447,22.167309428877545,14.742074871057415,17.954325881658107,10.188078014492104,12.993556117088806,7.06442563738465,9.26184306925349,-5.539999999999999,14618955210204.63,41.613641094777314,18.583922582912574,10.561524729689095,354.55199295659935,20.016517796557764,11.381314269532025,0.0,0.0,15.710677428091143,0.0,19.518216068362843,8.417796984328938,5.098681808301038,11.761884949391115,54.06550936946379,105.42077830742932,95.39178127900072,9.818794524335445,13.341108033146607,61.823047366449025,0.0,14.680394474296698,7.04767198267719,22.25362940310952,72.41068253182341,142.6611365233522,0.0,22.384282469939446,19.838702930159375,28.43693137341781,0.0,23.36282483962363,86.63532293825531,17.070963136084774,10.114318268765572,6.4208216229260096,137.31515189188087,5.022633313741326,22.384282469939446,0.0,128.88,14.946602202225254,18.53211525309451,0.0,22.31209685403286,16.462873195171678,83.86550921577485,12.13273413692322,23.894619086314336,98.75170020786756,49.00408093485629,16.699621698533555,31.51141561468268,7.810548410645659,19.324489042688135,21.001757125545204,6.490279141126792,0.6767508807437624,37.37706563115902,2.7824561787979585,3.95415078198632,1.7655316370689218,0.25,59,2,12,0,1,1,0,5,1,6,1,0,11,2,15,2,16,0,1,1,0,0,13.107537025397471,7,8.967600000000004,241.6105999999994,0,0,0,0,0,2,0,0,0,0,0,0,0,0,0,6,2,0,0,0,0,0,0,0,0,0,0,0,0,4,1,0,0,0,5,0,0,0,0,0,0,0,0,0,1,0,0,0,0,0,0,0,0,0,0,0,0,0,1,1,0,0,0,0,0,0,0,0,0,0,1,0,0,0,0,1,1,0,0,0,0,0,0,0,0,CHEMBL2326037,CN(C)CC[C@H](CSc1ccccc1)Nc1ccc(S(=O)(=O)Nc2ccc(N3CCN(c4cccc(-c5cn(C)nc5-c5ccc(Cl)cc5)c4)CC3)cc2)cc1[N+](=O)[O-],26.0,1.414973347970818,CHEMBL4625,Apoptosis regulator Bcl-X,2,Large-Polar-Aromatic-Flexible-Hydrophobic,Large-Polar-Aromatic-Flexible-Hydrophobic
13.18337719513249,13.18337719513249,0.0301264283478939,-4.017629870581642,0.2916220586164493,11.578947368421051,558.6340000000004,532.4260000000004,558.113057792,200,0,0.2615526326650164,-0.4928688180187063,0.4928688180187063,0.2615526326650164,0.5,0.868421052631579,1.2105263157894737,32.2346990046908,10.079041052153512,2.213261890115629,-2.1604010253558164,2.3527926921987365,-2.150112235330594,7.92682399924282,0.3535988540638231,2.9281039738381063,1.702531310448052,1578.1687314795545,27.501424753254103,21.010686134914145,22.64367929676959,18.12802007013856,11.14675460551533,14.113081100704116,7.950844421882247,11.315648904701272,5.743328800733949,8.469685352008613,3.851848233454685,6.0413415635506,-4.159999999999998,242815739.3110127,26.89040902290741,10.677226295350616,5.265082118250282,220.76248159102045,18.947451815200196,0.0,22.99804733313562,0.0,20.046582306815168,0.0,9.444189728904176,16.835593968657875,0.0,0.0,24.26546827384644,36.39820241076966,22.90518256585281,49.6049296655128,35.78304578385807,42.19380328511188,0.0,0.0,0.0,9.79096695103555,37.88337989401431,72.79640482153933,0.0,22.99804733313562,28.391641544104377,11.374772549367124,22.99804733313562,0.0,45.27478413376801,20.046582306815168,0.0,0.0,82.5873717725749,0.0,10.772448428929591,0.0,129.26,20.046582306815168,16.835593968657875,0.0,32.66476316697048,22.2714720954974,0.0,76.97012671280301,24.26546827384644,0.0,9.444189728904176,18.947451815200196,78.70361295229056,0.0,-0.0602528566957878,0.9797465624603074,0.5360177112116156,1.3114191924683594,18.32596930235179,0.0,0.0,-2.2965128640868597,0.1538461538461538,38,2,10,0,0,0,0,4,0,4,0,0,8,2,12,0,10,0,0,0,0,0,7.555657429266327,4,4.475800000000003,144.6569999999998,0,0,0,0,0,0,0,0,0,0,0,0,0,0,0,0,2,0,0,0,0,0,0,0,0,0,0,0,0,2,0,0,0,0,4,0,1,0,0,0,0,4,0,0,0,0,0,0,0,0,0,0,0,0,0,4,0,0,0,0,0,0,0,0,0,0,0,0,0,0,0,0,0,0,0,0,2,0,0,0,0,0,0,0,0,CHEMBL3632703,COc1ccc(S(=O)(=O)Nc2ccc(NS(=O)(=O)c3ccc(OC)c(OC)c3)c3ccccc23)cc1OC,1100.0,3.041392685158225,CHEMBL3038498,Keap1/Nrf2,2,Large-Polar-Aromatic-Flexible-Hydrophobic,Large-Polar-Aromatic-Flexible-Hydrophobic
13.813433606518352,13.813433606518352,0.1110920962829813,-4.538267616425586,0.1731472312657958,11.434782608695652,668.7060000000002,640.482,668.1246850959999,240,0,0.3238784087861699,-0.4798953607205573,0.4798953607205573,0.3238784087861699,0.5652173913043478,0.8913043478260869,1.173913043478261,32.234863191459354,10.064893971123151,2.3202301583772273,-2.2778106975143793,2.3828301186893026,-2.368611563186356,7.9283565537039635,-0.1357492314137605,2.9786734947918356,1.870239208653691,1899.8704482305188,33.810825830012604,24.368454617666327,26.00144777952178,21.605135167840185,13.371317695752934,16.251444353354213,9.87136353680336,13.595984088862476,6.498526953990008,10.046439468415182,4.628657299175035,7.49477030284941,-5.479999999999999,6398609778.088274,33.413774329584776,13.25210937785317,7.24400791780564,263.52229237555315,20.846631997694075,13.08951281182515,0.0,11.814359458703011,20.046582306815168,11.938610575903695,27.78858071887975,16.835593968657875,0.0,0.0,24.26546827384644,60.6636706846161,35.994695377677964,21.165739500402672,46.22679749462656,77.3215458690857,0.0,0.0,0.0,23.6384413504168,32.33352200243028,84.92913895846256,0.0,0.0,19.244009190605126,22.74954509873425,0.0,0.0,63.89113160477114,39.22473104310245,0.0,13.847474399381248,94.72010590949812,0.0,10.772448428929591,0.0,207.55999999999997,45.074705694544015,46.22679749462656,0.0,43.752547388035275,19.98520453195959,0.0,98.77661335784384,0.0,0.0,10.633577208012662,0.0,56.54269784842885,0.0,45.992711455970635,24.623823832346943,0.4084153018132803,-3.72218199719925,18.51354958581016,0.0,0.5508525390138992,-9.076535232851173,0.1333333333333333,46,4,14,0,0,0,2,4,0,4,0,0,8,4,16,0,12,0,0,0,0,0,9.626152003099127,4,3.3164000000000016,169.7745999999997,2,0,0,0,0,0,0,0,2,2,4,2,0,0,0,2,2,0,0,0,0,0,0,0,0,0,0,2,0,4,0,0,0,0,4,0,1,0,0,0,0,0,0,0,0,0,0,0,0,0,0,0,0,0,0,0,0,0,0,0,0,0,0,0,0,0,0,0,0,0,0,0,0,0,0,0,2,0,0,0,0,0,0,0,0,CHEMBL3601212,CC(=O)Nc1ccc(S(=O)(=O)N(CC(=O)O)c2ccc(N(CC(=O)O)S(=O)(=O)c3ccc(NC(C)=O)cc3)c3ccccc23)cc1,13.4,1.1271047983648077,CHEMBL3038498,Keap1/Nrf2,2,Large-Polar-Aromatic-Flexible-Hydrophobic,Large-Polar-Aromatic-Flexible-Hydrophobic
13.250342639024767,13.250342639024767,0.0876477478589772,-4.463873439362655,0.0747843772617578,14.150943396226417,767.8960000000003,727.5760000000001,767.2422960399999,280,0,0.4159102141524929,-0.3758658713437935,0.4159102141524929,0.3758658713437935,0.981132075471698,1.6415094339622642,2.2452830188679247,32.23330018250148,9.994523336295805,2.2983324495934268,-2.302727009720133,2.317669874051283,-2.3149323855462196,7.989596762156386,-0.3836945886019521,3.1285238289324635,1.2034439212238734,2016.1485519058376,38.174786860691526,29.1753245524937,30.80831771434915,25.173692181588663,16.842004864816303,19.310766672064176,12.884232558084443,15.66004778821313,8.691160571539644,11.19435550435064,5.760383941590716,7.747352780623942,-4.8599999999999985,305158090787.6933,39.349859737047986,17.310874729330877,11.072360579978032,310.83082281025344,15.116608065707286,5.687386274683562,0.0,0.0,21.61785715744265,6.176298517443475,14.908855452837392,13.139891848781026,13.17124514302446,11.761884949391115,41.9809599792112,106.12968741635812,47.09689555807984,15.38224601603244,31.306890360242893,50.83053476303477,0.0,9.622004595302563,0.0,41.27157116640501,49.699165124695696,129.43965036931164,0.0,0.0,14.938793199308895,30.233403967075148,0.0,11.761884949391115,69.67250511233544,16.199589670851058,10.114318268765572,40.74735652794084,112.42594457649062,0.0,6.076020106833881,0.0,124.89,43.17640169091857,36.497897580190795,0.0,17.292678595528518,43.66828277904696,40.899831891568006,36.39820241076966,23.894619086314336,60.12520400979887,10.216698334856808,0.0,67.14183230602556,1.6097409697558296,29.240055707193235,15.343026882878032,1.7754932564657655,-0.2689530101216398,24.615385006093625,-0.398295981245565,2.029592600658206,-0.5878777377030358,0.2894736842105263,53,2,10,0,1,1,1,4,0,4,1,0,9,2,15,1,14,0,1,1,0,0,12.852462123109028,5,7.940600000000009,202.80609999999953,0,0,0,0,0,0,0,0,0,0,1,1,0,0,0,3,2,0,0,0,0,0,0,0,0,3,0,1,0,2,0,0,0,0,4,0,0,0,0,0,0,0,0,0,3,0,0,0,0,0,0,0,0,0,0,0,0,0,1,1,0,0,0,0,0,0,0,0,0,1,0,0,0,0,0,1,1,0,0,0,0,0,0,0,0,CHEMBL222069,CN(C)CC[C@H](CSc1ccccc1)Nc1ccc(S(=O)(=O)NC(=O)c2ccc(N3CCC(=Cc4ccc(C(F)(F)F)cc4)CC3)cc2)cc1[N+](=O)[O-],1300.0,3.113943352306837,CHEMBL4625,Apoptosis regulator Bcl-X,2,Large-Polar-Aromatic-Flexible-Hydrophobic,Large-Polar-Aromatic-Flexible-Hydrophobic
13.459180072153885,13.459180072153885,0.0007121356794421,-4.088563135557338,0.1448355021474011,11.595238095238097,630.7660000000003,600.5260000000001,630.11642892,222,0,0.3154878425038684,-0.4938886575499962,0.4938886575499962,0.3154878425038684,0.7380952380952381,1.238095238095238,1.738095238095238,32.23475493822761,10.076058490224105,2.2299849450149827,-2.1883087210309715,2.406748910794121,-2.1595365079262763,7.998973900745422,-0.1369425830589008,2.9784001086534886,1.7868759041873858,1774.6506603764954,30.32985187800029,23.117605038127277,25.567094780910455,20.073178515272176,12.843259569439814,16.795184624282086,8.72748716772594,13.109468325362036,5.952421457444329,9.712471554804278,4.009232351433682,7.143067838404275,-3.939999999999998,1586202876.4766543,31.005713079762337,13.359376946729595,7.274320839150319,249.02839483011235,14.210588861400147,11.49902366656781,0.0,0.0,20.046582306815168,5.969305287951848,14.238726912976,16.835593968657875,0.0,11.761884949391115,24.26546827384644,68.44477801553573,15.667931904447368,47.24215457745283,35.84072001412984,59.92499352245485,0.0,0.0,0.0,28.533924825934573,35.520604805954335,78.86277189000094,0.0,11.49902366656781,18.917915636504276,11.374772549367124,11.49902366656781,11.761884949391115,48.88131433365988,29.57798244468704,0.0,13.847474399381248,93.54922231655428,0.0,10.772448428929591,0.0,137.1,26.015887594767015,21.630131152729696,0.0,26.918593107149466,40.38071950004101,11.761884949391115,37.441632883585584,48.53093654769288,13.847474399381248,9.444189728904176,14.210588861400147,74.47827877158808,1.0100553905164569,12.33927833487111,0.8658280242384686,0.3965452174334964,0.3847094023420438,20.215622081914148,0.0,4.53234816059507,-6.889332050165547,0.2068965517241379,42,2,10,0,0,0,0,4,0,4,0,0,9,2,13,0,13,0,0,0,0,0,9.86230972701641,4,5.503900000000005,163.52699999999965,0,0,0,0,0,0,0,0,0,0,1,1,0,0,0,0,2,0,0,0,0,0,0,0,0,0,0,0,0,2,0,0,0,0,4,0,1,0,0,0,1,3,0,0,0,0,0,0,0,0,0,0,0,0,0,1,0,0,0,0,0,0,0,0,0,0,0,0,0,0,0,0,0,0,0,1,2,0,0,0,0,0,0,0,0,CHEMBL3953535,CCOc1ccc(S(=O)(=O)Nc2cc(SCC(=O)OC)c(NS(=O)(=O)c3ccc(OCC)cc3)c3ccccc23)cc1,370.0,2.568201724066995,CHEMBL4106129,Keap1-p62,2,Large-Polar-Aromatic-Flexible-Hydrophobic,Large-Polar-Aromatic-Flexible-Hydrophobic
14.506586799529291,14.506586799529291,0.0153162324866023,-4.524639499624175,0.1238792294871786,13.035087719298245,832.4449999999996,786.0769999999997,831.2527184919999,300,0,0.2754385161714284,-0.3372092575066442,0.3372092575066442,0.2754385161714284,0.8596491228070176,1.5614035087719298,2.245614035087719,35.49569459854144,9.983358238531366,2.3007740457704235,-2.2937237769530787,2.303069410431615,-2.3665940504553116,7.913157676226304,0.0731840715154318,3.5137376420147985,1.3902169456474105,2580.5089584771167,41.06997437507693,32.41767478051444,34.80659688838834,27.199076172958392,19.07787603519221,22.591268982115977,14.113593492491194,18.420632633934133,10.297484269768043,13.864845566291716,6.9465477866187975,9.25394723794104,-5.049999999999997,3148666488244.6626,41.58019021506628,17.20772319837724,8.62820962495678,338.3333048428275,9.799819461700954,0.0,15.531181131265964,0.0,27.744830341462094,0.0,14.383611552215466,26.239491768255142,5.098681808301038,0.0,87.67836421438768,79.0975316770971,37.128701329812095,37.51121963275268,31.219205520873334,59.95547179704171,0.0,24.302399069599264,0.0,76.13478027034067,25.38712282448451,117.5270671602272,0.0,5.687386274683562,4.722094864452088,0.0,0.0,11.600939890232516,79.52456018634408,32.82612231866367,6.923737199690624,94.47977159947628,88.6537388410365,5.022633313741326,16.459834703613154,0.0,155.82,31.674903748528095,31.219205520873334,0.0,54.36807506826598,43.679999455889565,36.81018947509803,54.07010961406708,28.8562907983148,38.112942673227685,9.820776672753126,11.600939890232516,56.52638608028664,6.809141757734831,45.22379860816363,5.517774952759982,2.73646014738837,-1.941748190408236,20.67884833516889,4.034140279095296,9.079171095799492,-8.219528621544436,0.3333333333333333,57,1,12,0,1,1,3,4,1,5,0,0,9,1,15,2,14,0,0,0,0,0,12.552638662398849,6,7.140520000000008,220.2437999999994,0,0,0,0,0,2,0,0,0,0,3,3,0,0,0,4,1,0,0,0,0,0,0,0,0,0,0,3,0,0,0,0,0,0,4,0,2,0,0,0,0,0,0,0,1,0,0,0,0,0,0,0,0,0,0,0,0,0,0,0,0,0,0,0,0,0,0,0,0,0,0,0,0,0,0,0,1,1,0,0,0,0,0,2,0,CHEMBL2031013,CCCCN(CCCC)C(=O)c1nn(-c2ccc(C(=O)NS(=O)(=O)c3ccc4cccc(S(=O)(=O)CC)c4c3)cc2C(=O)N2CCc3ccccc3C2)c(C)c1Cl,150.0,2.1760912590556813,CHEMBL4625,Apoptosis regulator Bcl-X,2,Large-Polar-Aromatic-Flexible-Hydrophobic,Large-Polar-Aromatic-Flexible-Hydrophobic
14.474217025463831,14.474217025463831,0.0184216679761759,-4.267625321985334,0.1183123810902068,13.614035087719298,825.8629999999998,779.4949999999998,824.2678303119999,296,0,0.2645231440655445,-0.3666450154198719,0.3666450154198719,0.2645231440655445,0.8245614035087719,1.5789473684210529,2.3333333333333335,35.49826625371212,9.962052319789471,2.2825224119348837,-2.2944082384829367,2.332600633832807,-2.3629388372787288,7.897051280079391,0.0735130590969567,3.6273918581801574,1.1630862950759675,2400.630235544488,40.10550828100966,32.17877378792052,34.507128260885146,27.538376921105044,19.51688813662006,21.755980330232905,14.586975184603038,17.083777679493757,10.632373009845333,12.700062767356265,7.4618551167891,8.80692156227633,-4.969999999999998,6116552498776.844,40.23461235578203,17.66616229754138,9.111896338271324,344.4462031694174,14.69972919255143,0.0,0.0,5.948339280986494,21.837650612110593,0.0,9.589074368143644,23.10784889067544,0.0,0.0,86.28919983646799,96.46802900618492,67.84312275686307,20.63467809784889,18.00687135247258,56.675255948245685,0.0,19.589961637196986,0.0,70.35740042428023,35.97884508535125,134.5519581077403,0.0,11.257379486545457,14.52191432615304,11.635725555670057,0.0,23.20187978046503,61.27904883942713,35.954447211084755,0.0,82.5005442094109,96.02146600559342,10.045266627482652,11.257379486545457,0.0,115.81,15.930470882759089,18.00687135247258,0.0,21.92956618826327,66.27165426451693,61.15054005330374,17.696185628620217,47.49495571323321,30.33183534230805,39.419734314943106,28.18585830141224,29.68088693082498,12.334629279343638,43.90840577373407,0.9602586295190784,6.409170841543979,-0.5235992926307076,24.924907555325287,7.093435897697429,8.118418595516475,-4.267625321985334,0.3181818181818182,57,1,10,0,2,2,2,4,1,5,0,0,8,1,13,3,14,0,0,0,0,0,12.470020909752792,7,8.736900000000006,226.69349999999935,0,0,0,0,0,2,0,0,0,0,2,2,0,0,0,5,1,0,0,0,0,0,0,0,0,0,0,2,0,2,0,0,0,0,4,0,2,0,0,0,0,0,0,0,2,0,0,0,0,0,0,0,0,0,0,0,0,0,0,0,0,0,0,0,0,0,0,0,0,0,0,0,0,0,0,0,1,0,0,0,0,0,0,2,0,CHEMBL2031002,CCCCN(CCCC)c1nccc(-c2ccc(C(=O)NS(=O)(=O)c3ccc4c(c3)CCN4Cc3ccc(Cl)c(Cl)c3)cc2C(=O)N2CCc3ccccc3C2)n1,120.0,2.0791812460476247,CHEMBL4860,Apoptosis regulator Bcl-2,2,Large-Polar-Aromatic-Flexible-Hydrophobic,Large-Polar-Aromatic-Flexible-Hydrophobic
14.686877094943457,14.686877094943457,0.1161632228400963,-4.58229785646301,0.0555924110880088,13.890625,932.535,883.1429999999996,931.292807388,336,0,0.4182516269354164,-0.3758658713439442,0.4182516269354164,0.3758658713439442,0.84375,1.5,2.125,35.49569443448626,9.95694867788914,2.3977726364534475,-2.372680027044693,2.466895822097213,-2.4610040596648446,7.9896389800044,-0.3836935532324498,3.548249304076436,1.017013358617446,2692.707373282745,45.7602088193889,35.77151873360785,38.160440841481744,30.478222634228977,20.614262631542292,23.460988911799394,15.917817608046494,19.130068618647183,11.307565410084086,14.11304351268079,7.9077807828963795,10.105198214765222,-5.679999999999998,95042813112193.38,46.31672115170416,19.597403119170863,10.801467294978703,380.5903818448199,24.58361744434912,5.687386274683562,0.0,0.0,15.710677428091143,6.176298517443475,14.83641313321766,8.417796984328938,13.17124514302446,11.761884949391115,54.06550936946379,117.90796699881696,89.32541421053911,21.0761740108809,26.512353176171068,61.82304736644903,0.0,9.467009378641832,7.04767198267719,35.35366512024362,72.41068253182341,147.7216724382846,0.0,22.384282469939446,19.83870293015937,41.60817651644227,0.0,23.36282483962363,81.42193784260044,23.24726165352825,17.038055468456196,17.678201109471466,131.1183083202678,5.022633313741326,22.384282469939446,0.0,115.99,26.68635221136573,31.70336039611897,0.0,39.25686261526187,60.19616514530687,28.881379499259083,19.056471336613843,84.04032726447576,61.45982317543613,19.83870293015937,11.600939890232516,75.33880263421432,7.767106043770886,18.857297031810532,16.059137378350208,2.9451461101102954,0.6457104324387496,34.539477154630575,-3.8721229021043815,4.628378275347294,1.368845619209286,0.2765957446808511,64,2,11,0,1,1,0,5,1,6,1,0,10,2,17,2,16,0,1,1,0,0,14.182616493252722,7,10.899819999999991,253.55459999999937,0,0,0,0,0,1,0,0,0,0,0,0,0,0,0,5,2,0,0,0,0,0,0,0,0,3,0,0,0,4,0,0,0,0,5,0,0,0,0,0,0,0,0,0,4,0,0,0,0,0,0,0,0,0,0,0,0,0,1,1,0,0,0,0,0,0,0,0,0,0,1,0,0,0,0,1,1,0,0,0,0,0,0,0,0,CHEMBL2325768,Cc1c(C(F)(F)F)c(-c2cccc(N3CCN(c4ccc(NS(=O)(=O)c5ccc(N[C@H](CCN(C)C)CSc6ccccc6)c([N+](=O)[O-])c5)cc4)CC3)c2)c(-c2ccc(Cl)cc2)n1C,13.0,1.1139433523068367,CHEMBL4625,Apoptosis regulator Bcl-X,2,Large-Polar-Aromatic-Flexible-Hydrophobic,Large-Polar-Aromatic-Flexible-Hydrophobic
13.679565779294869,13.679565779294869,0.063570712363101,-4.476634936808704,0.2391632268327213,11.571428571428571,615.6420000000002,590.4420000000001,615.098136,220,0,0.3238796422103885,-0.4967671120136989,0.4967671120136989,0.3238796422103885,0.6904761904761905,1.119047619047619,1.5476190476190477,32.23486256073069,10.12364003878082,2.324267057453574,-2.272313978512556,2.3733125818056986,-2.3694941402234204,7.9283221965409405,-0.1357494266231691,2.978005134847741,1.9212937262690597,1707.8520985842567,30.656125291633355,22.238317943976657,23.871311105832103,19.89345107252705,12.047611496249653,14.927738153850934,8.665279193305029,12.389899745364144,6.115340950834997,9.663253465260176,4.156245975148005,7.010479180199294,-4.889999999999999,1358207152.458893,30.07742186362223,11.9196795494019,5.914086927457223,240.8163780194166,19.68678069728151,24.58853647839296,0.0,0.0,20.046582306815168,11.938610575903695,23.183484871683316,16.835593968657875,0.0,0.0,0.0,72.79640482153933,11.583067786077873,40.902035300574,46.111449034083016,54.26289036416704,0.0,4.983978520947208,0.0,9.79096695103555,35.919539876972685,78.99324839315241,0.0,11.49902366656781,18.084157890192564,11.374772549367124,11.49902366656781,0.0,71.28034574957039,29.63565667495881,0.0,0.0,88.78421534418797,0.0,10.902924932081056,0.0,180.71,45.074705694544015,36.637723126482925,0.0,32.06866443248373,20.109455649160275,0.0,93.21284347570749,0.0,0.0,4.983978520947208,9.473725907600098,66.13474447322334,0.0,27.43215461370928,19.295345202239,-0.3513580108096696,-2.153938884647616,15.914817996009685,1.3135606021563817,-1.955296482326569,-6.130029509553836,0.1481481481481481,42,2,13,0,0,0,0,3,1,4,0,0,9,2,15,1,12,0,0,0,0,0,8.536029292536941,4,2.8118,152.06619999999975,2,0,0,0,0,1,0,0,2,2,2,0,0,0,0,3,0,0,0,0,0,0,0,0,0,0,0,0,0,2,0,0,0,0,3,0,1,0,0,0,0,2,0,0,0,0,0,0,0,0,0,0,0,0,0,2,0,0,0,0,0,0,0,0,0,0,0,0,0,0,0,0,0,1,0,0,2,0,0,0,0,0,0,0,0,CHEMBL4166445,COc1ccc(S(=O)(=O)N(CC(=O)O)c2ccc(N(CC(=O)O)S(=O)(=O)c3ccc(OC)cc3)c3ncccc23)cc1,101.0,2.004321373782642,CHEMBL3038498,Keap1/Nrf2,2,Large-Polar-Aromatic-Flexible-Hydrophilic,Other
13.97363943102732,13.97363943102732,0.1439058267785791,-4.559434796664389,0.1488926439330664,11.48,720.7780000000001,688.5219999999998,720.1447518439999,260,0,0.3238809352812303,-0.4967671120136989,0.4967671120136989,0.3238809352812303,0.62,1.14,1.68,32.23486383967334,10.079897779216225,2.323331260967555,-2.275928706200236,2.381596371094947,-2.3685430166929504,7.928079823103288,-0.1357549589006216,3.1129453403227108,1.6496224080412776,2241.5909605966663,36.05346651713188,26.793210766075237,28.42620392793069,23.826104062904623,14.84955108800289,17.729677745604164,10.784101451638634,14.508722003697752,7.560880732090142,11.122915408936745,5.079481919377418,7.910167408302364,-5.799999999999998,82381258628.57616,35.50550438181161,14.758229295355315,7.740281205561873,288.1323115884376,24.42364365108156,36.94493027618978,0.0,0.0,20.046582306815168,11.938610575903695,18.199506350736108,16.835593968657875,0.0,0.0,36.39820241076966,83.06593767370431,6.06636706846161,35.38533458295774,50.848311987883065,54.13241386101558,0.0,0.0,0.0,16.39784891554847,35.919539876972685,114.75805872400603,0.0,17.248535499851716,22.821020843992613,11.374772549367124,17.248535499851716,0.0,66.29636722862318,36.242538639471725,0.0,5.563451491696996,118.9855741833446,0.0,10.772448428929591,0.0,177.04999999999998,45.074705694544015,36.637723126482925,0.0,33.52213329819949,25.67290714085727,10.772448428929591,80.9496328356328,6.06636706846161,36.39820241076966,0.0,14.210588861400147,73.22852003029986,0.0,23.563852605701943,21.420526520271142,0.2486789583522541,-2.44160303508968,27.23691102669529,0.0,-2.1678723781917104,-6.255680394705741,0.1428571428571428,50,2,13,0,0,0,0,5,0,5,0,0,9,2,15,0,15,0,0,0,0,0,10.479967498280374,5,4.995800000000004,185.0451999999996,2,0,0,0,0,0,0,0,2,2,2,0,0,0,0,2,0,0,0,0,0,0,0,0,0,0,0,0,0,2,0,0,0,0,5,0,1,0,0,0,0,3,0,0,0,0,0,0,0,0,0,0,0,0,0,2,0,0,0,0,0,0,0,0,0,0,0,0,0,0,0,0,0,0,0,0,2,0,0,0,0,0,0,0,0,CHEMBL5179491,COc1ccc(S(=O)(=O)N(CC(=O)O)c2ccc(N(CC(=O)O)S(=O)(=O)c3ccc(OC)cc3)c(OCc3ccc4ccccc4c3)c2)cc1,480.0,2.681241237375587,CHEMBL3038498,Keap1/Nrf2,2,Large-Polar-Aromatic-Flexible-Hydrophobic,Large-Polar-Aromatic-Flexible-Hydrophobic
13.863872217530556,13.863872217530556,0.0286080949890914,-4.260545320406586,0.1515262945433934,11.88095238095238,609.6820000000002,582.4660000000001,609.123956824,218,0,0.276354925942235,-0.4938886575499962,0.4938886575499962,0.276354925942235,0.7857142857142857,1.3333333333333333,1.880952380952381,32.23472882062546,10.034938818725632,2.2704007120020244,-2.143995005390354,2.374828771269047,-2.1833767801011295,7.923963713621005,0.0707932845028416,3.380871119500205,1.7068360164815817,2002.7039300820927,30.070338854006447,22.565779136202543,24.198772298057996,20.100051968809847,12.857072123769058,15.780298700164092,9.064775978428994,12.562108116798797,6.500138565568149,9.555316272704466,4.642713538861293,7.101730872462041,-4.589999999999999,2505988224.074211,28.921352918765887,11.3542127108095,5.244729356590231,241.9109240374658,9.473725907600098,11.49902366656781,0.0,0.0,25.953762036166673,0.0,14.7238850733012,26.28809647501619,0.0,0.0,24.26546827384644,68.44477801553573,22.355516215007466,39.77226936405821,36.31111008510709,53.31652167186088,0.0,9.452502506358313,0.0,23.6384413504168,17.935858793477923,90.62306695331102,0.0,11.49902366656781,19.675917370173387,5.687386274683562,11.49902366656781,0.0,45.13619656004962,20.046582306815168,0.0,24.205463075150064,94.8505824126496,0.0,21.67537336101065,0.0,153.02999999999997,25.953762036166673,26.837384177506987,0.0,31.94472964949716,35.48523602452324,10.169249479850189,54.59730361615449,29.74556487196764,13.847474399381248,4.722094864452088,9.473725907600098,68.78780497927133,0.0,12.62861254034548,10.277194936033563,1.5902797187517856,0.0262655058391054,19.67589199918623,1.096411230876245,4.454439653243974,-8.370233896881032,0.1379310344827586,42,3,11,0,0,0,1,4,1,5,0,0,9,3,13,1,10,0,0,0,0,0,7.818552212477597,5,4.748700000000003,157.3109999999997,0,0,0,0,0,1,0,0,0,0,1,1,0,0,0,1,2,0,1,0,0,0,0,0,0,0,0,1,0,1,0,0,0,0,4,0,3,0,0,0,0,2,0,0,0,0,0,0,0,0,0,0,0,0,0,0,0,0,0,0,0,0,0,0,0,0,0,0,0,0,0,0,0,0,0,0,1,0,0,0,0,0,0,0,0,CHEMBL5273301,CCOc1ccc(S(=O)(=O)Nc2cc3c(C(=O)NO)cn(S(=O)(=O)c4ccc(OCC)cc4)c3c3ccccc23)cc1,200.0,2.3010299956639813,CHEMBL3038498,Keap1/Nrf2,2,Large-Polar-Aromatic-Flexible-Hydrophobic,Large-Polar-Aromatic-Flexible-Hydrophobic
14.352742661117844,14.352742661117844,0.026577659742943,-4.275536116155824,0.1414800991031942,12.82,710.2999999999998,669.9799999999999,709.2489534399998,258,0,0.2645231452142533,-0.3408140098779679,0.3408140098779679,0.2645231452142533,0.9,1.66,2.42,35.49569348743616,9.962052307083534,2.2698812005740665,-2.294398362353701,2.2959491712772215,-2.362892758630134,7.897124581411933,0.0735140462398318,3.13730036306567,1.3593750357659855,2148.3982341772603,35.252137129881156,28.232275375851692,29.80470090279787,24.178203575798904,17.02071985328896,18.88184757389258,12.499217991696398,14.588820359846512,9.032616369329949,10.690865069142903,6.206375847963486,7.442748855593926,-4.799999999999998,157316362324.86655,35.04092315994984,15.394571351787157,7.662547957976264,297.918678408343,9.799819461700954,0.0,0.0,5.948339280986494,21.837650612110593,0.0,9.589074368143644,23.10784889067544,0.0,0.0,86.82099408315868,72.17379447740647,59.475081198560474,10.589411470366237,18.00687135247258,50.1593782122592,0.0,19.589961637196986,0.0,57.39182239544164,24.5341789485882,118.40242181060496,0.0,11.257379486545457,9.622004595302563,5.948339280986494,0.0,11.600939890232516,54.734292433514554,22.98886918224617,0.0,71.3736412260169,96.02146600559342,5.022633313741326,22.02982791547505,0.0,112.57,15.930470882759089,18.00687135247258,0.0,21.92956618826327,47.124910730489226,49.72247500969099,29.828919765543436,41.4285886447716,24.26546827384644,34.51982458409263,16.58491841117972,29.03073769153998,6.32697931513588,41.27656961317757,1.7243245509070373,3.6231994626459154,-0.5501906064738886,24.241439479881443,6.456665053947089,6.8402559998392585,-4.275536116155824,0.282051282051282,50,1,9,0,1,1,2,4,1,5,0,0,7,1,11,2,12,0,0,0,0,0,10.788799836366778,6,7.674000000000009,197.99349999999947,0,0,0,0,0,2,0,0,0,0,2,2,0,0,0,4,1,0,0,0,0,0,0,0,0,0,0,2,0,1,0,0,0,0,4,0,2,0,0,0,0,0,0,0,1,0,0,0,0,0,0,0,0,0,0,0,0,0,0,0,0,0,0,0,0,0,0,0,0,0,0,0,0,0,0,0,1,0,0,0,0,0,0,2,0,CHEMBL2030866,CCCCN(CCCC)c1nccc(-c2ccc(C(=O)NS(=O)(=O)c3ccc4cccc(Cl)c4c3)cc2C(=O)N2CCc3ccccc3C2)n1,120.0,2.0791812460476247,CHEMBL4860,Apoptosis regulator Bcl-2,2,Large-Polar-Aromatic-Flexible-Hydrophobic,Large-Polar-Aromatic-Flexible-Hydrophobic
13.498620545852306,13.498620545852306,0.077429181092635,-4.252996684727608,0.2877542451675153,12.13888888888889,570.4170000000001,550.2570000000002,569.01438508,184,0,0.349182095508851,-0.4798953607204568,0.4798953607204568,0.349182095508851,0.8333333333333334,1.4444444444444444,2.0555555555555554,79.91873138466256,10.065245581781811,2.295104864222745,-2.252324075157351,2.376278075167469,-2.355057634476206,9.10300446925037,-0.1450023342693737,2.8609578752654574,1.8394036170858736,1523.487833183604,25.87166824125719,18.61380609051285,21.016299210555275,17.179577681631837,10.645125095327383,12.878186693685375,7.7345598623666225,10.512545667187872,5.381681618172791,7.684303388423625,3.747874289930514,5.445263548286817,-3.8899999999999983,98526445.48893388,25.210338027021884,10.386742756758624,5.190811189767792,215.1002386231929,14.94991774348146,12.29426823919648,0.0,6.103966387748303,10.023291153407584,11.938610575903695,9.099753175368054,13.212334168400758,0.0,0.0,70.52724751410383,36.39820241076966,20.808619436459,10.582869750201336,32.95678909595404,54.35168033087378,0.0,0.0,0.0,10.999449863266078,10.84997239720881,101.0316770344536,0.0,5.749511833283905,9.042078945096282,5.687386274683562,5.749511833283905,15.929943897949348,37.11421875582661,19.612365521551222,0.0,11.6674178794453,100.36370901827436,0.0,10.772448428929591,0.0,121.21,34.61062452297216,28.21992614215399,0.0,16.332381583485244,20.808619436459,4.305215991296233,24.26546827384644,66.73003775307771,0.0,15.929943897949348,4.736862953800049,34.369656955554234,3.2632206821408425,23.582451411093427,20.11454992642028,0.554011493581976,-2.3224921996170513,23.810348332655224,-1.3036324870242522,-0.8151174300770707,-4.252996684727608,0.0769230769230769,36,2,8,0,0,0,0,4,0,4,1,0,5,2,10,0,9,0,0,0,0,1,7.273702663822391,4,5.086900000000004,137.7043999999999,2,0,0,0,0,0,0,0,2,2,2,0,0,0,0,1,0,0,0,0,0,0,0,0,0,0,0,0,0,1,0,0,0,0,4,0,1,0,0,0,0,1,0,0,1,0,0,0,0,0,0,0,0,0,0,0,0,0,0,0,0,0,0,0,0,0,0,0,0,0,0,0,0,0,0,0,1,0,0,0,0,0,0,0,0,CHEMBL4782304,O=C(O)CN(c1ccc(OC(C(=O)O)c2ccccc2)c2ccccc12)S(=O)(=O)c1ccc(Br)cc1,2970.0,3.4727564493172123,CHEMBL3038498,Keap1/Nrf2,2,Large-Polar-Aromatic-Flexible-Hydrophobic,Large-Polar-Aromatic-Flexible-Hydrophobic
13.47084276807453,13.47084276807453,0.0989686213991771,-4.290805326702917,0.3159239345355119,12.13888888888889,525.9660000000002,505.80600000000027,525.06490066,184,0,0.349182095508851,-0.4798953607204568,0.4798953607204568,0.349182095508851,0.8333333333333334,1.4444444444444444,2.0555555555555554,35.49569260048654,10.065245529822455,2.2952271196248537,-2.252246746734572,2.37618968002949,-2.3550374641836433,7.924889820303686,-0.1450023556574859,2.8609578752654574,1.8394036170858736,1523.487833183604,25.87166824125719,18.61380609051285,20.186231617459026,17.179577681631837,10.645125095327383,12.46315289713725,7.7345598623666225,10.033305918868166,5.381681618172791,7.407614190724874,3.747874289930514,5.306918949437443,-4.079999999999998,98526445.48893388,25.026111957424533,10.268175811548408,5.118648733564086,211.5359572444332,14.94991774348146,12.29426823919648,0.0,6.103966387748303,10.023291153407584,11.938610575903695,9.099753175368054,13.212334168400758,0.0,0.0,66.198243506387,36.39820241076966,21.358533234367915,10.582869750201336,32.95678909595404,50.02267632315695,0.0,0.0,0.0,10.999449863266078,10.84997239720881,101.58159083236252,0.0,5.749511833283905,9.042078945096282,5.687386274683562,5.749511833283905,11.600939890232516,37.11421875582661,19.612365521551222,0.0,11.6674178794453,95.89098950244195,5.022633313741326,10.772448428929591,0.0,121.21,34.61062452297216,28.21992614215399,0.0,16.332381583485244,21.358533234367915,4.305215991296233,36.39820241076966,54.59730361615449,0.0,0.0,16.337802844032566,33.605957736611735,5.887940432583955,23.508346472821824,20.395110427941653,0.5257996880264204,-2.3574893370973533,23.2343222070383,-1.3116863989243177,-0.8363847911881819,-4.290805326702917,0.0769230769230769,36,2,8,0,0,0,0,4,0,4,1,0,5,2,10,0,9,0,0,0,0,1,7.138125484953581,4,4.977800000000005,135.01439999999994,2,0,0,0,0,0,0,0,2,2,2,0,0,0,0,1,0,0,0,0,0,0,0,0,0,0,0,0,0,1,0,0,0,0,4,0,1,0,0,0,0,1,0,0,1,0,0,0,0,0,0,0,0,0,0,0,0,0,0,0,0,0,0,0,0,0,0,0,0,0,0,0,0,0,0,0,1,0,0,0,0,0,0,0,0,CHEMBL4763510,O=C(O)CN(c1ccc(OC(C(=O)O)c2ccccc2)c2ccccc12)S(=O)(=O)c1ccc(Cl)cc1,7640.0,3.8830933585756897,CHEMBL3038498,Keap1/Nrf2,2,Large-Polar-Aromatic-Flexible-Hydrophobic,Large-Polar-Aromatic-Flexible-Hydrophobic
14.108409905722352,14.108409905722352,0.0611210604475287,-3.761561745512014,0.1264437654631265,15.589285714285714,814.8839999999999,765.4919999999997,813.299464788,294,0,0.2614425397960598,-0.3679830724373574,0.3679830724373574,0.2614425397960598,0.7142857142857143,1.375,2.0535714285714284,35.496788328794565,9.954755797961443,2.270201782193041,-2.372615048394528,2.4020500442831265,-2.461020652680741,7.923390425124081,0.0949022299272004,3.468200791010465,1.063169544577601,2263.962285868434,39.39840149982312,32.140768985459744,34.46912345842437,26.96236731618347,19.097596728966668,21.33668892257951,14.638469982032154,17.193743784385646,10.935124479418375,12.801165230764733,7.640986644109246,9.126029356942208,-4.519999999999998,3380336162041.8037,39.7048639083686,17.316930652404732,9.030592782393988,340.20927075450504,29.4835271751996,0.0,0.0,0.0,15.930470882759089,0.0,9.51663204852391,8.417796984328938,0.0,0.0,53.53371512277308,104.79392794767811,104.31528457396917,16.15286296206323,13.212334168400758,56.194509487274814,0.0,19.68370771349864,7.04767198267719,18.24004229813441,87.01715036795599,118.36451920941391,0.0,22.384282469939446,19.838702930159375,17.062158824050687,0.0,23.20187978046503,101.18713186497568,17.070963136084774,6.923737199690624,22.472738293543287,101.95735657090356,10.045266627482652,22.384282469939446,0.0,93.16000000000004,10.023291153407584,13.212334168400758,0.0,10.80266320486928,27.840860799775783,104.77661229029424,12.13273413692322,24.26546827384644,50.36961159313747,65.51876229617531,23.20187978046503,30.562044276153564,12.336847496186008,23.737968470144363,4.281879910930545,8.059893422170532,-0.0611210604475287,30.00154963244401,0.8979093390762086,11.062522680289254,0.4260613886086037,0.3255813953488372,56,2,10,0,2,2,1,4,1,5,0,0,8,2,13,3,12,0,2,2,0,0,12.27797097972119,7,7.469020000000008,230.0476999999994,0,0,0,0,0,1,0,0,0,0,1,1,0,0,0,5,2,0,0,1,0,0,0,0,0,0,0,1,0,3,0,0,0,0,4,0,0,0,0,0,0,0,0,0,2,0,0,0,0,0,0,0,0,0,0,0,0,0,0,0,0,0,0,0,0,0,0,0,0,0,2,0,0,0,0,0,1,0,0,0,0,0,0,0,0,CHEMBL2171004,Cc1c(C(=O)NCCCN2CCN(C)CC2)c(-c2cccc(N3CCN(c4ccc(NS(=O)(=O)c5cccc(Cl)c5)cc4)CC3)c2)c(-c2ccc(Cl)cc2)n1C,660.0,2.8195439355418688,CHEMBL4860,Apoptosis regulator Bcl-2,2,Large-Polar-Aromatic-Flexible-Hydrophobic,Large-Polar-Aromatic-Flexible-Hydrophobic
13.27285073182512,13.27285073182512,0.1354570759364137,-4.411730871162542,0.0850382805241537,14.235294117647058,732.929,688.577,732.276375128,270,0,0.2931983166921879,-0.4964259303724424,0.4964259303724424,0.2931983166921879,0.9607843137254902,1.6470588235294117,2.313725490196078,32.23329992317786,10.128181210638404,2.255751009674481,-2.359458749604172,2.3021156925732917,-2.455443862271671,7.989594711407853,-0.3836941922225665,3.131675142642625,1.2040264780690944,1885.4974053727128,36.38189364187807,29.026649531426752,30.659642693282205,24.517208871049867,16.66119329340958,19.129955100657455,12.549873871072837,15.325689101201524,8.635453699991418,11.138648632802417,5.798562152527428,7.7855309915606545,-4.629999999999999,169213682124.80185,37.621036158119814,17.535422859859843,10.449585384953448,303.53225641897257,19.853471019507335,11.436898107967467,0.0,0.0,21.61785715744265,0.0,19.80876518368787,13.139891848781026,0.0,11.761884949391115,36.39820241076966,81.65822561034746,72.29461626751457,16.92859206561298,22.872508171018477,44.75451465620089,0.0,14.52191432615304,0.0,28.798385809022097,69.89847547779839,118.30309434754535,0.0,5.749511833283905,19.675656153108942,17.062158824050687,5.749511833283905,11.761884949391115,94.7717251962886,16.56804755932016,10.114318268765572,22.342261790391824,106.85284004642136,0.0,0.0,0.0,137.36,26.54116820626032,23.32665243716633,0.0,22.188162071046293,12.1736752296728,67.2307385791193,12.13273413692322,43.13715076451509,67.52619024389774,25.905069998620984,4.736862953800049,34.10922231090028,1.6331711903585249,31.886704264652703,15.38533877928688,2.0377667222376727,0.6905401502510068,28.127269531018776,0.70733374990763,4.826781168460021,1.179205466259836,0.3243243243243243,51,2,12,0,1,1,1,4,0,4,1,0,11,2,14,1,16,0,1,1,0,0,12.935309361935447,5,5.568800000000006,202.42209999999943,0,0,0,0,0,0,0,0,0,0,1,1,0,0,0,4,2,0,0,0,0,0,0,0,0,0,0,1,0,2,0,0,0,0,4,0,0,0,0,0,0,1,0,0,0,0,0,0,0,0,0,0,0,0,0,1,0,0,1,1,0,0,0,0,1,0,0,0,0,0,1,0,0,0,0,1,1,0,0,0,0,0,0,0,0,CHEMBL385119,COc1ccccc1CN1CCN(c2ccc(C(=O)NS(=O)(=O)c3ccc(N[C@H](CCN(C)C)CSc4ccccc4)c([N+](=O)[O-])c3)cc2)CC1,80.0,1.9030899869919435,CHEMBL4625,Apoptosis regulator Bcl-X,2,Large-Polar-Aromatic-Flexible-Hydrophobic,Large-Polar-Aromatic-Flexible-Hydrophobic
13.6267521770021,13.6267521770021,0.0596315881874076,-4.472709790361236,0.2546177618336109,11.404761904761903,622.6740000000002,592.4340000000002,622.12910178,226,0,0.3238809352686228,-0.4967671120136989,0.4967671120136989,0.3238809352686228,0.7142857142857143,1.1666666666666667,1.5952380952380951,32.23486257753614,10.216148755874917,2.321497594894729,-2.2749266167018782,2.3758154316016618,-2.3687675962210792,7.928055721336846,-0.1357548301471969,2.969261260705796,2.1882503980382637,1623.4788551070135,31.078775022443732,22.958865662934404,24.591858824789856,19.8421394775108,12.387720337693946,15.267846995295226,8.662385056495854,12.387005608554974,5.814354799526175,9.376389476372772,3.8018476099044847,6.632533098829427,-4.5,965791704.3422824,32.020108956897936,13.441193659142376,7.220107650903499,243.1234370794316,24.42364365108156,30.338048311676864,0.0,0.0,20.046582306815168,11.938610575903695,18.199506350736108,16.835593968657875,0.0,0.0,6.923737199690624,67.0844923075421,6.06636706846161,41.99221654747066,50.84831198788307,43.359965432085986,0.0,0.0,0.0,23.135525773652184,42.5264218414856,66.73003775307771,0.0,17.248535499851716,22.821020843992613,11.374772549367124,17.248535499851716,0.0,72.9032491931361,29.63565667495881,0.0,13.344558822616634,76.52100470411327,0.0,0.0,0.0,177.04999999999995,45.074705694544015,36.637723126482925,0.0,33.52213329819949,26.530277272086284,6.06636706846161,74.88326576717118,6.923737199690624,0.0,0.0,14.210588861400147,71.45465742245824,0.0,23.063783786804898,19.129279305086342,-0.3446944072241689,-2.3300436991529887,14.113050763022214,0.4690626316764592,-0.1203246171341432,-6.101437852203507,0.2592592592592592,42,2,13,0,0,0,0,3,0,3,0,0,9,2,15,0,15,0,0,0,0,0,10.247344892297727,3,3.0524000000000013,152.55119999999977,2,0,0,0,0,0,0,0,2,2,2,0,0,0,0,2,0,0,0,0,0,0,0,0,0,0,0,0,0,2,0,0,0,0,3,0,0,0,0,0,0,3,0,0,0,0,0,0,0,0,0,0,0,0,0,2,0,0,0,0,0,0,0,0,0,0,0,0,0,0,0,0,0,0,0,0,2,0,0,0,0,0,0,0,0,CHEMBL5174036,CCCOc1cc(N(CC(=O)O)S(=O)(=O)c2ccc(OC)cc2)ccc1N(CC(=O)O)S(=O)(=O)c1ccc(OC)cc1,1190.0,3.0755469613925306,CHEMBL3038498,Keap1/Nrf2,2,Large-Polar-Aromatic-Flexible-Hydrophobic,Large-Polar-Aromatic-Flexible-Hydrophobic
13.365251938707155,13.365251938707155,0.1405532752781906,-4.428476003592915,0.0559280782135825,13.929824561403509,809.0269999999999,760.6429999999998,808.307675256,298,0,0.2931983166921879,-0.496745475128874,0.496745475128874,0.2931983166921879,0.8947368421052632,1.6140350877192982,2.3157894736842106,32.23330041119376,9.986473021397822,2.25712504708756,-2.361113221603884,2.3113331947761955,-2.4556898066195147,7.989600914205597,-0.3836943123596559,3.221810037417497,1.0588249975888475,2248.6613982370077,40.36502130500351,32.33605060818525,33.969043770040706,27.483535366238655,18.732560498455495,21.20132230570337,14.127129954240797,16.902945184369486,9.841037635627387,12.344232568438386,6.695380038405519,8.682348877438747,-5.409999999999999,4018254744895.2104,41.230205442863806,19.15537173474057,11.130708555147455,338.5893506250366,19.853471019507335,11.436898107967467,0.0,0.0,21.61785715744265,0.0,19.80876518368787,13.139891848781026,0.0,11.761884949391115,54.59730361615449,104.41494715390009,66.73116477581756,16.92859206561298,22.872508171018477,44.75451465620089,0.0,14.52191432615304,0.0,28.798385809022097,69.89847547779839,142.5685626213918,0.0,16.876414816677897,19.675656153108942,17.062158824050687,5.749511833283905,11.761884949391115,94.7717251962886,16.56804755932016,10.114318268765572,22.342261790391824,131.11830832026783,0.0,11.126902983393991,0.0,137.36,26.54116820626032,23.32665243716633,0.0,22.188162071046293,12.1736752296728,67.2307385791193,23.259637120317212,31.004416627591866,79.65892438082096,50.170538272467425,4.736862953800049,34.26317163120635,1.6334068417381842,32.14304613005762,15.455753268934984,4.423615468632501,0.6329052126732652,36.68493516642356,0.7042793967335662,4.814521439460708,1.161032110805949,0.2790697674418604,57,2,12,0,1,1,1,5,0,5,1,0,11,2,14,1,17,0,1,1,0,0,13.855787929083862,6,7.235800000000007,227.85809999999935,0,0,0,0,0,0,0,0,0,0,1,1,0,0,0,4,2,0,0,0,0,0,0,0,0,0,0,1,0,2,0,0,0,0,5,0,0,0,0,0,0,1,0,0,0,0,0,0,0,0,0,0,0,0,0,1,0,0,1,1,0,0,0,0,0,0,0,0,0,0,1,0,0,0,0,1,1,0,0,0,0,0,0,0,0,CHEMBL384217,COc1cccc(-c2ccccc2CN2CCN(c3ccc(C(=O)NS(=O)(=O)c4ccc(N[C@H](CCN(C)C)CSc5ccccc5)c([N+](=O)[O-])c4)cc3)CC2)c1,178.0,2.250420002308894,CHEMBL4625,Apoptosis regulator Bcl-X,2,Large-Polar-Aromatic-Flexible-Hydrophobic,Large-Polar-Aromatic-Flexible-Hydrophobic
14.444862828547077,14.444862828547077,0.0361717087686761,-4.276140231861514,0.1272319046651394,12.81132075471698,866.2219999999996,824.8939999999996,865.1561660919999,276,0,0.2754385161714284,-0.3372092575066442,0.3372092575066442,0.2754385161714284,0.9056603773584906,1.6037735849056605,2.320754716981132,126.91270468537512,9.983358275753885,2.297369274836559,-2.2937208670300016,2.2948464658920087,-2.366580334119589,14.11192226185648,0.073184841736907,3.456694178764115,1.3780261453591236,2317.9384714812286,37.862867593890385,29.863787600945532,33.59371141906803,25.41025438336778,17.72763581320649,20.667512679398264,13.224358412818535,16.530357346424086,9.542536452660126,11.994692240461754,6.492453188189784,8.215510531535955,-4.269999999999998,551416384288.0308,38.4543609947498,16.39605884160434,8.289781405572443,328.23986035329136,9.799819461700954,0.0,5.693927994848461,0.0,27.744830341462094,0.0,14.383611552215466,17.82169478392621,5.098681808301038,0.0,74.68825994623543,113.14099358709156,35.31265938641269,26.86288255048812,22.8014085365444,72.70908928769227,0.0,24.302399069599264,0.0,64.31555959513227,19.634269217737724,121.09724943129258,0.0,5.687386274683562,4.722094864452088,0.0,0.0,34.191810517300574,65.35390959526835,22.98886918224617,10.49391947075602,87.55603439978566,83.75825536551872,5.022633313741326,16.459834703613154,0.0,121.68,15.930470882759089,22.8014085365444,0.0,38.55330722620456,43.98116151610833,51.15282017509302,28.947271208991623,28.8562907983148,42.46456947923127,46.25912169920243,11.600939890232516,31.54832471480913,8.964768695717705,45.33124492672339,6.432280999416425,3.0980236827447545,-1.5580219891659397,22.647449669423537,4.170374609060603,7.789472700909684,-4.276140231861514,0.3,53,1,10,0,1,1,3,4,1,5,0,0,7,1,13,2,12,0,0,0,0,0,11.896225765777595,6,7.951520000000008,215.23399999999944,0,0,0,0,0,2,0,0,0,0,3,3,0,0,0,4,1,0,0,0,0,0,0,0,0,0,0,3,0,0,0,0,0,0,4,0,2,0,0,0,0,0,0,0,2,0,0,0,0,0,0,0,0,0,0,0,0,0,0,0,0,0,0,0,0,0,0,0,0,0,0,0,0,0,0,0,1,0,0,0,0,0,0,2,0,CHEMBL2031018,CCCCN(CCCC)C(=O)c1nn(-c2ccc(C(=O)NS(=O)(=O)c3ccc4ccc(I)cc4c3)cc2C(=O)N2CCc3ccccc3C2)c(C)c1Cl,37.0,1.568201724066995,CHEMBL4860,Apoptosis regulator Bcl-2,2,Large-Polar-Aromatic-Flexible-Hydrophobic,Large-Polar-Aromatic-Flexible-Hydrophobic
14.145721476482906,14.145721476482906,0.0374519060271341,-1.5286193265809085,0.0168014410097646,15.228571428571428,981.1579999999996,908.5819999999997,980.521884364,386,0,0.4076111367714044,-0.4967681832687811,0.4967681832687811,0.4076111367714044,0.5857142857142857,1.1428571428571428,1.7428571428571429,16.551693184400992,9.985663034099998,2.35297218350202,-2.288061222065814,2.207335001611322,-2.6049707588873674,5.975819544743158,-0.1517088047024818,3.602145227318021,1.7855035831365726,2045.391865932686,51.751772650951615,41.26216426487165,41.26216426487165,33.28824280932214,23.770880518992907,23.770880518992907,18.064958433877734,18.064958433877734,11.35476047906806,11.35476047906806,7.292367490840716,7.292367490840716,-6.7700000000000005,481802326339439.7,57.54770739459888,29.970622356416524,20.84385921174429,409.05246622563146,50.848183439238184,61.3182871249458,0.0,29.535898646757527,5.907179729351506,18.031850646842113,43.78208886968496,10.63720745433806,0.0,0.0,83.0011615238458,87.46785334957731,6.4208216229260096,13.530619164203545,62.098286471846585,53.474929022951144,0.0,37.32652302114837,17.678482362589023,161.31941471906578,7.109797541277533,65.72420659954848,0.0,5.749511833283905,47.90605624521466,4.794537184071822,5.749511833283905,0.0,102.93973792686477,65.78065026300055,11.835812092322788,116.87754241079784,54.59730361615449,0.0,0.0,0.0,300.7799999999999,102.06470166692633,43.1508346566464,0.0,44.49810123171356,24.15460657083292,31.246737983401033,20.95727194065878,76.22588534645539,11.492158465571997,31.900731624037984,24.790122085466436,21.4930905246897,0.0,120.2630006720499,15.307904145369047,3.3138292721889435,-1.2835814852505834,7.765160231368499,2.683080175709727,9.438748590424208,1.518767873450582,0.5714285714285714,70,9,21,1,0,1,7,2,0,2,6,0,14,8,21,0,26,1,0,1,0,0,24.639151511444027,3,2.6255000000000077,255.3982999999992,0,0,0,0,0,0,0,0,0,0,9,9,0,0,0,0,7,1,0,0,0,0,0,0,1,0,0,7,0,0,0,0,0,0,2,0,0,0,0,0,2,4,0,0,0,1,0,0,0,0,0,0,0,0,0,1,0,0,0,0,0,0,0,0,0,0,0,0,0,0,0,0,0,0,0,0,0,0,0,0,0,0,0,0,0,CHEMBL2397153,COc1ccc(COC(=O)N[C@@H](C)C(=O)N[C@@H](CCC(=O)OCc2ccccc2)C(=O)N[C@@H](CC(C)C)C(=O)N[C@H](C(=O)N[C@@H](CC(=O)OC2CCCCCC2)C(=O)N[C@@H](C)C(=O)NN)C(C)C)cc1,21300.0,4.328379603438738,CHEMBL5023,p53-binding protein Mdm-2,2,Large-Polar-Aromatic-Flexible-Hydrophilic,Other
13.499109360205209,13.499109360205209,0.011123026371042,-4.3376017752205955,0.3029285394125097,11.68421052631579,554.6020000000002,532.4260000000004,554.0817576640001,196,0,0.323878408786015,-0.4798953607205574,0.4798953607205574,0.323878408786015,0.5263157894736842,0.8421052631578947,1.1578947368421053,32.23486182123355,10.064896333277272,2.316312340937714,-2.27661190362157,2.3791817436820915,-2.368269479349057,7.92831193211716,-0.1357492323429425,2.905225927016645,1.9599764917420623,1580.4646358393402,27.501424753254103,19.70665857511785,21.339651736973305,18.02974776737078,11.141702200243149,14.021828857844431,8.086341370297196,11.810961922356316,5.635567524557011,9.18348003898219,3.9865829915183593,6.894800148744178,-4.419999999999998,228059491.53296933,26.63762185743867,10.51812303011288,5.169794886729709,218.63975535066308,10.213054789681411,13.08951281182515,0.0,0.0,20.046582306815168,11.938610575903695,18.199506350736108,16.835593968657875,0.0,0.0,60.6636706846161,36.39820241076966,10.772448428929591,21.165739500402676,36.637723126482925,54.13241386101558,0.0,0.0,0.0,9.79096695103555,21.69994479441762,97.0618730953858,0.0,0.0,8.610431982592466,11.374772549367124,0.0,0.0,52.07677214606812,29.63565667495881,0.0,0.0,106.85284004642136,0.0,10.772448428929591,0.0,149.36,45.074705694544015,36.637723126482925,0.0,31.93818792933227,0.0,8.610431982592466,72.79640482153933,24.26546827384644,0.0,0.0,0.0,55.44884106893875,0.0,23.184068641775383,19.511414907745937,-0.0222460527420842,-2.8114391025060876,23.333368171369337,0.0,-1.8021374174733649,-8.675203550441191,0.0769230769230769,38,2,10,0,0,0,0,4,0,4,0,0,6,2,12,0,10,0,0,0,0,0,7.3730995770043135,4,3.399600000000002,141.16719999999984,2,0,0,0,0,0,0,0,2,2,2,0,0,0,0,2,0,0,0,0,0,0,0,0,0,0,0,0,0,2,0,0,0,0,4,0,1,0,0,0,0,0,0,0,0,0,0,0,0,0,0,0,0,0,0,0,0,0,0,0,0,0,0,0,0,0,0,0,0,0,0,0,0,0,0,0,2,0,0,0,0,0,0,0,0,CHEMBL3601215,O=C(O)CN(c1ccc(N(CC(=O)O)S(=O)(=O)c2ccccc2)c2ccccc12)S(=O)(=O)c1ccccc1,34.3,1.5352941200427703,CHEMBL3038498,Keap1/Nrf2,2,Large-Polar-Aromatic-Flexible-Hydrophobic,Large-Polar-Aromatic-Flexible-Hydrophobic
13.979249395025112,13.979249395025112,0.0416085872033746,-4.302039255404795,0.2374760840495449,12.205128205128204,612.4980000000002,586.2900000000001,611.061335272,202,0,0.3491821067916156,-0.4798953607126784,0.4798953607126784,0.3491821067916156,0.8974358974358975,1.4871794871794872,2.051282051282051,79.91873143161665,10.065070126937126,2.318054195074735,-2.2672162669329414,2.385744633969688,-2.363281408274804,9.103004341732325,-0.1450035085296475,2.8521413833097595,1.873743327733024,1661.2024523617006,28.48239870526642,21.381755282943967,23.7842484029864,18.39479173679511,11.889142031183678,14.122203629541673,9.14934895224896,11.864178526743034,6.2032382133990325,8.797833836564068,4.707664286561722,6.822556513704959,-3.889999999999999,277117525.00629836,28.126543900836435,11.073842185263258,5.764332910884451,234.19506496638272,14.94991774348146,12.29426823919648,0.0,6.103966387748303,10.023291153407584,11.938610575903695,9.099753175368054,13.212334168400758,0.0,0.0,70.02433193733923,56.1635828563123,20.808619436459,10.582869750201336,32.956789095954036,54.35168033087378,0.0,0.0,0.0,31.77066146233795,10.84997239720881,99.52293030415974,0.0,5.749511833283905,9.042078945096282,5.687386274683562,5.749511833283905,15.929943897949348,37.11421875582662,19.612365521551222,20.771211599071872,28.357772354536284,82.16460781288953,0.0,10.772448428929591,0.0,121.21000000000002,34.61062452297216,28.219926142153987,0.0,16.33238158348524,27.462802904020577,14.34138699882564,12.13273413692322,74.51114508399735,6.923737199690624,15.929943897949348,4.736862953800049,35.56398068068462,3.330721166846629,24.039777722411845,20.399661557323466,2.449850227930284,-2.3217575308806806,19.770242525678015,-1.3295657528001743,4.399128658210799,-4.302039255404795,0.1724137931034483,39,2,8,0,0,0,0,4,0,4,1,0,5,2,10,0,9,0,0,0,0,1,7.986382266019013,4,6.012160000000005,151.91539999999975,2,0,0,0,0,0,0,0,2,2,2,0,0,0,0,1,0,0,0,0,0,0,0,0,0,0,0,0,0,1,3,0,0,0,4,0,1,0,0,0,0,1,0,0,1,0,0,0,0,0,0,0,0,0,0,0,0,0,0,0,0,0,0,0,0,0,0,0,0,0,0,0,0,0,0,0,1,0,0,0,0,0,0,0,0,CHEMBL4748547,Cc1cc(C)c(S(=O)(=O)N(CC(=O)O)c2ccc(OC(C(=O)O)c3ccc(Br)cc3)c3ccccc23)c(C)c1,430.0,2.633468455579586,CHEMBL3038498,Keap1/Nrf2,2,Large-Polar-Aromatic-Flexible-Hydrophobic,Large-Polar-Aromatic-Flexible-Hydrophobic
13.577404827998588,13.577404827998588,0.1135097662053075,-4.1631316110280805,0.0455761098641456,13.555555555555555,908.547,858.1469999999995,907.295252,328,0,0.3376801171567015,-0.477575109080734,0.477575109080734,0.3376801171567015,0.873015873015873,1.5396825396825398,2.1746031746031744,35.49569433655242,9.96011275652393,2.274786040838351,-2.3725532603111046,2.404169118766714,-2.4609978235156973,7.989639406912077,-0.3836934019377575,3.5440106918568195,1.0100809070065069,2688.0308959654026,44.83755908857853,35.49308720054398,37.882009308417885,30.177581371346744,20.47504686501036,23.32177314526746,15.725211103412342,18.937462114013037,11.23795752681812,14.043435629414825,7.822608103755157,10.020025535624,-5.999999999999998,73784583036408.66,45.03703703703704,19.586079315527808,10.620187304890738,377.04953148828093,29.690144839189824,5.687386274683562,0.0,0.0,15.710677428091143,5.969305287951848,14.83641313321766,13.212334168400758,0.0,11.761884949391115,54.06550936946379,117.90796699881696,89.32541421053911,21.0761740108809,23.242172612059136,67.79235265440087,0.0,9.467009378641832,7.04767198267719,29.177366602800145,72.41068253182341,147.7216724382846,0.0,22.384282469939446,19.83870293015937,28.43693137341781,0.0,23.36282483962363,92.49777052539298,17.070963136084774,17.038055468456196,22.472738293543287,131.1183083202678,5.022633313741326,22.384282469939446,0.0,153.29,20.9159074901771,28.43317983200704,0.0,27.875548345729857,53.899278305367424,52.123032100427544,12.13273413692322,36.027353223237554,111.4966246855145,24.73861266100985,11.600939890232516,31.66528880754643,7.844794186775001,31.764560365407135,26.52592691077736,6.211197003206128,-0.3281028556186737,36.24792704343949,0.7258803602607501,5.378072231108611,1.658900391542226,0.2553191489361702,63,3,13,0,1,1,0,5,1,6,1,0,11,3,16,2,17,0,1,1,0,0,14.00157110386938,7,9.57922,255.51189999999937,0,0,0,0,1,1,0,0,1,1,1,0,0,0,0,5,2,0,0,0,0,0,0,0,0,0,0,0,0,4,0,0,0,0,5,0,0,0,0,0,0,0,0,0,1,0,0,0,0,0,0,0,0,0,0,0,0,0,1,1,0,0,0,0,0,0,0,0,0,0,1,0,0,0,0,1,1,0,0,0,0,0,0,0,0,CHEMBL2159737,Cc1c(C(=O)O)c(-c2cccc(N3CCN(c4ccc(NS(=O)(=O)c5ccc(N[C@H](CCN(C)C)CSc6ccccc6)c([N+](=O)[O-])c5)cc4)CC3)c2)c(-c2ccc(Cl)cc2)n1C,1.3,0.1139433523068367,CHEMBL612545,Unchecked,2,Large-Polar-Aromatic-Flexible-Hydrophobic,Large-Polar-Aromatic-Flexible-Hydrophobic
14.473032882859062,14.473032882859062,0.0666537699370137,-4.3163962113270955,0.2074532893692667,14.0,718.7339999999999,692.5259999999998,718.1376497920003,256,0,0.2643958896251401,-0.4861461402446085,0.4861461402446085,0.2643958896251401,0.56,0.98,1.38,32.23486394881189,10.064412116218492,2.3294577308258786,-2.2883950346610904,2.4140365001177653,-2.327061142652791,7.92767256437391,0.1707805483081687,3.871305304941159,1.2759660648800082,2241.8462294884384,34.29610720425117,25.831035586033092,27.464028747888545,24.285992842845296,15.106565162965476,17.986691820566744,10.979569000937962,14.704189552997088,7.983873439650597,11.495322687495385,5.687798171144006,8.609515774884315,-6.02,422822602675.23566,31.25995763229021,12.45617835075329,5.622188675732767,283.5617650362099,18.947451815200196,26.427527858051672,34.646856329135474,0.0,20.046582306815168,0.0,8.610431982592466,27.03295758525995,0.0,10.197363616602075,24.26546827384644,57.25174279338914,22.90518256585281,34.255252312227825,35.78304578385807,42.19380328511188,0.0,41.24826761582362,0.0,22.880479762860706,35.037959840644135,84.4452138175392,0.0,22.99804733313562,27.557883797792663,11.374772549367124,22.99804733313562,0.0,84.51138944253317,33.13609511864032,0.0,11.648808995999854,82.58737177257488,0.0,10.772448428929591,0.0,220.5999999999999,20.046582306815168,16.835593968657875,0.0,59.117825237253506,46.98425969109105,8.610431982592466,48.53093654769288,24.26546827384644,0.0,41.24826761582362,18.947451815200196,82.69748826312248,0.0,-0.1333075398740277,28.366492158659913,0.4604601575606277,1.7738432199157048,18.63784008552408,0.0,0.6633094110787492,-8.632792422654191,0.2,50,2,18,0,2,2,0,4,2,6,0,0,14,2,20,4,10,0,0,0,0,0,7.787592150095967,8,2.199399999999999,173.90499999999966,0,0,0,0,0,8,2,0,0,0,0,0,0,0,0,8,2,0,0,0,0,2,0,0,0,0,0,0,0,2,0,0,0,0,4,0,3,0,0,0,0,4,0,0,0,0,0,0,0,0,0,0,0,0,0,0,0,0,0,0,0,0,0,0,0,0,0,0,0,0,0,0,0,0,0,0,2,0,0,2,0,0,0,0,0,CHEMBL4865999,O=S(=O)(c1ccc2c(c1)OCCO2)N(Cc1nnn[nH]1)c1ccc(N(Cc2nnn[nH]2)S(=O)(=O)c2ccc3c(c2)OCCO3)c2ccccc12,7.2,0.8573324964312685,CHEMBL3038498,Keap1/Nrf2,2,Large-Polar-Aromatic-Flexible-Hydrophilic,Other
13.261409068762838,13.261409068762838,0.1306783049238764,-4.400832433662542,0.0876547674555016,14.36,716.9300000000001,672.578,716.281460508,264,0,0.2931983166921879,-0.3758658713437935,0.3758658713437935,0.2931983166921879,0.94,1.62,2.28,32.233299819581134,10.08435244192383,2.2549933014982515,-2.3600518069659566,2.3007868256096566,-2.455845276089427,7.989594020276931,-0.3836941569736553,3.10688825587565,1.2081518334991928,1865.204697611203,35.674786860691526,28.61840124096289,30.25139440281834,23.979204068589084,16.548820857713785,19.01758266496166,12.664511657621992,15.44032688775068,8.704185695946844,11.20738062875784,5.752462479582046,7.739431318615273,-4.429999999999998,99343299788.1612,36.840580003971205,16.989379562147125,10.065180578537085,298.4187111894657,15.116608065707286,5.687386274683562,0.0,0.0,21.61785715744265,0.0,19.80876518368787,13.139891848781026,0.0,11.761884949391115,42.46456947923127,93.64249872497048,66.73116477581756,9.818794524335445,18.13564521721843,44.75451465620089,0.0,14.52191432615304,0.0,35.72212300871272,62.78867793652084,123.86654583924238,0.0,0.0,14.938793199308895,17.062158824050687,0.0,11.761884949391115,87.66192765501106,16.56804755932016,17.038055468456196,27.90571328208882,106.85284004642136,0.0,0.0,0.0,128.13,20.85378193157676,23.32665243716633,0.0,27.875548345729857,12.1736752296728,55.91777525413839,23.259637120317212,23.894619086314336,61.45982317543613,51.02790840369643,0.0,28.602940351975334,1.6362960809627398,31.964894304032143,15.38036712395808,3.5540917391799622,-0.1668447028421705,28.62731409258594,0.7113781030454701,7.253146604241973,-0.4802503638061368,0.3243243243243243,50,2,11,0,1,1,1,4,0,4,1,0,10,2,13,1,15,0,1,1,0,0,12.517971939542289,5,5.868620000000006,200.60709999999943,0,0,0,0,0,0,0,0,0,0,1,1,0,0,0,4,2,0,0,0,0,0,0,0,0,0,0,1,0,2,1,0,0,0,4,0,0,0,0,0,0,0,0,0,0,0,0,0,0,0,0,0,0,0,0,0,0,0,1,1,0,0,0,0,0,0,0,0,0,0,1,0,0,0,0,1,1,0,0,0,0,0,0,0,0,CHEMBL387142,Cc1ccccc1CN1CCN(c2ccc(C(=O)NS(=O)(=O)c3ccc(N[C@H](CCN(C)C)CSc4ccccc4)c([N+](=O)[O-])c3)cc2)CC1,140.0,2.146128035678238,CHEMBL4625,Apoptosis regulator Bcl-X,2,Large-Polar-Aromatic-Flexible-Hydrophobic,Large-Polar-Aromatic-Flexible-Hydrophobic
14.724359883896373,14.724359883896373,0.0584283330972537,-1.184560839076913,0.026567565800977,12.246376811594205,1035.0519999999997,962.4759999999995,1033.4596142240002,384,0,0.3172929678996095,-0.4812294212221436,0.4812294212221436,0.3172929678996095,0.6666666666666666,1.2173913043478262,1.7971014492753623,79.91873190242501,10.020898486173415,2.345764497158556,-2.411215717094201,2.201937520005493,-2.598244512282251,9.103011589775004,-0.3844504260664387,3.285218730965704,2.67740472453719,1943.961132941515,51.30417889375891,39.74497710294559,41.33097364206029,32.783911511672585,23.363823055572396,24.156821325129748,17.26493466120273,18.18061018999442,11.213460135137003,11.74212564817524,7.506664288257062,7.770997044776179,-6.23,189301245389058.3,58.89446721939037,32.50716106971559,25.096680452850304,411.63479658396534,63.38094082974472,0.0,0.0,5.907179729351506,5.687386274683562,36.06306862525599,24.49792982098104,19.178148736287287,0.0,0.0,60.46370819410304,93.50969417872528,87.72305419206967,17.006992707113593,48.698126127001835,63.5875785272404,0.0,35.96688360857676,23.11890847764795,115.44367798486329,52.358051247300594,74.24487731568486,0.0,0.0,38.46815684751188,24.86553501097085,0.0,15.929943897949348,142.28991712040255,27.22525479806748,16.032224314926967,95.60341523496136,53.00365606352529,0.0,0.0,0.0,338.98999999999995,71.43990351379504,53.889133346949734,0.0,83.60478923070163,50.987592189630035,22.020444122152412,26.83246332947465,12.13273413692322,38.112942673227685,37.19709831397468,17.201002431486554,0.8634889048633676,3.422377522944359,106.0907920824022,41.9148315983843,18.63820446079889,-2.686823769099497,7.927137772951888,2.6741833159863204,4.072474777434813,0.0,0.5869565217391305,69,12,22,0,0,0,9,2,0,2,3,0,10,9,23,0,34,0,0,0,0,3,27.746259884287067,2,4.511700000000011,263.05599999999953,2,0,0,0,0,0,0,0,2,2,7,5,0,0,0,4,4,3,0,0,0,0,0,0,0,0,0,9,0,0,1,0,0,0,2,0,0,0,0,0,0,0,0,0,1,0,0,0,0,0,0,0,0,0,0,0,0,0,1,1,1,0,0,0,0,0,0,0,0,0,0,2,0,0,0,0,0,0,0,0,0,0,0,1,4,CHEMBL611333,CC(C)CCCNC(=O)N(CC(CCC(=O)O)NC(N)=O)C(CCCCN)CN(C(=O)NCCc1ccc(Br)cc1)C(CCC(=O)O)CN(CCC(N)=O)C(=O)NCCCc1ccc([N+](=O)[O-])cc1,41000.0,4.6127838567197355,CHEMBL5023,p53-binding protein Mdm-2,2,Large-Polar-Aromatic-Flexible-Hydrophobic,Large-Polar-Aromatic-Flexible-Hydrophobic
13.917715720575847,13.917715720575847,0.0044069845136489,-4.38580339204167,0.1460643325331863,11.782608695652174,666.8180000000002,628.514,666.206958176,244,0,0.3238784087860352,-0.4798953607205573,0.4798953607205573,0.3238784087860352,0.5652173913043478,0.9130434782608696,1.2173913043478262,32.23486308548746,10.064861613903291,2.3195966157690857,-2.277937108595564,2.38201245320361,-2.368627542695189,7.928336897532822,-0.1357492336256605,3.0371737166612176,1.8423191631213305,1767.3440770107145,33.48455241637954,25.79459872385788,27.427591885713333,21.89345107252705,15.084389748848713,17.964516406449984,10.955244194032211,14.67986474609133,7.633871375206376,11.181783889631545,5.219634975835116,8.08574797950949,-4.419999999999999,9257088172.529615,34.453110901387376,14.781577943721452,7.680515231798508,269.55929226583595,10.213054789681411,13.08951281182515,0.0,0.0,20.046582306815168,11.938610575903695,18.199506350736108,16.835593968657875,0.0,0.0,75.22005419292616,73.2083918858677,10.772448428929591,21.165739500402672,36.637723126482925,54.13241386101558,0.0,0.0,0.0,62.16337108797286,21.69994479441762,96.05604194185656,0.0,0.0,8.610431982592466,11.374772549367124,0.0,0.0,52.07677214606812,42.47729992081083,0.0,50.65766387447927,94.72010590949812,0.0,10.772448428929591,0.0,149.36,45.074705694544015,36.637723126482925,0.0,31.938187929332265,0.0,58.26226470354253,36.39820241076966,48.53093654769288,0.0,13.847474399381248,0.0,57.21363715811484,0.0,23.759721679450912,19.95693270712622,1.9175506917819405,-2.789326471674135,21.506847948297033,5.390887682657439,2.315355388329099,-8.77160678408334,0.2941176470588235,46,2,10,0,0,0,0,4,0,4,0,0,6,2,12,0,16,0,0,0,0,0,11.071116178098624,4,6.084800000000006,178.39119999999954,2,0,0,0,0,0,0,0,2,2,2,0,0,0,0,2,0,0,0,0,0,0,0,0,0,0,0,0,0,2,2,0,0,0,4,0,1,0,0,0,0,0,0,0,0,0,0,0,0,0,0,0,0,0,0,0,0,0,0,0,0,0,0,0,0,0,0,0,0,0,0,0,0,0,0,0,2,0,0,0,0,0,0,2,0,CHEMBL3601221,CCCCc1ccc(S(=O)(=O)N(CC(=O)O)c2ccc(N(CC(=O)O)S(=O)(=O)c3ccc(CCCC)cc3)c3ccccc23)cc1,42.2,1.625312450961674,CHEMBL3038498,Keap1/Nrf2,2,Large-Polar-Aromatic-Flexible-Hydrophobic,Large-Polar-Aromatic-Flexible-Hydrophobic
14.149947427468142,14.149947427468142,0.1158904805258846,-6.000632709577611,0.090443177248938,14.596774193548388,924.537,879.1769999999999,923.2335782600004,326,0,0.5014901630613056,-0.3803583949981871,0.5014901630613056,0.3803583949981871,0.8387096774193549,1.5483870967741935,2.2580645161290325,35.495694721315466,9.989705787090784,2.4826755316420113,-2.3613632728033456,2.3739917493347984,-2.4554792884136982,7.989787874703064,-0.0435426638257531,3.249118475299981,1.076787946807169,2723.5475752671355,44.072128086190055,33.88687380525826,37.09229249405988,29.568651471731528,19.70509735958428,24.034986887435764,15.12087479050413,20.242735832005092,10.491504780014909,14.780843577923704,7.164728036702469,10.36174374322609,-4.91,36886682730086.88,45.124236653824326,19.228439834386545,10.813008584729229,368.84259676966474,15.116608065707286,11.222803550282316,5.817862777835028,0.0,19.86054428982509,5.508330501264255,9.622004595302563,26.80355101055229,13.17124514302446,11.761884949391115,66.19824350638702,104.41494715390009,65.51020374386508,16.0995704678176,30.00683911168234,71.31892938873193,0.0,19.76777650359537,0.0,39.202199785804126,67.51077280097293,132.17437918097352,0.0,11.126902983393991,14.938793199308895,30.36388047022661,0.0,23.36282483962363,100.7255214043295,26.40530069573766,0.0,11.984273114623004,136.27474480208852,5.022633313741326,22.02982791547505,0.0,127.84,41.201682571272855,30.00683911168234,0.0,11.50524905251859,40.71035694986936,66.56628890008142,23.65265651585265,6.06636706846161,97.8580255862058,41.93939410897701,11.600939890232516,98.54963022787857,7.586562206569461,14.079560824836904,4.017052661628236,-1.2796952975147675,0.277487916083005,33.06732197634007,1.646258114739131,4.383836559623296,-6.966904079072787,0.2727272727272727,62,2,11,0,1,1,0,5,1,6,1,0,11,2,18,2,16,0,1,1,0,0,13.994655960817438,7,8.891200000000003,242.15499999999943,0,0,0,0,0,2,0,0,0,0,0,0,0,0,0,5,2,0,0,0,0,0,0,0,0,3,0,0,0,3,0,0,0,0,5,0,1,0,0,0,0,0,0,0,4,0,0,0,0,0,0,0,0,0,0,0,0,0,0,0,0,0,0,0,0,0,0,0,0,0,1,0,0,0,0,1,1,1,0,0,0,0,0,0,0,CHEMBL1689141,CN(C)CC[C@H](CSc1ccccc1)Nc1ccc(S(=O)(=O)Nc2ncnc3cc(N4CCN(Cc5ccccc5-c5ccc(Cl)cc5)CC4)ccc23)cc1S(=O)(=O)C(F)(F)F,6.0,0.7781512503836436,CHEMBL4625,Apoptosis regulator Bcl-X,2,Large-Polar-Aromatic-Flexible-Hydrophobic,Large-Polar-Aromatic-Flexible-Hydrophobic
13.960467093643224,13.960467093643224,0.0062060292513268,-0.9837774092539696,0.046140865645589,17.91780821917808,1036.6929999999998,970.1649999999992,1035.433125372,388,0,0.2508590255988651,-0.3911853777197258,0.3911853777197258,0.2508590255988651,0.8356164383561644,1.4931506849315068,2.1506849315068495,35.49569448155085,9.852101479180837,2.4428598884122916,-2.3947365576916537,2.4128826857714034,-2.577651148926987,7.129670432538281,-0.1443199851031926,3.9866633714715096,0.7787149018791562,2695.1014745813736,52.23490031407706,42.24358371521796,43.816009242164135,34.95945645466802,24.591922270167228,25.84953955443134,19.505833830279705,20.79703867228896,12.905410239973648,14.13502082493152,9.14796749116581,10.085609327365,-6.209999999999999,8037582971616566.0,54.561685446511895,25.149894382851837,14.518759591781176,435.6913703338135,50.384090133967135,18.69056362280884,0.0,23.628718917406022,5.907179729351506,0.0,23.97268592035911,4.983978520947208,0.0,11.336785877934735,74.83672096853566,102.03148049788192,60.98152622430776,61.26183150162799,43.28980217659995,63.84839696429191,0.0,25.834254063816676,5.414990469396779,91.20015255424846,62.94750293375946,123.91296108422236,0.0,21.56750166879229,26.1670641468758,11.374772549367124,0.0,22.93772576816725,121.48660776749075,39.9334940036,12.338727669087405,80.68098972746435,96.50604530054156,5.022633313741326,21.56750166879229,0.0,200.76,35.41699797414402,29.079213315199816,0.0,88.9568470681791,17.130841211350898,56.183926819327866,4.899909730850477,30.393257214548576,110.9018026247697,39.24123720512476,25.811528751632665,16.75084252348794,7.6957326298013715,74.66200564217483,23.43532906048178,9.21127926313564,-1.582172350425148,27.00386555081956,-0.0721453180829583,12.423040776384772,0.0,0.4181818181818181,73,5,16,0,2,2,5,4,1,5,5,0,12,5,18,3,21,0,1,1,0,0,18.797542826440527,7,7.3259200000000115,283.3670999999999,0,1,1,0,0,1,0,0,0,0,5,5,0,1,0,3,4,0,0,0,1,0,0,0,0,0,0,5,0,2,1,0,0,0,4,0,1,0,0,0,0,3,0,0,1,0,0,0,0,0,0,0,0,0,0,0,0,0,0,0,0,0,0,0,0,0,0,0,0,0,0,0,0,0,0,0,0,0,0,0,1,0,0,0,0,CHEMBL5176485,CC(=O)N1c2ccc(-c3ccc(C(=O)NCCOCCOCCOCC(=O)N[C@H](C(=O)N4C[C@H](O)C[C@@H]4C(=O)NCc4ccc(-c5scnc5C)cc4)C(C)(C)C)cc3)cc2[C@H](Nc2ccc(Cl)cc2)C[C@@H]1C,1036.0,3.0153597554092144,CHEMBL3301400,Von Hippel-Lindau disease tumor suppressor/Elongin B/Elongin C,2,Large-Polar-Aromatic-Flexible-Hydrophobic,Large-Polar-Aromatic-Flexible-Hydrophobic
13.45367724293578,13.45367724293578,0.0062953231682942,-4.072616121720939,0.1655810213675049,11.666666666666666,612.7260000000002,580.4700000000001,612.160007984,222,0,0.3028515060946475,-0.4938886575499962,0.4938886575499962,0.3028515060946475,0.7380952380952381,1.238095238095238,1.738095238095238,32.2346996072973,9.985880187357868,2.2231974053795343,-2.1930245294720834,2.3696023598468527,-2.165542516620705,7.92682344790268,-0.1366190706541339,2.953116193093164,1.7751147087486734,1771.0802788691028,30.32985187800029,23.162535615072603,24.795528776928055,20.03517371281139,13.315248042260528,16.281574537449313,9.270958991502518,12.63576347432154,6.333836085564482,9.080866845837752,4.425662464580566,6.618317058920288,-4.289999999999999,1468861472.4997768,30.663596868552972,13.130157709171057,7.311308546064855,244.95091544183285,14.580253302440804,11.49902366656781,0.0,0.0,20.046582306815168,5.969305287951848,14.238726912976,16.835593968657875,0.0,0.0,24.26546827384644,86.84987275308477,17.193270051855603,34.37950342942851,36.2103844551705,48.16310857306373,0.0,0.0,0.0,42.90090621919482,22.657953657930012,84.42622338169795,0.0,11.49902366656781,18.917915636504276,11.374772549367124,11.49902366656781,0.0,41.125190580476264,31.261941113813,0.0,32.25256913693026,88.65373884103651,0.0,10.772448428929591,0.0,148.1,26.015887594767015,26.7366585475704,0.0,40.428204369180705,41.048687516220234,0.0,24.26546827384644,54.59730361615449,13.847474399381248,9.444189728904176,9.473725907600098,69.71943748286184,0.0,11.25148319809369,10.09779859740074,0.9134897499398976,0.0656867502600364,20.301532307819343,0.2338589670835391,4.5265735336042034,-8.109860587063277,0.2333333333333333,42,3,10,0,0,0,0,4,0,4,0,0,7,3,12,0,14,0,0,0,0,0,9.586139590822482,4,5.646100000000005,161.36079999999964,1,0,0,0,0,0,0,0,1,1,1,0,0,0,0,0,2,0,0,0,0,0,0,0,0,0,0,0,0,2,1,0,0,0,4,0,1,0,0,0,0,2,0,0,0,0,0,0,0,0,0,0,0,0,0,0,0,0,0,0,0,0,0,0,0,0,0,0,0,0,0,0,0,0,0,0,2,0,0,0,0,0,0,0,0,CHEMBL3962296,CCOc1ccc(S(=O)(=O)Nc2cc(CCCC(=O)O)c(NS(=O)(=O)c3ccc(OCC)cc3)c3ccccc23)cc1,150.0,2.1760912590556813,CHEMBL4106129,Keap1-p62,2,Large-Polar-Aromatic-Flexible-Hydrophobic,Large-Polar-Aromatic-Flexible-Hydrophobic
12.804825657714368,12.804825657714368,0.0150586596554063,-4.244811613495171,0.184439098068229,11.108108108108109,577.8290000000002,562.7090000000003,575.9716402399999,188,0,0.3126376645007787,-0.4485287836662129,0.4485287836662129,0.3126376645007787,0.8108108108108109,1.4864864864864864,2.1621621621621623,35.498989736007196,10.02946289446664,2.2140265465054134,-2.105124084483754,2.37577149795645,-2.3007947105159703,7.896995623734404,-0.3852175028673207,2.866370003846932,1.5188522200253278,1626.2491300367467,26.741911729260263,18.52174881642945,21.60603223541254,17.546551078211515,10.384441156087638,13.001497822709716,7.562977550153261,10.466980171784584,5.101601163179775,7.485153504883993,3.3025331487954808,4.7829140775949766,-3.629999999999998,138266958.74880695,26.433520235347327,10.775888047851208,6.029165164241089,226.1161076608042,4.736862953800049,5.749511833283905,0.0,5.749511833283905,15.930470882759089,5.687386274683562,14.908855452837392,13.139891848781026,0.0,0.0,59.06828794454399,65.72420659954848,11.629818560158606,24.886694465559422,22.872508171018477,56.4206768281402,0.0,4.722094864452088,0.0,4.895483475517775,0.0,115.67480866014913,0.0,22.6259266499618,9.458957818252138,5.687386274683562,11.49902366656781,34.802819670697545,19.248287762498112,10.023291153407584,10.114318268765572,10.357988675768818,89.82462243398034,15.067899941223978,11.126902983393991,0.0,115.61,20.85378193157676,23.32665243716633,0.0,32.667978222207466,21.172169610876644,0.0,54.59730361615449,30.33183534230805,4.722094864452088,0.0,39.5396826244976,33.15205549638215,18.04676341373016,23.11348406051418,11.97299800332031,1.0951184600687252,-0.9123468115145292,20.360072324327515,0.0,0.0,-4.244811613495171,0.0,37,1,8,0,0,0,1,4,0,4,0,0,6,1,12,0,7,0,0,0,0,0,7.6985041828841165,4,7.133000000000004,141.1723999999998,0,0,0,0,0,0,0,0,0,0,1,1,0,0,0,1,1,0,0,0,0,0,0,0,0,0,0,1,0,0,0,0,0,0,4,0,0,0,0,0,0,1,0,0,3,0,0,0,0,0,0,0,0,0,0,0,0,0,1,1,0,0,0,0,1,0,0,0,0,0,0,0,0,0,0,0,1,0,0,0,0,0,0,0,0,CHEMBL1824829,O=C(NS(=O)(=O)c1ccc(Oc2c(Cl)cccc2[N+](=O)[O-])cc1)c1cccc(-c2ccc(Cl)c(Cl)c2)c1,2000.0,3.3010299956639813,CHEMBL4625,Apoptosis regulator Bcl-X,2,Large-Polar-Aromatic-Flexible-Hydrophobic,Large-Polar-Aromatic-Flexible-Hydrophobic
14.855898649099318,14.855898649099318,0.045805468664867,-4.29047298032755,0.1442039641589187,14.245283018867925,728.871,688.551,728.266856,270,0,0.2645231301682853,-0.3942219207677429,0.3942219207677429,0.2645231301682853,0.8490566037735849,1.5660377358490567,2.30188679245283,32.23327404194696,9.902041054839584,2.332808562448605,-2.361991443898052,2.3607601478704985,-2.4608109031752416,7.897117562233466,0.054463736050402,3.5668325493028137,1.3518333937544709,2425.8773048395674,37.11394444944695,29.27406228191745,30.090558862845175,25.716208378259683,17.680408101873393,19.16357134946778,13.223636832316435,14.90603907372595,9.837998107591288,11.166658586364193,7.080878294840955,8.089964404694163,-5.619999999999998,1061040954214.7382,35.76839114313754,15.15784766940006,7.10611832615425,307.9391934879885,15.112964520531888,0.0,0.0,0.0,21.837650612110593,0.0,9.589074368143644,17.821694783926212,5.098681808301038,0.0,92.2073307126176,83.12347018356829,23.235110881003564,41.22633049807206,28.219926142153987,32.610099041040186,0.0,19.402489338748783,0.0,56.69598636648589,6.606881964512918,148.90263625725552,0.0,16.814289258077554,4.722094864452088,0.0,0.0,0.0,57.77432850067093,36.0165727696851,0.0,62.996116770171184,120.15645777628842,0.0,27.586737687007144,0.0,141.83,34.486373405771474,28.219926142153987,0.0,29.17402482933726,35.04869843855926,40.73608471324283,24.26546827384644,33.847180939842104,66.73003775307771,11.645832064142713,5.098681808301038,30.98817096366586,0.0,30.170410705318577,27.529528991884497,5.001235263761492,-1.3533266174572445,33.21048485364701,2.71781927735611,1.6094828754845976,-4.29047298032755,0.2142857142857142,53,3,10,0,1,1,2,5,1,6,1,0,8,3,11,2,11,0,0,0,0,0,10.229657062777305,7,6.205500000000008,203.0280999999995,0,2,2,0,0,2,0,0,0,0,2,2,0,0,0,3,1,0,0,0,0,0,0,0,0,0,0,2,0,0,0,0,0,0,5,0,2,0,0,0,0,0,0,0,0,0,0,0,0,0,0,0,0,0,0,0,0,0,0,0,0,0,0,0,1,0,0,0,0,0,0,0,0,0,0,0,1,0,0,0,0,0,0,1,0,CHEMBL2030859,CCCCc1c(-c2ccc(C(=O)NS(=O)(=O)c3ccc4ccccc4c3)cc2C(=O)N2Cc3ccccc3C[C@H]2CO)c(CO)nn1-c1ccccc1,8.0,0.9030899869919436,CHEMBL4625,Apoptosis regulator Bcl-X,2,Large-Polar-Aromatic-Flexible-Hydrophobic,Large-Polar-Aromatic-Flexible-Hydrophobic
14.673033611939012,14.673033611939012,0.074142060371112,-1.1576006788143258,0.0473459155644022,12.323076923076924,931.5769999999998,860.0089999999997,930.5094015320002,362,0,0.3172929678996313,-0.4812294212221436,0.4812294212221436,0.3172929678996313,0.6307692307692307,1.1846153846153846,1.7538461538461538,35.49569375008329,10.02090241642133,2.345201918675147,-2.4112136744977146,2.197423500034945,-2.5983279981107605,6.300975021205297,-0.1378632956598198,3.24713281676424,2.710109662638766,1774.1470701504904,48.149478355379664,37.85151041452099,38.607439360539445,30.97938105903228,22.36438428362935,22.742348756638577,16.47342286496686,16.909858645438845,10.680572590921413,10.932548906260894,7.192947532022817,7.318935689692561,-5.82,33739418888852.176,55.311830055419215,31.12222848388717,24.160363121057383,387.05259736830936,63.38094082974472,0.0,0.0,5.907179729351506,0.0,36.06306862525599,14.383611552215466,19.178148736287287,0.0,0.0,74.33380539177105,87.08887255579926,76.14023385305534,12.08368165829592,43.77481507818416,53.57118824484,0.0,35.96688360857676,23.11890847764795,109.02285636193729,52.358051247300594,70.74683991328982,0.0,0.0,38.46815684751188,19.178148736287287,0.0,11.600939890232516,137.36660607158487,27.22525479806748,5.917906046161393,89.18259361203536,54.59730361615449,5.022633313741326,0.0,0.0,295.84999999999997,66.51659246497738,43.77481507818416,0.0,71.3726465501055,56.13416028635791,17.54772460632,14.69972919255143,12.13273413692322,42.46456947923127,35.11462881540657,28.80194232171907,0.0,6.092343087500028,95.29394724164482,31.39102951872537,18.83433302352376,-2.591549522298455,11.199865506953527,2.517683396758224,4.373458858303849,0.0,0.5777777777777777,65,12,19,0,0,0,9,2,0,2,3,0,8,9,20,0,32,0,0,0,0,3,26.48349865917991,2,4.104300000000008,249.09459999999936,2,0,0,0,0,0,0,0,2,2,7,5,0,0,0,3,4,3,0,0,0,0,0,0,0,0,0,9,0,0,0,0,0,0,2,0,0,0,0,0,0,0,0,0,1,0,0,0,0,0,0,0,0,0,0,0,0,0,0,0,0,0,0,0,0,0,0,0,0,0,0,2,0,0,0,0,0,0,0,0,0,0,0,1,4,CHEMBL611023,CC(C)CCCNC(=O)N(CC(CCC(=O)O)NC(N)=O)C(CCCCN)CN(C(=O)NCCc1ccc(Cl)cc1)C(CCC(=O)O)CN(CCC(N)=O)C(=O)NCCc1ccccc1,85000.0,4.929418925714293,CHEMBL5023,p53-binding protein Mdm-2,2,Large-Polar-Aromatic-Flexible-Hydrophobic,Large-Polar-Aromatic-Flexible-Hydrophobic
14.824812406510812,14.824812406510812,0.0936494363394246,-1.1614682895643065,0.0333095031383024,12.11111111111111,1132.9939999999997,1060.4179999999997,1130.379962704,396,0,0.3172929678996095,-0.4967682188489603,0.4967682188489603,0.3172929678996095,0.5833333333333334,1.0694444444444444,1.5833333333333333,79.91976318971035,10.02102671748333,2.3457927894392627,-2.4111712060402657,2.2046381543815228,-2.5982828184868914,9.104516202156905,-0.1378633063080583,3.3416515685997124,2.088698718518961,2155.8328222450928,52.83971279969165,40.999530497559874,44.17152357578928,34.46687560427623,24.18839432514879,25.77439086426349,17.383396587985654,19.21474764556903,11.822590129504162,12.87992115558063,7.947811916689667,8.476477429727902,-6.130000000000001,1333276307583785.8,60.17550739786316,33.506369224746976,24.327149527069487,438.2901236738847,68.11780378354476,5.749511833283905,0.0,5.907179729351506,0.0,36.06306862525599,14.383611552215466,19.178148736287287,0.0,0.0,74.67891182959437,117.42070789810737,80.06303957097884,19.193479199573456,48.51167803198421,73.83013615050618,0.0,35.96688360857676,17.201002431486554,101.59620358548204,59.46784878857813,98.43219832829516,0.0,5.749511833283905,43.205019801311934,19.178148736287287,5.749511833283905,31.859887795898697,144.47640361286238,33.646076420993495,0.0,80.8985707043511,81.74184385320416,0.0,0.0,0.0,305.08,66.51659246497738,43.77481507818416,0.0,77.91740295601807,57.24001959967855,25.635793506755817,14.69972919255143,7.109797541277533,72.79640482153933,53.12704221192403,21.937865385286607,7.079181652083303,6.876214051832967,96.31187991408284,31.127392009308195,20.11184097377968,-2.2769238712210846,17.39616935084769,2.8255482083187538,0.1386130146620403,1.5767513629722674,0.5,72,12,20,0,0,0,9,3,0,3,3,0,9,9,22,0,34,0,0,0,0,3,28.00364957165689,3,5.571200000000012,281.34459999999973,2,0,0,0,0,0,0,0,2,2,7,5,0,0,0,3,4,3,0,0,0,0,0,0,0,0,0,9,0,0,2,0,0,0,3,0,0,0,0,0,0,1,0,0,2,0,0,0,0,0,0,0,0,0,0,1,0,0,0,0,0,0,0,0,0,0,0,0,0,0,0,2,0,0,0,0,0,0,0,0,0,0,0,1,4,CHEMBL611623,COc1ccc(CCCNC(=O)N(CC(CCC(=O)O)NC(N)=O)C(CCCCN)CN(C(=O)NCCc2ccc(Br)cc2)C(CCC(=O)O)CN(CCC(N)=O)C(=O)NCCCc2ccc(Br)cc2)cc1,12000.0,4.079181246047625,CHEMBL5023,p53-binding protein Mdm-2,2,Large-Polar-Aromatic-Flexible-Hydrophobic,Large-Polar-Aromatic-Flexible-Hydrophobic
14.600181542976536,14.600181542976536,0.0536320116980468,-4.468788374813399,0.0966890027905352,12.476190476190476,890.4589999999998,842.0749999999997,889.2912121759998,326,0,0.335178609084021,-0.4882622060695349,0.4882622060695349,0.335178609084021,0.8571428571428571,1.5555555555555556,2.253968253968254,35.49569453040012,9.983358164438792,2.299735023768728,-2.2937236410541706,2.311941498517866,-2.366583933062427,7.897136987116367,0.0693107413755107,3.5914803082594577,1.1989207855698034,2816.0883291659748,44.83755908857853,35.26604116230904,36.83846668925521,30.287264481079525,20.890087459293422,22.75121517989704,15.500921605854778,17.561288320273515,11.177607862452158,12.958772546927696,7.550343007037409,8.748997457810743,-6.509999999999997,84386989798885.2,44.54305244422401,19.2601108228501,9.768045600213824,370.83430174885154,19.64320981034171,12.356393797796825,5.693927994848461,0.0,27.744830341462094,5.969305287951848,14.383611552215466,22.61623196799803,5.098681808301038,0.0,92.88736115162028,96.79371730571732,37.128701329812095,32.42633404218511,37.439336069256974,56.087523948576056,0.0,24.302399069599264,0.0,70.92244155964518,19.634269217737724,152.91943841746763,0.0,11.436898107967467,9.458957818252138,0.0,5.749511833283905,11.600939890232516,76.42974227806091,29.59575114675909,6.923737199690624,103.47747456725148,108.0237236393652,5.022633313741326,16.459834703613154,0.0,168.21,27.80695590006244,32.702473115456925,0.0,50.503847227746526,60.379186995335246,36.81018947509803,47.14637241437645,53.12175907216124,24.26546827384644,23.668251072134375,16.337802844032566,37.42982353700922,6.843884938072283,56.95401800427852,15.21059450164156,3.6762280115444304,-2.362300853566829,27.990901536112673,4.0456906811559445,7.70772579634337,-4.468788374813399,0.2708333333333333,63,2,13,0,1,1,3,5,1,6,0,0,9,2,15,2,16,0,0,0,0,0,13.617525816885372,7,8.624120000000005,240.25029999999933,0,0,0,0,1,2,0,0,1,1,4,3,0,0,0,4,1,0,0,0,0,0,0,0,0,0,0,3,0,0,0,0,0,0,5,0,2,0,0,0,0,1,0,0,1,0,0,0,0,0,0,0,0,0,0,0,0,0,0,0,0,0,0,0,0,0,0,0,0,0,0,0,0,0,0,0,1,0,0,0,0,0,0,2,0,CHEMBL2031016,CCCCN(CCCC)C(=O)c1nn(-c2ccc(C(=O)NS(=O)(=O)c3ccc4cccc(OCc5ccc(C(=O)O)cc5)c4c3)cc2C(=O)N2CCc3ccccc3C2)c(C)c1Cl,15.0,1.1760912590556811,CHEMBL4860,Apoptosis regulator Bcl-2,2,Large-Polar-Aromatic-Flexible-Hydrophobic,Large-Polar-Aromatic-Flexible-Hydrophobic
13.638110437606429,13.638110437606429,0.1071531291550196,-1.189841437489518,0.1284156615747541,11.282608695652174,624.6940000000002,588.4060000000003,624.258399492,238,0,0.3224805685042924,-0.4900970527454086,0.4900970527454086,0.3224805685042924,0.8043478260869565,1.4782608695652173,2.130434782608696,16.489566885819222,10.038572165779511,2.238820019979528,-2.2026971419885912,2.2613152318129703,-2.4488995286060433,6.026704738937517,-0.1353804498075712,3.0334235326793286,1.5375193523234776,1677.373818494984,33.053466517131895,25.48767879644567,25.48767879644567,22.083427791316385,14.613351807603635,14.613351807603635,10.685860618625425,10.685860618625425,6.673998052571117,6.673998052571117,4.456183551720198,4.456183551720198,-5.839999999999999,11609377647.81408,33.061016198536215,15.75591974592576,9.5812094552843,266.27393885527346,36.26428659162198,30.692502866141265,0.0,5.907179729351506,11.814359458703011,5.969305287951848,19.178148736287287,0.0,0.0,0.0,60.6636706846161,55.30621272508328,23.73802645776818,17.35480415412886,33.758402038728086,35.06561702537349,0.0,10.633577208012662,0.0,39.020985203716435,17.595212487081092,119.3156790621738,0.0,11.49902366656781,31.15775919678127,11.374772549367124,11.49902366656781,0.0,47.487935493655904,22.61677795558257,0.0,45.69035473431287,97.0618730953858,0.0,0.0,0.0,169.07999999999998,36.2774417110669,19.178148736287287,0.0,36.00808479186513,17.12428438265103,11.126902983393991,24.26546827384644,25.980208536304467,60.6636706846161,15.950365812018994,20.313920779602988,11.670592182471609,0.0,50.60760524739758,16.85774514638212,8.910946803786423,-2.3450050392561277,26.85307082123614,-0.1258861668311579,3.237597671480081,0.0,0.2,46,6,11,0,0,0,3,4,0,4,1,0,7,5,11,0,14,0,0,0,0,0,11.324059085714962,4,4.4292000000000025,173.83329999999967,1,0,0,1,0,0,0,0,1,1,4,3,0,0,0,0,3,1,0,0,0,0,0,0,0,0,0,3,0,2,0,0,0,0,4,0,0,0,0,0,0,2,0,0,0,0,0,0,0,0,0,0,0,0,0,0,0,0,0,0,0,0,0,0,0,0,0,0,0,0,0,0,0,0,0,0,0,0,0,0,0,0,0,0,0,CHEMBL5270818,CC(C)Oc1cc(NC(=O)[C@H](Cc2ccccc2)NC(=O)c2ccc(N)c(OCc3ccccc3)c2)ccc1C(=O)NCC(=O)O,11900.0,4.075546961392531,CHEMBL1907611,Tumour suppressor p53/oncoprotein Mdm2,2,Large-Polar-Aromatic-Flexible-Hydrophobic,Large-Polar-Aromatic-Flexible-Hydrophobic
13.632196164782396,13.632196164782396,0.0010707123631006,-4.539134936808704,0.2360101544801599,11.571428571428571,616.6300000000002,592.4380000000001,616.0933849679998,220,0,0.3239388729504859,-0.4967671120136114,0.4967671120136114,0.3239388729504859,0.6428571428571429,0.9761904761904762,1.261904761904762,32.23486267281308,10.146697740255505,2.3377890393440435,-2.256704931569447,2.3508960108225936,-2.381428753996081,7.92815475050317,-0.1357611593716259,2.978005134847741,1.9212937262690597,1710.7775159731657,30.656125291633355,22.10818127028699,23.74117443214244,19.89345107252705,11.92434426965766,14.80447092725894,8.55469308324751,12.279313635306623,5.97338416475342,9.473777484686254,3.986972156226397,6.7418398532671375,-4.959999999999999,1358207152.458893,30.00906090912085,11.876375691594708,5.8880097341485955,240.0044795687678,19.68678069728151,24.58853647839296,11.635725555670057,0.0,20.046582306815168,11.938610575903695,9.589074368143644,25.44602595125034,0.0,10.197363616602075,24.26546827384644,48.53093654769288,10.772448428929591,24.010562033590617,46.111449034083016,54.39336686731851,0.0,10.197363616602075,0.0,9.79096695103555,35.919539876972685,72.79640482153933,0.0,11.49902366656781,18.084157890192564,11.635725555670057,11.49902366656781,0.0,76.49373084522526,29.63565667495881,0.0,0.0,82.5873717725749,0.0,10.772448428929591,0.0,193.59999999999997,56.71043125021407,36.637723126482925,0.0,20.563415379965143,20.109455649160275,0.0,87.0159999040944,0.0,0.0,10.197363616602075,9.473725907600098,65.68885612676141,0.0,23.045347065263925,27.049946236459448,0.0,-3.0995551235674257,16.196496149772976,0.0,-2.0925187045487914,-6.28857175014153,0.1538461538461538,42,2,14,0,0,0,0,3,1,4,0,0,10,2,16,1,12,0,0,0,0,0,8.485687654968283,4,2.206799999999999,149.86119999999977,2,0,0,0,0,2,0,0,2,2,2,0,0,0,0,4,0,0,0,0,0,0,0,0,0,0,0,0,0,2,0,0,0,0,3,0,1,0,0,0,0,2,0,0,0,0,0,0,0,0,0,0,0,0,0,2,0,0,0,0,0,0,0,0,0,0,0,0,0,0,0,0,0,0,0,0,2,0,0,0,0,0,0,0,0,CHEMBL4173296,COc1ccc(S(=O)(=O)N(CC(=O)O)c2nnc(N(CC(=O)O)S(=O)(=O)c3ccc(OC)cc3)c3ccccc23)cc1,1100.0,3.041392685158225,CHEMBL3038498,Keap1/Nrf2,2,Large-Polar-Aromatic-Flexible-Hydrophilic,Other
13.699973942560176,13.699973942560176,0.0512143615863851,-4.436634936808704,0.2412597912931279,11.571428571428571,614.6540000000002,588.4460000000001,614.1028870319999,220,0,0.32387840878629,-0.4967671120136989,0.4967671120136989,0.32387840878629,0.5952380952380952,0.9285714285714286,1.2142857142857142,32.23486254090021,10.06489515598765,2.3196879489368194,-2.277449907832878,2.3831589756155824,-2.3684183469540647,7.928332875538936,-0.1357492347722308,2.978005134847741,1.9212937262690597,1704.383010827221,30.656125291633355,22.368454617666323,24.001447779521776,19.89345107252705,12.18781427668066,15.06794093428194,8.811293643172839,12.535914195231957,6.2680264612128385,9.815938975638014,4.297045991512997,7.16315899518737,-4.819999999999999,1358207152.458893,30.14578834765705,11.963032634530595,5.940214394389498,241.59673003847004,19.68678069728151,24.58853647839296,0.0,0.0,20.046582306815168,11.938610575903695,18.199506350736108,16.835593968657875,0.0,0.0,24.26546827384644,60.6636706846161,10.772448428929591,35.38533458295774,46.111449034083016,54.13241386101558,0.0,0.0,0.0,9.79096695103555,35.919539876972685,84.92913895846256,0.0,11.49902366656781,18.084157890192564,11.374772549367124,11.49902366656781,0.0,66.29636722862318,29.63565667495881,0.0,0.0,94.72010590949812,0.0,10.772448428929591,0.0,167.82,45.074705694544015,36.637723126482925,0.0,31.938187929332265,20.109455649160275,0.0,87.01599990409441,12.13273413692322,0.0,0.0,9.473725907600098,66.35188081811944,0.0,23.277274502905648,19.61717130008963,-0.1024287231727705,-2.0834072645921866,19.374070895720735,0.0,-1.8875187045487911,-6.0470428245216965,0.1428571428571428,42,2,12,0,0,0,0,4,0,4,0,0,8,2,14,0,12,0,0,0,0,0,8.586548804682701,4,3.416800000000001,154.2711999999997,2,0,0,0,0,0,0,0,2,2,2,0,0,0,0,2,0,0,0,0,0,0,0,0,0,0,0,0,0,2,0,0,0,0,4,0,1,0,0,0,0,2,0,0,0,0,0,0,0,0,0,0,0,0,0,2,0,0,0,0,0,0,0,0,0,0,0,0,0,0,0,0,0,0,0,0,2,0,0,0,0,0,0,0,0,CHEMBL3237245,COc1ccc(S(=O)(=O)N(CC(=O)O)c2ccc(N(CC(=O)O)S(=O)(=O)c3ccc(OC)cc3)c3ccccc23)cc1,7.5,0.8750612633917001,CHEMBL3038498,Keap1/Nrf2,2,Large-Polar-Aromatic-Flexible-Hydrophobic,Large-Polar-Aromatic-Flexible-Hydrophobic
14.039670549598052,14.039670549598052,0.0366593714059446,-4.318232605197045,0.2160268054698008,12.238095238095235,591.6820000000002,558.4180000000003,591.1926880159999,220,0,0.3491821351545706,-0.4910219434679975,0.4910219434679975,0.3491821351545706,0.8333333333333334,1.4285714285714286,1.9761904761904765,32.23342956058125,10.063368686786532,2.318653429840905,-2.2673666250516846,2.3866486475575974,-2.363282143630622,7.925891429939891,-0.1450076811082192,2.8939714189583454,1.8149710685372025,1723.6343880324775,30.76685575564259,23.98938936958823,24.805885950515957,19.788638586912462,13.294686738685764,14.734750067486406,10.3334392425869,12.132593288289286,6.585117843100715,8.651047953227517,5.063444536578575,6.914004007202695,-4.569999999999999,1042043633.1922938,30.389999079888725,12.118264998118928,6.333974755916851,244.5358889334381,19.68678069728151,18.043780072480384,0.0,6.103966387748303,10.023291153407584,11.938610575903695,9.099753175368054,13.212334168400758,0.0,0.0,54.09438803938988,70.01105725569354,16.335899920626588,16.68683613794964,37.693652049754085,38.42173643292443,0.0,0.0,0.0,51.7221022494675,10.84997239720881,95.05021078832732,0.0,11.49902366656781,13.778941898896331,5.687386274683562,11.49902366656781,0.0,43.21818514357492,19.612365521551222,20.771211599071872,42.205246753917535,77.6918882970571,0.0,10.772448428929591,0.0,130.44000000000003,34.61062452297216,28.219926142153987,0.0,22.436347971233545,33.21231473730449,9.868667482993228,12.13273413692322,74.51114508399735,20.771211599071872,0.0,9.473725907600098,40.602102007666275,0.0,24.246472763808946,20.54732309378853,2.3955865582012557,-1.7699785009628084,19.63427245686852,-1.4169788390850069,8.162766398244683,-4.318232605197045,0.25,42,2,9,0,0,0,0,4,0,4,1,0,6,2,10,0,11,0,0,0,0,1,8.768430051016237,4,6.036860000000006,159.97939999999966,2,0,0,0,0,0,0,0,2,2,2,0,0,0,0,1,0,0,0,0,0,0,0,0,0,0,0,0,0,1,3,0,0,0,4,0,1,0,0,0,0,2,0,0,0,0,0,0,0,0,0,0,0,0,0,0,0,0,0,0,0,0,0,0,0,0,0,0,0,0,0,0,0,0,0,0,1,0,0,0,0,0,0,0,0,CHEMBL4777247,Cc1cc(C)c(S(=O)(=O)N(CC(=O)O)c2ccc(OC(C(=O)O)c3ccc(OC(C)C)cc3)c3ccccc23)c(C)c1,500.0,2.6989700043360187,CHEMBL3038498,Keap1/Nrf2,2,Large-Polar-Aromatic-Flexible-Hydrophobic,Large-Polar-Aromatic-Flexible-Hydrophobic
14.594302844110656,14.594302844110656,0.0722170105160728,-4.296628389639525,0.1552569038332897,12.75,712.8280000000001,676.5400000000001,712.235555872,262,0,0.3565828894891297,-0.4764432881058957,0.4764432881058957,0.3565828894891297,0.8269230769230769,1.5384615384615383,2.2884615384615383,32.2332739603385,9.918360233129894,2.311203850858225,-2.2946804423313445,2.3548442546265416,-2.362939025543444,7.897118022117755,0.0687489368958947,3.555427766737973,1.345969941078327,2456.980242989124,36.4068376682604,28.450639926505183,29.26713650743291,25.140198773338117,17.11366241757031,18.596825665164697,12.775720344754268,14.458122586163782,9.409186223028152,10.73784670180106,6.7378437761628005,7.746929886016008,-6.0699999999999985,614322143613.4066,34.38211886462724,14.277411362551508,6.699625459579567,300.9415397214397,10.006437125691182,0.0,5.693927994848461,0.0,21.837650612110593,5.969305287951848,9.589074368143644,22.616231967998033,5.098681808301038,0.0,92.2073307126176,83.12347018356827,29.77986728691614,16.276797745049798,27.907935931385104,38.579404328992034,0.0,19.402489338748783,0.0,44.04726357282501,6.544756405912575,148.90263625725552,0.0,16.814289258077554,4.722094864452088,0.0,0.0,0.0,52.533140006033776,29.40969080517218,0.0,67.79065395424301,120.15645777628842,0.0,27.586737687007144,0.0,138.67000000000002,27.80695590006244,27.907935931385104,0.0,27.279765945457225,48.26214603337098,29.354770443710805,30.33183534230805,27.780813871380495,73.65377495276834,9.820776672753126,0.0,30.67108369791066,0.0,42.71839548060205,16.559134175758103,3.7446642900756193,-2.6109251151222885,33.23684859790177,2.641798801085814,2.752295128094466,-4.296628389639525,0.1707317073170731,52,2,10,0,1,1,2,5,1,6,0,0,7,2,11,2,10,0,0,0,0,0,9.440147202815876,7,7.050500000000007,198.05779999999953,0,0,0,0,1,2,0,0,1,1,3,2,0,0,0,3,1,0,0,0,0,0,0,0,0,0,0,2,0,0,0,0,0,0,5,0,2,0,0,0,0,0,0,0,0,0,0,0,0,0,0,0,0,0,0,0,0,0,0,0,0,0,0,0,1,0,0,0,0,0,0,0,0,0,0,0,1,0,0,0,0,0,0,1,0,CHEMBL2030846,CCCCc1c(-c2ccc(C(=O)NS(=O)(=O)c3ccc4ccccc4c3)cc2C(=O)N2CCc3ccccc3C2)c(C(=O)O)nn1-c1ccccc1,30.0,1.4771212547196624,CHEMBL4625,Apoptosis regulator Bcl-X,2,Large-Polar-Aromatic-Flexible-Hydrophobic,Large-Polar-Aromatic-Flexible-Hydrophobic
13.894179894837016,13.894179894837016,0.1931461895903707,-4.5612918138054965,0.1722633675191799,11.3125,700.7440000000001,668.4879999999999,700.1396664639999,254,0,0.3238809352812303,-0.4967671120136989,0.4967671120136989,0.3238809352812303,0.625,1.125,1.625,32.234863565835475,10.187457028005944,2.323172958370935,-2.275880767383902,2.381071918872858,-2.368543852284904,7.928070626877853,-0.1357549595242423,3.0810466095301905,1.890737322355484,1982.4976860264464,35.061902685569166,25.969408248970225,27.60240141082567,22.791629220293977,13.967906587842393,16.848033245443666,9.954127498346583,13.678748050405703,6.88115328817216,10.443187965018756,4.513158678936413,7.343844167861359,-5.479999999999999,22912327043.790085,35.375569386059475,14.953103900406555,8.076449799882349,276.9291344006059,29.160506604881608,42.69444210947368,0.0,0.0,20.046582306815168,11.938610575903695,18.199506350736108,16.835593968657875,0.0,0.0,12.13273413692322,78.35985631323634,6.06636706846161,42.49513212423527,55.585174941683114,43.359965432085986,0.0,0.0,0.0,16.39784891554847,43.02933741825022,96.55895751862118,0.0,22.99804733313562,27.557883797792663,11.374772549367124,22.99804733313562,0.0,73.40616476990071,36.242538639471725,0.0,5.563451491696996,100.78647297795976,0.0,0.0,0.0,186.27999999999997,45.074705694544015,36.637723126482925,0.0,33.52213329819949,31.422418974141173,18.19910120538483,69.86032917152548,24.26546827384644,0.0,0.0,18.947451815200196,78.0020332162876,0.0,23.417521840415137,19.45303099994596,0.1189453533629674,-2.003843219676618,20.71989739372661,0.0,-2.2365623337572904,-4.804356583637681,0.1875,48,2,14,0,0,0,0,4,0,4,0,0,10,2,16,0,16,0,0,0,0,0,11.02030342845393,4,3.851200000000002,174.0911999999996,2,0,0,0,0,0,0,0,2,2,2,0,0,0,0,2,0,0,0,0,0,0,0,0,0,0,0,0,0,2,0,0,0,0,4,0,0,0,0,0,0,4,0,0,0,0,0,0,0,0,0,0,0,0,0,3,0,0,0,0,0,0,0,0,0,0,0,0,0,0,0,0,0,0,0,0,2,0,0,0,0,0,0,0,0,CHEMBL5195422,COc1ccc(S(=O)(=O)N(CC(=O)O)c2ccc(N(CC(=O)O)S(=O)(=O)c3ccc(OC)cc3)c(OCc3cccc(OC)c3)c2)cc1,805.0,2.9057958803678687,CHEMBL3038498,Keap1/Nrf2,2,Large-Polar-Aromatic-Flexible-Hydrophobic,Large-Polar-Aromatic-Flexible-Hydrophobic
13.65892916418023,13.65892916418023,0.0046034557073517,-5.061368332221213,0.2740927891255864,12.317073170731708,615.5580000000001,597.4140000000002,615.055718396,216,0,0.4066395499536118,-0.47989466998075,0.47989466998075,0.4066395499536118,0.7560975609756098,1.2195121951219512,1.6829268292682926,32.23486275765871,10.115611049563157,2.388592305432243,-2.2818713642127193,2.376453810928418,-2.3949907579830705,7.928058158212099,-0.1347899246158441,2.89681289509384,1.9605055176297197,1815.7841660839315,30.164561460070633,20.456181842131244,22.0891750039867,19.10804602935564,11.340046864399216,14.2201735220005,8.452747589438758,12.17736814149787,5.662997733748695,9.187150650927702,3.88693804343682,6.730281755194397,-4.309999999999998,576717719.3220378,29.66734006959073,10.928450964865188,6.221701040970511,229.73132449400097,5.106527394840706,24.72395449391694,5.817862777835028,0.0,20.046582306815168,12.145603805395323,9.099753175368054,34.90561857625096,13.17124514302446,0.0,24.26546827384644,48.53093654769288,10.772448428929591,21.675196797332188,48.68873378594451,48.293585076215194,0.0,4.983978520947208,0.0,15.967265468479024,21.69994479441762,90.6276900752442,0.0,0.0,8.610431982592466,33.45732429089269,0.0,0.0,52.16121650166626,24.84111949088699,11.634441682091788,0.0,88.78421534418797,0.0,10.772448428929591,0.0,124.95,78.21235660968158,48.68873378594451,0.0,15.077664420225826,10.50205956290931,48.53093654769288,24.26546827384644,0.0,0.0,4.983978520947208,0.0,121.72894152867704,0.0,14.40899055483034,9.026487525773172,-0.6106896808565281,-3.76120155656573,11.590419244284698,-4.395185834530778,-3.20769527855702,-9.69673316972188,0.12,41,1,9,0,0,0,0,3,1,4,0,0,6,1,16,1,9,0,0,0,0,0,7.907757834353717,4,4.550500000000003,137.29739999999987,1,0,0,0,0,1,0,0,1,1,1,0,0,0,0,3,0,0,0,0,0,0,0,0,0,3,0,0,0,2,0,0,0,0,3,0,1,0,0,0,0,0,0,0,5,0,0,0,0,0,0,0,0,0,0,0,0,0,0,0,0,0,0,0,0,0,0,0,0,0,0,0,0,1,0,0,2,0,0,0,0,0,0,0,0,CHEMBL4645359,O=C(O)CN(c1ncc(N(CC(F)(F)F)S(=O)(=O)c2ccc(F)cc2)c2ccccc12)S(=O)(=O)c1ccc(F)cc1,420.0,2.6232492903979003,CHEMBL3038498,Keap1/Nrf2,2,Large-Polar-Aromatic-Flexible-Hydrophobic,Large-Polar-Aromatic-Flexible-Hydrophobic
14.782617107817329,14.782617107817329,0.0109273948322983,-4.281644762318558,0.1256487851694434,12.627118644067796,825.387,784.0589999999999,824.243533712,298,0,0.264523130162712,-0.4573800727962754,0.4573800727962754,0.264523130162712,0.8305084745762712,1.5254237288135593,2.2542372881355934,35.495693780948834,9.919402181417906,2.295515019618548,-2.294999298707953,2.3615878806824013,-2.3627896591477264,7.8971272041968605,0.0735131563009432,3.634086408759721,1.1920311545324391,2803.638690190769,41.09707211257238,32.26776198826983,33.840187515216,28.610856566176473,19.434993965735856,21.296121686339465,14.441103057237624,16.559941079119127,10.55873216947409,12.139368963586486,7.502208873821245,8.637283141344195,-6.269999999999998,22933170323737.34,39.55102095178064,16.90951845347542,8.356595313697113,347.25392328384845,14.743300079491233,11.49902366656781,0.0,0.0,21.837650612110593,0.0,9.589074368143644,17.821694783926212,5.098681808301038,0.0,85.60916939746525,119.52167259433796,34.80250060065747,28.57760770441118,27.850261701113332,44.211038931272704,0.0,19.402489338748783,0.0,50.654145537337925,6.544756405912575,172.12437077638165,0.0,28.313312924645363,9.458957818252138,0.0,11.49902366656781,11.600939890232516,46.56383471808193,36.0165727696851,0.0,62.996116770171184,138.35555898167323,5.022633313741326,27.586737687007144,0.0,130.82999999999998,22.537352847272007,23.113398747313283,0.0,21.92956618826327,64.65986823069355,35.17263322154584,29.828919765543436,52.04628214522693,60.6636706846161,17.712199132604322,21.436484652333604,37.14836405616837,6.0465768054391225,30.31129170439732,17.882778525047886,5.2833336535148465,0.0252029390316144,39.090448118733775,2.8858049773548986,2.4689550937418323,-4.281644762318558,0.1702127659574468,59,2,10,0,1,1,2,6,1,7,0,0,8,2,12,2,12,0,0,0,0,0,11.335402010812336,8,9.290299999999998,228.54729999999947,0,1,1,0,0,2,0,0,0,0,2,2,0,0,0,3,1,0,0,0,0,0,0,0,0,0,0,2,0,0,0,0,0,0,6,0,2,0,0,0,0,1,0,0,1,0,0,0,0,0,0,0,0,0,0,0,0,0,0,0,0,0,0,0,0,0,0,0,0,0,0,0,0,0,0,0,1,0,0,0,0,0,0,1,0,CHEMBL2030852,CCCCc1c(-c2ccc(C(=O)NS(=O)(=O)c3ccc4ccccc4c3)cc2C(=O)N2CCc3ccccc3C2)c(CO)nn1-c1ccc(Oc2ccc(Cl)cc2)cc1,20.0,1.3010299956639813,CHEMBL4860,Apoptosis regulator Bcl-2,2,Large-Polar-Aromatic-Flexible-Hydrophobic,Large-Polar-Aromatic-Flexible-Hydrophobic
13.056650563534877,13.056650563534877,0.0305011325071293,-4.4465710665286435,0.0916273092351426,10.951219512195122,594.6460000000003,571.4620000000003,594.1043046759999,210,0,0.2931900974294739,-0.3786507545624054,0.3786507545624054,0.2931900974294739,0.8536585365853658,1.4878048780487805,2.1463414634146343,32.233299108387456,10.148918005759098,2.2358331342856657,-2.106851432727948,2.2793306268419453,-2.3023520325996416,7.989306099827514,-0.3836776733688751,2.959300258161677,1.3824153105092052,1666.5887474876974,29.40720214718992,21.242982261627205,22.875975423482657,19.61903072328295,12.065371874933168,14.534133682181048,8.497346540623413,11.34807672788263,5.644071256634124,7.986478886180137,3.599801412432477,5.38296210383218,-4.749999999999999,1094129915.8074553,29.237950829648263,13.068785185185185,7.896774990185028,238.73748198939344,10.633577208012662,11.504607115729456,0.0,0.0,27.525036886794155,0.0,19.703392636909214,17.530306896455848,0.0,11.761884949391115,18.19910120538483,72.79640482153933,40.0737498147163,9.818794524335445,27.320597448965067,50.6616943855524,0.0,4.722094864452088,0.0,9.79096695103555,22.931187220672022,124.12031518859126,0.0,0.0,15.355672072464747,21.452573871725505,0.0,11.761884949391115,37.45307750450899,10.023291153407584,15.931539109811467,20.715977351537635,106.85284004642136,0.0,0.0,0.0,147.51000000000002,43.1610522521755,32.51160466891297,0.0,16.814289258077554,17.984996287342927,23.094584680902603,48.53093654769288,11.761884949391115,35.053930206760135,10.633577208012662,0.0,40.65814441125018,1.560235443175503,36.446083369157066,17.178629819280875,0.2045061414022206,-1.3354916032684805,23.258687210267706,0.0,0.3924429419302593,-4.4465710665286435,0.0714285714285714,41,3,10,0,0,0,2,4,0,4,0,0,8,3,13,0,11,0,0,0,0,0,9.3196219182361,4,5.309100000000004,154.19929999999977,0,0,0,0,0,0,0,0,0,0,2,2,0,0,0,1,3,0,0,0,0,0,0,0,0,0,0,2,0,2,0,0,0,0,4,0,0,0,0,0,0,0,0,0,1,0,0,0,0,0,0,0,0,0,0,0,0,0,1,1,0,0,0,0,0,0,0,0,0,0,0,0,0,0,0,1,1,0,0,0,0,0,0,0,0,CHEMBL1940671,O=C(Nc1ccc(C(=O)NS(=O)(=O)c2ccc(NCCSc3ccccc3)c([N+](=O)[O-])c2)cc1)c1ccc(F)cc1,38580.0,4.586362223307866,CHEMBL614628,Raji,2,Large-Polar-Aromatic-Flexible-Hydrophobic,Large-Polar-Aromatic-Flexible-Hydrophobic
13.301894660136544,13.301894660136544,0.140501024072521,-4.425621380888373,0.0690279255592567,14.903846153846152,766.386,722.0339999999999,765.242153808,276,0,0.2931983166921879,-0.3777517654274198,0.3777517654274198,0.2931983166921879,1.0192307692307692,1.6923076923076923,2.3076923076923075,35.49569376368717,9.845403487755844,2.347978492143848,-2.4170165788604354,2.3317508415790194,-2.466765411991624,7.989597029634055,-0.3836942495685829,3.138844887606754,1.2199135029354424,1922.0059731284937,37.30454337268845,29.45740040893602,31.846322516809927,24.858942788351527,16.95616933949979,19.802895619756896,13.152258886473044,16.364509897073724,9.22392461795902,11.9790958661095,6.159654416718142,8.272611413421114,-4.139999999999999,228526363623.0526,39.07619227892473,17.58614863802404,10.475903498003497,314.4406310900475,19.853471019507335,5.687386274683562,0.0,0.0,21.61785715744265,0.0,14.908855452837392,13.139891848781026,0.0,11.761884949391115,41.93277523254056,106.12968741635812,65.6501480360247,15.419845335319136,22.872508171018477,56.35545454643341,0.0,9.622004595302563,0.0,47.11714508287125,56.80896266597323,123.3257276612867,0.0,0.0,14.938793199308895,17.062158824050687,0.0,23.36282483962363,82.38335346459665,21.180975730133643,10.114318268765572,35.18390503624384,106.85284004642136,5.022633313741326,0.0,0.0,134.12,26.54116820626032,23.32665243716633,0.0,27.789212882029982,17.196308543414126,61.1094223968757,12.13273413692322,43.13715076451509,73.59255731235935,14.938793199308895,16.337802844032566,34.68147809781295,7.683907573527996,29.55220340569917,16.09479160398577,1.7160459079004824,-0.196280754065928,27.867730827937287,3.0808437475557517,2.23457926497094,1.2291447691200257,0.3421052631578947,52,2,11,0,1,1,1,4,0,4,1,0,10,2,14,1,16,0,1,1,0,0,13.215379338945723,5,7.1195000000000075,208.2810999999994,0,0,0,0,0,0,0,0,0,0,1,1,0,0,0,3,2,0,0,0,0,0,0,0,0,0,0,1,0,2,0,0,0,0,4,0,0,0,0,0,0,1,0,0,1,0,0,0,0,0,0,0,0,0,0,1,0,0,1,1,0,0,0,0,0,0,0,0,0,1,0,0,0,0,0,1,1,0,0,0,0,0,0,0,0,CHEMBL375841,COC1(Cc2ccc(Cl)cc2)CCN(c2ccc(C(=O)NS(=O)(=O)c3ccc(N[C@H](CCN(C)C)CSc4ccccc4)c([N+](=O)[O-])c3)cc2)CC1,200.0,2.3010299956639813,CHEMBL4625,Apoptosis regulator Bcl-X,2,Large-Polar-Aromatic-Flexible-Hydrophobic,Large-Polar-Aromatic-Flexible-Hydrophobic
14.644091746330195,14.644091746330195,0.0792025547337598,-4.1434332220542505,0.2291820276691776,12.8,602.6310000000001,584.4870000000002,602.1048760560001,212,0,0.2642709596093765,-0.2682197447119879,0.2682197447119879,0.2642709596093765,0.4444444444444444,0.8666666666666667,1.3333333333333333,32.227918768151234,10.02222822587091,2.2730335107452886,-2.147369345844997,2.389714664948949,-2.147661864306442,7.915856246851448,0.5976198460699557,3.6521831951770634,1.296906401065396,2956.1525143467643,30.18914100752346,23.222400679732413,24.03889726066014,21.930690121657346,14.349999506898603,15.833162754492998,11.311597233364406,13.198123620005852,9.050674209997794,10.920726061021682,7.141535284311585,8.792083449689594,-5.929999999999998,59401771987.74037,24.505350612268906,8.159966801716163,2.9276616305196783,252.18156873029957,0.0,11.294354441535456,0.0,9.837253136417502,11.118533790104014,0.0,18.39046358066723,18.385754026223353,0.0,0.0,60.6636706846161,48.53093654769288,43.089793715718365,31.857769821500597,8.417796984328938,86.28820416413636,0.0,18.769346254418004,0.0,9.79096695103555,0.0,129.9022153905567,0.0,0.0,11.118533790104014,0.0,0.0,0.0,27.18714323874694,9.837253136417502,0.0,0.0,128.57464855148822,0.0,76.45095102771886,0.0,102.88,9.837253136417502,18.00687135247258,0.0,20.909500741139563,76.45095102771886,0.0,12.13273413692322,45.19959162329325,60.6636706846161,0.0,9.967957041894415,32.477031053418685,0.0,37.29328924830673,4.1969478718608775,3.2227523893320047,0.0,31.87007932580261,0.0,0.0,-4.1434332220542505,0.0,45,0,8,0,0,0,0,6,4,10,0,0,8,0,9,4,2,0,0,0,0,0,4.443618832456202,10,6.3300000000000045,175.78379999999976,0,0,0,0,0,4,0,0,0,0,0,0,0,0,0,4,0,0,0,0,0,0,0,0,0,0,0,0,0,0,0,0,0,0,6,0,8,0,0,0,0,0,0,0,0,0,0,2,0,0,0,0,0,0,0,0,0,0,0,0,0,0,0,0,4,0,0,0,0,0,0,0,0,2,0,0,0,1,0,0,0,0,0,0,0,CHEMBL337153,O=c1c2ccc(S(=O)(=O)c3ccc4c(=O)n5c6ccccc6nc5c5cccc3c45)c3cccc(c32)c2nc3ccccc3n12,14000.0,4.146128035678238,CHEMBL4860,Apoptosis regulator Bcl-2,2,Large-Polar-Aromatic-Rigid-Hydrophobic,Large-Polar-Aromatic-Rigid-Hydrophobic
14.245985722159366,14.245985722159366,0.1227712133974567,-6.008358355394883,0.0746023167649874,15.457142857142856,1037.649,985.2329999999996,1036.2700233440005,370,0,0.5014901630612615,-0.477575109080734,0.5014901630612615,0.477575109080734,0.8,1.457142857142857,2.1,35.49569516263803,9.960112756587217,2.4832347571885194,-2.3725618601847667,2.4107246668817486,-2.460998491060265,7.989795909764354,-0.043549449420719,3.6198460041498426,0.9610937533223238,3038.5996807693555,49.79574272532164,38.32469072974562,41.53010941854724,33.39001867677743,22.51019863912469,26.840088166976184,17.04702650122664,22.1688875427276,12.592085952318056,16.923777845088864,8.756110714611909,11.982305660124716,-5.699999999999998,2226414814422724.5,50.6803182334092,21.33930935466752,11.400308791525054,414.72110077551395,29.527098062139395,4.895483475517775,0.0,0.0,19.86054428982509,11.477635789216103,9.622004595302563,21.630131152729696,13.17124514302446,11.761884949391115,54.06550936946379,103.3342336960116,102.8933163598152,35.05401316577263,44.64476664439491,71.94221951613481,0.0,9.467009378641832,7.04767198267719,39.581180579582174,84.61861530732001,137.60735416951903,0.0,22.384282469939446,19.83870293015937,35.92079024175871,0.0,23.36282483962363,113.70851973766511,31.645079226302325,6.923737199690624,22.472738293543287,136.01379179578558,5.022633313741326,22.384282469939446,0.0,153.51999999999998,47.170987859224695,39.907903690594864,0.0,16.93822404106412,93.54711386883504,45.22382114005057,23.894619086314336,31.18920547353706,78.34480938354625,24.73861266100985,16.337802844032566,106.24413466901076,7.654213485876942,18.2468469315716,13.95664256493545,-0.4140970694871239,-0.6370728851348504,33.28705270747405,0.4633319381141136,7.299015014669511,-8.738956245919352,0.3,70,3,13,0,2,2,0,5,1,6,1,0,12,3,20,3,17,0,2,2,0,0,15.449756985367369,8,9.735119999999998,270.80329999999975,0,0,0,0,1,1,0,0,1,1,1,0,0,0,0,4,2,0,0,0,0,0,0,0,0,3,0,0,0,4,0,0,0,0,5,0,0,0,0,0,0,1,0,0,4,0,0,0,0,0,0,0,0,0,0,0,1,0,0,0,0,0,0,0,0,0,0,0,0,0,1,0,0,0,0,1,1,1,0,0,0,0,0,0,0,CHEMBL2170847,Cc1c(C(=O)O)c(-c2cccc(N3CCN(c4ccc(NS(=O)(=O)c5ccc(N[C@H](CCN6CCOCC6)CSc6ccccc6)c(S(=O)(=O)C(F)(F)F)c5)cc4)CC3)c2)c(-c2ccc(Cl)cc2)n1C,10.8,1.0334237554869496,CHEMBL612545,Unchecked,2,Large-Polar-Aromatic-Flexible-Hydrophobic,Large-Polar-Aromatic-Flexible-Hydrophobic
13.408508050647855,13.408508050647855,0.0332513986234224,-4.3676742414194365,0.3258504759054205,11.461538461538462,578.6210000000002,552.4130000000002,578.1028870319999,208,0,0.3238781545290284,-0.4967671120136989,0.4967671120136989,0.3238781545290284,0.6923076923076923,1.1025641025641026,1.4871794871794872,32.23486205678662,10.146917267975663,2.3081086881694173,-2.2698661550827337,2.3254083564648536,-2.3699223948467565,7.928009616349907,-0.1357534026745969,2.8992030186220608,2.0925348692079084,1570.0296155356557,28.95745467888409,21.136403810097445,22.769396971952897,18.304134675050012,11.187814276680658,14.06794093428194,8.132685275747605,11.857305827806725,5.589650321509521,9.151684998356115,3.6848351617867494,6.569539944004225,-4.3,214412809.02373695,29.25884296416189,11.614887719219082,6.407367050814622,225.28000762113152,19.68678069728151,24.58853647839296,0.0,0.0,20.046582306815168,11.938610575903695,18.199506350736108,16.835593968657875,0.0,0.0,0.0,79.21722644446535,0.0,35.38533458295774,46.111449034083016,43.359965432085986,0.0,0.0,0.0,16.714704150726174,35.919539876972685,72.29348924477472,0.0,11.49902366656781,18.084157890192564,11.374772549367124,11.49902366656781,0.0,66.29636722862318,29.63565667495881,6.923737199690624,5.563451491696996,76.52100470411328,0.0,0.0,0.0,167.82,45.074705694544015,36.637723126482925,0.0,26.729190992099667,20.109455649160275,0.0,87.87337003532342,0.0,0.0,0.0,9.473725907600098,64.96583061117818,0.0,22.8188314127066,18.88384758763352,0.0896605077088488,-2.055614459453602,14.42532059726445,0.0,-0.385074076432266,-5.909468847272393,0.2,39,2,12,0,0,0,0,3,0,3,0,0,8,2,14,0,12,0,0,0,0,0,8.713799380077015,3,2.57202,141.50219999999985,2,0,0,0,0,0,0,0,2,2,2,0,0,0,0,2,0,0,0,0,0,0,0,0,0,0,0,0,0,2,1,0,0,0,3,0,0,0,0,0,0,2,0,0,0,0,0,0,0,0,0,0,0,0,0,2,0,0,0,0,0,0,0,0,0,0,0,0,0,0,0,0,0,0,0,0,2,0,0,0,0,0,0,0,0,CHEMBL3601206,COc1ccc(S(=O)(=O)N(CC(=O)O)c2ccc(N(CC(=O)O)S(=O)(=O)c3ccc(OC)cc3)c(C)c2)cc1,1666.0,3.2216749970707688,CHEMBL3038498,Keap1/Nrf2,2,Large-Polar-Aromatic-Flexible-Hydrophilic,Other
13.94850738924819,13.94850738924819,0.0271907030551403,-0.8564424397513377,0.0386249277235158,15.524590163934429,852.1150000000001,790.6269999999996,851.440403672,326,0,0.2552189066389084,-0.3970455394574328,0.3970455394574328,0.2552189066389084,0.8360655737704918,1.459016393442623,2.0655737704918034,32.13348367521272,9.850683152914128,2.440166646742852,-2.3500345213593583,2.2863163743617574,-2.5729519136906416,7.12964399300241,-0.1436309005200102,3.849521948903594,0.9449622317865408,2096.970223920611,43.94237157419313,35.7984732609318,36.61496984185952,29.188599506838923,21.300903948565583,22.180556759820472,16.939424999383434,17.794194060920706,10.908931448956436,11.886565718574817,7.379003547205288,8.190657225734736,-5.599999999999999,18319636519877.34,46.46593431509257,22.302282490554315,13.97077171151824,362.84637816389255,37.00725901887869,12.08368165829592,0.0,23.628718917406022,5.907179729351506,0.0,23.97268592035911,4.983978520947208,0.0,11.336785877934735,95.6943437473976,72.70547630910308,43.60281544698374,33.56035339928256,29.079213315199812,57.934843348742945,0.0,20.517465459810342,5.414990469396779,123.05639110290542,22.912001091087426,95.12777507339918,0.0,10.440598685398296,27.00082189318751,17.062158824050687,0.0,11.336785877934735,69.25871874535271,25.72290514219986,12.338727669087405,113.01561761357227,78.30694409515671,0.0,10.440598685398296,0.0,195.85,23.602638515441,29.079213315199812,0.0,49.04623308150869,41.88807518452571,66.64372953242584,4.899909730850477,59.86772242562761,57.47095634622632,26.251132936972528,5.733667477162185,0.0,1.5797200064590071,72.31580155629584,22.1240110046308,12.169117819923644,-1.2665089941158387,20.00424420633245,7.396654298014616,7.926960102459497,0.0,0.4468085106382978,61,7,13,0,1,1,5,3,1,4,3,0,9,6,14,2,20,0,1,1,0,0,16.98846546365141,5,7.601620000000006,241.69349999999935,0,1,1,1,0,1,0,0,0,0,5,5,0,1,0,2,4,1,0,0,1,0,0,0,0,0,0,5,0,3,1,0,0,0,3,0,0,0,0,0,0,0,0,0,0,0,0,0,0,0,0,0,0,0,0,0,0,0,0,0,0,0,0,0,2,0,0,0,0,0,0,0,0,0,0,0,0,0,0,0,1,0,0,7,0,CHEMBL5073757,Cc1ncsc1-c1ccc(CNC(=O)[C@@H]2C[C@@H](O)CN2C(=O)[C@@H](NC(=O)CCCCCCCCCCC(=O)Nc2ccc(C(=O)Nc3ccccc3N)cc2)C(C)(C)C)cc1,500.0,2.6989700043360187,CHEMBL5169078,VHL/KDM1A/HDAC1/RCOR1,2,Large-Polar-Aromatic-Flexible-Hydrophobic,Large-Polar-Aromatic-Flexible-Hydrophobic
13.763607790750266,13.763607790750266,0.0452069588704129,-4.277656548673186,0.2788542212867136,12.58974358974359,547.6290000000001,518.3970000000004,547.166473268,202,0,0.349182095508851,-0.4798953607204568,0.4798953607204568,0.349182095508851,0.8205128205128205,1.4102564102564104,1.9743589743589745,32.233428411122354,9.872268080161705,2.3001500626660034,-2.2584502447227206,2.378415435332706,-2.355852725613993,7.9248853033028865,-0.1450031398350332,2.8991157570730435,1.81792094233359,1609.2074114518755,28.371668241257183,21.73584161750362,22.552338198431347,18.390902547037022,12.206142858822773,13.646206187623417,10.05501710672544,11.917327382754998,6.288385530954157,8.06234178816674,4.2682135444289715,5.701270046266156,-4.369999999999999,312209162.0464003,27.65908376305396,10.781117411211538,5.882162936713074,226.6924594751379,14.94991774348146,12.29426823919648,0.0,6.103966387748303,10.023291153407584,11.938610575903695,9.099753175368054,13.212334168400758,0.0,0.0,87.5012493521496,35.243910234940216,16.335899920626588,10.582869750201336,32.956789095954036,38.42173643292443,0.0,0.0,0.0,37.185651931734725,10.84997239720881,102.12240901031818,0.0,5.749511833283905,9.042078945096282,5.687386274683562,5.749511833283905,0.0,37.11421875582662,25.027355990948006,0.0,38.002080970214166,95.89098950244195,0.0,10.772448428929591,0.0,121.21000000000002,34.61062452297216,28.219926142153987,0.0,21.74737205288202,16.335899920626588,9.868667482993228,24.26546827384644,66.73003775307771,20.771211599071872,0.0,4.736862953800049,34.29637385073435,0.0,23.81890099213108,20.29751920251455,1.3112869310880504,-2.3053128145480555,24.445152634355516,-1.3049608290119348,5.218696581409631,-4.277656548673186,0.2,39,2,8,0,0,0,0,4,0,4,1,0,5,2,9,0,9,0,0,0,0,1,7.646046911179985,4,5.6219000000000054,148.7043999999998,2,0,0,0,0,0,0,0,2,2,2,0,0,0,0,1,0,0,0,0,0,0,0,0,0,0,0,0,0,1,0,0,0,0,4,0,1,0,0,0,0,1,0,0,0,0,0,0,0,0,0,0,0,0,0,0,0,0,0,0,0,0,0,0,0,0,0,0,0,0,0,0,0,0,0,0,1,0,0,0,0,0,0,0,0,CHEMBL4748615,CC(C)(C)c1ccc(S(=O)(=O)N(CC(=O)O)c2ccc(OC(C(=O)O)c3ccccc3)c3ccccc23)cc1,980.0,2.9912260756924947,CHEMBL3038498,Keap1/Nrf2,2,Large-Polar-Aromatic-Flexible-Hydrophobic,Large-Polar-Aromatic-Flexible-Hydrophobic
13.373477941260855,13.373477941260855,0.1413144875477412,-4.432560518467234,0.0539126113483026,14.56140350877193,808.0389999999999,758.6469999999998,807.3124262880001,298,0,0.2931983166921879,-0.3777517654598638,0.3777517654598638,0.2931983166921879,0.8947368421052632,1.5263157894736843,2.1403508771929824,32.233300401031734,9.841768021373383,2.3486351231452307,-2.417184932651638,2.336138843489569,-2.4667844756956705,7.989600793155581,-0.3836943556116072,3.2256255441021797,1.0616773883538893,2213.93081350121,40.41742754781081,32.46618728187492,34.09918044373037,27.431422433422963,18.92787070551813,21.396632512766004,14.588741534616302,17.364556764744997,10.371725528637914,12.874920461448916,7.003046703229029,8.990015542262258,-5.209999999999999,3859246661421.1494,41.42462630555088,18.821838775033036,11.010325755050514,339.1944590692299,19.853471019507335,5.687386274683562,0.0,0.0,21.61785715744265,0.0,14.908855452837392,13.139891848781026,0.0,11.761884949391115,72.79640482153933,105.12385626282888,60.62751472228338,15.419845335319136,22.872508171018477,44.75451465620089,0.0,9.622004595302563,0.0,47.11714508287125,56.80896266597323,148.6349296898534,0.0,11.126902983393991,14.938793199308895,17.062158824050687,0.0,11.761884949391115,82.38335346459665,21.180975730133643,10.114318268765572,35.18390503624384,137.1846753887294,0.0,11.126902983393991,0.0,134.12,26.54116820626032,23.32665243716633,0.0,27.789212882029982,12.1736752296728,55.545970905178706,28.823088612014207,43.13715076451509,67.52619024389774,51.33699561007856,4.736862953800049,34.95975311578583,1.6331378436193855,29.728717546905603,15.459199540265136,4.157108057873699,-0.19087766869764,39.111535726078515,3.1304507135698785,2.2518848718116655,1.2590902527879262,0.2954545454545454,57,2,11,0,1,1,1,5,0,5,1,0,10,2,13,1,17,0,1,1,0,0,13.678730484895985,6,8.133100000000008,228.70709999999937,0,0,0,0,0,0,0,0,0,0,1,1,0,0,0,3,2,0,0,0,0,0,0,0,0,0,0,1,0,2,0,0,0,0,5,0,0,0,0,0,0,1,0,0,0,0,0,0,0,0,0,0,0,0,0,1,0,0,1,1,0,0,0,0,0,0,0,0,0,1,0,0,0,0,0,1,1,0,0,0,0,0,0,0,0,CHEMBL221295,COC1(Cc2ccc(-c3ccccc3)cc2)CCN(c2ccc(C(=O)NS(=O)(=O)c3ccc(N[C@H](CCN(C)C)CSc4ccccc4)c([N+](=O)[O-])c3)cc2)CC1,160.0,2.204119982655925,CHEMBL4625,Apoptosis regulator Bcl-X,2,Large-Polar-Aromatic-Flexible-Hydrophobic,Large-Polar-Aromatic-Flexible-Hydrophobic
13.810456972945389,13.810456972945389,0.0910138434263616,-4.458855704388935,0.2159032420026464,11.5,638.7200000000003,608.48,638.13927254,230,0,0.323880935286493,-0.4866170582044871,0.4866170582044871,0.323880935286493,0.6590909090909091,1.181818181818182,1.7045454545454546,32.23486282364854,10.197570591207953,2.322317964583441,-2.276340819221316,2.3776597295636956,-2.368974708663651,7.9280823144838335,-0.1357549610574624,2.976307704807666,1.9054213459985123,1894.44148620052,32.07033885400645,23.82201364676826,25.45500680862371,20.78376796279427,13.220105678232049,16.10023233583333,9.87015341272707,13.59477396478619,6.450035480942147,9.975606891208344,4.381355077743213,7.422715902795957,-4.879999999999999,3105849283.2864866,32.042611558888865,13.183625162845914,7.359487412905713,255.22355659768863,14.94991774348146,25.445906609621975,0.0,0.0,20.046582306815168,11.938610575903695,18.199506350736108,16.835593968657875,0.0,0.0,54.59730361615449,66.9360312852419,6.06636706846161,21.165739500402672,41.374586080282974,43.359965432085986,0.0,0.0,0.0,30.245323314929717,21.69994479441762,113.7522275704768,0.0,5.749511833283905,13.347294936392515,11.374772549367124,5.749511833283905,0.0,52.07677214606812,36.242538639471725,13.847474399381248,16.690354475090988,106.85284004642136,0.0,0.0,0.0,158.59,45.074705694544015,36.637723126482925,0.0,33.52213329819949,25.30078645768345,0.0,54.59730361615449,56.31204387861251,0.0,0.0,4.736862953800049,62.32960007090113,0.0,23.467147671664097,19.34445401190746,1.627667917708729,-3.070284744597201,24.307797366440944,0.0,1.365301061141471,-8.87168335516662,0.1612903225806451,44,2,11,0,0,0,0,4,0,4,0,0,7,2,13,0,13,0,0,0,0,0,9.60085863706965,4,4.4422400000000035,163.90919999999963,2,0,0,0,0,0,0,0,2,2,2,0,0,0,0,2,0,0,0,0,0,0,0,0,0,0,0,0,0,2,2,0,0,0,4,0,0,0,0,0,0,1,0,0,0,0,0,0,0,0,0,0,0,0,0,0,0,0,0,0,0,0,0,0,0,0,0,0,0,0,0,0,0,0,0,0,2,0,0,0,0,0,0,0,0,CHEMBL5208847,Cc1cccc(S(=O)(=O)N(CC(=O)O)c2ccc(N(CC(=O)O)S(=O)(=O)c3cccc(C)c3)c(OCc3ccccc3)c2)c1,1000.0,3.0,CHEMBL3038498,Keap1/Nrf2,2,Large-Polar-Aromatic-Flexible-Hydrophobic,Large-Polar-Aromatic-Flexible-Hydrophobic
13.426887844489562,13.426887844489562,0.0612162593277139,-4.481224314114788,0.0747843772617578,14.150943396226417,767.8960000000003,727.5760000000001,767.2422960399999,280,0,0.4164855073860845,-0.3758658713437935,0.4164855073860845,0.3758658713437935,0.981132075471698,1.6415094339622642,2.2830188679245285,32.23330018252204,9.975675165140832,2.324349262551499,-2.30396930549239,2.343824411957847,-2.315123043151228,7.9895968098859855,-0.3836945931443906,3.1277954138144706,1.2225431475681292,2033.3985519058376,38.174786860691526,29.1753245524937,30.80831771434915,25.19052893399427,16.847987928960013,19.316749736207885,12.849474538805678,15.625289768934364,8.708176158703518,11.211371091514517,5.857294608381047,7.844263447414273,-4.8599999999999985,306988526961.05994,39.349859737047986,17.310874729330877,10.8383781573886,310.83082281025344,15.116608065707286,5.687386274683562,0.0,0.0,21.61785715744265,6.176298517443475,14.908855452837392,13.139891848781026,13.17124514302446,11.761884949391115,48.04732704767281,100.0633203478965,47.09689555807984,15.38224601603244,31.306890360242893,50.83053476303477,0.0,9.622004595302563,0.0,41.27157116640501,49.699165124695696,129.43965036931164,0.0,0.0,14.938793199308895,30.233403967075148,0.0,11.761884949391115,69.67250511233544,16.199589670851058,10.114318268765572,40.74735652794084,112.42594457649062,0.0,6.076020106833881,0.0,124.89,43.17640169091857,36.497897580190795,0.0,22.856130087225512,38.10483128734997,34.8334648231064,36.39820241076966,36.037006261609825,58.949093633815465,5.316788604006331,0.0,68.79710878384287,1.60526915581753,29.151812149147876,15.339043395937464,0.9150206340486866,-0.2958990341631848,24.84765634814615,-1.065485623882673,1.8175252731385412,-0.6120510820332545,0.2894736842105263,53,2,10,0,1,1,1,4,0,4,1,0,9,2,15,1,14,0,1,1,0,0,12.852462123109028,5,7.940600000000009,202.80609999999953,0,0,0,0,0,0,0,0,0,0,1,1,0,0,0,3,2,0,0,0,0,0,0,0,0,3,0,1,0,2,0,0,0,0,4,0,0,0,0,0,0,0,0,0,3,0,0,0,0,0,0,0,0,0,0,0,0,0,1,1,0,0,0,0,0,0,0,0,0,1,0,0,0,0,0,1,1,0,0,0,0,0,0,0,0,CHEMBL376254,CN(C)CC[C@H](CSc1ccccc1)Nc1ccc(S(=O)(=O)NC(=O)c2ccc(N3CCC(=Cc4ccccc4C(F)(F)F)CC3)cc2)cc1[N+](=O)[O-],300.0,2.4771212547196626,CHEMBL4625,Apoptosis regulator Bcl-X,2,Large-Polar-Aromatic-Flexible-Hydrophobic,Large-Polar-Aromatic-Flexible-Hydrophobic
13.207289632314051,13.207289632314051,0.0777603772990673,-4.334940312104586,0.3676739154603436,11.47222222222222,535.5560000000003,514.3880000000003,535.0719212519999,190,0,0.3238779440932132,-0.4967671120136989,0.4967671120136989,0.3238779440932132,0.7777777777777778,1.25,1.6388888888888888,32.23486157290816,10.248051370382775,2.2965776090754217,-2.2523087570129254,2.291090239186431,-2.365172207059682,7.927923788248156,-0.1357527162497211,2.859886406950682,2.032530970922203,1442.8633748481325,26.509860921691384,18.752719384323168,20.385712546178617,16.961599419948914,10.097822684622892,12.977949342224177,7.191492344568477,10.9161128966276,4.8532397158798375,8.398723046998846,3.162797705996814,5.955694336585223,-4.17,61339575.78719841,26.435022993634863,10.617928879517963,5.721301410708339,206.65622614377787,14.94991774348146,23.73450812062683,0.0,0.0,20.046582306815168,11.938610575903695,23.183484871683316,16.835593968657875,0.0,0.0,0.0,60.6636706846161,12.393687143226153,23.38005356616243,41.37458608028297,43.359965432085986,0.0,4.983978520947208,0.0,9.79096695103555,28.80974233569515,73.05735782784227,0.0,5.749511833283905,13.347294936392515,11.374772549367124,5.749511833283905,0.0,64.17054820829286,29.63565667495881,0.0,0.0,82.84832477887782,0.0,0.0,0.0,171.48000000000002,45.074705694544015,36.637723126482925,0.0,21.165739500402672,14.35994381587637,6.196843571613076,73.97031179750672,0.0,0.0,4.983978520947208,4.736862953800049,58.799105465402874,0.0,26.177535349820225,18.611500925500952,-0.1591275114142172,-2.4579757598724186,12.696738031398954,2.4208517186007734,-1.8332399161112456,-7.255388303325877,0.1363636363636363,36,2,12,0,0,0,0,2,1,3,0,0,8,2,14,1,11,0,0,0,0,0,7.79681094652325,3,1.6499999999999988,128.00820000000002,2,0,0,0,0,1,0,0,2,2,2,0,0,0,0,3,0,0,0,0,0,0,0,0,0,0,0,0,0,2,0,0,0,0,2,0,0,0,0,0,0,1,0,0,0,0,0,0,0,0,0,0,0,0,0,1,0,0,0,0,0,0,0,0,0,0,0,0,0,0,0,0,0,1,0,0,2,0,0,0,0,0,0,0,0,CHEMBL5438828,COc1ccc(S(=O)(=O)N(CC(=O)O)c2ccc(N(CC(=O)O)S(=O)(=O)c3cccnc3)cc2)cc1,890.0,2.949390006644913,CHEMBL3038498,Keap1/Nrf2,2,Large-Polar-Aromatic-Flexible-Hydrophilic,Other
12.85329349383535,12.85329349383535,0.0185071319556804,-4.412403997334102,0.0958836964185984,10.9,576.6560000000003,552.4640000000003,576.1137264879999,204,0,0.2931900974294739,-0.3786507545624054,0.3786507545624054,0.2931900974294739,0.8,1.425,2.075,32.23329898360247,10.1513723250488,2.23555696265933,-2.1067339276728223,2.2791227405151453,-2.302349264052267,7.989305494026087,-0.3836776097391958,2.960530883294566,1.3865374072406735,1614.1451541874883,28.53695865918684,20.9423680578076,22.575361219663055,19.2251838731656,11.965706035905594,14.434467843153476,8.356478919577048,11.207209106836268,5.5736386545199395,7.916046284065953,3.5880656519759606,5.371226343375665,-4.679999999999999,774724226.8229729,28.33115319406732,12.91331491125518,7.456791185165276,234.57194658646716,10.633577208012662,5.687386274683562,0.0,0.0,27.525036886794155,0.0,19.703392636909214,13.139891848781026,0.0,11.761884949391115,36.39820241076966,60.6636706846161,40.0737498147163,9.818794524335445,22.93018240129025,50.6616943855524,0.0,4.722094864452088,0.0,9.79096695103555,22.931187220672022,124.36946141600698,0.0,0.0,15.355672072464747,17.062158824050687,0.0,11.761884949391115,37.45307750450899,10.023291153407584,10.114318268765572,20.715977351537635,112.91920711488298,0.0,0.0,0.0,147.51000000000002,31.436651681778095,28.121189621238152,0.0,17.158017495732064,23.54844777903992,10.961850543979384,36.39820241076966,42.09372029169917,35.053930206760135,10.633577208012662,0.0,27.637210939943387,1.5722206321087435,36.517672047984846,17.297563384978282,0.6171765055542158,-0.634244820488976,27.24703572635751,0.0,0.407769580896095,-4.412403997334102,0.0714285714285714,40,3,10,0,0,0,2,4,0,4,0,0,8,3,12,0,11,0,0,0,0,0,9.146227574850109,4,5.170000000000004,154.24129999999974,0,0,0,0,0,0,0,0,0,0,2,2,0,0,0,1,3,0,0,0,0,0,0,0,0,0,0,2,0,2,0,0,0,0,4,0,0,0,0,0,0,0,0,0,0,0,0,0,0,0,0,0,0,0,0,0,0,0,1,1,0,0,0,0,0,0,0,0,0,0,0,0,0,0,0,1,1,0,0,0,0,0,0,0,0,CHEMBL1940668,O=C(Nc1ccc(C(=O)NS(=O)(=O)c2ccc(NCCSc3ccccc3)c([N+](=O)[O-])c2)cc1)c1ccccc1,39780.0,4.599664778788417,CHEMBL614628,Raji,2,Large-Polar-Aromatic-Flexible-Hydrophobic,Large-Polar-Aromatic-Flexible-Hydrophobic
14.703703517668425,14.703703517668425,0.000361377009346,-4.265564553885134,0.1181736256871525,12.818181818181818,756.9249999999998,712.573,756.298156128,282,0,0.264523130162712,-0.3963644531512296,0.3963644531512296,0.264523130162712,0.8181818181818182,1.5636363636363635,2.309090909090909,32.23327419885695,9.919288235097952,2.294734797129702,-2.2950012704067237,2.3562948433043656,-2.362789867861905,7.897119464062307,0.0735130132443093,3.5892144525980543,1.3145777342235023,2474.968206501566,38.52815801182004,30.74068208709783,31.55717866802556,26.699371625854077,18.686177390331576,20.169340637925966,13.884827052401754,15.567229293811266,10.232577351601892,11.5612378303748,7.295104187282088,8.304190297135296,-5.619999999999998,2740265682297.5933,37.6857281377517,16.399122339206325,7.954761592799774,320.66907771678177,15.112964520531888,0.0,0.0,0.0,21.837650612110593,0.0,9.589074368143644,17.821694783926212,5.098681808301038,0.0,86.14096364415597,101.5285649211173,36.38674925142906,28.57760770441118,28.219926142153987,32.610099041040186,0.0,19.402489338748783,0.0,63.49578878318995,13.151638370425491,148.39972068049093,0.0,16.814289258077554,4.722094864452088,0.0,0.0,0.0,58.27724407743555,42.43739439261111,0.0,74.98038988479419,114.0900907078268,0.0,27.586737687007144,0.0,141.82999999999998,22.537352847272007,28.219926142153987,0.0,28.536448152776188,49.172808658845625,52.543130550633634,29.828919765543436,23.09901093623531,65.3454736197613,17.712199132604322,5.098681808301038,31.053968061882053,0.0,30.1821379039588,26.486896486541887,6.579965838271139,-1.188725547515456,32.56815173499088,4.366935230318412,2.6329015121041,-4.265564553885134,0.25,55,3,10,0,1,1,2,5,1,6,0,0,8,3,11,2,13,0,0,0,0,0,11.236597566782915,7,6.769500000000009,212.42809999999943,0,2,2,0,0,2,0,0,0,0,2,2,0,0,0,3,1,0,0,0,0,0,0,0,0,0,0,2,0,0,1,0,0,0,5,0,2,0,0,0,0,0,0,0,0,0,0,0,0,0,0,0,0,0,0,0,0,0,0,0,0,0,0,0,0,0,0,0,0,0,0,0,0,0,0,0,1,0,0,0,0,0,0,1,0,CHEMBL2030857,CCCCc1c(-c2ccc(C(=O)NS(=O)(=O)c3ccc4ccccc4c3)cc2C(=O)N2CCc3ccccc3C2)c(CO)nn1-c1ccc(CCCO)cc1,7.0,0.8450980400142568,CHEMBL4625,Apoptosis regulator Bcl-X,2,Large-Polar-Aromatic-Flexible-Hydrophobic,Large-Polar-Aromatic-Flexible-Hydrophobic
13.391553528706222,13.391553528706222,0.1649944183836138,-1.914917008161577,0.0379717926578495,14.081967213114757,867.8190000000002,818.4269999999999,867.3134077280001,336,0,0.3260470628698094,-0.4812292624504639,0.4812292624504639,0.3260470628698094,0.5245901639344263,0.9508196721311476,1.360655737704918,16.3799167447853,10.045256753339734,2.3407731989668767,-2.265562241796042,2.0798733610624938,-2.6002342372974914,5.973633559476193,-0.1426044992567486,3.1588540566518275,3.167955560997627,1774.1118597903517,46.39624778870998,32.87442531952054,32.87442531952054,28.494794269186293,18.377306627936132,18.377306627936132,13.4244629037929,13.4244629037929,8.31407758492489,8.31407758492489,5.287728004661045,5.287728004661045,-7.180000000000001,2167345341255.3833,51.83858045336306,26.028259768556953,20.884785833844525,345.93236955035263,67.85668459708856,36.25104497488776,0.0,41.35025810546054,0.0,29.84652643975924,52.73990902479004,4.794537184071822,0.0,0.0,30.33183534230805,31.749653560165648,32.60702369139466,19.069544416586886,88.17361057790612,71.19678454521978,0.0,37.217520228044314,0.0,107.5690587454254,6.544756405912575,35.89528683400505,0.0,0.0,37.217520228044314,0.0,0.0,0.0,150.7357166828127,63.95526783178787,0.0,64.35667725156031,30.33183534230805,0.0,0.0,0.0,410.4299999999999,165.0423036742505,77.9605557882247,0.0,6.4208216229260096,5.563451491696996,13.847474399381248,0.0,30.33183534230805,0.0,37.217520228044314,10.213054789681411,0.0,0.0,147.1960536034378,71.58562853539863,0.5376823848652921,-15.265365342863436,-2.226492158964776,-6.8655728960929405,1.0380658742194462,0.0,0.5,61,13,25,0,0,0,7,1,0,1,7,0,13,13,25,0,28,0,0,0,0,0,22.119148165137258,1,-4.191500000000008,202.5926999999997,5,1,1,0,0,0,0,0,5,5,12,7,0,0,0,0,7,0,0,0,0,0,0,0,0,0,0,7,0,0,0,0,0,0,1,0,0,0,0,0,0,0,0,0,0,0,0,0,0,0,0,0,0,0,0,0,0,0,0,0,0,0,0,0,0,0,0,0,0,0,0,0,0,0,0,0,0,0,0,0,0,0,0,0,0,CHEMBL3617787,CC(=O)N[C@@H](CC(=O)O)C(=O)N[C@@H](CCC(=O)O)C(=O)N[C@@H](CCC(=O)O)C(=O)N[C@H](C(=O)NCC(=O)N[C@@H](CCC(=O)O)C(=O)N[C@@H](Cc1ccccc1)C(=O)O)[C@@H](C)O,194.0,2.287801729930226,CHEMBL3038498,Keap1/Nrf2,2,Large-Polar-Aliphatic-Flexible-Hydrophilic,Other
13.513926668301286,13.513926668301286,0.0002674897119345,-4.480462671122167,0.2227863435292599,12.0,536.5180000000003,516.3580000000003,536.08895122,194,0,0.349182095508851,-0.4798953607204566,0.4798953607204566,0.349182095508851,0.868421052631579,1.4736842105263157,2.0526315789473686,32.233428378064296,10.06524487016338,2.2997014083470875,-2.25166555242526,2.376856438927201,-2.355161910540636,7.924888760917732,-0.3844721868331262,2.903098015919065,1.8258510426977876,1622.1251900694406,27.449018510446816,19.4995517939313,20.316048374859022,18.090261284154796,11.044898028242857,12.484961357043495,8.03165064696284,9.893960922992395,5.615583169680927,7.389539426893525,3.881131934235673,5.314188436072857,-4.969999999999999,241751237.14016485,26.103210570430832,10.564539098845868,5.246743566918313,215.88566674005136,14.94991774348146,12.29426823919648,0.0,6.103966387748303,15.710677428091143,11.938610575903695,19.214071444133623,13.212334168400758,0.0,0.0,54.59730361615449,24.26546827384644,28.468634057549806,15.506180799019006,37.88010014477172,44.109122707607995,0.0,0.0,0.0,10.999449863266078,10.84997239720881,106.67327578738676,0.0,5.749511833283905,9.042078945096282,11.374772549367124,5.749511833283905,0.0,42.03752980464429,19.612365521551222,10.114318268765572,11.6674178794453,95.89098950244195,0.0,10.772448428929591,0.0,164.35000000000002,39.53393557178983,38.33424441091957,0.0,27.4059920726336,15.254891697458024,24.26546827384644,12.13273413692322,54.59730361615449,0.0,0.0,4.736862953800049,33.552199812775974,0.0,33.61344736759461,30.89249254228057,0.0636906639186143,-2.5313562107862566,21.436207391005,-1.3570177464534676,-0.9392011492128728,-4.480462671122167,0.0769230769230769,38,2,11,0,0,0,0,4,0,4,1,0,7,2,12,0,10,0,0,0,0,1,7.257062859913771,4,4.232600000000004,136.65879999999993,2,0,0,0,0,0,0,0,2,2,2,0,0,0,0,2,0,0,0,0,0,0,0,0,0,0,0,0,0,1,0,0,0,0,4,0,1,0,0,0,0,1,0,0,0,0,0,0,0,0,0,0,0,0,0,0,0,0,1,1,1,0,0,0,0,0,0,0,0,0,0,0,0,0,0,0,1,0,0,0,0,0,0,0,0,CHEMBL4750715,O=C(O)CN(c1ccc(OC(C(=O)O)c2ccccc2)c2ccccc12)S(=O)(=O)c1ccc([N+](=O)[O-])cc1,4790.0,3.680335513414563,CHEMBL3038498,Keap1/Nrf2,2,Large-Polar-Aromatic-Flexible-Hydrophobic,Large-Polar-Aromatic-Flexible-Hydrophobic
14.731742482775632,14.731742482775632,0.0641809449322774,-4.290099481820042,0.135964616234456,14.166666666666666,769.3679999999997,724.0079999999998,768.2860672199998,282,0,0.2754385161714284,-0.3372092575066442,0.3372092575066442,0.2754385161714284,0.9074074074074074,1.5740740740740742,2.259259259259259,35.495694044420844,9.926821680328898,2.3305909615186735,-2.364986319271254,2.305457420954876,-2.479497953355435,7.897119955076258,0.0646994478223437,3.4841256306641215,1.4103029812787549,2316.194857084633,38.56997437507693,30.71787393550518,32.29029946245136,25.96509593823417,18.29468596930083,20.15581368990445,13.630032532170857,15.690399246589594,9.96017364456036,11.74133832903589,6.815222953227718,8.022993220646148,-5.039999999999997,961787484880.141,38.677275680143055,16.542067171654857,7.91338597041433,320.682855043657,15.533486938863138,0.0,5.693927994848461,0.0,27.744830341462094,0.0,14.383611552215466,17.82169478392621,5.098681808301038,0.0,92.88736115162028,78.41738882310028,37.78431794449526,26.86288255048812,22.8014085365444,50.11821866062421,0.0,24.302399069599264,5.733667477162185,70.35740042428021,19.634269217737724,123.5934342286888,0.0,5.687386274683562,10.455762341614273,0.0,0.0,11.600939890232516,71.3957504244163,22.98886918224617,6.923737199690624,87.55603439978566,89.82462243398034,5.022633313741326,16.459834703613154,0.0,147.7,21.837650612110593,22.8014085365444,0.0,57.46486741250972,30.590486644064416,42.196413689562824,35.01363827745323,34.922657866776404,36.39820241076966,23.668251072134375,17.3346073673947,30.544349611444417,6.8287105246394395,45.665542860609634,6.393081486071383,9.063901903167926,-1.6597581116386295,23.719364599246763,4.015684846992744,7.413666205730809,-4.290099481820042,0.3170731707317073,54,3,11,0,1,1,3,4,1,5,1,0,8,2,13,2,13,0,0,0,0,0,11.848186894769244,6,6.674220000000006,210.49239999999944,0,0,0,0,0,2,0,0,0,0,3,3,0,0,0,4,1,1,0,0,0,0,0,0,0,0,0,3,0,0,0,0,0,0,4,0,2,0,0,0,0,0,0,0,1,0,0,0,0,0,0,0,0,0,0,0,0,0,0,0,0,0,0,0,0,0,0,0,0,0,0,0,0,0,0,0,1,0,0,0,0,0,0,2,0,CHEMBL2031027,CCCCN(CCCC)C(=O)c1nn(-c2ccc(C(=O)NS(=O)(=O)c3ccc4ccccc4c3)cc2C(=O)N2Cc3ccccc3C[C@H]2CN)c(C)c1Cl,8.41,0.9247959957979122,CHEMBL4860,Apoptosis regulator Bcl-2,2,Large-Polar-Aromatic-Flexible-Hydrophobic,Large-Polar-Aromatic-Flexible-Hydrophobic
14.29537612195045,14.29537612195045,0.038387453045191,-4.564747942813575,0.1471232687703103,11.551020408163266,722.8190000000001,692.5789999999998,722.10625816,254,0,0.3238792862779435,-0.4967671120136989,0.4967671120136989,0.3238792862779435,0.6326530612244898,1.0816326530612246,1.5714285714285714,32.234919355074894,10.061865584550764,2.3437687776775027,-2.2987139400458014,2.466288641654243,-2.3726361644066367,7.993878642345461,-0.1357523185586497,3.0945925751577237,1.8380962069860023,2211.3636854965034,35.34635973594534,26.08610398488869,28.53559372767187,23.359777567715835,14.423412836334148,18.120036074863144,10.365029636153146,15.20500525986268,7.301049537215355,11.873821175135513,5.052296008149005,9.021469725144147,-5.249999999999998,51854323121.447914,35.06739809763987,14.47455656861198,7.429469652867263,286.7769342698993,19.68678069728151,24.58853647839296,0.0,0.0,20.046582306815168,11.938610575903695,18.199506350736108,16.835593968657875,0.0,0.0,54.22645442862238,66.73003775307771,20.563415379965143,35.38533458295774,46.111449034083016,65.8942988104067,0.0,0.0,0.0,19.5819339020711,35.919539876972685,109.19460723230902,0.0,11.49902366656781,18.084157890192564,11.374772549367124,11.49902366656781,11.761884949391115,66.29636722862318,29.63565667495881,0.0,0.0,128.77654113438012,0.0,10.772448428929591,0.0,167.82,45.074705694544015,36.637723126482925,0.0,36.83367140485004,16.394507142085583,20.37231693198358,80.94963283563278,42.46456947923127,0.0,0.0,9.473725907600098,68.71759369037605,1.0591863743252627,24.852847030735532,20.26561190785248,-0.1003137382899286,-2.1252655164591108,27.217277100809092,0.0,-1.9591523024323896,-6.261117880250307,0.1176470588235294,49,2,12,0,0,0,0,5,0,5,0,0,9,2,15,0,14,0,0,0,0,0,10.358878315884173,5,5.568000000000005,184.8361999999996,2,0,0,0,0,0,0,0,2,2,2,0,0,0,0,2,0,0,0,0,0,0,0,0,0,0,0,0,0,2,0,0,0,0,5,0,1,0,0,0,0,2,0,0,0,0,0,0,0,0,0,0,0,0,0,2,0,0,0,0,0,0,0,0,0,0,0,0,0,0,0,0,0,0,0,0,2,0,0,0,0,0,0,0,0,CHEMBL5429390,COc1ccc(S(=O)(=O)N(CC(=O)O)c2cc(Sc3ccccc3)c(N(CC(=O)O)S(=O)(=O)c3ccc(OC)cc3)c3ccccc23)cc1,5.8,0.7634279935629372,CHEMBL3038498,Keap1/Nrf2,2,Large-Polar-Aromatic-Flexible-Hydrophobic,Large-Polar-Aromatic-Flexible-Hydrophobic
13.74598415028575,13.74598415028575,0.1022531514901647,-4.477713281187945,0.1830189167615796,11.5,768.4580000000002,744.2660000000001,765.9289965480002,230,0,0.3238809352810332,-0.4866170582044971,0.4866170582044971,0.3238809352810332,0.6590909090909091,1.1363636363636365,1.6363636363636365,79.9197623316753,10.197652332552256,2.3215128502352447,-2.2754272101335493,2.378684685203644,-2.368530205220471,9.104509171830404,-0.1357549579644694,2.98094095758972,1.8905640064275,1870.6401229638132,32.070338854006444,22.577942592786716,27.382928832871578,20.783767962794272,12.598070151241272,17.064193347957254,9.144980007431906,14.700951617074404,6.098234961643682,10.717600664566746,4.0428888109525145,7.402239812915689,-3.9199999999999986,3168648854.1918764,32.9826414547787,13.800773502535062,7.77144352108341,270.22876758017804,14.94991774348146,25.445906609621975,0.0,0.0,20.046582306815168,11.938610575903695,18.199506350736108,16.835593968657875,0.0,0.0,62.19172313820675,66.2271221763131,15.01180610012644,21.165739500402676,41.37458608028298,75.21985322798469,0.0,0.0,0.0,16.39784891554847,21.69994479441762,111.57076361874762,0.0,5.749511833283905,13.347294936392515,11.374772549367124,5.749511833283905,31.859887795898697,52.07677214606812,36.24253863947173,0.0,5.563451491696996,115.79827907808618,0.0,0.0,0.0,158.59,45.074705694544015,36.637723126482925,0.0,33.5221332981995,23.119322505954287,0.0,66.73003775307771,30.33183534230805,0.0,31.859887795898697,4.736862953800049,63.20400069229117,6.481269801035818,23.327516712077397,19.296031515543877,0.3185556129660122,-3.115172083691652,23.456419775149236,0.0,-2.059223516607209,-8.90939850876464,0.1034482758620689,44,2,11,0,0,0,0,4,0,4,0,0,7,2,15,0,13,0,0,0,0,0,10.345135550743736,4,5.350400000000005,169.83519999999967,2,0,0,0,0,0,0,0,2,2,2,0,0,0,0,2,0,0,0,0,0,0,0,0,0,0,0,0,0,2,0,0,0,0,4,0,0,0,0,0,0,1,0,0,2,0,0,0,0,0,0,0,0,0,0,0,0,0,0,0,0,0,0,0,0,0,0,0,0,0,0,0,0,0,0,0,2,0,0,0,0,0,0,0,0,CHEMBL5189242,O=C(O)CN(c1ccc(N(CC(=O)O)S(=O)(=O)c2ccc(Br)cc2)c(OCc2ccccc2)c1)S(=O)(=O)c1ccc(Br)cc1,590.0,2.770852011642144,CHEMBL3038498,Keap1/Nrf2,2,Large-Polar-Aromatic-Flexible-Hydrophobic,Large-Polar-Aromatic-Flexible-Hydrophobic
13.607163272192242,13.607163272192242,0.0084004610308157,-4.167512048751463,0.042872632955188,13.6,936.601,882.1689999999994,935.326552128,340,0,0.3376805642471124,-0.4775751065906458,0.4775751065906458,0.3376805642471124,0.8615384615384616,1.523076923076923,2.1384615384615384,35.49569443913358,9.959136656937662,2.291906164491541,-2.372592832117844,2.42419004167267,-2.4609984270734073,7.989640980946946,-0.3836934593748974,3.609319682239033,1.023913047470099,2740.81584809449,46.41490935776815,37.070437469733605,39.45935957760751,31.088264973869705,21.440732697636815,24.287458977893916,16.629944446343494,19.84219545694419,11.518086924121446,14.32356502671815,8.319034129623075,10.516451561491918,-5.999999999999998,176171510835012.84,46.97656804733728,20.447265625,11.1015625,389.7794157170742,29.690144839189824,5.687386274683562,0.0,0.0,15.710677428091143,5.969305287951848,14.83641313321766,13.212334168400758,0.0,11.761884949391115,54.06550936946379,131.7554413981982,88.31958305700988,21.0761740108809,23.242172612059136,67.79235265440087,0.0,9.467009378641832,0.0,49.06668183132935,72.41068253182341,147.7216724382846,0.0,22.384282469939446,19.83870293015937,28.43693137341781,0.0,23.36282483962363,92.49777052539298,10.023291153407584,17.038055468456196,42.3620535220725,131.1183083202678,5.022633313741326,22.384282469939446,0.0,153.29,20.9159074901771,28.43317983200704,0.0,33.91738917487781,53.899278305367424,52.123032100427544,12.13273413692322,23.894619086314336,119.79569452288882,35.372079377262814,11.600939890232516,31.897536736879523,7.90791062373574,32.02614832601334,26.73444828271584,6.333681650628023,-0.320397300063118,36.43107720044491,0.7254377676681575,9.511998726094903,-0.2200642363395448,0.2857142857142857,65,3,13,0,1,1,0,5,1,6,1,0,11,3,16,2,18,0,1,1,0,0,14.77757484638143,7,10.623119999999991,264.9158999999995,0,0,0,0,1,1,0,0,1,1,1,0,0,0,0,5,2,0,0,0,0,0,0,0,0,0,0,0,0,4,0,0,0,0,5,0,0,0,0,0,0,0,0,0,1,0,0,0,0,0,0,0,0,0,0,0,0,0,1,1,0,0,0,0,0,0,0,0,0,0,1,0,0,0,0,1,1,0,0,0,0,0,0,0,0,CHEMBL2159740,Cc1c(C(=O)O)c(-c2cccc(N3CCN(c4ccc(NS(=O)(=O)c5ccc(N[C@H](CCN(C)C)CSc6ccccc6)c([N+](=O)[O-])c5)cc4)CC3)c2)c(-c2ccc(Cl)cc2)n1C(C)C,1.4,0.146128035678238,CHEMBL612545,Unchecked,2,Large-Polar-Aromatic-Flexible-Hydrophobic,Large-Polar-Aromatic-Flexible-Hydrophobic
14.445777275613771,14.445777275613771,0.1429604249578904,-4.251042644436783,0.0158465401363296,14.144736842105264,1090.7739999999994,1026.2619999999993,1089.412013068,400,0,0.2931983039215944,-0.3936873586288401,0.3936873586288401,0.2931983039215944,0.881578947368421,1.618421052631579,2.3289473684210527,35.49569503404871,9.957239621112368,2.267876233635847,-2.3179575607163825,2.3884350530911593,-2.447367024886803,7.989648681181192,-0.383693709981091,4.079363312365491,1.0035867287889009,3168.9048595779973,53.77043422000979,42.75663307723197,45.14555518510587,36.63140241177947,25.148513477513017,27.99523975777013,19.120976008584652,22.33322701918533,13.17576515900866,15.981243261605364,8.901812970658112,11.099230402526958,-6.619999999999998,5.918424873524736e+16,55.60747565078371,25.948680079522667,14.645612040972004,452.4357093228408,40.11346083803686,17.075242264380485,0.0,0.0,21.61785715744265,0.0,19.63095031728948,13.09959991947412,0.0,16.860566757692155,71.41162860204189,125.28556729664489,95.62230105047855,34.4138727228933,28.34870000689984,56.35545454643341,0.0,39.57748728345021,0.0,47.74399544262242,89.35492982913772,154.55190808981374,0.0,39.198571728017,15.355672072464747,17.062158824050687,0.0,23.36282483962363,155.18389480919902,16.56804755932016,10.114318268765572,29.75093004769831,143.51199546349392,5.022633313741326,39.198571728017,0.0,216.26,27.657450554486473,33.53970722684774,0.0,46.87224088690651,51.943210197101166,73.34156507747183,12.13273413692322,59.03873386691903,96.489234668687,42.5152304207988,11.600939890232516,33.453500331251796,7.976939452662919,33.816110214480155,48.40572768708849,5.287357948262726,0.3672484159976327,35.15209072477394,4.366055304782979,5.9043541129250325,1.7983935855521112,0.3272727272727272,76,5,18,0,1,1,1,5,2,7,2,0,16,5,21,3,25,0,1,1,0,0,18.986060469632015,8,8.067300000000012,300.9164000000001,0,2,2,0,0,4,0,0,0,0,1,1,0,0,0,8,3,0,0,1,0,0,0,0,0,0,0,1,0,2,1,0,0,0,5,0,0,0,0,0,0,0,0,0,1,0,0,0,0,0,0,0,0,0,0,0,0,0,1,1,0,0,0,0,0,0,0,0,0,0,1,0,0,0,0,1,1,0,0,0,0,0,0,0,0,CHEMBL2063884,CN(C)CC[C@H](CSc1ccccc1)Nc1ccc(S(=O)(=O)Nc2ccc(-c3cn(-c4cccc(-c5c(-c6ccc(Cl)cc6)cn(CC[C@H](O)CO)c5C(=O)NCCCN5CCN(C)CC5)c4)nn3)cc2)cc1[N+](=O)[O-],1.4,0.146128035678238,CHEMBL4860,Apoptosis regulator Bcl-2,2,Large-Polar-Aromatic-Flexible-Hydrophobic,Large-Polar-Aromatic-Flexible-Hydrophobic
14.729345878779531,14.729345878779531,0.0051704047871239,-4.2635654772461695,0.107354692317864,12.732142857142858,770.9519999999995,724.5839999999997,770.313806192,288,0,0.264523130162712,-0.493599314557523,0.493599314557523,0.264523130162712,0.8392857142857143,1.5714285714285714,2.3214285714285716,32.23327427959583,9.91940246332007,2.29498318613275,-2.294999612262328,2.3580271598473375,-2.362789705655167,7.897120463116379,0.0735133693414653,3.5990840461314972,1.30341281378463,2493.0498695711917,39.235264793006586,31.701716782061748,32.51821336298947,27.19937162585408,19.216302294734756,20.69946554232915,14.087135937112768,15.76953817852228,10.276011838967772,11.604672317740684,7.226029211434299,8.23511532128751,-5.7799999999999985,4432975278489.023,38.49268844344162,16.929380904658554,8.098851386272024,327.3533313084892,14.743300079491233,5.749511833283905,0.0,0.0,21.837650612110593,0.0,9.589074368143644,17.82169478392621,5.098681808301038,0.0,87.35278832984937,101.67702594341752,29.77986728691614,35.184489668924094,27.850261701113336,32.610099041040186,0.0,19.402489338748783,0.0,70.41952598288057,13.151638370425491,142.83626918879392,0.0,22.56380109136146,9.458957818252138,0.0,5.749511833283905,0.0,53.17071668259483,36.0165727696851,0.0,82.76149721571383,114.0900907078268,0.0,27.586737687007147,0.0,130.82999999999998,22.537352847272007,23.113398747313287,0.0,21.92956618826327,49.358869000432534,59.15001251514656,29.828919765543436,23.09901093623531,65.34547361976128,24.635936332294943,9.835544762101089,36.989413672096056,0.0,30.23850986819774,17.23456963030838,5.5187339288046635,-0.4296005491122794,32.3722421789286,4.973530512929081,5.282832901760599,-4.2635654772461695,0.2666666666666666,56,2,10,0,1,1,2,5,1,6,0,0,8,2,11,2,14,0,0,0,0,0,11.636739012560207,7,8.023500000000007,217.4242999999993,0,1,1,0,0,2,0,0,0,0,2,2,0,0,0,3,1,0,0,0,0,0,0,0,0,0,0,2,0,0,0,0,0,0,5,0,2,0,0,0,0,1,0,0,0,0,0,0,0,0,0,0,0,0,0,0,0,0,0,0,0,0,0,0,0,0,0,0,0,0,0,0,0,0,0,0,1,0,0,0,0,0,0,2,0,CHEMBL2030854,CCCCOc1ccc(-n2nc(CO)c(-c3ccc(C(=O)NS(=O)(=O)c4ccc5ccccc5c4)cc3C(=O)N3CCc4ccccc4C3)c2CCCC)cc1,26.0,1.414973347970818,CHEMBL4625,Apoptosis regulator Bcl-X,2,Large-Polar-Aromatic-Flexible-Hydrophobic,Large-Polar-Aromatic-Flexible-Hydrophobic
13.710117213298233,13.710117213298233,0.1255823573101175,-4.189338003085465,0.0399013396026657,13.632352941176473,999.6819999999996,944.2419999999994,998.30443678,358,0,0.2931983039215945,-0.3758658713439442,0.3758658713439442,0.2931983039215945,0.8382352941176471,1.5,2.1176470588235294,35.495694994616464,9.956653184852314,2.293518134780226,-2.372612237881457,2.4116115132897904,-2.461017211775951,7.989705437550303,-0.3836935948222962,3.6143426073072007,1.0390062904719777,2981.637265374153,48.751772650951615,38.477725257622154,41.68314394642376,32.40003758567504,22.023266787992927,26.76140460630828,16.808652220361388,21.769358430145815,11.681742716030016,15.043407036474614,8.350151092243637,10.986400717755044,-6.049999999999998,593070648880429.9,49.8436466399297,21.49509843460871,12.149147388434246,407.2958200409013,24.583617444349116,5.687386274683562,0.0,10.023291153407584,21.61785715744265,0.0,19.63095031728948,21.557688833109964,0.0,11.761884949391115,54.06550936946379,124.83170419850757,88.82249863377449,27.331943194392306,26.55344220154737,77.75351824920811,0.0,14.18910424309392,0.0,42.64586020840335,78.66645171533483,147.7216724382846,0.0,22.384282469939446,24.56079779461146,28.43693137341781,0.0,23.36282483962363,102.00268373979227,26.591338712727744,17.038055468456196,29.39647549323391,131.1183083202678,5.022633313741326,22.384282469939446,0.0,179.23,30.877073084984342,31.74444942149527,0.0,27.875548345729857,66.86485633420602,51.957979661012935,12.13273413692322,36.027353223237554,116.27259963337843,24.56079779461146,11.600939890232516,58.60073454353777,7.907713366533223,32.81027877317085,16.191928900379207,5.925784671625371,-0.056462838086348,35.96638488358122,1.6739633011171835,7.700864965347307,-4.1100794560946685,0.2857142857142857,68,3,15,0,1,1,1,5,1,6,1,0,13,3,19,2,19,0,1,1,0,0,15.755795453899156,7,9.053320000000005,275.5555999999998,0,0,0,0,0,1,0,0,0,0,1,1,0,0,0,5,3,0,0,0,0,0,0,0,0,0,0,1,0,4,0,0,0,0,5,0,0,0,0,0,0,0,0,0,1,0,0,0,0,0,0,0,0,0,0,0,0,0,1,1,0,0,0,0,0,0,0,0,0,0,1,0,0,0,0,1,2,0,0,0,0,0,0,0,0,CHEMBL2325763,CCn1c(C)c(C(=O)NS(C)(=O)=O)c(-c2cccc(N3CCN(c4ccc(NS(=O)(=O)c5ccc(N[C@H](CCN(C)C)CSc6ccccc6)c([N+](=O)[O-])c5)cc4)CC3)c2)c1-c1ccc(Cl)cc1,1.8,0.255272505103306,CHEMBL4860,Apoptosis regulator Bcl-2,2,Large-Polar-Aromatic-Flexible-Hydrophobic,Large-Polar-Aromatic-Flexible-Hydrophobic
13.29182493386792,13.29182493386792,0.1359387316171199,-4.415870023237469,0.0751043897169626,14.941176470588236,731.941,686.5809999999999,731.2811261600001,270,0,0.2931983166921879,-0.3777517654827805,0.3777517654827805,0.2931983166921879,0.9803921568627452,1.6274509803921569,2.235294117647059,32.23329991301958,9.845509249758576,2.3472317103866387,-2.4169059335622554,2.3286787183831303,-2.4667332817712206,7.989594628419861,-0.3836942375598568,3.133504889918565,1.2241045649063471,1868.2309564221816,36.434299884685366,29.156786205116425,30.78977936697187,24.465095938234175,16.85650350047222,19.325265307720095,13.01139126542668,15.787206495555369,9.153492015844837,11.65668694865583,6.153258578020218,8.140227417053445,-4.429999999999998,160327481316.62192,37.81624368221651,17.18897779640908,10.316864344484678,304.13736486316577,19.853471019507335,5.687386274683562,0.0,0.0,21.61785715744265,0.0,14.908855452837392,13.139891848781026,0.0,11.761884949391115,48.53093654769288,93.99695327943488,60.62751472228338,15.419845335319136,22.872508171018477,44.75451465620089,0.0,9.622004595302563,0.0,47.11714508287125,56.80896266597323,124.36946141600698,0.0,0.0,14.938793199308895,17.062158824050687,0.0,11.761884949391115,82.38335346459665,21.180975730133643,10.114318268765572,35.18390503624384,112.91920711488298,0.0,0.0,0.0,134.12,26.54116820626032,23.32665243716633,0.0,27.789212882029982,12.1736752296728,55.545970905178706,17.696185628620217,43.13715076451509,67.52619024389774,27.071527336232116,4.736862953800049,34.66889645659467,1.6334554023007992,29.56572571678895,15.396255604562873,1.879386446038642,-0.1832141775175743,30.437435048167,3.2119361177548993,2.292233551665041,1.2645565003113686,0.3421052631578947,51,2,11,0,1,1,1,4,0,4,1,0,10,2,13,1,16,0,1,1,0,0,12.745540647004214,5,6.466100000000007,203.27109999999945,0,0,0,0,0,0,0,0,0,0,1,1,0,0,0,3,2,0,0,0,0,0,0,0,0,0,0,1,0,2,0,0,0,0,4,0,0,0,0,0,0,1,0,0,0,0,0,0,0,0,0,0,0,0,0,1,0,0,1,1,0,0,0,0,0,0,0,0,0,1,0,0,0,0,0,1,1,0,0,0,0,0,0,0,0,CHEMBL373712,COC1(Cc2ccccc2)CCN(c2ccc(C(=O)NS(=O)(=O)c3ccc(N[C@H](CCN(C)C)CSc4ccccc4)c([N+](=O)[O-])c3)cc2)CC1,150.0,2.1760912590556813,CHEMBL4625,Apoptosis regulator Bcl-X,2,Large-Polar-Aromatic-Flexible-Hydrophobic,Large-Polar-Aromatic-Flexible-Hydrophobic
13.70285936742226,13.70285936742226,0.0563287690343969,-0.6255860965563385,0.0967167777232236,14.115384615384617,696.7560000000003,660.4680000000002,696.2471661120001,262,0,0.2555634047082296,-0.5066387768713435,0.5066387768713435,0.2555634047082296,0.5,0.8269230769230769,1.1538461538461535,16.30942606277735,9.86882203850322,2.3073011087590025,-2.2085345175980553,2.5065210299498135,-2.350627998953226,6.1584323850569955,0.0927813829295708,3.708299944678623,1.195308294832221,2299.343263096726,36.584328521908866,28.411109047328427,28.411109047328427,24.904794996362305,17.088547685519664,17.088547685519664,13.957671737438998,13.957671737438998,10.61077418833205,10.61077418833205,8.185945221299516,8.185945221299516,-6.419999999999998,560879828165.24,32.7652348812677,12.12019988844506,5.173710912987232,297.7919447185469,41.27274157705689,11.49902366656781,22.99804733313562,0.0,11.814359458703011,0.0,9.589074368143644,0.0,0.0,0.0,48.53093654769288,97.17693811511371,44.75548149954909,11.126902983393991,40.22823873718787,33.359256316562195,0.0,10.633577208012662,0.0,51.61444254938121,0.0,117.30401675511531,0.0,45.62397398309742,10.633577208012662,0.0,34.49707099970343,0.0,54.53720548604315,25.68328649170404,13.847474399381248,54.09668630171961,72.79640482153933,0.0,32.671799841253176,0.0,179.57999999999998,34.81240679183863,40.22823873718787,0.0,67.3814081495109,36.81018947509803,34.386540103711205,0.0,25.980208536304467,48.53093654769288,10.633577208012662,0.0,0.0,0.0,27.40571873484452,73.46371913928998,5.302202824015264,-4.444640751913457,20.82184797219066,2.444104341590453,3.3403810733159163,0.0,0.1904761904761904,52,8,10,2,0,2,2,6,0,6,0,0,8,8,10,0,5,0,0,0,0,0,7.636946079861867,8,6.304840000000009,196.56119999999976,0,0,0,0,0,0,0,6,0,0,2,2,0,0,0,0,2,0,0,0,0,0,0,0,0,0,0,2,0,0,2,0,0,0,6,0,4,0,0,0,0,0,0,0,0,0,0,0,0,0,0,0,0,0,0,0,0,0,0,0,0,0,0,0,0,6,6,0,0,0,0,0,0,0,0,0,0,0,0,0,0,0,0,0,0,CHEMBL541427,Cc1cc2c(C(=O)NC3Cc4ccccc4C3)c(O)c(O)cc2c(O)c1-c1c(C)cc2c(C(=O)NC3Cc4ccccc4C3)c(O)c(O)cc2c1O,350.0,2.5440680443502757,CHEMBL4361,Induced myeloid leukemia cell differentiation protein Mcl-1,2,Large-Polar-Aromatic-Rigid-Hydrophobic,Large-Polar-Aromatic-Rigid-Hydrophobic
14.153701396971702,14.153701396971702,0.1131066569225078,-4.169231631324353,0.0455398801113625,15.264705882352942,977.6539999999997,920.1979999999994,976.353101224,356,0,0.2931983039215945,-0.3864737521226265,0.3864737521226265,0.2931983039215945,0.8823529411764706,1.5441176470588236,2.176470588235294,35.49569460352623,9.919971383145414,2.415842795118624,-2.438602691503646,2.418346699674625,-2.6131784698060803,7.989643931995806,-0.3836935267312026,3.580344993423856,0.9394706588490884,2879.333811144041,48.329122920141245,38.85451435841703,41.24343646629092,32.45716779760472,22.53821597598056,25.384942256237657,18.078214778149373,21.29046578875005,12.588147455462646,15.393625558059345,8.900366807331608,11.097784239200442,-6.039999999999998,691782637301107.1,48.41799710380542,20.278492432271506,10.95141413704108,407.2633024625415,34.5900545700403,5.687386274683562,0.0,0.0,21.61785715744265,0.0,19.63095031728948,8.417796984328938,0.0,11.761884949391115,54.06550936946379,124.83170419850757,89.32541421053911,39.76673763368974,23.242172612059136,67.73022709580053,0.0,14.366919109492308,7.04767198267719,41.70215461347446,85.50019534364857,147.7216724382846,0.0,22.384282469939446,19.83870293015937,28.43693137341781,0.0,23.36282483962363,116.02611832045196,17.070963136084774,17.038055468456196,29.39647549323391,131.1183083202678,5.022633313741326,22.384282469939446,0.0,156.53,20.547653013208944,28.43317983200704,0.0,41.30878939520952,35.11583749869382,76.46992439879814,12.13273413692322,35.71826601685544,106.92952503772317,41.43844644572442,11.600939890232516,31.965559969015253,7.951795964976503,35.12741768753892,26.772029835249487,6.361922186017335,0.5487647377856004,36.87849358767398,0.7263359166279874,7.859049220604116,1.7530753389552651,0.3137254901960784,68,3,14,0,2,2,1,5,1,6,1,0,12,3,17,3,17,0,2,2,0,0,14.438882174342083,8,9.087820000000004,275.0798999999998,0,1,0,0,0,1,0,0,0,0,1,1,0,1,0,6,2,0,0,0,1,0,0,0,0,0,0,1,0,4,0,0,0,0,5,0,0,0,0,0,0,0,0,0,1,0,0,0,0,0,0,0,0,0,0,0,0,0,1,1,0,0,0,0,0,0,0,0,0,0,1,0,0,0,0,1,1,0,0,0,0,0,0,0,0,CHEMBL2325765,Cc1c(C(=O)N2CC(C)(O)C2)c(-c2cccc(N3CCN(c4ccc(NS(=O)(=O)c5ccc(N[C@H](CCN(C)C)CSc6ccccc6)c([N+](=O)[O-])c5)cc4)CC3)c2)c(-c2ccc(Cl)cc2)n1C,5.6,0.7481880270062004,CHEMBL4860,Apoptosis regulator Bcl-2,2,Large-Polar-Aromatic-Flexible-Hydrophobic,Large-Polar-Aromatic-Flexible-Hydrophobic
13.97356912291627,13.97356912291627,0.0027612116101924,-4.609164107867169,0.2320308762449272,12.61904761904762,601.5990000000002,575.3910000000001,601.138207832,220,0,0.415909877682984,-0.4798953607126784,0.4798953607126784,0.415909877682984,0.8809523809523809,1.4523809523809523,1.9761904761904765,32.233429666695564,10.051539484238686,2.331285265127956,-2.267366401642561,2.3898777795091544,-2.3632837136630314,7.925891034720624,-0.1450056167373754,2.8867190345107585,1.8372724643152791,1762.4214432775293,30.98239870526642,22.637684228962424,23.45418080989015,19.606116602200295,12.517106504192904,13.957169832993548,9.717565265650414,11.516719311352798,6.571243557749943,8.637173667876745,4.916985777564798,6.767545248188918,-4.579999999999998,874479662.9374222,30.380229319018195,11.360163443123842,6.030175027178161,239.18906568391668,14.94991774348146,12.29426823919648,0.0,6.103966387748303,10.023291153407584,18.114909093347173,9.099753175368054,13.212334168400758,13.17124514302446,0.0,54.09438803938988,56.1635828563123,16.335899920626588,16.14632124189833,46.1280342389785,38.42173643292443,0.0,0.0,0.0,37.946959979781425,10.84997239720881,100.61366228002431,0.0,5.749511833283905,9.042078945096282,18.858631417708025,5.749511833283905,0.0,37.11421875582662,25.7886640389947,20.771211599071872,33.92122384623328,77.6918882970571,0.0,10.772448428929591,0.0,121.21000000000002,46.35037453211263,41.39117128517845,0.0,32.668281504111825,11.126902983393991,34.13413575683967,24.26546827384644,38.112942673227685,6.923737199690624,0.0,4.736862953800049,73.51199356990837,0.0,23.94433471882152,20.018747875046145,0.7193140657198962,-2.8759420704372447,15.737926171681178,-6.3052264593068,4.150434011673712,-4.401581883106762,0.2,42,2,8,0,0,0,0,4,0,4,1,0,5,2,12,0,9,0,0,0,0,1,8.217246916753087,4,6.2684600000000055,149.2173999999998,2,0,0,0,0,0,0,0,2,2,2,0,0,0,0,1,0,0,0,0,0,0,0,0,0,3,0,0,0,1,3,0,0,0,4,0,1,0,0,0,0,1,0,0,3,0,0,0,0,0,0,0,0,0,0,0,0,0,0,0,0,0,0,0,0,0,0,0,0,0,0,0,0,0,0,0,1,0,0,0,0,0,0,0,0,CHEMBL4743402,Cc1cc(C)c(S(=O)(=O)N(CC(=O)O)c2ccc(OC(C(=O)O)c3ccc(C(F)(F)F)cc3)c3ccccc23)c(C)c1,1190.0,3.0755469613925306,CHEMBL3038498,Keap1/Nrf2,2,Large-Polar-Aromatic-Flexible-Hydrophobic,Large-Polar-Aromatic-Flexible-Hydrophobic
11.700112804881856,11.700112804881856,0.1376736436873866,-0.3392819511553726,0.1052212800949385,11.409090909090908,586.6840000000004,552.4120000000004,586.235538808,222,0,0.1608332134467987,-0.5066390093373053,0.5066390093373053,0.1608332134467987,0.4090909090909091,0.7727272727272727,1.1363636363636365,16.308130868630847,9.860582358832644,2.245446705242834,-2.2036127910154,2.5067912266506545,-1.980625653525343,6.054171542790246,0.3999940894656859,3.013886680698662,1.4973655097082494,1883.1959164736704,31.120226906771116,24.594612466400697,24.594612466400697,21.150774800938812,14.636622630677392,14.636622630677392,11.441288124938708,11.441288124938708,8.606836517301678,8.606836517301678,6.362179510807883,6.362179510807883,-5.3599999999999985,7634131610.463696,28.74530118518232,11.3786455182313,4.983299773036271,254.9210700007152,30.63916436904423,11.49902366656781,22.99804733313562,0.0,0.0,0.0,0.0,0.0,0.0,0.0,72.79640482153933,84.68974942372608,33.02625439571757,0.0,30.63916436904423,21.544896857859182,0.0,0.0,0.0,39.53076089108529,0.0,118.30984790864456,0.0,45.62397398309742,0.0,0.0,34.49707099970343,0.0,30.63916436904423,25.68328649170404,13.847474399381248,33.380708950181976,84.92913895846256,0.0,32.671799841253176,0.0,121.38,0.0,30.63916436904423,0.0,34.49707099970343,80.6088922997452,11.126902983393991,12.13273413692322,0.0,86.6438792209206,0.0,0.0,0.0,0.0,0.0,68.27918777848517,5.286685870459339,-1.392746259857894,26.05342632538617,2.130522202568868,3.6429240829583542,0.0,0.1578947368421052,44,6,6,0,0,0,0,6,0,6,0,0,6,6,6,0,7,0,0,0,0,0,7.433695284113266,6,8.080840000000004,174.0527999999997,0,0,0,0,0,0,0,6,0,0,0,0,0,0,0,0,0,0,0,0,0,0,0,0,0,0,0,0,0,0,6,0,0,0,6,0,2,0,0,0,0,0,0,0,0,0,0,0,0,0,0,0,0,0,0,0,0,0,0,0,0,0,0,0,0,6,6,0,0,0,0,0,0,0,0,0,0,0,0,0,0,0,0,0,0,CHEMBL552735,Cc1cc2c(CCc3ccccc3)c(O)c(O)cc2c(O)c1-c1c(C)cc2c(CCc3ccccc3)c(O)c(O)cc2c1O,410.0,2.6127838567197355,CHEMBL4625,Apoptosis regulator Bcl-X,2,Large-Polar-Aromatic-Flexible-Hydrophobic,Large-Polar-Aromatic-Flexible-Hydrophobic
13.805391711519611,13.805391711519611,0.1944262852447373,-4.539953914090974,0.2001140408976987,11.333333333333334,656.6910000000003,628.467,656.1134517159999,236,0,0.3238809392121224,-0.4967671120136989,0.4967671120136989,0.3238809392121224,0.6222222222222222,1.0888888888888888,1.5555555555555556,32.23486304914871,10.211911903585667,2.323940064296522,-2.274572461486005,2.3952698404508665,-2.36778191627128,7.928066318157671,-0.1357542556139091,3.0260155193515166,1.908763931225108,1880.8424558044771,32.777445635193,23.93140344650944,25.56439660836489,21.35977756771584,13.006746169667483,15.886872827268764,9.229037946167624,12.953658498226742,6.32367936147079,9.88571403831738,4.171471636064595,7.002157124989539,-5.2799999999999985,5727337733.65918,32.63002819509321,13.568354520266594,7.448730377622128,259.08570494230577,24.42364365108156,30.338048311676864,5.749511833283905,0.0,20.046582306815168,11.938610575903695,18.199506350736108,16.835593968657875,0.0,0.0,18.19910120538483,72.79640482153933,6.06636706846161,35.38533458295774,50.848311987883065,43.359965432085986,0.0,0.0,0.0,9.79096695103555,35.919539876972685,97.0618730953858,0.0,22.99804733313562,22.821020843992613,11.374772549367124,22.99804733313562,0.0,66.29636722862318,29.63565667495881,0.0,0.0,106.85284004642136,0.0,0.0,0.0,177.04999999999998,45.074705694544015,36.637723126482925,0.0,32.66476316697048,20.109455649160275,18.19910120538483,62.75053163024794,30.33183534230805,0.0,0.0,14.210588861400147,72.32946439008944,0.0,23.284193272517864,19.33672088205128,-0.4463322568084473,-2.285307940673196,22.034430472462823,0.0,-2.024484879907824,-6.228683939731949,0.1333333333333333,45,2,13,0,0,0,0,4,0,4,0,0,9,2,15,0,14,0,0,0,0,0,9.838573123495989,4,4.055900000000003,163.28119999999964,2,0,0,0,0,0,0,0,2,2,2,0,0,0,0,2,0,0,0,0,0,0,0,0,0,0,0,0,0,2,0,0,0,0,4,0,0,0,0,0,0,3,0,0,0,0,0,0,0,0,0,0,0,0,0,2,0,0,0,0,0,0,0,0,1,0,0,0,0,0,0,0,0,0,0,0,2,0,0,0,0,0,0,0,0,CHEMBL5173969,COc1ccc(S(=O)(=O)N(CC(=O)O)c2ccc(N(CC(=O)O)S(=O)(=O)c3ccc(OC)cc3)c(Oc3ccccc3)c2)cc1,1500.0,3.1760912590556813,CHEMBL3038498,Keap1/Nrf2,2,Large-Polar-Aromatic-Flexible-Hydrophobic,Large-Polar-Aromatic-Flexible-Hydrophobic
14.230488405664666,14.230488405664666,0.0974841413199747,-4.4835973771736946,0.0271729958859778,14.973333333333333,1075.8029999999997,1008.2669999999991,1074.437499544,396,0,0.2931983166921879,-0.3758658713437935,0.3758658713437935,0.2931983166921879,0.7866666666666666,1.4666666666666666,2.1333333333333333,35.49569497095126,9.95474283912938,2.2868451087028214,-2.372476318945746,2.4051296434546434,-2.4613286711431965,7.989619743809906,-0.3836948482570264,3.676428393677121,0.9108258412445956,3051.143958738092,53.226464145639774,43.29829655481362,45.687218662687506,36.037754716652856,25.33747002866972,28.184196308926825,19.503553627141123,22.7158046377418,14.020761767384569,16.775933015535056,9.612349187163986,11.72530618386695,-6.409999999999998,2.8921847825581052e+16,54.839944306359854,24.955060228594615,13.90852875741128,449.76499723618366,39.7002255100564,5.687386274683562,0.0,0.0,27.525036886794155,0.0,19.703392636909214,13.139891848781026,0.0,11.761884949391115,54.06550936946379,137.9212170103327,121.9252614571154,21.0761740108809,22.93018240129025,67.95002055046847,0.0,29.30571230880121,7.04767198267719,35.598188225726155,114.00479808552396,153.28512392998158,0.0,22.384282469939446,25.155491534165705,22.74954509873425,0.0,23.36282483962363,149.35232718115705,17.070963136084774,17.038055468456196,39.25154859223811,131.1183083202678,5.022633313741326,22.384282469939446,0.0,168.64,31.436651681778095,28.121189621238152,0.0,23.199858324880022,55.48354206467399,96.1041936165359,12.13273413692322,36.027353223237554,93.63033356318878,64.76918383172003,11.600939890232516,31.32226997061065,7.972127004745274,51.388373859242215,19.48461420765281,7.0203088367864455,-0.3271856465113625,36.169014268845864,1.5549870580821672,11.194409293472308,3.5821922581847434,0.3571428571428571,75,3,16,0,2,2,2,5,1,6,1,0,14,3,19,3,21,0,2,2,0,0,18.247121507973127,8,8.566220000000007,303.2833000000002,0,0,0,0,0,1,0,0,0,0,2,2,0,0,0,7,3,0,0,1,0,0,0,0,0,0,0,2,0,3,0,0,0,0,5,0,0,0,0,0,0,0,0,0,1,0,0,0,0,0,0,0,0,0,0,0,0,0,1,1,0,0,0,0,0,0,0,0,0,0,2,0,0,0,0,1,1,0,0,0,0,0,0,0,0,CHEMBL2159734,Cc1c(C(=O)NCCCN2CCN(C)CC2)c(-c2cccc(N3CCN(c4ccc(C(=O)NS(=O)(=O)c5ccc(N[C@H](CCN(C)C)CSc6ccccc6)c([N+](=O)[O-])c5)cc4)CC3)c2)c(-c2ccc(Cl)cc2)n1C,5.0,0.6989700043360189,CHEMBL4625,Apoptosis regulator Bcl-X,2,Large-Polar-Aromatic-Flexible-Hydrophobic,Large-Polar-Aromatic-Flexible-Hydrophobic
13.923075985719038,13.923075985719038,0.0761397731090187,-4.525999414923183,0.2013913742134251,11.636363636363637,772.4460000000001,748.254,769.9239111679999,232,0,0.3238784144922845,-0.4967250631717372,0.4967250631717372,0.3238784144922845,0.6590909090909091,1.0227272727272727,1.318181818181818,79.91976235045257,10.064894874048209,2.335977915272882,-2.281554382467499,2.401838639184087,-2.370458422987765,9.104649865252863,-0.1357493134715267,2.9716913114612447,1.9604731107881628,1843.988759787409,32.39661226763952,22.969683025305528,27.774669265390383,20.714818277572967,12.39911208302322,16.865235279739203,9.052941058534296,14.423079178615287,6.3873478058059705,11.860185325098051,4.420078054090281,9.325699528506284,-3.859999999999999,2724503252.6142135,33.04142196413269,13.015289050203592,6.474845054526281,269.33182524975274,19.68678069728151,34.37950342942851,0.0,0.0,20.046582306815168,11.938610575903695,18.199506350736108,16.835593968657875,0.0,0.0,24.26546827384644,80.39082434359159,19.71788746059442,25.59436763192219,46.111449034083016,85.99230165691426,0.0,0.0,0.0,9.79096695103555,35.919539876972685,81.74184385320416,0.0,11.49902366656781,18.084157890192564,11.374772549367124,11.49902366656781,31.859887795898697,66.29636722862318,29.63565667495881,0.0,0.0,91.53281080423972,0.0,10.772448428929591,0.0,167.82,45.074705694544015,36.637723126482925,0.0,40.88362696099709,20.109455649160275,0.0,74.88326576717118,12.13273413692322,0.0,31.859887795898697,9.473725907600098,67.57404495833235,6.438098266526376,23.395007204203225,19.72948251731156,-0.1522795462180377,-2.186213949249521,16.722842780614766,0.0,-1.9442909726846964,-6.243357925502671,0.1428571428571428,44,2,12,0,0,0,0,4,0,4,0,0,8,2,16,0,12,0,0,0,0,0,9.773719488475743,4,4.941800000000003,169.67119999999971,2,0,0,0,0,0,0,0,2,2,2,0,0,0,0,2,0,0,0,0,0,0,0,0,0,0,0,0,0,2,0,0,0,0,4,0,1,0,0,0,0,2,0,0,2,0,0,0,0,0,0,0,0,0,0,2,0,0,0,0,0,0,0,0,0,0,0,0,0,0,0,0,0,0,0,0,2,0,0,0,0,0,0,0,0,CHEMBL4857990,COc1ccc(S(=O)(=O)N(CC(=O)O)c2ccc(N(CC(=O)O)S(=O)(=O)c3ccc(OC)cc3Br)c3ccccc23)c(Br)c1,184.0,2.2648178230095364,CHEMBL3038498,Keap1/Nrf2,2,Large-Polar-Aromatic-Flexible-Hydrophobic,Large-Polar-Aromatic-Flexible-Hydrophobic
13.828485689851686,13.828485689851686,0.0495160240659886,-4.641224083734731,0.1454052371344393,12.291666666666666,740.8160000000003,712.5920000000001,740.058656336,256,0,0.3238784087861699,-0.4798953607205573,0.4798953607205573,0.3238784087861699,0.5416666666666666,0.8541666666666666,1.125,32.23754773999839,10.064894536310453,2.3212109768669555,-2.2778395658108272,2.383324120681863,-2.3686284252348573,7.9313394243175885,-0.1357492310408772,2.9685229490192446,1.8645784247521835,2163.551441510976,35.65612529163335,25.001447779521776,28.267434103232684,22.1863442913405,13.354480943347324,20.017430677065096,10.257446300291312,17.47897725071792,6.464282819073346,11.225181478086744,4.619699481329144,8.614282712230207,-4.919999999999999,10278873203.253485,35.92544994212963,13.296566919188514,8.316209930418795,275.9909157315025,10.213054789681411,13.08951281182515,0.0,20.046582306815168,20.046582306815168,11.938610575903695,27.64369607964029,33.67118793731575,0.0,0.0,24.26546827384644,60.6636706846161,22.147220978296716,33.67727786742548,53.473317095140786,85.55376871719785,0.0,0.0,0.0,9.79096695103555,43.65567289034461,84.92913895846256,0.0,0.0,18.054621711496644,22.74954509873425,0.0,0.0,81.4239044817488,49.68223898177398,0.0,0.0,94.72010590949812,0.0,10.772448428929591,0.0,241.69999999999996,65.12128800135918,53.473317095140786,0.0,43.31296047869939,8.610431982592466,48.909740777792464,48.53093654769288,0.0,0.0,9.444189728904176,0.0,107.07345298492078,0.0,23.061681594729095,19.463717076144498,-0.2573504739405092,-3.072246210863181,17.035266196771566,1.803617536558595,-2.138853214282263,-16.63595215670522,0.1428571428571428,48,4,16,0,0,0,0,4,0,4,0,0,10,4,20,0,14,0,0,0,0,0,9.951773942864245,4,2.1426000000000007,178.10019999999972,2,0,0,0,0,0,0,0,2,2,2,0,0,0,0,2,2,0,0,0,0,0,0,0,0,0,0,0,0,4,0,0,0,0,4,0,1,0,0,0,0,0,0,0,0,0,0,0,0,0,0,0,0,0,0,0,0,0,0,0,0,0,0,0,0,0,0,0,0,0,0,0,0,0,0,0,4,0,0,0,0,0,0,0,0,CHEMBL4872820,CS(=O)(=O)Nc1ccc(S(=O)(=O)N(CC(=O)O)c2ccc(N(CC(=O)O)S(=O)(=O)c3ccc(NS(C)(=O)=O)cc3)c3ccccc23)cc1,194.0,2.287801729930226,CHEMBL3038498,Keap1/Nrf2,2,Large-Polar-Aromatic-Flexible-Hydrophilic,Other
14.360204174980456,14.360204174980456,0.0236414584737441,-4.215433445457915,0.1293053478024623,12.82,801.7509999999996,761.4309999999996,801.1845737599998,258,0,0.2645231451938549,-0.3408140098779679,0.3408140098779679,0.2645231451938549,0.88,1.62,2.38,126.91270465568684,9.962052318684895,2.2692696005799338,-2.2943974202504394,2.2901466973335083,-2.3628906904223026,14.111921833856451,0.073514081893,3.1331155450331347,1.3553981441873078,2148.3982341772603,35.252137129881156,28.232275375851692,31.206270247955736,24.161366823393298,17.01473678914525,19.5766491823278,12.529719062165542,15.45775352276186,9.005972747726078,11.005624329825082,6.18845239259776,7.71282557837871,-4.3599999999999985,152461344883.26495,35.46554300217875,15.6771137713279,7.991930458280883,306.87725030250493,9.799819461700954,0.0,0.0,5.948339280986494,21.837650612110593,0.0,9.589074368143644,23.10784889067544,0.0,0.0,69.15368712446454,106.21725638740097,52.63640594141975,10.589411470366237,18.00687135247258,61.14930894909474,0.0,19.589961637196986,0.0,57.39182239544164,24.5341789485882,116.94997076792905,0.0,11.257379486545457,9.622004595302563,5.948339280986494,0.0,22.590870627068057,54.734292433514554,22.98886918224617,3.5701822710653963,71.3736412260169,96.02146600559342,0.0,22.02982791547505,0.0,112.57,15.930470882759089,18.00687135247258,0.0,21.92956618826327,36.71605320228311,58.678881495221184,17.696185628620217,41.4285886447716,36.39820241076966,57.11069521116069,4.983978520947208,30.063066371914328,2.173848142944939,41.40946112498301,1.6400346419727925,3.706563131041378,-0.4964602354357892,25.039718741885505,6.4979126589900025,6.884622200495096,-4.215433445457915,0.282051282051282,50,1,9,0,1,1,2,4,1,5,0,0,7,1,11,2,12,0,0,0,0,0,11.119947052141566,6,7.625200000000009,205.7004999999995,0,0,0,0,0,2,0,0,0,0,2,2,0,0,0,4,1,0,0,0,0,0,0,0,0,0,0,2,0,1,0,0,0,0,4,0,2,0,0,0,0,0,0,0,1,0,0,0,0,0,0,0,0,0,0,0,0,0,0,0,0,0,0,0,0,0,0,0,0,0,0,0,0,0,0,0,1,0,0,0,0,0,0,2,0,CHEMBL2031001,CCCCN(CCCC)c1nccc(-c2ccc(C(=O)NS(=O)(=O)c3ccc4ccc(I)cc4c3)cc2C(=O)N2CCc3ccccc3C2)n1,140.0,2.146128035678238,CHEMBL4860,Apoptosis regulator Bcl-2,2,Large-Polar-Aromatic-Flexible-Hydrophobic,Large-Polar-Aromatic-Flexible-Hydrophobic
14.594762467575986,14.594762467575986,0.0569248322635222,-4.39290977951197,0.1103509682405555,14.459016393442624,869.4849999999994,816.0609999999997,868.3384967159999,322,0,0.2754385161714284,-0.4916095923588723,0.4916095923588723,0.2754385161714284,0.9016393442622952,1.639344262295082,2.377049180327869,35.495694430740095,9.983358174718708,2.3000301019602385,-2.2937260683053258,2.308178549670734,-2.382210323369455,7.897132639518184,0.0323124008884463,3.5768722222979688,1.1893045818527068,2511.3022798725565,43.09707211257237,34.99217399148326,36.56459951842944,29.48273402843921,21.06346948791246,22.924597208516076,15.512645416517817,17.57301213093655,11.35116784789072,13.132332532366256,7.755181121582949,8.953835572356285,-5.279999999999998,39586718705898.914,43.797714714372894,19.61731505298398,9.936125521068035,362.14876789431526,19.273545369301058,12.356393797796825,5.693927994848461,0.0,27.744830341462094,0.0,19.28352128306594,17.82169478392621,5.098681808301038,0.0,80.75462701469705,79.0975316770971,56.76297054754981,40.076646479513954,32.2751344441445,50.11821866062421,0.0,29.202308800449742,0.0,64.31555959513227,59.089184329014195,117.5270671602272,0.0,11.436898107967467,9.458957818252138,0.0,5.749511833283905,11.600939890232516,109.70873443739534,27.72573213604622,6.923737199690624,87.55603439978566,83.75825536551872,5.022633313741326,16.459834703613154,0.0,143.38000000000002,15.930470882759089,22.8014085365444,0.0,38.55330722620456,81.48229986330837,55.28592650138797,28.947271208991623,34.922657866776404,36.39820241076966,23.469478994683815,26.173347606133653,42.97896795496218,6.852594041208882,48.03379460101437,6.233401443124914,3.0166477574646287,-1.074106679832504,22.404130371527295,4.126997207534778,11.8482608602852,-4.39290977951197,0.391304347826087,61,1,13,0,2,2,3,4,1,5,0,0,10,1,15,3,16,0,1,1,0,0,14.085140461517463,7,7.057920000000008,235.27099999999925,0,0,0,0,0,2,0,0,0,0,3,3,0,0,0,5,1,0,0,0,0,0,0,0,0,0,0,3,0,0,0,0,0,0,4,0,2,0,0,0,0,2,0,0,1,0,0,0,0,0,0,0,0,0,0,0,1,0,0,0,0,0,0,0,0,0,0,0,0,0,0,0,0,0,0,0,1,0,0,0,0,0,0,2,0,CHEMBL2031014,CCCCN(CCCC)C(=O)c1nn(-c2ccc(C(=O)NS(=O)(=O)c3ccc4cccc(OCCN5CCOCC5)c4c3)cc2C(=O)N2CCc3ccccc3C2)c(C)c1Cl,40.0,1.6020599913279625,CHEMBL4625,Apoptosis regulator Bcl-X,2,Large-Polar-Aromatic-Flexible-Hydrophobic,Large-Polar-Aromatic-Flexible-Hydrophobic
13.796953441039737,13.796953441039737,0.1153314040390158,-4.99368692632552,0.2542634384222249,12.116279069767442,639.6300000000002,615.438,639.095691388,228,0,0.4066395499536808,-0.4967671120137213,0.4967671120137213,0.4066395499536808,0.7906976744186046,1.255813953488372,1.697674418604651,32.23486299107191,10.115610176103054,2.388858471624458,-2.282422820097634,2.379452726512803,-2.394860808828109,7.928072575774279,-0.1347898365439278,2.974678563854969,1.936202233946788,1849.6587697221228,31.57877502244373,22.516749477040516,24.14974263889597,20.18405563427721,12.186827262781584,15.066953920382865,8.895964620221665,12.62058517228078,6.154591466176151,9.678744383355154,4.169198176230937,7.012541887988515,-4.569999999999999,1729725895.8509338,31.367519171165934,11.96635566697434,6.591261669460808,244.3572283759555,14.580253302440804,24.58853647839296,5.817862777835028,0.0,20.046582306815168,12.145603805395323,9.099753175368054,26.124788480901316,13.17124514302446,0.0,24.26546827384644,48.53093654769288,10.772448428929591,35.89479187988725,49.381629598194955,48.293585076215194,0.0,4.983978520947208,0.0,15.967265468479024,35.919539876972685,78.99324839315241,0.0,11.49902366656781,18.084157890192564,24.67649419554305,11.49902366656781,0.0,66.38081158422132,24.84111949088699,0.0,0.0,88.78421534418797,0.0,10.772448428929591,0.0,143.41,61.68243145207201,39.90790369059485,0.0,25.722659729027505,10.054727824580135,18.329577708536295,74.88326576717117,0.0,0.0,4.983978520947208,9.473725907600098,106.4426896893052,0.0,15.038101023110858,9.329105179584005,-0.5096171393641631,-1.3814189093898424,15.166992074863211,-4.22694887307953,-3.0312635605158698,-6.74430615118054,0.1851851851851851,43,1,11,0,0,0,0,3,1,4,0,0,8,1,16,1,11,0,0,0,0,0,8.729183506809482,4,4.289500000000003,150.48539999999971,1,0,0,0,0,1,0,0,1,1,1,0,0,0,0,3,0,0,0,0,0,0,0,0,0,3,0,0,0,2,0,0,0,0,3,0,1,0,0,0,0,2,0,0,3,0,0,0,0,0,0,0,0,0,0,2,0,0,0,0,0,0,0,0,0,0,0,0,0,0,0,0,0,1,0,0,2,0,0,0,0,0,0,0,0,CHEMBL4646536,COc1ccc(S(=O)(=O)N(CC(F)(F)F)c2cnc(N(CC(=O)O)S(=O)(=O)c3ccc(OC)cc3)c3ccccc23)cc1,73.0,1.863322860120456,CHEMBL3038498,Keap1/Nrf2,2,Large-Polar-Aromatic-Flexible-Hydrophobic,Large-Polar-Aromatic-Flexible-Hydrophobic
13.596270833142096,13.596270833142096,0.1095683525918862,-4.156835951967111,0.0368394382409707,13.46875,922.574,870.1579999999994,921.310902064,334,0,0.3550996945632909,-0.4612996300404383,0.4612996300404383,0.3550996945632909,0.875,1.5625,2.21875,35.49569438854078,9.957876119424624,2.2657275561029175,-2.372561150461461,2.3904988045297806,-2.46100219118749,7.989639968939913,-0.3836933856070473,3.645739249265487,1.009174351675748,2672.2506319331997,45.381529162948546,36.23857894588406,38.62750105375796,30.78806581887896,21.024613354865664,23.87133963512277,15.77478124030054,18.987032250901237,11.024903890366245,13.830381992962945,7.744411823712099,9.94182925558094,-5.999999999999998,138414859689612.9,46.00634765625,20.66736038848422,11.197038799656289,383.7337850799884,29.32048039814917,11.381314269532025,0.0,0.0,15.710677428091143,5.969305287951848,14.83641313321766,13.212334168400758,0.0,11.761884949391115,54.06550936946379,117.90796699881696,95.3917812790007,16.425676488848364,22.872508171018477,67.79235265440087,0.0,9.467009378641832,7.04767198267719,29.177366602800145,79.01756449633633,148.35506451820066,0.0,22.253805966787983,19.83870293015937,28.43693137341781,0.0,23.36282483962363,93.9981250950652,21.807826089884824,10.114318268765572,23.833024001536916,137.31515189188087,5.022633313741326,22.253805966787983,0.0,142.29000000000002,20.9159074901771,23.32665243716633,0.0,28.918978818545774,22.15680119002014,83.73503271262338,12.13273413692322,30.818356286004956,110.76973105743694,36.87134679793307,16.337802844032566,37.101110736634126,7.871792102752549,32.51915563284974,16.240857315983206,6.248406714378356,0.2747171945029788,36.729180915013536,2.679046283373082,5.718986329143711,1.6445245531464925,0.2708333333333333,64,2,13,0,1,1,0,5,1,6,1,0,12,2,16,2,18,0,1,1,0,0,14.856715112025237,7,9.749299999999998,259.7720999999994,0,0,0,0,0,1,0,0,0,0,1,1,0,0,0,5,2,0,0,0,0,0,0,0,0,0,0,0,0,4,1,0,0,0,5,0,0,0,0,0,1,1,0,0,1,0,0,0,0,0,0,0,0,0,0,0,0,0,1,1,0,0,0,0,0,0,0,0,0,0,1,0,0,0,0,1,1,0,0,0,0,0,0,0,0,CHEMBL2063895,CCOC(=O)c1c(-c2cccc(N3CCN(c4ccc(NS(=O)(=O)c5ccc(N[C@H](CCN(C)C)CSc6ccccc6)c([N+](=O)[O-])c5)cc4)CC3)c2)c(-c2ccc(Cl)cc2)cn1C,12.6,1.100370545117563,CHEMBL4625,Apoptosis regulator Bcl-X,2,Large-Polar-Aromatic-Flexible-Hydrophobic,Large-Polar-Aromatic-Flexible-Hydrophobic
14.113197005747548,14.113197005747548,0.0558432826697505,-3.6771173010675704,0.1300935748140878,15.589285714285714,794.4659999999999,742.0499999999998,793.3540872039999,294,0,0.261398941097572,-0.3679830724373574,0.3679830724373574,0.261398941097572,0.7321428571428571,1.3928571428571428,2.0714285714285716,35.49569361872239,9.954755797662225,2.270096460872426,-2.3726166944250195,2.401870524829697,-2.4610207909405664,7.923355222430252,0.0949020713619935,3.468200791010465,1.0631695445776013,2259.076679100582,39.39840149982312,32.762804512450494,34.33523003939667,26.96236731618348,19.408614492462046,21.26974221306566,14.997602360985791,17.116440382867296,11.128580161988587,12.759523810547195,7.789332129456934,9.078318435632502,-4.809999999999998,3380336162041.8037,39.42569227358054,17.133647266664088,8.916092292663583,336.27094664202,29.4835271751996,0.0,0.0,0.0,15.930470882759089,0.0,9.51663204852391,8.417796984328938,0.0,0.0,47.99914230100217,111.21474957060414,99.29265126022784,16.15286296206323,13.212334168400758,44.59356959704229,0.0,19.68370771349864,7.04767198267719,25.163779497825033,87.01715036795599,118.90533738736958,0.0,22.384282469939446,19.83870293015937,17.062158824050687,0.0,11.600939890232516,101.1871318649757,17.070963136084774,13.847474399381248,28.036189785240285,101.95735657090356,5.022633313741326,22.384282469939446,0.0,93.16,10.023291153407584,13.212334168400758,0.0,10.80266320486928,22.81822748603446,110.34006378199123,0.0,18.19910120538483,75.49244999821293,65.51876229617531,11.600939890232516,30.74324797985727,6.317873675448094,23.908988710478024,3.927644197061137,9.060334619234236,-0.0558432826697505,30.853784259308945,0.901900097320275,13.018711016194672,0.5178031722115493,0.3409090909090909,56,2,10,0,2,2,1,4,1,5,0,0,8,2,12,3,12,0,2,2,0,0,12.062605440349513,7,7.124040000000009,229.77469999999937,0,0,0,0,0,1,0,0,0,0,1,1,0,0,0,5,2,0,0,1,0,0,0,0,0,0,0,1,0,3,1,0,0,0,4,0,0,0,0,0,0,0,0,0,1,0,0,0,0,0,0,0,0,0,0,0,0,0,0,0,0,0,0,0,0,0,0,0,0,0,2,0,0,0,0,0,1,0,0,0,0,0,0,0,0,CHEMBL2171007,Cc1cccc(S(=O)(=O)Nc2ccc(N3CCN(c4cccc(-c5c(C(=O)NCCCN6CCN(C)CC6)c(C)n(C)c5-c5ccc(Cl)cc5)c4)CC3)cc2)c1,689.0,2.8382192219076257,CHEMBL4860,Apoptosis regulator Bcl-2,2,Large-Polar-Aromatic-Flexible-Hydrophobic,Large-Polar-Aromatic-Flexible-Hydrophobic
14.6284091494423,14.6284091494423,0.0379266932315971,-4.269617388156131,0.1382981272071076,14.20754716981132,754.3529999999998,710.0009999999999,753.2751681879998,276,0,0.2754385161714284,-0.3372092575066442,0.3372092575066442,0.2754385161714284,0.9056603773584906,1.5849056603773586,2.30188679245283,35.49569398855479,9.92481800311437,2.3224567333343367,-2.35437911710079,2.331009674148369,-2.3920903627294487,7.897119064361001,0.067674023122731,3.463683749474316,1.397587275023882,2295.350221299,37.862867593890385,30.43341688512901,32.00584241207519,25.44392788817899,18.082413111100404,19.943540831704023,13.457952397671104,15.51831911208984,9.927449774735686,11.70861445921122,6.828781162612417,8.036551430030846,-4.999999999999997,582701777401.4362,37.74724101103595,15.935266784169205,7.724616508400292,315.3429643466444,9.799819461700954,0.0,5.693927994848461,0.0,27.744830341462094,0.0,14.383611552215466,17.82169478392621,5.098681808301038,0.0,92.88736115162028,85.3411260227909,25.197720709434723,32.90472337963608,22.8014085365444,50.11821866062421,0.0,24.302399069599264,0.0,70.73638121805827,19.634269217737724,123.5934342286888,0.0,5.687386274683562,4.722094864452088,0.0,0.0,11.600939890232516,65.35390959526835,16.444112776333593,6.923737199690624,100.52161242862424,89.82462243398034,5.022633313741326,16.459834703613154,0.0,121.68,15.930470882759089,22.8014085365444,0.0,44.59514805535252,42.822629324660554,42.196413689562824,28.947271208991623,34.922657866776404,43.32193961046029,29.734618140595984,11.600939890232516,30.52429156082901,6.822792250993893,45.59234369725897,6.4315406908962025,3.0916765618976108,-1.5623969473866826,24.028258202737504,4.157398072716958,9.378157742657123,-4.269617388156131,0.3170731707317073,53,1,10,0,1,1,3,4,1,5,1,0,7,1,12,2,12,0,0,0,0,1,11.3492897335319,6,7.90792000000001,207.22799999999935,0,0,0,0,0,2,0,0,0,0,3,3,0,0,0,4,1,0,0,0,0,0,0,0,0,0,0,3,0,0,0,0,0,0,4,0,2,0,0,0,0,0,0,0,1,0,0,0,0,0,0,0,0,0,0,0,0,0,0,0,0,0,0,0,0,0,0,0,0,0,0,0,0,0,0,0,1,0,0,0,0,0,0,2,0,CHEMBL2031023,CCCCN(CCCC)C(=O)c1nn(-c2ccc(C(=O)NS(=O)(=O)c3ccc4ccccc4c3)cc2C(=O)N2CCc3ccccc3C2C)c(C)c1Cl,590.0,2.770852011642144,CHEMBL4625,Apoptosis regulator Bcl-X,2,Large-Polar-Aromatic-Flexible-Hydrophobic,Large-Polar-Aromatic-Flexible-Hydrophobic
13.269011210371648,13.269011210371648,0.0537892125184282,-5.2838703164234735,0.0317304546253332,13.048780487804878,1241.2020000000002,1208.9459999999997,1240.0067740439993,424,0,0.32317910178542,-0.5049133745141829,0.5049133745141829,0.32317910178542,0.3292682926829268,0.6463414634146342,0.9634146341463414,32.246973946342415,10.07338986565636,2.260094490456937,-2.127444825201047,2.4475220234151727,-2.188578765579932,7.868617504917562,0.261816402950319,2.199228018826602,1.02167117404584,4532.780045624743,59.90647318933086,40.113840968984455,45.0128204545508,38.12736656702559,21.80995254445505,30.450332517258893,16.53704290220358,24.93995364423334,10.962618966039413,16.198019116967174,7.25549839801179,10.816671282907992,-8.99,3.7889810546351046e+17,59.13974253109001,22.15868792383095,13.765462029002084,460.8537867375358,20.846631997694075,42.33147900080536,11.49902366656781,0.0,60.70876115420132,6.031114512338072,27.316499242142186,4.794537184071822,70.9637824084912,20.45700050251759,0.0,144.23252393508506,22.147220978296716,32.5405120497698,92.830873121869,145.15863527123415,0.0,0.0,40.91400100503518,29.37290085310665,10.633577208012662,133.46007550615548,0.0,11.49902366656781,10.633577208012662,61.66839993090744,11.49902366656781,0.0,94.06745045013524,60.70876115420132,0.0,0.0,203.7469773642973,0.0,21.544896857859182,0.0,506.69,130.3613452849481,83.72537337448829,0.0,55.669214505960554,0.0,109.19460723230902,24.26546827384644,0.0,0.0,51.54757821304784,9.105499747380728,203.8584412859463,0.0,8.367870815908386,56.71900294647362,-3.5276218229649294,-1.856197635639179,22.136752009577823,0.0,0.0,-29.8649142659687,0.0,82,10,31,0,0,0,2,8,0,8,0,0,23,10,37,0,16,0,0,0,0,0,15.981208520026046,8,10.190000000000005,285.2266000000002,0,0,0,0,0,0,0,2,0,0,1,1,0,0,0,8,2,0,0,0,0,0,0,0,0,0,0,2,0,2,0,0,4,0,8,0,2,0,0,0,0,0,0,0,0,0,0,0,0,0,0,0,0,0,0,0,0,0,0,0,0,0,0,0,0,2,2,0,0,0,0,0,0,0,0,0,0,0,0,0,0,0,0,0,1,CHEMBL4082979,O=C(Nc1ccc2c(O)c(/N=N/c3ccc(/N=N\c4ccc(S(=O)(=O)O)cc4)cc3S(=O)(=O)O)c(S(=O)(=O)O)cc2c1)Nc1ccc2c(O)c(/N=N/c3ccc(/N=N\c4ccc(S(=O)(=O)O)cc4)cc3S(=O)(=O)O)c(S(=O)(=O)O)cc2c1,2260.0,3.3541084391474008,CHEMBL4106122,CD40-CD40L,2,Large-Polar-Aromatic-Flexible-Hydrophobic,Large-Polar-Aromatic-Flexible-Hydrophobic
13.948673156671308,13.948673156671308,0.0063563897456317,-0.9785370367532888,0.0384727089999705,17.68421052631579,1080.746,1010.1859999999992,1079.4593401199998,406,0,0.2508590255988651,-0.3911853777197258,0.3911853777197258,0.2508590255988651,0.8026315789473685,1.4342105263157894,2.0657894736842106,35.49569464657246,9.852101367133152,2.443003172207221,-2.3947366048383216,2.4130307966724476,-2.5776510946302005,7.129673853267247,-0.1443211523101086,4.023282057579332,0.7388034959431408,2752.770429635829,54.3562206576367,44.06604556805492,45.638471095001094,36.45945645466801,25.669272539356847,26.926889823620964,20.11820626597549,21.409411107984756,13.277418707901791,14.507029292859665,9.367880693979536,10.305522530178724,-6.249999999999999,3.4380274331833496e+16,57.45453877070875,27.18045633905933,15.6799926953981,453.5347997921136,55.120953087767184,18.69056362280884,0.0,23.628718917406022,5.907179729351506,0.0,23.97268592035911,4.983978520947208,0.0,11.336785877934735,74.83672096853566,102.03148049788192,60.98152622430776,74.47559543065383,48.026665130400005,63.84839696429191,0.0,25.834254063816676,5.414990469396779,91.20015255424846,76.1612668627853,123.91296108422236,0.0,21.56750166879229,26.1670641468758,11.374772549367124,0.0,22.93772576816725,134.7003716965166,44.67035695740005,12.338727669087405,80.68098972746435,96.50604530054156,5.022633313741326,21.56750166879229,0.0,209.99,35.41699797414402,29.079213315199816,0.0,69.13620117464035,50.16525103391548,56.183926819327866,4.899909730850477,30.393257214548576,110.9018026247697,39.24123720512476,30.548391705432714,22.31117141924623,7.696560850209617,74.60060593938242,23.44523626251917,9.257555484202642,-1.5533392877087329,27.078030786078592,-0.0632174674862706,13.255173791334109,0.0,0.4385964912280701,76,5,17,0,2,2,5,4,1,5,5,0,13,5,19,3,24,0,1,1,0,0,20.547902401816327,7,7.342520000000011,294.18610000000007,0,1,1,0,0,1,0,0,0,0,5,5,0,1,0,3,4,0,0,0,1,0,0,0,0,0,0,5,0,2,1,0,0,0,4,0,1,0,0,0,0,4,0,0,1,0,0,0,0,0,0,0,0,0,0,0,0,0,0,0,0,0,0,0,0,0,0,0,0,0,0,0,0,0,0,0,0,0,0,0,1,0,0,0,0,CHEMBL4226376,CC(=O)N1c2ccc(-c3ccc(C(=O)NCCOCCOCCOCCOCC(=O)N[C@H](C(=O)N4C[C@H](O)C[C@H]4C(=O)NCc4ccc(-c5scnc5C)cc4)C(C)(C)C)cc3)cc2[C@H](Nc2ccc(Cl)cc2)C[C@@H]1C,1136.0,3.055378331375,CHEMBL3301400,Von Hippel-Lindau disease tumor suppressor/Elongin B/Elongin C,2,Large-Polar-Aromatic-Flexible-Hydrophobic,Large-Polar-Aromatic-Flexible-Hydrophobic
13.574521321654874,13.574521321654874,0.1045194940040026,-4.1453372230523025,0.0548681471058112,13.5,889.5479999999999,840.1559999999996,888.300671728,320,0,0.2931983039215945,-0.3758658713439442,0.3758658713439442,0.2931983039215945,0.8709677419354839,1.5483870967741935,2.193548387096774,35.4956942685033,9.965295603005773,2.2563778787866986,-2.372504736857079,2.400164136188697,-2.460987017530878,7.989637964650947,-0.3836931342575556,3.532536506265653,1.0030875468352567,2678.2739164832974,43.96731560057545,35.08483891008012,37.47376101795402,29.80490257128457,20.27092271977843,23.11764900003553,15.531861937878848,18.744112948479547,11.135895454202156,13.941373556798858,7.697724257909811,9.895141689778654,-5.979999999999999,52469459384533.25,44.088036015470145,19.38010311322626,10.199338024637504,372.4863553175099,24.58361744434912,11.756607587475836,0.0,0.0,15.710677428091143,0.0,14.83641313321766,8.417796984328938,5.261891554738487,11.761884949391115,54.06550936946379,117.90796699881696,89.32541421053911,21.0761740108809,13.341108033146607,61.82304736644903,5.261891554738487,9.467009378641832,7.04767198267719,29.177366602800145,72.41068253182341,147.7216724382846,0.0,28.453503782731723,19.83870293015937,28.43693137341781,0.0,23.36282483962363,81.42193784260044,17.070963136084774,28.369168335986956,17.678201109471466,131.1183083202678,5.022633313741326,22.384282469939446,0.0,139.78,14.946602202225254,23.794006807832996,0.0,22.31209685403286,22.026324686868673,89.55943721062332,12.13273413692322,23.894619086314336,100.86315796926154,53.574034826978306,11.600939890232516,31.821312882821964,7.870214917227677,19.26713887633696,26.487045707788567,7.670585259541402,0.6693891501451138,39.48220822958954,0.7338536720649929,5.732526809297911,1.7935022729636745,0.2553191489361702,62,2,12,0,1,1,0,5,1,6,1,0,11,2,15,2,16,0,1,1,0,0,13.781140065152329,7,9.752699999999995,253.26759999999933,0,0,0,0,0,1,0,0,0,0,0,0,0,0,0,6,2,0,0,0,0,0,0,0,0,0,0,0,0,4,0,0,0,0,5,0,0,0,0,0,0,0,0,0,1,0,0,0,0,0,0,0,0,0,0,0,0,1,1,1,0,0,0,0,0,0,0,0,0,0,1,0,0,0,0,1,1,0,0,0,0,0,0,0,0,CHEMBL2325769,Cc1c(C#N)c(-c2cccc(N3CCN(c4ccc(NS(=O)(=O)c5ccc(N[C@H](CCN(C)C)CSc6ccccc6)c([N+](=O)[O-])c5)cc4)CC3)c2)c(-c2ccc(Cl)cc2)n1C,4.5,0.6532125137753437,CHEMBL4625,Apoptosis regulator Bcl-X,2,Large-Polar-Aromatic-Flexible-Hydrophobic,Large-Polar-Aromatic-Flexible-Hydrophobic
14.051285091855526,14.051285091855526,0.0191452099154116,-4.447331319989477,0.2520161636312683,14.347826086956522,666.73,636.4900000000001,666.13418716,240,0,0.3238784087918364,-0.4932976480421177,0.4932976480421177,0.3238784087918364,0.6304347826086957,1.0434782608695652,1.434782608695652,32.23486322779946,10.064670142986108,2.330282111924462,-2.2836938531715325,2.394483308824974,-2.3697708769823564,7.928380371433242,-0.1357492433543076,3.0477863453548553,1.4882376921135776,1932.0673910944472,32.639252954758796,24.456394766406355,26.089387928261807,21.962400757748348,14.489108079462437,17.369234737063714,10.903324528632186,14.6279450806913,7.909097202022698,11.420546449867482,5.79604449332898,8.764513529336384,-4.8199999999999985,17338676169.014572,31.174417686192633,12.17370653933006,5.80614759845006,265.04483618899803,19.68678069728151,24.58853647839296,0.0,0.0,20.046582306815168,11.938610575903695,18.199506350736108,16.835593968657875,0.0,0.0,24.26546827384644,85.34112602279093,10.772448428929591,34.37950342942851,46.11144903408303,54.13241386101558,0.0,0.0,0.0,35.47425344273959,34.913708723443456,83.92330780493333,0.0,11.49902366656781,18.084157890192564,11.374772549367124,11.49902366656781,0.0,65.29053607509397,42.47729992081083,0.0,23.96854622924601,82.58737177257488,0.0,10.772448428929591,0.0,167.82,45.074705694544015,36.637723126482925,0.0,31.93818792933227,61.522977070691674,8.610431982592466,48.53093654769288,24.26546827384644,0.0,0.0,9.473725907600098,68.92547503444479,0.0,23.80338612201453,19.989791622194826,1.334052802826962,-1.693578105075565,17.586170782643283,2.6047771723338036,-0.8220794580703328,-8.894662639978954,0.25,46,2,12,0,2,2,0,4,0,4,0,0,8,2,14,2,10,0,0,0,0,0,8.250178531439346,6,4.049600000000003,168.79919999999962,2,0,0,0,0,0,0,0,2,2,2,0,0,0,0,2,0,0,0,0,0,0,0,0,0,0,0,0,0,2,2,0,0,0,4,0,3,0,0,0,0,2,0,0,0,0,0,0,0,0,0,0,0,0,0,0,0,0,0,0,0,0,0,0,0,0,0,0,0,0,0,0,0,0,0,0,2,0,0,0,0,0,0,0,0,CHEMBL4851973,O=C(O)CN(c1ccc(N(CC(=O)O)S(=O)(=O)c2ccc3c(c2)CCCO3)c2ccccc12)S(=O)(=O)c1ccc2c(c1)CCCO2,146.0,2.164352855784437,CHEMBL3038498,Keap1/Nrf2,2,Large-Polar-Aromatic-Flexible-Hydrophobic,Large-Polar-Aromatic-Flexible-Hydrophobic
14.291103889391362,14.291103889391362,0.0310166209953892,-6.028717813457262,0.0603333872479153,15.684931506849315,1079.7299999999998,1021.2659999999996,1078.3169735360002,388,0,0.5014901630612615,-0.4775751065906458,0.5014901630612615,0.4775751065906458,0.7945205479452054,1.4383561643835616,2.0547945205479454,35.495695315905415,9.959136656738933,2.4835741946064536,-2.372601622265413,2.4289438730090844,-2.460999087057375,7.989798563266615,-0.0435516963347436,3.6860962131664983,0.9686067627760891,3127.4770759537896,52.24333648251434,40.51835657316096,43.72377526196257,34.69454912941773,23.973229673236403,28.3031192010879,18.570561183916546,23.692422225417506,13.325612099149696,17.657303991920504,9.57070651188362,12.796901457396418,-5.699999999999998,7542954049680970.0,53.587623018971136,22.417148999031816,12.297472464714769,433.49661564139296,34.796672234030524,4.895483475517775,0.0,0.0,19.86054428982509,11.477635789216103,4.722094864452088,21.630131152729696,13.17124514302446,11.761884949391115,54.06550936946379,130.02335134124488,101.88748520628596,27.944215624495097,45.014431085435575,71.94221951613481,0.0,9.467009378641832,0.0,78.41610544171171,71.40485137829418,137.60735416951903,0.0,22.384282469939446,19.83870293015937,35.92079024175871,0.0,23.36282483962363,111.70524959122828,19.86054428982509,6.923737199690624,55.20369676792451,136.01379179578558,5.022633313741326,22.384282469939446,0.0,164.51999999999998,47.170987859224695,45.014431085435575,0.0,29.084031257960387,93.17499318566124,45.22382114005057,23.894619086314336,24.26546827384644,87.50124935214959,29.305712308801205,11.600939890232516,101.27405615642188,7.702793595895064,18.419931454641645,24.11479719000094,-0.3544822148919321,-0.653457709141742,33.288670488005266,1.231770768942689,10.127765551852695,-10.624067503948716,0.3396226415094339,73,4,13,0,2,2,0,5,1,6,1,0,12,4,20,3,18,0,2,2,0,0,16.45591410575648,8,10.903519999999991,284.62910000000005,0,1,1,0,1,1,0,0,1,1,1,0,0,0,0,4,2,0,0,0,1,0,0,0,0,3,0,0,0,4,0,0,0,0,5,0,0,0,0,0,0,0,0,0,4,0,0,0,0,0,0,0,0,0,0,0,0,0,0,0,0,0,0,0,0,0,0,0,0,1,1,0,0,0,0,1,1,1,0,0,0,0,0,0,0,CHEMBL2170838,Cc1c(C(=O)O)c(-c2cccc(N3CCN(c4ccc(NS(=O)(=O)c5ccc(N[C@H](CCN6CCC(O)CC6)CSc6ccccc6)c(S(=O)(=O)C(F)(F)F)c5)cc4)CC3)c2)c(-c2ccc(Cl)cc2)n1C(C)C,3.9,0.5910646070264992,CHEMBL612545,Unchecked,2,Large-Polar-Aromatic-Flexible-Hydrophobic,Large-Polar-Aromatic-Flexible-Hydrophobic
13.58077874499375,13.58077874499375,0.0823914501202485,-4.186917183813672,0.0437987213449854,13.676923076923076,958.589,910.2049999999996,957.252735556,340,0,0.2931983039215945,-0.3758658713439442,0.3758658713439442,0.2931983039215945,0.8461538461538461,1.5076923076923077,2.1538461538461537,35.49569484579371,10.053924220429634,2.2607316828286628,-2.3724426628516926,2.3333090848031772,-2.461053241753748,7.989701709530145,-0.3836935232339754,3.73257339325862,1.0092905660904263,2858.9640800359275,46.30417889375892,35.79518234112519,39.000601029926806,31.02382882576273,20.496806265131525,25.234944083446873,15.668554880161397,20.62926108994584,10.567205285972731,13.928869606417338,7.317308893915482,9.961453048217791,-6.119999999999999,174136240152765.84,46.86009490346212,20.37002899431549,12.166801600437903,387.3890952470627,20.016517796557764,5.687386274683562,0.0,10.023291153407584,21.61785715744265,0.0,19.63095031728948,26.23949176825515,5.098681808301038,11.761884949391115,41.93277523254056,111.99006095265555,76.58381423301344,39.21617304068895,26.55344220154737,77.75351824920811,0.0,19.402489338748783,0.0,22.25362940310952,78.66645171533482,148.2245880150492,0.0,16.944765761229018,24.560797794611464,28.43693137341781,0.0,23.36282483962363,107.21606883544716,20.046582306815168,10.114318268765572,16.778810298694825,137.31515189188087,5.022633313741326,16.944765761229018,0.0,192.12,30.877073084984342,31.74444942149527,0.0,27.875548345729857,66.007486202977,35.13714868277049,18.3295777085363,52.84189029530596,90.44738631373468,24.937384738460413,11.600939890232516,57.33945735935711,7.776947746409106,32.16509896834301,20.552869321417795,3.7533274966690495,-0.1549484111003864,35.16114400376942,2.965987763981201,3.323381280248717,-4.105487751317252,0.2444444444444444,65,3,16,0,1,1,1,5,1,6,1,0,14,3,20,2,18,0,1,1,0,0,14.68525372092152,7,7.442200000000009,258.8405999999995,0,0,0,0,0,2,0,0,0,0,1,1,0,0,0,6,3,0,0,0,0,0,0,0,0,0,0,1,0,4,0,0,0,0,5,0,0,0,0,0,0,0,0,0,1,0,0,0,0,0,0,0,0,0,0,0,0,0,1,1,0,0,0,0,0,0,0,0,0,0,1,0,0,0,0,1,2,0,0,0,0,0,0,0,0,CHEMBL2325757,CN(C)CC[C@H](CSc1ccccc1)Nc1ccc(S(=O)(=O)Nc2ccc(N3CCN(c4cccc(-c5c(C(=O)NS(C)(=O)=O)cnn5-c5ccc(Cl)cc5)c4)CC3)cc2)cc1[N+](=O)[O-],5.0,0.6989700043360189,CHEMBL4625,Apoptosis regulator Bcl-X,2,Large-Polar-Aromatic-Flexible-Hydrophobic,Large-Polar-Aromatic-Flexible-Hydrophobic
13.611644860927523,13.611644860927523,0.0691310282530517,-4.434526093271289,0.2175746078251503,11.658536585365852,603.6310000000002,578.4310000000002,603.098136,216,0,0.3238796281663286,-0.4967671120136989,0.4967671120136989,0.3238796281663286,0.6829268292682927,1.0975609756097562,1.5121951219512195,32.23486240615417,10.15390075157254,2.324104678697628,-2.266748104150789,2.378033714964045,-2.3680779088598674,7.928321110032288,-0.1357493498906382,3.4440613027656704,1.8795644474856577,1669.0338596193076,29.94901851044681,21.71375407928707,23.346747241142523,19.39345107252705,11.771147610013992,14.651274267615271,8.53205589641568,12.256676448474796,6.0681569216519975,9.616069436077176,4.145907585039243,7.004959507502909,-4.759999999999999,1009299577.9494264,29.22819465876111,11.385011807572718,5.75694031135975,234.80589045948437,24.670759218228717,24.58853647839296,0.0,0.0,20.046582306815168,11.938610575903695,18.199506350736108,16.835593968657875,0.0,0.0,0.0,66.73003775307771,11.583067786077873,40.902035300574,46.111449034083016,54.26289036416704,0.0,4.983978520947208,0.0,9.79096695103555,35.919539876972685,72.9268813246908,0.0,11.49902366656781,18.084157890192564,11.374772549367124,11.49902366656781,0.0,71.28034574957039,29.63565667495881,0.0,0.0,82.71784827572635,0.0,10.902924932081056,0.0,183.61,45.074705694544015,36.637723126482925,0.0,32.06866443248373,20.109455649160275,0.0,87.14647640724587,0.0,0.0,4.983978520947208,9.473725907600098,65.90997931233805,0.0,25.9562111857948,19.29098524066178,-0.0920524552541139,-2.1027467660799566,14.58456679168651,1.3983746009882374,-1.9009994301723745,-6.044318479962937,0.1538461538461538,41,3,13,0,0,0,0,3,1,4,0,0,8,3,15,1,12,0,0,0,0,0,8.116179056195831,4,2.7449000000000003,148.6218999999998,2,0,0,0,0,1,1,0,2,2,2,0,0,0,0,2,1,0,0,0,0,1,0,0,0,0,0,0,0,2,0,0,0,0,3,0,1,0,0,0,0,2,0,0,0,0,0,0,0,0,0,0,0,0,0,2,0,0,0,0,0,0,0,0,0,0,0,0,0,0,0,0,0,0,0,0,2,0,0,0,0,0,0,0,0,CHEMBL4169869,COc1ccc(S(=O)(=O)N(CC(=O)O)c2ccc(N(CC(=O)O)S(=O)(=O)c3ccc(OC)cc3)c3[nH]ccc23)cc1,1300.0,3.113943352306837,CHEMBL3038498,Keap1/Nrf2,2,Large-Polar-Aromatic-Flexible-Hydrophilic,Other
13.737152430892165,13.737152430892165,0.0095370534047478,-0.8025321452110254,0.1176591189818215,11.818181818181818,602.6360000000004,568.3640000000004,602.215197288,230,0,0.2041918989832804,-0.503876957745869,0.503876957745869,0.2041918989832804,0.5454545454545454,0.8636363636363636,1.1590909090909092,16.355990045328543,9.938266001207548,2.2764327115336713,-2.1603866111831995,2.466945580295944,-2.1067715314639446,5.956137813552333,0.364725339799087,2.9489229725754305,1.6951224241615208,1930.2908610379784,32.35856017166415,25.194589912366045,25.194589912366045,20.64854992088778,14.220757301810158,14.220757301810158,11.955032989430068,11.955032989430068,7.754492969688505,7.754492969688505,5.770975341698362,5.770975341698362,-5.119999999999999,3077228310.9522686,30.341471792158615,10.85939219312552,4.665365075991074,251.2564221003433,39.47346624315093,33.45898354996296,22.99804733313562,22.35660445036889,0.0,0.0,9.589074368143644,0.0,0.0,0.0,51.960417072608934,49.65183272095004,11.126902983393991,11.126902983393991,39.47346624315093,21.93848871221407,0.0,0.0,11.835812092322788,54.38406644399576,0.0,67.35952124693404,0.0,56.75087696649141,10.85758078380108,0.0,34.49707099970343,0.0,30.63916436904423,12.84164324585202,25.68328649170403,50.34234661990537,42.68884451609678,0.0,44.19229467900206,0.0,181.8,45.354651783504515,40.22823873718787,0.0,80.39024485492574,11.126902983393991,0.0,0.0,38.112942673227685,27.694948798762496,0.0,8.834301874106695,11.965177407864374,0.0,27.47430486178433,62.5210668171467,0.1827163612501288,-3.7527267910349007,6.310260456034266,0.5678516763096149,10.731349210645496,0.0,0.2941176470588235,44,6,10,0,0,0,0,3,2,5,0,0,10,6,10,2,6,0,0,0,0,0,7.488407770629669,5,6.48084000000001,165.94479999999973,0,0,0,0,0,0,0,6,0,0,0,0,0,0,0,0,0,0,0,0,0,0,0,0,0,0,0,0,0,0,2,0,0,0,3,0,2,0,0,0,0,0,0,0,0,0,0,0,0,0,0,0,0,0,0,0,0,0,0,0,0,0,0,0,0,6,6,0,0,0,0,0,0,0,0,0,0,0,0,0,0,0,0,0,0,CHEMBL226578,Cc1oc2c(CC(C)C)c(O)c(O)c(O)c2c(=O)c1-c1ccc(-c2c(C)oc3c(CC(C)C)c(O)c(O)c(O)c3c2=O)cc1,110.0,2.041392685158225,CHEMBL400,MDA-MB-231,2,Large-Polar-Aromatic-Rigid-Hydrophobic,Large-Polar-Aromatic-Rigid-Hydrophobic
13.776120107706404,13.776120107706404,0.0116054818264415,-4.575801603475369,0.2483655815536351,11.833333333333334,621.6400000000002,596.44,621.1051132,222,0,0.3239377481693432,-0.4967671120137216,0.4967671120137216,0.3239377481693432,0.8095238095238095,1.2857142857142858,1.738095238095238,32.234862719407104,10.115951904761287,2.3306866999399123,-2.2754127032677256,2.3695747072060573,-2.372613894048869,7.928059803851215,-0.1347385717196373,2.978005134847741,1.915259563422228,1801.914509802991,30.656125291633355,22.21613527322091,23.849128435076366,19.89345107252705,12.111011233610318,14.9911378912116,8.696332655702367,12.420953207761483,6.135536314870984,9.679660985676394,4.158036227575369,6.993974907718764,-4.5,1358207152.458893,30.45839048925469,12.161841496463746,6.060292588475743,240.19169297302923,14.580253302440804,18.043780072480384,5.817862777835028,0.0,26.47202705167436,5.969305287951848,9.099753175368054,34.90561857625096,0.0,0.0,24.26546827384644,48.53093654769288,10.772448428929591,42.43954828579983,44.991214550520134,48.293585076215194,0.0,4.983978520947208,0.0,16.21641169589474,35.919539876972685,78.99324839315241,0.0,11.49902366656781,18.084157890192564,20.28607914786823,11.49902366656781,0.0,66.62995781163704,24.84111949088699,0.0,0.0,88.78421534418797,0.0,10.772448428929591,0.0,143.41,45.53084515145136,35.51748864292004,0.0,32.06866443248373,20.109455649160275,6.196843571613076,87.0159999040944,0.0,0.0,4.983978520947208,9.473725907600098,93.16987948426996,0.0,15.368183620888262,9.641834841696786,-0.2614921393641629,-1.1239459462644927,16.120168271463957,-2.157501936536513,-2.265903478211343,-6.324556051275769,0.1851851851851851,42,1,11,0,0,0,0,3,1,4,0,0,8,1,15,1,12,0,0,0,0,0,8.819764699231294,4,3.992300000000003,150.43439999999973,1,0,0,0,0,1,0,0,1,1,1,0,0,0,0,3,0,0,0,0,0,0,0,0,0,2,0,0,0,2,0,0,0,0,3,0,1,0,0,0,0,2,0,0,2,0,0,0,0,0,0,0,0,0,0,2,0,0,0,0,0,0,0,0,0,0,0,0,0,0,0,0,0,1,0,0,2,0,0,0,0,0,0,0,0,CHEMBL4634168,COc1ccc(S(=O)(=O)N(CC(F)F)c2cnc(N(CC(=O)O)S(=O)(=O)c3ccc(OC)cc3)c3ccccc23)cc1,55.0,1.740362689494244,CHEMBL3038498,Keap1/Nrf2,2,Large-Polar-Aromatic-Flexible-Hydrophobic,Large-Polar-Aromatic-Flexible-Hydrophobic
14.46951162216405,14.46951162216405,0.0585150753027861,-4.953874924321985,0.0454856917702357,13.757575757575758,962.517,915.1409999999998,961.266986564,346,0,0.4318245024563863,-0.4775708093260318,0.4775708093260318,0.4318245024563863,0.8787878787878788,1.5303030303030305,2.136363636363636,35.49569455644175,9.957623399399145,2.427179637558023,-2.372549772695929,2.4536296842151226,-2.4609997025713777,7.9896413568419185,-0.383693833287195,3.6155794151443295,1.0315481897099985,2804.174677989422,47.33755908857853,36.12698061957166,38.51590272744556,31.38890623675193,20.7919935745242,23.638719854781296,15.986166773579985,19.198417784180684,11.213762244093378,14.01924034669008,7.982636421137305,10.18005385300614,-6.209999999999999,227789638486841.72,47.743659154128494,20.117910801987577,11.064045853145542,389.5461376970597,29.690144839189824,11.381314269532025,0.0,0.0,15.710677428091143,12.145603805395323,14.83641313321766,13.212334168400758,13.17124514302446,11.761884949391115,54.06550936946379,110.98422979912633,83.63148621569064,21.0761740108809,36.4134177550836,67.79235265440087,0.0,9.467009378641832,7.04767198267719,28.429927920552995,72.41068253182341,147.7216724382846,0.0,22.384282469939446,19.838702930159375,41.60817651644227,0.0,23.36282483962363,92.497770525393,23.24726165352825,10.114318268765572,22.472738293543287,131.1183083202678,5.022633313741326,22.384282469939446,0.0,153.29000000000002,38.349585494166035,41.6044249750315,0.0,39.25686261526187,60.189623425141974,27.761092872366877,31.313140256523628,66.35918856554561,55.39345610697451,19.838702930159375,11.600939890232516,73.96600240028104,7.7112199154622685,31.243458726475456,26.132648262649127,0.2231772551837236,-1.0711257722853404,33.264440317048425,-4.257892480727902,2.853592447037369,0.8789233733202688,0.2553191489361702,66,3,13,0,1,1,0,5,1,6,1,0,11,3,19,2,17,0,1,1,0,0,14.553070851867494,7,10.289599999999997,255.77689999999944,0,0,0,0,1,1,0,0,1,1,1,0,0,0,0,5,2,0,0,0,0,0,0,0,0,3,0,0,0,4,0,0,0,0,5,0,0,0,0,0,0,0,0,0,4,0,0,0,0,0,0,0,0,0,0,0,0,0,1,1,0,0,0,0,0,0,0,0,0,0,1,0,0,0,0,1,1,0,0,0,0,0,0,0,0,CHEMBL2325770,CN(C)CC[C@H](CSc1ccccc1)Nc1ccc(S(=O)(=O)Nc2ccc(N3CCN(c4cccc(-c5c(C(=O)O)c(C(F)(F)F)n(C)c5-c5ccc(Cl)cc5)c4)CC3)cc2)cc1[N+](=O)[O-],1.1,0.041392685158225,CHEMBL4860,Apoptosis regulator Bcl-2,2,Large-Polar-Aromatic-Flexible-Hydrophobic,Large-Polar-Aromatic-Flexible-Hydrophobic
13.19420391232586,13.19420391232586,0.0372834595525788,-4.26699578068603,0.4047773203313365,11.61111111111111,532.5960000000002,508.40400000000034,532.0974077279999,190,0,0.3238779359965146,-0.4798953633164462,0.4798953633164462,0.3238779359965146,0.5833333333333334,0.8611111111111112,1.1111111111111112,32.23486148240727,10.239280245382144,2.294750038747654,-2.253742959864508,2.289877112329608,-2.3649928129624707,7.927953696424336,-0.1357526998398918,2.8124758452234357,2.043055263716843,1352.076003352316,26.672997628507915,19.397257498359345,21.030250660214797,16.817441467605484,10.546402738622405,13.426529396223684,7.95334121238352,11.67796176444264,5.201371077469322,8.777527916737334,3.335899399621747,6.164215736015887,-3.899999999999999,49780372.46431958,26.700356034089832,10.38049189326594,5.833773382373474,208.68797504772112,10.213054789681411,13.08951281182515,0.0,0.0,20.046582306815168,11.938610575903695,18.199506350736108,16.835593968657875,0.0,0.0,35.392371257240434,62.37841094707412,0.0,21.165739500402672,36.637723126482925,43.359965432085986,0.0,0.0,0.0,23.6384413504168,21.69994479441762,83.92330780493333,0.0,0.0,8.610431982592466,11.374772549367124,0.0,0.0,52.07677214606812,29.63565667495881,13.847474399381248,11.126902983393991,82.5873717725749,0.0,0.0,0.0,149.36,45.074705694544015,36.637723126482925,0.0,21.165739500402672,8.610431982592466,11.126902983393991,48.53093654769288,38.112942673227685,0.0,0.0,0.0,54.13750669707241,0.0,22.6944868129521,18.669620585078597,1.557646699921409,-2.797748591529252,16.64601674763818,0.0,1.7931292769052898,-8.533991561372058,0.1666666666666666,36,2,10,0,0,0,0,3,0,3,0,0,6,2,12,0,10,0,0,0,0,0,7.698967482199551,3,2.863240000000001,133.13519999999994,2,0,0,0,0,0,0,0,2,2,2,0,0,0,0,2,0,0,0,0,0,0,0,0,0,0,0,0,0,2,2,0,0,0,3,0,0,0,0,0,0,0,0,0,0,0,0,0,0,0,0,0,0,0,0,0,0,0,0,0,0,0,0,0,0,0,0,0,0,0,0,0,0,0,0,0,2,0,0,0,0,0,0,0,0,CHEMBL3601205,Cc1ccc(S(=O)(=O)N(CC(=O)O)c2ccc(N(CC(=O)O)S(=O)(=O)c3ccc(C)cc3)cc2)cc1,966.0,2.9849771264154934,CHEMBL3038498,Keap1/Nrf2,2,Large-Polar-Aromatic-Flexible-Hydrophilic,Other
14.130611077408176,14.130611077408176,0.0599040589545527,-3.775429848308688,0.1134464121314585,15.39655172413793,824.4919999999998,770.0599999999997,823.3646518880001,306,0,0.2615275877526593,-0.4938432810027368,0.4938432810027368,0.2615275877526593,0.7758620689655172,1.4482758620689655,2.1379310344827585,35.49569373239862,9.95475579787924,2.2706539271630137,-2.3726160833666894,2.402268063755802,-2.4610206876389062,7.92337890178368,0.0949011365269706,3.49927328072856,1.050721771994533,2298.598785198509,40.812615062196215,33.8781595841009,35.450585111047076,28.00037211864426,20.108520553475337,21.96964827407895,15.0889670540839,17.207805075965407,11.255547108831443,12.886490757390051,7.904654704079729,9.12390240249001,-5.009999999999998,9261645286558.148,41.16013230080486,18.28074722230227,9.47131299033935,347.7494339859235,34.22039012899965,5.749511833283905,0.0,0.0,15.930470882759089,0.0,9.51663204852391,8.417796984328938,0.0,0.0,41.93277523254056,105.65129807890716,105.35901832868944,22.75974492657615,17.949197122200808,44.59356959704229,0.0,19.68370771349864,7.04767198267719,25.163779497825033,93.62403233246891,113.3418858956726,0.0,28.13379430322335,24.575565883959424,17.062158824050687,5.749511833283905,11.600939890232516,107.79401382948862,17.070963136084774,6.923737199690624,29.39647549323391,101.95735657090356,5.022633313741326,22.384282469939446,0.0,102.39,10.023291153407584,13.212334168400758,0.0,10.80266320486928,35.17462128383128,104.77661229029422,6.06636706846161,30.33183534230805,57.2933487928281,65.51876229617531,16.337802844032566,36.51385374176704,6.322570231989843,23.812725788536472,3.924174611569676,8.08660279691734,0.4535724761470803,30.37732863150659,0.8982645585679121,13.38945732057262,0.4158942868698703,0.3555555555555555,58,2,11,0,2,2,1,4,1,5,0,0,9,2,13,3,14,0,2,2,0,0,12.973068521164354,7,7.214320000000008,236.2066999999993,0,0,0,0,0,1,0,0,0,0,1,1,0,0,0,5,2,0,0,1,0,0,0,0,0,0,0,1,0,3,0,0,0,0,4,0,0,0,0,0,0,1,0,0,1,0,0,0,0,0,0,0,0,0,0,0,0,0,0,0,0,0,0,0,0,0,0,0,0,0,2,0,0,0,0,0,1,0,0,0,0,0,0,0,0,CHEMBL2171011,CCOc1cccc(S(=O)(=O)Nc2ccc(N3CCN(c4cccc(-c5c(C(=O)NCCCN6CCN(C)CC6)c(C)n(C)c5-c5ccc(Cl)cc5)c4)CC3)cc2)c1,1624.0,3.2105860249051563,CHEMBL4860,Apoptosis regulator Bcl-2,2,Large-Polar-Aromatic-Flexible-Hydrophobic,Large-Polar-Aromatic-Flexible-Hydrophobic
14.283515451756449,14.283515451756449,0.0454736208456445,-4.567131559068719,0.16996914066561,11.541666666666666,690.7520000000002,660.512,690.13418716,248,0,0.3238788823485204,-0.4967671120136989,0.4967671120136989,0.3238788823485204,0.6041666666666666,1.0416666666666667,1.5208333333333333,32.23486350205607,9.9617301026631,2.3434844977554152,-2.3021751131232095,2.4518433421480066,-2.3727810452369957,7.928477112151378,-0.1357485194431458,3.0890257195870636,1.865529507156779,2189.55804225956,34.639252954758796,25.677855694424828,27.31084885628028,22.876614320121444,14.265164545870286,17.145291203471558,10.365364802220158,14.08998535427928,7.4498002779740915,10.98359062997785,5.23309717870964,8.109955081748584,-5.599999999999999,33102221032.458553,33.754414387633766,13.633826188016526,6.61082856528467,276.6538242445341,19.68678069728151,24.58853647839296,0.0,0.0,20.046582306815168,11.938610575903695,18.199506350736108,16.835593968657875,0.0,0.0,54.59730361615449,60.160755107851486,16.335899920626588,35.38533458295774,46.111449034083016,54.13241386101558,0.0,0.0,0.0,9.79096695103555,35.919539876972685,109.19460723230902,0.0,22.6259266499618,18.084157890192564,11.374772549367124,11.49902366656781,0.0,66.29636722862318,29.63565667495881,0.0,0.0,118.9855741833446,0.0,21.899351412323583,0.0,167.82,45.074705694544015,36.637723126482925,0.0,37.50163942102926,17.062475158264807,8.610431982592466,80.94963283563278,42.46456947923127,0.0,0.0,9.473725907600098,68.64829379055584,0.0,24.05247405303485,20.233515873425542,0.4438237000493497,-2.128211681630134,26.811618371989372,0.0,-1.962852777992984,-6.26532799609849,0.1176470588235294,48,2,12,0,0,0,0,5,0,5,0,0,8,2,14,0,13,0,0,0,0,0,9.587537892485065,5,5.0838000000000045,179.70719999999963,2,0,0,0,0,0,0,0,2,2,2,0,0,0,0,2,0,0,0,0,0,0,0,0,0,0,0,0,0,2,0,0,0,0,5,0,1,0,0,0,0,2,0,0,0,0,0,0,0,0,0,0,0,0,0,2,0,0,0,0,0,0,0,0,0,0,0,0,0,0,0,0,0,0,0,0,2,0,0,0,0,0,0,0,0,CHEMBL5431154,COc1ccc(S(=O)(=O)N(CC(=O)O)c2cc(-c3ccccc3)c(N(CC(=O)O)S(=O)(=O)c3ccc(OC)cc3)c3ccccc23)cc1,7.7,0.8864907251724818,CHEMBL3038498,Keap1/Nrf2,2,Large-Polar-Aromatic-Flexible-Hydrophobic,Large-Polar-Aromatic-Flexible-Hydrophobic
13.883844894755512,13.883844894755512,0.1725169378896898,-4.556160215839303,0.1722633675191799,11.3125,700.7440000000003,668.4880000000002,700.139666464,254,0,0.3238809352812303,-0.4967681832691337,0.4967681832691337,0.3238809352812303,0.6041666666666666,1.0208333333333333,1.4583333333333333,32.23486356583385,10.189499338519257,2.323054934643482,-2.27580463048561,2.3806376092753405,-2.3685410517589114,7.928070610416398,-0.1357549592678388,3.0824530270443087,1.878516228847373,1965.2476860264464,35.061902685569166,25.969408248970225,27.60240141082567,22.791629220293977,13.967906587842384,16.848033245443663,9.95067317465264,13.675293726711756,6.9060581623990505,10.468092839245646,4.472674848841617,7.303360337766561,-5.479999999999999,23150751129.804173,35.375569386059475,14.953103900406555,8.076449799882349,276.9291344006059,29.160506604881604,42.69444210947368,0.0,0.0,20.046582306815168,11.938610575903695,18.199506350736108,16.835593968657875,0.0,0.0,12.13273413692322,78.35985631323634,6.06636706846161,42.49513212423527,55.585174941683114,43.359965432085986,0.0,0.0,0.0,16.39784891554847,43.02933741825022,96.55895751862118,0.0,22.99804733313562,27.557883797792663,11.374772549367124,22.99804733313562,0.0,73.40616476990073,36.24253863947173,0.0,5.563451491696996,100.78647297795972,0.0,0.0,0.0,186.27999999999992,45.074705694544015,36.637723126482925,0.0,33.52213329819949,31.422418974141177,18.19910120538483,69.86032917152548,24.26546827384644,0.0,0.0,18.947451815200196,77.87982872773252,0.0,23.40682642171646,19.44175169525132,0.1570511343831604,-1.925855391047813,20.686854036408025,0.0,-2.2100087248230067,-4.7697812329539815,0.1875,48,2,14,0,0,0,0,4,0,4,0,0,10,2,16,0,16,0,0,0,0,0,11.02030342845393,4,3.851200000000003,174.09119999999962,2,0,0,0,0,0,0,0,2,2,2,0,0,0,0,2,0,0,0,0,0,0,0,0,0,0,0,0,0,2,0,0,0,0,4,0,0,0,0,0,0,4,0,0,0,0,0,0,0,0,0,0,0,0,0,3,0,0,0,0,0,0,0,0,0,0,0,0,0,0,0,0,0,0,0,0,2,0,0,0,0,0,0,0,0,CHEMBL5172151,COc1ccc(COc2cc(N(CC(=O)O)S(=O)(=O)c3ccc(OC)cc3)ccc2N(CC(=O)O)S(=O)(=O)c2ccc(OC)cc2)cc1,770.0,2.886490725172482,CHEMBL3038498,Keap1/Nrf2,2,Large-Polar-Aromatic-Flexible-Hydrophobic,Large-Polar-Aromatic-Flexible-Hydrophobic
13.570889052964294,13.570889052964294,0.0256707711079029,-4.170436493765488,0.0455262407630285,13.555555555555555,928.965,881.5889999999997,927.240629584,328,0,0.3389902623052575,-0.4775425711992672,0.4775425711992672,0.3389902623052575,0.8571428571428571,1.5238095238095235,2.1587301587301586,35.49679285017997,9.967359578965109,2.2832221893875015,-2.3725369673910217,2.421855944867386,-2.4609971839211684,7.989641085757332,-0.3836933840057838,3.5440106918568195,1.0100809070065069,2693.0127220156287,44.83755908857854,34.87105167355321,38.01590272744556,30.177581371346744,20.164029101514977,23.388719854781296,15.430610849387516,19.000874947438525,10.87381158665474,14.121818202174612,7.6087920161107485,10.066049541931694,-5.709999999999999,73784583036408.66,45.31804102361976,19.772165745123008,10.739858412453424,380.98785560076607,29.690144839189824,16.40394758327335,0.0,0.0,15.710677428091143,5.969305287951848,14.83641313321766,13.212334168400758,0.0,11.761884949391115,65.66644925969631,110.98422979912633,83.63148621569064,15.512722519183908,23.242172612059132,79.39329254463338,0.0,9.467009378641832,7.04767198267719,22.25362940310952,72.41068253182341,147.1808542603289,0.0,22.384282469939446,19.838702930159375,28.43693137341781,0.0,34.963764729856145,92.497770525393,17.070963136084774,10.114318268765572,16.778810298694825,131.1183083202678,10.175743130634118,22.384282469939446,0.0,153.29000000000002,20.9159074901771,28.433179832007035,0.0,33.02865816262265,53.899278305367424,46.429104105579086,12.13273413692322,47.6421248537061,92.95811585535532,24.738612661009853,23.20187978046503,31.40944282846549,14.445072511142431,31.607772044849092,26.525195237688468,4.813459076410373,-0.4637124235199078,35.76994384770833,0.7222152368039599,3.462307931677433,1.5138592643298914,0.2391304347826087,63,3,13,0,1,1,0,5,1,6,1,0,11,3,17,2,17,0,1,1,0,0,14.22279076767133,7,9.924199999999995,255.7848999999994,0,0,0,0,1,1,0,0,1,1,1,0,0,0,0,5,2,0,0,0,0,0,0,0,0,0,0,0,0,4,0,0,0,0,5,0,0,0,0,0,0,0,0,0,2,0,0,0,0,0,0,0,0,0,0,0,0,0,1,1,0,0,0,0,0,0,0,0,0,0,1,0,0,0,0,1,1,0,0,0,0,0,0,0,0,CHEMBL2325771,CN(C)CC[C@H](CSc1ccccc1)Nc1ccc(S(=O)(=O)Nc2ccc(N3CCN(c4cccc(-c5c(C(=O)O)c(Cl)n(C)c5-c5ccc(Cl)cc5)c4)CC3)cc2)cc1[N+](=O)[O-],1.5,0.1760912590556812,CHEMBL4860,Apoptosis regulator Bcl-2,2,Large-Polar-Aromatic-Flexible-Hydrophobic,Large-Polar-Aromatic-Flexible-Hydrophobic
13.58357766750476,13.58357766750476,0.1097290478688235,-4.156211195803167,0.0458350941780781,13.555555555555555,907.563,856.1549999999995,906.311236412,328,0,0.2931983039215945,-0.3758658713439442,0.3758658713439442,0.2931983039215945,0.873015873015873,1.5396825396825398,2.1746031746031744,35.49569433080759,9.957037118473089,2.268875947985894,-2.372578034761935,2.4024010879036526,-2.4610051640193857,7.989639648643729,-0.3836933198021132,3.5440106918568195,1.0100809070065069,2687.582514949696,44.83755908857853,35.62322387423365,38.01214598210755,30.177581371346744,20.54011520185519,23.386841482112295,15.78430930911499,18.996560319715684,11.27049169524054,14.075969797837242,7.86241713339597,10.059834565264811,-5.999999999999998,73784583036408.66,45.03703703703704,19.586079315527808,10.620187304890738,377.5951884330976,30.317284921511305,5.687386274683562,0.0,0.0,21.61785715744265,0.0,19.63095031728948,8.417796984328938,0.0,11.761884949391115,54.06550936946379,117.90796699881696,89.32541421053911,21.0761740108809,18.13564521721843,67.73022709580053,0.0,9.467009378641832,12.781339459839376,29.177366602800145,72.41068253182341,147.7216724382846,0.0,22.384282469939446,25.572370407321557,28.43693137341781,0.0,23.36282483962363,87.32911757195194,17.070963136084774,17.038055468456196,22.472738293543287,131.1183083202678,5.022633313741326,22.384282469939446,0.0,159.08,20.85378193157676,23.32665243716633,0.0,22.31209685403286,35.11583749869382,76.46992439879814,12.13273413692322,23.894619086314336,111.4966246855145,36.87134679793307,17.3346073673947,31.765446986558768,7.867994186775002,32.055318891315935,16.22474592150091,12.9465561135188,0.1753693666035473,36.6521421177579,0.7293525824829723,5.550654947157994,1.726863330772626,0.2553191489361702,63,4,13,0,1,1,1,5,1,6,1,0,11,3,16,2,17,0,1,1,0,0,14.00157110386938,7,8.979920000000003,257.0704999999994,0,0,0,0,0,1,0,0,0,0,1,1,0,0,0,5,2,1,0,0,0,0,0,0,0,0,0,1,0,4,0,0,0,0,5,0,0,0,0,0,0,0,0,0,1,0,0,0,0,0,0,0,0,0,0,0,0,0,1,1,0,0,0,0,0,0,0,0,0,0,1,1,0,0,0,1,1,0,0,0,0,0,0,0,0,CHEMBL2326040,Cc1c(C(N)=O)c(-c2cccc(N3CCN(c4ccc(NS(=O)(=O)c5ccc(N[C@H](CCN(C)C)CSc6ccccc6)c([N+](=O)[O-])c5)cc4)CC3)c2)c(-c2ccc(Cl)cc2)n1C,14.0,1.146128035678238,CHEMBL4625,Apoptosis regulator Bcl-X,2,Large-Polar-Aromatic-Flexible-Hydrophobic,Large-Polar-Aromatic-Flexible-Hydrophobic
14.449183037235418,14.449183037235418,0.0361419762583883,-4.2809342605841145,0.1272319046651394,12.81132075471698,866.2219999999996,824.8939999999997,865.1561660919999,276,0,0.2754385161714284,-0.3372092575066442,0.3372092575066442,0.2754385161714284,0.9245283018867924,1.6415094339622642,2.358490566037736,126.91270468629416,9.983358274012438,2.2976947939652947,-2.2937220592095295,2.2968904142408184,-2.36658662490054,14.111982732007649,0.0731848417860055,3.4607618776121356,1.381731477778652,2317.9384714812286,37.862867593890385,29.863787600945532,33.59371141906803,25.427091135773388,17.733618877350196,20.67349574354197,13.193857342349393,16.416414739155616,9.569180074263995,12.291023148462664,6.510376643555509,8.383748546388366,-4.269999999999998,568885508941.0189,38.4543609947498,16.39605884160434,8.140727870015994,328.23986035329136,9.799819461700954,0.0,5.693927994848461,0.0,27.744830341462094,0.0,14.383611552215466,17.82169478392621,5.098681808301038,0.0,80.75462701469705,107.07462651862996,35.31265938641269,26.86288255048812,22.8014085365444,72.70908928769227,0.0,24.302399069599264,0.0,64.31555959513227,19.634269217737724,121.09724943129258,0.0,5.687386274683562,4.722094864452088,0.0,0.0,34.191810517300574,65.35390959526835,22.98886918224617,10.49391947075602,87.55603439978566,83.75825536551872,5.022633313741326,16.459834703613154,0.0,121.68,15.930470882759089,22.8014085365444,0.0,38.55330722620456,43.98116151610833,51.15282017509302,28.947271208991623,28.8562907983148,42.46456947923127,46.25912169920243,11.600939890232516,31.532578706705294,8.95057121327986,45.352385621002824,6.4633695708114525,3.097909045903597,-1.5579627309264017,22.63051380454397,4.17002796213386,7.789318844907438,-4.2809342605841145,0.3,53,1,10,0,1,1,3,4,1,5,0,0,7,1,13,2,12,0,0,0,0,0,11.896225765777595,6,7.951520000000008,215.23399999999944,0,0,0,0,0,2,0,0,0,0,3,3,0,0,0,4,1,0,0,0,0,0,0,0,0,0,0,3,0,0,0,0,0,0,4,0,2,0,0,0,0,0,0,0,2,0,0,0,0,0,0,0,0,0,0,0,0,0,0,0,0,0,0,0,0,0,0,0,0,0,0,0,0,0,0,0,1,0,0,0,0,0,0,2,0,CHEMBL2031017,CCCCN(CCCC)C(=O)c1nn(-c2ccc(C(=O)NS(=O)(=O)c3ccc4cccc(I)c4c3)cc2C(=O)N2CCc3ccccc3C2)c(C)c1Cl,35.0,1.5440680443502757,CHEMBL4860,Apoptosis regulator Bcl-2,2,Large-Polar-Aromatic-Flexible-Hydrophobic,Large-Polar-Aromatic-Flexible-Hydrophobic
13.699973942560176,13.699973942560176,0.0512143615863851,-4.436634936808703,0.2412597912931279,11.571428571428571,614.6540000000003,588.4460000000001,614.1028870319999,220,0,0.3238784087362057,-0.4967671120136989,0.4967671120136989,0.3238784087362057,0.5952380952380952,0.9285714285714286,1.2142857142857142,32.234862531069425,10.066642784770847,2.3133734187915755,-2.26960614135365,2.374319709139374,-2.363893030573086,7.928247797932516,-0.1357468004854083,2.9759120279525537,1.918597982819518,1703.633010827221,30.656125291633355,22.368454617666323,24.001447779521776,19.89345107252705,12.187814276680658,15.06794093428194,8.811293643172837,12.535914195231957,6.266032106498269,9.813944620923442,4.306582334130823,7.172695337805196,-4.819999999999999,1349568676.8000612,30.14578834765705,11.963032634530595,5.940214394389498,241.59673003847004,19.68678069728151,24.58853647839296,0.0,0.0,20.046582306815168,11.938610575903695,18.199506350736108,16.835593968657875,0.0,0.0,24.26546827384644,60.6636706846161,10.772448428929591,35.38533458295774,46.111449034083016,54.13241386101558,0.0,0.0,0.0,9.79096695103555,35.919539876972685,84.92913895846256,0.0,11.49902366656781,18.084157890192564,11.374772549367124,11.49902366656781,0.0,66.29636722862318,29.63565667495881,0.0,0.0,94.72010590949812,0.0,10.772448428929591,0.0,167.82,45.074705694544015,36.637723126482925,0.0,31.938187929332265,20.109455649160275,0.0,99.14873404101763,0.0,0.0,0.0,9.473725907600098,66.35188081811944,0.0,23.277274502905648,19.61717130008963,-0.1024287231727703,-2.0834072645921866,19.374070895720735,0.0,-1.887518704548792,-6.047042824521696,0.1428571428571428,42,2,12,0,0,0,0,4,0,4,0,0,8,2,14,0,12,0,0,0,0,0,8.586548804682701,4,3.416800000000002,154.2711999999997,2,0,0,0,0,0,0,0,2,2,2,0,0,0,0,2,0,0,0,0,0,0,0,0,0,0,0,0,0,2,0,0,0,0,4,0,1,0,0,0,0,2,0,0,0,0,0,0,0,0,0,0,0,0,0,2,0,0,0,0,0,0,0,0,0,0,0,0,0,0,0,0,0,0,0,0,2,0,0,0,0,0,0,0,0,CHEMBL3601222,COc1ccc(S(=O)(=O)N(CC(=O)O)c2cccc3c(N(CC(=O)O)S(=O)(=O)c4ccc(OC)cc4)cccc23)cc1,1860.0,3.2695129442179165,CHEMBL3038498,Keap1/Nrf2,2,Large-Polar-Aromatic-Flexible-Hydrophobic,Large-Polar-Aromatic-Flexible-Hydrophobic
14.359704227463425,14.359704227463425,0.119650467287651,-4.178867904908078,0.015974222728407,15.363636363636363,1107.8449999999991,1036.2769999999991,1106.4637142919998,410,0,0.2931983039215945,-0.3936873586288401,0.3936873586288401,0.2931983039215945,0.8181818181818182,1.4545454545454546,2.0779220779220777,35.495695085444446,9.957524797509777,2.2728871094788263,-2.3715155518186104,2.3898326458741397,-2.460815457278975,7.989649965548273,-0.3836937193148839,3.831565068005662,0.919533766277814,2988.918901412345,54.477541001196336,44.06049633728856,46.44941844516246,37.13140241177947,26.21655051723839,29.063276797495497,20.012789684845544,23.225040695446225,14.135591601655618,16.941069704252328,9.668638896930462,11.8660563287993,-6.159999999999998,8.904803935967731e+16,57.027109510747,26.939710214612575,15.535189686723974,461.5568847549286,49.91328029973781,11.381314269532025,0.0,0.0,21.61785715744265,0.0,19.63095031728948,8.417796984328938,0.0,11.761884949391115,54.06550936946378,137.41830143356808,127.612647731799,22.529642876596665,28.34870000689984,67.73022709580053,0.0,24.58361744434912,0.0,47.74399544262242,125.333774914489,148.35506451820066,0.0,22.253805966787983,25.155491534165705,28.43693137341781,0.0,23.36282483962363,166.36905059374826,16.56804755932016,10.114318268765572,29.75093004769831,137.31515189188087,5.022633313741326,22.253805966787983,0.0,192.03,21.050568589973555,33.53970722684774,0.0,41.24698017082329,48.33582681367044,109.79012355328716,12.13273413692322,23.894619086314336,103.72205907475976,59.03562684631754,11.600939890232516,31.87884940575387,7.990390636238636,38.404661744523125,39.53510587576671,6.0838411619971735,0.4509741141862006,36.73827964255018,2.8224763435161084,9.048640328950585,1.907891857628525,0.3859649122807017,77,5,17,0,2,2,1,5,1,6,2,0,15,5,20,3,25,0,2,2,0,0,19.95186759216235,8,8.146200000000011,311.4314000000003,0,2,2,0,0,1,0,0,0,0,1,1,0,0,0,7,3,0,0,1,0,0,0,0,0,0,0,1,0,4,1,0,0,0,5,0,0,0,0,0,0,0,0,0,1,0,0,0,0,0,0,0,0,0,0,0,0,0,1,1,0,0,0,0,0,0,0,0,0,0,2,0,0,0,0,1,1,0,0,0,0,0,0,0,0,CHEMBL2063888,CN(C)CC[C@H](CSc1ccccc1)Nc1ccc(S(=O)(=O)Nc2ccc(N3CCN(c4ccc(-c5c(-c6ccc(Cl)cc6)cn(CC[C@H](O)CO)c5C(=O)NCCCN5CCN(C)CC5)cc4)CC3)cc2)cc1[N+](=O)[O-],7.6,0.8808135922807914,CHEMBL4625,Apoptosis regulator Bcl-X,2,Large-Polar-Aromatic-Flexible-Hydrophobic,Large-Polar-Aromatic-Flexible-Hydrophobic
13.350173424520452,13.350173424520452,0.1402208950009378,-4.4264753017336025,0.0577313415300792,14.035714285714286,813.4460000000001,768.0859999999998,812.25813822,292,0,0.2931983166921879,-0.3758658713437935,0.3758658713437935,0.2931983166921879,0.8928571428571429,1.5714285714285714,2.25,35.49569396160893,9.989707382848888,2.256813091740278,-2.361082973559424,2.3080892887896085,-2.455688421810951,7.989601752948643,-0.3836942587330471,3.1973808704223012,1.0585139842646754,2217.385045824551,39.65791452381696,31.305766790730623,33.694688898604525,26.94553056377787,18.309170299264313,21.15589657952141,13.90206711515538,17.114318125756064,9.61552113574339,12.370692383893877,6.5342222617525,8.64717925845547,-4.919999999999999,2355276046475.4976,40.73460591248288,18.81158110620648,10.888101212645315,337.4141295080148,15.116608065707286,5.687386274683562,0.0,0.0,21.61785715744265,0.0,19.80876518368787,13.139891848781026,0.0,11.761884949391115,66.19824350638702,104.41494715390009,71.75379808955888,9.818794524335445,18.13564521721843,56.35545454643341,0.0,14.52191432615304,0.0,28.798385809022097,62.78867793652084,147.59119593513313,0.0,11.126902983393991,14.938793199308895,17.062158824050687,0.0,23.36282483962363,87.66192765501108,16.56804755932016,10.114318268765572,22.34226179039182,131.1183083202678,5.022633313741326,11.126902983393991,0.0,128.13,26.54116820626032,23.32665243716633,0.0,22.188162071046293,17.196308543414126,61.481226745835386,23.259637120317212,36.027353223237554,79.65892438082096,38.03780413554421,11.600939890232516,28.78843137939308,7.7471015010764255,32.1047204942583,16.150232351821344,4.447439989755548,-0.1867619471493864,36.45286597584519,0.7043110809325581,4.828433655185808,-0.50899670334109,0.2619047619047619,56,2,11,0,1,1,1,5,0,5,1,0,10,2,14,1,16,0,1,1,0,0,13.683613267000528,6,7.880600000000009,226.31609999999944,0,0,0,0,0,0,0,0,0,0,1,1,0,0,0,4,2,0,0,0,0,0,0,0,0,0,0,1,0,2,0,0,0,0,5,0,0,0,0,0,0,0,0,0,1,0,0,0,0,0,0,0,0,0,0,0,0,0,1,1,0,0,0,0,0,0,0,0,0,0,1,0,0,0,0,1,1,0,0,0,0,0,0,0,0,CHEMBL376408,CN(C)CC[C@H](CSc1ccccc1)Nc1ccc(S(=O)(=O)NC(=O)c2ccc(N3CCN(Cc4ccccc4-c4ccc(Cl)cc4)CC3)cc2)cc1[N+](=O)[O-],0.3,-0.5228787452803376,CHEMBL3883288,Bcl-xL/Bcl-2-binding component 3,2,Large-Polar-Aromatic-Flexible-Hydrophobic,Large-Polar-Aromatic-Flexible-Hydrophobic
13.521351026613171,13.521351026613171,0.0390841047453709,-0.6558192779692715,0.0711286155991402,12.461538461538462,700.7880000000005,660.4680000000002,700.2784662400001,266,0,0.2553474181653433,-0.5066387768713523,0.5066387768713523,0.2553474181653433,0.5192307692307693,0.8653846153846154,1.2115384615384617,16.309400833469066,9.868955981324415,2.2794967837006936,-2.2054172987769016,2.50518657653806,-2.2747714412289564,6.157257063359021,0.0941385902813677,3.130892118444427,1.41083034211972,2190.6201607623966,37.429627983529606,29.151596023334584,29.151596023334584,24.79350921103065,16.88631152845131,16.88631152845131,13.306496541593312,13.306496541593312,9.713137630330934,9.713137630330934,6.816191268521652,6.816191268521652,-6.419999999999998,263177158525.62183,35.40762517079458,14.06743656474558,6.346376395286384,299.80360702560534,41.27274157705689,11.49902366656781,22.99804733313562,0.0,11.814359458703011,0.0,9.589074368143644,0.0,0.0,0.0,74.51114508399735,72.20256073233847,45.76131265307832,11.126902983393991,40.22823873718787,33.359256316562195,0.0,10.633577208012662,0.0,39.53076089108528,13.08951281182515,118.30984790864456,0.0,45.62397398309742,10.633577208012662,0.0,34.49707099970343,0.0,55.543036639572385,0.0,13.847474399381248,68.65306981002965,84.92913895846256,0.0,32.671799841253176,0.0,179.57999999999998,34.81240679183863,40.22823873718787,0.0,80.2230513953629,11.126902983393991,23.259637120317212,0.0,25.980208536304467,74.51114508399735,10.633577208012662,0.0,0.0,0.0,27.042702053226343,72.71922686651271,2.7072807041236273,-4.734377573829464,24.59361290835596,0.0,7.671555041610818,0.0,0.1904761904761904,52,8,10,0,0,0,2,6,0,6,2,0,8,8,10,0,9,0,0,0,0,0,9.57874078843157,6,7.577440000000009,200.73319999999973,0,0,0,0,0,0,0,6,0,0,2,2,0,0,0,0,2,0,0,0,0,0,0,0,0,0,0,2,0,0,2,0,0,0,6,0,2,0,0,0,0,0,0,0,0,0,0,0,0,0,0,0,0,0,0,0,0,0,0,0,0,0,0,0,0,6,6,0,0,0,0,0,0,0,0,0,0,0,0,0,0,0,0,0,0,CHEMBL1094250,Cc1cc2c(C(=O)NC[C@H](C)c3ccccc3)c(O)c(O)cc2c(O)c1-c1c(C)cc2c(C(=O)NC[C@H](C)c3ccccc3)c(O)c(O)cc2c1O,180.0,2.255272505103306,CHEMBL4361,Induced myeloid leukemia cell differentiation protein Mcl-1,2,Large-Polar-Aromatic-Flexible-Hydrophobic,Large-Polar-Aromatic-Flexible-Hydrophobic
14.71630915580619,14.71630915580619,0.065466340956156,-1.143887424591581,0.0423285942496423,12.313432835820896,1004.0819999999998,928.4819999999996,1002.4901860800002,374,0,0.3172823151363103,-0.4812294212221436,0.4812294212221436,0.3172823151363103,0.6119402985074627,1.1492537313432836,1.7014925373134329,79.91873186878217,10.02088418960606,2.3451607666527488,-2.41122041122945,2.1988880366575154,-2.5979296447976683,9.103010857633976,-0.1378633118498449,3.2748778401101823,2.670891468807973,1808.982071482107,49.56369191775275,39.26572397689408,40.85172051600878,31.97938105903228,23.36438428362935,24.1573825531867,17.18052964615341,18.096205174945094,11.137679372107955,11.66634488514619,7.541074078485142,7.805406835004259,-5.63,89462177839748.11,57.4972385217658,32.94331788964281,25.752360696797066,403.34676297586225,63.38094082974472,0.0,0.0,5.907179729351506,0.0,36.06306862525599,14.383611552215466,19.178148736287287,0.0,0.0,78.66280939948788,99.9305158016513,75.59032005514644,12.08368165829592,43.77481507818416,57.900192252556835,0.0,35.96688360857676,23.11890847764795,121.8644996077893,52.358051247300594,70.1969261153809,0.0,0.0,38.46815684751188,19.178148736287287,0.0,15.929943897949348,137.36660607158487,27.22525479806748,5.917906046161393,102.0242368578874,59.0700231319869,0.0,0.0,0.0,295.84999999999997,66.51659246497738,43.77481507818416,0.0,64.95182492717949,70.37399184139463,22.020444122152412,14.69972919255143,0.0,54.59730361615449,51.04457271335592,17.201002431486554,0.9270838073107744,3.4468164307808458,95.60449213643048,31.007066956551824,19.17225042182285,-2.5531790609710985,12.315550144790684,4.216646027905659,4.613273135377987,0.0,0.5957446808510638,67,12,19,0,0,0,9,2,0,2,3,0,8,9,20,0,34,0,0,0,0,3,28.270892632823095,2,4.99360000000001,261.0185999999994,2,0,0,0,0,0,0,0,2,2,7,5,0,0,0,3,4,3,0,0,0,0,0,0,0,0,0,9,0,0,2,0,0,0,2,0,0,0,0,0,0,0,0,0,1,0,0,0,0,0,0,0,0,0,0,0,0,0,0,0,0,0,0,0,0,0,0,0,0,0,0,2,0,0,0,0,0,0,0,0,0,0,0,1,4,CHEMBL593825,CC(C)CCCNC(=O)N(CC(CCC(=O)O)NC(N)=O)C(CCCCN)CN(C(=O)NCCCc1ccc(Br)cc1)C(CCC(=O)O)CN(CCC(N)=O)C(=O)NCCCc1ccccc1,20000.0,4.301029995663981,CHEMBL5023,p53-binding protein Mdm-2,2,Large-Polar-Aromatic-Flexible-Hydrophobic,Large-Polar-Aromatic-Flexible-Hydrophobic
14.79235801196705,14.79235801196705,0.0831955190723214,-1.1560398948536352,0.0342193728819842,12.157142857142857,1102.9679999999996,1032.4079999999994,1100.3693980199998,384,0,0.3172929678996095,-0.4812294212221436,0.4812294212221436,0.3172929678996095,0.5428571428571428,1.042857142857143,1.5857142857142856,79.91976312503884,10.021041927991517,2.3455360379185044,-2.411170319124502,2.2010909243010195,-2.5982827162835735,9.10451480190803,-0.1378633040449402,3.3192922496764767,2.086832708381196,2087.850992031619,51.262362530502024,39.66863247628564,42.84062555451504,33.53502395169809,23.665338286930034,25.25133482604473,17.020920451547827,18.852271509131207,11.506360661176243,12.563691687252712,7.800286011594684,8.328951524632918,-5.930000000000001,547323737640408.9,58.38372123016512,32.800670071937596,24.06939836083271,426.8116363299812,63.38094082974472,0.0,0.0,5.907179729351506,0.0,36.06306862525599,14.383611552215466,19.178148736287287,0.0,0.0,92.87801303497922,105.28797376118412,80.06303957097886,12.08368165829592,43.77481507818416,73.83013615050619,0.0,35.96688360857676,17.201002431486554,101.59620358548204,52.358051247300594,104.49856539675676,0.0,0.0,38.46815684751188,19.178148736287287,0.0,31.859887795898697,137.36660607158487,33.646076420993495,0.0,80.8985707043511,87.80821092166578,0.0,0.0,0.0,295.84999999999997,66.51659246497738,43.77481507818416,0.0,77.91740295601808,51.49050776639466,25.635793506755817,14.69972919255143,0.0,78.86277189000094,53.12704221192403,17.201002431486554,1.815529224177709,6.875220109926014,96.1042286897979,31.09137043250654,20.15617950248197,-2.9620271860068037,19.684154196764837,3.0050500335667154,0.2302949967851177,0.0,0.4897959183673469,70,12,19,0,0,0,9,3,0,3,3,0,8,9,21,0,33,0,0,0,0,3,27.357502537751785,3,5.562600000000007,274.7925999999996,2,0,0,0,0,0,0,0,2,2,7,5,0,0,0,3,4,3,0,0,0,0,0,0,0,0,0,9,0,0,2,0,0,0,3,0,0,0,0,0,0,0,0,0,2,0,0,0,0,0,0,0,0,0,0,0,0,0,0,0,0,0,0,0,0,0,0,0,0,0,0,2,0,0,0,0,0,0,0,0,0,0,0,1,4,CHEMBL593841,NCCCCC(CN(C(=O)NCCc1ccc(Br)cc1)C(CCC(=O)O)CN(CCC(N)=O)C(=O)NCCCc1ccc(Br)cc1)N(CC(CCC(=O)O)NC(N)=O)C(=O)NCCCc1ccccc1,13000.0,4.113943352306837,CHEMBL5023,p53-binding protein Mdm-2,2,Large-Polar-Aromatic-Flexible-Hydrophobic,Large-Polar-Aromatic-Flexible-Hydrophobic
13.799045070971166,13.799045070971166,0.0078479603244325,-5.992034133595279,0.2732915718951498,15.511627906976743,657.7580000000004,627.5180000000001,657.12488334,232,0,0.5014901630613527,-0.3803583914432106,0.5014901630613527,0.3803583914432106,0.9302325581395348,1.558139534883721,2.186046511627907,32.23373829086484,10.166053139992814,2.4822197528204324,-2.290260712673924,2.363386556912781,-2.389071854351448,7.989726158226008,-0.0435450643310893,2.9888487913601365,1.646887871022499,1600.8807644108972,31.089364901994134,22.78799286566301,25.23748260844619,20.365141533524863,13.187639741688097,17.13956479653037,9.615797781342389,14.301223042371351,6.572153845944615,10.60156256892972,4.259291174408654,7.275037527085842,-3.109999999999998,2303736167.8768854,32.79652501769316,14.116400269157792,8.723521703949237,252.32969739737752,10.05365155780638,4.895483475517775,0.0,0.0,25.76772401917659,5.508330501264255,9.6944469149223,21.557688833109964,13.17124514302446,11.761884949391115,36.39820241076966,48.88539110215728,41.887898620847245,23.796633679227178,39.53823924955421,43.21699524325127,0.0,9.622004595302563,0.0,32.65744337989155,43.917675357516686,84.42622338169795,0.0,0.0,10.03888346845842,18.858631417708025,0.0,11.761884949391115,77.79374151278242,24.597407243625135,0.0,16.778810298694825,93.54922231655428,0.0,0.0,0.0,121.88,52.796248575307914,34.80137629575416,0.0,5.563451491696996,51.08807544489797,17.028217612440997,36.027353223237554,10.788461932913698,30.33183534230805,10.216698334856808,4.736862953800049,99.86017796616989,1.444663235961677,13.457221135099395,2.9408720675802207,-6.111946975778742,-0.6419551673449186,18.50068556435967,0.4568671683274268,3.069338111634545,-10.725923106009164,0.3214285714285714,43,2,9,0,1,1,1,3,0,3,1,0,9,2,15,1,12,0,1,1,0,0,10.766718013655908,4,4.393900000000004,157.22949999999963,0,0,0,0,0,0,0,0,0,0,1,1,0,0,0,1,2,0,0,0,0,0,0,0,0,3,0,1,0,1,0,0,0,0,3,0,0,0,0,0,0,1,0,0,3,0,0,0,0,0,0,0,0,0,0,0,1,0,0,0,0,0,0,0,0,0,0,0,0,0,0,0,0,0,0,1,1,1,0,0,0,0,0,0,0,CHEMBL3126116,O=C(NS(=O)(=O)c1ccc(N[C@H](CCN2CCOCC2)CSc2ccccc2)c(S(=O)(=O)C(F)(F)F)c1)c1ccccc1,150.0,2.1760912590556813,CHEMBL4625,Apoptosis regulator Bcl-X,2,Large-Polar-Aromatic-Flexible-Hydrophobic,Large-Polar-Aromatic-Flexible-Hydrophobic
13.637892026460404,13.637892026460404,0.0089501262192455,-4.358456476075298,0.2848093472162925,11.75,582.6560000000003,556.4480000000002,582.113057792,208,0,0.3238784087860352,-0.4798953607205573,0.4798953607205573,0.3238784087860352,0.575,0.9,1.2,32.2348621391145,10.064890847261715,2.3180204115591425,-2.2774371679388556,2.3805995931830286,-2.3685145684346267,7.928324316725512,-0.1357492332754447,2.9005249303464287,1.948117454049257,1667.8762026020945,29.24191172926026,21.551958036738597,23.18495119859405,18.817441467605484,11.96306940528907,14.843196062890351,9.086341370297191,12.810961922356311,6.191123080112566,9.739035594537738,4.222131034382468,7.088244038056839,-4.419999999999999,452917756.8163759,28.584557595576072,10.9846285281518,5.628270762543817,231.3696395794563,10.213054789681411,13.08951281182515,0.0,0.0,20.046582306815168,11.938610575903695,18.199506350736108,16.835593968657875,0.0,0.0,59.65783953108687,50.245676810150904,10.772448428929591,21.165739500402672,36.637723126482925,54.13241386101558,0.0,0.0,0.0,23.6384413504168,21.69994479441762,96.05604194185656,0.0,0.0,8.610431982592466,11.374772549367124,0.0,0.0,52.07677214606812,29.63565667495881,13.847474399381248,11.126902983393991,94.72010590949812,0.0,10.772448428929591,0.0,149.36,45.074705694544015,36.637723126482925,0.0,31.938187929332265,0.0,19.737334965986456,48.53093654769288,50.245676810150904,0.0,0.0,0.0,56.027999894351325,0.0,23.355688312070267,19.64235227652061,1.6058870580481308,-2.808709475882994,20.633298876283952,0.0,1.7603960107593255,-8.716912952150594,0.1428571428571428,40,2,10,0,0,0,0,4,0,4,0,0,6,2,12,0,10,0,0,0,0,0,7.849768670724079,4,4.016440000000002,150.64119999999974,2,0,0,0,0,0,0,0,2,2,2,0,0,0,0,2,0,0,0,0,0,0,0,0,0,0,0,0,0,2,2,0,0,0,4,0,1,0,0,0,0,0,0,0,0,0,0,0,0,0,0,0,0,0,0,0,0,0,0,0,0,0,0,0,0,0,0,0,0,0,0,0,0,0,0,0,2,0,0,0,0,0,0,0,0,CHEMBL3601208,Cc1ccc(S(=O)(=O)N(CC(=O)O)c2ccc(N(CC(=O)O)S(=O)(=O)c3ccc(C)cc3)c3ccccc23)cc1,18.1,1.2576785748691846,CHEMBL3038498,Keap1/Nrf2,2,Large-Polar-Aromatic-Flexible-Hydrophobic,Large-Polar-Aromatic-Flexible-Hydrophobic
14.113197005747548,14.113197005747548,0.0800307354286322,-4.015080264030533,0.0753646130439918,15.379310344827584,825.4359999999999,776.0439999999998,824.323515348,304,0,0.27030157790682,-0.3679830724373574,0.3679830724373574,0.27030157790682,0.7931034482758621,1.4482758620689655,2.1206896551724137,35.49569374612997,9.954755797855656,2.271730745934444,-2.3726113792797308,2.402260844667289,-2.4610207370751813,7.923394716380391,-0.3846168744596631,3.49656385953961,1.0550418892093567,2370.925230191897,40.97575176901274,33.026514688878194,34.59894021582437,27.873050918706433,19.49736966188214,21.358497382485755,14.93556076662837,17.054398788509875,11.16747976038918,12.798423408947796,7.771064137525192,8.994903941172476,-5.409999999999998,8285006327590.587,40.77436727859783,17.61000208567065,9.152300929828437,344.55898025012317,29.4835271751996,0.0,0.0,0.0,21.61785715744265,0.0,19.63095031728948,8.417796984328938,0.0,0.0,41.93277523254056,92.6611938107549,111.42538539715106,21.0761740108809,18.13564521721843,50.28095587172586,0.0,19.68370771349864,7.04767198267719,18.24004229813441,87.01715036795599,123.45620416443816,0.0,22.384282469939446,19.838702930159375,22.74954509873425,0.0,11.600939890232516,106.11044291379336,17.070963136084774,17.038055468456196,22.472738293543287,101.95735657090356,5.022633313741326,22.384282469939446,0.0,136.30000000000004,14.946602202225254,23.32665243716633,0.0,16.49004947955284,22.81822748603446,110.84297935875584,18.19910120538483,12.13273413692322,50.36961159313747,65.51876229617531,11.600939890232516,30.53689877350806,6.30862923100365,33.87884355824423,15.050592475755376,7.414484228099326,-0.0800307354286322,28.272194223064893,0.8828028750980527,10.78196187398681,0.1480679411126826,0.3255813953488372,58,2,13,0,2,2,1,4,1,5,0,0,10,2,15,3,13,0,2,2,0,0,12.379942979620845,7,6.723820000000007,231.69209999999936,0,0,0,0,0,1,0,0,0,0,1,1,0,0,0,6,2,0,0,1,0,0,0,0,0,0,0,1,0,3,0,0,0,0,4,0,0,0,0,0,0,0,0,0,1,0,0,0,0,0,0,0,0,0,0,0,0,0,1,1,1,0,0,0,0,0,0,0,0,0,2,0,0,0,0,0,1,0,0,0,0,0,0,0,0,CHEMBL2170852,Cc1c(C(=O)NCCCN2CCN(C)CC2)c(-c2cccc(N3CCN(c4ccc(NS(=O)(=O)c5cccc([N+](=O)[O-])c5)cc4)CC3)c2)c(-c2ccc(Cl)cc2)n1C,117.0,2.0681858617461617,CHEMBL4860,Apoptosis regulator Bcl-2,2,Large-Polar-Aromatic-Flexible-Hydrophobic,Large-Polar-Aromatic-Flexible-Hydrophobic
13.513893765212906,13.513893765212906,0.0973767230640647,-4.1266150118434695,0.0548543417749067,13.724137931034482,838.456,794.1039999999998,837.2533871879999,300,0,0.2931983039215945,-0.3758658713439442,0.3758658713439442,0.2931983039215945,0.8620689655172413,1.5689655172413792,2.2586206896551726,35.495694071525946,10.015163764124,2.2449761915334747,-2.3721947750310446,2.352713830001196,-2.460969720464923,7.989633878067702,-0.3836930447539343,3.729192911012772,0.9737798495578436,2424.495066684231,40.649478355379685,32.12322387423366,34.512145982107555,28.0180102088493,18.836461086437502,21.683187366694597,14.245619623210754,17.45787063381144,9.91846172889382,12.723939831490524,6.79839279427382,8.995810226142659,-5.539999999999999,10809989622704.996,40.64903387422813,18.368010545635183,10.11685190064402,347.54515093603453,24.53961273353111,5.687386274683562,5.7602474188744415,0.0,15.710677428091143,0.0,14.83641313321766,8.417796984328938,0.0,11.761884949391115,47.089438489666016,117.55351244435256,82.14726572471044,16.01563809594852,17.864202970119955,61.823047366449025,0.0,10.056572987975922,0.0,22.25362940310952,72.41068253182341,142.6611365233522,0.0,22.450601893965427,19.838702930159375,28.43693137341781,0.0,23.36282483962363,82.01150145193454,10.023291153407584,10.114318268765572,6.4208216229260096,141.8382468288542,5.022633313741326,22.450601893965427,0.0,137.09,14.946602202225254,18.53211525309451,0.0,22.31209685403286,22.22312061404612,78.17158122092638,12.13273413692322,30.091462657927412,92.95811585535532,42.02801005505851,16.124034827205865,35.25909647329894,7.756318728875831,19.25292645054618,20.28332385577265,5.201156513357377,1.360222687173377,36.88242667192829,2.4749331400455956,3.8907802572949617,-0.1667403338487503,0.2325581395348837,58,2,12,0,1,1,0,5,1,6,1,0,11,2,15,2,16,0,1,1,0,0,12.873135911581103,7,9.2221,234.90559999999945,0,0,0,0,0,1,0,0,0,0,0,0,0,0,0,5,2,0,0,0,0,0,0,0,0,0,0,0,0,4,0,0,0,0,5,0,0,0,0,0,0,0,0,0,1,0,0,0,0,0,0,0,0,0,0,0,0,0,1,1,0,0,0,0,0,0,0,0,0,0,1,0,0,0,0,1,1,0,0,0,0,0,0,0,0,CHEMBL2326038,CN(C)CC[C@H](CSc1ccccc1)Nc1ccc(S(=O)(=O)Nc2ccc(N3CCN(c4cccc(-c5cnoc5-c5ccc(Cl)cc5)c4)CC3)cc2)cc1[N+](=O)[O-],22.0,1.3424226808222062,CHEMBL4625,Apoptosis regulator Bcl-X,2,Large-Polar-Aromatic-Flexible-Hydrophobic,Large-Polar-Aromatic-Flexible-Hydrophobic
14.33931157913762,14.33931157913762,0.126511183507304,-4.189941442867075,0.0106698392986013,14.066666666666666,1081.8069999999996,1012.2549999999992,1080.448064228,400,0,0.2931983039215945,-0.3936873586288401,0.3936873586288401,0.2931983039215945,0.8266666666666667,1.5333333333333334,2.2266666666666666,35.495694977087645,9.957118389953212,2.2642061059199334,-2.317959188710824,2.388055178138515,-2.4473668113381795,7.989647789154422,-0.3836936813986323,3.805302765767509,0.9940179888944202,2904.260545026111,53.32284046281709,42.75185558391556,45.14077769178946,36.14823916418508,25.211532638857634,28.058258919114735,18.956653570294524,22.1689045808952,12.921735858209727,15.727213960806427,8.721044473893196,10.918461905762038,-6.159999999999998,2.5151600510918136e+16,56.564634145575056,27.57431275375235,16.665093315003546,449.412888706474,50.74703804604952,11.381314269532025,0.0,0.0,21.61785715744265,0.0,19.63095031728948,8.417796984328938,0.0,11.761884949391115,54.06550936946379,137.41830143356808,114.52313491997384,22.529642876596665,28.34870000689984,67.73022709580053,0.0,24.58361744434912,0.0,47.74399544262242,113.07801984897556,148.35506451820066,0.0,22.253805966787983,25.98924928047741,28.43693137341781,0.0,23.36282483962363,153.2795377819231,16.56804755932016,10.114318268765572,29.75093004769831,137.31515189188087,5.022633313741326,22.253805966787983,0.0,209.61,21.050568589973555,33.53970722684774,0.0,46.93436644550685,49.06926216191288,90.27978911853596,12.13273413692322,36.027353223237554,108.62196880561024,42.83674072485555,11.600939890232516,31.611129701581294,7.9672742340572835,33.71895041333346,46.243123227096135,5.43295192615103,0.4182550867868959,35.75918879967523,2.743389189062451,7.09003771418233,1.876810819185014,0.3636363636363636,75,7,17,0,1,1,1,5,1,6,2,0,15,7,20,2,28,0,1,1,0,0,20.796412169755545,7,8.34360000000001,303.9848000000001,0,2,2,0,0,1,0,0,0,0,1,1,0,0,0,5,5,0,0,1,0,0,0,0,0,0,0,1,0,4,1,0,0,0,5,0,0,0,0,0,0,0,0,0,1,0,0,0,0,0,0,0,0,0,0,0,0,0,1,1,0,0,0,0,0,0,0,0,0,0,1,0,0,0,0,1,1,0,0,0,0,0,0,0,0,CHEMBL2063887,CN(C)CC[C@H](CSc1ccccc1)Nc1ccc(S(=O)(=O)Nc2ccc(NCCNc3cccc(-c4c(-c5ccc(Cl)cc5)cn(CC[C@H](O)CO)c4C(=O)NCCCN4CCN(C)CC4)c3)cc2)cc1[N+](=O)[O-],44.1,1.6444385894678386,CHEMBL4625,Apoptosis regulator Bcl-X,2,Large-Polar-Aromatic-Flexible-Hydrophobic,Large-Polar-Aromatic-Flexible-Hydrophobic
13.618759373399175,13.618759373399175,0.0268672233266837,-4.383727679231115,0.2354530232999099,11.75,712.3940000000001,692.234,709.9027818000002,208,0,0.3238784087860928,-0.4798953607205573,0.4798953607205573,0.3238784087860928,0.575,0.9,1.2,79.91976220464167,10.064896257615237,2.3184680705943643,-2.2771746598748623,2.382303849969402,-2.368409269951179,9.104507060507704,-0.1357492335266515,2.9005249303464287,1.9481174540492576,1678.270707748039,29.24191172926026,20.307886982757054,25.112873222841912,18.817441467605484,11.341033878298292,15.80715707501428,8.36807661238993,13.924048222032424,5.776432728785383,10.381676269287032,4.014785858718878,7.409564375431483,-3.459999999999998,452917756.8163759,29.520931700903333,11.568505481281832,5.989977612624591,246.37485056194575,10.213054789681411,13.08951281182515,0.0,0.0,20.046582306815168,11.938610575903695,18.199506350736108,16.835593968657875,0.0,0.0,56.12535606974514,60.6636706846161,19.71788746059442,21.165739500402676,36.637723126482925,85.99230165691428,0.0,0.0,0.0,9.79096695103555,21.69994479441762,93.8745779901274,0.0,0.0,8.610431982592466,11.374772549367124,0.0,31.859887795898697,52.07677214606812,29.63565667495881,0.0,0.0,103.66554494116296,0.0,10.772448428929591,0.0,149.36,45.074705694544015,36.637723126482925,0.0,31.93818792933227,8.945439031664828,8.610431982592466,72.79640482153933,12.13273413692322,0.0,31.859887795898697,0.0,57.15403736960973,6.482570674690151,23.266368584179112,19.587167091335424,-0.0537344466533675,-2.8348810556260022,20.003684886002343,0.0,-1.8377577450751488,-8.76745535846223,0.0769230769230769,40,2,10,0,0,0,0,4,0,4,0,0,6,2,14,0,10,0,0,0,0,0,8.537826504861169,4,4.924600000000003,156.56719999999976,2,0,0,0,0,0,0,0,2,2,2,0,0,0,0,2,0,0,0,0,0,0,0,0,0,0,0,0,0,2,0,0,0,0,4,0,1,0,0,0,0,0,0,0,2,0,0,0,0,0,0,0,0,0,0,0,0,0,0,0,0,0,0,0,0,0,0,0,0,0,0,0,0,0,0,0,2,0,0,0,0,0,0,0,0,CHEMBL3601211,O=C(O)CN(c1ccc(N(CC(=O)O)S(=O)(=O)c2ccc(Br)cc2)c2ccccc12)S(=O)(=O)c1ccc(Br)cc1,36.5,1.5622928644564746,CHEMBL3038498,Keap1/Nrf2,2,Large-Polar-Aromatic-Flexible-Hydrophobic,Large-Polar-Aromatic-Flexible-Hydrophobic
13.235846322214512,13.235846322214512,0.1326573034949825,-4.402880144849861,0.0873917749195947,13.93877551020408,700.8870000000002,660.567,700.2501603799999,256,0,0.2931983166921879,-0.3758658713437935,0.3758658713437935,0.2931983166921879,1.0408163265306123,1.7755102040816326,2.4285714285714284,32.2332997337974,10.00594068700272,2.252746063027222,-2.302324008266138,2.3033552702183147,-2.314931077060994,7.989593778520832,-0.383694128341397,3.101737786740357,1.225659945201589,1861.3619918022132,34.80454337268845,27.48864472896597,29.12163789082142,23.56852046606613,15.96410566560716,18.432867472855033,12.05082361938376,14.826638849512449,8.137564659172265,10.64075959198326,5.453404655306451,7.440373494339677,-4.72,68417465499.24757,35.58341236463079,16.59472976121961,10.140800664580468,291.18892246802466,15.116608065707286,5.687386274683562,0.0,0.0,21.61785715744265,0.0,19.8928339737846,13.139891848781026,0.0,11.761884949391115,35.91459291074959,100.0633203478965,59.49058270130598,9.818794524335445,18.13564521721843,50.83053476303477,0.0,14.605983116249773,0.0,35.09527264896154,49.699165124695696,124.13715188391755,0.0,0.0,14.938793199308895,17.062158824050687,0.0,11.761884949391115,74.65648363328265,10.023291153407584,10.114318268765572,35.18390503624384,112.68689758279352,0.0,6.076020106833881,0.0,137.78,20.85378193157676,23.32665243716633,0.0,27.875548345729857,12.1736752296728,54.68860077394969,17.705838666992488,42.224196794850634,67.6566667470492,25.998791827089985,0.0,28.5413905129948,1.633705437455876,33.62101859681033,15.358914360943963,3.343136205016573,-0.1761342152119187,24.08040836254171,8.279940096158942,2.3881638589289618,-0.4872098823059123,0.2777777777777778,49,2,11,0,1,1,1,3,1,4,1,0,10,2,13,2,14,0,1,1,0,0,12.050961472920172,5,6.316800000000007,195.5990999999995,0,0,0,0,0,1,0,0,0,0,1,1,0,0,0,4,2,0,0,0,0,0,0,0,0,0,0,1,0,2,0,0,0,0,3,0,0,0,0,0,0,0,0,0,0,0,0,0,0,0,0,0,0,0,0,0,0,0,1,1,0,0,0,0,0,0,0,0,0,1,0,0,0,1,0,1,1,0,0,0,0,0,0,0,0,CHEMBL374941,CN(C)CC[C@H](CSc1ccccc1)Nc1ccc(S(=O)(=O)NC(=O)c2ccc(N3CCC(=Cc4cccnc4)CC3)cc2)cc1[N+](=O)[O-],2800.0,3.447158031342219,CHEMBL4625,Apoptosis regulator Bcl-X,2,Large-Polar-Aromatic-Flexible-Hydrophobic,Large-Polar-Aromatic-Flexible-Hydrophobic
13.59220330691075,13.59220330691075,0.0079119434224057,-4.386021510882778,0.3030003875087519,11.666666666666666,571.6330000000003,546.4330000000003,571.10830676,204,0,0.3239377481693431,-0.4967671120137434,0.4967671120137434,0.3239377481693431,0.7948717948717948,1.2820512820512822,1.7692307692307692,32.23486150468972,10.118797670957814,2.3107897697820383,-2.256470758179346,2.359334119823101,-2.3636442611177517,7.927854591688521,-0.1347360299831319,2.9457387703652533,1.851520391708965,1723.831197641893,28.371668241257183,21.175749276826288,22.80874243868174,18.499604222409697,11.39731299215759,14.27743964975887,8.241640815761931,12.073210849744,5.9726586338036025,9.508510733392583,3.919275277585929,6.508022312803396,-4.359999999999999,369406764.9133997,27.668819364842385,10.787190366779182,5.309656598843465,225.4956800527802,14.580253302440804,18.043780072480384,5.817862777835028,0.0,20.046582306815168,5.969305287951848,9.099753175368054,26.124788480901316,0.0,0.0,24.26546827384644,48.53093654769288,17.82012041160678,35.89479187988725,36.2103844551705,48.293585076215194,0.0,4.983978520947208,0.0,9.79096695103555,36.4224554537373,78.99324839315241,0.0,11.49902366656781,18.084157890192564,11.50524905251859,11.49902366656781,0.0,60.70742864354246,24.84111949088699,0.0,0.0,88.78421534418797,0.0,10.772448428929591,0.0,143.41,32.56064400067959,26.7366585475704,0.0,26.682440218018936,21.19046387232884,4.305215991296233,75.99504718453822,24.26546827384644,0.0,4.983978520947208,9.473725907600098,65.88017473845989,0.0,15.87047143148235,10.162557786981418,0.1687856384136148,-0.6513964394351692,17.77699216421567,1.2054880532459895,-0.9120142391056718,-4.167725800924751,0.1538461538461538,39,1,11,0,0,0,0,3,1,4,0,0,8,1,13,1,10,0,0,0,0,0,7.653046710579002,4,3.357000000000002,145.4873999999998,1,0,0,0,0,1,0,0,1,1,1,0,0,0,0,3,0,0,0,0,0,0,0,0,0,0,0,0,0,2,0,0,0,0,3,0,1,0,0,0,0,2,0,0,0,0,0,0,0,0,0,0,0,0,0,2,0,0,0,0,0,0,0,0,0,0,0,0,0,0,0,0,0,1,0,0,2,0,0,0,0,0,0,0,0,CHEMBL4635609,COc1ccc(S(=O)(=O)N(C)c2cnc(N(CC(=O)O)S(=O)(=O)c3ccc(OC)cc3)c3ccccc23)cc1,1000.0,3.0,CHEMBL3038498,Keap1/Nrf2,2,Large-Polar-Aromatic-Flexible-Hydrophobic,Large-Polar-Aromatic-Flexible-Hydrophobic
14.143100654993932,14.143100654993932,0.0762507255350872,-4.726902983595232,0.2360139000200216,13.958333333333334,739.5640000000001,715.3720000000002,738.014771568,252,0,0.3238784164214274,-0.4860983274447725,0.4860983274447725,0.3238784164214274,0.6041666666666666,0.9375,1.2708333333333333,35.496791274601144,10.064891605380192,2.353567820490548,-2.287718194873532,2.4351324564060857,-2.371366104310088,7.92965718640795,-0.1357492424630323,3.0448261371282643,1.5190052797502325,2041.8455588734191,34.37973993076495,24.45990619260019,27.604757246492554,22.783767962794265,13.97889766427194,17.61495326789167,10.312813312436084,14.78867788764924,7.302668316051077,11.751492306666568,5.270630768532266,9.157537457645851,-4.639999999999999,35208429073.39884,33.26814548454826,12.75954629667194,6.069198213421936,283.1485748729819,29.160506604881608,49.30800762091236,22.99804733313562,0.0,20.046582306815168,11.938610575903695,18.199506350736108,16.835593968657875,0.0,0.0,47.46734805431147,12.13273413692322,35.03791670277603,21.420039176849777,55.58517494168312,77.33429364148061,0.0,0.0,0.0,9.79096695103555,48.12747265246929,70.70893731209875,0.0,22.99804733313562,27.557883797792663,11.374772549367124,22.99804733313562,23.20187978046503,78.5043000041198,29.63565667495881,0.0,0.0,70.45463763565166,10.045266627482652,10.772448428929591,0.0,186.27999999999997,54.865672645579565,36.637723126482925,0.0,81.61806279696667,8.610431982592466,12.13273413692322,48.53093654769288,0.0,0.0,0.0,42.14933159566523,79.74389914244844,12.734772709891123,23.197643302131677,19.246287165426217,-0.3189988616437622,-2.419642385585731,13.045521344098606,0.0,-1.3867875606872335,-9.453805967190462,0.2,48,2,14,0,2,2,0,4,0,4,0,0,10,2,18,2,10,0,0,0,0,0,8.843467552385647,6,4.248800000000003,173.16719999999967,2,0,0,0,0,0,0,0,2,2,2,0,0,0,0,2,0,0,0,0,0,0,0,0,0,0,0,0,0,2,0,0,0,0,4,0,3,0,0,0,0,4,0,0,2,0,0,0,0,0,0,0,0,0,0,0,0,0,0,0,0,0,0,0,0,0,0,0,0,0,0,0,0,0,0,0,2,0,0,0,0,0,0,0,0,CHEMBL4860663,O=C(O)CN(c1ccc(N(CC(=O)O)S(=O)(=O)c2cc3c(cc2Cl)OCCO3)c2ccccc12)S(=O)(=O)c1cc2c(cc1Cl)OCCO2,8.9,0.9493900066449128,CHEMBL3038498,Keap1/Nrf2,2,Large-Polar-Aromatic-Flexible-Hydrophobic,Large-Polar-Aromatic-Flexible-Hydrophobic
13.282941877658452,13.282941877658452,0.111832858421877,-4.447775431347723,0.0894637020512913,14.528301886792454,780.9950000000002,736.643,780.2433607480001,282,0,0.2931983166921879,-0.3758658713437935,0.3758658713437935,0.2931983166921879,0.9056603773584906,1.5660377358490567,2.207547169811321,32.23365434472649,10.134723841351724,2.2583994690809415,-2.3599808417186914,2.301981026985864,-2.4564352390665967,7.989667175362212,-0.3836943759524402,3.1277954138144706,1.205323460165178,2108.304114087851,38.174786860691526,29.84314611235448,32.292635855137654,25.19052893399427,16.99452662674291,21.354699972049037,13.117915252816807,17.87788794252476,8.815012078189689,12.515421634007792,5.961155795614328,8.882741906117086,-4.4799999999999995,306988526961.05994,39.721370210253205,17.563291983290934,11.021317479286845,315.0441095712523,15.116608065707286,5.687386274683562,9.837253136417502,0.0,21.61785715744265,0.0,19.80876518368787,21.557688833109964,0.0,11.761884949391115,36.39820241076966,87.22167710204447,72.98693395932897,14.71427799985322,26.55344220154737,54.59176779261839,0.0,14.52191432615304,0.0,33.69386928453987,69.04444712003225,118.30309434754535,0.0,0.0,14.938793199308895,17.062158824050687,0.0,11.761884949391115,102.33549382285142,26.40530069573766,10.114318268765572,22.34226179039182,111.74832352193911,0.0,0.0,0.0,162.27,41.2739048181956,31.74444942149527,0.0,17.292678595528518,49.79294073475344,28.757444716272516,30.521237457357845,36.027353223237554,66.18191803988822,15.116608065707286,0.0,53.03346557855674,1.620114803395002,31.91270154654587,15.37784728268824,1.4971019533463936,-0.2360577338352693,26.796508310113307,1.901753754409902,3.990256810974956,-3.8936923061951463,0.3243243243243243,53,2,13,0,1,1,1,4,0,4,1,0,12,2,16,1,16,0,1,1,0,0,13.162981565642855,5,4.963700000000005,208.97989999999945,0,0,0,0,0,0,0,0,0,0,1,1,0,0,0,4,2,0,0,0,0,0,0,0,0,0,0,1,0,2,0,0,0,0,4,0,0,0,0,0,0,0,0,0,0,0,0,0,0,0,0,0,0,0,0,0,0,0,1,1,0,0,0,0,0,0,0,0,0,0,1,0,0,0,0,1,1,1,0,0,0,0,0,0,0,CHEMBL437148,CN(C)CC[C@H](CSc1ccccc1)Nc1ccc(S(=O)(=O)NC(=O)c2ccc(N3CCN(Cc4ccccc4S(C)(=O)=O)CC3)cc2)cc1[N+](=O)[O-],170.0,2.230448921378274,CHEMBL4625,Apoptosis regulator Bcl-X,2,Large-Polar-Aromatic-Flexible-Hydrophobic,Large-Polar-Aromatic-Flexible-Hydrophobic
